ISO-10303-21;
HEADER;
FILE_DESCRIPTION(('FreeCAD Model'),'2;1');
FILE_NAME('Open CASCADE Shape Model','2026-08-24T06:01:58',('Author'),(
    ''),'Open CASCADE STEP processor 7.8','FreeCAD','Unknown');
FILE_SCHEMA(('AUTOMOTIVE_DESIGN { 1 0 10303 214 1 1 1 1 }'));
ENDSEC;
DATA;
#1 = APPLICATION_PROTOCOL_DEFINITION('international standard',
  'automotive_design',2000,#2);
#2 = APPLICATION_CONTEXT(
  'core data for automotive mechanical design processes');
#3 = SHAPE_DEFINITION_REPRESENTATION(#4,#10);
#4 = PRODUCT_DEFINITION_SHAPE('','',#5);
#5 = PRODUCT_DEFINITION('design','',#6,#9);
#6 = PRODUCT_DEFINITION_FORMATION('','',#7);
#7 = PRODUCT('Caddy','Caddy','',(#8));
#8 = PRODUCT_CONTEXT('',#2,'mechanical');
#9 = PRODUCT_DEFINITION_CONTEXT('part definition',#2,'design');
#10 = ADVANCED_BREP_SHAPE_REPRESENTATION('',(#11,#15),#6956);
#11 = AXIS2_PLACEMENT_3D('',#12,#13,#14);
#12 = CARTESIAN_POINT('',(0.,0.,0.));
#13 = DIRECTION('',(0.,0.,1.));
#14 = DIRECTION('',(1.,0.,-0.));
#15 = MANIFOLD_SOLID_BREP('',#16);
#16 = CLOSED_SHELL('',(#17,#73,#122,#147,#178,#609,#650,#667,#705,#722,
    #774,#786,#844,#939,#972,#989,#1036,#1054,#1085,#1109,#1133,#1150,
    #1181,#1205,#1229,#1246,#1277,#1301,#1325,#1342,#1373,#1397,#1421,
    #1438,#1469,#1493,#1517,#1534,#1565,#1589,#1613,#1630,#1661,#1685,
    #1709,#1726,#1757,#1781,#1805,#1822,#1853,#1877,#1901,#1918,#1949,
    #1973,#1997,#2014,#2064,#2076,#2104,#2136,#2160,#2178,#2214,#2238,
    #2262,#2279,#2296,#2321,#2346,#2371,#2396,#2421,#2446,#2471,#2496,
    #2527,#2576,#2593,#2635,#2659,#2708,#2733,#2756,#2779,#2802,#2825,
    #2848,#2871,#2894,#2917,#2940,#2963,#2997,#3023,#3049,#3082,#3108,
    #3120,#3146,#3172,#3198,#3224,#3250,#3276,#3295,#3393,#3410,#3427,
    #3476,#3494,#3511,#3523,#3555,#3602,#3614,#3633,#3658,#3683,#3708,
    #3733,#3758,#3783,#3808,#3833,#3858,#3883,#3917,#3960,#3986,#4012,
    #4038,#4082,#4116,#4150,#4184,#4218,#4252,#4286,#4320,#4345,#4417,
    #4489,#4507,#4605,#4733,#4760,#4794,#4885,#4999,#5033,#5089,#5166,
    #5251,#5336,#5421,#5506,#5583,#5651,#5685,#5697,#5709,#5721,#5733,
    #5745,#5757,#5769,#5781,#5793,#5805,#5830,#5855,#5890,#5915,#5940,
    #5975,#5992,#6016,#6040,#6064,#6088,#6105,#6122,#6147,#6172,#6198,
    #6216,#6241,#6258,#6276,#6302,#6320,#6345,#6363,#6387,#6399,#6411,
    #6428,#6452,#6476,#6500,#6524,#6546,#6558,#6576,#6602,#6620,#6645,
    #6662,#6680,#6706,#6724,#6749,#6766,#6784,#6802,#6814,#6826,#6838,
    #6850,#6862,#6893,#6924,#6940));
#17 = ADVANCED_FACE('',(#18),#68,.F.);
#18 = FACE_BOUND('',#19,.F.);
#19 = EDGE_LOOP('',(#20,#30,#38,#46,#54,#62));
#20 = ORIENTED_EDGE('',*,*,#21,.F.);
#21 = EDGE_CURVE('',#22,#24,#26,.T.);
#22 = VERTEX_POINT('',#23);
#23 = CARTESIAN_POINT('',(-122.,2.,5.));
#24 = VERTEX_POINT('',#25);
#25 = CARTESIAN_POINT('',(-122.,24.197816181941,5.));
#26 = LINE('',#27,#28);
#27 = CARTESIAN_POINT('',(-122.,0.,5.));
#28 = VECTOR('',#29,1.);
#29 = DIRECTION('',(-0.,1.,0.));
#30 = ORIENTED_EDGE('',*,*,#31,.F.);
#31 = EDGE_CURVE('',#32,#22,#34,.T.);
#32 = VERTEX_POINT('',#33);
#33 = CARTESIAN_POINT('',(-122.,2.,0.));
#34 = LINE('',#35,#36);
#35 = CARTESIAN_POINT('',(-122.,2.,0.));
#36 = VECTOR('',#37,1.);
#37 = DIRECTION('',(0.,0.,1.));
#38 = ORIENTED_EDGE('',*,*,#39,.T.);
#39 = EDGE_CURVE('',#32,#40,#42,.T.);
#40 = VERTEX_POINT('',#41);
#41 = CARTESIAN_POINT('',(-122.,100.,0.));
#42 = LINE('',#43,#44);
#43 = CARTESIAN_POINT('',(-122.,0.,0.));
#44 = VECTOR('',#45,1.);
#45 = DIRECTION('',(-0.,1.,0.));
#46 = ORIENTED_EDGE('',*,*,#47,.T.);
#47 = EDGE_CURVE('',#40,#48,#50,.T.);
#48 = VERTEX_POINT('',#49);
#49 = CARTESIAN_POINT('',(-122.,100.,5.));
#50 = LINE('',#51,#52);
#51 = CARTESIAN_POINT('',(-122.,100.,0.));
#52 = VECTOR('',#53,1.);
#53 = DIRECTION('',(0.,0.,1.));
#54 = ORIENTED_EDGE('',*,*,#55,.F.);
#55 = EDGE_CURVE('',#56,#48,#58,.T.);
#56 = VERTEX_POINT('',#57);
#57 = CARTESIAN_POINT('',(-122.,77.,5.));
#58 = LINE('',#59,#60);
#59 = CARTESIAN_POINT('',(-122.,0.,5.));
#60 = VECTOR('',#61,1.);
#61 = DIRECTION('',(-0.,1.,0.));
#62 = ORIENTED_EDGE('',*,*,#63,.F.);
#63 = EDGE_CURVE('',#24,#56,#64,.T.);
#64 = LINE('',#65,#66);
#65 = CARTESIAN_POINT('',(-122.,0.,5.));
#66 = VECTOR('',#67,1.);
#67 = DIRECTION('',(-0.,1.,0.));
#68 = PLANE('',#69);
#69 = AXIS2_PLACEMENT_3D('',#70,#71,#72);
#70 = CARTESIAN_POINT('',(-122.,0.,0.));
#71 = DIRECTION('',(1.,0.,-0.));
#72 = DIRECTION('',(0.,0.,1.));
#73 = ADVANCED_FACE('',(#74),#117,.T.);
#74 = FACE_BOUND('',#75,.T.);
#75 = EDGE_LOOP('',(#76,#86,#92,#93,#102,#110));
#76 = ORIENTED_EDGE('',*,*,#77,.T.);
#77 = EDGE_CURVE('',#78,#80,#82,.T.);
#78 = VERTEX_POINT('',#79);
#79 = CARTESIAN_POINT('',(122.,2.,5.));
#80 = VERTEX_POINT('',#81);
#81 = CARTESIAN_POINT('',(122.,24.197816181941,5.));
#82 = LINE('',#83,#84);
#83 = CARTESIAN_POINT('',(122.,0.,5.));
#84 = VECTOR('',#85,1.);
#85 = DIRECTION('',(-0.,1.,0.));
#86 = ORIENTED_EDGE('',*,*,#87,.F.);
#87 = EDGE_CURVE('',#24,#80,#88,.T.);
#88 = LINE('',#89,#90);
#89 = CARTESIAN_POINT('',(-132.,24.197816181941,5.));
#90 = VECTOR('',#91,1.);
#91 = DIRECTION('',(1.,0.,0.));
#92 = ORIENTED_EDGE('',*,*,#21,.F.);
#93 = ORIENTED_EDGE('',*,*,#94,.T.);
#94 = EDGE_CURVE('',#22,#95,#97,.T.);
#95 = VERTEX_POINT('',#96);
#96 = CARTESIAN_POINT('',(-120.,-4.440892098501E-16,5.));
#97 = CIRCLE('',#98,2.);
#98 = AXIS2_PLACEMENT_3D('',#99,#100,#101);
#99 = CARTESIAN_POINT('',(-120.,2.,5.));
#100 = DIRECTION('',(0.,0.,1.));
#101 = DIRECTION('',(0.,-1.,0.));
#102 = ORIENTED_EDGE('',*,*,#103,.T.);
#103 = EDGE_CURVE('',#95,#104,#106,.T.);
#104 = VERTEX_POINT('',#105);
#105 = CARTESIAN_POINT('',(120.,-4.440892098501E-16,5.));
#106 = LINE('',#107,#108);
#107 = CARTESIAN_POINT('',(-122.,0.,5.));
#108 = VECTOR('',#109,1.);
#109 = DIRECTION('',(1.,0.,-0.));
#110 = ORIENTED_EDGE('',*,*,#111,.T.);
#111 = EDGE_CURVE('',#104,#78,#112,.T.);
#112 = CIRCLE('',#113,2.);
#113 = AXIS2_PLACEMENT_3D('',#114,#115,#116);
#114 = CARTESIAN_POINT('',(120.,2.,5.));
#115 = DIRECTION('',(0.,0.,1.));
#116 = DIRECTION('',(0.,-1.,0.));
#117 = PLANE('',#118);
#118 = AXIS2_PLACEMENT_3D('',#119,#120,#121);
#119 = CARTESIAN_POINT('',(-122.,0.,5.));
#120 = DIRECTION('',(0.,0.,1.));
#121 = DIRECTION('',(1.,0.,-0.));
#122 = ADVANCED_FACE('',(#123),#142,.T.);
#123 = FACE_BOUND('',#124,.T.);
#124 = EDGE_LOOP('',(#125,#134,#140,#141));
#125 = ORIENTED_EDGE('',*,*,#126,.T.);
#126 = EDGE_CURVE('',#32,#127,#129,.T.);
#127 = VERTEX_POINT('',#128);
#128 = CARTESIAN_POINT('',(-120.,-4.440892098501E-16,0.));
#129 = CIRCLE('',#130,2.);
#130 = AXIS2_PLACEMENT_3D('',#131,#132,#133);
#131 = CARTESIAN_POINT('',(-120.,2.,0.));
#132 = DIRECTION('',(0.,0.,1.));
#133 = DIRECTION('',(0.,-1.,0.));
#134 = ORIENTED_EDGE('',*,*,#135,.T.);
#135 = EDGE_CURVE('',#127,#95,#136,.T.);
#136 = LINE('',#137,#138);
#137 = CARTESIAN_POINT('',(-120.,-4.440892098501E-16,0.));
#138 = VECTOR('',#139,1.);
#139 = DIRECTION('',(0.,0.,1.));
#140 = ORIENTED_EDGE('',*,*,#94,.F.);
#141 = ORIENTED_EDGE('',*,*,#31,.F.);
#142 = CYLINDRICAL_SURFACE('',#143,2.);
#143 = AXIS2_PLACEMENT_3D('',#144,#145,#146);
#144 = CARTESIAN_POINT('',(-120.,2.,0.));
#145 = DIRECTION('',(0.,0.,1.));
#146 = DIRECTION('',(-1.,-0.,0.));
#147 = ADVANCED_FACE('',(#148),#173,.F.);
#148 = FACE_BOUND('',#149,.F.);
#149 = EDGE_LOOP('',(#150,#158,#159,#167));
#150 = ORIENTED_EDGE('',*,*,#151,.F.);
#151 = EDGE_CURVE('',#24,#152,#154,.T.);
#152 = VERTEX_POINT('',#153);
#153 = CARTESIAN_POINT('',(-122.,10.161660853341,84.602992532418));
#154 = LINE('',#155,#156);
#155 = CARTESIAN_POINT('',(-122.,25.789996843365,-4.02970523868));
#156 = VECTOR('',#157,1.);
#157 = DIRECTION('',(0.,-0.173648177667,0.984807753012));
#158 = ORIENTED_EDGE('',*,*,#63,.T.);
#159 = ORIENTED_EDGE('',*,*,#160,.T.);
#160 = EDGE_CURVE('',#56,#161,#163,.T.);
#161 = VERTEX_POINT('',#162);
#162 = CARTESIAN_POINT('',(-122.,61.371664009976,93.632697771099));
#163 = LINE('',#164,#165);
#164 = CARTESIAN_POINT('',(-122.,77.,5.));
#165 = VECTOR('',#166,1.);
#166 = DIRECTION('',(0.,-0.173648177667,0.984807753012));
#167 = ORIENTED_EDGE('',*,*,#168,.F.);
#168 = EDGE_CURVE('',#152,#161,#169,.T.);
#169 = LINE('',#170,#171);
#170 = CARTESIAN_POINT('',(-122.,10.161660853341,84.602992532418));
#171 = VECTOR('',#172,1.);
#172 = DIRECTION('',(0.,0.984807753012,0.173648177667));
#173 = PLANE('',#174);
#174 = AXIS2_PLACEMENT_3D('',#175,#176,#177);
#175 = CARTESIAN_POINT('',(-122.,25.789996843365,-4.02970523868));
#176 = DIRECTION('',(1.,0.,0.));
#177 = DIRECTION('',(0.,-0.173648177667,0.984807753012));
#178 = ADVANCED_FACE('',(#179,#264,#298,#332,#366,#400,#434,#468,#502,
    #536,#570),#604,.F.);
#179 = FACE_BOUND('',#180,.F.);
#180 = EDGE_LOOP('',(#181,#191,#198,#199,#200,#208,#217,#225,#234,#242,
    #250,#258));
#181 = ORIENTED_EDGE('',*,*,#182,.F.);
#182 = EDGE_CURVE('',#183,#185,#187,.T.);
#183 = VERTEX_POINT('',#184);
#184 = CARTESIAN_POINT('',(-120.,102.,0.));
#185 = VERTEX_POINT('',#186);
#186 = CARTESIAN_POINT('',(-62.,102.,0.));
#187 = LINE('',#188,#189);
#188 = CARTESIAN_POINT('',(-122.,102.,0.));
#189 = VECTOR('',#190,1.);
#190 = DIRECTION('',(1.,0.,-0.));
#191 = ORIENTED_EDGE('',*,*,#192,.F.);
#192 = EDGE_CURVE('',#40,#183,#193,.T.);
#193 = CIRCLE('',#194,2.);
#194 = AXIS2_PLACEMENT_3D('',#195,#196,#197);
#195 = CARTESIAN_POINT('',(-120.,100.,0.));
#196 = DIRECTION('',(-0.,-0.,-1.));
#197 = DIRECTION('',(0.,-1.,0.));
#198 = ORIENTED_EDGE('',*,*,#39,.F.);
#199 = ORIENTED_EDGE('',*,*,#126,.T.);
#200 = ORIENTED_EDGE('',*,*,#201,.T.);
#201 = EDGE_CURVE('',#127,#202,#204,.T.);
#202 = VERTEX_POINT('',#203);
#203 = CARTESIAN_POINT('',(120.,-4.440892098501E-16,0.));
#204 = LINE('',#205,#206);
#205 = CARTESIAN_POINT('',(-122.,0.,0.));
#206 = VECTOR('',#207,1.);
#207 = DIRECTION('',(1.,0.,-0.));
#208 = ORIENTED_EDGE('',*,*,#209,.T.);
#209 = EDGE_CURVE('',#202,#210,#212,.T.);
#210 = VERTEX_POINT('',#211);
#211 = CARTESIAN_POINT('',(122.,2.,0.));
#212 = CIRCLE('',#213,2.);
#213 = AXIS2_PLACEMENT_3D('',#214,#215,#216);
#214 = CARTESIAN_POINT('',(120.,2.,0.));
#215 = DIRECTION('',(0.,0.,1.));
#216 = DIRECTION('',(0.,-1.,0.));
#217 = ORIENTED_EDGE('',*,*,#218,.T.);
#218 = EDGE_CURVE('',#210,#219,#221,.T.);
#219 = VERTEX_POINT('',#220);
#220 = CARTESIAN_POINT('',(122.,100.,0.));
#221 = LINE('',#222,#223);
#222 = CARTESIAN_POINT('',(122.,0.,0.));
#223 = VECTOR('',#224,1.);
#224 = DIRECTION('',(-0.,1.,0.));
#225 = ORIENTED_EDGE('',*,*,#226,.T.);
#226 = EDGE_CURVE('',#219,#227,#229,.T.);
#227 = VERTEX_POINT('',#228);
#228 = CARTESIAN_POINT('',(120.,102.,0.));
#229 = CIRCLE('',#230,2.);
#230 = AXIS2_PLACEMENT_3D('',#231,#232,#233);
#231 = CARTESIAN_POINT('',(120.,100.,0.));
#232 = DIRECTION('',(0.,0.,1.));
#233 = DIRECTION('',(0.,-1.,0.));
#234 = ORIENTED_EDGE('',*,*,#235,.F.);
#235 = EDGE_CURVE('',#236,#227,#238,.T.);
#236 = VERTEX_POINT('',#237);
#237 = CARTESIAN_POINT('',(62.,102.,0.));
#238 = LINE('',#239,#240);
#239 = CARTESIAN_POINT('',(-122.,102.,0.));
#240 = VECTOR('',#241,1.);
#241 = DIRECTION('',(1.,0.,-0.));
#242 = ORIENTED_EDGE('',*,*,#243,.F.);
#243 = EDGE_CURVE('',#244,#236,#246,.T.);
#244 = VERTEX_POINT('',#245);
#245 = CARTESIAN_POINT('',(62.,101.95,0.));
#246 = LINE('',#247,#248);
#247 = CARTESIAN_POINT('',(62.,101.95,0.));
#248 = VECTOR('',#249,1.);
#249 = DIRECTION('',(-0.,1.,0.));
#250 = ORIENTED_EDGE('',*,*,#251,.F.);
#251 = EDGE_CURVE('',#252,#244,#254,.T.);
#252 = VERTEX_POINT('',#253);
#253 = CARTESIAN_POINT('',(-62.,101.95,0.));
#254 = LINE('',#255,#256);
#255 = CARTESIAN_POINT('',(-62.,101.95,0.));
#256 = VECTOR('',#257,1.);
#257 = DIRECTION('',(1.,0.,-0.));
#258 = ORIENTED_EDGE('',*,*,#259,.T.);
#259 = EDGE_CURVE('',#252,#185,#260,.T.);
#260 = LINE('',#261,#262);
#261 = CARTESIAN_POINT('',(-62.,101.95,0.));
#262 = VECTOR('',#263,1.);
#263 = DIRECTION('',(-0.,1.,0.));
#264 = FACE_BOUND('',#265,.F.);
#265 = EDGE_LOOP('',(#266,#276,#284,#292));
#266 = ORIENTED_EDGE('',*,*,#267,.T.);
#267 = EDGE_CURVE('',#268,#270,#272,.T.);
#268 = VERTEX_POINT('',#269);
#269 = CARTESIAN_POINT('',(-100.,82.,0.));
#270 = VERTEX_POINT('',#271);
#271 = CARTESIAN_POINT('',(-103.,82.,0.));
#272 = LINE('',#273,#274);
#273 = CARTESIAN_POINT('',(-112.5,82.,0.));
#274 = VECTOR('',#275,1.);
#275 = DIRECTION('',(-1.,-0.,0.));
#276 = ORIENTED_EDGE('',*,*,#277,.T.);
#277 = EDGE_CURVE('',#270,#278,#280,.T.);
#278 = VERTEX_POINT('',#279);
#279 = CARTESIAN_POINT('',(-103.,97.,0.));
#280 = LINE('',#281,#282);
#281 = CARTESIAN_POINT('',(-103.,41.,0.));
#282 = VECTOR('',#283,1.);
#283 = DIRECTION('',(-0.,1.,0.));
#284 = ORIENTED_EDGE('',*,*,#285,.F.);
#285 = EDGE_CURVE('',#286,#278,#288,.T.);
#286 = VERTEX_POINT('',#287);
#287 = CARTESIAN_POINT('',(-100.,97.,0.));
#288 = LINE('',#289,#290);
#289 = CARTESIAN_POINT('',(-112.5,97.,0.));
#290 = VECTOR('',#291,1.);
#291 = DIRECTION('',(-1.,-0.,0.));
#292 = ORIENTED_EDGE('',*,*,#293,.F.);
#293 = EDGE_CURVE('',#268,#286,#294,.T.);
#294 = LINE('',#295,#296);
#295 = CARTESIAN_POINT('',(-100.,41.,0.));
#296 = VECTOR('',#297,1.);
#297 = DIRECTION('',(-0.,1.,0.));
#298 = FACE_BOUND('',#299,.F.);
#299 = EDGE_LOOP('',(#300,#310,#318,#326));
#300 = ORIENTED_EDGE('',*,*,#301,.T.);
#301 = EDGE_CURVE('',#302,#304,#306,.T.);
#302 = VERTEX_POINT('',#303);
#303 = CARTESIAN_POINT('',(-77.44444444444,82.,0.));
#304 = VERTEX_POINT('',#305);
#305 = CARTESIAN_POINT('',(-80.44444444444,82.,0.));
#306 = LINE('',#307,#308);
#307 = CARTESIAN_POINT('',(-101.2222222222,82.,0.));
#308 = VECTOR('',#309,1.);
#309 = DIRECTION('',(-1.,-0.,0.));
#310 = ORIENTED_EDGE('',*,*,#311,.T.);
#311 = EDGE_CURVE('',#304,#312,#314,.T.);
#312 = VERTEX_POINT('',#313);
#313 = CARTESIAN_POINT('',(-80.44444444444,97.,0.));
#314 = LINE('',#315,#316);
#315 = CARTESIAN_POINT('',(-80.44444444444,41.,0.));
#316 = VECTOR('',#317,1.);
#317 = DIRECTION('',(-0.,1.,0.));
#318 = ORIENTED_EDGE('',*,*,#319,.F.);
#319 = EDGE_CURVE('',#320,#312,#322,.T.);
#320 = VERTEX_POINT('',#321);
#321 = CARTESIAN_POINT('',(-77.44444444444,97.,0.));
#322 = LINE('',#323,#324);
#323 = CARTESIAN_POINT('',(-101.2222222222,97.,0.));
#324 = VECTOR('',#325,1.);
#325 = DIRECTION('',(-1.,-0.,0.));
#326 = ORIENTED_EDGE('',*,*,#327,.F.);
#327 = EDGE_CURVE('',#302,#320,#328,.T.);
#328 = LINE('',#329,#330);
#329 = CARTESIAN_POINT('',(-77.44444444444,41.,0.));
#330 = VECTOR('',#331,1.);
#331 = DIRECTION('',(-0.,1.,0.));
#332 = FACE_BOUND('',#333,.F.);
#333 = EDGE_LOOP('',(#334,#344,#352,#360));
#334 = ORIENTED_EDGE('',*,*,#335,.T.);
#335 = EDGE_CURVE('',#336,#338,#340,.T.);
#336 = VERTEX_POINT('',#337);
#337 = CARTESIAN_POINT('',(-54.88888888888,82.,0.));
#338 = VERTEX_POINT('',#339);
#339 = CARTESIAN_POINT('',(-57.88888888888,82.,0.));
#340 = LINE('',#341,#342);
#341 = CARTESIAN_POINT('',(-89.94444444444,82.,0.));
#342 = VECTOR('',#343,1.);
#343 = DIRECTION('',(-1.,-0.,0.));
#344 = ORIENTED_EDGE('',*,*,#345,.T.);
#345 = EDGE_CURVE('',#338,#346,#348,.T.);
#346 = VERTEX_POINT('',#347);
#347 = CARTESIAN_POINT('',(-57.88888888888,97.,0.));
#348 = LINE('',#349,#350);
#349 = CARTESIAN_POINT('',(-57.88888888888,41.,0.));
#350 = VECTOR('',#351,1.);
#351 = DIRECTION('',(-0.,1.,0.));
#352 = ORIENTED_EDGE('',*,*,#353,.F.);
#353 = EDGE_CURVE('',#354,#346,#356,.T.);
#354 = VERTEX_POINT('',#355);
#355 = CARTESIAN_POINT('',(-54.88888888888,97.,0.));
#356 = LINE('',#357,#358);
#357 = CARTESIAN_POINT('',(-89.94444444444,97.,0.));
#358 = VECTOR('',#359,1.);
#359 = DIRECTION('',(-1.,-0.,0.));
#360 = ORIENTED_EDGE('',*,*,#361,.F.);
#361 = EDGE_CURVE('',#336,#354,#362,.T.);
#362 = LINE('',#363,#364);
#363 = CARTESIAN_POINT('',(-54.88888888888,41.,0.));
#364 = VECTOR('',#365,1.);
#365 = DIRECTION('',(-0.,1.,0.));
#366 = FACE_BOUND('',#367,.F.);
#367 = EDGE_LOOP('',(#368,#378,#386,#394));
#368 = ORIENTED_EDGE('',*,*,#369,.T.);
#369 = EDGE_CURVE('',#370,#372,#374,.T.);
#370 = VERTEX_POINT('',#371);
#371 = CARTESIAN_POINT('',(-32.33333333333,82.,0.));
#372 = VERTEX_POINT('',#373);
#373 = CARTESIAN_POINT('',(-35.33333333333,82.,0.));
#374 = LINE('',#375,#376);
#375 = CARTESIAN_POINT('',(-78.66666666666,82.,0.));
#376 = VECTOR('',#377,1.);
#377 = DIRECTION('',(-1.,-0.,0.));
#378 = ORIENTED_EDGE('',*,*,#379,.T.);
#379 = EDGE_CURVE('',#372,#380,#382,.T.);
#380 = VERTEX_POINT('',#381);
#381 = CARTESIAN_POINT('',(-35.33333333333,97.,0.));
#382 = LINE('',#383,#384);
#383 = CARTESIAN_POINT('',(-35.33333333333,41.,0.));
#384 = VECTOR('',#385,1.);
#385 = DIRECTION('',(-0.,1.,0.));
#386 = ORIENTED_EDGE('',*,*,#387,.F.);
#387 = EDGE_CURVE('',#388,#380,#390,.T.);
#388 = VERTEX_POINT('',#389);
#389 = CARTESIAN_POINT('',(-32.33333333333,97.,0.));
#390 = LINE('',#391,#392);
#391 = CARTESIAN_POINT('',(-78.66666666666,97.,0.));
#392 = VECTOR('',#393,1.);
#393 = DIRECTION('',(-1.,-0.,0.));
#394 = ORIENTED_EDGE('',*,*,#395,.F.);
#395 = EDGE_CURVE('',#370,#388,#396,.T.);
#396 = LINE('',#397,#398);
#397 = CARTESIAN_POINT('',(-32.33333333333,41.,0.));
#398 = VECTOR('',#399,1.);
#399 = DIRECTION('',(-0.,1.,0.));
#400 = FACE_BOUND('',#401,.F.);
#401 = EDGE_LOOP('',(#402,#412,#420,#428));
#402 = ORIENTED_EDGE('',*,*,#403,.T.);
#403 = EDGE_CURVE('',#404,#406,#408,.T.);
#404 = VERTEX_POINT('',#405);
#405 = CARTESIAN_POINT('',(-9.777777777778,82.,0.));
#406 = VERTEX_POINT('',#407);
#407 = CARTESIAN_POINT('',(-12.77777777777,82.,0.));
#408 = LINE('',#409,#410);
#409 = CARTESIAN_POINT('',(-67.38888888888,82.,0.));
#410 = VECTOR('',#411,1.);
#411 = DIRECTION('',(-1.,-0.,0.));
#412 = ORIENTED_EDGE('',*,*,#413,.T.);
#413 = EDGE_CURVE('',#406,#414,#416,.T.);
#414 = VERTEX_POINT('',#415);
#415 = CARTESIAN_POINT('',(-12.77777777777,97.,0.));
#416 = LINE('',#417,#418);
#417 = CARTESIAN_POINT('',(-12.77777777777,41.,0.));
#418 = VECTOR('',#419,1.);
#419 = DIRECTION('',(-0.,1.,0.));
#420 = ORIENTED_EDGE('',*,*,#421,.F.);
#421 = EDGE_CURVE('',#422,#414,#424,.T.);
#422 = VERTEX_POINT('',#423);
#423 = CARTESIAN_POINT('',(-9.777777777778,97.,0.));
#424 = LINE('',#425,#426);
#425 = CARTESIAN_POINT('',(-67.38888888888,97.,0.));
#426 = VECTOR('',#427,1.);
#427 = DIRECTION('',(-1.,-0.,0.));
#428 = ORIENTED_EDGE('',*,*,#429,.F.);
#429 = EDGE_CURVE('',#404,#422,#430,.T.);
#430 = LINE('',#431,#432);
#431 = CARTESIAN_POINT('',(-9.777777777778,41.,0.));
#432 = VECTOR('',#433,1.);
#433 = DIRECTION('',(-0.,1.,0.));
#434 = FACE_BOUND('',#435,.F.);
#435 = EDGE_LOOP('',(#436,#446,#454,#462));
#436 = ORIENTED_EDGE('',*,*,#437,.T.);
#437 = EDGE_CURVE('',#438,#440,#442,.T.);
#438 = VERTEX_POINT('',#439);
#439 = CARTESIAN_POINT('',(12.777777777778,82.,0.));
#440 = VERTEX_POINT('',#441);
#441 = CARTESIAN_POINT('',(9.777777777778,82.,0.));
#442 = LINE('',#443,#444);
#443 = CARTESIAN_POINT('',(-56.11111111111,82.,0.));
#444 = VECTOR('',#445,1.);
#445 = DIRECTION('',(-1.,-0.,0.));
#446 = ORIENTED_EDGE('',*,*,#447,.T.);
#447 = EDGE_CURVE('',#440,#448,#450,.T.);
#448 = VERTEX_POINT('',#449);
#449 = CARTESIAN_POINT('',(9.777777777778,97.,0.));
#450 = LINE('',#451,#452);
#451 = CARTESIAN_POINT('',(9.777777777778,41.,0.));
#452 = VECTOR('',#453,1.);
#453 = DIRECTION('',(-0.,1.,0.));
#454 = ORIENTED_EDGE('',*,*,#455,.F.);
#455 = EDGE_CURVE('',#456,#448,#458,.T.);
#456 = VERTEX_POINT('',#457);
#457 = CARTESIAN_POINT('',(12.777777777778,97.,0.));
#458 = LINE('',#459,#460);
#459 = CARTESIAN_POINT('',(-56.11111111111,97.,0.));
#460 = VECTOR('',#461,1.);
#461 = DIRECTION('',(-1.,-0.,0.));
#462 = ORIENTED_EDGE('',*,*,#463,.F.);
#463 = EDGE_CURVE('',#438,#456,#464,.T.);
#464 = LINE('',#465,#466);
#465 = CARTESIAN_POINT('',(12.777777777778,41.,0.));
#466 = VECTOR('',#467,1.);
#467 = DIRECTION('',(-0.,1.,0.));
#468 = FACE_BOUND('',#469,.F.);
#469 = EDGE_LOOP('',(#470,#480,#488,#496));
#470 = ORIENTED_EDGE('',*,*,#471,.T.);
#471 = EDGE_CURVE('',#472,#474,#476,.T.);
#472 = VERTEX_POINT('',#473);
#473 = CARTESIAN_POINT('',(35.333333333333,82.,0.));
#474 = VERTEX_POINT('',#475);
#475 = CARTESIAN_POINT('',(32.333333333333,82.,0.));
#476 = LINE('',#477,#478);
#477 = CARTESIAN_POINT('',(-44.83333333333,82.,0.));
#478 = VECTOR('',#479,1.);
#479 = DIRECTION('',(-1.,-0.,0.));
#480 = ORIENTED_EDGE('',*,*,#481,.T.);
#481 = EDGE_CURVE('',#474,#482,#484,.T.);
#482 = VERTEX_POINT('',#483);
#483 = CARTESIAN_POINT('',(32.333333333333,97.,0.));
#484 = LINE('',#485,#486);
#485 = CARTESIAN_POINT('',(32.333333333333,41.,0.));
#486 = VECTOR('',#487,1.);
#487 = DIRECTION('',(-0.,1.,0.));
#488 = ORIENTED_EDGE('',*,*,#489,.F.);
#489 = EDGE_CURVE('',#490,#482,#492,.T.);
#490 = VERTEX_POINT('',#491);
#491 = CARTESIAN_POINT('',(35.333333333333,97.,0.));
#492 = LINE('',#493,#494);
#493 = CARTESIAN_POINT('',(-44.83333333333,97.,0.));
#494 = VECTOR('',#495,1.);
#495 = DIRECTION('',(-1.,-0.,0.));
#496 = ORIENTED_EDGE('',*,*,#497,.F.);
#497 = EDGE_CURVE('',#472,#490,#498,.T.);
#498 = LINE('',#499,#500);
#499 = CARTESIAN_POINT('',(35.333333333333,41.,0.));
#500 = VECTOR('',#501,1.);
#501 = DIRECTION('',(-0.,1.,0.));
#502 = FACE_BOUND('',#503,.F.);
#503 = EDGE_LOOP('',(#504,#514,#522,#530));
#504 = ORIENTED_EDGE('',*,*,#505,.T.);
#505 = EDGE_CURVE('',#506,#508,#510,.T.);
#506 = VERTEX_POINT('',#507);
#507 = CARTESIAN_POINT('',(57.888888888889,82.,0.));
#508 = VERTEX_POINT('',#509);
#509 = CARTESIAN_POINT('',(54.888888888889,82.,0.));
#510 = LINE('',#511,#512);
#511 = CARTESIAN_POINT('',(-33.55555555555,82.,0.));
#512 = VECTOR('',#513,1.);
#513 = DIRECTION('',(-1.,-0.,0.));
#514 = ORIENTED_EDGE('',*,*,#515,.T.);
#515 = EDGE_CURVE('',#508,#516,#518,.T.);
#516 = VERTEX_POINT('',#517);
#517 = CARTESIAN_POINT('',(54.888888888889,97.,0.));
#518 = LINE('',#519,#520);
#519 = CARTESIAN_POINT('',(54.888888888889,41.,0.));
#520 = VECTOR('',#521,1.);
#521 = DIRECTION('',(-0.,1.,0.));
#522 = ORIENTED_EDGE('',*,*,#523,.F.);
#523 = EDGE_CURVE('',#524,#516,#526,.T.);
#524 = VERTEX_POINT('',#525);
#525 = CARTESIAN_POINT('',(57.888888888889,97.,0.));
#526 = LINE('',#527,#528);
#527 = CARTESIAN_POINT('',(-33.55555555555,97.,0.));
#528 = VECTOR('',#529,1.);
#529 = DIRECTION('',(-1.,-0.,0.));
#530 = ORIENTED_EDGE('',*,*,#531,.F.);
#531 = EDGE_CURVE('',#506,#524,#532,.T.);
#532 = LINE('',#533,#534);
#533 = CARTESIAN_POINT('',(57.888888888889,41.,0.));
#534 = VECTOR('',#535,1.);
#535 = DIRECTION('',(-0.,1.,0.));
#536 = FACE_BOUND('',#537,.F.);
#537 = EDGE_LOOP('',(#538,#548,#556,#564));
#538 = ORIENTED_EDGE('',*,*,#539,.T.);
#539 = EDGE_CURVE('',#540,#542,#544,.T.);
#540 = VERTEX_POINT('',#541);
#541 = CARTESIAN_POINT('',(80.444444444444,82.,0.));
#542 = VERTEX_POINT('',#543);
#543 = CARTESIAN_POINT('',(77.444444444444,82.,0.));
#544 = LINE('',#545,#546);
#545 = CARTESIAN_POINT('',(-22.27777777777,82.,0.));
#546 = VECTOR('',#547,1.);
#547 = DIRECTION('',(-1.,-0.,0.));
#548 = ORIENTED_EDGE('',*,*,#549,.T.);
#549 = EDGE_CURVE('',#542,#550,#552,.T.);
#550 = VERTEX_POINT('',#551);
#551 = CARTESIAN_POINT('',(77.444444444444,97.,0.));
#552 = LINE('',#553,#554);
#553 = CARTESIAN_POINT('',(77.444444444444,41.,0.));
#554 = VECTOR('',#555,1.);
#555 = DIRECTION('',(-0.,1.,0.));
#556 = ORIENTED_EDGE('',*,*,#557,.F.);
#557 = EDGE_CURVE('',#558,#550,#560,.T.);
#558 = VERTEX_POINT('',#559);
#559 = CARTESIAN_POINT('',(80.444444444444,97.,0.));
#560 = LINE('',#561,#562);
#561 = CARTESIAN_POINT('',(-22.27777777777,97.,0.));
#562 = VECTOR('',#563,1.);
#563 = DIRECTION('',(-1.,-0.,0.));
#564 = ORIENTED_EDGE('',*,*,#565,.F.);
#565 = EDGE_CURVE('',#540,#558,#566,.T.);
#566 = LINE('',#567,#568);
#567 = CARTESIAN_POINT('',(80.444444444444,41.,0.));
#568 = VECTOR('',#569,1.);
#569 = DIRECTION('',(-0.,1.,0.));
#570 = FACE_BOUND('',#571,.F.);
#571 = EDGE_LOOP('',(#572,#582,#590,#598));
#572 = ORIENTED_EDGE('',*,*,#573,.T.);
#573 = EDGE_CURVE('',#574,#576,#578,.T.);
#574 = VERTEX_POINT('',#575);
#575 = CARTESIAN_POINT('',(103.,82.,0.));
#576 = VERTEX_POINT('',#577);
#577 = CARTESIAN_POINT('',(100.,82.,0.));
#578 = LINE('',#579,#580);
#579 = CARTESIAN_POINT('',(-11.,82.,0.));
#580 = VECTOR('',#581,1.);
#581 = DIRECTION('',(-1.,-0.,0.));
#582 = ORIENTED_EDGE('',*,*,#583,.T.);
#583 = EDGE_CURVE('',#576,#584,#586,.T.);
#584 = VERTEX_POINT('',#585);
#585 = CARTESIAN_POINT('',(100.,97.,0.));
#586 = LINE('',#587,#588);
#587 = CARTESIAN_POINT('',(100.,41.,0.));
#588 = VECTOR('',#589,1.);
#589 = DIRECTION('',(-0.,1.,0.));
#590 = ORIENTED_EDGE('',*,*,#591,.F.);
#591 = EDGE_CURVE('',#592,#584,#594,.T.);
#592 = VERTEX_POINT('',#593);
#593 = CARTESIAN_POINT('',(103.,97.,0.));
#594 = LINE('',#595,#596);
#595 = CARTESIAN_POINT('',(-11.,97.,0.));
#596 = VECTOR('',#597,1.);
#597 = DIRECTION('',(-1.,-0.,0.));
#598 = ORIENTED_EDGE('',*,*,#599,.F.);
#599 = EDGE_CURVE('',#574,#592,#600,.T.);
#600 = LINE('',#601,#602);
#601 = CARTESIAN_POINT('',(103.,41.,0.));
#602 = VECTOR('',#603,1.);
#603 = DIRECTION('',(-0.,1.,0.));
#604 = PLANE('',#605);
#605 = AXIS2_PLACEMENT_3D('',#606,#607,#608);
#606 = CARTESIAN_POINT('',(-122.,0.,0.));
#607 = DIRECTION('',(0.,0.,1.));
#608 = DIRECTION('',(1.,0.,-0.));
#609 = ADVANCED_FACE('',(#610),#645,.T.);
#610 = FACE_BOUND('',#611,.T.);
#611 = EDGE_LOOP('',(#612,#622,#629,#630,#638));
#612 = ORIENTED_EDGE('',*,*,#613,.F.);
#613 = EDGE_CURVE('',#614,#616,#618,.T.);
#614 = VERTEX_POINT('',#615);
#615 = CARTESIAN_POINT('',(-120.,102.,5.));
#616 = VERTEX_POINT('',#617);
#617 = CARTESIAN_POINT('',(-101.5,102.,5.));
#618 = LINE('',#619,#620);
#619 = CARTESIAN_POINT('',(-122.,102.,5.));
#620 = VECTOR('',#621,1.);
#621 = DIRECTION('',(1.,0.,-0.));
#622 = ORIENTED_EDGE('',*,*,#623,.F.);
#623 = EDGE_CURVE('',#48,#614,#624,.T.);
#624 = CIRCLE('',#625,2.);
#625 = AXIS2_PLACEMENT_3D('',#626,#627,#628);
#626 = CARTESIAN_POINT('',(-120.,100.,5.));
#627 = DIRECTION('',(-0.,-0.,-1.));
#628 = DIRECTION('',(0.,-1.,0.));
#629 = ORIENTED_EDGE('',*,*,#55,.F.);
#630 = ORIENTED_EDGE('',*,*,#631,.T.);
#631 = EDGE_CURVE('',#56,#632,#634,.T.);
#632 = VERTEX_POINT('',#633);
#633 = CARTESIAN_POINT('',(-101.5,77.,5.));
#634 = LINE('',#635,#636);
#635 = CARTESIAN_POINT('',(-122.,77.,5.));
#636 = VECTOR('',#637,1.);
#637 = DIRECTION('',(1.,0.,0.));
#638 = ORIENTED_EDGE('',*,*,#639,.F.);
#639 = EDGE_CURVE('',#616,#632,#640,.T.);
#640 = CIRCLE('',#641,12.5);
#641 = AXIS2_PLACEMENT_3D('',#642,#643,#644);
#642 = CARTESIAN_POINT('',(-101.5,89.5,5.));
#643 = DIRECTION('',(0.,0.,1.));
#644 = DIRECTION('',(1.,0.,-0.));
#645 = PLANE('',#646);
#646 = AXIS2_PLACEMENT_3D('',#647,#648,#649);
#647 = CARTESIAN_POINT('',(-122.,0.,5.));
#648 = DIRECTION('',(0.,0.,1.));
#649 = DIRECTION('',(1.,0.,-0.));
#650 = ADVANCED_FACE('',(#651),#662,.T.);
#651 = FACE_BOUND('',#652,.F.);
#652 = EDGE_LOOP('',(#653,#654,#660,#661));
#653 = ORIENTED_EDGE('',*,*,#192,.T.);
#654 = ORIENTED_EDGE('',*,*,#655,.T.);
#655 = EDGE_CURVE('',#183,#614,#656,.T.);
#656 = LINE('',#657,#658);
#657 = CARTESIAN_POINT('',(-120.,102.,0.));
#658 = VECTOR('',#659,1.);
#659 = DIRECTION('',(0.,0.,1.));
#660 = ORIENTED_EDGE('',*,*,#623,.F.);
#661 = ORIENTED_EDGE('',*,*,#47,.F.);
#662 = CYLINDRICAL_SURFACE('',#663,2.);
#663 = AXIS2_PLACEMENT_3D('',#664,#665,#666);
#664 = CARTESIAN_POINT('',(-120.,100.,0.));
#665 = DIRECTION('',(0.,0.,1.));
#666 = DIRECTION('',(-1.,-0.,0.));
#667 = ADVANCED_FACE('',(#668),#700,.T.);
#668 = FACE_BOUND('',#669,.T.);
#669 = EDGE_LOOP('',(#670,#671,#677,#678,#686,#694));
#670 = ORIENTED_EDGE('',*,*,#77,.F.);
#671 = ORIENTED_EDGE('',*,*,#672,.F.);
#672 = EDGE_CURVE('',#210,#78,#673,.T.);
#673 = LINE('',#674,#675);
#674 = CARTESIAN_POINT('',(122.,2.,0.));
#675 = VECTOR('',#676,1.);
#676 = DIRECTION('',(0.,0.,1.));
#677 = ORIENTED_EDGE('',*,*,#218,.T.);
#678 = ORIENTED_EDGE('',*,*,#679,.T.);
#679 = EDGE_CURVE('',#219,#680,#682,.T.);
#680 = VERTEX_POINT('',#681);
#681 = CARTESIAN_POINT('',(122.,100.,5.));
#682 = LINE('',#683,#684);
#683 = CARTESIAN_POINT('',(122.,100.,0.));
#684 = VECTOR('',#685,1.);
#685 = DIRECTION('',(0.,0.,1.));
#686 = ORIENTED_EDGE('',*,*,#687,.F.);
#687 = EDGE_CURVE('',#688,#680,#690,.T.);
#688 = VERTEX_POINT('',#689);
#689 = CARTESIAN_POINT('',(122.,77.,5.));
#690 = LINE('',#691,#692);
#691 = CARTESIAN_POINT('',(122.,0.,5.));
#692 = VECTOR('',#693,1.);
#693 = DIRECTION('',(-0.,1.,0.));
#694 = ORIENTED_EDGE('',*,*,#695,.F.);
#695 = EDGE_CURVE('',#80,#688,#696,.T.);
#696 = LINE('',#697,#698);
#697 = CARTESIAN_POINT('',(122.,0.,5.));
#698 = VECTOR('',#699,1.);
#699 = DIRECTION('',(-0.,1.,0.));
#700 = PLANE('',#701);
#701 = AXIS2_PLACEMENT_3D('',#702,#703,#704);
#702 = CARTESIAN_POINT('',(122.,0.,0.));
#703 = DIRECTION('',(1.,0.,-0.));
#704 = DIRECTION('',(0.,0.,1.));
#705 = ADVANCED_FACE('',(#706),#717,.T.);
#706 = FACE_BOUND('',#707,.T.);
#707 = EDGE_LOOP('',(#708,#709,#710,#711));
#708 = ORIENTED_EDGE('',*,*,#209,.T.);
#709 = ORIENTED_EDGE('',*,*,#672,.T.);
#710 = ORIENTED_EDGE('',*,*,#111,.F.);
#711 = ORIENTED_EDGE('',*,*,#712,.F.);
#712 = EDGE_CURVE('',#202,#104,#713,.T.);
#713 = LINE('',#714,#715);
#714 = CARTESIAN_POINT('',(120.,-4.440892098501E-16,0.));
#715 = VECTOR('',#716,1.);
#716 = DIRECTION('',(0.,0.,1.));
#717 = CYLINDRICAL_SURFACE('',#718,2.);
#718 = AXIS2_PLACEMENT_3D('',#719,#720,#721);
#719 = CARTESIAN_POINT('',(120.,2.,0.));
#720 = DIRECTION('',(0.,0.,1.));
#721 = DIRECTION('',(0.,-1.,0.));
#722 = ADVANCED_FACE('',(#723,#741),#769,.F.);
#723 = FACE_BOUND('',#724,.F.);
#724 = EDGE_LOOP('',(#725,#733,#734,#735));
#725 = ORIENTED_EDGE('',*,*,#726,.F.);
#726 = EDGE_CURVE('',#80,#727,#729,.T.);
#727 = VERTEX_POINT('',#728);
#728 = CARTESIAN_POINT('',(122.,10.161660853341,84.602992532418));
#729 = LINE('',#730,#731);
#730 = CARTESIAN_POINT('',(122.,25.789996843365,-4.02970523868));
#731 = VECTOR('',#732,1.);
#732 = DIRECTION('',(0.,-0.173648177667,0.984807753012));
#733 = ORIENTED_EDGE('',*,*,#87,.F.);
#734 = ORIENTED_EDGE('',*,*,#151,.T.);
#735 = ORIENTED_EDGE('',*,*,#736,.T.);
#736 = EDGE_CURVE('',#152,#727,#737,.T.);
#737 = LINE('',#738,#739);
#738 = CARTESIAN_POINT('',(-122.,10.161660853341,84.602992532418));
#739 = VECTOR('',#740,1.);
#740 = DIRECTION('',(1.,0.,0.));
#741 = FACE_BOUND('',#742,.F.);
#742 = EDGE_LOOP('',(#743,#754,#762));
#743 = ORIENTED_EDGE('',*,*,#744,.F.);
#744 = EDGE_CURVE('',#745,#747,#749,.T.);
#745 = VERTEX_POINT('',#746);
#746 = CARTESIAN_POINT('',(-40.,19.712310625023,30.438566116747));
#747 = VERTEX_POINT('',#748);
#748 = CARTESIAN_POINT('',(-9.797174393179E-15,12.766383518345,
    69.830876237235));
#749 = CIRCLE('',#750,40.);
#750 = AXIS2_PLACEMENT_3D('',#751,#752,#753);
#751 = CARTESIAN_POINT('',(0.,19.712310625023,30.438566116747));
#752 = DIRECTION('',(-0.,0.984807753012,0.173648177667));
#753 = DIRECTION('',(0.,-0.173648177667,0.984807753012));
#754 = ORIENTED_EDGE('',*,*,#755,.T.);
#755 = EDGE_CURVE('',#745,#756,#758,.T.);
#756 = VERTEX_POINT('',#757);
#757 = CARTESIAN_POINT('',(40.,19.712310625023,30.438566116747));
#758 = LINE('',#759,#760);
#759 = CARTESIAN_POINT('',(-82.,19.712310625023,30.438566116747));
#760 = VECTOR('',#761,1.);
#761 = DIRECTION('',(1.,0.,0.));
#762 = ORIENTED_EDGE('',*,*,#763,.F.);
#763 = EDGE_CURVE('',#747,#756,#764,.T.);
#764 = CIRCLE('',#765,40.);
#765 = AXIS2_PLACEMENT_3D('',#766,#767,#768);
#766 = CARTESIAN_POINT('',(0.,19.712310625023,30.438566116747));
#767 = DIRECTION('',(-0.,0.984807753012,0.173648177667));
#768 = DIRECTION('',(0.,-0.173648177667,0.984807753012));
#769 = PLANE('',#770);
#770 = AXIS2_PLACEMENT_3D('',#771,#772,#773);
#771 = CARTESIAN_POINT('',(-122.,25.789996843365,-4.02970523868));
#772 = DIRECTION('',(0.,0.984807753012,0.173648177667));
#773 = DIRECTION('',(0.,-0.173648177667,0.984807753012));
#774 = ADVANCED_FACE('',(#775),#781,.F.);
#775 = FACE_BOUND('',#776,.F.);
#776 = EDGE_LOOP('',(#777,#778,#779,#780));
#777 = ORIENTED_EDGE('',*,*,#201,.F.);
#778 = ORIENTED_EDGE('',*,*,#135,.T.);
#779 = ORIENTED_EDGE('',*,*,#103,.T.);
#780 = ORIENTED_EDGE('',*,*,#712,.F.);
#781 = PLANE('',#782);
#782 = AXIS2_PLACEMENT_3D('',#783,#784,#785);
#783 = CARTESIAN_POINT('',(-122.,0.,0.));
#784 = DIRECTION('',(-0.,1.,0.));
#785 = DIRECTION('',(0.,0.,1.));
#786 = ADVANCED_FACE('',(#787,#805),#839,.T.);
#787 = FACE_BOUND('',#788,.T.);
#788 = EDGE_LOOP('',(#789,#790,#791,#799));
#789 = ORIENTED_EDGE('',*,*,#168,.F.);
#790 = ORIENTED_EDGE('',*,*,#736,.T.);
#791 = ORIENTED_EDGE('',*,*,#792,.T.);
#792 = EDGE_CURVE('',#727,#793,#795,.T.);
#793 = VERTEX_POINT('',#794);
#794 = CARTESIAN_POINT('',(122.,61.371664009976,93.632697771099));
#795 = LINE('',#796,#797);
#796 = CARTESIAN_POINT('',(122.,10.161660853341,84.602992532418));
#797 = VECTOR('',#798,1.);
#798 = DIRECTION('',(0.,0.984807753012,0.173648177667));
#799 = ORIENTED_EDGE('',*,*,#800,.F.);
#800 = EDGE_CURVE('',#161,#793,#801,.T.);
#801 = LINE('',#802,#803);
#802 = CARTESIAN_POINT('',(-122.,61.371664009976,93.632697771099));
#803 = VECTOR('',#804,1.);
#804 = DIRECTION('',(1.,0.,0.));
#805 = FACE_BOUND('',#806,.T.);
#806 = EDGE_LOOP('',(#807,#817,#825,#833));
#807 = ORIENTED_EDGE('',*,*,#808,.T.);
#808 = EDGE_CURVE('',#809,#811,#813,.T.);
#809 = VERTEX_POINT('',#810);
#810 = CARTESIAN_POINT('',(116.,16.070507371415,85.64488159842));
#811 = VERTEX_POINT('',#812);
#812 = CARTESIAN_POINT('',(-116.,16.070507371415,85.64488159842));
#813 = LINE('',#814,#815);
#814 = CARTESIAN_POINT('',(-119.,16.070507371415,85.64488159842));
#815 = VECTOR('',#816,1.);
#816 = DIRECTION('',(-1.,-0.,0.));
#817 = ORIENTED_EDGE('',*,*,#818,.T.);
#818 = EDGE_CURVE('',#811,#819,#821,.T.);
#819 = VERTEX_POINT('',#820);
#820 = CARTESIAN_POINT('',(-116.,55.462817491903,92.590808705097));
#821 = LINE('',#822,#823);
#822 = CARTESIAN_POINT('',(-116.,13.116084112378,85.123937065419));
#823 = VECTOR('',#824,1.);
#824 = DIRECTION('',(0.,0.984807753012,0.173648177667));
#825 = ORIENTED_EDGE('',*,*,#826,.F.);
#826 = EDGE_CURVE('',#827,#819,#829,.T.);
#827 = VERTEX_POINT('',#828);
#828 = CARTESIAN_POINT('',(116.,55.462817491903,92.590808705097));
#829 = LINE('',#830,#831);
#830 = CARTESIAN_POINT('',(-119.,55.462817491903,92.590808705097));
#831 = VECTOR('',#832,1.);
#832 = DIRECTION('',(-1.,-0.,0.));
#833 = ORIENTED_EDGE('',*,*,#834,.F.);
#834 = EDGE_CURVE('',#809,#827,#835,.T.);
#835 = LINE('',#836,#837);
#836 = CARTESIAN_POINT('',(116.,13.116084112378,85.123937065419));
#837 = VECTOR('',#838,1.);
#838 = DIRECTION('',(0.,0.984807753012,0.173648177667));
#839 = PLANE('',#840);
#840 = AXIS2_PLACEMENT_3D('',#841,#842,#843);
#841 = CARTESIAN_POINT('',(-122.,10.161660853341,84.602992532418));
#842 = DIRECTION('',(0.,-0.173648177667,0.984807753012));
#843 = DIRECTION('',(1.,0.,0.));
#844 = ADVANCED_FACE('',(#845),#934,.T.);
#845 = FACE_BOUND('',#846,.T.);
#846 = EDGE_LOOP('',(#847,#848,#849,#850,#856,#864,#872,#880,#888,#896,
    #904,#912,#920,#928));
#847 = ORIENTED_EDGE('',*,*,#631,.F.);
#848 = ORIENTED_EDGE('',*,*,#160,.T.);
#849 = ORIENTED_EDGE('',*,*,#800,.T.);
#850 = ORIENTED_EDGE('',*,*,#851,.F.);
#851 = EDGE_CURVE('',#688,#793,#852,.T.);
#852 = LINE('',#853,#854);
#853 = CARTESIAN_POINT('',(122.,77.,5.));
#854 = VECTOR('',#855,1.);
#855 = DIRECTION('',(0.,-0.173648177667,0.984807753012));
#856 = ORIENTED_EDGE('',*,*,#857,.F.);
#857 = EDGE_CURVE('',#858,#688,#860,.T.);
#858 = VERTEX_POINT('',#859);
#859 = CARTESIAN_POINT('',(101.5,77.,5.));
#860 = LINE('',#861,#862);
#861 = CARTESIAN_POINT('',(-122.,77.,5.));
#862 = VECTOR('',#863,1.);
#863 = DIRECTION('',(1.,0.,0.));
#864 = ORIENTED_EDGE('',*,*,#865,.F.);
#865 = EDGE_CURVE('',#866,#858,#868,.T.);
#866 = VERTEX_POINT('',#867);
#867 = CARTESIAN_POINT('',(78.944444444444,77.,5.));
#868 = LINE('',#869,#870);
#869 = CARTESIAN_POINT('',(-122.,77.,5.));
#870 = VECTOR('',#871,1.);
#871 = DIRECTION('',(1.,0.,0.));
#872 = ORIENTED_EDGE('',*,*,#873,.F.);
#873 = EDGE_CURVE('',#874,#866,#876,.T.);
#874 = VERTEX_POINT('',#875);
#875 = CARTESIAN_POINT('',(56.388888965579,77.,5.));
#876 = LINE('',#877,#878);
#877 = CARTESIAN_POINT('',(-122.,77.,5.));
#878 = VECTOR('',#879,1.);
#879 = DIRECTION('',(1.,0.,0.));
#880 = ORIENTED_EDGE('',*,*,#881,.F.);
#881 = EDGE_CURVE('',#882,#874,#884,.T.);
#882 = VERTEX_POINT('',#883);
#883 = CARTESIAN_POINT('',(33.833333410024,77.,5.));
#884 = LINE('',#885,#886);
#885 = CARTESIAN_POINT('',(-122.,77.,5.));
#886 = VECTOR('',#887,1.);
#887 = DIRECTION('',(1.,0.,0.));
#888 = ORIENTED_EDGE('',*,*,#889,.F.);
#889 = EDGE_CURVE('',#890,#882,#892,.T.);
#890 = VERTEX_POINT('',#891);
#891 = CARTESIAN_POINT('',(11.277777756998,77.,5.));
#892 = LINE('',#893,#894);
#893 = CARTESIAN_POINT('',(-122.,77.,5.));
#894 = VECTOR('',#895,1.);
#895 = DIRECTION('',(1.,0.,0.));
#896 = ORIENTED_EDGE('',*,*,#897,.F.);
#897 = EDGE_CURVE('',#898,#890,#900,.T.);
#898 = VERTEX_POINT('',#899);
#899 = CARTESIAN_POINT('',(-11.27777790777,77.,5.));
#900 = LINE('',#901,#902);
#901 = CARTESIAN_POINT('',(-122.,77.,5.));
#902 = VECTOR('',#903,1.);
#903 = DIRECTION('',(1.,0.,0.));
#904 = ORIENTED_EDGE('',*,*,#905,.F.);
#905 = EDGE_CURVE('',#906,#898,#908,.T.);
#906 = VERTEX_POINT('',#907);
#907 = CARTESIAN_POINT('',(-33.83333345742,77.,5.));
#908 = LINE('',#909,#910);
#909 = CARTESIAN_POINT('',(-122.,77.,5.));
#910 = VECTOR('',#911,1.);
#911 = DIRECTION('',(1.,0.,0.));
#912 = ORIENTED_EDGE('',*,*,#913,.F.);
#913 = EDGE_CURVE('',#914,#906,#916,.T.);
#914 = VERTEX_POINT('',#915);
#915 = CARTESIAN_POINT('',(-56.38888901297,77.,5.));
#916 = LINE('',#917,#918);
#917 = CARTESIAN_POINT('',(-122.,77.,5.));
#918 = VECTOR('',#919,1.);
#919 = DIRECTION('',(1.,0.,0.));
#920 = ORIENTED_EDGE('',*,*,#921,.F.);
#921 = EDGE_CURVE('',#922,#914,#924,.T.);
#922 = VERTEX_POINT('',#923);
#923 = CARTESIAN_POINT('',(-78.94444444444,77.,5.));
#924 = LINE('',#925,#926);
#925 = CARTESIAN_POINT('',(-122.,77.,5.));
#926 = VECTOR('',#927,1.);
#927 = DIRECTION('',(1.,0.,0.));
#928 = ORIENTED_EDGE('',*,*,#929,.F.);
#929 = EDGE_CURVE('',#632,#922,#930,.T.);
#930 = LINE('',#931,#932);
#931 = CARTESIAN_POINT('',(-122.,77.,5.));
#932 = VECTOR('',#933,1.);
#933 = DIRECTION('',(1.,0.,0.));
#934 = PLANE('',#935);
#935 = AXIS2_PLACEMENT_3D('',#936,#937,#938);
#936 = CARTESIAN_POINT('',(-122.,77.,5.));
#937 = DIRECTION('',(0.,0.984807753012,0.173648177667));
#938 = DIRECTION('',(0.,-0.173648177667,0.984807753012));
#939 = ADVANCED_FACE('',(#940),#967,.T.);
#940 = FACE_BOUND('',#941,.T.);
#941 = EDGE_LOOP('',(#942,#943,#944,#945,#953,#961));
#942 = ORIENTED_EDGE('',*,*,#182,.F.);
#943 = ORIENTED_EDGE('',*,*,#655,.T.);
#944 = ORIENTED_EDGE('',*,*,#613,.T.);
#945 = ORIENTED_EDGE('',*,*,#946,.T.);
#946 = EDGE_CURVE('',#616,#947,#949,.T.);
#947 = VERTEX_POINT('',#948);
#948 = CARTESIAN_POINT('',(-78.94444444444,102.,5.));
#949 = LINE('',#950,#951);
#950 = CARTESIAN_POINT('',(-122.,102.,5.));
#951 = VECTOR('',#952,1.);
#952 = DIRECTION('',(1.,0.,-0.));
#953 = ORIENTED_EDGE('',*,*,#954,.T.);
#954 = EDGE_CURVE('',#947,#955,#957,.T.);
#955 = VERTEX_POINT('',#956);
#956 = CARTESIAN_POINT('',(-62.,102.,5.));
#957 = LINE('',#958,#959);
#958 = CARTESIAN_POINT('',(-122.,102.,5.));
#959 = VECTOR('',#960,1.);
#960 = DIRECTION('',(1.,0.,-0.));
#961 = ORIENTED_EDGE('',*,*,#962,.T.);
#962 = EDGE_CURVE('',#955,#185,#963,.T.);
#963 = LINE('',#964,#965);
#964 = CARTESIAN_POINT('',(-62.,102.,0.));
#965 = VECTOR('',#966,1.);
#966 = DIRECTION('',(-0.,0.,-1.));
#967 = PLANE('',#968);
#968 = AXIS2_PLACEMENT_3D('',#969,#970,#971);
#969 = CARTESIAN_POINT('',(-122.,102.,0.));
#970 = DIRECTION('',(-0.,1.,0.));
#971 = DIRECTION('',(0.,0.,1.));
#972 = ADVANCED_FACE('',(#973),#984,.F.);
#973 = FACE_BOUND('',#974,.F.);
#974 = EDGE_LOOP('',(#975,#981,#982,#983));
#975 = ORIENTED_EDGE('',*,*,#976,.F.);
#976 = EDGE_CURVE('',#185,#236,#977,.T.);
#977 = LINE('',#978,#979);
#978 = CARTESIAN_POINT('',(-122.,102.,0.));
#979 = VECTOR('',#980,1.);
#980 = DIRECTION('',(1.,0.,-0.));
#981 = ORIENTED_EDGE('',*,*,#259,.F.);
#982 = ORIENTED_EDGE('',*,*,#251,.T.);
#983 = ORIENTED_EDGE('',*,*,#243,.T.);
#984 = PLANE('',#985);
#985 = AXIS2_PLACEMENT_3D('',#986,#987,#988);
#986 = CARTESIAN_POINT('',(-122.,0.,0.));
#987 = DIRECTION('',(0.,0.,1.));
#988 = DIRECTION('',(1.,0.,-0.));
#989 = ADVANCED_FACE('',(#990),#1031,.T.);
#990 = FACE_BOUND('',#991,.T.);
#991 = EDGE_LOOP('',(#992,#993,#1001,#1009,#1017,#1025));
#992 = ORIENTED_EDGE('',*,*,#235,.F.);
#993 = ORIENTED_EDGE('',*,*,#994,.F.);
#994 = EDGE_CURVE('',#995,#236,#997,.T.);
#995 = VERTEX_POINT('',#996);
#996 = CARTESIAN_POINT('',(62.,102.,5.));
#997 = LINE('',#998,#999);
#998 = CARTESIAN_POINT('',(62.,102.,0.));
#999 = VECTOR('',#1000,1.);
#1000 = DIRECTION('',(-0.,0.,-1.));
#1001 = ORIENTED_EDGE('',*,*,#1002,.T.);
#1002 = EDGE_CURVE('',#995,#1003,#1005,.T.);
#1003 = VERTEX_POINT('',#1004);
#1004 = CARTESIAN_POINT('',(78.944444615929,102.,5.));
#1005 = LINE('',#1006,#1007);
#1006 = CARTESIAN_POINT('',(-122.,102.,5.));
#1007 = VECTOR('',#1008,1.);
#1008 = DIRECTION('',(1.,0.,-0.));
#1009 = ORIENTED_EDGE('',*,*,#1010,.T.);
#1010 = EDGE_CURVE('',#1003,#1011,#1013,.T.);
#1011 = VERTEX_POINT('',#1012);
#1012 = CARTESIAN_POINT('',(101.5,102.,5.));
#1013 = LINE('',#1014,#1015);
#1014 = CARTESIAN_POINT('',(-122.,102.,5.));
#1015 = VECTOR('',#1016,1.);
#1016 = DIRECTION('',(1.,0.,-0.));
#1017 = ORIENTED_EDGE('',*,*,#1018,.T.);
#1018 = EDGE_CURVE('',#1011,#1019,#1021,.T.);
#1019 = VERTEX_POINT('',#1020);
#1020 = CARTESIAN_POINT('',(120.,102.,5.));
#1021 = LINE('',#1022,#1023);
#1022 = CARTESIAN_POINT('',(-122.,102.,5.));
#1023 = VECTOR('',#1024,1.);
#1024 = DIRECTION('',(1.,0.,-0.));
#1025 = ORIENTED_EDGE('',*,*,#1026,.F.);
#1026 = EDGE_CURVE('',#227,#1019,#1027,.T.);
#1027 = LINE('',#1028,#1029);
#1028 = CARTESIAN_POINT('',(120.,102.,0.));
#1029 = VECTOR('',#1030,1.);
#1030 = DIRECTION('',(0.,0.,1.));
#1031 = PLANE('',#1032);
#1032 = AXIS2_PLACEMENT_3D('',#1033,#1034,#1035);
#1033 = CARTESIAN_POINT('',(-122.,102.,0.));
#1034 = DIRECTION('',(-0.,1.,0.));
#1035 = DIRECTION('',(0.,0.,1.));
#1036 = ADVANCED_FACE('',(#1037),#1049,.T.);
#1037 = FACE_BOUND('',#1038,.T.);
#1038 = EDGE_LOOP('',(#1039,#1040,#1041,#1048));
#1039 = ORIENTED_EDGE('',*,*,#226,.T.);
#1040 = ORIENTED_EDGE('',*,*,#1026,.T.);
#1041 = ORIENTED_EDGE('',*,*,#1042,.F.);
#1042 = EDGE_CURVE('',#680,#1019,#1043,.T.);
#1043 = CIRCLE('',#1044,2.);
#1044 = AXIS2_PLACEMENT_3D('',#1045,#1046,#1047);
#1045 = CARTESIAN_POINT('',(120.,100.,5.));
#1046 = DIRECTION('',(0.,0.,1.));
#1047 = DIRECTION('',(0.,-1.,0.));
#1048 = ORIENTED_EDGE('',*,*,#679,.F.);
#1049 = CYLINDRICAL_SURFACE('',#1050,2.);
#1050 = AXIS2_PLACEMENT_3D('',#1051,#1052,#1053);
#1051 = CARTESIAN_POINT('',(120.,100.,0.));
#1052 = DIRECTION('',(0.,0.,1.));
#1053 = DIRECTION('',(1.,0.,-0.));
#1054 = ADVANCED_FACE('',(#1055),#1080,.T.);
#1055 = FACE_BOUND('',#1056,.T.);
#1056 = EDGE_LOOP('',(#1057,#1065,#1066,#1074));
#1057 = ORIENTED_EDGE('',*,*,#1058,.F.);
#1058 = EDGE_CURVE('',#268,#1059,#1061,.T.);
#1059 = VERTEX_POINT('',#1060);
#1060 = CARTESIAN_POINT('',(-100.,82.,8.));
#1061 = LINE('',#1062,#1063);
#1062 = CARTESIAN_POINT('',(-100.,82.,-1.));
#1063 = VECTOR('',#1064,1.);
#1064 = DIRECTION('',(0.,0.,1.));
#1065 = ORIENTED_EDGE('',*,*,#267,.T.);
#1066 = ORIENTED_EDGE('',*,*,#1067,.T.);
#1067 = EDGE_CURVE('',#270,#1068,#1070,.T.);
#1068 = VERTEX_POINT('',#1069);
#1069 = CARTESIAN_POINT('',(-103.,82.,8.));
#1070 = LINE('',#1071,#1072);
#1071 = CARTESIAN_POINT('',(-103.,82.,-1.));
#1072 = VECTOR('',#1073,1.);
#1073 = DIRECTION('',(0.,0.,1.));
#1074 = ORIENTED_EDGE('',*,*,#1075,.F.);
#1075 = EDGE_CURVE('',#1059,#1068,#1076,.T.);
#1076 = LINE('',#1077,#1078);
#1077 = CARTESIAN_POINT('',(-102.25,82.,8.));
#1078 = VECTOR('',#1079,1.);
#1079 = DIRECTION('',(-1.,-0.,0.));
#1080 = PLANE('',#1081);
#1081 = AXIS2_PLACEMENT_3D('',#1082,#1083,#1084);
#1082 = CARTESIAN_POINT('',(-103.,82.,-1.));
#1083 = DIRECTION('',(-0.,1.,0.));
#1084 = DIRECTION('',(0.,0.,1.));
#1085 = ADVANCED_FACE('',(#1086),#1104,.F.);
#1086 = FACE_BOUND('',#1087,.F.);
#1087 = EDGE_LOOP('',(#1088,#1089,#1090,#1098));
#1088 = ORIENTED_EDGE('',*,*,#1058,.F.);
#1089 = ORIENTED_EDGE('',*,*,#293,.T.);
#1090 = ORIENTED_EDGE('',*,*,#1091,.T.);
#1091 = EDGE_CURVE('',#286,#1092,#1094,.T.);
#1092 = VERTEX_POINT('',#1093);
#1093 = CARTESIAN_POINT('',(-100.,97.,8.));
#1094 = LINE('',#1095,#1096);
#1095 = CARTESIAN_POINT('',(-100.,97.,-1.));
#1096 = VECTOR('',#1097,1.);
#1097 = DIRECTION('',(0.,0.,1.));
#1098 = ORIENTED_EDGE('',*,*,#1099,.F.);
#1099 = EDGE_CURVE('',#1059,#1092,#1100,.T.);
#1100 = LINE('',#1101,#1102);
#1101 = CARTESIAN_POINT('',(-100.,85.75,8.));
#1102 = VECTOR('',#1103,1.);
#1103 = DIRECTION('',(-0.,1.,0.));
#1104 = PLANE('',#1105);
#1105 = AXIS2_PLACEMENT_3D('',#1106,#1107,#1108);
#1106 = CARTESIAN_POINT('',(-100.,82.,-1.));
#1107 = DIRECTION('',(1.,0.,-0.));
#1108 = DIRECTION('',(0.,0.,1.));
#1109 = ADVANCED_FACE('',(#1110),#1128,.T.);
#1110 = FACE_BOUND('',#1111,.T.);
#1111 = EDGE_LOOP('',(#1112,#1113,#1114,#1122));
#1112 = ORIENTED_EDGE('',*,*,#1067,.F.);
#1113 = ORIENTED_EDGE('',*,*,#277,.T.);
#1114 = ORIENTED_EDGE('',*,*,#1115,.T.);
#1115 = EDGE_CURVE('',#278,#1116,#1118,.T.);
#1116 = VERTEX_POINT('',#1117);
#1117 = CARTESIAN_POINT('',(-103.,97.,8.));
#1118 = LINE('',#1119,#1120);
#1119 = CARTESIAN_POINT('',(-103.,97.,-1.));
#1120 = VECTOR('',#1121,1.);
#1121 = DIRECTION('',(0.,0.,1.));
#1122 = ORIENTED_EDGE('',*,*,#1123,.F.);
#1123 = EDGE_CURVE('',#1068,#1116,#1124,.T.);
#1124 = LINE('',#1125,#1126);
#1125 = CARTESIAN_POINT('',(-103.,85.75,8.));
#1126 = VECTOR('',#1127,1.);
#1127 = DIRECTION('',(-0.,1.,0.));
#1128 = PLANE('',#1129);
#1129 = AXIS2_PLACEMENT_3D('',#1130,#1131,#1132);
#1130 = CARTESIAN_POINT('',(-103.,82.,-1.));
#1131 = DIRECTION('',(1.,0.,-0.));
#1132 = DIRECTION('',(0.,0.,1.));
#1133 = ADVANCED_FACE('',(#1134),#1145,.F.);
#1134 = FACE_BOUND('',#1135,.F.);
#1135 = EDGE_LOOP('',(#1136,#1137,#1138,#1139));
#1136 = ORIENTED_EDGE('',*,*,#1091,.F.);
#1137 = ORIENTED_EDGE('',*,*,#285,.T.);
#1138 = ORIENTED_EDGE('',*,*,#1115,.T.);
#1139 = ORIENTED_EDGE('',*,*,#1140,.F.);
#1140 = EDGE_CURVE('',#1092,#1116,#1141,.T.);
#1141 = LINE('',#1142,#1143);
#1142 = CARTESIAN_POINT('',(-102.25,97.,8.));
#1143 = VECTOR('',#1144,1.);
#1144 = DIRECTION('',(-1.,-0.,0.));
#1145 = PLANE('',#1146);
#1146 = AXIS2_PLACEMENT_3D('',#1147,#1148,#1149);
#1147 = CARTESIAN_POINT('',(-103.,97.,-1.));
#1148 = DIRECTION('',(-0.,1.,0.));
#1149 = DIRECTION('',(0.,0.,1.));
#1150 = ADVANCED_FACE('',(#1151),#1176,.T.);
#1151 = FACE_BOUND('',#1152,.T.);
#1152 = EDGE_LOOP('',(#1153,#1161,#1162,#1170));
#1153 = ORIENTED_EDGE('',*,*,#1154,.F.);
#1154 = EDGE_CURVE('',#302,#1155,#1157,.T.);
#1155 = VERTEX_POINT('',#1156);
#1156 = CARTESIAN_POINT('',(-77.44444444444,82.,8.));
#1157 = LINE('',#1158,#1159);
#1158 = CARTESIAN_POINT('',(-77.44444444444,82.,-1.));
#1159 = VECTOR('',#1160,1.);
#1160 = DIRECTION('',(0.,0.,1.));
#1161 = ORIENTED_EDGE('',*,*,#301,.T.);
#1162 = ORIENTED_EDGE('',*,*,#1163,.T.);
#1163 = EDGE_CURVE('',#304,#1164,#1166,.T.);
#1164 = VERTEX_POINT('',#1165);
#1165 = CARTESIAN_POINT('',(-80.44444444444,82.,8.));
#1166 = LINE('',#1167,#1168);
#1167 = CARTESIAN_POINT('',(-80.44444444444,82.,-1.));
#1168 = VECTOR('',#1169,1.);
#1169 = DIRECTION('',(0.,0.,1.));
#1170 = ORIENTED_EDGE('',*,*,#1171,.F.);
#1171 = EDGE_CURVE('',#1155,#1164,#1172,.T.);
#1172 = LINE('',#1173,#1174);
#1173 = CARTESIAN_POINT('',(-79.69444444444,82.,8.));
#1174 = VECTOR('',#1175,1.);
#1175 = DIRECTION('',(-1.,-0.,0.));
#1176 = PLANE('',#1177);
#1177 = AXIS2_PLACEMENT_3D('',#1178,#1179,#1180);
#1178 = CARTESIAN_POINT('',(-80.44444444444,82.,-1.));
#1179 = DIRECTION('',(-0.,1.,0.));
#1180 = DIRECTION('',(0.,0.,1.));
#1181 = ADVANCED_FACE('',(#1182),#1200,.F.);
#1182 = FACE_BOUND('',#1183,.F.);
#1183 = EDGE_LOOP('',(#1184,#1185,#1186,#1194));
#1184 = ORIENTED_EDGE('',*,*,#1154,.F.);
#1185 = ORIENTED_EDGE('',*,*,#327,.T.);
#1186 = ORIENTED_EDGE('',*,*,#1187,.T.);
#1187 = EDGE_CURVE('',#320,#1188,#1190,.T.);
#1188 = VERTEX_POINT('',#1189);
#1189 = CARTESIAN_POINT('',(-77.44444444444,97.,8.));
#1190 = LINE('',#1191,#1192);
#1191 = CARTESIAN_POINT('',(-77.44444444444,97.,-1.));
#1192 = VECTOR('',#1193,1.);
#1193 = DIRECTION('',(0.,0.,1.));
#1194 = ORIENTED_EDGE('',*,*,#1195,.F.);
#1195 = EDGE_CURVE('',#1155,#1188,#1196,.T.);
#1196 = LINE('',#1197,#1198);
#1197 = CARTESIAN_POINT('',(-77.44444444444,85.75,8.));
#1198 = VECTOR('',#1199,1.);
#1199 = DIRECTION('',(-0.,1.,0.));
#1200 = PLANE('',#1201);
#1201 = AXIS2_PLACEMENT_3D('',#1202,#1203,#1204);
#1202 = CARTESIAN_POINT('',(-77.44444444444,82.,-1.));
#1203 = DIRECTION('',(1.,0.,-0.));
#1204 = DIRECTION('',(0.,0.,1.));
#1205 = ADVANCED_FACE('',(#1206),#1224,.T.);
#1206 = FACE_BOUND('',#1207,.T.);
#1207 = EDGE_LOOP('',(#1208,#1209,#1210,#1218));
#1208 = ORIENTED_EDGE('',*,*,#1163,.F.);
#1209 = ORIENTED_EDGE('',*,*,#311,.T.);
#1210 = ORIENTED_EDGE('',*,*,#1211,.T.);
#1211 = EDGE_CURVE('',#312,#1212,#1214,.T.);
#1212 = VERTEX_POINT('',#1213);
#1213 = CARTESIAN_POINT('',(-80.44444444444,97.,8.));
#1214 = LINE('',#1215,#1216);
#1215 = CARTESIAN_POINT('',(-80.44444444444,97.,-1.));
#1216 = VECTOR('',#1217,1.);
#1217 = DIRECTION('',(0.,0.,1.));
#1218 = ORIENTED_EDGE('',*,*,#1219,.F.);
#1219 = EDGE_CURVE('',#1164,#1212,#1220,.T.);
#1220 = LINE('',#1221,#1222);
#1221 = CARTESIAN_POINT('',(-80.44444444444,85.75,8.));
#1222 = VECTOR('',#1223,1.);
#1223 = DIRECTION('',(-0.,1.,0.));
#1224 = PLANE('',#1225);
#1225 = AXIS2_PLACEMENT_3D('',#1226,#1227,#1228);
#1226 = CARTESIAN_POINT('',(-80.44444444444,82.,-1.));
#1227 = DIRECTION('',(1.,0.,-0.));
#1228 = DIRECTION('',(0.,0.,1.));
#1229 = ADVANCED_FACE('',(#1230),#1241,.F.);
#1230 = FACE_BOUND('',#1231,.F.);
#1231 = EDGE_LOOP('',(#1232,#1233,#1234,#1235));
#1232 = ORIENTED_EDGE('',*,*,#1187,.F.);
#1233 = ORIENTED_EDGE('',*,*,#319,.T.);
#1234 = ORIENTED_EDGE('',*,*,#1211,.T.);
#1235 = ORIENTED_EDGE('',*,*,#1236,.F.);
#1236 = EDGE_CURVE('',#1188,#1212,#1237,.T.);
#1237 = LINE('',#1238,#1239);
#1238 = CARTESIAN_POINT('',(-79.69444444444,97.,8.));
#1239 = VECTOR('',#1240,1.);
#1240 = DIRECTION('',(-1.,-0.,0.));
#1241 = PLANE('',#1242);
#1242 = AXIS2_PLACEMENT_3D('',#1243,#1244,#1245);
#1243 = CARTESIAN_POINT('',(-80.44444444444,97.,-1.));
#1244 = DIRECTION('',(-0.,1.,0.));
#1245 = DIRECTION('',(0.,0.,1.));
#1246 = ADVANCED_FACE('',(#1247),#1272,.T.);
#1247 = FACE_BOUND('',#1248,.T.);
#1248 = EDGE_LOOP('',(#1249,#1257,#1258,#1266));
#1249 = ORIENTED_EDGE('',*,*,#1250,.F.);
#1250 = EDGE_CURVE('',#336,#1251,#1253,.T.);
#1251 = VERTEX_POINT('',#1252);
#1252 = CARTESIAN_POINT('',(-54.88888888888,82.,8.));
#1253 = LINE('',#1254,#1255);
#1254 = CARTESIAN_POINT('',(-54.88888888888,82.,-1.));
#1255 = VECTOR('',#1256,1.);
#1256 = DIRECTION('',(0.,0.,1.));
#1257 = ORIENTED_EDGE('',*,*,#335,.T.);
#1258 = ORIENTED_EDGE('',*,*,#1259,.T.);
#1259 = EDGE_CURVE('',#338,#1260,#1262,.T.);
#1260 = VERTEX_POINT('',#1261);
#1261 = CARTESIAN_POINT('',(-57.88888888888,82.,8.));
#1262 = LINE('',#1263,#1264);
#1263 = CARTESIAN_POINT('',(-57.88888888888,82.,-1.));
#1264 = VECTOR('',#1265,1.);
#1265 = DIRECTION('',(0.,0.,1.));
#1266 = ORIENTED_EDGE('',*,*,#1267,.F.);
#1267 = EDGE_CURVE('',#1251,#1260,#1268,.T.);
#1268 = LINE('',#1269,#1270);
#1269 = CARTESIAN_POINT('',(-57.13888888888,82.,8.));
#1270 = VECTOR('',#1271,1.);
#1271 = DIRECTION('',(-1.,-0.,0.));
#1272 = PLANE('',#1273);
#1273 = AXIS2_PLACEMENT_3D('',#1274,#1275,#1276);
#1274 = CARTESIAN_POINT('',(-57.88888888888,82.,-1.));
#1275 = DIRECTION('',(-0.,1.,0.));
#1276 = DIRECTION('',(0.,0.,1.));
#1277 = ADVANCED_FACE('',(#1278),#1296,.F.);
#1278 = FACE_BOUND('',#1279,.F.);
#1279 = EDGE_LOOP('',(#1280,#1281,#1282,#1290));
#1280 = ORIENTED_EDGE('',*,*,#1250,.F.);
#1281 = ORIENTED_EDGE('',*,*,#361,.T.);
#1282 = ORIENTED_EDGE('',*,*,#1283,.T.);
#1283 = EDGE_CURVE('',#354,#1284,#1286,.T.);
#1284 = VERTEX_POINT('',#1285);
#1285 = CARTESIAN_POINT('',(-54.88888888888,97.,8.));
#1286 = LINE('',#1287,#1288);
#1287 = CARTESIAN_POINT('',(-54.88888888888,97.,-1.));
#1288 = VECTOR('',#1289,1.);
#1289 = DIRECTION('',(0.,0.,1.));
#1290 = ORIENTED_EDGE('',*,*,#1291,.F.);
#1291 = EDGE_CURVE('',#1251,#1284,#1292,.T.);
#1292 = LINE('',#1293,#1294);
#1293 = CARTESIAN_POINT('',(-54.88888888888,85.75,8.));
#1294 = VECTOR('',#1295,1.);
#1295 = DIRECTION('',(-0.,1.,0.));
#1296 = PLANE('',#1297);
#1297 = AXIS2_PLACEMENT_3D('',#1298,#1299,#1300);
#1298 = CARTESIAN_POINT('',(-54.88888888888,82.,-1.));
#1299 = DIRECTION('',(1.,0.,-0.));
#1300 = DIRECTION('',(0.,0.,1.));
#1301 = ADVANCED_FACE('',(#1302),#1320,.T.);
#1302 = FACE_BOUND('',#1303,.T.);
#1303 = EDGE_LOOP('',(#1304,#1305,#1306,#1314));
#1304 = ORIENTED_EDGE('',*,*,#1259,.F.);
#1305 = ORIENTED_EDGE('',*,*,#345,.T.);
#1306 = ORIENTED_EDGE('',*,*,#1307,.T.);
#1307 = EDGE_CURVE('',#346,#1308,#1310,.T.);
#1308 = VERTEX_POINT('',#1309);
#1309 = CARTESIAN_POINT('',(-57.88888888888,97.,8.));
#1310 = LINE('',#1311,#1312);
#1311 = CARTESIAN_POINT('',(-57.88888888888,97.,-1.));
#1312 = VECTOR('',#1313,1.);
#1313 = DIRECTION('',(0.,0.,1.));
#1314 = ORIENTED_EDGE('',*,*,#1315,.F.);
#1315 = EDGE_CURVE('',#1260,#1308,#1316,.T.);
#1316 = LINE('',#1317,#1318);
#1317 = CARTESIAN_POINT('',(-57.88888888888,85.75,8.));
#1318 = VECTOR('',#1319,1.);
#1319 = DIRECTION('',(-0.,1.,0.));
#1320 = PLANE('',#1321);
#1321 = AXIS2_PLACEMENT_3D('',#1322,#1323,#1324);
#1322 = CARTESIAN_POINT('',(-57.88888888888,82.,-1.));
#1323 = DIRECTION('',(1.,0.,-0.));
#1324 = DIRECTION('',(0.,0.,1.));
#1325 = ADVANCED_FACE('',(#1326),#1337,.F.);
#1326 = FACE_BOUND('',#1327,.F.);
#1327 = EDGE_LOOP('',(#1328,#1329,#1330,#1331));
#1328 = ORIENTED_EDGE('',*,*,#1283,.F.);
#1329 = ORIENTED_EDGE('',*,*,#353,.T.);
#1330 = ORIENTED_EDGE('',*,*,#1307,.T.);
#1331 = ORIENTED_EDGE('',*,*,#1332,.F.);
#1332 = EDGE_CURVE('',#1284,#1308,#1333,.T.);
#1333 = LINE('',#1334,#1335);
#1334 = CARTESIAN_POINT('',(-57.13888888888,97.,8.));
#1335 = VECTOR('',#1336,1.);
#1336 = DIRECTION('',(-1.,-0.,0.));
#1337 = PLANE('',#1338);
#1338 = AXIS2_PLACEMENT_3D('',#1339,#1340,#1341);
#1339 = CARTESIAN_POINT('',(-57.88888888888,97.,-1.));
#1340 = DIRECTION('',(-0.,1.,0.));
#1341 = DIRECTION('',(0.,0.,1.));
#1342 = ADVANCED_FACE('',(#1343),#1368,.T.);
#1343 = FACE_BOUND('',#1344,.T.);
#1344 = EDGE_LOOP('',(#1345,#1353,#1354,#1362));
#1345 = ORIENTED_EDGE('',*,*,#1346,.F.);
#1346 = EDGE_CURVE('',#370,#1347,#1349,.T.);
#1347 = VERTEX_POINT('',#1348);
#1348 = CARTESIAN_POINT('',(-32.33333333333,82.,8.));
#1349 = LINE('',#1350,#1351);
#1350 = CARTESIAN_POINT('',(-32.33333333333,82.,-1.));
#1351 = VECTOR('',#1352,1.);
#1352 = DIRECTION('',(0.,0.,1.));
#1353 = ORIENTED_EDGE('',*,*,#369,.T.);
#1354 = ORIENTED_EDGE('',*,*,#1355,.T.);
#1355 = EDGE_CURVE('',#372,#1356,#1358,.T.);
#1356 = VERTEX_POINT('',#1357);
#1357 = CARTESIAN_POINT('',(-35.33333333333,82.,8.));
#1358 = LINE('',#1359,#1360);
#1359 = CARTESIAN_POINT('',(-35.33333333333,82.,-1.));
#1360 = VECTOR('',#1361,1.);
#1361 = DIRECTION('',(0.,0.,1.));
#1362 = ORIENTED_EDGE('',*,*,#1363,.F.);
#1363 = EDGE_CURVE('',#1347,#1356,#1364,.T.);
#1364 = LINE('',#1365,#1366);
#1365 = CARTESIAN_POINT('',(-34.58333333333,82.,8.));
#1366 = VECTOR('',#1367,1.);
#1367 = DIRECTION('',(-1.,-0.,0.));
#1368 = PLANE('',#1369);
#1369 = AXIS2_PLACEMENT_3D('',#1370,#1371,#1372);
#1370 = CARTESIAN_POINT('',(-35.33333333333,82.,-1.));
#1371 = DIRECTION('',(-0.,1.,0.));
#1372 = DIRECTION('',(0.,0.,1.));
#1373 = ADVANCED_FACE('',(#1374),#1392,.F.);
#1374 = FACE_BOUND('',#1375,.F.);
#1375 = EDGE_LOOP('',(#1376,#1377,#1378,#1386));
#1376 = ORIENTED_EDGE('',*,*,#1346,.F.);
#1377 = ORIENTED_EDGE('',*,*,#395,.T.);
#1378 = ORIENTED_EDGE('',*,*,#1379,.T.);
#1379 = EDGE_CURVE('',#388,#1380,#1382,.T.);
#1380 = VERTEX_POINT('',#1381);
#1381 = CARTESIAN_POINT('',(-32.33333333333,97.,8.));
#1382 = LINE('',#1383,#1384);
#1383 = CARTESIAN_POINT('',(-32.33333333333,97.,-1.));
#1384 = VECTOR('',#1385,1.);
#1385 = DIRECTION('',(0.,0.,1.));
#1386 = ORIENTED_EDGE('',*,*,#1387,.F.);
#1387 = EDGE_CURVE('',#1347,#1380,#1388,.T.);
#1388 = LINE('',#1389,#1390);
#1389 = CARTESIAN_POINT('',(-32.33333333333,85.75,8.));
#1390 = VECTOR('',#1391,1.);
#1391 = DIRECTION('',(-0.,1.,0.));
#1392 = PLANE('',#1393);
#1393 = AXIS2_PLACEMENT_3D('',#1394,#1395,#1396);
#1394 = CARTESIAN_POINT('',(-32.33333333333,82.,-1.));
#1395 = DIRECTION('',(1.,0.,-0.));
#1396 = DIRECTION('',(0.,0.,1.));
#1397 = ADVANCED_FACE('',(#1398),#1416,.T.);
#1398 = FACE_BOUND('',#1399,.T.);
#1399 = EDGE_LOOP('',(#1400,#1401,#1402,#1410));
#1400 = ORIENTED_EDGE('',*,*,#1355,.F.);
#1401 = ORIENTED_EDGE('',*,*,#379,.T.);
#1402 = ORIENTED_EDGE('',*,*,#1403,.T.);
#1403 = EDGE_CURVE('',#380,#1404,#1406,.T.);
#1404 = VERTEX_POINT('',#1405);
#1405 = CARTESIAN_POINT('',(-35.33333333333,97.,8.));
#1406 = LINE('',#1407,#1408);
#1407 = CARTESIAN_POINT('',(-35.33333333333,97.,-1.));
#1408 = VECTOR('',#1409,1.);
#1409 = DIRECTION('',(0.,0.,1.));
#1410 = ORIENTED_EDGE('',*,*,#1411,.F.);
#1411 = EDGE_CURVE('',#1356,#1404,#1412,.T.);
#1412 = LINE('',#1413,#1414);
#1413 = CARTESIAN_POINT('',(-35.33333333333,85.75,8.));
#1414 = VECTOR('',#1415,1.);
#1415 = DIRECTION('',(-0.,1.,0.));
#1416 = PLANE('',#1417);
#1417 = AXIS2_PLACEMENT_3D('',#1418,#1419,#1420);
#1418 = CARTESIAN_POINT('',(-35.33333333333,82.,-1.));
#1419 = DIRECTION('',(1.,0.,-0.));
#1420 = DIRECTION('',(0.,0.,1.));
#1421 = ADVANCED_FACE('',(#1422),#1433,.F.);
#1422 = FACE_BOUND('',#1423,.F.);
#1423 = EDGE_LOOP('',(#1424,#1425,#1426,#1427));
#1424 = ORIENTED_EDGE('',*,*,#1379,.F.);
#1425 = ORIENTED_EDGE('',*,*,#387,.T.);
#1426 = ORIENTED_EDGE('',*,*,#1403,.T.);
#1427 = ORIENTED_EDGE('',*,*,#1428,.F.);
#1428 = EDGE_CURVE('',#1380,#1404,#1429,.T.);
#1429 = LINE('',#1430,#1431);
#1430 = CARTESIAN_POINT('',(-34.58333333333,97.,8.));
#1431 = VECTOR('',#1432,1.);
#1432 = DIRECTION('',(-1.,-0.,0.));
#1433 = PLANE('',#1434);
#1434 = AXIS2_PLACEMENT_3D('',#1435,#1436,#1437);
#1435 = CARTESIAN_POINT('',(-35.33333333333,97.,-1.));
#1436 = DIRECTION('',(-0.,1.,0.));
#1437 = DIRECTION('',(0.,0.,1.));
#1438 = ADVANCED_FACE('',(#1439),#1464,.T.);
#1439 = FACE_BOUND('',#1440,.T.);
#1440 = EDGE_LOOP('',(#1441,#1449,#1450,#1458));
#1441 = ORIENTED_EDGE('',*,*,#1442,.F.);
#1442 = EDGE_CURVE('',#404,#1443,#1445,.T.);
#1443 = VERTEX_POINT('',#1444);
#1444 = CARTESIAN_POINT('',(-9.777777777778,82.,8.));
#1445 = LINE('',#1446,#1447);
#1446 = CARTESIAN_POINT('',(-9.777777777778,82.,-1.));
#1447 = VECTOR('',#1448,1.);
#1448 = DIRECTION('',(0.,0.,1.));
#1449 = ORIENTED_EDGE('',*,*,#403,.T.);
#1450 = ORIENTED_EDGE('',*,*,#1451,.T.);
#1451 = EDGE_CURVE('',#406,#1452,#1454,.T.);
#1452 = VERTEX_POINT('',#1453);
#1453 = CARTESIAN_POINT('',(-12.77777777777,82.,8.));
#1454 = LINE('',#1455,#1456);
#1455 = CARTESIAN_POINT('',(-12.77777777777,82.,-1.));
#1456 = VECTOR('',#1457,1.);
#1457 = DIRECTION('',(0.,0.,1.));
#1458 = ORIENTED_EDGE('',*,*,#1459,.F.);
#1459 = EDGE_CURVE('',#1443,#1452,#1460,.T.);
#1460 = LINE('',#1461,#1462);
#1461 = CARTESIAN_POINT('',(-12.02777777777,82.,8.));
#1462 = VECTOR('',#1463,1.);
#1463 = DIRECTION('',(-1.,-0.,0.));
#1464 = PLANE('',#1465);
#1465 = AXIS2_PLACEMENT_3D('',#1466,#1467,#1468);
#1466 = CARTESIAN_POINT('',(-12.77777777777,82.,-1.));
#1467 = DIRECTION('',(-0.,1.,0.));
#1468 = DIRECTION('',(0.,0.,1.));
#1469 = ADVANCED_FACE('',(#1470),#1488,.F.);
#1470 = FACE_BOUND('',#1471,.F.);
#1471 = EDGE_LOOP('',(#1472,#1473,#1474,#1482));
#1472 = ORIENTED_EDGE('',*,*,#1442,.F.);
#1473 = ORIENTED_EDGE('',*,*,#429,.T.);
#1474 = ORIENTED_EDGE('',*,*,#1475,.T.);
#1475 = EDGE_CURVE('',#422,#1476,#1478,.T.);
#1476 = VERTEX_POINT('',#1477);
#1477 = CARTESIAN_POINT('',(-9.777777777778,97.,8.));
#1478 = LINE('',#1479,#1480);
#1479 = CARTESIAN_POINT('',(-9.777777777778,97.,-1.));
#1480 = VECTOR('',#1481,1.);
#1481 = DIRECTION('',(0.,0.,1.));
#1482 = ORIENTED_EDGE('',*,*,#1483,.F.);
#1483 = EDGE_CURVE('',#1443,#1476,#1484,.T.);
#1484 = LINE('',#1485,#1486);
#1485 = CARTESIAN_POINT('',(-9.777777777778,85.75,8.));
#1486 = VECTOR('',#1487,1.);
#1487 = DIRECTION('',(-0.,1.,0.));
#1488 = PLANE('',#1489);
#1489 = AXIS2_PLACEMENT_3D('',#1490,#1491,#1492);
#1490 = CARTESIAN_POINT('',(-9.777777777778,82.,-1.));
#1491 = DIRECTION('',(1.,0.,-0.));
#1492 = DIRECTION('',(0.,0.,1.));
#1493 = ADVANCED_FACE('',(#1494),#1512,.T.);
#1494 = FACE_BOUND('',#1495,.T.);
#1495 = EDGE_LOOP('',(#1496,#1497,#1498,#1506));
#1496 = ORIENTED_EDGE('',*,*,#1451,.F.);
#1497 = ORIENTED_EDGE('',*,*,#413,.T.);
#1498 = ORIENTED_EDGE('',*,*,#1499,.T.);
#1499 = EDGE_CURVE('',#414,#1500,#1502,.T.);
#1500 = VERTEX_POINT('',#1501);
#1501 = CARTESIAN_POINT('',(-12.77777777777,97.,8.));
#1502 = LINE('',#1503,#1504);
#1503 = CARTESIAN_POINT('',(-12.77777777777,97.,-1.));
#1504 = VECTOR('',#1505,1.);
#1505 = DIRECTION('',(0.,0.,1.));
#1506 = ORIENTED_EDGE('',*,*,#1507,.F.);
#1507 = EDGE_CURVE('',#1452,#1500,#1508,.T.);
#1508 = LINE('',#1509,#1510);
#1509 = CARTESIAN_POINT('',(-12.77777777777,85.75,8.));
#1510 = VECTOR('',#1511,1.);
#1511 = DIRECTION('',(-0.,1.,0.));
#1512 = PLANE('',#1513);
#1513 = AXIS2_PLACEMENT_3D('',#1514,#1515,#1516);
#1514 = CARTESIAN_POINT('',(-12.77777777777,82.,-1.));
#1515 = DIRECTION('',(1.,0.,-0.));
#1516 = DIRECTION('',(0.,0.,1.));
#1517 = ADVANCED_FACE('',(#1518),#1529,.F.);
#1518 = FACE_BOUND('',#1519,.F.);
#1519 = EDGE_LOOP('',(#1520,#1521,#1522,#1523));
#1520 = ORIENTED_EDGE('',*,*,#1475,.F.);
#1521 = ORIENTED_EDGE('',*,*,#421,.T.);
#1522 = ORIENTED_EDGE('',*,*,#1499,.T.);
#1523 = ORIENTED_EDGE('',*,*,#1524,.F.);
#1524 = EDGE_CURVE('',#1476,#1500,#1525,.T.);
#1525 = LINE('',#1526,#1527);
#1526 = CARTESIAN_POINT('',(-12.02777777777,97.,8.));
#1527 = VECTOR('',#1528,1.);
#1528 = DIRECTION('',(-1.,-0.,0.));
#1529 = PLANE('',#1530);
#1530 = AXIS2_PLACEMENT_3D('',#1531,#1532,#1533);
#1531 = CARTESIAN_POINT('',(-12.77777777777,97.,-1.));
#1532 = DIRECTION('',(-0.,1.,0.));
#1533 = DIRECTION('',(0.,0.,1.));
#1534 = ADVANCED_FACE('',(#1535),#1560,.T.);
#1535 = FACE_BOUND('',#1536,.T.);
#1536 = EDGE_LOOP('',(#1537,#1545,#1546,#1554));
#1537 = ORIENTED_EDGE('',*,*,#1538,.F.);
#1538 = EDGE_CURVE('',#438,#1539,#1541,.T.);
#1539 = VERTEX_POINT('',#1540);
#1540 = CARTESIAN_POINT('',(12.777777777778,82.,8.));
#1541 = LINE('',#1542,#1543);
#1542 = CARTESIAN_POINT('',(12.777777777778,82.,-1.));
#1543 = VECTOR('',#1544,1.);
#1544 = DIRECTION('',(0.,0.,1.));
#1545 = ORIENTED_EDGE('',*,*,#437,.T.);
#1546 = ORIENTED_EDGE('',*,*,#1547,.T.);
#1547 = EDGE_CURVE('',#440,#1548,#1550,.T.);
#1548 = VERTEX_POINT('',#1549);
#1549 = CARTESIAN_POINT('',(9.777777777778,82.,8.));
#1550 = LINE('',#1551,#1552);
#1551 = CARTESIAN_POINT('',(9.777777777778,82.,-1.));
#1552 = VECTOR('',#1553,1.);
#1553 = DIRECTION('',(0.,0.,1.));
#1554 = ORIENTED_EDGE('',*,*,#1555,.F.);
#1555 = EDGE_CURVE('',#1539,#1548,#1556,.T.);
#1556 = LINE('',#1557,#1558);
#1557 = CARTESIAN_POINT('',(10.527777777778,82.,8.));
#1558 = VECTOR('',#1559,1.);
#1559 = DIRECTION('',(-1.,-0.,0.));
#1560 = PLANE('',#1561);
#1561 = AXIS2_PLACEMENT_3D('',#1562,#1563,#1564);
#1562 = CARTESIAN_POINT('',(9.777777777778,82.,-1.));
#1563 = DIRECTION('',(-0.,1.,0.));
#1564 = DIRECTION('',(0.,0.,1.));
#1565 = ADVANCED_FACE('',(#1566),#1584,.F.);
#1566 = FACE_BOUND('',#1567,.F.);
#1567 = EDGE_LOOP('',(#1568,#1569,#1570,#1578));
#1568 = ORIENTED_EDGE('',*,*,#1538,.F.);
#1569 = ORIENTED_EDGE('',*,*,#463,.T.);
#1570 = ORIENTED_EDGE('',*,*,#1571,.T.);
#1571 = EDGE_CURVE('',#456,#1572,#1574,.T.);
#1572 = VERTEX_POINT('',#1573);
#1573 = CARTESIAN_POINT('',(12.777777777778,97.,8.));
#1574 = LINE('',#1575,#1576);
#1575 = CARTESIAN_POINT('',(12.777777777778,97.,-1.));
#1576 = VECTOR('',#1577,1.);
#1577 = DIRECTION('',(0.,0.,1.));
#1578 = ORIENTED_EDGE('',*,*,#1579,.F.);
#1579 = EDGE_CURVE('',#1539,#1572,#1580,.T.);
#1580 = LINE('',#1581,#1582);
#1581 = CARTESIAN_POINT('',(12.777777777778,85.75,8.));
#1582 = VECTOR('',#1583,1.);
#1583 = DIRECTION('',(-0.,1.,0.));
#1584 = PLANE('',#1585);
#1585 = AXIS2_PLACEMENT_3D('',#1586,#1587,#1588);
#1586 = CARTESIAN_POINT('',(12.777777777778,82.,-1.));
#1587 = DIRECTION('',(1.,0.,-0.));
#1588 = DIRECTION('',(0.,0.,1.));
#1589 = ADVANCED_FACE('',(#1590),#1608,.T.);
#1590 = FACE_BOUND('',#1591,.T.);
#1591 = EDGE_LOOP('',(#1592,#1593,#1594,#1602));
#1592 = ORIENTED_EDGE('',*,*,#1547,.F.);
#1593 = ORIENTED_EDGE('',*,*,#447,.T.);
#1594 = ORIENTED_EDGE('',*,*,#1595,.T.);
#1595 = EDGE_CURVE('',#448,#1596,#1598,.T.);
#1596 = VERTEX_POINT('',#1597);
#1597 = CARTESIAN_POINT('',(9.777777777778,97.,8.));
#1598 = LINE('',#1599,#1600);
#1599 = CARTESIAN_POINT('',(9.777777777778,97.,-1.));
#1600 = VECTOR('',#1601,1.);
#1601 = DIRECTION('',(0.,0.,1.));
#1602 = ORIENTED_EDGE('',*,*,#1603,.F.);
#1603 = EDGE_CURVE('',#1548,#1596,#1604,.T.);
#1604 = LINE('',#1605,#1606);
#1605 = CARTESIAN_POINT('',(9.777777777778,85.75,8.));
#1606 = VECTOR('',#1607,1.);
#1607 = DIRECTION('',(-0.,1.,0.));
#1608 = PLANE('',#1609);
#1609 = AXIS2_PLACEMENT_3D('',#1610,#1611,#1612);
#1610 = CARTESIAN_POINT('',(9.777777777778,82.,-1.));
#1611 = DIRECTION('',(1.,0.,-0.));
#1612 = DIRECTION('',(0.,0.,1.));
#1613 = ADVANCED_FACE('',(#1614),#1625,.F.);
#1614 = FACE_BOUND('',#1615,.F.);
#1615 = EDGE_LOOP('',(#1616,#1617,#1618,#1619));
#1616 = ORIENTED_EDGE('',*,*,#1571,.F.);
#1617 = ORIENTED_EDGE('',*,*,#455,.T.);
#1618 = ORIENTED_EDGE('',*,*,#1595,.T.);
#1619 = ORIENTED_EDGE('',*,*,#1620,.F.);
#1620 = EDGE_CURVE('',#1572,#1596,#1621,.T.);
#1621 = LINE('',#1622,#1623);
#1622 = CARTESIAN_POINT('',(10.527777777778,97.,8.));
#1623 = VECTOR('',#1624,1.);
#1624 = DIRECTION('',(-1.,-0.,0.));
#1625 = PLANE('',#1626);
#1626 = AXIS2_PLACEMENT_3D('',#1627,#1628,#1629);
#1627 = CARTESIAN_POINT('',(9.777777777778,97.,-1.));
#1628 = DIRECTION('',(-0.,1.,0.));
#1629 = DIRECTION('',(0.,0.,1.));
#1630 = ADVANCED_FACE('',(#1631),#1656,.T.);
#1631 = FACE_BOUND('',#1632,.T.);
#1632 = EDGE_LOOP('',(#1633,#1641,#1642,#1650));
#1633 = ORIENTED_EDGE('',*,*,#1634,.F.);
#1634 = EDGE_CURVE('',#472,#1635,#1637,.T.);
#1635 = VERTEX_POINT('',#1636);
#1636 = CARTESIAN_POINT('',(35.333333333333,82.,8.));
#1637 = LINE('',#1638,#1639);
#1638 = CARTESIAN_POINT('',(35.333333333333,82.,-1.));
#1639 = VECTOR('',#1640,1.);
#1640 = DIRECTION('',(0.,0.,1.));
#1641 = ORIENTED_EDGE('',*,*,#471,.T.);
#1642 = ORIENTED_EDGE('',*,*,#1643,.T.);
#1643 = EDGE_CURVE('',#474,#1644,#1646,.T.);
#1644 = VERTEX_POINT('',#1645);
#1645 = CARTESIAN_POINT('',(32.333333333333,82.,8.));
#1646 = LINE('',#1647,#1648);
#1647 = CARTESIAN_POINT('',(32.333333333333,82.,-1.));
#1648 = VECTOR('',#1649,1.);
#1649 = DIRECTION('',(0.,0.,1.));
#1650 = ORIENTED_EDGE('',*,*,#1651,.F.);
#1651 = EDGE_CURVE('',#1635,#1644,#1652,.T.);
#1652 = LINE('',#1653,#1654);
#1653 = CARTESIAN_POINT('',(33.083333333333,82.,8.));
#1654 = VECTOR('',#1655,1.);
#1655 = DIRECTION('',(-1.,-0.,0.));
#1656 = PLANE('',#1657);
#1657 = AXIS2_PLACEMENT_3D('',#1658,#1659,#1660);
#1658 = CARTESIAN_POINT('',(32.333333333333,82.,-1.));
#1659 = DIRECTION('',(-0.,1.,0.));
#1660 = DIRECTION('',(0.,0.,1.));
#1661 = ADVANCED_FACE('',(#1662),#1680,.F.);
#1662 = FACE_BOUND('',#1663,.F.);
#1663 = EDGE_LOOP('',(#1664,#1665,#1666,#1674));
#1664 = ORIENTED_EDGE('',*,*,#1634,.F.);
#1665 = ORIENTED_EDGE('',*,*,#497,.T.);
#1666 = ORIENTED_EDGE('',*,*,#1667,.T.);
#1667 = EDGE_CURVE('',#490,#1668,#1670,.T.);
#1668 = VERTEX_POINT('',#1669);
#1669 = CARTESIAN_POINT('',(35.333333333333,97.,8.));
#1670 = LINE('',#1671,#1672);
#1671 = CARTESIAN_POINT('',(35.333333333333,97.,-1.));
#1672 = VECTOR('',#1673,1.);
#1673 = DIRECTION('',(0.,0.,1.));
#1674 = ORIENTED_EDGE('',*,*,#1675,.F.);
#1675 = EDGE_CURVE('',#1635,#1668,#1676,.T.);
#1676 = LINE('',#1677,#1678);
#1677 = CARTESIAN_POINT('',(35.333333333333,85.75,8.));
#1678 = VECTOR('',#1679,1.);
#1679 = DIRECTION('',(-0.,1.,0.));
#1680 = PLANE('',#1681);
#1681 = AXIS2_PLACEMENT_3D('',#1682,#1683,#1684);
#1682 = CARTESIAN_POINT('',(35.333333333333,82.,-1.));
#1683 = DIRECTION('',(1.,0.,-0.));
#1684 = DIRECTION('',(0.,0.,1.));
#1685 = ADVANCED_FACE('',(#1686),#1704,.T.);
#1686 = FACE_BOUND('',#1687,.T.);
#1687 = EDGE_LOOP('',(#1688,#1689,#1690,#1698));
#1688 = ORIENTED_EDGE('',*,*,#1643,.F.);
#1689 = ORIENTED_EDGE('',*,*,#481,.T.);
#1690 = ORIENTED_EDGE('',*,*,#1691,.T.);
#1691 = EDGE_CURVE('',#482,#1692,#1694,.T.);
#1692 = VERTEX_POINT('',#1693);
#1693 = CARTESIAN_POINT('',(32.333333333333,97.,8.));
#1694 = LINE('',#1695,#1696);
#1695 = CARTESIAN_POINT('',(32.333333333333,97.,-1.));
#1696 = VECTOR('',#1697,1.);
#1697 = DIRECTION('',(0.,0.,1.));
#1698 = ORIENTED_EDGE('',*,*,#1699,.F.);
#1699 = EDGE_CURVE('',#1644,#1692,#1700,.T.);
#1700 = LINE('',#1701,#1702);
#1701 = CARTESIAN_POINT('',(32.333333333333,85.75,8.));
#1702 = VECTOR('',#1703,1.);
#1703 = DIRECTION('',(-0.,1.,0.));
#1704 = PLANE('',#1705);
#1705 = AXIS2_PLACEMENT_3D('',#1706,#1707,#1708);
#1706 = CARTESIAN_POINT('',(32.333333333333,82.,-1.));
#1707 = DIRECTION('',(1.,0.,-0.));
#1708 = DIRECTION('',(0.,0.,1.));
#1709 = ADVANCED_FACE('',(#1710),#1721,.F.);
#1710 = FACE_BOUND('',#1711,.F.);
#1711 = EDGE_LOOP('',(#1712,#1713,#1714,#1715));
#1712 = ORIENTED_EDGE('',*,*,#1667,.F.);
#1713 = ORIENTED_EDGE('',*,*,#489,.T.);
#1714 = ORIENTED_EDGE('',*,*,#1691,.T.);
#1715 = ORIENTED_EDGE('',*,*,#1716,.F.);
#1716 = EDGE_CURVE('',#1668,#1692,#1717,.T.);
#1717 = LINE('',#1718,#1719);
#1718 = CARTESIAN_POINT('',(33.083333333333,97.,8.));
#1719 = VECTOR('',#1720,1.);
#1720 = DIRECTION('',(-1.,-0.,0.));
#1721 = PLANE('',#1722);
#1722 = AXIS2_PLACEMENT_3D('',#1723,#1724,#1725);
#1723 = CARTESIAN_POINT('',(32.333333333333,97.,-1.));
#1724 = DIRECTION('',(-0.,1.,0.));
#1725 = DIRECTION('',(0.,0.,1.));
#1726 = ADVANCED_FACE('',(#1727),#1752,.T.);
#1727 = FACE_BOUND('',#1728,.T.);
#1728 = EDGE_LOOP('',(#1729,#1737,#1738,#1746));
#1729 = ORIENTED_EDGE('',*,*,#1730,.F.);
#1730 = EDGE_CURVE('',#506,#1731,#1733,.T.);
#1731 = VERTEX_POINT('',#1732);
#1732 = CARTESIAN_POINT('',(57.888888888889,82.,8.));
#1733 = LINE('',#1734,#1735);
#1734 = CARTESIAN_POINT('',(57.888888888889,82.,-1.));
#1735 = VECTOR('',#1736,1.);
#1736 = DIRECTION('',(0.,0.,1.));
#1737 = ORIENTED_EDGE('',*,*,#505,.T.);
#1738 = ORIENTED_EDGE('',*,*,#1739,.T.);
#1739 = EDGE_CURVE('',#508,#1740,#1742,.T.);
#1740 = VERTEX_POINT('',#1741);
#1741 = CARTESIAN_POINT('',(54.888888888889,82.,8.));
#1742 = LINE('',#1743,#1744);
#1743 = CARTESIAN_POINT('',(54.888888888889,82.,-1.));
#1744 = VECTOR('',#1745,1.);
#1745 = DIRECTION('',(0.,0.,1.));
#1746 = ORIENTED_EDGE('',*,*,#1747,.F.);
#1747 = EDGE_CURVE('',#1731,#1740,#1748,.T.);
#1748 = LINE('',#1749,#1750);
#1749 = CARTESIAN_POINT('',(55.638888888889,82.,8.));
#1750 = VECTOR('',#1751,1.);
#1751 = DIRECTION('',(-1.,-0.,0.));
#1752 = PLANE('',#1753);
#1753 = AXIS2_PLACEMENT_3D('',#1754,#1755,#1756);
#1754 = CARTESIAN_POINT('',(54.888888888889,82.,-1.));
#1755 = DIRECTION('',(-0.,1.,0.));
#1756 = DIRECTION('',(0.,0.,1.));
#1757 = ADVANCED_FACE('',(#1758),#1776,.F.);
#1758 = FACE_BOUND('',#1759,.F.);
#1759 = EDGE_LOOP('',(#1760,#1761,#1762,#1770));
#1760 = ORIENTED_EDGE('',*,*,#1730,.F.);
#1761 = ORIENTED_EDGE('',*,*,#531,.T.);
#1762 = ORIENTED_EDGE('',*,*,#1763,.T.);
#1763 = EDGE_CURVE('',#524,#1764,#1766,.T.);
#1764 = VERTEX_POINT('',#1765);
#1765 = CARTESIAN_POINT('',(57.888888888889,97.,8.));
#1766 = LINE('',#1767,#1768);
#1767 = CARTESIAN_POINT('',(57.888888888889,97.,-1.));
#1768 = VECTOR('',#1769,1.);
#1769 = DIRECTION('',(0.,0.,1.));
#1770 = ORIENTED_EDGE('',*,*,#1771,.F.);
#1771 = EDGE_CURVE('',#1731,#1764,#1772,.T.);
#1772 = LINE('',#1773,#1774);
#1773 = CARTESIAN_POINT('',(57.888888888889,85.75,8.));
#1774 = VECTOR('',#1775,1.);
#1775 = DIRECTION('',(-0.,1.,0.));
#1776 = PLANE('',#1777);
#1777 = AXIS2_PLACEMENT_3D('',#1778,#1779,#1780);
#1778 = CARTESIAN_POINT('',(57.888888888889,82.,-1.));
#1779 = DIRECTION('',(1.,0.,-0.));
#1780 = DIRECTION('',(0.,0.,1.));
#1781 = ADVANCED_FACE('',(#1782),#1800,.T.);
#1782 = FACE_BOUND('',#1783,.T.);
#1783 = EDGE_LOOP('',(#1784,#1785,#1786,#1794));
#1784 = ORIENTED_EDGE('',*,*,#1739,.F.);
#1785 = ORIENTED_EDGE('',*,*,#515,.T.);
#1786 = ORIENTED_EDGE('',*,*,#1787,.T.);
#1787 = EDGE_CURVE('',#516,#1788,#1790,.T.);
#1788 = VERTEX_POINT('',#1789);
#1789 = CARTESIAN_POINT('',(54.888888888889,97.,8.));
#1790 = LINE('',#1791,#1792);
#1791 = CARTESIAN_POINT('',(54.888888888889,97.,-1.));
#1792 = VECTOR('',#1793,1.);
#1793 = DIRECTION('',(0.,0.,1.));
#1794 = ORIENTED_EDGE('',*,*,#1795,.F.);
#1795 = EDGE_CURVE('',#1740,#1788,#1796,.T.);
#1796 = LINE('',#1797,#1798);
#1797 = CARTESIAN_POINT('',(54.888888888889,85.75,8.));
#1798 = VECTOR('',#1799,1.);
#1799 = DIRECTION('',(-0.,1.,0.));
#1800 = PLANE('',#1801);
#1801 = AXIS2_PLACEMENT_3D('',#1802,#1803,#1804);
#1802 = CARTESIAN_POINT('',(54.888888888889,82.,-1.));
#1803 = DIRECTION('',(1.,0.,-0.));
#1804 = DIRECTION('',(0.,0.,1.));
#1805 = ADVANCED_FACE('',(#1806),#1817,.F.);
#1806 = FACE_BOUND('',#1807,.F.);
#1807 = EDGE_LOOP('',(#1808,#1809,#1810,#1811));
#1808 = ORIENTED_EDGE('',*,*,#1763,.F.);
#1809 = ORIENTED_EDGE('',*,*,#523,.T.);
#1810 = ORIENTED_EDGE('',*,*,#1787,.T.);
#1811 = ORIENTED_EDGE('',*,*,#1812,.F.);
#1812 = EDGE_CURVE('',#1764,#1788,#1813,.T.);
#1813 = LINE('',#1814,#1815);
#1814 = CARTESIAN_POINT('',(55.638888888889,97.,8.));
#1815 = VECTOR('',#1816,1.);
#1816 = DIRECTION('',(-1.,-0.,0.));
#1817 = PLANE('',#1818);
#1818 = AXIS2_PLACEMENT_3D('',#1819,#1820,#1821);
#1819 = CARTESIAN_POINT('',(54.888888888889,97.,-1.));
#1820 = DIRECTION('',(-0.,1.,0.));
#1821 = DIRECTION('',(0.,0.,1.));
#1822 = ADVANCED_FACE('',(#1823),#1848,.T.);
#1823 = FACE_BOUND('',#1824,.T.);
#1824 = EDGE_LOOP('',(#1825,#1833,#1834,#1842));
#1825 = ORIENTED_EDGE('',*,*,#1826,.F.);
#1826 = EDGE_CURVE('',#540,#1827,#1829,.T.);
#1827 = VERTEX_POINT('',#1828);
#1828 = CARTESIAN_POINT('',(80.444444444444,82.,8.));
#1829 = LINE('',#1830,#1831);
#1830 = CARTESIAN_POINT('',(80.444444444444,82.,-1.));
#1831 = VECTOR('',#1832,1.);
#1832 = DIRECTION('',(0.,0.,1.));
#1833 = ORIENTED_EDGE('',*,*,#539,.T.);
#1834 = ORIENTED_EDGE('',*,*,#1835,.T.);
#1835 = EDGE_CURVE('',#542,#1836,#1838,.T.);
#1836 = VERTEX_POINT('',#1837);
#1837 = CARTESIAN_POINT('',(77.444444444444,82.,8.));
#1838 = LINE('',#1839,#1840);
#1839 = CARTESIAN_POINT('',(77.444444444444,82.,-1.));
#1840 = VECTOR('',#1841,1.);
#1841 = DIRECTION('',(0.,0.,1.));
#1842 = ORIENTED_EDGE('',*,*,#1843,.F.);
#1843 = EDGE_CURVE('',#1827,#1836,#1844,.T.);
#1844 = LINE('',#1845,#1846);
#1845 = CARTESIAN_POINT('',(78.194444444444,82.,8.));
#1846 = VECTOR('',#1847,1.);
#1847 = DIRECTION('',(-1.,-0.,0.));
#1848 = PLANE('',#1849);
#1849 = AXIS2_PLACEMENT_3D('',#1850,#1851,#1852);
#1850 = CARTESIAN_POINT('',(77.444444444444,82.,-1.));
#1851 = DIRECTION('',(-0.,1.,0.));
#1852 = DIRECTION('',(0.,0.,1.));
#1853 = ADVANCED_FACE('',(#1854),#1872,.F.);
#1854 = FACE_BOUND('',#1855,.F.);
#1855 = EDGE_LOOP('',(#1856,#1857,#1858,#1866));
#1856 = ORIENTED_EDGE('',*,*,#1826,.F.);
#1857 = ORIENTED_EDGE('',*,*,#565,.T.);
#1858 = ORIENTED_EDGE('',*,*,#1859,.T.);
#1859 = EDGE_CURVE('',#558,#1860,#1862,.T.);
#1860 = VERTEX_POINT('',#1861);
#1861 = CARTESIAN_POINT('',(80.444444444444,97.,8.));
#1862 = LINE('',#1863,#1864);
#1863 = CARTESIAN_POINT('',(80.444444444444,97.,-1.));
#1864 = VECTOR('',#1865,1.);
#1865 = DIRECTION('',(0.,0.,1.));
#1866 = ORIENTED_EDGE('',*,*,#1867,.F.);
#1867 = EDGE_CURVE('',#1827,#1860,#1868,.T.);
#1868 = LINE('',#1869,#1870);
#1869 = CARTESIAN_POINT('',(80.444444444444,85.75,8.));
#1870 = VECTOR('',#1871,1.);
#1871 = DIRECTION('',(-0.,1.,0.));
#1872 = PLANE('',#1873);
#1873 = AXIS2_PLACEMENT_3D('',#1874,#1875,#1876);
#1874 = CARTESIAN_POINT('',(80.444444444444,82.,-1.));
#1875 = DIRECTION('',(1.,0.,-0.));
#1876 = DIRECTION('',(0.,0.,1.));
#1877 = ADVANCED_FACE('',(#1878),#1896,.T.);
#1878 = FACE_BOUND('',#1879,.T.);
#1879 = EDGE_LOOP('',(#1880,#1881,#1882,#1890));
#1880 = ORIENTED_EDGE('',*,*,#1835,.F.);
#1881 = ORIENTED_EDGE('',*,*,#549,.T.);
#1882 = ORIENTED_EDGE('',*,*,#1883,.T.);
#1883 = EDGE_CURVE('',#550,#1884,#1886,.T.);
#1884 = VERTEX_POINT('',#1885);
#1885 = CARTESIAN_POINT('',(77.444444444444,97.,8.));
#1886 = LINE('',#1887,#1888);
#1887 = CARTESIAN_POINT('',(77.444444444444,97.,-1.));
#1888 = VECTOR('',#1889,1.);
#1889 = DIRECTION('',(0.,0.,1.));
#1890 = ORIENTED_EDGE('',*,*,#1891,.F.);
#1891 = EDGE_CURVE('',#1836,#1884,#1892,.T.);
#1892 = LINE('',#1893,#1894);
#1893 = CARTESIAN_POINT('',(77.444444444444,85.75,8.));
#1894 = VECTOR('',#1895,1.);
#1895 = DIRECTION('',(-0.,1.,0.));
#1896 = PLANE('',#1897);
#1897 = AXIS2_PLACEMENT_3D('',#1898,#1899,#1900);
#1898 = CARTESIAN_POINT('',(77.444444444444,82.,-1.));
#1899 = DIRECTION('',(1.,0.,-0.));
#1900 = DIRECTION('',(0.,0.,1.));
#1901 = ADVANCED_FACE('',(#1902),#1913,.F.);
#1902 = FACE_BOUND('',#1903,.F.);
#1903 = EDGE_LOOP('',(#1904,#1905,#1906,#1907));
#1904 = ORIENTED_EDGE('',*,*,#1859,.F.);
#1905 = ORIENTED_EDGE('',*,*,#557,.T.);
#1906 = ORIENTED_EDGE('',*,*,#1883,.T.);
#1907 = ORIENTED_EDGE('',*,*,#1908,.F.);
#1908 = EDGE_CURVE('',#1860,#1884,#1909,.T.);
#1909 = LINE('',#1910,#1911);
#1910 = CARTESIAN_POINT('',(78.194444444444,97.,8.));
#1911 = VECTOR('',#1912,1.);
#1912 = DIRECTION('',(-1.,-0.,0.));
#1913 = PLANE('',#1914);
#1914 = AXIS2_PLACEMENT_3D('',#1915,#1916,#1917);
#1915 = CARTESIAN_POINT('',(77.444444444444,97.,-1.));
#1916 = DIRECTION('',(-0.,1.,0.));
#1917 = DIRECTION('',(0.,0.,1.));
#1918 = ADVANCED_FACE('',(#1919),#1944,.T.);
#1919 = FACE_BOUND('',#1920,.T.);
#1920 = EDGE_LOOP('',(#1921,#1929,#1930,#1938));
#1921 = ORIENTED_EDGE('',*,*,#1922,.F.);
#1922 = EDGE_CURVE('',#574,#1923,#1925,.T.);
#1923 = VERTEX_POINT('',#1924);
#1924 = CARTESIAN_POINT('',(103.,82.,8.));
#1925 = LINE('',#1926,#1927);
#1926 = CARTESIAN_POINT('',(103.,82.,-1.));
#1927 = VECTOR('',#1928,1.);
#1928 = DIRECTION('',(0.,0.,1.));
#1929 = ORIENTED_EDGE('',*,*,#573,.T.);
#1930 = ORIENTED_EDGE('',*,*,#1931,.T.);
#1931 = EDGE_CURVE('',#576,#1932,#1934,.T.);
#1932 = VERTEX_POINT('',#1933);
#1933 = CARTESIAN_POINT('',(100.,82.,8.));
#1934 = LINE('',#1935,#1936);
#1935 = CARTESIAN_POINT('',(100.,82.,-1.));
#1936 = VECTOR('',#1937,1.);
#1937 = DIRECTION('',(0.,0.,1.));
#1938 = ORIENTED_EDGE('',*,*,#1939,.F.);
#1939 = EDGE_CURVE('',#1923,#1932,#1940,.T.);
#1940 = LINE('',#1941,#1942);
#1941 = CARTESIAN_POINT('',(100.75,82.,8.));
#1942 = VECTOR('',#1943,1.);
#1943 = DIRECTION('',(-1.,-0.,0.));
#1944 = PLANE('',#1945);
#1945 = AXIS2_PLACEMENT_3D('',#1946,#1947,#1948);
#1946 = CARTESIAN_POINT('',(100.,82.,-1.));
#1947 = DIRECTION('',(-0.,1.,0.));
#1948 = DIRECTION('',(0.,0.,1.));
#1949 = ADVANCED_FACE('',(#1950),#1968,.F.);
#1950 = FACE_BOUND('',#1951,.F.);
#1951 = EDGE_LOOP('',(#1952,#1953,#1954,#1962));
#1952 = ORIENTED_EDGE('',*,*,#1922,.F.);
#1953 = ORIENTED_EDGE('',*,*,#599,.T.);
#1954 = ORIENTED_EDGE('',*,*,#1955,.T.);
#1955 = EDGE_CURVE('',#592,#1956,#1958,.T.);
#1956 = VERTEX_POINT('',#1957);
#1957 = CARTESIAN_POINT('',(103.,97.,8.));
#1958 = LINE('',#1959,#1960);
#1959 = CARTESIAN_POINT('',(103.,97.,-1.));
#1960 = VECTOR('',#1961,1.);
#1961 = DIRECTION('',(0.,0.,1.));
#1962 = ORIENTED_EDGE('',*,*,#1963,.F.);
#1963 = EDGE_CURVE('',#1923,#1956,#1964,.T.);
#1964 = LINE('',#1965,#1966);
#1965 = CARTESIAN_POINT('',(103.,85.75,8.));
#1966 = VECTOR('',#1967,1.);
#1967 = DIRECTION('',(-0.,1.,0.));
#1968 = PLANE('',#1969);
#1969 = AXIS2_PLACEMENT_3D('',#1970,#1971,#1972);
#1970 = CARTESIAN_POINT('',(103.,82.,-1.));
#1971 = DIRECTION('',(1.,0.,-0.));
#1972 = DIRECTION('',(0.,0.,1.));
#1973 = ADVANCED_FACE('',(#1974),#1992,.F.);
#1974 = FACE_BOUND('',#1975,.F.);
#1975 = EDGE_LOOP('',(#1976,#1977,#1978,#1986));
#1976 = ORIENTED_EDGE('',*,*,#1955,.F.);
#1977 = ORIENTED_EDGE('',*,*,#591,.T.);
#1978 = ORIENTED_EDGE('',*,*,#1979,.T.);
#1979 = EDGE_CURVE('',#584,#1980,#1982,.T.);
#1980 = VERTEX_POINT('',#1981);
#1981 = CARTESIAN_POINT('',(100.,97.,8.));
#1982 = LINE('',#1983,#1984);
#1983 = CARTESIAN_POINT('',(100.,97.,-1.));
#1984 = VECTOR('',#1985,1.);
#1985 = DIRECTION('',(0.,0.,1.));
#1986 = ORIENTED_EDGE('',*,*,#1987,.F.);
#1987 = EDGE_CURVE('',#1956,#1980,#1988,.T.);
#1988 = LINE('',#1989,#1990);
#1989 = CARTESIAN_POINT('',(100.75,97.,8.));
#1990 = VECTOR('',#1991,1.);
#1991 = DIRECTION('',(-1.,-0.,0.));
#1992 = PLANE('',#1993);
#1993 = AXIS2_PLACEMENT_3D('',#1994,#1995,#1996);
#1994 = CARTESIAN_POINT('',(100.,97.,-1.));
#1995 = DIRECTION('',(-0.,1.,0.));
#1996 = DIRECTION('',(0.,0.,1.));
#1997 = ADVANCED_FACE('',(#1998),#2009,.T.);
#1998 = FACE_BOUND('',#1999,.T.);
#1999 = EDGE_LOOP('',(#2000,#2001,#2002,#2003));
#2000 = ORIENTED_EDGE('',*,*,#1931,.F.);
#2001 = ORIENTED_EDGE('',*,*,#583,.T.);
#2002 = ORIENTED_EDGE('',*,*,#1979,.T.);
#2003 = ORIENTED_EDGE('',*,*,#2004,.F.);
#2004 = EDGE_CURVE('',#1932,#1980,#2005,.T.);
#2005 = LINE('',#2006,#2007);
#2006 = CARTESIAN_POINT('',(100.,85.75,8.));
#2007 = VECTOR('',#2008,1.);
#2008 = DIRECTION('',(-0.,1.,0.));
#2009 = PLANE('',#2010);
#2010 = AXIS2_PLACEMENT_3D('',#2011,#2012,#2013);
#2011 = CARTESIAN_POINT('',(100.,82.,-1.));
#2012 = DIRECTION('',(1.,0.,-0.));
#2013 = DIRECTION('',(0.,0.,1.));
#2014 = ADVANCED_FACE('',(#2015),#2059,.T.);
#2015 = FACE_BOUND('',#2016,.T.);
#2016 = EDGE_LOOP('',(#2017,#2028,#2036,#2043,#2044,#2053));
#2017 = ORIENTED_EDGE('',*,*,#2018,.F.);
#2018 = EDGE_CURVE('',#2019,#2021,#2023,.T.);
#2019 = VERTEX_POINT('',#2020);
#2020 = CARTESIAN_POINT('',(-90.22222222222,94.890893098092,55.));
#2021 = VERTEX_POINT('',#2022);
#2022 = CARTESIAN_POINT('',(-90.22222222222,84.109106901908,55.));
#2023 = CIRCLE('',#2024,12.5);
#2024 = AXIS2_PLACEMENT_3D('',#2025,#2026,#2027);
#2025 = CARTESIAN_POINT('',(-101.5,89.5,55.));
#2026 = DIRECTION('',(0.,0.,1.));
#2027 = DIRECTION('',(1.,0.,-0.));
#2028 = ORIENTED_EDGE('',*,*,#2029,.F.);
#2029 = EDGE_CURVE('',#2030,#2019,#2032,.T.);
#2030 = VERTEX_POINT('',#2031);
#2031 = CARTESIAN_POINT('',(-90.22222222222,94.890893098092,5.));
#2032 = LINE('',#2033,#2034);
#2033 = CARTESIAN_POINT('',(-90.22222222222,94.890893098093,5.));
#2034 = VECTOR('',#2035,1.);
#2035 = DIRECTION('',(0.,0.,1.));
#2036 = ORIENTED_EDGE('',*,*,#2037,.T.);
#2037 = EDGE_CURVE('',#2030,#616,#2038,.T.);
#2038 = CIRCLE('',#2039,12.5);
#2039 = AXIS2_PLACEMENT_3D('',#2040,#2041,#2042);
#2040 = CARTESIAN_POINT('',(-101.5,89.5,5.));
#2041 = DIRECTION('',(0.,0.,1.));
#2042 = DIRECTION('',(1.,0.,-0.));
#2043 = ORIENTED_EDGE('',*,*,#639,.T.);
#2044 = ORIENTED_EDGE('',*,*,#2045,.T.);
#2045 = EDGE_CURVE('',#632,#2046,#2048,.T.);
#2046 = VERTEX_POINT('',#2047);
#2047 = CARTESIAN_POINT('',(-90.22222222222,84.109106901908,5.));
#2048 = CIRCLE('',#2049,12.5);
#2049 = AXIS2_PLACEMENT_3D('',#2050,#2051,#2052);
#2050 = CARTESIAN_POINT('',(-101.5,89.5,5.));
#2051 = DIRECTION('',(0.,0.,1.));
#2052 = DIRECTION('',(1.,0.,-0.));
#2053 = ORIENTED_EDGE('',*,*,#2054,.T.);
#2054 = EDGE_CURVE('',#2046,#2021,#2055,.T.);
#2055 = LINE('',#2056,#2057);
#2056 = CARTESIAN_POINT('',(-90.22222222222,84.109106901907,5.));
#2057 = VECTOR('',#2058,1.);
#2058 = DIRECTION('',(0.,0.,1.));
#2059 = CYLINDRICAL_SURFACE('',#2060,12.5);
#2060 = AXIS2_PLACEMENT_3D('',#2061,#2062,#2063);
#2061 = CARTESIAN_POINT('',(-101.5,89.5,5.));
#2062 = DIRECTION('',(0.,0.,1.));
#2063 = DIRECTION('',(1.,0.,-0.));
#2064 = ADVANCED_FACE('',(#2065),#2071,.T.);
#2065 = FACE_BOUND('',#2066,.T.);
#2066 = EDGE_LOOP('',(#2067,#2068,#2069,#2070));
#2067 = ORIENTED_EDGE('',*,*,#726,.F.);
#2068 = ORIENTED_EDGE('',*,*,#695,.T.);
#2069 = ORIENTED_EDGE('',*,*,#851,.T.);
#2070 = ORIENTED_EDGE('',*,*,#792,.F.);
#2071 = PLANE('',#2072);
#2072 = AXIS2_PLACEMENT_3D('',#2073,#2074,#2075);
#2073 = CARTESIAN_POINT('',(122.,25.789996843365,-4.02970523868));
#2074 = DIRECTION('',(1.,0.,0.));
#2075 = DIRECTION('',(0.,-0.173648177667,0.984807753012));
#2076 = ADVANCED_FACE('',(#2077),#2099,.T.);
#2077 = FACE_BOUND('',#2078,.T.);
#2078 = EDGE_LOOP('',(#2079,#2080,#2089,#2096,#2097,#2098));
#2079 = ORIENTED_EDGE('',*,*,#1018,.F.);
#2080 = ORIENTED_EDGE('',*,*,#2081,.F.);
#2081 = EDGE_CURVE('',#2082,#1011,#2084,.T.);
#2082 = VERTEX_POINT('',#2083);
#2083 = CARTESIAN_POINT('',(114.,89.5,5.));
#2084 = CIRCLE('',#2085,12.5);
#2085 = AXIS2_PLACEMENT_3D('',#2086,#2087,#2088);
#2086 = CARTESIAN_POINT('',(101.5,89.5,5.));
#2087 = DIRECTION('',(0.,0.,1.));
#2088 = DIRECTION('',(1.,0.,-0.));
#2089 = ORIENTED_EDGE('',*,*,#2090,.F.);
#2090 = EDGE_CURVE('',#858,#2082,#2091,.T.);
#2091 = CIRCLE('',#2092,12.5);
#2092 = AXIS2_PLACEMENT_3D('',#2093,#2094,#2095);
#2093 = CARTESIAN_POINT('',(101.5,89.5,5.));
#2094 = DIRECTION('',(0.,0.,1.));
#2095 = DIRECTION('',(1.,0.,-0.));
#2096 = ORIENTED_EDGE('',*,*,#857,.T.);
#2097 = ORIENTED_EDGE('',*,*,#687,.T.);
#2098 = ORIENTED_EDGE('',*,*,#1042,.T.);
#2099 = PLANE('',#2100);
#2100 = AXIS2_PLACEMENT_3D('',#2101,#2102,#2103);
#2101 = CARTESIAN_POINT('',(-122.,0.,5.));
#2102 = DIRECTION('',(0.,0.,1.));
#2103 = DIRECTION('',(1.,0.,-0.));
#2104 = ADVANCED_FACE('',(#2105),#2131,.F.);
#2105 = FACE_BOUND('',#2106,.F.);
#2106 = EDGE_LOOP('',(#2107,#2108,#2116,#2125));
#2107 = ORIENTED_EDGE('',*,*,#744,.T.);
#2108 = ORIENTED_EDGE('',*,*,#2109,.T.);
#2109 = EDGE_CURVE('',#747,#2110,#2112,.T.);
#2110 = VERTEX_POINT('',#2111);
#2111 = CARTESIAN_POINT('',(-9.797174393179E-15,18.675230036419,
    70.872765303237));
#2112 = LINE('',#2113,#2114);
#2113 = CARTESIAN_POINT('',(-9.797174393179E-15,7.842344753284,
    68.962635348901));
#2114 = VECTOR('',#2115,1.);
#2115 = DIRECTION('',(0.,0.984807753012,0.173648177667));
#2116 = ORIENTED_EDGE('',*,*,#2117,.F.);
#2117 = EDGE_CURVE('',#2118,#2110,#2120,.T.);
#2118 = VERTEX_POINT('',#2119);
#2119 = CARTESIAN_POINT('',(-40.,25.621157143096,31.480455182748));
#2120 = CIRCLE('',#2121,40.);
#2121 = AXIS2_PLACEMENT_3D('',#2122,#2123,#2124);
#2122 = CARTESIAN_POINT('',(0.,25.621157143096,31.480455182748));
#2123 = DIRECTION('',(-0.,0.984807753012,0.173648177667));
#2124 = DIRECTION('',(0.,-0.173648177667,0.984807753012));
#2125 = ORIENTED_EDGE('',*,*,#2126,.F.);
#2126 = EDGE_CURVE('',#745,#2118,#2127,.T.);
#2127 = LINE('',#2128,#2129);
#2128 = CARTESIAN_POINT('',(-40.,14.788271859962,29.570325228412));
#2129 = VECTOR('',#2130,1.);
#2130 = DIRECTION('',(0.,0.984807753012,0.173648177667));
#2131 = CYLINDRICAL_SURFACE('',#2132,40.);
#2132 = AXIS2_PLACEMENT_3D('',#2133,#2134,#2135);
#2133 = CARTESIAN_POINT('',(0.,14.788271859962,29.570325228412));
#2134 = DIRECTION('',(0.,0.984807753012,0.173648177667));
#2135 = DIRECTION('',(0.,-0.173648177667,0.984807753012));
#2136 = ADVANCED_FACE('',(#2137),#2155,.T.);
#2137 = FACE_BOUND('',#2138,.T.);
#2138 = EDGE_LOOP('',(#2139,#2147,#2148,#2149));
#2139 = ORIENTED_EDGE('',*,*,#2140,.F.);
#2140 = EDGE_CURVE('',#2118,#2141,#2143,.T.);
#2141 = VERTEX_POINT('',#2142);
#2142 = CARTESIAN_POINT('',(40.,25.621157143096,31.480455182748));
#2143 = LINE('',#2144,#2145);
#2144 = CARTESIAN_POINT('',(-79.,25.621157143096,31.480455182748));
#2145 = VECTOR('',#2146,1.);
#2146 = DIRECTION('',(1.,0.,0.));
#2147 = ORIENTED_EDGE('',*,*,#2126,.F.);
#2148 = ORIENTED_EDGE('',*,*,#755,.T.);
#2149 = ORIENTED_EDGE('',*,*,#2150,.T.);
#2150 = EDGE_CURVE('',#756,#2141,#2151,.T.);
#2151 = LINE('',#2152,#2153);
#2152 = CARTESIAN_POINT('',(40.,14.788271859962,29.570325228412));
#2153 = VECTOR('',#2154,1.);
#2154 = DIRECTION('',(0.,0.984807753012,0.173648177667));
#2155 = PLANE('',#2156);
#2156 = AXIS2_PLACEMENT_3D('',#2157,#2158,#2159);
#2157 = CARTESIAN_POINT('',(-42.,14.788271859962,29.570325228412));
#2158 = DIRECTION('',(0.,-0.173648177667,0.984807753012));
#2159 = DIRECTION('',(1.,0.,0.));
#2160 = ADVANCED_FACE('',(#2161),#2173,.F.);
#2161 = FACE_BOUND('',#2162,.F.);
#2162 = EDGE_LOOP('',(#2163,#2170,#2171,#2172));
#2163 = ORIENTED_EDGE('',*,*,#2164,.F.);
#2164 = EDGE_CURVE('',#2110,#2141,#2165,.T.);
#2165 = CIRCLE('',#2166,40.);
#2166 = AXIS2_PLACEMENT_3D('',#2167,#2168,#2169);
#2167 = CARTESIAN_POINT('',(0.,25.621157143096,31.480455182748));
#2168 = DIRECTION('',(-0.,0.984807753012,0.173648177667));
#2169 = DIRECTION('',(0.,-0.173648177667,0.984807753012));
#2170 = ORIENTED_EDGE('',*,*,#2109,.F.);
#2171 = ORIENTED_EDGE('',*,*,#763,.T.);
#2172 = ORIENTED_EDGE('',*,*,#2150,.T.);
#2173 = CYLINDRICAL_SURFACE('',#2174,40.);
#2174 = AXIS2_PLACEMENT_3D('',#2175,#2176,#2177);
#2175 = CARTESIAN_POINT('',(0.,14.788271859962,29.570325228412));
#2176 = DIRECTION('',(0.,0.984807753012,0.173648177667));
#2177 = DIRECTION('',(0.,-0.173648177667,0.984807753012));
#2178 = ADVANCED_FACE('',(#2179,#2204),#2209,.T.);
#2179 = FACE_BOUND('',#2180,.T.);
#2180 = EDGE_LOOP('',(#2181,#2191,#2197,#2198));
#2181 = ORIENTED_EDGE('',*,*,#2182,.F.);
#2182 = EDGE_CURVE('',#2183,#2185,#2187,.T.);
#2183 = VERTEX_POINT('',#2184);
#2184 = CARTESIAN_POINT('',(-116.,30.290375853256,5.));
#2185 = VERTEX_POINT('',#2186);
#2186 = CARTESIAN_POINT('',(116.,30.290375853256,5.));
#2187 = LINE('',#2188,#2189);
#2188 = CARTESIAN_POINT('',(-129.,30.290375853256,5.));
#2189 = VECTOR('',#2190,1.);
#2190 = DIRECTION('',(1.,0.,0.));
#2191 = ORIENTED_EDGE('',*,*,#2192,.T.);
#2192 = EDGE_CURVE('',#2183,#811,#2193,.T.);
#2193 = LINE('',#2194,#2195);
#2194 = CARTESIAN_POINT('',(-116.,31.698843361438,-2.987816172679));
#2195 = VECTOR('',#2196,1.);
#2196 = DIRECTION('',(0.,-0.173648177667,0.984807753012));
#2197 = ORIENTED_EDGE('',*,*,#808,.F.);
#2198 = ORIENTED_EDGE('',*,*,#2199,.F.);
#2199 = EDGE_CURVE('',#2185,#809,#2200,.T.);
#2200 = LINE('',#2201,#2202);
#2201 = CARTESIAN_POINT('',(116.,31.698843361438,-2.987816172679));
#2202 = VECTOR('',#2203,1.);
#2203 = DIRECTION('',(0.,-0.173648177667,0.984807753012));
#2204 = FACE_BOUND('',#2205,.T.);
#2205 = EDGE_LOOP('',(#2206,#2207,#2208));
#2206 = ORIENTED_EDGE('',*,*,#2117,.F.);
#2207 = ORIENTED_EDGE('',*,*,#2140,.T.);
#2208 = ORIENTED_EDGE('',*,*,#2164,.F.);
#2209 = PLANE('',#2210);
#2210 = AXIS2_PLACEMENT_3D('',#2211,#2212,#2213);
#2211 = CARTESIAN_POINT('',(-116.,31.698843361438,-2.987816172679));
#2212 = DIRECTION('',(0.,0.984807753012,0.173648177667));
#2213 = DIRECTION('',(0.,-0.173648177667,0.984807753012));
#2214 = ADVANCED_FACE('',(#2215),#2233,.F.);
#2215 = FACE_BOUND('',#2216,.F.);
#2216 = EDGE_LOOP('',(#2217,#2218,#2226,#2232));
#2217 = ORIENTED_EDGE('',*,*,#2199,.F.);
#2218 = ORIENTED_EDGE('',*,*,#2219,.F.);
#2219 = EDGE_CURVE('',#2220,#2185,#2222,.T.);
#2220 = VERTEX_POINT('',#2221);
#2221 = CARTESIAN_POINT('',(116.,70.907440328686,5.));
#2222 = LINE('',#2223,#2224);
#2223 = CARTESIAN_POINT('',(116.,0.849421680719,5.));
#2224 = VECTOR('',#2225,1.);
#2225 = DIRECTION('',(0.,-1.,0.));
#2226 = ORIENTED_EDGE('',*,*,#2227,.T.);
#2227 = EDGE_CURVE('',#2220,#827,#2228,.T.);
#2228 = LINE('',#2229,#2230);
#2229 = CARTESIAN_POINT('',(116.,71.091153481927,3.958110933998));
#2230 = VECTOR('',#2231,1.);
#2231 = DIRECTION('',(0.,-0.173648177667,0.984807753012));
#2232 = ORIENTED_EDGE('',*,*,#834,.F.);
#2233 = PLANE('',#2234);
#2234 = AXIS2_PLACEMENT_3D('',#2235,#2236,#2237);
#2235 = CARTESIAN_POINT('',(116.,31.698843361438,-2.987816172679));
#2236 = DIRECTION('',(1.,0.,0.));
#2237 = DIRECTION('',(0.,-0.173648177667,0.984807753012));
#2238 = ADVANCED_FACE('',(#2239),#2257,.F.);
#2239 = FACE_BOUND('',#2240,.F.);
#2240 = EDGE_LOOP('',(#2241,#2249,#2255,#2256));
#2241 = ORIENTED_EDGE('',*,*,#2242,.F.);
#2242 = EDGE_CURVE('',#2243,#2220,#2245,.T.);
#2243 = VERTEX_POINT('',#2244);
#2244 = CARTESIAN_POINT('',(-116.,70.907440328686,5.));
#2245 = LINE('',#2246,#2247);
#2246 = CARTESIAN_POINT('',(-129.,70.907440328686,5.));
#2247 = VECTOR('',#2248,1.);
#2248 = DIRECTION('',(1.,0.,0.));
#2249 = ORIENTED_EDGE('',*,*,#2250,.T.);
#2250 = EDGE_CURVE('',#2243,#819,#2251,.T.);
#2251 = LINE('',#2252,#2253);
#2252 = CARTESIAN_POINT('',(-116.,71.091153481927,3.958110933998));
#2253 = VECTOR('',#2254,1.);
#2254 = DIRECTION('',(0.,-0.173648177667,0.984807753012));
#2255 = ORIENTED_EDGE('',*,*,#826,.F.);
#2256 = ORIENTED_EDGE('',*,*,#2227,.F.);
#2257 = PLANE('',#2258);
#2258 = AXIS2_PLACEMENT_3D('',#2259,#2260,#2261);
#2259 = CARTESIAN_POINT('',(-116.,71.091153481927,3.958110933998));
#2260 = DIRECTION('',(0.,0.984807753012,0.173648177667));
#2261 = DIRECTION('',(0.,-0.173648177667,0.984807753012));
#2262 = ADVANCED_FACE('',(#2263),#2274,.T.);
#2263 = FACE_BOUND('',#2264,.T.);
#2264 = EDGE_LOOP('',(#2265,#2266,#2272,#2273));
#2265 = ORIENTED_EDGE('',*,*,#2192,.F.);
#2266 = ORIENTED_EDGE('',*,*,#2267,.F.);
#2267 = EDGE_CURVE('',#2243,#2183,#2268,.T.);
#2268 = LINE('',#2269,#2270);
#2269 = CARTESIAN_POINT('',(-116.,0.849421680719,5.));
#2270 = VECTOR('',#2271,1.);
#2271 = DIRECTION('',(0.,-1.,0.));
#2272 = ORIENTED_EDGE('',*,*,#2250,.T.);
#2273 = ORIENTED_EDGE('',*,*,#818,.F.);
#2274 = PLANE('',#2275);
#2275 = AXIS2_PLACEMENT_3D('',#2276,#2277,#2278);
#2276 = CARTESIAN_POINT('',(-116.,31.698843361438,-2.987816172679));
#2277 = DIRECTION('',(1.,0.,0.));
#2278 = DIRECTION('',(0.,-0.173648177667,0.984807753012));
#2279 = ADVANCED_FACE('',(#2280),#2291,.T.);
#2280 = FACE_BOUND('',#2281,.T.);
#2281 = EDGE_LOOP('',(#2282,#2283,#2284));
#2282 = ORIENTED_EDGE('',*,*,#2045,.F.);
#2283 = ORIENTED_EDGE('',*,*,#929,.T.);
#2284 = ORIENTED_EDGE('',*,*,#2285,.F.);
#2285 = EDGE_CURVE('',#2046,#922,#2286,.T.);
#2286 = CIRCLE('',#2287,12.5);
#2287 = AXIS2_PLACEMENT_3D('',#2288,#2289,#2290);
#2288 = CARTESIAN_POINT('',(-78.94444444444,89.5,5.));
#2289 = DIRECTION('',(0.,0.,1.));
#2290 = DIRECTION('',(1.,0.,-0.));
#2291 = PLANE('',#2292);
#2292 = AXIS2_PLACEMENT_3D('',#2293,#2294,#2295);
#2293 = CARTESIAN_POINT('',(-122.,0.,5.));
#2294 = DIRECTION('',(0.,0.,1.));
#2295 = DIRECTION('',(1.,0.,-0.));
#2296 = ADVANCED_FACE('',(#2297),#2316,.T.);
#2297 = FACE_BOUND('',#2298,.T.);
#2298 = EDGE_LOOP('',(#2299,#2308,#2309));
#2299 = ORIENTED_EDGE('',*,*,#2300,.F.);
#2300 = EDGE_CURVE('',#922,#2301,#2303,.T.);
#2301 = VERTEX_POINT('',#2302);
#2302 = CARTESIAN_POINT('',(-67.66666666666,84.109106901908,5.));
#2303 = CIRCLE('',#2304,12.5);
#2304 = AXIS2_PLACEMENT_3D('',#2305,#2306,#2307);
#2305 = CARTESIAN_POINT('',(-78.94444444444,89.5,5.));
#2306 = DIRECTION('',(0.,0.,1.));
#2307 = DIRECTION('',(1.,0.,-0.));
#2308 = ORIENTED_EDGE('',*,*,#921,.T.);
#2309 = ORIENTED_EDGE('',*,*,#2310,.F.);
#2310 = EDGE_CURVE('',#2301,#914,#2311,.T.);
#2311 = CIRCLE('',#2312,12.5);
#2312 = AXIS2_PLACEMENT_3D('',#2313,#2314,#2315);
#2313 = CARTESIAN_POINT('',(-56.38888888888,89.5,5.));
#2314 = DIRECTION('',(0.,0.,1.));
#2315 = DIRECTION('',(1.,0.,-0.));
#2316 = PLANE('',#2317);
#2317 = AXIS2_PLACEMENT_3D('',#2318,#2319,#2320);
#2318 = CARTESIAN_POINT('',(-122.,0.,5.));
#2319 = DIRECTION('',(0.,0.,1.));
#2320 = DIRECTION('',(1.,0.,-0.));
#2321 = ADVANCED_FACE('',(#2322),#2341,.T.);
#2322 = FACE_BOUND('',#2323,.T.);
#2323 = EDGE_LOOP('',(#2324,#2333,#2334));
#2324 = ORIENTED_EDGE('',*,*,#2325,.F.);
#2325 = EDGE_CURVE('',#914,#2326,#2328,.T.);
#2326 = VERTEX_POINT('',#2327);
#2327 = CARTESIAN_POINT('',(-45.11111111111,84.109106901908,5.));
#2328 = CIRCLE('',#2329,12.5);
#2329 = AXIS2_PLACEMENT_3D('',#2330,#2331,#2332);
#2330 = CARTESIAN_POINT('',(-56.38888888888,89.5,5.));
#2331 = DIRECTION('',(0.,0.,1.));
#2332 = DIRECTION('',(1.,0.,-0.));
#2333 = ORIENTED_EDGE('',*,*,#913,.T.);
#2334 = ORIENTED_EDGE('',*,*,#2335,.F.);
#2335 = EDGE_CURVE('',#2326,#906,#2336,.T.);
#2336 = CIRCLE('',#2337,12.5);
#2337 = AXIS2_PLACEMENT_3D('',#2338,#2339,#2340);
#2338 = CARTESIAN_POINT('',(-33.83333333333,89.5,5.));
#2339 = DIRECTION('',(0.,0.,1.));
#2340 = DIRECTION('',(1.,0.,-0.));
#2341 = PLANE('',#2342);
#2342 = AXIS2_PLACEMENT_3D('',#2343,#2344,#2345);
#2343 = CARTESIAN_POINT('',(-122.,0.,5.));
#2344 = DIRECTION('',(0.,0.,1.));
#2345 = DIRECTION('',(1.,0.,-0.));
#2346 = ADVANCED_FACE('',(#2347),#2366,.T.);
#2347 = FACE_BOUND('',#2348,.T.);
#2348 = EDGE_LOOP('',(#2349,#2358,#2359));
#2349 = ORIENTED_EDGE('',*,*,#2350,.F.);
#2350 = EDGE_CURVE('',#906,#2351,#2353,.T.);
#2351 = VERTEX_POINT('',#2352);
#2352 = CARTESIAN_POINT('',(-22.55555555555,84.109106901908,5.));
#2353 = CIRCLE('',#2354,12.5);
#2354 = AXIS2_PLACEMENT_3D('',#2355,#2356,#2357);
#2355 = CARTESIAN_POINT('',(-33.83333333333,89.5,5.));
#2356 = DIRECTION('',(0.,0.,1.));
#2357 = DIRECTION('',(1.,0.,-0.));
#2358 = ORIENTED_EDGE('',*,*,#905,.T.);
#2359 = ORIENTED_EDGE('',*,*,#2360,.F.);
#2360 = EDGE_CURVE('',#2351,#898,#2361,.T.);
#2361 = CIRCLE('',#2362,12.5);
#2362 = AXIS2_PLACEMENT_3D('',#2363,#2364,#2365);
#2363 = CARTESIAN_POINT('',(-11.27777777777,89.5,5.));
#2364 = DIRECTION('',(0.,0.,1.));
#2365 = DIRECTION('',(1.,0.,-0.));
#2366 = PLANE('',#2367);
#2367 = AXIS2_PLACEMENT_3D('',#2368,#2369,#2370);
#2368 = CARTESIAN_POINT('',(-122.,0.,5.));
#2369 = DIRECTION('',(0.,0.,1.));
#2370 = DIRECTION('',(1.,0.,-0.));
#2371 = ADVANCED_FACE('',(#2372),#2391,.T.);
#2372 = FACE_BOUND('',#2373,.T.);
#2373 = EDGE_LOOP('',(#2374,#2383,#2384));
#2374 = ORIENTED_EDGE('',*,*,#2375,.F.);
#2375 = EDGE_CURVE('',#898,#2376,#2378,.T.);
#2376 = VERTEX_POINT('',#2377);
#2377 = CARTESIAN_POINT('',(-4.440892098501E-14,84.109106901908,5.));
#2378 = CIRCLE('',#2379,12.5);
#2379 = AXIS2_PLACEMENT_3D('',#2380,#2381,#2382);
#2380 = CARTESIAN_POINT('',(-11.27777777777,89.5,5.));
#2381 = DIRECTION('',(0.,0.,1.));
#2382 = DIRECTION('',(1.,0.,-0.));
#2383 = ORIENTED_EDGE('',*,*,#897,.T.);
#2384 = ORIENTED_EDGE('',*,*,#2385,.F.);
#2385 = EDGE_CURVE('',#2376,#890,#2386,.T.);
#2386 = CIRCLE('',#2387,12.5);
#2387 = AXIS2_PLACEMENT_3D('',#2388,#2389,#2390);
#2388 = CARTESIAN_POINT('',(11.277777777778,89.5,5.));
#2389 = DIRECTION('',(0.,0.,1.));
#2390 = DIRECTION('',(1.,0.,-0.));
#2391 = PLANE('',#2392);
#2392 = AXIS2_PLACEMENT_3D('',#2393,#2394,#2395);
#2393 = CARTESIAN_POINT('',(-122.,0.,5.));
#2394 = DIRECTION('',(0.,0.,1.));
#2395 = DIRECTION('',(1.,0.,-0.));
#2396 = ADVANCED_FACE('',(#2397),#2416,.T.);
#2397 = FACE_BOUND('',#2398,.T.);
#2398 = EDGE_LOOP('',(#2399,#2408,#2409));
#2399 = ORIENTED_EDGE('',*,*,#2400,.F.);
#2400 = EDGE_CURVE('',#890,#2401,#2403,.T.);
#2401 = VERTEX_POINT('',#2402);
#2402 = CARTESIAN_POINT('',(22.555555555556,84.109106901908,5.));
#2403 = CIRCLE('',#2404,12.5);
#2404 = AXIS2_PLACEMENT_3D('',#2405,#2406,#2407);
#2405 = CARTESIAN_POINT('',(11.277777777778,89.5,5.));
#2406 = DIRECTION('',(0.,0.,1.));
#2407 = DIRECTION('',(1.,0.,-0.));
#2408 = ORIENTED_EDGE('',*,*,#889,.T.);
#2409 = ORIENTED_EDGE('',*,*,#2410,.F.);
#2410 = EDGE_CURVE('',#2401,#882,#2411,.T.);
#2411 = CIRCLE('',#2412,12.5);
#2412 = AXIS2_PLACEMENT_3D('',#2413,#2414,#2415);
#2413 = CARTESIAN_POINT('',(33.833333333333,89.5,5.));
#2414 = DIRECTION('',(0.,0.,1.));
#2415 = DIRECTION('',(1.,0.,-0.));
#2416 = PLANE('',#2417);
#2417 = AXIS2_PLACEMENT_3D('',#2418,#2419,#2420);
#2418 = CARTESIAN_POINT('',(-122.,0.,5.));
#2419 = DIRECTION('',(0.,0.,1.));
#2420 = DIRECTION('',(1.,0.,-0.));
#2421 = ADVANCED_FACE('',(#2422),#2441,.T.);
#2422 = FACE_BOUND('',#2423,.T.);
#2423 = EDGE_LOOP('',(#2424,#2433,#2434));
#2424 = ORIENTED_EDGE('',*,*,#2425,.F.);
#2425 = EDGE_CURVE('',#882,#2426,#2428,.T.);
#2426 = VERTEX_POINT('',#2427);
#2427 = CARTESIAN_POINT('',(45.111111111111,84.109106901908,5.));
#2428 = CIRCLE('',#2429,12.5);
#2429 = AXIS2_PLACEMENT_3D('',#2430,#2431,#2432);
#2430 = CARTESIAN_POINT('',(33.833333333333,89.5,5.));
#2431 = DIRECTION('',(0.,0.,1.));
#2432 = DIRECTION('',(1.,0.,-0.));
#2433 = ORIENTED_EDGE('',*,*,#881,.T.);
#2434 = ORIENTED_EDGE('',*,*,#2435,.F.);
#2435 = EDGE_CURVE('',#2426,#874,#2436,.T.);
#2436 = CIRCLE('',#2437,12.5);
#2437 = AXIS2_PLACEMENT_3D('',#2438,#2439,#2440);
#2438 = CARTESIAN_POINT('',(56.388888888889,89.5,5.));
#2439 = DIRECTION('',(0.,0.,1.));
#2440 = DIRECTION('',(1.,0.,-0.));
#2441 = PLANE('',#2442);
#2442 = AXIS2_PLACEMENT_3D('',#2443,#2444,#2445);
#2443 = CARTESIAN_POINT('',(-122.,0.,5.));
#2444 = DIRECTION('',(0.,0.,1.));
#2445 = DIRECTION('',(1.,0.,-0.));
#2446 = ADVANCED_FACE('',(#2447),#2466,.T.);
#2447 = FACE_BOUND('',#2448,.T.);
#2448 = EDGE_LOOP('',(#2449,#2458,#2459));
#2449 = ORIENTED_EDGE('',*,*,#2450,.F.);
#2450 = EDGE_CURVE('',#874,#2451,#2453,.T.);
#2451 = VERTEX_POINT('',#2452);
#2452 = CARTESIAN_POINT('',(67.666666666667,84.109106901908,5.));
#2453 = CIRCLE('',#2454,12.5);
#2454 = AXIS2_PLACEMENT_3D('',#2455,#2456,#2457);
#2455 = CARTESIAN_POINT('',(56.388888888889,89.5,5.));
#2456 = DIRECTION('',(0.,0.,1.));
#2457 = DIRECTION('',(1.,0.,-0.));
#2458 = ORIENTED_EDGE('',*,*,#873,.T.);
#2459 = ORIENTED_EDGE('',*,*,#2460,.F.);
#2460 = EDGE_CURVE('',#2451,#866,#2461,.T.);
#2461 = CIRCLE('',#2462,12.5);
#2462 = AXIS2_PLACEMENT_3D('',#2463,#2464,#2465);
#2463 = CARTESIAN_POINT('',(78.944444444444,89.5,5.));
#2464 = DIRECTION('',(0.,0.,1.));
#2465 = DIRECTION('',(1.,0.,-0.));
#2466 = PLANE('',#2467);
#2467 = AXIS2_PLACEMENT_3D('',#2468,#2469,#2470);
#2468 = CARTESIAN_POINT('',(-122.,0.,5.));
#2469 = DIRECTION('',(0.,0.,1.));
#2470 = DIRECTION('',(1.,0.,-0.));
#2471 = ADVANCED_FACE('',(#2472),#2491,.T.);
#2472 = FACE_BOUND('',#2473,.T.);
#2473 = EDGE_LOOP('',(#2474,#2483,#2484));
#2474 = ORIENTED_EDGE('',*,*,#2475,.F.);
#2475 = EDGE_CURVE('',#866,#2476,#2478,.T.);
#2476 = VERTEX_POINT('',#2477);
#2477 = CARTESIAN_POINT('',(90.222222222222,84.109106901908,5.));
#2478 = CIRCLE('',#2479,12.5);
#2479 = AXIS2_PLACEMENT_3D('',#2480,#2481,#2482);
#2480 = CARTESIAN_POINT('',(78.944444444444,89.5,5.));
#2481 = DIRECTION('',(0.,0.,1.));
#2482 = DIRECTION('',(1.,0.,-0.));
#2483 = ORIENTED_EDGE('',*,*,#865,.T.);
#2484 = ORIENTED_EDGE('',*,*,#2485,.F.);
#2485 = EDGE_CURVE('',#2476,#858,#2486,.T.);
#2486 = CIRCLE('',#2487,12.5);
#2487 = AXIS2_PLACEMENT_3D('',#2488,#2489,#2490);
#2488 = CARTESIAN_POINT('',(101.5,89.5,5.));
#2489 = DIRECTION('',(0.,0.,1.));
#2490 = DIRECTION('',(1.,0.,-0.));
#2491 = PLANE('',#2492);
#2492 = AXIS2_PLACEMENT_3D('',#2493,#2494,#2495);
#2493 = CARTESIAN_POINT('',(-122.,0.,5.));
#2494 = DIRECTION('',(0.,0.,1.));
#2495 = DIRECTION('',(1.,0.,-0.));
#2496 = ADVANCED_FACE('',(#2497),#2522,.F.);
#2497 = FACE_BOUND('',#2498,.F.);
#2498 = EDGE_LOOP('',(#2499,#2507,#2508,#2516));
#2499 = ORIENTED_EDGE('',*,*,#2500,.F.);
#2500 = EDGE_CURVE('',#955,#2501,#2503,.T.);
#2501 = VERTEX_POINT('',#2502);
#2502 = CARTESIAN_POINT('',(-62.,157.05,5.));
#2503 = LINE('',#2504,#2505);
#2504 = CARTESIAN_POINT('',(-62.,101.95,5.));
#2505 = VECTOR('',#2506,1.);
#2506 = DIRECTION('',(-0.,1.,0.));
#2507 = ORIENTED_EDGE('',*,*,#962,.T.);
#2508 = ORIENTED_EDGE('',*,*,#2509,.T.);
#2509 = EDGE_CURVE('',#185,#2510,#2512,.T.);
#2510 = VERTEX_POINT('',#2511);
#2511 = CARTESIAN_POINT('',(-62.,157.05,0.));
#2512 = LINE('',#2513,#2514);
#2513 = CARTESIAN_POINT('',(-62.,101.95,0.));
#2514 = VECTOR('',#2515,1.);
#2515 = DIRECTION('',(-0.,1.,0.));
#2516 = ORIENTED_EDGE('',*,*,#2517,.T.);
#2517 = EDGE_CURVE('',#2510,#2501,#2518,.T.);
#2518 = LINE('',#2519,#2520);
#2519 = CARTESIAN_POINT('',(-62.,157.05,0.));
#2520 = VECTOR('',#2521,1.);
#2521 = DIRECTION('',(0.,0.,1.));
#2522 = PLANE('',#2523);
#2523 = AXIS2_PLACEMENT_3D('',#2524,#2525,#2526);
#2524 = CARTESIAN_POINT('',(-62.,101.95,0.));
#2525 = DIRECTION('',(1.,0.,-0.));
#2526 = DIRECTION('',(0.,0.,1.));
#2527 = ADVANCED_FACE('',(#2528),#2571,.T.);
#2528 = FACE_BOUND('',#2529,.T.);
#2529 = EDGE_LOOP('',(#2530,#2531,#2540,#2549,#2557,#2565));
#2530 = ORIENTED_EDGE('',*,*,#954,.F.);
#2531 = ORIENTED_EDGE('',*,*,#2532,.F.);
#2532 = EDGE_CURVE('',#2533,#947,#2535,.T.);
#2533 = VERTEX_POINT('',#2534);
#2534 = CARTESIAN_POINT('',(-67.66666666666,94.890893098092,5.));
#2535 = CIRCLE('',#2536,12.5);
#2536 = AXIS2_PLACEMENT_3D('',#2537,#2538,#2539);
#2537 = CARTESIAN_POINT('',(-78.94444444444,89.5,5.));
#2538 = DIRECTION('',(0.,0.,1.));
#2539 = DIRECTION('',(1.,0.,-0.));
#2540 = ORIENTED_EDGE('',*,*,#2541,.F.);
#2541 = EDGE_CURVE('',#2542,#2533,#2544,.T.);
#2542 = VERTEX_POINT('',#2543);
#2543 = CARTESIAN_POINT('',(-58.,101.89573801706,5.));
#2544 = CIRCLE('',#2545,12.5);
#2545 = AXIS2_PLACEMENT_3D('',#2546,#2547,#2548);
#2546 = CARTESIAN_POINT('',(-56.38888888888,89.5,5.));
#2547 = DIRECTION('',(0.,0.,1.));
#2548 = DIRECTION('',(1.,0.,-0.));
#2549 = ORIENTED_EDGE('',*,*,#2550,.T.);
#2550 = EDGE_CURVE('',#2542,#2551,#2553,.T.);
#2551 = VERTEX_POINT('',#2552);
#2552 = CARTESIAN_POINT('',(-58.,101.95,5.));
#2553 = LINE('',#2554,#2555);
#2554 = CARTESIAN_POINT('',(-58.,101.,5.));
#2555 = VECTOR('',#2556,1.);
#2556 = DIRECTION('',(-0.,1.,0.));
#2557 = ORIENTED_EDGE('',*,*,#2558,.F.);
#2558 = EDGE_CURVE('',#2559,#2551,#2561,.T.);
#2559 = VERTEX_POINT('',#2560);
#2560 = CARTESIAN_POINT('',(-62.,101.95,5.));
#2561 = LINE('',#2562,#2563);
#2562 = CARTESIAN_POINT('',(-62.,101.95,5.));
#2563 = VECTOR('',#2564,1.);
#2564 = DIRECTION('',(1.,0.,-0.));
#2565 = ORIENTED_EDGE('',*,*,#2566,.T.);
#2566 = EDGE_CURVE('',#2559,#955,#2567,.T.);
#2567 = LINE('',#2568,#2569);
#2568 = CARTESIAN_POINT('',(-62.,101.95,5.));
#2569 = VECTOR('',#2570,1.);
#2570 = DIRECTION('',(-0.,1.,0.));
#2571 = PLANE('',#2572);
#2572 = AXIS2_PLACEMENT_3D('',#2573,#2574,#2575);
#2573 = CARTESIAN_POINT('',(-122.,0.,5.));
#2574 = DIRECTION('',(0.,0.,1.));
#2575 = DIRECTION('',(1.,0.,-0.));
#2576 = ADVANCED_FACE('',(#2577),#2588,.T.);
#2577 = FACE_BOUND('',#2578,.T.);
#2578 = EDGE_LOOP('',(#2579,#2580,#2581));
#2579 = ORIENTED_EDGE('',*,*,#946,.F.);
#2580 = ORIENTED_EDGE('',*,*,#2037,.F.);
#2581 = ORIENTED_EDGE('',*,*,#2582,.F.);
#2582 = EDGE_CURVE('',#947,#2030,#2583,.T.);
#2583 = CIRCLE('',#2584,12.5);
#2584 = AXIS2_PLACEMENT_3D('',#2585,#2586,#2587);
#2585 = CARTESIAN_POINT('',(-78.94444444444,89.5,5.));
#2586 = DIRECTION('',(0.,0.,1.));
#2587 = DIRECTION('',(1.,0.,-0.));
#2588 = PLANE('',#2589);
#2589 = AXIS2_PLACEMENT_3D('',#2590,#2591,#2592);
#2590 = CARTESIAN_POINT('',(-122.,0.,5.));
#2591 = DIRECTION('',(0.,0.,1.));
#2592 = DIRECTION('',(1.,0.,-0.));
#2593 = ADVANCED_FACE('',(#2594),#2630,.F.);
#2594 = FACE_BOUND('',#2595,.F.);
#2595 = EDGE_LOOP('',(#2596,#2597,#2598,#2606,#2615,#2623));
#2596 = ORIENTED_EDGE('',*,*,#2509,.F.);
#2597 = ORIENTED_EDGE('',*,*,#976,.T.);
#2598 = ORIENTED_EDGE('',*,*,#2599,.T.);
#2599 = EDGE_CURVE('',#236,#2600,#2602,.T.);
#2600 = VERTEX_POINT('',#2601);
#2601 = CARTESIAN_POINT('',(62.,157.05,0.));
#2602 = LINE('',#2603,#2604);
#2603 = CARTESIAN_POINT('',(62.,101.95,0.));
#2604 = VECTOR('',#2605,1.);
#2605 = DIRECTION('',(-0.,1.,0.));
#2606 = ORIENTED_EDGE('',*,*,#2607,.F.);
#2607 = EDGE_CURVE('',#2608,#2600,#2610,.T.);
#2608 = VERTEX_POINT('',#2609);
#2609 = CARTESIAN_POINT('',(60.,159.05,0.));
#2610 = CIRCLE('',#2611,2.);
#2611 = AXIS2_PLACEMENT_3D('',#2612,#2613,#2614);
#2612 = CARTESIAN_POINT('',(60.,157.05,0.));
#2613 = DIRECTION('',(-0.,-0.,-1.));
#2614 = DIRECTION('',(0.,-1.,0.));
#2615 = ORIENTED_EDGE('',*,*,#2616,.F.);
#2616 = EDGE_CURVE('',#2617,#2608,#2619,.T.);
#2617 = VERTEX_POINT('',#2618);
#2618 = CARTESIAN_POINT('',(-60.,159.05,0.));
#2619 = LINE('',#2620,#2621);
#2620 = CARTESIAN_POINT('',(-62.,159.05,0.));
#2621 = VECTOR('',#2622,1.);
#2622 = DIRECTION('',(1.,0.,-0.));
#2623 = ORIENTED_EDGE('',*,*,#2624,.F.);
#2624 = EDGE_CURVE('',#2510,#2617,#2625,.T.);
#2625 = CIRCLE('',#2626,2.);
#2626 = AXIS2_PLACEMENT_3D('',#2627,#2628,#2629);
#2627 = CARTESIAN_POINT('',(-60.,157.05,0.));
#2628 = DIRECTION('',(-0.,-0.,-1.));
#2629 = DIRECTION('',(0.,-1.,0.));
#2630 = PLANE('',#2631);
#2631 = AXIS2_PLACEMENT_3D('',#2632,#2633,#2634);
#2632 = CARTESIAN_POINT('',(-62.,101.95,0.));
#2633 = DIRECTION('',(0.,0.,1.));
#2634 = DIRECTION('',(1.,0.,-0.));
#2635 = ADVANCED_FACE('',(#2636),#2654,.T.);
#2636 = FACE_BOUND('',#2637,.T.);
#2637 = EDGE_LOOP('',(#2638,#2646,#2647,#2648));
#2638 = ORIENTED_EDGE('',*,*,#2639,.F.);
#2639 = EDGE_CURVE('',#995,#2640,#2642,.T.);
#2640 = VERTEX_POINT('',#2641);
#2641 = CARTESIAN_POINT('',(62.,157.05,5.));
#2642 = LINE('',#2643,#2644);
#2643 = CARTESIAN_POINT('',(62.,101.95,5.));
#2644 = VECTOR('',#2645,1.);
#2645 = DIRECTION('',(-0.,1.,0.));
#2646 = ORIENTED_EDGE('',*,*,#994,.T.);
#2647 = ORIENTED_EDGE('',*,*,#2599,.T.);
#2648 = ORIENTED_EDGE('',*,*,#2649,.T.);
#2649 = EDGE_CURVE('',#2600,#2640,#2650,.T.);
#2650 = LINE('',#2651,#2652);
#2651 = CARTESIAN_POINT('',(62.,157.05,0.));
#2652 = VECTOR('',#2653,1.);
#2653 = DIRECTION('',(0.,0.,1.));
#2654 = PLANE('',#2655);
#2655 = AXIS2_PLACEMENT_3D('',#2656,#2657,#2658);
#2656 = CARTESIAN_POINT('',(62.,101.95,0.));
#2657 = DIRECTION('',(1.,0.,-0.));
#2658 = DIRECTION('',(0.,0.,1.));
#2659 = ADVANCED_FACE('',(#2660),#2703,.T.);
#2660 = FACE_BOUND('',#2661,.T.);
#2661 = EDGE_LOOP('',(#2662,#2673,#2680,#2681,#2689,#2697));
#2662 = ORIENTED_EDGE('',*,*,#2663,.F.);
#2663 = EDGE_CURVE('',#2664,#2666,#2668,.T.);
#2664 = VERTEX_POINT('',#2665);
#2665 = CARTESIAN_POINT('',(67.666666666667,94.890893098092,5.));
#2666 = VERTEX_POINT('',#2667);
#2667 = CARTESIAN_POINT('',(58.,101.89573801706,5.));
#2668 = CIRCLE('',#2669,12.5);
#2669 = AXIS2_PLACEMENT_3D('',#2670,#2671,#2672);
#2670 = CARTESIAN_POINT('',(56.388888888889,89.5,5.));
#2671 = DIRECTION('',(0.,0.,1.));
#2672 = DIRECTION('',(1.,0.,-0.));
#2673 = ORIENTED_EDGE('',*,*,#2674,.F.);
#2674 = EDGE_CURVE('',#1003,#2664,#2675,.T.);
#2675 = CIRCLE('',#2676,12.5);
#2676 = AXIS2_PLACEMENT_3D('',#2677,#2678,#2679);
#2677 = CARTESIAN_POINT('',(78.944444444444,89.5,5.));
#2678 = DIRECTION('',(0.,0.,1.));
#2679 = DIRECTION('',(1.,0.,-0.));
#2680 = ORIENTED_EDGE('',*,*,#1002,.F.);
#2681 = ORIENTED_EDGE('',*,*,#2682,.F.);
#2682 = EDGE_CURVE('',#2683,#995,#2685,.T.);
#2683 = VERTEX_POINT('',#2684);
#2684 = CARTESIAN_POINT('',(62.,101.95,5.));
#2685 = LINE('',#2686,#2687);
#2686 = CARTESIAN_POINT('',(62.,101.95,5.));
#2687 = VECTOR('',#2688,1.);
#2688 = DIRECTION('',(-0.,1.,0.));
#2689 = ORIENTED_EDGE('',*,*,#2690,.F.);
#2690 = EDGE_CURVE('',#2691,#2683,#2693,.T.);
#2691 = VERTEX_POINT('',#2692);
#2692 = CARTESIAN_POINT('',(58.,101.95,5.));
#2693 = LINE('',#2694,#2695);
#2694 = CARTESIAN_POINT('',(-62.,101.95,5.));
#2695 = VECTOR('',#2696,1.);
#2696 = DIRECTION('',(1.,0.,-0.));
#2697 = ORIENTED_EDGE('',*,*,#2698,.F.);
#2698 = EDGE_CURVE('',#2666,#2691,#2699,.T.);
#2699 = LINE('',#2700,#2701);
#2700 = CARTESIAN_POINT('',(58.,101.,5.));
#2701 = VECTOR('',#2702,1.);
#2702 = DIRECTION('',(-0.,1.,0.));
#2703 = PLANE('',#2704);
#2704 = AXIS2_PLACEMENT_3D('',#2705,#2706,#2707);
#2705 = CARTESIAN_POINT('',(-122.,0.,5.));
#2706 = DIRECTION('',(0.,0.,1.));
#2707 = DIRECTION('',(1.,0.,-0.));
#2708 = ADVANCED_FACE('',(#2709),#2728,.T.);
#2709 = FACE_BOUND('',#2710,.T.);
#2710 = EDGE_LOOP('',(#2711,#2720,#2727));
#2711 = ORIENTED_EDGE('',*,*,#2712,.F.);
#2712 = EDGE_CURVE('',#2713,#1003,#2715,.T.);
#2713 = VERTEX_POINT('',#2714);
#2714 = CARTESIAN_POINT('',(90.222222222222,94.890893098092,5.));
#2715 = CIRCLE('',#2716,12.5);
#2716 = AXIS2_PLACEMENT_3D('',#2717,#2718,#2719);
#2717 = CARTESIAN_POINT('',(78.944444444444,89.5,5.));
#2718 = DIRECTION('',(0.,0.,1.));
#2719 = DIRECTION('',(1.,0.,-0.));
#2720 = ORIENTED_EDGE('',*,*,#2721,.F.);
#2721 = EDGE_CURVE('',#1011,#2713,#2722,.T.);
#2722 = CIRCLE('',#2723,12.5);
#2723 = AXIS2_PLACEMENT_3D('',#2724,#2725,#2726);
#2724 = CARTESIAN_POINT('',(101.5,89.5,5.));
#2725 = DIRECTION('',(0.,0.,1.));
#2726 = DIRECTION('',(1.,0.,-0.));
#2727 = ORIENTED_EDGE('',*,*,#1010,.F.);
#2728 = PLANE('',#2729);
#2729 = AXIS2_PLACEMENT_3D('',#2730,#2731,#2732);
#2730 = CARTESIAN_POINT('',(-122.,0.,5.));
#2731 = DIRECTION('',(0.,0.,1.));
#2732 = DIRECTION('',(1.,0.,-0.));
#2733 = ADVANCED_FACE('',(#2734,#2745),#2751,.T.);
#2734 = FACE_BOUND('',#2735,.T.);
#2735 = EDGE_LOOP('',(#2736));
#2736 = ORIENTED_EDGE('',*,*,#2737,.T.);
#2737 = EDGE_CURVE('',#2738,#2738,#2740,.T.);
#2738 = VERTEX_POINT('',#2739);
#2739 = CARTESIAN_POINT('',(-91.5,89.5,8.));
#2740 = CIRCLE('',#2741,10.);
#2741 = AXIS2_PLACEMENT_3D('',#2742,#2743,#2744);
#2742 = CARTESIAN_POINT('',(-101.5,89.5,8.));
#2743 = DIRECTION('',(0.,0.,1.));
#2744 = DIRECTION('',(1.,0.,-0.));
#2745 = FACE_BOUND('',#2746,.T.);
#2746 = EDGE_LOOP('',(#2747,#2748,#2749,#2750));
#2747 = ORIENTED_EDGE('',*,*,#1075,.T.);
#2748 = ORIENTED_EDGE('',*,*,#1123,.T.);
#2749 = ORIENTED_EDGE('',*,*,#1140,.F.);
#2750 = ORIENTED_EDGE('',*,*,#1099,.F.);
#2751 = PLANE('',#2752);
#2752 = AXIS2_PLACEMENT_3D('',#2753,#2754,#2755);
#2753 = CARTESIAN_POINT('',(-101.5,89.5,8.));
#2754 = DIRECTION('',(0.,0.,1.));
#2755 = DIRECTION('',(1.,0.,-0.));
#2756 = ADVANCED_FACE('',(#2757,#2768),#2774,.T.);
#2757 = FACE_BOUND('',#2758,.T.);
#2758 = EDGE_LOOP('',(#2759));
#2759 = ORIENTED_EDGE('',*,*,#2760,.T.);
#2760 = EDGE_CURVE('',#2761,#2761,#2763,.T.);
#2761 = VERTEX_POINT('',#2762);
#2762 = CARTESIAN_POINT('',(-68.94444444444,89.5,8.));
#2763 = CIRCLE('',#2764,10.);
#2764 = AXIS2_PLACEMENT_3D('',#2765,#2766,#2767);
#2765 = CARTESIAN_POINT('',(-78.94444444444,89.5,8.));
#2766 = DIRECTION('',(0.,0.,1.));
#2767 = DIRECTION('',(1.,0.,-0.));
#2768 = FACE_BOUND('',#2769,.T.);
#2769 = EDGE_LOOP('',(#2770,#2771,#2772,#2773));
#2770 = ORIENTED_EDGE('',*,*,#1171,.T.);
#2771 = ORIENTED_EDGE('',*,*,#1219,.T.);
#2772 = ORIENTED_EDGE('',*,*,#1236,.F.);
#2773 = ORIENTED_EDGE('',*,*,#1195,.F.);
#2774 = PLANE('',#2775);
#2775 = AXIS2_PLACEMENT_3D('',#2776,#2777,#2778);
#2776 = CARTESIAN_POINT('',(-78.94444444444,89.5,8.));
#2777 = DIRECTION('',(0.,0.,1.));
#2778 = DIRECTION('',(1.,0.,-0.));
#2779 = ADVANCED_FACE('',(#2780,#2791),#2797,.T.);
#2780 = FACE_BOUND('',#2781,.T.);
#2781 = EDGE_LOOP('',(#2782));
#2782 = ORIENTED_EDGE('',*,*,#2783,.T.);
#2783 = EDGE_CURVE('',#2784,#2784,#2786,.T.);
#2784 = VERTEX_POINT('',#2785);
#2785 = CARTESIAN_POINT('',(-46.38888888888,89.5,8.));
#2786 = CIRCLE('',#2787,10.);
#2787 = AXIS2_PLACEMENT_3D('',#2788,#2789,#2790);
#2788 = CARTESIAN_POINT('',(-56.38888888888,89.5,8.));
#2789 = DIRECTION('',(0.,0.,1.));
#2790 = DIRECTION('',(1.,0.,-0.));
#2791 = FACE_BOUND('',#2792,.T.);
#2792 = EDGE_LOOP('',(#2793,#2794,#2795,#2796));
#2793 = ORIENTED_EDGE('',*,*,#1267,.T.);
#2794 = ORIENTED_EDGE('',*,*,#1315,.T.);
#2795 = ORIENTED_EDGE('',*,*,#1332,.F.);
#2796 = ORIENTED_EDGE('',*,*,#1291,.F.);
#2797 = PLANE('',#2798);
#2798 = AXIS2_PLACEMENT_3D('',#2799,#2800,#2801);
#2799 = CARTESIAN_POINT('',(-56.38888888888,89.5,8.));
#2800 = DIRECTION('',(0.,0.,1.));
#2801 = DIRECTION('',(1.,0.,-0.));
#2802 = ADVANCED_FACE('',(#2803,#2814),#2820,.T.);
#2803 = FACE_BOUND('',#2804,.T.);
#2804 = EDGE_LOOP('',(#2805));
#2805 = ORIENTED_EDGE('',*,*,#2806,.T.);
#2806 = EDGE_CURVE('',#2807,#2807,#2809,.T.);
#2807 = VERTEX_POINT('',#2808);
#2808 = CARTESIAN_POINT('',(-23.83333333333,89.5,8.));
#2809 = CIRCLE('',#2810,10.);
#2810 = AXIS2_PLACEMENT_3D('',#2811,#2812,#2813);
#2811 = CARTESIAN_POINT('',(-33.83333333333,89.5,8.));
#2812 = DIRECTION('',(0.,0.,1.));
#2813 = DIRECTION('',(1.,0.,-0.));
#2814 = FACE_BOUND('',#2815,.T.);
#2815 = EDGE_LOOP('',(#2816,#2817,#2818,#2819));
#2816 = ORIENTED_EDGE('',*,*,#1363,.T.);
#2817 = ORIENTED_EDGE('',*,*,#1411,.T.);
#2818 = ORIENTED_EDGE('',*,*,#1428,.F.);
#2819 = ORIENTED_EDGE('',*,*,#1387,.F.);
#2820 = PLANE('',#2821);
#2821 = AXIS2_PLACEMENT_3D('',#2822,#2823,#2824);
#2822 = CARTESIAN_POINT('',(-33.83333333333,89.5,8.));
#2823 = DIRECTION('',(0.,0.,1.));
#2824 = DIRECTION('',(1.,0.,-0.));
#2825 = ADVANCED_FACE('',(#2826,#2837),#2843,.T.);
#2826 = FACE_BOUND('',#2827,.T.);
#2827 = EDGE_LOOP('',(#2828));
#2828 = ORIENTED_EDGE('',*,*,#2829,.T.);
#2829 = EDGE_CURVE('',#2830,#2830,#2832,.T.);
#2830 = VERTEX_POINT('',#2831);
#2831 = CARTESIAN_POINT('',(-1.277777777778,89.5,8.));
#2832 = CIRCLE('',#2833,10.);
#2833 = AXIS2_PLACEMENT_3D('',#2834,#2835,#2836);
#2834 = CARTESIAN_POINT('',(-11.27777777777,89.5,8.));
#2835 = DIRECTION('',(0.,0.,1.));
#2836 = DIRECTION('',(1.,0.,-0.));
#2837 = FACE_BOUND('',#2838,.T.);
#2838 = EDGE_LOOP('',(#2839,#2840,#2841,#2842));
#2839 = ORIENTED_EDGE('',*,*,#1459,.T.);
#2840 = ORIENTED_EDGE('',*,*,#1507,.T.);
#2841 = ORIENTED_EDGE('',*,*,#1524,.F.);
#2842 = ORIENTED_EDGE('',*,*,#1483,.F.);
#2843 = PLANE('',#2844);
#2844 = AXIS2_PLACEMENT_3D('',#2845,#2846,#2847);
#2845 = CARTESIAN_POINT('',(-11.27777777777,89.5,8.));
#2846 = DIRECTION('',(0.,0.,1.));
#2847 = DIRECTION('',(1.,0.,-0.));
#2848 = ADVANCED_FACE('',(#2849,#2860),#2866,.T.);
#2849 = FACE_BOUND('',#2850,.T.);
#2850 = EDGE_LOOP('',(#2851));
#2851 = ORIENTED_EDGE('',*,*,#2852,.T.);
#2852 = EDGE_CURVE('',#2853,#2853,#2855,.T.);
#2853 = VERTEX_POINT('',#2854);
#2854 = CARTESIAN_POINT('',(21.277777777778,89.5,8.));
#2855 = CIRCLE('',#2856,10.);
#2856 = AXIS2_PLACEMENT_3D('',#2857,#2858,#2859);
#2857 = CARTESIAN_POINT('',(11.277777777778,89.5,8.));
#2858 = DIRECTION('',(0.,0.,1.));
#2859 = DIRECTION('',(1.,0.,-0.));
#2860 = FACE_BOUND('',#2861,.T.);
#2861 = EDGE_LOOP('',(#2862,#2863,#2864,#2865));
#2862 = ORIENTED_EDGE('',*,*,#1555,.T.);
#2863 = ORIENTED_EDGE('',*,*,#1603,.T.);
#2864 = ORIENTED_EDGE('',*,*,#1620,.F.);
#2865 = ORIENTED_EDGE('',*,*,#1579,.F.);
#2866 = PLANE('',#2867);
#2867 = AXIS2_PLACEMENT_3D('',#2868,#2869,#2870);
#2868 = CARTESIAN_POINT('',(11.277777777778,89.5,8.));
#2869 = DIRECTION('',(0.,0.,1.));
#2870 = DIRECTION('',(1.,0.,-0.));
#2871 = ADVANCED_FACE('',(#2872,#2883),#2889,.T.);
#2872 = FACE_BOUND('',#2873,.T.);
#2873 = EDGE_LOOP('',(#2874));
#2874 = ORIENTED_EDGE('',*,*,#2875,.T.);
#2875 = EDGE_CURVE('',#2876,#2876,#2878,.T.);
#2876 = VERTEX_POINT('',#2877);
#2877 = CARTESIAN_POINT('',(43.833333333333,89.5,8.));
#2878 = CIRCLE('',#2879,10.);
#2879 = AXIS2_PLACEMENT_3D('',#2880,#2881,#2882);
#2880 = CARTESIAN_POINT('',(33.833333333333,89.5,8.));
#2881 = DIRECTION('',(0.,0.,1.));
#2882 = DIRECTION('',(1.,0.,-0.));
#2883 = FACE_BOUND('',#2884,.T.);
#2884 = EDGE_LOOP('',(#2885,#2886,#2887,#2888));
#2885 = ORIENTED_EDGE('',*,*,#1651,.T.);
#2886 = ORIENTED_EDGE('',*,*,#1699,.T.);
#2887 = ORIENTED_EDGE('',*,*,#1716,.F.);
#2888 = ORIENTED_EDGE('',*,*,#1675,.F.);
#2889 = PLANE('',#2890);
#2890 = AXIS2_PLACEMENT_3D('',#2891,#2892,#2893);
#2891 = CARTESIAN_POINT('',(33.833333333333,89.5,8.));
#2892 = DIRECTION('',(0.,0.,1.));
#2893 = DIRECTION('',(1.,0.,-0.));
#2894 = ADVANCED_FACE('',(#2895,#2906),#2912,.T.);
#2895 = FACE_BOUND('',#2896,.T.);
#2896 = EDGE_LOOP('',(#2897));
#2897 = ORIENTED_EDGE('',*,*,#2898,.T.);
#2898 = EDGE_CURVE('',#2899,#2899,#2901,.T.);
#2899 = VERTEX_POINT('',#2900);
#2900 = CARTESIAN_POINT('',(66.388888888889,89.5,8.));
#2901 = CIRCLE('',#2902,10.);
#2902 = AXIS2_PLACEMENT_3D('',#2903,#2904,#2905);
#2903 = CARTESIAN_POINT('',(56.388888888889,89.5,8.));
#2904 = DIRECTION('',(0.,0.,1.));
#2905 = DIRECTION('',(1.,0.,-0.));
#2906 = FACE_BOUND('',#2907,.T.);
#2907 = EDGE_LOOP('',(#2908,#2909,#2910,#2911));
#2908 = ORIENTED_EDGE('',*,*,#1747,.T.);
#2909 = ORIENTED_EDGE('',*,*,#1795,.T.);
#2910 = ORIENTED_EDGE('',*,*,#1812,.F.);
#2911 = ORIENTED_EDGE('',*,*,#1771,.F.);
#2912 = PLANE('',#2913);
#2913 = AXIS2_PLACEMENT_3D('',#2914,#2915,#2916);
#2914 = CARTESIAN_POINT('',(56.388888888889,89.5,8.));
#2915 = DIRECTION('',(0.,0.,1.));
#2916 = DIRECTION('',(1.,0.,-0.));
#2917 = ADVANCED_FACE('',(#2918,#2929),#2935,.T.);
#2918 = FACE_BOUND('',#2919,.T.);
#2919 = EDGE_LOOP('',(#2920));
#2920 = ORIENTED_EDGE('',*,*,#2921,.T.);
#2921 = EDGE_CURVE('',#2922,#2922,#2924,.T.);
#2922 = VERTEX_POINT('',#2923);
#2923 = CARTESIAN_POINT('',(88.944444444444,89.5,8.));
#2924 = CIRCLE('',#2925,10.);
#2925 = AXIS2_PLACEMENT_3D('',#2926,#2927,#2928);
#2926 = CARTESIAN_POINT('',(78.944444444444,89.5,8.));
#2927 = DIRECTION('',(0.,0.,1.));
#2928 = DIRECTION('',(1.,0.,-0.));
#2929 = FACE_BOUND('',#2930,.T.);
#2930 = EDGE_LOOP('',(#2931,#2932,#2933,#2934));
#2931 = ORIENTED_EDGE('',*,*,#1843,.T.);
#2932 = ORIENTED_EDGE('',*,*,#1891,.T.);
#2933 = ORIENTED_EDGE('',*,*,#1908,.F.);
#2934 = ORIENTED_EDGE('',*,*,#1867,.F.);
#2935 = PLANE('',#2936);
#2936 = AXIS2_PLACEMENT_3D('',#2937,#2938,#2939);
#2937 = CARTESIAN_POINT('',(78.944444444444,89.5,8.));
#2938 = DIRECTION('',(0.,0.,1.));
#2939 = DIRECTION('',(1.,0.,-0.));
#2940 = ADVANCED_FACE('',(#2941,#2952),#2958,.T.);
#2941 = FACE_BOUND('',#2942,.T.);
#2942 = EDGE_LOOP('',(#2943));
#2943 = ORIENTED_EDGE('',*,*,#2944,.T.);
#2944 = EDGE_CURVE('',#2945,#2945,#2947,.T.);
#2945 = VERTEX_POINT('',#2946);
#2946 = CARTESIAN_POINT('',(111.5,89.5,8.));
#2947 = CIRCLE('',#2948,10.);
#2948 = AXIS2_PLACEMENT_3D('',#2949,#2950,#2951);
#2949 = CARTESIAN_POINT('',(101.5,89.5,8.));
#2950 = DIRECTION('',(0.,0.,1.));
#2951 = DIRECTION('',(1.,0.,-0.));
#2952 = FACE_BOUND('',#2953,.T.);
#2953 = EDGE_LOOP('',(#2954,#2955,#2956,#2957));
#2954 = ORIENTED_EDGE('',*,*,#1939,.T.);
#2955 = ORIENTED_EDGE('',*,*,#2004,.T.);
#2956 = ORIENTED_EDGE('',*,*,#1987,.F.);
#2957 = ORIENTED_EDGE('',*,*,#1963,.F.);
#2958 = PLANE('',#2959);
#2959 = AXIS2_PLACEMENT_3D('',#2960,#2961,#2962);
#2960 = CARTESIAN_POINT('',(101.5,89.5,8.));
#2961 = DIRECTION('',(0.,0.,1.));
#2962 = DIRECTION('',(1.,0.,-0.));
#2963 = ADVANCED_FACE('',(#2964),#2992,.T.);
#2964 = FACE_BOUND('',#2965,.T.);
#2965 = EDGE_LOOP('',(#2966,#2975,#2976,#2985));
#2966 = ORIENTED_EDGE('',*,*,#2967,.F.);
#2967 = EDGE_CURVE('',#2019,#2968,#2970,.T.);
#2968 = VERTEX_POINT('',#2969);
#2969 = CARTESIAN_POINT('',(-90.75424192665,93.596179125619,55.));
#2970 = CIRCLE('',#2971,12.5);
#2971 = AXIS2_PLACEMENT_3D('',#2972,#2973,#2974);
#2972 = CARTESIAN_POINT('',(-78.94444444444,89.5,55.));
#2973 = DIRECTION('',(0.,0.,1.));
#2974 = DIRECTION('',(1.,0.,-0.));
#2975 = ORIENTED_EDGE('',*,*,#2018,.T.);
#2976 = ORIENTED_EDGE('',*,*,#2977,.F.);
#2977 = EDGE_CURVE('',#2978,#2021,#2980,.T.);
#2978 = VERTEX_POINT('',#2979);
#2979 = CARTESIAN_POINT('',(-90.75424192665,85.403820874381,55.));
#2980 = CIRCLE('',#2981,12.5);
#2981 = AXIS2_PLACEMENT_3D('',#2982,#2983,#2984);
#2982 = CARTESIAN_POINT('',(-78.94444444444,89.5,55.));
#2983 = DIRECTION('',(0.,0.,1.));
#2984 = DIRECTION('',(1.,0.,-0.));
#2985 = ORIENTED_EDGE('',*,*,#2986,.F.);
#2986 = EDGE_CURVE('',#2968,#2978,#2987,.T.);
#2987 = CIRCLE('',#2988,11.5);
#2988 = AXIS2_PLACEMENT_3D('',#2989,#2990,#2991);
#2989 = CARTESIAN_POINT('',(-101.5,89.5,55.));
#2990 = DIRECTION('',(0.,0.,1.));
#2991 = DIRECTION('',(1.,0.,-0.));
#2992 = PLANE('',#2993);
#2993 = AXIS2_PLACEMENT_3D('',#2994,#2995,#2996);
#2994 = CARTESIAN_POINT('',(-101.5,89.5,55.));
#2995 = DIRECTION('',(0.,0.,1.));
#2996 = DIRECTION('',(1.,0.,-0.));
#2997 = ADVANCED_FACE('',(#2998),#3018,.T.);
#2998 = FACE_BOUND('',#2999,.T.);
#2999 = EDGE_LOOP('',(#3000,#3001,#3002,#3010,#3017));
#3000 = ORIENTED_EDGE('',*,*,#2285,.T.);
#3001 = ORIENTED_EDGE('',*,*,#2300,.T.);
#3002 = ORIENTED_EDGE('',*,*,#3003,.T.);
#3003 = EDGE_CURVE('',#2301,#3004,#3006,.T.);
#3004 = VERTEX_POINT('',#3005);
#3005 = CARTESIAN_POINT('',(-67.66666666666,84.109106901908,55.));
#3006 = LINE('',#3007,#3008);
#3007 = CARTESIAN_POINT('',(-67.66666666666,84.109106901907,5.));
#3008 = VECTOR('',#3009,1.);
#3009 = DIRECTION('',(0.,0.,1.));
#3010 = ORIENTED_EDGE('',*,*,#3011,.F.);
#3011 = EDGE_CURVE('',#2021,#3004,#3012,.T.);
#3012 = CIRCLE('',#3013,12.5);
#3013 = AXIS2_PLACEMENT_3D('',#3014,#3015,#3016);
#3014 = CARTESIAN_POINT('',(-78.94444444444,89.5,55.));
#3015 = DIRECTION('',(0.,0.,1.));
#3016 = DIRECTION('',(1.,0.,-0.));
#3017 = ORIENTED_EDGE('',*,*,#2054,.F.);
#3018 = CYLINDRICAL_SURFACE('',#3019,12.5);
#3019 = AXIS2_PLACEMENT_3D('',#3020,#3021,#3022);
#3020 = CARTESIAN_POINT('',(-78.94444444444,89.5,5.));
#3021 = DIRECTION('',(0.,0.,1.));
#3022 = DIRECTION('',(1.,0.,-0.));
#3023 = ADVANCED_FACE('',(#3024),#3044,.T.);
#3024 = FACE_BOUND('',#3025,.T.);
#3025 = EDGE_LOOP('',(#3026,#3035,#3041,#3042,#3043));
#3026 = ORIENTED_EDGE('',*,*,#3027,.F.);
#3027 = EDGE_CURVE('',#3028,#2019,#3030,.T.);
#3028 = VERTEX_POINT('',#3029);
#3029 = CARTESIAN_POINT('',(-67.66666666666,94.890893098092,55.));
#3030 = CIRCLE('',#3031,12.5);
#3031 = AXIS2_PLACEMENT_3D('',#3032,#3033,#3034);
#3032 = CARTESIAN_POINT('',(-78.94444444444,89.5,55.));
#3033 = DIRECTION('',(0.,0.,1.));
#3034 = DIRECTION('',(1.,0.,-0.));
#3035 = ORIENTED_EDGE('',*,*,#3036,.F.);
#3036 = EDGE_CURVE('',#2533,#3028,#3037,.T.);
#3037 = LINE('',#3038,#3039);
#3038 = CARTESIAN_POINT('',(-67.66666666666,94.890893098093,5.));
#3039 = VECTOR('',#3040,1.);
#3040 = DIRECTION('',(0.,0.,1.));
#3041 = ORIENTED_EDGE('',*,*,#2532,.T.);
#3042 = ORIENTED_EDGE('',*,*,#2582,.T.);
#3043 = ORIENTED_EDGE('',*,*,#2029,.T.);
#3044 = CYLINDRICAL_SURFACE('',#3045,12.5);
#3045 = AXIS2_PLACEMENT_3D('',#3046,#3047,#3048);
#3046 = CARTESIAN_POINT('',(-78.94444444444,89.5,5.));
#3047 = DIRECTION('',(0.,0.,1.));
#3048 = DIRECTION('',(1.,0.,-0.));
#3049 = ADVANCED_FACE('',(#3050),#3077,.T.);
#3050 = FACE_BOUND('',#3051,.T.);
#3051 = EDGE_LOOP('',(#3052,#3063,#3069,#3070,#3071));
#3052 = ORIENTED_EDGE('',*,*,#3053,.F.);
#3053 = EDGE_CURVE('',#3054,#3056,#3058,.T.);
#3054 = VERTEX_POINT('',#3055);
#3055 = CARTESIAN_POINT('',(114.,89.5,55.));
#3056 = VERTEX_POINT('',#3057);
#3057 = CARTESIAN_POINT('',(90.222222222222,94.890893098092,55.));
#3058 = CIRCLE('',#3059,12.5);
#3059 = AXIS2_PLACEMENT_3D('',#3060,#3061,#3062);
#3060 = CARTESIAN_POINT('',(101.5,89.5,55.));
#3061 = DIRECTION('',(0.,0.,1.));
#3062 = DIRECTION('',(1.,0.,-0.));
#3063 = ORIENTED_EDGE('',*,*,#3064,.F.);
#3064 = EDGE_CURVE('',#2082,#3054,#3065,.T.);
#3065 = LINE('',#3066,#3067);
#3066 = CARTESIAN_POINT('',(114.,89.5,5.));
#3067 = VECTOR('',#3068,1.);
#3068 = DIRECTION('',(0.,0.,1.));
#3069 = ORIENTED_EDGE('',*,*,#2081,.T.);
#3070 = ORIENTED_EDGE('',*,*,#2721,.T.);
#3071 = ORIENTED_EDGE('',*,*,#3072,.T.);
#3072 = EDGE_CURVE('',#2713,#3056,#3073,.T.);
#3073 = LINE('',#3074,#3075);
#3074 = CARTESIAN_POINT('',(90.222222222222,94.890893098093,5.));
#3075 = VECTOR('',#3076,1.);
#3076 = DIRECTION('',(0.,0.,1.));
#3077 = CYLINDRICAL_SURFACE('',#3078,12.5);
#3078 = AXIS2_PLACEMENT_3D('',#3079,#3080,#3081);
#3079 = CARTESIAN_POINT('',(101.5,89.5,5.));
#3080 = DIRECTION('',(0.,0.,1.));
#3081 = DIRECTION('',(1.,0.,-0.));
#3082 = ADVANCED_FACE('',(#3083),#3103,.T.);
#3083 = FACE_BOUND('',#3084,.T.);
#3084 = EDGE_LOOP('',(#3085,#3086,#3095,#3101,#3102));
#3085 = ORIENTED_EDGE('',*,*,#3064,.T.);
#3086 = ORIENTED_EDGE('',*,*,#3087,.F.);
#3087 = EDGE_CURVE('',#3088,#3054,#3090,.T.);
#3088 = VERTEX_POINT('',#3089);
#3089 = CARTESIAN_POINT('',(90.222222222222,84.109106901908,55.));
#3090 = CIRCLE('',#3091,12.5);
#3091 = AXIS2_PLACEMENT_3D('',#3092,#3093,#3094);
#3092 = CARTESIAN_POINT('',(101.5,89.5,55.));
#3093 = DIRECTION('',(0.,0.,1.));
#3094 = DIRECTION('',(1.,0.,-0.));
#3095 = ORIENTED_EDGE('',*,*,#3096,.F.);
#3096 = EDGE_CURVE('',#2476,#3088,#3097,.T.);
#3097 = LINE('',#3098,#3099);
#3098 = CARTESIAN_POINT('',(90.222222222222,84.109106901907,5.));
#3099 = VECTOR('',#3100,1.);
#3100 = DIRECTION('',(0.,0.,1.));
#3101 = ORIENTED_EDGE('',*,*,#2485,.T.);
#3102 = ORIENTED_EDGE('',*,*,#2090,.T.);
#3103 = CYLINDRICAL_SURFACE('',#3104,12.5);
#3104 = AXIS2_PLACEMENT_3D('',#3105,#3106,#3107);
#3105 = CARTESIAN_POINT('',(101.5,89.5,5.));
#3106 = DIRECTION('',(0.,0.,1.));
#3107 = DIRECTION('',(1.,0.,-0.));
#3108 = ADVANCED_FACE('',(#3109),#3115,.T.);
#3109 = FACE_BOUND('',#3110,.T.);
#3110 = EDGE_LOOP('',(#3111,#3112,#3113,#3114));
#3111 = ORIENTED_EDGE('',*,*,#2267,.T.);
#3112 = ORIENTED_EDGE('',*,*,#2182,.T.);
#3113 = ORIENTED_EDGE('',*,*,#2219,.F.);
#3114 = ORIENTED_EDGE('',*,*,#2242,.F.);
#3115 = PLANE('',#3116);
#3116 = AXIS2_PLACEMENT_3D('',#3117,#3118,#3119);
#3117 = CARTESIAN_POINT('',(-122.,0.,5.));
#3118 = DIRECTION('',(0.,0.,1.));
#3119 = DIRECTION('',(1.,0.,-0.));
#3120 = ADVANCED_FACE('',(#3121),#3141,.T.);
#3121 = FACE_BOUND('',#3122,.T.);
#3122 = EDGE_LOOP('',(#3123,#3124,#3125,#3133,#3140));
#3123 = ORIENTED_EDGE('',*,*,#2310,.T.);
#3124 = ORIENTED_EDGE('',*,*,#2325,.T.);
#3125 = ORIENTED_EDGE('',*,*,#3126,.T.);
#3126 = EDGE_CURVE('',#2326,#3127,#3129,.T.);
#3127 = VERTEX_POINT('',#3128);
#3128 = CARTESIAN_POINT('',(-45.11111111111,84.109106901908,55.));
#3129 = LINE('',#3130,#3131);
#3130 = CARTESIAN_POINT('',(-45.11111111111,84.109106901907,5.));
#3131 = VECTOR('',#3132,1.);
#3132 = DIRECTION('',(0.,0.,1.));
#3133 = ORIENTED_EDGE('',*,*,#3134,.F.);
#3134 = EDGE_CURVE('',#3004,#3127,#3135,.T.);
#3135 = CIRCLE('',#3136,12.5);
#3136 = AXIS2_PLACEMENT_3D('',#3137,#3138,#3139);
#3137 = CARTESIAN_POINT('',(-56.38888888888,89.5,55.));
#3138 = DIRECTION('',(0.,0.,1.));
#3139 = DIRECTION('',(1.,0.,-0.));
#3140 = ORIENTED_EDGE('',*,*,#3003,.F.);
#3141 = CYLINDRICAL_SURFACE('',#3142,12.5);
#3142 = AXIS2_PLACEMENT_3D('',#3143,#3144,#3145);
#3143 = CARTESIAN_POINT('',(-56.38888888888,89.5,5.));
#3144 = DIRECTION('',(0.,0.,1.));
#3145 = DIRECTION('',(1.,0.,-0.));
#3146 = ADVANCED_FACE('',(#3147),#3167,.T.);
#3147 = FACE_BOUND('',#3148,.T.);
#3148 = EDGE_LOOP('',(#3149,#3150,#3151,#3159,#3166));
#3149 = ORIENTED_EDGE('',*,*,#2335,.T.);
#3150 = ORIENTED_EDGE('',*,*,#2350,.T.);
#3151 = ORIENTED_EDGE('',*,*,#3152,.T.);
#3152 = EDGE_CURVE('',#2351,#3153,#3155,.T.);
#3153 = VERTEX_POINT('',#3154);
#3154 = CARTESIAN_POINT('',(-22.55555555555,84.109106901908,55.));
#3155 = LINE('',#3156,#3157);
#3156 = CARTESIAN_POINT('',(-22.55555555555,84.109106901907,5.));
#3157 = VECTOR('',#3158,1.);
#3158 = DIRECTION('',(0.,0.,1.));
#3159 = ORIENTED_EDGE('',*,*,#3160,.F.);
#3160 = EDGE_CURVE('',#3127,#3153,#3161,.T.);
#3161 = CIRCLE('',#3162,12.5);
#3162 = AXIS2_PLACEMENT_3D('',#3163,#3164,#3165);
#3163 = CARTESIAN_POINT('',(-33.83333333333,89.5,55.));
#3164 = DIRECTION('',(0.,0.,1.));
#3165 = DIRECTION('',(1.,0.,-0.));
#3166 = ORIENTED_EDGE('',*,*,#3126,.F.);
#3167 = CYLINDRICAL_SURFACE('',#3168,12.5);
#3168 = AXIS2_PLACEMENT_3D('',#3169,#3170,#3171);
#3169 = CARTESIAN_POINT('',(-33.83333333333,89.5,5.));
#3170 = DIRECTION('',(0.,0.,1.));
#3171 = DIRECTION('',(1.,0.,-0.));
#3172 = ADVANCED_FACE('',(#3173),#3193,.T.);
#3173 = FACE_BOUND('',#3174,.T.);
#3174 = EDGE_LOOP('',(#3175,#3176,#3177,#3185,#3192));
#3175 = ORIENTED_EDGE('',*,*,#2360,.T.);
#3176 = ORIENTED_EDGE('',*,*,#2375,.T.);
#3177 = ORIENTED_EDGE('',*,*,#3178,.T.);
#3178 = EDGE_CURVE('',#2376,#3179,#3181,.T.);
#3179 = VERTEX_POINT('',#3180);
#3180 = CARTESIAN_POINT('',(-4.440892098501E-14,84.109106901908,55.));
#3181 = LINE('',#3182,#3183);
#3182 = CARTESIAN_POINT('',(8.881784197001E-15,84.109106901907,5.));
#3183 = VECTOR('',#3184,1.);
#3184 = DIRECTION('',(0.,0.,1.));
#3185 = ORIENTED_EDGE('',*,*,#3186,.F.);
#3186 = EDGE_CURVE('',#3153,#3179,#3187,.T.);
#3187 = CIRCLE('',#3188,12.5);
#3188 = AXIS2_PLACEMENT_3D('',#3189,#3190,#3191);
#3189 = CARTESIAN_POINT('',(-11.27777777777,89.5,55.));
#3190 = DIRECTION('',(0.,0.,1.));
#3191 = DIRECTION('',(1.,0.,-0.));
#3192 = ORIENTED_EDGE('',*,*,#3152,.F.);
#3193 = CYLINDRICAL_SURFACE('',#3194,12.5);
#3194 = AXIS2_PLACEMENT_3D('',#3195,#3196,#3197);
#3195 = CARTESIAN_POINT('',(-11.27777777777,89.5,5.));
#3196 = DIRECTION('',(0.,0.,1.));
#3197 = DIRECTION('',(1.,0.,-0.));
#3198 = ADVANCED_FACE('',(#3199),#3219,.T.);
#3199 = FACE_BOUND('',#3200,.T.);
#3200 = EDGE_LOOP('',(#3201,#3202,#3203,#3211,#3218));
#3201 = ORIENTED_EDGE('',*,*,#2385,.T.);
#3202 = ORIENTED_EDGE('',*,*,#2400,.T.);
#3203 = ORIENTED_EDGE('',*,*,#3204,.T.);
#3204 = EDGE_CURVE('',#2401,#3205,#3207,.T.);
#3205 = VERTEX_POINT('',#3206);
#3206 = CARTESIAN_POINT('',(22.555555555556,84.109106901908,55.));
#3207 = LINE('',#3208,#3209);
#3208 = CARTESIAN_POINT('',(22.555555555556,84.109106901907,5.));
#3209 = VECTOR('',#3210,1.);
#3210 = DIRECTION('',(0.,0.,1.));
#3211 = ORIENTED_EDGE('',*,*,#3212,.F.);
#3212 = EDGE_CURVE('',#3179,#3205,#3213,.T.);
#3213 = CIRCLE('',#3214,12.5);
#3214 = AXIS2_PLACEMENT_3D('',#3215,#3216,#3217);
#3215 = CARTESIAN_POINT('',(11.277777777778,89.5,55.));
#3216 = DIRECTION('',(0.,0.,1.));
#3217 = DIRECTION('',(1.,0.,-0.));
#3218 = ORIENTED_EDGE('',*,*,#3178,.F.);
#3219 = CYLINDRICAL_SURFACE('',#3220,12.5);
#3220 = AXIS2_PLACEMENT_3D('',#3221,#3222,#3223);
#3221 = CARTESIAN_POINT('',(11.277777777778,89.5,5.));
#3222 = DIRECTION('',(0.,0.,1.));
#3223 = DIRECTION('',(1.,0.,-0.));
#3224 = ADVANCED_FACE('',(#3225),#3245,.T.);
#3225 = FACE_BOUND('',#3226,.T.);
#3226 = EDGE_LOOP('',(#3227,#3228,#3229,#3237,#3244));
#3227 = ORIENTED_EDGE('',*,*,#2410,.T.);
#3228 = ORIENTED_EDGE('',*,*,#2425,.T.);
#3229 = ORIENTED_EDGE('',*,*,#3230,.T.);
#3230 = EDGE_CURVE('',#2426,#3231,#3233,.T.);
#3231 = VERTEX_POINT('',#3232);
#3232 = CARTESIAN_POINT('',(45.111111111111,84.109106901908,55.));
#3233 = LINE('',#3234,#3235);
#3234 = CARTESIAN_POINT('',(45.111111111111,84.109106901907,5.));
#3235 = VECTOR('',#3236,1.);
#3236 = DIRECTION('',(0.,0.,1.));
#3237 = ORIENTED_EDGE('',*,*,#3238,.F.);
#3238 = EDGE_CURVE('',#3205,#3231,#3239,.T.);
#3239 = CIRCLE('',#3240,12.5);
#3240 = AXIS2_PLACEMENT_3D('',#3241,#3242,#3243);
#3241 = CARTESIAN_POINT('',(33.833333333333,89.5,55.));
#3242 = DIRECTION('',(0.,0.,1.));
#3243 = DIRECTION('',(1.,0.,-0.));
#3244 = ORIENTED_EDGE('',*,*,#3204,.F.);
#3245 = CYLINDRICAL_SURFACE('',#3246,12.5);
#3246 = AXIS2_PLACEMENT_3D('',#3247,#3248,#3249);
#3247 = CARTESIAN_POINT('',(33.833333333333,89.5,5.));
#3248 = DIRECTION('',(0.,0.,1.));
#3249 = DIRECTION('',(1.,0.,-0.));
#3250 = ADVANCED_FACE('',(#3251),#3271,.T.);
#3251 = FACE_BOUND('',#3252,.T.);
#3252 = EDGE_LOOP('',(#3253,#3254,#3255,#3263,#3270));
#3253 = ORIENTED_EDGE('',*,*,#2435,.T.);
#3254 = ORIENTED_EDGE('',*,*,#2450,.T.);
#3255 = ORIENTED_EDGE('',*,*,#3256,.T.);
#3256 = EDGE_CURVE('',#2451,#3257,#3259,.T.);
#3257 = VERTEX_POINT('',#3258);
#3258 = CARTESIAN_POINT('',(67.666666666667,84.109106901908,55.));
#3259 = LINE('',#3260,#3261);
#3260 = CARTESIAN_POINT('',(67.666666666667,84.109106901907,5.));
#3261 = VECTOR('',#3262,1.);
#3262 = DIRECTION('',(0.,0.,1.));
#3263 = ORIENTED_EDGE('',*,*,#3264,.F.);
#3264 = EDGE_CURVE('',#3231,#3257,#3265,.T.);
#3265 = CIRCLE('',#3266,12.5);
#3266 = AXIS2_PLACEMENT_3D('',#3267,#3268,#3269);
#3267 = CARTESIAN_POINT('',(56.388888888889,89.5,55.));
#3268 = DIRECTION('',(0.,0.,1.));
#3269 = DIRECTION('',(1.,0.,-0.));
#3270 = ORIENTED_EDGE('',*,*,#3230,.F.);
#3271 = CYLINDRICAL_SURFACE('',#3272,12.5);
#3272 = AXIS2_PLACEMENT_3D('',#3273,#3274,#3275);
#3273 = CARTESIAN_POINT('',(56.388888888889,89.5,5.));
#3274 = DIRECTION('',(0.,0.,1.));
#3275 = DIRECTION('',(1.,0.,-0.));
#3276 = ADVANCED_FACE('',(#3277),#3290,.T.);
#3277 = FACE_BOUND('',#3278,.T.);
#3278 = EDGE_LOOP('',(#3279,#3280,#3281,#3282,#3289));
#3279 = ORIENTED_EDGE('',*,*,#2460,.T.);
#3280 = ORIENTED_EDGE('',*,*,#2475,.T.);
#3281 = ORIENTED_EDGE('',*,*,#3096,.T.);
#3282 = ORIENTED_EDGE('',*,*,#3283,.F.);
#3283 = EDGE_CURVE('',#3257,#3088,#3284,.T.);
#3284 = CIRCLE('',#3285,12.5);
#3285 = AXIS2_PLACEMENT_3D('',#3286,#3287,#3288);
#3286 = CARTESIAN_POINT('',(78.944444444444,89.5,55.));
#3287 = DIRECTION('',(0.,0.,1.));
#3288 = DIRECTION('',(1.,0.,-0.));
#3289 = ORIENTED_EDGE('',*,*,#3256,.F.);
#3290 = CYLINDRICAL_SURFACE('',#3291,12.5);
#3291 = AXIS2_PLACEMENT_3D('',#3292,#3293,#3294);
#3292 = CARTESIAN_POINT('',(78.944444444444,89.5,5.));
#3293 = DIRECTION('',(0.,0.,1.));
#3294 = DIRECTION('',(1.,0.,-0.));
#3295 = ADVANCED_FACE('',(#3296),#3388,.T.);
#3296 = FACE_BOUND('',#3297,.T.);
#3297 = EDGE_LOOP('',(#3298,#3299,#3307,#3315,#3324,#3332,#3340,#3349,
    #3357,#3363,#3364,#3373,#3381));
#3298 = ORIENTED_EDGE('',*,*,#2500,.F.);
#3299 = ORIENTED_EDGE('',*,*,#3300,.T.);
#3300 = EDGE_CURVE('',#955,#3301,#3303,.T.);
#3301 = VERTEX_POINT('',#3302);
#3302 = CARTESIAN_POINT('',(-58.,102.,5.));
#3303 = LINE('',#3304,#3305);
#3304 = CARTESIAN_POINT('',(-122.,102.,5.));
#3305 = VECTOR('',#3306,1.);
#3306 = DIRECTION('',(1.,0.,-0.));
#3307 = ORIENTED_EDGE('',*,*,#3308,.T.);
#3308 = EDGE_CURVE('',#3301,#3309,#3311,.T.);
#3309 = VERTEX_POINT('',#3310);
#3310 = CARTESIAN_POINT('',(-58.,157.,5.));
#3311 = LINE('',#3312,#3313);
#3312 = CARTESIAN_POINT('',(-58.,101.,5.));
#3313 = VECTOR('',#3314,1.);
#3314 = DIRECTION('',(-0.,1.,0.));
#3315 = ORIENTED_EDGE('',*,*,#3316,.T.);
#3316 = EDGE_CURVE('',#3309,#3317,#3319,.T.);
#3317 = VERTEX_POINT('',#3318);
#3318 = CARTESIAN_POINT('',(-56.,159.,5.));
#3319 = CIRCLE('',#3320,2.);
#3320 = AXIS2_PLACEMENT_3D('',#3321,#3322,#3323);
#3321 = CARTESIAN_POINT('',(-56.,157.,5.));
#3322 = DIRECTION('',(-0.,-0.,-1.));
#3323 = DIRECTION('',(0.,-1.,0.));
#3324 = ORIENTED_EDGE('',*,*,#3325,.T.);
#3325 = EDGE_CURVE('',#3317,#3326,#3328,.T.);
#3326 = VERTEX_POINT('',#3327);
#3327 = CARTESIAN_POINT('',(0.,159.,5.));
#3328 = LINE('',#3329,#3330);
#3329 = CARTESIAN_POINT('',(-58.,159.,5.));
#3330 = VECTOR('',#3331,1.);
#3331 = DIRECTION('',(1.,0.,-0.));
#3332 = ORIENTED_EDGE('',*,*,#3333,.T.);
#3333 = EDGE_CURVE('',#3326,#3334,#3336,.T.);
#3334 = VERTEX_POINT('',#3335);
#3335 = CARTESIAN_POINT('',(56.,159.,5.));
#3336 = LINE('',#3337,#3338);
#3337 = CARTESIAN_POINT('',(0.,159.,5.));
#3338 = VECTOR('',#3339,1.);
#3339 = DIRECTION('',(1.,0.,-0.));
#3340 = ORIENTED_EDGE('',*,*,#3341,.F.);
#3341 = EDGE_CURVE('',#3342,#3334,#3344,.T.);
#3342 = VERTEX_POINT('',#3343);
#3343 = CARTESIAN_POINT('',(58.,157.,5.));
#3344 = CIRCLE('',#3345,2.);
#3345 = AXIS2_PLACEMENT_3D('',#3346,#3347,#3348);
#3346 = CARTESIAN_POINT('',(56.,157.,5.));
#3347 = DIRECTION('',(0.,0.,1.));
#3348 = DIRECTION('',(0.,-1.,0.));
#3349 = ORIENTED_EDGE('',*,*,#3350,.F.);
#3350 = EDGE_CURVE('',#3351,#3342,#3353,.T.);
#3351 = VERTEX_POINT('',#3352);
#3352 = CARTESIAN_POINT('',(58.,102.,5.));
#3353 = LINE('',#3354,#3355);
#3354 = CARTESIAN_POINT('',(58.,101.,5.));
#3355 = VECTOR('',#3356,1.);
#3356 = DIRECTION('',(-0.,1.,0.));
#3357 = ORIENTED_EDGE('',*,*,#3358,.T.);
#3358 = EDGE_CURVE('',#3351,#995,#3359,.T.);
#3359 = LINE('',#3360,#3361);
#3360 = CARTESIAN_POINT('',(-122.,102.,5.));
#3361 = VECTOR('',#3362,1.);
#3362 = DIRECTION('',(1.,0.,-0.));
#3363 = ORIENTED_EDGE('',*,*,#2639,.T.);
#3364 = ORIENTED_EDGE('',*,*,#3365,.F.);
#3365 = EDGE_CURVE('',#3366,#2640,#3368,.T.);
#3366 = VERTEX_POINT('',#3367);
#3367 = CARTESIAN_POINT('',(60.,159.05,5.));
#3368 = CIRCLE('',#3369,2.);
#3369 = AXIS2_PLACEMENT_3D('',#3370,#3371,#3372);
#3370 = CARTESIAN_POINT('',(60.,157.05,5.));
#3371 = DIRECTION('',(-0.,-0.,-1.));
#3372 = DIRECTION('',(0.,-1.,0.));
#3373 = ORIENTED_EDGE('',*,*,#3374,.F.);
#3374 = EDGE_CURVE('',#3375,#3366,#3377,.T.);
#3375 = VERTEX_POINT('',#3376);
#3376 = CARTESIAN_POINT('',(-60.,159.05,5.));
#3377 = LINE('',#3378,#3379);
#3378 = CARTESIAN_POINT('',(-62.,159.05,5.));
#3379 = VECTOR('',#3380,1.);
#3380 = DIRECTION('',(1.,0.,-0.));
#3381 = ORIENTED_EDGE('',*,*,#3382,.F.);
#3382 = EDGE_CURVE('',#2501,#3375,#3383,.T.);
#3383 = CIRCLE('',#3384,2.);
#3384 = AXIS2_PLACEMENT_3D('',#3385,#3386,#3387);
#3385 = CARTESIAN_POINT('',(-60.,157.05,5.));
#3386 = DIRECTION('',(-0.,-0.,-1.));
#3387 = DIRECTION('',(0.,-1.,0.));
#3388 = PLANE('',#3389);
#3389 = AXIS2_PLACEMENT_3D('',#3390,#3391,#3392);
#3390 = CARTESIAN_POINT('',(-62.,101.95,5.));
#3391 = DIRECTION('',(0.,0.,1.));
#3392 = DIRECTION('',(1.,0.,-0.));
#3393 = ADVANCED_FACE('',(#3394),#3405,.T.);
#3394 = FACE_BOUND('',#3395,.F.);
#3395 = EDGE_LOOP('',(#3396,#3397,#3403,#3404));
#3396 = ORIENTED_EDGE('',*,*,#2624,.T.);
#3397 = ORIENTED_EDGE('',*,*,#3398,.T.);
#3398 = EDGE_CURVE('',#2617,#3375,#3399,.T.);
#3399 = LINE('',#3400,#3401);
#3400 = CARTESIAN_POINT('',(-60.,159.05,0.));
#3401 = VECTOR('',#3402,1.);
#3402 = DIRECTION('',(0.,0.,1.));
#3403 = ORIENTED_EDGE('',*,*,#3382,.F.);
#3404 = ORIENTED_EDGE('',*,*,#2517,.F.);
#3405 = CYLINDRICAL_SURFACE('',#3406,2.);
#3406 = AXIS2_PLACEMENT_3D('',#3407,#3408,#3409);
#3407 = CARTESIAN_POINT('',(-60.,157.05,0.));
#3408 = DIRECTION('',(0.,0.,1.));
#3409 = DIRECTION('',(-1.,-0.,0.));
#3410 = ADVANCED_FACE('',(#3411),#3422,.T.);
#3411 = FACE_BOUND('',#3412,.T.);
#3412 = EDGE_LOOP('',(#3413,#3414,#3415,#3416));
#3413 = ORIENTED_EDGE('',*,*,#3300,.F.);
#3414 = ORIENTED_EDGE('',*,*,#2566,.F.);
#3415 = ORIENTED_EDGE('',*,*,#2558,.T.);
#3416 = ORIENTED_EDGE('',*,*,#3417,.T.);
#3417 = EDGE_CURVE('',#2551,#3301,#3418,.T.);
#3418 = LINE('',#3419,#3420);
#3419 = CARTESIAN_POINT('',(-58.,101.,5.));
#3420 = VECTOR('',#3421,1.);
#3421 = DIRECTION('',(-0.,1.,0.));
#3422 = PLANE('',#3423);
#3423 = AXIS2_PLACEMENT_3D('',#3424,#3425,#3426);
#3424 = CARTESIAN_POINT('',(-122.,0.,5.));
#3425 = DIRECTION('',(0.,0.,1.));
#3426 = DIRECTION('',(1.,0.,-0.));
#3427 = ADVANCED_FACE('',(#3428),#3471,.F.);
#3428 = FACE_BOUND('',#3429,.F.);
#3429 = EDGE_LOOP('',(#3430,#3440,#3448,#3456,#3462,#3463,#3464,#3465));
#3430 = ORIENTED_EDGE('',*,*,#3431,.F.);
#3431 = EDGE_CURVE('',#3432,#3434,#3436,.T.);
#3432 = VERTEX_POINT('',#3433);
#3433 = CARTESIAN_POINT('',(-58.,101.,78.));
#3434 = VERTEX_POINT('',#3435);
#3435 = CARTESIAN_POINT('',(-58.,157.,78.));
#3436 = LINE('',#3437,#3438);
#3437 = CARTESIAN_POINT('',(-58.,101.,78.));
#3438 = VECTOR('',#3439,1.);
#3439 = DIRECTION('',(-0.,1.,0.));
#3440 = ORIENTED_EDGE('',*,*,#3441,.F.);
#3441 = EDGE_CURVE('',#3442,#3432,#3444,.T.);
#3442 = VERTEX_POINT('',#3443);
#3443 = CARTESIAN_POINT('',(-58.,101.,55.));
#3444 = LINE('',#3445,#3446);
#3445 = CARTESIAN_POINT('',(-58.,101.,5.));
#3446 = VECTOR('',#3447,1.);
#3447 = DIRECTION('',(0.,0.,1.));
#3448 = ORIENTED_EDGE('',*,*,#3449,.T.);
#3449 = EDGE_CURVE('',#3442,#3450,#3452,.T.);
#3450 = VERTEX_POINT('',#3451);
#3451 = CARTESIAN_POINT('',(-58.,101.89573801706,55.));
#3452 = LINE('',#3453,#3454);
#3453 = CARTESIAN_POINT('',(-58.,95.25,55.));
#3454 = VECTOR('',#3455,1.);
#3455 = DIRECTION('',(-0.,1.,0.));
#3456 = ORIENTED_EDGE('',*,*,#3457,.F.);
#3457 = EDGE_CURVE('',#2542,#3450,#3458,.T.);
#3458 = LINE('',#3459,#3460);
#3459 = CARTESIAN_POINT('',(-58.,101.89573801706,5.));
#3460 = VECTOR('',#3461,1.);
#3461 = DIRECTION('',(0.,0.,1.));
#3462 = ORIENTED_EDGE('',*,*,#2550,.T.);
#3463 = ORIENTED_EDGE('',*,*,#3417,.T.);
#3464 = ORIENTED_EDGE('',*,*,#3308,.T.);
#3465 = ORIENTED_EDGE('',*,*,#3466,.T.);
#3466 = EDGE_CURVE('',#3309,#3434,#3467,.T.);
#3467 = LINE('',#3468,#3469);
#3468 = CARTESIAN_POINT('',(-58.,157.,5.));
#3469 = VECTOR('',#3470,1.);
#3470 = DIRECTION('',(0.,0.,1.));
#3471 = PLANE('',#3472);
#3472 = AXIS2_PLACEMENT_3D('',#3473,#3474,#3475);
#3473 = CARTESIAN_POINT('',(-58.,101.,5.));
#3474 = DIRECTION('',(1.,0.,-0.));
#3475 = DIRECTION('',(0.,0.,1.));
#3476 = ADVANCED_FACE('',(#3477),#3489,.T.);
#3477 = FACE_BOUND('',#3478,.T.);
#3478 = EDGE_LOOP('',(#3479,#3486,#3487,#3488));
#3479 = ORIENTED_EDGE('',*,*,#3480,.F.);
#3480 = EDGE_CURVE('',#3450,#3028,#3481,.T.);
#3481 = CIRCLE('',#3482,12.5);
#3482 = AXIS2_PLACEMENT_3D('',#3483,#3484,#3485);
#3483 = CARTESIAN_POINT('',(-56.38888888888,89.5,55.));
#3484 = DIRECTION('',(0.,0.,1.));
#3485 = DIRECTION('',(1.,0.,-0.));
#3486 = ORIENTED_EDGE('',*,*,#3457,.F.);
#3487 = ORIENTED_EDGE('',*,*,#2541,.T.);
#3488 = ORIENTED_EDGE('',*,*,#3036,.T.);
#3489 = CYLINDRICAL_SURFACE('',#3490,12.5);
#3490 = AXIS2_PLACEMENT_3D('',#3491,#3492,#3493);
#3491 = CARTESIAN_POINT('',(-56.38888888888,89.5,5.));
#3492 = DIRECTION('',(0.,0.,1.));
#3493 = DIRECTION('',(1.,0.,-0.));
#3494 = ADVANCED_FACE('',(#3495),#3506,.T.);
#3495 = FACE_BOUND('',#3496,.T.);
#3496 = EDGE_LOOP('',(#3497,#3498,#3499,#3500));
#3497 = ORIENTED_EDGE('',*,*,#2616,.F.);
#3498 = ORIENTED_EDGE('',*,*,#3398,.T.);
#3499 = ORIENTED_EDGE('',*,*,#3374,.T.);
#3500 = ORIENTED_EDGE('',*,*,#3501,.F.);
#3501 = EDGE_CURVE('',#2608,#3366,#3502,.T.);
#3502 = LINE('',#3503,#3504);
#3503 = CARTESIAN_POINT('',(60.,159.05,0.));
#3504 = VECTOR('',#3505,1.);
#3505 = DIRECTION('',(0.,0.,1.));
#3506 = PLANE('',#3507);
#3507 = AXIS2_PLACEMENT_3D('',#3508,#3509,#3510);
#3508 = CARTESIAN_POINT('',(-62.,159.05,0.));
#3509 = DIRECTION('',(-0.,1.,0.));
#3510 = DIRECTION('',(0.,0.,1.));
#3511 = ADVANCED_FACE('',(#3512),#3518,.T.);
#3512 = FACE_BOUND('',#3513,.F.);
#3513 = EDGE_LOOP('',(#3514,#3515,#3516,#3517));
#3514 = ORIENTED_EDGE('',*,*,#2607,.T.);
#3515 = ORIENTED_EDGE('',*,*,#2649,.T.);
#3516 = ORIENTED_EDGE('',*,*,#3365,.F.);
#3517 = ORIENTED_EDGE('',*,*,#3501,.F.);
#3518 = CYLINDRICAL_SURFACE('',#3519,2.);
#3519 = AXIS2_PLACEMENT_3D('',#3520,#3521,#3522);
#3520 = CARTESIAN_POINT('',(60.,157.05,0.));
#3521 = DIRECTION('',(0.,0.,1.));
#3522 = DIRECTION('',(-0.,1.,0.));
#3523 = ADVANCED_FACE('',(#3524),#3550,.T.);
#3524 = FACE_BOUND('',#3525,.T.);
#3525 = EDGE_LOOP('',(#3526,#3537,#3543,#3544));
#3526 = ORIENTED_EDGE('',*,*,#3527,.F.);
#3527 = EDGE_CURVE('',#3528,#3530,#3532,.T.);
#3528 = VERTEX_POINT('',#3529);
#3529 = CARTESIAN_POINT('',(67.666666666667,94.890893098092,55.));
#3530 = VERTEX_POINT('',#3531);
#3531 = CARTESIAN_POINT('',(58.,101.89573801706,55.));
#3532 = CIRCLE('',#3533,12.5);
#3533 = AXIS2_PLACEMENT_3D('',#3534,#3535,#3536);
#3534 = CARTESIAN_POINT('',(56.388888888889,89.5,55.));
#3535 = DIRECTION('',(0.,0.,1.));
#3536 = DIRECTION('',(1.,0.,-0.));
#3537 = ORIENTED_EDGE('',*,*,#3538,.F.);
#3538 = EDGE_CURVE('',#2664,#3528,#3539,.T.);
#3539 = LINE('',#3540,#3541);
#3540 = CARTESIAN_POINT('',(67.666666666667,94.890893098093,5.));
#3541 = VECTOR('',#3542,1.);
#3542 = DIRECTION('',(0.,0.,1.));
#3543 = ORIENTED_EDGE('',*,*,#2663,.T.);
#3544 = ORIENTED_EDGE('',*,*,#3545,.T.);
#3545 = EDGE_CURVE('',#2666,#3530,#3546,.T.);
#3546 = LINE('',#3547,#3548);
#3547 = CARTESIAN_POINT('',(58.,101.89573801706,5.));
#3548 = VECTOR('',#3549,1.);
#3549 = DIRECTION('',(0.,0.,1.));
#3550 = CYLINDRICAL_SURFACE('',#3551,12.5);
#3551 = AXIS2_PLACEMENT_3D('',#3552,#3553,#3554);
#3552 = CARTESIAN_POINT('',(56.388888888889,89.5,5.));
#3553 = DIRECTION('',(0.,0.,1.));
#3554 = DIRECTION('',(1.,0.,-0.));
#3555 = ADVANCED_FACE('',(#3556),#3597,.T.);
#3556 = FACE_BOUND('',#3557,.T.);
#3557 = EDGE_LOOP('',(#3558,#3568,#3576,#3582,#3583,#3584,#3590,#3591));
#3558 = ORIENTED_EDGE('',*,*,#3559,.F.);
#3559 = EDGE_CURVE('',#3560,#3562,#3564,.T.);
#3560 = VERTEX_POINT('',#3561);
#3561 = CARTESIAN_POINT('',(58.,101.,78.));
#3562 = VERTEX_POINT('',#3563);
#3563 = CARTESIAN_POINT('',(58.,157.,78.));
#3564 = LINE('',#3565,#3566);
#3565 = CARTESIAN_POINT('',(58.,101.,78.));
#3566 = VECTOR('',#3567,1.);
#3567 = DIRECTION('',(-0.,1.,0.));
#3568 = ORIENTED_EDGE('',*,*,#3569,.F.);
#3569 = EDGE_CURVE('',#3570,#3560,#3572,.T.);
#3570 = VERTEX_POINT('',#3571);
#3571 = CARTESIAN_POINT('',(58.,101.,55.));
#3572 = LINE('',#3573,#3574);
#3573 = CARTESIAN_POINT('',(58.,101.,5.));
#3574 = VECTOR('',#3575,1.);
#3575 = DIRECTION('',(0.,0.,1.));
#3576 = ORIENTED_EDGE('',*,*,#3577,.T.);
#3577 = EDGE_CURVE('',#3570,#3530,#3578,.T.);
#3578 = LINE('',#3579,#3580);
#3579 = CARTESIAN_POINT('',(58.,95.25,55.));
#3580 = VECTOR('',#3581,1.);
#3581 = DIRECTION('',(-0.,1.,0.));
#3582 = ORIENTED_EDGE('',*,*,#3545,.F.);
#3583 = ORIENTED_EDGE('',*,*,#2698,.T.);
#3584 = ORIENTED_EDGE('',*,*,#3585,.T.);
#3585 = EDGE_CURVE('',#2691,#3351,#3586,.T.);
#3586 = LINE('',#3587,#3588);
#3587 = CARTESIAN_POINT('',(58.,101.,5.));
#3588 = VECTOR('',#3589,1.);
#3589 = DIRECTION('',(-0.,1.,0.));
#3590 = ORIENTED_EDGE('',*,*,#3350,.T.);
#3591 = ORIENTED_EDGE('',*,*,#3592,.T.);
#3592 = EDGE_CURVE('',#3342,#3562,#3593,.T.);
#3593 = LINE('',#3594,#3595);
#3594 = CARTESIAN_POINT('',(58.,157.,5.));
#3595 = VECTOR('',#3596,1.);
#3596 = DIRECTION('',(0.,0.,1.));
#3597 = PLANE('',#3598);
#3598 = AXIS2_PLACEMENT_3D('',#3599,#3600,#3601);
#3599 = CARTESIAN_POINT('',(58.,101.,5.));
#3600 = DIRECTION('',(1.,0.,-0.));
#3601 = DIRECTION('',(0.,0.,1.));
#3602 = ADVANCED_FACE('',(#3603),#3609,.T.);
#3603 = FACE_BOUND('',#3604,.T.);
#3604 = EDGE_LOOP('',(#3605,#3606,#3607,#3608));
#3605 = ORIENTED_EDGE('',*,*,#3358,.F.);
#3606 = ORIENTED_EDGE('',*,*,#3585,.F.);
#3607 = ORIENTED_EDGE('',*,*,#2690,.T.);
#3608 = ORIENTED_EDGE('',*,*,#2682,.T.);
#3609 = PLANE('',#3610);
#3610 = AXIS2_PLACEMENT_3D('',#3611,#3612,#3613);
#3611 = CARTESIAN_POINT('',(-122.,0.,5.));
#3612 = DIRECTION('',(0.,0.,1.));
#3613 = DIRECTION('',(1.,0.,-0.));
#3614 = ADVANCED_FACE('',(#3615),#3628,.T.);
#3615 = FACE_BOUND('',#3616,.T.);
#3616 = EDGE_LOOP('',(#3617,#3624,#3625,#3626,#3627));
#3617 = ORIENTED_EDGE('',*,*,#3618,.F.);
#3618 = EDGE_CURVE('',#3056,#3528,#3619,.T.);
#3619 = CIRCLE('',#3620,12.5);
#3620 = AXIS2_PLACEMENT_3D('',#3621,#3622,#3623);
#3621 = CARTESIAN_POINT('',(78.944444444444,89.5,55.));
#3622 = DIRECTION('',(0.,0.,1.));
#3623 = DIRECTION('',(1.,0.,-0.));
#3624 = ORIENTED_EDGE('',*,*,#3072,.F.);
#3625 = ORIENTED_EDGE('',*,*,#2712,.T.);
#3626 = ORIENTED_EDGE('',*,*,#2674,.T.);
#3627 = ORIENTED_EDGE('',*,*,#3538,.T.);
#3628 = CYLINDRICAL_SURFACE('',#3629,12.5);
#3629 = AXIS2_PLACEMENT_3D('',#3630,#3631,#3632);
#3630 = CARTESIAN_POINT('',(78.944444444444,89.5,5.));
#3631 = DIRECTION('',(0.,0.,1.));
#3632 = DIRECTION('',(1.,0.,-0.));
#3633 = ADVANCED_FACE('',(#3634),#3653,.F.);
#3634 = FACE_BOUND('',#3635,.F.);
#3635 = EDGE_LOOP('',(#3636,#3645,#3651,#3652));
#3636 = ORIENTED_EDGE('',*,*,#3637,.F.);
#3637 = EDGE_CURVE('',#3638,#3638,#3640,.T.);
#3638 = VERTEX_POINT('',#3639);
#3639 = CARTESIAN_POINT('',(-91.5,89.5,53.5));
#3640 = CIRCLE('',#3641,10.);
#3641 = AXIS2_PLACEMENT_3D('',#3642,#3643,#3644);
#3642 = CARTESIAN_POINT('',(-101.5,89.5,53.5));
#3643 = DIRECTION('',(0.,0.,1.));
#3644 = DIRECTION('',(1.,0.,-0.));
#3645 = ORIENTED_EDGE('',*,*,#3646,.F.);
#3646 = EDGE_CURVE('',#2738,#3638,#3647,.T.);
#3647 = LINE('',#3648,#3649);
#3648 = CARTESIAN_POINT('',(-91.5,89.5,8.));
#3649 = VECTOR('',#3650,1.);
#3650 = DIRECTION('',(0.,0.,1.));
#3651 = ORIENTED_EDGE('',*,*,#2737,.T.);
#3652 = ORIENTED_EDGE('',*,*,#3646,.T.);
#3653 = CYLINDRICAL_SURFACE('',#3654,10.);
#3654 = AXIS2_PLACEMENT_3D('',#3655,#3656,#3657);
#3655 = CARTESIAN_POINT('',(-101.5,89.5,8.));
#3656 = DIRECTION('',(0.,0.,1.));
#3657 = DIRECTION('',(1.,0.,-0.));
#3658 = ADVANCED_FACE('',(#3659),#3678,.F.);
#3659 = FACE_BOUND('',#3660,.F.);
#3660 = EDGE_LOOP('',(#3661,#3670,#3676,#3677));
#3661 = ORIENTED_EDGE('',*,*,#3662,.F.);
#3662 = EDGE_CURVE('',#3663,#3663,#3665,.T.);
#3663 = VERTEX_POINT('',#3664);
#3664 = CARTESIAN_POINT('',(-68.94444444444,89.5,53.5));
#3665 = CIRCLE('',#3666,10.);
#3666 = AXIS2_PLACEMENT_3D('',#3667,#3668,#3669);
#3667 = CARTESIAN_POINT('',(-78.94444444444,89.5,53.5));
#3668 = DIRECTION('',(0.,0.,1.));
#3669 = DIRECTION('',(1.,0.,-0.));
#3670 = ORIENTED_EDGE('',*,*,#3671,.F.);
#3671 = EDGE_CURVE('',#2761,#3663,#3672,.T.);
#3672 = LINE('',#3673,#3674);
#3673 = CARTESIAN_POINT('',(-68.94444444444,89.5,8.));
#3674 = VECTOR('',#3675,1.);
#3675 = DIRECTION('',(0.,0.,1.));
#3676 = ORIENTED_EDGE('',*,*,#2760,.T.);
#3677 = ORIENTED_EDGE('',*,*,#3671,.T.);
#3678 = CYLINDRICAL_SURFACE('',#3679,10.);
#3679 = AXIS2_PLACEMENT_3D('',#3680,#3681,#3682);
#3680 = CARTESIAN_POINT('',(-78.94444444444,89.5,8.));
#3681 = DIRECTION('',(0.,0.,1.));
#3682 = DIRECTION('',(1.,0.,-0.));
#3683 = ADVANCED_FACE('',(#3684),#3703,.F.);
#3684 = FACE_BOUND('',#3685,.F.);
#3685 = EDGE_LOOP('',(#3686,#3695,#3701,#3702));
#3686 = ORIENTED_EDGE('',*,*,#3687,.F.);
#3687 = EDGE_CURVE('',#3688,#3688,#3690,.T.);
#3688 = VERTEX_POINT('',#3689);
#3689 = CARTESIAN_POINT('',(-46.38888888888,89.5,53.5));
#3690 = CIRCLE('',#3691,10.);
#3691 = AXIS2_PLACEMENT_3D('',#3692,#3693,#3694);
#3692 = CARTESIAN_POINT('',(-56.38888888888,89.5,53.5));
#3693 = DIRECTION('',(0.,0.,1.));
#3694 = DIRECTION('',(1.,0.,-0.));
#3695 = ORIENTED_EDGE('',*,*,#3696,.F.);
#3696 = EDGE_CURVE('',#2784,#3688,#3697,.T.);
#3697 = LINE('',#3698,#3699);
#3698 = CARTESIAN_POINT('',(-46.38888888888,89.5,8.));
#3699 = VECTOR('',#3700,1.);
#3700 = DIRECTION('',(0.,0.,1.));
#3701 = ORIENTED_EDGE('',*,*,#2783,.T.);
#3702 = ORIENTED_EDGE('',*,*,#3696,.T.);
#3703 = CYLINDRICAL_SURFACE('',#3704,10.);
#3704 = AXIS2_PLACEMENT_3D('',#3705,#3706,#3707);
#3705 = CARTESIAN_POINT('',(-56.38888888888,89.5,8.));
#3706 = DIRECTION('',(0.,0.,1.));
#3707 = DIRECTION('',(1.,0.,-0.));
#3708 = ADVANCED_FACE('',(#3709),#3728,.F.);
#3709 = FACE_BOUND('',#3710,.F.);
#3710 = EDGE_LOOP('',(#3711,#3720,#3726,#3727));
#3711 = ORIENTED_EDGE('',*,*,#3712,.F.);
#3712 = EDGE_CURVE('',#3713,#3713,#3715,.T.);
#3713 = VERTEX_POINT('',#3714);
#3714 = CARTESIAN_POINT('',(-23.83333333333,89.5,53.5));
#3715 = CIRCLE('',#3716,10.);
#3716 = AXIS2_PLACEMENT_3D('',#3717,#3718,#3719);
#3717 = CARTESIAN_POINT('',(-33.83333333333,89.5,53.5));
#3718 = DIRECTION('',(0.,0.,1.));
#3719 = DIRECTION('',(1.,0.,-0.));
#3720 = ORIENTED_EDGE('',*,*,#3721,.F.);
#3721 = EDGE_CURVE('',#2807,#3713,#3722,.T.);
#3722 = LINE('',#3723,#3724);
#3723 = CARTESIAN_POINT('',(-23.83333333333,89.5,8.));
#3724 = VECTOR('',#3725,1.);
#3725 = DIRECTION('',(0.,0.,1.));
#3726 = ORIENTED_EDGE('',*,*,#2806,.T.);
#3727 = ORIENTED_EDGE('',*,*,#3721,.T.);
#3728 = CYLINDRICAL_SURFACE('',#3729,10.);
#3729 = AXIS2_PLACEMENT_3D('',#3730,#3731,#3732);
#3730 = CARTESIAN_POINT('',(-33.83333333333,89.5,8.));
#3731 = DIRECTION('',(0.,0.,1.));
#3732 = DIRECTION('',(1.,0.,-0.));
#3733 = ADVANCED_FACE('',(#3734),#3753,.F.);
#3734 = FACE_BOUND('',#3735,.F.);
#3735 = EDGE_LOOP('',(#3736,#3745,#3751,#3752));
#3736 = ORIENTED_EDGE('',*,*,#3737,.F.);
#3737 = EDGE_CURVE('',#3738,#3738,#3740,.T.);
#3738 = VERTEX_POINT('',#3739);
#3739 = CARTESIAN_POINT('',(-1.277777777778,89.5,53.5));
#3740 = CIRCLE('',#3741,10.);
#3741 = AXIS2_PLACEMENT_3D('',#3742,#3743,#3744);
#3742 = CARTESIAN_POINT('',(-11.27777777777,89.5,53.5));
#3743 = DIRECTION('',(0.,0.,1.));
#3744 = DIRECTION('',(1.,0.,-0.));
#3745 = ORIENTED_EDGE('',*,*,#3746,.F.);
#3746 = EDGE_CURVE('',#2830,#3738,#3747,.T.);
#3747 = LINE('',#3748,#3749);
#3748 = CARTESIAN_POINT('',(-1.277777777778,89.5,8.));
#3749 = VECTOR('',#3750,1.);
#3750 = DIRECTION('',(0.,0.,1.));
#3751 = ORIENTED_EDGE('',*,*,#2829,.T.);
#3752 = ORIENTED_EDGE('',*,*,#3746,.T.);
#3753 = CYLINDRICAL_SURFACE('',#3754,10.);
#3754 = AXIS2_PLACEMENT_3D('',#3755,#3756,#3757);
#3755 = CARTESIAN_POINT('',(-11.27777777777,89.5,8.));
#3756 = DIRECTION('',(0.,0.,1.));
#3757 = DIRECTION('',(1.,0.,-0.));
#3758 = ADVANCED_FACE('',(#3759),#3778,.F.);
#3759 = FACE_BOUND('',#3760,.F.);
#3760 = EDGE_LOOP('',(#3761,#3770,#3776,#3777));
#3761 = ORIENTED_EDGE('',*,*,#3762,.F.);
#3762 = EDGE_CURVE('',#3763,#3763,#3765,.T.);
#3763 = VERTEX_POINT('',#3764);
#3764 = CARTESIAN_POINT('',(21.277777777778,89.5,53.5));
#3765 = CIRCLE('',#3766,10.);
#3766 = AXIS2_PLACEMENT_3D('',#3767,#3768,#3769);
#3767 = CARTESIAN_POINT('',(11.277777777778,89.5,53.5));
#3768 = DIRECTION('',(0.,0.,1.));
#3769 = DIRECTION('',(1.,0.,-0.));
#3770 = ORIENTED_EDGE('',*,*,#3771,.F.);
#3771 = EDGE_CURVE('',#2853,#3763,#3772,.T.);
#3772 = LINE('',#3773,#3774);
#3773 = CARTESIAN_POINT('',(21.277777777778,89.5,8.));
#3774 = VECTOR('',#3775,1.);
#3775 = DIRECTION('',(0.,0.,1.));
#3776 = ORIENTED_EDGE('',*,*,#2852,.T.);
#3777 = ORIENTED_EDGE('',*,*,#3771,.T.);
#3778 = CYLINDRICAL_SURFACE('',#3779,10.);
#3779 = AXIS2_PLACEMENT_3D('',#3780,#3781,#3782);
#3780 = CARTESIAN_POINT('',(11.277777777778,89.5,8.));
#3781 = DIRECTION('',(0.,0.,1.));
#3782 = DIRECTION('',(1.,0.,-0.));
#3783 = ADVANCED_FACE('',(#3784),#3803,.F.);
#3784 = FACE_BOUND('',#3785,.F.);
#3785 = EDGE_LOOP('',(#3786,#3795,#3801,#3802));
#3786 = ORIENTED_EDGE('',*,*,#3787,.F.);
#3787 = EDGE_CURVE('',#3788,#3788,#3790,.T.);
#3788 = VERTEX_POINT('',#3789);
#3789 = CARTESIAN_POINT('',(43.833333333333,89.5,53.5));
#3790 = CIRCLE('',#3791,10.);
#3791 = AXIS2_PLACEMENT_3D('',#3792,#3793,#3794);
#3792 = CARTESIAN_POINT('',(33.833333333333,89.5,53.5));
#3793 = DIRECTION('',(0.,0.,1.));
#3794 = DIRECTION('',(1.,0.,-0.));
#3795 = ORIENTED_EDGE('',*,*,#3796,.F.);
#3796 = EDGE_CURVE('',#2876,#3788,#3797,.T.);
#3797 = LINE('',#3798,#3799);
#3798 = CARTESIAN_POINT('',(43.833333333333,89.5,8.));
#3799 = VECTOR('',#3800,1.);
#3800 = DIRECTION('',(0.,0.,1.));
#3801 = ORIENTED_EDGE('',*,*,#2875,.T.);
#3802 = ORIENTED_EDGE('',*,*,#3796,.T.);
#3803 = CYLINDRICAL_SURFACE('',#3804,10.);
#3804 = AXIS2_PLACEMENT_3D('',#3805,#3806,#3807);
#3805 = CARTESIAN_POINT('',(33.833333333333,89.5,8.));
#3806 = DIRECTION('',(0.,0.,1.));
#3807 = DIRECTION('',(1.,0.,-0.));
#3808 = ADVANCED_FACE('',(#3809),#3828,.F.);
#3809 = FACE_BOUND('',#3810,.F.);
#3810 = EDGE_LOOP('',(#3811,#3820,#3826,#3827));
#3811 = ORIENTED_EDGE('',*,*,#3812,.F.);
#3812 = EDGE_CURVE('',#3813,#3813,#3815,.T.);
#3813 = VERTEX_POINT('',#3814);
#3814 = CARTESIAN_POINT('',(66.388888888889,89.5,53.5));
#3815 = CIRCLE('',#3816,10.);
#3816 = AXIS2_PLACEMENT_3D('',#3817,#3818,#3819);
#3817 = CARTESIAN_POINT('',(56.388888888889,89.5,53.5));
#3818 = DIRECTION('',(0.,0.,1.));
#3819 = DIRECTION('',(1.,0.,-0.));
#3820 = ORIENTED_EDGE('',*,*,#3821,.F.);
#3821 = EDGE_CURVE('',#2899,#3813,#3822,.T.);
#3822 = LINE('',#3823,#3824);
#3823 = CARTESIAN_POINT('',(66.388888888889,89.5,8.));
#3824 = VECTOR('',#3825,1.);
#3825 = DIRECTION('',(0.,0.,1.));
#3826 = ORIENTED_EDGE('',*,*,#2898,.T.);
#3827 = ORIENTED_EDGE('',*,*,#3821,.T.);
#3828 = CYLINDRICAL_SURFACE('',#3829,10.);
#3829 = AXIS2_PLACEMENT_3D('',#3830,#3831,#3832);
#3830 = CARTESIAN_POINT('',(56.388888888889,89.5,8.));
#3831 = DIRECTION('',(0.,0.,1.));
#3832 = DIRECTION('',(1.,0.,-0.));
#3833 = ADVANCED_FACE('',(#3834),#3853,.F.);
#3834 = FACE_BOUND('',#3835,.F.);
#3835 = EDGE_LOOP('',(#3836,#3845,#3851,#3852));
#3836 = ORIENTED_EDGE('',*,*,#3837,.F.);
#3837 = EDGE_CURVE('',#3838,#3838,#3840,.T.);
#3838 = VERTEX_POINT('',#3839);
#3839 = CARTESIAN_POINT('',(88.944444444444,89.5,53.5));
#3840 = CIRCLE('',#3841,10.);
#3841 = AXIS2_PLACEMENT_3D('',#3842,#3843,#3844);
#3842 = CARTESIAN_POINT('',(78.944444444444,89.5,53.5));
#3843 = DIRECTION('',(0.,0.,1.));
#3844 = DIRECTION('',(1.,0.,-0.));
#3845 = ORIENTED_EDGE('',*,*,#3846,.F.);
#3846 = EDGE_CURVE('',#2922,#3838,#3847,.T.);
#3847 = LINE('',#3848,#3849);
#3848 = CARTESIAN_POINT('',(88.944444444444,89.5,8.));
#3849 = VECTOR('',#3850,1.);
#3850 = DIRECTION('',(0.,0.,1.));
#3851 = ORIENTED_EDGE('',*,*,#2921,.T.);
#3852 = ORIENTED_EDGE('',*,*,#3846,.T.);
#3853 = CYLINDRICAL_SURFACE('',#3854,10.);
#3854 = AXIS2_PLACEMENT_3D('',#3855,#3856,#3857);
#3855 = CARTESIAN_POINT('',(78.944444444444,89.5,8.));
#3856 = DIRECTION('',(0.,0.,1.));
#3857 = DIRECTION('',(1.,0.,-0.));
#3858 = ADVANCED_FACE('',(#3859),#3878,.F.);
#3859 = FACE_BOUND('',#3860,.F.);
#3860 = EDGE_LOOP('',(#3861,#3870,#3876,#3877));
#3861 = ORIENTED_EDGE('',*,*,#3862,.F.);
#3862 = EDGE_CURVE('',#3863,#3863,#3865,.T.);
#3863 = VERTEX_POINT('',#3864);
#3864 = CARTESIAN_POINT('',(111.5,89.5,53.5));
#3865 = CIRCLE('',#3866,10.);
#3866 = AXIS2_PLACEMENT_3D('',#3867,#3868,#3869);
#3867 = CARTESIAN_POINT('',(101.5,89.5,53.5));
#3868 = DIRECTION('',(0.,0.,1.));
#3869 = DIRECTION('',(1.,0.,-0.));
#3870 = ORIENTED_EDGE('',*,*,#3871,.F.);
#3871 = EDGE_CURVE('',#2945,#3863,#3872,.T.);
#3872 = LINE('',#3873,#3874);
#3873 = CARTESIAN_POINT('',(111.5,89.5,8.));
#3874 = VECTOR('',#3875,1.);
#3875 = DIRECTION('',(0.,0.,1.));
#3876 = ORIENTED_EDGE('',*,*,#2944,.T.);
#3877 = ORIENTED_EDGE('',*,*,#3871,.T.);
#3878 = CYLINDRICAL_SURFACE('',#3879,10.);
#3879 = AXIS2_PLACEMENT_3D('',#3880,#3881,#3882);
#3880 = CARTESIAN_POINT('',(101.5,89.5,8.));
#3881 = DIRECTION('',(0.,0.,1.));
#3882 = DIRECTION('',(1.,0.,-0.));
#3883 = ADVANCED_FACE('',(#3884),#3912,.T.);
#3884 = FACE_BOUND('',#3885,.T.);
#3885 = EDGE_LOOP('',(#3886,#3895,#3904,#3911));
#3886 = ORIENTED_EDGE('',*,*,#3887,.F.);
#3887 = EDGE_CURVE('',#3888,#2968,#3890,.T.);
#3888 = VERTEX_POINT('',#3889);
#3889 = CARTESIAN_POINT('',(-90.22222222222,91.749828525701,55.));
#3890 = CIRCLE('',#3891,11.5);
#3891 = AXIS2_PLACEMENT_3D('',#3892,#3893,#3894);
#3892 = CARTESIAN_POINT('',(-101.5,89.5,55.));
#3893 = DIRECTION('',(0.,0.,1.));
#3894 = DIRECTION('',(1.,0.,-0.));
#3895 = ORIENTED_EDGE('',*,*,#3896,.F.);
#3896 = EDGE_CURVE('',#3897,#3888,#3899,.T.);
#3897 = VERTEX_POINT('',#3898);
#3898 = CARTESIAN_POINT('',(-89.69020251778,93.596179125619,55.));
#3899 = CIRCLE('',#3900,11.5);
#3900 = AXIS2_PLACEMENT_3D('',#3901,#3902,#3903);
#3901 = CARTESIAN_POINT('',(-78.94444444444,89.5,55.));
#3902 = DIRECTION('',(0.,0.,1.));
#3903 = DIRECTION('',(1.,0.,-0.));
#3904 = ORIENTED_EDGE('',*,*,#3905,.T.);
#3905 = EDGE_CURVE('',#3897,#2019,#3906,.T.);
#3906 = CIRCLE('',#3907,12.5);
#3907 = AXIS2_PLACEMENT_3D('',#3908,#3909,#3910);
#3908 = CARTESIAN_POINT('',(-101.5,89.5,55.));
#3909 = DIRECTION('',(0.,0.,1.));
#3910 = DIRECTION('',(1.,0.,-0.));
#3911 = ORIENTED_EDGE('',*,*,#2967,.T.);
#3912 = PLANE('',#3913);
#3913 = AXIS2_PLACEMENT_3D('',#3914,#3915,#3916);
#3914 = CARTESIAN_POINT('',(-101.5,89.5,55.));
#3915 = DIRECTION('',(0.,0.,1.));
#3916 = DIRECTION('',(1.,0.,-0.));
#3917 = ADVANCED_FACE('',(#3918),#3955,.F.);
#3918 = FACE_BOUND('',#3919,.F.);
#3919 = EDGE_LOOP('',(#3920,#3921,#3929,#3938,#3945,#3946,#3947,#3954));
#3920 = ORIENTED_EDGE('',*,*,#3637,.T.);
#3921 = ORIENTED_EDGE('',*,*,#3922,.T.);
#3922 = EDGE_CURVE('',#3638,#3923,#3925,.T.);
#3923 = VERTEX_POINT('',#3924);
#3924 = CARTESIAN_POINT('',(-90.22222222222,89.5,54.777777777778));
#3925 = LINE('',#3926,#3927);
#3926 = CARTESIAN_POINT('',(-91.5,89.5,53.5));
#3927 = VECTOR('',#3928,1.);
#3928 = DIRECTION('',(0.707106781187,-1.731912112471E-16,0.707106781187)
  );
#3929 = ORIENTED_EDGE('',*,*,#3930,.F.);
#3930 = EDGE_CURVE('',#3931,#3923,#3933,.T.);
#3931 = VERTEX_POINT('',#3932);
#3932 = CARTESIAN_POINT('',(-90.22222222222,87.250171474299,55.));
#3933 = HYPERBOLA('',#3934,11.277777777778,11.277777777778);
#3934 = AXIS2_PLACEMENT_3D('',#3935,#3936,#3937);
#3935 = CARTESIAN_POINT('',(-90.22222222222,89.5,43.5));
#3936 = DIRECTION('',(-1.,0.,1.260075787555E-15));
#3937 = DIRECTION('',(1.260075787555E-15,0.,1.));
#3938 = ORIENTED_EDGE('',*,*,#3939,.F.);
#3939 = EDGE_CURVE('',#2978,#3931,#3940,.T.);
#3940 = CIRCLE('',#3941,11.5);
#3941 = AXIS2_PLACEMENT_3D('',#3942,#3943,#3944);
#3942 = CARTESIAN_POINT('',(-101.5,89.5,55.));
#3943 = DIRECTION('',(0.,0.,1.));
#3944 = DIRECTION('',(1.,0.,-0.));
#3945 = ORIENTED_EDGE('',*,*,#2986,.F.);
#3946 = ORIENTED_EDGE('',*,*,#3887,.F.);
#3947 = ORIENTED_EDGE('',*,*,#3948,.F.);
#3948 = EDGE_CURVE('',#3923,#3888,#3949,.T.);
#3949 = HYPERBOLA('',#3950,11.277777777778,11.277777777778);
#3950 = AXIS2_PLACEMENT_3D('',#3951,#3952,#3953);
#3951 = CARTESIAN_POINT('',(-90.22222222222,89.5,43.5));
#3952 = DIRECTION('',(-1.,0.,1.260075787555E-15));
#3953 = DIRECTION('',(1.260075787555E-15,0.,1.));
#3954 = ORIENTED_EDGE('',*,*,#3922,.F.);
#3955 = CONICAL_SURFACE('',#3956,10.,0.785398163397);
#3956 = AXIS2_PLACEMENT_3D('',#3957,#3958,#3959);
#3957 = CARTESIAN_POINT('',(-101.5,89.5,53.5));
#3958 = DIRECTION('',(0.,0.,1.));
#3959 = DIRECTION('',(1.,0.,-0.));
#3960 = ADVANCED_FACE('',(#3961),#3981,.T.);
#3961 = FACE_BOUND('',#3962,.T.);
#3962 = EDGE_LOOP('',(#3963,#3964,#3965,#3974));
#3963 = ORIENTED_EDGE('',*,*,#3939,.F.);
#3964 = ORIENTED_EDGE('',*,*,#2977,.T.);
#3965 = ORIENTED_EDGE('',*,*,#3966,.T.);
#3966 = EDGE_CURVE('',#2021,#3967,#3969,.T.);
#3967 = VERTEX_POINT('',#3968);
#3968 = CARTESIAN_POINT('',(-89.69020251778,85.403820874381,55.));
#3969 = CIRCLE('',#3970,12.5);
#3970 = AXIS2_PLACEMENT_3D('',#3971,#3972,#3973);
#3971 = CARTESIAN_POINT('',(-101.5,89.5,55.));
#3972 = DIRECTION('',(0.,0.,1.));
#3973 = DIRECTION('',(1.,0.,-0.));
#3974 = ORIENTED_EDGE('',*,*,#3975,.F.);
#3975 = EDGE_CURVE('',#3931,#3967,#3976,.T.);
#3976 = CIRCLE('',#3977,11.5);
#3977 = AXIS2_PLACEMENT_3D('',#3978,#3979,#3980);
#3978 = CARTESIAN_POINT('',(-78.94444444444,89.5,55.));
#3979 = DIRECTION('',(0.,0.,1.));
#3980 = DIRECTION('',(1.,0.,-0.));
#3981 = PLANE('',#3982);
#3982 = AXIS2_PLACEMENT_3D('',#3983,#3984,#3985);
#3983 = CARTESIAN_POINT('',(-101.5,89.5,55.));
#3984 = DIRECTION('',(0.,0.,1.));
#3985 = DIRECTION('',(1.,0.,-0.));
#3986 = ADVANCED_FACE('',(#3987),#4007,.T.);
#3987 = FACE_BOUND('',#3988,.T.);
#3988 = EDGE_LOOP('',(#3989,#3990,#3991,#4000));
#3989 = ORIENTED_EDGE('',*,*,#3966,.F.);
#3990 = ORIENTED_EDGE('',*,*,#3011,.T.);
#3991 = ORIENTED_EDGE('',*,*,#3992,.F.);
#3992 = EDGE_CURVE('',#3993,#3004,#3995,.T.);
#3993 = VERTEX_POINT('',#3994);
#3994 = CARTESIAN_POINT('',(-68.1986863711,85.403820874381,55.));
#3995 = CIRCLE('',#3996,12.5);
#3996 = AXIS2_PLACEMENT_3D('',#3997,#3998,#3999);
#3997 = CARTESIAN_POINT('',(-56.38888888888,89.5,55.));
#3998 = DIRECTION('',(0.,0.,1.));
#3999 = DIRECTION('',(1.,0.,-0.));
#4000 = ORIENTED_EDGE('',*,*,#4001,.F.);
#4001 = EDGE_CURVE('',#3967,#3993,#4002,.T.);
#4002 = CIRCLE('',#4003,11.5);
#4003 = AXIS2_PLACEMENT_3D('',#4004,#4005,#4006);
#4004 = CARTESIAN_POINT('',(-78.94444444444,89.5,55.));
#4005 = DIRECTION('',(0.,0.,1.));
#4006 = DIRECTION('',(1.,0.,-0.));
#4007 = PLANE('',#4008);
#4008 = AXIS2_PLACEMENT_3D('',#4009,#4010,#4011);
#4009 = CARTESIAN_POINT('',(-78.94444444444,89.5,55.));
#4010 = DIRECTION('',(0.,0.,1.));
#4011 = DIRECTION('',(1.,0.,-0.));
#4012 = ADVANCED_FACE('',(#4013),#4033,.T.);
#4013 = FACE_BOUND('',#4014,.T.);
#4014 = EDGE_LOOP('',(#4015,#4016,#4025,#4032));
#4015 = ORIENTED_EDGE('',*,*,#3905,.F.);
#4016 = ORIENTED_EDGE('',*,*,#4017,.F.);
#4017 = EDGE_CURVE('',#4018,#3897,#4020,.T.);
#4018 = VERTEX_POINT('',#4019);
#4019 = CARTESIAN_POINT('',(-68.1986863711,93.596179125619,55.));
#4020 = CIRCLE('',#4021,11.5);
#4021 = AXIS2_PLACEMENT_3D('',#4022,#4023,#4024);
#4022 = CARTESIAN_POINT('',(-78.94444444444,89.5,55.));
#4023 = DIRECTION('',(0.,0.,1.));
#4024 = DIRECTION('',(1.,0.,-0.));
#4025 = ORIENTED_EDGE('',*,*,#4026,.F.);
#4026 = EDGE_CURVE('',#3028,#4018,#4027,.T.);
#4027 = CIRCLE('',#4028,12.5);
#4028 = AXIS2_PLACEMENT_3D('',#4029,#4030,#4031);
#4029 = CARTESIAN_POINT('',(-56.38888888888,89.5,55.));
#4030 = DIRECTION('',(0.,0.,1.));
#4031 = DIRECTION('',(1.,0.,-0.));
#4032 = ORIENTED_EDGE('',*,*,#3027,.T.);
#4033 = PLANE('',#4034);
#4034 = AXIS2_PLACEMENT_3D('',#4035,#4036,#4037);
#4035 = CARTESIAN_POINT('',(-78.94444444444,89.5,55.));
#4036 = DIRECTION('',(0.,0.,1.));
#4037 = DIRECTION('',(1.,0.,-0.));
#4038 = ADVANCED_FACE('',(#4039),#4077,.T.);
#4039 = FACE_BOUND('',#4040,.T.);
#4040 = EDGE_LOOP('',(#4041,#4050,#4051,#4052,#4061,#4070));
#4041 = ORIENTED_EDGE('',*,*,#4042,.F.);
#4042 = EDGE_CURVE('',#3088,#4043,#4045,.T.);
#4043 = VERTEX_POINT('',#4044);
#4044 = CARTESIAN_POINT('',(90.754241926656,85.403820874381,55.));
#4045 = CIRCLE('',#4046,12.5);
#4046 = AXIS2_PLACEMENT_3D('',#4047,#4048,#4049);
#4047 = CARTESIAN_POINT('',(78.944444444444,89.5,55.));
#4048 = DIRECTION('',(0.,0.,1.));
#4049 = DIRECTION('',(1.,0.,-0.));
#4050 = ORIENTED_EDGE('',*,*,#3087,.T.);
#4051 = ORIENTED_EDGE('',*,*,#3053,.T.);
#4052 = ORIENTED_EDGE('',*,*,#4053,.F.);
#4053 = EDGE_CURVE('',#4054,#3056,#4056,.T.);
#4054 = VERTEX_POINT('',#4055);
#4055 = CARTESIAN_POINT('',(90.754241926656,93.596179125619,55.));
#4056 = CIRCLE('',#4057,12.5);
#4057 = AXIS2_PLACEMENT_3D('',#4058,#4059,#4060);
#4058 = CARTESIAN_POINT('',(78.944444444444,89.5,55.));
#4059 = DIRECTION('',(0.,0.,1.));
#4060 = DIRECTION('',(1.,0.,-0.));
#4061 = ORIENTED_EDGE('',*,*,#4062,.F.);
#4062 = EDGE_CURVE('',#4063,#4054,#4065,.T.);
#4063 = VERTEX_POINT('',#4064);
#4064 = CARTESIAN_POINT('',(113.,89.5,55.));
#4065 = CIRCLE('',#4066,11.5);
#4066 = AXIS2_PLACEMENT_3D('',#4067,#4068,#4069);
#4067 = CARTESIAN_POINT('',(101.5,89.5,55.));
#4068 = DIRECTION('',(0.,0.,1.));
#4069 = DIRECTION('',(1.,0.,-0.));
#4070 = ORIENTED_EDGE('',*,*,#4071,.F.);
#4071 = EDGE_CURVE('',#4043,#4063,#4072,.T.);
#4072 = CIRCLE('',#4073,11.5);
#4073 = AXIS2_PLACEMENT_3D('',#4074,#4075,#4076);
#4074 = CARTESIAN_POINT('',(101.5,89.5,55.));
#4075 = DIRECTION('',(0.,0.,1.));
#4076 = DIRECTION('',(1.,0.,-0.));
#4077 = PLANE('',#4078);
#4078 = AXIS2_PLACEMENT_3D('',#4079,#4080,#4081);
#4079 = CARTESIAN_POINT('',(101.5,89.5,55.));
#4080 = DIRECTION('',(0.,0.,1.));
#4081 = DIRECTION('',(1.,0.,-0.));
#4082 = ADVANCED_FACE('',(#4083),#4111,.T.);
#4083 = FACE_BOUND('',#4084,.T.);
#4084 = EDGE_LOOP('',(#4085,#4094,#4095,#4104));
#4085 = ORIENTED_EDGE('',*,*,#4086,.F.);
#4086 = EDGE_CURVE('',#3004,#4087,#4089,.T.);
#4087 = VERTEX_POINT('',#4088);
#4088 = CARTESIAN_POINT('',(-67.13464696223,85.403820874381,55.));
#4089 = CIRCLE('',#4090,12.5);
#4090 = AXIS2_PLACEMENT_3D('',#4091,#4092,#4093);
#4091 = CARTESIAN_POINT('',(-78.94444444444,89.5,55.));
#4092 = DIRECTION('',(0.,0.,1.));
#4093 = DIRECTION('',(1.,0.,-0.));
#4094 = ORIENTED_EDGE('',*,*,#3134,.T.);
#4095 = ORIENTED_EDGE('',*,*,#4096,.F.);
#4096 = EDGE_CURVE('',#4097,#3127,#4099,.T.);
#4097 = VERTEX_POINT('',#4098);
#4098 = CARTESIAN_POINT('',(-45.64313081554,85.403820874381,55.));
#4099 = CIRCLE('',#4100,12.5);
#4100 = AXIS2_PLACEMENT_3D('',#4101,#4102,#4103);
#4101 = CARTESIAN_POINT('',(-33.83333333333,89.5,55.));
#4102 = DIRECTION('',(0.,0.,1.));
#4103 = DIRECTION('',(1.,0.,-0.));
#4104 = ORIENTED_EDGE('',*,*,#4105,.F.);
#4105 = EDGE_CURVE('',#4087,#4097,#4106,.T.);
#4106 = CIRCLE('',#4107,11.5);
#4107 = AXIS2_PLACEMENT_3D('',#4108,#4109,#4110);
#4108 = CARTESIAN_POINT('',(-56.38888888888,89.5,55.));
#4109 = DIRECTION('',(0.,0.,1.));
#4110 = DIRECTION('',(1.,0.,-0.));
#4111 = PLANE('',#4112);
#4112 = AXIS2_PLACEMENT_3D('',#4113,#4114,#4115);
#4113 = CARTESIAN_POINT('',(-56.38888888888,89.5,55.));
#4114 = DIRECTION('',(0.,0.,1.));
#4115 = DIRECTION('',(1.,0.,-0.));
#4116 = ADVANCED_FACE('',(#4117),#4145,.T.);
#4117 = FACE_BOUND('',#4118,.T.);
#4118 = EDGE_LOOP('',(#4119,#4128,#4129,#4138));
#4119 = ORIENTED_EDGE('',*,*,#4120,.F.);
#4120 = EDGE_CURVE('',#3127,#4121,#4123,.T.);
#4121 = VERTEX_POINT('',#4122);
#4122 = CARTESIAN_POINT('',(-44.57909140667,85.403820874381,55.));
#4123 = CIRCLE('',#4124,12.5);
#4124 = AXIS2_PLACEMENT_3D('',#4125,#4126,#4127);
#4125 = CARTESIAN_POINT('',(-56.38888888888,89.5,55.));
#4126 = DIRECTION('',(0.,0.,1.));
#4127 = DIRECTION('',(1.,0.,-0.));
#4128 = ORIENTED_EDGE('',*,*,#3160,.T.);
#4129 = ORIENTED_EDGE('',*,*,#4130,.F.);
#4130 = EDGE_CURVE('',#4131,#3153,#4133,.T.);
#4131 = VERTEX_POINT('',#4132);
#4132 = CARTESIAN_POINT('',(-23.08757525998,85.403820874381,55.));
#4133 = CIRCLE('',#4134,12.5);
#4134 = AXIS2_PLACEMENT_3D('',#4135,#4136,#4137);
#4135 = CARTESIAN_POINT('',(-11.27777777777,89.5,55.));
#4136 = DIRECTION('',(0.,0.,1.));
#4137 = DIRECTION('',(1.,0.,-0.));
#4138 = ORIENTED_EDGE('',*,*,#4139,.F.);
#4139 = EDGE_CURVE('',#4121,#4131,#4140,.T.);
#4140 = CIRCLE('',#4141,11.5);
#4141 = AXIS2_PLACEMENT_3D('',#4142,#4143,#4144);
#4142 = CARTESIAN_POINT('',(-33.83333333333,89.5,55.));
#4143 = DIRECTION('',(0.,0.,1.));
#4144 = DIRECTION('',(1.,0.,-0.));
#4145 = PLANE('',#4146);
#4146 = AXIS2_PLACEMENT_3D('',#4147,#4148,#4149);
#4147 = CARTESIAN_POINT('',(-33.83333333333,89.5,55.));
#4148 = DIRECTION('',(0.,0.,1.));
#4149 = DIRECTION('',(1.,0.,-0.));
#4150 = ADVANCED_FACE('',(#4151),#4179,.T.);
#4151 = FACE_BOUND('',#4152,.T.);
#4152 = EDGE_LOOP('',(#4153,#4162,#4163,#4172));
#4153 = ORIENTED_EDGE('',*,*,#4154,.F.);
#4154 = EDGE_CURVE('',#3153,#4155,#4157,.T.);
#4155 = VERTEX_POINT('',#4156);
#4156 = CARTESIAN_POINT('',(-22.02353585112,85.403820874381,55.));
#4157 = CIRCLE('',#4158,12.5);
#4158 = AXIS2_PLACEMENT_3D('',#4159,#4160,#4161);
#4159 = CARTESIAN_POINT('',(-33.83333333333,89.5,55.));
#4160 = DIRECTION('',(0.,0.,1.));
#4161 = DIRECTION('',(1.,0.,-0.));
#4162 = ORIENTED_EDGE('',*,*,#3186,.T.);
#4163 = ORIENTED_EDGE('',*,*,#4164,.F.);
#4164 = EDGE_CURVE('',#4165,#3179,#4167,.T.);
#4165 = VERTEX_POINT('',#4166);
#4166 = CARTESIAN_POINT('',(-0.532019704433,85.403820874381,55.));
#4167 = CIRCLE('',#4168,12.5);
#4168 = AXIS2_PLACEMENT_3D('',#4169,#4170,#4171);
#4169 = CARTESIAN_POINT('',(11.277777777778,89.5,55.));
#4170 = DIRECTION('',(0.,0.,1.));
#4171 = DIRECTION('',(1.,0.,-0.));
#4172 = ORIENTED_EDGE('',*,*,#4173,.F.);
#4173 = EDGE_CURVE('',#4155,#4165,#4174,.T.);
#4174 = CIRCLE('',#4175,11.5);
#4175 = AXIS2_PLACEMENT_3D('',#4176,#4177,#4178);
#4176 = CARTESIAN_POINT('',(-11.27777777777,89.5,55.));
#4177 = DIRECTION('',(0.,0.,1.));
#4178 = DIRECTION('',(1.,0.,-0.));
#4179 = PLANE('',#4180);
#4180 = AXIS2_PLACEMENT_3D('',#4181,#4182,#4183);
#4181 = CARTESIAN_POINT('',(-11.27777777777,89.5,55.));
#4182 = DIRECTION('',(0.,0.,1.));
#4183 = DIRECTION('',(1.,0.,-0.));
#4184 = ADVANCED_FACE('',(#4185),#4213,.T.);
#4185 = FACE_BOUND('',#4186,.T.);
#4186 = EDGE_LOOP('',(#4187,#4196,#4197,#4206));
#4187 = ORIENTED_EDGE('',*,*,#4188,.F.);
#4188 = EDGE_CURVE('',#3179,#4189,#4191,.T.);
#4189 = VERTEX_POINT('',#4190);
#4190 = CARTESIAN_POINT('',(0.532019704433,85.403820874381,55.));
#4191 = CIRCLE('',#4192,12.5);
#4192 = AXIS2_PLACEMENT_3D('',#4193,#4194,#4195);
#4193 = CARTESIAN_POINT('',(-11.27777777777,89.5,55.));
#4194 = DIRECTION('',(0.,0.,1.));
#4195 = DIRECTION('',(1.,0.,-0.));
#4196 = ORIENTED_EDGE('',*,*,#3212,.T.);
#4197 = ORIENTED_EDGE('',*,*,#4198,.F.);
#4198 = EDGE_CURVE('',#4199,#3205,#4201,.T.);
#4199 = VERTEX_POINT('',#4200);
#4200 = CARTESIAN_POINT('',(22.023535851122,85.403820874381,55.));
#4201 = CIRCLE('',#4202,12.5);
#4202 = AXIS2_PLACEMENT_3D('',#4203,#4204,#4205);
#4203 = CARTESIAN_POINT('',(33.833333333333,89.5,55.));
#4204 = DIRECTION('',(0.,0.,1.));
#4205 = DIRECTION('',(1.,0.,-0.));
#4206 = ORIENTED_EDGE('',*,*,#4207,.F.);
#4207 = EDGE_CURVE('',#4189,#4199,#4208,.T.);
#4208 = CIRCLE('',#4209,11.5);
#4209 = AXIS2_PLACEMENT_3D('',#4210,#4211,#4212);
#4210 = CARTESIAN_POINT('',(11.277777777778,89.5,55.));
#4211 = DIRECTION('',(0.,0.,1.));
#4212 = DIRECTION('',(1.,0.,-0.));
#4213 = PLANE('',#4214);
#4214 = AXIS2_PLACEMENT_3D('',#4215,#4216,#4217);
#4215 = CARTESIAN_POINT('',(11.277777777778,89.5,55.));
#4216 = DIRECTION('',(0.,0.,1.));
#4217 = DIRECTION('',(1.,0.,-0.));
#4218 = ADVANCED_FACE('',(#4219),#4247,.T.);
#4219 = FACE_BOUND('',#4220,.T.);
#4220 = EDGE_LOOP('',(#4221,#4230,#4231,#4240));
#4221 = ORIENTED_EDGE('',*,*,#4222,.F.);
#4222 = EDGE_CURVE('',#3205,#4223,#4225,.T.);
#4223 = VERTEX_POINT('',#4224);
#4224 = CARTESIAN_POINT('',(23.087575259989,85.403820874381,55.));
#4225 = CIRCLE('',#4226,12.5);
#4226 = AXIS2_PLACEMENT_3D('',#4227,#4228,#4229);
#4227 = CARTESIAN_POINT('',(11.277777777778,89.5,55.));
#4228 = DIRECTION('',(0.,0.,1.));
#4229 = DIRECTION('',(1.,0.,-0.));
#4230 = ORIENTED_EDGE('',*,*,#3238,.T.);
#4231 = ORIENTED_EDGE('',*,*,#4232,.F.);
#4232 = EDGE_CURVE('',#4233,#3231,#4235,.T.);
#4233 = VERTEX_POINT('',#4234);
#4234 = CARTESIAN_POINT('',(44.579091406678,85.403820874381,55.));
#4235 = CIRCLE('',#4236,12.5);
#4236 = AXIS2_PLACEMENT_3D('',#4237,#4238,#4239);
#4237 = CARTESIAN_POINT('',(56.388888888889,89.5,55.));
#4238 = DIRECTION('',(0.,0.,1.));
#4239 = DIRECTION('',(1.,0.,-0.));
#4240 = ORIENTED_EDGE('',*,*,#4241,.F.);
#4241 = EDGE_CURVE('',#4223,#4233,#4242,.T.);
#4242 = CIRCLE('',#4243,11.5);
#4243 = AXIS2_PLACEMENT_3D('',#4244,#4245,#4246);
#4244 = CARTESIAN_POINT('',(33.833333333333,89.5,55.));
#4245 = DIRECTION('',(0.,0.,1.));
#4246 = DIRECTION('',(1.,0.,-0.));
#4247 = PLANE('',#4248);
#4248 = AXIS2_PLACEMENT_3D('',#4249,#4250,#4251);
#4249 = CARTESIAN_POINT('',(33.833333333333,89.5,55.));
#4250 = DIRECTION('',(0.,0.,1.));
#4251 = DIRECTION('',(1.,0.,-0.));
#4252 = ADVANCED_FACE('',(#4253),#4281,.T.);
#4253 = FACE_BOUND('',#4254,.T.);
#4254 = EDGE_LOOP('',(#4255,#4264,#4265,#4274));
#4255 = ORIENTED_EDGE('',*,*,#4256,.F.);
#4256 = EDGE_CURVE('',#3231,#4257,#4259,.T.);
#4257 = VERTEX_POINT('',#4258);
#4258 = CARTESIAN_POINT('',(45.643130815545,85.403820874381,55.));
#4259 = CIRCLE('',#4260,12.5);
#4260 = AXIS2_PLACEMENT_3D('',#4261,#4262,#4263);
#4261 = CARTESIAN_POINT('',(33.833333333333,89.5,55.));
#4262 = DIRECTION('',(0.,0.,1.));
#4263 = DIRECTION('',(1.,0.,-0.));
#4264 = ORIENTED_EDGE('',*,*,#3264,.T.);
#4265 = ORIENTED_EDGE('',*,*,#4266,.F.);
#4266 = EDGE_CURVE('',#4267,#3257,#4269,.T.);
#4267 = VERTEX_POINT('',#4268);
#4268 = CARTESIAN_POINT('',(67.134646962233,85.403820874381,55.));
#4269 = CIRCLE('',#4270,12.5);
#4270 = AXIS2_PLACEMENT_3D('',#4271,#4272,#4273);
#4271 = CARTESIAN_POINT('',(78.944444444444,89.5,55.));
#4272 = DIRECTION('',(0.,0.,1.));
#4273 = DIRECTION('',(1.,0.,-0.));
#4274 = ORIENTED_EDGE('',*,*,#4275,.F.);
#4275 = EDGE_CURVE('',#4257,#4267,#4276,.T.);
#4276 = CIRCLE('',#4277,11.5);
#4277 = AXIS2_PLACEMENT_3D('',#4278,#4279,#4280);
#4278 = CARTESIAN_POINT('',(56.388888888889,89.5,55.));
#4279 = DIRECTION('',(0.,0.,1.));
#4280 = DIRECTION('',(1.,0.,-0.));
#4281 = PLANE('',#4282);
#4282 = AXIS2_PLACEMENT_3D('',#4283,#4284,#4285);
#4283 = CARTESIAN_POINT('',(56.388888888889,89.5,55.));
#4284 = DIRECTION('',(0.,0.,1.));
#4285 = DIRECTION('',(1.,0.,-0.));
#4286 = ADVANCED_FACE('',(#4287),#4315,.T.);
#4287 = FACE_BOUND('',#4288,.T.);
#4288 = EDGE_LOOP('',(#4289,#4298,#4299,#4308));
#4289 = ORIENTED_EDGE('',*,*,#4290,.F.);
#4290 = EDGE_CURVE('',#3257,#4291,#4293,.T.);
#4291 = VERTEX_POINT('',#4292);
#4292 = CARTESIAN_POINT('',(68.1986863711,85.403820874381,55.));
#4293 = CIRCLE('',#4294,12.5);
#4294 = AXIS2_PLACEMENT_3D('',#4295,#4296,#4297);
#4295 = CARTESIAN_POINT('',(56.388888888889,89.5,55.));
#4296 = DIRECTION('',(0.,0.,1.));
#4297 = DIRECTION('',(1.,0.,-0.));
#4298 = ORIENTED_EDGE('',*,*,#3283,.T.);
#4299 = ORIENTED_EDGE('',*,*,#4300,.F.);
#4300 = EDGE_CURVE('',#4301,#3088,#4303,.T.);
#4301 = VERTEX_POINT('',#4302);
#4302 = CARTESIAN_POINT('',(89.690202517789,85.403820874381,55.));
#4303 = CIRCLE('',#4304,12.5);
#4304 = AXIS2_PLACEMENT_3D('',#4305,#4306,#4307);
#4305 = CARTESIAN_POINT('',(101.5,89.5,55.));
#4306 = DIRECTION('',(0.,0.,1.));
#4307 = DIRECTION('',(1.,0.,-0.));
#4308 = ORIENTED_EDGE('',*,*,#4309,.F.);
#4309 = EDGE_CURVE('',#4291,#4301,#4310,.T.);
#4310 = CIRCLE('',#4311,11.5);
#4311 = AXIS2_PLACEMENT_3D('',#4312,#4313,#4314);
#4312 = CARTESIAN_POINT('',(78.944444444444,89.5,55.));
#4313 = DIRECTION('',(0.,0.,1.));
#4314 = DIRECTION('',(1.,0.,-0.));
#4315 = PLANE('',#4316);
#4316 = AXIS2_PLACEMENT_3D('',#4317,#4318,#4319);
#4317 = CARTESIAN_POINT('',(78.944444444444,89.5,55.));
#4318 = DIRECTION('',(0.,0.,1.));
#4319 = DIRECTION('',(1.,0.,-0.));
#4320 = ADVANCED_FACE('',(#4321),#4340,.T.);
#4321 = FACE_BOUND('',#4322,.F.);
#4322 = EDGE_LOOP('',(#4323,#4324,#4332,#4339));
#4323 = ORIENTED_EDGE('',*,*,#3316,.T.);
#4324 = ORIENTED_EDGE('',*,*,#4325,.T.);
#4325 = EDGE_CURVE('',#3317,#4326,#4328,.T.);
#4326 = VERTEX_POINT('',#4327);
#4327 = CARTESIAN_POINT('',(-56.,159.,78.));
#4328 = LINE('',#4329,#4330);
#4329 = CARTESIAN_POINT('',(-56.,159.,5.));
#4330 = VECTOR('',#4331,1.);
#4331 = DIRECTION('',(0.,0.,1.));
#4332 = ORIENTED_EDGE('',*,*,#4333,.F.);
#4333 = EDGE_CURVE('',#3434,#4326,#4334,.T.);
#4334 = CIRCLE('',#4335,2.);
#4335 = AXIS2_PLACEMENT_3D('',#4336,#4337,#4338);
#4336 = CARTESIAN_POINT('',(-56.,157.,78.));
#4337 = DIRECTION('',(-0.,-0.,-1.));
#4338 = DIRECTION('',(0.,-1.,0.));
#4339 = ORIENTED_EDGE('',*,*,#3466,.F.);
#4340 = CYLINDRICAL_SURFACE('',#4341,2.);
#4341 = AXIS2_PLACEMENT_3D('',#4342,#4343,#4344);
#4342 = CARTESIAN_POINT('',(-56.,157.,5.));
#4343 = DIRECTION('',(0.,0.,1.));
#4344 = DIRECTION('',(-1.,-0.,0.));
#4345 = ADVANCED_FACE('',(#4346),#4412,.T.);
#4346 = FACE_BOUND('',#4347,.T.);
#4347 = EDGE_LOOP('',(#4348,#4349,#4350,#4358,#4366,#4374,#4382,#4390,
    #4398,#4406));
#4348 = ORIENTED_EDGE('',*,*,#3325,.F.);
#4349 = ORIENTED_EDGE('',*,*,#4325,.T.);
#4350 = ORIENTED_EDGE('',*,*,#4351,.T.);
#4351 = EDGE_CURVE('',#4326,#4352,#4354,.T.);
#4352 = VERTEX_POINT('',#4353);
#4353 = CARTESIAN_POINT('',(-51.,159.,78.));
#4354 = LINE('',#4355,#4356);
#4355 = CARTESIAN_POINT('',(-58.,159.,78.));
#4356 = VECTOR('',#4357,1.);
#4357 = DIRECTION('',(1.,0.,-0.));
#4358 = ORIENTED_EDGE('',*,*,#4359,.T.);
#4359 = EDGE_CURVE('',#4352,#4360,#4362,.T.);
#4360 = VERTEX_POINT('',#4361);
#4361 = CARTESIAN_POINT('',(-51.,159.,8.));
#4362 = LINE('',#4363,#4364);
#4363 = CARTESIAN_POINT('',(-51.,159.,78.));
#4364 = VECTOR('',#4365,1.);
#4365 = DIRECTION('',(-0.,0.,-1.));
#4366 = ORIENTED_EDGE('',*,*,#4367,.F.);
#4367 = EDGE_CURVE('',#4368,#4360,#4370,.T.);
#4368 = VERTEX_POINT('',#4369);
#4369 = CARTESIAN_POINT('',(-49.,159.,8.));
#4370 = LINE('',#4371,#4372);
#4371 = CARTESIAN_POINT('',(-53.5,159.,8.));
#4372 = VECTOR('',#4373,1.);
#4373 = DIRECTION('',(-1.,-0.,0.));
#4374 = ORIENTED_EDGE('',*,*,#4375,.T.);
#4375 = EDGE_CURVE('',#4368,#4376,#4378,.T.);
#4376 = VERTEX_POINT('',#4377);
#4377 = CARTESIAN_POINT('',(-9.,159.,8.));
#4378 = LINE('',#4379,#4380);
#4379 = CARTESIAN_POINT('',(-53.5,159.,8.));
#4380 = VECTOR('',#4381,1.);
#4381 = DIRECTION('',(1.,0.,-0.));
#4382 = ORIENTED_EDGE('',*,*,#4383,.T.);
#4383 = EDGE_CURVE('',#4376,#4384,#4386,.T.);
#4384 = VERTEX_POINT('',#4385);
#4385 = CARTESIAN_POINT('',(-7.,159.,8.));
#4386 = LINE('',#4387,#4388);
#4387 = CARTESIAN_POINT('',(-53.5,159.,8.));
#4388 = VECTOR('',#4389,1.);
#4389 = DIRECTION('',(1.,0.,-0.));
#4390 = ORIENTED_EDGE('',*,*,#4391,.F.);
#4391 = EDGE_CURVE('',#4392,#4384,#4394,.T.);
#4392 = VERTEX_POINT('',#4393);
#4393 = CARTESIAN_POINT('',(-7.,159.,78.));
#4394 = LINE('',#4395,#4396);
#4395 = CARTESIAN_POINT('',(-7.,159.,78.));
#4396 = VECTOR('',#4397,1.);
#4397 = DIRECTION('',(-0.,0.,-1.));
#4398 = ORIENTED_EDGE('',*,*,#4399,.T.);
#4399 = EDGE_CURVE('',#4392,#4400,#4402,.T.);
#4400 = VERTEX_POINT('',#4401);
#4401 = CARTESIAN_POINT('',(0.,159.,78.));
#4402 = LINE('',#4403,#4404);
#4403 = CARTESIAN_POINT('',(-58.,159.,78.));
#4404 = VECTOR('',#4405,1.);
#4405 = DIRECTION('',(1.,0.,-0.));
#4406 = ORIENTED_EDGE('',*,*,#4407,.F.);
#4407 = EDGE_CURVE('',#3326,#4400,#4408,.T.);
#4408 = LINE('',#4409,#4410);
#4409 = CARTESIAN_POINT('',(0.,159.,5.));
#4410 = VECTOR('',#4411,1.);
#4411 = DIRECTION('',(0.,0.,1.));
#4412 = PLANE('',#4413);
#4413 = AXIS2_PLACEMENT_3D('',#4414,#4415,#4416);
#4414 = CARTESIAN_POINT('',(-58.,159.,5.));
#4415 = DIRECTION('',(-0.,1.,0.));
#4416 = DIRECTION('',(0.,0.,1.));
#4417 = ADVANCED_FACE('',(#4418),#4484,.T.);
#4418 = FACE_BOUND('',#4419,.T.);
#4419 = EDGE_LOOP('',(#4420,#4421,#4422,#4430,#4438,#4446,#4454,#4462,
    #4470,#4478));
#4420 = ORIENTED_EDGE('',*,*,#3333,.F.);
#4421 = ORIENTED_EDGE('',*,*,#4407,.T.);
#4422 = ORIENTED_EDGE('',*,*,#4423,.T.);
#4423 = EDGE_CURVE('',#4400,#4424,#4426,.T.);
#4424 = VERTEX_POINT('',#4425);
#4425 = CARTESIAN_POINT('',(7.,159.,78.));
#4426 = LINE('',#4427,#4428);
#4427 = CARTESIAN_POINT('',(0.,159.,78.));
#4428 = VECTOR('',#4429,1.);
#4429 = DIRECTION('',(1.,0.,-0.));
#4430 = ORIENTED_EDGE('',*,*,#4431,.T.);
#4431 = EDGE_CURVE('',#4424,#4432,#4434,.T.);
#4432 = VERTEX_POINT('',#4433);
#4433 = CARTESIAN_POINT('',(7.,159.,8.));
#4434 = LINE('',#4435,#4436);
#4435 = CARTESIAN_POINT('',(7.,159.,78.));
#4436 = VECTOR('',#4437,1.);
#4437 = DIRECTION('',(-0.,0.,-1.));
#4438 = ORIENTED_EDGE('',*,*,#4439,.F.);
#4439 = EDGE_CURVE('',#4440,#4432,#4442,.T.);
#4440 = VERTEX_POINT('',#4441);
#4441 = CARTESIAN_POINT('',(9.,159.,8.));
#4442 = LINE('',#4443,#4444);
#4443 = CARTESIAN_POINT('',(4.5,159.,8.));
#4444 = VECTOR('',#4445,1.);
#4445 = DIRECTION('',(-1.,-0.,0.));
#4446 = ORIENTED_EDGE('',*,*,#4447,.T.);
#4447 = EDGE_CURVE('',#4440,#4448,#4450,.T.);
#4448 = VERTEX_POINT('',#4449);
#4449 = CARTESIAN_POINT('',(49.,159.,8.));
#4450 = LINE('',#4451,#4452);
#4451 = CARTESIAN_POINT('',(4.5,159.,8.));
#4452 = VECTOR('',#4453,1.);
#4453 = DIRECTION('',(1.,0.,-0.));
#4454 = ORIENTED_EDGE('',*,*,#4455,.T.);
#4455 = EDGE_CURVE('',#4448,#4456,#4458,.T.);
#4456 = VERTEX_POINT('',#4457);
#4457 = CARTESIAN_POINT('',(51.,159.,8.));
#4458 = LINE('',#4459,#4460);
#4459 = CARTESIAN_POINT('',(4.5,159.,8.));
#4460 = VECTOR('',#4461,1.);
#4461 = DIRECTION('',(1.,0.,-0.));
#4462 = ORIENTED_EDGE('',*,*,#4463,.F.);
#4463 = EDGE_CURVE('',#4464,#4456,#4466,.T.);
#4464 = VERTEX_POINT('',#4465);
#4465 = CARTESIAN_POINT('',(51.,159.,78.));
#4466 = LINE('',#4467,#4468);
#4467 = CARTESIAN_POINT('',(51.,159.,78.));
#4468 = VECTOR('',#4469,1.);
#4469 = DIRECTION('',(-0.,0.,-1.));
#4470 = ORIENTED_EDGE('',*,*,#4471,.T.);
#4471 = EDGE_CURVE('',#4464,#4472,#4474,.T.);
#4472 = VERTEX_POINT('',#4473);
#4473 = CARTESIAN_POINT('',(56.,159.,78.));
#4474 = LINE('',#4475,#4476);
#4475 = CARTESIAN_POINT('',(0.,159.,78.));
#4476 = VECTOR('',#4477,1.);
#4477 = DIRECTION('',(1.,0.,-0.));
#4478 = ORIENTED_EDGE('',*,*,#4479,.F.);
#4479 = EDGE_CURVE('',#3334,#4472,#4480,.T.);
#4480 = LINE('',#4481,#4482);
#4481 = CARTESIAN_POINT('',(56.,159.,5.));
#4482 = VECTOR('',#4483,1.);
#4483 = DIRECTION('',(0.,0.,1.));
#4484 = PLANE('',#4485);
#4485 = AXIS2_PLACEMENT_3D('',#4486,#4487,#4488);
#4486 = CARTESIAN_POINT('',(0.,159.,5.));
#4487 = DIRECTION('',(-0.,1.,0.));
#4488 = DIRECTION('',(0.,0.,1.));
#4489 = ADVANCED_FACE('',(#4490),#4502,.T.);
#4490 = FACE_BOUND('',#4491,.T.);
#4491 = EDGE_LOOP('',(#4492,#4493,#4494,#4501));
#4492 = ORIENTED_EDGE('',*,*,#3341,.T.);
#4493 = ORIENTED_EDGE('',*,*,#4479,.T.);
#4494 = ORIENTED_EDGE('',*,*,#4495,.F.);
#4495 = EDGE_CURVE('',#3562,#4472,#4496,.T.);
#4496 = CIRCLE('',#4497,2.);
#4497 = AXIS2_PLACEMENT_3D('',#4498,#4499,#4500);
#4498 = CARTESIAN_POINT('',(56.,157.,78.));
#4499 = DIRECTION('',(0.,0.,1.));
#4500 = DIRECTION('',(0.,-1.,0.));
#4501 = ORIENTED_EDGE('',*,*,#3592,.F.);
#4502 = CYLINDRICAL_SURFACE('',#4503,2.);
#4503 = AXIS2_PLACEMENT_3D('',#4504,#4505,#4506);
#4504 = CARTESIAN_POINT('',(56.,157.,5.));
#4505 = DIRECTION('',(0.,0.,1.));
#4506 = DIRECTION('',(1.,0.,-0.));
#4507 = ADVANCED_FACE('',(#4508),#4600,.T.);
#4508 = FACE_BOUND('',#4509,.T.);
#4509 = EDGE_LOOP('',(#4510,#4511,#4512,#4513,#4521,#4527,#4528,#4537,
    #4545,#4553,#4561,#4569,#4577,#4585,#4593));
#4510 = ORIENTED_EDGE('',*,*,#4351,.F.);
#4511 = ORIENTED_EDGE('',*,*,#4333,.F.);
#4512 = ORIENTED_EDGE('',*,*,#3431,.F.);
#4513 = ORIENTED_EDGE('',*,*,#4514,.T.);
#4514 = EDGE_CURVE('',#3432,#4515,#4517,.T.);
#4515 = VERTEX_POINT('',#4516);
#4516 = CARTESIAN_POINT('',(0.,101.,78.));
#4517 = LINE('',#4518,#4519);
#4518 = CARTESIAN_POINT('',(-58.,101.,78.));
#4519 = VECTOR('',#4520,1.);
#4520 = DIRECTION('',(1.,0.,-0.));
#4521 = ORIENTED_EDGE('',*,*,#4522,.T.);
#4522 = EDGE_CURVE('',#4515,#4400,#4523,.T.);
#4523 = LINE('',#4524,#4525);
#4524 = CARTESIAN_POINT('',(0.,101.,78.));
#4525 = VECTOR('',#4526,1.);
#4526 = DIRECTION('',(-0.,1.,0.));
#4527 = ORIENTED_EDGE('',*,*,#4399,.F.);
#4528 = ORIENTED_EDGE('',*,*,#4529,.T.);
#4529 = EDGE_CURVE('',#4392,#4530,#4532,.T.);
#4530 = VERTEX_POINT('',#4531);
#4531 = CARTESIAN_POINT('',(-9.,157.,78.));
#4532 = CIRCLE('',#4533,2.);
#4533 = AXIS2_PLACEMENT_3D('',#4534,#4535,#4536);
#4534 = CARTESIAN_POINT('',(-7.,157.,78.));
#4535 = DIRECTION('',(0.,-0.,1.));
#4536 = DIRECTION('',(0.,1.,0.));
#4537 = ORIENTED_EDGE('',*,*,#4538,.F.);
#4538 = EDGE_CURVE('',#4539,#4530,#4541,.T.);
#4539 = VERTEX_POINT('',#4540);
#4540 = CARTESIAN_POINT('',(-9.,156.6,78.));
#4541 = LINE('',#4542,#4543);
#4542 = CARTESIAN_POINT('',(-9.,127.3,78.));
#4543 = VECTOR('',#4544,1.);
#4544 = DIRECTION('',(-0.,1.,0.));
#4545 = ORIENTED_EDGE('',*,*,#4546,.F.);
#4546 = EDGE_CURVE('',#4547,#4539,#4549,.T.);
#4547 = VERTEX_POINT('',#4548);
#4548 = CARTESIAN_POINT('',(-2.4,156.6,78.));
#4549 = LINE('',#4550,#4551);
#4550 = CARTESIAN_POINT('',(-56.8,156.6,78.));
#4551 = VECTOR('',#4552,1.);
#4552 = DIRECTION('',(-1.,-0.,0.));
#4553 = ORIENTED_EDGE('',*,*,#4554,.F.);
#4554 = EDGE_CURVE('',#4555,#4547,#4557,.T.);
#4555 = VERTEX_POINT('',#4556);
#4556 = CARTESIAN_POINT('',(-2.4,103.4,78.));
#4557 = LINE('',#4558,#4559);
#4558 = CARTESIAN_POINT('',(-2.4,102.2,78.));
#4559 = VECTOR('',#4560,1.);
#4560 = DIRECTION('',(-0.,1.,0.));
#4561 = ORIENTED_EDGE('',*,*,#4562,.T.);
#4562 = EDGE_CURVE('',#4555,#4563,#4565,.T.);
#4563 = VERTEX_POINT('',#4564);
#4564 = CARTESIAN_POINT('',(-55.6,103.4,78.));
#4565 = LINE('',#4566,#4567);
#4566 = CARTESIAN_POINT('',(-56.8,103.4,78.));
#4567 = VECTOR('',#4568,1.);
#4568 = DIRECTION('',(-1.,-0.,0.));
#4569 = ORIENTED_EDGE('',*,*,#4570,.T.);
#4570 = EDGE_CURVE('',#4563,#4571,#4573,.T.);
#4571 = VERTEX_POINT('',#4572);
#4572 = CARTESIAN_POINT('',(-55.6,156.6,78.));
#4573 = LINE('',#4574,#4575);
#4574 = CARTESIAN_POINT('',(-55.6,102.2,78.));
#4575 = VECTOR('',#4576,1.);
#4576 = DIRECTION('',(-0.,1.,0.));
#4577 = ORIENTED_EDGE('',*,*,#4578,.F.);
#4578 = EDGE_CURVE('',#4579,#4571,#4581,.T.);
#4579 = VERTEX_POINT('',#4580);
#4580 = CARTESIAN_POINT('',(-49.,156.6,78.));
#4581 = LINE('',#4582,#4583);
#4582 = CARTESIAN_POINT('',(-56.8,156.6,78.));
#4583 = VECTOR('',#4584,1.);
#4584 = DIRECTION('',(-1.,-0.,0.));
#4585 = ORIENTED_EDGE('',*,*,#4586,.T.);
#4586 = EDGE_CURVE('',#4579,#4587,#4589,.T.);
#4587 = VERTEX_POINT('',#4588);
#4588 = CARTESIAN_POINT('',(-49.,157.,78.));
#4589 = LINE('',#4590,#4591);
#4590 = CARTESIAN_POINT('',(-49.,127.3,78.));
#4591 = VECTOR('',#4592,1.);
#4592 = DIRECTION('',(-0.,1.,0.));
#4593 = ORIENTED_EDGE('',*,*,#4594,.F.);
#4594 = EDGE_CURVE('',#4352,#4587,#4595,.T.);
#4595 = CIRCLE('',#4596,2.);
#4596 = AXIS2_PLACEMENT_3D('',#4597,#4598,#4599);
#4597 = CARTESIAN_POINT('',(-51.,157.,78.));
#4598 = DIRECTION('',(-0.,0.,-1.));
#4599 = DIRECTION('',(0.,1.,0.));
#4600 = PLANE('',#4601);
#4601 = AXIS2_PLACEMENT_3D('',#4602,#4603,#4604);
#4602 = CARTESIAN_POINT('',(-58.,101.,78.));
#4603 = DIRECTION('',(0.,0.,1.));
#4604 = DIRECTION('',(1.,0.,-0.));
#4605 = ADVANCED_FACE('',(#4606),#4728,.F.);
#4606 = FACE_BOUND('',#4607,.F.);
#4607 = EDGE_LOOP('',(#4608,#4618,#4626,#4634,#4640,#4641,#4642,#4650,
    #4658,#4666,#4674,#4682,#4690,#4698,#4706,#4714,#4722));
#4608 = ORIENTED_EDGE('',*,*,#4609,.F.);
#4609 = EDGE_CURVE('',#4610,#4612,#4614,.T.);
#4610 = VERTEX_POINT('',#4611);
#4611 = CARTESIAN_POINT('',(-51.48990940332,101.,5.));
#4612 = VERTEX_POINT('',#4613);
#4613 = CARTESIAN_POINT('',(-38.7323128189,101.,5.));
#4614 = LINE('',#4615,#4616);
#4615 = CARTESIAN_POINT('',(-58.,101.,5.));
#4616 = VECTOR('',#4617,1.);
#4617 = DIRECTION('',(1.,0.,-0.));
#4618 = ORIENTED_EDGE('',*,*,#4619,.T.);
#4619 = EDGE_CURVE('',#4610,#4620,#4622,.T.);
#4620 = VERTEX_POINT('',#4621);
#4621 = CARTESIAN_POINT('',(-51.48990940332,101.,55.));
#4622 = LINE('',#4623,#4624);
#4623 = CARTESIAN_POINT('',(-51.48990940332,101.,5.));
#4624 = VECTOR('',#4625,1.);
#4625 = DIRECTION('',(0.,0.,1.));
#4626 = ORIENTED_EDGE('',*,*,#4627,.T.);
#4627 = EDGE_CURVE('',#4620,#4628,#4630,.T.);
#4628 = VERTEX_POINT('',#4629);
#4629 = CARTESIAN_POINT('',(-56.38888888888,101.,55.));
#4630 = LINE('',#4631,#4632);
#4631 = CARTESIAN_POINT('',(-57.19444444444,101.,55.));
#4632 = VECTOR('',#4633,1.);
#4633 = DIRECTION('',(-1.,-0.,0.));
#4634 = ORIENTED_EDGE('',*,*,#4635,.T.);
#4635 = EDGE_CURVE('',#4628,#3442,#4636,.T.);
#4636 = LINE('',#4637,#4638);
#4637 = CARTESIAN_POINT('',(-57.19444444444,101.,55.));
#4638 = VECTOR('',#4639,1.);
#4639 = DIRECTION('',(-1.,-0.,0.));
#4640 = ORIENTED_EDGE('',*,*,#3441,.T.);
#4641 = ORIENTED_EDGE('',*,*,#4514,.T.);
#4642 = ORIENTED_EDGE('',*,*,#4643,.F.);
#4643 = EDGE_CURVE('',#4644,#4515,#4646,.T.);
#4644 = VERTEX_POINT('',#4645);
#4645 = CARTESIAN_POINT('',(0.,101.,5.));
#4646 = LINE('',#4647,#4648);
#4647 = CARTESIAN_POINT('',(0.,101.,5.));
#4648 = VECTOR('',#4649,1.);
#4649 = DIRECTION('',(0.,0.,1.));
#4650 = ORIENTED_EDGE('',*,*,#4651,.F.);
#4651 = EDGE_CURVE('',#4652,#4644,#4654,.T.);
#4652 = VERTEX_POINT('',#4653);
#4653 = CARTESIAN_POINT('',(-6.378798292211,101.,5.));
#4654 = LINE('',#4655,#4656);
#4655 = CARTESIAN_POINT('',(-58.,101.,5.));
#4656 = VECTOR('',#4657,1.);
#4657 = DIRECTION('',(1.,0.,-0.));
#4658 = ORIENTED_EDGE('',*,*,#4659,.T.);
#4659 = EDGE_CURVE('',#4652,#4660,#4662,.T.);
#4660 = VERTEX_POINT('',#4661);
#4661 = CARTESIAN_POINT('',(-6.378798292211,101.,55.));
#4662 = LINE('',#4663,#4664);
#4663 = CARTESIAN_POINT('',(-6.378798292211,101.,5.));
#4664 = VECTOR('',#4665,1.);
#4665 = DIRECTION('',(0.,0.,1.));
#4666 = ORIENTED_EDGE('',*,*,#4667,.T.);
#4667 = EDGE_CURVE('',#4660,#4668,#4670,.T.);
#4668 = VERTEX_POINT('',#4669);
#4669 = CARTESIAN_POINT('',(-11.27777777777,101.,55.));
#4670 = LINE('',#4671,#4672);
#4671 = CARTESIAN_POINT('',(-34.63888888888,101.,55.));
#4672 = VECTOR('',#4673,1.);
#4673 = DIRECTION('',(-1.,-0.,0.));
#4674 = ORIENTED_EDGE('',*,*,#4675,.T.);
#4675 = EDGE_CURVE('',#4668,#4676,#4678,.T.);
#4676 = VERTEX_POINT('',#4677);
#4677 = CARTESIAN_POINT('',(-16.17675726334,101.,55.));
#4678 = LINE('',#4679,#4680);
#4679 = CARTESIAN_POINT('',(-34.63888888888,101.,55.));
#4680 = VECTOR('',#4681,1.);
#4681 = DIRECTION('',(-1.,-0.,0.));
#4682 = ORIENTED_EDGE('',*,*,#4683,.F.);
#4683 = EDGE_CURVE('',#4684,#4676,#4686,.T.);
#4684 = VERTEX_POINT('',#4685);
#4685 = CARTESIAN_POINT('',(-16.17675726334,101.,5.));
#4686 = LINE('',#4687,#4688);
#4687 = CARTESIAN_POINT('',(-16.17675726334,101.,5.));
#4688 = VECTOR('',#4689,1.);
#4689 = DIRECTION('',(0.,0.,1.));
#4690 = ORIENTED_EDGE('',*,*,#4691,.F.);
#4691 = EDGE_CURVE('',#4692,#4684,#4694,.T.);
#4692 = VERTEX_POINT('',#4693);
#4693 = CARTESIAN_POINT('',(-28.93435384776,101.,5.));
#4694 = LINE('',#4695,#4696);
#4695 = CARTESIAN_POINT('',(-58.,101.,5.));
#4696 = VECTOR('',#4697,1.);
#4697 = DIRECTION('',(1.,0.,-0.));
#4698 = ORIENTED_EDGE('',*,*,#4699,.T.);
#4699 = EDGE_CURVE('',#4692,#4700,#4702,.T.);
#4700 = VERTEX_POINT('',#4701);
#4701 = CARTESIAN_POINT('',(-28.93435384776,101.,55.));
#4702 = LINE('',#4703,#4704);
#4703 = CARTESIAN_POINT('',(-28.93435384776,101.,5.));
#4704 = VECTOR('',#4705,1.);
#4705 = DIRECTION('',(0.,0.,1.));
#4706 = ORIENTED_EDGE('',*,*,#4707,.T.);
#4707 = EDGE_CURVE('',#4700,#4708,#4710,.T.);
#4708 = VERTEX_POINT('',#4709);
#4709 = CARTESIAN_POINT('',(-33.83333333333,101.,55.));
#4710 = LINE('',#4711,#4712);
#4711 = CARTESIAN_POINT('',(-45.91666666666,101.,55.));
#4712 = VECTOR('',#4713,1.);
#4713 = DIRECTION('',(-1.,-0.,0.));
#4714 = ORIENTED_EDGE('',*,*,#4715,.T.);
#4715 = EDGE_CURVE('',#4708,#4716,#4718,.T.);
#4716 = VERTEX_POINT('',#4717);
#4717 = CARTESIAN_POINT('',(-38.7323128189,101.,55.));
#4718 = LINE('',#4719,#4720);
#4719 = CARTESIAN_POINT('',(-45.91666666666,101.,55.));
#4720 = VECTOR('',#4721,1.);
#4721 = DIRECTION('',(-1.,-0.,0.));
#4722 = ORIENTED_EDGE('',*,*,#4723,.F.);
#4723 = EDGE_CURVE('',#4612,#4716,#4724,.T.);
#4724 = LINE('',#4725,#4726);
#4725 = CARTESIAN_POINT('',(-38.7323128189,101.,5.));
#4726 = VECTOR('',#4727,1.);
#4727 = DIRECTION('',(0.,0.,1.));
#4728 = PLANE('',#4729);
#4729 = AXIS2_PLACEMENT_3D('',#4730,#4731,#4732);
#4730 = CARTESIAN_POINT('',(-58.,101.,5.));
#4731 = DIRECTION('',(-0.,1.,0.));
#4732 = DIRECTION('',(0.,0.,1.));
#4733 = ADVANCED_FACE('',(#4734),#4755,.T.);
#4734 = FACE_BOUND('',#4735,.T.);
#4735 = EDGE_LOOP('',(#4736,#4745,#4752,#4753,#4754));
#4736 = ORIENTED_EDGE('',*,*,#4737,.F.);
#4737 = EDGE_CURVE('',#4738,#3028,#4740,.T.);
#4738 = VERTEX_POINT('',#4739);
#4739 = CARTESIAN_POINT('',(-67.13464696223,93.596179125619,55.));
#4740 = CIRCLE('',#4741,12.5);
#4741 = AXIS2_PLACEMENT_3D('',#4742,#4743,#4744);
#4742 = CARTESIAN_POINT('',(-78.94444444444,89.5,55.));
#4743 = DIRECTION('',(0.,0.,1.));
#4744 = DIRECTION('',(1.,0.,-0.));
#4745 = ORIENTED_EDGE('',*,*,#4746,.F.);
#4746 = EDGE_CURVE('',#4628,#4738,#4747,.T.);
#4747 = CIRCLE('',#4748,11.5);
#4748 = AXIS2_PLACEMENT_3D('',#4749,#4750,#4751);
#4749 = CARTESIAN_POINT('',(-56.38888888888,89.5,55.));
#4750 = DIRECTION('',(0.,0.,1.));
#4751 = DIRECTION('',(1.,0.,-0.));
#4752 = ORIENTED_EDGE('',*,*,#4635,.T.);
#4753 = ORIENTED_EDGE('',*,*,#3449,.T.);
#4754 = ORIENTED_EDGE('',*,*,#3480,.T.);
#4755 = PLANE('',#4756);
#4756 = AXIS2_PLACEMENT_3D('',#4757,#4758,#4759);
#4757 = CARTESIAN_POINT('',(-56.38888888888,89.5,55.));
#4758 = DIRECTION('',(0.,0.,1.));
#4759 = DIRECTION('',(1.,0.,-0.));
#4760 = ADVANCED_FACE('',(#4761),#4789,.T.);
#4761 = FACE_BOUND('',#4762,.T.);
#4762 = EDGE_LOOP('',(#4763,#4774,#4781,#4782,#4783));
#4763 = ORIENTED_EDGE('',*,*,#4764,.F.);
#4764 = EDGE_CURVE('',#4765,#4767,#4769,.T.);
#4765 = VERTEX_POINT('',#4766);
#4766 = CARTESIAN_POINT('',(67.134646962233,93.596179125619,55.));
#4767 = VERTEX_POINT('',#4768);
#4768 = CARTESIAN_POINT('',(56.388888888888,101.,55.));
#4769 = CIRCLE('',#4770,11.5);
#4770 = AXIS2_PLACEMENT_3D('',#4771,#4772,#4773);
#4771 = CARTESIAN_POINT('',(56.388888888889,89.5,55.));
#4772 = DIRECTION('',(0.,0.,1.));
#4773 = DIRECTION('',(1.,0.,-0.));
#4774 = ORIENTED_EDGE('',*,*,#4775,.F.);
#4775 = EDGE_CURVE('',#3528,#4765,#4776,.T.);
#4776 = CIRCLE('',#4777,12.5);
#4777 = AXIS2_PLACEMENT_3D('',#4778,#4779,#4780);
#4778 = CARTESIAN_POINT('',(78.944444444444,89.5,55.));
#4779 = DIRECTION('',(0.,0.,1.));
#4780 = DIRECTION('',(1.,0.,-0.));
#4781 = ORIENTED_EDGE('',*,*,#3527,.T.);
#4782 = ORIENTED_EDGE('',*,*,#3577,.F.);
#4783 = ORIENTED_EDGE('',*,*,#4784,.T.);
#4784 = EDGE_CURVE('',#3570,#4767,#4785,.T.);
#4785 = LINE('',#4786,#4787);
#4786 = CARTESIAN_POINT('',(28.194444444444,101.,55.));
#4787 = VECTOR('',#4788,1.);
#4788 = DIRECTION('',(-1.,-0.,0.));
#4789 = PLANE('',#4790);
#4790 = AXIS2_PLACEMENT_3D('',#4791,#4792,#4793);
#4791 = CARTESIAN_POINT('',(56.388888888889,89.5,55.));
#4792 = DIRECTION('',(0.,0.,1.));
#4793 = DIRECTION('',(1.,0.,-0.));
#4794 = ADVANCED_FACE('',(#4795),#4880,.T.);
#4795 = FACE_BOUND('',#4796,.T.);
#4796 = EDGE_LOOP('',(#4797,#4798,#4799,#4805,#4806,#4807,#4808,#4817,
    #4825,#4833,#4841,#4849,#4857,#4865,#4873));
#4797 = ORIENTED_EDGE('',*,*,#4423,.F.);
#4798 = ORIENTED_EDGE('',*,*,#4522,.F.);
#4799 = ORIENTED_EDGE('',*,*,#4800,.T.);
#4800 = EDGE_CURVE('',#4515,#3560,#4801,.T.);
#4801 = LINE('',#4802,#4803);
#4802 = CARTESIAN_POINT('',(0.,101.,78.));
#4803 = VECTOR('',#4804,1.);
#4804 = DIRECTION('',(1.,0.,-0.));
#4805 = ORIENTED_EDGE('',*,*,#3559,.T.);
#4806 = ORIENTED_EDGE('',*,*,#4495,.T.);
#4807 = ORIENTED_EDGE('',*,*,#4471,.F.);
#4808 = ORIENTED_EDGE('',*,*,#4809,.T.);
#4809 = EDGE_CURVE('',#4464,#4810,#4812,.T.);
#4810 = VERTEX_POINT('',#4811);
#4811 = CARTESIAN_POINT('',(49.,157.,78.));
#4812 = CIRCLE('',#4813,2.);
#4813 = AXIS2_PLACEMENT_3D('',#4814,#4815,#4816);
#4814 = CARTESIAN_POINT('',(51.,157.,78.));
#4815 = DIRECTION('',(0.,-0.,1.));
#4816 = DIRECTION('',(0.,1.,0.));
#4817 = ORIENTED_EDGE('',*,*,#4818,.F.);
#4818 = EDGE_CURVE('',#4819,#4810,#4821,.T.);
#4819 = VERTEX_POINT('',#4820);
#4820 = CARTESIAN_POINT('',(49.,156.6,78.));
#4821 = LINE('',#4822,#4823);
#4822 = CARTESIAN_POINT('',(49.,127.3,78.));
#4823 = VECTOR('',#4824,1.);
#4824 = DIRECTION('',(-0.,1.,0.));
#4825 = ORIENTED_EDGE('',*,*,#4826,.F.);
#4826 = EDGE_CURVE('',#4827,#4819,#4829,.T.);
#4827 = VERTEX_POINT('',#4828);
#4828 = CARTESIAN_POINT('',(55.6,156.6,78.));
#4829 = LINE('',#4830,#4831);
#4830 = CARTESIAN_POINT('',(1.2,156.6,78.));
#4831 = VECTOR('',#4832,1.);
#4832 = DIRECTION('',(-1.,-0.,0.));
#4833 = ORIENTED_EDGE('',*,*,#4834,.F.);
#4834 = EDGE_CURVE('',#4835,#4827,#4837,.T.);
#4835 = VERTEX_POINT('',#4836);
#4836 = CARTESIAN_POINT('',(55.6,103.4,78.));
#4837 = LINE('',#4838,#4839);
#4838 = CARTESIAN_POINT('',(55.6,102.2,78.));
#4839 = VECTOR('',#4840,1.);
#4840 = DIRECTION('',(-0.,1.,0.));
#4841 = ORIENTED_EDGE('',*,*,#4842,.T.);
#4842 = EDGE_CURVE('',#4835,#4843,#4845,.T.);
#4843 = VERTEX_POINT('',#4844);
#4844 = CARTESIAN_POINT('',(2.4,103.4,78.));
#4845 = LINE('',#4846,#4847);
#4846 = CARTESIAN_POINT('',(1.2,103.4,78.));
#4847 = VECTOR('',#4848,1.);
#4848 = DIRECTION('',(-1.,-0.,0.));
#4849 = ORIENTED_EDGE('',*,*,#4850,.T.);
#4850 = EDGE_CURVE('',#4843,#4851,#4853,.T.);
#4851 = VERTEX_POINT('',#4852);
#4852 = CARTESIAN_POINT('',(2.4,156.6,78.));
#4853 = LINE('',#4854,#4855);
#4854 = CARTESIAN_POINT('',(2.4,102.2,78.));
#4855 = VECTOR('',#4856,1.);
#4856 = DIRECTION('',(-0.,1.,0.));
#4857 = ORIENTED_EDGE('',*,*,#4858,.F.);
#4858 = EDGE_CURVE('',#4859,#4851,#4861,.T.);
#4859 = VERTEX_POINT('',#4860);
#4860 = CARTESIAN_POINT('',(9.,156.6,78.));
#4861 = LINE('',#4862,#4863);
#4862 = CARTESIAN_POINT('',(1.2,156.6,78.));
#4863 = VECTOR('',#4864,1.);
#4864 = DIRECTION('',(-1.,-0.,0.));
#4865 = ORIENTED_EDGE('',*,*,#4866,.T.);
#4866 = EDGE_CURVE('',#4859,#4867,#4869,.T.);
#4867 = VERTEX_POINT('',#4868);
#4868 = CARTESIAN_POINT('',(9.,157.,78.));
#4869 = LINE('',#4870,#4871);
#4870 = CARTESIAN_POINT('',(9.,127.3,78.));
#4871 = VECTOR('',#4872,1.);
#4872 = DIRECTION('',(-0.,1.,0.));
#4873 = ORIENTED_EDGE('',*,*,#4874,.F.);
#4874 = EDGE_CURVE('',#4424,#4867,#4875,.T.);
#4875 = CIRCLE('',#4876,2.);
#4876 = AXIS2_PLACEMENT_3D('',#4877,#4878,#4879);
#4877 = CARTESIAN_POINT('',(7.,157.,78.));
#4878 = DIRECTION('',(-0.,0.,-1.));
#4879 = DIRECTION('',(0.,1.,0.));
#4880 = PLANE('',#4881);
#4881 = AXIS2_PLACEMENT_3D('',#4882,#4883,#4884);
#4882 = CARTESIAN_POINT('',(0.,101.,78.));
#4883 = DIRECTION('',(0.,0.,1.));
#4884 = DIRECTION('',(1.,0.,-0.));
#4885 = ADVANCED_FACE('',(#4886),#4994,.F.);
#4886 = FACE_BOUND('',#4887,.F.);
#4887 = EDGE_LOOP('',(#4888,#4896,#4897,#4898,#4899,#4900,#4908,#4916,
    #4924,#4932,#4940,#4948,#4956,#4964,#4972,#4980,#4988));
#4888 = ORIENTED_EDGE('',*,*,#4889,.F.);
#4889 = EDGE_CURVE('',#4644,#4890,#4892,.T.);
#4890 = VERTEX_POINT('',#4891);
#4891 = CARTESIAN_POINT('',(6.378798292211,101.,5.));
#4892 = LINE('',#4893,#4894);
#4893 = CARTESIAN_POINT('',(0.,101.,5.));
#4894 = VECTOR('',#4895,1.);
#4895 = DIRECTION('',(1.,0.,-0.));
#4896 = ORIENTED_EDGE('',*,*,#4643,.T.);
#4897 = ORIENTED_EDGE('',*,*,#4800,.T.);
#4898 = ORIENTED_EDGE('',*,*,#3569,.F.);
#4899 = ORIENTED_EDGE('',*,*,#4784,.T.);
#4900 = ORIENTED_EDGE('',*,*,#4901,.T.);
#4901 = EDGE_CURVE('',#4767,#4902,#4904,.T.);
#4902 = VERTEX_POINT('',#4903);
#4903 = CARTESIAN_POINT('',(51.489909403323,101.,55.));
#4904 = LINE('',#4905,#4906);
#4905 = CARTESIAN_POINT('',(28.194444444444,101.,55.));
#4906 = VECTOR('',#4907,1.);
#4907 = DIRECTION('',(-1.,-0.,0.));
#4908 = ORIENTED_EDGE('',*,*,#4909,.F.);
#4909 = EDGE_CURVE('',#4910,#4902,#4912,.T.);
#4910 = VERTEX_POINT('',#4911);
#4911 = CARTESIAN_POINT('',(51.489909403322,101.,5.));
#4912 = LINE('',#4913,#4914);
#4913 = CARTESIAN_POINT('',(51.489909403323,101.,5.));
#4914 = VECTOR('',#4915,1.);
#4915 = DIRECTION('',(0.,0.,1.));
#4916 = ORIENTED_EDGE('',*,*,#4917,.F.);
#4917 = EDGE_CURVE('',#4918,#4910,#4920,.T.);
#4918 = VERTEX_POINT('',#4919);
#4919 = CARTESIAN_POINT('',(38.7323128189,101.,5.));
#4920 = LINE('',#4921,#4922);
#4921 = CARTESIAN_POINT('',(0.,101.,5.));
#4922 = VECTOR('',#4923,1.);
#4923 = DIRECTION('',(1.,0.,-0.));
#4924 = ORIENTED_EDGE('',*,*,#4925,.T.);
#4925 = EDGE_CURVE('',#4918,#4926,#4928,.T.);
#4926 = VERTEX_POINT('',#4927);
#4927 = CARTESIAN_POINT('',(38.7323128189,101.,55.));
#4928 = LINE('',#4929,#4930);
#4929 = CARTESIAN_POINT('',(38.7323128189,101.,5.));
#4930 = VECTOR('',#4931,1.);
#4931 = DIRECTION('',(0.,0.,1.));
#4932 = ORIENTED_EDGE('',*,*,#4933,.T.);
#4933 = EDGE_CURVE('',#4926,#4934,#4936,.T.);
#4934 = VERTEX_POINT('',#4935);
#4935 = CARTESIAN_POINT('',(33.833333333334,101.,55.));
#4936 = LINE('',#4937,#4938);
#4937 = CARTESIAN_POINT('',(16.916666666667,101.,55.));
#4938 = VECTOR('',#4939,1.);
#4939 = DIRECTION('',(-1.,-0.,0.));
#4940 = ORIENTED_EDGE('',*,*,#4941,.T.);
#4941 = EDGE_CURVE('',#4934,#4942,#4944,.T.);
#4942 = VERTEX_POINT('',#4943);
#4943 = CARTESIAN_POINT('',(28.934353847767,101.,55.));
#4944 = LINE('',#4945,#4946);
#4945 = CARTESIAN_POINT('',(16.916666666667,101.,55.));
#4946 = VECTOR('',#4947,1.);
#4947 = DIRECTION('',(-1.,-0.,0.));
#4948 = ORIENTED_EDGE('',*,*,#4949,.F.);
#4949 = EDGE_CURVE('',#4950,#4942,#4952,.T.);
#4950 = VERTEX_POINT('',#4951);
#4951 = CARTESIAN_POINT('',(28.934353847767,101.,5.));
#4952 = LINE('',#4953,#4954);
#4953 = CARTESIAN_POINT('',(28.934353847767,101.,5.));
#4954 = VECTOR('',#4955,1.);
#4955 = DIRECTION('',(0.,0.,1.));
#4956 = ORIENTED_EDGE('',*,*,#4957,.F.);
#4957 = EDGE_CURVE('',#4958,#4950,#4960,.T.);
#4958 = VERTEX_POINT('',#4959);
#4959 = CARTESIAN_POINT('',(16.176757263344,101.,5.));
#4960 = LINE('',#4961,#4962);
#4961 = CARTESIAN_POINT('',(0.,101.,5.));
#4962 = VECTOR('',#4963,1.);
#4963 = DIRECTION('',(1.,0.,-0.));
#4964 = ORIENTED_EDGE('',*,*,#4965,.T.);
#4965 = EDGE_CURVE('',#4958,#4966,#4968,.T.);
#4966 = VERTEX_POINT('',#4967);
#4967 = CARTESIAN_POINT('',(16.176757263344,101.,55.));
#4968 = LINE('',#4969,#4970);
#4969 = CARTESIAN_POINT('',(16.176757263344,101.,5.));
#4970 = VECTOR('',#4971,1.);
#4971 = DIRECTION('',(0.,0.,1.));
#4972 = ORIENTED_EDGE('',*,*,#4973,.T.);
#4973 = EDGE_CURVE('',#4966,#4974,#4976,.T.);
#4974 = VERTEX_POINT('',#4975);
#4975 = CARTESIAN_POINT('',(11.277777777778,101.,55.));
#4976 = LINE('',#4977,#4978);
#4977 = CARTESIAN_POINT('',(5.638888888889,101.,55.));
#4978 = VECTOR('',#4979,1.);
#4979 = DIRECTION('',(-1.,-0.,0.));
#4980 = ORIENTED_EDGE('',*,*,#4981,.T.);
#4981 = EDGE_CURVE('',#4974,#4982,#4984,.T.);
#4982 = VERTEX_POINT('',#4983);
#4983 = CARTESIAN_POINT('',(6.378798292211,101.,55.));
#4984 = LINE('',#4985,#4986);
#4985 = CARTESIAN_POINT('',(5.638888888889,101.,55.));
#4986 = VECTOR('',#4987,1.);
#4987 = DIRECTION('',(-1.,-0.,0.));
#4988 = ORIENTED_EDGE('',*,*,#4989,.F.);
#4989 = EDGE_CURVE('',#4890,#4982,#4990,.T.);
#4990 = LINE('',#4991,#4992);
#4991 = CARTESIAN_POINT('',(6.378798292211,101.,5.));
#4992 = VECTOR('',#4993,1.);
#4993 = DIRECTION('',(0.,0.,1.));
#4994 = PLANE('',#4995);
#4995 = AXIS2_PLACEMENT_3D('',#4996,#4997,#4998);
#4996 = CARTESIAN_POINT('',(0.,101.,5.));
#4997 = DIRECTION('',(-0.,1.,0.));
#4998 = DIRECTION('',(0.,0.,1.));
#4999 = ADVANCED_FACE('',(#5000),#5028,.T.);
#5000 = FACE_BOUND('',#5001,.T.);
#5001 = EDGE_LOOP('',(#5002,#5011,#5020,#5027));
#5002 = ORIENTED_EDGE('',*,*,#5003,.F.);
#5003 = EDGE_CURVE('',#5004,#3528,#5006,.T.);
#5004 = VERTEX_POINT('',#5005);
#5005 = CARTESIAN_POINT('',(68.1986863711,93.596179125619,55.));
#5006 = CIRCLE('',#5007,12.5);
#5007 = AXIS2_PLACEMENT_3D('',#5008,#5009,#5010);
#5008 = CARTESIAN_POINT('',(56.388888888889,89.5,55.));
#5009 = DIRECTION('',(0.,0.,1.));
#5010 = DIRECTION('',(1.,0.,-0.));
#5011 = ORIENTED_EDGE('',*,*,#5012,.F.);
#5012 = EDGE_CURVE('',#5013,#5004,#5015,.T.);
#5013 = VERTEX_POINT('',#5014);
#5014 = CARTESIAN_POINT('',(89.690202517789,93.596179125619,55.));
#5015 = CIRCLE('',#5016,11.5);
#5016 = AXIS2_PLACEMENT_3D('',#5017,#5018,#5019);
#5017 = CARTESIAN_POINT('',(78.944444444444,89.5,55.));
#5018 = DIRECTION('',(0.,0.,1.));
#5019 = DIRECTION('',(1.,0.,-0.));
#5020 = ORIENTED_EDGE('',*,*,#5021,.F.);
#5021 = EDGE_CURVE('',#3056,#5013,#5022,.T.);
#5022 = CIRCLE('',#5023,12.5);
#5023 = AXIS2_PLACEMENT_3D('',#5024,#5025,#5026);
#5024 = CARTESIAN_POINT('',(101.5,89.5,55.));
#5025 = DIRECTION('',(0.,0.,1.));
#5026 = DIRECTION('',(1.,0.,-0.));
#5027 = ORIENTED_EDGE('',*,*,#3618,.T.);
#5028 = PLANE('',#5029);
#5029 = AXIS2_PLACEMENT_3D('',#5030,#5031,#5032);
#5030 = CARTESIAN_POINT('',(78.944444444444,89.5,55.));
#5031 = DIRECTION('',(0.,0.,1.));
#5032 = DIRECTION('',(1.,0.,-0.));
#5033 = ADVANCED_FACE('',(#5034),#5084,.F.);
#5034 = FACE_BOUND('',#5035,.F.);
#5035 = EDGE_LOOP('',(#5036,#5037,#5045,#5054,#5061,#5062,#5063,#5064,
    #5065,#5066,#5067,#5076,#5083));
#5036 = ORIENTED_EDGE('',*,*,#3662,.T.);
#5037 = ORIENTED_EDGE('',*,*,#5038,.T.);
#5038 = EDGE_CURVE('',#3663,#5039,#5041,.T.);
#5039 = VERTEX_POINT('',#5040);
#5040 = CARTESIAN_POINT('',(-67.66666666666,89.5,54.777777777778));
#5041 = LINE('',#5042,#5043);
#5042 = CARTESIAN_POINT('',(-68.94444444444,89.5,53.5));
#5043 = VECTOR('',#5044,1.);
#5044 = DIRECTION('',(0.707106781187,-1.731912112471E-16,0.707106781187)
  );
#5045 = ORIENTED_EDGE('',*,*,#5046,.F.);
#5046 = EDGE_CURVE('',#5047,#5039,#5049,.T.);
#5047 = VERTEX_POINT('',#5048);
#5048 = CARTESIAN_POINT('',(-67.66666666666,87.250171474299,55.));
#5049 = HYPERBOLA('',#5050,11.277777777778,11.277777777778);
#5050 = AXIS2_PLACEMENT_3D('',#5051,#5052,#5053);
#5051 = CARTESIAN_POINT('',(-67.66666666666,89.5,43.5));
#5052 = DIRECTION('',(-1.,0.,0.));
#5053 = DIRECTION('',(0.,0.,1.));
#5054 = ORIENTED_EDGE('',*,*,#5055,.F.);
#5055 = EDGE_CURVE('',#3993,#5047,#5056,.T.);
#5056 = CIRCLE('',#5057,11.5);
#5057 = AXIS2_PLACEMENT_3D('',#5058,#5059,#5060);
#5058 = CARTESIAN_POINT('',(-78.94444444444,89.5,55.));
#5059 = DIRECTION('',(0.,0.,1.));
#5060 = DIRECTION('',(1.,0.,-0.));
#5061 = ORIENTED_EDGE('',*,*,#4001,.F.);
#5062 = ORIENTED_EDGE('',*,*,#3975,.F.);
#5063 = ORIENTED_EDGE('',*,*,#3930,.T.);
#5064 = ORIENTED_EDGE('',*,*,#3948,.T.);
#5065 = ORIENTED_EDGE('',*,*,#3896,.F.);
#5066 = ORIENTED_EDGE('',*,*,#4017,.F.);
#5067 = ORIENTED_EDGE('',*,*,#5068,.F.);
#5068 = EDGE_CURVE('',#5069,#4018,#5071,.T.);
#5069 = VERTEX_POINT('',#5070);
#5070 = CARTESIAN_POINT('',(-67.66666666666,91.749828525701,55.));
#5071 = CIRCLE('',#5072,11.5);
#5072 = AXIS2_PLACEMENT_3D('',#5073,#5074,#5075);
#5073 = CARTESIAN_POINT('',(-78.94444444444,89.5,55.));
#5074 = DIRECTION('',(0.,0.,1.));
#5075 = DIRECTION('',(1.,0.,-0.));
#5076 = ORIENTED_EDGE('',*,*,#5077,.F.);
#5077 = EDGE_CURVE('',#5039,#5069,#5078,.T.);
#5078 = HYPERBOLA('',#5079,11.277777777778,11.277777777778);
#5079 = AXIS2_PLACEMENT_3D('',#5080,#5081,#5082);
#5080 = CARTESIAN_POINT('',(-67.66666666666,89.5,43.5));
#5081 = DIRECTION('',(-1.,0.,0.));
#5082 = DIRECTION('',(0.,0.,1.));
#5083 = ORIENTED_EDGE('',*,*,#5038,.F.);
#5084 = CONICAL_SURFACE('',#5085,10.,0.785398163397);
#5085 = AXIS2_PLACEMENT_3D('',#5086,#5087,#5088);
#5086 = CARTESIAN_POINT('',(-78.94444444444,89.5,53.5));
#5087 = DIRECTION('',(0.,0.,1.));
#5088 = DIRECTION('',(1.,0.,-0.));
#5089 = ADVANCED_FACE('',(#5090),#5161,.F.);
#5090 = FACE_BOUND('',#5091,.F.);
#5091 = EDGE_LOOP('',(#5092,#5093,#5101,#5110,#5117,#5118,#5125,#5126,
    #5127,#5134,#5135,#5144,#5153,#5160));
#5092 = ORIENTED_EDGE('',*,*,#3687,.T.);
#5093 = ORIENTED_EDGE('',*,*,#5094,.T.);
#5094 = EDGE_CURVE('',#3688,#5095,#5097,.T.);
#5095 = VERTEX_POINT('',#5096);
#5096 = CARTESIAN_POINT('',(-45.11111111111,89.5,54.777777777778));
#5097 = LINE('',#5098,#5099);
#5098 = CARTESIAN_POINT('',(-46.38888888888,89.5,53.5));
#5099 = VECTOR('',#5100,1.);
#5100 = DIRECTION('',(0.707106781187,-1.731912112471E-16,0.707106781187)
  );
#5101 = ORIENTED_EDGE('',*,*,#5102,.F.);
#5102 = EDGE_CURVE('',#5103,#5095,#5105,.T.);
#5103 = VERTEX_POINT('',#5104);
#5104 = CARTESIAN_POINT('',(-45.11111111111,87.250171474299,55.));
#5105 = HYPERBOLA('',#5106,11.277777777778,11.277777777778);
#5106 = AXIS2_PLACEMENT_3D('',#5107,#5108,#5109);
#5107 = CARTESIAN_POINT('',(-45.11111111111,89.5,43.5));
#5108 = DIRECTION('',(-1.,0.,0.));
#5109 = DIRECTION('',(0.,0.,1.));
#5110 = ORIENTED_EDGE('',*,*,#5111,.F.);
#5111 = EDGE_CURVE('',#4097,#5103,#5112,.T.);
#5112 = CIRCLE('',#5113,11.5);
#5113 = AXIS2_PLACEMENT_3D('',#5114,#5115,#5116);
#5114 = CARTESIAN_POINT('',(-56.38888888888,89.5,55.));
#5115 = DIRECTION('',(0.,0.,1.));
#5116 = DIRECTION('',(1.,0.,-0.));
#5117 = ORIENTED_EDGE('',*,*,#4105,.F.);
#5118 = ORIENTED_EDGE('',*,*,#5119,.F.);
#5119 = EDGE_CURVE('',#5047,#4087,#5120,.T.);
#5120 = CIRCLE('',#5121,11.5);
#5121 = AXIS2_PLACEMENT_3D('',#5122,#5123,#5124);
#5122 = CARTESIAN_POINT('',(-56.38888888888,89.5,55.));
#5123 = DIRECTION('',(0.,0.,1.));
#5124 = DIRECTION('',(1.,0.,-0.));
#5125 = ORIENTED_EDGE('',*,*,#5046,.T.);
#5126 = ORIENTED_EDGE('',*,*,#5077,.T.);
#5127 = ORIENTED_EDGE('',*,*,#5128,.F.);
#5128 = EDGE_CURVE('',#4738,#5069,#5129,.T.);
#5129 = CIRCLE('',#5130,11.5);
#5130 = AXIS2_PLACEMENT_3D('',#5131,#5132,#5133);
#5131 = CARTESIAN_POINT('',(-56.38888888888,89.5,55.));
#5132 = DIRECTION('',(0.,0.,1.));
#5133 = DIRECTION('',(1.,0.,-0.));
#5134 = ORIENTED_EDGE('',*,*,#4746,.F.);
#5135 = ORIENTED_EDGE('',*,*,#5136,.F.);
#5136 = EDGE_CURVE('',#5137,#4628,#5139,.T.);
#5137 = VERTEX_POINT('',#5138);
#5138 = CARTESIAN_POINT('',(-45.64313081554,93.596179125619,55.));
#5139 = CIRCLE('',#5140,11.5);
#5140 = AXIS2_PLACEMENT_3D('',#5141,#5142,#5143);
#5141 = CARTESIAN_POINT('',(-56.38888888888,89.5,55.));
#5142 = DIRECTION('',(0.,0.,1.));
#5143 = DIRECTION('',(1.,0.,-0.));
#5144 = ORIENTED_EDGE('',*,*,#5145,.F.);
#5145 = EDGE_CURVE('',#5146,#5137,#5148,.T.);
#5146 = VERTEX_POINT('',#5147);
#5147 = CARTESIAN_POINT('',(-45.11111111111,91.749828525701,55.));
#5148 = CIRCLE('',#5149,11.5);
#5149 = AXIS2_PLACEMENT_3D('',#5150,#5151,#5152);
#5150 = CARTESIAN_POINT('',(-56.38888888888,89.5,55.));
#5151 = DIRECTION('',(0.,0.,1.));
#5152 = DIRECTION('',(1.,0.,-0.));
#5153 = ORIENTED_EDGE('',*,*,#5154,.F.);
#5154 = EDGE_CURVE('',#5095,#5146,#5155,.T.);
#5155 = HYPERBOLA('',#5156,11.277777777778,11.277777777778);
#5156 = AXIS2_PLACEMENT_3D('',#5157,#5158,#5159);
#5157 = CARTESIAN_POINT('',(-45.11111111111,89.5,43.5));
#5158 = DIRECTION('',(-1.,0.,0.));
#5159 = DIRECTION('',(0.,0.,1.));
#5160 = ORIENTED_EDGE('',*,*,#5094,.F.);
#5161 = CONICAL_SURFACE('',#5162,10.,0.785398163397);
#5162 = AXIS2_PLACEMENT_3D('',#5163,#5164,#5165);
#5163 = CARTESIAN_POINT('',(-56.38888888888,89.5,53.5));
#5164 = DIRECTION('',(0.,0.,1.));
#5165 = DIRECTION('',(1.,0.,-0.));
#5166 = ADVANCED_FACE('',(#5167),#5246,.F.);
#5167 = FACE_BOUND('',#5168,.F.);
#5168 = EDGE_LOOP('',(#5169,#5170,#5178,#5187,#5194,#5195,#5202,#5203,
    #5204,#5213,#5220,#5229,#5238,#5245));
#5169 = ORIENTED_EDGE('',*,*,#3712,.T.);
#5170 = ORIENTED_EDGE('',*,*,#5171,.T.);
#5171 = EDGE_CURVE('',#3713,#5172,#5174,.T.);
#5172 = VERTEX_POINT('',#5173);
#5173 = CARTESIAN_POINT('',(-22.55555555555,89.5,54.777777777778));
#5174 = LINE('',#5175,#5176);
#5175 = CARTESIAN_POINT('',(-23.83333333333,89.5,53.5));
#5176 = VECTOR('',#5177,1.);
#5177 = DIRECTION('',(0.707106781187,-1.731912112471E-16,0.707106781187)
  );
#5178 = ORIENTED_EDGE('',*,*,#5179,.F.);
#5179 = EDGE_CURVE('',#5180,#5172,#5182,.T.);
#5180 = VERTEX_POINT('',#5181);
#5181 = CARTESIAN_POINT('',(-22.55555555555,87.250171474299,55.));
#5182 = HYPERBOLA('',#5183,11.277777777778,11.277777777778);
#5183 = AXIS2_PLACEMENT_3D('',#5184,#5185,#5186);
#5184 = CARTESIAN_POINT('',(-22.55555555555,89.5,43.5));
#5185 = DIRECTION('',(-1.,0.,0.));
#5186 = DIRECTION('',(0.,0.,1.));
#5187 = ORIENTED_EDGE('',*,*,#5188,.F.);
#5188 = EDGE_CURVE('',#4131,#5180,#5189,.T.);
#5189 = CIRCLE('',#5190,11.5);
#5190 = AXIS2_PLACEMENT_3D('',#5191,#5192,#5193);
#5191 = CARTESIAN_POINT('',(-33.83333333333,89.5,55.));
#5192 = DIRECTION('',(0.,0.,1.));
#5193 = DIRECTION('',(1.,0.,-0.));
#5194 = ORIENTED_EDGE('',*,*,#4139,.F.);
#5195 = ORIENTED_EDGE('',*,*,#5196,.F.);
#5196 = EDGE_CURVE('',#5103,#4121,#5197,.T.);
#5197 = CIRCLE('',#5198,11.5);
#5198 = AXIS2_PLACEMENT_3D('',#5199,#5200,#5201);
#5199 = CARTESIAN_POINT('',(-33.83333333333,89.5,55.));
#5200 = DIRECTION('',(0.,0.,1.));
#5201 = DIRECTION('',(1.,0.,-0.));
#5202 = ORIENTED_EDGE('',*,*,#5102,.T.);
#5203 = ORIENTED_EDGE('',*,*,#5154,.T.);
#5204 = ORIENTED_EDGE('',*,*,#5205,.F.);
#5205 = EDGE_CURVE('',#5206,#5146,#5208,.T.);
#5206 = VERTEX_POINT('',#5207);
#5207 = CARTESIAN_POINT('',(-44.57909140667,93.596179125619,55.));
#5208 = CIRCLE('',#5209,11.5);
#5209 = AXIS2_PLACEMENT_3D('',#5210,#5211,#5212);
#5210 = CARTESIAN_POINT('',(-33.83333333333,89.5,55.));
#5211 = DIRECTION('',(0.,0.,1.));
#5212 = DIRECTION('',(1.,0.,-0.));
#5213 = ORIENTED_EDGE('',*,*,#5214,.F.);
#5214 = EDGE_CURVE('',#4708,#5206,#5215,.T.);
#5215 = CIRCLE('',#5216,11.5);
#5216 = AXIS2_PLACEMENT_3D('',#5217,#5218,#5219);
#5217 = CARTESIAN_POINT('',(-33.83333333333,89.5,55.));
#5218 = DIRECTION('',(0.,0.,1.));
#5219 = DIRECTION('',(1.,0.,-0.));
#5220 = ORIENTED_EDGE('',*,*,#5221,.F.);
#5221 = EDGE_CURVE('',#5222,#4708,#5224,.T.);
#5222 = VERTEX_POINT('',#5223);
#5223 = CARTESIAN_POINT('',(-23.08757525998,93.596179125619,55.));
#5224 = CIRCLE('',#5225,11.5);
#5225 = AXIS2_PLACEMENT_3D('',#5226,#5227,#5228);
#5226 = CARTESIAN_POINT('',(-33.83333333333,89.5,55.));
#5227 = DIRECTION('',(0.,0.,1.));
#5228 = DIRECTION('',(1.,0.,-0.));
#5229 = ORIENTED_EDGE('',*,*,#5230,.F.);
#5230 = EDGE_CURVE('',#5231,#5222,#5233,.T.);
#5231 = VERTEX_POINT('',#5232);
#5232 = CARTESIAN_POINT('',(-22.55555555555,91.749828525701,55.));
#5233 = CIRCLE('',#5234,11.5);
#5234 = AXIS2_PLACEMENT_3D('',#5235,#5236,#5237);
#5235 = CARTESIAN_POINT('',(-33.83333333333,89.5,55.));
#5236 = DIRECTION('',(0.,0.,1.));
#5237 = DIRECTION('',(1.,0.,-0.));
#5238 = ORIENTED_EDGE('',*,*,#5239,.F.);
#5239 = EDGE_CURVE('',#5172,#5231,#5240,.T.);
#5240 = HYPERBOLA('',#5241,11.277777777778,11.277777777778);
#5241 = AXIS2_PLACEMENT_3D('',#5242,#5243,#5244);
#5242 = CARTESIAN_POINT('',(-22.55555555555,89.5,43.5));
#5243 = DIRECTION('',(-1.,0.,0.));
#5244 = DIRECTION('',(0.,0.,1.));
#5245 = ORIENTED_EDGE('',*,*,#5171,.F.);
#5246 = CONICAL_SURFACE('',#5247,10.,0.785398163397);
#5247 = AXIS2_PLACEMENT_3D('',#5248,#5249,#5250);
#5248 = CARTESIAN_POINT('',(-33.83333333333,89.5,53.5));
#5249 = DIRECTION('',(0.,0.,1.));
#5250 = DIRECTION('',(1.,0.,-0.));
#5251 = ADVANCED_FACE('',(#5252),#5331,.F.);
#5252 = FACE_BOUND('',#5253,.F.);
#5253 = EDGE_LOOP('',(#5254,#5255,#5263,#5272,#5279,#5280,#5287,#5288,
    #5289,#5298,#5305,#5314,#5323,#5330));
#5254 = ORIENTED_EDGE('',*,*,#3737,.T.);
#5255 = ORIENTED_EDGE('',*,*,#5256,.T.);
#5256 = EDGE_CURVE('',#3738,#5257,#5259,.T.);
#5257 = VERTEX_POINT('',#5258);
#5258 = CARTESIAN_POINT('',(8.674518175066E-15,89.5,54.777777777778));
#5259 = LINE('',#5260,#5261);
#5260 = CARTESIAN_POINT('',(-1.277777777778,89.5,53.5));
#5261 = VECTOR('',#5262,1.);
#5262 = DIRECTION('',(0.707106781187,-1.731912112471E-16,0.707106781187)
  );
#5263 = ORIENTED_EDGE('',*,*,#5264,.F.);
#5264 = EDGE_CURVE('',#5265,#5257,#5267,.T.);
#5265 = VERTEX_POINT('',#5266);
#5266 = CARTESIAN_POINT('',(1.7763568394E-15,87.250171474299,55.));
#5267 = HYPERBOLA('',#5268,11.277777777778,11.277777777778);
#5268 = AXIS2_PLACEMENT_3D('',#5269,#5270,#5271);
#5269 = CARTESIAN_POINT('',(7.105427357601E-15,89.5,43.5));
#5270 = DIRECTION('',(-1.,0.,4.648717098184E-17));
#5271 = DIRECTION('',(4.648717098184E-17,0.,1.));
#5272 = ORIENTED_EDGE('',*,*,#5273,.F.);
#5273 = EDGE_CURVE('',#4165,#5265,#5274,.T.);
#5274 = CIRCLE('',#5275,11.5);
#5275 = AXIS2_PLACEMENT_3D('',#5276,#5277,#5278);
#5276 = CARTESIAN_POINT('',(-11.27777777777,89.5,55.));
#5277 = DIRECTION('',(0.,0.,1.));
#5278 = DIRECTION('',(1.,0.,-0.));
#5279 = ORIENTED_EDGE('',*,*,#4173,.F.);
#5280 = ORIENTED_EDGE('',*,*,#5281,.F.);
#5281 = EDGE_CURVE('',#5180,#4155,#5282,.T.);
#5282 = CIRCLE('',#5283,11.5);
#5283 = AXIS2_PLACEMENT_3D('',#5284,#5285,#5286);
#5284 = CARTESIAN_POINT('',(-11.27777777777,89.5,55.));
#5285 = DIRECTION('',(0.,0.,1.));
#5286 = DIRECTION('',(1.,0.,-0.));
#5287 = ORIENTED_EDGE('',*,*,#5179,.T.);
#5288 = ORIENTED_EDGE('',*,*,#5239,.T.);
#5289 = ORIENTED_EDGE('',*,*,#5290,.F.);
#5290 = EDGE_CURVE('',#5291,#5231,#5293,.T.);
#5291 = VERTEX_POINT('',#5292);
#5292 = CARTESIAN_POINT('',(-22.02353585112,93.596179125619,55.));
#5293 = CIRCLE('',#5294,11.5);
#5294 = AXIS2_PLACEMENT_3D('',#5295,#5296,#5297);
#5295 = CARTESIAN_POINT('',(-11.27777777777,89.5,55.));
#5296 = DIRECTION('',(0.,0.,1.));
#5297 = DIRECTION('',(1.,0.,-0.));
#5298 = ORIENTED_EDGE('',*,*,#5299,.F.);
#5299 = EDGE_CURVE('',#4668,#5291,#5300,.T.);
#5300 = CIRCLE('',#5301,11.5);
#5301 = AXIS2_PLACEMENT_3D('',#5302,#5303,#5304);
#5302 = CARTESIAN_POINT('',(-11.27777777777,89.5,55.));
#5303 = DIRECTION('',(0.,0.,1.));
#5304 = DIRECTION('',(1.,0.,-0.));
#5305 = ORIENTED_EDGE('',*,*,#5306,.F.);
#5306 = EDGE_CURVE('',#5307,#4668,#5309,.T.);
#5307 = VERTEX_POINT('',#5308);
#5308 = CARTESIAN_POINT('',(-0.532019704433,93.596179125619,55.));
#5309 = CIRCLE('',#5310,11.5);
#5310 = AXIS2_PLACEMENT_3D('',#5311,#5312,#5313);
#5311 = CARTESIAN_POINT('',(-11.27777777777,89.5,55.));
#5312 = DIRECTION('',(0.,0.,1.));
#5313 = DIRECTION('',(1.,0.,-0.));
#5314 = ORIENTED_EDGE('',*,*,#5315,.F.);
#5315 = EDGE_CURVE('',#5316,#5307,#5318,.T.);
#5316 = VERTEX_POINT('',#5317);
#5317 = CARTESIAN_POINT('',(4.440892098501E-15,91.749828525701,55.));
#5318 = CIRCLE('',#5319,11.5);
#5319 = AXIS2_PLACEMENT_3D('',#5320,#5321,#5322);
#5320 = CARTESIAN_POINT('',(-11.27777777777,89.5,55.));
#5321 = DIRECTION('',(0.,0.,1.));
#5322 = DIRECTION('',(1.,0.,-0.));
#5323 = ORIENTED_EDGE('',*,*,#5324,.F.);
#5324 = EDGE_CURVE('',#5257,#5316,#5325,.T.);
#5325 = HYPERBOLA('',#5326,11.277777777778,11.277777777778);
#5326 = AXIS2_PLACEMENT_3D('',#5327,#5328,#5329);
#5327 = CARTESIAN_POINT('',(7.105427357601E-15,89.5,43.5));
#5328 = DIRECTION('',(-1.,0.,4.648717098184E-17));
#5329 = DIRECTION('',(4.648717098184E-17,0.,1.));
#5330 = ORIENTED_EDGE('',*,*,#5256,.F.);
#5331 = CONICAL_SURFACE('',#5332,10.,0.785398163397);
#5332 = AXIS2_PLACEMENT_3D('',#5333,#5334,#5335);
#5333 = CARTESIAN_POINT('',(-11.27777777777,89.5,53.5));
#5334 = DIRECTION('',(0.,0.,1.));
#5335 = DIRECTION('',(1.,0.,-0.));
#5336 = ADVANCED_FACE('',(#5337),#5416,.F.);
#5337 = FACE_BOUND('',#5338,.F.);
#5338 = EDGE_LOOP('',(#5339,#5340,#5348,#5357,#5364,#5365,#5372,#5373,
    #5374,#5383,#5390,#5399,#5408,#5415));
#5339 = ORIENTED_EDGE('',*,*,#3762,.T.);
#5340 = ORIENTED_EDGE('',*,*,#5341,.T.);
#5341 = EDGE_CURVE('',#3763,#5342,#5344,.T.);
#5342 = VERTEX_POINT('',#5343);
#5343 = CARTESIAN_POINT('',(22.555555555556,89.5,54.777777777778));
#5344 = LINE('',#5345,#5346);
#5345 = CARTESIAN_POINT('',(21.277777777778,89.5,53.5));
#5346 = VECTOR('',#5347,1.);
#5347 = DIRECTION('',(0.707106781187,-1.731912112471E-16,0.707106781187)
  );
#5348 = ORIENTED_EDGE('',*,*,#5349,.F.);
#5349 = EDGE_CURVE('',#5350,#5342,#5352,.T.);
#5350 = VERTEX_POINT('',#5351);
#5351 = CARTESIAN_POINT('',(22.555555555556,87.250171474299,55.));
#5352 = HYPERBOLA('',#5353,11.277777777778,11.277777777778);
#5353 = AXIS2_PLACEMENT_3D('',#5354,#5355,#5356);
#5354 = CARTESIAN_POINT('',(22.555555555556,89.5,43.5));
#5355 = DIRECTION('',(-1.,0.,0.));
#5356 = DIRECTION('',(0.,0.,1.));
#5357 = ORIENTED_EDGE('',*,*,#5358,.F.);
#5358 = EDGE_CURVE('',#4199,#5350,#5359,.T.);
#5359 = CIRCLE('',#5360,11.5);
#5360 = AXIS2_PLACEMENT_3D('',#5361,#5362,#5363);
#5361 = CARTESIAN_POINT('',(11.277777777778,89.5,55.));
#5362 = DIRECTION('',(0.,0.,1.));
#5363 = DIRECTION('',(1.,0.,-0.));
#5364 = ORIENTED_EDGE('',*,*,#4207,.F.);
#5365 = ORIENTED_EDGE('',*,*,#5366,.F.);
#5366 = EDGE_CURVE('',#5265,#4189,#5367,.T.);
#5367 = CIRCLE('',#5368,11.5);
#5368 = AXIS2_PLACEMENT_3D('',#5369,#5370,#5371);
#5369 = CARTESIAN_POINT('',(11.277777777778,89.5,55.));
#5370 = DIRECTION('',(0.,0.,1.));
#5371 = DIRECTION('',(1.,0.,-0.));
#5372 = ORIENTED_EDGE('',*,*,#5264,.T.);
#5373 = ORIENTED_EDGE('',*,*,#5324,.T.);
#5374 = ORIENTED_EDGE('',*,*,#5375,.F.);
#5375 = EDGE_CURVE('',#5376,#5316,#5378,.T.);
#5376 = VERTEX_POINT('',#5377);
#5377 = CARTESIAN_POINT('',(0.532019704433,93.596179125619,55.));
#5378 = CIRCLE('',#5379,11.5);
#5379 = AXIS2_PLACEMENT_3D('',#5380,#5381,#5382);
#5380 = CARTESIAN_POINT('',(11.277777777778,89.5,55.));
#5381 = DIRECTION('',(0.,0.,1.));
#5382 = DIRECTION('',(1.,0.,-0.));
#5383 = ORIENTED_EDGE('',*,*,#5384,.F.);
#5384 = EDGE_CURVE('',#4974,#5376,#5385,.T.);
#5385 = CIRCLE('',#5386,11.5);
#5386 = AXIS2_PLACEMENT_3D('',#5387,#5388,#5389);
#5387 = CARTESIAN_POINT('',(11.277777777778,89.5,55.));
#5388 = DIRECTION('',(0.,0.,1.));
#5389 = DIRECTION('',(1.,0.,-0.));
#5390 = ORIENTED_EDGE('',*,*,#5391,.F.);
#5391 = EDGE_CURVE('',#5392,#4974,#5394,.T.);
#5392 = VERTEX_POINT('',#5393);
#5393 = CARTESIAN_POINT('',(22.023535851122,93.596179125619,55.));
#5394 = CIRCLE('',#5395,11.5);
#5395 = AXIS2_PLACEMENT_3D('',#5396,#5397,#5398);
#5396 = CARTESIAN_POINT('',(11.277777777778,89.5,55.));
#5397 = DIRECTION('',(0.,0.,1.));
#5398 = DIRECTION('',(1.,0.,-0.));
#5399 = ORIENTED_EDGE('',*,*,#5400,.F.);
#5400 = EDGE_CURVE('',#5401,#5392,#5403,.T.);
#5401 = VERTEX_POINT('',#5402);
#5402 = CARTESIAN_POINT('',(22.555555555556,91.749828525701,55.));
#5403 = CIRCLE('',#5404,11.5);
#5404 = AXIS2_PLACEMENT_3D('',#5405,#5406,#5407);
#5405 = CARTESIAN_POINT('',(11.277777777778,89.5,55.));
#5406 = DIRECTION('',(0.,0.,1.));
#5407 = DIRECTION('',(1.,0.,-0.));
#5408 = ORIENTED_EDGE('',*,*,#5409,.F.);
#5409 = EDGE_CURVE('',#5342,#5401,#5410,.T.);
#5410 = HYPERBOLA('',#5411,11.277777777778,11.277777777778);
#5411 = AXIS2_PLACEMENT_3D('',#5412,#5413,#5414);
#5412 = CARTESIAN_POINT('',(22.555555555556,89.5,43.5));
#5413 = DIRECTION('',(-1.,0.,0.));
#5414 = DIRECTION('',(0.,0.,1.));
#5415 = ORIENTED_EDGE('',*,*,#5341,.F.);
#5416 = CONICAL_SURFACE('',#5417,10.,0.785398163397);
#5417 = AXIS2_PLACEMENT_3D('',#5418,#5419,#5420);
#5418 = CARTESIAN_POINT('',(11.277777777778,89.5,53.5));
#5419 = DIRECTION('',(0.,0.,1.));
#5420 = DIRECTION('',(1.,0.,-0.));
#5421 = ADVANCED_FACE('',(#5422),#5501,.F.);
#5422 = FACE_BOUND('',#5423,.F.);
#5423 = EDGE_LOOP('',(#5424,#5425,#5433,#5442,#5449,#5450,#5457,#5458,
    #5459,#5468,#5475,#5484,#5493,#5500));
#5424 = ORIENTED_EDGE('',*,*,#3787,.T.);
#5425 = ORIENTED_EDGE('',*,*,#5426,.T.);
#5426 = EDGE_CURVE('',#3788,#5427,#5429,.T.);
#5427 = VERTEX_POINT('',#5428);
#5428 = CARTESIAN_POINT('',(45.111111111111,89.5,54.777777777778));
#5429 = LINE('',#5430,#5431);
#5430 = CARTESIAN_POINT('',(43.833333333333,89.5,53.5));
#5431 = VECTOR('',#5432,1.);
#5432 = DIRECTION('',(0.707106781187,-1.731912112471E-16,0.707106781187)
  );
#5433 = ORIENTED_EDGE('',*,*,#5434,.F.);
#5434 = EDGE_CURVE('',#5435,#5427,#5437,.T.);
#5435 = VERTEX_POINT('',#5436);
#5436 = CARTESIAN_POINT('',(45.111111111111,87.250171474299,55.));
#5437 = HYPERBOLA('',#5438,11.277777777778,11.277777777778);
#5438 = AXIS2_PLACEMENT_3D('',#5439,#5440,#5441);
#5439 = CARTESIAN_POINT('',(45.111111111111,89.5,43.5));
#5440 = DIRECTION('',(-1.,0.,0.));
#5441 = DIRECTION('',(0.,0.,1.));
#5442 = ORIENTED_EDGE('',*,*,#5443,.F.);
#5443 = EDGE_CURVE('',#4233,#5435,#5444,.T.);
#5444 = CIRCLE('',#5445,11.5);
#5445 = AXIS2_PLACEMENT_3D('',#5446,#5447,#5448);
#5446 = CARTESIAN_POINT('',(33.833333333333,89.5,55.));
#5447 = DIRECTION('',(0.,0.,1.));
#5448 = DIRECTION('',(1.,0.,-0.));
#5449 = ORIENTED_EDGE('',*,*,#4241,.F.);
#5450 = ORIENTED_EDGE('',*,*,#5451,.F.);
#5451 = EDGE_CURVE('',#5350,#4223,#5452,.T.);
#5452 = CIRCLE('',#5453,11.5);
#5453 = AXIS2_PLACEMENT_3D('',#5454,#5455,#5456);
#5454 = CARTESIAN_POINT('',(33.833333333333,89.5,55.));
#5455 = DIRECTION('',(0.,0.,1.));
#5456 = DIRECTION('',(1.,0.,-0.));
#5457 = ORIENTED_EDGE('',*,*,#5349,.T.);
#5458 = ORIENTED_EDGE('',*,*,#5409,.T.);
#5459 = ORIENTED_EDGE('',*,*,#5460,.F.);
#5460 = EDGE_CURVE('',#5461,#5401,#5463,.T.);
#5461 = VERTEX_POINT('',#5462);
#5462 = CARTESIAN_POINT('',(23.087575259989,93.596179125619,55.));
#5463 = CIRCLE('',#5464,11.5);
#5464 = AXIS2_PLACEMENT_3D('',#5465,#5466,#5467);
#5465 = CARTESIAN_POINT('',(33.833333333333,89.5,55.));
#5466 = DIRECTION('',(0.,0.,1.));
#5467 = DIRECTION('',(1.,0.,-0.));
#5468 = ORIENTED_EDGE('',*,*,#5469,.F.);
#5469 = EDGE_CURVE('',#4934,#5461,#5470,.T.);
#5470 = CIRCLE('',#5471,11.5);
#5471 = AXIS2_PLACEMENT_3D('',#5472,#5473,#5474);
#5472 = CARTESIAN_POINT('',(33.833333333333,89.5,55.));
#5473 = DIRECTION('',(0.,0.,1.));
#5474 = DIRECTION('',(1.,0.,-0.));
#5475 = ORIENTED_EDGE('',*,*,#5476,.F.);
#5476 = EDGE_CURVE('',#5477,#4934,#5479,.T.);
#5477 = VERTEX_POINT('',#5478);
#5478 = CARTESIAN_POINT('',(44.579091406678,93.596179125619,55.));
#5479 = CIRCLE('',#5480,11.5);
#5480 = AXIS2_PLACEMENT_3D('',#5481,#5482,#5483);
#5481 = CARTESIAN_POINT('',(33.833333333333,89.5,55.));
#5482 = DIRECTION('',(0.,0.,1.));
#5483 = DIRECTION('',(1.,0.,-0.));
#5484 = ORIENTED_EDGE('',*,*,#5485,.F.);
#5485 = EDGE_CURVE('',#5486,#5477,#5488,.T.);
#5486 = VERTEX_POINT('',#5487);
#5487 = CARTESIAN_POINT('',(45.111111111111,91.749828525701,55.));
#5488 = CIRCLE('',#5489,11.5);
#5489 = AXIS2_PLACEMENT_3D('',#5490,#5491,#5492);
#5490 = CARTESIAN_POINT('',(33.833333333333,89.5,55.));
#5491 = DIRECTION('',(0.,0.,1.));
#5492 = DIRECTION('',(1.,0.,-0.));
#5493 = ORIENTED_EDGE('',*,*,#5494,.F.);
#5494 = EDGE_CURVE('',#5427,#5486,#5495,.T.);
#5495 = HYPERBOLA('',#5496,11.277777777778,11.277777777778);
#5496 = AXIS2_PLACEMENT_3D('',#5497,#5498,#5499);
#5497 = CARTESIAN_POINT('',(45.111111111111,89.5,43.5));
#5498 = DIRECTION('',(-1.,0.,0.));
#5499 = DIRECTION('',(0.,0.,1.));
#5500 = ORIENTED_EDGE('',*,*,#5426,.F.);
#5501 = CONICAL_SURFACE('',#5502,10.,0.785398163397);
#5502 = AXIS2_PLACEMENT_3D('',#5503,#5504,#5505);
#5503 = CARTESIAN_POINT('',(33.833333333333,89.5,53.5));
#5504 = DIRECTION('',(0.,0.,1.));
#5505 = DIRECTION('',(1.,0.,-0.));
#5506 = ADVANCED_FACE('',(#5507),#5578,.F.);
#5507 = FACE_BOUND('',#5508,.F.);
#5508 = EDGE_LOOP('',(#5509,#5510,#5518,#5527,#5534,#5535,#5542,#5543,
    #5544,#5553,#5560,#5561,#5570,#5577));
#5509 = ORIENTED_EDGE('',*,*,#3812,.T.);
#5510 = ORIENTED_EDGE('',*,*,#5511,.T.);
#5511 = EDGE_CURVE('',#3813,#5512,#5514,.T.);
#5512 = VERTEX_POINT('',#5513);
#5513 = CARTESIAN_POINT('',(67.666666666667,89.5,54.777777777778));
#5514 = LINE('',#5515,#5516);
#5515 = CARTESIAN_POINT('',(66.388888888889,89.5,53.5));
#5516 = VECTOR('',#5517,1.);
#5517 = DIRECTION('',(0.707106781187,-1.731912112471E-16,0.707106781187)
  );
#5518 = ORIENTED_EDGE('',*,*,#5519,.F.);
#5519 = EDGE_CURVE('',#5520,#5512,#5522,.T.);
#5520 = VERTEX_POINT('',#5521);
#5521 = CARTESIAN_POINT('',(67.666666666667,87.250171474299,55.));
#5522 = HYPERBOLA('',#5523,11.277777777778,11.277777777778);
#5523 = AXIS2_PLACEMENT_3D('',#5524,#5525,#5526);
#5524 = CARTESIAN_POINT('',(67.666666666667,89.5,43.5));
#5525 = DIRECTION('',(-1.,0.,0.));
#5526 = DIRECTION('',(0.,0.,1.));
#5527 = ORIENTED_EDGE('',*,*,#5528,.F.);
#5528 = EDGE_CURVE('',#4267,#5520,#5529,.T.);
#5529 = CIRCLE('',#5530,11.5);
#5530 = AXIS2_PLACEMENT_3D('',#5531,#5532,#5533);
#5531 = CARTESIAN_POINT('',(56.388888888889,89.5,55.));
#5532 = DIRECTION('',(0.,0.,1.));
#5533 = DIRECTION('',(1.,0.,-0.));
#5534 = ORIENTED_EDGE('',*,*,#4275,.F.);
#5535 = ORIENTED_EDGE('',*,*,#5536,.F.);
#5536 = EDGE_CURVE('',#5435,#4257,#5537,.T.);
#5537 = CIRCLE('',#5538,11.5);
#5538 = AXIS2_PLACEMENT_3D('',#5539,#5540,#5541);
#5539 = CARTESIAN_POINT('',(56.388888888889,89.5,55.));
#5540 = DIRECTION('',(0.,0.,1.));
#5541 = DIRECTION('',(1.,0.,-0.));
#5542 = ORIENTED_EDGE('',*,*,#5434,.T.);
#5543 = ORIENTED_EDGE('',*,*,#5494,.T.);
#5544 = ORIENTED_EDGE('',*,*,#5545,.F.);
#5545 = EDGE_CURVE('',#5546,#5486,#5548,.T.);
#5546 = VERTEX_POINT('',#5547);
#5547 = CARTESIAN_POINT('',(45.643130815545,93.596179125619,55.));
#5548 = CIRCLE('',#5549,11.5);
#5549 = AXIS2_PLACEMENT_3D('',#5550,#5551,#5552);
#5550 = CARTESIAN_POINT('',(56.388888888889,89.5,55.));
#5551 = DIRECTION('',(0.,0.,1.));
#5552 = DIRECTION('',(1.,0.,-0.));
#5553 = ORIENTED_EDGE('',*,*,#5554,.F.);
#5554 = EDGE_CURVE('',#4767,#5546,#5555,.T.);
#5555 = CIRCLE('',#5556,11.5);
#5556 = AXIS2_PLACEMENT_3D('',#5557,#5558,#5559);
#5557 = CARTESIAN_POINT('',(56.388888888889,89.5,55.));
#5558 = DIRECTION('',(0.,0.,1.));
#5559 = DIRECTION('',(1.,0.,-0.));
#5560 = ORIENTED_EDGE('',*,*,#4764,.F.);
#5561 = ORIENTED_EDGE('',*,*,#5562,.F.);
#5562 = EDGE_CURVE('',#5563,#4765,#5565,.T.);
#5563 = VERTEX_POINT('',#5564);
#5564 = CARTESIAN_POINT('',(67.666666666667,91.749828525701,55.));
#5565 = CIRCLE('',#5566,11.5);
#5566 = AXIS2_PLACEMENT_3D('',#5567,#5568,#5569);
#5567 = CARTESIAN_POINT('',(56.388888888889,89.5,55.));
#5568 = DIRECTION('',(0.,0.,1.));
#5569 = DIRECTION('',(1.,0.,-0.));
#5570 = ORIENTED_EDGE('',*,*,#5571,.F.);
#5571 = EDGE_CURVE('',#5512,#5563,#5572,.T.);
#5572 = HYPERBOLA('',#5573,11.277777777778,11.277777777778);
#5573 = AXIS2_PLACEMENT_3D('',#5574,#5575,#5576);
#5574 = CARTESIAN_POINT('',(67.666666666667,89.5,43.5));
#5575 = DIRECTION('',(-1.,0.,0.));
#5576 = DIRECTION('',(0.,0.,1.));
#5577 = ORIENTED_EDGE('',*,*,#5511,.F.);
#5578 = CONICAL_SURFACE('',#5579,10.,0.785398163397);
#5579 = AXIS2_PLACEMENT_3D('',#5580,#5581,#5582);
#5580 = CARTESIAN_POINT('',(56.388888888889,89.5,53.5));
#5581 = DIRECTION('',(0.,0.,1.));
#5582 = DIRECTION('',(1.,0.,-0.));
#5583 = ADVANCED_FACE('',(#5584),#5646,.F.);
#5584 = FACE_BOUND('',#5585,.F.);
#5585 = EDGE_LOOP('',(#5586,#5587,#5595,#5604,#5611,#5612,#5619,#5620,
    #5621,#5628,#5629,#5638,#5645));
#5586 = ORIENTED_EDGE('',*,*,#3837,.T.);
#5587 = ORIENTED_EDGE('',*,*,#5588,.T.);
#5588 = EDGE_CURVE('',#3838,#5589,#5591,.T.);
#5589 = VERTEX_POINT('',#5590);
#5590 = CARTESIAN_POINT('',(90.222222222222,89.5,54.777777777778));
#5591 = LINE('',#5592,#5593);
#5592 = CARTESIAN_POINT('',(88.944444444444,89.5,53.5));
#5593 = VECTOR('',#5594,1.);
#5594 = DIRECTION('',(0.707106781187,-1.731912112471E-16,0.707106781187)
  );
#5595 = ORIENTED_EDGE('',*,*,#5596,.F.);
#5596 = EDGE_CURVE('',#5597,#5589,#5599,.T.);
#5597 = VERTEX_POINT('',#5598);
#5598 = CARTESIAN_POINT('',(90.222222222222,87.250171474299,55.));
#5599 = HYPERBOLA('',#5600,11.277777777778,11.277777777778);
#5600 = AXIS2_PLACEMENT_3D('',#5601,#5602,#5603);
#5601 = CARTESIAN_POINT('',(90.222222222222,89.5,43.5));
#5602 = DIRECTION('',(-1.,0.,0.));
#5603 = DIRECTION('',(0.,0.,1.));
#5604 = ORIENTED_EDGE('',*,*,#5605,.F.);
#5605 = EDGE_CURVE('',#4301,#5597,#5606,.T.);
#5606 = CIRCLE('',#5607,11.5);
#5607 = AXIS2_PLACEMENT_3D('',#5608,#5609,#5610);
#5608 = CARTESIAN_POINT('',(78.944444444444,89.5,55.));
#5609 = DIRECTION('',(0.,0.,1.));
#5610 = DIRECTION('',(1.,0.,-0.));
#5611 = ORIENTED_EDGE('',*,*,#4309,.F.);
#5612 = ORIENTED_EDGE('',*,*,#5613,.F.);
#5613 = EDGE_CURVE('',#5520,#4291,#5614,.T.);
#5614 = CIRCLE('',#5615,11.5);
#5615 = AXIS2_PLACEMENT_3D('',#5616,#5617,#5618);
#5616 = CARTESIAN_POINT('',(78.944444444444,89.5,55.));
#5617 = DIRECTION('',(0.,0.,1.));
#5618 = DIRECTION('',(1.,0.,-0.));
#5619 = ORIENTED_EDGE('',*,*,#5519,.T.);
#5620 = ORIENTED_EDGE('',*,*,#5571,.T.);
#5621 = ORIENTED_EDGE('',*,*,#5622,.F.);
#5622 = EDGE_CURVE('',#5004,#5563,#5623,.T.);
#5623 = CIRCLE('',#5624,11.5);
#5624 = AXIS2_PLACEMENT_3D('',#5625,#5626,#5627);
#5625 = CARTESIAN_POINT('',(78.944444444444,89.5,55.));
#5626 = DIRECTION('',(0.,0.,1.));
#5627 = DIRECTION('',(1.,0.,-0.));
#5628 = ORIENTED_EDGE('',*,*,#5012,.F.);
#5629 = ORIENTED_EDGE('',*,*,#5630,.F.);
#5630 = EDGE_CURVE('',#5631,#5013,#5633,.T.);
#5631 = VERTEX_POINT('',#5632);
#5632 = CARTESIAN_POINT('',(90.222222222222,91.749828525701,55.));
#5633 = CIRCLE('',#5634,11.5);
#5634 = AXIS2_PLACEMENT_3D('',#5635,#5636,#5637);
#5635 = CARTESIAN_POINT('',(78.944444444444,89.5,55.));
#5636 = DIRECTION('',(0.,0.,1.));
#5637 = DIRECTION('',(1.,0.,-0.));
#5638 = ORIENTED_EDGE('',*,*,#5639,.F.);
#5639 = EDGE_CURVE('',#5589,#5631,#5640,.T.);
#5640 = HYPERBOLA('',#5641,11.277777777778,11.277777777778);
#5641 = AXIS2_PLACEMENT_3D('',#5642,#5643,#5644);
#5642 = CARTESIAN_POINT('',(90.222222222222,89.5,43.5));
#5643 = DIRECTION('',(-1.,0.,0.));
#5644 = DIRECTION('',(0.,0.,1.));
#5645 = ORIENTED_EDGE('',*,*,#5588,.F.);
#5646 = CONICAL_SURFACE('',#5647,10.,0.785398163397);
#5647 = AXIS2_PLACEMENT_3D('',#5648,#5649,#5650);
#5648 = CARTESIAN_POINT('',(78.944444444444,89.5,53.5));
#5649 = DIRECTION('',(0.,0.,1.));
#5650 = DIRECTION('',(1.,0.,-0.));
#5651 = ADVANCED_FACE('',(#5652),#5680,.F.);
#5652 = FACE_BOUND('',#5653,.F.);
#5653 = EDGE_LOOP('',(#5654,#5660,#5661,#5668,#5669,#5670,#5677,#5678,
    #5679));
#5654 = ORIENTED_EDGE('',*,*,#5655,.T.);
#5655 = EDGE_CURVE('',#3863,#4063,#5656,.T.);
#5656 = LINE('',#5657,#5658);
#5657 = CARTESIAN_POINT('',(111.5,89.5,53.5));
#5658 = VECTOR('',#5659,1.);
#5659 = DIRECTION('',(0.707106781187,-1.731912112471E-16,0.707106781187)
  );
#5660 = ORIENTED_EDGE('',*,*,#4071,.F.);
#5661 = ORIENTED_EDGE('',*,*,#5662,.F.);
#5662 = EDGE_CURVE('',#5597,#4043,#5663,.T.);
#5663 = CIRCLE('',#5664,11.5);
#5664 = AXIS2_PLACEMENT_3D('',#5665,#5666,#5667);
#5665 = CARTESIAN_POINT('',(101.5,89.5,55.));
#5666 = DIRECTION('',(0.,0.,1.));
#5667 = DIRECTION('',(1.,0.,-0.));
#5668 = ORIENTED_EDGE('',*,*,#5596,.T.);
#5669 = ORIENTED_EDGE('',*,*,#5639,.T.);
#5670 = ORIENTED_EDGE('',*,*,#5671,.F.);
#5671 = EDGE_CURVE('',#4054,#5631,#5672,.T.);
#5672 = CIRCLE('',#5673,11.5);
#5673 = AXIS2_PLACEMENT_3D('',#5674,#5675,#5676);
#5674 = CARTESIAN_POINT('',(101.5,89.5,55.));
#5675 = DIRECTION('',(0.,0.,1.));
#5676 = DIRECTION('',(1.,0.,-0.));
#5677 = ORIENTED_EDGE('',*,*,#4062,.F.);
#5678 = ORIENTED_EDGE('',*,*,#5655,.F.);
#5679 = ORIENTED_EDGE('',*,*,#3862,.T.);
#5680 = CONICAL_SURFACE('',#5681,10.,0.785398163397);
#5681 = AXIS2_PLACEMENT_3D('',#5682,#5683,#5684);
#5682 = CARTESIAN_POINT('',(101.5,89.5,53.5));
#5683 = DIRECTION('',(0.,0.,1.));
#5684 = DIRECTION('',(1.,0.,-0.));
#5685 = ADVANCED_FACE('',(#5686),#5692,.T.);
#5686 = FACE_BOUND('',#5687,.T.);
#5687 = EDGE_LOOP('',(#5688,#5689,#5690,#5691));
#5688 = ORIENTED_EDGE('',*,*,#4086,.T.);
#5689 = ORIENTED_EDGE('',*,*,#5119,.F.);
#5690 = ORIENTED_EDGE('',*,*,#5055,.F.);
#5691 = ORIENTED_EDGE('',*,*,#3992,.T.);
#5692 = PLANE('',#5693);
#5693 = AXIS2_PLACEMENT_3D('',#5694,#5695,#5696);
#5694 = CARTESIAN_POINT('',(-78.94444444444,89.5,55.));
#5695 = DIRECTION('',(0.,0.,1.));
#5696 = DIRECTION('',(1.,0.,-0.));
#5697 = ADVANCED_FACE('',(#5698),#5704,.T.);
#5698 = FACE_BOUND('',#5699,.T.);
#5699 = EDGE_LOOP('',(#5700,#5701,#5702,#5703));
#5700 = ORIENTED_EDGE('',*,*,#5128,.F.);
#5701 = ORIENTED_EDGE('',*,*,#4737,.T.);
#5702 = ORIENTED_EDGE('',*,*,#4026,.T.);
#5703 = ORIENTED_EDGE('',*,*,#5068,.F.);
#5704 = PLANE('',#5705);
#5705 = AXIS2_PLACEMENT_3D('',#5706,#5707,#5708);
#5706 = CARTESIAN_POINT('',(-78.94444444444,89.5,55.));
#5707 = DIRECTION('',(0.,0.,1.));
#5708 = DIRECTION('',(1.,0.,-0.));
#5709 = ADVANCED_FACE('',(#5710),#5716,.T.);
#5710 = FACE_BOUND('',#5711,.T.);
#5711 = EDGE_LOOP('',(#5712,#5713,#5714,#5715));
#5712 = ORIENTED_EDGE('',*,*,#4042,.T.);
#5713 = ORIENTED_EDGE('',*,*,#5662,.F.);
#5714 = ORIENTED_EDGE('',*,*,#5605,.F.);
#5715 = ORIENTED_EDGE('',*,*,#4300,.T.);
#5716 = PLANE('',#5717);
#5717 = AXIS2_PLACEMENT_3D('',#5718,#5719,#5720);
#5718 = CARTESIAN_POINT('',(78.944444444444,89.5,55.));
#5719 = DIRECTION('',(0.,0.,1.));
#5720 = DIRECTION('',(1.,0.,-0.));
#5721 = ADVANCED_FACE('',(#5722),#5728,.T.);
#5722 = FACE_BOUND('',#5723,.T.);
#5723 = EDGE_LOOP('',(#5724,#5725,#5726,#5727));
#5724 = ORIENTED_EDGE('',*,*,#5671,.F.);
#5725 = ORIENTED_EDGE('',*,*,#4053,.T.);
#5726 = ORIENTED_EDGE('',*,*,#5021,.T.);
#5727 = ORIENTED_EDGE('',*,*,#5630,.F.);
#5728 = PLANE('',#5729);
#5729 = AXIS2_PLACEMENT_3D('',#5730,#5731,#5732);
#5730 = CARTESIAN_POINT('',(78.944444444444,89.5,55.));
#5731 = DIRECTION('',(0.,0.,1.));
#5732 = DIRECTION('',(1.,0.,-0.));
#5733 = ADVANCED_FACE('',(#5734),#5740,.T.);
#5734 = FACE_BOUND('',#5735,.T.);
#5735 = EDGE_LOOP('',(#5736,#5737,#5738,#5739));
#5736 = ORIENTED_EDGE('',*,*,#4120,.T.);
#5737 = ORIENTED_EDGE('',*,*,#5196,.F.);
#5738 = ORIENTED_EDGE('',*,*,#5111,.F.);
#5739 = ORIENTED_EDGE('',*,*,#4096,.T.);
#5740 = PLANE('',#5741);
#5741 = AXIS2_PLACEMENT_3D('',#5742,#5743,#5744);
#5742 = CARTESIAN_POINT('',(-56.38888888888,89.5,55.));
#5743 = DIRECTION('',(0.,0.,1.));
#5744 = DIRECTION('',(1.,0.,-0.));
#5745 = ADVANCED_FACE('',(#5746),#5752,.T.);
#5746 = FACE_BOUND('',#5747,.T.);
#5747 = EDGE_LOOP('',(#5748,#5749,#5750,#5751));
#5748 = ORIENTED_EDGE('',*,*,#4154,.T.);
#5749 = ORIENTED_EDGE('',*,*,#5281,.F.);
#5750 = ORIENTED_EDGE('',*,*,#5188,.F.);
#5751 = ORIENTED_EDGE('',*,*,#4130,.T.);
#5752 = PLANE('',#5753);
#5753 = AXIS2_PLACEMENT_3D('',#5754,#5755,#5756);
#5754 = CARTESIAN_POINT('',(-33.83333333333,89.5,55.));
#5755 = DIRECTION('',(0.,0.,1.));
#5756 = DIRECTION('',(1.,0.,-0.));
#5757 = ADVANCED_FACE('',(#5758),#5764,.T.);
#5758 = FACE_BOUND('',#5759,.T.);
#5759 = EDGE_LOOP('',(#5760,#5761,#5762,#5763));
#5760 = ORIENTED_EDGE('',*,*,#4188,.T.);
#5761 = ORIENTED_EDGE('',*,*,#5366,.F.);
#5762 = ORIENTED_EDGE('',*,*,#5273,.F.);
#5763 = ORIENTED_EDGE('',*,*,#4164,.T.);
#5764 = PLANE('',#5765);
#5765 = AXIS2_PLACEMENT_3D('',#5766,#5767,#5768);
#5766 = CARTESIAN_POINT('',(-11.27777777777,89.5,55.));
#5767 = DIRECTION('',(0.,0.,1.));
#5768 = DIRECTION('',(1.,0.,-0.));
#5769 = ADVANCED_FACE('',(#5770),#5776,.T.);
#5770 = FACE_BOUND('',#5771,.T.);
#5771 = EDGE_LOOP('',(#5772,#5773,#5774,#5775));
#5772 = ORIENTED_EDGE('',*,*,#4222,.T.);
#5773 = ORIENTED_EDGE('',*,*,#5451,.F.);
#5774 = ORIENTED_EDGE('',*,*,#5358,.F.);
#5775 = ORIENTED_EDGE('',*,*,#4198,.T.);
#5776 = PLANE('',#5777);
#5777 = AXIS2_PLACEMENT_3D('',#5778,#5779,#5780);
#5778 = CARTESIAN_POINT('',(11.277777777778,89.5,55.));
#5779 = DIRECTION('',(0.,0.,1.));
#5780 = DIRECTION('',(1.,0.,-0.));
#5781 = ADVANCED_FACE('',(#5782),#5788,.T.);
#5782 = FACE_BOUND('',#5783,.T.);
#5783 = EDGE_LOOP('',(#5784,#5785,#5786,#5787));
#5784 = ORIENTED_EDGE('',*,*,#4256,.T.);
#5785 = ORIENTED_EDGE('',*,*,#5536,.F.);
#5786 = ORIENTED_EDGE('',*,*,#5443,.F.);
#5787 = ORIENTED_EDGE('',*,*,#4232,.T.);
#5788 = PLANE('',#5789);
#5789 = AXIS2_PLACEMENT_3D('',#5790,#5791,#5792);
#5790 = CARTESIAN_POINT('',(33.833333333333,89.5,55.));
#5791 = DIRECTION('',(0.,0.,1.));
#5792 = DIRECTION('',(1.,0.,-0.));
#5793 = ADVANCED_FACE('',(#5794),#5800,.T.);
#5794 = FACE_BOUND('',#5795,.T.);
#5795 = EDGE_LOOP('',(#5796,#5797,#5798,#5799));
#5796 = ORIENTED_EDGE('',*,*,#4290,.T.);
#5797 = ORIENTED_EDGE('',*,*,#5613,.F.);
#5798 = ORIENTED_EDGE('',*,*,#5528,.F.);
#5799 = ORIENTED_EDGE('',*,*,#4266,.T.);
#5800 = PLANE('',#5801);
#5801 = AXIS2_PLACEMENT_3D('',#5802,#5803,#5804);
#5802 = CARTESIAN_POINT('',(56.388888888889,89.5,55.));
#5803 = DIRECTION('',(0.,0.,1.));
#5804 = DIRECTION('',(1.,0.,-0.));
#5805 = ADVANCED_FACE('',(#5806),#5825,.T.);
#5806 = FACE_BOUND('',#5807,.T.);
#5807 = EDGE_LOOP('',(#5808,#5809,#5817,#5824));
#5808 = ORIENTED_EDGE('',*,*,#4594,.T.);
#5809 = ORIENTED_EDGE('',*,*,#5810,.T.);
#5810 = EDGE_CURVE('',#4587,#5811,#5813,.T.);
#5811 = VERTEX_POINT('',#5812);
#5812 = CARTESIAN_POINT('',(-49.,157.,8.));
#5813 = LINE('',#5814,#5815);
#5814 = CARTESIAN_POINT('',(-49.,157.,78.));
#5815 = VECTOR('',#5816,1.);
#5816 = DIRECTION('',(-0.,0.,-1.));
#5817 = ORIENTED_EDGE('',*,*,#5818,.F.);
#5818 = EDGE_CURVE('',#4360,#5811,#5819,.T.);
#5819 = CIRCLE('',#5820,2.);
#5820 = AXIS2_PLACEMENT_3D('',#5821,#5822,#5823);
#5821 = CARTESIAN_POINT('',(-51.,157.,8.));
#5822 = DIRECTION('',(-0.,0.,-1.));
#5823 = DIRECTION('',(0.,1.,0.));
#5824 = ORIENTED_EDGE('',*,*,#4359,.F.);
#5825 = CYLINDRICAL_SURFACE('',#5826,2.);
#5826 = AXIS2_PLACEMENT_3D('',#5827,#5828,#5829);
#5827 = CARTESIAN_POINT('',(-51.,157.,78.));
#5828 = DIRECTION('',(-0.,0.,-1.));
#5829 = DIRECTION('',(0.,1.,0.));
#5830 = ADVANCED_FACE('',(#5831),#5850,.T.);
#5831 = FACE_BOUND('',#5832,.F.);
#5832 = EDGE_LOOP('',(#5833,#5834,#5842,#5849));
#5833 = ORIENTED_EDGE('',*,*,#4529,.T.);
#5834 = ORIENTED_EDGE('',*,*,#5835,.T.);
#5835 = EDGE_CURVE('',#4530,#5836,#5838,.T.);
#5836 = VERTEX_POINT('',#5837);
#5837 = CARTESIAN_POINT('',(-9.,157.,8.));
#5838 = LINE('',#5839,#5840);
#5839 = CARTESIAN_POINT('',(-9.,157.,78.));
#5840 = VECTOR('',#5841,1.);
#5841 = DIRECTION('',(-0.,0.,-1.));
#5842 = ORIENTED_EDGE('',*,*,#5843,.F.);
#5843 = EDGE_CURVE('',#4384,#5836,#5844,.T.);
#5844 = CIRCLE('',#5845,2.);
#5845 = AXIS2_PLACEMENT_3D('',#5846,#5847,#5848);
#5846 = CARTESIAN_POINT('',(-7.,157.,8.));
#5847 = DIRECTION('',(0.,-0.,1.));
#5848 = DIRECTION('',(0.,1.,0.));
#5849 = ORIENTED_EDGE('',*,*,#4391,.F.);
#5850 = CYLINDRICAL_SURFACE('',#5851,2.);
#5851 = AXIS2_PLACEMENT_3D('',#5852,#5853,#5854);
#5852 = CARTESIAN_POINT('',(-7.,157.,78.));
#5853 = DIRECTION('',(-0.,0.,-1.));
#5854 = DIRECTION('',(0.,1.,0.));
#5855 = ADVANCED_FACE('',(#5856),#5885,.T.);
#5856 = FACE_BOUND('',#5857,.T.);
#5857 = EDGE_LOOP('',(#5858,#5866,#5874,#5880,#5881,#5882,#5883,#5884));
#5858 = ORIENTED_EDGE('',*,*,#5859,.F.);
#5859 = EDGE_CURVE('',#5860,#5811,#5862,.T.);
#5860 = VERTEX_POINT('',#5861);
#5861 = CARTESIAN_POINT('',(-49.,156.6,8.));
#5862 = LINE('',#5863,#5864);
#5863 = CARTESIAN_POINT('',(-49.,153.6,8.));
#5864 = VECTOR('',#5865,1.);
#5865 = DIRECTION('',(-0.,1.,0.));
#5866 = ORIENTED_EDGE('',*,*,#5867,.T.);
#5867 = EDGE_CURVE('',#5860,#5868,#5870,.T.);
#5868 = VERTEX_POINT('',#5869);
#5869 = CARTESIAN_POINT('',(-9.,156.6,8.));
#5870 = LINE('',#5871,#5872);
#5871 = CARTESIAN_POINT('',(-55.6,156.6,8.));
#5872 = VECTOR('',#5873,1.);
#5873 = DIRECTION('',(1.,0.,-0.));
#5874 = ORIENTED_EDGE('',*,*,#5875,.T.);
#5875 = EDGE_CURVE('',#5868,#5836,#5876,.T.);
#5876 = LINE('',#5877,#5878);
#5877 = CARTESIAN_POINT('',(-9.,153.6,8.));
#5878 = VECTOR('',#5879,1.);
#5879 = DIRECTION('',(-0.,1.,0.));
#5880 = ORIENTED_EDGE('',*,*,#5843,.F.);
#5881 = ORIENTED_EDGE('',*,*,#4383,.F.);
#5882 = ORIENTED_EDGE('',*,*,#4375,.F.);
#5883 = ORIENTED_EDGE('',*,*,#4367,.T.);
#5884 = ORIENTED_EDGE('',*,*,#5818,.T.);
#5885 = PLANE('',#5886);
#5886 = AXIS2_PLACEMENT_3D('',#5887,#5888,#5889);
#5887 = CARTESIAN_POINT('',(-49.,153.6,8.));
#5888 = DIRECTION('',(0.,0.,1.));
#5889 = DIRECTION('',(1.,0.,-0.));
#5890 = ADVANCED_FACE('',(#5891),#5910,.T.);
#5891 = FACE_BOUND('',#5892,.F.);
#5892 = EDGE_LOOP('',(#5893,#5894,#5902,#5909));
#5893 = ORIENTED_EDGE('',*,*,#4809,.T.);
#5894 = ORIENTED_EDGE('',*,*,#5895,.T.);
#5895 = EDGE_CURVE('',#4810,#5896,#5898,.T.);
#5896 = VERTEX_POINT('',#5897);
#5897 = CARTESIAN_POINT('',(49.,157.,8.));
#5898 = LINE('',#5899,#5900);
#5899 = CARTESIAN_POINT('',(49.,157.,78.));
#5900 = VECTOR('',#5901,1.);
#5901 = DIRECTION('',(-0.,0.,-1.));
#5902 = ORIENTED_EDGE('',*,*,#5903,.F.);
#5903 = EDGE_CURVE('',#4456,#5896,#5904,.T.);
#5904 = CIRCLE('',#5905,2.);
#5905 = AXIS2_PLACEMENT_3D('',#5906,#5907,#5908);
#5906 = CARTESIAN_POINT('',(51.,157.,8.));
#5907 = DIRECTION('',(0.,-0.,1.));
#5908 = DIRECTION('',(0.,1.,0.));
#5909 = ORIENTED_EDGE('',*,*,#4463,.F.);
#5910 = CYLINDRICAL_SURFACE('',#5911,2.);
#5911 = AXIS2_PLACEMENT_3D('',#5912,#5913,#5914);
#5912 = CARTESIAN_POINT('',(51.,157.,78.));
#5913 = DIRECTION('',(-0.,0.,-1.));
#5914 = DIRECTION('',(0.,1.,0.));
#5915 = ADVANCED_FACE('',(#5916),#5935,.T.);
#5916 = FACE_BOUND('',#5917,.T.);
#5917 = EDGE_LOOP('',(#5918,#5919,#5927,#5934));
#5918 = ORIENTED_EDGE('',*,*,#4874,.T.);
#5919 = ORIENTED_EDGE('',*,*,#5920,.T.);
#5920 = EDGE_CURVE('',#4867,#5921,#5923,.T.);
#5921 = VERTEX_POINT('',#5922);
#5922 = CARTESIAN_POINT('',(9.,157.,8.));
#5923 = LINE('',#5924,#5925);
#5924 = CARTESIAN_POINT('',(9.,157.,78.));
#5925 = VECTOR('',#5926,1.);
#5926 = DIRECTION('',(-0.,0.,-1.));
#5927 = ORIENTED_EDGE('',*,*,#5928,.F.);
#5928 = EDGE_CURVE('',#4432,#5921,#5929,.T.);
#5929 = CIRCLE('',#5930,2.);
#5930 = AXIS2_PLACEMENT_3D('',#5931,#5932,#5933);
#5931 = CARTESIAN_POINT('',(7.,157.,8.));
#5932 = DIRECTION('',(-0.,0.,-1.));
#5933 = DIRECTION('',(0.,1.,0.));
#5934 = ORIENTED_EDGE('',*,*,#4431,.F.);
#5935 = CYLINDRICAL_SURFACE('',#5936,2.);
#5936 = AXIS2_PLACEMENT_3D('',#5937,#5938,#5939);
#5937 = CARTESIAN_POINT('',(7.,157.,78.));
#5938 = DIRECTION('',(-0.,0.,-1.));
#5939 = DIRECTION('',(0.,1.,0.));
#5940 = ADVANCED_FACE('',(#5941),#5970,.T.);
#5941 = FACE_BOUND('',#5942,.T.);
#5942 = EDGE_LOOP('',(#5943,#5951,#5959,#5965,#5966,#5967,#5968,#5969));
#5943 = ORIENTED_EDGE('',*,*,#5944,.F.);
#5944 = EDGE_CURVE('',#5945,#5921,#5947,.T.);
#5945 = VERTEX_POINT('',#5946);
#5946 = CARTESIAN_POINT('',(9.,156.6,8.));
#5947 = LINE('',#5948,#5949);
#5948 = CARTESIAN_POINT('',(9.,153.6,8.));
#5949 = VECTOR('',#5950,1.);
#5950 = DIRECTION('',(-0.,1.,0.));
#5951 = ORIENTED_EDGE('',*,*,#5952,.T.);
#5952 = EDGE_CURVE('',#5945,#5953,#5955,.T.);
#5953 = VERTEX_POINT('',#5954);
#5954 = CARTESIAN_POINT('',(49.,156.6,8.));
#5955 = LINE('',#5956,#5957);
#5956 = CARTESIAN_POINT('',(2.4,156.6,8.));
#5957 = VECTOR('',#5958,1.);
#5958 = DIRECTION('',(1.,0.,-0.));
#5959 = ORIENTED_EDGE('',*,*,#5960,.T.);
#5960 = EDGE_CURVE('',#5953,#5896,#5961,.T.);
#5961 = LINE('',#5962,#5963);
#5962 = CARTESIAN_POINT('',(49.,153.6,8.));
#5963 = VECTOR('',#5964,1.);
#5964 = DIRECTION('',(-0.,1.,0.));
#5965 = ORIENTED_EDGE('',*,*,#5903,.F.);
#5966 = ORIENTED_EDGE('',*,*,#4455,.F.);
#5967 = ORIENTED_EDGE('',*,*,#4447,.F.);
#5968 = ORIENTED_EDGE('',*,*,#4439,.T.);
#5969 = ORIENTED_EDGE('',*,*,#5928,.T.);
#5970 = PLANE('',#5971);
#5971 = AXIS2_PLACEMENT_3D('',#5972,#5973,#5974);
#5972 = CARTESIAN_POINT('',(9.,153.6,8.));
#5973 = DIRECTION('',(0.,0.,1.));
#5974 = DIRECTION('',(1.,0.,-0.));
#5975 = ADVANCED_FACE('',(#5976),#5987,.T.);
#5976 = FACE_BOUND('',#5977,.T.);
#5977 = EDGE_LOOP('',(#5978,#5979,#5985,#5986));
#5978 = ORIENTED_EDGE('',*,*,#4586,.F.);
#5979 = ORIENTED_EDGE('',*,*,#5980,.T.);
#5980 = EDGE_CURVE('',#4579,#5860,#5981,.T.);
#5981 = LINE('',#5982,#5983);
#5982 = CARTESIAN_POINT('',(-49.,156.6,8.));
#5983 = VECTOR('',#5984,1.);
#5984 = DIRECTION('',(-0.,0.,-1.));
#5985 = ORIENTED_EDGE('',*,*,#5859,.T.);
#5986 = ORIENTED_EDGE('',*,*,#5810,.F.);
#5987 = PLANE('',#5988);
#5988 = AXIS2_PLACEMENT_3D('',#5989,#5990,#5991);
#5989 = CARTESIAN_POINT('',(-49.,153.6,8.));
#5990 = DIRECTION('',(1.,0.,-0.));
#5991 = DIRECTION('',(0.,0.,1.));
#5992 = ADVANCED_FACE('',(#5993),#6011,.F.);
#5993 = FACE_BOUND('',#5994,.F.);
#5994 = EDGE_LOOP('',(#5995,#5996,#6004,#6010));
#5995 = ORIENTED_EDGE('',*,*,#5980,.T.);
#5996 = ORIENTED_EDGE('',*,*,#5997,.F.);
#5997 = EDGE_CURVE('',#5998,#5860,#6000,.T.);
#5998 = VERTEX_POINT('',#5999);
#5999 = CARTESIAN_POINT('',(-55.6,156.6,8.));
#6000 = LINE('',#6001,#6002);
#6001 = CARTESIAN_POINT('',(-55.6,156.6,8.));
#6002 = VECTOR('',#6003,1.);
#6003 = DIRECTION('',(1.,0.,-0.));
#6004 = ORIENTED_EDGE('',*,*,#6005,.T.);
#6005 = EDGE_CURVE('',#5998,#4571,#6006,.T.);
#6006 = LINE('',#6007,#6008);
#6007 = CARTESIAN_POINT('',(-55.6,156.6,8.));
#6008 = VECTOR('',#6009,1.);
#6009 = DIRECTION('',(0.,0.,1.));
#6010 = ORIENTED_EDGE('',*,*,#4578,.F.);
#6011 = PLANE('',#6012);
#6012 = AXIS2_PLACEMENT_3D('',#6013,#6014,#6015);
#6013 = CARTESIAN_POINT('',(-55.6,156.6,8.));
#6014 = DIRECTION('',(-0.,1.,0.));
#6015 = DIRECTION('',(0.,0.,1.));
#6016 = ADVANCED_FACE('',(#6017),#6035,.T.);
#6017 = FACE_BOUND('',#6018,.T.);
#6018 = EDGE_LOOP('',(#6019,#6027,#6033,#6034));
#6019 = ORIENTED_EDGE('',*,*,#6020,.F.);
#6020 = EDGE_CURVE('',#6021,#4563,#6023,.T.);
#6021 = VERTEX_POINT('',#6022);
#6022 = CARTESIAN_POINT('',(-55.6,103.4,8.));
#6023 = LINE('',#6024,#6025);
#6024 = CARTESIAN_POINT('',(-55.6,103.4,8.));
#6025 = VECTOR('',#6026,1.);
#6026 = DIRECTION('',(0.,0.,1.));
#6027 = ORIENTED_EDGE('',*,*,#6028,.T.);
#6028 = EDGE_CURVE('',#6021,#5998,#6029,.T.);
#6029 = LINE('',#6030,#6031);
#6030 = CARTESIAN_POINT('',(-55.6,103.4,8.));
#6031 = VECTOR('',#6032,1.);
#6032 = DIRECTION('',(-0.,1.,0.));
#6033 = ORIENTED_EDGE('',*,*,#6005,.T.);
#6034 = ORIENTED_EDGE('',*,*,#4570,.F.);
#6035 = PLANE('',#6036);
#6036 = AXIS2_PLACEMENT_3D('',#6037,#6038,#6039);
#6037 = CARTESIAN_POINT('',(-55.6,103.4,8.));
#6038 = DIRECTION('',(1.,0.,-0.));
#6039 = DIRECTION('',(0.,0.,1.));
#6040 = ADVANCED_FACE('',(#6041),#6059,.T.);
#6041 = FACE_BOUND('',#6042,.T.);
#6042 = EDGE_LOOP('',(#6043,#6051,#6057,#6058));
#6043 = ORIENTED_EDGE('',*,*,#6044,.F.);
#6044 = EDGE_CURVE('',#6045,#4555,#6047,.T.);
#6045 = VERTEX_POINT('',#6046);
#6046 = CARTESIAN_POINT('',(-2.4,103.4,8.));
#6047 = LINE('',#6048,#6049);
#6048 = CARTESIAN_POINT('',(-2.4,103.4,8.));
#6049 = VECTOR('',#6050,1.);
#6050 = DIRECTION('',(0.,0.,1.));
#6051 = ORIENTED_EDGE('',*,*,#6052,.F.);
#6052 = EDGE_CURVE('',#6021,#6045,#6053,.T.);
#6053 = LINE('',#6054,#6055);
#6054 = CARTESIAN_POINT('',(-55.6,103.4,8.));
#6055 = VECTOR('',#6056,1.);
#6056 = DIRECTION('',(1.,0.,-0.));
#6057 = ORIENTED_EDGE('',*,*,#6020,.T.);
#6058 = ORIENTED_EDGE('',*,*,#4562,.F.);
#6059 = PLANE('',#6060);
#6060 = AXIS2_PLACEMENT_3D('',#6061,#6062,#6063);
#6061 = CARTESIAN_POINT('',(-55.6,103.4,8.));
#6062 = DIRECTION('',(-0.,1.,0.));
#6063 = DIRECTION('',(0.,0.,1.));
#6064 = ADVANCED_FACE('',(#6065),#6083,.F.);
#6065 = FACE_BOUND('',#6066,.F.);
#6066 = EDGE_LOOP('',(#6067,#6068,#6076,#6082));
#6067 = ORIENTED_EDGE('',*,*,#6044,.F.);
#6068 = ORIENTED_EDGE('',*,*,#6069,.T.);
#6069 = EDGE_CURVE('',#6045,#6070,#6072,.T.);
#6070 = VERTEX_POINT('',#6071);
#6071 = CARTESIAN_POINT('',(-2.4,156.6,8.));
#6072 = LINE('',#6073,#6074);
#6073 = CARTESIAN_POINT('',(-2.4,103.4,8.));
#6074 = VECTOR('',#6075,1.);
#6075 = DIRECTION('',(-0.,1.,0.));
#6076 = ORIENTED_EDGE('',*,*,#6077,.T.);
#6077 = EDGE_CURVE('',#6070,#4547,#6078,.T.);
#6078 = LINE('',#6079,#6080);
#6079 = CARTESIAN_POINT('',(-2.4,156.6,8.));
#6080 = VECTOR('',#6081,1.);
#6081 = DIRECTION('',(0.,0.,1.));
#6082 = ORIENTED_EDGE('',*,*,#4554,.F.);
#6083 = PLANE('',#6084);
#6084 = AXIS2_PLACEMENT_3D('',#6085,#6086,#6087);
#6085 = CARTESIAN_POINT('',(-2.4,103.4,8.));
#6086 = DIRECTION('',(1.,0.,-0.));
#6087 = DIRECTION('',(0.,0.,1.));
#6088 = ADVANCED_FACE('',(#6089),#6100,.F.);
#6089 = FACE_BOUND('',#6090,.F.);
#6090 = EDGE_LOOP('',(#6091,#6092,#6098,#6099));
#6091 = ORIENTED_EDGE('',*,*,#4538,.F.);
#6092 = ORIENTED_EDGE('',*,*,#6093,.T.);
#6093 = EDGE_CURVE('',#4539,#5868,#6094,.T.);
#6094 = LINE('',#6095,#6096);
#6095 = CARTESIAN_POINT('',(-9.,156.6,8.));
#6096 = VECTOR('',#6097,1.);
#6097 = DIRECTION('',(-0.,0.,-1.));
#6098 = ORIENTED_EDGE('',*,*,#5875,.T.);
#6099 = ORIENTED_EDGE('',*,*,#5835,.F.);
#6100 = PLANE('',#6101);
#6101 = AXIS2_PLACEMENT_3D('',#6102,#6103,#6104);
#6102 = CARTESIAN_POINT('',(-9.,153.6,8.));
#6103 = DIRECTION('',(1.,0.,-0.));
#6104 = DIRECTION('',(0.,0.,1.));
#6105 = ADVANCED_FACE('',(#6106),#6117,.F.);
#6106 = FACE_BOUND('',#6107,.F.);
#6107 = EDGE_LOOP('',(#6108,#6109,#6115,#6116));
#6108 = ORIENTED_EDGE('',*,*,#6077,.F.);
#6109 = ORIENTED_EDGE('',*,*,#6110,.F.);
#6110 = EDGE_CURVE('',#5868,#6070,#6111,.T.);
#6111 = LINE('',#6112,#6113);
#6112 = CARTESIAN_POINT('',(-55.6,156.6,8.));
#6113 = VECTOR('',#6114,1.);
#6114 = DIRECTION('',(1.,0.,-0.));
#6115 = ORIENTED_EDGE('',*,*,#6093,.F.);
#6116 = ORIENTED_EDGE('',*,*,#4546,.F.);
#6117 = PLANE('',#6118);
#6118 = AXIS2_PLACEMENT_3D('',#6119,#6120,#6121);
#6119 = CARTESIAN_POINT('',(-55.6,156.6,8.));
#6120 = DIRECTION('',(-0.,1.,0.));
#6121 = DIRECTION('',(0.,0.,1.));
#6122 = ADVANCED_FACE('',(#6123),#6142,.T.);
#6123 = FACE_BOUND('',#6124,.T.);
#6124 = EDGE_LOOP('',(#6125,#6126,#6135));
#6125 = ORIENTED_EDGE('',*,*,#4609,.F.);
#6126 = ORIENTED_EDGE('',*,*,#6127,.F.);
#6127 = EDGE_CURVE('',#6128,#4610,#6130,.T.);
#6128 = VERTEX_POINT('',#6129);
#6129 = CARTESIAN_POINT('',(-45.11111111111,94.890893098092,5.));
#6130 = CIRCLE('',#6131,12.5);
#6131 = AXIS2_PLACEMENT_3D('',#6132,#6133,#6134);
#6132 = CARTESIAN_POINT('',(-56.38888888888,89.5,5.));
#6133 = DIRECTION('',(0.,0.,1.));
#6134 = DIRECTION('',(1.,0.,-0.));
#6135 = ORIENTED_EDGE('',*,*,#6136,.F.);
#6136 = EDGE_CURVE('',#4612,#6128,#6137,.T.);
#6137 = CIRCLE('',#6138,12.5);
#6138 = AXIS2_PLACEMENT_3D('',#6139,#6140,#6141);
#6139 = CARTESIAN_POINT('',(-33.83333333333,89.5,5.));
#6140 = DIRECTION('',(0.,0.,1.));
#6141 = DIRECTION('',(1.,0.,-0.));
#6142 = PLANE('',#6143);
#6143 = AXIS2_PLACEMENT_3D('',#6144,#6145,#6146);
#6144 = CARTESIAN_POINT('',(-122.,0.,5.));
#6145 = DIRECTION('',(0.,0.,1.));
#6146 = DIRECTION('',(1.,0.,-0.));
#6147 = ADVANCED_FACE('',(#6148),#6167,.T.);
#6148 = FACE_BOUND('',#6149,.T.);
#6149 = EDGE_LOOP('',(#6150,#6159,#6160,#6161));
#6150 = ORIENTED_EDGE('',*,*,#6151,.F.);
#6151 = EDGE_CURVE('',#4716,#6152,#6154,.T.);
#6152 = VERTEX_POINT('',#6153);
#6153 = CARTESIAN_POINT('',(-45.11111111111,94.890893098092,55.));
#6154 = CIRCLE('',#6155,12.5);
#6155 = AXIS2_PLACEMENT_3D('',#6156,#6157,#6158);
#6156 = CARTESIAN_POINT('',(-33.83333333333,89.5,55.));
#6157 = DIRECTION('',(0.,0.,1.));
#6158 = DIRECTION('',(1.,0.,-0.));
#6159 = ORIENTED_EDGE('',*,*,#4723,.F.);
#6160 = ORIENTED_EDGE('',*,*,#6136,.T.);
#6161 = ORIENTED_EDGE('',*,*,#6162,.T.);
#6162 = EDGE_CURVE('',#6128,#6152,#6163,.T.);
#6163 = LINE('',#6164,#6165);
#6164 = CARTESIAN_POINT('',(-45.11111111111,94.890893098093,5.));
#6165 = VECTOR('',#6166,1.);
#6166 = DIRECTION('',(0.,0.,1.));
#6167 = CYLINDRICAL_SURFACE('',#6168,12.5);
#6168 = AXIS2_PLACEMENT_3D('',#6169,#6170,#6171);
#6169 = CARTESIAN_POINT('',(-33.83333333333,89.5,5.));
#6170 = DIRECTION('',(0.,0.,1.));
#6171 = DIRECTION('',(1.,0.,-0.));
#6172 = ADVANCED_FACE('',(#6173),#6193,.T.);
#6173 = FACE_BOUND('',#6174,.T.);
#6174 = EDGE_LOOP('',(#6175,#6176,#6185,#6192));
#6175 = ORIENTED_EDGE('',*,*,#5221,.F.);
#6176 = ORIENTED_EDGE('',*,*,#6177,.F.);
#6177 = EDGE_CURVE('',#6178,#5222,#6180,.T.);
#6178 = VERTEX_POINT('',#6179);
#6179 = CARTESIAN_POINT('',(-22.55555555555,94.890893098092,55.));
#6180 = CIRCLE('',#6181,12.5);
#6181 = AXIS2_PLACEMENT_3D('',#6182,#6183,#6184);
#6182 = CARTESIAN_POINT('',(-11.27777777777,89.5,55.));
#6183 = DIRECTION('',(0.,0.,1.));
#6184 = DIRECTION('',(1.,0.,-0.));
#6185 = ORIENTED_EDGE('',*,*,#6186,.T.);
#6186 = EDGE_CURVE('',#6178,#4700,#6187,.T.);
#6187 = CIRCLE('',#6188,12.5);
#6188 = AXIS2_PLACEMENT_3D('',#6189,#6190,#6191);
#6189 = CARTESIAN_POINT('',(-33.83333333333,89.5,55.));
#6190 = DIRECTION('',(0.,0.,1.));
#6191 = DIRECTION('',(1.,0.,-0.));
#6192 = ORIENTED_EDGE('',*,*,#4707,.T.);
#6193 = PLANE('',#6194);
#6194 = AXIS2_PLACEMENT_3D('',#6195,#6196,#6197);
#6195 = CARTESIAN_POINT('',(-33.83333333333,89.5,55.));
#6196 = DIRECTION('',(0.,0.,1.));
#6197 = DIRECTION('',(1.,0.,-0.));
#6198 = ADVANCED_FACE('',(#6199),#6211,.T.);
#6199 = FACE_BOUND('',#6200,.T.);
#6200 = EDGE_LOOP('',(#6201,#6208,#6209,#6210));
#6201 = ORIENTED_EDGE('',*,*,#6202,.F.);
#6202 = EDGE_CURVE('',#5206,#6152,#6203,.T.);
#6203 = CIRCLE('',#6204,12.5);
#6204 = AXIS2_PLACEMENT_3D('',#6205,#6206,#6207);
#6205 = CARTESIAN_POINT('',(-56.38888888888,89.5,55.));
#6206 = DIRECTION('',(0.,0.,1.));
#6207 = DIRECTION('',(1.,0.,-0.));
#6208 = ORIENTED_EDGE('',*,*,#5214,.F.);
#6209 = ORIENTED_EDGE('',*,*,#4715,.T.);
#6210 = ORIENTED_EDGE('',*,*,#6151,.T.);
#6211 = PLANE('',#6212);
#6212 = AXIS2_PLACEMENT_3D('',#6213,#6214,#6215);
#6213 = CARTESIAN_POINT('',(-33.83333333333,89.5,55.));
#6214 = DIRECTION('',(0.,0.,1.));
#6215 = DIRECTION('',(1.,0.,-0.));
#6216 = ADVANCED_FACE('',(#6217),#6236,.T.);
#6217 = FACE_BOUND('',#6218,.T.);
#6218 = EDGE_LOOP('',(#6219,#6220,#6228,#6235));
#6219 = ORIENTED_EDGE('',*,*,#6186,.F.);
#6220 = ORIENTED_EDGE('',*,*,#6221,.F.);
#6221 = EDGE_CURVE('',#6222,#6178,#6224,.T.);
#6222 = VERTEX_POINT('',#6223);
#6223 = CARTESIAN_POINT('',(-22.55555555555,94.890893098092,5.));
#6224 = LINE('',#6225,#6226);
#6225 = CARTESIAN_POINT('',(-22.55555555555,94.890893098093,5.));
#6226 = VECTOR('',#6227,1.);
#6227 = DIRECTION('',(0.,0.,1.));
#6228 = ORIENTED_EDGE('',*,*,#6229,.T.);
#6229 = EDGE_CURVE('',#6222,#4692,#6230,.T.);
#6230 = CIRCLE('',#6231,12.5);
#6231 = AXIS2_PLACEMENT_3D('',#6232,#6233,#6234);
#6232 = CARTESIAN_POINT('',(-33.83333333333,89.5,5.));
#6233 = DIRECTION('',(0.,0.,1.));
#6234 = DIRECTION('',(1.,0.,-0.));
#6235 = ORIENTED_EDGE('',*,*,#4699,.T.);
#6236 = CYLINDRICAL_SURFACE('',#6237,12.5);
#6237 = AXIS2_PLACEMENT_3D('',#6238,#6239,#6240);
#6238 = CARTESIAN_POINT('',(-33.83333333333,89.5,5.));
#6239 = DIRECTION('',(0.,0.,1.));
#6240 = DIRECTION('',(1.,0.,-0.));
#6241 = ADVANCED_FACE('',(#6242),#6253,.T.);
#6242 = FACE_BOUND('',#6243,.T.);
#6243 = EDGE_LOOP('',(#6244,#6245,#6246));
#6244 = ORIENTED_EDGE('',*,*,#4691,.F.);
#6245 = ORIENTED_EDGE('',*,*,#6229,.F.);
#6246 = ORIENTED_EDGE('',*,*,#6247,.F.);
#6247 = EDGE_CURVE('',#4684,#6222,#6248,.T.);
#6248 = CIRCLE('',#6249,12.5);
#6249 = AXIS2_PLACEMENT_3D('',#6250,#6251,#6252);
#6250 = CARTESIAN_POINT('',(-11.27777777777,89.5,5.));
#6251 = DIRECTION('',(0.,0.,1.));
#6252 = DIRECTION('',(1.,0.,-0.));
#6253 = PLANE('',#6254);
#6254 = AXIS2_PLACEMENT_3D('',#6255,#6256,#6257);
#6255 = CARTESIAN_POINT('',(-122.,0.,5.));
#6256 = DIRECTION('',(0.,0.,1.));
#6257 = DIRECTION('',(1.,0.,-0.));
#6258 = ADVANCED_FACE('',(#6259),#6271,.T.);
#6259 = FACE_BOUND('',#6260,.T.);
#6260 = EDGE_LOOP('',(#6261,#6268,#6269,#6270));
#6261 = ORIENTED_EDGE('',*,*,#6262,.F.);
#6262 = EDGE_CURVE('',#4676,#6178,#6263,.T.);
#6263 = CIRCLE('',#6264,12.5);
#6264 = AXIS2_PLACEMENT_3D('',#6265,#6266,#6267);
#6265 = CARTESIAN_POINT('',(-11.27777777777,89.5,55.));
#6266 = DIRECTION('',(0.,0.,1.));
#6267 = DIRECTION('',(1.,0.,-0.));
#6268 = ORIENTED_EDGE('',*,*,#4683,.F.);
#6269 = ORIENTED_EDGE('',*,*,#6247,.T.);
#6270 = ORIENTED_EDGE('',*,*,#6221,.T.);
#6271 = CYLINDRICAL_SURFACE('',#6272,12.5);
#6272 = AXIS2_PLACEMENT_3D('',#6273,#6274,#6275);
#6273 = CARTESIAN_POINT('',(-11.27777777777,89.5,5.));
#6274 = DIRECTION('',(0.,0.,1.));
#6275 = DIRECTION('',(1.,0.,-0.));
#6276 = ADVANCED_FACE('',(#6277),#6297,.T.);
#6277 = FACE_BOUND('',#6278,.T.);
#6278 = EDGE_LOOP('',(#6279,#6280,#6289,#6296));
#6279 = ORIENTED_EDGE('',*,*,#5306,.F.);
#6280 = ORIENTED_EDGE('',*,*,#6281,.F.);
#6281 = EDGE_CURVE('',#6282,#5307,#6284,.T.);
#6282 = VERTEX_POINT('',#6283);
#6283 = CARTESIAN_POINT('',(-4.618527782441E-14,94.890893098092,55.));
#6284 = CIRCLE('',#6285,12.5);
#6285 = AXIS2_PLACEMENT_3D('',#6286,#6287,#6288);
#6286 = CARTESIAN_POINT('',(11.277777777778,89.5,55.));
#6287 = DIRECTION('',(0.,0.,1.));
#6288 = DIRECTION('',(1.,0.,-0.));
#6289 = ORIENTED_EDGE('',*,*,#6290,.T.);
#6290 = EDGE_CURVE('',#6282,#4660,#6291,.T.);
#6291 = CIRCLE('',#6292,12.5);
#6292 = AXIS2_PLACEMENT_3D('',#6293,#6294,#6295);
#6293 = CARTESIAN_POINT('',(-11.27777777777,89.5,55.));
#6294 = DIRECTION('',(0.,0.,1.));
#6295 = DIRECTION('',(1.,0.,-0.));
#6296 = ORIENTED_EDGE('',*,*,#4667,.T.);
#6297 = PLANE('',#6298);
#6298 = AXIS2_PLACEMENT_3D('',#6299,#6300,#6301);
#6299 = CARTESIAN_POINT('',(-11.27777777777,89.5,55.));
#6300 = DIRECTION('',(0.,0.,1.));
#6301 = DIRECTION('',(1.,0.,-0.));
#6302 = ADVANCED_FACE('',(#6303),#6315,.T.);
#6303 = FACE_BOUND('',#6304,.T.);
#6304 = EDGE_LOOP('',(#6305,#6312,#6313,#6314));
#6305 = ORIENTED_EDGE('',*,*,#6306,.F.);
#6306 = EDGE_CURVE('',#5291,#6178,#6307,.T.);
#6307 = CIRCLE('',#6308,12.5);
#6308 = AXIS2_PLACEMENT_3D('',#6309,#6310,#6311);
#6309 = CARTESIAN_POINT('',(-33.83333333333,89.5,55.));
#6310 = DIRECTION('',(0.,0.,1.));
#6311 = DIRECTION('',(1.,0.,-0.));
#6312 = ORIENTED_EDGE('',*,*,#5299,.F.);
#6313 = ORIENTED_EDGE('',*,*,#4675,.T.);
#6314 = ORIENTED_EDGE('',*,*,#6262,.T.);
#6315 = PLANE('',#6316);
#6316 = AXIS2_PLACEMENT_3D('',#6317,#6318,#6319);
#6317 = CARTESIAN_POINT('',(-11.27777777777,89.5,55.));
#6318 = DIRECTION('',(0.,0.,1.));
#6319 = DIRECTION('',(1.,0.,-0.));
#6320 = ADVANCED_FACE('',(#6321),#6340,.T.);
#6321 = FACE_BOUND('',#6322,.T.);
#6322 = EDGE_LOOP('',(#6323,#6324,#6332,#6339));
#6323 = ORIENTED_EDGE('',*,*,#6290,.F.);
#6324 = ORIENTED_EDGE('',*,*,#6325,.F.);
#6325 = EDGE_CURVE('',#6326,#6282,#6328,.T.);
#6326 = VERTEX_POINT('',#6327);
#6327 = CARTESIAN_POINT('',(-4.618527782441E-14,94.890893098092,5.));
#6328 = LINE('',#6329,#6330);
#6329 = CARTESIAN_POINT('',(8.881784197001E-15,94.890893098093,5.));
#6330 = VECTOR('',#6331,1.);
#6331 = DIRECTION('',(0.,0.,1.));
#6332 = ORIENTED_EDGE('',*,*,#6333,.T.);
#6333 = EDGE_CURVE('',#6326,#4652,#6334,.T.);
#6334 = CIRCLE('',#6335,12.5);
#6335 = AXIS2_PLACEMENT_3D('',#6336,#6337,#6338);
#6336 = CARTESIAN_POINT('',(-11.27777777777,89.5,5.));
#6337 = DIRECTION('',(0.,0.,1.));
#6338 = DIRECTION('',(1.,0.,-0.));
#6339 = ORIENTED_EDGE('',*,*,#4659,.T.);
#6340 = CYLINDRICAL_SURFACE('',#6341,12.5);
#6341 = AXIS2_PLACEMENT_3D('',#6342,#6343,#6344);
#6342 = CARTESIAN_POINT('',(-11.27777777777,89.5,5.));
#6343 = DIRECTION('',(0.,0.,1.));
#6344 = DIRECTION('',(1.,0.,-0.));
#6345 = ADVANCED_FACE('',(#6346),#6358,.T.);
#6346 = FACE_BOUND('',#6347,.T.);
#6347 = EDGE_LOOP('',(#6348,#6349,#6356,#6357));
#6348 = ORIENTED_EDGE('',*,*,#6333,.F.);
#6349 = ORIENTED_EDGE('',*,*,#6350,.F.);
#6350 = EDGE_CURVE('',#4890,#6326,#6351,.T.);
#6351 = CIRCLE('',#6352,12.5);
#6352 = AXIS2_PLACEMENT_3D('',#6353,#6354,#6355);
#6353 = CARTESIAN_POINT('',(11.277777777778,89.5,5.));
#6354 = DIRECTION('',(0.,0.,1.));
#6355 = DIRECTION('',(1.,0.,-0.));
#6356 = ORIENTED_EDGE('',*,*,#4889,.F.);
#6357 = ORIENTED_EDGE('',*,*,#4651,.F.);
#6358 = PLANE('',#6359);
#6359 = AXIS2_PLACEMENT_3D('',#6360,#6361,#6362);
#6360 = CARTESIAN_POINT('',(-122.,0.,5.));
#6361 = DIRECTION('',(0.,0.,1.));
#6362 = DIRECTION('',(1.,0.,-0.));
#6363 = ADVANCED_FACE('',(#6364),#6382,.T.);
#6364 = FACE_BOUND('',#6365,.T.);
#6365 = EDGE_LOOP('',(#6366,#6367,#6374,#6381));
#6366 = ORIENTED_EDGE('',*,*,#5136,.F.);
#6367 = ORIENTED_EDGE('',*,*,#6368,.F.);
#6368 = EDGE_CURVE('',#6152,#5137,#6369,.T.);
#6369 = CIRCLE('',#6370,12.5);
#6370 = AXIS2_PLACEMENT_3D('',#6371,#6372,#6373);
#6371 = CARTESIAN_POINT('',(-33.83333333333,89.5,55.));
#6372 = DIRECTION('',(0.,0.,1.));
#6373 = DIRECTION('',(1.,0.,-0.));
#6374 = ORIENTED_EDGE('',*,*,#6375,.T.);
#6375 = EDGE_CURVE('',#6152,#4620,#6376,.T.);
#6376 = CIRCLE('',#6377,12.5);
#6377 = AXIS2_PLACEMENT_3D('',#6378,#6379,#6380);
#6378 = CARTESIAN_POINT('',(-56.38888888888,89.5,55.));
#6379 = DIRECTION('',(0.,0.,1.));
#6380 = DIRECTION('',(1.,0.,-0.));
#6381 = ORIENTED_EDGE('',*,*,#4627,.T.);
#6382 = PLANE('',#6383);
#6383 = AXIS2_PLACEMENT_3D('',#6384,#6385,#6386);
#6384 = CARTESIAN_POINT('',(-56.38888888888,89.5,55.));
#6385 = DIRECTION('',(0.,0.,1.));
#6386 = DIRECTION('',(1.,0.,-0.));
#6387 = ADVANCED_FACE('',(#6388),#6394,.T.);
#6388 = FACE_BOUND('',#6389,.T.);
#6389 = EDGE_LOOP('',(#6390,#6391,#6392,#6393));
#6390 = ORIENTED_EDGE('',*,*,#6375,.F.);
#6391 = ORIENTED_EDGE('',*,*,#6162,.F.);
#6392 = ORIENTED_EDGE('',*,*,#6127,.T.);
#6393 = ORIENTED_EDGE('',*,*,#4619,.T.);
#6394 = CYLINDRICAL_SURFACE('',#6395,12.5);
#6395 = AXIS2_PLACEMENT_3D('',#6396,#6397,#6398);
#6396 = CARTESIAN_POINT('',(-56.38888888888,89.5,5.));
#6397 = DIRECTION('',(0.,0.,1.));
#6398 = DIRECTION('',(1.,0.,-0.));
#6399 = ADVANCED_FACE('',(#6400),#6406,.T.);
#6400 = FACE_BOUND('',#6401,.T.);
#6401 = EDGE_LOOP('',(#6402,#6403,#6404,#6405));
#6402 = ORIENTED_EDGE('',*,*,#5622,.F.);
#6403 = ORIENTED_EDGE('',*,*,#5003,.T.);
#6404 = ORIENTED_EDGE('',*,*,#4775,.T.);
#6405 = ORIENTED_EDGE('',*,*,#5562,.F.);
#6406 = PLANE('',#6407);
#6407 = AXIS2_PLACEMENT_3D('',#6408,#6409,#6410);
#6408 = CARTESIAN_POINT('',(56.388888888889,89.5,55.));
#6409 = DIRECTION('',(0.,0.,1.));
#6410 = DIRECTION('',(1.,0.,-0.));
#6411 = ADVANCED_FACE('',(#6412),#6423,.T.);
#6412 = FACE_BOUND('',#6413,.T.);
#6413 = EDGE_LOOP('',(#6414,#6415,#6421,#6422));
#6414 = ORIENTED_EDGE('',*,*,#4866,.F.);
#6415 = ORIENTED_EDGE('',*,*,#6416,.T.);
#6416 = EDGE_CURVE('',#4859,#5945,#6417,.T.);
#6417 = LINE('',#6418,#6419);
#6418 = CARTESIAN_POINT('',(9.,156.6,8.));
#6419 = VECTOR('',#6420,1.);
#6420 = DIRECTION('',(-0.,0.,-1.));
#6421 = ORIENTED_EDGE('',*,*,#5944,.T.);
#6422 = ORIENTED_EDGE('',*,*,#5920,.F.);
#6423 = PLANE('',#6424);
#6424 = AXIS2_PLACEMENT_3D('',#6425,#6426,#6427);
#6425 = CARTESIAN_POINT('',(9.,153.6,8.));
#6426 = DIRECTION('',(1.,0.,-0.));
#6427 = DIRECTION('',(0.,0.,1.));
#6428 = ADVANCED_FACE('',(#6429),#6447,.F.);
#6429 = FACE_BOUND('',#6430,.F.);
#6430 = EDGE_LOOP('',(#6431,#6432,#6440,#6446));
#6431 = ORIENTED_EDGE('',*,*,#6416,.T.);
#6432 = ORIENTED_EDGE('',*,*,#6433,.F.);
#6433 = EDGE_CURVE('',#6434,#5945,#6436,.T.);
#6434 = VERTEX_POINT('',#6435);
#6435 = CARTESIAN_POINT('',(2.4,156.6,8.));
#6436 = LINE('',#6437,#6438);
#6437 = CARTESIAN_POINT('',(2.4,156.6,8.));
#6438 = VECTOR('',#6439,1.);
#6439 = DIRECTION('',(1.,0.,-0.));
#6440 = ORIENTED_EDGE('',*,*,#6441,.T.);
#6441 = EDGE_CURVE('',#6434,#4851,#6442,.T.);
#6442 = LINE('',#6443,#6444);
#6443 = CARTESIAN_POINT('',(2.4,156.6,8.));
#6444 = VECTOR('',#6445,1.);
#6445 = DIRECTION('',(0.,0.,1.));
#6446 = ORIENTED_EDGE('',*,*,#4858,.F.);
#6447 = PLANE('',#6448);
#6448 = AXIS2_PLACEMENT_3D('',#6449,#6450,#6451);
#6449 = CARTESIAN_POINT('',(2.4,156.6,8.));
#6450 = DIRECTION('',(-0.,1.,0.));
#6451 = DIRECTION('',(0.,0.,1.));
#6452 = ADVANCED_FACE('',(#6453),#6471,.T.);
#6453 = FACE_BOUND('',#6454,.T.);
#6454 = EDGE_LOOP('',(#6455,#6463,#6469,#6470));
#6455 = ORIENTED_EDGE('',*,*,#6456,.F.);
#6456 = EDGE_CURVE('',#6457,#4843,#6459,.T.);
#6457 = VERTEX_POINT('',#6458);
#6458 = CARTESIAN_POINT('',(2.4,103.4,8.));
#6459 = LINE('',#6460,#6461);
#6460 = CARTESIAN_POINT('',(2.4,103.4,8.));
#6461 = VECTOR('',#6462,1.);
#6462 = DIRECTION('',(0.,0.,1.));
#6463 = ORIENTED_EDGE('',*,*,#6464,.T.);
#6464 = EDGE_CURVE('',#6457,#6434,#6465,.T.);
#6465 = LINE('',#6466,#6467);
#6466 = CARTESIAN_POINT('',(2.4,103.4,8.));
#6467 = VECTOR('',#6468,1.);
#6468 = DIRECTION('',(-0.,1.,0.));
#6469 = ORIENTED_EDGE('',*,*,#6441,.T.);
#6470 = ORIENTED_EDGE('',*,*,#4850,.F.);
#6471 = PLANE('',#6472);
#6472 = AXIS2_PLACEMENT_3D('',#6473,#6474,#6475);
#6473 = CARTESIAN_POINT('',(2.4,103.4,8.));
#6474 = DIRECTION('',(1.,0.,-0.));
#6475 = DIRECTION('',(0.,0.,1.));
#6476 = ADVANCED_FACE('',(#6477),#6495,.T.);
#6477 = FACE_BOUND('',#6478,.T.);
#6478 = EDGE_LOOP('',(#6479,#6487,#6493,#6494));
#6479 = ORIENTED_EDGE('',*,*,#6480,.F.);
#6480 = EDGE_CURVE('',#6481,#4835,#6483,.T.);
#6481 = VERTEX_POINT('',#6482);
#6482 = CARTESIAN_POINT('',(55.6,103.4,8.));
#6483 = LINE('',#6484,#6485);
#6484 = CARTESIAN_POINT('',(55.6,103.4,8.));
#6485 = VECTOR('',#6486,1.);
#6486 = DIRECTION('',(0.,0.,1.));
#6487 = ORIENTED_EDGE('',*,*,#6488,.F.);
#6488 = EDGE_CURVE('',#6457,#6481,#6489,.T.);
#6489 = LINE('',#6490,#6491);
#6490 = CARTESIAN_POINT('',(2.4,103.4,8.));
#6491 = VECTOR('',#6492,1.);
#6492 = DIRECTION('',(1.,0.,-0.));
#6493 = ORIENTED_EDGE('',*,*,#6456,.T.);
#6494 = ORIENTED_EDGE('',*,*,#4842,.F.);
#6495 = PLANE('',#6496);
#6496 = AXIS2_PLACEMENT_3D('',#6497,#6498,#6499);
#6497 = CARTESIAN_POINT('',(2.4,103.4,8.));
#6498 = DIRECTION('',(-0.,1.,0.));
#6499 = DIRECTION('',(0.,0.,1.));
#6500 = ADVANCED_FACE('',(#6501),#6519,.F.);
#6501 = FACE_BOUND('',#6502,.F.);
#6502 = EDGE_LOOP('',(#6503,#6504,#6512,#6518));
#6503 = ORIENTED_EDGE('',*,*,#6480,.F.);
#6504 = ORIENTED_EDGE('',*,*,#6505,.T.);
#6505 = EDGE_CURVE('',#6481,#6506,#6508,.T.);
#6506 = VERTEX_POINT('',#6507);
#6507 = CARTESIAN_POINT('',(55.6,156.6,8.));
#6508 = LINE('',#6509,#6510);
#6509 = CARTESIAN_POINT('',(55.6,103.4,8.));
#6510 = VECTOR('',#6511,1.);
#6511 = DIRECTION('',(-0.,1.,0.));
#6512 = ORIENTED_EDGE('',*,*,#6513,.T.);
#6513 = EDGE_CURVE('',#6506,#4827,#6514,.T.);
#6514 = LINE('',#6515,#6516);
#6515 = CARTESIAN_POINT('',(55.6,156.6,8.));
#6516 = VECTOR('',#6517,1.);
#6517 = DIRECTION('',(0.,0.,1.));
#6518 = ORIENTED_EDGE('',*,*,#4834,.F.);
#6519 = PLANE('',#6520);
#6520 = AXIS2_PLACEMENT_3D('',#6521,#6522,#6523);
#6521 = CARTESIAN_POINT('',(55.6,103.4,8.));
#6522 = DIRECTION('',(1.,0.,-0.));
#6523 = DIRECTION('',(0.,0.,1.));
#6524 = ADVANCED_FACE('',(#6525),#6541,.F.);
#6525 = FACE_BOUND('',#6526,.F.);
#6526 = EDGE_LOOP('',(#6527,#6528,#6534,#6540));
#6527 = ORIENTED_EDGE('',*,*,#6513,.F.);
#6528 = ORIENTED_EDGE('',*,*,#6529,.F.);
#6529 = EDGE_CURVE('',#5953,#6506,#6530,.T.);
#6530 = LINE('',#6531,#6532);
#6531 = CARTESIAN_POINT('',(2.4,156.6,8.));
#6532 = VECTOR('',#6533,1.);
#6533 = DIRECTION('',(1.,0.,-0.));
#6534 = ORIENTED_EDGE('',*,*,#6535,.F.);
#6535 = EDGE_CURVE('',#4819,#5953,#6536,.T.);
#6536 = LINE('',#6537,#6538);
#6537 = CARTESIAN_POINT('',(49.,156.6,8.));
#6538 = VECTOR('',#6539,1.);
#6539 = DIRECTION('',(-0.,0.,-1.));
#6540 = ORIENTED_EDGE('',*,*,#4826,.F.);
#6541 = PLANE('',#6542);
#6542 = AXIS2_PLACEMENT_3D('',#6543,#6544,#6545);
#6543 = CARTESIAN_POINT('',(2.4,156.6,8.));
#6544 = DIRECTION('',(-0.,1.,0.));
#6545 = DIRECTION('',(0.,0.,1.));
#6546 = ADVANCED_FACE('',(#6547),#6553,.F.);
#6547 = FACE_BOUND('',#6548,.F.);
#6548 = EDGE_LOOP('',(#6549,#6550,#6551,#6552));
#6549 = ORIENTED_EDGE('',*,*,#4818,.F.);
#6550 = ORIENTED_EDGE('',*,*,#6535,.T.);
#6551 = ORIENTED_EDGE('',*,*,#5960,.T.);
#6552 = ORIENTED_EDGE('',*,*,#5895,.F.);
#6553 = PLANE('',#6554);
#6554 = AXIS2_PLACEMENT_3D('',#6555,#6556,#6557);
#6555 = CARTESIAN_POINT('',(49.,153.6,8.));
#6556 = DIRECTION('',(1.,0.,-0.));
#6557 = DIRECTION('',(0.,0.,1.));
#6558 = ADVANCED_FACE('',(#6559),#6571,.T.);
#6559 = FACE_BOUND('',#6560,.T.);
#6560 = EDGE_LOOP('',(#6561,#6568,#6569,#6570));
#6561 = ORIENTED_EDGE('',*,*,#6562,.F.);
#6562 = EDGE_CURVE('',#4982,#6282,#6563,.T.);
#6563 = CIRCLE('',#6564,12.5);
#6564 = AXIS2_PLACEMENT_3D('',#6565,#6566,#6567);
#6565 = CARTESIAN_POINT('',(11.277777777778,89.5,55.));
#6566 = DIRECTION('',(0.,0.,1.));
#6567 = DIRECTION('',(1.,0.,-0.));
#6568 = ORIENTED_EDGE('',*,*,#4989,.F.);
#6569 = ORIENTED_EDGE('',*,*,#6350,.T.);
#6570 = ORIENTED_EDGE('',*,*,#6325,.T.);
#6571 = CYLINDRICAL_SURFACE('',#6572,12.5);
#6572 = AXIS2_PLACEMENT_3D('',#6573,#6574,#6575);
#6573 = CARTESIAN_POINT('',(11.277777777778,89.5,5.));
#6574 = DIRECTION('',(0.,0.,1.));
#6575 = DIRECTION('',(1.,0.,-0.));
#6576 = ADVANCED_FACE('',(#6577),#6597,.T.);
#6577 = FACE_BOUND('',#6578,.T.);
#6578 = EDGE_LOOP('',(#6579,#6580,#6589,#6596));
#6579 = ORIENTED_EDGE('',*,*,#5391,.F.);
#6580 = ORIENTED_EDGE('',*,*,#6581,.F.);
#6581 = EDGE_CURVE('',#6582,#5392,#6584,.T.);
#6582 = VERTEX_POINT('',#6583);
#6583 = CARTESIAN_POINT('',(22.555555555556,94.890893098092,55.));
#6584 = CIRCLE('',#6585,12.5);
#6585 = AXIS2_PLACEMENT_3D('',#6586,#6587,#6588);
#6586 = CARTESIAN_POINT('',(33.833333333333,89.5,55.));
#6587 = DIRECTION('',(0.,0.,1.));
#6588 = DIRECTION('',(1.,0.,-0.));
#6589 = ORIENTED_EDGE('',*,*,#6590,.T.);
#6590 = EDGE_CURVE('',#6582,#4966,#6591,.T.);
#6591 = CIRCLE('',#6592,12.5);
#6592 = AXIS2_PLACEMENT_3D('',#6593,#6594,#6595);
#6593 = CARTESIAN_POINT('',(11.277777777778,89.5,55.));
#6594 = DIRECTION('',(0.,0.,1.));
#6595 = DIRECTION('',(1.,0.,-0.));
#6596 = ORIENTED_EDGE('',*,*,#4973,.T.);
#6597 = PLANE('',#6598);
#6598 = AXIS2_PLACEMENT_3D('',#6599,#6600,#6601);
#6599 = CARTESIAN_POINT('',(11.277777777778,89.5,55.));
#6600 = DIRECTION('',(0.,0.,1.));
#6601 = DIRECTION('',(1.,0.,-0.));
#6602 = ADVANCED_FACE('',(#6603),#6615,.T.);
#6603 = FACE_BOUND('',#6604,.T.);
#6604 = EDGE_LOOP('',(#6605,#6612,#6613,#6614));
#6605 = ORIENTED_EDGE('',*,*,#6606,.F.);
#6606 = EDGE_CURVE('',#5376,#6282,#6607,.T.);
#6607 = CIRCLE('',#6608,12.5);
#6608 = AXIS2_PLACEMENT_3D('',#6609,#6610,#6611);
#6609 = CARTESIAN_POINT('',(-11.27777777777,89.5,55.));
#6610 = DIRECTION('',(0.,0.,1.));
#6611 = DIRECTION('',(1.,0.,-0.));
#6612 = ORIENTED_EDGE('',*,*,#5384,.F.);
#6613 = ORIENTED_EDGE('',*,*,#4981,.T.);
#6614 = ORIENTED_EDGE('',*,*,#6562,.T.);
#6615 = PLANE('',#6616);
#6616 = AXIS2_PLACEMENT_3D('',#6617,#6618,#6619);
#6617 = CARTESIAN_POINT('',(11.277777777778,89.5,55.));
#6618 = DIRECTION('',(0.,0.,1.));
#6619 = DIRECTION('',(1.,0.,-0.));
#6620 = ADVANCED_FACE('',(#6621),#6640,.T.);
#6621 = FACE_BOUND('',#6622,.T.);
#6622 = EDGE_LOOP('',(#6623,#6624,#6632,#6639));
#6623 = ORIENTED_EDGE('',*,*,#6590,.F.);
#6624 = ORIENTED_EDGE('',*,*,#6625,.F.);
#6625 = EDGE_CURVE('',#6626,#6582,#6628,.T.);
#6626 = VERTEX_POINT('',#6627);
#6627 = CARTESIAN_POINT('',(22.555555555556,94.890893098092,5.));
#6628 = LINE('',#6629,#6630);
#6629 = CARTESIAN_POINT('',(22.555555555556,94.890893098093,5.));
#6630 = VECTOR('',#6631,1.);
#6631 = DIRECTION('',(0.,0.,1.));
#6632 = ORIENTED_EDGE('',*,*,#6633,.T.);
#6633 = EDGE_CURVE('',#6626,#4958,#6634,.T.);
#6634 = CIRCLE('',#6635,12.5);
#6635 = AXIS2_PLACEMENT_3D('',#6636,#6637,#6638);
#6636 = CARTESIAN_POINT('',(11.277777777778,89.5,5.));
#6637 = DIRECTION('',(0.,0.,1.));
#6638 = DIRECTION('',(1.,0.,-0.));
#6639 = ORIENTED_EDGE('',*,*,#4965,.T.);
#6640 = CYLINDRICAL_SURFACE('',#6641,12.5);
#6641 = AXIS2_PLACEMENT_3D('',#6642,#6643,#6644);
#6642 = CARTESIAN_POINT('',(11.277777777778,89.5,5.));
#6643 = DIRECTION('',(0.,0.,1.));
#6644 = DIRECTION('',(1.,0.,-0.));
#6645 = ADVANCED_FACE('',(#6646),#6657,.T.);
#6646 = FACE_BOUND('',#6647,.T.);
#6647 = EDGE_LOOP('',(#6648,#6649,#6656));
#6648 = ORIENTED_EDGE('',*,*,#6633,.F.);
#6649 = ORIENTED_EDGE('',*,*,#6650,.F.);
#6650 = EDGE_CURVE('',#4950,#6626,#6651,.T.);
#6651 = CIRCLE('',#6652,12.5);
#6652 = AXIS2_PLACEMENT_3D('',#6653,#6654,#6655);
#6653 = CARTESIAN_POINT('',(33.833333333333,89.5,5.));
#6654 = DIRECTION('',(0.,0.,1.));
#6655 = DIRECTION('',(1.,0.,-0.));
#6656 = ORIENTED_EDGE('',*,*,#4957,.F.);
#6657 = PLANE('',#6658);
#6658 = AXIS2_PLACEMENT_3D('',#6659,#6660,#6661);
#6659 = CARTESIAN_POINT('',(-122.,0.,5.));
#6660 = DIRECTION('',(0.,0.,1.));
#6661 = DIRECTION('',(1.,0.,-0.));
#6662 = ADVANCED_FACE('',(#6663),#6675,.T.);
#6663 = FACE_BOUND('',#6664,.T.);
#6664 = EDGE_LOOP('',(#6665,#6672,#6673,#6674));
#6665 = ORIENTED_EDGE('',*,*,#6666,.F.);
#6666 = EDGE_CURVE('',#4942,#6582,#6667,.T.);
#6667 = CIRCLE('',#6668,12.5);
#6668 = AXIS2_PLACEMENT_3D('',#6669,#6670,#6671);
#6669 = CARTESIAN_POINT('',(33.833333333333,89.5,55.));
#6670 = DIRECTION('',(0.,0.,1.));
#6671 = DIRECTION('',(1.,0.,-0.));
#6672 = ORIENTED_EDGE('',*,*,#4949,.F.);
#6673 = ORIENTED_EDGE('',*,*,#6650,.T.);
#6674 = ORIENTED_EDGE('',*,*,#6625,.T.);
#6675 = CYLINDRICAL_SURFACE('',#6676,12.5);
#6676 = AXIS2_PLACEMENT_3D('',#6677,#6678,#6679);
#6677 = CARTESIAN_POINT('',(33.833333333333,89.5,5.));
#6678 = DIRECTION('',(0.,0.,1.));
#6679 = DIRECTION('',(1.,0.,-0.));
#6680 = ADVANCED_FACE('',(#6681),#6701,.T.);
#6681 = FACE_BOUND('',#6682,.T.);
#6682 = EDGE_LOOP('',(#6683,#6684,#6693,#6700));
#6683 = ORIENTED_EDGE('',*,*,#5476,.F.);
#6684 = ORIENTED_EDGE('',*,*,#6685,.F.);
#6685 = EDGE_CURVE('',#6686,#5477,#6688,.T.);
#6686 = VERTEX_POINT('',#6687);
#6687 = CARTESIAN_POINT('',(45.111111111111,94.890893098092,55.));
#6688 = CIRCLE('',#6689,12.5);
#6689 = AXIS2_PLACEMENT_3D('',#6690,#6691,#6692);
#6690 = CARTESIAN_POINT('',(56.388888888889,89.5,55.));
#6691 = DIRECTION('',(0.,0.,1.));
#6692 = DIRECTION('',(1.,0.,-0.));
#6693 = ORIENTED_EDGE('',*,*,#6694,.T.);
#6694 = EDGE_CURVE('',#6686,#4926,#6695,.T.);
#6695 = CIRCLE('',#6696,12.5);
#6696 = AXIS2_PLACEMENT_3D('',#6697,#6698,#6699);
#6697 = CARTESIAN_POINT('',(33.833333333333,89.5,55.));
#6698 = DIRECTION('',(0.,0.,1.));
#6699 = DIRECTION('',(1.,0.,-0.));
#6700 = ORIENTED_EDGE('',*,*,#4933,.T.);
#6701 = PLANE('',#6702);
#6702 = AXIS2_PLACEMENT_3D('',#6703,#6704,#6705);
#6703 = CARTESIAN_POINT('',(33.833333333333,89.5,55.));
#6704 = DIRECTION('',(0.,0.,1.));
#6705 = DIRECTION('',(1.,0.,-0.));
#6706 = ADVANCED_FACE('',(#6707),#6719,.T.);
#6707 = FACE_BOUND('',#6708,.T.);
#6708 = EDGE_LOOP('',(#6709,#6716,#6717,#6718));
#6709 = ORIENTED_EDGE('',*,*,#6710,.F.);
#6710 = EDGE_CURVE('',#5461,#6582,#6711,.T.);
#6711 = CIRCLE('',#6712,12.5);
#6712 = AXIS2_PLACEMENT_3D('',#6713,#6714,#6715);
#6713 = CARTESIAN_POINT('',(11.277777777778,89.5,55.));
#6714 = DIRECTION('',(0.,0.,1.));
#6715 = DIRECTION('',(1.,0.,-0.));
#6716 = ORIENTED_EDGE('',*,*,#5469,.F.);
#6717 = ORIENTED_EDGE('',*,*,#4941,.T.);
#6718 = ORIENTED_EDGE('',*,*,#6666,.T.);
#6719 = PLANE('',#6720);
#6720 = AXIS2_PLACEMENT_3D('',#6721,#6722,#6723);
#6721 = CARTESIAN_POINT('',(33.833333333333,89.5,55.));
#6722 = DIRECTION('',(0.,0.,1.));
#6723 = DIRECTION('',(1.,0.,-0.));
#6724 = ADVANCED_FACE('',(#6725),#6744,.T.);
#6725 = FACE_BOUND('',#6726,.T.);
#6726 = EDGE_LOOP('',(#6727,#6728,#6736,#6743));
#6727 = ORIENTED_EDGE('',*,*,#6694,.F.);
#6728 = ORIENTED_EDGE('',*,*,#6729,.F.);
#6729 = EDGE_CURVE('',#6730,#6686,#6732,.T.);
#6730 = VERTEX_POINT('',#6731);
#6731 = CARTESIAN_POINT('',(45.111111111111,94.890893098092,5.));
#6732 = LINE('',#6733,#6734);
#6733 = CARTESIAN_POINT('',(45.111111111111,94.890893098093,5.));
#6734 = VECTOR('',#6735,1.);
#6735 = DIRECTION('',(0.,0.,1.));
#6736 = ORIENTED_EDGE('',*,*,#6737,.T.);
#6737 = EDGE_CURVE('',#6730,#4918,#6738,.T.);
#6738 = CIRCLE('',#6739,12.5);
#6739 = AXIS2_PLACEMENT_3D('',#6740,#6741,#6742);
#6740 = CARTESIAN_POINT('',(33.833333333333,89.5,5.));
#6741 = DIRECTION('',(0.,0.,1.));
#6742 = DIRECTION('',(1.,0.,-0.));
#6743 = ORIENTED_EDGE('',*,*,#4925,.T.);
#6744 = CYLINDRICAL_SURFACE('',#6745,12.5);
#6745 = AXIS2_PLACEMENT_3D('',#6746,#6747,#6748);
#6746 = CARTESIAN_POINT('',(33.833333333333,89.5,5.));
#6747 = DIRECTION('',(0.,0.,1.));
#6748 = DIRECTION('',(1.,0.,-0.));
#6749 = ADVANCED_FACE('',(#6750),#6761,.T.);
#6750 = FACE_BOUND('',#6751,.T.);
#6751 = EDGE_LOOP('',(#6752,#6753,#6760));
#6752 = ORIENTED_EDGE('',*,*,#6737,.F.);
#6753 = ORIENTED_EDGE('',*,*,#6754,.F.);
#6754 = EDGE_CURVE('',#4910,#6730,#6755,.T.);
#6755 = CIRCLE('',#6756,12.5);
#6756 = AXIS2_PLACEMENT_3D('',#6757,#6758,#6759);
#6757 = CARTESIAN_POINT('',(56.388888888889,89.5,5.));
#6758 = DIRECTION('',(0.,0.,1.));
#6759 = DIRECTION('',(1.,0.,-0.));
#6760 = ORIENTED_EDGE('',*,*,#4917,.F.);
#6761 = PLANE('',#6762);
#6762 = AXIS2_PLACEMENT_3D('',#6763,#6764,#6765);
#6763 = CARTESIAN_POINT('',(-122.,0.,5.));
#6764 = DIRECTION('',(0.,0.,1.));
#6765 = DIRECTION('',(1.,0.,-0.));
#6766 = ADVANCED_FACE('',(#6767),#6779,.T.);
#6767 = FACE_BOUND('',#6768,.T.);
#6768 = EDGE_LOOP('',(#6769,#6776,#6777,#6778));
#6769 = ORIENTED_EDGE('',*,*,#6770,.F.);
#6770 = EDGE_CURVE('',#4902,#6686,#6771,.T.);
#6771 = CIRCLE('',#6772,12.5);
#6772 = AXIS2_PLACEMENT_3D('',#6773,#6774,#6775);
#6773 = CARTESIAN_POINT('',(56.388888888889,89.5,55.));
#6774 = DIRECTION('',(0.,0.,1.));
#6775 = DIRECTION('',(1.,0.,-0.));
#6776 = ORIENTED_EDGE('',*,*,#4909,.F.);
#6777 = ORIENTED_EDGE('',*,*,#6754,.T.);
#6778 = ORIENTED_EDGE('',*,*,#6729,.T.);
#6779 = CYLINDRICAL_SURFACE('',#6780,12.5);
#6780 = AXIS2_PLACEMENT_3D('',#6781,#6782,#6783);
#6781 = CARTESIAN_POINT('',(56.388888888889,89.5,5.));
#6782 = DIRECTION('',(0.,0.,1.));
#6783 = DIRECTION('',(1.,0.,-0.));
#6784 = ADVANCED_FACE('',(#6785),#6797,.T.);
#6785 = FACE_BOUND('',#6786,.T.);
#6786 = EDGE_LOOP('',(#6787,#6794,#6795,#6796));
#6787 = ORIENTED_EDGE('',*,*,#6788,.F.);
#6788 = EDGE_CURVE('',#5546,#6686,#6789,.T.);
#6789 = CIRCLE('',#6790,12.5);
#6790 = AXIS2_PLACEMENT_3D('',#6791,#6792,#6793);
#6791 = CARTESIAN_POINT('',(33.833333333333,89.5,55.));
#6792 = DIRECTION('',(0.,0.,1.));
#6793 = DIRECTION('',(1.,0.,-0.));
#6794 = ORIENTED_EDGE('',*,*,#5554,.F.);
#6795 = ORIENTED_EDGE('',*,*,#4901,.T.);
#6796 = ORIENTED_EDGE('',*,*,#6770,.T.);
#6797 = PLANE('',#6798);
#6798 = AXIS2_PLACEMENT_3D('',#6799,#6800,#6801);
#6799 = CARTESIAN_POINT('',(56.388888888889,89.5,55.));
#6800 = DIRECTION('',(0.,0.,1.));
#6801 = DIRECTION('',(1.,0.,-0.));
#6802 = ADVANCED_FACE('',(#6803),#6809,.T.);
#6803 = FACE_BOUND('',#6804,.T.);
#6804 = EDGE_LOOP('',(#6805,#6806,#6807,#6808));
#6805 = ORIENTED_EDGE('',*,*,#5205,.F.);
#6806 = ORIENTED_EDGE('',*,*,#6202,.T.);
#6807 = ORIENTED_EDGE('',*,*,#6368,.T.);
#6808 = ORIENTED_EDGE('',*,*,#5145,.F.);
#6809 = PLANE('',#6810);
#6810 = AXIS2_PLACEMENT_3D('',#6811,#6812,#6813);
#6811 = CARTESIAN_POINT('',(-56.38888888888,89.5,55.));
#6812 = DIRECTION('',(0.,0.,1.));
#6813 = DIRECTION('',(1.,0.,-0.));
#6814 = ADVANCED_FACE('',(#6815),#6821,.T.);
#6815 = FACE_BOUND('',#6816,.T.);
#6816 = EDGE_LOOP('',(#6817,#6818,#6819,#6820));
#6817 = ORIENTED_EDGE('',*,*,#5290,.F.);
#6818 = ORIENTED_EDGE('',*,*,#6306,.T.);
#6819 = ORIENTED_EDGE('',*,*,#6177,.T.);
#6820 = ORIENTED_EDGE('',*,*,#5230,.F.);
#6821 = PLANE('',#6822);
#6822 = AXIS2_PLACEMENT_3D('',#6823,#6824,#6825);
#6823 = CARTESIAN_POINT('',(-33.83333333333,89.5,55.));
#6824 = DIRECTION('',(0.,0.,1.));
#6825 = DIRECTION('',(1.,0.,-0.));
#6826 = ADVANCED_FACE('',(#6827),#6833,.T.);
#6827 = FACE_BOUND('',#6828,.T.);
#6828 = EDGE_LOOP('',(#6829,#6830,#6831,#6832));
#6829 = ORIENTED_EDGE('',*,*,#5375,.F.);
#6830 = ORIENTED_EDGE('',*,*,#6606,.T.);
#6831 = ORIENTED_EDGE('',*,*,#6281,.T.);
#6832 = ORIENTED_EDGE('',*,*,#5315,.F.);
#6833 = PLANE('',#6834);
#6834 = AXIS2_PLACEMENT_3D('',#6835,#6836,#6837);
#6835 = CARTESIAN_POINT('',(-11.27777777777,89.5,55.));
#6836 = DIRECTION('',(0.,0.,1.));
#6837 = DIRECTION('',(1.,0.,-0.));
#6838 = ADVANCED_FACE('',(#6839),#6845,.T.);
#6839 = FACE_BOUND('',#6840,.T.);
#6840 = EDGE_LOOP('',(#6841,#6842,#6843,#6844));
#6841 = ORIENTED_EDGE('',*,*,#5460,.F.);
#6842 = ORIENTED_EDGE('',*,*,#6710,.T.);
#6843 = ORIENTED_EDGE('',*,*,#6581,.T.);
#6844 = ORIENTED_EDGE('',*,*,#5400,.F.);
#6845 = PLANE('',#6846);
#6846 = AXIS2_PLACEMENT_3D('',#6847,#6848,#6849);
#6847 = CARTESIAN_POINT('',(11.277777777778,89.5,55.));
#6848 = DIRECTION('',(0.,0.,1.));
#6849 = DIRECTION('',(1.,0.,-0.));
#6850 = ADVANCED_FACE('',(#6851),#6857,.T.);
#6851 = FACE_BOUND('',#6852,.T.);
#6852 = EDGE_LOOP('',(#6853,#6854,#6855,#6856));
#6853 = ORIENTED_EDGE('',*,*,#5545,.F.);
#6854 = ORIENTED_EDGE('',*,*,#6788,.T.);
#6855 = ORIENTED_EDGE('',*,*,#6685,.T.);
#6856 = ORIENTED_EDGE('',*,*,#5485,.F.);
#6857 = PLANE('',#6858);
#6858 = AXIS2_PLACEMENT_3D('',#6859,#6860,#6861);
#6859 = CARTESIAN_POINT('',(33.833333333333,89.5,55.));
#6860 = DIRECTION('',(0.,0.,1.));
#6861 = DIRECTION('',(1.,0.,-0.));
#6862 = ADVANCED_FACE('',(#6863),#6888,.T.);
#6863 = FACE_BOUND('',#6864,.T.);
#6864 = EDGE_LOOP('',(#6865,#6866,#6874,#6882));
#6865 = ORIENTED_EDGE('',*,*,#5867,.F.);
#6866 = ORIENTED_EDGE('',*,*,#6867,.F.);
#6867 = EDGE_CURVE('',#6868,#5860,#6870,.T.);
#6868 = VERTEX_POINT('',#6869);
#6869 = CARTESIAN_POINT('',(-49.,153.6,8.));
#6870 = LINE('',#6871,#6872);
#6871 = CARTESIAN_POINT('',(-49.,153.6,8.));
#6872 = VECTOR('',#6873,1.);
#6873 = DIRECTION('',(-0.,1.,0.));
#6874 = ORIENTED_EDGE('',*,*,#6875,.T.);
#6875 = EDGE_CURVE('',#6868,#6876,#6878,.T.);
#6876 = VERTEX_POINT('',#6877);
#6877 = CARTESIAN_POINT('',(-9.,153.6,8.));
#6878 = LINE('',#6879,#6880);
#6879 = CARTESIAN_POINT('',(-49.,153.6,8.));
#6880 = VECTOR('',#6881,1.);
#6881 = DIRECTION('',(1.,0.,-0.));
#6882 = ORIENTED_EDGE('',*,*,#6883,.T.);
#6883 = EDGE_CURVE('',#6876,#5868,#6884,.T.);
#6884 = LINE('',#6885,#6886);
#6885 = CARTESIAN_POINT('',(-9.,153.6,8.));
#6886 = VECTOR('',#6887,1.);
#6887 = DIRECTION('',(-0.,1.,0.));
#6888 = PLANE('',#6889);
#6889 = AXIS2_PLACEMENT_3D('',#6890,#6891,#6892);
#6890 = CARTESIAN_POINT('',(-55.6,103.4,8.));
#6891 = DIRECTION('',(0.,0.,1.));
#6892 = DIRECTION('',(1.,0.,-0.));
#6893 = ADVANCED_FACE('',(#6894),#6919,.T.);
#6894 = FACE_BOUND('',#6895,.T.);
#6895 = EDGE_LOOP('',(#6896,#6897,#6905,#6913));
#6896 = ORIENTED_EDGE('',*,*,#5952,.F.);
#6897 = ORIENTED_EDGE('',*,*,#6898,.F.);
#6898 = EDGE_CURVE('',#6899,#5945,#6901,.T.);
#6899 = VERTEX_POINT('',#6900);
#6900 = CARTESIAN_POINT('',(9.,153.6,8.));
#6901 = LINE('',#6902,#6903);
#6902 = CARTESIAN_POINT('',(9.,153.6,8.));
#6903 = VECTOR('',#6904,1.);
#6904 = DIRECTION('',(-0.,1.,0.));
#6905 = ORIENTED_EDGE('',*,*,#6906,.T.);
#6906 = EDGE_CURVE('',#6899,#6907,#6909,.T.);
#6907 = VERTEX_POINT('',#6908);
#6908 = CARTESIAN_POINT('',(49.,153.6,8.));
#6909 = LINE('',#6910,#6911);
#6910 = CARTESIAN_POINT('',(9.,153.6,8.));
#6911 = VECTOR('',#6912,1.);
#6912 = DIRECTION('',(1.,0.,-0.));
#6913 = ORIENTED_EDGE('',*,*,#6914,.T.);
#6914 = EDGE_CURVE('',#6907,#5953,#6915,.T.);
#6915 = LINE('',#6916,#6917);
#6916 = CARTESIAN_POINT('',(49.,153.6,8.));
#6917 = VECTOR('',#6918,1.);
#6918 = DIRECTION('',(-0.,1.,0.));
#6919 = PLANE('',#6920);
#6920 = AXIS2_PLACEMENT_3D('',#6921,#6922,#6923);
#6921 = CARTESIAN_POINT('',(2.4,103.4,8.));
#6922 = DIRECTION('',(0.,0.,1.));
#6923 = DIRECTION('',(1.,0.,-0.));
#6924 = ADVANCED_FACE('',(#6925),#6935,.T.);
#6925 = FACE_BOUND('',#6926,.T.);
#6926 = EDGE_LOOP('',(#6927,#6928,#6929,#6930,#6931,#6932,#6933,#6934));
#6927 = ORIENTED_EDGE('',*,*,#5997,.F.);
#6928 = ORIENTED_EDGE('',*,*,#6028,.F.);
#6929 = ORIENTED_EDGE('',*,*,#6052,.T.);
#6930 = ORIENTED_EDGE('',*,*,#6069,.T.);
#6931 = ORIENTED_EDGE('',*,*,#6110,.F.);
#6932 = ORIENTED_EDGE('',*,*,#6883,.F.);
#6933 = ORIENTED_EDGE('',*,*,#6875,.F.);
#6934 = ORIENTED_EDGE('',*,*,#6867,.T.);
#6935 = PLANE('',#6936);
#6936 = AXIS2_PLACEMENT_3D('',#6937,#6938,#6939);
#6937 = CARTESIAN_POINT('',(-55.6,103.4,8.));
#6938 = DIRECTION('',(0.,0.,1.));
#6939 = DIRECTION('',(1.,0.,-0.));
#6940 = ADVANCED_FACE('',(#6941),#6951,.T.);
#6941 = FACE_BOUND('',#6942,.T.);
#6942 = EDGE_LOOP('',(#6943,#6944,#6945,#6946,#6947,#6948,#6949,#6950));
#6943 = ORIENTED_EDGE('',*,*,#6433,.F.);
#6944 = ORIENTED_EDGE('',*,*,#6464,.F.);
#6945 = ORIENTED_EDGE('',*,*,#6488,.T.);
#6946 = ORIENTED_EDGE('',*,*,#6505,.T.);
#6947 = ORIENTED_EDGE('',*,*,#6529,.F.);
#6948 = ORIENTED_EDGE('',*,*,#6914,.F.);
#6949 = ORIENTED_EDGE('',*,*,#6906,.F.);
#6950 = ORIENTED_EDGE('',*,*,#6898,.T.);
#6951 = PLANE('',#6952);
#6952 = AXIS2_PLACEMENT_3D('',#6953,#6954,#6955);
#6953 = CARTESIAN_POINT('',(2.4,103.4,8.));
#6954 = DIRECTION('',(0.,0.,1.));
#6955 = DIRECTION('',(1.,0.,-0.));
#6956 = ( GEOMETRIC_REPRESENTATION_CONTEXT(3) 
GLOBAL_UNCERTAINTY_ASSIGNED_CONTEXT((#6960)) 
GLOBAL_UNIT_ASSIGNED_CONTEXT((#6957,#6958,#6959)) REPRESENTATION_CONTEXT
('Context #1','3D Context with UNIT and UNCERTAINTY') );
#6957 = ( LENGTH_UNIT() NAMED_UNIT(*) SI_UNIT(.MILLI.,.METRE.) );
#6958 = ( NAMED_UNIT(*) PLANE_ANGLE_UNIT() SI_UNIT($,.RADIAN.) );
#6959 = ( NAMED_UNIT(*) SI_UNIT($,.STERADIAN.) SOLID_ANGLE_UNIT() );
#6960 = UNCERTAINTY_MEASURE_WITH_UNIT(LENGTH_MEASURE(1.E-07),#6957,
  'distance_accuracy_value','confusion accuracy');
#6961 = PRODUCT_RELATED_PRODUCT_CATEGORY('part',$,(#7));
ENDSEC;
END-ISO-10303-21;
