ISO-10303-21;
HEADER;
FILE_DESCRIPTION(('FreeCAD Model'),'2;1');
FILE_NAME('Open CASCADE Shape Model','2026-08-31T21:38:35',('FreeCAD'),(
    'FreeCAD'),'Open CASCADE STEP processor 7.8','FreeCAD','Unknown');
FILE_SCHEMA(('AUTOMOTIVE_DESIGN { 1 0 10303 214 1 1 1 1 }'));
ENDSEC;
DATA;
#1 = APPLICATION_PROTOCOL_DEFINITION('international standard',
  'automotive_design',2000,#2);
#2 = APPLICATION_CONTEXT(
  'core data for automotive mechanical design processes');
#3 = SHAPE_DEFINITION_REPRESENTATION(#4,#10);
#4 = PRODUCT_DEFINITION_SHAPE('','',#5);
#5 = PRODUCT_DEFINITION('design','',#6,#9);
#6 = PRODUCT_DEFINITION_FORMATION('','',#7);
#7 = PRODUCT('Open CASCADE STEP translator 7.8 7',
  'Open CASCADE STEP translator 7.8 7','',(#8));
#8 = PRODUCT_CONTEXT('',#2,'mechanical');
#9 = PRODUCT_DEFINITION_CONTEXT('part definition',#2,'design');
#10 = ADVANCED_BREP_SHAPE_REPRESENTATION('',(#11,#15),#2506);
#11 = AXIS2_PLACEMENT_3D('',#12,#13,#14);
#12 = CARTESIAN_POINT('',(0.,0.,0.));
#13 = DIRECTION('',(0.,0.,1.));
#14 = DIRECTION('',(1.,0.,-0.));
#15 = MANIFOLD_SOLID_BREP('',#16);
#16 = CLOSED_SHELL('',(#17,#57,#222,#246,#334,#882,#899,#916,#933,#950,
    #967,#984,#1001,#1033,#1057,#1081,#1106,#1131,#1155,#1179,#1197,
    #1214,#1245,#1271,#1297,#1323,#1349,#1375,#1401,#1427,#1453,#1479,
    #1505,#1531,#1557,#1581,#1607,#1633,#1659,#1685,#1711,#1737,#1761,
    #1787,#1813,#1839,#1865,#1891,#1917,#1936,#1967,#1991,#2015,#2041,
    #2067,#2091,#2117,#2134,#2165,#2189,#2213,#2245,#2269,#2293,#2318,
    #2343,#2367,#2391,#2409,#2426,#2462,#2478,#2490));
#17 = ADVANCED_FACE('',(#18),#52,.F.);
#18 = FACE_BOUND('',#19,.F.);
#19 = EDGE_LOOP('',(#20,#30,#38,#46));
#20 = ORIENTED_EDGE('',*,*,#21,.F.);
#21 = EDGE_CURVE('',#22,#24,#26,.T.);
#22 = VERTEX_POINT('',#23);
#23 = CARTESIAN_POINT('',(0.,3.639702342662,10.));
#24 = VERTEX_POINT('',#25);
#25 = CARTESIAN_POINT('',(0.,13.75,10.));
#26 = LINE('',#27,#28);
#27 = CARTESIAN_POINT('',(0.,0.,10.));
#28 = VECTOR('',#29,1.);
#29 = DIRECTION('',(0.,1.,0.));
#30 = ORIENTED_EDGE('',*,*,#31,.T.);
#31 = EDGE_CURVE('',#22,#32,#34,.T.);
#32 = VERTEX_POINT('',#33);
#33 = CARTESIAN_POINT('',(0.,0.,0.));
#34 = LINE('',#35,#36);
#35 = CARTESIAN_POINT('',(0.,0.,0.));
#36 = VECTOR('',#37,1.);
#37 = DIRECTION('',(0.,-0.342020143326,-0.939692620786));
#38 = ORIENTED_EDGE('',*,*,#39,.T.);
#39 = EDGE_CURVE('',#32,#40,#42,.T.);
#40 = VERTEX_POINT('',#41);
#41 = CARTESIAN_POINT('',(0.,13.75,0.));
#42 = LINE('',#43,#44);
#43 = CARTESIAN_POINT('',(0.,0.,0.));
#44 = VECTOR('',#45,1.);
#45 = DIRECTION('',(0.,1.,0.));
#46 = ORIENTED_EDGE('',*,*,#47,.T.);
#47 = EDGE_CURVE('',#40,#24,#48,.T.);
#48 = LINE('',#49,#50);
#49 = CARTESIAN_POINT('',(0.,13.75,-1.));
#50 = VECTOR('',#51,1.);
#51 = DIRECTION('',(0.,0.,1.));
#52 = PLANE('',#53);
#53 = AXIS2_PLACEMENT_3D('',#54,#55,#56);
#54 = CARTESIAN_POINT('',(0.,0.,0.));
#55 = DIRECTION('',(1.,0.,0.));
#56 = DIRECTION('',(0.,0.,1.));
#57 = ADVANCED_FACE('',(#58,#147),#217,.T.);
#58 = FACE_BOUND('',#59,.T.);
#59 = EDGE_LOOP('',(#60,#61,#69,#77,#85,#93,#101,#109,#117,#125,#133,
    #141));
#60 = ORIENTED_EDGE('',*,*,#21,.F.);
#61 = ORIENTED_EDGE('',*,*,#62,.T.);
#62 = EDGE_CURVE('',#22,#63,#65,.T.);
#63 = VERTEX_POINT('',#64);
#64 = CARTESIAN_POINT('',(43.,3.639702342662,10.));
#65 = LINE('',#66,#67);
#66 = CARTESIAN_POINT('',(-1.,3.639702342662,10.));
#67 = VECTOR('',#68,1.);
#68 = DIRECTION('',(1.,0.,0.));
#69 = ORIENTED_EDGE('',*,*,#70,.T.);
#70 = EDGE_CURVE('',#63,#71,#73,.T.);
#71 = VERTEX_POINT('',#72);
#72 = CARTESIAN_POINT('',(43.,13.875609756098,10.));
#73 = LINE('',#74,#75);
#74 = CARTESIAN_POINT('',(43.,0.,10.));
#75 = VECTOR('',#76,1.);
#76 = DIRECTION('',(0.,1.,0.));
#77 = ORIENTED_EDGE('',*,*,#78,.F.);
#78 = EDGE_CURVE('',#79,#71,#81,.T.);
#79 = VERTEX_POINT('',#80);
#80 = CARTESIAN_POINT('',(42.9,13.9,10.));
#81 = LINE('',#82,#83);
#82 = CARTESIAN_POINT('',(42.9,13.9,10.));
#83 = VECTOR('',#84,1.);
#84 = DIRECTION('',(0.971520338783,-0.236956180191,0.));
#85 = ORIENTED_EDGE('',*,*,#86,.F.);
#86 = EDGE_CURVE('',#87,#79,#89,.T.);
#87 = VERTEX_POINT('',#88);
#88 = CARTESIAN_POINT('',(42.9,17.9,10.));
#89 = LINE('',#90,#91);
#90 = CARTESIAN_POINT('',(42.9,17.9,10.));
#91 = VECTOR('',#92,1.);
#92 = DIRECTION('',(0.,-1.,0.));
#93 = ORIENTED_EDGE('',*,*,#94,.F.);
#94 = EDGE_CURVE('',#95,#87,#97,.T.);
#95 = VERTEX_POINT('',#96);
#96 = CARTESIAN_POINT('',(43.,17.924390243902,10.));
#97 = LINE('',#98,#99);
#98 = CARTESIAN_POINT('',(47.,18.9,10.));
#99 = VECTOR('',#100,1.);
#100 = DIRECTION('',(-0.971520338783,-0.236956180191,0.));
#101 = ORIENTED_EDGE('',*,*,#102,.T.);
#102 = EDGE_CURVE('',#95,#103,#105,.T.);
#103 = VERTEX_POINT('',#104);
#104 = CARTESIAN_POINT('',(43.,53.,10.));
#105 = LINE('',#106,#107);
#106 = CARTESIAN_POINT('',(43.,0.,10.));
#107 = VECTOR('',#108,1.);
#108 = DIRECTION('',(0.,1.,0.));
#109 = ORIENTED_EDGE('',*,*,#110,.F.);
#110 = EDGE_CURVE('',#111,#103,#113,.T.);
#111 = VERTEX_POINT('',#112);
#112 = CARTESIAN_POINT('',(0.,53.,10.));
#113 = LINE('',#114,#115);
#114 = CARTESIAN_POINT('',(0.,53.,10.));
#115 = VECTOR('',#116,1.);
#116 = DIRECTION('',(1.,0.,0.));
#117 = ORIENTED_EDGE('',*,*,#118,.F.);
#118 = EDGE_CURVE('',#119,#111,#121,.T.);
#119 = VERTEX_POINT('',#120);
#120 = CARTESIAN_POINT('',(0.,18.05,10.));
#121 = LINE('',#122,#123);
#122 = CARTESIAN_POINT('',(0.,0.,10.));
#123 = VECTOR('',#124,1.);
#124 = DIRECTION('',(0.,1.,0.));
#125 = ORIENTED_EDGE('',*,*,#126,.T.);
#126 = EDGE_CURVE('',#119,#127,#129,.T.);
#127 = VERTEX_POINT('',#128);
#128 = CARTESIAN_POINT('',(4.,19.05,10.));
#129 = LINE('',#130,#131);
#130 = CARTESIAN_POINT('',(-0.123529411765,18.019117647059,10.));
#131 = VECTOR('',#132,1.);
#132 = DIRECTION('',(0.970142500145,0.242535625036,0.));
#133 = ORIENTED_EDGE('',*,*,#134,.T.);
#134 = EDGE_CURVE('',#127,#135,#137,.T.);
#135 = VERTEX_POINT('',#136);
#136 = CARTESIAN_POINT('',(4.,12.75,10.));
#137 = LINE('',#138,#139);
#138 = CARTESIAN_POINT('',(4.,6.375,10.));
#139 = VECTOR('',#140,1.);
#140 = DIRECTION('',(0.,-1.,0.));
#141 = ORIENTED_EDGE('',*,*,#142,.T.);
#142 = EDGE_CURVE('',#135,#24,#143,.T.);
#143 = LINE('',#144,#145);
#144 = CARTESIAN_POINT('',(1.617647058824,13.345588235294,10.));
#145 = VECTOR('',#146,1.);
#146 = DIRECTION('',(-0.970142500145,0.242535625036,0.));
#147 = FACE_BOUND('',#148,.T.);
#148 = EDGE_LOOP('',(#149,#160,#168,#177,#185,#194,#202,#211));
#149 = ORIENTED_EDGE('',*,*,#150,.F.);
#150 = EDGE_CURVE('',#151,#153,#155,.T.);
#151 = VERTEX_POINT('',#152);
#152 = CARTESIAN_POINT('',(16.6,38.36,10.));
#153 = VERTEX_POINT('',#154);
#154 = CARTESIAN_POINT('',(16.,37.76,10.));
#155 = CIRCLE('',#156,0.6);
#156 = AXIS2_PLACEMENT_3D('',#157,#158,#159);
#157 = CARTESIAN_POINT('',(16.6,37.76,10.));
#158 = DIRECTION('',(0.,-0.,1.));
#159 = DIRECTION('',(0.,1.,0.));
#160 = ORIENTED_EDGE('',*,*,#161,.T.);
#161 = EDGE_CURVE('',#151,#162,#164,.T.);
#162 = VERTEX_POINT('',#163);
#163 = CARTESIAN_POINT('',(26.4,38.36,10.));
#164 = LINE('',#165,#166);
#165 = CARTESIAN_POINT('',(13.5,38.36,10.));
#166 = VECTOR('',#167,1.);
#167 = DIRECTION('',(1.,0.,0.));
#168 = ORIENTED_EDGE('',*,*,#169,.F.);
#169 = EDGE_CURVE('',#170,#162,#172,.T.);
#170 = VERTEX_POINT('',#171);
#171 = CARTESIAN_POINT('',(27.,37.76,10.));
#172 = CIRCLE('',#173,0.6);
#173 = AXIS2_PLACEMENT_3D('',#174,#175,#176);
#174 = CARTESIAN_POINT('',(26.4,37.76,10.));
#175 = DIRECTION('',(0.,-0.,1.));
#176 = DIRECTION('',(0.,1.,0.));
#177 = ORIENTED_EDGE('',*,*,#178,.T.);
#178 = EDGE_CURVE('',#170,#179,#181,.T.);
#179 = VERTEX_POINT('',#180);
#180 = CARTESIAN_POINT('',(27.,27.96,10.));
#181 = LINE('',#182,#183);
#182 = CARTESIAN_POINT('',(27.,13.68,10.));
#183 = VECTOR('',#184,1.);
#184 = DIRECTION('',(0.,-1.,0.));
#185 = ORIENTED_EDGE('',*,*,#186,.F.);
#186 = EDGE_CURVE('',#187,#179,#189,.T.);
#187 = VERTEX_POINT('',#188);
#188 = CARTESIAN_POINT('',(26.4,27.36,10.));
#189 = CIRCLE('',#190,0.6);
#190 = AXIS2_PLACEMENT_3D('',#191,#192,#193);
#191 = CARTESIAN_POINT('',(26.4,27.96,10.));
#192 = DIRECTION('',(-0.,0.,1.));
#193 = DIRECTION('',(0.,-1.,0.));
#194 = ORIENTED_EDGE('',*,*,#195,.T.);
#195 = EDGE_CURVE('',#187,#196,#198,.T.);
#196 = VERTEX_POINT('',#197);
#197 = CARTESIAN_POINT('',(16.6,27.36,10.));
#198 = LINE('',#199,#200);
#199 = CARTESIAN_POINT('',(8.,27.36,10.));
#200 = VECTOR('',#201,1.);
#201 = DIRECTION('',(-1.,0.,0.));
#202 = ORIENTED_EDGE('',*,*,#203,.F.);
#203 = EDGE_CURVE('',#204,#196,#206,.T.);
#204 = VERTEX_POINT('',#205);
#205 = CARTESIAN_POINT('',(16.,27.96,10.));
#206 = CIRCLE('',#207,0.6);
#207 = AXIS2_PLACEMENT_3D('',#208,#209,#210);
#208 = CARTESIAN_POINT('',(16.6,27.96,10.));
#209 = DIRECTION('',(0.,0.,1.));
#210 = DIRECTION('',(-1.,0.,0.));
#211 = ORIENTED_EDGE('',*,*,#212,.T.);
#212 = EDGE_CURVE('',#204,#153,#213,.T.);
#213 = LINE('',#214,#215);
#214 = CARTESIAN_POINT('',(16.,19.18,10.));
#215 = VECTOR('',#216,1.);
#216 = DIRECTION('',(0.,1.,0.));
#217 = PLANE('',#218);
#218 = AXIS2_PLACEMENT_3D('',#219,#220,#221);
#219 = CARTESIAN_POINT('',(0.,0.,10.));
#220 = DIRECTION('',(0.,0.,1.));
#221 = DIRECTION('',(1.,0.,0.));
#222 = ADVANCED_FACE('',(#223),#241,.T.);
#223 = FACE_BOUND('',#224,.T.);
#224 = EDGE_LOOP('',(#225,#233,#234,#235));
#225 = ORIENTED_EDGE('',*,*,#226,.T.);
#226 = EDGE_CURVE('',#227,#40,#229,.T.);
#227 = VERTEX_POINT('',#228);
#228 = CARTESIAN_POINT('',(4.,12.75,0.));
#229 = LINE('',#230,#231);
#230 = CARTESIAN_POINT('',(1.617647058824,13.345588235294,0.));
#231 = VECTOR('',#232,1.);
#232 = DIRECTION('',(-0.970142500145,0.242535625036,0.));
#233 = ORIENTED_EDGE('',*,*,#47,.T.);
#234 = ORIENTED_EDGE('',*,*,#142,.F.);
#235 = ORIENTED_EDGE('',*,*,#236,.F.);
#236 = EDGE_CURVE('',#227,#135,#237,.T.);
#237 = LINE('',#238,#239);
#238 = CARTESIAN_POINT('',(4.,12.75,-1.));
#239 = VECTOR('',#240,1.);
#240 = DIRECTION('',(0.,0.,1.));
#241 = PLANE('',#242);
#242 = AXIS2_PLACEMENT_3D('',#243,#244,#245);
#243 = CARTESIAN_POINT('',(0.,13.75,-1.));
#244 = DIRECTION('',(0.242535625036,0.970142500145,0.));
#245 = DIRECTION('',(0.970142500145,-0.242535625036,0.));
#246 = ADVANCED_FACE('',(#247),#329,.F.);
#247 = FACE_BOUND('',#248,.F.);
#248 = EDGE_LOOP('',(#249,#250,#258,#266,#274,#282,#290,#298,#306,#314,
    #322,#328));
#249 = ORIENTED_EDGE('',*,*,#39,.F.);
#250 = ORIENTED_EDGE('',*,*,#251,.T.);
#251 = EDGE_CURVE('',#32,#252,#254,.T.);
#252 = VERTEX_POINT('',#253);
#253 = CARTESIAN_POINT('',(43.,0.,0.));
#254 = LINE('',#255,#256);
#255 = CARTESIAN_POINT('',(0.,0.,0.));
#256 = VECTOR('',#257,1.);
#257 = DIRECTION('',(1.,0.,0.));
#258 = ORIENTED_EDGE('',*,*,#259,.T.);
#259 = EDGE_CURVE('',#252,#260,#262,.T.);
#260 = VERTEX_POINT('',#261);
#261 = CARTESIAN_POINT('',(43.,13.875609756098,0.));
#262 = LINE('',#263,#264);
#263 = CARTESIAN_POINT('',(43.,0.,0.));
#264 = VECTOR('',#265,1.);
#265 = DIRECTION('',(0.,1.,0.));
#266 = ORIENTED_EDGE('',*,*,#267,.F.);
#267 = EDGE_CURVE('',#268,#260,#270,.T.);
#268 = VERTEX_POINT('',#269);
#269 = CARTESIAN_POINT('',(42.9,13.9,0.));
#270 = LINE('',#271,#272);
#271 = CARTESIAN_POINT('',(42.9,13.9,0.));
#272 = VECTOR('',#273,1.);
#273 = DIRECTION('',(0.971520338783,-0.236956180191,0.));
#274 = ORIENTED_EDGE('',*,*,#275,.F.);
#275 = EDGE_CURVE('',#276,#268,#278,.T.);
#276 = VERTEX_POINT('',#277);
#277 = CARTESIAN_POINT('',(42.9,17.9,0.));
#278 = LINE('',#279,#280);
#279 = CARTESIAN_POINT('',(42.9,17.9,0.));
#280 = VECTOR('',#281,1.);
#281 = DIRECTION('',(0.,-1.,0.));
#282 = ORIENTED_EDGE('',*,*,#283,.F.);
#283 = EDGE_CURVE('',#284,#276,#286,.T.);
#284 = VERTEX_POINT('',#285);
#285 = CARTESIAN_POINT('',(43.,17.924390243902,0.));
#286 = LINE('',#287,#288);
#287 = CARTESIAN_POINT('',(47.,18.9,0.));
#288 = VECTOR('',#289,1.);
#289 = DIRECTION('',(-0.971520338783,-0.236956180191,0.));
#290 = ORIENTED_EDGE('',*,*,#291,.T.);
#291 = EDGE_CURVE('',#284,#292,#294,.T.);
#292 = VERTEX_POINT('',#293);
#293 = CARTESIAN_POINT('',(43.,53.,0.));
#294 = LINE('',#295,#296);
#295 = CARTESIAN_POINT('',(43.,0.,0.));
#296 = VECTOR('',#297,1.);
#297 = DIRECTION('',(0.,1.,0.));
#298 = ORIENTED_EDGE('',*,*,#299,.F.);
#299 = EDGE_CURVE('',#300,#292,#302,.T.);
#300 = VERTEX_POINT('',#301);
#301 = CARTESIAN_POINT('',(0.,53.,0.));
#302 = LINE('',#303,#304);
#303 = CARTESIAN_POINT('',(0.,53.,0.));
#304 = VECTOR('',#305,1.);
#305 = DIRECTION('',(1.,0.,0.));
#306 = ORIENTED_EDGE('',*,*,#307,.F.);
#307 = EDGE_CURVE('',#308,#300,#310,.T.);
#308 = VERTEX_POINT('',#309);
#309 = CARTESIAN_POINT('',(0.,18.05,0.));
#310 = LINE('',#311,#312);
#311 = CARTESIAN_POINT('',(0.,0.,0.));
#312 = VECTOR('',#313,1.);
#313 = DIRECTION('',(0.,1.,0.));
#314 = ORIENTED_EDGE('',*,*,#315,.T.);
#315 = EDGE_CURVE('',#308,#316,#318,.T.);
#316 = VERTEX_POINT('',#317);
#317 = CARTESIAN_POINT('',(4.,19.05,0.));
#318 = LINE('',#319,#320);
#319 = CARTESIAN_POINT('',(-0.123529411765,18.019117647059,0.));
#320 = VECTOR('',#321,1.);
#321 = DIRECTION('',(0.970142500145,0.242535625036,0.));
#322 = ORIENTED_EDGE('',*,*,#323,.T.);
#323 = EDGE_CURVE('',#316,#227,#324,.T.);
#324 = LINE('',#325,#326);
#325 = CARTESIAN_POINT('',(4.,6.375,0.));
#326 = VECTOR('',#327,1.);
#327 = DIRECTION('',(0.,-1.,0.));
#328 = ORIENTED_EDGE('',*,*,#226,.T.);
#329 = PLANE('',#330);
#330 = AXIS2_PLACEMENT_3D('',#331,#332,#333);
#331 = CARTESIAN_POINT('',(0.,0.,0.));
#332 = DIRECTION('',(0.,0.,1.));
#333 = DIRECTION('',(1.,0.,0.));
#334 = ADVANCED_FACE('',(#335,#346,#789),#877,.T.);
#335 = FACE_BOUND('',#336,.T.);
#336 = EDGE_LOOP('',(#337,#338,#339,#345));
#337 = ORIENTED_EDGE('',*,*,#31,.T.);
#338 = ORIENTED_EDGE('',*,*,#251,.T.);
#339 = ORIENTED_EDGE('',*,*,#340,.F.);
#340 = EDGE_CURVE('',#63,#252,#341,.T.);
#341 = LINE('',#342,#343);
#342 = CARTESIAN_POINT('',(43.,0.,0.));
#343 = VECTOR('',#344,1.);
#344 = DIRECTION('',(0.,-0.342020143326,-0.939692620786));
#345 = ORIENTED_EDGE('',*,*,#62,.F.);
#346 = FACE_BOUND('',#347,.T.);
#347 = EDGE_LOOP('',(#348,#358,#373,#388,#403,#422,#441,#456,#467,#475,
    #490,#505,#520,#535,#550,#565,#573,#585,#600,#615,#638,#655,#678,
    #693,#710,#733,#752,#774));
#348 = ORIENTED_EDGE('',*,*,#349,.F.);
#349 = EDGE_CURVE('',#350,#352,#354,.T.);
#350 = VERTEX_POINT('',#351);
#351 = CARTESIAN_POINT('',(22.692738853503,1.826007827094,5.016915272688
    ));
#352 = VERTEX_POINT('',#353);
#353 = CARTESIAN_POINT('',(21.653248407643,1.783048354314,4.898885091274
    ));
#354 = LINE('',#355,#356);
#355 = CARTESIAN_POINT('',(10.179184229552,1.308854724453,3.59604880078)
  );
#356 = VECTOR('',#357,1.);
#357 = DIRECTION('',(-0.992778634966,-4.102899349847E-02,-0.11272623318)
  );
#358 = ORIENTED_EDGE('',*,*,#359,.F.);
#359 = EDGE_CURVE('',#360,#350,#362,.T.);
#360 = VERTEX_POINT('',#361);
#361 = CARTESIAN_POINT('',(22.96025477707,1.618791546628,4.447593221164)
  );
#362 = B_SPLINE_CURVE_WITH_KNOTS('',5,(#363,#364,#365,#366,#367,#368,
    #369,#370,#371,#372),.UNSPECIFIED.,.F.,.F.,(6,4,6),(0.,
    0.490363581921,1.),.UNSPECIFIED.);
#363 = CARTESIAN_POINT('',(22.96025477707,1.618791546628,4.447593221164)
  );
#364 = CARTESIAN_POINT('',(22.916098619142,1.63332860998,4.48753347447)
  );
#365 = CARTESIAN_POINT('',(22.87629838291,1.649491361738,4.531940269961)
  );
#366 = CARTESIAN_POINT('',(22.841023244654,1.66721369234,4.58063197311)
  );
#367 = CARTESIAN_POINT('',(22.810269620588,1.68638435004,4.633302922257)
  );
#368 = CARTESIAN_POINT('',(22.75654340178,1.728156635761,4.748071334033)
  );
#369 = CARTESIAN_POINT('',(22.733922009384,1.750865366177,4.810463058076
    ));
#370 = CARTESIAN_POINT('',(22.715927998067,1.774846220914,4.876349914965
    ));
#371 = CARTESIAN_POINT('',(22.702296489314,1.799940413384,4.945295642137
    ));
#372 = CARTESIAN_POINT('',(22.692738853503,1.826007827094,5.016915272688
    ));
#373 = ORIENTED_EDGE('',*,*,#374,.F.);
#374 = EDGE_CURVE('',#375,#360,#377,.T.);
#375 = VERTEX_POINT('',#376);
#376 = CARTESIAN_POINT('',(23.487643312102,1.547163379032,4.250796448098
    ));
#377 = B_SPLINE_CURVE_WITH_KNOTS('',5,(#378,#379,#380,#381,#382,#383,
    #384,#385,#386,#387),.UNSPECIFIED.,.F.,.F.,(6,4,6),(0.,
    0.544547321447,1.),.UNSPECIFIED.);
#378 = CARTESIAN_POINT('',(23.487643312102,1.547163379032,4.250796448098
    ));
#379 = CARTESIAN_POINT('',(23.421296837647,1.547163379032,4.250796448098
    ));
#380 = CARTESIAN_POINT('',(23.356848468579,1.54921986351,4.256446592764)
  );
#381 = CARTESIAN_POINT('',(23.294626446498,1.553424011313,4.267997393922
    ));
#382 = CARTESIAN_POINT('',(23.234928321901,1.559816508408,4.285560635343
    ));
#383 = CARTESIAN_POINT('',(23.130370393704,1.575507016273,4.328669951402
    ));
#384 = CARTESIAN_POINT('',(23.084676261057,1.584159227867,4.352441707386
    ));
#385 = CARTESIAN_POINT('',(23.041046929374,1.594296894576,4.380294717755
    ));
#386 = CARTESIAN_POINT('',(22.999561702574,1.60586666831,4.412082409836)
  );
#387 = CARTESIAN_POINT('',(22.96025477707,1.618791546628,4.447593221164)
  );
#388 = ORIENTED_EDGE('',*,*,#389,.F.);
#389 = EDGE_CURVE('',#390,#375,#392,.T.);
#390 = VERTEX_POINT('',#391);
#391 = CARTESIAN_POINT('',(24.047388535032,1.634127991271,4.489729756517
    ));
#392 = B_SPLINE_CURVE_WITH_KNOTS('',5,(#393,#394,#395,#396,#397,#398,
    #399,#400,#401,#402),.UNSPECIFIED.,.F.,.F.,(6,4,6),(0.,
    0.538672552744,1.),.UNSPECIFIED.);
#393 = CARTESIAN_POINT('',(24.047388535032,1.634127991271,4.489729756517
    ));
#394 = CARTESIAN_POINT('',(23.99947116703,1.615791749498,4.439351346287)
  );
#395 = CARTESIAN_POINT('',(23.947920624718,1.599600351456,4.394865845777
    ));
#396 = CARTESIAN_POINT('',(23.892756247582,1.585770487125,4.356868605814
    ));
#397 = CARTESIAN_POINT('',(23.834128958458,1.574462338078,4.325799721652
    ));
#398 = CARTESIAN_POINT('',(23.719533250036,1.558243051785,4.281237598801
    ));
#399 = CARTESIAN_POINT('',(23.664382431853,1.552645211571,4.265857659215
    ));
#400 = CARTESIAN_POINT('',(23.607168298774,1.548963948489,4.255743472023
    ));
#401 = CARTESIAN_POINT('',(23.548158575196,1.547163379032,4.250796448098
    ));
#402 = CARTESIAN_POINT('',(23.487643312102,1.547163379032,4.250796448098
    ));
#403 = ORIENTED_EDGE('',*,*,#404,.F.);
#404 = EDGE_CURVE('',#405,#390,#407,.T.);
#405 = VERTEX_POINT('',#406);
#406 = CARTESIAN_POINT('',(24.274904458599,1.868705883203,5.134227217703
    ));
#407 = B_SPLINE_CURVE_WITH_KNOTS('',5,(#408,#409,#410,#411,#412,#413,
    #414,#415,#416,#417,#418,#419,#420,#421),.UNSPECIFIED.,.F.,.F.,(6,4,
    4,6),(0.,0.471503810142,0.922213838157,1.),.UNSPECIFIED.);
#408 = CARTESIAN_POINT('',(24.274904458599,1.868705883203,5.134227217703
    ));
#409 = CARTESIAN_POINT('',(24.274904458599,1.842478969699,5.062169365067
    ));
#410 = CARTESIAN_POINT('',(24.27041535971,1.816937042556,4.991993496993)
  );
#411 = CARTESIAN_POINT('',(24.261088441151,1.792203552867,4.924038792569
    ));
#412 = CARTESIAN_POINT('',(24.246596064688,1.768422511755,4.858700919103
    ));
#413 = CARTESIAN_POINT('',(24.207802811499,1.724047881038,4.736782623211
    ));
#414 = CARTESIAN_POINT('',(24.183961161583,1.703357912823,4.67993740273)
  );
#415 = CARTESIAN_POINT('',(24.155086327132,1.683792278888,4.626181265298
    ));
#416 = CARTESIAN_POINT('',(24.121154547913,1.66545880146,4.575810450043)
  );
#417 = CARTESIAN_POINT('',(24.075635273906,1.645491633922,4.520951108101
    ));
#418 = CARTESIAN_POINT('',(24.06878989177,1.642591624097,4.512983396592)
  );
#419 = CARTESIAN_POINT('',(24.061799650064,1.639730808331,4.505123369872
    ));
#420 = CARTESIAN_POINT('',(24.054665501322,1.636909504502,4.497371901311
    ));
#421 = CARTESIAN_POINT('',(24.047388535032,1.634127991271,4.489729756517
    ));
#422 = ORIENTED_EDGE('',*,*,#423,.F.);
#423 = EDGE_CURVE('',#424,#405,#426,.T.);
#424 = VERTEX_POINT('',#425);
#425 = CARTESIAN_POINT('',(24.057070063694,2.090038663852,5.742334034721
    ));
#426 = B_SPLINE_CURVE_WITH_KNOTS('',5,(#427,#428,#429,#430,#431,#432,
    #433,#434,#435,#436,#437,#438,#439,#440),.UNSPECIFIED.,.F.,.F.,(6,4,
    4,6),(0.,8.966754802965E-02,0.535294094898,1.),.UNSPECIFIED.);
#427 = CARTESIAN_POINT('',(24.057070063694,2.090038663852,5.742334034721
    ));
#428 = CARTESIAN_POINT('',(24.065081575246,2.087035772467,5.734083658447
    ));
#429 = CARTESIAN_POINT('',(24.07291254156,2.083982466682,5.725694769749)
  );
#430 = CARTESIAN_POINT('',(24.080561421498,2.080879110867,5.717168369722
    ));
#431 = CARTESIAN_POINT('',(24.088026890789,2.077726131683,5.70850563061)
  );
#432 = CARTESIAN_POINT('',(24.131492451011,2.058610269405,5.655985230648
    ));
#433 = CARTESIAN_POINT('',(24.163122132494,2.041481929699,5.608925504074
    ));
#434 = CARTESIAN_POINT('',(24.190052635021,2.023201817515,5.558701308623
    ));
#435 = CARTESIAN_POINT('',(24.21230350963,2.003863087315,5.505568584077)
  );
#436 = CARTESIAN_POINT('',(24.248464995978,1.962421940943,5.391709970183
    ));
#437 = CARTESIAN_POINT('',(24.26197913256,1.940234776318,5.330751236374)
  );
#438 = CARTESIAN_POINT('',(24.270698204657,1.917137656376,5.26729242088)
  );
#439 = CARTESIAN_POINT('',(24.274904458599,1.893257515439,5.20168227288)
  );
#440 = CARTESIAN_POINT('',(24.274904458599,1.868705883203,5.134227217703
    ));
#441 = ORIENTED_EDGE('',*,*,#442,.F.);
#442 = EDGE_CURVE('',#443,#424,#445,.T.);
#443 = VERTEX_POINT('',#444);
#444 = CARTESIAN_POINT('',(23.525859872611,2.17177494269,5.966902615179)
  );
#445 = B_SPLINE_CURVE_WITH_KNOTS('',5,(#446,#447,#448,#449,#450,#451,
    #452,#453,#454,#455),.UNSPECIFIED.,.F.,.F.,(6,4,6),(0.,
    0.451235797283,1.),.UNSPECIFIED.);
#446 = CARTESIAN_POINT('',(23.525859872611,2.17177494269,5.966902615179)
  );
#447 = CARTESIAN_POINT('',(23.58177755301,2.17177494269,5.966902615179)
  );
#448 = CARTESIAN_POINT('',(23.636333722063,2.170148416154,5.962433770249
    ));
#449 = CARTESIAN_POINT('',(23.689296735062,2.166832539523,5.95332347408)
  );
#450 = CARTESIAN_POINT('',(23.740454844163,2.161800186418,5.939497197558
    ));
#451 = CARTESIAN_POINT('',(23.849438346899,2.146898238301,5.898554431599
    ));
#452 = CARTESIAN_POINT('',(23.906325435475,2.136216784922,5.869207379633
    ));
#453 = CARTESIAN_POINT('',(23.959968793654,2.123074613599,5.83309956068)
  );
#454 = CARTESIAN_POINT('',(24.010225544894,2.107615762512,5.790626716388
    ));
#455 = CARTESIAN_POINT('',(24.057070063694,2.090038663852,5.742334034721
    ));
#456 = ORIENTED_EDGE('',*,*,#457,.F.);
#457 = EDGE_CURVE('',#458,#443,#460,.T.);
#458 = VERTEX_POINT('',#459);
#459 = CARTESIAN_POINT('',(23.032866242038,2.144326192334,5.891487793384
    ));
#460 = B_SPLINE_CURVE_WITH_KNOTS('',5,(#461,#462,#463,#464,#465,#466),
  .UNSPECIFIED.,.F.,.F.,(6,6),(0.,1.),.PIECEWISE_BEZIER_KNOTS.);
#461 = CARTESIAN_POINT('',(23.032866242038,2.144326192334,5.891487793384
    ));
#462 = CARTESIAN_POINT('',(23.143150499754,2.154887634871,5.92050511827)
  );
#463 = CARTESIAN_POINT('',(23.24831579139,2.16313006675,5.943151013738)
  );
#464 = CARTESIAN_POINT('',(23.347676773601,2.168835544638,5.958826685403
    ));
#465 = CARTESIAN_POINT('',(23.440439442622,2.17177494269,5.966902615179)
  );
#466 = CARTESIAN_POINT('',(23.525859872611,2.17177494269,5.966902615179)
  );
#467 = ORIENTED_EDGE('',*,*,#468,.F.);
#468 = EDGE_CURVE('',#469,#458,#471,.T.);
#469 = VERTEX_POINT('',#470);
#470 = CARTESIAN_POINT('',(23.151337579618,2.43946561283,6.702376686785)
  );
#471 = LINE('',#472,#473);
#472 = CARTESIAN_POINT('',(22.388152136985,0.538194690504,1.478677759431
    ));
#473 = VECTOR('',#474,1.);
#474 = DIRECTION('',(-0.136013796445,-0.338841730685,-0.930960003826));
#475 = ORIENTED_EDGE('',*,*,#476,.F.);
#476 = EDGE_CURVE('',#477,#469,#479,.T.);
#477 = VERTEX_POINT('',#478);
#478 = CARTESIAN_POINT('',(23.816305732484,2.503948391444,6.879541664972
    ));
#479 = B_SPLINE_CURVE_WITH_KNOTS('',5,(#480,#481,#482,#483,#484,#485,
    #486,#487,#488,#489),.UNSPECIFIED.,.F.,.F.,(6,4,6),(0.,
    0.485864715092,1.),.UNSPECIFIED.);
#480 = CARTESIAN_POINT('',(23.816305732484,2.503948391444,6.879541664972
    ));
#481 = CARTESIAN_POINT('',(23.769608540274,2.490017798563,6.841267675593
    ));
#482 = CARTESIAN_POINT('',(23.717644096582,2.477986497347,6.808211947175
    ));
#483 = CARTESIAN_POINT('',(23.660724071827,2.467922814836,6.780562206719
    ));
#484 = CARTESIAN_POINT('',(23.59934935291,2.45978973394,6.758216750607)
  );
#485 = CARTESIAN_POINT('',(23.46501956948,2.446838129217,6.722632509085)
  );
#486 = CARTESIAN_POINT('',(23.391589924061,2.4422393698,6.709997521428)
  );
#487 = CARTESIAN_POINT('',(23.314433401199,2.43959044215,6.702719652524)
  );
#488 = CARTESIAN_POINT('',(23.234183990581,2.438719951215,6.700327998337
    ));
#489 = CARTESIAN_POINT('',(23.151337579618,2.43946561283,6.702376686785)
  );
#490 = ORIENTED_EDGE('',*,*,#491,.F.);
#491 = EDGE_CURVE('',#492,#477,#494,.T.);
#492 = VERTEX_POINT('',#493);
#493 = CARTESIAN_POINT('',(24.045605095541,2.685720116024,7.378955373751
    ));
#494 = B_SPLINE_CURVE_WITH_KNOTS('',5,(#495,#496,#497,#498,#499,#500,
    #501,#502,#503,#504),.UNSPECIFIED.,.F.,.F.,(6,4,6),(0.,
    0.625971124835,1.),.UNSPECIFIED.);
#495 = CARTESIAN_POINT('',(24.045605095541,2.685720116024,7.378955373751
    ));
#496 = CARTESIAN_POINT('',(24.045605095541,2.658148938352,7.30320418567)
  );
#497 = CARTESIAN_POINT('',(24.037128489475,2.631725813639,7.230607247169
    ));
#498 = CARTESIAN_POINT('',(24.01954397875,2.606705533813,7.161864593318)
  );
#499 = CARTESIAN_POINT('',(23.992514043255,2.583324155525,7.097624784437
    ));
#500 = CARTESIAN_POINT('',(23.934695694984,2.548851078017,7.002910782405
    ));
#501 = CARTESIAN_POINT('',(23.909795622213,2.536598771348,6.969247846496
    ));
#502 = CARTESIAN_POINT('',(23.881676904929,2.525021612358,6.937439863587
    ));
#503 = CARTESIAN_POINT('',(23.850458388288,2.514136728714,6.907533891563
    ));
#504 = CARTESIAN_POINT('',(23.816305732484,2.503948391444,6.879541664972
    ));
#505 = ORIENTED_EDGE('',*,*,#506,.F.);
#506 = EDGE_CURVE('',#507,#492,#509,.T.);
#507 = VERTEX_POINT('',#508);
#508 = CARTESIAN_POINT('',(23.877452229299,2.839433118018,7.801278375806
    ));
#509 = B_SPLINE_CURVE_WITH_KNOTS('',5,(#510,#511,#512,#513,#514,#515,
    #516,#517,#518,#519),.UNSPECIFIED.,.F.,.F.,(6,4,6),(0.,
    0.219876543345,1.),.UNSPECIFIED.);
#510 = CARTESIAN_POINT('',(23.877452229299,2.839433118018,7.801278375806
    ));
#511 = CARTESIAN_POINT('',(23.89235124016,2.834352797891,7.787320310972)
  );
#512 = CARTESIAN_POINT('',(23.906449835389,2.829072530299,7.772812894996
    ));
#513 = CARTESIAN_POINT('',(23.919734437326,2.823593789737,7.757760179014
    ));
#514 = CARTESIAN_POINT('',(23.932194969386,2.817918964613,7.742168725127
    ));
#515 = CARTESIAN_POINT('',(23.985087772267,2.791233046818,7.668849768569
    ));
#516 = CARTESIAN_POINT('',(24.015902146856,2.767983966203,7.604973444555
    ));
#517 = CARTESIAN_POINT('',(24.035945163421,2.742462235535,7.53485306584)
  );
#518 = CARTESIAN_POINT('',(24.045605095541,2.714938643972,7.459232619519
    ));
#519 = CARTESIAN_POINT('',(24.045605095541,2.685720116024,7.378955373751
    ));
#520 = ORIENTED_EDGE('',*,*,#521,.F.);
#521 = EDGE_CURVE('',#522,#507,#524,.T.);
#522 = VERTEX_POINT('',#523);
#523 = CARTESIAN_POINT('',(23.430318471338,2.896770507651,7.958811559113
    ));
#524 = B_SPLINE_CURVE_WITH_KNOTS('',5,(#525,#526,#527,#528,#529,#530,
    #531,#532,#533,#534),.UNSPECIFIED.,.F.,.F.,(6,4,6),(0.,
    0.768052846871,1.),.UNSPECIFIED.);
#525 = CARTESIAN_POINT('',(23.430318471338,2.896770507651,7.958811559113
    ));
#526 = CARTESIAN_POINT('',(23.513704914907,2.896770507651,7.958811559113
    ));
#527 = CARTESIAN_POINT('',(23.592390585471,2.893568919409,7.950015267713
    ));
#528 = CARTESIAN_POINT('',(23.665550095612,2.886937568123,7.931795779794
    ));
#529 = CARTESIAN_POINT('',(23.732459745339,2.876756724117,7.903824140775
    ));
#530 = CARTESIAN_POINT('',(23.810876801459,2.859011494849,7.855069524059
    ));
#531 = CARTESIAN_POINT('',(23.828457051785,2.854580819037,7.842896342313
    ));
#532 = CARTESIAN_POINT('',(23.845417826065,2.849837968656,7.829865467986
    ));
#533 = CARTESIAN_POINT('',(23.861751158172,2.844786927638,7.815987846845
    ));
#534 = CARTESIAN_POINT('',(23.877452229299,2.839433118018,7.801278375806
    ));
#535 = ORIENTED_EDGE('',*,*,#536,.F.);
#536 = EDGE_CURVE('',#537,#522,#539,.T.);
#537 = VERTEX_POINT('',#538);
#538 = CARTESIAN_POINT('',(22.96025477707,2.831329201246,7.779013047467)
  );
#539 = B_SPLINE_CURVE_WITH_KNOTS('',5,(#540,#541,#542,#543,#544,#545,
    #546,#547,#548,#549),.UNSPECIFIED.,.F.,.F.,(6,4,6),(0.,0.48784965404
    ,1.),.UNSPECIFIED.);
#540 = CARTESIAN_POINT('',(22.96025477707,2.831329201246,7.779013047467)
  );
#541 = CARTESIAN_POINT('',(22.997897823767,2.84396826641,7.813738593606)
  );
#542 = CARTESIAN_POINT('',(23.037706960405,2.855180751674,7.844544643685
    ));
#543 = CARTESIAN_POINT('',(23.079651930854,2.864888927455,7.871217637429
    ));
#544 = CARTESIAN_POINT('',(23.123658150214,2.873039980612,7.893612471922
    ));
#545 = CARTESIAN_POINT('',(23.217817430022,2.886518479896,7.930644344352
    ));
#546 = CARTESIAN_POINT('',(23.268171509812,2.891685628606,7.944840968756
    ));
#547 = CARTESIAN_POINT('',(23.320503619217,2.895094831227,7.954207675975
    ));
#548 = CARTESIAN_POINT('',(23.374623785816,2.896770507651,7.958811559113
    ));
#549 = CARTESIAN_POINT('',(23.430318471338,2.896770507651,7.958811559113
    ));
#550 = ORIENTED_EDGE('',*,*,#551,.F.);
#551 = EDGE_CURVE('',#552,#537,#554,.T.);
#552 = VERTEX_POINT('',#553);
#553 = CARTESIAN_POINT('',(22.723312101911,2.640233615434,7.25398224049)
  );
#554 = B_SPLINE_CURVE_WITH_KNOTS('',5,(#555,#556,#557,#558,#559,#560,
    #561,#562,#563,#564),.UNSPECIFIED.,.F.,.F.,(6,4,6),(0.,
    0.511183452493,1.),.UNSPECIFIED.);
#555 = CARTESIAN_POINT('',(22.723312101911,2.640233615434,7.25398224049)
  );
#556 = CARTESIAN_POINT('',(22.731446650371,2.664548177486,7.320785950691
    ));
#557 = CARTESIAN_POINT('',(22.743307117645,2.687896969596,7.384936229785
    ));
#558 = CARTESIAN_POINT('',(22.759145304266,2.710153142973,7.446084563584
    ));
#559 = CARTESIAN_POINT('',(22.779191404329,2.731175695664,7.503843552401
    ));
#560 = CARTESIAN_POINT('',(22.826875801258,2.769633427093,7.609505301104
    ));
#561 = CARTESIAN_POINT('',(22.854144928502,2.787186610381,7.657732275828
    ));
#562 = CARTESIAN_POINT('',(22.885477420297,2.803377994722,7.702217738695
    ));
#563 = CARTESIAN_POINT('',(22.920888564602,2.818111564304,7.74269788843)
  );
#564 = CARTESIAN_POINT('',(22.96025477707,2.831329201246,7.779013047467)
  );
#565 = ORIENTED_EDGE('',*,*,#566,.F.);
#566 = EDGE_CURVE('',#567,#552,#569,.T.);
#567 = VERTEX_POINT('',#568);
#568 = CARTESIAN_POINT('',(21.733503184713,2.697832421737,7.412233660194
    ));
#569 = LINE('',#570,#571);
#570 = CARTESIAN_POINT('',(11.833599325754,3.273926084746,8.995037990804
    ));
#571 = VECTOR('',#572,1.);
#572 = DIRECTION('',(0.985832777796,-5.736742741817E-02,-0.157615711444)
  );
#573 = ORIENTED_EDGE('',*,*,#574,.F.);
#574 = EDGE_CURVE('',#575,#567,#577,.T.);
#575 = VERTEX_POINT('',#576);
#576 = CARTESIAN_POINT('',(22.044840764331,2.978332508709,8.182901315305
    ));
#577 = B_SPLINE_CURVE_WITH_KNOTS('',6,(#578,#579,#580,#581,#582,#583,
    #584),.UNSPECIFIED.,.F.,.F.,(7,7),(0.,1.),.PIECEWISE_BEZIER_KNOTS.);
#578 = CARTESIAN_POINT('',(22.044840764331,2.978332508709,8.182901315305
    ));
#579 = CARTESIAN_POINT('',(21.970388827042,2.940806522217,8.079799514776
    ));
#580 = CARTESIAN_POINT('',(21.905728689879,2.898729741935,7.964194511067
    ));
#581 = CARTESIAN_POINT('',(21.850520518366,2.852761706526,7.837898371766
    ));
#582 = CARTESIAN_POINT('',(21.803967352365,2.803599723948,7.702826934736
    ));
#583 = CARTESIAN_POINT('',(21.765228152528,2.751817396424,7.560556159138
    ));
#584 = CARTESIAN_POINT('',(21.733503184713,2.697832421737,7.412233660194
    ));
#585 = ORIENTED_EDGE('',*,*,#586,.F.);
#586 = EDGE_CURVE('',#587,#575,#589,.T.);
#587 = VERTEX_POINT('',#588);
#588 = CARTESIAN_POINT('',(22.625732484076,3.143373566405,8.636347894609
    ));
#589 = B_SPLINE_CURVE_WITH_KNOTS('',5,(#590,#591,#592,#593,#594,#595,
    #596,#597,#598,#599),.UNSPECIFIED.,.F.,.F.,(6,4,6),(0.,
    0.861610232938,1.),.UNSPECIFIED.);
#590 = CARTESIAN_POINT('',(22.625732484076,3.143373566405,8.636347894609
    ));
#591 = CARTESIAN_POINT('',(22.500991271202,3.123267204455,8.581106119163
    ));
#592 = CARTESIAN_POINT('',(22.385351930466,3.099622353126,8.516142424049
    ));
#593 = CARTESIAN_POINT('',(22.280301966757,3.072294355611,8.441059367959
    ));
#594 = CARTESIAN_POINT('',(22.187111601209,3.041279347906,8.355846334625
    ));
#595 = CARTESIAN_POINT('',(22.093448834013,3.001322225455,8.246065042944
    ));
#596 = CARTESIAN_POINT('',(22.080808663845,2.995704362109,8.230630090256
    ));
#597 = CARTESIAN_POINT('',(22.068492721658,2.989999328084,8.214955638096
    ));
#598 = CARTESIAN_POINT('',(22.056502941997,2.984208282682,8.199044871619
    ));
#599 = CARTESIAN_POINT('',(22.044840764331,2.978332508709,8.182901315305
    ));
#600 = ORIENTED_EDGE('',*,*,#601,.F.);
#601 = EDGE_CURVE('',#602,#587,#604,.T.);
#602 = VERTEX_POINT('',#603);
#603 = CARTESIAN_POINT('',(23.460891719745,3.203499400519,8.801542266161
    ));
#604 = B_SPLINE_CURVE_WITH_KNOTS('',5,(#605,#606,#607,#608,#609,#610,
    #611,#612,#613,#614),.UNSPECIFIED.,.F.,.F.,(6,4,6),(0.,
    0.506306934013,1.),.UNSPECIFIED.);
#605 = CARTESIAN_POINT('',(23.460891719745,3.203499400519,8.801542266161
    ));
#606 = CARTESIAN_POINT('',(23.370173127266,3.203499400519,8.801542266161
    ));
#607 = CARTESIAN_POINT('',(23.280616198003,3.202053083946,8.797568544037
    ));
#608 = CARTESIAN_POINT('',(23.192412638556,3.199097035963,8.789446868954
    ));
#609 = CARTESIAN_POINT('',(23.105768432482,3.194578493047,8.777032274322
    ));
#610 = CARTESIAN_POINT('',(22.938129581352,3.182509626029,8.743873334712
    ));
#611 = CARTESIAN_POINT('',(22.857045582221,3.175037480879,8.723343784636
    ));
#612 = CARTESIAN_POINT('',(22.777835129472,3.166024196384,8.698579989013
    ));
#613 = CARTESIAN_POINT('',(22.700678386021,3.155462955063,8.669563216961
    ));
#614 = CARTESIAN_POINT('',(22.625732484076,3.143373566405,8.636347894609
    ));
#615 = ORIENTED_EDGE('',*,*,#616,.F.);
#616 = EDGE_CURVE('',#617,#602,#619,.T.);
#617 = VERTEX_POINT('',#618);
#618 = CARTESIAN_POINT('',(24.729681528662,3.03070298161,8.326788007048)
  );
#619 = B_SPLINE_CURVE_WITH_KNOTS('',5,(#620,#621,#622,#623,#624,#625,
    #626,#627,#628,#629,#630,#631,#632,#633,#634,#635,#636,#637),
  .UNSPECIFIED.,.F.,.F.,(6,4,4,4,6),(0.,0.292391057491,0.516643557228,
    0.746739365783,1.),.UNSPECIFIED.);
#620 = CARTESIAN_POINT('',(24.729681528662,3.03070298161,8.326788007048)
  );
#621 = CARTESIAN_POINT('',(24.673374932915,3.051070231779,8.382746566983
    ));
#622 = CARTESIAN_POINT('',(24.613745978778,3.070154573042,8.435180363669
    ));
#623 = CARTESIAN_POINT('',(24.550852326648,3.087828983212,8.483740406512
    ));
#624 = CARTESIAN_POINT('',(24.484843319764,3.103992516195,8.528149348402
    ));
#625 = CARTESIAN_POINT('',(24.363193911706,3.129780517209,8.599001298882
    ));
#626 = CARTESIAN_POINT('',(24.308717929003,3.140051905251,8.627221705592
    ));
#627 = CARTESIAN_POINT('',(24.252690913041,3.149375226123,8.652837319162
    ));
#628 = CARTESIAN_POINT('',(24.195256215998,3.157743759606,8.675829675942
    ));
#629 = CARTESIAN_POINT('',(24.076358902089,3.172781782566,8.717146304457
    ));
#630 = CARTESIAN_POINT('',(24.01482793436,3.179401607668,8.735334124444)
  );
#631 = CARTESIAN_POINT('',(23.952147637612,3.185034989569,8.750811714014
    ));
#632 = CARTESIAN_POINT('',(23.888484543393,3.189709917089,8.763655971812
    ));
#633 = CARTESIAN_POINT('',(23.753007636693,3.197594368132,8.785318323017
    ));
#634 = CARTESIAN_POINT('',(23.681017645562,3.200609017322,8.793601003594
    ));
#635 = CARTESIAN_POINT('',(23.608223899309,3.202556666811,8.798952126588
    ));
#636 = CARTESIAN_POINT('',(23.534801807971,3.203499400519,8.801542266161
    ));
#637 = CARTESIAN_POINT('',(23.460891719745,3.203499400519,8.801542266161
    ));
#638 = ORIENTED_EDGE('',*,*,#639,.F.);
#639 = EDGE_CURVE('',#640,#617,#642,.T.);
#640 = VERTEX_POINT('',#641);
#641 = CARTESIAN_POINT('',(25.123312101911,2.71133894969,7.44934254076)
  );
#642 = B_SPLINE_CURVE_WITH_KNOTS('',6,(#643,#644,#645,#646,#647,#648,
    #649,#650,#651,#652,#653,#654),.UNSPECIFIED.,.F.,.F.,(7,5,7),(0.,
    0.33212102894,1.),.UNSPECIFIED.);
#643 = CARTESIAN_POINT('',(25.123312101911,2.71133894969,7.44934254076)
  );
#644 = CARTESIAN_POINT('',(25.123312101911,2.731036589927,7.503461362529
    ));
#645 = CARTESIAN_POINT('',(25.120420712933,2.750605762476,7.557227222223
    ));
#646 = CARTESIAN_POINT('',(25.114560283385,2.770007851475,7.610534023639
    ));
#647 = CARTESIAN_POINT('',(25.105683035364,2.789204375165,7.66327603901)
  );
#648 = CARTESIAN_POINT('',(25.093777138653,2.808157397559,7.715349040069
    ));
#649 = CARTESIAN_POINT('',(25.048900865726,2.864379500135,7.869817997369
    ));
#650 = CARTESIAN_POINT('',(25.006791185712,2.900810261162,7.969910690665
    ));
#651 = CARTESIAN_POINT('',(24.952789202199,2.935794656022,8.066029525575
    ));
#652 = CARTESIAN_POINT('',(24.88778374641,2.96915033059,8.157673488264)
  );
#653 = CARTESIAN_POINT('',(24.812981748198,3.000792721024,8.244610241477
    ));
#654 = CARTESIAN_POINT('',(24.729681528662,3.03070298161,8.326788007048)
  );
#655 = ORIENTED_EDGE('',*,*,#656,.F.);
#656 = EDGE_CURVE('',#657,#640,#659,.T.);
#657 = VERTEX_POINT('',#658);
#658 = CARTESIAN_POINT('',(24.316942675159,2.308234444461,6.341822014963
    ));
#659 = B_SPLINE_CURVE_WITH_KNOTS('',5,(#660,#661,#662,#663,#664,#665,
    #666,#667,#668,#669,#670,#671,#672,#673,#674,#675,#676,#677),
  .UNSPECIFIED.,.F.,.F.,(6,4,4,4,6),(0.,0.296104312631,0.439743761287,
    0.714447505585,1.),.UNSPECIFIED.);
#660 = CARTESIAN_POINT('',(24.316942675159,2.308234444461,6.341822014963
    ));
#661 = CARTESIAN_POINT('',(24.399554038788,2.323651807491,6.384180871755
    ));
#662 = CARTESIAN_POINT('',(24.479378959519,2.340206504582,6.429664528199
    ));
#663 = CARTESIAN_POINT('',(24.555898259628,2.358001020309,6.47855455835)
  );
#664 = CARTESIAN_POINT('',(24.628368248769,2.377133612147,6.531120922402
    ));
#665 = CARTESIAN_POINT('',(24.728732558842,2.407611556528,6.614858386378
    ));
#666 = CARTESIAN_POINT('',(24.760363901362,2.417893523577,6.643107858674
    ));
#667 = CARTESIAN_POINT('',(24.790745896894,2.428507070005,6.672268337826
    ));
#668 = CARTESIAN_POINT('',(24.819775206245,2.439453714763,6.702343997115
    ));
#669 = CARTESIAN_POINT('',(24.900092277592,2.472292414273,6.792567582504
    ));
#670 = CARTESIAN_POINT('',(24.947534074858,2.495063208738,6.855129826119
    ));
#671 = CARTESIAN_POINT('',(24.988946036835,2.518998053173,6.920890270742
    ));
#672 = CARTESIAN_POINT('',(25.023740018246,2.543994207958,6.989566641587
    ));
#673 = CARTESIAN_POINT('',(25.080770864474,2.596725462083,7.134444571595
    ));
#674 = CARTESIAN_POINT('',(25.102469423108,2.62454076559,7.210866489896)
  );
#675 = CARTESIAN_POINT('',(25.116547786435,2.653068255392,7.289245123962
    ));
#676 = CARTESIAN_POINT('',(25.123312101911,2.682073212893,7.368935589748
    ));
#677 = CARTESIAN_POINT('',(25.123312101911,2.71133894969,7.44934254076)
  );
#678 = ORIENTED_EDGE('',*,*,#679,.F.);
#679 = EDGE_CURVE('',#680,#657,#682,.T.);
#680 = VERTEX_POINT('',#681);
#681 = CARTESIAN_POINT('',(25.086878980892,2.149293109065,5.905134284947
    ));
#682 = B_SPLINE_CURVE_WITH_KNOTS('',5,(#683,#684,#685,#686,#687,#688,
    #689,#690,#691,#692),.UNSPECIFIED.,.F.,.F.,(6,4,6),(0.,
    0.357591650252,1.),.UNSPECIFIED.);
#683 = CARTESIAN_POINT('',(25.086878980892,2.149293109065,5.905134284947
    ));
#684 = CARTESIAN_POINT('',(25.04575060765,2.166901377088,5.953512603733)
  );
#685 = CARTESIAN_POINT('',(25.001872012533,2.183517597879,5.999165295155
    ));
#686 = CARTESIAN_POINT('',(24.955262481233,2.199071102899,6.041898198991
    ));
#687 = CARTESIAN_POINT('',(24.905992344461,2.213506546595,6.081559254585
    ));
#688 = CARTESIAN_POINT('',(24.76114737732,2.250652300603,6.18361637495)
  );
#689 = CARTESIAN_POINT('',(24.659921340861,2.270802432313,6.238978406823
    ));
#690 = CARTESIAN_POINT('',(24.551341395177,2.28702488067,6.283549217372)
  );
#691 = CARTESIAN_POINT('',(24.436599149434,2.299421510988,6.317608679247
    ));
#692 = CARTESIAN_POINT('',(24.316942675159,2.308234444461,6.341822014963
    ));
#693 = ORIENTED_EDGE('',*,*,#694,.F.);
#694 = EDGE_CURVE('',#695,#680,#697,.T.);
#695 = VERTEX_POINT('',#696);
#696 = CARTESIAN_POINT('',(25.375541401274,1.851190966309,5.086105379034
    ));
#697 = B_SPLINE_CURVE_WITH_KNOTS('',6,(#698,#699,#700,#701,#702,#703,
    #704,#705,#706,#707,#708,#709),.UNSPECIFIED.,.F.,.F.,(7,5,7),(0.,
    0.725328341278,1.),.UNSPECIFIED.);
#698 = CARTESIAN_POINT('',(25.375541401274,1.851190966309,5.086105379034
    ));
#699 = CARTESIAN_POINT('',(25.375541401274,1.891665109907,5.197307174638
    ));
#700 = CARTESIAN_POINT('',(25.366237172777,1.931348269159,5.306335758617
    ));
#701 = CARTESIAN_POINT('',(25.346889758641,1.96996813285,5.412442962052)
  );
#702 = CARTESIAN_POINT('',(25.316948910163,2.007240838386,5.514848878873
    ));
#703 = CARTESIAN_POINT('',(25.276217636668,2.042892651227,5.612801429615
    ));
#704 = CARTESIAN_POINT('',(25.20569600718,2.089485055929,5.740813009454)
  );
#705 = CARTESIAN_POINT('',(25.184829194751,2.102017727652,5.775246242018
    ));
#706 = CARTESIAN_POINT('',(25.162484056891,2.114273714073,5.808919287963
    ));
#707 = CARTESIAN_POINT('',(25.138686677626,2.126243203714,5.841805190474
    ));
#708 = CARTESIAN_POINT('',(25.113471030965,2.137918317562,5.873882302139
    ));
#709 = CARTESIAN_POINT('',(25.086878980892,2.149293109065,5.905134284947
    ));
#710 = ORIENTED_EDGE('',*,*,#711,.F.);
#711 = EDGE_CURVE('',#712,#695,#714,.T.);
#712 = VERTEX_POINT('',#713);
#713 = CARTESIAN_POINT('',(24.836687898089,1.419069210704,3.898860613052
    ));
#714 = B_SPLINE_CURVE_WITH_KNOTS('',5,(#715,#716,#717,#718,#719,#720,
    #721,#722,#723,#724,#725,#726,#727,#728,#729,#730,#731,#732),
  .UNSPECIFIED.,.F.,.F.,(6,4,4,4,6),(0.,0.171096300356,0.520765082741,
    0.757270794604,1.),.UNSPECIFIED.);
#715 = CARTESIAN_POINT('',(24.836687898089,1.419069210704,3.898860613052
    ));
#716 = CARTESIAN_POINT('',(24.872095900881,1.430807278264,3.931110688621
    ));
#717 = CARTESIAN_POINT('',(24.90636493452,1.442851700922,3.964202467904)
  );
#718 = CARTESIAN_POINT('',(24.93942391668,1.455203772773,3.998139506399)
  );
#719 = CARTESIAN_POINT('',(24.971203662145,1.467861732761,4.032916965643
    ));
#720 = CARTESIAN_POINT('',(25.063833126609,1.507305083165,4.141286680225
    ));
#721 = CARTESIAN_POINT('',(25.120414359335,1.535050066637,4.217515395817
    ));
#722 = CARTESIAN_POINT('',(25.170792189161,1.564005023973,4.297068487278
    ));
#723 = CARTESIAN_POINT('',(25.214514993605,1.594073100596,4.379679848848
    ));
#724 = CARTESIAN_POINT('',(25.276330425697,1.646067895229,4.52253437303)
  );
#725 = CARTESIAN_POINT('',(25.298140813554,1.667482230924,4.581369776806
    ));
#726 = CARTESIAN_POINT('',(25.316761551969,1.689283167149,4.641267356807
    ));
#727 = CARTESIAN_POINT('',(25.332197412141,1.711417320493,4.702080443319
    ));
#728 = CARTESIAN_POINT('',(25.357133291923,1.756829788432,4.826850173543
    ));
#729 = CARTESIAN_POINT('',(25.366466897073,1.780123817966,4.890849993695
    ));
#730 = CARTESIAN_POINT('',(25.37256390647,1.803651215528,4.955490987235)
  );
#731 = CARTESIAN_POINT('',(25.375541401274,1.827356605145,5.020621009926
    ));
#732 = CARTESIAN_POINT('',(25.375541401274,1.851190966309,5.086105379034
    ));
#733 = ORIENTED_EDGE('',*,*,#734,.F.);
#734 = EDGE_CURVE('',#735,#712,#737,.T.);
#735 = VERTEX_POINT('',#736);
#736 = CARTESIAN_POINT('',(23.495286624204,1.240434486164,3.408065741049
    ));
#737 = B_SPLINE_CURVE_WITH_KNOTS('',5,(#738,#739,#740,#741,#742,#743,
    #744,#745,#746,#747,#748,#749,#750,#751),.UNSPECIFIED.,.F.,.F.,(6,4,
    4,6),(0.,0.211473647954,0.621955248252,1.),.UNSPECIFIED.);
#738 = CARTESIAN_POINT('',(23.495286624204,1.240434486164,3.408065741049
    ));
#739 = CARTESIAN_POINT('',(23.559347094459,1.240434486164,3.408065741049
    ));
#740 = CARTESIAN_POINT('',(23.623114130047,1.241145844083,3.410020180868
    ));
#741 = CARTESIAN_POINT('',(23.686504071731,1.242602128404,3.414021289155
    ));
#742 = CARTESIAN_POINT('',(23.749419527767,1.244834848672,3.420155637676
    ));
#743 = CARTESIAN_POINT('',(23.932743273886,1.253757122309,3.444669383025
    ));
#744 = CARTESIAN_POINT('',(24.051564828614,1.262664825481,3.469143096349
    ));
#745 = CARTESIAN_POINT('',(24.167361343705,1.274770194894,3.502402325464
    ));
#746 = CARTESIAN_POINT('',(24.279268704646,1.290146364105,3.544648003169
    ));
#747 = CARTESIAN_POINT('',(24.485304786367,1.325709460475,3.642356807412
    ));
#748 = CARTESIAN_POINT('',(24.58016738465,1.34542499631,3.696524796932)
  );
#749 = CARTESIAN_POINT('',(24.67051794065,1.367705236453,3.757739253624)
  );
#750 = CARTESIAN_POINT('',(24.756060218061,1.39234041832,3.825423859527)
  );
#751 = CARTESIAN_POINT('',(24.836687898089,1.419069210704,3.898860613052
    ));
#752 = ORIENTED_EDGE('',*,*,#753,.F.);
#753 = EDGE_CURVE('',#754,#735,#756,.T.);
#754 = VERTEX_POINT('',#755);
#755 = CARTESIAN_POINT('',(22.234140127389,1.390487654778,3.820333433532
    ));
#756 = B_SPLINE_CURVE_WITH_KNOTS('',6,(#757,#758,#759,#760,#761,#762,
    #763,#764,#765,#766,#767,#768,#769,#770,#771,#772,#773),
  .UNSPECIFIED.,.F.,.F.,(7,5,5,7),(0.,0.234299184672,0.483360921775,1.),
  .UNSPECIFIED.);
#757 = CARTESIAN_POINT('',(22.234140127389,1.390487654778,3.820333433532
    ));
#758 = CARTESIAN_POINT('',(22.273901346276,1.378570242431,3.78759061221)
  );
#759 = CARTESIAN_POINT('',(22.314817222004,1.367169433686,3.756267147622
    ));
#760 = CARTESIAN_POINT('',(22.356863696565,1.356306370323,3.726421126325
    ));
#761 = CARTESIAN_POINT('',(22.400008257837,1.345999030328,3.698101942435
    ));
#762 = CARTESIAN_POINT('',(22.444209139722,1.336261825052,3.67134919081)
  );
#763 = CARTESIAN_POINT('',(22.537468172695,1.317371633465,3.619448815974
    ));
#764 = CARTESIAN_POINT('',(22.58665849165,1.308293789027,3.594507643364)
  );
#765 = CARTESIAN_POINT('',(22.636923189344,1.299884343645,3.571402882068
    ));
#766 = CARTESIAN_POINT('',(22.688193295786,1.292149634925,3.550151944512
    ));
#767 = CARTESIAN_POINT('',(22.740394083008,1.28509027957,3.53075652508)
  );
#768 = CARTESIAN_POINT('',(22.903493749836,1.26544989833,3.476795021113)
  );
#769 = CARTESIAN_POINT('',(23.017210651413,1.255083877204,3.44831461214)
  );
#770 = CARTESIAN_POINT('',(23.133886565086,1.247564499384,3.42765529137)
  );
#771 = CARTESIAN_POINT('',(23.252837963883,1.242744551831,3.414412594307
    ));
#772 = CARTESIAN_POINT('',(23.373466315724,1.240434486164,3.408065741049
    ));
#773 = CARTESIAN_POINT('',(23.495286624204,1.240434486164,3.408065741049
    ));
#774 = ORIENTED_EDGE('',*,*,#775,.F.);
#775 = EDGE_CURVE('',#352,#754,#776,.T.);
#776 = B_SPLINE_CURVE_WITH_KNOTS('',6,(#777,#778,#779,#780,#781,#782,
    #783,#784,#785,#786,#787,#788),.UNSPECIFIED.,.F.,.F.,(7,5,7),(0.,
    0.635698842619,1.),.UNSPECIFIED.);
#777 = CARTESIAN_POINT('',(21.653248407643,1.783048354314,4.898885091274
    ));
#778 = CARTESIAN_POINT('',(21.669390261364,1.734272178822,4.764873650502
    ));
#779 = CARTESIAN_POINT('',(21.696150788966,1.686486706049,4.633584143079
    ));
#780 = CARTESIAN_POINT('',(21.734452180751,1.640090699788,4.506112163526
    ));
#781 = CARTESIAN_POINT('',(21.784980806861,1.595515068348,4.383641622687
    ));
#782 = CARTESIAN_POINT('',(21.847927195851,1.553182140405,4.267332859064
    ));
#783 = CARTESIAN_POINT('',(21.965394730975,1.490676420239,4.095599804319
    ));
#784 = CARTESIAN_POINT('',(22.012051213613,1.468752694743,4.03536486357)
  );
#785 = CARTESIAN_POINT('',(22.062453180717,1.447739496405,3.977631575625
    ));
#786 = CARTESIAN_POINT('',(22.116423433293,1.427678177869,3.922513555943
    ));
#787 = CARTESIAN_POINT('',(22.173738167126,1.408591603478,3.87007362379)
  );
#788 = CARTESIAN_POINT('',(22.234140127389,1.390487654778,3.820333433532
    ));
#789 = FACE_BOUND('',#790,.T.);
#790 = EDGE_LOOP('',(#791,#801,#809,#824,#832,#844,#863,#871));
#791 = ORIENTED_EDGE('',*,*,#792,.F.);
#792 = EDGE_CURVE('',#793,#795,#797,.T.);
#793 = VERTEX_POINT('',#794);
#794 = CARTESIAN_POINT('',(19.011719745223,1.273895819932,3.5));
#795 = VERTEX_POINT('',#796);
#796 = CARTESIAN_POINT('',(20.085605095541,1.273895819932,3.5));
#797 = LINE('',#798,#799);
#798 = CARTESIAN_POINT('',(9.542802547771,1.273895819932,3.5));
#799 = VECTOR('',#800,1.);
#800 = DIRECTION('',(1.,0.,0.));
#801 = ORIENTED_EDGE('',*,*,#802,.F.);
#802 = EDGE_CURVE('',#803,#793,#805,.T.);
#803 = VERTEX_POINT('',#804);
#804 = CARTESIAN_POINT('',(19.011719745223,2.663238282399,7.317187043519
    ));
#805 = LINE('',#806,#807);
#806 = CARTESIAN_POINT('',(19.011719745223,0.636947909966,1.75));
#807 = VECTOR('',#808,1.);
#808 = DIRECTION('',(-0.,-0.342020143326,-0.939692620786));
#809 = ORIENTED_EDGE('',*,*,#810,.F.);
#810 = EDGE_CURVE('',#811,#803,#813,.T.);
#811 = VERTEX_POINT('',#812);
#812 = CARTESIAN_POINT('',(17.624458598726,2.383696723217,6.549152921867
    ));
#813 = B_SPLINE_CURVE_WITH_KNOTS('',5,(#814,#815,#816,#817,#818,#819,
    #820,#821,#822,#823),.UNSPECIFIED.,.F.,.F.,(6,4,6),(0.,
    0.724057549441,1.),.UNSPECIFIED.);
#814 = CARTESIAN_POINT('',(17.624458598726,2.383696723217,6.549152921867
    ));
#815 = CARTESIAN_POINT('',(17.849733172986,2.409232076143,6.619310727428
    ));
#816 = CARTESIAN_POINT('',(18.068402929377,2.440098888708,6.704116597962
    ));
#817 = CARTESIAN_POINT('',(18.27874849023,2.476516992288,6.804174515207)
  );
#818 = CARTESIAN_POINT('',(18.479128202466,2.518514045045,6.91956046934)
  );
#819 = CARTESIAN_POINT('',(18.740325199241,2.583768239909,7.098844896254
    ));
#820 = CARTESIAN_POINT('',(18.810769995668,2.602538453325,7.150415633773
    ));
#821 = CARTESIAN_POINT('',(18.879517152078,2.62205554452,7.204038401124)
  );
#822 = CARTESIAN_POINT('',(18.946513489132,2.642297711285,7.259653297232
    ));
#823 = CARTESIAN_POINT('',(19.011719745223,2.663238282399,7.317187043519
    ));
#824 = ORIENTED_EDGE('',*,*,#825,.F.);
#825 = EDGE_CURVE('',#826,#811,#828,.T.);
#826 = VERTEX_POINT('',#827);
#827 = CARTESIAN_POINT('',(17.624458598726,2.718310060891,7.468495511375
    ));
#828 = LINE('',#829,#830);
#829 = CARTESIAN_POINT('',(17.624458598726,1.191848361609,3.274576460934
    ));
#830 = VECTOR('',#831,1.);
#831 = DIRECTION('',(-0.,-0.342020143326,-0.939692620786));
#832 = ORIENTED_EDGE('',*,*,#833,.F.);
#833 = EDGE_CURVE('',#834,#826,#836,.T.);
#834 = VERTEX_POINT('',#835);
#835 = CARTESIAN_POINT('',(18.537834394904,2.896770507651,7.958811559113
    ));
#836 = B_SPLINE_CURVE_WITH_KNOTS('',6,(#837,#838,#839,#840,#841,#842,
    #843),.UNSPECIFIED.,.F.,.F.,(7,7),(0.,1.),.PIECEWISE_BEZIER_KNOTS.);
#837 = CARTESIAN_POINT('',(18.537834394904,2.896770507651,7.958811559113
    ));
#838 = CARTESIAN_POINT('',(18.388267165918,2.856903971381,7.849279150918
    ));
#839 = CARTESIAN_POINT('',(18.237205125145,2.820228173284,7.748513223807
    ));
#840 = CARTESIAN_POINT('',(18.084708778867,2.787256522549,7.657924357932
    ));
#841 = CARTESIAN_POINT('',(17.931184427182,2.75869595565,7.579454845289)
  );
#842 = CARTESIAN_POINT('',(17.777390236621,2.735428290215,7.515527459903
    ));
#843 = CARTESIAN_POINT('',(17.624458598726,2.718310060891,7.468495511375
    ));
#844 = ORIENTED_EDGE('',*,*,#845,.F.);
#845 = EDGE_CURVE('',#846,#834,#848,.T.);
#846 = VERTEX_POINT('',#847);
#847 = CARTESIAN_POINT('',(19.214267515924,3.203499400519,8.801542266161
    ));
#848 = B_SPLINE_CURVE_WITH_KNOTS('',5,(#849,#850,#851,#852,#853,#854,
    #855,#856,#857,#858,#859,#860,#861,#862),.UNSPECIFIED.,.F.,.F.,(6,4,
    4,6),(0.,7.602305458109E-02,0.52948728546,1.),.UNSPECIFIED.);
#849 = CARTESIAN_POINT('',(19.214267515924,3.203499400519,8.801542266161
    ));
#850 = CARTESIAN_POINT('',(19.208546586444,3.198034303789,8.786527036301
    ));
#851 = CARTESIAN_POINT('',(19.202635695227,3.192594092569,8.771580178816
    ));
#852 = CARTESIAN_POINT('',(19.196535200274,3.187179366928,8.756703342387
    ));
#853 = CARTESIAN_POINT('',(19.190245618959,3.181790707066,8.741898121094
    ));
#854 = CARTESIAN_POINT('',(19.145127544535,3.144445079278,8.639291852031
    ));
#855 = CARTESIAN_POINT('',(19.099781552215,3.11340676027,8.55401477142)
  );
#856 = CARTESIAN_POINT('',(19.047879004509,3.083439125643,8.471679371968
    ));
#857 = CARTESIAN_POINT('',(18.989760308915,3.054621608759,8.392503895043
    ));
#858 = CARTESIAN_POINT('',(18.859612057598,2.998339636559,8.237870447301
    ));
#859 = CARTESIAN_POINT('',(18.787135791085,2.970964399538,8.162657601734
    ));
#860 = CARTESIAN_POINT('',(18.708962373199,2.944920801976,8.091103405511
    ));
#861 = CARTESIAN_POINT('',(18.625679196012,2.920200708902,8.023185507984
    ));
#862 = CARTESIAN_POINT('',(18.537834394904,2.896770507651,7.958811559113
    ));
#863 = ORIENTED_EDGE('',*,*,#864,.F.);
#864 = EDGE_CURVE('',#865,#846,#867,.T.);
#865 = VERTEX_POINT('',#866);
#866 = CARTESIAN_POINT('',(20.085605095541,3.203499400519,8.801542266161
    ));
#867 = LINE('',#868,#869);
#868 = CARTESIAN_POINT('',(9.107133757962,3.203499400519,8.801542266161)
  );
#869 = VECTOR('',#870,1.);
#870 = DIRECTION('',(-1.,0.,0.));
#871 = ORIENTED_EDGE('',*,*,#872,.F.);
#872 = EDGE_CURVE('',#795,#865,#873,.T.);
#873 = LINE('',#874,#875);
#874 = CARTESIAN_POINT('',(20.085605095541,1.601749700259,4.400771133081
    ));
#875 = VECTOR('',#876,1.);
#876 = DIRECTION('',(0.,0.342020143326,0.939692620786));
#877 = PLANE('',#878);
#878 = AXIS2_PLACEMENT_3D('',#879,#880,#881);
#879 = CARTESIAN_POINT('',(-1.,0.,0.));
#880 = DIRECTION('',(0.,-0.939692620786,0.342020143326));
#881 = DIRECTION('',(0.,0.342020143326,0.939692620786));
#882 = ADVANCED_FACE('',(#883),#894,.T.);
#883 = FACE_BOUND('',#884,.T.);
#884 = EDGE_LOOP('',(#885,#886,#887,#888));
#885 = ORIENTED_EDGE('',*,*,#323,.T.);
#886 = ORIENTED_EDGE('',*,*,#236,.T.);
#887 = ORIENTED_EDGE('',*,*,#134,.F.);
#888 = ORIENTED_EDGE('',*,*,#889,.F.);
#889 = EDGE_CURVE('',#316,#127,#890,.T.);
#890 = LINE('',#891,#892);
#891 = CARTESIAN_POINT('',(4.,19.05,-1.));
#892 = VECTOR('',#893,1.);
#893 = DIRECTION('',(0.,0.,1.));
#894 = PLANE('',#895);
#895 = AXIS2_PLACEMENT_3D('',#896,#897,#898);
#896 = CARTESIAN_POINT('',(4.,12.75,-1.));
#897 = DIRECTION('',(-1.,0.,0.));
#898 = DIRECTION('',(0.,1.,0.));
#899 = ADVANCED_FACE('',(#900),#911,.T.);
#900 = FACE_BOUND('',#901,.T.);
#901 = EDGE_LOOP('',(#902,#903,#904,#905));
#902 = ORIENTED_EDGE('',*,*,#315,.T.);
#903 = ORIENTED_EDGE('',*,*,#889,.T.);
#904 = ORIENTED_EDGE('',*,*,#126,.F.);
#905 = ORIENTED_EDGE('',*,*,#906,.F.);
#906 = EDGE_CURVE('',#308,#119,#907,.T.);
#907 = LINE('',#908,#909);
#908 = CARTESIAN_POINT('',(0.,18.05,-1.));
#909 = VECTOR('',#910,1.);
#910 = DIRECTION('',(0.,0.,1.));
#911 = PLANE('',#912);
#912 = AXIS2_PLACEMENT_3D('',#913,#914,#915);
#913 = CARTESIAN_POINT('',(4.,19.05,-1.));
#914 = DIRECTION('',(0.242535625036,-0.970142500145,0.));
#915 = DIRECTION('',(-0.970142500145,-0.242535625036,0.));
#916 = ADVANCED_FACE('',(#917),#928,.F.);
#917 = FACE_BOUND('',#918,.F.);
#918 = EDGE_LOOP('',(#919,#920,#921,#922));
#919 = ORIENTED_EDGE('',*,*,#118,.F.);
#920 = ORIENTED_EDGE('',*,*,#906,.F.);
#921 = ORIENTED_EDGE('',*,*,#307,.T.);
#922 = ORIENTED_EDGE('',*,*,#923,.T.);
#923 = EDGE_CURVE('',#300,#111,#924,.T.);
#924 = LINE('',#925,#926);
#925 = CARTESIAN_POINT('',(0.,53.,0.));
#926 = VECTOR('',#927,1.);
#927 = DIRECTION('',(0.,0.,1.));
#928 = PLANE('',#929);
#929 = AXIS2_PLACEMENT_3D('',#930,#931,#932);
#930 = CARTESIAN_POINT('',(0.,0.,0.));
#931 = DIRECTION('',(1.,0.,0.));
#932 = DIRECTION('',(0.,0.,1.));
#933 = ADVANCED_FACE('',(#934),#945,.T.);
#934 = FACE_BOUND('',#935,.T.);
#935 = EDGE_LOOP('',(#936,#937,#938,#939));
#936 = ORIENTED_EDGE('',*,*,#299,.F.);
#937 = ORIENTED_EDGE('',*,*,#923,.T.);
#938 = ORIENTED_EDGE('',*,*,#110,.T.);
#939 = ORIENTED_EDGE('',*,*,#940,.F.);
#940 = EDGE_CURVE('',#292,#103,#941,.T.);
#941 = LINE('',#942,#943);
#942 = CARTESIAN_POINT('',(43.,53.,0.));
#943 = VECTOR('',#944,1.);
#944 = DIRECTION('',(0.,0.,1.));
#945 = PLANE('',#946);
#946 = AXIS2_PLACEMENT_3D('',#947,#948,#949);
#947 = CARTESIAN_POINT('',(0.,53.,0.));
#948 = DIRECTION('',(0.,1.,0.));
#949 = DIRECTION('',(0.,0.,1.));
#950 = ADVANCED_FACE('',(#951),#962,.T.);
#951 = FACE_BOUND('',#952,.T.);
#952 = EDGE_LOOP('',(#953,#954,#960,#961));
#953 = ORIENTED_EDGE('',*,*,#102,.F.);
#954 = ORIENTED_EDGE('',*,*,#955,.T.);
#955 = EDGE_CURVE('',#95,#284,#956,.T.);
#956 = LINE('',#957,#958);
#957 = CARTESIAN_POINT('',(43.,17.924390243902,0.));
#958 = VECTOR('',#959,1.);
#959 = DIRECTION('',(0.,0.,-1.));
#960 = ORIENTED_EDGE('',*,*,#291,.T.);
#961 = ORIENTED_EDGE('',*,*,#940,.T.);
#962 = PLANE('',#963);
#963 = AXIS2_PLACEMENT_3D('',#964,#965,#966);
#964 = CARTESIAN_POINT('',(43.,0.,0.));
#965 = DIRECTION('',(1.,0.,0.));
#966 = DIRECTION('',(0.,0.,1.));
#967 = ADVANCED_FACE('',(#968),#979,.T.);
#968 = FACE_BOUND('',#969,.T.);
#969 = EDGE_LOOP('',(#970,#971,#977,#978));
#970 = ORIENTED_EDGE('',*,*,#78,.T.);
#971 = ORIENTED_EDGE('',*,*,#972,.T.);
#972 = EDGE_CURVE('',#71,#95,#973,.T.);
#973 = LINE('',#974,#975);
#974 = CARTESIAN_POINT('',(43.,0.,10.));
#975 = VECTOR('',#976,1.);
#976 = DIRECTION('',(0.,1.,0.));
#977 = ORIENTED_EDGE('',*,*,#94,.T.);
#978 = ORIENTED_EDGE('',*,*,#86,.T.);
#979 = PLANE('',#980);
#980 = AXIS2_PLACEMENT_3D('',#981,#982,#983);
#981 = CARTESIAN_POINT('',(0.,0.,10.));
#982 = DIRECTION('',(0.,0.,1.));
#983 = DIRECTION('',(1.,0.,0.));
#984 = ADVANCED_FACE('',(#985),#996,.T.);
#985 = FACE_BOUND('',#986,.T.);
#986 = EDGE_LOOP('',(#987,#988,#989,#990));
#987 = ORIENTED_EDGE('',*,*,#70,.F.);
#988 = ORIENTED_EDGE('',*,*,#340,.T.);
#989 = ORIENTED_EDGE('',*,*,#259,.T.);
#990 = ORIENTED_EDGE('',*,*,#991,.T.);
#991 = EDGE_CURVE('',#260,#71,#992,.T.);
#992 = LINE('',#993,#994);
#993 = CARTESIAN_POINT('',(43.,13.875609756098,0.));
#994 = VECTOR('',#995,1.);
#995 = DIRECTION('',(0.,0.,1.));
#996 = PLANE('',#997);
#997 = AXIS2_PLACEMENT_3D('',#998,#999,#1000);
#998 = CARTESIAN_POINT('',(43.,0.,0.));
#999 = DIRECTION('',(1.,0.,0.));
#1000 = DIRECTION('',(0.,0.,1.));
#1001 = ADVANCED_FACE('',(#1002),#1028,.T.);
#1002 = FACE_BOUND('',#1003,.T.);
#1003 = EDGE_LOOP('',(#1004,#1012,#1013,#1021));
#1004 = ORIENTED_EDGE('',*,*,#1005,.F.);
#1005 = EDGE_CURVE('',#151,#1006,#1008,.T.);
#1006 = VERTEX_POINT('',#1007);
#1007 = CARTESIAN_POINT('',(16.6,38.36,20.5));
#1008 = LINE('',#1009,#1010);
#1009 = CARTESIAN_POINT('',(16.6,38.36,9.9));
#1010 = VECTOR('',#1011,1.);
#1011 = DIRECTION('',(0.,0.,1.));
#1012 = ORIENTED_EDGE('',*,*,#150,.T.);
#1013 = ORIENTED_EDGE('',*,*,#1014,.T.);
#1014 = EDGE_CURVE('',#153,#1015,#1017,.T.);
#1015 = VERTEX_POINT('',#1016);
#1016 = CARTESIAN_POINT('',(16.,37.76,20.5));
#1017 = LINE('',#1018,#1019);
#1018 = CARTESIAN_POINT('',(16.,37.76,9.9));
#1019 = VECTOR('',#1020,1.);
#1020 = DIRECTION('',(0.,0.,1.));
#1021 = ORIENTED_EDGE('',*,*,#1022,.F.);
#1022 = EDGE_CURVE('',#1006,#1015,#1023,.T.);
#1023 = CIRCLE('',#1024,0.6);
#1024 = AXIS2_PLACEMENT_3D('',#1025,#1026,#1027);
#1025 = CARTESIAN_POINT('',(16.6,37.76,20.5));
#1026 = DIRECTION('',(0.,-0.,1.));
#1027 = DIRECTION('',(0.,1.,0.));
#1028 = CYLINDRICAL_SURFACE('',#1029,0.6);
#1029 = AXIS2_PLACEMENT_3D('',#1030,#1031,#1032);
#1030 = CARTESIAN_POINT('',(16.6,37.76,9.9));
#1031 = DIRECTION('',(0.,0.,1.));
#1032 = DIRECTION('',(0.,1.,0.));
#1033 = ADVANCED_FACE('',(#1034),#1052,.F.);
#1034 = FACE_BOUND('',#1035,.F.);
#1035 = EDGE_LOOP('',(#1036,#1037,#1045,#1051));
#1036 = ORIENTED_EDGE('',*,*,#161,.T.);
#1037 = ORIENTED_EDGE('',*,*,#1038,.T.);
#1038 = EDGE_CURVE('',#162,#1039,#1041,.T.);
#1039 = VERTEX_POINT('',#1040);
#1040 = CARTESIAN_POINT('',(26.4,38.36,20.5));
#1041 = LINE('',#1042,#1043);
#1042 = CARTESIAN_POINT('',(26.4,38.36,9.9));
#1043 = VECTOR('',#1044,1.);
#1044 = DIRECTION('',(0.,0.,1.));
#1045 = ORIENTED_EDGE('',*,*,#1046,.T.);
#1046 = EDGE_CURVE('',#1039,#1006,#1047,.T.);
#1047 = LINE('',#1048,#1049);
#1048 = CARTESIAN_POINT('',(26.4,38.36,20.5));
#1049 = VECTOR('',#1050,1.);
#1050 = DIRECTION('',(-1.,0.,0.));
#1051 = ORIENTED_EDGE('',*,*,#1005,.F.);
#1052 = PLANE('',#1053);
#1053 = AXIS2_PLACEMENT_3D('',#1054,#1055,#1056);
#1054 = CARTESIAN_POINT('',(27.,38.36,9.9));
#1055 = DIRECTION('',(0.,-1.,0.));
#1056 = DIRECTION('',(-1.,0.,0.));
#1057 = ADVANCED_FACE('',(#1058),#1076,.F.);
#1058 = FACE_BOUND('',#1059,.F.);
#1059 = EDGE_LOOP('',(#1060,#1061,#1062,#1070));
#1060 = ORIENTED_EDGE('',*,*,#212,.T.);
#1061 = ORIENTED_EDGE('',*,*,#1014,.T.);
#1062 = ORIENTED_EDGE('',*,*,#1063,.T.);
#1063 = EDGE_CURVE('',#1015,#1064,#1066,.T.);
#1064 = VERTEX_POINT('',#1065);
#1065 = CARTESIAN_POINT('',(16.,27.96,20.5));
#1066 = LINE('',#1067,#1068);
#1067 = CARTESIAN_POINT('',(16.,37.76,20.5));
#1068 = VECTOR('',#1069,1.);
#1069 = DIRECTION('',(0.,-1.,0.));
#1070 = ORIENTED_EDGE('',*,*,#1071,.F.);
#1071 = EDGE_CURVE('',#204,#1064,#1072,.T.);
#1072 = LINE('',#1073,#1074);
#1073 = CARTESIAN_POINT('',(16.,27.96,9.9));
#1074 = VECTOR('',#1075,1.);
#1075 = DIRECTION('',(0.,0.,1.));
#1076 = PLANE('',#1077);
#1077 = AXIS2_PLACEMENT_3D('',#1078,#1079,#1080);
#1078 = CARTESIAN_POINT('',(16.,38.36,9.9));
#1079 = DIRECTION('',(1.,0.,0.));
#1080 = DIRECTION('',(0.,-1.,0.));
#1081 = ADVANCED_FACE('',(#1082),#1101,.T.);
#1082 = FACE_BOUND('',#1083,.F.);
#1083 = EDGE_LOOP('',(#1084,#1085,#1086,#1094));
#1084 = ORIENTED_EDGE('',*,*,#1038,.F.);
#1085 = ORIENTED_EDGE('',*,*,#169,.F.);
#1086 = ORIENTED_EDGE('',*,*,#1087,.T.);
#1087 = EDGE_CURVE('',#170,#1088,#1090,.T.);
#1088 = VERTEX_POINT('',#1089);
#1089 = CARTESIAN_POINT('',(27.,37.76,20.5));
#1090 = LINE('',#1091,#1092);
#1091 = CARTESIAN_POINT('',(27.,37.76,9.9));
#1092 = VECTOR('',#1093,1.);
#1093 = DIRECTION('',(0.,0.,1.));
#1094 = ORIENTED_EDGE('',*,*,#1095,.T.);
#1095 = EDGE_CURVE('',#1088,#1039,#1096,.T.);
#1096 = CIRCLE('',#1097,0.6);
#1097 = AXIS2_PLACEMENT_3D('',#1098,#1099,#1100);
#1098 = CARTESIAN_POINT('',(26.4,37.76,20.5));
#1099 = DIRECTION('',(0.,0.,1.));
#1100 = DIRECTION('',(1.,0.,0.));
#1101 = CYLINDRICAL_SURFACE('',#1102,0.6);
#1102 = AXIS2_PLACEMENT_3D('',#1103,#1104,#1105);
#1103 = CARTESIAN_POINT('',(26.4,37.76,9.9));
#1104 = DIRECTION('',(0.,0.,1.));
#1105 = DIRECTION('',(0.,1.,0.));
#1106 = ADVANCED_FACE('',(#1107),#1126,.T.);
#1107 = FACE_BOUND('',#1108,.T.);
#1108 = EDGE_LOOP('',(#1109,#1110,#1111,#1119));
#1109 = ORIENTED_EDGE('',*,*,#1071,.F.);
#1110 = ORIENTED_EDGE('',*,*,#203,.T.);
#1111 = ORIENTED_EDGE('',*,*,#1112,.T.);
#1112 = EDGE_CURVE('',#196,#1113,#1115,.T.);
#1113 = VERTEX_POINT('',#1114);
#1114 = CARTESIAN_POINT('',(16.6,27.36,20.5));
#1115 = LINE('',#1116,#1117);
#1116 = CARTESIAN_POINT('',(16.6,27.36,9.9));
#1117 = VECTOR('',#1118,1.);
#1118 = DIRECTION('',(0.,0.,1.));
#1119 = ORIENTED_EDGE('',*,*,#1120,.F.);
#1120 = EDGE_CURVE('',#1064,#1113,#1121,.T.);
#1121 = CIRCLE('',#1122,0.6);
#1122 = AXIS2_PLACEMENT_3D('',#1123,#1124,#1125);
#1123 = CARTESIAN_POINT('',(16.6,27.96,20.5));
#1124 = DIRECTION('',(0.,0.,1.));
#1125 = DIRECTION('',(-1.,0.,0.));
#1126 = CYLINDRICAL_SURFACE('',#1127,0.6);
#1127 = AXIS2_PLACEMENT_3D('',#1128,#1129,#1130);
#1128 = CARTESIAN_POINT('',(16.6,27.96,9.9));
#1129 = DIRECTION('',(0.,0.,1.));
#1130 = DIRECTION('',(-1.,0.,0.));
#1131 = ADVANCED_FACE('',(#1132),#1150,.F.);
#1132 = FACE_BOUND('',#1133,.F.);
#1133 = EDGE_LOOP('',(#1134,#1135,#1143,#1149));
#1134 = ORIENTED_EDGE('',*,*,#178,.T.);
#1135 = ORIENTED_EDGE('',*,*,#1136,.T.);
#1136 = EDGE_CURVE('',#179,#1137,#1139,.T.);
#1137 = VERTEX_POINT('',#1138);
#1138 = CARTESIAN_POINT('',(27.,27.96,20.5));
#1139 = LINE('',#1140,#1141);
#1140 = CARTESIAN_POINT('',(27.,27.96,9.9));
#1141 = VECTOR('',#1142,1.);
#1142 = DIRECTION('',(0.,0.,1.));
#1143 = ORIENTED_EDGE('',*,*,#1144,.T.);
#1144 = EDGE_CURVE('',#1137,#1088,#1145,.T.);
#1145 = LINE('',#1146,#1147);
#1146 = CARTESIAN_POINT('',(27.,27.96,20.5));
#1147 = VECTOR('',#1148,1.);
#1148 = DIRECTION('',(0.,1.,0.));
#1149 = ORIENTED_EDGE('',*,*,#1087,.F.);
#1150 = PLANE('',#1151);
#1151 = AXIS2_PLACEMENT_3D('',#1152,#1153,#1154);
#1152 = CARTESIAN_POINT('',(27.,27.36,9.9));
#1153 = DIRECTION('',(-1.,0.,0.));
#1154 = DIRECTION('',(0.,1.,0.));
#1155 = ADVANCED_FACE('',(#1156),#1174,.F.);
#1156 = FACE_BOUND('',#1157,.F.);
#1157 = EDGE_LOOP('',(#1158,#1159,#1160,#1168));
#1158 = ORIENTED_EDGE('',*,*,#195,.T.);
#1159 = ORIENTED_EDGE('',*,*,#1112,.T.);
#1160 = ORIENTED_EDGE('',*,*,#1161,.T.);
#1161 = EDGE_CURVE('',#1113,#1162,#1164,.T.);
#1162 = VERTEX_POINT('',#1163);
#1163 = CARTESIAN_POINT('',(26.4,27.36,20.5));
#1164 = LINE('',#1165,#1166);
#1165 = CARTESIAN_POINT('',(16.6,27.36,20.5));
#1166 = VECTOR('',#1167,1.);
#1167 = DIRECTION('',(1.,0.,0.));
#1168 = ORIENTED_EDGE('',*,*,#1169,.F.);
#1169 = EDGE_CURVE('',#187,#1162,#1170,.T.);
#1170 = LINE('',#1171,#1172);
#1171 = CARTESIAN_POINT('',(26.4,27.36,9.9));
#1172 = VECTOR('',#1173,1.);
#1173 = DIRECTION('',(0.,0.,1.));
#1174 = PLANE('',#1175);
#1175 = AXIS2_PLACEMENT_3D('',#1176,#1177,#1178);
#1176 = CARTESIAN_POINT('',(16.,27.36,9.9));
#1177 = DIRECTION('',(0.,1.,0.));
#1178 = DIRECTION('',(1.,0.,0.));
#1179 = ADVANCED_FACE('',(#1180),#1192,.T.);
#1180 = FACE_BOUND('',#1181,.T.);
#1181 = EDGE_LOOP('',(#1182,#1183,#1184,#1185));
#1182 = ORIENTED_EDGE('',*,*,#1169,.F.);
#1183 = ORIENTED_EDGE('',*,*,#186,.T.);
#1184 = ORIENTED_EDGE('',*,*,#1136,.T.);
#1185 = ORIENTED_EDGE('',*,*,#1186,.F.);
#1186 = EDGE_CURVE('',#1162,#1137,#1187,.T.);
#1187 = CIRCLE('',#1188,0.6);
#1188 = AXIS2_PLACEMENT_3D('',#1189,#1190,#1191);
#1189 = CARTESIAN_POINT('',(26.4,27.96,20.5));
#1190 = DIRECTION('',(-0.,0.,1.));
#1191 = DIRECTION('',(0.,-1.,0.));
#1192 = CYLINDRICAL_SURFACE('',#1193,0.6);
#1193 = AXIS2_PLACEMENT_3D('',#1194,#1195,#1196);
#1194 = CARTESIAN_POINT('',(26.4,27.96,9.9));
#1195 = DIRECTION('',(0.,0.,1.));
#1196 = DIRECTION('',(0.,-1.,0.));
#1197 = ADVANCED_FACE('',(#1198),#1209,.F.);
#1198 = FACE_BOUND('',#1199,.F.);
#1199 = EDGE_LOOP('',(#1200,#1201,#1207,#1208));
#1200 = ORIENTED_EDGE('',*,*,#267,.T.);
#1201 = ORIENTED_EDGE('',*,*,#1202,.T.);
#1202 = EDGE_CURVE('',#260,#284,#1203,.T.);
#1203 = LINE('',#1204,#1205);
#1204 = CARTESIAN_POINT('',(43.,0.,0.));
#1205 = VECTOR('',#1206,1.);
#1206 = DIRECTION('',(0.,1.,0.));
#1207 = ORIENTED_EDGE('',*,*,#283,.T.);
#1208 = ORIENTED_EDGE('',*,*,#275,.T.);
#1209 = PLANE('',#1210);
#1210 = AXIS2_PLACEMENT_3D('',#1211,#1212,#1213);
#1211 = CARTESIAN_POINT('',(0.,0.,0.));
#1212 = DIRECTION('',(0.,0.,1.));
#1213 = DIRECTION('',(1.,0.,0.));
#1214 = ADVANCED_FACE('',(#1215),#1240,.T.);
#1215 = FACE_BOUND('',#1216,.T.);
#1216 = EDGE_LOOP('',(#1217,#1218,#1226,#1234));
#1217 = ORIENTED_EDGE('',*,*,#349,.T.);
#1218 = ORIENTED_EDGE('',*,*,#1219,.T.);
#1219 = EDGE_CURVE('',#352,#1220,#1222,.T.);
#1220 = VERTEX_POINT('',#1221);
#1221 = CARTESIAN_POINT('',(21.653248407643,1.219232781843,5.10409717727
    ));
#1222 = LINE('',#1223,#1224);
#1223 = CARTESIAN_POINT('',(21.653248407643,1.970986878472,
    4.830481062609));
#1224 = VECTOR('',#1225,1.);
#1225 = DIRECTION('',(0.,-0.939692620786,0.342020143326));
#1226 = ORIENTED_EDGE('',*,*,#1227,.T.);
#1227 = EDGE_CURVE('',#1220,#1228,#1230,.T.);
#1228 = VERTEX_POINT('',#1229);
#1229 = CARTESIAN_POINT('',(22.692738853503,1.262192254622,
    5.222127358683));
#1230 = LINE('',#1231,#1232);
#1231 = CARTESIAN_POINT('',(21.653248407643,1.219232781843,5.10409717727
    ));
#1232 = VECTOR('',#1233,1.);
#1233 = DIRECTION('',(0.992778634966,4.102899349847E-02,0.11272623318));
#1234 = ORIENTED_EDGE('',*,*,#1235,.F.);
#1235 = EDGE_CURVE('',#350,#1228,#1236,.T.);
#1236 = LINE('',#1237,#1238);
#1237 = CARTESIAN_POINT('',(22.692738853503,2.013946351251,
    4.948511244023));
#1238 = VECTOR('',#1239,1.);
#1239 = DIRECTION('',(0.,-0.939692620786,0.342020143326));
#1240 = PLANE('',#1241);
#1241 = AXIS2_PLACEMENT_3D('',#1242,#1243,#1244);
#1242 = CARTESIAN_POINT('',(21.653248407643,1.970986878472,
    4.830481062609));
#1243 = DIRECTION('',(-0.119960751725,0.339550291022,0.932906757352));
#1244 = DIRECTION('',(0.992778634966,4.102899349847E-02,0.11272623318));
#1245 = ADVANCED_FACE('',(#1246),#1264,.T.);
#1246 = FACE_BOUND('',#1247,.T.);
#1247 = EDGE_LOOP('',(#1248,#1249,#1257,#1263));
#1248 = ORIENTED_EDGE('',*,*,#775,.T.);
#1249 = ORIENTED_EDGE('',*,*,#1250,.T.);
#1250 = EDGE_CURVE('',#754,#1251,#1253,.T.);
#1251 = VERTEX_POINT('',#1252);
#1252 = CARTESIAN_POINT('',(22.234140127389,0.826672082306,
    4.025545519527));
#1253 = LINE('',#1254,#1255);
#1254 = CARTESIAN_POINT('',(22.234140127389,1.578426178935,
    3.751929404866));
#1255 = VECTOR('',#1256,1.);
#1256 = DIRECTION('',(0.,-0.939692620786,0.342020143326));
#1257 = ORIENTED_EDGE('',*,*,#1258,.T.);
#1258 = EDGE_CURVE('',#1251,#1220,#1259,.T.);
#1259 = B_SPLINE_CURVE_WITH_KNOTS('',2,(#1260,#1261,#1262),
  .UNSPECIFIED.,.F.,.F.,(3,3),(0.,1.),.PIECEWISE_BEZIER_KNOTS.);
#1260 = CARTESIAN_POINT('',(22.234140127389,0.826672082306,
    4.025545519527));
#1261 = CARTESIAN_POINT('',(21.733503184713,0.976725250919,
    4.437813212009));
#1262 = CARTESIAN_POINT('',(21.653248407643,1.219232781843,5.10409717727
    ));
#1263 = ORIENTED_EDGE('',*,*,#1219,.F.);
#1264 = SURFACE_OF_LINEAR_EXTRUSION('',#1265,#1269);
#1265 = B_SPLINE_CURVE_WITH_KNOTS('',2,(#1266,#1267,#1268),
  .UNSPECIFIED.,.F.,.F.,(3,3),(0.,1.),.PIECEWISE_BEZIER_KNOTS.);
#1266 = CARTESIAN_POINT('',(22.234140127389,1.578426178935,
    3.751929404866));
#1267 = CARTESIAN_POINT('',(21.733503184713,1.728479347548,
    4.164197097349));
#1268 = CARTESIAN_POINT('',(21.653248407643,1.970986878472,
    4.830481062609));
#1269 = VECTOR('',#1270,1.);
#1270 = DIRECTION('',(-0.,0.939692620786,-0.342020143326));
#1271 = ADVANCED_FACE('',(#1272),#1290,.T.);
#1272 = FACE_BOUND('',#1273,.T.);
#1273 = EDGE_LOOP('',(#1274,#1275,#1283,#1289));
#1274 = ORIENTED_EDGE('',*,*,#753,.T.);
#1275 = ORIENTED_EDGE('',*,*,#1276,.T.);
#1276 = EDGE_CURVE('',#735,#1277,#1279,.T.);
#1277 = VERTEX_POINT('',#1278);
#1278 = CARTESIAN_POINT('',(23.495286624204,0.676618913693,
    3.613277827045));
#1279 = LINE('',#1280,#1281);
#1280 = CARTESIAN_POINT('',(23.495286624204,1.428373010321,
    3.339661712384));
#1281 = VECTOR('',#1282,1.);
#1282 = DIRECTION('',(0.,-0.939692620786,0.342020143326));
#1283 = ORIENTED_EDGE('',*,*,#1284,.T.);
#1284 = EDGE_CURVE('',#1277,#1251,#1285,.T.);
#1285 = B_SPLINE_CURVE_WITH_KNOTS('',2,(#1286,#1287,#1288),
  .UNSPECIFIED.,.F.,.F.,(3,3),(0.,1.),.PIECEWISE_BEZIER_KNOTS.);
#1286 = CARTESIAN_POINT('',(23.495286624204,0.676618913693,
    3.613277827045));
#1287 = CARTESIAN_POINT('',(22.734777070064,0.676618913693,
    3.613277827045));
#1288 = CARTESIAN_POINT('',(22.234140127389,0.826672082306,
    4.025545519527));
#1289 = ORIENTED_EDGE('',*,*,#1250,.F.);
#1290 = SURFACE_OF_LINEAR_EXTRUSION('',#1291,#1295);
#1291 = B_SPLINE_CURVE_WITH_KNOTS('',2,(#1292,#1293,#1294),
  .UNSPECIFIED.,.F.,.F.,(3,3),(0.,1.),.PIECEWISE_BEZIER_KNOTS.);
#1292 = CARTESIAN_POINT('',(23.495286624204,1.428373010321,
    3.339661712384));
#1293 = CARTESIAN_POINT('',(22.734777070064,1.428373010321,
    3.339661712384));
#1294 = CARTESIAN_POINT('',(22.234140127389,1.578426178935,
    3.751929404866));
#1295 = VECTOR('',#1296,1.);
#1296 = DIRECTION('',(-0.,0.939692620786,-0.342020143326));
#1297 = ADVANCED_FACE('',(#1298),#1316,.T.);
#1298 = FACE_BOUND('',#1299,.T.);
#1299 = EDGE_LOOP('',(#1300,#1301,#1309,#1315));
#1300 = ORIENTED_EDGE('',*,*,#734,.T.);
#1301 = ORIENTED_EDGE('',*,*,#1302,.T.);
#1302 = EDGE_CURVE('',#712,#1303,#1305,.T.);
#1303 = VERTEX_POINT('',#1304);
#1304 = CARTESIAN_POINT('',(24.836687898089,0.855253638232,
    4.104072699047));
#1305 = LINE('',#1306,#1307);
#1306 = CARTESIAN_POINT('',(24.836687898089,1.607007734861,
    3.830456584387));
#1307 = VECTOR('',#1308,1.);
#1308 = DIRECTION('',(0.,-0.939692620786,0.342020143326));
#1309 = ORIENTED_EDGE('',*,*,#1310,.T.);
#1310 = EDGE_CURVE('',#1303,#1277,#1311,.T.);
#1311 = B_SPLINE_CURVE_WITH_KNOTS('',2,(#1312,#1313,#1314),
  .UNSPECIFIED.,.F.,.F.,(3,3),(0.,1.),.PIECEWISE_BEZIER_KNOTS.);
#1312 = CARTESIAN_POINT('',(24.836687898089,0.855253638232,
    4.104072699047));
#1313 = CARTESIAN_POINT('',(24.297834394904,0.676618913693,
    3.613277827045));
#1314 = CARTESIAN_POINT('',(23.495286624204,0.676618913693,
    3.613277827045));
#1315 = ORIENTED_EDGE('',*,*,#1276,.F.);
#1316 = SURFACE_OF_LINEAR_EXTRUSION('',#1317,#1321);
#1317 = B_SPLINE_CURVE_WITH_KNOTS('',2,(#1318,#1319,#1320),
  .UNSPECIFIED.,.F.,.F.,(3,3),(0.,1.),.PIECEWISE_BEZIER_KNOTS.);
#1318 = CARTESIAN_POINT('',(24.836687898089,1.607007734861,
    3.830456584387));
#1319 = CARTESIAN_POINT('',(24.297834394904,1.428373010321,
    3.339661712384));
#1320 = CARTESIAN_POINT('',(23.495286624204,1.428373010321,
    3.339661712384));
#1321 = VECTOR('',#1322,1.);
#1322 = DIRECTION('',(-0.,0.939692620786,-0.342020143326));
#1323 = ADVANCED_FACE('',(#1324),#1342,.T.);
#1324 = FACE_BOUND('',#1325,.T.);
#1325 = EDGE_LOOP('',(#1326,#1327,#1335,#1341));
#1326 = ORIENTED_EDGE('',*,*,#711,.T.);
#1327 = ORIENTED_EDGE('',*,*,#1328,.T.);
#1328 = EDGE_CURVE('',#695,#1329,#1331,.T.);
#1329 = VERTEX_POINT('',#1330);
#1330 = CARTESIAN_POINT('',(25.375541401274,1.287375393838,
    5.291317465029));
#1331 = LINE('',#1332,#1333);
#1332 = CARTESIAN_POINT('',(25.375541401274,2.039129490467,
    5.017701350368));
#1333 = VECTOR('',#1334,1.);
#1334 = DIRECTION('',(0.,-0.939692620786,0.342020143326));
#1335 = ORIENTED_EDGE('',*,*,#1336,.T.);
#1336 = EDGE_CURVE('',#1329,#1303,#1337,.T.);
#1337 = B_SPLINE_CURVE_WITH_KNOTS('',2,(#1338,#1339,#1340),
  .UNSPECIFIED.,.F.,.F.,(3,3),(0.,1.),.PIECEWISE_BEZIER_KNOTS.);
#1338 = CARTESIAN_POINT('',(25.375541401274,1.287375393838,
    5.291317465029));
#1339 = CARTESIAN_POINT('',(25.375541401274,1.033888362772,4.59486757105
    ));
#1340 = CARTESIAN_POINT('',(24.836687898089,0.855253638232,
    4.104072699047));
#1341 = ORIENTED_EDGE('',*,*,#1302,.F.);
#1342 = SURFACE_OF_LINEAR_EXTRUSION('',#1343,#1347);
#1343 = B_SPLINE_CURVE_WITH_KNOTS('',2,(#1344,#1345,#1346),
  .UNSPECIFIED.,.F.,.F.,(3,3),(0.,1.),.PIECEWISE_BEZIER_KNOTS.);
#1344 = CARTESIAN_POINT('',(25.375541401274,2.039129490467,
    5.017701350368));
#1345 = CARTESIAN_POINT('',(25.375541401274,1.785642459401,4.32125145639
    ));
#1346 = CARTESIAN_POINT('',(24.836687898089,1.607007734861,
    3.830456584387));
#1347 = VECTOR('',#1348,1.);
#1348 = DIRECTION('',(-0.,0.939692620786,-0.342020143326));
#1349 = ADVANCED_FACE('',(#1350),#1368,.T.);
#1350 = FACE_BOUND('',#1351,.T.);
#1351 = EDGE_LOOP('',(#1352,#1353,#1361,#1367));
#1352 = ORIENTED_EDGE('',*,*,#694,.T.);
#1353 = ORIENTED_EDGE('',*,*,#1354,.T.);
#1354 = EDGE_CURVE('',#680,#1355,#1357,.T.);
#1355 = VERTEX_POINT('',#1356);
#1356 = CARTESIAN_POINT('',(25.086878980892,1.585477536594,
    6.110346370942));
#1357 = LINE('',#1358,#1359);
#1358 = CARTESIAN_POINT('',(25.086878980892,2.337231633223,
    5.836730256281));
#1359 = VECTOR('',#1360,1.);
#1360 = DIRECTION('',(0.,-0.939692620786,0.342020143326));
#1361 = ORIENTED_EDGE('',*,*,#1362,.T.);
#1362 = EDGE_CURVE('',#1355,#1329,#1363,.T.);
#1363 = B_SPLINE_CURVE_WITH_KNOTS('',2,(#1364,#1365,#1366),
  .UNSPECIFIED.,.F.,.F.,(3,3),(0.,1.),.PIECEWISE_BEZIER_KNOTS.);
#1364 = CARTESIAN_POINT('',(25.086878980892,1.585477536594,
    6.110346370942));
#1365 = CARTESIAN_POINT('',(25.375541401274,1.462001729437,
    5.771099378928));
#1366 = CARTESIAN_POINT('',(25.375541401274,1.287375393838,
    5.291317465029));
#1367 = ORIENTED_EDGE('',*,*,#1328,.F.);
#1368 = SURFACE_OF_LINEAR_EXTRUSION('',#1369,#1373);
#1369 = B_SPLINE_CURVE_WITH_KNOTS('',2,(#1370,#1371,#1372),
  .UNSPECIFIED.,.F.,.F.,(3,3),(0.,1.),.PIECEWISE_BEZIER_KNOTS.);
#1370 = CARTESIAN_POINT('',(25.086878980892,2.337231633223,
    5.836730256281));
#1371 = CARTESIAN_POINT('',(25.375541401274,2.213755826065,
    5.497483264268));
#1372 = CARTESIAN_POINT('',(25.375541401274,2.039129490467,
    5.017701350368));
#1373 = VECTOR('',#1374,1.);
#1374 = DIRECTION('',(-0.,0.939692620786,-0.342020143326));
#1375 = ADVANCED_FACE('',(#1376),#1394,.T.);
#1376 = FACE_BOUND('',#1377,.T.);
#1377 = EDGE_LOOP('',(#1378,#1379,#1387,#1393));
#1378 = ORIENTED_EDGE('',*,*,#679,.T.);
#1379 = ORIENTED_EDGE('',*,*,#1380,.T.);
#1380 = EDGE_CURVE('',#657,#1381,#1383,.T.);
#1381 = VERTEX_POINT('',#1382);
#1382 = CARTESIAN_POINT('',(24.316942675159,1.744418871989,
    6.547034100958));
#1383 = LINE('',#1384,#1385);
#1384 = CARTESIAN_POINT('',(24.316942675159,2.496172968618,
    6.273417986298));
#1385 = VECTOR('',#1386,1.);
#1386 = DIRECTION('',(0.,-0.939692620786,0.342020143326));
#1387 = ORIENTED_EDGE('',*,*,#1388,.T.);
#1388 = EDGE_CURVE('',#1381,#1355,#1389,.T.);
#1389 = B_SPLINE_CURVE_WITH_KNOTS('',2,(#1390,#1391,#1392),
  .UNSPECIFIED.,.F.,.F.,(3,3),(0.,1.),.PIECEWISE_BEZIER_KNOTS.);
#1390 = CARTESIAN_POINT('',(24.316942675159,1.744418871989,
    6.547034100958));
#1391 = CARTESIAN_POINT('',(24.79847133758,1.708953343751,6.449593362956
    ));
#1392 = CARTESIAN_POINT('',(25.086878980892,1.585477536594,
    6.110346370942));
#1393 = ORIENTED_EDGE('',*,*,#1354,.F.);
#1394 = SURFACE_OF_LINEAR_EXTRUSION('',#1395,#1399);
#1395 = B_SPLINE_CURVE_WITH_KNOTS('',2,(#1396,#1397,#1398),
  .UNSPECIFIED.,.F.,.F.,(3,3),(0.,1.),.PIECEWISE_BEZIER_KNOTS.);
#1396 = CARTESIAN_POINT('',(24.316942675159,2.496172968618,
    6.273417986298));
#1397 = CARTESIAN_POINT('',(24.79847133758,2.46070744038,6.175977248295)
  );
#1398 = CARTESIAN_POINT('',(25.086878980892,2.337231633223,
    5.836730256281));
#1399 = VECTOR('',#1400,1.);
#1400 = DIRECTION('',(-0.,0.939692620786,-0.342020143326));
#1401 = ADVANCED_FACE('',(#1402),#1420,.T.);
#1402 = FACE_BOUND('',#1403,.T.);
#1403 = EDGE_LOOP('',(#1404,#1405,#1413,#1419));
#1404 = ORIENTED_EDGE('',*,*,#656,.T.);
#1405 = ORIENTED_EDGE('',*,*,#1406,.T.);
#1406 = EDGE_CURVE('',#640,#1407,#1409,.T.);
#1407 = VERTEX_POINT('',#1408);
#1408 = CARTESIAN_POINT('',(25.123312101911,2.147523377218,
    7.654554626756));
#1409 = LINE('',#1410,#1411);
#1410 = CARTESIAN_POINT('',(25.123312101911,2.899277473847,
    7.380938512095));
#1411 = VECTOR('',#1412,1.);
#1412 = DIRECTION('',(0.,-0.939692620786,0.342020143326));
#1413 = ORIENTED_EDGE('',*,*,#1414,.T.);
#1414 = EDGE_CURVE('',#1407,#1381,#1415,.T.);
#1415 = B_SPLINE_CURVE_WITH_KNOTS('',2,(#1416,#1417,#1418),
  .UNSPECIFIED.,.F.,.F.,(3,3),(0.,1.),.PIECEWISE_BEZIER_KNOTS.);
#1416 = CARTESIAN_POINT('',(25.123312101911,2.147523377218,
    7.654554626756));
#1417 = CARTESIAN_POINT('',(25.123312101911,1.894907735052,
    6.960498854104));
#1418 = CARTESIAN_POINT('',(24.316942675159,1.744418871989,
    6.547034100958));
#1419 = ORIENTED_EDGE('',*,*,#1380,.F.);
#1420 = SURFACE_OF_LINEAR_EXTRUSION('',#1421,#1425);
#1421 = B_SPLINE_CURVE_WITH_KNOTS('',2,(#1422,#1423,#1424),
  .UNSPECIFIED.,.F.,.F.,(3,3),(0.,1.),.PIECEWISE_BEZIER_KNOTS.);
#1422 = CARTESIAN_POINT('',(25.123312101911,2.899277473847,
    7.380938512095));
#1423 = CARTESIAN_POINT('',(25.123312101911,2.646661831681,
    6.686882739443));
#1424 = CARTESIAN_POINT('',(24.316942675159,2.496172968618,
    6.273417986298));
#1425 = VECTOR('',#1426,1.);
#1426 = DIRECTION('',(-0.,0.939692620786,-0.342020143326));
#1427 = ADVANCED_FACE('',(#1428),#1446,.T.);
#1428 = FACE_BOUND('',#1429,.T.);
#1429 = EDGE_LOOP('',(#1430,#1431,#1439,#1445));
#1430 = ORIENTED_EDGE('',*,*,#639,.T.);
#1431 = ORIENTED_EDGE('',*,*,#1432,.T.);
#1432 = EDGE_CURVE('',#617,#1433,#1435,.T.);
#1433 = VERTEX_POINT('',#1434);
#1434 = CARTESIAN_POINT('',(24.729681528662,2.466887409139,
    8.532000093044));
#1435 = LINE('',#1436,#1437);
#1436 = CARTESIAN_POINT('',(24.729681528662,3.218641505768,
    8.258383978383));
#1437 = VECTOR('',#1438,1.);
#1438 = DIRECTION('',(0.,-0.939692620786,0.342020143326));
#1439 = ORIENTED_EDGE('',*,*,#1440,.T.);
#1440 = EDGE_CURVE('',#1433,#1407,#1441,.T.);
#1441 = B_SPLINE_CURVE_WITH_KNOTS('',2,(#1442,#1443,#1444),
  .UNSPECIFIED.,.F.,.F.,(3,3),(0.,1.),.PIECEWISE_BEZIER_KNOTS.);
#1442 = CARTESIAN_POINT('',(24.729681528662,2.466887409139,
    8.532000093044));
#1443 = CARTESIAN_POINT('',(25.123312101911,2.325548129528,8.14367361383
    ));
#1444 = CARTESIAN_POINT('',(25.123312101911,2.147523377218,
    7.654554626756));
#1445 = ORIENTED_EDGE('',*,*,#1406,.F.);
#1446 = SURFACE_OF_LINEAR_EXTRUSION('',#1447,#1451);
#1447 = B_SPLINE_CURVE_WITH_KNOTS('',2,(#1448,#1449,#1450),
  .UNSPECIFIED.,.F.,.F.,(3,3),(0.,1.),.PIECEWISE_BEZIER_KNOTS.);
#1448 = CARTESIAN_POINT('',(24.729681528662,3.218641505768,
    8.258383978383));
#1449 = CARTESIAN_POINT('',(25.123312101911,3.077302226156,
    7.870057499169));
#1450 = CARTESIAN_POINT('',(25.123312101911,2.899277473847,
    7.380938512095));
#1451 = VECTOR('',#1452,1.);
#1452 = DIRECTION('',(-0.,0.939692620786,-0.342020143326));
#1453 = ADVANCED_FACE('',(#1454),#1472,.T.);
#1454 = FACE_BOUND('',#1455,.T.);
#1455 = EDGE_LOOP('',(#1456,#1457,#1465,#1471));
#1456 = ORIENTED_EDGE('',*,*,#616,.T.);
#1457 = ORIENTED_EDGE('',*,*,#1458,.T.);
#1458 = EDGE_CURVE('',#602,#1459,#1461,.T.);
#1459 = VERTEX_POINT('',#1460);
#1460 = CARTESIAN_POINT('',(23.460891719745,2.639683828047,
    9.006754352157));
#1461 = LINE('',#1462,#1463);
#1462 = CARTESIAN_POINT('',(23.460891719745,3.391437924676,
    8.733138237496));
#1463 = VECTOR('',#1464,1.);
#1464 = DIRECTION('',(0.,-0.939692620786,0.342020143326));
#1465 = ORIENTED_EDGE('',*,*,#1466,.T.);
#1466 = EDGE_CURVE('',#1459,#1433,#1467,.T.);
#1467 = B_SPLINE_CURVE_WITH_KNOTS('',2,(#1468,#1469,#1470),
  .UNSPECIFIED.,.F.,.F.,(3,3),(0.,1.),.PIECEWISE_BEZIER_KNOTS.);
#1468 = CARTESIAN_POINT('',(23.460891719745,2.639683828047,
    9.006754352157));
#1469 = CARTESIAN_POINT('',(24.251974522293,2.639683828047,
    9.006754352157));
#1470 = CARTESIAN_POINT('',(24.729681528662,2.466887409139,
    8.532000093044));
#1471 = ORIENTED_EDGE('',*,*,#1432,.F.);
#1472 = SURFACE_OF_LINEAR_EXTRUSION('',#1473,#1477);
#1473 = B_SPLINE_CURVE_WITH_KNOTS('',2,(#1474,#1475,#1476),
  .UNSPECIFIED.,.F.,.F.,(3,3),(0.,1.),.PIECEWISE_BEZIER_KNOTS.);
#1474 = CARTESIAN_POINT('',(23.460891719745,3.391437924676,
    8.733138237496));
#1475 = CARTESIAN_POINT('',(24.251974522293,3.391437924676,
    8.733138237496));
#1476 = CARTESIAN_POINT('',(24.729681528662,3.218641505768,
    8.258383978383));
#1477 = VECTOR('',#1478,1.);
#1478 = DIRECTION('',(-0.,0.939692620786,-0.342020143326));
#1479 = ADVANCED_FACE('',(#1480),#1498,.T.);
#1480 = FACE_BOUND('',#1481,.T.);
#1481 = EDGE_LOOP('',(#1482,#1483,#1491,#1497));
#1482 = ORIENTED_EDGE('',*,*,#601,.T.);
#1483 = ORIENTED_EDGE('',*,*,#1484,.T.);
#1484 = EDGE_CURVE('',#587,#1485,#1487,.T.);
#1485 = VERTEX_POINT('',#1486);
#1486 = CARTESIAN_POINT('',(22.625732484076,2.579557993934,
    8.841559980605));
#1487 = LINE('',#1488,#1489);
#1488 = CARTESIAN_POINT('',(22.625732484076,3.331312090562,
    8.567943865944));
#1489 = VECTOR('',#1490,1.);
#1490 = DIRECTION('',(0.,-0.939692620786,0.342020143326));
#1491 = ORIENTED_EDGE('',*,*,#1492,.T.);
#1492 = EDGE_CURVE('',#1485,#1459,#1493,.T.);
#1493 = B_SPLINE_CURVE_WITH_KNOTS('',2,(#1494,#1495,#1496),
  .UNSPECIFIED.,.F.,.F.,(3,3),(0.,1.),.PIECEWISE_BEZIER_KNOTS.);
#1494 = CARTESIAN_POINT('',(22.625732484076,2.579557993934,
    8.841559980605));
#1495 = CARTESIAN_POINT('',(22.99847133758,2.639683828047,9.006754352157
    ));
#1496 = CARTESIAN_POINT('',(23.460891719745,2.639683828047,
    9.006754352157));
#1497 = ORIENTED_EDGE('',*,*,#1458,.F.);
#1498 = SURFACE_OF_LINEAR_EXTRUSION('',#1499,#1503);
#1499 = B_SPLINE_CURVE_WITH_KNOTS('',2,(#1500,#1501,#1502),
  .UNSPECIFIED.,.F.,.F.,(3,3),(0.,1.),.PIECEWISE_BEZIER_KNOTS.);
#1500 = CARTESIAN_POINT('',(22.625732484076,3.331312090562,
    8.567943865944));
#1501 = CARTESIAN_POINT('',(22.99847133758,3.391437924676,8.733138237496
    ));
#1502 = CARTESIAN_POINT('',(23.460891719745,3.391437924676,
    8.733138237496));
#1503 = VECTOR('',#1504,1.);
#1504 = DIRECTION('',(-0.,0.939692620786,-0.342020143326));
#1505 = ADVANCED_FACE('',(#1506),#1524,.T.);
#1506 = FACE_BOUND('',#1507,.T.);
#1507 = EDGE_LOOP('',(#1508,#1509,#1517,#1523));
#1508 = ORIENTED_EDGE('',*,*,#586,.T.);
#1509 = ORIENTED_EDGE('',*,*,#1510,.T.);
#1510 = EDGE_CURVE('',#575,#1511,#1513,.T.);
#1511 = VERTEX_POINT('',#1512);
#1512 = CARTESIAN_POINT('',(22.044840764331,2.414516936237,8.3881134013)
  );
#1513 = LINE('',#1514,#1515);
#1514 = CARTESIAN_POINT('',(22.044840764331,3.166271032866,8.11449728664
    ));
#1515 = VECTOR('',#1516,1.);
#1516 = DIRECTION('',(0.,-0.939692620786,0.342020143326));
#1517 = ORIENTED_EDGE('',*,*,#1518,.T.);
#1518 = EDGE_CURVE('',#1511,#1485,#1519,.T.);
#1519 = B_SPLINE_CURVE_WITH_KNOTS('',2,(#1520,#1521,#1522),
  .UNSPECIFIED.,.F.,.F.,(3,3),(0.,1.),.PIECEWISE_BEZIER_KNOTS.);
#1520 = CARTESIAN_POINT('',(22.044840764331,2.414516936237,8.3881134013)
  );
#1521 = CARTESIAN_POINT('',(22.253248407643,2.51951929871,8.676605021185
    ));
#1522 = CARTESIAN_POINT('',(22.625732484076,2.579557993934,
    8.841559980605));
#1523 = ORIENTED_EDGE('',*,*,#1484,.F.);
#1524 = SURFACE_OF_LINEAR_EXTRUSION('',#1525,#1529);
#1525 = B_SPLINE_CURVE_WITH_KNOTS('',2,(#1526,#1527,#1528),
  .UNSPECIFIED.,.F.,.F.,(3,3),(0.,1.),.PIECEWISE_BEZIER_KNOTS.);
#1526 = CARTESIAN_POINT('',(22.044840764331,3.166271032866,8.11449728664
    ));
#1527 = CARTESIAN_POINT('',(22.253248407643,3.271273395339,
    8.402988906525));
#1528 = CARTESIAN_POINT('',(22.625732484076,3.331312090562,
    8.567943865944));
#1529 = VECTOR('',#1530,1.);
#1530 = DIRECTION('',(-0.,0.939692620786,-0.342020143326));
#1531 = ADVANCED_FACE('',(#1532),#1550,.T.);
#1532 = FACE_BOUND('',#1533,.T.);
#1533 = EDGE_LOOP('',(#1534,#1535,#1543,#1549));
#1534 = ORIENTED_EDGE('',*,*,#574,.T.);
#1535 = ORIENTED_EDGE('',*,*,#1536,.T.);
#1536 = EDGE_CURVE('',#567,#1537,#1539,.T.);
#1537 = VERTEX_POINT('',#1538);
#1538 = CARTESIAN_POINT('',(21.733503184713,2.134016849265,7.61744574619
    ));
#1539 = LINE('',#1540,#1541);
#1540 = CARTESIAN_POINT('',(21.733503184713,2.885770945894,
    7.343829631529));
#1541 = VECTOR('',#1542,1.);
#1542 = DIRECTION('',(0.,-0.939692620786,0.342020143326));
#1543 = ORIENTED_EDGE('',*,*,#1544,.T.);
#1544 = EDGE_CURVE('',#1537,#1511,#1545,.T.);
#1545 = B_SPLINE_CURVE_WITH_KNOTS('',2,(#1546,#1547,#1548),
  .UNSPECIFIED.,.F.,.F.,(3,3),(0.,1.),.PIECEWISE_BEZIER_KNOTS.);
#1546 = CARTESIAN_POINT('',(21.733503184713,2.134016849265,7.61744574619
    ));
#1547 = CARTESIAN_POINT('',(21.836687898089,2.309601712654,
    8.099861193549));
#1548 = CARTESIAN_POINT('',(22.044840764331,2.414516936237,8.3881134013)
  );
#1549 = ORIENTED_EDGE('',*,*,#1510,.F.);
#1550 = SURFACE_OF_LINEAR_EXTRUSION('',#1551,#1555);
#1551 = B_SPLINE_CURVE_WITH_KNOTS('',2,(#1552,#1553,#1554),
  .UNSPECIFIED.,.F.,.F.,(3,3),(0.,1.),.PIECEWISE_BEZIER_KNOTS.);
#1552 = CARTESIAN_POINT('',(21.733503184713,2.885770945894,
    7.343829631529));
#1553 = CARTESIAN_POINT('',(21.836687898089,3.061355809283,
    7.826245078888));
#1554 = CARTESIAN_POINT('',(22.044840764331,3.166271032866,8.11449728664
    ));
#1555 = VECTOR('',#1556,1.);
#1556 = DIRECTION('',(-0.,0.939692620786,-0.342020143326));
#1557 = ADVANCED_FACE('',(#1558),#1576,.T.);
#1558 = FACE_BOUND('',#1559,.T.);
#1559 = EDGE_LOOP('',(#1560,#1561,#1569,#1575));
#1560 = ORIENTED_EDGE('',*,*,#566,.T.);
#1561 = ORIENTED_EDGE('',*,*,#1562,.T.);
#1562 = EDGE_CURVE('',#552,#1563,#1565,.T.);
#1563 = VERTEX_POINT('',#1564);
#1564 = CARTESIAN_POINT('',(22.723312101911,2.076418042962,
    7.459194326485));
#1565 = LINE('',#1566,#1567);
#1566 = CARTESIAN_POINT('',(22.723312101911,2.828172139591,
    7.185578211825));
#1567 = VECTOR('',#1568,1.);
#1568 = DIRECTION('',(0.,-0.939692620786,0.342020143326));
#1569 = ORIENTED_EDGE('',*,*,#1570,.T.);
#1570 = EDGE_CURVE('',#1563,#1537,#1571,.T.);
#1571 = LINE('',#1572,#1573);
#1572 = CARTESIAN_POINT('',(22.723312101911,2.076418042962,
    7.459194326485));
#1573 = VECTOR('',#1574,1.);
#1574 = DIRECTION('',(-0.985832777796,5.736742741817E-02,0.157615711444)
  );
#1575 = ORIENTED_EDGE('',*,*,#1536,.F.);
#1576 = PLANE('',#1577);
#1577 = AXIS2_PLACEMENT_3D('',#1578,#1579,#1580);
#1578 = CARTESIAN_POINT('',(22.723312101911,2.828172139591,
    7.185578211825));
#1579 = DIRECTION('',(-0.167731136711,-0.337174667957,-0.926379786624));
#1580 = DIRECTION('',(-0.985832777796,5.736742741817E-02,0.157615711444)
  );
#1581 = ADVANCED_FACE('',(#1582),#1600,.T.);
#1582 = FACE_BOUND('',#1583,.T.);
#1583 = EDGE_LOOP('',(#1584,#1585,#1593,#1599));
#1584 = ORIENTED_EDGE('',*,*,#551,.T.);
#1585 = ORIENTED_EDGE('',*,*,#1586,.T.);
#1586 = EDGE_CURVE('',#537,#1587,#1589,.T.);
#1587 = VERTEX_POINT('',#1588);
#1588 = CARTESIAN_POINT('',(22.96025477707,2.267513628775,7.984225133462
    ));
#1589 = LINE('',#1590,#1591);
#1590 = CARTESIAN_POINT('',(22.96025477707,3.019267725403,7.710609018801
    ));
#1591 = VECTOR('',#1592,1.);
#1592 = DIRECTION('',(0.,-0.939692620786,0.342020143326));
#1593 = ORIENTED_EDGE('',*,*,#1594,.T.);
#1594 = EDGE_CURVE('',#1587,#1563,#1595,.T.);
#1595 = B_SPLINE_CURVE_WITH_KNOTS('',2,(#1596,#1597,#1598),
  .UNSPECIFIED.,.F.,.F.,(3,3),(0.,1.),.PIECEWISE_BEZIER_KNOTS.);
#1596 = CARTESIAN_POINT('',(22.96025477707,2.267513628775,7.984225133462
    ));
#1597 = CARTESIAN_POINT('',(22.765350318471,2.20207232237,7.804426621816
    ));
#1598 = CARTESIAN_POINT('',(22.723312101911,2.076418042962,
    7.459194326485));
#1599 = ORIENTED_EDGE('',*,*,#1562,.F.);
#1600 = SURFACE_OF_LINEAR_EXTRUSION('',#1601,#1605);
#1601 = B_SPLINE_CURVE_WITH_KNOTS('',2,(#1602,#1603,#1604),
  .UNSPECIFIED.,.F.,.F.,(3,3),(0.,1.),.PIECEWISE_BEZIER_KNOTS.);
#1602 = CARTESIAN_POINT('',(22.96025477707,3.019267725403,7.710609018801
    ));
#1603 = CARTESIAN_POINT('',(22.765350318471,2.953826418999,
    7.530810507156));
#1604 = CARTESIAN_POINT('',(22.723312101911,2.828172139591,
    7.185578211825));
#1605 = VECTOR('',#1606,1.);
#1606 = DIRECTION('',(-0.,0.939692620786,-0.342020143326));
#1607 = ADVANCED_FACE('',(#1608),#1626,.T.);
#1608 = FACE_BOUND('',#1609,.T.);
#1609 = EDGE_LOOP('',(#1610,#1611,#1619,#1625));
#1610 = ORIENTED_EDGE('',*,*,#536,.T.);
#1611 = ORIENTED_EDGE('',*,*,#1612,.T.);
#1612 = EDGE_CURVE('',#522,#1613,#1615,.T.);
#1613 = VERTEX_POINT('',#1614);
#1614 = CARTESIAN_POINT('',(23.430318471338,2.332954935179,
    8.164023645108));
#1615 = LINE('',#1616,#1617);
#1616 = CARTESIAN_POINT('',(23.430318471338,3.084709031808,
    7.890407530447));
#1617 = VECTOR('',#1618,1.);
#1618 = DIRECTION('',(0.,-0.939692620786,0.342020143326));
#1619 = ORIENTED_EDGE('',*,*,#1620,.T.);
#1620 = EDGE_CURVE('',#1613,#1587,#1621,.T.);
#1621 = B_SPLINE_CURVE_WITH_KNOTS('',2,(#1622,#1623,#1624),
  .UNSPECIFIED.,.F.,.F.,(3,3),(0.,1.),.PIECEWISE_BEZIER_KNOTS.);
#1622 = CARTESIAN_POINT('',(23.430318471338,2.332954935179,
    8.164023645108));
#1623 = CARTESIAN_POINT('',(23.155159235669,2.332954935179,
    8.164023645108));
#1624 = CARTESIAN_POINT('',(22.96025477707,2.267513628775,7.984225133462
    ));
#1625 = ORIENTED_EDGE('',*,*,#1586,.F.);
#1626 = SURFACE_OF_LINEAR_EXTRUSION('',#1627,#1631);
#1627 = B_SPLINE_CURVE_WITH_KNOTS('',2,(#1628,#1629,#1630),
  .UNSPECIFIED.,.F.,.F.,(3,3),(0.,1.),.PIECEWISE_BEZIER_KNOTS.);
#1628 = CARTESIAN_POINT('',(23.430318471338,3.084709031808,
    7.890407530447));
#1629 = CARTESIAN_POINT('',(23.155159235669,3.084709031808,
    7.890407530447));
#1630 = CARTESIAN_POINT('',(22.96025477707,3.019267725403,7.710609018801
    ));
#1631 = VECTOR('',#1632,1.);
#1632 = DIRECTION('',(-0.,0.939692620786,-0.342020143326));
#1633 = ADVANCED_FACE('',(#1634),#1652,.T.);
#1634 = FACE_BOUND('',#1635,.T.);
#1635 = EDGE_LOOP('',(#1636,#1637,#1645,#1651));
#1636 = ORIENTED_EDGE('',*,*,#521,.T.);
#1637 = ORIENTED_EDGE('',*,*,#1638,.T.);
#1638 = EDGE_CURVE('',#507,#1639,#1641,.T.);
#1639 = VERTEX_POINT('',#1640);
#1640 = CARTESIAN_POINT('',(23.877452229299,2.275617545547,
    8.006490461802));
#1641 = LINE('',#1642,#1643);
#1642 = CARTESIAN_POINT('',(23.877452229299,3.027371642175,
    7.732874347141));
#1643 = VECTOR('',#1644,1.);
#1644 = DIRECTION('',(0.,-0.939692620786,0.342020143326));
#1645 = ORIENTED_EDGE('',*,*,#1646,.T.);
#1646 = EDGE_CURVE('',#1639,#1613,#1647,.T.);
#1647 = B_SPLINE_CURVE_WITH_KNOTS('',2,(#1648,#1649,#1650),
  .UNSPECIFIED.,.F.,.F.,(3,3),(0.,1.),.PIECEWISE_BEZIER_KNOTS.);
#1648 = CARTESIAN_POINT('',(23.877452229299,2.275617545547,
    8.006490461802));
#1649 = CARTESIAN_POINT('',(23.709299363057,2.332954935179,
    8.164023645108));
#1650 = CARTESIAN_POINT('',(23.430318471338,2.332954935179,
    8.164023645108));
#1651 = ORIENTED_EDGE('',*,*,#1612,.F.);
#1652 = SURFACE_OF_LINEAR_EXTRUSION('',#1653,#1657);
#1653 = B_SPLINE_CURVE_WITH_KNOTS('',2,(#1654,#1655,#1656),
  .UNSPECIFIED.,.F.,.F.,(3,3),(0.,1.),.PIECEWISE_BEZIER_KNOTS.);
#1654 = CARTESIAN_POINT('',(23.877452229299,3.027371642175,
    7.732874347141));
#1655 = CARTESIAN_POINT('',(23.709299363057,3.084709031808,
    7.890407530447));
#1656 = CARTESIAN_POINT('',(23.430318471338,3.084709031808,
    7.890407530447));
#1657 = VECTOR('',#1658,1.);
#1658 = DIRECTION('',(-0.,0.939692620786,-0.342020143326));
#1659 = ADVANCED_FACE('',(#1660),#1678,.T.);
#1660 = FACE_BOUND('',#1661,.T.);
#1661 = EDGE_LOOP('',(#1662,#1663,#1671,#1677));
#1662 = ORIENTED_EDGE('',*,*,#506,.T.);
#1663 = ORIENTED_EDGE('',*,*,#1664,.T.);
#1664 = EDGE_CURVE('',#492,#1665,#1667,.T.);
#1665 = VERTEX_POINT('',#1666);
#1666 = CARTESIAN_POINT('',(24.045605095541,2.121904543553,
    7.584167459747));
#1667 = LINE('',#1668,#1669);
#1668 = CARTESIAN_POINT('',(24.045605095541,2.873658640181,
    7.310551345086));
#1669 = VECTOR('',#1670,1.);
#1670 = DIRECTION('',(0.,-0.939692620786,0.342020143326));
#1671 = ORIENTED_EDGE('',*,*,#1672,.T.);
#1672 = EDGE_CURVE('',#1665,#1639,#1673,.T.);
#1673 = B_SPLINE_CURVE_WITH_KNOTS('',2,(#1674,#1675,#1676),
  .UNSPECIFIED.,.F.,.F.,(3,3),(0.,1.),.PIECEWISE_BEZIER_KNOTS.);
#1674 = CARTESIAN_POINT('',(24.045605095541,2.121904543553,
    7.584167459747));
#1675 = CARTESIAN_POINT('',(24.045605095541,2.218280155914,
    7.848957278495));
#1676 = CARTESIAN_POINT('',(23.877452229299,2.275617545547,
    8.006490461802));
#1677 = ORIENTED_EDGE('',*,*,#1638,.F.);
#1678 = SURFACE_OF_LINEAR_EXTRUSION('',#1679,#1683);
#1679 = B_SPLINE_CURVE_WITH_KNOTS('',2,(#1680,#1681,#1682),
  .UNSPECIFIED.,.F.,.F.,(3,3),(0.,1.),.PIECEWISE_BEZIER_KNOTS.);
#1680 = CARTESIAN_POINT('',(24.045605095541,2.873658640181,
    7.310551345086));
#1681 = CARTESIAN_POINT('',(24.045605095541,2.970034252543,
    7.575341163835));
#1682 = CARTESIAN_POINT('',(23.877452229299,3.027371642175,
    7.732874347141));
#1683 = VECTOR('',#1684,1.);
#1684 = DIRECTION('',(-0.,0.939692620786,-0.342020143326));
#1685 = ADVANCED_FACE('',(#1686),#1704,.T.);
#1686 = FACE_BOUND('',#1687,.T.);
#1687 = EDGE_LOOP('',(#1688,#1689,#1697,#1703));
#1688 = ORIENTED_EDGE('',*,*,#491,.T.);
#1689 = ORIENTED_EDGE('',*,*,#1690,.T.);
#1690 = EDGE_CURVE('',#477,#1691,#1693,.T.);
#1691 = VERTEX_POINT('',#1692);
#1692 = CARTESIAN_POINT('',(23.816305732484,1.940132818972,
    7.084753750967));
#1693 = LINE('',#1694,#1695);
#1694 = CARTESIAN_POINT('',(23.816305732484,2.691886915601,
    6.811137636307));
#1695 = VECTOR('',#1696,1.);
#1696 = DIRECTION('',(0.,-0.939692620786,0.342020143326));
#1697 = ORIENTED_EDGE('',*,*,#1698,.T.);
#1698 = EDGE_CURVE('',#1691,#1665,#1699,.T.);
#1699 = B_SPLINE_CURVE_WITH_KNOTS('',2,(#1700,#1701,#1702),
  .UNSPECIFIED.,.F.,.F.,(3,3),(0.,1.),.PIECEWISE_BEZIER_KNOTS.);
#1700 = CARTESIAN_POINT('',(23.816305732484,1.940132818972,
    7.084753750967));
#1701 = CARTESIAN_POINT('',(24.045605095541,2.008536847637,
    7.272692275124));
#1702 = CARTESIAN_POINT('',(24.045605095541,2.121904543553,
    7.584167459747));
#1703 = ORIENTED_EDGE('',*,*,#1664,.F.);
#1704 = SURFACE_OF_LINEAR_EXTRUSION('',#1705,#1709);
#1705 = B_SPLINE_CURVE_WITH_KNOTS('',2,(#1706,#1707,#1708),
  .UNSPECIFIED.,.F.,.F.,(3,3),(0.,1.),.PIECEWISE_BEZIER_KNOTS.);
#1706 = CARTESIAN_POINT('',(23.816305732484,2.691886915601,
    6.811137636307));
#1707 = CARTESIAN_POINT('',(24.045605095541,2.760290944266,
    6.999076160464));
#1708 = CARTESIAN_POINT('',(24.045605095541,2.873658640181,
    7.310551345086));
#1709 = VECTOR('',#1710,1.);
#1710 = DIRECTION('',(-0.,0.939692620786,-0.342020143326));
#1711 = ADVANCED_FACE('',(#1712),#1730,.T.);
#1712 = FACE_BOUND('',#1713,.T.);
#1713 = EDGE_LOOP('',(#1714,#1715,#1723,#1729));
#1714 = ORIENTED_EDGE('',*,*,#476,.T.);
#1715 = ORIENTED_EDGE('',*,*,#1716,.T.);
#1716 = EDGE_CURVE('',#469,#1717,#1719,.T.);
#1717 = VERTEX_POINT('',#1718);
#1718 = CARTESIAN_POINT('',(23.151337579618,1.875650040358,
    6.907588772781));
#1719 = LINE('',#1720,#1721);
#1720 = CARTESIAN_POINT('',(23.151337579618,2.627404136987,6.63397265812
    ));
#1721 = VECTOR('',#1722,1.);
#1722 = DIRECTION('',(0.,-0.939692620786,0.342020143326));
#1723 = ORIENTED_EDGE('',*,*,#1724,.T.);
#1724 = EDGE_CURVE('',#1717,#1691,#1725,.T.);
#1725 = B_SPLINE_CURVE_WITH_KNOTS('',2,(#1726,#1727,#1728),
  .UNSPECIFIED.,.F.,.F.,(3,3),(0.,1.),.PIECEWISE_BEZIER_KNOTS.);
#1726 = CARTESIAN_POINT('',(23.151337579618,1.875650040358,
    6.907588772781));
#1727 = CARTESIAN_POINT('',(23.587006369427,1.871728790307,6.89681522681
    ));
#1728 = CARTESIAN_POINT('',(23.816305732484,1.940132818972,
    7.084753750967));
#1729 = ORIENTED_EDGE('',*,*,#1690,.F.);
#1730 = SURFACE_OF_LINEAR_EXTRUSION('',#1731,#1735);
#1731 = B_SPLINE_CURVE_WITH_KNOTS('',2,(#1732,#1733,#1734),
  .UNSPECIFIED.,.F.,.F.,(3,3),(0.,1.),.PIECEWISE_BEZIER_KNOTS.);
#1732 = CARTESIAN_POINT('',(23.151337579618,2.627404136987,6.63397265812
    ));
#1733 = CARTESIAN_POINT('',(23.587006369427,2.623482886936,
    6.623199112149));
#1734 = CARTESIAN_POINT('',(23.816305732484,2.691886915601,
    6.811137636307));
#1735 = VECTOR('',#1736,1.);
#1736 = DIRECTION('',(-0.,0.939692620786,-0.342020143326));
#1737 = ADVANCED_FACE('',(#1738),#1756,.T.);
#1738 = FACE_BOUND('',#1739,.T.);
#1739 = EDGE_LOOP('',(#1740,#1741,#1749,#1755));
#1740 = ORIENTED_EDGE('',*,*,#468,.T.);
#1741 = ORIENTED_EDGE('',*,*,#1742,.T.);
#1742 = EDGE_CURVE('',#458,#1743,#1745,.T.);
#1743 = VERTEX_POINT('',#1744);
#1744 = CARTESIAN_POINT('',(23.032866242038,1.580510619863,
    6.096699879379));
#1745 = LINE('',#1746,#1747);
#1746 = CARTESIAN_POINT('',(23.032866242038,2.332264716491,
    5.823083764718));
#1747 = VECTOR('',#1748,1.);
#1748 = DIRECTION('',(0.,-0.939692620786,0.342020143326));
#1749 = ORIENTED_EDGE('',*,*,#1750,.T.);
#1750 = EDGE_CURVE('',#1743,#1717,#1751,.T.);
#1751 = LINE('',#1752,#1753);
#1752 = CARTESIAN_POINT('',(23.032866242038,1.580510619863,
    6.096699879379));
#1753 = VECTOR('',#1754,1.);
#1754 = DIRECTION('',(0.136013796445,0.338841730685,0.930960003826));
#1755 = ORIENTED_EDGE('',*,*,#1716,.F.);
#1756 = PLANE('',#1757);
#1757 = AXIS2_PLACEMENT_3D('',#1758,#1759,#1760);
#1758 = CARTESIAN_POINT('',(23.032866242038,2.332264716491,
    5.823083764718));
#1759 = DIRECTION('',(-0.990706943135,4.651945815426E-02,0.127811160844)
  );
#1760 = DIRECTION('',(0.136013796445,0.338841730685,0.930960003826));
#1761 = ADVANCED_FACE('',(#1762),#1780,.T.);
#1762 = FACE_BOUND('',#1763,.T.);
#1763 = EDGE_LOOP('',(#1764,#1765,#1773,#1779));
#1764 = ORIENTED_EDGE('',*,*,#457,.T.);
#1765 = ORIENTED_EDGE('',*,*,#1766,.T.);
#1766 = EDGE_CURVE('',#443,#1767,#1769,.T.);
#1767 = VERTEX_POINT('',#1768);
#1768 = CARTESIAN_POINT('',(23.525859872611,1.607959370219,
    6.172114701175));
#1769 = LINE('',#1770,#1771);
#1770 = CARTESIAN_POINT('',(23.525859872611,2.359713466848,
    5.898498586514));
#1771 = VECTOR('',#1772,1.);
#1772 = DIRECTION('',(0.,-0.939692620786,0.342020143326));
#1773 = ORIENTED_EDGE('',*,*,#1774,.T.);
#1774 = EDGE_CURVE('',#1767,#1743,#1775,.T.);
#1775 = B_SPLINE_CURVE_WITH_KNOTS('',2,(#1776,#1777,#1778),
  .UNSPECIFIED.,.F.,.F.,(3,3),(0.,1.),.PIECEWISE_BEZIER_KNOTS.);
#1776 = CARTESIAN_POINT('',(23.525859872611,1.607959370219,
    6.172114701175));
#1777 = CARTESIAN_POINT('',(23.31949044586,1.607959370219,6.172114701175
    ));
#1778 = CARTESIAN_POINT('',(23.032866242038,1.580510619863,
    6.096699879379));
#1779 = ORIENTED_EDGE('',*,*,#1742,.F.);
#1780 = SURFACE_OF_LINEAR_EXTRUSION('',#1781,#1785);
#1781 = B_SPLINE_CURVE_WITH_KNOTS('',2,(#1782,#1783,#1784),
  .UNSPECIFIED.,.F.,.F.,(3,3),(0.,1.),.PIECEWISE_BEZIER_KNOTS.);
#1782 = CARTESIAN_POINT('',(23.525859872611,2.359713466848,
    5.898498586514));
#1783 = CARTESIAN_POINT('',(23.31949044586,2.359713466848,5.898498586514
    ));
#1784 = CARTESIAN_POINT('',(23.032866242038,2.332264716491,
    5.823083764718));
#1785 = VECTOR('',#1786,1.);
#1786 = DIRECTION('',(-0.,0.939692620786,-0.342020143326));
#1787 = ADVANCED_FACE('',(#1788),#1806,.T.);
#1788 = FACE_BOUND('',#1789,.T.);
#1789 = EDGE_LOOP('',(#1790,#1791,#1799,#1805));
#1790 = ORIENTED_EDGE('',*,*,#442,.T.);
#1791 = ORIENTED_EDGE('',*,*,#1792,.T.);
#1792 = EDGE_CURVE('',#424,#1793,#1795,.T.);
#1793 = VERTEX_POINT('',#1794);
#1794 = CARTESIAN_POINT('',(24.057070063694,1.526223091381,
    5.947546120717));
#1795 = LINE('',#1796,#1797);
#1796 = CARTESIAN_POINT('',(24.057070063694,2.277977188009,
    5.673930006056));
#1797 = VECTOR('',#1798,1.);
#1798 = DIRECTION('',(0.,-0.939692620786,0.342020143326));
#1799 = ORIENTED_EDGE('',*,*,#1800,.T.);
#1800 = EDGE_CURVE('',#1793,#1767,#1801,.T.);
#1801 = B_SPLINE_CURVE_WITH_KNOTS('',2,(#1802,#1803,#1804),
  .UNSPECIFIED.,.F.,.F.,(3,3),(0.,1.),.PIECEWISE_BEZIER_KNOTS.);
#1802 = CARTESIAN_POINT('',(24.057070063694,1.526223091381,
    5.947546120717));
#1803 = CARTESIAN_POINT('',(23.83923566879,1.607959370219,6.172114701175
    ));
#1804 = CARTESIAN_POINT('',(23.525859872611,1.607959370219,
    6.172114701175));
#1805 = ORIENTED_EDGE('',*,*,#1766,.F.);
#1806 = SURFACE_OF_LINEAR_EXTRUSION('',#1807,#1811);
#1807 = B_SPLINE_CURVE_WITH_KNOTS('',2,(#1808,#1809,#1810),
  .UNSPECIFIED.,.F.,.F.,(3,3),(0.,1.),.PIECEWISE_BEZIER_KNOTS.);
#1808 = CARTESIAN_POINT('',(24.057070063694,2.277977188009,
    5.673930006056));
#1809 = CARTESIAN_POINT('',(23.83923566879,2.359713466848,5.898498586514
    ));
#1810 = CARTESIAN_POINT('',(23.525859872611,2.359713466848,
    5.898498586514));
#1811 = VECTOR('',#1812,1.);
#1812 = DIRECTION('',(-0.,0.939692620786,-0.342020143326));
#1813 = ADVANCED_FACE('',(#1814),#1832,.T.);
#1814 = FACE_BOUND('',#1815,.T.);
#1815 = EDGE_LOOP('',(#1816,#1817,#1825,#1831));
#1816 = ORIENTED_EDGE('',*,*,#423,.T.);
#1817 = ORIENTED_EDGE('',*,*,#1818,.T.);
#1818 = EDGE_CURVE('',#405,#1819,#1821,.T.);
#1819 = VERTEX_POINT('',#1820);
#1820 = CARTESIAN_POINT('',(24.274904458599,1.304890310732,
    5.339439303698));
#1821 = LINE('',#1822,#1823);
#1822 = CARTESIAN_POINT('',(24.274904458599,2.05664440736,5.065823189038
    ));
#1823 = VECTOR('',#1824,1.);
#1824 = DIRECTION('',(0.,-0.939692620786,0.342020143326));
#1825 = ORIENTED_EDGE('',*,*,#1826,.T.);
#1826 = EDGE_CURVE('',#1819,#1793,#1827,.T.);
#1827 = B_SPLINE_CURVE_WITH_KNOTS('',2,(#1828,#1829,#1830),
  .UNSPECIFIED.,.F.,.F.,(3,3),(0.,1.),.PIECEWISE_BEZIER_KNOTS.);
#1828 = CARTESIAN_POINT('',(24.274904458599,1.304890310732,
    5.339439303698));
#1829 = CARTESIAN_POINT('',(24.274904458599,1.444573951433,
    5.723216952391));
#1830 = CARTESIAN_POINT('',(24.057070063694,1.526223091381,
    5.947546120717));
#1831 = ORIENTED_EDGE('',*,*,#1792,.F.);
#1832 = SURFACE_OF_LINEAR_EXTRUSION('',#1833,#1837);
#1833 = B_SPLINE_CURVE_WITH_KNOTS('',2,(#1834,#1835,#1836),
  .UNSPECIFIED.,.F.,.F.,(3,3),(0.,1.),.PIECEWISE_BEZIER_KNOTS.);
#1834 = CARTESIAN_POINT('',(24.274904458599,2.05664440736,5.065823189038
    ));
#1835 = CARTESIAN_POINT('',(24.274904458599,2.196328048061,
    5.449600837731));
#1836 = CARTESIAN_POINT('',(24.057070063694,2.277977188009,
    5.673930006056));
#1837 = VECTOR('',#1838,1.);
#1838 = DIRECTION('',(-0.,0.939692620786,-0.342020143326));
#1839 = ADVANCED_FACE('',(#1840),#1858,.T.);
#1840 = FACE_BOUND('',#1841,.T.);
#1841 = EDGE_LOOP('',(#1842,#1843,#1851,#1857));
#1842 = ORIENTED_EDGE('',*,*,#404,.T.);
#1843 = ORIENTED_EDGE('',*,*,#1844,.T.);
#1844 = EDGE_CURVE('',#390,#1845,#1847,.T.);
#1845 = VERTEX_POINT('',#1846);
#1846 = CARTESIAN_POINT('',(24.047388535032,1.0703124188,4.694941842512)
  );
#1847 = LINE('',#1848,#1849);
#1848 = CARTESIAN_POINT('',(24.047388535032,1.822066515429,
    4.421325727852));
#1849 = VECTOR('',#1850,1.);
#1850 = DIRECTION('',(0.,-0.939692620786,0.342020143326));
#1851 = ORIENTED_EDGE('',*,*,#1852,.T.);
#1852 = EDGE_CURVE('',#1845,#1819,#1853,.T.);
#1853 = B_SPLINE_CURVE_WITH_KNOTS('',2,(#1854,#1855,#1856),
  .UNSPECIFIED.,.F.,.F.,(3,3),(0.,1.),.PIECEWISE_BEZIER_KNOTS.);
#1854 = CARTESIAN_POINT('',(24.047388535032,1.0703124188,4.694941842512)
  );
#1855 = CARTESIAN_POINT('',(24.274904458599,1.157277031039,
    4.933875150931));
#1856 = CARTESIAN_POINT('',(24.274904458599,1.304890310732,
    5.339439303698));
#1857 = ORIENTED_EDGE('',*,*,#1818,.F.);
#1858 = SURFACE_OF_LINEAR_EXTRUSION('',#1859,#1863);
#1859 = B_SPLINE_CURVE_WITH_KNOTS('',2,(#1860,#1861,#1862),
  .UNSPECIFIED.,.F.,.F.,(3,3),(0.,1.),.PIECEWISE_BEZIER_KNOTS.);
#1860 = CARTESIAN_POINT('',(24.047388535032,1.822066515429,
    4.421325727852));
#1861 = CARTESIAN_POINT('',(24.274904458599,1.909031127668,
    4.660259036271));
#1862 = CARTESIAN_POINT('',(24.274904458599,2.05664440736,5.065823189038
    ));
#1863 = VECTOR('',#1864,1.);
#1864 = DIRECTION('',(-0.,0.939692620786,-0.342020143326));
#1865 = ADVANCED_FACE('',(#1866),#1884,.T.);
#1866 = FACE_BOUND('',#1867,.T.);
#1867 = EDGE_LOOP('',(#1868,#1869,#1877,#1883));
#1868 = ORIENTED_EDGE('',*,*,#389,.T.);
#1869 = ORIENTED_EDGE('',*,*,#1870,.T.);
#1870 = EDGE_CURVE('',#375,#1871,#1873,.T.);
#1871 = VERTEX_POINT('',#1872);
#1872 = CARTESIAN_POINT('',(23.487643312102,0.983347806561,
    4.456008534093));
#1873 = LINE('',#1874,#1875);
#1874 = CARTESIAN_POINT('',(23.487643312102,1.735101903189,
    4.182392419433));
#1875 = VECTOR('',#1876,1.);
#1876 = DIRECTION('',(0.,-0.939692620786,0.342020143326));
#1877 = ORIENTED_EDGE('',*,*,#1878,.T.);
#1878 = EDGE_CURVE('',#1871,#1845,#1879,.T.);
#1879 = B_SPLINE_CURVE_WITH_KNOTS('',2,(#1880,#1881,#1882),
  .UNSPECIFIED.,.F.,.F.,(3,3),(0.,1.),.PIECEWISE_BEZIER_KNOTS.);
#1880 = CARTESIAN_POINT('',(23.487643312102,0.983347806561,
    4.456008534093));
#1881 = CARTESIAN_POINT('',(23.820127388535,0.983347806561,
    4.456008534093));
#1882 = CARTESIAN_POINT('',(24.047388535032,1.0703124188,4.694941842512)
  );
#1883 = ORIENTED_EDGE('',*,*,#1844,.F.);
#1884 = SURFACE_OF_LINEAR_EXTRUSION('',#1885,#1889);
#1885 = B_SPLINE_CURVE_WITH_KNOTS('',2,(#1886,#1887,#1888),
  .UNSPECIFIED.,.F.,.F.,(3,3),(0.,1.),.PIECEWISE_BEZIER_KNOTS.);
#1886 = CARTESIAN_POINT('',(23.487643312102,1.735101903189,
    4.182392419433));
#1887 = CARTESIAN_POINT('',(23.820127388535,1.735101903189,
    4.182392419433));
#1888 = CARTESIAN_POINT('',(24.047388535032,1.822066515429,
    4.421325727852));
#1889 = VECTOR('',#1890,1.);
#1890 = DIRECTION('',(-0.,0.939692620786,-0.342020143326));
#1891 = ADVANCED_FACE('',(#1892),#1910,.T.);
#1892 = FACE_BOUND('',#1893,.T.);
#1893 = EDGE_LOOP('',(#1894,#1895,#1903,#1909));
#1894 = ORIENTED_EDGE('',*,*,#374,.T.);
#1895 = ORIENTED_EDGE('',*,*,#1896,.T.);
#1896 = EDGE_CURVE('',#360,#1897,#1899,.T.);
#1897 = VERTEX_POINT('',#1898);
#1898 = CARTESIAN_POINT('',(22.96025477707,1.054975974156,4.65280530716)
  );
#1899 = LINE('',#1900,#1901);
#1900 = CARTESIAN_POINT('',(22.96025477707,1.806730070785,4.379189192499
    ));
#1901 = VECTOR('',#1902,1.);
#1902 = DIRECTION('',(0.,-0.939692620786,0.342020143326));
#1903 = ORIENTED_EDGE('',*,*,#1904,.T.);
#1904 = EDGE_CURVE('',#1897,#1871,#1905,.T.);
#1905 = B_SPLINE_CURVE_WITH_KNOTS('',2,(#1906,#1907,#1908),
  .UNSPECIFIED.,.F.,.F.,(3,3),(0.,1.),.PIECEWISE_BEZIER_KNOTS.);
#1906 = CARTESIAN_POINT('',(22.96025477707,1.054975974156,4.65280530716)
  );
#1907 = CARTESIAN_POINT('',(23.178089171975,0.983347806561,
    4.456008534093));
#1908 = CARTESIAN_POINT('',(23.487643312102,0.983347806561,
    4.456008534093));
#1909 = ORIENTED_EDGE('',*,*,#1870,.F.);
#1910 = SURFACE_OF_LINEAR_EXTRUSION('',#1911,#1915);
#1911 = B_SPLINE_CURVE_WITH_KNOTS('',2,(#1912,#1913,#1914),
  .UNSPECIFIED.,.F.,.F.,(3,3),(0.,1.),.PIECEWISE_BEZIER_KNOTS.);
#1912 = CARTESIAN_POINT('',(22.96025477707,1.806730070785,4.379189192499
    ));
#1913 = CARTESIAN_POINT('',(23.178089171975,1.735101903189,
    4.182392419433));
#1914 = CARTESIAN_POINT('',(23.487643312102,1.735101903189,
    4.182392419433));
#1915 = VECTOR('',#1916,1.);
#1916 = DIRECTION('',(-0.,0.939692620786,-0.342020143326));
#1917 = ADVANCED_FACE('',(#1918),#1929,.T.);
#1918 = FACE_BOUND('',#1919,.T.);
#1919 = EDGE_LOOP('',(#1920,#1921,#1922,#1928));
#1920 = ORIENTED_EDGE('',*,*,#359,.T.);
#1921 = ORIENTED_EDGE('',*,*,#1235,.T.);
#1922 = ORIENTED_EDGE('',*,*,#1923,.T.);
#1923 = EDGE_CURVE('',#1228,#1897,#1924,.T.);
#1924 = B_SPLINE_CURVE_WITH_KNOTS('',2,(#1925,#1926,#1927),
  .UNSPECIFIED.,.F.,.F.,(3,3),(0.,1.),.PIECEWISE_BEZIER_KNOTS.);
#1925 = CARTESIAN_POINT('',(22.692738853503,1.262192254622,
    5.222127358683));
#1926 = CARTESIAN_POINT('',(22.742420382166,1.126691280642,
    4.849841492359));
#1927 = CARTESIAN_POINT('',(22.96025477707,1.054975974156,4.65280530716)
  );
#1928 = ORIENTED_EDGE('',*,*,#1896,.F.);
#1929 = SURFACE_OF_LINEAR_EXTRUSION('',#1930,#1934);
#1930 = B_SPLINE_CURVE_WITH_KNOTS('',2,(#1931,#1932,#1933),
  .UNSPECIFIED.,.F.,.F.,(3,3),(0.,1.),.PIECEWISE_BEZIER_KNOTS.);
#1931 = CARTESIAN_POINT('',(22.692738853503,2.013946351251,
    4.948511244023));
#1932 = CARTESIAN_POINT('',(22.742420382166,1.878445377271,
    4.576225377699));
#1933 = CARTESIAN_POINT('',(22.96025477707,1.806730070785,4.379189192499
    ));
#1934 = VECTOR('',#1935,1.);
#1935 = DIRECTION('',(-0.,0.939692620786,-0.342020143326));
#1936 = ADVANCED_FACE('',(#1937),#1962,.T.);
#1937 = FACE_BOUND('',#1938,.T.);
#1938 = EDGE_LOOP('',(#1939,#1940,#1948,#1956));
#1939 = ORIENTED_EDGE('',*,*,#792,.T.);
#1940 = ORIENTED_EDGE('',*,*,#1941,.T.);
#1941 = EDGE_CURVE('',#795,#1942,#1944,.T.);
#1942 = VERTEX_POINT('',#1943);
#1943 = CARTESIAN_POINT('',(20.085605095541,0.71008024746,3.705212085995
    ));
#1944 = LINE('',#1945,#1946);
#1945 = CARTESIAN_POINT('',(20.085605095541,1.461834344089,
    3.431595971335));
#1946 = VECTOR('',#1947,1.);
#1947 = DIRECTION('',(0.,-0.939692620786,0.342020143326));
#1948 = ORIENTED_EDGE('',*,*,#1949,.T.);
#1949 = EDGE_CURVE('',#1942,#1950,#1952,.T.);
#1950 = VERTEX_POINT('',#1951);
#1951 = CARTESIAN_POINT('',(19.011719745223,0.71008024746,3.705212085995
    ));
#1952 = LINE('',#1953,#1954);
#1953 = CARTESIAN_POINT('',(20.085605095541,0.71008024746,3.705212085995
    ));
#1954 = VECTOR('',#1955,1.);
#1955 = DIRECTION('',(-1.,0.,0.));
#1956 = ORIENTED_EDGE('',*,*,#1957,.F.);
#1957 = EDGE_CURVE('',#793,#1950,#1958,.T.);
#1958 = LINE('',#1959,#1960);
#1959 = CARTESIAN_POINT('',(19.011719745223,1.461834344089,
    3.431595971335));
#1960 = VECTOR('',#1961,1.);
#1961 = DIRECTION('',(0.,-0.939692620786,0.342020143326));
#1962 = PLANE('',#1963);
#1963 = AXIS2_PLACEMENT_3D('',#1964,#1965,#1966);
#1964 = CARTESIAN_POINT('',(20.085605095541,1.461834344089,
    3.431595971335));
#1965 = DIRECTION('',(0.,-0.342020143326,-0.939692620786));
#1966 = DIRECTION('',(-1.,0.,0.));
#1967 = ADVANCED_FACE('',(#1968),#1986,.T.);
#1968 = FACE_BOUND('',#1969,.T.);
#1969 = EDGE_LOOP('',(#1970,#1971,#1979,#1985));
#1970 = ORIENTED_EDGE('',*,*,#872,.T.);
#1971 = ORIENTED_EDGE('',*,*,#1972,.T.);
#1972 = EDGE_CURVE('',#865,#1973,#1975,.T.);
#1973 = VERTEX_POINT('',#1974);
#1974 = CARTESIAN_POINT('',(20.085605095541,2.639683828047,
    9.006754352157));
#1975 = LINE('',#1976,#1977);
#1976 = CARTESIAN_POINT('',(20.085605095541,3.391437924676,
    8.733138237496));
#1977 = VECTOR('',#1978,1.);
#1978 = DIRECTION('',(0.,-0.939692620786,0.342020143326));
#1979 = ORIENTED_EDGE('',*,*,#1980,.T.);
#1980 = EDGE_CURVE('',#1973,#1942,#1981,.T.);
#1981 = LINE('',#1982,#1983);
#1982 = CARTESIAN_POINT('',(20.085605095541,2.639683828047,
    9.006754352157));
#1983 = VECTOR('',#1984,1.);
#1984 = DIRECTION('',(0.,-0.342020143326,-0.939692620786));
#1985 = ORIENTED_EDGE('',*,*,#1941,.F.);
#1986 = PLANE('',#1987);
#1987 = AXIS2_PLACEMENT_3D('',#1988,#1989,#1990);
#1988 = CARTESIAN_POINT('',(20.085605095541,3.391437924676,
    8.733138237496));
#1989 = DIRECTION('',(1.,0.,0.));
#1990 = DIRECTION('',(0.,-0.342020143326,-0.939692620786));
#1991 = ADVANCED_FACE('',(#1992),#2010,.T.);
#1992 = FACE_BOUND('',#1993,.T.);
#1993 = EDGE_LOOP('',(#1994,#1995,#2003,#2009));
#1994 = ORIENTED_EDGE('',*,*,#864,.T.);
#1995 = ORIENTED_EDGE('',*,*,#1996,.T.);
#1996 = EDGE_CURVE('',#846,#1997,#1999,.T.);
#1997 = VERTEX_POINT('',#1998);
#1998 = CARTESIAN_POINT('',(19.214267515924,2.639683828047,
    9.006754352157));
#1999 = LINE('',#2000,#2001);
#2000 = CARTESIAN_POINT('',(19.214267515924,3.391437924676,
    8.733138237496));
#2001 = VECTOR('',#2002,1.);
#2002 = DIRECTION('',(0.,-0.939692620786,0.342020143326));
#2003 = ORIENTED_EDGE('',*,*,#2004,.T.);
#2004 = EDGE_CURVE('',#1997,#1973,#2005,.T.);
#2005 = LINE('',#2006,#2007);
#2006 = CARTESIAN_POINT('',(19.214267515924,2.639683828047,
    9.006754352157));
#2007 = VECTOR('',#2008,1.);
#2008 = DIRECTION('',(1.,0.,0.));
#2009 = ORIENTED_EDGE('',*,*,#1972,.F.);
#2010 = PLANE('',#2011);
#2011 = AXIS2_PLACEMENT_3D('',#2012,#2013,#2014);
#2012 = CARTESIAN_POINT('',(19.214267515924,3.391437924676,
    8.733138237496));
#2013 = DIRECTION('',(0.,0.342020143326,0.939692620786));
#2014 = DIRECTION('',(1.,0.,0.));
#2015 = ADVANCED_FACE('',(#2016),#2034,.T.);
#2016 = FACE_BOUND('',#2017,.T.);
#2017 = EDGE_LOOP('',(#2018,#2019,#2027,#2033));
#2018 = ORIENTED_EDGE('',*,*,#845,.T.);
#2019 = ORIENTED_EDGE('',*,*,#2020,.T.);
#2020 = EDGE_CURVE('',#834,#2021,#2023,.T.);
#2021 = VERTEX_POINT('',#2022);
#2022 = CARTESIAN_POINT('',(18.537834394904,2.332954935179,
    8.164023645108));
#2023 = LINE('',#2024,#2025);
#2024 = CARTESIAN_POINT('',(18.537834394904,3.084709031808,
    7.890407530447));
#2025 = VECTOR('',#2026,1.);
#2026 = DIRECTION('',(0.,-0.939692620786,0.342020143326));
#2027 = ORIENTED_EDGE('',*,*,#2028,.T.);
#2028 = EDGE_CURVE('',#2021,#1997,#2029,.T.);
#2029 = B_SPLINE_CURVE_WITH_KNOTS('',2,(#2030,#2031,#2032),
  .UNSPECIFIED.,.F.,.F.,(3,3),(0.,1.),.PIECEWISE_BEZIER_KNOTS.);
#2030 = CARTESIAN_POINT('',(18.537834394904,2.332954935179,
    8.164023645108));
#2031 = CARTESIAN_POINT('',(19.030828025478,2.464447520218,
    8.525296553329));
#2032 = CARTESIAN_POINT('',(19.214267515924,2.639683828047,
    9.006754352157));
#2033 = ORIENTED_EDGE('',*,*,#1996,.F.);
#2034 = SURFACE_OF_LINEAR_EXTRUSION('',#2035,#2039);
#2035 = B_SPLINE_CURVE_WITH_KNOTS('',2,(#2036,#2037,#2038),
  .UNSPECIFIED.,.F.,.F.,(3,3),(0.,1.),.PIECEWISE_BEZIER_KNOTS.);
#2036 = CARTESIAN_POINT('',(18.537834394904,3.084709031808,
    7.890407530447));
#2037 = CARTESIAN_POINT('',(19.030828025478,3.216201616847,
    8.251680438668));
#2038 = CARTESIAN_POINT('',(19.214267515924,3.391437924676,
    8.733138237496));
#2039 = VECTOR('',#2040,1.);
#2040 = DIRECTION('',(-0.,0.939692620786,-0.342020143326));
#2041 = ADVANCED_FACE('',(#2042),#2060,.T.);
#2042 = FACE_BOUND('',#2043,.T.);
#2043 = EDGE_LOOP('',(#2044,#2045,#2053,#2059));
#2044 = ORIENTED_EDGE('',*,*,#833,.T.);
#2045 = ORIENTED_EDGE('',*,*,#2046,.T.);
#2046 = EDGE_CURVE('',#826,#2047,#2049,.T.);
#2047 = VERTEX_POINT('',#2048);
#2048 = CARTESIAN_POINT('',(17.624458598726,2.15449448842,7.67370759737)
  );
#2049 = LINE('',#2050,#2051);
#2050 = CARTESIAN_POINT('',(17.624458598726,2.906248585048,7.40009148271
    ));
#2051 = VECTOR('',#2052,1.);
#2052 = DIRECTION('',(0.,-0.939692620786,0.342020143326));
#2053 = ORIENTED_EDGE('',*,*,#2054,.T.);
#2054 = EDGE_CURVE('',#2047,#2021,#2055,.T.);
#2055 = B_SPLINE_CURVE_WITH_KNOTS('',2,(#2056,#2057,#2058),
  .UNSPECIFIED.,.F.,.F.,(3,3),(0.,1.),.PIECEWISE_BEZIER_KNOTS.);
#2056 = CARTESIAN_POINT('',(17.624458598726,2.15449448842,7.67370759737)
  );
#2057 = CARTESIAN_POINT('',(18.044840764331,2.20154948903,7.80299014902)
  );
#2058 = CARTESIAN_POINT('',(18.537834394904,2.332954935179,
    8.164023645108));
#2059 = ORIENTED_EDGE('',*,*,#2020,.F.);
#2060 = SURFACE_OF_LINEAR_EXTRUSION('',#2061,#2065);
#2061 = B_SPLINE_CURVE_WITH_KNOTS('',2,(#2062,#2063,#2064),
  .UNSPECIFIED.,.F.,.F.,(3,3),(0.,1.),.PIECEWISE_BEZIER_KNOTS.);
#2062 = CARTESIAN_POINT('',(17.624458598726,2.906248585048,7.40009148271
    ));
#2063 = CARTESIAN_POINT('',(18.044840764331,2.953303585659,
    7.529374034359));
#2064 = CARTESIAN_POINT('',(18.537834394904,3.084709031808,
    7.890407530447));
#2065 = VECTOR('',#2066,1.);
#2066 = DIRECTION('',(-0.,0.939692620786,-0.342020143326));
#2067 = ADVANCED_FACE('',(#2068),#2086,.T.);
#2068 = FACE_BOUND('',#2069,.T.);
#2069 = EDGE_LOOP('',(#2070,#2071,#2079,#2085));
#2070 = ORIENTED_EDGE('',*,*,#825,.T.);
#2071 = ORIENTED_EDGE('',*,*,#2072,.T.);
#2072 = EDGE_CURVE('',#811,#2073,#2075,.T.);
#2073 = VERTEX_POINT('',#2074);
#2074 = CARTESIAN_POINT('',(17.624458598726,1.819881150746,
    6.754365007863));
#2075 = LINE('',#2076,#2077);
#2076 = CARTESIAN_POINT('',(17.624458598726,2.571635247374,
    6.480748893202));
#2077 = VECTOR('',#2078,1.);
#2078 = DIRECTION('',(0.,-0.939692620786,0.342020143326));
#2079 = ORIENTED_EDGE('',*,*,#2080,.T.);
#2080 = EDGE_CURVE('',#2073,#2047,#2081,.T.);
#2081 = LINE('',#2082,#2083);
#2082 = CARTESIAN_POINT('',(17.624458598726,1.819881150746,
    6.754365007863));
#2083 = VECTOR('',#2084,1.);
#2084 = DIRECTION('',(0.,0.342020143326,0.939692620786));
#2085 = ORIENTED_EDGE('',*,*,#2046,.F.);
#2086 = PLANE('',#2087);
#2087 = AXIS2_PLACEMENT_3D('',#2088,#2089,#2090);
#2088 = CARTESIAN_POINT('',(17.624458598726,2.571635247374,
    6.480748893202));
#2089 = DIRECTION('',(-1.,0.,0.));
#2090 = DIRECTION('',(0.,0.342020143326,0.939692620786));
#2091 = ADVANCED_FACE('',(#2092),#2110,.T.);
#2092 = FACE_BOUND('',#2093,.T.);
#2093 = EDGE_LOOP('',(#2094,#2095,#2103,#2109));
#2094 = ORIENTED_EDGE('',*,*,#810,.T.);
#2095 = ORIENTED_EDGE('',*,*,#2096,.T.);
#2096 = EDGE_CURVE('',#803,#2097,#2099,.T.);
#2097 = VERTEX_POINT('',#2098);
#2098 = CARTESIAN_POINT('',(19.011719745223,2.099422709928,
    7.522399129514));
#2099 = LINE('',#2100,#2101);
#2100 = CARTESIAN_POINT('',(19.011719745223,2.851176806556,
    7.248783014853));
#2101 = VECTOR('',#2102,1.);
#2102 = DIRECTION('',(0.,-0.939692620786,0.342020143326));
#2103 = ORIENTED_EDGE('',*,*,#2104,.T.);
#2104 = EDGE_CURVE('',#2097,#2073,#2105,.T.);
#2105 = B_SPLINE_CURVE_WITH_KNOTS('',2,(#2106,#2107,#2108),
  .UNSPECIFIED.,.F.,.F.,(3,3),(0.,1.),.PIECEWISE_BEZIER_KNOTS.);
#2106 = CARTESIAN_POINT('',(19.011719745223,2.099422709928,
    7.522399129514));
#2107 = CARTESIAN_POINT('',(18.423184713376,1.910418457476,
    7.003114213722));
#2108 = CARTESIAN_POINT('',(17.624458598726,1.819881150746,
    6.754365007863));
#2109 = ORIENTED_EDGE('',*,*,#2072,.F.);
#2110 = SURFACE_OF_LINEAR_EXTRUSION('',#2111,#2115);
#2111 = B_SPLINE_CURVE_WITH_KNOTS('',2,(#2112,#2113,#2114),
  .UNSPECIFIED.,.F.,.F.,(3,3),(0.,1.),.PIECEWISE_BEZIER_KNOTS.);
#2112 = CARTESIAN_POINT('',(19.011719745223,2.851176806556,
    7.248783014853));
#2113 = CARTESIAN_POINT('',(18.423184713376,2.662172554104,
    6.729498099061));
#2114 = CARTESIAN_POINT('',(17.624458598726,2.571635247374,
    6.480748893202));
#2115 = VECTOR('',#2116,1.);
#2116 = DIRECTION('',(-0.,0.939692620786,-0.342020143326));
#2117 = ADVANCED_FACE('',(#2118),#2129,.T.);
#2118 = FACE_BOUND('',#2119,.T.);
#2119 = EDGE_LOOP('',(#2120,#2121,#2122,#2128));
#2120 = ORIENTED_EDGE('',*,*,#802,.T.);
#2121 = ORIENTED_EDGE('',*,*,#1957,.T.);
#2122 = ORIENTED_EDGE('',*,*,#2123,.T.);
#2123 = EDGE_CURVE('',#1950,#2097,#2124,.T.);
#2124 = LINE('',#2125,#2126);
#2125 = CARTESIAN_POINT('',(19.011719745223,0.71008024746,3.705212085995
    ));
#2126 = VECTOR('',#2127,1.);
#2127 = DIRECTION('',(0.,0.342020143326,0.939692620786));
#2128 = ORIENTED_EDGE('',*,*,#2096,.F.);
#2129 = PLANE('',#2130);
#2130 = AXIS2_PLACEMENT_3D('',#2131,#2132,#2133);
#2131 = CARTESIAN_POINT('',(19.011719745223,1.461834344089,
    3.431595971335));
#2132 = DIRECTION('',(-1.,0.,0.));
#2133 = DIRECTION('',(0.,0.342020143326,0.939692620786));
#2134 = ADVANCED_FACE('',(#2135),#2160,.F.);
#2135 = FACE_BOUND('',#2136,.F.);
#2136 = EDGE_LOOP('',(#2137,#2145,#2153,#2159));
#2137 = ORIENTED_EDGE('',*,*,#2138,.F.);
#2138 = EDGE_CURVE('',#2139,#284,#2141,.T.);
#2139 = VERTEX_POINT('',#2140);
#2140 = CARTESIAN_POINT('',(47.,18.9,0.));
#2141 = LINE('',#2142,#2143);
#2142 = CARTESIAN_POINT('',(47.,18.9,0.));
#2143 = VECTOR('',#2144,1.);
#2144 = DIRECTION('',(-0.971520338783,-0.236956180191,0.));
#2145 = ORIENTED_EDGE('',*,*,#2146,.T.);
#2146 = EDGE_CURVE('',#2139,#2147,#2149,.T.);
#2147 = VERTEX_POINT('',#2148);
#2148 = CARTESIAN_POINT('',(47.,18.9,10.));
#2149 = LINE('',#2150,#2151);
#2150 = CARTESIAN_POINT('',(47.,18.9,0.));
#2151 = VECTOR('',#2152,1.);
#2152 = DIRECTION('',(0.,0.,1.));
#2153 = ORIENTED_EDGE('',*,*,#2154,.T.);
#2154 = EDGE_CURVE('',#2147,#95,#2155,.T.);
#2155 = LINE('',#2156,#2157);
#2156 = CARTESIAN_POINT('',(47.,18.9,10.));
#2157 = VECTOR('',#2158,1.);
#2158 = DIRECTION('',(-0.971520338783,-0.236956180191,0.));
#2159 = ORIENTED_EDGE('',*,*,#955,.T.);
#2160 = PLANE('',#2161);
#2161 = AXIS2_PLACEMENT_3D('',#2162,#2163,#2164);
#2162 = CARTESIAN_POINT('',(47.,18.9,0.));
#2163 = DIRECTION('',(0.236956180191,-0.971520338783,0.));
#2164 = DIRECTION('',(-0.971520338783,-0.236956180191,0.));
#2165 = ADVANCED_FACE('',(#2166),#2184,.T.);
#2166 = FACE_BOUND('',#2167,.T.);
#2167 = EDGE_LOOP('',(#2168,#2169,#2177,#2183));
#2168 = ORIENTED_EDGE('',*,*,#972,.F.);
#2169 = ORIENTED_EDGE('',*,*,#2170,.T.);
#2170 = EDGE_CURVE('',#71,#2171,#2173,.T.);
#2171 = VERTEX_POINT('',#2172);
#2172 = CARTESIAN_POINT('',(47.,12.9,10.));
#2173 = LINE('',#2174,#2175);
#2174 = CARTESIAN_POINT('',(42.9,13.9,10.));
#2175 = VECTOR('',#2176,1.);
#2176 = DIRECTION('',(0.971520338783,-0.236956180191,0.));
#2177 = ORIENTED_EDGE('',*,*,#2178,.T.);
#2178 = EDGE_CURVE('',#2171,#2147,#2179,.T.);
#2179 = LINE('',#2180,#2181);
#2180 = CARTESIAN_POINT('',(47.,12.9,10.));
#2181 = VECTOR('',#2182,1.);
#2182 = DIRECTION('',(0.,1.,0.));
#2183 = ORIENTED_EDGE('',*,*,#2154,.T.);
#2184 = PLANE('',#2185);
#2185 = AXIS2_PLACEMENT_3D('',#2186,#2187,#2188);
#2186 = CARTESIAN_POINT('',(45.172338161771,15.9,10.));
#2187 = DIRECTION('',(0.,0.,1.));
#2188 = DIRECTION('',(1.,0.,0.));
#2189 = ADVANCED_FACE('',(#2190),#2208,.F.);
#2190 = FACE_BOUND('',#2191,.F.);
#2191 = EDGE_LOOP('',(#2192,#2200,#2201,#2202));
#2192 = ORIENTED_EDGE('',*,*,#2193,.F.);
#2193 = EDGE_CURVE('',#260,#2194,#2196,.T.);
#2194 = VERTEX_POINT('',#2195);
#2195 = CARTESIAN_POINT('',(47.,12.9,0.));
#2196 = LINE('',#2197,#2198);
#2197 = CARTESIAN_POINT('',(42.9,13.9,0.));
#2198 = VECTOR('',#2199,1.);
#2199 = DIRECTION('',(0.971520338783,-0.236956180191,0.));
#2200 = ORIENTED_EDGE('',*,*,#991,.T.);
#2201 = ORIENTED_EDGE('',*,*,#2170,.T.);
#2202 = ORIENTED_EDGE('',*,*,#2203,.F.);
#2203 = EDGE_CURVE('',#2194,#2171,#2204,.T.);
#2204 = LINE('',#2205,#2206);
#2205 = CARTESIAN_POINT('',(47.,12.9,0.));
#2206 = VECTOR('',#2207,1.);
#2207 = DIRECTION('',(0.,0.,1.));
#2208 = PLANE('',#2209);
#2209 = AXIS2_PLACEMENT_3D('',#2210,#2211,#2212);
#2210 = CARTESIAN_POINT('',(42.9,13.9,0.));
#2211 = DIRECTION('',(0.236956180191,0.971520338783,0.));
#2212 = DIRECTION('',(0.971520338783,-0.236956180191,0.));
#2213 = ADVANCED_FACE('',(#2214),#2240,.T.);
#2214 = FACE_BOUND('',#2215,.T.);
#2215 = EDGE_LOOP('',(#2216,#2224,#2225,#2233));
#2216 = ORIENTED_EDGE('',*,*,#2217,.F.);
#2217 = EDGE_CURVE('',#1006,#2218,#2220,.T.);
#2218 = VERTEX_POINT('',#2219);
#2219 = CARTESIAN_POINT('',(16.6,37.86,21.));
#2220 = LINE('',#2221,#2222);
#2221 = CARTESIAN_POINT('',(16.6,38.11,20.75));
#2222 = VECTOR('',#2223,1.);
#2223 = DIRECTION('',(-2.90882763039E-35,-0.707106781187,0.707106781187)
  );
#2224 = ORIENTED_EDGE('',*,*,#1022,.T.);
#2225 = ORIENTED_EDGE('',*,*,#2226,.T.);
#2226 = EDGE_CURVE('',#1015,#2227,#2229,.T.);
#2227 = VERTEX_POINT('',#2228);
#2228 = CARTESIAN_POINT('',(16.5,37.76,21.));
#2229 = LINE('',#2230,#2231);
#2230 = CARTESIAN_POINT('',(16.,37.76,20.5));
#2231 = VECTOR('',#2232,1.);
#2232 = DIRECTION('',(0.707106781187,-4.329780281177E-17,0.707106781187)
  );
#2233 = ORIENTED_EDGE('',*,*,#2234,.F.);
#2234 = EDGE_CURVE('',#2218,#2227,#2235,.T.);
#2235 = CIRCLE('',#2236,1.E-01);
#2236 = AXIS2_PLACEMENT_3D('',#2237,#2238,#2239);
#2237 = CARTESIAN_POINT('',(16.6,37.76,21.));
#2238 = DIRECTION('',(0.,-0.,1.));
#2239 = DIRECTION('',(0.,1.,0.));
#2240 = CONICAL_SURFACE('',#2241,0.6,0.785398163397);
#2241 = AXIS2_PLACEMENT_3D('',#2242,#2243,#2244);
#2242 = CARTESIAN_POINT('',(16.6,37.76,20.5));
#2243 = DIRECTION('',(-0.,-0.,-1.));
#2244 = DIRECTION('',(0.,1.,0.));
#2245 = ADVANCED_FACE('',(#2246),#2264,.F.);
#2246 = FACE_BOUND('',#2247,.T.);
#2247 = EDGE_LOOP('',(#2248,#2256,#2257,#2258));
#2248 = ORIENTED_EDGE('',*,*,#2249,.F.);
#2249 = EDGE_CURVE('',#1039,#2250,#2252,.T.);
#2250 = VERTEX_POINT('',#2251);
#2251 = CARTESIAN_POINT('',(26.4,37.86,21.));
#2252 = LINE('',#2253,#2254);
#2253 = CARTESIAN_POINT('',(26.4,38.11,20.75));
#2254 = VECTOR('',#2255,1.);
#2255 = DIRECTION('',(-2.90882763039E-35,-0.707106781187,0.707106781187)
  );
#2256 = ORIENTED_EDGE('',*,*,#1046,.T.);
#2257 = ORIENTED_EDGE('',*,*,#2217,.T.);
#2258 = ORIENTED_EDGE('',*,*,#2259,.F.);
#2259 = EDGE_CURVE('',#2250,#2218,#2260,.T.);
#2260 = LINE('',#2261,#2262);
#2261 = CARTESIAN_POINT('',(26.4,37.86,21.));
#2262 = VECTOR('',#2263,1.);
#2263 = DIRECTION('',(-1.,0.,0.));
#2264 = PLANE('',#2265);
#2265 = AXIS2_PLACEMENT_3D('',#2266,#2267,#2268);
#2266 = CARTESIAN_POINT('',(26.4,38.11,20.75));
#2267 = DIRECTION('',(-1.889513820523E-18,-0.707106781187,
    -0.707106781187));
#2268 = DIRECTION('',(1.,-1.336088035637E-18,-1.336088035637E-18));
#2269 = ADVANCED_FACE('',(#2270),#2288,.F.);
#2270 = FACE_BOUND('',#2271,.T.);
#2271 = EDGE_LOOP('',(#2272,#2273,#2274,#2282));
#2272 = ORIENTED_EDGE('',*,*,#2226,.F.);
#2273 = ORIENTED_EDGE('',*,*,#1063,.T.);
#2274 = ORIENTED_EDGE('',*,*,#2275,.T.);
#2275 = EDGE_CURVE('',#1064,#2276,#2278,.T.);
#2276 = VERTEX_POINT('',#2277);
#2277 = CARTESIAN_POINT('',(16.5,27.96,21.));
#2278 = LINE('',#2279,#2280);
#2279 = CARTESIAN_POINT('',(16.25,27.96,20.75));
#2280 = VECTOR('',#2281,1.);
#2281 = DIRECTION('',(0.707106781187,-2.90882763039E-35,0.707106781187)
  );
#2282 = ORIENTED_EDGE('',*,*,#2283,.F.);
#2283 = EDGE_CURVE('',#2227,#2276,#2284,.T.);
#2284 = LINE('',#2285,#2286);
#2285 = CARTESIAN_POINT('',(16.5,37.76,21.));
#2286 = VECTOR('',#2287,1.);
#2287 = DIRECTION('',(0.,-1.,0.));
#2288 = PLANE('',#2289);
#2289 = AXIS2_PLACEMENT_3D('',#2290,#2291,#2292);
#2290 = CARTESIAN_POINT('',(16.25,37.76,20.75));
#2291 = DIRECTION('',(0.707106781187,1.889513820523E-18,-0.707106781187)
  );
#2292 = DIRECTION('',(-1.336088035637E-18,1.,1.336088035637E-18));
#2293 = ADVANCED_FACE('',(#2294),#2313,.T.);
#2294 = FACE_BOUND('',#2295,.T.);
#2295 = EDGE_LOOP('',(#2296,#2304,#2305,#2306));
#2296 = ORIENTED_EDGE('',*,*,#2297,.F.);
#2297 = EDGE_CURVE('',#1088,#2298,#2300,.T.);
#2298 = VERTEX_POINT('',#2299);
#2299 = CARTESIAN_POINT('',(26.5,37.76,21.));
#2300 = LINE('',#2301,#2302);
#2301 = CARTESIAN_POINT('',(26.75,37.76,20.75));
#2302 = VECTOR('',#2303,1.);
#2303 = DIRECTION('',(-0.707106781187,2.90882763039E-35,0.707106781187)
  );
#2304 = ORIENTED_EDGE('',*,*,#1095,.T.);
#2305 = ORIENTED_EDGE('',*,*,#2249,.T.);
#2306 = ORIENTED_EDGE('',*,*,#2307,.F.);
#2307 = EDGE_CURVE('',#2298,#2250,#2308,.T.);
#2308 = CIRCLE('',#2309,1.E-01);
#2309 = AXIS2_PLACEMENT_3D('',#2310,#2311,#2312);
#2310 = CARTESIAN_POINT('',(26.4,37.76,21.));
#2311 = DIRECTION('',(0.,0.,1.));
#2312 = DIRECTION('',(1.,0.,0.));
#2313 = CONICAL_SURFACE('',#2314,0.6,0.785398163397);
#2314 = AXIS2_PLACEMENT_3D('',#2315,#2316,#2317);
#2315 = CARTESIAN_POINT('',(26.4,37.76,20.5));
#2316 = DIRECTION('',(-0.,-0.,-1.));
#2317 = DIRECTION('',(1.,0.,0.));
#2318 = ADVANCED_FACE('',(#2319),#2338,.T.);
#2319 = FACE_BOUND('',#2320,.T.);
#2320 = EDGE_LOOP('',(#2321,#2322,#2323,#2331));
#2321 = ORIENTED_EDGE('',*,*,#2275,.F.);
#2322 = ORIENTED_EDGE('',*,*,#1120,.T.);
#2323 = ORIENTED_EDGE('',*,*,#2324,.T.);
#2324 = EDGE_CURVE('',#1113,#2325,#2327,.T.);
#2325 = VERTEX_POINT('',#2326);
#2326 = CARTESIAN_POINT('',(16.6,27.86,21.));
#2327 = LINE('',#2328,#2329);
#2328 = CARTESIAN_POINT('',(16.6,27.36,20.5));
#2329 = VECTOR('',#2330,1.);
#2330 = DIRECTION('',(4.329780281177E-17,0.707106781187,0.707106781187)
  );
#2331 = ORIENTED_EDGE('',*,*,#2332,.F.);
#2332 = EDGE_CURVE('',#2276,#2325,#2333,.T.);
#2333 = CIRCLE('',#2334,1.E-01);
#2334 = AXIS2_PLACEMENT_3D('',#2335,#2336,#2337);
#2335 = CARTESIAN_POINT('',(16.6,27.96,21.));
#2336 = DIRECTION('',(0.,0.,1.));
#2337 = DIRECTION('',(-1.,0.,0.));
#2338 = CONICAL_SURFACE('',#2339,0.6,0.785398163397);
#2339 = AXIS2_PLACEMENT_3D('',#2340,#2341,#2342);
#2340 = CARTESIAN_POINT('',(16.6,27.96,20.5));
#2341 = DIRECTION('',(-0.,-0.,-1.));
#2342 = DIRECTION('',(-1.,0.,0.));
#2343 = ADVANCED_FACE('',(#2344),#2362,.F.);
#2344 = FACE_BOUND('',#2345,.T.);
#2345 = EDGE_LOOP('',(#2346,#2354,#2355,#2356));
#2346 = ORIENTED_EDGE('',*,*,#2347,.F.);
#2347 = EDGE_CURVE('',#1137,#2348,#2350,.T.);
#2348 = VERTEX_POINT('',#2349);
#2349 = CARTESIAN_POINT('',(26.5,27.96,21.));
#2350 = LINE('',#2351,#2352);
#2351 = CARTESIAN_POINT('',(27.,27.96,20.5));
#2352 = VECTOR('',#2353,1.);
#2353 = DIRECTION('',(-0.707106781187,4.329780281177E-17,0.707106781187)
  );
#2354 = ORIENTED_EDGE('',*,*,#1144,.T.);
#2355 = ORIENTED_EDGE('',*,*,#2297,.T.);
#2356 = ORIENTED_EDGE('',*,*,#2357,.F.);
#2357 = EDGE_CURVE('',#2348,#2298,#2358,.T.);
#2358 = LINE('',#2359,#2360);
#2359 = CARTESIAN_POINT('',(26.5,27.96,21.));
#2360 = VECTOR('',#2361,1.);
#2361 = DIRECTION('',(0.,1.,0.));
#2362 = PLANE('',#2363);
#2363 = AXIS2_PLACEMENT_3D('',#2364,#2365,#2366);
#2364 = CARTESIAN_POINT('',(26.75,27.96,20.75));
#2365 = DIRECTION('',(-0.707106781187,-1.889513820523E-18,
    -0.707106781187));
#2366 = DIRECTION('',(1.336088035637E-18,-1.,1.336088035637E-18));
#2367 = ADVANCED_FACE('',(#2368),#2386,.F.);
#2368 = FACE_BOUND('',#2369,.T.);
#2369 = EDGE_LOOP('',(#2370,#2371,#2372,#2380));
#2370 = ORIENTED_EDGE('',*,*,#2324,.F.);
#2371 = ORIENTED_EDGE('',*,*,#1161,.T.);
#2372 = ORIENTED_EDGE('',*,*,#2373,.T.);
#2373 = EDGE_CURVE('',#1162,#2374,#2376,.T.);
#2374 = VERTEX_POINT('',#2375);
#2375 = CARTESIAN_POINT('',(26.4,27.86,21.));
#2376 = LINE('',#2377,#2378);
#2377 = CARTESIAN_POINT('',(26.4,27.61,20.75));
#2378 = VECTOR('',#2379,1.);
#2379 = DIRECTION('',(2.90882763039E-35,0.707106781187,0.707106781187));
#2380 = ORIENTED_EDGE('',*,*,#2381,.F.);
#2381 = EDGE_CURVE('',#2325,#2374,#2382,.T.);
#2382 = LINE('',#2383,#2384);
#2383 = CARTESIAN_POINT('',(16.6,27.86,21.));
#2384 = VECTOR('',#2385,1.);
#2385 = DIRECTION('',(1.,0.,0.));
#2386 = PLANE('',#2387);
#2387 = AXIS2_PLACEMENT_3D('',#2388,#2389,#2390);
#2388 = CARTESIAN_POINT('',(16.6,27.61,20.75));
#2389 = DIRECTION('',(1.889513820523E-18,0.707106781187,-0.707106781187)
  );
#2390 = DIRECTION('',(-1.,1.336088035637E-18,-1.336088035637E-18));
#2391 = ADVANCED_FACE('',(#2392),#2404,.T.);
#2392 = FACE_BOUND('',#2393,.T.);
#2393 = EDGE_LOOP('',(#2394,#2395,#2396,#2397));
#2394 = ORIENTED_EDGE('',*,*,#2373,.F.);
#2395 = ORIENTED_EDGE('',*,*,#1186,.T.);
#2396 = ORIENTED_EDGE('',*,*,#2347,.T.);
#2397 = ORIENTED_EDGE('',*,*,#2398,.F.);
#2398 = EDGE_CURVE('',#2374,#2348,#2399,.T.);
#2399 = CIRCLE('',#2400,1.E-01);
#2400 = AXIS2_PLACEMENT_3D('',#2401,#2402,#2403);
#2401 = CARTESIAN_POINT('',(26.4,27.96,21.));
#2402 = DIRECTION('',(-0.,0.,1.));
#2403 = DIRECTION('',(0.,-1.,0.));
#2404 = CONICAL_SURFACE('',#2405,0.6,0.785398163397);
#2405 = AXIS2_PLACEMENT_3D('',#2406,#2407,#2408);
#2406 = CARTESIAN_POINT('',(26.4,27.96,20.5));
#2407 = DIRECTION('',(-0.,-0.,-1.));
#2408 = DIRECTION('',(0.,-1.,0.));
#2409 = ADVANCED_FACE('',(#2410),#2421,.F.);
#2410 = FACE_BOUND('',#2411,.F.);
#2411 = EDGE_LOOP('',(#2412,#2413,#2414,#2420));
#2412 = ORIENTED_EDGE('',*,*,#1202,.F.);
#2413 = ORIENTED_EDGE('',*,*,#2193,.T.);
#2414 = ORIENTED_EDGE('',*,*,#2415,.T.);
#2415 = EDGE_CURVE('',#2194,#2139,#2416,.T.);
#2416 = LINE('',#2417,#2418);
#2417 = CARTESIAN_POINT('',(47.,12.9,0.));
#2418 = VECTOR('',#2419,1.);
#2419 = DIRECTION('',(0.,1.,0.));
#2420 = ORIENTED_EDGE('',*,*,#2138,.T.);
#2421 = PLANE('',#2422);
#2422 = AXIS2_PLACEMENT_3D('',#2423,#2424,#2425);
#2423 = CARTESIAN_POINT('',(45.172338161771,15.9,0.));
#2424 = DIRECTION('',(0.,0.,1.));
#2425 = DIRECTION('',(1.,0.,0.));
#2426 = ADVANCED_FACE('',(#2427),#2457,.T.);
#2427 = FACE_BOUND('',#2428,.F.);
#2428 = EDGE_LOOP('',(#2429,#2430,#2431,#2432,#2433,#2434,#2435,#2436,
    #2437,#2438,#2439,#2440,#2441,#2442,#2443,#2444,#2445,#2446,#2447,
    #2448,#2449,#2450,#2451,#2452,#2453,#2454,#2455,#2456));
#2429 = ORIENTED_EDGE('',*,*,#1227,.T.);
#2430 = ORIENTED_EDGE('',*,*,#1923,.T.);
#2431 = ORIENTED_EDGE('',*,*,#1904,.T.);
#2432 = ORIENTED_EDGE('',*,*,#1878,.T.);
#2433 = ORIENTED_EDGE('',*,*,#1852,.T.);
#2434 = ORIENTED_EDGE('',*,*,#1826,.T.);
#2435 = ORIENTED_EDGE('',*,*,#1800,.T.);
#2436 = ORIENTED_EDGE('',*,*,#1774,.T.);
#2437 = ORIENTED_EDGE('',*,*,#1750,.T.);
#2438 = ORIENTED_EDGE('',*,*,#1724,.T.);
#2439 = ORIENTED_EDGE('',*,*,#1698,.T.);
#2440 = ORIENTED_EDGE('',*,*,#1672,.T.);
#2441 = ORIENTED_EDGE('',*,*,#1646,.T.);
#2442 = ORIENTED_EDGE('',*,*,#1620,.T.);
#2443 = ORIENTED_EDGE('',*,*,#1594,.T.);
#2444 = ORIENTED_EDGE('',*,*,#1570,.T.);
#2445 = ORIENTED_EDGE('',*,*,#1544,.T.);
#2446 = ORIENTED_EDGE('',*,*,#1518,.T.);
#2447 = ORIENTED_EDGE('',*,*,#1492,.T.);
#2448 = ORIENTED_EDGE('',*,*,#1466,.T.);
#2449 = ORIENTED_EDGE('',*,*,#1440,.T.);
#2450 = ORIENTED_EDGE('',*,*,#1414,.T.);
#2451 = ORIENTED_EDGE('',*,*,#1388,.T.);
#2452 = ORIENTED_EDGE('',*,*,#1362,.T.);
#2453 = ORIENTED_EDGE('',*,*,#1336,.T.);
#2454 = ORIENTED_EDGE('',*,*,#1310,.T.);
#2455 = ORIENTED_EDGE('',*,*,#1284,.T.);
#2456 = ORIENTED_EDGE('',*,*,#1258,.T.);
#2457 = PLANE('',#2458);
#2458 = AXIS2_PLACEMENT_3D('',#2459,#2460,#2461);
#2459 = CARTESIAN_POINT('',(23.594496306769,1.653673606895,
    6.297713534189));
#2460 = DIRECTION('',(0.,-0.939692620786,0.342020143326));
#2461 = DIRECTION('',(1.,0.,0.));
#2462 = ADVANCED_FACE('',(#2463),#2473,.T.);
#2463 = FACE_BOUND('',#2464,.F.);
#2464 = EDGE_LOOP('',(#2465,#2466,#2467,#2468,#2469,#2470,#2471,#2472));
#2465 = ORIENTED_EDGE('',*,*,#1949,.T.);
#2466 = ORIENTED_EDGE('',*,*,#2123,.T.);
#2467 = ORIENTED_EDGE('',*,*,#2104,.T.);
#2468 = ORIENTED_EDGE('',*,*,#2080,.T.);
#2469 = ORIENTED_EDGE('',*,*,#2054,.T.);
#2470 = ORIENTED_EDGE('',*,*,#2028,.T.);
#2471 = ORIENTED_EDGE('',*,*,#2004,.T.);
#2472 = ORIENTED_EDGE('',*,*,#1980,.T.);
#2473 = PLANE('',#2474);
#2474 = AXIS2_PLACEMENT_3D('',#2475,#2476,#2477);
#2475 = CARTESIAN_POINT('',(19.234316247507,1.73316222789,6.516106725477
    ));
#2476 = DIRECTION('',(0.,-0.939692620786,0.342020143326));
#2477 = DIRECTION('',(1.,0.,0.));
#2478 = ADVANCED_FACE('',(#2479),#2485,.F.);
#2479 = FACE_BOUND('',#2480,.F.);
#2480 = EDGE_LOOP('',(#2481,#2482,#2483,#2484));
#2481 = ORIENTED_EDGE('',*,*,#2203,.T.);
#2482 = ORIENTED_EDGE('',*,*,#2178,.T.);
#2483 = ORIENTED_EDGE('',*,*,#2146,.F.);
#2484 = ORIENTED_EDGE('',*,*,#2415,.F.);
#2485 = PLANE('',#2486);
#2486 = AXIS2_PLACEMENT_3D('',#2487,#2488,#2489);
#2487 = CARTESIAN_POINT('',(47.,12.9,0.));
#2488 = DIRECTION('',(-1.,0.,0.));
#2489 = DIRECTION('',(0.,1.,0.));
#2490 = ADVANCED_FACE('',(#2491),#2501,.T.);
#2491 = FACE_BOUND('',#2492,.T.);
#2492 = EDGE_LOOP('',(#2493,#2494,#2495,#2496,#2497,#2498,#2499,#2500));
#2493 = ORIENTED_EDGE('',*,*,#2259,.T.);
#2494 = ORIENTED_EDGE('',*,*,#2234,.T.);
#2495 = ORIENTED_EDGE('',*,*,#2283,.T.);
#2496 = ORIENTED_EDGE('',*,*,#2332,.T.);
#2497 = ORIENTED_EDGE('',*,*,#2381,.T.);
#2498 = ORIENTED_EDGE('',*,*,#2398,.T.);
#2499 = ORIENTED_EDGE('',*,*,#2357,.T.);
#2500 = ORIENTED_EDGE('',*,*,#2307,.T.);
#2501 = PLANE('',#2502);
#2502 = AXIS2_PLACEMENT_3D('',#2503,#2504,#2505);
#2503 = CARTESIAN_POINT('',(21.5,32.86,21.));
#2504 = DIRECTION('',(0.,0.,1.));
#2505 = DIRECTION('',(1.,0.,0.));
#2506 = ( GEOMETRIC_REPRESENTATION_CONTEXT(3) 
GLOBAL_UNCERTAINTY_ASSIGNED_CONTEXT((#2510)) 
GLOBAL_UNIT_ASSIGNED_CONTEXT((#2507,#2508,#2509)) REPRESENTATION_CONTEXT
('Context #1','3D Context with UNIT and UNCERTAINTY') );
#2507 = ( LENGTH_UNIT() NAMED_UNIT(*) SI_UNIT(.MILLI.,.METRE.) );
#2508 = ( NAMED_UNIT(*) PLANE_ANGLE_UNIT() SI_UNIT($,.RADIAN.) );
#2509 = ( NAMED_UNIT(*) SI_UNIT($,.STERADIAN.) SOLID_ANGLE_UNIT() );
#2510 = UNCERTAINTY_MEASURE_WITH_UNIT(LENGTH_MEASURE(1.E-06),#2507,
  'distance_accuracy_value','confusion accuracy');
#2511 = PRODUCT_RELATED_PRODUCT_CATEGORY('part',$,(#7));
ENDSEC;
END-ISO-10303-21;
