ISO-10303-21;
HEADER;
FILE_DESCRIPTION(('FreeCAD Model'),'2;1');
FILE_NAME('Open CASCADE Shape Model','2026-08-31T20:51:50',('FreeCAD'),(
    'FreeCAD'),'Open CASCADE STEP processor 7.8','FreeCAD','Unknown');
FILE_SCHEMA(('AUTOMOTIVE_DESIGN { 1 0 10303 214 1 1 1 1 }'));
ENDSEC;
DATA;
#1 = APPLICATION_PROTOCOL_DEFINITION('international standard',
  'automotive_design',2000,#2);
#2 = APPLICATION_CONTEXT(
  'core data for automotive mechanical design processes');
#3 = SHAPE_DEFINITION_REPRESENTATION(#4,#10);
#4 = PRODUCT_DEFINITION_SHAPE('','',#5);
#5 = PRODUCT_DEFINITION('design','',#6,#9);
#6 = PRODUCT_DEFINITION_FORMATION('','',#7);
#7 = PRODUCT('Open CASCADE STEP translator 7.8 25',
  'Open CASCADE STEP translator 7.8 25','',(#8));
#8 = PRODUCT_CONTEXT('',#2,'mechanical');
#9 = PRODUCT_DEFINITION_CONTEXT('part definition',#2,'design');
#10 = ADVANCED_BREP_SHAPE_REPRESENTATION('',(#11,#15),#2799);
#11 = AXIS2_PLACEMENT_3D('',#12,#13,#14);
#12 = CARTESIAN_POINT('',(0.,0.,0.));
#13 = DIRECTION('',(0.,0.,1.));
#14 = DIRECTION('',(1.,0.,-0.));
#15 = MANIFOLD_SOLID_BREP('',#16);
#16 = CLOSED_SHELL('',(#17,#57,#222,#246,#334,#1013,#1030,#1047,#1064,
    #1081,#1098,#1115,#1132,#1164,#1188,#1212,#1237,#1262,#1286,#1310,
    #1328,#1345,#1376,#1400,#1426,#1452,#1478,#1504,#1530,#1556,#1582,
    #1608,#1634,#1658,#1684,#1710,#1736,#1762,#1788,#1814,#1840,#1866,
    #1883,#1914,#1938,#1964,#1990,#2016,#2042,#2068,#2094,#2120,#2146,
    #2172,#2196,#2222,#2248,#2274,#2300,#2326,#2352,#2378,#2404,#2421,
    #2452,#2476,#2500,#2532,#2556,#2580,#2605,#2630,#2654,#2678,#2696,
    #2713,#2742,#2771,#2783));
#17 = ADVANCED_FACE('',(#18),#52,.F.);
#18 = FACE_BOUND('',#19,.F.);
#19 = EDGE_LOOP('',(#20,#30,#38,#46));
#20 = ORIENTED_EDGE('',*,*,#21,.F.);
#21 = EDGE_CURVE('',#22,#24,#26,.T.);
#22 = VERTEX_POINT('',#23);
#23 = CARTESIAN_POINT('',(0.,3.639702342662,10.));
#24 = VERTEX_POINT('',#25);
#25 = CARTESIAN_POINT('',(0.,13.75,10.));
#26 = LINE('',#27,#28);
#27 = CARTESIAN_POINT('',(0.,0.,10.));
#28 = VECTOR('',#29,1.);
#29 = DIRECTION('',(0.,1.,0.));
#30 = ORIENTED_EDGE('',*,*,#31,.T.);
#31 = EDGE_CURVE('',#22,#32,#34,.T.);
#32 = VERTEX_POINT('',#33);
#33 = CARTESIAN_POINT('',(0.,0.,0.));
#34 = LINE('',#35,#36);
#35 = CARTESIAN_POINT('',(0.,0.,0.));
#36 = VECTOR('',#37,1.);
#37 = DIRECTION('',(0.,-0.342020143326,-0.939692620786));
#38 = ORIENTED_EDGE('',*,*,#39,.T.);
#39 = EDGE_CURVE('',#32,#40,#42,.T.);
#40 = VERTEX_POINT('',#41);
#41 = CARTESIAN_POINT('',(0.,13.75,0.));
#42 = LINE('',#43,#44);
#43 = CARTESIAN_POINT('',(0.,0.,0.));
#44 = VECTOR('',#45,1.);
#45 = DIRECTION('',(0.,1.,0.));
#46 = ORIENTED_EDGE('',*,*,#47,.T.);
#47 = EDGE_CURVE('',#40,#24,#48,.T.);
#48 = LINE('',#49,#50);
#49 = CARTESIAN_POINT('',(0.,13.75,-1.));
#50 = VECTOR('',#51,1.);
#51 = DIRECTION('',(0.,0.,1.));
#52 = PLANE('',#53);
#53 = AXIS2_PLACEMENT_3D('',#54,#55,#56);
#54 = CARTESIAN_POINT('',(0.,0.,0.));
#55 = DIRECTION('',(1.,0.,0.));
#56 = DIRECTION('',(0.,0.,1.));
#57 = ADVANCED_FACE('',(#58,#147),#217,.T.);
#58 = FACE_BOUND('',#59,.T.);
#59 = EDGE_LOOP('',(#60,#61,#69,#77,#85,#93,#101,#109,#117,#125,#133,
    #141));
#60 = ORIENTED_EDGE('',*,*,#21,.F.);
#61 = ORIENTED_EDGE('',*,*,#62,.T.);
#62 = EDGE_CURVE('',#22,#63,#65,.T.);
#63 = VERTEX_POINT('',#64);
#64 = CARTESIAN_POINT('',(43.,3.639702342662,10.));
#65 = LINE('',#66,#67);
#66 = CARTESIAN_POINT('',(-1.,3.639702342662,10.));
#67 = VECTOR('',#68,1.);
#68 = DIRECTION('',(1.,0.,0.));
#69 = ORIENTED_EDGE('',*,*,#70,.T.);
#70 = EDGE_CURVE('',#63,#71,#73,.T.);
#71 = VERTEX_POINT('',#72);
#72 = CARTESIAN_POINT('',(43.,13.875609756098,10.));
#73 = LINE('',#74,#75);
#74 = CARTESIAN_POINT('',(43.,0.,10.));
#75 = VECTOR('',#76,1.);
#76 = DIRECTION('',(0.,1.,0.));
#77 = ORIENTED_EDGE('',*,*,#78,.F.);
#78 = EDGE_CURVE('',#79,#71,#81,.T.);
#79 = VERTEX_POINT('',#80);
#80 = CARTESIAN_POINT('',(42.9,13.9,10.));
#81 = LINE('',#82,#83);
#82 = CARTESIAN_POINT('',(42.9,13.9,10.));
#83 = VECTOR('',#84,1.);
#84 = DIRECTION('',(0.971520338783,-0.236956180191,0.));
#85 = ORIENTED_EDGE('',*,*,#86,.F.);
#86 = EDGE_CURVE('',#87,#79,#89,.T.);
#87 = VERTEX_POINT('',#88);
#88 = CARTESIAN_POINT('',(42.9,17.9,10.));
#89 = LINE('',#90,#91);
#90 = CARTESIAN_POINT('',(42.9,17.9,10.));
#91 = VECTOR('',#92,1.);
#92 = DIRECTION('',(0.,-1.,0.));
#93 = ORIENTED_EDGE('',*,*,#94,.F.);
#94 = EDGE_CURVE('',#95,#87,#97,.T.);
#95 = VERTEX_POINT('',#96);
#96 = CARTESIAN_POINT('',(43.,17.924390243902,10.));
#97 = LINE('',#98,#99);
#98 = CARTESIAN_POINT('',(47.,18.9,10.));
#99 = VECTOR('',#100,1.);
#100 = DIRECTION('',(-0.971520338783,-0.236956180191,0.));
#101 = ORIENTED_EDGE('',*,*,#102,.T.);
#102 = EDGE_CURVE('',#95,#103,#105,.T.);
#103 = VERTEX_POINT('',#104);
#104 = CARTESIAN_POINT('',(43.,53.,10.));
#105 = LINE('',#106,#107);
#106 = CARTESIAN_POINT('',(43.,0.,10.));
#107 = VECTOR('',#108,1.);
#108 = DIRECTION('',(0.,1.,0.));
#109 = ORIENTED_EDGE('',*,*,#110,.F.);
#110 = EDGE_CURVE('',#111,#103,#113,.T.);
#111 = VERTEX_POINT('',#112);
#112 = CARTESIAN_POINT('',(0.,53.,10.));
#113 = LINE('',#114,#115);
#114 = CARTESIAN_POINT('',(0.,53.,10.));
#115 = VECTOR('',#116,1.);
#116 = DIRECTION('',(1.,0.,0.));
#117 = ORIENTED_EDGE('',*,*,#118,.F.);
#118 = EDGE_CURVE('',#119,#111,#121,.T.);
#119 = VERTEX_POINT('',#120);
#120 = CARTESIAN_POINT('',(0.,18.05,10.));
#121 = LINE('',#122,#123);
#122 = CARTESIAN_POINT('',(0.,0.,10.));
#123 = VECTOR('',#124,1.);
#124 = DIRECTION('',(0.,1.,0.));
#125 = ORIENTED_EDGE('',*,*,#126,.T.);
#126 = EDGE_CURVE('',#119,#127,#129,.T.);
#127 = VERTEX_POINT('',#128);
#128 = CARTESIAN_POINT('',(4.,19.05,10.));
#129 = LINE('',#130,#131);
#130 = CARTESIAN_POINT('',(-0.123529411765,18.019117647059,10.));
#131 = VECTOR('',#132,1.);
#132 = DIRECTION('',(0.970142500145,0.242535625036,0.));
#133 = ORIENTED_EDGE('',*,*,#134,.T.);
#134 = EDGE_CURVE('',#127,#135,#137,.T.);
#135 = VERTEX_POINT('',#136);
#136 = CARTESIAN_POINT('',(4.,12.75,10.));
#137 = LINE('',#138,#139);
#138 = CARTESIAN_POINT('',(4.,6.375,10.));
#139 = VECTOR('',#140,1.);
#140 = DIRECTION('',(0.,-1.,0.));
#141 = ORIENTED_EDGE('',*,*,#142,.T.);
#142 = EDGE_CURVE('',#135,#24,#143,.T.);
#143 = LINE('',#144,#145);
#144 = CARTESIAN_POINT('',(1.617647058824,13.345588235294,10.));
#145 = VECTOR('',#146,1.);
#146 = DIRECTION('',(-0.970142500145,0.242535625036,0.));
#147 = FACE_BOUND('',#148,.T.);
#148 = EDGE_LOOP('',(#149,#160,#168,#177,#185,#194,#202,#211));
#149 = ORIENTED_EDGE('',*,*,#150,.F.);
#150 = EDGE_CURVE('',#151,#153,#155,.T.);
#151 = VERTEX_POINT('',#152);
#152 = CARTESIAN_POINT('',(16.6,38.36,10.));
#153 = VERTEX_POINT('',#154);
#154 = CARTESIAN_POINT('',(16.,37.76,10.));
#155 = CIRCLE('',#156,0.6);
#156 = AXIS2_PLACEMENT_3D('',#157,#158,#159);
#157 = CARTESIAN_POINT('',(16.6,37.76,10.));
#158 = DIRECTION('',(0.,-0.,1.));
#159 = DIRECTION('',(0.,1.,0.));
#160 = ORIENTED_EDGE('',*,*,#161,.T.);
#161 = EDGE_CURVE('',#151,#162,#164,.T.);
#162 = VERTEX_POINT('',#163);
#163 = CARTESIAN_POINT('',(26.4,38.36,10.));
#164 = LINE('',#165,#166);
#165 = CARTESIAN_POINT('',(13.5,38.36,10.));
#166 = VECTOR('',#167,1.);
#167 = DIRECTION('',(1.,0.,0.));
#168 = ORIENTED_EDGE('',*,*,#169,.F.);
#169 = EDGE_CURVE('',#170,#162,#172,.T.);
#170 = VERTEX_POINT('',#171);
#171 = CARTESIAN_POINT('',(27.,37.76,10.));
#172 = CIRCLE('',#173,0.6);
#173 = AXIS2_PLACEMENT_3D('',#174,#175,#176);
#174 = CARTESIAN_POINT('',(26.4,37.76,10.));
#175 = DIRECTION('',(0.,-0.,1.));
#176 = DIRECTION('',(0.,1.,0.));
#177 = ORIENTED_EDGE('',*,*,#178,.T.);
#178 = EDGE_CURVE('',#170,#179,#181,.T.);
#179 = VERTEX_POINT('',#180);
#180 = CARTESIAN_POINT('',(27.,27.96,10.));
#181 = LINE('',#182,#183);
#182 = CARTESIAN_POINT('',(27.,13.68,10.));
#183 = VECTOR('',#184,1.);
#184 = DIRECTION('',(0.,-1.,0.));
#185 = ORIENTED_EDGE('',*,*,#186,.F.);
#186 = EDGE_CURVE('',#187,#179,#189,.T.);
#187 = VERTEX_POINT('',#188);
#188 = CARTESIAN_POINT('',(26.4,27.36,10.));
#189 = CIRCLE('',#190,0.6);
#190 = AXIS2_PLACEMENT_3D('',#191,#192,#193);
#191 = CARTESIAN_POINT('',(26.4,27.96,10.));
#192 = DIRECTION('',(-0.,0.,1.));
#193 = DIRECTION('',(0.,-1.,0.));
#194 = ORIENTED_EDGE('',*,*,#195,.T.);
#195 = EDGE_CURVE('',#187,#196,#198,.T.);
#196 = VERTEX_POINT('',#197);
#197 = CARTESIAN_POINT('',(16.6,27.36,10.));
#198 = LINE('',#199,#200);
#199 = CARTESIAN_POINT('',(8.,27.36,10.));
#200 = VECTOR('',#201,1.);
#201 = DIRECTION('',(-1.,0.,0.));
#202 = ORIENTED_EDGE('',*,*,#203,.F.);
#203 = EDGE_CURVE('',#204,#196,#206,.T.);
#204 = VERTEX_POINT('',#205);
#205 = CARTESIAN_POINT('',(16.,27.96,10.));
#206 = CIRCLE('',#207,0.6);
#207 = AXIS2_PLACEMENT_3D('',#208,#209,#210);
#208 = CARTESIAN_POINT('',(16.6,27.96,10.));
#209 = DIRECTION('',(0.,0.,1.));
#210 = DIRECTION('',(-1.,0.,0.));
#211 = ORIENTED_EDGE('',*,*,#212,.T.);
#212 = EDGE_CURVE('',#204,#153,#213,.T.);
#213 = LINE('',#214,#215);
#214 = CARTESIAN_POINT('',(16.,19.18,10.));
#215 = VECTOR('',#216,1.);
#216 = DIRECTION('',(0.,1.,0.));
#217 = PLANE('',#218);
#218 = AXIS2_PLACEMENT_3D('',#219,#220,#221);
#219 = CARTESIAN_POINT('',(0.,0.,10.));
#220 = DIRECTION('',(0.,0.,1.));
#221 = DIRECTION('',(1.,0.,0.));
#222 = ADVANCED_FACE('',(#223),#241,.T.);
#223 = FACE_BOUND('',#224,.T.);
#224 = EDGE_LOOP('',(#225,#233,#234,#235));
#225 = ORIENTED_EDGE('',*,*,#226,.T.);
#226 = EDGE_CURVE('',#227,#40,#229,.T.);
#227 = VERTEX_POINT('',#228);
#228 = CARTESIAN_POINT('',(4.,12.75,0.));
#229 = LINE('',#230,#231);
#230 = CARTESIAN_POINT('',(1.617647058824,13.345588235294,0.));
#231 = VECTOR('',#232,1.);
#232 = DIRECTION('',(-0.970142500145,0.242535625036,0.));
#233 = ORIENTED_EDGE('',*,*,#47,.T.);
#234 = ORIENTED_EDGE('',*,*,#142,.F.);
#235 = ORIENTED_EDGE('',*,*,#236,.F.);
#236 = EDGE_CURVE('',#227,#135,#237,.T.);
#237 = LINE('',#238,#239);
#238 = CARTESIAN_POINT('',(4.,12.75,-1.));
#239 = VECTOR('',#240,1.);
#240 = DIRECTION('',(0.,0.,1.));
#241 = PLANE('',#242);
#242 = AXIS2_PLACEMENT_3D('',#243,#244,#245);
#243 = CARTESIAN_POINT('',(0.,13.75,-1.));
#244 = DIRECTION('',(0.242535625036,0.970142500145,0.));
#245 = DIRECTION('',(0.970142500145,-0.242535625036,0.));
#246 = ADVANCED_FACE('',(#247),#329,.F.);
#247 = FACE_BOUND('',#248,.F.);
#248 = EDGE_LOOP('',(#249,#250,#258,#266,#274,#282,#290,#298,#306,#314,
    #322,#328));
#249 = ORIENTED_EDGE('',*,*,#39,.F.);
#250 = ORIENTED_EDGE('',*,*,#251,.T.);
#251 = EDGE_CURVE('',#32,#252,#254,.T.);
#252 = VERTEX_POINT('',#253);
#253 = CARTESIAN_POINT('',(43.,0.,0.));
#254 = LINE('',#255,#256);
#255 = CARTESIAN_POINT('',(0.,0.,0.));
#256 = VECTOR('',#257,1.);
#257 = DIRECTION('',(1.,0.,0.));
#258 = ORIENTED_EDGE('',*,*,#259,.T.);
#259 = EDGE_CURVE('',#252,#260,#262,.T.);
#260 = VERTEX_POINT('',#261);
#261 = CARTESIAN_POINT('',(43.,13.875609756098,0.));
#262 = LINE('',#263,#264);
#263 = CARTESIAN_POINT('',(43.,0.,0.));
#264 = VECTOR('',#265,1.);
#265 = DIRECTION('',(0.,1.,0.));
#266 = ORIENTED_EDGE('',*,*,#267,.F.);
#267 = EDGE_CURVE('',#268,#260,#270,.T.);
#268 = VERTEX_POINT('',#269);
#269 = CARTESIAN_POINT('',(42.9,13.9,0.));
#270 = LINE('',#271,#272);
#271 = CARTESIAN_POINT('',(42.9,13.9,0.));
#272 = VECTOR('',#273,1.);
#273 = DIRECTION('',(0.971520338783,-0.236956180191,0.));
#274 = ORIENTED_EDGE('',*,*,#275,.F.);
#275 = EDGE_CURVE('',#276,#268,#278,.T.);
#276 = VERTEX_POINT('',#277);
#277 = CARTESIAN_POINT('',(42.9,17.9,0.));
#278 = LINE('',#279,#280);
#279 = CARTESIAN_POINT('',(42.9,17.9,0.));
#280 = VECTOR('',#281,1.);
#281 = DIRECTION('',(0.,-1.,0.));
#282 = ORIENTED_EDGE('',*,*,#283,.F.);
#283 = EDGE_CURVE('',#284,#276,#286,.T.);
#284 = VERTEX_POINT('',#285);
#285 = CARTESIAN_POINT('',(43.,17.924390243902,0.));
#286 = LINE('',#287,#288);
#287 = CARTESIAN_POINT('',(47.,18.9,0.));
#288 = VECTOR('',#289,1.);
#289 = DIRECTION('',(-0.971520338783,-0.236956180191,0.));
#290 = ORIENTED_EDGE('',*,*,#291,.T.);
#291 = EDGE_CURVE('',#284,#292,#294,.T.);
#292 = VERTEX_POINT('',#293);
#293 = CARTESIAN_POINT('',(43.,53.,0.));
#294 = LINE('',#295,#296);
#295 = CARTESIAN_POINT('',(43.,0.,0.));
#296 = VECTOR('',#297,1.);
#297 = DIRECTION('',(0.,1.,0.));
#298 = ORIENTED_EDGE('',*,*,#299,.F.);
#299 = EDGE_CURVE('',#300,#292,#302,.T.);
#300 = VERTEX_POINT('',#301);
#301 = CARTESIAN_POINT('',(0.,53.,0.));
#302 = LINE('',#303,#304);
#303 = CARTESIAN_POINT('',(0.,53.,0.));
#304 = VECTOR('',#305,1.);
#305 = DIRECTION('',(1.,0.,0.));
#306 = ORIENTED_EDGE('',*,*,#307,.F.);
#307 = EDGE_CURVE('',#308,#300,#310,.T.);
#308 = VERTEX_POINT('',#309);
#309 = CARTESIAN_POINT('',(0.,18.05,0.));
#310 = LINE('',#311,#312);
#311 = CARTESIAN_POINT('',(0.,0.,0.));
#312 = VECTOR('',#313,1.);
#313 = DIRECTION('',(0.,1.,0.));
#314 = ORIENTED_EDGE('',*,*,#315,.T.);
#315 = EDGE_CURVE('',#308,#316,#318,.T.);
#316 = VERTEX_POINT('',#317);
#317 = CARTESIAN_POINT('',(4.,19.05,0.));
#318 = LINE('',#319,#320);
#319 = CARTESIAN_POINT('',(-0.123529411765,18.019117647059,0.));
#320 = VECTOR('',#321,1.);
#321 = DIRECTION('',(0.970142500145,0.242535625036,0.));
#322 = ORIENTED_EDGE('',*,*,#323,.T.);
#323 = EDGE_CURVE('',#316,#227,#324,.T.);
#324 = LINE('',#325,#326);
#325 = CARTESIAN_POINT('',(4.,6.375,0.));
#326 = VECTOR('',#327,1.);
#327 = DIRECTION('',(0.,-1.,0.));
#328 = ORIENTED_EDGE('',*,*,#226,.T.);
#329 = PLANE('',#330);
#330 = AXIS2_PLACEMENT_3D('',#331,#332,#333);
#331 = CARTESIAN_POINT('',(0.,0.,0.));
#332 = DIRECTION('',(0.,0.,1.));
#333 = DIRECTION('',(1.,0.,0.));
#334 = ADVANCED_FACE('',(#335,#346,#677),#1008,.T.);
#335 = FACE_BOUND('',#336,.T.);
#336 = EDGE_LOOP('',(#337,#338,#339,#345));
#337 = ORIENTED_EDGE('',*,*,#31,.T.);
#338 = ORIENTED_EDGE('',*,*,#251,.T.);
#339 = ORIENTED_EDGE('',*,*,#340,.F.);
#340 = EDGE_CURVE('',#63,#252,#341,.T.);
#341 = LINE('',#342,#343);
#342 = CARTESIAN_POINT('',(43.,0.,0.));
#343 = VECTOR('',#344,1.);
#344 = DIRECTION('',(0.,-0.342020143326,-0.939692620786));
#345 = ORIENTED_EDGE('',*,*,#62,.F.);
#346 = FACE_BOUND('',#347,.T.);
#347 = EDGE_LOOP('',(#348,#358,#366,#381,#402,#430,#445,#464,#481,#496,
    #513,#521,#548,#565,#588,#607,#622,#634,#647,#660,#671));
#348 = ORIENTED_EDGE('',*,*,#349,.F.);
#349 = EDGE_CURVE('',#350,#352,#354,.T.);
#350 = VERTEX_POINT('',#351);
#351 = CARTESIAN_POINT('',(25.55898089172,1.273895819932,3.5));
#352 = VERTEX_POINT('',#353);
#353 = CARTESIAN_POINT('',(25.55898089172,1.614086046567,4.434664966));
#354 = LINE('',#355,#356);
#355 = CARTESIAN_POINT('',(25.55898089172,0.807043023283,2.217332483));
#356 = VECTOR('',#357,1.);
#357 = DIRECTION('',(0.,0.342020143326,0.939692620786));
#358 = ORIENTED_EDGE('',*,*,#359,.F.);
#359 = EDGE_CURVE('',#360,#350,#362,.T.);
#360 = VERTEX_POINT('',#361);
#361 = CARTESIAN_POINT('',(21.794649681529,1.273895819932,3.5));
#362 = LINE('',#363,#364);
#363 = CARTESIAN_POINT('',(12.27949044586,1.273895819932,3.5));
#364 = VECTOR('',#365,1.);
#365 = DIRECTION('',(1.,0.,0.));
#366 = ORIENTED_EDGE('',*,*,#367,.F.);
#367 = EDGE_CURVE('',#368,#360,#370,.T.);
#368 = VERTEX_POINT('',#369);
#369 = CARTESIAN_POINT('',(22.16152866242,1.641273380253,4.509361551397)
  );
#370 = B_SPLINE_CURVE_WITH_KNOTS('',5,(#371,#372,#373,#374,#375,#376,
    #377,#378,#379,#380),.UNSPECIFIED.,.F.,.F.,(6,4,6),(0.,
    0.703546670237,1.),.UNSPECIFIED.);
#371 = CARTESIAN_POINT('',(22.16152866242,1.641273380253,4.509361551397)
  );
#372 = CARTESIAN_POINT('',(22.077187161957,1.593412242149,4.377864155187
    ));
#373 = CARTESIAN_POINT('',(22.003391626276,1.543964097082,4.242006493181
    ));
#374 = CARTESIAN_POINT('',(21.941045492753,1.493051104962,4.102124196974
    ));
#375 = CARTESIAN_POINT('',(21.89079129998,1.440854975068,3.958716508708)
  );
#376 = CARTESIAN_POINT('',(21.836810385929,1.365216736244,3.750902155492
    ));
#377 = CARTESIAN_POINT('',(21.822986589935,1.342611640404,3.688795165108
    ));
#378 = CARTESIAN_POINT('',(21.811355049759,1.319843439628,3.626240047594
    ));
#379 = CARTESIAN_POINT('',(21.801914600356,1.296931509878,3.563290037968
    ));
#380 = CARTESIAN_POINT('',(21.794649681529,1.273895819932,3.5));
#381 = ORIENTED_EDGE('',*,*,#382,.F.);
#382 = EDGE_CURVE('',#383,#368,#385,.T.);
#383 = VERTEX_POINT('',#384);
#384 = CARTESIAN_POINT('',(23.369171974522,2.101715275115,5.774415260501
    ));
#385 = B_SPLINE_CURVE_WITH_KNOTS('',8,(#386,#387,#388,#389,#390,#391,
    #392,#393,#394,#395,#396,#397,#398,#399,#400,#401),.UNSPECIFIED.,.F.
  ,.F.,(9,7,9),(0.,0.762523879669,1.),.UNSPECIFIED.);
#386 = CARTESIAN_POINT('',(23.369171974522,2.101715275115,5.774415260501
    ));
#387 = CARTESIAN_POINT('',(23.234655194428,2.058930947387,5.656866286161
    ));
#388 = CARTESIAN_POINT('',(23.102577129372,2.015951777436,5.538781987215
    ));
#389 = CARTESIAN_POINT('',(22.9731302549,1.972710182542,5.419976681661)
  );
#390 = CARTESIAN_POINT('',(22.846747372586,1.929170544951,5.30035251053)
  );
#391 = CARTESIAN_POINT('',(22.724083111577,1.885328706367,5.179898048993
    ));
#392 = CARTESIAN_POINT('',(22.606167353204,1.841205881227,5.058671583237
    ));
#393 = CARTESIAN_POINT('',(22.494338163663,1.796850536909,4.936806276292
    ));
#394 = CARTESIAN_POINT('',(22.358697585078,1.738429687699,4.776296312262
    ));
#395 = CARTESIAN_POINT('',(22.32731390789,1.724543158953,4.738143388099)
  );
#396 = CARTESIAN_POINT('',(22.296829757738,1.710645958696,4.699961144198
    ));
#397 = CARTESIAN_POINT('',(22.267331460162,1.696743126706,4.66176342724)
  );
#398 = CARTESIAN_POINT('',(22.238921595507,1.682842463935,4.623571670161
    ));
#399 = CARTESIAN_POINT('',(22.211720734059,1.668954554517,4.585414952632
    ));
#400 = CARTESIAN_POINT('',(22.185869171176,1.65509278778,4.547330061527)
  );
#401 = CARTESIAN_POINT('',(22.16152866242,1.641273380253,4.509361551397)
  );
#402 = ORIENTED_EDGE('',*,*,#403,.F.);
#403 = EDGE_CURVE('',#404,#383,#406,.T.);
#404 = VERTEX_POINT('',#405);
#405 = CARTESIAN_POINT('',(24.259617834395,2.416025251414,6.637974823093
    ));
#406 = B_SPLINE_CURVE_WITH_KNOTS('',8,(#407,#408,#409,#410,#411,#412,
    #413,#414,#415,#416,#417,#418,#419,#420,#421,#422,#423,#424,#425,
    #426,#427,#428,#429),.UNSPECIFIED.,.F.,.F.,(9,7,7,9),(0.,
    0.219314331787,0.788724702799,1.),.UNSPECIFIED.);
#407 = CARTESIAN_POINT('',(24.259617834395,2.416025251414,6.637974823093
    ));
#408 = CARTESIAN_POINT('',(24.246811786477,2.409594568859,6.620306667982
    ));
#409 = CARTESIAN_POINT('',(24.232396078694,2.402816555088,6.601684228196
    ));
#410 = CARTESIAN_POINT('',(24.216549768772,2.395738259674,6.582236771378
    ));
#411 = CARTESIAN_POINT('',(24.199437986733,2.388401910017,6.562080316355
    ));
#412 = CARTESIAN_POINT('',(24.181208005318,2.380844110899,6.541315433936
    ));
#413 = CARTESIAN_POINT('',(24.161986570766,2.37309530265,6.520025758244)
  );
#414 = CARTESIAN_POINT('',(24.141878493958,2.365179477931,6.498277208574
    ));
#415 = CARTESIAN_POINT('',(24.06667226107,2.336173996618,6.418585303626)
  );
#416 = CARTESIAN_POINT('',(24.007074576275,2.314270697552,6.358406484029
    ));
#417 = CARTESIAN_POINT('',(23.943611521377,2.29169991564,6.296393770387)
  );
#418 = CARTESIAN_POINT('',(23.877183910659,2.26865328681,6.233073678081)
  );
#419 = CARTESIAN_POINT('',(23.808476939791,2.245271051673,6.168831515027
    ));
#420 = CARTESIAN_POINT('',(23.737931168558,2.22163693384,6.103897309952)
  );
#421 = CARTESIAN_POINT('',(23.665817381956,2.197790925544,6.038380940614
    ));
#422 = CARTESIAN_POINT('',(23.564923028581,2.164798921309,5.947736153957
    ));
#423 = CARTESIAN_POINT('',(23.537432043523,2.155845986333,5.923138167272
    ));
#424 = CARTESIAN_POINT('',(23.50976690961,2.146870689852,5.898478742858)
  );
#425 = CARTESIAN_POINT('',(23.481938455229,2.137874838037,5.873762843126
    ));
#426 = CARTESIAN_POINT('',(23.453956421381,2.128860037615,5.848994882528
    ));
#427 = CARTESIAN_POINT('',(23.425829558456,2.119827708007,5.824178760882
    ));
#428 = CARTESIAN_POINT('',(23.397565723006,2.110779093446,5.799317896699
    ));
#429 = CARTESIAN_POINT('',(23.369171974522,2.101715275115,5.774415260501
    ));
#430 = ORIENTED_EDGE('',*,*,#431,.F.);
#431 = EDGE_CURVE('',#432,#404,#434,.T.);
#432 = VERTEX_POINT('',#433);
#433 = CARTESIAN_POINT('',(24.48127388535,2.641366421004,7.257094598215)
  );
#434 = B_SPLINE_CURVE_WITH_KNOTS('',5,(#435,#436,#437,#438,#439,#440,
    #441,#442,#443,#444),.UNSPECIFIED.,.F.,.F.,(6,4,6),(0.,
    0.492976171844,1.),.UNSPECIFIED.);
#435 = CARTESIAN_POINT('',(24.48127388535,2.641366421004,7.257094598215)
  );
#436 = CARTESIAN_POINT('',(24.48127388535,2.618836855145,7.195195124747)
  );
#437 = CARTESIAN_POINT('',(24.475603939569,2.59625943908,7.133164183918)
  );
#438 = CARTESIAN_POINT('',(24.464283139188,2.573703474965,7.071192181839
    ));
#439 = CARTESIAN_POINT('',(24.447469911392,2.551231292911,7.009450369079
    ));
#440 = CARTESIAN_POINT('',(24.402732987446,2.505929696002,6.884985254508
    ));
#441 = CARTESIAN_POINT('',(24.3745049667,2.483107080615,6.822280634078)
  );
#442 = CARTESIAN_POINT('',(24.341002667123,2.460489544119,6.760139463272
    ));
#443 = CARTESIAN_POINT('',(24.302584776956,2.438119265538,6.698677628003
    ));
#444 = CARTESIAN_POINT('',(24.259617834395,2.416025251414,6.637974823093
    ));
#445 = ORIENTED_EDGE('',*,*,#446,.F.);
#446 = EDGE_CURVE('',#447,#432,#449,.T.);
#447 = VERTEX_POINT('',#448);
#448 = CARTESIAN_POINT('',(24.288152866242,2.830632090126,7.777097750405
    ));
#449 = B_SPLINE_CURVE_WITH_KNOTS('',5,(#450,#451,#452,#453,#454,#455,
    #456,#457,#458,#459,#460,#461,#462,#463),.UNSPECIFIED.,.F.,.F.,(6,4,
    4,6),(0.,7.606949480651E-02,0.529732405339,1.),.UNSPECIFIED.);
#450 = CARTESIAN_POINT('',(24.288152866242,2.830632090126,7.777097750405
    ));
#451 = CARTESIAN_POINT('',(24.294175792891,2.828569410262,7.771430584055
    ));
#452 = CARTESIAN_POINT('',(24.300083155487,2.826471458077,7.765666507801
    ));
#453 = CARTESIAN_POINT('',(24.305874201279,2.824338399996,7.759805978888
    ));
#454 = CARTESIAN_POINT('',(24.311548270614,2.822170431459,7.753849534287
    ));
#455 = CARTESIAN_POINT('',(24.350242783636,2.80683159574,7.711706429507)
  );
#456 = CARTESIAN_POINT('',(24.379202188081,2.792460940084,7.672223377589
    ));
#457 = CARTESIAN_POINT('',(24.403855584291,2.776905547678,7.629485288203
    ));
#458 = CARTESIAN_POINT('',(24.424219505783,2.760246579284,7.583715148709
    ));
#459 = CARTESIAN_POINT('',(24.457192024786,2.724276280462,7.484887564924
    ));
#460 = CARTESIAN_POINT('',(24.469490698355,2.704888648205,7.431620483081
    ));
#461 = CARTESIAN_POINT('',(24.477436080683,2.684531016649,7.375688350068
    ));
#462 = CARTESIAN_POINT('',(24.48127388535,2.663321360043,7.31741529747)
  );
#463 = CARTESIAN_POINT('',(24.48127388535,2.641366421004,7.257094598215)
  );
#464 = ORIENTED_EDGE('',*,*,#465,.F.);
#465 = EDGE_CURVE('',#466,#447,#468,.T.);
#466 = VERTEX_POINT('',#467);
#467 = CARTESIAN_POINT('',(23.755159235669,2.896770507651,7.958811559113
    ));
#468 = B_SPLINE_CURVE_WITH_KNOTS('',6,(#469,#470,#471,#472,#473,#474,
    #475,#476,#477,#478,#479,#480),.UNSPECIFIED.,.F.,.F.,(7,5,7),(0.,
    0.850622974706,1.),.UNSPECIFIED.);
#469 = CARTESIAN_POINT('',(23.755159235669,2.896770507651,7.958811559113
    ));
#470 = CARTESIAN_POINT('',(23.847474234668,2.896770507651,7.958811559113
    ));
#471 = CARTESIAN_POINT('',(23.935382195525,2.893847231319,7.950779923401
    ));
#472 = CARTESIAN_POINT('',(24.017994695331,2.887751248779,7.934031349022
    ));
#473 = CARTESIAN_POINT('',(24.094439609235,2.878293312073,7.908045881489
    ));
#474 = CARTESIAN_POINT('',(24.163971482783,2.865403276148,7.872630798848
    ));
#475 = CARTESIAN_POINT('',(24.237032905057,2.846366441294,7.820327524947
    ));
#476 = CARTESIAN_POINT('',(24.24771945329,2.843420761974,7.812234337531)
  );
#477 = CARTESIAN_POINT('',(24.258176534918,2.840373675737,7.803862536901
    ));
#478 = CARTESIAN_POINT('',(24.26840217004,2.837225925771,7.795214164947)
  );
#479 = CARTESIAN_POINT('',(24.278394715771,2.833978391808,7.786291638715
    ));
#480 = CARTESIAN_POINT('',(24.288152866242,2.830632090126,7.777097750405
    ));
#481 = ORIENTED_EDGE('',*,*,#482,.F.);
#482 = EDGE_CURVE('',#483,#466,#485,.T.);
#483 = VERTEX_POINT('',#484);
#484 = CARTESIAN_POINT('',(23.220127388535,2.827059395635,7.767281852965
    ));
#485 = B_SPLINE_CURVE_WITH_KNOTS('',5,(#486,#487,#488,#489,#490,#491,
    #492,#493,#494,#495),.UNSPECIFIED.,.F.,.F.,(6,4,6),(0.,0.23117845186
    ,1.),.UNSPECIFIED.);
#486 = CARTESIAN_POINT('',(23.220127388535,2.827059395635,7.767281852965
    ));
#487 = CARTESIAN_POINT('',(23.238665646924,2.833562429267,7.785148791027
    ));
#488 = CARTESIAN_POINT('',(23.257998607638,2.839702620131,7.802018826775
    ));
#489 = CARTESIAN_POINT('',(23.278118922227,2.84547087641,7.817866980652)
  );
#490 = CARTESIAN_POINT('',(23.299013702344,2.850860481581,7.832674799159
    ));
#491 = CARTESIAN_POINT('',(23.392667835016,2.87251739981,7.892176692968)
  );
#492 = CARTESIAN_POINT('',(23.473054043294,2.884936647299,7.926298295011
    ));
#493 = CARTESIAN_POINT('',(23.561084967126,2.892947724748,7.948308549407
    ));
#494 = CARTESIAN_POINT('',(23.65554505401,2.896770507651,7.958811559113)
  );
#495 = CARTESIAN_POINT('',(23.755159235669,2.896770507651,7.958811559113
    ));
#496 = ORIENTED_EDGE('',*,*,#497,.F.);
#497 = EDGE_CURVE('',#498,#483,#500,.T.);
#498 = VERTEX_POINT('',#499);
#499 = CARTESIAN_POINT('',(22.990828025478,2.595618503744,7.131403228556
    ));
#500 = B_SPLINE_CURVE_WITH_KNOTS('',6,(#501,#502,#503,#504,#505,#506,
    #507,#508,#509,#510,#511,#512),.UNSPECIFIED.,.F.,.F.,(7,5,7),(0.,
    0.523211716034,1.),.UNSPECIFIED.);
#501 = CARTESIAN_POINT('',(22.990828025478,2.595618503744,7.131403228556
    ));
#502 = CARTESIAN_POINT('',(22.995629959346,2.621020309179,7.201194115401
    ));
#503 = CARTESIAN_POINT('',(23.003036967052,2.645674902337,7.268932053387
    ));
#504 = CARTESIAN_POINT('',(23.013278482913,2.669476408421,7.334326153904
    ));
#505 = CARTESIAN_POINT('',(23.026600937891,2.692292346845,7.397012429528
    ));
#506 = CARTESIAN_POINT('',(23.043252863243,2.713968457554,7.456567054242
    ));
#507 = CARTESIAN_POINT('',(23.081835002335,2.752910932419,7.563560624591
    ));
#508 = CARTESIAN_POINT('',(23.103166668047,2.77039845209,7.61160719001)
  );
#509 = CARTESIAN_POINT('',(23.127583428635,2.786679334745,7.656338547474
    ));
#510 = CARTESIAN_POINT('',(23.15520244733,2.801623247067,7.697396609134)
  );
#511 = CARTESIAN_POINT('',(23.186070837155,2.815112701703,7.734458581148
    ));
#512 = CARTESIAN_POINT('',(23.220127388535,2.827059395635,7.767281852965
    ));
#513 = ORIENTED_EDGE('',*,*,#514,.F.);
#514 = EDGE_CURVE('',#515,#498,#517,.T.);
#515 = VERTEX_POINT('',#516);
#516 = CARTESIAN_POINT('',(21.92076433121,2.632478254222,7.232674560681)
  );
#517 = LINE('',#518,#519);
#518 = CARTESIAN_POINT('',(11.494193030863,2.991635207712,8.219450180435
    ));
#519 = VECTOR('',#520,1.);
#520 = DIRECTION('',(0.994966576024,-3.427293152997E-02,
    -9.416410547709E-02));
#521 = ORIENTED_EDGE('',*,*,#522,.F.);
#522 = EDGE_CURVE('',#523,#515,#525,.T.);
#523 = VERTEX_POINT('',#524);
#524 = CARTESIAN_POINT('',(22.52076433121,3.070612593239,8.436438763818)
  );
#525 = B_SPLINE_CURVE_WITH_KNOTS('',6,(#526,#527,#528,#529,#530,#531,
    #532,#533,#534,#535,#536,#537,#538,#539,#540,#541,#542,#543,#544,
    #545,#546,#547),.UNSPECIFIED.,.F.,.F.,(7,5,5,5,7),(0.,
    2.289920252369E-02,0.291825169786,0.573715176317,1.),.UNSPECIFIED.);
#526 = CARTESIAN_POINT('',(22.52076433121,3.070612593239,8.436438763818)
  );
#527 = CARTESIAN_POINT('',(22.516561068414,3.069505350396,8.433396639108
    ));
#528 = CARTESIAN_POINT('',(22.512374503291,3.068390839252,8.430334544905
    ));
#529 = CARTESIAN_POINT('',(22.508204725248,3.067269079859,8.427252536303
    ));
#530 = CARTESIAN_POINT('',(22.504051821481,3.06614009325,8.42415067109)
  );
#531 = CARTESIAN_POINT('',(22.499915876979,3.06500390144,8.421029009747)
  );
#532 = CARTESIAN_POINT('',(22.447424991867,3.050432856161,8.380995391865
    ));
#533 = CARTESIAN_POINT('',(22.401399814276,3.036013619756,8.341378865436
    ));
#534 = CARTESIAN_POINT('',(22.357864879202,3.020642178815,8.299146178547
    ));
#535 = CARTESIAN_POINT('',(22.316902274063,3.004373287482,8.25444776697)
  );
#536 = CARTESIAN_POINT('',(22.278543349474,2.987273383543,8.207466167023
    ));
#537 = CARTESIAN_POINT('',(22.205291249479,2.950699569963,8.106980440068
    ));
#538 = CARTESIAN_POINT('',(22.170651034502,2.931149190437,8.053266213777
    ));
#539 = CARTESIAN_POINT('',(22.138842457244,2.910848284698,7.997489933666
    ));
#540 = CARTESIAN_POINT('',(22.109793168592,2.889880778696,7.939882184383
    ));
#541 = CARTESIAN_POINT('',(22.08339589377,2.868326670267,7.880662758177)
  );
#542 = CARTESIAN_POINT('',(22.023438143924,2.812881698626,7.728328950573
    ));
#543 = CARTESIAN_POINT('',(21.993138645537,2.778331039899,7.633401795892
    ));
#544 = CARTESIAN_POINT('',(21.968193661609,2.742838840854,7.535887780449
    ));
#545 = CARTESIAN_POINT('',(21.948114027407,2.706605530031,7.436337577132
    ));
#546 = CARTESIAN_POINT('',(21.932440993463,2.669784304627,7.335172091777
    ));
#547 = CARTESIAN_POINT('',(21.92076433121,2.632478254222,7.232674560681)
  );
#548 = ORIENTED_EDGE('',*,*,#549,.F.);
#549 = EDGE_CURVE('',#550,#523,#552,.T.);
#550 = VERTEX_POINT('',#551);
#551 = CARTESIAN_POINT('',(23.781910828025,3.203499400519,8.801542266161
    ));
#552 = B_SPLINE_CURVE_WITH_KNOTS('',6,(#553,#554,#555,#556,#557,#558,
    #559,#560,#561,#562,#563,#564),.UNSPECIFIED.,.F.,.F.,(7,5,7),(0.,
    0.893883510654,1.),.UNSPECIFIED.);
#553 = CARTESIAN_POINT('',(23.781910828025,3.203499400519,8.801542266161
    ));
#554 = CARTESIAN_POINT('',(23.573696344979,3.203499400519,8.801542266161
    ));
#555 = CARTESIAN_POINT('',(23.368662694575,3.197462401361,8.784955747294
    ));
#556 = CARTESIAN_POINT('',(23.169199541976,3.184488229541,8.749309503184
    ));
#557 = CARTESIAN_POINT('',(22.978318937742,3.16375004556,8.692331810973)
  );
#558 = CARTESIAN_POINT('',(22.799287115782,3.134793614234,8.612774669758
    ));
#559 = CARTESIAN_POINT('',(22.615269940871,3.093900306185,8.500421229286
    ));
#560 = CARTESIAN_POINT('',(22.595946490916,3.089453526772,8.488203803259
    ));
#561 = CARTESIAN_POINT('',(22.576830751726,3.084900293984,8.475693898991
    ));
#562 = CARTESIAN_POINT('',(22.557926326845,3.080241612931,8.462894277993
    ));
#563 = CARTESIAN_POINT('',(22.539236519221,3.075478622076,8.449808068169
    ));
#564 = CARTESIAN_POINT('',(22.52076433121,3.070612593239,8.436438763818)
  );
#565 = ORIENTED_EDGE('',*,*,#566,.F.);
#566 = EDGE_CURVE('',#567,#550,#569,.T.);
#567 = VERTEX_POINT('',#568);
#568 = CARTESIAN_POINT('',(25.085095541401,3.049960676305,8.379698088372
    ));
#569 = B_SPLINE_CURVE_WITH_KNOTS('',5,(#570,#571,#572,#573,#574,#575,
    #576,#577,#578,#579,#580,#581,#582,#583,#584,#585,#586,#587),
  .UNSPECIFIED.,.F.,.F.,(6,4,4,4,6),(0.,9.571984277263E-02,0.36543429951
    ,0.645323301674,1.),.UNSPECIFIED.);
#570 = CARTESIAN_POINT('',(25.085095541401,3.049960676305,8.379698088372
    ));
#571 = CARTESIAN_POINT('',(25.065982160195,3.056153406601,8.396712475025
    ));
#572 = CARTESIAN_POINT('',(25.046483810581,3.062197678891,8.413318976659
    ));
#573 = CARTESIAN_POINT('',(25.026606447909,3.068090205261,8.429508559804
    ));
#574 = CARTESIAN_POINT('',(25.006357351029,3.073828174094,8.445273499606
    ));
#575 = CARTESIAN_POINT('',(24.927665042816,3.09513531931,8.503814399959)
  );
#576 = CARTESIAN_POINT('',(24.866698674842,3.109616574023,8.54360132029)
  );
#577 = CARTESIAN_POINT('',(24.80304609532,3.122798384593,8.57981804718)
  );
#578 = CARTESIAN_POINT('',(24.736964067454,3.134667022807,8.61242686267)
  );
#579 = CARTESIAN_POINT('',(24.597949754586,3.156208179062,8.67161070307)
  );
#580 = CARTESIAN_POINT('',(24.524847941143,3.165781708562,8.697913759198
    ));
#581 = CARTESIAN_POINT('',(24.449755051021,3.173977447998,8.720431368232
    ));
#582 = CARTESIAN_POINT('',(24.372984872764,3.180851818547,8.739318546088
    ));
#583 = CARTESIAN_POINT('',(24.195752542842,3.193597650533,8.774337431664
    ));
#584 = CARTESIAN_POINT('',(24.094442005765,3.198710168769,8.788383960073
    ));
#585 = CARTESIAN_POINT('',(23.991424932041,3.201954014196,8.797296352136
    ));
#586 = CARTESIAN_POINT('',(23.887146198736,3.203499400519,8.801542266161
    ));
#587 = CARTESIAN_POINT('',(23.781910828025,3.203499400519,8.801542266161
    ));
#588 = ORIENTED_EDGE('',*,*,#589,.F.);
#589 = EDGE_CURVE('',#590,#567,#592,.T.);
#590 = VERTEX_POINT('',#591);
#591 = CARTESIAN_POINT('',(25.55898089172,2.66803092135,7.330354710816)
  );
#592 = B_SPLINE_CURVE_WITH_KNOTS('',5,(#593,#594,#595,#596,#597,#598,
    #599,#600,#601,#602,#603,#604,#605,#606),.UNSPECIFIED.,.F.,.F.,(6,4,
    4,6),(0.,0.176380042043,0.537277933811,1.),.UNSPECIFIED.);
#593 = CARTESIAN_POINT('',(25.55898089172,2.66803092135,7.330354710816)
  );
#594 = CARTESIAN_POINT('',(25.55898089172,2.683488046407,7.372822812879)
  );
#595 = CARTESIAN_POINT('',(25.557624548708,2.698868264336,7.415079614345
    ));
#596 = CARTESIAN_POINT('',(25.554862616061,2.714155844054,7.457081894419
    ));
#597 = CARTESIAN_POINT('',(25.550653141586,2.729333622631,7.498782498338
    ));
#598 = CARTESIAN_POINT('',(25.533315517391,2.775176117766,7.624733718571
    ));
#599 = CARTESIAN_POINT('',(25.515463676976,2.805435758814,7.707871399073
    ));
#600 = CARTESIAN_POINT('',(25.49111882118,2.834993428934,7.789080430298)
  );
#601 = CARTESIAN_POINT('',(25.460175899095,2.86368413818,7.8679075061));
#602 = CARTESIAN_POINT('',(25.374959894441,2.926847417079,8.041447188613
    ));
#603 = CARTESIAN_POINT('',(25.316551052931,2.960679498883,8.134400069423
    ));
#604 = CARTESIAN_POINT('',(25.248028025296,2.992539170728,8.221933798408
    ));
#605 = CARTESIAN_POINT('',(25.170453627863,3.022304679579,8.303713861856
    ));
#606 = CARTESIAN_POINT('',(25.085095541401,3.049960676305,8.379698088372
    ));
#607 = ORIENTED_EDGE('',*,*,#608,.F.);
#608 = EDGE_CURVE('',#609,#590,#611,.T.);
#609 = VERTEX_POINT('',#610);
#610 = CARTESIAN_POINT('',(25.423184713376,2.420643612585,6.650663666125
    ));
#611 = B_SPLINE_CURVE_WITH_KNOTS('',5,(#612,#613,#614,#615,#616,#617,
    #618,#619,#620,#621),.UNSPECIFIED.,.F.,.F.,(6,4,6),(0.,
    0.299286217855,1.),.UNSPECIFIED.);
#612 = CARTESIAN_POINT('',(25.423184713376,2.420643612585,6.650663666125
    ));
#613 = CARTESIAN_POINT('',(25.439455232789,2.434717555502,6.689331506492
    ));
#614 = CARTESIAN_POINT('',(25.454526052435,2.448919482931,6.728350981415
    ));
#615 = CARTESIAN_POINT('',(25.468385385862,2.463244592701,6.767708897041
    ));
#616 = CARTESIAN_POINT('',(25.481025109834,2.477687657396,6.807390891156
    ));
#617 = CARTESIAN_POINT('',(25.519168043976,2.526321259892,6.941010615842
    ));
#618 = CARTESIAN_POINT('',(25.539186180555,2.561015936154,7.036333455448
    ));
#619 = CARTESIAN_POINT('',(25.552436060891,2.596252620653,7.133145450445
    ));
#620 = CARTESIAN_POINT('',(25.55898089172,2.63195183372,7.231228232237)
  );
#621 = CARTESIAN_POINT('',(25.55898089172,2.66803092135,7.330354710816)
  );
#622 = ORIENTED_EDGE('',*,*,#623,.F.);
#623 = EDGE_CURVE('',#624,#609,#626,.T.);
#624 = VERTEX_POINT('',#625);
#625 = CARTESIAN_POINT('',(24.993375796178,2.174476248281,5.974324391292
    ));
#626 = B_SPLINE_CURVE_WITH_KNOTS('',6,(#627,#628,#629,#630,#631,#632,
    #633),.UNSPECIFIED.,.F.,.F.,(7,7),(0.,1.),.PIECEWISE_BEZIER_KNOTS.);
#627 = CARTESIAN_POINT('',(24.993375796178,2.174476248281,5.974324391292
    ));
#628 = CARTESIAN_POINT('',(25.086116273863,2.215038263554,6.085767612343
    ));
#629 = CARTESIAN_POINT('',(25.171562200792,2.255877098514,6.197971389233
    ));
#630 = CARTESIAN_POINT('',(25.248917945337,2.296948463628,6.310814037468
    ));
#631 = CARTESIAN_POINT('',(25.317273519903,2.338177044822,6.424088633335
    ));
#632 = CARTESIAN_POINT('',(25.375657788457,2.379455711595,6.5375008382)
  );
#633 = CARTESIAN_POINT('',(25.423184713376,2.420643612585,6.650663666125
    ));
#634 = ORIENTED_EDGE('',*,*,#635,.F.);
#635 = EDGE_CURVE('',#636,#624,#638,.T.);
#636 = VERTEX_POINT('',#637);
#637 = CARTESIAN_POINT('',(24.290191082803,1.929005995097,5.299900413521
    ));
#638 = B_SPLINE_CURVE_WITH_KNOTS('',7,(#639,#640,#641,#642,#643,#644,
    #645,#646),.UNSPECIFIED.,.F.,.F.,(8,8),(0.,1.),
  .PIECEWISE_BEZIER_KNOTS.);
#639 = CARTESIAN_POINT('',(24.290191082803,1.929005995097,5.299900413521
    ));
#640 = CARTESIAN_POINT('',(24.411763592568,1.96731401233,5.405150825853)
  );
#641 = CARTESIAN_POINT('',(24.528621832958,2.004933820322,5.508510398836
    ));
#642 = CARTESIAN_POINT('',(24.640341801888,2.041868133136,5.609986589294
    ));
#643 = CARTESIAN_POINT('',(24.745585004429,2.077891513689,5.708960013938
    ));
#644 = CARTESIAN_POINT('',(24.841979775093,2.112529250534,5.80412641378)
  );
#645 = CARTESIAN_POINT('',(24.92619292622,2.145070550214,5.893532899851)
  );
#646 = CARTESIAN_POINT('',(24.993375796178,2.174476248281,5.974324391292
    ));
#647 = ORIENTED_EDGE('',*,*,#648,.F.);
#648 = EDGE_CURVE('',#649,#636,#651,.T.);
#649 = VERTEX_POINT('',#650);
#650 = CARTESIAN_POINT('',(23.646114649682,1.71638710345,4.715734809771)
  );
#651 = B_SPLINE_CURVE_WITH_KNOTS('',7,(#652,#653,#654,#655,#656,#657,
    #658,#659),.UNSPECIFIED.,.F.,.F.,(8,8),(0.,1.),
  .PIECEWISE_BEZIER_KNOTS.);
#652 = CARTESIAN_POINT('',(23.646114649682,1.71638710345,4.715734809771)
  );
#653 = CARTESIAN_POINT('',(23.695047470079,1.735321088775,4.767755506912
    ));
#654 = CARTESIAN_POINT('',(23.768186511092,1.76084925692,4.837893572452)
  );
#655 = CARTESIAN_POINT('',(23.857504772941,1.790683005569,4.919861123201
    ));
#656 = CARTESIAN_POINT('',(23.957096558689,1.823154307296,5.009075291478
    ));
#657 = CARTESIAN_POINT('',(24.063206671427,1.857223722107,5.102680239363
    ));
#658 = CARTESIAN_POINT('',(24.174124641018,1.892452861685,5.199471504861
    ));
#659 = CARTESIAN_POINT('',(24.290191082803,1.929005995097,5.299900413521
    ));
#660 = ORIENTED_EDGE('',*,*,#661,.F.);
#661 = EDGE_CURVE('',#662,#649,#664,.T.);
#662 = VERTEX_POINT('',#663);
#663 = CARTESIAN_POINT('',(23.426496815287,1.614086046567,4.434664966));
#664 = B_SPLINE_CURVE_WITH_KNOTS('',5,(#665,#666,#667,#668,#669,#670),
  .UNSPECIFIED.,.F.,.F.,(6,6),(0.,1.),.PIECEWISE_BEZIER_KNOTS.);
#665 = CARTESIAN_POINT('',(23.426496815287,1.614086046567,4.434664966));
#666 = CARTESIAN_POINT('',(23.460507667851,1.63424886746,4.490061861114)
  );
#667 = CARTESIAN_POINT('',(23.499614019481,1.654579423628,4.545919605111
    ));
#668 = CARTESIAN_POINT('',(23.543687839792,1.675058230493,4.602184664552
    ));
#669 = CARTESIAN_POINT('',(23.592576514683,1.69566662487,4.658805762752)
  );
#670 = CARTESIAN_POINT('',(23.646114649682,1.71638710345,4.715734809771)
  );
#671 = ORIENTED_EDGE('',*,*,#672,.F.);
#672 = EDGE_CURVE('',#352,#662,#673,.T.);
#673 = LINE('',#674,#675);
#674 = CARTESIAN_POINT('',(11.213248407643,1.614086046567,4.434664966));
#675 = VECTOR('',#676,1.);
#676 = DIRECTION('',(-1.,0.,0.));
#677 = FACE_BOUND('',#678,.T.);
#678 = EDGE_LOOP('',(#679,#689,#697,#712,#733,#761,#776,#795,#812,#827,
    #844,#852,#879,#896,#919,#938,#953,#965,#978,#991,#1002));
#679 = ORIENTED_EDGE('',*,*,#680,.F.);
#680 = EDGE_CURVE('',#681,#683,#685,.T.);
#681 = VERTEX_POINT('',#682);
#682 = CARTESIAN_POINT('',(21.205350318471,1.273895819932,3.5));
#683 = VERTEX_POINT('',#684);
#684 = CARTESIAN_POINT('',(21.205350318471,1.614086046567,4.434664966));
#685 = LINE('',#686,#687);
#686 = CARTESIAN_POINT('',(21.205350318471,0.807043023283,2.217332483));
#687 = VECTOR('',#688,1.);
#688 = DIRECTION('',(0.,0.342020143326,0.939692620786));
#689 = ORIENTED_EDGE('',*,*,#690,.F.);
#690 = EDGE_CURVE('',#691,#681,#693,.T.);
#691 = VERTEX_POINT('',#692);
#692 = CARTESIAN_POINT('',(17.44101910828,1.273895819932,3.5));
#693 = LINE('',#694,#695);
#694 = CARTESIAN_POINT('',(10.102675159236,1.273895819932,3.5));
#695 = VECTOR('',#696,1.);
#696 = DIRECTION('',(1.,0.,0.));
#697 = ORIENTED_EDGE('',*,*,#698,.F.);
#698 = EDGE_CURVE('',#699,#691,#701,.T.);
#699 = VERTEX_POINT('',#700);
#700 = CARTESIAN_POINT('',(17.807898089172,1.641273380253,4.509361551397
    ));
#701 = B_SPLINE_CURVE_WITH_KNOTS('',5,(#702,#703,#704,#705,#706,#707,
    #708,#709,#710,#711),.UNSPECIFIED.,.F.,.F.,(6,4,6),(0.,
    0.703546670237,1.),.UNSPECIFIED.);
#702 = CARTESIAN_POINT('',(17.807898089172,1.641273380253,4.509361551397
    ));
#703 = CARTESIAN_POINT('',(17.723556588708,1.593412242149,4.377864155187
    ));
#704 = CARTESIAN_POINT('',(17.649761053027,1.543964097082,4.242006493181
    ));
#705 = CARTESIAN_POINT('',(17.587414919505,1.493051104962,4.102124196974
    ));
#706 = CARTESIAN_POINT('',(17.537160726731,1.440854975068,3.958716508708
    ));
#707 = CARTESIAN_POINT('',(17.483179812681,1.365216736244,3.750902155492
    ));
#708 = CARTESIAN_POINT('',(17.469356016686,1.342611640404,3.688795165108
    ));
#709 = CARTESIAN_POINT('',(17.457724476511,1.319843439628,3.626240047594
    ));
#710 = CARTESIAN_POINT('',(17.448284027107,1.296931509878,3.563290037968
    ));
#711 = CARTESIAN_POINT('',(17.44101910828,1.273895819932,3.5));
#712 = ORIENTED_EDGE('',*,*,#713,.F.);
#713 = EDGE_CURVE('',#714,#699,#716,.T.);
#714 = VERTEX_POINT('',#715);
#715 = CARTESIAN_POINT('',(19.015541401274,2.101715275115,5.774415260501
    ));
#716 = B_SPLINE_CURVE_WITH_KNOTS('',8,(#717,#718,#719,#720,#721,#722,
    #723,#724,#725,#726,#727,#728,#729,#730,#731,#732),.UNSPECIFIED.,.F.
  ,.F.,(9,7,9),(0.,0.762523879669,1.),.UNSPECIFIED.);
#717 = CARTESIAN_POINT('',(19.015541401274,2.101715275115,5.774415260501
    ));
#718 = CARTESIAN_POINT('',(18.881024621179,2.058930947387,5.656866286161
    ));
#719 = CARTESIAN_POINT('',(18.748946556124,2.015951777436,5.538781987215
    ));
#720 = CARTESIAN_POINT('',(18.619499681652,1.972710182542,5.419976681661
    ));
#721 = CARTESIAN_POINT('',(18.493116799337,1.929170544951,5.30035251053)
  );
#722 = CARTESIAN_POINT('',(18.370452538328,1.885328706367,5.179898048993
    ));
#723 = CARTESIAN_POINT('',(18.252536779955,1.841205881227,5.058671583237
    ));
#724 = CARTESIAN_POINT('',(18.140707590415,1.796850536909,4.936806276292
    ));
#725 = CARTESIAN_POINT('',(18.005067011829,1.738429687699,4.776296312262
    ));
#726 = CARTESIAN_POINT('',(17.973683334641,1.724543158953,4.738143388099
    ));
#727 = CARTESIAN_POINT('',(17.94319918449,1.710645958696,4.699961144198)
  );
#728 = CARTESIAN_POINT('',(17.913700886914,1.696743126706,4.66176342724)
  );
#729 = CARTESIAN_POINT('',(17.885291022258,1.682842463935,4.623571670161
    ));
#730 = CARTESIAN_POINT('',(17.85809016081,1.668954554517,4.585414952632)
  );
#731 = CARTESIAN_POINT('',(17.832238597928,1.65509278778,4.547330061527)
  );
#732 = CARTESIAN_POINT('',(17.807898089172,1.641273380253,4.509361551397
    ));
#733 = ORIENTED_EDGE('',*,*,#734,.F.);
#734 = EDGE_CURVE('',#735,#714,#737,.T.);
#735 = VERTEX_POINT('',#736);
#736 = CARTESIAN_POINT('',(19.905987261146,2.416025251414,6.637974823093
    ));
#737 = B_SPLINE_CURVE_WITH_KNOTS('',8,(#738,#739,#740,#741,#742,#743,
    #744,#745,#746,#747,#748,#749,#750,#751,#752,#753,#754,#755,#756,
    #757,#758,#759,#760),.UNSPECIFIED.,.F.,.F.,(9,7,7,9),(0.,
    0.219314331787,0.788724702799,1.),.UNSPECIFIED.);
#738 = CARTESIAN_POINT('',(19.905987261146,2.416025251414,6.637974823093
    ));
#739 = CARTESIAN_POINT('',(19.893181213229,2.409594568859,6.620306667982
    ));
#740 = CARTESIAN_POINT('',(19.878765505445,2.402816555088,6.601684228196
    ));
#741 = CARTESIAN_POINT('',(19.862919195524,2.395738259674,6.582236771378
    ));
#742 = CARTESIAN_POINT('',(19.845807413485,2.388401910017,6.562080316355
    ));
#743 = CARTESIAN_POINT('',(19.827577432069,2.380844110899,6.541315433936
    ));
#744 = CARTESIAN_POINT('',(19.808355997517,2.37309530265,6.520025758244)
  );
#745 = CARTESIAN_POINT('',(19.788247920709,2.365179477931,6.498277208574
    ));
#746 = CARTESIAN_POINT('',(19.713041687822,2.336173996618,6.418585303626
    ));
#747 = CARTESIAN_POINT('',(19.653444003026,2.314270697552,6.358406484029
    ));
#748 = CARTESIAN_POINT('',(19.58998094813,2.291699915641,6.296393770389)
  );
#749 = CARTESIAN_POINT('',(19.523553337409,2.268653286809,6.23307367808)
  );
#750 = CARTESIAN_POINT('',(19.454846366543,2.245271051673,6.168831515028
    ));
#751 = CARTESIAN_POINT('',(19.384300595309,2.22163693384,6.103897309952)
  );
#752 = CARTESIAN_POINT('',(19.312186808708,2.197790925544,6.038380940615
    ));
#753 = CARTESIAN_POINT('',(19.211292455333,2.164798921309,5.947736153957
    ));
#754 = CARTESIAN_POINT('',(19.183801470275,2.155845986333,5.923138167272
    ));
#755 = CARTESIAN_POINT('',(19.156136336361,2.146870689852,5.898478742858
    ));
#756 = CARTESIAN_POINT('',(19.12830788198,2.137874838037,5.873762843126)
  );
#757 = CARTESIAN_POINT('',(19.100325848133,2.128860037615,5.848994882528
    ));
#758 = CARTESIAN_POINT('',(19.072198985208,2.119827708007,5.824178760882
    ));
#759 = CARTESIAN_POINT('',(19.043935149758,2.110779093446,5.799317896699
    ));
#760 = CARTESIAN_POINT('',(19.015541401274,2.101715275115,5.774415260501
    ));
#761 = ORIENTED_EDGE('',*,*,#762,.F.);
#762 = EDGE_CURVE('',#763,#735,#765,.T.);
#763 = VERTEX_POINT('',#764);
#764 = CARTESIAN_POINT('',(20.127643312102,2.641366421004,7.257094598215
    ));
#765 = B_SPLINE_CURVE_WITH_KNOTS('',5,(#766,#767,#768,#769,#770,#771,
    #772,#773,#774,#775),.UNSPECIFIED.,.F.,.F.,(6,4,6),(0.,
    0.492976171844,1.),.UNSPECIFIED.);
#766 = CARTESIAN_POINT('',(20.127643312102,2.641366421004,7.257094598215
    ));
#767 = CARTESIAN_POINT('',(20.127643312102,2.618836855145,7.195195124747
    ));
#768 = CARTESIAN_POINT('',(20.121973366321,2.59625943908,7.133164183918)
  );
#769 = CARTESIAN_POINT('',(20.11065256594,2.573703474965,7.071192181839)
  );
#770 = CARTESIAN_POINT('',(20.093839338144,2.551231292911,7.009450369079
    ));
#771 = CARTESIAN_POINT('',(20.049102414198,2.505929696002,6.884985254508
    ));
#772 = CARTESIAN_POINT('',(20.020874393451,2.483107080615,6.822280634078
    ));
#773 = CARTESIAN_POINT('',(19.987372093875,2.460489544119,6.760139463272
    ));
#774 = CARTESIAN_POINT('',(19.948954203707,2.438119265538,6.698677628003
    ));
#775 = CARTESIAN_POINT('',(19.905987261146,2.416025251414,6.637974823093
    ));
#776 = ORIENTED_EDGE('',*,*,#777,.F.);
#777 = EDGE_CURVE('',#778,#763,#780,.T.);
#778 = VERTEX_POINT('',#779);
#779 = CARTESIAN_POINT('',(19.934522292994,2.830632090126,7.777097750405
    ));
#780 = B_SPLINE_CURVE_WITH_KNOTS('',5,(#781,#782,#783,#784,#785,#786,
    #787,#788,#789,#790,#791,#792,#793,#794),.UNSPECIFIED.,.F.,.F.,(6,4,
    4,6),(0.,7.606949480651E-02,0.529732405339,1.),.UNSPECIFIED.);
#781 = CARTESIAN_POINT('',(19.934522292994,2.830632090126,7.777097750405
    ));
#782 = CARTESIAN_POINT('',(19.940545219643,2.828569410262,7.771430584055
    ));
#783 = CARTESIAN_POINT('',(19.946452582239,2.826471458077,7.765666507801
    ));
#784 = CARTESIAN_POINT('',(19.95224362803,2.824338399996,7.759805978888)
  );
#785 = CARTESIAN_POINT('',(19.957917697366,2.822170431459,7.753849534287
    ));
#786 = CARTESIAN_POINT('',(19.996612210387,2.80683159574,7.711706429507)
  );
#787 = CARTESIAN_POINT('',(20.025571614833,2.792460940084,7.672223377589
    ));
#788 = CARTESIAN_POINT('',(20.050225011043,2.776905547678,7.629485288203
    ));
#789 = CARTESIAN_POINT('',(20.070588932535,2.760246579284,7.583715148709
    ));
#790 = CARTESIAN_POINT('',(20.103561451538,2.724276280462,7.484887564924
    ));
#791 = CARTESIAN_POINT('',(20.115860125107,2.704888648205,7.431620483081
    ));
#792 = CARTESIAN_POINT('',(20.123805507435,2.684531016649,7.375688350068
    ));
#793 = CARTESIAN_POINT('',(20.127643312102,2.663321360043,7.31741529747)
  );
#794 = CARTESIAN_POINT('',(20.127643312102,2.641366421004,7.257094598215
    ));
#795 = ORIENTED_EDGE('',*,*,#796,.F.);
#796 = EDGE_CURVE('',#797,#778,#799,.T.);
#797 = VERTEX_POINT('',#798);
#798 = CARTESIAN_POINT('',(19.40152866242,2.896770507651,7.958811559113)
  );
#799 = B_SPLINE_CURVE_WITH_KNOTS('',6,(#800,#801,#802,#803,#804,#805,
    #806,#807,#808,#809,#810,#811),.UNSPECIFIED.,.F.,.F.,(7,5,7),(0.,
    0.850622974706,1.),.UNSPECIFIED.);
#800 = CARTESIAN_POINT('',(19.40152866242,2.896770507651,7.958811559113)
  );
#801 = CARTESIAN_POINT('',(19.49384366142,2.896770507651,7.958811559113)
  );
#802 = CARTESIAN_POINT('',(19.581751622276,2.893847231319,7.950779923401
    ));
#803 = CARTESIAN_POINT('',(19.664364122083,2.887751248779,7.934031349022
    ));
#804 = CARTESIAN_POINT('',(19.740809035986,2.878293312073,7.908045881489
    ));
#805 = CARTESIAN_POINT('',(19.810340909534,2.865403276148,7.872630798848
    ));
#806 = CARTESIAN_POINT('',(19.883402331808,2.846366441294,7.820327524947
    ));
#807 = CARTESIAN_POINT('',(19.894088880042,2.843420761974,7.812234337531
    ));
#808 = CARTESIAN_POINT('',(19.90454596167,2.840373675737,7.803862536901)
  );
#809 = CARTESIAN_POINT('',(19.914771596792,2.837225925771,7.795214164947
    ));
#810 = CARTESIAN_POINT('',(19.924764142523,2.833978391808,7.786291638715
    ));
#811 = CARTESIAN_POINT('',(19.934522292994,2.830632090126,7.777097750405
    ));
#812 = ORIENTED_EDGE('',*,*,#813,.F.);
#813 = EDGE_CURVE('',#814,#797,#816,.T.);
#814 = VERTEX_POINT('',#815);
#815 = CARTESIAN_POINT('',(18.866496815287,2.827059395635,7.767281852965
    ));
#816 = B_SPLINE_CURVE_WITH_KNOTS('',5,(#817,#818,#819,#820,#821,#822,
    #823,#824,#825,#826),.UNSPECIFIED.,.F.,.F.,(6,4,6),(0.,0.23117845186
    ,1.),.UNSPECIFIED.);
#817 = CARTESIAN_POINT('',(18.866496815287,2.827059395635,7.767281852965
    ));
#818 = CARTESIAN_POINT('',(18.885035073676,2.833562429267,7.785148791027
    ));
#819 = CARTESIAN_POINT('',(18.90436803439,2.839702620131,7.802018826775)
  );
#820 = CARTESIAN_POINT('',(18.924488348979,2.84547087641,7.817866980652)
  );
#821 = CARTESIAN_POINT('',(18.945383129095,2.850860481581,7.832674799159
    ));
#822 = CARTESIAN_POINT('',(19.039037261767,2.87251739981,7.892176692968)
  );
#823 = CARTESIAN_POINT('',(19.119423470046,2.884936647299,7.926298295011
    ));
#824 = CARTESIAN_POINT('',(19.207454393877,2.892947724748,7.948308549407
    ));
#825 = CARTESIAN_POINT('',(19.301914480762,2.896770507651,7.958811559113
    ));
#826 = CARTESIAN_POINT('',(19.40152866242,2.896770507651,7.958811559113)
  );
#827 = ORIENTED_EDGE('',*,*,#828,.F.);
#828 = EDGE_CURVE('',#829,#814,#831,.T.);
#829 = VERTEX_POINT('',#830);
#830 = CARTESIAN_POINT('',(18.637197452229,2.595618503744,7.131403228556
    ));
#831 = B_SPLINE_CURVE_WITH_KNOTS('',6,(#832,#833,#834,#835,#836,#837,
    #838,#839,#840,#841,#842,#843),.UNSPECIFIED.,.F.,.F.,(7,5,7),(0.,
    0.523211716034,1.),.UNSPECIFIED.);
#832 = CARTESIAN_POINT('',(18.637197452229,2.595618503744,7.131403228556
    ));
#833 = CARTESIAN_POINT('',(18.641999386098,2.621020309179,7.201194115401
    ));
#834 = CARTESIAN_POINT('',(18.649406393804,2.645674902337,7.268932053387
    ));
#835 = CARTESIAN_POINT('',(18.659647909664,2.669476408421,7.334326153905
    ));
#836 = CARTESIAN_POINT('',(18.672970364643,2.692292346845,7.397012429528
    ));
#837 = CARTESIAN_POINT('',(18.689622289995,2.713968457554,7.456567054242
    ));
#838 = CARTESIAN_POINT('',(18.728204429087,2.752910932419,7.563560624591
    ));
#839 = CARTESIAN_POINT('',(18.749536094799,2.77039845209,7.61160719001)
  );
#840 = CARTESIAN_POINT('',(18.773952855387,2.786679334745,7.656338547474
    ));
#841 = CARTESIAN_POINT('',(18.801571874082,2.801623247067,7.697396609134
    ));
#842 = CARTESIAN_POINT('',(18.832440263906,2.815112701703,7.734458581148
    ));
#843 = CARTESIAN_POINT('',(18.866496815287,2.827059395635,7.767281852965
    ));
#844 = ORIENTED_EDGE('',*,*,#845,.F.);
#845 = EDGE_CURVE('',#846,#829,#848,.T.);
#846 = VERTEX_POINT('',#847);
#847 = CARTESIAN_POINT('',(17.567133757962,2.632478254222,7.232674560681
    ));
#848 = LINE('',#849,#850);
#849 = CARTESIAN_POINT('',(9.295519226119,2.917404889271,8.015504056678)
  );
#850 = VECTOR('',#851,1.);
#851 = DIRECTION('',(0.994966576024,-3.427293152997E-02,
    -9.416410547709E-02));
#852 = ORIENTED_EDGE('',*,*,#853,.F.);
#853 = EDGE_CURVE('',#854,#846,#856,.T.);
#854 = VERTEX_POINT('',#855);
#855 = CARTESIAN_POINT('',(18.167133757962,3.070612593239,8.436438763818
    ));
#856 = B_SPLINE_CURVE_WITH_KNOTS('',6,(#857,#858,#859,#860,#861,#862,
    #863,#864,#865,#866,#867,#868,#869,#870,#871,#872,#873,#874,#875,
    #876,#877,#878),.UNSPECIFIED.,.F.,.F.,(7,5,5,5,7),(0.,
    2.289920252369E-02,0.291825169786,0.573715176317,1.),.UNSPECIFIED.);
#857 = CARTESIAN_POINT('',(18.167133757962,3.070612593239,8.436438763818
    ));
#858 = CARTESIAN_POINT('',(18.162930495165,3.069505350396,8.433396639108
    ));
#859 = CARTESIAN_POINT('',(18.158743930043,3.068390839252,8.430334544905
    ));
#860 = CARTESIAN_POINT('',(18.154574151999,3.067269079859,8.427252536303
    ));
#861 = CARTESIAN_POINT('',(18.150421248233,3.06614009325,8.42415067109)
  );
#862 = CARTESIAN_POINT('',(18.146285303731,3.06500390144,8.421029009747)
  );
#863 = CARTESIAN_POINT('',(18.093794418618,3.050432856161,8.380995391865
    ));
#864 = CARTESIAN_POINT('',(18.047769241027,3.036013619756,8.341378865436
    ));
#865 = CARTESIAN_POINT('',(18.004234305954,3.020642178815,8.299146178547
    ));
#866 = CARTESIAN_POINT('',(17.963271700815,3.004373287482,8.25444776697)
  );
#867 = CARTESIAN_POINT('',(17.924912776226,2.987273383543,8.207466167023
    ));
#868 = CARTESIAN_POINT('',(17.85166067623,2.950699569963,8.106980440068)
  );
#869 = CARTESIAN_POINT('',(17.817020461254,2.931149190437,8.053266213777
    ));
#870 = CARTESIAN_POINT('',(17.785211883996,2.910848284698,7.997489933666
    ));
#871 = CARTESIAN_POINT('',(17.756162595343,2.889880778696,7.939882184383
    ));
#872 = CARTESIAN_POINT('',(17.729765320521,2.868326670267,7.880662758177
    ));
#873 = CARTESIAN_POINT('',(17.669807570676,2.812881698626,7.728328950573
    ));
#874 = CARTESIAN_POINT('',(17.639508072289,2.778331039899,7.633401795892
    ));
#875 = CARTESIAN_POINT('',(17.61456308836,2.742838840854,7.535887780449)
  );
#876 = CARTESIAN_POINT('',(17.594483454159,2.706605530031,7.436337577132
    ));
#877 = CARTESIAN_POINT('',(17.578810420215,2.669784304627,7.335172091777
    ));
#878 = CARTESIAN_POINT('',(17.567133757962,2.632478254222,7.232674560681
    ));
#879 = ORIENTED_EDGE('',*,*,#880,.F.);
#880 = EDGE_CURVE('',#881,#854,#883,.T.);
#881 = VERTEX_POINT('',#882);
#882 = CARTESIAN_POINT('',(19.428280254777,3.203499400519,8.801542266161
    ));
#883 = B_SPLINE_CURVE_WITH_KNOTS('',6,(#884,#885,#886,#887,#888,#889,
    #890,#891,#892,#893,#894,#895),.UNSPECIFIED.,.F.,.F.,(7,5,7),(0.,
    0.893883510654,1.),.UNSPECIFIED.);
#884 = CARTESIAN_POINT('',(19.428280254777,3.203499400519,8.801542266161
    ));
#885 = CARTESIAN_POINT('',(19.22006577173,3.203499400519,8.801542266161)
  );
#886 = CARTESIAN_POINT('',(19.015032121326,3.197462401361,8.784955747294
    ));
#887 = CARTESIAN_POINT('',(18.815568968727,3.184488229541,8.749309503184
    ));
#888 = CARTESIAN_POINT('',(18.624688364493,3.16375004556,8.692331810973)
  );
#889 = CARTESIAN_POINT('',(18.445656542533,3.134793614234,8.612774669758
    ));
#890 = CARTESIAN_POINT('',(18.261639367623,3.093900306185,8.500421229286
    ));
#891 = CARTESIAN_POINT('',(18.242315917668,3.089453526772,8.488203803259
    ));
#892 = CARTESIAN_POINT('',(18.223200178478,3.084900293984,8.475693898991
    ));
#893 = CARTESIAN_POINT('',(18.204295753596,3.080241612931,8.462894277993
    ));
#894 = CARTESIAN_POINT('',(18.185605945973,3.075478622076,8.449808068169
    ));
#895 = CARTESIAN_POINT('',(18.167133757962,3.070612593239,8.436438763818
    ));
#896 = ORIENTED_EDGE('',*,*,#897,.F.);
#897 = EDGE_CURVE('',#898,#881,#900,.T.);
#898 = VERTEX_POINT('',#899);
#899 = CARTESIAN_POINT('',(20.731464968153,3.049960676305,8.379698088372
    ));
#900 = B_SPLINE_CURVE_WITH_KNOTS('',5,(#901,#902,#903,#904,#905,#906,
    #907,#908,#909,#910,#911,#912,#913,#914,#915,#916,#917,#918),
  .UNSPECIFIED.,.F.,.F.,(6,4,4,4,6),(0.,9.571984277263E-02,0.36543429951
    ,0.645323301674,1.),.UNSPECIFIED.);
#901 = CARTESIAN_POINT('',(20.731464968153,3.049960676305,8.379698088372
    ));
#902 = CARTESIAN_POINT('',(20.712351586947,3.056153406601,8.396712475025
    ));
#903 = CARTESIAN_POINT('',(20.692853237333,3.062197678891,8.413318976659
    ));
#904 = CARTESIAN_POINT('',(20.67297587466,3.068090205261,8.429508559804)
  );
#905 = CARTESIAN_POINT('',(20.652726777781,3.073828174094,8.445273499606
    ));
#906 = CARTESIAN_POINT('',(20.574034469568,3.09513531931,8.503814399959)
  );
#907 = CARTESIAN_POINT('',(20.513068101594,3.109616574023,8.54360132029)
  );
#908 = CARTESIAN_POINT('',(20.449415522072,3.122798384593,8.57981804718)
  );
#909 = CARTESIAN_POINT('',(20.383333494205,3.134667022807,8.61242686267)
  );
#910 = CARTESIAN_POINT('',(20.244319181338,3.156208179062,8.67161070307)
  );
#911 = CARTESIAN_POINT('',(20.171217367895,3.165781708562,8.697913759198
    ));
#912 = CARTESIAN_POINT('',(20.096124477773,3.173977447998,8.720431368232
    ));
#913 = CARTESIAN_POINT('',(20.019354299515,3.180851818547,8.739318546088
    ));
#914 = CARTESIAN_POINT('',(19.842121969594,3.193597650533,8.774337431664
    ));
#915 = CARTESIAN_POINT('',(19.740811432517,3.198710168769,8.788383960073
    ));
#916 = CARTESIAN_POINT('',(19.637794358793,3.201954014196,8.797296352136
    ));
#917 = CARTESIAN_POINT('',(19.533515625487,3.203499400519,8.801542266161
    ));
#918 = CARTESIAN_POINT('',(19.428280254777,3.203499400519,8.801542266161
    ));
#919 = ORIENTED_EDGE('',*,*,#920,.F.);
#920 = EDGE_CURVE('',#921,#898,#923,.T.);
#921 = VERTEX_POINT('',#922);
#922 = CARTESIAN_POINT('',(21.205350318471,2.66803092135,7.330354710816)
  );
#923 = B_SPLINE_CURVE_WITH_KNOTS('',5,(#924,#925,#926,#927,#928,#929,
    #930,#931,#932,#933,#934,#935,#936,#937),.UNSPECIFIED.,.F.,.F.,(6,4,
    4,6),(0.,0.176380042043,0.537277933811,1.),.UNSPECIFIED.);
#924 = CARTESIAN_POINT('',(21.205350318471,2.66803092135,7.330354710816)
  );
#925 = CARTESIAN_POINT('',(21.205350318471,2.683488046407,7.372822812879
    ));
#926 = CARTESIAN_POINT('',(21.203993975459,2.698868264336,7.415079614345
    ));
#927 = CARTESIAN_POINT('',(21.201232042813,2.714155844054,7.457081894419
    ));
#928 = CARTESIAN_POINT('',(21.197022568338,2.729333622631,7.498782498338
    ));
#929 = CARTESIAN_POINT('',(21.179684944142,2.775176117766,7.624733718571
    ));
#930 = CARTESIAN_POINT('',(21.161833103727,2.805435758814,7.707871399073
    ));
#931 = CARTESIAN_POINT('',(21.137488247931,2.834993428934,7.789080430298
    ));
#932 = CARTESIAN_POINT('',(21.106545325847,2.86368413818,7.8679075061));
#933 = CARTESIAN_POINT('',(21.021329321193,2.926847417079,8.041447188613
    ));
#934 = CARTESIAN_POINT('',(20.962920479683,2.960679498883,8.134400069423
    ));
#935 = CARTESIAN_POINT('',(20.894397452048,2.992539170728,8.221933798408
    ));
#936 = CARTESIAN_POINT('',(20.816823054615,3.022304679579,8.303713861856
    ));
#937 = CARTESIAN_POINT('',(20.731464968153,3.049960676305,8.379698088372
    ));
#938 = ORIENTED_EDGE('',*,*,#939,.F.);
#939 = EDGE_CURVE('',#940,#921,#942,.T.);
#940 = VERTEX_POINT('',#941);
#941 = CARTESIAN_POINT('',(21.069554140127,2.420643612585,6.650663666125
    ));
#942 = B_SPLINE_CURVE_WITH_KNOTS('',5,(#943,#944,#945,#946,#947,#948,
    #949,#950,#951,#952),.UNSPECIFIED.,.F.,.F.,(6,4,6),(0.,
    0.299286217855,1.),.UNSPECIFIED.);
#943 = CARTESIAN_POINT('',(21.069554140127,2.420643612585,6.650663666125
    ));
#944 = CARTESIAN_POINT('',(21.085824659541,2.434717555502,6.689331506492
    ));
#945 = CARTESIAN_POINT('',(21.100895479186,2.448919482931,6.728350981415
    ));
#946 = CARTESIAN_POINT('',(21.114754812613,2.463244592701,6.767708897041
    ));
#947 = CARTESIAN_POINT('',(21.127394536586,2.477687657396,6.807390891156
    ));
#948 = CARTESIAN_POINT('',(21.165537470727,2.526321259892,6.941010615842
    ));
#949 = CARTESIAN_POINT('',(21.185555607307,2.561015936154,7.036333455448
    ));
#950 = CARTESIAN_POINT('',(21.198805487643,2.596252620653,7.133145450445
    ));
#951 = CARTESIAN_POINT('',(21.205350318471,2.63195183372,7.231228232237)
  );
#952 = CARTESIAN_POINT('',(21.205350318471,2.66803092135,7.330354710816)
  );
#953 = ORIENTED_EDGE('',*,*,#954,.F.);
#954 = EDGE_CURVE('',#955,#940,#957,.T.);
#955 = VERTEX_POINT('',#956);
#956 = CARTESIAN_POINT('',(20.63974522293,2.174476248281,5.974324391292)
  );
#957 = B_SPLINE_CURVE_WITH_KNOTS('',6,(#958,#959,#960,#961,#962,#963,
    #964),.UNSPECIFIED.,.F.,.F.,(7,7),(0.,1.),.PIECEWISE_BEZIER_KNOTS.);
#958 = CARTESIAN_POINT('',(20.63974522293,2.174476248281,5.974324391292)
  );
#959 = CARTESIAN_POINT('',(20.732485700614,2.215038263554,6.085767612343
    ));
#960 = CARTESIAN_POINT('',(20.817931627543,2.255877098514,6.197971389233
    ));
#961 = CARTESIAN_POINT('',(20.895287372088,2.296948463628,6.310814037468
    ));
#962 = CARTESIAN_POINT('',(20.963642946655,2.338177044822,6.424088633335
    ));
#963 = CARTESIAN_POINT('',(21.022027215208,2.379455711595,6.5375008382)
  );
#964 = CARTESIAN_POINT('',(21.069554140127,2.420643612585,6.650663666125
    ));
#965 = ORIENTED_EDGE('',*,*,#966,.F.);
#966 = EDGE_CURVE('',#967,#955,#969,.T.);
#967 = VERTEX_POINT('',#968);
#968 = CARTESIAN_POINT('',(19.936560509554,1.929005995097,5.299900413521
    ));
#969 = B_SPLINE_CURVE_WITH_KNOTS('',7,(#970,#971,#972,#973,#974,#975,
    #976,#977),.UNSPECIFIED.,.F.,.F.,(8,8),(0.,1.),
  .PIECEWISE_BEZIER_KNOTS.);
#970 = CARTESIAN_POINT('',(19.936560509554,1.929005995097,5.299900413521
    ));
#971 = CARTESIAN_POINT('',(20.05813301932,1.96731401233,5.405150825853)
  );
#972 = CARTESIAN_POINT('',(20.17499125971,2.004933820322,5.508510398836)
  );
#973 = CARTESIAN_POINT('',(20.286711228639,2.041868133136,5.609986589295
    ));
#974 = CARTESIAN_POINT('',(20.39195443118,2.077891513689,5.708960013938)
  );
#975 = CARTESIAN_POINT('',(20.488349201845,2.112529250534,5.80412641378)
  );
#976 = CARTESIAN_POINT('',(20.572562352972,2.145070550214,5.89353289985)
  );
#977 = CARTESIAN_POINT('',(20.63974522293,2.174476248281,5.974324391292)
  );
#978 = ORIENTED_EDGE('',*,*,#979,.F.);
#979 = EDGE_CURVE('',#980,#967,#982,.T.);
#980 = VERTEX_POINT('',#981);
#981 = CARTESIAN_POINT('',(19.292484076433,1.71638710345,4.715734809771)
  );
#982 = B_SPLINE_CURVE_WITH_KNOTS('',7,(#983,#984,#985,#986,#987,#988,
    #989,#990),.UNSPECIFIED.,.F.,.F.,(8,8),(0.,1.),
  .PIECEWISE_BEZIER_KNOTS.);
#983 = CARTESIAN_POINT('',(19.292484076433,1.71638710345,4.715734809771)
  );
#984 = CARTESIAN_POINT('',(19.341416896831,1.735321088775,4.767755506912
    ));
#985 = CARTESIAN_POINT('',(19.414555937844,1.76084925692,4.837893572452)
  );
#986 = CARTESIAN_POINT('',(19.503874199692,1.790683005569,4.919861123201
    ));
#987 = CARTESIAN_POINT('',(19.603465985441,1.823154307296,5.009075291478
    ));
#988 = CARTESIAN_POINT('',(19.709576098178,1.857223722107,5.102680239363
    ));
#989 = CARTESIAN_POINT('',(19.820494067769,1.892452861685,5.199471504861
    ));
#990 = CARTESIAN_POINT('',(19.936560509554,1.929005995097,5.299900413521
    ));
#991 = ORIENTED_EDGE('',*,*,#992,.F.);
#992 = EDGE_CURVE('',#993,#980,#995,.T.);
#993 = VERTEX_POINT('',#994);
#994 = CARTESIAN_POINT('',(19.072866242038,1.614086046567,4.434664966));
#995 = B_SPLINE_CURVE_WITH_KNOTS('',5,(#996,#997,#998,#999,#1000,#1001),
  .UNSPECIFIED.,.F.,.F.,(6,6),(0.,1.),.PIECEWISE_BEZIER_KNOTS.);
#996 = CARTESIAN_POINT('',(19.072866242038,1.614086046567,4.434664966));
#997 = CARTESIAN_POINT('',(19.106877094603,1.63424886746,4.490061861114)
  );
#998 = CARTESIAN_POINT('',(19.145983446232,1.654579423628,4.545919605111
    ));
#999 = CARTESIAN_POINT('',(19.190057266543,1.675058230493,4.602184664552
    ));
#1000 = CARTESIAN_POINT('',(19.238945941435,1.69566662487,4.658805762752
    ));
#1001 = CARTESIAN_POINT('',(19.292484076433,1.71638710345,4.715734809771
    ));
#1002 = ORIENTED_EDGE('',*,*,#1003,.F.);
#1003 = EDGE_CURVE('',#683,#993,#1004,.T.);
#1004 = LINE('',#1005,#1006);
#1005 = CARTESIAN_POINT('',(9.036433121019,1.614086046567,4.434664966));
#1006 = VECTOR('',#1007,1.);
#1007 = DIRECTION('',(-1.,0.,0.));
#1008 = PLANE('',#1009);
#1009 = AXIS2_PLACEMENT_3D('',#1010,#1011,#1012);
#1010 = CARTESIAN_POINT('',(-1.,0.,0.));
#1011 = DIRECTION('',(0.,-0.939692620786,0.342020143326));
#1012 = DIRECTION('',(0.,0.342020143326,0.939692620786));
#1013 = ADVANCED_FACE('',(#1014),#1025,.T.);
#1014 = FACE_BOUND('',#1015,.T.);
#1015 = EDGE_LOOP('',(#1016,#1017,#1018,#1019));
#1016 = ORIENTED_EDGE('',*,*,#323,.T.);
#1017 = ORIENTED_EDGE('',*,*,#236,.T.);
#1018 = ORIENTED_EDGE('',*,*,#134,.F.);
#1019 = ORIENTED_EDGE('',*,*,#1020,.F.);
#1020 = EDGE_CURVE('',#316,#127,#1021,.T.);
#1021 = LINE('',#1022,#1023);
#1022 = CARTESIAN_POINT('',(4.,19.05,-1.));
#1023 = VECTOR('',#1024,1.);
#1024 = DIRECTION('',(0.,0.,1.));
#1025 = PLANE('',#1026);
#1026 = AXIS2_PLACEMENT_3D('',#1027,#1028,#1029);
#1027 = CARTESIAN_POINT('',(4.,12.75,-1.));
#1028 = DIRECTION('',(-1.,0.,0.));
#1029 = DIRECTION('',(0.,1.,0.));
#1030 = ADVANCED_FACE('',(#1031),#1042,.T.);
#1031 = FACE_BOUND('',#1032,.T.);
#1032 = EDGE_LOOP('',(#1033,#1034,#1035,#1036));
#1033 = ORIENTED_EDGE('',*,*,#315,.T.);
#1034 = ORIENTED_EDGE('',*,*,#1020,.T.);
#1035 = ORIENTED_EDGE('',*,*,#126,.F.);
#1036 = ORIENTED_EDGE('',*,*,#1037,.F.);
#1037 = EDGE_CURVE('',#308,#119,#1038,.T.);
#1038 = LINE('',#1039,#1040);
#1039 = CARTESIAN_POINT('',(0.,18.05,-1.));
#1040 = VECTOR('',#1041,1.);
#1041 = DIRECTION('',(0.,0.,1.));
#1042 = PLANE('',#1043);
#1043 = AXIS2_PLACEMENT_3D('',#1044,#1045,#1046);
#1044 = CARTESIAN_POINT('',(4.,19.05,-1.));
#1045 = DIRECTION('',(0.242535625036,-0.970142500145,0.));
#1046 = DIRECTION('',(-0.970142500145,-0.242535625036,0.));
#1047 = ADVANCED_FACE('',(#1048),#1059,.F.);
#1048 = FACE_BOUND('',#1049,.F.);
#1049 = EDGE_LOOP('',(#1050,#1051,#1052,#1053));
#1050 = ORIENTED_EDGE('',*,*,#118,.F.);
#1051 = ORIENTED_EDGE('',*,*,#1037,.F.);
#1052 = ORIENTED_EDGE('',*,*,#307,.T.);
#1053 = ORIENTED_EDGE('',*,*,#1054,.T.);
#1054 = EDGE_CURVE('',#300,#111,#1055,.T.);
#1055 = LINE('',#1056,#1057);
#1056 = CARTESIAN_POINT('',(0.,53.,0.));
#1057 = VECTOR('',#1058,1.);
#1058 = DIRECTION('',(0.,0.,1.));
#1059 = PLANE('',#1060);
#1060 = AXIS2_PLACEMENT_3D('',#1061,#1062,#1063);
#1061 = CARTESIAN_POINT('',(0.,0.,0.));
#1062 = DIRECTION('',(1.,0.,0.));
#1063 = DIRECTION('',(0.,0.,1.));
#1064 = ADVANCED_FACE('',(#1065),#1076,.T.);
#1065 = FACE_BOUND('',#1066,.T.);
#1066 = EDGE_LOOP('',(#1067,#1068,#1069,#1070));
#1067 = ORIENTED_EDGE('',*,*,#299,.F.);
#1068 = ORIENTED_EDGE('',*,*,#1054,.T.);
#1069 = ORIENTED_EDGE('',*,*,#110,.T.);
#1070 = ORIENTED_EDGE('',*,*,#1071,.F.);
#1071 = EDGE_CURVE('',#292,#103,#1072,.T.);
#1072 = LINE('',#1073,#1074);
#1073 = CARTESIAN_POINT('',(43.,53.,0.));
#1074 = VECTOR('',#1075,1.);
#1075 = DIRECTION('',(0.,0.,1.));
#1076 = PLANE('',#1077);
#1077 = AXIS2_PLACEMENT_3D('',#1078,#1079,#1080);
#1078 = CARTESIAN_POINT('',(0.,53.,0.));
#1079 = DIRECTION('',(0.,1.,0.));
#1080 = DIRECTION('',(0.,0.,1.));
#1081 = ADVANCED_FACE('',(#1082),#1093,.T.);
#1082 = FACE_BOUND('',#1083,.T.);
#1083 = EDGE_LOOP('',(#1084,#1085,#1091,#1092));
#1084 = ORIENTED_EDGE('',*,*,#102,.F.);
#1085 = ORIENTED_EDGE('',*,*,#1086,.T.);
#1086 = EDGE_CURVE('',#95,#284,#1087,.T.);
#1087 = LINE('',#1088,#1089);
#1088 = CARTESIAN_POINT('',(43.,17.924390243902,0.));
#1089 = VECTOR('',#1090,1.);
#1090 = DIRECTION('',(0.,0.,-1.));
#1091 = ORIENTED_EDGE('',*,*,#291,.T.);
#1092 = ORIENTED_EDGE('',*,*,#1071,.T.);
#1093 = PLANE('',#1094);
#1094 = AXIS2_PLACEMENT_3D('',#1095,#1096,#1097);
#1095 = CARTESIAN_POINT('',(43.,0.,0.));
#1096 = DIRECTION('',(1.,0.,0.));
#1097 = DIRECTION('',(0.,0.,1.));
#1098 = ADVANCED_FACE('',(#1099),#1110,.T.);
#1099 = FACE_BOUND('',#1100,.T.);
#1100 = EDGE_LOOP('',(#1101,#1102,#1108,#1109));
#1101 = ORIENTED_EDGE('',*,*,#78,.T.);
#1102 = ORIENTED_EDGE('',*,*,#1103,.T.);
#1103 = EDGE_CURVE('',#71,#95,#1104,.T.);
#1104 = LINE('',#1105,#1106);
#1105 = CARTESIAN_POINT('',(43.,0.,10.));
#1106 = VECTOR('',#1107,1.);
#1107 = DIRECTION('',(0.,1.,0.));
#1108 = ORIENTED_EDGE('',*,*,#94,.T.);
#1109 = ORIENTED_EDGE('',*,*,#86,.T.);
#1110 = PLANE('',#1111);
#1111 = AXIS2_PLACEMENT_3D('',#1112,#1113,#1114);
#1112 = CARTESIAN_POINT('',(0.,0.,10.));
#1113 = DIRECTION('',(0.,0.,1.));
#1114 = DIRECTION('',(1.,0.,0.));
#1115 = ADVANCED_FACE('',(#1116),#1127,.T.);
#1116 = FACE_BOUND('',#1117,.T.);
#1117 = EDGE_LOOP('',(#1118,#1119,#1120,#1121));
#1118 = ORIENTED_EDGE('',*,*,#70,.F.);
#1119 = ORIENTED_EDGE('',*,*,#340,.T.);
#1120 = ORIENTED_EDGE('',*,*,#259,.T.);
#1121 = ORIENTED_EDGE('',*,*,#1122,.T.);
#1122 = EDGE_CURVE('',#260,#71,#1123,.T.);
#1123 = LINE('',#1124,#1125);
#1124 = CARTESIAN_POINT('',(43.,13.875609756098,0.));
#1125 = VECTOR('',#1126,1.);
#1126 = DIRECTION('',(0.,0.,1.));
#1127 = PLANE('',#1128);
#1128 = AXIS2_PLACEMENT_3D('',#1129,#1130,#1131);
#1129 = CARTESIAN_POINT('',(43.,0.,0.));
#1130 = DIRECTION('',(1.,0.,0.));
#1131 = DIRECTION('',(0.,0.,1.));
#1132 = ADVANCED_FACE('',(#1133),#1159,.T.);
#1133 = FACE_BOUND('',#1134,.T.);
#1134 = EDGE_LOOP('',(#1135,#1143,#1144,#1152));
#1135 = ORIENTED_EDGE('',*,*,#1136,.F.);
#1136 = EDGE_CURVE('',#151,#1137,#1139,.T.);
#1137 = VERTEX_POINT('',#1138);
#1138 = CARTESIAN_POINT('',(16.6,38.36,20.5));
#1139 = LINE('',#1140,#1141);
#1140 = CARTESIAN_POINT('',(16.6,38.36,9.9));
#1141 = VECTOR('',#1142,1.);
#1142 = DIRECTION('',(0.,0.,1.));
#1143 = ORIENTED_EDGE('',*,*,#150,.T.);
#1144 = ORIENTED_EDGE('',*,*,#1145,.T.);
#1145 = EDGE_CURVE('',#153,#1146,#1148,.T.);
#1146 = VERTEX_POINT('',#1147);
#1147 = CARTESIAN_POINT('',(16.,37.76,20.5));
#1148 = LINE('',#1149,#1150);
#1149 = CARTESIAN_POINT('',(16.,37.76,9.9));
#1150 = VECTOR('',#1151,1.);
#1151 = DIRECTION('',(0.,0.,1.));
#1152 = ORIENTED_EDGE('',*,*,#1153,.F.);
#1153 = EDGE_CURVE('',#1137,#1146,#1154,.T.);
#1154 = CIRCLE('',#1155,0.6);
#1155 = AXIS2_PLACEMENT_3D('',#1156,#1157,#1158);
#1156 = CARTESIAN_POINT('',(16.6,37.76,20.5));
#1157 = DIRECTION('',(0.,-0.,1.));
#1158 = DIRECTION('',(0.,1.,0.));
#1159 = CYLINDRICAL_SURFACE('',#1160,0.6);
#1160 = AXIS2_PLACEMENT_3D('',#1161,#1162,#1163);
#1161 = CARTESIAN_POINT('',(16.6,37.76,9.9));
#1162 = DIRECTION('',(0.,0.,1.));
#1163 = DIRECTION('',(0.,1.,0.));
#1164 = ADVANCED_FACE('',(#1165),#1183,.F.);
#1165 = FACE_BOUND('',#1166,.F.);
#1166 = EDGE_LOOP('',(#1167,#1168,#1176,#1182));
#1167 = ORIENTED_EDGE('',*,*,#161,.T.);
#1168 = ORIENTED_EDGE('',*,*,#1169,.T.);
#1169 = EDGE_CURVE('',#162,#1170,#1172,.T.);
#1170 = VERTEX_POINT('',#1171);
#1171 = CARTESIAN_POINT('',(26.4,38.36,20.5));
#1172 = LINE('',#1173,#1174);
#1173 = CARTESIAN_POINT('',(26.4,38.36,9.9));
#1174 = VECTOR('',#1175,1.);
#1175 = DIRECTION('',(0.,0.,1.));
#1176 = ORIENTED_EDGE('',*,*,#1177,.T.);
#1177 = EDGE_CURVE('',#1170,#1137,#1178,.T.);
#1178 = LINE('',#1179,#1180);
#1179 = CARTESIAN_POINT('',(26.4,38.36,20.5));
#1180 = VECTOR('',#1181,1.);
#1181 = DIRECTION('',(-1.,0.,0.));
#1182 = ORIENTED_EDGE('',*,*,#1136,.F.);
#1183 = PLANE('',#1184);
#1184 = AXIS2_PLACEMENT_3D('',#1185,#1186,#1187);
#1185 = CARTESIAN_POINT('',(27.,38.36,9.9));
#1186 = DIRECTION('',(0.,-1.,0.));
#1187 = DIRECTION('',(-1.,0.,0.));
#1188 = ADVANCED_FACE('',(#1189),#1207,.F.);
#1189 = FACE_BOUND('',#1190,.F.);
#1190 = EDGE_LOOP('',(#1191,#1192,#1193,#1201));
#1191 = ORIENTED_EDGE('',*,*,#212,.T.);
#1192 = ORIENTED_EDGE('',*,*,#1145,.T.);
#1193 = ORIENTED_EDGE('',*,*,#1194,.T.);
#1194 = EDGE_CURVE('',#1146,#1195,#1197,.T.);
#1195 = VERTEX_POINT('',#1196);
#1196 = CARTESIAN_POINT('',(16.,27.96,20.5));
#1197 = LINE('',#1198,#1199);
#1198 = CARTESIAN_POINT('',(16.,37.76,20.5));
#1199 = VECTOR('',#1200,1.);
#1200 = DIRECTION('',(0.,-1.,0.));
#1201 = ORIENTED_EDGE('',*,*,#1202,.F.);
#1202 = EDGE_CURVE('',#204,#1195,#1203,.T.);
#1203 = LINE('',#1204,#1205);
#1204 = CARTESIAN_POINT('',(16.,27.96,9.9));
#1205 = VECTOR('',#1206,1.);
#1206 = DIRECTION('',(0.,0.,1.));
#1207 = PLANE('',#1208);
#1208 = AXIS2_PLACEMENT_3D('',#1209,#1210,#1211);
#1209 = CARTESIAN_POINT('',(16.,38.36,9.9));
#1210 = DIRECTION('',(1.,0.,0.));
#1211 = DIRECTION('',(0.,-1.,0.));
#1212 = ADVANCED_FACE('',(#1213),#1232,.T.);
#1213 = FACE_BOUND('',#1214,.F.);
#1214 = EDGE_LOOP('',(#1215,#1216,#1217,#1225));
#1215 = ORIENTED_EDGE('',*,*,#1169,.F.);
#1216 = ORIENTED_EDGE('',*,*,#169,.F.);
#1217 = ORIENTED_EDGE('',*,*,#1218,.T.);
#1218 = EDGE_CURVE('',#170,#1219,#1221,.T.);
#1219 = VERTEX_POINT('',#1220);
#1220 = CARTESIAN_POINT('',(27.,37.76,20.5));
#1221 = LINE('',#1222,#1223);
#1222 = CARTESIAN_POINT('',(27.,37.76,9.9));
#1223 = VECTOR('',#1224,1.);
#1224 = DIRECTION('',(0.,0.,1.));
#1225 = ORIENTED_EDGE('',*,*,#1226,.T.);
#1226 = EDGE_CURVE('',#1219,#1170,#1227,.T.);
#1227 = CIRCLE('',#1228,0.6);
#1228 = AXIS2_PLACEMENT_3D('',#1229,#1230,#1231);
#1229 = CARTESIAN_POINT('',(26.4,37.76,20.5));
#1230 = DIRECTION('',(0.,0.,1.));
#1231 = DIRECTION('',(1.,0.,0.));
#1232 = CYLINDRICAL_SURFACE('',#1233,0.6);
#1233 = AXIS2_PLACEMENT_3D('',#1234,#1235,#1236);
#1234 = CARTESIAN_POINT('',(26.4,37.76,9.9));
#1235 = DIRECTION('',(0.,0.,1.));
#1236 = DIRECTION('',(0.,1.,0.));
#1237 = ADVANCED_FACE('',(#1238),#1257,.T.);
#1238 = FACE_BOUND('',#1239,.T.);
#1239 = EDGE_LOOP('',(#1240,#1241,#1242,#1250));
#1240 = ORIENTED_EDGE('',*,*,#1202,.F.);
#1241 = ORIENTED_EDGE('',*,*,#203,.T.);
#1242 = ORIENTED_EDGE('',*,*,#1243,.T.);
#1243 = EDGE_CURVE('',#196,#1244,#1246,.T.);
#1244 = VERTEX_POINT('',#1245);
#1245 = CARTESIAN_POINT('',(16.6,27.36,20.5));
#1246 = LINE('',#1247,#1248);
#1247 = CARTESIAN_POINT('',(16.6,27.36,9.9));
#1248 = VECTOR('',#1249,1.);
#1249 = DIRECTION('',(0.,0.,1.));
#1250 = ORIENTED_EDGE('',*,*,#1251,.F.);
#1251 = EDGE_CURVE('',#1195,#1244,#1252,.T.);
#1252 = CIRCLE('',#1253,0.6);
#1253 = AXIS2_PLACEMENT_3D('',#1254,#1255,#1256);
#1254 = CARTESIAN_POINT('',(16.6,27.96,20.5));
#1255 = DIRECTION('',(0.,0.,1.));
#1256 = DIRECTION('',(-1.,0.,0.));
#1257 = CYLINDRICAL_SURFACE('',#1258,0.6);
#1258 = AXIS2_PLACEMENT_3D('',#1259,#1260,#1261);
#1259 = CARTESIAN_POINT('',(16.6,27.96,9.9));
#1260 = DIRECTION('',(0.,0.,1.));
#1261 = DIRECTION('',(-1.,0.,0.));
#1262 = ADVANCED_FACE('',(#1263),#1281,.F.);
#1263 = FACE_BOUND('',#1264,.F.);
#1264 = EDGE_LOOP('',(#1265,#1266,#1274,#1280));
#1265 = ORIENTED_EDGE('',*,*,#178,.T.);
#1266 = ORIENTED_EDGE('',*,*,#1267,.T.);
#1267 = EDGE_CURVE('',#179,#1268,#1270,.T.);
#1268 = VERTEX_POINT('',#1269);
#1269 = CARTESIAN_POINT('',(27.,27.96,20.5));
#1270 = LINE('',#1271,#1272);
#1271 = CARTESIAN_POINT('',(27.,27.96,9.9));
#1272 = VECTOR('',#1273,1.);
#1273 = DIRECTION('',(0.,0.,1.));
#1274 = ORIENTED_EDGE('',*,*,#1275,.T.);
#1275 = EDGE_CURVE('',#1268,#1219,#1276,.T.);
#1276 = LINE('',#1277,#1278);
#1277 = CARTESIAN_POINT('',(27.,27.96,20.5));
#1278 = VECTOR('',#1279,1.);
#1279 = DIRECTION('',(0.,1.,0.));
#1280 = ORIENTED_EDGE('',*,*,#1218,.F.);
#1281 = PLANE('',#1282);
#1282 = AXIS2_PLACEMENT_3D('',#1283,#1284,#1285);
#1283 = CARTESIAN_POINT('',(27.,27.36,9.9));
#1284 = DIRECTION('',(-1.,0.,0.));
#1285 = DIRECTION('',(0.,1.,0.));
#1286 = ADVANCED_FACE('',(#1287),#1305,.F.);
#1287 = FACE_BOUND('',#1288,.F.);
#1288 = EDGE_LOOP('',(#1289,#1290,#1291,#1299));
#1289 = ORIENTED_EDGE('',*,*,#195,.T.);
#1290 = ORIENTED_EDGE('',*,*,#1243,.T.);
#1291 = ORIENTED_EDGE('',*,*,#1292,.T.);
#1292 = EDGE_CURVE('',#1244,#1293,#1295,.T.);
#1293 = VERTEX_POINT('',#1294);
#1294 = CARTESIAN_POINT('',(26.4,27.36,20.5));
#1295 = LINE('',#1296,#1297);
#1296 = CARTESIAN_POINT('',(16.6,27.36,20.5));
#1297 = VECTOR('',#1298,1.);
#1298 = DIRECTION('',(1.,0.,0.));
#1299 = ORIENTED_EDGE('',*,*,#1300,.F.);
#1300 = EDGE_CURVE('',#187,#1293,#1301,.T.);
#1301 = LINE('',#1302,#1303);
#1302 = CARTESIAN_POINT('',(26.4,27.36,9.9));
#1303 = VECTOR('',#1304,1.);
#1304 = DIRECTION('',(0.,0.,1.));
#1305 = PLANE('',#1306);
#1306 = AXIS2_PLACEMENT_3D('',#1307,#1308,#1309);
#1307 = CARTESIAN_POINT('',(16.,27.36,9.9));
#1308 = DIRECTION('',(0.,1.,0.));
#1309 = DIRECTION('',(1.,0.,0.));
#1310 = ADVANCED_FACE('',(#1311),#1323,.T.);
#1311 = FACE_BOUND('',#1312,.T.);
#1312 = EDGE_LOOP('',(#1313,#1314,#1315,#1316));
#1313 = ORIENTED_EDGE('',*,*,#1300,.F.);
#1314 = ORIENTED_EDGE('',*,*,#186,.T.);
#1315 = ORIENTED_EDGE('',*,*,#1267,.T.);
#1316 = ORIENTED_EDGE('',*,*,#1317,.F.);
#1317 = EDGE_CURVE('',#1293,#1268,#1318,.T.);
#1318 = CIRCLE('',#1319,0.6);
#1319 = AXIS2_PLACEMENT_3D('',#1320,#1321,#1322);
#1320 = CARTESIAN_POINT('',(26.4,27.96,20.5));
#1321 = DIRECTION('',(-0.,0.,1.));
#1322 = DIRECTION('',(0.,-1.,0.));
#1323 = CYLINDRICAL_SURFACE('',#1324,0.6);
#1324 = AXIS2_PLACEMENT_3D('',#1325,#1326,#1327);
#1325 = CARTESIAN_POINT('',(26.4,27.96,9.9));
#1326 = DIRECTION('',(0.,0.,1.));
#1327 = DIRECTION('',(0.,-1.,0.));
#1328 = ADVANCED_FACE('',(#1329),#1340,.F.);
#1329 = FACE_BOUND('',#1330,.F.);
#1330 = EDGE_LOOP('',(#1331,#1332,#1338,#1339));
#1331 = ORIENTED_EDGE('',*,*,#267,.T.);
#1332 = ORIENTED_EDGE('',*,*,#1333,.T.);
#1333 = EDGE_CURVE('',#260,#284,#1334,.T.);
#1334 = LINE('',#1335,#1336);
#1335 = CARTESIAN_POINT('',(43.,0.,0.));
#1336 = VECTOR('',#1337,1.);
#1337 = DIRECTION('',(0.,1.,0.));
#1338 = ORIENTED_EDGE('',*,*,#283,.T.);
#1339 = ORIENTED_EDGE('',*,*,#275,.T.);
#1340 = PLANE('',#1341);
#1341 = AXIS2_PLACEMENT_3D('',#1342,#1343,#1344);
#1342 = CARTESIAN_POINT('',(0.,0.,0.));
#1343 = DIRECTION('',(0.,0.,1.));
#1344 = DIRECTION('',(1.,0.,0.));
#1345 = ADVANCED_FACE('',(#1346),#1371,.T.);
#1346 = FACE_BOUND('',#1347,.T.);
#1347 = EDGE_LOOP('',(#1348,#1349,#1357,#1365));
#1348 = ORIENTED_EDGE('',*,*,#349,.T.);
#1349 = ORIENTED_EDGE('',*,*,#1350,.T.);
#1350 = EDGE_CURVE('',#352,#1351,#1353,.T.);
#1351 = VERTEX_POINT('',#1352);
#1352 = CARTESIAN_POINT('',(25.55898089172,1.050270474095,4.639877051995
    ));
#1353 = LINE('',#1354,#1355);
#1354 = CARTESIAN_POINT('',(25.55898089172,1.802024570724,4.366260937334
    ));
#1355 = VECTOR('',#1356,1.);
#1356 = DIRECTION('',(0.,-0.939692620786,0.342020143326));
#1357 = ORIENTED_EDGE('',*,*,#1358,.T.);
#1358 = EDGE_CURVE('',#1351,#1359,#1361,.T.);
#1359 = VERTEX_POINT('',#1360);
#1360 = CARTESIAN_POINT('',(25.55898089172,0.71008024746,3.705212085995)
  );
#1361 = LINE('',#1362,#1363);
#1362 = CARTESIAN_POINT('',(25.55898089172,1.050270474095,4.639877051995
    ));
#1363 = VECTOR('',#1364,1.);
#1364 = DIRECTION('',(0.,-0.342020143326,-0.939692620786));
#1365 = ORIENTED_EDGE('',*,*,#1366,.F.);
#1366 = EDGE_CURVE('',#350,#1359,#1367,.T.);
#1367 = LINE('',#1368,#1369);
#1368 = CARTESIAN_POINT('',(25.55898089172,1.461834344089,3.431595971335
    ));
#1369 = VECTOR('',#1370,1.);
#1370 = DIRECTION('',(0.,-0.939692620786,0.342020143326));
#1371 = PLANE('',#1372);
#1372 = AXIS2_PLACEMENT_3D('',#1373,#1374,#1375);
#1373 = CARTESIAN_POINT('',(25.55898089172,1.802024570724,4.366260937334
    ));
#1374 = DIRECTION('',(1.,0.,0.));
#1375 = DIRECTION('',(0.,-0.342020143326,-0.939692620786));
#1376 = ADVANCED_FACE('',(#1377),#1395,.T.);
#1377 = FACE_BOUND('',#1378,.T.);
#1378 = EDGE_LOOP('',(#1379,#1380,#1388,#1394));
#1379 = ORIENTED_EDGE('',*,*,#672,.T.);
#1380 = ORIENTED_EDGE('',*,*,#1381,.T.);
#1381 = EDGE_CURVE('',#662,#1382,#1384,.T.);
#1382 = VERTEX_POINT('',#1383);
#1383 = CARTESIAN_POINT('',(23.426496815287,1.050270474095,
    4.639877051995));
#1384 = LINE('',#1385,#1386);
#1385 = CARTESIAN_POINT('',(23.426496815287,1.802024570724,
    4.366260937334));
#1386 = VECTOR('',#1387,1.);
#1387 = DIRECTION('',(0.,-0.939692620786,0.342020143326));
#1388 = ORIENTED_EDGE('',*,*,#1389,.T.);
#1389 = EDGE_CURVE('',#1382,#1351,#1390,.T.);
#1390 = LINE('',#1391,#1392);
#1391 = CARTESIAN_POINT('',(23.426496815287,1.050270474095,
    4.639877051995));
#1392 = VECTOR('',#1393,1.);
#1393 = DIRECTION('',(1.,0.,0.));
#1394 = ORIENTED_EDGE('',*,*,#1350,.F.);
#1395 = PLANE('',#1396);
#1396 = AXIS2_PLACEMENT_3D('',#1397,#1398,#1399);
#1397 = CARTESIAN_POINT('',(23.426496815287,1.802024570724,
    4.366260937334));
#1398 = DIRECTION('',(0.,0.342020143326,0.939692620786));
#1399 = DIRECTION('',(1.,0.,0.));
#1400 = ADVANCED_FACE('',(#1401),#1419,.T.);
#1401 = FACE_BOUND('',#1402,.T.);
#1402 = EDGE_LOOP('',(#1403,#1404,#1412,#1418));
#1403 = ORIENTED_EDGE('',*,*,#661,.T.);
#1404 = ORIENTED_EDGE('',*,*,#1405,.T.);
#1405 = EDGE_CURVE('',#649,#1406,#1408,.T.);
#1406 = VERTEX_POINT('',#1407);
#1407 = CARTESIAN_POINT('',(23.646114649682,1.152571530978,
    4.920946895766));
#1408 = LINE('',#1409,#1410);
#1409 = CARTESIAN_POINT('',(23.646114649682,1.904325627607,
    4.647330781106));
#1410 = VECTOR('',#1411,1.);
#1411 = DIRECTION('',(0.,-0.939692620786,0.342020143326));
#1412 = ORIENTED_EDGE('',*,*,#1413,.T.);
#1413 = EDGE_CURVE('',#1406,#1382,#1414,.T.);
#1414 = B_SPLINE_CURVE_WITH_KNOTS('',2,(#1415,#1416,#1417),
  .UNSPECIFIED.,.F.,.F.,(3,3),(0.,1.),.PIECEWISE_BEZIER_KNOTS.);
#1415 = CARTESIAN_POINT('',(23.646114649682,1.152571530978,
    4.920946895766));
#1416 = CARTESIAN_POINT('',(23.510573248408,1.100113919186,4.77682079189
    ));
#1417 = CARTESIAN_POINT('',(23.426496815287,1.050270474095,
    4.639877051995));
#1418 = ORIENTED_EDGE('',*,*,#1381,.F.);
#1419 = SURFACE_OF_LINEAR_EXTRUSION('',#1420,#1424);
#1420 = B_SPLINE_CURVE_WITH_KNOTS('',2,(#1421,#1422,#1423),
  .UNSPECIFIED.,.F.,.F.,(3,3),(0.,1.),.PIECEWISE_BEZIER_KNOTS.);
#1421 = CARTESIAN_POINT('',(23.646114649682,1.904325627607,
    4.647330781106));
#1422 = CARTESIAN_POINT('',(23.510573248408,1.851868015815,4.50320467723
    ));
#1423 = CARTESIAN_POINT('',(23.426496815287,1.802024570724,
    4.366260937334));
#1424 = VECTOR('',#1425,1.);
#1425 = DIRECTION('',(-0.,0.939692620786,-0.342020143326));
#1426 = ADVANCED_FACE('',(#1427),#1445,.T.);
#1427 = FACE_BOUND('',#1428,.T.);
#1428 = EDGE_LOOP('',(#1429,#1430,#1438,#1444));
#1429 = ORIENTED_EDGE('',*,*,#648,.T.);
#1430 = ORIENTED_EDGE('',*,*,#1431,.T.);
#1431 = EDGE_CURVE('',#636,#1432,#1434,.T.);
#1432 = VERTEX_POINT('',#1433);
#1433 = CARTESIAN_POINT('',(24.290191082803,1.365190422625,
    5.505112499516));
#1434 = LINE('',#1435,#1436);
#1435 = CARTESIAN_POINT('',(24.290191082803,2.116944519254,
    5.231496384855));
#1436 = VECTOR('',#1437,1.);
#1437 = DIRECTION('',(0.,-0.939692620786,0.342020143326));
#1438 = ORIENTED_EDGE('',*,*,#1439,.T.);
#1439 = EDGE_CURVE('',#1432,#1406,#1440,.T.);
#1440 = B_SPLINE_CURVE_WITH_KNOTS('',2,(#1441,#1442,#1443),
  .UNSPECIFIED.,.F.,.F.,(3,3),(0.,1.),.PIECEWISE_BEZIER_KNOTS.);
#1441 = CARTESIAN_POINT('',(24.290191082803,1.365190422625,
    5.505112499516));
#1442 = CARTESIAN_POINT('',(23.781910828025,1.20511628166,5.065312411775
    ));
#1443 = CARTESIAN_POINT('',(23.646114649682,1.152571530978,
    4.920946895766));
#1444 = ORIENTED_EDGE('',*,*,#1405,.F.);
#1445 = SURFACE_OF_LINEAR_EXTRUSION('',#1446,#1450);
#1446 = B_SPLINE_CURVE_WITH_KNOTS('',2,(#1447,#1448,#1449),
  .UNSPECIFIED.,.F.,.F.,(3,3),(0.,1.),.PIECEWISE_BEZIER_KNOTS.);
#1447 = CARTESIAN_POINT('',(24.290191082803,2.116944519254,
    5.231496384855));
#1448 = CARTESIAN_POINT('',(23.781910828025,1.956870378288,
    4.791696297114));
#1449 = CARTESIAN_POINT('',(23.646114649682,1.904325627607,
    4.647330781106));
#1450 = VECTOR('',#1451,1.);
#1451 = DIRECTION('',(-0.,0.939692620786,-0.342020143326));
#1452 = ADVANCED_FACE('',(#1453),#1471,.T.);
#1453 = FACE_BOUND('',#1454,.T.);
#1454 = EDGE_LOOP('',(#1455,#1456,#1464,#1470));
#1455 = ORIENTED_EDGE('',*,*,#635,.T.);
#1456 = ORIENTED_EDGE('',*,*,#1457,.T.);
#1457 = EDGE_CURVE('',#624,#1458,#1460,.T.);
#1458 = VERTEX_POINT('',#1459);
#1459 = CARTESIAN_POINT('',(24.993375796178,1.610660675809,
    6.179536477288));
#1460 = LINE('',#1461,#1462);
#1461 = CARTESIAN_POINT('',(24.993375796178,2.362414772438,
    5.905920362627));
#1462 = VECTOR('',#1463,1.);
#1463 = DIRECTION('',(0.,-0.939692620786,0.342020143326));
#1464 = ORIENTED_EDGE('',*,*,#1465,.T.);
#1465 = EDGE_CURVE('',#1458,#1432,#1466,.T.);
#1466 = B_SPLINE_CURVE_WITH_KNOTS('',2,(#1467,#1468,#1469),
  .UNSPECIFIED.,.F.,.F.,(3,3),(0.,1.),.PIECEWISE_BEZIER_KNOTS.);
#1467 = CARTESIAN_POINT('',(24.993375796178,1.610660675809,
    6.179536477288));
#1468 = CARTESIAN_POINT('',(24.79847133758,1.525351702481,5.94515199939)
  );
#1469 = CARTESIAN_POINT('',(24.290191082803,1.365190422625,
    5.505112499516));
#1470 = ORIENTED_EDGE('',*,*,#1431,.F.);
#1471 = SURFACE_OF_LINEAR_EXTRUSION('',#1472,#1476);
#1472 = B_SPLINE_CURVE_WITH_KNOTS('',2,(#1473,#1474,#1475),
  .UNSPECIFIED.,.F.,.F.,(3,3),(0.,1.),.PIECEWISE_BEZIER_KNOTS.);
#1473 = CARTESIAN_POINT('',(24.993375796178,2.362414772438,
    5.905920362627));
#1474 = CARTESIAN_POINT('',(24.79847133758,2.277105799109,5.671535884729
    ));
#1475 = CARTESIAN_POINT('',(24.290191082803,2.116944519254,
    5.231496384855));
#1476 = VECTOR('',#1477,1.);
#1477 = DIRECTION('',(-0.,0.939692620786,-0.342020143326));
#1478 = ADVANCED_FACE('',(#1479),#1497,.T.);
#1479 = FACE_BOUND('',#1480,.T.);
#1480 = EDGE_LOOP('',(#1481,#1482,#1490,#1496));
#1481 = ORIENTED_EDGE('',*,*,#623,.T.);
#1482 = ORIENTED_EDGE('',*,*,#1483,.T.);
#1483 = EDGE_CURVE('',#609,#1484,#1486,.T.);
#1484 = VERTEX_POINT('',#1485);
#1485 = CARTESIAN_POINT('',(25.423184713376,1.856828040114,
    6.855875752121));
#1486 = LINE('',#1487,#1488);
#1487 = CARTESIAN_POINT('',(25.423184713376,2.608582136743,6.58225963746
    ));
#1488 = VECTOR('',#1489,1.);
#1489 = DIRECTION('',(0.,-0.939692620786,0.342020143326));
#1490 = ORIENTED_EDGE('',*,*,#1491,.T.);
#1491 = EDGE_CURVE('',#1484,#1458,#1492,.T.);
#1492 = B_SPLINE_CURVE_WITH_KNOTS('',2,(#1493,#1494,#1495),
  .UNSPECIFIED.,.F.,.F.,(3,3),(0.,1.),.PIECEWISE_BEZIER_KNOTS.);
#1493 = CARTESIAN_POINT('',(25.423184713376,1.856828040114,
    6.855875752121));
#1494 = CARTESIAN_POINT('',(25.287643312102,1.739364816368,
    6.533148197262));
#1495 = CARTESIAN_POINT('',(24.993375796178,1.610660675809,
    6.179536477288));
#1496 = ORIENTED_EDGE('',*,*,#1457,.F.);
#1497 = SURFACE_OF_LINEAR_EXTRUSION('',#1498,#1502);
#1498 = B_SPLINE_CURVE_WITH_KNOTS('',2,(#1499,#1500,#1501),
  .UNSPECIFIED.,.F.,.F.,(3,3),(0.,1.),.PIECEWISE_BEZIER_KNOTS.);
#1499 = CARTESIAN_POINT('',(25.423184713376,2.608582136743,6.58225963746
    ));
#1500 = CARTESIAN_POINT('',(25.287643312102,2.491118912997,
    6.259532082602));
#1501 = CARTESIAN_POINT('',(24.993375796178,2.362414772438,
    5.905920362627));
#1502 = VECTOR('',#1503,1.);
#1503 = DIRECTION('',(-0.,0.939692620786,-0.342020143326));
#1504 = ADVANCED_FACE('',(#1505),#1523,.T.);
#1505 = FACE_BOUND('',#1506,.T.);
#1506 = EDGE_LOOP('',(#1507,#1508,#1516,#1522));
#1507 = ORIENTED_EDGE('',*,*,#608,.T.);
#1508 = ORIENTED_EDGE('',*,*,#1509,.T.);
#1509 = EDGE_CURVE('',#590,#1510,#1512,.T.);
#1510 = VERTEX_POINT('',#1511);
#1511 = CARTESIAN_POINT('',(25.55898089172,2.104215348879,7.535566796812
    ));
#1512 = LINE('',#1513,#1514);
#1513 = CARTESIAN_POINT('',(25.55898089172,2.855969445507,7.261950682151
    ));
#1514 = VECTOR('',#1515,1.);
#1515 = DIRECTION('',(0.,-0.939692620786,0.342020143326));
#1516 = ORIENTED_EDGE('',*,*,#1517,.T.);
#1517 = EDGE_CURVE('',#1510,#1484,#1518,.T.);
#1518 = B_SPLINE_CURVE_WITH_KNOTS('',2,(#1519,#1520,#1521),
  .UNSPECIFIED.,.F.,.F.,(3,3),(0.,1.),.PIECEWISE_BEZIER_KNOTS.);
#1519 = CARTESIAN_POINT('',(25.55898089172,2.104215348879,7.535566796812
    ));
#1520 = CARTESIAN_POINT('',(25.55898089172,1.97429126386,7.178603306979)
  );
#1521 = CARTESIAN_POINT('',(25.423184713376,1.856828040114,
    6.855875752121));
#1522 = ORIENTED_EDGE('',*,*,#1483,.F.);
#1523 = SURFACE_OF_LINEAR_EXTRUSION('',#1524,#1528);
#1524 = B_SPLINE_CURVE_WITH_KNOTS('',2,(#1525,#1526,#1527),
  .UNSPECIFIED.,.F.,.F.,(3,3),(0.,1.),.PIECEWISE_BEZIER_KNOTS.);
#1525 = CARTESIAN_POINT('',(25.55898089172,2.855969445507,7.261950682151
    ));
#1526 = CARTESIAN_POINT('',(25.55898089172,2.726045360489,6.904987192319
    ));
#1527 = CARTESIAN_POINT('',(25.423184713376,2.608582136743,6.58225963746
    ));
#1528 = VECTOR('',#1529,1.);
#1529 = DIRECTION('',(-0.,0.939692620786,-0.342020143326));
#1530 = ADVANCED_FACE('',(#1531),#1549,.T.);
#1531 = FACE_BOUND('',#1532,.T.);
#1532 = EDGE_LOOP('',(#1533,#1534,#1542,#1548));
#1533 = ORIENTED_EDGE('',*,*,#589,.T.);
#1534 = ORIENTED_EDGE('',*,*,#1535,.T.);
#1535 = EDGE_CURVE('',#567,#1536,#1538,.T.);
#1536 = VERTEX_POINT('',#1537);
#1537 = CARTESIAN_POINT('',(25.085095541401,2.486145103833,
    8.584910174367));
#1538 = LINE('',#1539,#1540);
#1539 = CARTESIAN_POINT('',(25.085095541401,3.237899200462,
    8.311294059706));
#1540 = VECTOR('',#1541,1.);
#1541 = DIRECTION('',(0.,-0.939692620786,0.342020143326));
#1542 = ORIENTED_EDGE('',*,*,#1543,.T.);
#1543 = EDGE_CURVE('',#1536,#1510,#1544,.T.);
#1544 = B_SPLINE_CURVE_WITH_KNOTS('',2,(#1545,#1546,#1547),
  .UNSPECIFIED.,.F.,.F.,(3,3),(0.,1.),.PIECEWISE_BEZIER_KNOTS.);
#1545 = CARTESIAN_POINT('',(25.085095541401,2.486145103833,
    8.584910174367));
#1546 = CARTESIAN_POINT('',(25.55898089172,2.332606379619,8.163065996577
    ));
#1547 = CARTESIAN_POINT('',(25.55898089172,2.104215348879,7.535566796812
    ));
#1548 = ORIENTED_EDGE('',*,*,#1509,.F.);
#1549 = SURFACE_OF_LINEAR_EXTRUSION('',#1550,#1554);
#1550 = B_SPLINE_CURVE_WITH_KNOTS('',2,(#1551,#1552,#1553),
  .UNSPECIFIED.,.F.,.F.,(3,3),(0.,1.),.PIECEWISE_BEZIER_KNOTS.);
#1551 = CARTESIAN_POINT('',(25.085095541401,3.237899200462,
    8.311294059706));
#1552 = CARTESIAN_POINT('',(25.55898089172,3.084360476248,7.889449881917
    ));
#1553 = CARTESIAN_POINT('',(25.55898089172,2.855969445507,7.261950682151
    ));
#1554 = VECTOR('',#1555,1.);
#1555 = DIRECTION('',(-0.,0.939692620786,-0.342020143326));
#1556 = ADVANCED_FACE('',(#1557),#1575,.T.);
#1557 = FACE_BOUND('',#1558,.T.);
#1558 = EDGE_LOOP('',(#1559,#1560,#1568,#1574));
#1559 = ORIENTED_EDGE('',*,*,#566,.T.);
#1560 = ORIENTED_EDGE('',*,*,#1561,.T.);
#1561 = EDGE_CURVE('',#550,#1562,#1564,.T.);
#1562 = VERTEX_POINT('',#1563);
#1563 = CARTESIAN_POINT('',(23.781910828025,2.639683828047,
    9.006754352157));
#1564 = LINE('',#1565,#1566);
#1565 = CARTESIAN_POINT('',(23.781910828025,3.391437924676,
    8.733138237496));
#1566 = VECTOR('',#1567,1.);
#1567 = DIRECTION('',(0.,-0.939692620786,0.342020143326));
#1568 = ORIENTED_EDGE('',*,*,#1569,.T.);
#1569 = EDGE_CURVE('',#1562,#1536,#1570,.T.);
#1570 = B_SPLINE_CURVE_WITH_KNOTS('',2,(#1571,#1572,#1573),
  .UNSPECIFIED.,.F.,.F.,(3,3),(0.,1.),.PIECEWISE_BEZIER_KNOTS.);
#1571 = CARTESIAN_POINT('',(23.781910828025,2.639683828047,
    9.006754352157));
#1572 = CARTESIAN_POINT('',(24.611210191083,2.639683828047,
    9.006754352157));
#1573 = CARTESIAN_POINT('',(25.085095541401,2.486145103833,
    8.584910174367));
#1574 = ORIENTED_EDGE('',*,*,#1535,.F.);
#1575 = SURFACE_OF_LINEAR_EXTRUSION('',#1576,#1580);
#1576 = B_SPLINE_CURVE_WITH_KNOTS('',2,(#1577,#1578,#1579),
  .UNSPECIFIED.,.F.,.F.,(3,3),(0.,1.),.PIECEWISE_BEZIER_KNOTS.);
#1577 = CARTESIAN_POINT('',(23.781910828025,3.391437924676,
    8.733138237496));
#1578 = CARTESIAN_POINT('',(24.611210191083,3.391437924676,
    8.733138237496));
#1579 = CARTESIAN_POINT('',(25.085095541401,3.237899200462,
    8.311294059706));
#1580 = VECTOR('',#1581,1.);
#1581 = DIRECTION('',(-0.,0.939692620786,-0.342020143326));
#1582 = ADVANCED_FACE('',(#1583),#1601,.T.);
#1583 = FACE_BOUND('',#1584,.T.);
#1584 = EDGE_LOOP('',(#1585,#1586,#1594,#1600));
#1585 = ORIENTED_EDGE('',*,*,#549,.T.);
#1586 = ORIENTED_EDGE('',*,*,#1587,.T.);
#1587 = EDGE_CURVE('',#523,#1588,#1590,.T.);
#1588 = VERTEX_POINT('',#1589);
#1589 = CARTESIAN_POINT('',(22.52076433121,2.506797020768,8.641650849813
    ));
#1590 = LINE('',#1591,#1592);
#1591 = CARTESIAN_POINT('',(22.52076433121,3.258551117396,8.368034735153
    ));
#1592 = VECTOR('',#1593,1.);
#1593 = DIRECTION('',(0.,-0.939692620786,0.342020143326));
#1594 = ORIENTED_EDGE('',*,*,#1595,.T.);
#1595 = EDGE_CURVE('',#1588,#1562,#1596,.T.);
#1596 = B_SPLINE_CURVE_WITH_KNOTS('',2,(#1597,#1598,#1599),
  .UNSPECIFIED.,.F.,.F.,(3,3),(0.,1.),.PIECEWISE_BEZIER_KNOTS.);
#1597 = CARTESIAN_POINT('',(22.52076433121,2.506797020768,8.641650849813
    ));
#1598 = CARTESIAN_POINT('',(23.025222929936,2.639683828047,
    9.006754352157));
#1599 = CARTESIAN_POINT('',(23.781910828025,2.639683828047,
    9.006754352157));
#1600 = ORIENTED_EDGE('',*,*,#1561,.F.);
#1601 = SURFACE_OF_LINEAR_EXTRUSION('',#1602,#1606);
#1602 = B_SPLINE_CURVE_WITH_KNOTS('',2,(#1603,#1604,#1605),
  .UNSPECIFIED.,.F.,.F.,(3,3),(0.,1.),.PIECEWISE_BEZIER_KNOTS.);
#1603 = CARTESIAN_POINT('',(22.52076433121,3.258551117396,8.368034735153
    ));
#1604 = CARTESIAN_POINT('',(23.025222929936,3.391437924676,
    8.733138237496));
#1605 = CARTESIAN_POINT('',(23.781910828025,3.391437924676,
    8.733138237496));
#1606 = VECTOR('',#1607,1.);
#1607 = DIRECTION('',(-0.,0.939692620786,-0.342020143326));
#1608 = ADVANCED_FACE('',(#1609),#1627,.T.);
#1609 = FACE_BOUND('',#1610,.T.);
#1610 = EDGE_LOOP('',(#1611,#1612,#1620,#1626));
#1611 = ORIENTED_EDGE('',*,*,#522,.T.);
#1612 = ORIENTED_EDGE('',*,*,#1613,.T.);
#1613 = EDGE_CURVE('',#515,#1614,#1616,.T.);
#1614 = VERTEX_POINT('',#1615);
#1615 = CARTESIAN_POINT('',(21.92076433121,2.068662681751,7.437886646676
    ));
#1616 = LINE('',#1617,#1618);
#1617 = CARTESIAN_POINT('',(21.92076433121,2.820416778379,7.164270532016
    ));
#1618 = VECTOR('',#1619,1.);
#1619 = DIRECTION('',(0.,-0.939692620786,0.342020143326));
#1620 = ORIENTED_EDGE('',*,*,#1621,.T.);
#1621 = EDGE_CURVE('',#1614,#1588,#1622,.T.);
#1622 = B_SPLINE_CURVE_WITH_KNOTS('',2,(#1623,#1624,#1625),
  .UNSPECIFIED.,.F.,.F.,(3,3),(0.,1.),.PIECEWISE_BEZIER_KNOTS.);
#1623 = CARTESIAN_POINT('',(21.92076433121,2.068662681751,7.437886646676
    ));
#1624 = CARTESIAN_POINT('',(22.016305732484,2.373910213488,8.27654734747
    ));
#1625 = CARTESIAN_POINT('',(22.52076433121,2.506797020768,8.641650849813
    ));
#1626 = ORIENTED_EDGE('',*,*,#1587,.F.);
#1627 = SURFACE_OF_LINEAR_EXTRUSION('',#1628,#1632);
#1628 = B_SPLINE_CURVE_WITH_KNOTS('',2,(#1629,#1630,#1631),
  .UNSPECIFIED.,.F.,.F.,(3,3),(0.,1.),.PIECEWISE_BEZIER_KNOTS.);
#1629 = CARTESIAN_POINT('',(21.92076433121,2.820416778379,7.164270532016
    ));
#1630 = CARTESIAN_POINT('',(22.016305732484,3.125664310117,
    8.002931232809));
#1631 = CARTESIAN_POINT('',(22.52076433121,3.258551117396,8.368034735153
    ));
#1632 = VECTOR('',#1633,1.);
#1633 = DIRECTION('',(-0.,0.939692620786,-0.342020143326));
#1634 = ADVANCED_FACE('',(#1635),#1653,.T.);
#1635 = FACE_BOUND('',#1636,.T.);
#1636 = EDGE_LOOP('',(#1637,#1638,#1646,#1652));
#1637 = ORIENTED_EDGE('',*,*,#514,.T.);
#1638 = ORIENTED_EDGE('',*,*,#1639,.T.);
#1639 = EDGE_CURVE('',#498,#1640,#1642,.T.);
#1640 = VERTEX_POINT('',#1641);
#1641 = CARTESIAN_POINT('',(22.990828025478,2.031802931273,
    7.336615314551));
#1642 = LINE('',#1643,#1644);
#1643 = CARTESIAN_POINT('',(22.990828025478,2.783557027901,7.06299919989
    ));
#1644 = VECTOR('',#1645,1.);
#1645 = DIRECTION('',(0.,-0.939692620786,0.342020143326));
#1646 = ORIENTED_EDGE('',*,*,#1647,.T.);
#1647 = EDGE_CURVE('',#1640,#1614,#1648,.T.);
#1648 = LINE('',#1649,#1650);
#1649 = CARTESIAN_POINT('',(22.990828025478,2.031802931273,
    7.336615314551));
#1650 = VECTOR('',#1651,1.);
#1651 = DIRECTION('',(-0.994966576024,3.427293152997E-02,
    9.416410547709E-02));
#1652 = ORIENTED_EDGE('',*,*,#1613,.F.);
#1653 = PLANE('',#1654);
#1654 = AXIS2_PLACEMENT_3D('',#1655,#1656,#1657);
#1655 = CARTESIAN_POINT('',(22.990828025478,2.783557027901,7.06299919989
    ));
#1656 = DIRECTION('',(-0.100207348014,-0.340298610936,-0.934962749418));
#1657 = DIRECTION('',(-0.994966576024,3.427293152997E-02,
    9.416410547709E-02));
#1658 = ADVANCED_FACE('',(#1659),#1677,.T.);
#1659 = FACE_BOUND('',#1660,.T.);
#1660 = EDGE_LOOP('',(#1661,#1662,#1670,#1676));
#1661 = ORIENTED_EDGE('',*,*,#497,.T.);
#1662 = ORIENTED_EDGE('',*,*,#1663,.T.);
#1663 = EDGE_CURVE('',#483,#1664,#1666,.T.);
#1664 = VERTEX_POINT('',#1665);
#1665 = CARTESIAN_POINT('',(23.220127388535,2.263243823164,
    7.972493938961));
#1666 = LINE('',#1667,#1668);
#1667 = CARTESIAN_POINT('',(23.220127388535,3.014997919793,7.6988778243)
  );
#1668 = VECTOR('',#1669,1.);
#1669 = DIRECTION('',(0.,-0.939692620786,0.342020143326));
#1670 = ORIENTED_EDGE('',*,*,#1671,.T.);
#1671 = EDGE_CURVE('',#1664,#1640,#1672,.T.);
#1672 = B_SPLINE_CURVE_WITH_KNOTS('',2,(#1673,#1674,#1675),
  .UNSPECIFIED.,.F.,.F.,(3,3),(0.,1.),.PIECEWISE_BEZIER_KNOTS.);
#1673 = CARTESIAN_POINT('',(23.220127388535,2.263243823164,
    7.972493938961));
#1674 = CARTESIAN_POINT('',(23.021401273885,2.193532711148,
    7.780964232813));
#1675 = CARTESIAN_POINT('',(22.990828025478,2.031802931273,
    7.336615314551));
#1676 = ORIENTED_EDGE('',*,*,#1639,.F.);
#1677 = SURFACE_OF_LINEAR_EXTRUSION('',#1678,#1682);
#1678 = B_SPLINE_CURVE_WITH_KNOTS('',2,(#1679,#1680,#1681),
  .UNSPECIFIED.,.F.,.F.,(3,3),(0.,1.),.PIECEWISE_BEZIER_KNOTS.);
#1679 = CARTESIAN_POINT('',(23.220127388535,3.014997919793,7.6988778243)
  );
#1680 = CARTESIAN_POINT('',(23.021401273885,2.945286807777,
    7.507348118153));
#1681 = CARTESIAN_POINT('',(22.990828025478,2.783557027901,7.06299919989
    ));
#1682 = VECTOR('',#1683,1.);
#1683 = DIRECTION('',(-0.,0.939692620786,-0.342020143326));
#1684 = ADVANCED_FACE('',(#1685),#1703,.T.);
#1685 = FACE_BOUND('',#1686,.T.);
#1686 = EDGE_LOOP('',(#1687,#1688,#1696,#1702));
#1687 = ORIENTED_EDGE('',*,*,#482,.T.);
#1688 = ORIENTED_EDGE('',*,*,#1689,.T.);
#1689 = EDGE_CURVE('',#466,#1690,#1692,.T.);
#1690 = VERTEX_POINT('',#1691);
#1691 = CARTESIAN_POINT('',(23.755159235669,2.332954935179,
    8.164023645108));
#1692 = LINE('',#1693,#1694);
#1693 = CARTESIAN_POINT('',(23.755159235669,3.084709031808,
    7.890407530447));
#1694 = VECTOR('',#1695,1.);
#1695 = DIRECTION('',(0.,-0.939692620786,0.342020143326));
#1696 = ORIENTED_EDGE('',*,*,#1697,.T.);
#1697 = EDGE_CURVE('',#1690,#1664,#1698,.T.);
#1698 = B_SPLINE_CURVE_WITH_KNOTS('',2,(#1699,#1700,#1701),
  .UNSPECIFIED.,.F.,.F.,(3,3),(0.,1.),.PIECEWISE_BEZIER_KNOTS.);
#1699 = CARTESIAN_POINT('',(23.755159235669,2.332954935179,
    8.164023645108));
#1700 = CARTESIAN_POINT('',(23.418853503185,2.332954935179,
    8.164023645108));
#1701 = CARTESIAN_POINT('',(23.220127388535,2.263243823164,
    7.972493938961));
#1702 = ORIENTED_EDGE('',*,*,#1663,.F.);
#1703 = SURFACE_OF_LINEAR_EXTRUSION('',#1704,#1708);
#1704 = B_SPLINE_CURVE_WITH_KNOTS('',2,(#1705,#1706,#1707),
  .UNSPECIFIED.,.F.,.F.,(3,3),(0.,1.),.PIECEWISE_BEZIER_KNOTS.);
#1705 = CARTESIAN_POINT('',(23.755159235669,3.084709031808,
    7.890407530447));
#1706 = CARTESIAN_POINT('',(23.418853503185,3.084709031808,
    7.890407530447));
#1707 = CARTESIAN_POINT('',(23.220127388535,3.014997919793,7.6988778243)
  );
#1708 = VECTOR('',#1709,1.);
#1709 = DIRECTION('',(-0.,0.939692620786,-0.342020143326));
#1710 = ADVANCED_FACE('',(#1711),#1729,.T.);
#1711 = FACE_BOUND('',#1712,.T.);
#1712 = EDGE_LOOP('',(#1713,#1714,#1722,#1728));
#1713 = ORIENTED_EDGE('',*,*,#465,.T.);
#1714 = ORIENTED_EDGE('',*,*,#1715,.T.);
#1715 = EDGE_CURVE('',#447,#1716,#1718,.T.);
#1716 = VERTEX_POINT('',#1717);
#1717 = CARTESIAN_POINT('',(24.288152866242,2.266816517655,
    7.982309836401));
#1718 = LINE('',#1719,#1720);
#1719 = CARTESIAN_POINT('',(24.288152866242,3.018570614283,7.70869372174
    ));
#1720 = VECTOR('',#1721,1.);
#1721 = DIRECTION('',(0.,-0.939692620786,0.342020143326));
#1722 = ORIENTED_EDGE('',*,*,#1723,.T.);
#1723 = EDGE_CURVE('',#1716,#1690,#1724,.T.);
#1724 = B_SPLINE_CURVE_WITH_KNOTS('',2,(#1725,#1726,#1727),
  .UNSPECIFIED.,.F.,.F.,(3,3),(0.,1.),.PIECEWISE_BEZIER_KNOTS.);
#1725 = CARTESIAN_POINT('',(24.288152866242,2.266816517655,
    7.982309836401));
#1726 = CARTESIAN_POINT('',(24.095286624204,2.332954935179,
    8.164023645108));
#1727 = CARTESIAN_POINT('',(23.755159235669,2.332954935179,
    8.164023645108));
#1728 = ORIENTED_EDGE('',*,*,#1689,.F.);
#1729 = SURFACE_OF_LINEAR_EXTRUSION('',#1730,#1734);
#1730 = B_SPLINE_CURVE_WITH_KNOTS('',2,(#1731,#1732,#1733),
  .UNSPECIFIED.,.F.,.F.,(3,3),(0.,1.),.PIECEWISE_BEZIER_KNOTS.);
#1731 = CARTESIAN_POINT('',(24.288152866242,3.018570614283,7.70869372174
    ));
#1732 = CARTESIAN_POINT('',(24.095286624204,3.084709031808,
    7.890407530447));
#1733 = CARTESIAN_POINT('',(23.755159235669,3.084709031808,
    7.890407530447));
#1734 = VECTOR('',#1735,1.);
#1735 = DIRECTION('',(-0.,0.939692620786,-0.342020143326));
#1736 = ADVANCED_FACE('',(#1737),#1755,.T.);
#1737 = FACE_BOUND('',#1738,.T.);
#1738 = EDGE_LOOP('',(#1739,#1740,#1748,#1754));
#1739 = ORIENTED_EDGE('',*,*,#446,.T.);
#1740 = ORIENTED_EDGE('',*,*,#1741,.T.);
#1741 = EDGE_CURVE('',#432,#1742,#1744,.T.);
#1742 = VERTEX_POINT('',#1743);
#1743 = CARTESIAN_POINT('',(24.48127388535,2.077550848533,7.46230668421)
  );
#1744 = LINE('',#1745,#1746);
#1745 = CARTESIAN_POINT('',(24.48127388535,2.829304945161,7.18869056955)
  );
#1746 = VECTOR('',#1747,1.);
#1747 = DIRECTION('',(0.,-0.939692620786,0.342020143326));
#1748 = ORIENTED_EDGE('',*,*,#1749,.T.);
#1749 = EDGE_CURVE('',#1742,#1716,#1750,.T.);
#1750 = B_SPLINE_CURVE_WITH_KNOTS('',2,(#1751,#1752,#1753),
  .UNSPECIFIED.,.F.,.F.,(3,3),(0.,1.),.PIECEWISE_BEZIER_KNOTS.);
#1751 = CARTESIAN_POINT('',(24.48127388535,2.077550848533,7.46230668421)
  );
#1752 = CARTESIAN_POINT('',(24.48127388535,2.20067810013,7.800596027693)
  );
#1753 = CARTESIAN_POINT('',(24.288152866242,2.266816517655,
    7.982309836401));
#1754 = ORIENTED_EDGE('',*,*,#1715,.F.);
#1755 = SURFACE_OF_LINEAR_EXTRUSION('',#1756,#1760);
#1756 = B_SPLINE_CURVE_WITH_KNOTS('',2,(#1757,#1758,#1759),
  .UNSPECIFIED.,.F.,.F.,(3,3),(0.,1.),.PIECEWISE_BEZIER_KNOTS.);
#1757 = CARTESIAN_POINT('',(24.48127388535,2.829304945161,7.18869056955)
  );
#1758 = CARTESIAN_POINT('',(24.48127388535,2.952432196759,7.526979913033
    ));
#1759 = CARTESIAN_POINT('',(24.288152866242,3.018570614283,7.70869372174
    ));
#1760 = VECTOR('',#1761,1.);
#1761 = DIRECTION('',(-0.,0.939692620786,-0.342020143326));
#1762 = ADVANCED_FACE('',(#1763),#1781,.T.);
#1763 = FACE_BOUND('',#1764,.T.);
#1764 = EDGE_LOOP('',(#1765,#1766,#1774,#1780));
#1765 = ORIENTED_EDGE('',*,*,#431,.T.);
#1766 = ORIENTED_EDGE('',*,*,#1767,.T.);
#1767 = EDGE_CURVE('',#404,#1768,#1770,.T.);
#1768 = VERTEX_POINT('',#1769);
#1769 = CARTESIAN_POINT('',(24.259617834395,1.852209678943,
    6.843186909089));
#1770 = LINE('',#1771,#1772);
#1771 = CARTESIAN_POINT('',(24.259617834395,2.603963775572,
    6.569570794428));
#1772 = VECTOR('',#1773,1.);
#1773 = DIRECTION('',(0.,-0.939692620786,0.342020143326));
#1774 = ORIENTED_EDGE('',*,*,#1775,.T.);
#1775 = EDGE_CURVE('',#1768,#1742,#1776,.T.);
#1776 = B_SPLINE_CURVE_WITH_KNOTS('',2,(#1777,#1778,#1779),
  .UNSPECIFIED.,.F.,.F.,(3,3),(0.,1.),.PIECEWISE_BEZIER_KNOTS.);
#1777 = CARTESIAN_POINT('',(24.259617834395,1.852209678943,
    6.843186909089));
#1778 = CARTESIAN_POINT('',(24.48127388535,1.966187347088,7.15633797864)
  );
#1779 = CARTESIAN_POINT('',(24.48127388535,2.077550848533,7.46230668421)
  );
#1780 = ORIENTED_EDGE('',*,*,#1741,.F.);
#1781 = SURFACE_OF_LINEAR_EXTRUSION('',#1782,#1786);
#1782 = B_SPLINE_CURVE_WITH_KNOTS('',2,(#1783,#1784,#1785),
  .UNSPECIFIED.,.F.,.F.,(3,3),(0.,1.),.PIECEWISE_BEZIER_KNOTS.);
#1783 = CARTESIAN_POINT('',(24.259617834395,2.603963775572,
    6.569570794428));
#1784 = CARTESIAN_POINT('',(24.48127388535,2.717941443717,6.882721863979
    ));
#1785 = CARTESIAN_POINT('',(24.48127388535,2.829304945161,7.18869056955)
  );
#1786 = VECTOR('',#1787,1.);
#1787 = DIRECTION('',(-0.,0.939692620786,-0.342020143326));
#1788 = ADVANCED_FACE('',(#1789),#1807,.T.);
#1789 = FACE_BOUND('',#1790,.T.);
#1790 = EDGE_LOOP('',(#1791,#1792,#1800,#1806));
#1791 = ORIENTED_EDGE('',*,*,#403,.T.);
#1792 = ORIENTED_EDGE('',*,*,#1793,.T.);
#1793 = EDGE_CURVE('',#383,#1794,#1796,.T.);
#1794 = VERTEX_POINT('',#1795);
#1795 = CARTESIAN_POINT('',(23.369171974522,1.537899702643,
    5.979627346496));
#1796 = LINE('',#1797,#1798);
#1797 = CARTESIAN_POINT('',(23.369171974522,2.289653799272,
    5.706011231836));
#1798 = VECTOR('',#1799,1.);
#1799 = DIRECTION('',(0.,-0.939692620786,0.342020143326));
#1800 = ORIENTED_EDGE('',*,*,#1801,.T.);
#1801 = EDGE_CURVE('',#1794,#1768,#1802,.T.);
#1802 = B_SPLINE_CURVE_WITH_KNOTS('',2,(#1803,#1804,#1805),
  .UNSPECIFIED.,.F.,.F.,(3,3),(0.,1.),.PIECEWISE_BEZIER_KNOTS.);
#1803 = CARTESIAN_POINT('',(23.369171974522,1.537899702643,
    5.979627346496));
#1804 = CARTESIAN_POINT('',(24.095286624204,1.769689150095,
    6.616463619437));
#1805 = CARTESIAN_POINT('',(24.259617834395,1.852209678943,
    6.843186909089));
#1806 = ORIENTED_EDGE('',*,*,#1767,.F.);
#1807 = SURFACE_OF_LINEAR_EXTRUSION('',#1808,#1812);
#1808 = B_SPLINE_CURVE_WITH_KNOTS('',2,(#1809,#1810,#1811),
  .UNSPECIFIED.,.F.,.F.,(3,3),(0.,1.),.PIECEWISE_BEZIER_KNOTS.);
#1809 = CARTESIAN_POINT('',(23.369171974522,2.289653799272,
    5.706011231836));
#1810 = CARTESIAN_POINT('',(24.095286624204,2.521443246723,
    6.342847504776));
#1811 = CARTESIAN_POINT('',(24.259617834395,2.603963775572,
    6.569570794428));
#1812 = VECTOR('',#1813,1.);
#1813 = DIRECTION('',(-0.,0.939692620786,-0.342020143326));
#1814 = ADVANCED_FACE('',(#1815),#1833,.T.);
#1815 = FACE_BOUND('',#1816,.T.);
#1816 = EDGE_LOOP('',(#1817,#1818,#1826,#1832));
#1817 = ORIENTED_EDGE('',*,*,#382,.T.);
#1818 = ORIENTED_EDGE('',*,*,#1819,.T.);
#1819 = EDGE_CURVE('',#368,#1820,#1822,.T.);
#1820 = VERTEX_POINT('',#1821);
#1821 = CARTESIAN_POINT('',(22.16152866242,1.077457807781,4.714573637392
    ));
#1822 = LINE('',#1823,#1824);
#1823 = CARTESIAN_POINT('',(22.16152866242,1.82921190441,4.440957522732)
  );
#1824 = VECTOR('',#1825,1.);
#1825 = DIRECTION('',(0.,-0.939692620786,0.342020143326));
#1826 = ORIENTED_EDGE('',*,*,#1827,.T.);
#1827 = EDGE_CURVE('',#1820,#1794,#1828,.T.);
#1828 = B_SPLINE_CURVE_WITH_KNOTS('',2,(#1829,#1830,#1831),
  .UNSPECIFIED.,.F.,.F.,(3,3),(0.,1.),.PIECEWISE_BEZIER_KNOTS.);
#1829 = CARTESIAN_POINT('',(22.16152866242,1.077457807781,4.714573637392
    ));
#1830 = CARTESIAN_POINT('',(22.467261146497,1.2510384767,5.1914826057));
#1831 = CARTESIAN_POINT('',(23.369171974522,1.537899702643,
    5.979627346496));
#1832 = ORIENTED_EDGE('',*,*,#1793,.F.);
#1833 = SURFACE_OF_LINEAR_EXTRUSION('',#1834,#1838);
#1834 = B_SPLINE_CURVE_WITH_KNOTS('',2,(#1835,#1836,#1837),
  .UNSPECIFIED.,.F.,.F.,(3,3),(0.,1.),.PIECEWISE_BEZIER_KNOTS.);
#1835 = CARTESIAN_POINT('',(22.16152866242,1.82921190441,4.440957522732)
  );
#1836 = CARTESIAN_POINT('',(22.467261146497,2.002792573329,
    4.917866491039));
#1837 = CARTESIAN_POINT('',(23.369171974522,2.289653799272,
    5.706011231836));
#1838 = VECTOR('',#1839,1.);
#1839 = DIRECTION('',(-0.,0.939692620786,-0.342020143326));
#1840 = ADVANCED_FACE('',(#1841),#1859,.T.);
#1841 = FACE_BOUND('',#1842,.T.);
#1842 = EDGE_LOOP('',(#1843,#1844,#1852,#1858));
#1843 = ORIENTED_EDGE('',*,*,#367,.T.);
#1844 = ORIENTED_EDGE('',*,*,#1845,.T.);
#1845 = EDGE_CURVE('',#360,#1846,#1848,.T.);
#1846 = VERTEX_POINT('',#1847);
#1847 = CARTESIAN_POINT('',(21.794649681529,0.71008024746,3.705212085995
    ));
#1848 = LINE('',#1849,#1850);
#1849 = CARTESIAN_POINT('',(21.794649681529,1.461834344089,
    3.431595971335));
#1850 = VECTOR('',#1851,1.);
#1851 = DIRECTION('',(0.,-0.939692620786,0.342020143326));
#1852 = ORIENTED_EDGE('',*,*,#1853,.T.);
#1853 = EDGE_CURVE('',#1846,#1820,#1854,.T.);
#1854 = B_SPLINE_CURVE_WITH_KNOTS('',2,(#1855,#1856,#1857),
  .UNSPECIFIED.,.F.,.F.,(3,3),(0.,1.),.PIECEWISE_BEZIER_KNOTS.);
#1855 = CARTESIAN_POINT('',(21.794649681529,0.71008024746,3.705212085995
    ));
#1856 = CARTESIAN_POINT('',(21.855796178344,0.903964277753,
    4.237904081218));
#1857 = CARTESIAN_POINT('',(22.16152866242,1.077457807781,4.714573637392
    ));
#1858 = ORIENTED_EDGE('',*,*,#1819,.F.);
#1859 = SURFACE_OF_LINEAR_EXTRUSION('',#1860,#1864);
#1860 = B_SPLINE_CURVE_WITH_KNOTS('',2,(#1861,#1862,#1863),
  .UNSPECIFIED.,.F.,.F.,(3,3),(0.,1.),.PIECEWISE_BEZIER_KNOTS.);
#1861 = CARTESIAN_POINT('',(21.794649681529,1.461834344089,
    3.431595971335));
#1862 = CARTESIAN_POINT('',(21.855796178344,1.655718374382,
    3.964287966557));
#1863 = CARTESIAN_POINT('',(22.16152866242,1.82921190441,4.440957522732)
  );
#1864 = VECTOR('',#1865,1.);
#1865 = DIRECTION('',(-0.,0.939692620786,-0.342020143326));
#1866 = ADVANCED_FACE('',(#1867),#1878,.T.);
#1867 = FACE_BOUND('',#1868,.T.);
#1868 = EDGE_LOOP('',(#1869,#1870,#1871,#1877));
#1869 = ORIENTED_EDGE('',*,*,#359,.T.);
#1870 = ORIENTED_EDGE('',*,*,#1366,.T.);
#1871 = ORIENTED_EDGE('',*,*,#1872,.T.);
#1872 = EDGE_CURVE('',#1359,#1846,#1873,.T.);
#1873 = LINE('',#1874,#1875);
#1874 = CARTESIAN_POINT('',(25.55898089172,0.71008024746,3.705212085995)
  );
#1875 = VECTOR('',#1876,1.);
#1876 = DIRECTION('',(-1.,0.,0.));
#1877 = ORIENTED_EDGE('',*,*,#1845,.F.);
#1878 = PLANE('',#1879);
#1879 = AXIS2_PLACEMENT_3D('',#1880,#1881,#1882);
#1880 = CARTESIAN_POINT('',(25.55898089172,1.461834344089,3.431595971335
    ));
#1881 = DIRECTION('',(0.,-0.342020143326,-0.939692620786));
#1882 = DIRECTION('',(-1.,0.,0.));
#1883 = ADVANCED_FACE('',(#1884),#1909,.T.);
#1884 = FACE_BOUND('',#1885,.T.);
#1885 = EDGE_LOOP('',(#1886,#1887,#1895,#1903));
#1886 = ORIENTED_EDGE('',*,*,#680,.T.);
#1887 = ORIENTED_EDGE('',*,*,#1888,.T.);
#1888 = EDGE_CURVE('',#683,#1889,#1891,.T.);
#1889 = VERTEX_POINT('',#1890);
#1890 = CARTESIAN_POINT('',(21.205350318471,1.050270474095,
    4.639877051995));
#1891 = LINE('',#1892,#1893);
#1892 = CARTESIAN_POINT('',(21.205350318471,1.802024570724,
    4.366260937334));
#1893 = VECTOR('',#1894,1.);
#1894 = DIRECTION('',(0.,-0.939692620786,0.342020143326));
#1895 = ORIENTED_EDGE('',*,*,#1896,.T.);
#1896 = EDGE_CURVE('',#1889,#1897,#1899,.T.);
#1897 = VERTEX_POINT('',#1898);
#1898 = CARTESIAN_POINT('',(21.205350318471,0.71008024746,3.705212085995
    ));
#1899 = LINE('',#1900,#1901);
#1900 = CARTESIAN_POINT('',(21.205350318471,1.050270474095,
    4.639877051995));
#1901 = VECTOR('',#1902,1.);
#1902 = DIRECTION('',(0.,-0.342020143326,-0.939692620786));
#1903 = ORIENTED_EDGE('',*,*,#1904,.F.);
#1904 = EDGE_CURVE('',#681,#1897,#1905,.T.);
#1905 = LINE('',#1906,#1907);
#1906 = CARTESIAN_POINT('',(21.205350318471,1.461834344089,
    3.431595971335));
#1907 = VECTOR('',#1908,1.);
#1908 = DIRECTION('',(0.,-0.939692620786,0.342020143326));
#1909 = PLANE('',#1910);
#1910 = AXIS2_PLACEMENT_3D('',#1911,#1912,#1913);
#1911 = CARTESIAN_POINT('',(21.205350318471,1.802024570724,
    4.366260937334));
#1912 = DIRECTION('',(1.,0.,0.));
#1913 = DIRECTION('',(0.,-0.342020143326,-0.939692620786));
#1914 = ADVANCED_FACE('',(#1915),#1933,.T.);
#1915 = FACE_BOUND('',#1916,.T.);
#1916 = EDGE_LOOP('',(#1917,#1918,#1926,#1932));
#1917 = ORIENTED_EDGE('',*,*,#1003,.T.);
#1918 = ORIENTED_EDGE('',*,*,#1919,.T.);
#1919 = EDGE_CURVE('',#993,#1920,#1922,.T.);
#1920 = VERTEX_POINT('',#1921);
#1921 = CARTESIAN_POINT('',(19.072866242038,1.050270474095,
    4.639877051995));
#1922 = LINE('',#1923,#1924);
#1923 = CARTESIAN_POINT('',(19.072866242038,1.802024570724,
    4.366260937334));
#1924 = VECTOR('',#1925,1.);
#1925 = DIRECTION('',(0.,-0.939692620786,0.342020143326));
#1926 = ORIENTED_EDGE('',*,*,#1927,.T.);
#1927 = EDGE_CURVE('',#1920,#1889,#1928,.T.);
#1928 = LINE('',#1929,#1930);
#1929 = CARTESIAN_POINT('',(19.072866242038,1.050270474095,
    4.639877051995));
#1930 = VECTOR('',#1931,1.);
#1931 = DIRECTION('',(1.,0.,0.));
#1932 = ORIENTED_EDGE('',*,*,#1888,.F.);
#1933 = PLANE('',#1934);
#1934 = AXIS2_PLACEMENT_3D('',#1935,#1936,#1937);
#1935 = CARTESIAN_POINT('',(19.072866242038,1.802024570724,
    4.366260937334));
#1936 = DIRECTION('',(0.,0.342020143326,0.939692620786));
#1937 = DIRECTION('',(1.,0.,0.));
#1938 = ADVANCED_FACE('',(#1939),#1957,.T.);
#1939 = FACE_BOUND('',#1940,.T.);
#1940 = EDGE_LOOP('',(#1941,#1942,#1950,#1956));
#1941 = ORIENTED_EDGE('',*,*,#992,.T.);
#1942 = ORIENTED_EDGE('',*,*,#1943,.T.);
#1943 = EDGE_CURVE('',#980,#1944,#1946,.T.);
#1944 = VERTEX_POINT('',#1945);
#1945 = CARTESIAN_POINT('',(19.292484076433,1.152571530978,
    4.920946895766));
#1946 = LINE('',#1947,#1948);
#1947 = CARTESIAN_POINT('',(19.292484076433,1.904325627607,
    4.647330781106));
#1948 = VECTOR('',#1949,1.);
#1949 = DIRECTION('',(0.,-0.939692620786,0.342020143326));
#1950 = ORIENTED_EDGE('',*,*,#1951,.T.);
#1951 = EDGE_CURVE('',#1944,#1920,#1952,.T.);
#1952 = B_SPLINE_CURVE_WITH_KNOTS('',2,(#1953,#1954,#1955),
  .UNSPECIFIED.,.F.,.F.,(3,3),(0.,1.),.PIECEWISE_BEZIER_KNOTS.);
#1953 = CARTESIAN_POINT('',(19.292484076433,1.152571530978,
    4.920946895766));
#1954 = CARTESIAN_POINT('',(19.156942675159,1.100113919186,4.77682079189
    ));
#1955 = CARTESIAN_POINT('',(19.072866242038,1.050270474095,
    4.639877051995));
#1956 = ORIENTED_EDGE('',*,*,#1919,.F.);
#1957 = SURFACE_OF_LINEAR_EXTRUSION('',#1958,#1962);
#1958 = B_SPLINE_CURVE_WITH_KNOTS('',2,(#1959,#1960,#1961),
  .UNSPECIFIED.,.F.,.F.,(3,3),(0.,1.),.PIECEWISE_BEZIER_KNOTS.);
#1959 = CARTESIAN_POINT('',(19.292484076433,1.904325627607,
    4.647330781106));
#1960 = CARTESIAN_POINT('',(19.156942675159,1.851868015815,4.50320467723
    ));
#1961 = CARTESIAN_POINT('',(19.072866242038,1.802024570724,
    4.366260937334));
#1962 = VECTOR('',#1963,1.);
#1963 = DIRECTION('',(-0.,0.939692620786,-0.342020143326));
#1964 = ADVANCED_FACE('',(#1965),#1983,.T.);
#1965 = FACE_BOUND('',#1966,.T.);
#1966 = EDGE_LOOP('',(#1967,#1968,#1976,#1982));
#1967 = ORIENTED_EDGE('',*,*,#979,.T.);
#1968 = ORIENTED_EDGE('',*,*,#1969,.T.);
#1969 = EDGE_CURVE('',#967,#1970,#1972,.T.);
#1970 = VERTEX_POINT('',#1971);
#1971 = CARTESIAN_POINT('',(19.936560509554,1.365190422625,
    5.505112499516));
#1972 = LINE('',#1973,#1974);
#1973 = CARTESIAN_POINT('',(19.936560509554,2.116944519254,
    5.231496384855));
#1974 = VECTOR('',#1975,1.);
#1975 = DIRECTION('',(0.,-0.939692620786,0.342020143326));
#1976 = ORIENTED_EDGE('',*,*,#1977,.T.);
#1977 = EDGE_CURVE('',#1970,#1944,#1978,.T.);
#1978 = B_SPLINE_CURVE_WITH_KNOTS('',2,(#1979,#1980,#1981),
  .UNSPECIFIED.,.F.,.F.,(3,3),(0.,1.),.PIECEWISE_BEZIER_KNOTS.);
#1979 = CARTESIAN_POINT('',(19.936560509554,1.365190422625,
    5.505112499516));
#1980 = CARTESIAN_POINT('',(19.428280254777,1.20511628166,5.065312411775
    ));
#1981 = CARTESIAN_POINT('',(19.292484076433,1.152571530978,
    4.920946895766));
#1982 = ORIENTED_EDGE('',*,*,#1943,.F.);
#1983 = SURFACE_OF_LINEAR_EXTRUSION('',#1984,#1988);
#1984 = B_SPLINE_CURVE_WITH_KNOTS('',2,(#1985,#1986,#1987),
  .UNSPECIFIED.,.F.,.F.,(3,3),(0.,1.),.PIECEWISE_BEZIER_KNOTS.);
#1985 = CARTESIAN_POINT('',(19.936560509554,2.116944519254,
    5.231496384855));
#1986 = CARTESIAN_POINT('',(19.428280254777,1.956870378288,
    4.791696297114));
#1987 = CARTESIAN_POINT('',(19.292484076433,1.904325627607,
    4.647330781106));
#1988 = VECTOR('',#1989,1.);
#1989 = DIRECTION('',(-0.,0.939692620786,-0.342020143326));
#1990 = ADVANCED_FACE('',(#1991),#2009,.T.);
#1991 = FACE_BOUND('',#1992,.T.);
#1992 = EDGE_LOOP('',(#1993,#1994,#2002,#2008));
#1993 = ORIENTED_EDGE('',*,*,#966,.T.);
#1994 = ORIENTED_EDGE('',*,*,#1995,.T.);
#1995 = EDGE_CURVE('',#955,#1996,#1998,.T.);
#1996 = VERTEX_POINT('',#1997);
#1997 = CARTESIAN_POINT('',(20.63974522293,1.610660675809,6.179536477288
    ));
#1998 = LINE('',#1999,#2000);
#1999 = CARTESIAN_POINT('',(20.63974522293,2.362414772438,5.905920362627
    ));
#2000 = VECTOR('',#2001,1.);
#2001 = DIRECTION('',(0.,-0.939692620786,0.342020143326));
#2002 = ORIENTED_EDGE('',*,*,#2003,.T.);
#2003 = EDGE_CURVE('',#1996,#1970,#2004,.T.);
#2004 = B_SPLINE_CURVE_WITH_KNOTS('',2,(#2005,#2006,#2007),
  .UNSPECIFIED.,.F.,.F.,(3,3),(0.,1.),.PIECEWISE_BEZIER_KNOTS.);
#2005 = CARTESIAN_POINT('',(20.63974522293,1.610660675809,6.179536477288
    ));
#2006 = CARTESIAN_POINT('',(20.444840764331,1.525351702481,5.94515199939
    ));
#2007 = CARTESIAN_POINT('',(19.936560509554,1.365190422625,
    5.505112499516));
#2008 = ORIENTED_EDGE('',*,*,#1969,.F.);
#2009 = SURFACE_OF_LINEAR_EXTRUSION('',#2010,#2014);
#2010 = B_SPLINE_CURVE_WITH_KNOTS('',2,(#2011,#2012,#2013),
  .UNSPECIFIED.,.F.,.F.,(3,3),(0.,1.),.PIECEWISE_BEZIER_KNOTS.);
#2011 = CARTESIAN_POINT('',(20.63974522293,2.362414772438,5.905920362627
    ));
#2012 = CARTESIAN_POINT('',(20.444840764331,2.277105799109,
    5.671535884729));
#2013 = CARTESIAN_POINT('',(19.936560509554,2.116944519254,
    5.231496384855));
#2014 = VECTOR('',#2015,1.);
#2015 = DIRECTION('',(-0.,0.939692620786,-0.342020143326));
#2016 = ADVANCED_FACE('',(#2017),#2035,.T.);
#2017 = FACE_BOUND('',#2018,.T.);
#2018 = EDGE_LOOP('',(#2019,#2020,#2028,#2034));
#2019 = ORIENTED_EDGE('',*,*,#954,.T.);
#2020 = ORIENTED_EDGE('',*,*,#2021,.T.);
#2021 = EDGE_CURVE('',#940,#2022,#2024,.T.);
#2022 = VERTEX_POINT('',#2023);
#2023 = CARTESIAN_POINT('',(21.069554140127,1.856828040114,
    6.855875752121));
#2024 = LINE('',#2025,#2026);
#2025 = CARTESIAN_POINT('',(21.069554140127,2.608582136743,6.58225963746
    ));
#2026 = VECTOR('',#2027,1.);
#2027 = DIRECTION('',(0.,-0.939692620786,0.342020143326));
#2028 = ORIENTED_EDGE('',*,*,#2029,.T.);
#2029 = EDGE_CURVE('',#2022,#1996,#2030,.T.);
#2030 = B_SPLINE_CURVE_WITH_KNOTS('',2,(#2031,#2032,#2033),
  .UNSPECIFIED.,.F.,.F.,(3,3),(0.,1.),.PIECEWISE_BEZIER_KNOTS.);
#2031 = CARTESIAN_POINT('',(21.069554140127,1.856828040114,
    6.855875752121));
#2032 = CARTESIAN_POINT('',(20.934012738854,1.739364816368,
    6.533148197262));
#2033 = CARTESIAN_POINT('',(20.63974522293,1.610660675809,6.179536477288
    ));
#2034 = ORIENTED_EDGE('',*,*,#1995,.F.);
#2035 = SURFACE_OF_LINEAR_EXTRUSION('',#2036,#2040);
#2036 = B_SPLINE_CURVE_WITH_KNOTS('',2,(#2037,#2038,#2039),
  .UNSPECIFIED.,.F.,.F.,(3,3),(0.,1.),.PIECEWISE_BEZIER_KNOTS.);
#2037 = CARTESIAN_POINT('',(21.069554140127,2.608582136743,6.58225963746
    ));
#2038 = CARTESIAN_POINT('',(20.934012738854,2.491118912997,
    6.259532082602));
#2039 = CARTESIAN_POINT('',(20.63974522293,2.362414772438,5.905920362627
    ));
#2040 = VECTOR('',#2041,1.);
#2041 = DIRECTION('',(-0.,0.939692620786,-0.342020143326));
#2042 = ADVANCED_FACE('',(#2043),#2061,.T.);
#2043 = FACE_BOUND('',#2044,.T.);
#2044 = EDGE_LOOP('',(#2045,#2046,#2054,#2060));
#2045 = ORIENTED_EDGE('',*,*,#939,.T.);
#2046 = ORIENTED_EDGE('',*,*,#2047,.T.);
#2047 = EDGE_CURVE('',#921,#2048,#2050,.T.);
#2048 = VERTEX_POINT('',#2049);
#2049 = CARTESIAN_POINT('',(21.205350318471,2.104215348879,
    7.535566796812));
#2050 = LINE('',#2051,#2052);
#2051 = CARTESIAN_POINT('',(21.205350318471,2.855969445507,
    7.261950682151));
#2052 = VECTOR('',#2053,1.);
#2053 = DIRECTION('',(0.,-0.939692620786,0.342020143326));
#2054 = ORIENTED_EDGE('',*,*,#2055,.T.);
#2055 = EDGE_CURVE('',#2048,#2022,#2056,.T.);
#2056 = B_SPLINE_CURVE_WITH_KNOTS('',2,(#2057,#2058,#2059),
  .UNSPECIFIED.,.F.,.F.,(3,3),(0.,1.),.PIECEWISE_BEZIER_KNOTS.);
#2057 = CARTESIAN_POINT('',(21.205350318471,2.104215348879,
    7.535566796812));
#2058 = CARTESIAN_POINT('',(21.205350318471,1.97429126386,7.178603306979
    ));
#2059 = CARTESIAN_POINT('',(21.069554140127,1.856828040114,
    6.855875752121));
#2060 = ORIENTED_EDGE('',*,*,#2021,.F.);
#2061 = SURFACE_OF_LINEAR_EXTRUSION('',#2062,#2066);
#2062 = B_SPLINE_CURVE_WITH_KNOTS('',2,(#2063,#2064,#2065),
  .UNSPECIFIED.,.F.,.F.,(3,3),(0.,1.),.PIECEWISE_BEZIER_KNOTS.);
#2063 = CARTESIAN_POINT('',(21.205350318471,2.855969445507,
    7.261950682151));
#2064 = CARTESIAN_POINT('',(21.205350318471,2.726045360489,
    6.904987192319));
#2065 = CARTESIAN_POINT('',(21.069554140127,2.608582136743,6.58225963746
    ));
#2066 = VECTOR('',#2067,1.);
#2067 = DIRECTION('',(-0.,0.939692620786,-0.342020143326));
#2068 = ADVANCED_FACE('',(#2069),#2087,.T.);
#2069 = FACE_BOUND('',#2070,.T.);
#2070 = EDGE_LOOP('',(#2071,#2072,#2080,#2086));
#2071 = ORIENTED_EDGE('',*,*,#920,.T.);
#2072 = ORIENTED_EDGE('',*,*,#2073,.T.);
#2073 = EDGE_CURVE('',#898,#2074,#2076,.T.);
#2074 = VERTEX_POINT('',#2075);
#2075 = CARTESIAN_POINT('',(20.731464968153,2.486145103833,
    8.584910174367));
#2076 = LINE('',#2077,#2078);
#2077 = CARTESIAN_POINT('',(20.731464968153,3.237899200462,
    8.311294059706));
#2078 = VECTOR('',#2079,1.);
#2079 = DIRECTION('',(0.,-0.939692620786,0.342020143326));
#2080 = ORIENTED_EDGE('',*,*,#2081,.T.);
#2081 = EDGE_CURVE('',#2074,#2048,#2082,.T.);
#2082 = B_SPLINE_CURVE_WITH_KNOTS('',2,(#2083,#2084,#2085),
  .UNSPECIFIED.,.F.,.F.,(3,3),(0.,1.),.PIECEWISE_BEZIER_KNOTS.);
#2083 = CARTESIAN_POINT('',(20.731464968153,2.486145103833,
    8.584910174367));
#2084 = CARTESIAN_POINT('',(21.205350318471,2.332606379619,
    8.163065996577));
#2085 = CARTESIAN_POINT('',(21.205350318471,2.104215348879,
    7.535566796812));
#2086 = ORIENTED_EDGE('',*,*,#2047,.F.);
#2087 = SURFACE_OF_LINEAR_EXTRUSION('',#2088,#2092);
#2088 = B_SPLINE_CURVE_WITH_KNOTS('',2,(#2089,#2090,#2091),
  .UNSPECIFIED.,.F.,.F.,(3,3),(0.,1.),.PIECEWISE_BEZIER_KNOTS.);
#2089 = CARTESIAN_POINT('',(20.731464968153,3.237899200462,
    8.311294059706));
#2090 = CARTESIAN_POINT('',(21.205350318471,3.084360476248,
    7.889449881917));
#2091 = CARTESIAN_POINT('',(21.205350318471,2.855969445507,
    7.261950682151));
#2092 = VECTOR('',#2093,1.);
#2093 = DIRECTION('',(-0.,0.939692620786,-0.342020143326));
#2094 = ADVANCED_FACE('',(#2095),#2113,.T.);
#2095 = FACE_BOUND('',#2096,.T.);
#2096 = EDGE_LOOP('',(#2097,#2098,#2106,#2112));
#2097 = ORIENTED_EDGE('',*,*,#897,.T.);
#2098 = ORIENTED_EDGE('',*,*,#2099,.T.);
#2099 = EDGE_CURVE('',#881,#2100,#2102,.T.);
#2100 = VERTEX_POINT('',#2101);
#2101 = CARTESIAN_POINT('',(19.428280254777,2.639683828047,
    9.006754352157));
#2102 = LINE('',#2103,#2104);
#2103 = CARTESIAN_POINT('',(19.428280254777,3.391437924676,
    8.733138237496));
#2104 = VECTOR('',#2105,1.);
#2105 = DIRECTION('',(0.,-0.939692620786,0.342020143326));
#2106 = ORIENTED_EDGE('',*,*,#2107,.T.);
#2107 = EDGE_CURVE('',#2100,#2074,#2108,.T.);
#2108 = B_SPLINE_CURVE_WITH_KNOTS('',2,(#2109,#2110,#2111),
  .UNSPECIFIED.,.F.,.F.,(3,3),(0.,1.),.PIECEWISE_BEZIER_KNOTS.);
#2109 = CARTESIAN_POINT('',(19.428280254777,2.639683828047,
    9.006754352157));
#2110 = CARTESIAN_POINT('',(20.257579617834,2.639683828047,
    9.006754352157));
#2111 = CARTESIAN_POINT('',(20.731464968153,2.486145103833,
    8.584910174367));
#2112 = ORIENTED_EDGE('',*,*,#2073,.F.);
#2113 = SURFACE_OF_LINEAR_EXTRUSION('',#2114,#2118);
#2114 = B_SPLINE_CURVE_WITH_KNOTS('',2,(#2115,#2116,#2117),
  .UNSPECIFIED.,.F.,.F.,(3,3),(0.,1.),.PIECEWISE_BEZIER_KNOTS.);
#2115 = CARTESIAN_POINT('',(19.428280254777,3.391437924676,
    8.733138237496));
#2116 = CARTESIAN_POINT('',(20.257579617834,3.391437924676,
    8.733138237496));
#2117 = CARTESIAN_POINT('',(20.731464968153,3.237899200462,
    8.311294059706));
#2118 = VECTOR('',#2119,1.);
#2119 = DIRECTION('',(-0.,0.939692620786,-0.342020143326));
#2120 = ADVANCED_FACE('',(#2121),#2139,.T.);
#2121 = FACE_BOUND('',#2122,.T.);
#2122 = EDGE_LOOP('',(#2123,#2124,#2132,#2138));
#2123 = ORIENTED_EDGE('',*,*,#880,.T.);
#2124 = ORIENTED_EDGE('',*,*,#2125,.T.);
#2125 = EDGE_CURVE('',#854,#2126,#2128,.T.);
#2126 = VERTEX_POINT('',#2127);
#2127 = CARTESIAN_POINT('',(18.167133757962,2.506797020768,
    8.641650849813));
#2128 = LINE('',#2129,#2130);
#2129 = CARTESIAN_POINT('',(18.167133757962,3.258551117396,
    8.368034735153));
#2130 = VECTOR('',#2131,1.);
#2131 = DIRECTION('',(0.,-0.939692620786,0.342020143326));
#2132 = ORIENTED_EDGE('',*,*,#2133,.T.);
#2133 = EDGE_CURVE('',#2126,#2100,#2134,.T.);
#2134 = B_SPLINE_CURVE_WITH_KNOTS('',2,(#2135,#2136,#2137),
  .UNSPECIFIED.,.F.,.F.,(3,3),(0.,1.),.PIECEWISE_BEZIER_KNOTS.);
#2135 = CARTESIAN_POINT('',(18.167133757962,2.506797020768,
    8.641650849813));
#2136 = CARTESIAN_POINT('',(18.671592356688,2.639683828047,
    9.006754352157));
#2137 = CARTESIAN_POINT('',(19.428280254777,2.639683828047,
    9.006754352157));
#2138 = ORIENTED_EDGE('',*,*,#2099,.F.);
#2139 = SURFACE_OF_LINEAR_EXTRUSION('',#2140,#2144);
#2140 = B_SPLINE_CURVE_WITH_KNOTS('',2,(#2141,#2142,#2143),
  .UNSPECIFIED.,.F.,.F.,(3,3),(0.,1.),.PIECEWISE_BEZIER_KNOTS.);
#2141 = CARTESIAN_POINT('',(18.167133757962,3.258551117396,
    8.368034735153));
#2142 = CARTESIAN_POINT('',(18.671592356688,3.391437924676,
    8.733138237496));
#2143 = CARTESIAN_POINT('',(19.428280254777,3.391437924676,
    8.733138237496));
#2144 = VECTOR('',#2145,1.);
#2145 = DIRECTION('',(-0.,0.939692620786,-0.342020143326));
#2146 = ADVANCED_FACE('',(#2147),#2165,.T.);
#2147 = FACE_BOUND('',#2148,.T.);
#2148 = EDGE_LOOP('',(#2149,#2150,#2158,#2164));
#2149 = ORIENTED_EDGE('',*,*,#853,.T.);
#2150 = ORIENTED_EDGE('',*,*,#2151,.T.);
#2151 = EDGE_CURVE('',#846,#2152,#2154,.T.);
#2152 = VERTEX_POINT('',#2153);
#2153 = CARTESIAN_POINT('',(17.567133757962,2.068662681751,
    7.437886646676));
#2154 = LINE('',#2155,#2156);
#2155 = CARTESIAN_POINT('',(17.567133757962,2.820416778379,
    7.164270532016));
#2156 = VECTOR('',#2157,1.);
#2157 = DIRECTION('',(0.,-0.939692620786,0.342020143326));
#2158 = ORIENTED_EDGE('',*,*,#2159,.T.);
#2159 = EDGE_CURVE('',#2152,#2126,#2160,.T.);
#2160 = B_SPLINE_CURVE_WITH_KNOTS('',2,(#2161,#2162,#2163),
  .UNSPECIFIED.,.F.,.F.,(3,3),(0.,1.),.PIECEWISE_BEZIER_KNOTS.);
#2161 = CARTESIAN_POINT('',(17.567133757962,2.068662681751,
    7.437886646676));
#2162 = CARTESIAN_POINT('',(17.662675159236,2.373910213488,8.27654734747
    ));
#2163 = CARTESIAN_POINT('',(18.167133757962,2.506797020768,
    8.641650849813));
#2164 = ORIENTED_EDGE('',*,*,#2125,.F.);
#2165 = SURFACE_OF_LINEAR_EXTRUSION('',#2166,#2170);
#2166 = B_SPLINE_CURVE_WITH_KNOTS('',2,(#2167,#2168,#2169),
  .UNSPECIFIED.,.F.,.F.,(3,3),(0.,1.),.PIECEWISE_BEZIER_KNOTS.);
#2167 = CARTESIAN_POINT('',(17.567133757962,2.820416778379,
    7.164270532016));
#2168 = CARTESIAN_POINT('',(17.662675159236,3.125664310117,
    8.002931232809));
#2169 = CARTESIAN_POINT('',(18.167133757962,3.258551117396,
    8.368034735153));
#2170 = VECTOR('',#2171,1.);
#2171 = DIRECTION('',(-0.,0.939692620786,-0.342020143326));
#2172 = ADVANCED_FACE('',(#2173),#2191,.T.);
#2173 = FACE_BOUND('',#2174,.T.);
#2174 = EDGE_LOOP('',(#2175,#2176,#2184,#2190));
#2175 = ORIENTED_EDGE('',*,*,#845,.T.);
#2176 = ORIENTED_EDGE('',*,*,#2177,.T.);
#2177 = EDGE_CURVE('',#829,#2178,#2180,.T.);
#2178 = VERTEX_POINT('',#2179);
#2179 = CARTESIAN_POINT('',(18.637197452229,2.031802931273,
    7.336615314551));
#2180 = LINE('',#2181,#2182);
#2181 = CARTESIAN_POINT('',(18.637197452229,2.783557027901,7.06299919989
    ));
#2182 = VECTOR('',#2183,1.);
#2183 = DIRECTION('',(0.,-0.939692620786,0.342020143326));
#2184 = ORIENTED_EDGE('',*,*,#2185,.T.);
#2185 = EDGE_CURVE('',#2178,#2152,#2186,.T.);
#2186 = LINE('',#2187,#2188);
#2187 = CARTESIAN_POINT('',(18.637197452229,2.031802931273,
    7.336615314551));
#2188 = VECTOR('',#2189,1.);
#2189 = DIRECTION('',(-0.994966576024,3.427293152997E-02,
    9.416410547709E-02));
#2190 = ORIENTED_EDGE('',*,*,#2151,.F.);
#2191 = PLANE('',#2192);
#2192 = AXIS2_PLACEMENT_3D('',#2193,#2194,#2195);
#2193 = CARTESIAN_POINT('',(18.637197452229,2.783557027901,7.06299919989
    ));
#2194 = DIRECTION('',(-0.100207348014,-0.340298610936,-0.934962749418));
#2195 = DIRECTION('',(-0.994966576024,3.427293152997E-02,
    9.416410547709E-02));
#2196 = ADVANCED_FACE('',(#2197),#2215,.T.);
#2197 = FACE_BOUND('',#2198,.T.);
#2198 = EDGE_LOOP('',(#2199,#2200,#2208,#2214));
#2199 = ORIENTED_EDGE('',*,*,#828,.T.);
#2200 = ORIENTED_EDGE('',*,*,#2201,.T.);
#2201 = EDGE_CURVE('',#814,#2202,#2204,.T.);
#2202 = VERTEX_POINT('',#2203);
#2203 = CARTESIAN_POINT('',(18.866496815287,2.263243823164,
    7.972493938961));
#2204 = LINE('',#2205,#2206);
#2205 = CARTESIAN_POINT('',(18.866496815287,3.014997919793,7.6988778243)
  );
#2206 = VECTOR('',#2207,1.);
#2207 = DIRECTION('',(0.,-0.939692620786,0.342020143326));
#2208 = ORIENTED_EDGE('',*,*,#2209,.T.);
#2209 = EDGE_CURVE('',#2202,#2178,#2210,.T.);
#2210 = B_SPLINE_CURVE_WITH_KNOTS('',2,(#2211,#2212,#2213),
  .UNSPECIFIED.,.F.,.F.,(3,3),(0.,1.),.PIECEWISE_BEZIER_KNOTS.);
#2211 = CARTESIAN_POINT('',(18.866496815287,2.263243823164,
    7.972493938961));
#2212 = CARTESIAN_POINT('',(18.667770700637,2.193532711148,
    7.780964232813));
#2213 = CARTESIAN_POINT('',(18.637197452229,2.031802931273,
    7.336615314551));
#2214 = ORIENTED_EDGE('',*,*,#2177,.F.);
#2215 = SURFACE_OF_LINEAR_EXTRUSION('',#2216,#2220);
#2216 = B_SPLINE_CURVE_WITH_KNOTS('',2,(#2217,#2218,#2219),
  .UNSPECIFIED.,.F.,.F.,(3,3),(0.,1.),.PIECEWISE_BEZIER_KNOTS.);
#2217 = CARTESIAN_POINT('',(18.866496815287,3.014997919793,7.6988778243)
  );
#2218 = CARTESIAN_POINT('',(18.667770700637,2.945286807777,
    7.507348118153));
#2219 = CARTESIAN_POINT('',(18.637197452229,2.783557027901,7.06299919989
    ));
#2220 = VECTOR('',#2221,1.);
#2221 = DIRECTION('',(-0.,0.939692620786,-0.342020143326));
#2222 = ADVANCED_FACE('',(#2223),#2241,.T.);
#2223 = FACE_BOUND('',#2224,.T.);
#2224 = EDGE_LOOP('',(#2225,#2226,#2234,#2240));
#2225 = ORIENTED_EDGE('',*,*,#813,.T.);
#2226 = ORIENTED_EDGE('',*,*,#2227,.T.);
#2227 = EDGE_CURVE('',#797,#2228,#2230,.T.);
#2228 = VERTEX_POINT('',#2229);
#2229 = CARTESIAN_POINT('',(19.40152866242,2.332954935179,8.164023645108
    ));
#2230 = LINE('',#2231,#2232);
#2231 = CARTESIAN_POINT('',(19.40152866242,3.084709031808,7.890407530447
    ));
#2232 = VECTOR('',#2233,1.);
#2233 = DIRECTION('',(0.,-0.939692620786,0.342020143326));
#2234 = ORIENTED_EDGE('',*,*,#2235,.T.);
#2235 = EDGE_CURVE('',#2228,#2202,#2236,.T.);
#2236 = B_SPLINE_CURVE_WITH_KNOTS('',2,(#2237,#2238,#2239),
  .UNSPECIFIED.,.F.,.F.,(3,3),(0.,1.),.PIECEWISE_BEZIER_KNOTS.);
#2237 = CARTESIAN_POINT('',(19.40152866242,2.332954935179,8.164023645108
    ));
#2238 = CARTESIAN_POINT('',(19.065222929936,2.332954935179,
    8.164023645108));
#2239 = CARTESIAN_POINT('',(18.866496815287,2.263243823164,
    7.972493938961));
#2240 = ORIENTED_EDGE('',*,*,#2201,.F.);
#2241 = SURFACE_OF_LINEAR_EXTRUSION('',#2242,#2246);
#2242 = B_SPLINE_CURVE_WITH_KNOTS('',2,(#2243,#2244,#2245),
  .UNSPECIFIED.,.F.,.F.,(3,3),(0.,1.),.PIECEWISE_BEZIER_KNOTS.);
#2243 = CARTESIAN_POINT('',(19.40152866242,3.084709031808,7.890407530447
    ));
#2244 = CARTESIAN_POINT('',(19.065222929936,3.084709031808,
    7.890407530447));
#2245 = CARTESIAN_POINT('',(18.866496815287,3.014997919793,7.6988778243)
  );
#2246 = VECTOR('',#2247,1.);
#2247 = DIRECTION('',(-0.,0.939692620786,-0.342020143326));
#2248 = ADVANCED_FACE('',(#2249),#2267,.T.);
#2249 = FACE_BOUND('',#2250,.T.);
#2250 = EDGE_LOOP('',(#2251,#2252,#2260,#2266));
#2251 = ORIENTED_EDGE('',*,*,#796,.T.);
#2252 = ORIENTED_EDGE('',*,*,#2253,.T.);
#2253 = EDGE_CURVE('',#778,#2254,#2256,.T.);
#2254 = VERTEX_POINT('',#2255);
#2255 = CARTESIAN_POINT('',(19.934522292994,2.266816517655,
    7.982309836401));
#2256 = LINE('',#2257,#2258);
#2257 = CARTESIAN_POINT('',(19.934522292994,3.018570614283,7.70869372174
    ));
#2258 = VECTOR('',#2259,1.);
#2259 = DIRECTION('',(0.,-0.939692620786,0.342020143326));
#2260 = ORIENTED_EDGE('',*,*,#2261,.T.);
#2261 = EDGE_CURVE('',#2254,#2228,#2262,.T.);
#2262 = B_SPLINE_CURVE_WITH_KNOTS('',2,(#2263,#2264,#2265),
  .UNSPECIFIED.,.F.,.F.,(3,3),(0.,1.),.PIECEWISE_BEZIER_KNOTS.);
#2263 = CARTESIAN_POINT('',(19.934522292994,2.266816517655,
    7.982309836401));
#2264 = CARTESIAN_POINT('',(19.741656050955,2.332954935179,
    8.164023645108));
#2265 = CARTESIAN_POINT('',(19.40152866242,2.332954935179,8.164023645108
    ));
#2266 = ORIENTED_EDGE('',*,*,#2227,.F.);
#2267 = SURFACE_OF_LINEAR_EXTRUSION('',#2268,#2272);
#2268 = B_SPLINE_CURVE_WITH_KNOTS('',2,(#2269,#2270,#2271),
  .UNSPECIFIED.,.F.,.F.,(3,3),(0.,1.),.PIECEWISE_BEZIER_KNOTS.);
#2269 = CARTESIAN_POINT('',(19.934522292994,3.018570614283,7.70869372174
    ));
#2270 = CARTESIAN_POINT('',(19.741656050955,3.084709031808,
    7.890407530447));
#2271 = CARTESIAN_POINT('',(19.40152866242,3.084709031808,7.890407530447
    ));
#2272 = VECTOR('',#2273,1.);
#2273 = DIRECTION('',(-0.,0.939692620786,-0.342020143326));
#2274 = ADVANCED_FACE('',(#2275),#2293,.T.);
#2275 = FACE_BOUND('',#2276,.T.);
#2276 = EDGE_LOOP('',(#2277,#2278,#2286,#2292));
#2277 = ORIENTED_EDGE('',*,*,#777,.T.);
#2278 = ORIENTED_EDGE('',*,*,#2279,.T.);
#2279 = EDGE_CURVE('',#763,#2280,#2282,.T.);
#2280 = VERTEX_POINT('',#2281);
#2281 = CARTESIAN_POINT('',(20.127643312102,2.077550848533,7.46230668421
    ));
#2282 = LINE('',#2283,#2284);
#2283 = CARTESIAN_POINT('',(20.127643312102,2.829304945161,7.18869056955
    ));
#2284 = VECTOR('',#2285,1.);
#2285 = DIRECTION('',(0.,-0.939692620786,0.342020143326));
#2286 = ORIENTED_EDGE('',*,*,#2287,.T.);
#2287 = EDGE_CURVE('',#2280,#2254,#2288,.T.);
#2288 = B_SPLINE_CURVE_WITH_KNOTS('',2,(#2289,#2290,#2291),
  .UNSPECIFIED.,.F.,.F.,(3,3),(0.,1.),.PIECEWISE_BEZIER_KNOTS.);
#2289 = CARTESIAN_POINT('',(20.127643312102,2.077550848533,7.46230668421
    ));
#2290 = CARTESIAN_POINT('',(20.127643312102,2.20067810013,7.800596027693
    ));
#2291 = CARTESIAN_POINT('',(19.934522292994,2.266816517655,
    7.982309836401));
#2292 = ORIENTED_EDGE('',*,*,#2253,.F.);
#2293 = SURFACE_OF_LINEAR_EXTRUSION('',#2294,#2298);
#2294 = B_SPLINE_CURVE_WITH_KNOTS('',2,(#2295,#2296,#2297),
  .UNSPECIFIED.,.F.,.F.,(3,3),(0.,1.),.PIECEWISE_BEZIER_KNOTS.);
#2295 = CARTESIAN_POINT('',(20.127643312102,2.829304945161,7.18869056955
    ));
#2296 = CARTESIAN_POINT('',(20.127643312102,2.952432196759,
    7.526979913033));
#2297 = CARTESIAN_POINT('',(19.934522292994,3.018570614283,7.70869372174
    ));
#2298 = VECTOR('',#2299,1.);
#2299 = DIRECTION('',(-0.,0.939692620786,-0.342020143326));
#2300 = ADVANCED_FACE('',(#2301),#2319,.T.);
#2301 = FACE_BOUND('',#2302,.T.);
#2302 = EDGE_LOOP('',(#2303,#2304,#2312,#2318));
#2303 = ORIENTED_EDGE('',*,*,#762,.T.);
#2304 = ORIENTED_EDGE('',*,*,#2305,.T.);
#2305 = EDGE_CURVE('',#735,#2306,#2308,.T.);
#2306 = VERTEX_POINT('',#2307);
#2307 = CARTESIAN_POINT('',(19.905987261146,1.852209678943,
    6.843186909089));
#2308 = LINE('',#2309,#2310);
#2309 = CARTESIAN_POINT('',(19.905987261146,2.603963775572,
    6.569570794428));
#2310 = VECTOR('',#2311,1.);
#2311 = DIRECTION('',(0.,-0.939692620786,0.342020143326));
#2312 = ORIENTED_EDGE('',*,*,#2313,.T.);
#2313 = EDGE_CURVE('',#2306,#2280,#2314,.T.);
#2314 = B_SPLINE_CURVE_WITH_KNOTS('',2,(#2315,#2316,#2317),
  .UNSPECIFIED.,.F.,.F.,(3,3),(0.,1.),.PIECEWISE_BEZIER_KNOTS.);
#2315 = CARTESIAN_POINT('',(19.905987261146,1.852209678943,
    6.843186909089));
#2316 = CARTESIAN_POINT('',(20.127643312102,1.966187347088,7.15633797864
    ));
#2317 = CARTESIAN_POINT('',(20.127643312102,2.077550848533,7.46230668421
    ));
#2318 = ORIENTED_EDGE('',*,*,#2279,.F.);
#2319 = SURFACE_OF_LINEAR_EXTRUSION('',#2320,#2324);
#2320 = B_SPLINE_CURVE_WITH_KNOTS('',2,(#2321,#2322,#2323),
  .UNSPECIFIED.,.F.,.F.,(3,3),(0.,1.),.PIECEWISE_BEZIER_KNOTS.);
#2321 = CARTESIAN_POINT('',(19.905987261146,2.603963775572,
    6.569570794428));
#2322 = CARTESIAN_POINT('',(20.127643312102,2.717941443717,
    6.882721863979));
#2323 = CARTESIAN_POINT('',(20.127643312102,2.829304945161,7.18869056955
    ));
#2324 = VECTOR('',#2325,1.);
#2325 = DIRECTION('',(-0.,0.939692620786,-0.342020143326));
#2326 = ADVANCED_FACE('',(#2327),#2345,.T.);
#2327 = FACE_BOUND('',#2328,.T.);
#2328 = EDGE_LOOP('',(#2329,#2330,#2338,#2344));
#2329 = ORIENTED_EDGE('',*,*,#734,.T.);
#2330 = ORIENTED_EDGE('',*,*,#2331,.T.);
#2331 = EDGE_CURVE('',#714,#2332,#2334,.T.);
#2332 = VERTEX_POINT('',#2333);
#2333 = CARTESIAN_POINT('',(19.015541401274,1.537899702643,
    5.979627346496));
#2334 = LINE('',#2335,#2336);
#2335 = CARTESIAN_POINT('',(19.015541401274,2.289653799272,
    5.706011231836));
#2336 = VECTOR('',#2337,1.);
#2337 = DIRECTION('',(0.,-0.939692620786,0.342020143326));
#2338 = ORIENTED_EDGE('',*,*,#2339,.T.);
#2339 = EDGE_CURVE('',#2332,#2306,#2340,.T.);
#2340 = B_SPLINE_CURVE_WITH_KNOTS('',2,(#2341,#2342,#2343),
  .UNSPECIFIED.,.F.,.F.,(3,3),(0.,1.),.PIECEWISE_BEZIER_KNOTS.);
#2341 = CARTESIAN_POINT('',(19.015541401274,1.537899702643,
    5.979627346496));
#2342 = CARTESIAN_POINT('',(19.741656050955,1.769689150095,
    6.616463619437));
#2343 = CARTESIAN_POINT('',(19.905987261146,1.852209678943,
    6.843186909089));
#2344 = ORIENTED_EDGE('',*,*,#2305,.F.);
#2345 = SURFACE_OF_LINEAR_EXTRUSION('',#2346,#2350);
#2346 = B_SPLINE_CURVE_WITH_KNOTS('',2,(#2347,#2348,#2349),
  .UNSPECIFIED.,.F.,.F.,(3,3),(0.,1.),.PIECEWISE_BEZIER_KNOTS.);
#2347 = CARTESIAN_POINT('',(19.015541401274,2.289653799272,
    5.706011231836));
#2348 = CARTESIAN_POINT('',(19.741656050955,2.521443246723,
    6.342847504776));
#2349 = CARTESIAN_POINT('',(19.905987261146,2.603963775572,
    6.569570794428));
#2350 = VECTOR('',#2351,1.);
#2351 = DIRECTION('',(-0.,0.939692620786,-0.342020143326));
#2352 = ADVANCED_FACE('',(#2353),#2371,.T.);
#2353 = FACE_BOUND('',#2354,.T.);
#2354 = EDGE_LOOP('',(#2355,#2356,#2364,#2370));
#2355 = ORIENTED_EDGE('',*,*,#713,.T.);
#2356 = ORIENTED_EDGE('',*,*,#2357,.T.);
#2357 = EDGE_CURVE('',#699,#2358,#2360,.T.);
#2358 = VERTEX_POINT('',#2359);
#2359 = CARTESIAN_POINT('',(17.807898089172,1.077457807781,
    4.714573637392));
#2360 = LINE('',#2361,#2362);
#2361 = CARTESIAN_POINT('',(17.807898089172,1.82921190441,4.440957522732
    ));
#2362 = VECTOR('',#2363,1.);
#2363 = DIRECTION('',(0.,-0.939692620786,0.342020143326));
#2364 = ORIENTED_EDGE('',*,*,#2365,.T.);
#2365 = EDGE_CURVE('',#2358,#2332,#2366,.T.);
#2366 = B_SPLINE_CURVE_WITH_KNOTS('',2,(#2367,#2368,#2369),
  .UNSPECIFIED.,.F.,.F.,(3,3),(0.,1.),.PIECEWISE_BEZIER_KNOTS.);
#2367 = CARTESIAN_POINT('',(17.807898089172,1.077457807781,
    4.714573637392));
#2368 = CARTESIAN_POINT('',(18.113630573248,1.2510384767,5.1914826057));
#2369 = CARTESIAN_POINT('',(19.015541401274,1.537899702643,
    5.979627346496));
#2370 = ORIENTED_EDGE('',*,*,#2331,.F.);
#2371 = SURFACE_OF_LINEAR_EXTRUSION('',#2372,#2376);
#2372 = B_SPLINE_CURVE_WITH_KNOTS('',2,(#2373,#2374,#2375),
  .UNSPECIFIED.,.F.,.F.,(3,3),(0.,1.),.PIECEWISE_BEZIER_KNOTS.);
#2373 = CARTESIAN_POINT('',(17.807898089172,1.82921190441,4.440957522732
    ));
#2374 = CARTESIAN_POINT('',(18.113630573248,2.002792573329,
    4.917866491039));
#2375 = CARTESIAN_POINT('',(19.015541401274,2.289653799272,
    5.706011231836));
#2376 = VECTOR('',#2377,1.);
#2377 = DIRECTION('',(-0.,0.939692620786,-0.342020143326));
#2378 = ADVANCED_FACE('',(#2379),#2397,.T.);
#2379 = FACE_BOUND('',#2380,.T.);
#2380 = EDGE_LOOP('',(#2381,#2382,#2390,#2396));
#2381 = ORIENTED_EDGE('',*,*,#698,.T.);
#2382 = ORIENTED_EDGE('',*,*,#2383,.T.);
#2383 = EDGE_CURVE('',#691,#2384,#2386,.T.);
#2384 = VERTEX_POINT('',#2385);
#2385 = CARTESIAN_POINT('',(17.44101910828,0.71008024746,3.705212085995)
  );
#2386 = LINE('',#2387,#2388);
#2387 = CARTESIAN_POINT('',(17.44101910828,1.461834344089,3.431595971335
    ));
#2388 = VECTOR('',#2389,1.);
#2389 = DIRECTION('',(0.,-0.939692620786,0.342020143326));
#2390 = ORIENTED_EDGE('',*,*,#2391,.T.);
#2391 = EDGE_CURVE('',#2384,#2358,#2392,.T.);
#2392 = B_SPLINE_CURVE_WITH_KNOTS('',2,(#2393,#2394,#2395),
  .UNSPECIFIED.,.F.,.F.,(3,3),(0.,1.),.PIECEWISE_BEZIER_KNOTS.);
#2393 = CARTESIAN_POINT('',(17.44101910828,0.71008024746,3.705212085995)
  );
#2394 = CARTESIAN_POINT('',(17.502165605096,0.903964277753,
    4.237904081218));
#2395 = CARTESIAN_POINT('',(17.807898089172,1.077457807781,
    4.714573637392));
#2396 = ORIENTED_EDGE('',*,*,#2357,.F.);
#2397 = SURFACE_OF_LINEAR_EXTRUSION('',#2398,#2402);
#2398 = B_SPLINE_CURVE_WITH_KNOTS('',2,(#2399,#2400,#2401),
  .UNSPECIFIED.,.F.,.F.,(3,3),(0.,1.),.PIECEWISE_BEZIER_KNOTS.);
#2399 = CARTESIAN_POINT('',(17.44101910828,1.461834344089,3.431595971335
    ));
#2400 = CARTESIAN_POINT('',(17.502165605096,1.655718374382,
    3.964287966557));
#2401 = CARTESIAN_POINT('',(17.807898089172,1.82921190441,4.440957522732
    ));
#2402 = VECTOR('',#2403,1.);
#2403 = DIRECTION('',(-0.,0.939692620786,-0.342020143326));
#2404 = ADVANCED_FACE('',(#2405),#2416,.T.);
#2405 = FACE_BOUND('',#2406,.T.);
#2406 = EDGE_LOOP('',(#2407,#2408,#2409,#2415));
#2407 = ORIENTED_EDGE('',*,*,#690,.T.);
#2408 = ORIENTED_EDGE('',*,*,#1904,.T.);
#2409 = ORIENTED_EDGE('',*,*,#2410,.T.);
#2410 = EDGE_CURVE('',#1897,#2384,#2411,.T.);
#2411 = LINE('',#2412,#2413);
#2412 = CARTESIAN_POINT('',(21.205350318471,0.71008024746,3.705212085995
    ));
#2413 = VECTOR('',#2414,1.);
#2414 = DIRECTION('',(-1.,0.,0.));
#2415 = ORIENTED_EDGE('',*,*,#2383,.F.);
#2416 = PLANE('',#2417);
#2417 = AXIS2_PLACEMENT_3D('',#2418,#2419,#2420);
#2418 = CARTESIAN_POINT('',(21.205350318471,1.461834344089,
    3.431595971335));
#2419 = DIRECTION('',(0.,-0.342020143326,-0.939692620786));
#2420 = DIRECTION('',(-1.,0.,0.));
#2421 = ADVANCED_FACE('',(#2422),#2447,.F.);
#2422 = FACE_BOUND('',#2423,.F.);
#2423 = EDGE_LOOP('',(#2424,#2432,#2440,#2446));
#2424 = ORIENTED_EDGE('',*,*,#2425,.F.);
#2425 = EDGE_CURVE('',#2426,#284,#2428,.T.);
#2426 = VERTEX_POINT('',#2427);
#2427 = CARTESIAN_POINT('',(47.,18.9,0.));
#2428 = LINE('',#2429,#2430);
#2429 = CARTESIAN_POINT('',(47.,18.9,0.));
#2430 = VECTOR('',#2431,1.);
#2431 = DIRECTION('',(-0.971520338783,-0.236956180191,0.));
#2432 = ORIENTED_EDGE('',*,*,#2433,.T.);
#2433 = EDGE_CURVE('',#2426,#2434,#2436,.T.);
#2434 = VERTEX_POINT('',#2435);
#2435 = CARTESIAN_POINT('',(47.,18.9,10.));
#2436 = LINE('',#2437,#2438);
#2437 = CARTESIAN_POINT('',(47.,18.9,0.));
#2438 = VECTOR('',#2439,1.);
#2439 = DIRECTION('',(0.,0.,1.));
#2440 = ORIENTED_EDGE('',*,*,#2441,.T.);
#2441 = EDGE_CURVE('',#2434,#95,#2442,.T.);
#2442 = LINE('',#2443,#2444);
#2443 = CARTESIAN_POINT('',(47.,18.9,10.));
#2444 = VECTOR('',#2445,1.);
#2445 = DIRECTION('',(-0.971520338783,-0.236956180191,0.));
#2446 = ORIENTED_EDGE('',*,*,#1086,.T.);
#2447 = PLANE('',#2448);
#2448 = AXIS2_PLACEMENT_3D('',#2449,#2450,#2451);
#2449 = CARTESIAN_POINT('',(47.,18.9,0.));
#2450 = DIRECTION('',(0.236956180191,-0.971520338783,0.));
#2451 = DIRECTION('',(-0.971520338783,-0.236956180191,0.));
#2452 = ADVANCED_FACE('',(#2453),#2471,.T.);
#2453 = FACE_BOUND('',#2454,.T.);
#2454 = EDGE_LOOP('',(#2455,#2456,#2464,#2470));
#2455 = ORIENTED_EDGE('',*,*,#1103,.F.);
#2456 = ORIENTED_EDGE('',*,*,#2457,.T.);
#2457 = EDGE_CURVE('',#71,#2458,#2460,.T.);
#2458 = VERTEX_POINT('',#2459);
#2459 = CARTESIAN_POINT('',(47.,12.9,10.));
#2460 = LINE('',#2461,#2462);
#2461 = CARTESIAN_POINT('',(42.9,13.9,10.));
#2462 = VECTOR('',#2463,1.);
#2463 = DIRECTION('',(0.971520338783,-0.236956180191,0.));
#2464 = ORIENTED_EDGE('',*,*,#2465,.T.);
#2465 = EDGE_CURVE('',#2458,#2434,#2466,.T.);
#2466 = LINE('',#2467,#2468);
#2467 = CARTESIAN_POINT('',(47.,12.9,10.));
#2468 = VECTOR('',#2469,1.);
#2469 = DIRECTION('',(0.,1.,0.));
#2470 = ORIENTED_EDGE('',*,*,#2441,.T.);
#2471 = PLANE('',#2472);
#2472 = AXIS2_PLACEMENT_3D('',#2473,#2474,#2475);
#2473 = CARTESIAN_POINT('',(45.172338161771,15.9,10.));
#2474 = DIRECTION('',(0.,0.,1.));
#2475 = DIRECTION('',(1.,0.,0.));
#2476 = ADVANCED_FACE('',(#2477),#2495,.F.);
#2477 = FACE_BOUND('',#2478,.F.);
#2478 = EDGE_LOOP('',(#2479,#2487,#2488,#2489));
#2479 = ORIENTED_EDGE('',*,*,#2480,.F.);
#2480 = EDGE_CURVE('',#260,#2481,#2483,.T.);
#2481 = VERTEX_POINT('',#2482);
#2482 = CARTESIAN_POINT('',(47.,12.9,0.));
#2483 = LINE('',#2484,#2485);
#2484 = CARTESIAN_POINT('',(42.9,13.9,0.));
#2485 = VECTOR('',#2486,1.);
#2486 = DIRECTION('',(0.971520338783,-0.236956180191,0.));
#2487 = ORIENTED_EDGE('',*,*,#1122,.T.);
#2488 = ORIENTED_EDGE('',*,*,#2457,.T.);
#2489 = ORIENTED_EDGE('',*,*,#2490,.F.);
#2490 = EDGE_CURVE('',#2481,#2458,#2491,.T.);
#2491 = LINE('',#2492,#2493);
#2492 = CARTESIAN_POINT('',(47.,12.9,0.));
#2493 = VECTOR('',#2494,1.);
#2494 = DIRECTION('',(0.,0.,1.));
#2495 = PLANE('',#2496);
#2496 = AXIS2_PLACEMENT_3D('',#2497,#2498,#2499);
#2497 = CARTESIAN_POINT('',(42.9,13.9,0.));
#2498 = DIRECTION('',(0.236956180191,0.971520338783,0.));
#2499 = DIRECTION('',(0.971520338783,-0.236956180191,0.));
#2500 = ADVANCED_FACE('',(#2501),#2527,.T.);
#2501 = FACE_BOUND('',#2502,.T.);
#2502 = EDGE_LOOP('',(#2503,#2511,#2512,#2520));
#2503 = ORIENTED_EDGE('',*,*,#2504,.F.);
#2504 = EDGE_CURVE('',#1137,#2505,#2507,.T.);
#2505 = VERTEX_POINT('',#2506);
#2506 = CARTESIAN_POINT('',(16.6,37.86,21.));
#2507 = LINE('',#2508,#2509);
#2508 = CARTESIAN_POINT('',(16.6,38.11,20.75));
#2509 = VECTOR('',#2510,1.);
#2510 = DIRECTION('',(-2.90882763039E-35,-0.707106781187,0.707106781187)
  );
#2511 = ORIENTED_EDGE('',*,*,#1153,.T.);
#2512 = ORIENTED_EDGE('',*,*,#2513,.T.);
#2513 = EDGE_CURVE('',#1146,#2514,#2516,.T.);
#2514 = VERTEX_POINT('',#2515);
#2515 = CARTESIAN_POINT('',(16.5,37.76,21.));
#2516 = LINE('',#2517,#2518);
#2517 = CARTESIAN_POINT('',(16.,37.76,20.5));
#2518 = VECTOR('',#2519,1.);
#2519 = DIRECTION('',(0.707106781187,-4.329780281177E-17,0.707106781187)
  );
#2520 = ORIENTED_EDGE('',*,*,#2521,.F.);
#2521 = EDGE_CURVE('',#2505,#2514,#2522,.T.);
#2522 = CIRCLE('',#2523,1.E-01);
#2523 = AXIS2_PLACEMENT_3D('',#2524,#2525,#2526);
#2524 = CARTESIAN_POINT('',(16.6,37.76,21.));
#2525 = DIRECTION('',(0.,-0.,1.));
#2526 = DIRECTION('',(0.,1.,0.));
#2527 = CONICAL_SURFACE('',#2528,0.6,0.785398163397);
#2528 = AXIS2_PLACEMENT_3D('',#2529,#2530,#2531);
#2529 = CARTESIAN_POINT('',(16.6,37.76,20.5));
#2530 = DIRECTION('',(-0.,-0.,-1.));
#2531 = DIRECTION('',(0.,1.,0.));
#2532 = ADVANCED_FACE('',(#2533),#2551,.F.);
#2533 = FACE_BOUND('',#2534,.T.);
#2534 = EDGE_LOOP('',(#2535,#2543,#2544,#2545));
#2535 = ORIENTED_EDGE('',*,*,#2536,.F.);
#2536 = EDGE_CURVE('',#1170,#2537,#2539,.T.);
#2537 = VERTEX_POINT('',#2538);
#2538 = CARTESIAN_POINT('',(26.4,37.86,21.));
#2539 = LINE('',#2540,#2541);
#2540 = CARTESIAN_POINT('',(26.4,38.11,20.75));
#2541 = VECTOR('',#2542,1.);
#2542 = DIRECTION('',(-2.90882763039E-35,-0.707106781187,0.707106781187)
  );
#2543 = ORIENTED_EDGE('',*,*,#1177,.T.);
#2544 = ORIENTED_EDGE('',*,*,#2504,.T.);
#2545 = ORIENTED_EDGE('',*,*,#2546,.F.);
#2546 = EDGE_CURVE('',#2537,#2505,#2547,.T.);
#2547 = LINE('',#2548,#2549);
#2548 = CARTESIAN_POINT('',(26.4,37.86,21.));
#2549 = VECTOR('',#2550,1.);
#2550 = DIRECTION('',(-1.,0.,0.));
#2551 = PLANE('',#2552);
#2552 = AXIS2_PLACEMENT_3D('',#2553,#2554,#2555);
#2553 = CARTESIAN_POINT('',(26.4,38.11,20.75));
#2554 = DIRECTION('',(-1.889513820523E-18,-0.707106781187,
    -0.707106781187));
#2555 = DIRECTION('',(1.,-1.336088035637E-18,-1.336088035637E-18));
#2556 = ADVANCED_FACE('',(#2557),#2575,.F.);
#2557 = FACE_BOUND('',#2558,.T.);
#2558 = EDGE_LOOP('',(#2559,#2560,#2561,#2569));
#2559 = ORIENTED_EDGE('',*,*,#2513,.F.);
#2560 = ORIENTED_EDGE('',*,*,#1194,.T.);
#2561 = ORIENTED_EDGE('',*,*,#2562,.T.);
#2562 = EDGE_CURVE('',#1195,#2563,#2565,.T.);
#2563 = VERTEX_POINT('',#2564);
#2564 = CARTESIAN_POINT('',(16.5,27.96,21.));
#2565 = LINE('',#2566,#2567);
#2566 = CARTESIAN_POINT('',(16.25,27.96,20.75));
#2567 = VECTOR('',#2568,1.);
#2568 = DIRECTION('',(0.707106781187,-2.90882763039E-35,0.707106781187)
  );
#2569 = ORIENTED_EDGE('',*,*,#2570,.F.);
#2570 = EDGE_CURVE('',#2514,#2563,#2571,.T.);
#2571 = LINE('',#2572,#2573);
#2572 = CARTESIAN_POINT('',(16.5,37.76,21.));
#2573 = VECTOR('',#2574,1.);
#2574 = DIRECTION('',(0.,-1.,0.));
#2575 = PLANE('',#2576);
#2576 = AXIS2_PLACEMENT_3D('',#2577,#2578,#2579);
#2577 = CARTESIAN_POINT('',(16.25,37.76,20.75));
#2578 = DIRECTION('',(0.707106781187,1.889513820523E-18,-0.707106781187)
  );
#2579 = DIRECTION('',(-1.336088035637E-18,1.,1.336088035637E-18));
#2580 = ADVANCED_FACE('',(#2581),#2600,.T.);
#2581 = FACE_BOUND('',#2582,.T.);
#2582 = EDGE_LOOP('',(#2583,#2591,#2592,#2593));
#2583 = ORIENTED_EDGE('',*,*,#2584,.F.);
#2584 = EDGE_CURVE('',#1219,#2585,#2587,.T.);
#2585 = VERTEX_POINT('',#2586);
#2586 = CARTESIAN_POINT('',(26.5,37.76,21.));
#2587 = LINE('',#2588,#2589);
#2588 = CARTESIAN_POINT('',(26.75,37.76,20.75));
#2589 = VECTOR('',#2590,1.);
#2590 = DIRECTION('',(-0.707106781187,2.90882763039E-35,0.707106781187)
  );
#2591 = ORIENTED_EDGE('',*,*,#1226,.T.);
#2592 = ORIENTED_EDGE('',*,*,#2536,.T.);
#2593 = ORIENTED_EDGE('',*,*,#2594,.F.);
#2594 = EDGE_CURVE('',#2585,#2537,#2595,.T.);
#2595 = CIRCLE('',#2596,1.E-01);
#2596 = AXIS2_PLACEMENT_3D('',#2597,#2598,#2599);
#2597 = CARTESIAN_POINT('',(26.4,37.76,21.));
#2598 = DIRECTION('',(0.,0.,1.));
#2599 = DIRECTION('',(1.,0.,0.));
#2600 = CONICAL_SURFACE('',#2601,0.6,0.785398163397);
#2601 = AXIS2_PLACEMENT_3D('',#2602,#2603,#2604);
#2602 = CARTESIAN_POINT('',(26.4,37.76,20.5));
#2603 = DIRECTION('',(-0.,-0.,-1.));
#2604 = DIRECTION('',(1.,0.,0.));
#2605 = ADVANCED_FACE('',(#2606),#2625,.T.);
#2606 = FACE_BOUND('',#2607,.T.);
#2607 = EDGE_LOOP('',(#2608,#2609,#2610,#2618));
#2608 = ORIENTED_EDGE('',*,*,#2562,.F.);
#2609 = ORIENTED_EDGE('',*,*,#1251,.T.);
#2610 = ORIENTED_EDGE('',*,*,#2611,.T.);
#2611 = EDGE_CURVE('',#1244,#2612,#2614,.T.);
#2612 = VERTEX_POINT('',#2613);
#2613 = CARTESIAN_POINT('',(16.6,27.86,21.));
#2614 = LINE('',#2615,#2616);
#2615 = CARTESIAN_POINT('',(16.6,27.36,20.5));
#2616 = VECTOR('',#2617,1.);
#2617 = DIRECTION('',(4.329780281177E-17,0.707106781187,0.707106781187)
  );
#2618 = ORIENTED_EDGE('',*,*,#2619,.F.);
#2619 = EDGE_CURVE('',#2563,#2612,#2620,.T.);
#2620 = CIRCLE('',#2621,1.E-01);
#2621 = AXIS2_PLACEMENT_3D('',#2622,#2623,#2624);
#2622 = CARTESIAN_POINT('',(16.6,27.96,21.));
#2623 = DIRECTION('',(0.,0.,1.));
#2624 = DIRECTION('',(-1.,0.,0.));
#2625 = CONICAL_SURFACE('',#2626,0.6,0.785398163397);
#2626 = AXIS2_PLACEMENT_3D('',#2627,#2628,#2629);
#2627 = CARTESIAN_POINT('',(16.6,27.96,20.5));
#2628 = DIRECTION('',(-0.,-0.,-1.));
#2629 = DIRECTION('',(-1.,0.,0.));
#2630 = ADVANCED_FACE('',(#2631),#2649,.F.);
#2631 = FACE_BOUND('',#2632,.T.);
#2632 = EDGE_LOOP('',(#2633,#2641,#2642,#2643));
#2633 = ORIENTED_EDGE('',*,*,#2634,.F.);
#2634 = EDGE_CURVE('',#1268,#2635,#2637,.T.);
#2635 = VERTEX_POINT('',#2636);
#2636 = CARTESIAN_POINT('',(26.5,27.96,21.));
#2637 = LINE('',#2638,#2639);
#2638 = CARTESIAN_POINT('',(27.,27.96,20.5));
#2639 = VECTOR('',#2640,1.);
#2640 = DIRECTION('',(-0.707106781187,4.329780281177E-17,0.707106781187)
  );
#2641 = ORIENTED_EDGE('',*,*,#1275,.T.);
#2642 = ORIENTED_EDGE('',*,*,#2584,.T.);
#2643 = ORIENTED_EDGE('',*,*,#2644,.F.);
#2644 = EDGE_CURVE('',#2635,#2585,#2645,.T.);
#2645 = LINE('',#2646,#2647);
#2646 = CARTESIAN_POINT('',(26.5,27.96,21.));
#2647 = VECTOR('',#2648,1.);
#2648 = DIRECTION('',(0.,1.,0.));
#2649 = PLANE('',#2650);
#2650 = AXIS2_PLACEMENT_3D('',#2651,#2652,#2653);
#2651 = CARTESIAN_POINT('',(26.75,27.96,20.75));
#2652 = DIRECTION('',(-0.707106781187,-1.889513820523E-18,
    -0.707106781187));
#2653 = DIRECTION('',(1.336088035637E-18,-1.,1.336088035637E-18));
#2654 = ADVANCED_FACE('',(#2655),#2673,.F.);
#2655 = FACE_BOUND('',#2656,.T.);
#2656 = EDGE_LOOP('',(#2657,#2658,#2659,#2667));
#2657 = ORIENTED_EDGE('',*,*,#2611,.F.);
#2658 = ORIENTED_EDGE('',*,*,#1292,.T.);
#2659 = ORIENTED_EDGE('',*,*,#2660,.T.);
#2660 = EDGE_CURVE('',#1293,#2661,#2663,.T.);
#2661 = VERTEX_POINT('',#2662);
#2662 = CARTESIAN_POINT('',(26.4,27.86,21.));
#2663 = LINE('',#2664,#2665);
#2664 = CARTESIAN_POINT('',(26.4,27.61,20.75));
#2665 = VECTOR('',#2666,1.);
#2666 = DIRECTION('',(2.90882763039E-35,0.707106781187,0.707106781187));
#2667 = ORIENTED_EDGE('',*,*,#2668,.F.);
#2668 = EDGE_CURVE('',#2612,#2661,#2669,.T.);
#2669 = LINE('',#2670,#2671);
#2670 = CARTESIAN_POINT('',(16.6,27.86,21.));
#2671 = VECTOR('',#2672,1.);
#2672 = DIRECTION('',(1.,0.,0.));
#2673 = PLANE('',#2674);
#2674 = AXIS2_PLACEMENT_3D('',#2675,#2676,#2677);
#2675 = CARTESIAN_POINT('',(16.6,27.61,20.75));
#2676 = DIRECTION('',(1.889513820523E-18,0.707106781187,-0.707106781187)
  );
#2677 = DIRECTION('',(-1.,1.336088035637E-18,-1.336088035637E-18));
#2678 = ADVANCED_FACE('',(#2679),#2691,.T.);
#2679 = FACE_BOUND('',#2680,.T.);
#2680 = EDGE_LOOP('',(#2681,#2682,#2683,#2684));
#2681 = ORIENTED_EDGE('',*,*,#2660,.F.);
#2682 = ORIENTED_EDGE('',*,*,#1317,.T.);
#2683 = ORIENTED_EDGE('',*,*,#2634,.T.);
#2684 = ORIENTED_EDGE('',*,*,#2685,.F.);
#2685 = EDGE_CURVE('',#2661,#2635,#2686,.T.);
#2686 = CIRCLE('',#2687,1.E-01);
#2687 = AXIS2_PLACEMENT_3D('',#2688,#2689,#2690);
#2688 = CARTESIAN_POINT('',(26.4,27.96,21.));
#2689 = DIRECTION('',(-0.,0.,1.));
#2690 = DIRECTION('',(0.,-1.,0.));
#2691 = CONICAL_SURFACE('',#2692,0.6,0.785398163397);
#2692 = AXIS2_PLACEMENT_3D('',#2693,#2694,#2695);
#2693 = CARTESIAN_POINT('',(26.4,27.96,20.5));
#2694 = DIRECTION('',(-0.,-0.,-1.));
#2695 = DIRECTION('',(0.,-1.,0.));
#2696 = ADVANCED_FACE('',(#2697),#2708,.F.);
#2697 = FACE_BOUND('',#2698,.F.);
#2698 = EDGE_LOOP('',(#2699,#2700,#2701,#2707));
#2699 = ORIENTED_EDGE('',*,*,#1333,.F.);
#2700 = ORIENTED_EDGE('',*,*,#2480,.T.);
#2701 = ORIENTED_EDGE('',*,*,#2702,.T.);
#2702 = EDGE_CURVE('',#2481,#2426,#2703,.T.);
#2703 = LINE('',#2704,#2705);
#2704 = CARTESIAN_POINT('',(47.,12.9,0.));
#2705 = VECTOR('',#2706,1.);
#2706 = DIRECTION('',(0.,1.,0.));
#2707 = ORIENTED_EDGE('',*,*,#2425,.T.);
#2708 = PLANE('',#2709);
#2709 = AXIS2_PLACEMENT_3D('',#2710,#2711,#2712);
#2710 = CARTESIAN_POINT('',(45.172338161771,15.9,0.));
#2711 = DIRECTION('',(0.,0.,1.));
#2712 = DIRECTION('',(1.,0.,0.));
#2713 = ADVANCED_FACE('',(#2714),#2737,.T.);
#2714 = FACE_BOUND('',#2715,.F.);
#2715 = EDGE_LOOP('',(#2716,#2717,#2718,#2719,#2720,#2721,#2722,#2723,
    #2724,#2725,#2726,#2727,#2728,#2729,#2730,#2731,#2732,#2733,#2734,
    #2735,#2736));
#2716 = ORIENTED_EDGE('',*,*,#1358,.T.);
#2717 = ORIENTED_EDGE('',*,*,#1872,.T.);
#2718 = ORIENTED_EDGE('',*,*,#1853,.T.);
#2719 = ORIENTED_EDGE('',*,*,#1827,.T.);
#2720 = ORIENTED_EDGE('',*,*,#1801,.T.);
#2721 = ORIENTED_EDGE('',*,*,#1775,.T.);
#2722 = ORIENTED_EDGE('',*,*,#1749,.T.);
#2723 = ORIENTED_EDGE('',*,*,#1723,.T.);
#2724 = ORIENTED_EDGE('',*,*,#1697,.T.);
#2725 = ORIENTED_EDGE('',*,*,#1671,.T.);
#2726 = ORIENTED_EDGE('',*,*,#1647,.T.);
#2727 = ORIENTED_EDGE('',*,*,#1621,.T.);
#2728 = ORIENTED_EDGE('',*,*,#1595,.T.);
#2729 = ORIENTED_EDGE('',*,*,#1569,.T.);
#2730 = ORIENTED_EDGE('',*,*,#1543,.T.);
#2731 = ORIENTED_EDGE('',*,*,#1517,.T.);
#2732 = ORIENTED_EDGE('',*,*,#1491,.T.);
#2733 = ORIENTED_EDGE('',*,*,#1465,.T.);
#2734 = ORIENTED_EDGE('',*,*,#1439,.T.);
#2735 = ORIENTED_EDGE('',*,*,#1413,.T.);
#2736 = ORIENTED_EDGE('',*,*,#1389,.T.);
#2737 = PLANE('',#2738);
#2738 = AXIS2_PLACEMENT_3D('',#2739,#2740,#2741);
#2739 = CARTESIAN_POINT('',(23.8203596286,1.609944891634,6.17756987643)
  );
#2740 = DIRECTION('',(0.,-0.939692620786,0.342020143326));
#2741 = DIRECTION('',(1.,0.,0.));
#2742 = ADVANCED_FACE('',(#2743),#2766,.T.);
#2743 = FACE_BOUND('',#2744,.F.);
#2744 = EDGE_LOOP('',(#2745,#2746,#2747,#2748,#2749,#2750,#2751,#2752,
    #2753,#2754,#2755,#2756,#2757,#2758,#2759,#2760,#2761,#2762,#2763,
    #2764,#2765));
#2745 = ORIENTED_EDGE('',*,*,#1896,.T.);
#2746 = ORIENTED_EDGE('',*,*,#2410,.T.);
#2747 = ORIENTED_EDGE('',*,*,#2391,.T.);
#2748 = ORIENTED_EDGE('',*,*,#2365,.T.);
#2749 = ORIENTED_EDGE('',*,*,#2339,.T.);
#2750 = ORIENTED_EDGE('',*,*,#2313,.T.);
#2751 = ORIENTED_EDGE('',*,*,#2287,.T.);
#2752 = ORIENTED_EDGE('',*,*,#2261,.T.);
#2753 = ORIENTED_EDGE('',*,*,#2235,.T.);
#2754 = ORIENTED_EDGE('',*,*,#2209,.T.);
#2755 = ORIENTED_EDGE('',*,*,#2185,.T.);
#2756 = ORIENTED_EDGE('',*,*,#2159,.T.);
#2757 = ORIENTED_EDGE('',*,*,#2133,.T.);
#2758 = ORIENTED_EDGE('',*,*,#2107,.T.);
#2759 = ORIENTED_EDGE('',*,*,#2081,.T.);
#2760 = ORIENTED_EDGE('',*,*,#2055,.T.);
#2761 = ORIENTED_EDGE('',*,*,#2029,.T.);
#2762 = ORIENTED_EDGE('',*,*,#2003,.T.);
#2763 = ORIENTED_EDGE('',*,*,#1977,.T.);
#2764 = ORIENTED_EDGE('',*,*,#1951,.T.);
#2765 = ORIENTED_EDGE('',*,*,#1927,.T.);
#2766 = PLANE('',#2767);
#2767 = AXIS2_PLACEMENT_3D('',#2768,#2769,#2770);
#2768 = CARTESIAN_POINT('',(19.466729055352,1.609944891634,6.17756987643
    ));
#2769 = DIRECTION('',(0.,-0.939692620786,0.342020143326));
#2770 = DIRECTION('',(1.,0.,0.));
#2771 = ADVANCED_FACE('',(#2772),#2778,.F.);
#2772 = FACE_BOUND('',#2773,.F.);
#2773 = EDGE_LOOP('',(#2774,#2775,#2776,#2777));
#2774 = ORIENTED_EDGE('',*,*,#2490,.T.);
#2775 = ORIENTED_EDGE('',*,*,#2465,.T.);
#2776 = ORIENTED_EDGE('',*,*,#2433,.F.);
#2777 = ORIENTED_EDGE('',*,*,#2702,.F.);
#2778 = PLANE('',#2779);
#2779 = AXIS2_PLACEMENT_3D('',#2780,#2781,#2782);
#2780 = CARTESIAN_POINT('',(47.,12.9,0.));
#2781 = DIRECTION('',(-1.,0.,0.));
#2782 = DIRECTION('',(0.,1.,0.));
#2783 = ADVANCED_FACE('',(#2784),#2794,.T.);
#2784 = FACE_BOUND('',#2785,.T.);
#2785 = EDGE_LOOP('',(#2786,#2787,#2788,#2789,#2790,#2791,#2792,#2793));
#2786 = ORIENTED_EDGE('',*,*,#2546,.T.);
#2787 = ORIENTED_EDGE('',*,*,#2521,.T.);
#2788 = ORIENTED_EDGE('',*,*,#2570,.T.);
#2789 = ORIENTED_EDGE('',*,*,#2619,.T.);
#2790 = ORIENTED_EDGE('',*,*,#2668,.T.);
#2791 = ORIENTED_EDGE('',*,*,#2685,.T.);
#2792 = ORIENTED_EDGE('',*,*,#2644,.T.);
#2793 = ORIENTED_EDGE('',*,*,#2594,.T.);
#2794 = PLANE('',#2795);
#2795 = AXIS2_PLACEMENT_3D('',#2796,#2797,#2798);
#2796 = CARTESIAN_POINT('',(21.5,32.86,21.));
#2797 = DIRECTION('',(0.,0.,1.));
#2798 = DIRECTION('',(1.,0.,0.));
#2799 = ( GEOMETRIC_REPRESENTATION_CONTEXT(3) 
GLOBAL_UNCERTAINTY_ASSIGNED_CONTEXT((#2803)) 
GLOBAL_UNIT_ASSIGNED_CONTEXT((#2800,#2801,#2802)) REPRESENTATION_CONTEXT
('Context #1','3D Context with UNIT and UNCERTAINTY') );
#2800 = ( LENGTH_UNIT() NAMED_UNIT(*) SI_UNIT(.MILLI.,.METRE.) );
#2801 = ( NAMED_UNIT(*) PLANE_ANGLE_UNIT() SI_UNIT($,.RADIAN.) );
#2802 = ( NAMED_UNIT(*) SI_UNIT($,.STERADIAN.) SOLID_ANGLE_UNIT() );
#2803 = UNCERTAINTY_MEASURE_WITH_UNIT(LENGTH_MEASURE(1.E-06),#2800,
  'distance_accuracy_value','confusion accuracy');
#2804 = PRODUCT_RELATED_PRODUCT_CATEGORY('part',$,(#7));
ENDSEC;
END-ISO-10303-21;
