ISO-10303-21;
HEADER;
FILE_DESCRIPTION(('FreeCAD Model'),'2;1');
FILE_NAME('Open CASCADE Shape Model','2026-08-30T14:00:00',('FreeCAD'),(
    'FreeCAD'),'Open CASCADE STEP processor 7.8','FreeCAD','Unknown');
FILE_SCHEMA(('AUTOMOTIVE_DESIGN { 1 0 10303 214 1 1 1 1 }'));
ENDSEC;
DATA;
#1 = APPLICATION_PROTOCOL_DEFINITION('international standard',
  'automotive_design',2000,#2);
#2 = APPLICATION_CONTEXT(
  'core data for automotive mechanical design processes');
#3 = SHAPE_DEFINITION_REPRESENTATION(#4,#10);
#4 = PRODUCT_DEFINITION_SHAPE('','',#5);
#5 = PRODUCT_DEFINITION('design','',#6,#9);
#6 = PRODUCT_DEFINITION_FORMATION('','',#7);
#7 = PRODUCT('Open CASCADE STEP translator 7.8 13',
  'Open CASCADE STEP translator 7.8 13','',(#8));
#8 = PRODUCT_CONTEXT('',#2,'mechanical');
#9 = PRODUCT_DEFINITION_CONTEXT('part definition',#2,'design');
#10 = ADVANCED_BREP_SHAPE_REPRESENTATION('',(#11,#15),#2127);
#11 = AXIS2_PLACEMENT_3D('',#12,#13,#14);
#12 = CARTESIAN_POINT('',(0.,0.,0.));
#13 = DIRECTION('',(0.,0.,1.));
#14 = DIRECTION('',(1.,0.,-0.));
#15 = MANIFOLD_SOLID_BREP('',#16);
#16 = CLOSED_SHELL('',(#17,#57,#222,#246,#334,#741,#758,#775,#792,#809,
    #826,#843,#860,#892,#916,#940,#965,#990,#1014,#1038,#1056,#1073,
    #1104,#1130,#1156,#1182,#1208,#1234,#1260,#1286,#1312,#1338,#1364,
    #1390,#1416,#1442,#1468,#1487,#1518,#1542,#1566,#1592,#1618,#1642,
    #1668,#1685,#1716,#1740,#1764,#1796,#1820,#1844,#1869,#1894,#1918,
    #1942,#1960,#1977,#2067,#2083,#2095,#2111));
#17 = ADVANCED_FACE('',(#18),#52,.F.);
#18 = FACE_BOUND('',#19,.F.);
#19 = EDGE_LOOP('',(#20,#30,#38,#46));
#20 = ORIENTED_EDGE('',*,*,#21,.F.);
#21 = EDGE_CURVE('',#22,#24,#26,.T.);
#22 = VERTEX_POINT('',#23);
#23 = CARTESIAN_POINT('',(0.,3.639702342662,10.));
#24 = VERTEX_POINT('',#25);
#25 = CARTESIAN_POINT('',(0.,7.45,10.));
#26 = LINE('',#27,#28);
#27 = CARTESIAN_POINT('',(0.,0.,10.));
#28 = VECTOR('',#29,1.);
#29 = DIRECTION('',(0.,1.,0.));
#30 = ORIENTED_EDGE('',*,*,#31,.T.);
#31 = EDGE_CURVE('',#22,#32,#34,.T.);
#32 = VERTEX_POINT('',#33);
#33 = CARTESIAN_POINT('',(0.,0.,0.));
#34 = LINE('',#35,#36);
#35 = CARTESIAN_POINT('',(0.,0.,0.));
#36 = VECTOR('',#37,1.);
#37 = DIRECTION('',(0.,-0.342020143326,-0.939692620786));
#38 = ORIENTED_EDGE('',*,*,#39,.T.);
#39 = EDGE_CURVE('',#32,#40,#42,.T.);
#40 = VERTEX_POINT('',#41);
#41 = CARTESIAN_POINT('',(0.,7.45,0.));
#42 = LINE('',#43,#44);
#43 = CARTESIAN_POINT('',(0.,0.,0.));
#44 = VECTOR('',#45,1.);
#45 = DIRECTION('',(0.,1.,0.));
#46 = ORIENTED_EDGE('',*,*,#47,.T.);
#47 = EDGE_CURVE('',#40,#24,#48,.T.);
#48 = LINE('',#49,#50);
#49 = CARTESIAN_POINT('',(0.,7.45,-1.));
#50 = VECTOR('',#51,1.);
#51 = DIRECTION('',(0.,0.,1.));
#52 = PLANE('',#53);
#53 = AXIS2_PLACEMENT_3D('',#54,#55,#56);
#54 = CARTESIAN_POINT('',(0.,0.,0.));
#55 = DIRECTION('',(1.,0.,0.));
#56 = DIRECTION('',(0.,0.,1.));
#57 = ADVANCED_FACE('',(#58,#147),#217,.T.);
#58 = FACE_BOUND('',#59,.T.);
#59 = EDGE_LOOP('',(#60,#61,#69,#77,#85,#93,#101,#109,#117,#125,#133,
    #141));
#60 = ORIENTED_EDGE('',*,*,#21,.F.);
#61 = ORIENTED_EDGE('',*,*,#62,.T.);
#62 = EDGE_CURVE('',#22,#63,#65,.T.);
#63 = VERTEX_POINT('',#64);
#64 = CARTESIAN_POINT('',(26.,3.639702342662,10.));
#65 = LINE('',#66,#67);
#66 = CARTESIAN_POINT('',(-1.,3.639702342662,10.));
#67 = VECTOR('',#68,1.);
#68 = DIRECTION('',(1.,0.,0.));
#69 = ORIENTED_EDGE('',*,*,#70,.T.);
#70 = EDGE_CURVE('',#63,#71,#73,.T.);
#71 = VERTEX_POINT('',#72);
#72 = CARTESIAN_POINT('',(26.,7.575609756098,10.));
#73 = LINE('',#74,#75);
#74 = CARTESIAN_POINT('',(26.,0.,10.));
#75 = VECTOR('',#76,1.);
#76 = DIRECTION('',(0.,1.,0.));
#77 = ORIENTED_EDGE('',*,*,#78,.F.);
#78 = EDGE_CURVE('',#79,#71,#81,.T.);
#79 = VERTEX_POINT('',#80);
#80 = CARTESIAN_POINT('',(25.9,7.6,10.));
#81 = LINE('',#82,#83);
#82 = CARTESIAN_POINT('',(25.9,7.6,10.));
#83 = VECTOR('',#84,1.);
#84 = DIRECTION('',(0.971520338783,-0.236956180191,0.));
#85 = ORIENTED_EDGE('',*,*,#86,.F.);
#86 = EDGE_CURVE('',#87,#79,#89,.T.);
#87 = VERTEX_POINT('',#88);
#88 = CARTESIAN_POINT('',(25.9,11.6,10.));
#89 = LINE('',#90,#91);
#90 = CARTESIAN_POINT('',(25.9,11.6,10.));
#91 = VECTOR('',#92,1.);
#92 = DIRECTION('',(0.,-1.,0.));
#93 = ORIENTED_EDGE('',*,*,#94,.F.);
#94 = EDGE_CURVE('',#95,#87,#97,.T.);
#95 = VERTEX_POINT('',#96);
#96 = CARTESIAN_POINT('',(26.,11.624390243902,10.));
#97 = LINE('',#98,#99);
#98 = CARTESIAN_POINT('',(30.,12.6,10.));
#99 = VECTOR('',#100,1.);
#100 = DIRECTION('',(-0.971520338783,-0.236956180191,0.));
#101 = ORIENTED_EDGE('',*,*,#102,.T.);
#102 = EDGE_CURVE('',#95,#103,#105,.T.);
#103 = VERTEX_POINT('',#104);
#104 = CARTESIAN_POINT('',(26.,32.,10.));
#105 = LINE('',#106,#107);
#106 = CARTESIAN_POINT('',(26.,0.,10.));
#107 = VECTOR('',#108,1.);
#108 = DIRECTION('',(0.,1.,0.));
#109 = ORIENTED_EDGE('',*,*,#110,.F.);
#110 = EDGE_CURVE('',#111,#103,#113,.T.);
#111 = VERTEX_POINT('',#112);
#112 = CARTESIAN_POINT('',(0.,32.,10.));
#113 = LINE('',#114,#115);
#114 = CARTESIAN_POINT('',(0.,32.,10.));
#115 = VECTOR('',#116,1.);
#116 = DIRECTION('',(1.,0.,0.));
#117 = ORIENTED_EDGE('',*,*,#118,.F.);
#118 = EDGE_CURVE('',#119,#111,#121,.T.);
#119 = VERTEX_POINT('',#120);
#120 = CARTESIAN_POINT('',(0.,11.75,10.));
#121 = LINE('',#122,#123);
#122 = CARTESIAN_POINT('',(0.,0.,10.));
#123 = VECTOR('',#124,1.);
#124 = DIRECTION('',(0.,1.,0.));
#125 = ORIENTED_EDGE('',*,*,#126,.T.);
#126 = EDGE_CURVE('',#119,#127,#129,.T.);
#127 = VERTEX_POINT('',#128);
#128 = CARTESIAN_POINT('',(4.,12.75,10.));
#129 = LINE('',#130,#131);
#130 = CARTESIAN_POINT('',(0.617647058824,11.904411764706,10.));
#131 = VECTOR('',#132,1.);
#132 = DIRECTION('',(0.970142500145,0.242535625036,0.));
#133 = ORIENTED_EDGE('',*,*,#134,.T.);
#134 = EDGE_CURVE('',#127,#135,#137,.T.);
#135 = VERTEX_POINT('',#136);
#136 = CARTESIAN_POINT('',(4.,6.45,10.));
#137 = LINE('',#138,#139);
#138 = CARTESIAN_POINT('',(4.,3.225,10.));
#139 = VECTOR('',#140,1.);
#140 = DIRECTION('',(0.,-1.,0.));
#141 = ORIENTED_EDGE('',*,*,#142,.T.);
#142 = EDGE_CURVE('',#135,#24,#143,.T.);
#143 = LINE('',#144,#145);
#144 = CARTESIAN_POINT('',(0.876470588235,7.230882352941,10.));
#145 = VECTOR('',#146,1.);
#146 = DIRECTION('',(-0.970142500145,0.242535625036,0.));
#147 = FACE_BOUND('',#148,.T.);
#148 = EDGE_LOOP('',(#149,#160,#168,#177,#185,#194,#202,#211));
#149 = ORIENTED_EDGE('',*,*,#150,.F.);
#150 = EDGE_CURVE('',#151,#153,#155,.T.);
#151 = VERTEX_POINT('',#152);
#152 = CARTESIAN_POINT('',(8.1,25.34,10.));
#153 = VERTEX_POINT('',#154);
#154 = CARTESIAN_POINT('',(7.5,24.74,10.));
#155 = CIRCLE('',#156,0.6);
#156 = AXIS2_PLACEMENT_3D('',#157,#158,#159);
#157 = CARTESIAN_POINT('',(8.1,24.74,10.));
#158 = DIRECTION('',(0.,-0.,1.));
#159 = DIRECTION('',(0.,1.,0.));
#160 = ORIENTED_EDGE('',*,*,#161,.T.);
#161 = EDGE_CURVE('',#151,#162,#164,.T.);
#162 = VERTEX_POINT('',#163);
#163 = CARTESIAN_POINT('',(17.9,25.34,10.));
#164 = LINE('',#165,#166);
#165 = CARTESIAN_POINT('',(9.25,25.34,10.));
#166 = VECTOR('',#167,1.);
#167 = DIRECTION('',(1.,0.,0.));
#168 = ORIENTED_EDGE('',*,*,#169,.F.);
#169 = EDGE_CURVE('',#170,#162,#172,.T.);
#170 = VERTEX_POINT('',#171);
#171 = CARTESIAN_POINT('',(18.5,24.74,10.));
#172 = CIRCLE('',#173,0.6);
#173 = AXIS2_PLACEMENT_3D('',#174,#175,#176);
#174 = CARTESIAN_POINT('',(17.9,24.74,10.));
#175 = DIRECTION('',(0.,-0.,1.));
#176 = DIRECTION('',(0.,1.,0.));
#177 = ORIENTED_EDGE('',*,*,#178,.T.);
#178 = EDGE_CURVE('',#170,#179,#181,.T.);
#179 = VERTEX_POINT('',#180);
#180 = CARTESIAN_POINT('',(18.5,14.94,10.));
#181 = LINE('',#182,#183);
#182 = CARTESIAN_POINT('',(18.5,7.17,10.));
#183 = VECTOR('',#184,1.);
#184 = DIRECTION('',(0.,-1.,0.));
#185 = ORIENTED_EDGE('',*,*,#186,.F.);
#186 = EDGE_CURVE('',#187,#179,#189,.T.);
#187 = VERTEX_POINT('',#188);
#188 = CARTESIAN_POINT('',(17.9,14.34,10.));
#189 = CIRCLE('',#190,0.6);
#190 = AXIS2_PLACEMENT_3D('',#191,#192,#193);
#191 = CARTESIAN_POINT('',(17.9,14.94,10.));
#192 = DIRECTION('',(-0.,0.,1.));
#193 = DIRECTION('',(0.,-1.,0.));
#194 = ORIENTED_EDGE('',*,*,#195,.T.);
#195 = EDGE_CURVE('',#187,#196,#198,.T.);
#196 = VERTEX_POINT('',#197);
#197 = CARTESIAN_POINT('',(8.1,14.34,10.));
#198 = LINE('',#199,#200);
#199 = CARTESIAN_POINT('',(3.75,14.34,10.));
#200 = VECTOR('',#201,1.);
#201 = DIRECTION('',(-1.,0.,0.));
#202 = ORIENTED_EDGE('',*,*,#203,.F.);
#203 = EDGE_CURVE('',#204,#196,#206,.T.);
#204 = VERTEX_POINT('',#205);
#205 = CARTESIAN_POINT('',(7.5,14.94,10.));
#206 = CIRCLE('',#207,0.6);
#207 = AXIS2_PLACEMENT_3D('',#208,#209,#210);
#208 = CARTESIAN_POINT('',(8.1,14.94,10.));
#209 = DIRECTION('',(0.,0.,1.));
#210 = DIRECTION('',(-1.,0.,0.));
#211 = ORIENTED_EDGE('',*,*,#212,.T.);
#212 = EDGE_CURVE('',#204,#153,#213,.T.);
#213 = LINE('',#214,#215);
#214 = CARTESIAN_POINT('',(7.5,12.67,10.));
#215 = VECTOR('',#216,1.);
#216 = DIRECTION('',(0.,1.,0.));
#217 = PLANE('',#218);
#218 = AXIS2_PLACEMENT_3D('',#219,#220,#221);
#219 = CARTESIAN_POINT('',(0.,0.,10.));
#220 = DIRECTION('',(0.,0.,1.));
#221 = DIRECTION('',(1.,0.,0.));
#222 = ADVANCED_FACE('',(#223),#241,.T.);
#223 = FACE_BOUND('',#224,.T.);
#224 = EDGE_LOOP('',(#225,#233,#234,#235));
#225 = ORIENTED_EDGE('',*,*,#226,.T.);
#226 = EDGE_CURVE('',#227,#40,#229,.T.);
#227 = VERTEX_POINT('',#228);
#228 = CARTESIAN_POINT('',(4.,6.45,0.));
#229 = LINE('',#230,#231);
#230 = CARTESIAN_POINT('',(0.876470588235,7.230882352941,0.));
#231 = VECTOR('',#232,1.);
#232 = DIRECTION('',(-0.970142500145,0.242535625036,0.));
#233 = ORIENTED_EDGE('',*,*,#47,.T.);
#234 = ORIENTED_EDGE('',*,*,#142,.F.);
#235 = ORIENTED_EDGE('',*,*,#236,.F.);
#236 = EDGE_CURVE('',#227,#135,#237,.T.);
#237 = LINE('',#238,#239);
#238 = CARTESIAN_POINT('',(4.,6.45,-1.));
#239 = VECTOR('',#240,1.);
#240 = DIRECTION('',(0.,0.,1.));
#241 = PLANE('',#242);
#242 = AXIS2_PLACEMENT_3D('',#243,#244,#245);
#243 = CARTESIAN_POINT('',(0.,7.45,-1.));
#244 = DIRECTION('',(0.242535625036,0.970142500145,0.));
#245 = DIRECTION('',(0.970142500145,-0.242535625036,0.));
#246 = ADVANCED_FACE('',(#247),#329,.F.);
#247 = FACE_BOUND('',#248,.F.);
#248 = EDGE_LOOP('',(#249,#250,#258,#266,#274,#282,#290,#298,#306,#314,
    #322,#328));
#249 = ORIENTED_EDGE('',*,*,#39,.F.);
#250 = ORIENTED_EDGE('',*,*,#251,.T.);
#251 = EDGE_CURVE('',#32,#252,#254,.T.);
#252 = VERTEX_POINT('',#253);
#253 = CARTESIAN_POINT('',(26.,0.,0.));
#254 = LINE('',#255,#256);
#255 = CARTESIAN_POINT('',(0.,0.,0.));
#256 = VECTOR('',#257,1.);
#257 = DIRECTION('',(1.,0.,0.));
#258 = ORIENTED_EDGE('',*,*,#259,.T.);
#259 = EDGE_CURVE('',#252,#260,#262,.T.);
#260 = VERTEX_POINT('',#261);
#261 = CARTESIAN_POINT('',(26.,7.575609756098,0.));
#262 = LINE('',#263,#264);
#263 = CARTESIAN_POINT('',(26.,0.,0.));
#264 = VECTOR('',#265,1.);
#265 = DIRECTION('',(0.,1.,0.));
#266 = ORIENTED_EDGE('',*,*,#267,.F.);
#267 = EDGE_CURVE('',#268,#260,#270,.T.);
#268 = VERTEX_POINT('',#269);
#269 = CARTESIAN_POINT('',(25.9,7.6,0.));
#270 = LINE('',#271,#272);
#271 = CARTESIAN_POINT('',(25.9,7.6,0.));
#272 = VECTOR('',#273,1.);
#273 = DIRECTION('',(0.971520338783,-0.236956180191,0.));
#274 = ORIENTED_EDGE('',*,*,#275,.F.);
#275 = EDGE_CURVE('',#276,#268,#278,.T.);
#276 = VERTEX_POINT('',#277);
#277 = CARTESIAN_POINT('',(25.9,11.6,0.));
#278 = LINE('',#279,#280);
#279 = CARTESIAN_POINT('',(25.9,11.6,0.));
#280 = VECTOR('',#281,1.);
#281 = DIRECTION('',(0.,-1.,0.));
#282 = ORIENTED_EDGE('',*,*,#283,.F.);
#283 = EDGE_CURVE('',#284,#276,#286,.T.);
#284 = VERTEX_POINT('',#285);
#285 = CARTESIAN_POINT('',(26.,11.624390243902,0.));
#286 = LINE('',#287,#288);
#287 = CARTESIAN_POINT('',(30.,12.6,0.));
#288 = VECTOR('',#289,1.);
#289 = DIRECTION('',(-0.971520338783,-0.236956180191,0.));
#290 = ORIENTED_EDGE('',*,*,#291,.T.);
#291 = EDGE_CURVE('',#284,#292,#294,.T.);
#292 = VERTEX_POINT('',#293);
#293 = CARTESIAN_POINT('',(26.,32.,0.));
#294 = LINE('',#295,#296);
#295 = CARTESIAN_POINT('',(26.,0.,0.));
#296 = VECTOR('',#297,1.);
#297 = DIRECTION('',(0.,1.,0.));
#298 = ORIENTED_EDGE('',*,*,#299,.F.);
#299 = EDGE_CURVE('',#300,#292,#302,.T.);
#300 = VERTEX_POINT('',#301);
#301 = CARTESIAN_POINT('',(0.,32.,0.));
#302 = LINE('',#303,#304);
#303 = CARTESIAN_POINT('',(0.,32.,0.));
#304 = VECTOR('',#305,1.);
#305 = DIRECTION('',(1.,0.,0.));
#306 = ORIENTED_EDGE('',*,*,#307,.F.);
#307 = EDGE_CURVE('',#308,#300,#310,.T.);
#308 = VERTEX_POINT('',#309);
#309 = CARTESIAN_POINT('',(0.,11.75,0.));
#310 = LINE('',#311,#312);
#311 = CARTESIAN_POINT('',(0.,0.,0.));
#312 = VECTOR('',#313,1.);
#313 = DIRECTION('',(0.,1.,0.));
#314 = ORIENTED_EDGE('',*,*,#315,.T.);
#315 = EDGE_CURVE('',#308,#316,#318,.T.);
#316 = VERTEX_POINT('',#317);
#317 = CARTESIAN_POINT('',(4.,12.75,0.));
#318 = LINE('',#319,#320);
#319 = CARTESIAN_POINT('',(0.617647058824,11.904411764706,0.));
#320 = VECTOR('',#321,1.);
#321 = DIRECTION('',(0.970142500145,0.242535625036,0.));
#322 = ORIENTED_EDGE('',*,*,#323,.T.);
#323 = EDGE_CURVE('',#316,#227,#324,.T.);
#324 = LINE('',#325,#326);
#325 = CARTESIAN_POINT('',(4.,3.225,0.));
#326 = VECTOR('',#327,1.);
#327 = DIRECTION('',(0.,-1.,0.));
#328 = ORIENTED_EDGE('',*,*,#226,.T.);
#329 = PLANE('',#330);
#330 = AXIS2_PLACEMENT_3D('',#331,#332,#333);
#331 = CARTESIAN_POINT('',(0.,0.,0.));
#332 = DIRECTION('',(0.,0.,1.));
#333 = DIRECTION('',(1.,0.,0.));
#334 = ADVANCED_FACE('',(#335,#346,#648),#736,.T.);
#335 = FACE_BOUND('',#336,.T.);
#336 = EDGE_LOOP('',(#337,#338,#339,#345));
#337 = ORIENTED_EDGE('',*,*,#31,.T.);
#338 = ORIENTED_EDGE('',*,*,#251,.T.);
#339 = ORIENTED_EDGE('',*,*,#340,.F.);
#340 = EDGE_CURVE('',#63,#252,#341,.T.);
#341 = LINE('',#342,#343);
#342 = CARTESIAN_POINT('',(26.,0.,0.));
#343 = VECTOR('',#344,1.);
#344 = DIRECTION('',(0.,-0.342020143326,-0.939692620786));
#345 = ORIENTED_EDGE('',*,*,#62,.F.);
#346 = FACE_BOUND('',#347,.T.);
#347 = EDGE_LOOP('',(#348,#358,#370,#385,#402,#423,#442,#461,#484,#507,
    #526,#549,#571,#593,#616,#633));
#348 = ORIENTED_EDGE('',*,*,#349,.F.);
#349 = EDGE_CURVE('',#350,#352,#354,.T.);
#350 = VERTEX_POINT('',#351);
#351 = CARTESIAN_POINT('',(15.76152866242,2.684848727124,7.376561252424)
  );
#352 = VERTEX_POINT('',#353);
#353 = CARTESIAN_POINT('',(16.80101910828,2.723625533182,7.483099651469)
  );
#354 = LINE('',#355,#356);
#355 = CARTESIAN_POINT('',(7.575974629445,2.379497540412,6.53761576193)
  );
#356 = VECTOR('',#357,1.);
#357 = DIRECTION('',(0.994104564342,3.708374622103E-02,0.101886755371));
#358 = ORIENTED_EDGE('',*,*,#359,.F.);
#359 = EDGE_CURVE('',#360,#350,#362,.T.);
#360 = VERTEX_POINT('',#361);
#361 = CARTESIAN_POINT('',(15.562802547771,2.845097145869,7.816840164431
    ));
#362 = B_SPLINE_CURVE_WITH_KNOTS('',6,(#363,#364,#365,#366,#367,#368,
    #369),.UNSPECIFIED.,.F.,.F.,(7,7),(0.,1.),.PIECEWISE_BEZIER_KNOTS.);
#363 = CARTESIAN_POINT('',(15.562802547771,2.845097145869,7.816840164431
    ));
#364 = CARTESIAN_POINT('',(15.618026466306,2.827318730517,7.767994369698
    ));
#365 = CARTESIAN_POINT('',(15.664365790239,2.805563002284,7.708220997632
    ));
#366 = CARTESIAN_POINT('',(15.701479143905,2.780031953409,7.638075017354
    ));
#367 = CARTESIAN_POINT('',(15.729640436977,2.751108694692,7.558609017131
    ));
#368 = CARTESIAN_POINT('',(15.749424762063,2.719236480843,7.471040829273
    ));
#369 = CARTESIAN_POINT('',(15.76152866242,2.684848727124,7.376561252424)
  );
#370 = ORIENTED_EDGE('',*,*,#371,.F.);
#371 = EDGE_CURVE('',#372,#360,#374,.T.);
#372 = VERTEX_POINT('',#373);
#373 = CARTESIAN_POINT('',(15.146242038217,2.896770507651,7.958811559113
    ));
#374 = B_SPLINE_CURVE_WITH_KNOTS('',5,(#375,#376,#377,#378,#379,#380,
    #381,#382,#383,#384),.UNSPECIFIED.,.F.,.F.,(6,4,6),(0.,
    0.766680143997,1.),.UNSPECIFIED.);
#375 = CARTESIAN_POINT('',(15.146242038217,2.896770507651,7.958811559113
    ));
#376 = CARTESIAN_POINT('',(15.223022244118,2.896770507651,7.958811559113
    ));
#377 = CARTESIAN_POINT('',(15.295560477175,2.893866528428,7.950832941772
    ));
#378 = CARTESIAN_POINT('',(15.363234991345,2.887888074606,7.934407274894
    ));
#379 = CARTESIAN_POINT('',(15.42551795741,2.878752039183,7.909306223864)
  );
#380 = CARTESIAN_POINT('',(15.499302085605,2.862810482881,7.865507157895
    ));
#381 = CARTESIAN_POINT('',(15.515988804261,2.858805052465,7.85450232827)
  );
#382 = CARTESIAN_POINT('',(15.53213833648,2.854515540646,7.842716991407)
  );
#383 = CARTESIAN_POINT('',(15.54774430291,2.849944895517,7.830159247122)
  );
#384 = CARTESIAN_POINT('',(15.562802547771,2.845097145869,7.816840164431
    ));
#385 = ORIENTED_EDGE('',*,*,#386,.F.);
#386 = EDGE_CURVE('',#387,#372,#389,.T.);
#387 = VERTEX_POINT('',#388);
#388 = CARTESIAN_POINT('',(14.570955414013,2.791768145178,7.670319939228
    ));
#389 = B_SPLINE_CURVE_WITH_KNOTS('',6,(#390,#391,#392,#393,#394,#395,
    #396,#397,#398,#399,#400,#401),.UNSPECIFIED.,.F.,.F.,(7,5,7),(0.,
    0.663443140163,1.),.UNSPECIFIED.);
#390 = CARTESIAN_POINT('',(14.570955414013,2.791768145178,7.670319939228
    ));
#391 = CARTESIAN_POINT('',(14.620651663368,2.813958315908,7.731286932244
    ));
#392 = CARTESIAN_POINT('',(14.674280285814,2.833834710053,7.785896876336
    ));
#393 = CARTESIAN_POINT('',(14.731900790731,2.851080297768,7.833278739169
    ));
#394 = CARTESIAN_POINT('',(14.79345297694,2.86540795687,7.872643659027)
  );
#395 = CARTESIAN_POINT('',(14.858690463522,2.876611202004,7.903424322055
    ));
#396 = CARTESIAN_POINT('',(14.961787872812,2.888701209511,7.936641344682
    ));
#397 = CARTESIAN_POINT('',(14.997305885326,2.891951993903,7.945572801396
    ));
#398 = CARTESIAN_POINT('',(15.033580900088,2.894377028198,7.952235528362
    ));
#399 = CARTESIAN_POINT('',(15.070544429491,2.895979214412,7.956637498806
    ));
#400 = CARTESIAN_POINT('',(15.108123542385,2.896770507651,7.958811559113
    ));
#401 = CARTESIAN_POINT('',(15.146242038217,2.896770507651,7.958811559113
    ));
#402 = ORIENTED_EDGE('',*,*,#403,.F.);
#403 = EDGE_CURVE('',#404,#387,#406,.T.);
#404 = VERTEX_POINT('',#405);
#405 = CARTESIAN_POINT('',(14.274904458599,2.355463722851,6.471583390878
    ));
#406 = B_SPLINE_CURVE_WITH_KNOTS('',8,(#407,#408,#409,#410,#411,#412,
    #413,#414,#415,#416,#417,#418,#419,#420,#421,#422),.UNSPECIFIED.,.F.
  ,.F.,(9,7,9),(0.,0.710168104425,1.),.UNSPECIFIED.);
#407 = CARTESIAN_POINT('',(14.274904458599,2.355463722851,6.471583390878
    ));
#408 = CARTESIAN_POINT('',(14.283224302678,2.400553901469,6.595467638469
    ));
#409 = CARTESIAN_POINT('',(14.293709003613,2.445017559656,6.717630535324
    ));
#410 = CARTESIAN_POINT('',(14.30666845543,2.48884402265,6.838042752776)
  );
#411 = CARTESIAN_POINT('',(14.32250535697,2.531910999598,6.956368299463)
  );
#412 = CARTESIAN_POINT('',(14.34171024153,2.57398768697,7.071973047905)
  );
#413 = CARTESIAN_POINT('',(14.364936954994,2.614706530359,7.183847150663
    ));
#414 = CARTESIAN_POINT('',(14.392978356879,2.653573228087,7.290632525039
    ));
#415 = CARTESIAN_POINT('',(14.44104250474,2.70465066742,7.430966636248)
  );
#416 = CARTESIAN_POINT('',(14.455973716253,2.719007778659,7.470412475186
    ));
#417 = CARTESIAN_POINT('',(14.471985411362,2.732864889021,7.508484573006
    ));
#418 = CARTESIAN_POINT('',(14.489158288059,2.746153025259,7.544993427266
    ));
#419 = CARTESIAN_POINT('',(14.507572793452,2.75878805751,7.579707893069)
  );
#420 = CARTESIAN_POINT('',(14.527304857633,2.770673066859,7.612361687886
    ));
#421 = CARTESIAN_POINT('',(14.548418515142,2.781702504883,7.642664819806
    ));
#422 = CARTESIAN_POINT('',(14.570955414013,2.791768145178,7.670319939228
    ));
#423 = ORIENTED_EDGE('',*,*,#424,.F.);
#424 = EDGE_CURVE('',#425,#404,#427,.T.);
#425 = VERTEX_POINT('',#426);
#426 = CARTESIAN_POINT('',(15.272356687898,2.517542058287,6.91688995767)
  );
#427 = B_SPLINE_CURVE_WITH_KNOTS('',5,(#428,#429,#430,#431,#432,#433,
    #434,#435,#436,#437,#438,#439,#440,#441),.UNSPECIFIED.,.F.,.F.,(6,4,
    4,6),(0.,0.44086462525,0.812513928804,1.),.UNSPECIFIED.);
#428 = CARTESIAN_POINT('',(15.272356687898,2.517542058287,6.91688995767)
  );
#429 = CARTESIAN_POINT('',(15.169768421764,2.517542058287,6.91688995767)
  );
#430 = CARTESIAN_POINT('',(15.06863601957,2.514542475792,6.908648672497)
  );
#431 = CARTESIAN_POINT('',(14.969790618883,2.508292304334,6.89147646755)
  );
#432 = CARTESIAN_POINT('',(14.874109665607,2.498650976357,6.86498713664)
  );
#433 = CARTESIAN_POINT('',(14.705074804697,2.474845616082,6.799582446821
    ));
#434 = CARTESIAN_POINT('',(14.630550616713,2.461626039578,6.763261958883
    ));
#435 = CARTESIAN_POINT('',(14.559292490809,2.446141007687,6.720717183421
    ));
#436 = CARTESIAN_POINT('',(14.491548931609,2.428557459967,6.672406783107
    ));
#437 = CARTESIAN_POINT('',(14.395075123363,2.399271580967,6.591944491845
    ));
#438 = CARTESIAN_POINT('',(14.363644097419,2.388971675205,6.563645733344
    ));
#439 = CARTESIAN_POINT('',(14.333141402504,2.378218417092,6.534101399491
    ));
#440 = CARTESIAN_POINT('',(14.303564874455,2.367039937164,6.503388778304
    ));
#441 = CARTESIAN_POINT('',(14.274904458599,2.355463722851,6.471583390878
    ));
#442 = ORIENTED_EDGE('',*,*,#443,.F.);
#443 = EDGE_CURVE('',#444,#425,#446,.T.);
#444 = VERTEX_POINT('',#445);
#445 = CARTESIAN_POINT('',(16.424458598726,2.342392889348,6.435671570975
    ));
#446 = B_SPLINE_CURVE_WITH_KNOTS('',5,(#447,#448,#449,#450,#451,#452,
    #453,#454,#455,#456,#457,#458,#459,#460),.UNSPECIFIED.,.F.,.F.,(6,4,
    4,6),(0.,0.190697629172,0.56840011269,1.),.UNSPECIFIED.);
#447 = CARTESIAN_POINT('',(16.424458598726,2.342392889348,6.435671570975
    ));
#448 = CARTESIAN_POINT('',(16.389653283832,2.35510664002,6.470602313864)
  );
#449 = CARTESIAN_POINT('',(16.353850929867,2.367375483221,6.504310683519
    ));
#450 = CARTESIAN_POINT('',(16.317043985776,2.379168635374,6.536712102765
    ));
#451 = CARTESIAN_POINT('',(16.279234184116,2.390454586719,6.567719999242
    ));
#452 = CARTESIAN_POINT('',(16.163595611654,2.422493481313,6.655746138683
    ));
#453 = CARTESIAN_POINT('',(16.082869420486,2.441680615775,6.708462357361
    ));
#454 = CARTESIAN_POINT('',(15.998412192022,2.458524219434,6.754739778078
    ));
#455 = CARTESIAN_POINT('',(15.910537727553,2.47283828302,6.794067344561)
  );
#456 = CARTESIAN_POINT('',(15.716131182843,2.497936515954,6.863024172816
    ));
#457 = CARTESIAN_POINT('',(15.608689063228,2.507930234453,6.890481688728
    ));
#458 = CARTESIAN_POINT('',(15.498328264379,2.514420334318,6.908313091556
    ));
#459 = CARTESIAN_POINT('',(15.385939495776,2.517542058287,6.91688995767)
  );
#460 = CARTESIAN_POINT('',(15.272356687898,2.517542058287,6.91688995767)
  );
#461 = ORIENTED_EDGE('',*,*,#462,.F.);
#462 = EDGE_CURVE('',#463,#444,#465,.T.);
#463 = VERTEX_POINT('',#464);
#464 = CARTESIAN_POINT('',(16.904203821656,1.890142050148,5.193122602343
    ));
#465 = B_SPLINE_CURVE_WITH_KNOTS('',5,(#466,#467,#468,#469,#470,#471,
    #472,#473,#474,#475,#476,#477,#478,#479,#480,#481,#482,#483),
  .UNSPECIFIED.,.F.,.F.,(6,4,4,4,6),(0.,0.275239007959,0.523026654426,
    0.763477747715,1.),.UNSPECIFIED.);
#466 = CARTESIAN_POINT('',(16.904203821656,1.890142050148,5.193122602343
    ));
#467 = CARTESIAN_POINT('',(16.904203821656,1.91826684963,5.270394853846)
  );
#468 = CARTESIAN_POINT('',(16.901114920876,1.946210591447,5.347169653504
    ));
#469 = CARTESIAN_POINT('',(16.894728839354,1.973918941605,5.423297719893
    ));
#470 = CARTESIAN_POINT('',(16.884836707035,2.001323392105,5.498590828836
    ));
#471 = CARTESIAN_POINT('',(16.859060550826,2.052671374571,5.639668251195
    ));
#472 = CARTESIAN_POINT('',(16.843872430486,2.076687761634,5.705652732346
    ));
#473 = CARTESIAN_POINT('',(16.825587483475,2.100335311052,5.770623840398
    ));
#474 = CARTESIAN_POINT('',(16.804114176103,2.123550235965,5.834406322392
    ));
#475 = CARTESIAN_POINT('',(16.755461091186,2.168312950452,5.957390869678
    ));
#476 = CARTESIAN_POINT('',(16.728468193605,2.189890619244,6.016675027447
    ));
#477 = CARTESIAN_POINT('',(16.698416194691,2.210940951418,6.074510339768
    ));
#478 = CARTESIAN_POINT('',(16.665327330673,2.231409601507,6.130747493696
    ));
#479 = CARTESIAN_POINT('',(16.593834163083,2.270766613815,6.238879996308
    ));
#480 = CARTESIAN_POINT('',(16.55552377131,2.289676308575,6.290833955671)
  );
#481 = CARTESIAN_POINT('',(16.514435000026,2.307935054392,6.34099944751)
  );
#482 = CARTESIAN_POINT('',(16.470693251023,2.325513177912,6.389294944957
    ));
#483 = CARTESIAN_POINT('',(16.424458598726,2.342392889348,6.435671570975
    ));
#484 = ORIENTED_EDGE('',*,*,#485,.F.);
#485 = EDGE_CURVE('',#486,#463,#488,.T.);
#486 = VERTEX_POINT('',#487);
#487 = CARTESIAN_POINT('',(16.39974522293,1.418197821804,3.896466491725)
  );
#488 = B_SPLINE_CURVE_WITH_KNOTS('',5,(#489,#490,#491,#492,#493,#494,
    #495,#496,#497,#498,#499,#500,#501,#502,#503,#504,#505,#506),
  .UNSPECIFIED.,.F.,.F.,(6,4,4,4,6),(0.,0.201814822545,0.449435024929,
    0.703724951199,1.),.UNSPECIFIED.);
#489 = CARTESIAN_POINT('',(16.39974522293,1.418197821804,3.896466491725)
  );
#490 = CARTESIAN_POINT('',(16.44162200502,1.432954546119,3.937010258568)
  );
#491 = CARTESIAN_POINT('',(16.481544740211,1.448289557359,3.979142855676
    ));
#492 = CARTESIAN_POINT('',(16.519398969166,1.46418966153,4.022828032853)
  );
#493 = CARTESIAN_POINT('',(16.555096150573,1.480632816383,4.068005229515
    ));
#494 = CARTESIAN_POINT('',(16.629649474305,1.518391749727,4.171747046262
    ));
#495 = CARTESIAN_POINT('',(16.667386372205,1.539967428446,4.231025736352
    ));
#496 = CARTESIAN_POINT('',(16.701668368443,1.562256965685,4.292265736605
    ));
#497 = CARTESIAN_POINT('',(16.732465904138,1.585190413529,4.355274866707
    ));
#498 = CARTESIAN_POINT('',(16.787901074663,1.632822778249,4.48614371321)
  );
#499 = CARTESIAN_POINT('',(16.812351864549,1.657553895166,4.554091898497
    ));
#500 = CARTESIAN_POINT('',(16.833208105223,1.682801030904,4.623457833844
    ));
#501 = CARTESIAN_POINT('',(16.850590879371,1.708483295773,4.694019276651
    ));
#502 = CARTESIAN_POINT('',(16.881039623672,1.764872629668,4.848947698225
    ));
#503 = CARTESIAN_POINT('',(16.892919019539,1.795709435522,4.933671125998
    ));
#504 = CARTESIAN_POINT('',(16.900539236798,1.826925831199,5.019437468239
    ));
#505 = CARTESIAN_POINT('',(16.904203821656,1.858427055535,5.105986370785
    ));
#506 = CARTESIAN_POINT('',(16.904203821656,1.890142050148,5.193122602343
    ));
#507 = ORIENTED_EDGE('',*,*,#508,.F.);
#508 = EDGE_CURVE('',#509,#486,#511,.T.);
#509 = VERTEX_POINT('',#510);
#510 = CARTESIAN_POINT('',(15.104203821656,1.240434486164,3.408065741049
    ));
#511 = B_SPLINE_CURVE_WITH_KNOTS('',5,(#512,#513,#514,#515,#516,#517,
    #518,#519,#520,#521,#522,#523,#524,#525),.UNSPECIFIED.,.F.,.F.,(6,4,
    4,6),(0.,0.225143665681,0.648979125613,1.),.UNSPECIFIED.);
#512 = CARTESIAN_POINT('',(15.104203821656,1.240434486164,3.408065741049
    ));
#513 = CARTESIAN_POINT('',(15.170827714213,1.240434486164,3.408065741049
    ));
#514 = CARTESIAN_POINT('',(15.237089081618,1.241222518928,3.410230843272
    ));
#515 = CARTESIAN_POINT('',(15.302885516655,1.242841478952,3.414678899383
    ));
#516 = CARTESIAN_POINT('',(15.36809466593,1.245332591386,3.421523174545)
  );
#517 = CARTESIAN_POINT('',(15.553971055304,1.255120506665,3.448415250756
    ));
#518 = CARTESIAN_POINT('',(15.672827818912,1.264720055834,3.474789795336
    ));
#519 = CARTESIAN_POINT('',(15.788147409077,1.277741019068,3.510564597801
    ));
#520 = CARTESIAN_POINT('',(15.898910032276,1.294276772128,3.555996205946
    ));
#521 = CARTESIAN_POINT('',(16.091483681045,1.330626100672,3.655865165335
    ));
#522 = CARTESIAN_POINT('',(16.175024401289,1.349393170068,3.707427264728
    ));
#523 = CARTESIAN_POINT('',(16.254379434225,1.370369676971,3.765059743783
    ));
#524 = CARTESIAN_POINT('',(16.329311454788,1.393378061375,3.828274760391
    ));
#525 = CARTESIAN_POINT('',(16.39974522293,1.418197821804,3.896466491725)
  );
#526 = ORIENTED_EDGE('',*,*,#527,.F.);
#527 = EDGE_CURVE('',#528,#509,#530,.T.);
#528 = VERTEX_POINT('',#529);
#529 = CARTESIAN_POINT('',(13.709299363057,1.466647044654,4.029579637498
    ));
#530 = B_SPLINE_CURVE_WITH_KNOTS('',5,(#531,#532,#533,#534,#535,#536,
    #537,#538,#539,#540,#541,#542,#543,#544,#545,#546,#547,#548),
  .UNSPECIFIED.,.F.,.F.,(6,4,4,4,6),(0.,0.17420371968,0.515759858413,
    0.839123881488,1.),.UNSPECIFIED.);
#531 = CARTESIAN_POINT('',(13.709299363057,1.466647044654,4.029579637498
    ));
#532 = CARTESIAN_POINT('',(13.745463607456,1.451677504078,3.988451162785
    ));
#533 = CARTESIAN_POINT('',(13.782867535028,1.437155989783,3.948553630164
    ));
#534 = CARTESIAN_POINT('',(13.821529652743,1.423118738144,3.909986598253
    ));
#535 = CARTESIAN_POINT('',(13.861457117363,1.409603814882,3.872854651766
    ));
#536 = CARTESIAN_POINT('',(13.983380631274,1.371246080713,3.767467643274
    ));
#537 = CARTESIAN_POINT('',(14.068958814143,1.347988433634,3.703567783097
    ));
#538 = CARTESIAN_POINT('',(14.159247825025,1.32716657506,3.646360196831)
  );
#539 = CARTESIAN_POINT('',(14.253911155348,1.309017187021,3.596495163018
    ));
#540 = CARTESIAN_POINT('',(14.445381022213,1.279092225887,3.514277008024
    ));
#541 = CARTESIAN_POINT('',(14.541831333352,1.267024506279,3.481121220897
    ));
#542 = CARTESIAN_POINT('',(14.641043613312,1.257533567644,3.455045081309
    ));
#543 = CARTESIAN_POINT('',(14.742389529764,1.250570870775,3.435915228882
    ));
#544 = CARTESIAN_POINT('',(14.896417327994,1.24374152957,3.417151768132)
  );
#545 = CARTESIAN_POINT('',(14.947967153598,1.242067052124,3.412551179159
    ));
#546 = CARTESIAN_POINT('',(14.999823487876,1.240971396746,3.409540890747
    ));
#547 = CARTESIAN_POINT('',(15.051921363377,1.240434486164,3.408065741049
    ));
#548 = CARTESIAN_POINT('',(15.104203821656,1.240434486164,3.408065741049
    ));
#549 = ORIENTED_EDGE('',*,*,#550,.F.);
#550 = EDGE_CURVE('',#551,#528,#553,.T.);
#551 = VERTEX_POINT('',#552);
#552 = CARTESIAN_POINT('',(13.162802547771,2.208198998718,6.066976886641
    ));
#553 = B_SPLINE_CURVE_WITH_KNOTS('',6,(#554,#555,#556,#557,#558,#559,
    #560,#561,#562,#563,#564,#565,#566,#567,#568,#569,#570),
  .UNSPECIFIED.,.F.,.F.,(7,5,5,7),(0.,0.356309431948,0.65985680493,1.),
  .UNSPECIFIED.);
#554 = CARTESIAN_POINT('',(13.162802547771,2.208198998718,6.066976886641
    ));
#555 = CARTESIAN_POINT('',(13.162802547771,2.16014883193,5.934960138389)
  );
#556 = CARTESIAN_POINT('',(13.165653236829,2.112252433438,5.803365865059
    ));
#557 = CARTESIAN_POINT('',(13.171655585378,2.064545009064,5.672290793851
    ));
#558 = CARTESIAN_POINT('',(13.181175299498,2.017087634604,5.541902729135
    ));
#559 = CARTESIAN_POINT('',(13.194651866514,1.969967885807,5.412442283306
    ));
#560 = CARTESIAN_POINT('',(13.227974173081,1.883549196346,5.175008885393
    ));
#561 = CARTESIAN_POINT('',(13.246578091748,1.844133528991,5.066715229363
    ));
#562 = CARTESIAN_POINT('',(13.268802900206,1.805124475078,4.959538734581
    ));
#563 = CARTESIAN_POINT('',(13.295051301684,1.766630805291,4.853778246049
    ));
#564 = CARTESIAN_POINT('',(13.325782801742,1.7288021117,4.749844764603)
  );
#565 = CARTESIAN_POINT('',(13.401552350662,1.650397983931,4.534431193964
    ));
#566 = CARTESIAN_POINT('',(13.447859783064,1.610049506466,4.423574663218
    ));
#567 = CARTESIAN_POINT('',(13.501156700343,1.571054246062,4.316436065793
    ));
#568 = CARTESIAN_POINT('',(13.562165006723,1.5338143431,4.214120273302)
  );
#569 = CARTESIAN_POINT('',(13.631519115067,1.49884278378,4.118036703748)
  );
#570 = CARTESIAN_POINT('',(13.709299363057,1.466647044654,4.029579637498
    ));
#571 = ORIENTED_EDGE('',*,*,#572,.F.);
#572 = EDGE_CURVE('',#573,#551,#575,.T.);
#573 = VERTEX_POINT('',#574);
#574 = CARTESIAN_POINT('',(13.732229299363,2.970054314157,8.1601571627)
  );
#575 = B_SPLINE_CURVE_WITH_KNOTS('',6,(#576,#577,#578,#579,#580,#581,
    #582,#583,#584,#585,#586,#587,#588,#589,#590,#591,#592),
  .UNSPECIFIED.,.F.,.F.,(7,5,5,7),(0.,0.34523454026,0.647254077254,1.),
  .UNSPECIFIED.);
#576 = CARTESIAN_POINT('',(13.732229299363,2.970054314157,8.1601571627)
  );
#577 = CARTESIAN_POINT('',(13.650206457717,2.936440364832,8.067803595951
    ));
#578 = CARTESIAN_POINT('',(13.577107547856,2.899903802175,7.967420215065
    ));
#579 = CARTESIAN_POINT('',(13.512887496384,2.860980241039,7.86047860976)
  );
#580 = CARTESIAN_POINT('',(13.456880608309,2.820215640765,7.748478790996
    ));
#581 = CARTESIAN_POINT('',(13.408318863221,2.778038836128,7.632598972631
    ));
#582 = CARTESIAN_POINT('',(13.329788042346,2.696858904991,7.409558944919
    ));
#583 = CARTESIAN_POINT('',(13.298258703595,2.658125219186,7.303139017798
    ));
#584 = CARTESIAN_POINT('',(13.271323813684,2.618728285273,7.194896831474
    ));
#585 = CARTESIAN_POINT('',(13.248517604392,2.57881816471,7.085244676421)
  );
#586 = CARTESIAN_POINT('',(13.22943029878,2.53850418366,6.974482923797)
  );
#587 = CARTESIAN_POINT('',(13.195349077835,2.450377763905,6.732357575462
    ));
#588 = CARTESIAN_POINT('',(13.181584728671,2.402454267161,6.600688850297
    ));
#589 = CARTESIAN_POINT('',(13.171857333788,2.354200668056,6.46811317635)
  );
#590 = CARTESIAN_POINT('',(13.165718205518,2.305704259873,6.334870389941
    ));
#591 = CARTESIAN_POINT('',(13.162802547771,2.257025270851,6.2011259668)
  );
#592 = CARTESIAN_POINT('',(13.162802547771,2.208198998718,6.066976886641
    ));
#593 = ORIENTED_EDGE('',*,*,#594,.F.);
#594 = EDGE_CURVE('',#595,#573,#597,.T.);
#595 = VERTEX_POINT('',#596);
#596 = CARTESIAN_POINT('',(15.211210191083,3.203499400519,8.801542266161
    ));
#597 = B_SPLINE_CURVE_WITH_KNOTS('',5,(#598,#599,#600,#601,#602,#603,
    #604,#605,#606,#607,#608,#609,#610,#611,#612,#613,#614,#615),
  .UNSPECIFIED.,.F.,.F.,(6,4,4,4,6),(0.,0.182073942453,0.533572658247,
    0.845726987787,1.),.UNSPECIFIED.);
#598 = CARTESIAN_POINT('',(15.211210191083,3.203499400519,8.801542266161
    ));
#599 = CARTESIAN_POINT('',(15.14863899506,3.203499400519,8.801542266161)
  );
#600 = CARTESIAN_POINT('',(15.086301090318,3.202808904902,8.799645145047
    ));
#601 = CARTESIAN_POINT('',(15.02427880619,3.201393847897,8.795757307877)
  );
#602 = CARTESIAN_POINT('',(14.962669504312,3.199222010805,8.78979023451)
  );
#603 = CARTESIAN_POINT('',(14.78365360082,3.1905658038,8.766007501224));
#604 = CARTESIAN_POINT('',(14.667644521653,3.18194768867,8.742329424506)
  );
#605 = CARTESIAN_POINT('',(14.554413110817,3.17023372617,8.710145577045)
  );
#606 = CARTESIAN_POINT('',(14.444838476669,3.155348455873,8.669248633021
    ));
#607 = CARTESIAN_POINT('',(14.246346627506,3.121515021567,8.576292036243
    ));
#608 = CARTESIAN_POINT('',(14.156463577314,3.103203644487,8.525981941198
    ));
#609 = CARTESIAN_POINT('',(14.070608008224,3.082586708697,8.469337375656
    ));
#610 = CARTESIAN_POINT('',(13.98906540264,3.059851698849,8.406873449468)
  );
#611 = CARTESIAN_POINT('',(13.873840127305,3.023064368122,8.305801088972
    ));
#612 = CARTESIAN_POINT('',(13.836807898462,3.010435420703,8.271103341108
    ));
#613 = CARTESIAN_POINT('',(13.800864578567,2.997372418974,8.235213038828
    ));
#614 = CARTESIAN_POINT('',(13.766009062801,2.983902837731,8.198205668512
    ));
#615 = CARTESIAN_POINT('',(13.732229299363,2.970054314157,8.1601571627)
  );
#616 = ORIENTED_EDGE('',*,*,#617,.F.);
#617 = EDGE_CURVE('',#618,#595,#620,.T.);
#618 = VERTEX_POINT('',#619);
#619 = CARTESIAN_POINT('',(16.267770700637,3.080546426701,8.463731746944
    ));
#620 = B_SPLINE_CURVE_WITH_KNOTS('',6,(#621,#622,#623,#624,#625,#626,
    #627,#628,#629,#630,#631,#632),.UNSPECIFIED.,.F.,.F.,(7,5,7),(0.,
    0.205075326209,1.),.UNSPECIFIED.);
#621 = CARTESIAN_POINT('',(16.267770700637,3.080546426701,8.463731746944
    ));
#622 = CARTESIAN_POINT('',(16.238624773095,3.089112532352,8.487266928792
    ));
#623 = CARTESIAN_POINT('',(16.208756461671,3.097344706273,8.509884640753
    ));
#624 = CARTESIAN_POINT('',(16.178178530235,3.105233322783,8.531558436484
    ));
#625 = CARTESIAN_POINT('',(16.146907423014,3.112770281435,8.552266060191
    ));
#626 = CARTESIAN_POINT('',(16.114963264583,3.119949007018,8.571989446633
    ));
#627 = CARTESIAN_POINT('',(15.956029445906,3.153182856584,8.663298697876
    ));
#628 = CARTESIAN_POINT('',(15.819874324022,3.174155819589,8.720921440151
    ));
#629 = CARTESIAN_POINT('',(15.675469907299,3.18934268808,8.762647018402)
  );
#630 = CARTESIAN_POINT('',(15.524704855001,3.19896585927,8.789086463949)
  );
#631 = CARTESIAN_POINT('',(15.369422164625,3.203499400519,8.801542266161
    ));
#632 = CARTESIAN_POINT('',(15.211210191083,3.203499400519,8.801542266161
    ));
#633 = ORIENTED_EDGE('',*,*,#634,.F.);
#634 = EDGE_CURVE('',#352,#618,#635,.T.);
#635 = B_SPLINE_CURVE_WITH_KNOTS('',6,(#636,#637,#638,#639,#640,#641,
    #642,#643,#644,#645,#646,#647),.UNSPECIFIED.,.F.,.F.,(7,5,7),(0.,
    0.492388443474,1.),.UNSPECIFIED.);
#636 = CARTESIAN_POINT('',(16.80101910828,2.723625533182,7.483099651469)
  );
#637 = CARTESIAN_POINT('',(16.783854087508,2.758667583793,7.579376894253
    ));
#638 = CARTESIAN_POINT('',(16.762205569362,2.79302202903,7.673764956799)
  );
#639 = CARTESIAN_POINT('',(16.735720606627,2.826558133902,7.765904647672
    ));
#640 = CARTESIAN_POINT('',(16.704048431944,2.859113324866,7.855349299732
    ));
#641 = CARTESIAN_POINT('',(16.666879260397,2.890500723869,7.941585469746
    ));
#642 = CARTESIAN_POINT('',(16.579878628446,2.951483988689,8.109135612805
    ));
#643 = CARTESIAN_POINT('',(16.529680448759,2.981002010444,8.190235711043
    ));
#644 = CARTESIAN_POINT('',(16.473279428813,3.008852191234,8.266753453893
    ));
#645 = CARTESIAN_POINT('',(16.410654896758,3.03482677128,8.338118026049)
  );
#646 = CARTESIAN_POINT('',(16.341996948516,3.058759762409,8.403873378755
    ));
#647 = CARTESIAN_POINT('',(16.267770700637,3.080546426701,8.463731746944
    ));
#648 = FACE_BOUND('',#649,.T.);
#649 = EDGE_LOOP('',(#650,#660,#668,#683,#691,#703,#722,#730));
#650 = ORIENTED_EDGE('',*,*,#651,.F.);
#651 = EDGE_CURVE('',#652,#654,#656,.T.);
#652 = VERTEX_POINT('',#653);
#653 = CARTESIAN_POINT('',(10.483057324841,1.273895819932,3.5));
#654 = VERTEX_POINT('',#655);
#655 = CARTESIAN_POINT('',(11.556942675159,1.273895819932,3.5));
#656 = LINE('',#657,#658);
#657 = CARTESIAN_POINT('',(5.27847133758,1.273895819932,3.5));
#658 = VECTOR('',#659,1.);
#659 = DIRECTION('',(1.,0.,0.));
#660 = ORIENTED_EDGE('',*,*,#661,.F.);
#661 = EDGE_CURVE('',#662,#652,#664,.T.);
#662 = VERTEX_POINT('',#663);
#663 = CARTESIAN_POINT('',(10.483057324841,2.663238282399,7.317187043519
    ));
#664 = LINE('',#665,#666);
#665 = CARTESIAN_POINT('',(10.483057324841,0.636947909966,1.75));
#666 = VECTOR('',#667,1.);
#667 = DIRECTION('',(-0.,-0.342020143326,-0.939692620786));
#668 = ORIENTED_EDGE('',*,*,#669,.F.);
#669 = EDGE_CURVE('',#670,#662,#672,.T.);
#670 = VERTEX_POINT('',#671);
#671 = CARTESIAN_POINT('',(9.095796178344,2.383696723217,6.549152921867)
  );
#672 = B_SPLINE_CURVE_WITH_KNOTS('',5,(#673,#674,#675,#676,#677,#678,
    #679,#680,#681,#682),.UNSPECIFIED.,.F.,.F.,(6,4,6),(0.,
    0.724057549441,1.),.UNSPECIFIED.);
#673 = CARTESIAN_POINT('',(9.095796178344,2.383696723217,6.549152921867)
  );
#674 = CARTESIAN_POINT('',(9.321070752604,2.409232076143,6.619310727428)
  );
#675 = CARTESIAN_POINT('',(9.539740508995,2.440098888708,6.704116597962)
  );
#676 = CARTESIAN_POINT('',(9.750086069848,2.476516992288,6.804174515207)
  );
#677 = CARTESIAN_POINT('',(9.950465782084,2.518514045045,6.919560469341)
  );
#678 = CARTESIAN_POINT('',(10.211662778859,2.583768239909,7.098844896254
    ));
#679 = CARTESIAN_POINT('',(10.282107575286,2.602538453325,7.150415633773
    ));
#680 = CARTESIAN_POINT('',(10.350854731696,2.62205554452,7.204038401124)
  );
#681 = CARTESIAN_POINT('',(10.41785106875,2.642297711285,7.259653297232)
  );
#682 = CARTESIAN_POINT('',(10.483057324841,2.663238282399,7.317187043519
    ));
#683 = ORIENTED_EDGE('',*,*,#684,.F.);
#684 = EDGE_CURVE('',#685,#670,#687,.T.);
#685 = VERTEX_POINT('',#686);
#686 = CARTESIAN_POINT('',(9.095796178344,2.718310060891,7.468495511375)
  );
#687 = LINE('',#688,#689);
#688 = CARTESIAN_POINT('',(9.095796178344,1.191848361609,3.274576460934)
  );
#689 = VECTOR('',#690,1.);
#690 = DIRECTION('',(-0.,-0.342020143326,-0.939692620786));
#691 = ORIENTED_EDGE('',*,*,#692,.F.);
#692 = EDGE_CURVE('',#693,#685,#695,.T.);
#693 = VERTEX_POINT('',#694);
#694 = CARTESIAN_POINT('',(10.009171974522,2.896770507651,7.958811559113
    ));
#695 = B_SPLINE_CURVE_WITH_KNOTS('',6,(#696,#697,#698,#699,#700,#701,
    #702),.UNSPECIFIED.,.F.,.F.,(7,7),(0.,1.),.PIECEWISE_BEZIER_KNOTS.);
#696 = CARTESIAN_POINT('',(10.009171974522,2.896770507651,7.958811559113
    ));
#697 = CARTESIAN_POINT('',(9.859604745536,2.856903971381,7.849279150918)
  );
#698 = CARTESIAN_POINT('',(9.708542704763,2.820228173284,7.748513223807)
  );
#699 = CARTESIAN_POINT('',(9.556046358485,2.787256522549,7.657924357932)
  );
#700 = CARTESIAN_POINT('',(9.4025220068,2.75869595565,7.579454845289));
#701 = CARTESIAN_POINT('',(9.248727816239,2.735428290215,7.515527459903)
  );
#702 = CARTESIAN_POINT('',(9.095796178344,2.718310060891,7.468495511375)
  );
#703 = ORIENTED_EDGE('',*,*,#704,.F.);
#704 = EDGE_CURVE('',#705,#693,#707,.T.);
#705 = VERTEX_POINT('',#706);
#706 = CARTESIAN_POINT('',(10.685605095541,3.203499400519,8.801542266161
    ));
#707 = B_SPLINE_CURVE_WITH_KNOTS('',5,(#708,#709,#710,#711,#712,#713,
    #714,#715,#716,#717,#718,#719,#720,#721),.UNSPECIFIED.,.F.,.F.,(6,4,
    4,6),(0.,7.602305458108E-02,0.52948728546,1.),.UNSPECIFIED.);
#708 = CARTESIAN_POINT('',(10.685605095541,3.203499400519,8.801542266161
    ));
#709 = CARTESIAN_POINT('',(10.679884166062,3.198034303789,8.786527036301
    ));
#710 = CARTESIAN_POINT('',(10.673973274845,3.192594092569,8.771580178816
    ));
#711 = CARTESIAN_POINT('',(10.667872779892,3.187179366928,8.756703342387
    ));
#712 = CARTESIAN_POINT('',(10.661583198577,3.181790707066,8.741898121094
    ));
#713 = CARTESIAN_POINT('',(10.616465124153,3.144445079278,8.639291852031
    ));
#714 = CARTESIAN_POINT('',(10.571119131833,3.11340676027,8.55401477142)
  );
#715 = CARTESIAN_POINT('',(10.519216584127,3.083439125643,8.471679371968
    ));
#716 = CARTESIAN_POINT('',(10.461097888533,3.054621608759,8.392503895043
    ));
#717 = CARTESIAN_POINT('',(10.330949637215,2.998339636559,8.237870447301
    ));
#718 = CARTESIAN_POINT('',(10.258473370703,2.970964399538,8.162657601734
    ));
#719 = CARTESIAN_POINT('',(10.180299952817,2.944920801976,8.091103405511
    ));
#720 = CARTESIAN_POINT('',(10.09701677563,2.920200708902,8.023185507984)
  );
#721 = CARTESIAN_POINT('',(10.009171974522,2.896770507651,7.958811559113
    ));
#722 = ORIENTED_EDGE('',*,*,#723,.F.);
#723 = EDGE_CURVE('',#724,#705,#726,.T.);
#724 = VERTEX_POINT('',#725);
#725 = CARTESIAN_POINT('',(11.556942675159,3.203499400519,8.801542266161
    ));
#726 = LINE('',#727,#728);
#727 = CARTESIAN_POINT('',(4.842802547771,3.203499400519,8.801542266161)
  );
#728 = VECTOR('',#729,1.);
#729 = DIRECTION('',(-1.,0.,0.));
#730 = ORIENTED_EDGE('',*,*,#731,.F.);
#731 = EDGE_CURVE('',#654,#724,#732,.T.);
#732 = LINE('',#733,#734);
#733 = CARTESIAN_POINT('',(11.556942675159,1.601749700259,4.400771133081
    ));
#734 = VECTOR('',#735,1.);
#735 = DIRECTION('',(0.,0.342020143326,0.939692620786));
#736 = PLANE('',#737);
#737 = AXIS2_PLACEMENT_3D('',#738,#739,#740);
#738 = CARTESIAN_POINT('',(-1.,0.,0.));
#739 = DIRECTION('',(0.,-0.939692620786,0.342020143326));
#740 = DIRECTION('',(0.,0.342020143326,0.939692620786));
#741 = ADVANCED_FACE('',(#742),#753,.T.);
#742 = FACE_BOUND('',#743,.T.);
#743 = EDGE_LOOP('',(#744,#745,#746,#747));
#744 = ORIENTED_EDGE('',*,*,#323,.T.);
#745 = ORIENTED_EDGE('',*,*,#236,.T.);
#746 = ORIENTED_EDGE('',*,*,#134,.F.);
#747 = ORIENTED_EDGE('',*,*,#748,.F.);
#748 = EDGE_CURVE('',#316,#127,#749,.T.);
#749 = LINE('',#750,#751);
#750 = CARTESIAN_POINT('',(4.,12.75,-1.));
#751 = VECTOR('',#752,1.);
#752 = DIRECTION('',(0.,0.,1.));
#753 = PLANE('',#754);
#754 = AXIS2_PLACEMENT_3D('',#755,#756,#757);
#755 = CARTESIAN_POINT('',(4.,6.45,-1.));
#756 = DIRECTION('',(-1.,0.,0.));
#757 = DIRECTION('',(0.,1.,0.));
#758 = ADVANCED_FACE('',(#759),#770,.T.);
#759 = FACE_BOUND('',#760,.T.);
#760 = EDGE_LOOP('',(#761,#762,#763,#764));
#761 = ORIENTED_EDGE('',*,*,#315,.T.);
#762 = ORIENTED_EDGE('',*,*,#748,.T.);
#763 = ORIENTED_EDGE('',*,*,#126,.F.);
#764 = ORIENTED_EDGE('',*,*,#765,.F.);
#765 = EDGE_CURVE('',#308,#119,#766,.T.);
#766 = LINE('',#767,#768);
#767 = CARTESIAN_POINT('',(0.,11.75,-1.));
#768 = VECTOR('',#769,1.);
#769 = DIRECTION('',(0.,0.,1.));
#770 = PLANE('',#771);
#771 = AXIS2_PLACEMENT_3D('',#772,#773,#774);
#772 = CARTESIAN_POINT('',(4.,12.75,-1.));
#773 = DIRECTION('',(0.242535625036,-0.970142500145,0.));
#774 = DIRECTION('',(-0.970142500145,-0.242535625036,0.));
#775 = ADVANCED_FACE('',(#776),#787,.F.);
#776 = FACE_BOUND('',#777,.F.);
#777 = EDGE_LOOP('',(#778,#779,#780,#781));
#778 = ORIENTED_EDGE('',*,*,#118,.F.);
#779 = ORIENTED_EDGE('',*,*,#765,.F.);
#780 = ORIENTED_EDGE('',*,*,#307,.T.);
#781 = ORIENTED_EDGE('',*,*,#782,.T.);
#782 = EDGE_CURVE('',#300,#111,#783,.T.);
#783 = LINE('',#784,#785);
#784 = CARTESIAN_POINT('',(0.,32.,0.));
#785 = VECTOR('',#786,1.);
#786 = DIRECTION('',(0.,0.,1.));
#787 = PLANE('',#788);
#788 = AXIS2_PLACEMENT_3D('',#789,#790,#791);
#789 = CARTESIAN_POINT('',(0.,0.,0.));
#790 = DIRECTION('',(1.,0.,0.));
#791 = DIRECTION('',(0.,0.,1.));
#792 = ADVANCED_FACE('',(#793),#804,.T.);
#793 = FACE_BOUND('',#794,.T.);
#794 = EDGE_LOOP('',(#795,#796,#797,#798));
#795 = ORIENTED_EDGE('',*,*,#299,.F.);
#796 = ORIENTED_EDGE('',*,*,#782,.T.);
#797 = ORIENTED_EDGE('',*,*,#110,.T.);
#798 = ORIENTED_EDGE('',*,*,#799,.F.);
#799 = EDGE_CURVE('',#292,#103,#800,.T.);
#800 = LINE('',#801,#802);
#801 = CARTESIAN_POINT('',(26.,32.,0.));
#802 = VECTOR('',#803,1.);
#803 = DIRECTION('',(0.,0.,1.));
#804 = PLANE('',#805);
#805 = AXIS2_PLACEMENT_3D('',#806,#807,#808);
#806 = CARTESIAN_POINT('',(0.,32.,0.));
#807 = DIRECTION('',(0.,1.,0.));
#808 = DIRECTION('',(0.,0.,1.));
#809 = ADVANCED_FACE('',(#810),#821,.T.);
#810 = FACE_BOUND('',#811,.T.);
#811 = EDGE_LOOP('',(#812,#813,#819,#820));
#812 = ORIENTED_EDGE('',*,*,#102,.F.);
#813 = ORIENTED_EDGE('',*,*,#814,.T.);
#814 = EDGE_CURVE('',#95,#284,#815,.T.);
#815 = LINE('',#816,#817);
#816 = CARTESIAN_POINT('',(26.,11.624390243902,0.));
#817 = VECTOR('',#818,1.);
#818 = DIRECTION('',(0.,0.,-1.));
#819 = ORIENTED_EDGE('',*,*,#291,.T.);
#820 = ORIENTED_EDGE('',*,*,#799,.T.);
#821 = PLANE('',#822);
#822 = AXIS2_PLACEMENT_3D('',#823,#824,#825);
#823 = CARTESIAN_POINT('',(26.,0.,0.));
#824 = DIRECTION('',(1.,0.,0.));
#825 = DIRECTION('',(0.,0.,1.));
#826 = ADVANCED_FACE('',(#827),#838,.T.);
#827 = FACE_BOUND('',#828,.T.);
#828 = EDGE_LOOP('',(#829,#830,#836,#837));
#829 = ORIENTED_EDGE('',*,*,#78,.T.);
#830 = ORIENTED_EDGE('',*,*,#831,.T.);
#831 = EDGE_CURVE('',#71,#95,#832,.T.);
#832 = LINE('',#833,#834);
#833 = CARTESIAN_POINT('',(26.,0.,10.));
#834 = VECTOR('',#835,1.);
#835 = DIRECTION('',(0.,1.,0.));
#836 = ORIENTED_EDGE('',*,*,#94,.T.);
#837 = ORIENTED_EDGE('',*,*,#86,.T.);
#838 = PLANE('',#839);
#839 = AXIS2_PLACEMENT_3D('',#840,#841,#842);
#840 = CARTESIAN_POINT('',(0.,0.,10.));
#841 = DIRECTION('',(0.,0.,1.));
#842 = DIRECTION('',(1.,0.,0.));
#843 = ADVANCED_FACE('',(#844),#855,.T.);
#844 = FACE_BOUND('',#845,.T.);
#845 = EDGE_LOOP('',(#846,#847,#848,#849));
#846 = ORIENTED_EDGE('',*,*,#70,.F.);
#847 = ORIENTED_EDGE('',*,*,#340,.T.);
#848 = ORIENTED_EDGE('',*,*,#259,.T.);
#849 = ORIENTED_EDGE('',*,*,#850,.T.);
#850 = EDGE_CURVE('',#260,#71,#851,.T.);
#851 = LINE('',#852,#853);
#852 = CARTESIAN_POINT('',(26.,7.575609756098,0.));
#853 = VECTOR('',#854,1.);
#854 = DIRECTION('',(0.,0.,1.));
#855 = PLANE('',#856);
#856 = AXIS2_PLACEMENT_3D('',#857,#858,#859);
#857 = CARTESIAN_POINT('',(26.,0.,0.));
#858 = DIRECTION('',(1.,0.,0.));
#859 = DIRECTION('',(0.,0.,1.));
#860 = ADVANCED_FACE('',(#861),#887,.T.);
#861 = FACE_BOUND('',#862,.T.);
#862 = EDGE_LOOP('',(#863,#871,#872,#880));
#863 = ORIENTED_EDGE('',*,*,#864,.F.);
#864 = EDGE_CURVE('',#151,#865,#867,.T.);
#865 = VERTEX_POINT('',#866);
#866 = CARTESIAN_POINT('',(8.1,25.34,20.5));
#867 = LINE('',#868,#869);
#868 = CARTESIAN_POINT('',(8.1,25.34,9.9));
#869 = VECTOR('',#870,1.);
#870 = DIRECTION('',(0.,0.,1.));
#871 = ORIENTED_EDGE('',*,*,#150,.T.);
#872 = ORIENTED_EDGE('',*,*,#873,.T.);
#873 = EDGE_CURVE('',#153,#874,#876,.T.);
#874 = VERTEX_POINT('',#875);
#875 = CARTESIAN_POINT('',(7.5,24.74,20.5));
#876 = LINE('',#877,#878);
#877 = CARTESIAN_POINT('',(7.5,24.74,9.9));
#878 = VECTOR('',#879,1.);
#879 = DIRECTION('',(0.,0.,1.));
#880 = ORIENTED_EDGE('',*,*,#881,.F.);
#881 = EDGE_CURVE('',#865,#874,#882,.T.);
#882 = CIRCLE('',#883,0.6);
#883 = AXIS2_PLACEMENT_3D('',#884,#885,#886);
#884 = CARTESIAN_POINT('',(8.1,24.74,20.5));
#885 = DIRECTION('',(0.,-0.,1.));
#886 = DIRECTION('',(0.,1.,0.));
#887 = CYLINDRICAL_SURFACE('',#888,0.6);
#888 = AXIS2_PLACEMENT_3D('',#889,#890,#891);
#889 = CARTESIAN_POINT('',(8.1,24.74,9.9));
#890 = DIRECTION('',(0.,0.,1.));
#891 = DIRECTION('',(0.,1.,0.));
#892 = ADVANCED_FACE('',(#893),#911,.F.);
#893 = FACE_BOUND('',#894,.F.);
#894 = EDGE_LOOP('',(#895,#896,#904,#910));
#895 = ORIENTED_EDGE('',*,*,#161,.T.);
#896 = ORIENTED_EDGE('',*,*,#897,.T.);
#897 = EDGE_CURVE('',#162,#898,#900,.T.);
#898 = VERTEX_POINT('',#899);
#899 = CARTESIAN_POINT('',(17.9,25.34,20.5));
#900 = LINE('',#901,#902);
#901 = CARTESIAN_POINT('',(17.9,25.34,9.9));
#902 = VECTOR('',#903,1.);
#903 = DIRECTION('',(0.,0.,1.));
#904 = ORIENTED_EDGE('',*,*,#905,.T.);
#905 = EDGE_CURVE('',#898,#865,#906,.T.);
#906 = LINE('',#907,#908);
#907 = CARTESIAN_POINT('',(17.9,25.34,20.5));
#908 = VECTOR('',#909,1.);
#909 = DIRECTION('',(-1.,0.,0.));
#910 = ORIENTED_EDGE('',*,*,#864,.F.);
#911 = PLANE('',#912);
#912 = AXIS2_PLACEMENT_3D('',#913,#914,#915);
#913 = CARTESIAN_POINT('',(18.5,25.34,9.9));
#914 = DIRECTION('',(0.,-1.,0.));
#915 = DIRECTION('',(-1.,0.,0.));
#916 = ADVANCED_FACE('',(#917),#935,.F.);
#917 = FACE_BOUND('',#918,.F.);
#918 = EDGE_LOOP('',(#919,#920,#921,#929));
#919 = ORIENTED_EDGE('',*,*,#212,.T.);
#920 = ORIENTED_EDGE('',*,*,#873,.T.);
#921 = ORIENTED_EDGE('',*,*,#922,.T.);
#922 = EDGE_CURVE('',#874,#923,#925,.T.);
#923 = VERTEX_POINT('',#924);
#924 = CARTESIAN_POINT('',(7.5,14.94,20.5));
#925 = LINE('',#926,#927);
#926 = CARTESIAN_POINT('',(7.5,24.74,20.5));
#927 = VECTOR('',#928,1.);
#928 = DIRECTION('',(0.,-1.,0.));
#929 = ORIENTED_EDGE('',*,*,#930,.F.);
#930 = EDGE_CURVE('',#204,#923,#931,.T.);
#931 = LINE('',#932,#933);
#932 = CARTESIAN_POINT('',(7.5,14.94,9.9));
#933 = VECTOR('',#934,1.);
#934 = DIRECTION('',(0.,0.,1.));
#935 = PLANE('',#936);
#936 = AXIS2_PLACEMENT_3D('',#937,#938,#939);
#937 = CARTESIAN_POINT('',(7.5,25.34,9.9));
#938 = DIRECTION('',(1.,0.,0.));
#939 = DIRECTION('',(0.,-1.,0.));
#940 = ADVANCED_FACE('',(#941),#960,.T.);
#941 = FACE_BOUND('',#942,.F.);
#942 = EDGE_LOOP('',(#943,#944,#945,#953));
#943 = ORIENTED_EDGE('',*,*,#897,.F.);
#944 = ORIENTED_EDGE('',*,*,#169,.F.);
#945 = ORIENTED_EDGE('',*,*,#946,.T.);
#946 = EDGE_CURVE('',#170,#947,#949,.T.);
#947 = VERTEX_POINT('',#948);
#948 = CARTESIAN_POINT('',(18.5,24.74,20.5));
#949 = LINE('',#950,#951);
#950 = CARTESIAN_POINT('',(18.5,24.74,9.9));
#951 = VECTOR('',#952,1.);
#952 = DIRECTION('',(0.,0.,1.));
#953 = ORIENTED_EDGE('',*,*,#954,.T.);
#954 = EDGE_CURVE('',#947,#898,#955,.T.);
#955 = CIRCLE('',#956,0.6);
#956 = AXIS2_PLACEMENT_3D('',#957,#958,#959);
#957 = CARTESIAN_POINT('',(17.9,24.74,20.5));
#958 = DIRECTION('',(0.,0.,1.));
#959 = DIRECTION('',(1.,0.,0.));
#960 = CYLINDRICAL_SURFACE('',#961,0.6);
#961 = AXIS2_PLACEMENT_3D('',#962,#963,#964);
#962 = CARTESIAN_POINT('',(17.9,24.74,9.9));
#963 = DIRECTION('',(0.,0.,1.));
#964 = DIRECTION('',(0.,1.,0.));
#965 = ADVANCED_FACE('',(#966),#985,.T.);
#966 = FACE_BOUND('',#967,.T.);
#967 = EDGE_LOOP('',(#968,#969,#970,#978));
#968 = ORIENTED_EDGE('',*,*,#930,.F.);
#969 = ORIENTED_EDGE('',*,*,#203,.T.);
#970 = ORIENTED_EDGE('',*,*,#971,.T.);
#971 = EDGE_CURVE('',#196,#972,#974,.T.);
#972 = VERTEX_POINT('',#973);
#973 = CARTESIAN_POINT('',(8.1,14.34,20.5));
#974 = LINE('',#975,#976);
#975 = CARTESIAN_POINT('',(8.1,14.34,9.9));
#976 = VECTOR('',#977,1.);
#977 = DIRECTION('',(0.,0.,1.));
#978 = ORIENTED_EDGE('',*,*,#979,.F.);
#979 = EDGE_CURVE('',#923,#972,#980,.T.);
#980 = CIRCLE('',#981,0.6);
#981 = AXIS2_PLACEMENT_3D('',#982,#983,#984);
#982 = CARTESIAN_POINT('',(8.1,14.94,20.5));
#983 = DIRECTION('',(0.,0.,1.));
#984 = DIRECTION('',(-1.,0.,0.));
#985 = CYLINDRICAL_SURFACE('',#986,0.6);
#986 = AXIS2_PLACEMENT_3D('',#987,#988,#989);
#987 = CARTESIAN_POINT('',(8.1,14.94,9.9));
#988 = DIRECTION('',(0.,0.,1.));
#989 = DIRECTION('',(-1.,0.,0.));
#990 = ADVANCED_FACE('',(#991),#1009,.F.);
#991 = FACE_BOUND('',#992,.F.);
#992 = EDGE_LOOP('',(#993,#994,#1002,#1008));
#993 = ORIENTED_EDGE('',*,*,#178,.T.);
#994 = ORIENTED_EDGE('',*,*,#995,.T.);
#995 = EDGE_CURVE('',#179,#996,#998,.T.);
#996 = VERTEX_POINT('',#997);
#997 = CARTESIAN_POINT('',(18.5,14.94,20.5));
#998 = LINE('',#999,#1000);
#999 = CARTESIAN_POINT('',(18.5,14.94,9.9));
#1000 = VECTOR('',#1001,1.);
#1001 = DIRECTION('',(0.,0.,1.));
#1002 = ORIENTED_EDGE('',*,*,#1003,.T.);
#1003 = EDGE_CURVE('',#996,#947,#1004,.T.);
#1004 = LINE('',#1005,#1006);
#1005 = CARTESIAN_POINT('',(18.5,14.94,20.5));
#1006 = VECTOR('',#1007,1.);
#1007 = DIRECTION('',(0.,1.,0.));
#1008 = ORIENTED_EDGE('',*,*,#946,.F.);
#1009 = PLANE('',#1010);
#1010 = AXIS2_PLACEMENT_3D('',#1011,#1012,#1013);
#1011 = CARTESIAN_POINT('',(18.5,14.34,9.9));
#1012 = DIRECTION('',(-1.,0.,0.));
#1013 = DIRECTION('',(0.,1.,0.));
#1014 = ADVANCED_FACE('',(#1015),#1033,.F.);
#1015 = FACE_BOUND('',#1016,.F.);
#1016 = EDGE_LOOP('',(#1017,#1018,#1019,#1027));
#1017 = ORIENTED_EDGE('',*,*,#195,.T.);
#1018 = ORIENTED_EDGE('',*,*,#971,.T.);
#1019 = ORIENTED_EDGE('',*,*,#1020,.T.);
#1020 = EDGE_CURVE('',#972,#1021,#1023,.T.);
#1021 = VERTEX_POINT('',#1022);
#1022 = CARTESIAN_POINT('',(17.9,14.34,20.5));
#1023 = LINE('',#1024,#1025);
#1024 = CARTESIAN_POINT('',(8.1,14.34,20.5));
#1025 = VECTOR('',#1026,1.);
#1026 = DIRECTION('',(1.,0.,0.));
#1027 = ORIENTED_EDGE('',*,*,#1028,.F.);
#1028 = EDGE_CURVE('',#187,#1021,#1029,.T.);
#1029 = LINE('',#1030,#1031);
#1030 = CARTESIAN_POINT('',(17.9,14.34,9.9));
#1031 = VECTOR('',#1032,1.);
#1032 = DIRECTION('',(0.,0.,1.));
#1033 = PLANE('',#1034);
#1034 = AXIS2_PLACEMENT_3D('',#1035,#1036,#1037);
#1035 = CARTESIAN_POINT('',(7.5,14.34,9.9));
#1036 = DIRECTION('',(0.,1.,0.));
#1037 = DIRECTION('',(1.,0.,0.));
#1038 = ADVANCED_FACE('',(#1039),#1051,.T.);
#1039 = FACE_BOUND('',#1040,.T.);
#1040 = EDGE_LOOP('',(#1041,#1042,#1043,#1044));
#1041 = ORIENTED_EDGE('',*,*,#1028,.F.);
#1042 = ORIENTED_EDGE('',*,*,#186,.T.);
#1043 = ORIENTED_EDGE('',*,*,#995,.T.);
#1044 = ORIENTED_EDGE('',*,*,#1045,.F.);
#1045 = EDGE_CURVE('',#1021,#996,#1046,.T.);
#1046 = CIRCLE('',#1047,0.6);
#1047 = AXIS2_PLACEMENT_3D('',#1048,#1049,#1050);
#1048 = CARTESIAN_POINT('',(17.9,14.94,20.5));
#1049 = DIRECTION('',(-0.,0.,1.));
#1050 = DIRECTION('',(0.,-1.,0.));
#1051 = CYLINDRICAL_SURFACE('',#1052,0.6);
#1052 = AXIS2_PLACEMENT_3D('',#1053,#1054,#1055);
#1053 = CARTESIAN_POINT('',(17.9,14.94,9.9));
#1054 = DIRECTION('',(0.,0.,1.));
#1055 = DIRECTION('',(0.,-1.,0.));
#1056 = ADVANCED_FACE('',(#1057),#1068,.F.);
#1057 = FACE_BOUND('',#1058,.F.);
#1058 = EDGE_LOOP('',(#1059,#1060,#1066,#1067));
#1059 = ORIENTED_EDGE('',*,*,#267,.T.);
#1060 = ORIENTED_EDGE('',*,*,#1061,.T.);
#1061 = EDGE_CURVE('',#260,#284,#1062,.T.);
#1062 = LINE('',#1063,#1064);
#1063 = CARTESIAN_POINT('',(26.,0.,0.));
#1064 = VECTOR('',#1065,1.);
#1065 = DIRECTION('',(0.,1.,0.));
#1066 = ORIENTED_EDGE('',*,*,#283,.T.);
#1067 = ORIENTED_EDGE('',*,*,#275,.T.);
#1068 = PLANE('',#1069);
#1069 = AXIS2_PLACEMENT_3D('',#1070,#1071,#1072);
#1070 = CARTESIAN_POINT('',(0.,0.,0.));
#1071 = DIRECTION('',(0.,0.,1.));
#1072 = DIRECTION('',(1.,0.,0.));
#1073 = ADVANCED_FACE('',(#1074),#1099,.T.);
#1074 = FACE_BOUND('',#1075,.T.);
#1075 = EDGE_LOOP('',(#1076,#1077,#1085,#1093));
#1076 = ORIENTED_EDGE('',*,*,#349,.T.);
#1077 = ORIENTED_EDGE('',*,*,#1078,.T.);
#1078 = EDGE_CURVE('',#352,#1079,#1081,.T.);
#1079 = VERTEX_POINT('',#1080);
#1080 = CARTESIAN_POINT('',(16.80101910828,2.159809960711,7.688311737464
    ));
#1081 = LINE('',#1082,#1083);
#1082 = CARTESIAN_POINT('',(16.80101910828,2.91156405734,7.414695622804)
  );
#1083 = VECTOR('',#1084,1.);
#1084 = DIRECTION('',(0.,-0.939692620786,0.342020143326));
#1085 = ORIENTED_EDGE('',*,*,#1086,.T.);
#1086 = EDGE_CURVE('',#1079,#1087,#1089,.T.);
#1087 = VERTEX_POINT('',#1088);
#1088 = CARTESIAN_POINT('',(15.76152866242,2.121033154652,7.58177333842)
  );
#1089 = LINE('',#1090,#1091);
#1090 = CARTESIAN_POINT('',(16.80101910828,2.159809960711,7.688311737464
    ));
#1091 = VECTOR('',#1092,1.);
#1092 = DIRECTION('',(-0.994104564342,-3.708374622103E-02,
    -0.101886755371));
#1093 = ORIENTED_EDGE('',*,*,#1094,.F.);
#1094 = EDGE_CURVE('',#350,#1087,#1095,.T.);
#1095 = LINE('',#1096,#1097);
#1096 = CARTESIAN_POINT('',(15.76152866242,2.872787251281,7.308157223759
    ));
#1097 = VECTOR('',#1098,1.);
#1098 = DIRECTION('',(0.,-0.939692620786,0.342020143326));
#1099 = PLANE('',#1100);
#1100 = AXIS2_PLACEMENT_3D('',#1101,#1102,#1103);
#1101 = CARTESIAN_POINT('',(16.80101910828,2.91156405734,7.414695622804)
  );
#1102 = DIRECTION('',(0.108425620376,-0.340003785577,-0.934152723402));
#1103 = DIRECTION('',(-0.994104564342,-3.708374622103E-02,
    -0.101886755371));
#1104 = ADVANCED_FACE('',(#1105),#1123,.T.);
#1105 = FACE_BOUND('',#1106,.T.);
#1106 = EDGE_LOOP('',(#1107,#1108,#1116,#1122));
#1107 = ORIENTED_EDGE('',*,*,#634,.T.);
#1108 = ORIENTED_EDGE('',*,*,#1109,.T.);
#1109 = EDGE_CURVE('',#618,#1110,#1112,.T.);
#1110 = VERTEX_POINT('',#1111);
#1111 = CARTESIAN_POINT('',(16.267770700637,2.51673085423,8.668943832939
    ));
#1112 = LINE('',#1113,#1114);
#1113 = CARTESIAN_POINT('',(16.267770700637,3.268484950859,
    8.395327718279));
#1114 = VECTOR('',#1115,1.);
#1115 = DIRECTION('',(0.,-0.939692620786,0.342020143326));
#1116 = ORIENTED_EDGE('',*,*,#1117,.T.);
#1117 = EDGE_CURVE('',#1110,#1079,#1118,.T.);
#1118 = B_SPLINE_CURVE_WITH_KNOTS('',2,(#1119,#1120,#1121),
  .UNSPECIFIED.,.F.,.F.,(3,3),(0.,1.),.PIECEWISE_BEZIER_KNOTS.);
#1119 = CARTESIAN_POINT('',(16.267770700637,2.51673085423,8.668943832939
    ));
#1120 = CARTESIAN_POINT('',(16.686369426752,2.393865019303,
    8.331372725854));
#1121 = CARTESIAN_POINT('',(16.80101910828,2.159809960711,7.688311737464
    ));
#1122 = ORIENTED_EDGE('',*,*,#1078,.F.);
#1123 = SURFACE_OF_LINEAR_EXTRUSION('',#1124,#1128);
#1124 = B_SPLINE_CURVE_WITH_KNOTS('',2,(#1125,#1126,#1127),
  .UNSPECIFIED.,.F.,.F.,(3,3),(0.,1.),.PIECEWISE_BEZIER_KNOTS.);
#1125 = CARTESIAN_POINT('',(16.267770700637,3.268484950859,
    8.395327718279));
#1126 = CARTESIAN_POINT('',(16.686369426752,3.145619115931,
    8.057756611194));
#1127 = CARTESIAN_POINT('',(16.80101910828,2.91156405734,7.414695622804)
  );
#1128 = VECTOR('',#1129,1.);
#1129 = DIRECTION('',(-0.,0.939692620786,-0.342020143326));
#1130 = ADVANCED_FACE('',(#1131),#1149,.T.);
#1131 = FACE_BOUND('',#1132,.T.);
#1132 = EDGE_LOOP('',(#1133,#1134,#1142,#1148));
#1133 = ORIENTED_EDGE('',*,*,#617,.T.);
#1134 = ORIENTED_EDGE('',*,*,#1135,.T.);
#1135 = EDGE_CURVE('',#595,#1136,#1138,.T.);
#1136 = VERTEX_POINT('',#1137);
#1137 = CARTESIAN_POINT('',(15.211210191083,2.639683828047,
    9.006754352157));
#1138 = LINE('',#1139,#1140);
#1139 = CARTESIAN_POINT('',(15.211210191083,3.391437924676,
    8.733138237496));
#1140 = VECTOR('',#1141,1.);
#1141 = DIRECTION('',(0.,-0.939692620786,0.342020143326));
#1142 = ORIENTED_EDGE('',*,*,#1143,.T.);
#1143 = EDGE_CURVE('',#1136,#1110,#1144,.T.);
#1144 = B_SPLINE_CURVE_WITH_KNOTS('',2,(#1145,#1146,#1147),
  .UNSPECIFIED.,.F.,.F.,(3,3),(0.,1.),.PIECEWISE_BEZIER_KNOTS.);
#1145 = CARTESIAN_POINT('',(15.211210191083,2.639683828047,
    9.006754352157));
#1146 = CARTESIAN_POINT('',(15.849426751592,2.639683828047,
    9.006754352157));
#1147 = CARTESIAN_POINT('',(16.267770700637,2.51673085423,8.668943832939
    ));
#1148 = ORIENTED_EDGE('',*,*,#1109,.F.);
#1149 = SURFACE_OF_LINEAR_EXTRUSION('',#1150,#1154);
#1150 = B_SPLINE_CURVE_WITH_KNOTS('',2,(#1151,#1152,#1153),
  .UNSPECIFIED.,.F.,.F.,(3,3),(0.,1.),.PIECEWISE_BEZIER_KNOTS.);
#1151 = CARTESIAN_POINT('',(15.211210191083,3.391437924676,
    8.733138237496));
#1152 = CARTESIAN_POINT('',(15.849426751592,3.391437924676,
    8.733138237496));
#1153 = CARTESIAN_POINT('',(16.267770700637,3.268484950859,
    8.395327718279));
#1154 = VECTOR('',#1155,1.);
#1155 = DIRECTION('',(-0.,0.939692620786,-0.342020143326));
#1156 = ADVANCED_FACE('',(#1157),#1175,.T.);
#1157 = FACE_BOUND('',#1158,.T.);
#1158 = EDGE_LOOP('',(#1159,#1160,#1168,#1174));
#1159 = ORIENTED_EDGE('',*,*,#594,.T.);
#1160 = ORIENTED_EDGE('',*,*,#1161,.T.);
#1161 = EDGE_CURVE('',#573,#1162,#1164,.T.);
#1162 = VERTEX_POINT('',#1163);
#1163 = CARTESIAN_POINT('',(13.732229299363,2.406238741685,
    8.365369248695));
#1164 = LINE('',#1165,#1166);
#1165 = CARTESIAN_POINT('',(13.732229299363,3.157992838314,
    8.091753134035));
#1166 = VECTOR('',#1167,1.);
#1167 = DIRECTION('',(0.,-0.939692620786,0.342020143326));
#1168 = ORIENTED_EDGE('',*,*,#1169,.T.);
#1169 = EDGE_CURVE('',#1162,#1136,#1170,.T.);
#1170 = B_SPLINE_CURVE_WITH_KNOTS('',2,(#1171,#1172,#1173),
  .UNSPECIFIED.,.F.,.F.,(3,3),(0.,1.),.PIECEWISE_BEZIER_KNOTS.);
#1171 = CARTESIAN_POINT('',(13.732229299363,2.406238741685,
    8.365369248695));
#1172 = CARTESIAN_POINT('',(14.301656050955,2.639683828047,
    9.006754352157));
#1173 = CARTESIAN_POINT('',(15.211210191083,2.639683828047,
    9.006754352157));
#1174 = ORIENTED_EDGE('',*,*,#1135,.F.);
#1175 = SURFACE_OF_LINEAR_EXTRUSION('',#1176,#1180);
#1176 = B_SPLINE_CURVE_WITH_KNOTS('',2,(#1177,#1178,#1179),
  .UNSPECIFIED.,.F.,.F.,(3,3),(0.,1.),.PIECEWISE_BEZIER_KNOTS.);
#1177 = CARTESIAN_POINT('',(13.732229299363,3.157992838314,
    8.091753134035));
#1178 = CARTESIAN_POINT('',(14.301656050955,3.391437924676,
    8.733138237496));
#1179 = CARTESIAN_POINT('',(15.211210191083,3.391437924676,
    8.733138237496));
#1180 = VECTOR('',#1181,1.);
#1181 = DIRECTION('',(-0.,0.939692620786,-0.342020143326));
#1182 = ADVANCED_FACE('',(#1183),#1201,.T.);
#1183 = FACE_BOUND('',#1184,.T.);
#1184 = EDGE_LOOP('',(#1185,#1186,#1194,#1200));
#1185 = ORIENTED_EDGE('',*,*,#572,.T.);
#1186 = ORIENTED_EDGE('',*,*,#1187,.T.);
#1187 = EDGE_CURVE('',#551,#1188,#1190,.T.);
#1188 = VERTEX_POINT('',#1189);
#1189 = CARTESIAN_POINT('',(13.162802547771,1.644383426247,
    6.272188972637));
#1190 = LINE('',#1191,#1192);
#1191 = CARTESIAN_POINT('',(13.162802547771,2.396137522876,
    5.998572857976));
#1192 = VECTOR('',#1193,1.);
#1193 = DIRECTION('',(0.,-0.939692620786,0.342020143326));
#1194 = ORIENTED_EDGE('',*,*,#1195,.T.);
#1195 = EDGE_CURVE('',#1188,#1162,#1196,.T.);
#1196 = B_SPLINE_CURVE_WITH_KNOTS('',2,(#1197,#1198,#1199),
  .UNSPECIFIED.,.F.,.F.,(3,3),(0.,1.),.PIECEWISE_BEZIER_KNOTS.);
#1197 = CARTESIAN_POINT('',(13.162802547771,1.644383426247,
    6.272188972637));
#1198 = CARTESIAN_POINT('',(13.162802547771,2.172880794214,
    7.724223557367));
#1199 = CARTESIAN_POINT('',(13.732229299363,2.406238741685,
    8.365369248695));
#1200 = ORIENTED_EDGE('',*,*,#1161,.F.);
#1201 = SURFACE_OF_LINEAR_EXTRUSION('',#1202,#1206);
#1202 = B_SPLINE_CURVE_WITH_KNOTS('',2,(#1203,#1204,#1205),
  .UNSPECIFIED.,.F.,.F.,(3,3),(0.,1.),.PIECEWISE_BEZIER_KNOTS.);
#1203 = CARTESIAN_POINT('',(13.162802547771,2.396137522876,
    5.998572857976));
#1204 = CARTESIAN_POINT('',(13.162802547771,2.924634890843,
    7.450607442706));
#1205 = CARTESIAN_POINT('',(13.732229299363,3.157992838314,
    8.091753134035));
#1206 = VECTOR('',#1207,1.);
#1207 = DIRECTION('',(-0.,0.939692620786,-0.342020143326));
#1208 = ADVANCED_FACE('',(#1209),#1227,.T.);
#1209 = FACE_BOUND('',#1210,.T.);
#1210 = EDGE_LOOP('',(#1211,#1212,#1220,#1226));
#1211 = ORIENTED_EDGE('',*,*,#550,.T.);
#1212 = ORIENTED_EDGE('',*,*,#1213,.T.);
#1213 = EDGE_CURVE('',#528,#1214,#1216,.T.);
#1214 = VERTEX_POINT('',#1215);
#1215 = CARTESIAN_POINT('',(13.709299363057,0.902831472183,
    4.234791723493));
#1216 = LINE('',#1217,#1218);
#1217 = CARTESIAN_POINT('',(13.709299363057,1.654585568812,
    3.961175608833));
#1218 = VECTOR('',#1219,1.);
#1219 = DIRECTION('',(0.,-0.939692620786,0.342020143326));
#1220 = ORIENTED_EDGE('',*,*,#1221,.T.);
#1221 = EDGE_CURVE('',#1214,#1188,#1222,.T.);
#1222 = B_SPLINE_CURVE_WITH_KNOTS('',2,(#1223,#1224,#1225),
  .UNSPECIFIED.,.F.,.F.,(3,3),(0.,1.),.PIECEWISE_BEZIER_KNOTS.);
#1223 = CARTESIAN_POINT('',(13.709299363057,0.902831472183,
    4.234791723493));
#1224 = CARTESIAN_POINT('',(13.162802547771,1.129044030673,
    4.856305619942));
#1225 = CARTESIAN_POINT('',(13.162802547771,1.644383426247,
    6.272188972637));
#1226 = ORIENTED_EDGE('',*,*,#1187,.F.);
#1227 = SURFACE_OF_LINEAR_EXTRUSION('',#1228,#1232);
#1228 = B_SPLINE_CURVE_WITH_KNOTS('',2,(#1229,#1230,#1231),
  .UNSPECIFIED.,.F.,.F.,(3,3),(0.,1.),.PIECEWISE_BEZIER_KNOTS.);
#1229 = CARTESIAN_POINT('',(13.709299363057,1.654585568812,
    3.961175608833));
#1230 = CARTESIAN_POINT('',(13.162802547771,1.880798127302,
    4.582689505281));
#1231 = CARTESIAN_POINT('',(13.162802547771,2.396137522876,
    5.998572857976));
#1232 = VECTOR('',#1233,1.);
#1233 = DIRECTION('',(-0.,0.939692620786,-0.342020143326));
#1234 = ADVANCED_FACE('',(#1235),#1253,.T.);
#1235 = FACE_BOUND('',#1236,.T.);
#1236 = EDGE_LOOP('',(#1237,#1238,#1246,#1252));
#1237 = ORIENTED_EDGE('',*,*,#527,.T.);
#1238 = ORIENTED_EDGE('',*,*,#1239,.T.);
#1239 = EDGE_CURVE('',#509,#1240,#1242,.T.);
#1240 = VERTEX_POINT('',#1241);
#1241 = CARTESIAN_POINT('',(15.104203821656,0.676618913693,
    3.613277827045));
#1242 = LINE('',#1243,#1244);
#1243 = CARTESIAN_POINT('',(15.104203821656,1.428373010321,
    3.339661712384));
#1244 = VECTOR('',#1245,1.);
#1245 = DIRECTION('',(0.,-0.939692620786,0.342020143326));
#1246 = ORIENTED_EDGE('',*,*,#1247,.T.);
#1247 = EDGE_CURVE('',#1240,#1214,#1248,.T.);
#1248 = B_SPLINE_CURVE_WITH_KNOTS('',2,(#1249,#1250,#1251),
  .UNSPECIFIED.,.F.,.F.,(3,3),(0.,1.),.PIECEWISE_BEZIER_KNOTS.);
#1249 = CARTESIAN_POINT('',(15.104203821656,0.676618913693,
    3.613277827045));
#1250 = CARTESIAN_POINT('',(14.255796178344,0.676618913693,
    3.613277827045));
#1251 = CARTESIAN_POINT('',(13.709299363057,0.902831472183,
    4.234791723493));
#1252 = ORIENTED_EDGE('',*,*,#1213,.F.);
#1253 = SURFACE_OF_LINEAR_EXTRUSION('',#1254,#1258);
#1254 = B_SPLINE_CURVE_WITH_KNOTS('',2,(#1255,#1256,#1257),
  .UNSPECIFIED.,.F.,.F.,(3,3),(0.,1.),.PIECEWISE_BEZIER_KNOTS.);
#1255 = CARTESIAN_POINT('',(15.104203821656,1.428373010321,
    3.339661712384));
#1256 = CARTESIAN_POINT('',(14.255796178344,1.428373010321,
    3.339661712384));
#1257 = CARTESIAN_POINT('',(13.709299363057,1.654585568812,
    3.961175608833));
#1258 = VECTOR('',#1259,1.);
#1259 = DIRECTION('',(-0.,0.939692620786,-0.342020143326));
#1260 = ADVANCED_FACE('',(#1261),#1279,.T.);
#1261 = FACE_BOUND('',#1262,.T.);
#1262 = EDGE_LOOP('',(#1263,#1264,#1272,#1278));
#1263 = ORIENTED_EDGE('',*,*,#508,.T.);
#1264 = ORIENTED_EDGE('',*,*,#1265,.T.);
#1265 = EDGE_CURVE('',#486,#1266,#1268,.T.);
#1266 = VERTEX_POINT('',#1267);
#1267 = CARTESIAN_POINT('',(16.39974522293,0.854382249332,4.101678577721
    ));
#1268 = LINE('',#1269,#1270);
#1269 = CARTESIAN_POINT('',(16.39974522293,1.606136345961,3.82806246306)
  );
#1270 = VECTOR('',#1271,1.);
#1271 = DIRECTION('',(0.,-0.939692620786,0.342020143326));
#1272 = ORIENTED_EDGE('',*,*,#1273,.T.);
#1273 = EDGE_CURVE('',#1266,#1240,#1274,.T.);
#1274 = B_SPLINE_CURVE_WITH_KNOTS('',2,(#1275,#1276,#1277),
  .UNSPECIFIED.,.F.,.F.,(3,3),(0.,1.),.PIECEWISE_BEZIER_KNOTS.);
#1275 = CARTESIAN_POINT('',(16.39974522293,0.854382249332,4.101678577721
    ));
#1276 = CARTESIAN_POINT('',(15.895286624204,0.676618913693,
    3.613277827045));
#1277 = CARTESIAN_POINT('',(15.104203821656,0.676618913693,
    3.613277827045));
#1278 = ORIENTED_EDGE('',*,*,#1239,.F.);
#1279 = SURFACE_OF_LINEAR_EXTRUSION('',#1280,#1284);
#1280 = B_SPLINE_CURVE_WITH_KNOTS('',2,(#1281,#1282,#1283),
  .UNSPECIFIED.,.F.,.F.,(3,3),(0.,1.),.PIECEWISE_BEZIER_KNOTS.);
#1281 = CARTESIAN_POINT('',(16.39974522293,1.606136345961,3.82806246306)
  );
#1282 = CARTESIAN_POINT('',(15.895286624204,1.428373010321,
    3.339661712384));
#1283 = CARTESIAN_POINT('',(15.104203821656,1.428373010321,
    3.339661712384));
#1284 = VECTOR('',#1285,1.);
#1285 = DIRECTION('',(-0.,0.939692620786,-0.342020143326));
#1286 = ADVANCED_FACE('',(#1287),#1305,.T.);
#1287 = FACE_BOUND('',#1288,.T.);
#1288 = EDGE_LOOP('',(#1289,#1290,#1298,#1304));
#1289 = ORIENTED_EDGE('',*,*,#485,.T.);
#1290 = ORIENTED_EDGE('',*,*,#1291,.T.);
#1291 = EDGE_CURVE('',#463,#1292,#1294,.T.);
#1292 = VERTEX_POINT('',#1293);
#1293 = CARTESIAN_POINT('',(16.904203821656,1.326326477677,
    5.398334688339));
#1294 = LINE('',#1295,#1296);
#1295 = CARTESIAN_POINT('',(16.904203821656,2.078080574305,
    5.124718573678));
#1296 = VECTOR('',#1297,1.);
#1297 = DIRECTION('',(0.,-0.939692620786,0.342020143326));
#1298 = ORIENTED_EDGE('',*,*,#1299,.T.);
#1299 = EDGE_CURVE('',#1292,#1266,#1300,.T.);
#1300 = B_SPLINE_CURVE_WITH_KNOTS('',2,(#1301,#1302,#1303),
  .UNSPECIFIED.,.F.,.F.,(3,3),(0.,1.),.PIECEWISE_BEZIER_KNOTS.);
#1301 = CARTESIAN_POINT('',(16.904203821656,1.326326477677,
    5.398334688339));
#1302 = CARTESIAN_POINT('',(16.904203821656,1.032145584971,
    4.590079328397));
#1303 = CARTESIAN_POINT('',(16.39974522293,0.854382249332,4.101678577721
    ));
#1304 = ORIENTED_EDGE('',*,*,#1265,.F.);
#1305 = SURFACE_OF_LINEAR_EXTRUSION('',#1306,#1310);
#1306 = B_SPLINE_CURVE_WITH_KNOTS('',2,(#1307,#1308,#1309),
  .UNSPECIFIED.,.F.,.F.,(3,3),(0.,1.),.PIECEWISE_BEZIER_KNOTS.);
#1307 = CARTESIAN_POINT('',(16.904203821656,2.078080574305,
    5.124718573678));
#1308 = CARTESIAN_POINT('',(16.904203821656,1.7838996816,4.316463213736)
  );
#1309 = CARTESIAN_POINT('',(16.39974522293,1.606136345961,3.82806246306)
  );
#1310 = VECTOR('',#1311,1.);
#1311 = DIRECTION('',(-0.,0.939692620786,-0.342020143326));
#1312 = ADVANCED_FACE('',(#1313),#1331,.T.);
#1313 = FACE_BOUND('',#1314,.T.);
#1314 = EDGE_LOOP('',(#1315,#1316,#1324,#1330));
#1315 = ORIENTED_EDGE('',*,*,#462,.T.);
#1316 = ORIENTED_EDGE('',*,*,#1317,.T.);
#1317 = EDGE_CURVE('',#444,#1318,#1320,.T.);
#1318 = VERTEX_POINT('',#1319);
#1319 = CARTESIAN_POINT('',(16.424458598726,1.778577316877,6.64088365697
    ));
#1320 = LINE('',#1321,#1322);
#1321 = CARTESIAN_POINT('',(16.424458598726,2.530331413505,6.36726754231
    ));
#1322 = VECTOR('',#1323,1.);
#1323 = DIRECTION('',(0.,-0.939692620786,0.342020143326));
#1324 = ORIENTED_EDGE('',*,*,#1325,.T.);
#1325 = EDGE_CURVE('',#1318,#1292,#1326,.T.);
#1326 = B_SPLINE_CURVE_WITH_KNOTS('',2,(#1327,#1328,#1329),
  .UNSPECIFIED.,.F.,.F.,(3,3),(0.,1.),.PIECEWISE_BEZIER_KNOTS.);
#1327 = CARTESIAN_POINT('',(16.424458598726,1.778577316877,6.64088365697
    ));
#1328 = CARTESIAN_POINT('',(16.904203821656,1.603428147938,
    6.159665270275));
#1329 = CARTESIAN_POINT('',(16.904203821656,1.326326477677,
    5.398334688339));
#1330 = ORIENTED_EDGE('',*,*,#1291,.F.);
#1331 = SURFACE_OF_LINEAR_EXTRUSION('',#1332,#1336);
#1332 = B_SPLINE_CURVE_WITH_KNOTS('',2,(#1333,#1334,#1335),
  .UNSPECIFIED.,.F.,.F.,(3,3),(0.,1.),.PIECEWISE_BEZIER_KNOTS.);
#1333 = CARTESIAN_POINT('',(16.424458598726,2.530331413505,6.36726754231
    ));
#1334 = CARTESIAN_POINT('',(16.904203821656,2.355182244567,
    5.886049155614));
#1335 = CARTESIAN_POINT('',(16.904203821656,2.078080574305,
    5.124718573678));
#1336 = VECTOR('',#1337,1.);
#1337 = DIRECTION('',(-0.,0.939692620786,-0.342020143326));
#1338 = ADVANCED_FACE('',(#1339),#1357,.T.);
#1339 = FACE_BOUND('',#1340,.T.);
#1340 = EDGE_LOOP('',(#1341,#1342,#1350,#1356));
#1341 = ORIENTED_EDGE('',*,*,#443,.T.);
#1342 = ORIENTED_EDGE('',*,*,#1343,.T.);
#1343 = EDGE_CURVE('',#425,#1344,#1346,.T.);
#1344 = VERTEX_POINT('',#1345);
#1345 = CARTESIAN_POINT('',(15.272356687898,1.953726485815,
    7.122102043666));
#1346 = LINE('',#1347,#1348);
#1347 = CARTESIAN_POINT('',(15.272356687898,2.705480582444,
    6.848485929005));
#1348 = VECTOR('',#1349,1.);
#1349 = DIRECTION('',(0.,-0.939692620786,0.342020143326));
#1350 = ORIENTED_EDGE('',*,*,#1351,.T.);
#1351 = EDGE_CURVE('',#1344,#1318,#1352,.T.);
#1352 = B_SPLINE_CURVE_WITH_KNOTS('',2,(#1353,#1354,#1355),
  .UNSPECIFIED.,.F.,.F.,(3,3),(0.,1.),.PIECEWISE_BEZIER_KNOTS.);
#1353 = CARTESIAN_POINT('',(15.272356687898,1.953726485815,
    7.122102043666));
#1354 = CARTESIAN_POINT('',(15.944968152866,1.953726485815,
    7.122102043666));
#1355 = CARTESIAN_POINT('',(16.424458598726,1.778577316877,6.64088365697
    ));
#1356 = ORIENTED_EDGE('',*,*,#1317,.F.);
#1357 = SURFACE_OF_LINEAR_EXTRUSION('',#1358,#1362);
#1358 = B_SPLINE_CURVE_WITH_KNOTS('',2,(#1359,#1360,#1361),
  .UNSPECIFIED.,.F.,.F.,(3,3),(0.,1.),.PIECEWISE_BEZIER_KNOTS.);
#1359 = CARTESIAN_POINT('',(15.272356687898,2.705480582444,
    6.848485929005));
#1360 = CARTESIAN_POINT('',(15.944968152866,2.705480582444,
    6.848485929005));
#1361 = CARTESIAN_POINT('',(16.424458598726,2.530331413505,6.36726754231
    ));
#1362 = VECTOR('',#1363,1.);
#1363 = DIRECTION('',(-0.,0.939692620786,-0.342020143326));
#1364 = ADVANCED_FACE('',(#1365),#1383,.T.);
#1365 = FACE_BOUND('',#1366,.T.);
#1366 = EDGE_LOOP('',(#1367,#1368,#1376,#1382));
#1367 = ORIENTED_EDGE('',*,*,#424,.T.);
#1368 = ORIENTED_EDGE('',*,*,#1369,.T.);
#1369 = EDGE_CURVE('',#404,#1370,#1372,.T.);
#1370 = VERTEX_POINT('',#1371);
#1371 = CARTESIAN_POINT('',(14.274904458599,1.791648150379,
    6.676795476873));
#1372 = LINE('',#1373,#1374);
#1373 = CARTESIAN_POINT('',(14.274904458599,2.543402247008,
    6.403179362212));
#1374 = VECTOR('',#1375,1.);
#1375 = DIRECTION('',(0.,-0.939692620786,0.342020143326));
#1376 = ORIENTED_EDGE('',*,*,#1377,.T.);
#1377 = EDGE_CURVE('',#1370,#1344,#1378,.T.);
#1378 = B_SPLINE_CURVE_WITH_KNOTS('',2,(#1379,#1380,#1381),
  .UNSPECIFIED.,.F.,.F.,(3,3),(0.,1.),.PIECEWISE_BEZIER_KNOTS.);
#1379 = CARTESIAN_POINT('',(14.274904458599,1.791648150379,
    6.676795476873));
#1380 = CARTESIAN_POINT('',(14.676178343949,1.953726485815,
    7.122102043666));
#1381 = CARTESIAN_POINT('',(15.272356687898,1.953726485815,
    7.122102043666));
#1382 = ORIENTED_EDGE('',*,*,#1343,.F.);
#1383 = SURFACE_OF_LINEAR_EXTRUSION('',#1384,#1388);
#1384 = B_SPLINE_CURVE_WITH_KNOTS('',2,(#1385,#1386,#1387),
  .UNSPECIFIED.,.F.,.F.,(3,3),(0.,1.),.PIECEWISE_BEZIER_KNOTS.);
#1385 = CARTESIAN_POINT('',(14.274904458599,2.543402247008,
    6.403179362212));
#1386 = CARTESIAN_POINT('',(14.676178343949,2.705480582444,
    6.848485929005));
#1387 = CARTESIAN_POINT('',(15.272356687898,2.705480582444,
    6.848485929005));
#1388 = VECTOR('',#1389,1.);
#1389 = DIRECTION('',(-0.,0.939692620786,-0.342020143326));
#1390 = ADVANCED_FACE('',(#1391),#1409,.T.);
#1391 = FACE_BOUND('',#1392,.T.);
#1392 = EDGE_LOOP('',(#1393,#1394,#1402,#1408));
#1393 = ORIENTED_EDGE('',*,*,#403,.T.);
#1394 = ORIENTED_EDGE('',*,*,#1395,.T.);
#1395 = EDGE_CURVE('',#387,#1396,#1398,.T.);
#1396 = VERTEX_POINT('',#1397);
#1397 = CARTESIAN_POINT('',(14.570955414013,2.227952572706,
    7.875532025223));
#1398 = LINE('',#1399,#1400);
#1399 = CARTESIAN_POINT('',(14.570955414013,2.979706669335,
    7.601915910563));
#1400 = VECTOR('',#1401,1.);
#1401 = DIRECTION('',(0.,-0.939692620786,0.342020143326));
#1402 = ORIENTED_EDGE('',*,*,#1403,.T.);
#1403 = EDGE_CURVE('',#1396,#1370,#1404,.T.);
#1404 = B_SPLINE_CURVE_WITH_KNOTS('',2,(#1405,#1406,#1407),
  .UNSPECIFIED.,.F.,.F.,(3,3),(0.,1.),.PIECEWISE_BEZIER_KNOTS.);
#1405 = CARTESIAN_POINT('',(14.570955414013,2.227952572706,
    7.875532025223));
#1406 = CARTESIAN_POINT('',(14.336050955414,2.123037349123,
    7.587279817471));
#1407 = CARTESIAN_POINT('',(14.274904458599,1.791648150379,
    6.676795476873));
#1408 = ORIENTED_EDGE('',*,*,#1369,.F.);
#1409 = SURFACE_OF_LINEAR_EXTRUSION('',#1410,#1414);
#1410 = B_SPLINE_CURVE_WITH_KNOTS('',2,(#1411,#1412,#1413),
  .UNSPECIFIED.,.F.,.F.,(3,3),(0.,1.),.PIECEWISE_BEZIER_KNOTS.);
#1411 = CARTESIAN_POINT('',(14.570955414013,2.979706669335,
    7.601915910563));
#1412 = CARTESIAN_POINT('',(14.336050955414,2.874791445751,
    7.313663702811));
#1413 = CARTESIAN_POINT('',(14.274904458599,2.543402247008,
    6.403179362212));
#1414 = VECTOR('',#1415,1.);
#1415 = DIRECTION('',(-0.,0.939692620786,-0.342020143326));
#1416 = ADVANCED_FACE('',(#1417),#1435,.T.);
#1417 = FACE_BOUND('',#1418,.T.);
#1418 = EDGE_LOOP('',(#1419,#1420,#1428,#1434));
#1419 = ORIENTED_EDGE('',*,*,#386,.T.);
#1420 = ORIENTED_EDGE('',*,*,#1421,.T.);
#1421 = EDGE_CURVE('',#372,#1422,#1424,.T.);
#1422 = VERTEX_POINT('',#1423);
#1423 = CARTESIAN_POINT('',(15.146242038217,2.332954935179,
    8.164023645108));
#1424 = LINE('',#1425,#1426);
#1425 = CARTESIAN_POINT('',(15.146242038217,3.084709031808,
    7.890407530447));
#1426 = VECTOR('',#1427,1.);
#1427 = DIRECTION('',(0.,-0.939692620786,0.342020143326));
#1428 = ORIENTED_EDGE('',*,*,#1429,.T.);
#1429 = EDGE_CURVE('',#1422,#1396,#1430,.T.);
#1430 = B_SPLINE_CURVE_WITH_KNOTS('',2,(#1431,#1432,#1433),
  .UNSPECIFIED.,.F.,.F.,(3,3),(0.,1.),.PIECEWISE_BEZIER_KNOTS.);
#1431 = CARTESIAN_POINT('',(15.146242038217,2.332954935179,
    8.164023645108));
#1432 = CARTESIAN_POINT('',(14.806114649682,2.332954935179,
    8.164023645108));
#1433 = CARTESIAN_POINT('',(14.570955414013,2.227952572706,
    7.875532025223));
#1434 = ORIENTED_EDGE('',*,*,#1395,.F.);
#1435 = SURFACE_OF_LINEAR_EXTRUSION('',#1436,#1440);
#1436 = B_SPLINE_CURVE_WITH_KNOTS('',2,(#1437,#1438,#1439),
  .UNSPECIFIED.,.F.,.F.,(3,3),(0.,1.),.PIECEWISE_BEZIER_KNOTS.);
#1437 = CARTESIAN_POINT('',(15.146242038217,3.084709031808,
    7.890407530447));
#1438 = CARTESIAN_POINT('',(14.806114649682,3.084709031808,
    7.890407530447));
#1439 = CARTESIAN_POINT('',(14.570955414013,2.979706669335,
    7.601915910563));
#1440 = VECTOR('',#1441,1.);
#1441 = DIRECTION('',(-0.,0.939692620786,-0.342020143326));
#1442 = ADVANCED_FACE('',(#1443),#1461,.T.);
#1443 = FACE_BOUND('',#1444,.T.);
#1444 = EDGE_LOOP('',(#1445,#1446,#1454,#1460));
#1445 = ORIENTED_EDGE('',*,*,#371,.T.);
#1446 = ORIENTED_EDGE('',*,*,#1447,.T.);
#1447 = EDGE_CURVE('',#360,#1448,#1450,.T.);
#1448 = VERTEX_POINT('',#1449);
#1449 = CARTESIAN_POINT('',(15.562802547771,2.281281573398,
    8.022052250426));
#1450 = LINE('',#1451,#1452);
#1451 = CARTESIAN_POINT('',(15.562802547771,3.033035670027,
    7.748436135766));
#1452 = VECTOR('',#1453,1.);
#1453 = DIRECTION('',(0.,-0.939692620786,0.342020143326));
#1454 = ORIENTED_EDGE('',*,*,#1455,.T.);
#1455 = EDGE_CURVE('',#1448,#1422,#1456,.T.);
#1456 = B_SPLINE_CURVE_WITH_KNOTS('',2,(#1457,#1458,#1459),
  .UNSPECIFIED.,.F.,.F.,(3,3),(0.,1.),.PIECEWISE_BEZIER_KNOTS.);
#1457 = CARTESIAN_POINT('',(15.562802547771,2.281281573398,
    8.022052250426));
#1458 = CARTESIAN_POINT('',(15.402292993631,2.332954935179,
    8.164023645108));
#1459 = CARTESIAN_POINT('',(15.146242038217,2.332954935179,
    8.164023645108));
#1460 = ORIENTED_EDGE('',*,*,#1421,.F.);
#1461 = SURFACE_OF_LINEAR_EXTRUSION('',#1462,#1466);
#1462 = B_SPLINE_CURVE_WITH_KNOTS('',2,(#1463,#1464,#1465),
  .UNSPECIFIED.,.F.,.F.,(3,3),(0.,1.),.PIECEWISE_BEZIER_KNOTS.);
#1463 = CARTESIAN_POINT('',(15.562802547771,3.033035670027,
    7.748436135766));
#1464 = CARTESIAN_POINT('',(15.402292993631,3.084709031808,
    7.890407530447));
#1465 = CARTESIAN_POINT('',(15.146242038217,3.084709031808,
    7.890407530447));
#1466 = VECTOR('',#1467,1.);
#1467 = DIRECTION('',(-0.,0.939692620786,-0.342020143326));
#1468 = ADVANCED_FACE('',(#1469),#1480,.T.);
#1469 = FACE_BOUND('',#1470,.T.);
#1470 = EDGE_LOOP('',(#1471,#1472,#1473,#1479));
#1471 = ORIENTED_EDGE('',*,*,#359,.T.);
#1472 = ORIENTED_EDGE('',*,*,#1094,.T.);
#1473 = ORIENTED_EDGE('',*,*,#1474,.T.);
#1474 = EDGE_CURVE('',#1087,#1448,#1475,.T.);
#1475 = B_SPLINE_CURVE_WITH_KNOTS('',2,(#1476,#1477,#1478),
  .UNSPECIFIED.,.F.,.F.,(3,3),(0.,1.),.PIECEWISE_BEZIER_KNOTS.);
#1476 = CARTESIAN_POINT('',(15.76152866242,2.121033154652,7.58177333842)
  );
#1477 = CARTESIAN_POINT('',(15.723312101911,2.229608211616,
    7.880080855744));
#1478 = CARTESIAN_POINT('',(15.562802547771,2.281281573398,
    8.022052250426));
#1479 = ORIENTED_EDGE('',*,*,#1447,.F.);
#1480 = SURFACE_OF_LINEAR_EXTRUSION('',#1481,#1485);
#1481 = B_SPLINE_CURVE_WITH_KNOTS('',2,(#1482,#1483,#1484),
  .UNSPECIFIED.,.F.,.F.,(3,3),(0.,1.),.PIECEWISE_BEZIER_KNOTS.);
#1482 = CARTESIAN_POINT('',(15.76152866242,2.872787251281,7.308157223759
    ));
#1483 = CARTESIAN_POINT('',(15.723312101911,2.981362308245,
    7.606464741084));
#1484 = CARTESIAN_POINT('',(15.562802547771,3.033035670027,
    7.748436135766));
#1485 = VECTOR('',#1486,1.);
#1486 = DIRECTION('',(-0.,0.939692620786,-0.342020143326));
#1487 = ADVANCED_FACE('',(#1488),#1513,.T.);
#1488 = FACE_BOUND('',#1489,.T.);
#1489 = EDGE_LOOP('',(#1490,#1491,#1499,#1507));
#1490 = ORIENTED_EDGE('',*,*,#651,.T.);
#1491 = ORIENTED_EDGE('',*,*,#1492,.T.);
#1492 = EDGE_CURVE('',#654,#1493,#1495,.T.);
#1493 = VERTEX_POINT('',#1494);
#1494 = CARTESIAN_POINT('',(11.556942675159,0.71008024746,3.705212085995
    ));
#1495 = LINE('',#1496,#1497);
#1496 = CARTESIAN_POINT('',(11.556942675159,1.461834344089,
    3.431595971335));
#1497 = VECTOR('',#1498,1.);
#1498 = DIRECTION('',(0.,-0.939692620786,0.342020143326));
#1499 = ORIENTED_EDGE('',*,*,#1500,.T.);
#1500 = EDGE_CURVE('',#1493,#1501,#1503,.T.);
#1501 = VERTEX_POINT('',#1502);
#1502 = CARTESIAN_POINT('',(10.483057324841,0.71008024746,3.705212085995
    ));
#1503 = LINE('',#1504,#1505);
#1504 = CARTESIAN_POINT('',(11.556942675159,0.71008024746,3.705212085995
    ));
#1505 = VECTOR('',#1506,1.);
#1506 = DIRECTION('',(-1.,0.,0.));
#1507 = ORIENTED_EDGE('',*,*,#1508,.F.);
#1508 = EDGE_CURVE('',#652,#1501,#1509,.T.);
#1509 = LINE('',#1510,#1511);
#1510 = CARTESIAN_POINT('',(10.483057324841,1.461834344089,
    3.431595971335));
#1511 = VECTOR('',#1512,1.);
#1512 = DIRECTION('',(0.,-0.939692620786,0.342020143326));
#1513 = PLANE('',#1514);
#1514 = AXIS2_PLACEMENT_3D('',#1515,#1516,#1517);
#1515 = CARTESIAN_POINT('',(11.556942675159,1.461834344089,
    3.431595971335));
#1516 = DIRECTION('',(0.,-0.342020143326,-0.939692620786));
#1517 = DIRECTION('',(-1.,0.,0.));
#1518 = ADVANCED_FACE('',(#1519),#1537,.T.);
#1519 = FACE_BOUND('',#1520,.T.);
#1520 = EDGE_LOOP('',(#1521,#1522,#1530,#1536));
#1521 = ORIENTED_EDGE('',*,*,#731,.T.);
#1522 = ORIENTED_EDGE('',*,*,#1523,.T.);
#1523 = EDGE_CURVE('',#724,#1524,#1526,.T.);
#1524 = VERTEX_POINT('',#1525);
#1525 = CARTESIAN_POINT('',(11.556942675159,2.639683828047,
    9.006754352157));
#1526 = LINE('',#1527,#1528);
#1527 = CARTESIAN_POINT('',(11.556942675159,3.391437924676,
    8.733138237496));
#1528 = VECTOR('',#1529,1.);
#1529 = DIRECTION('',(0.,-0.939692620786,0.342020143326));
#1530 = ORIENTED_EDGE('',*,*,#1531,.T.);
#1531 = EDGE_CURVE('',#1524,#1493,#1532,.T.);
#1532 = LINE('',#1533,#1534);
#1533 = CARTESIAN_POINT('',(11.556942675159,2.639683828047,
    9.006754352157));
#1534 = VECTOR('',#1535,1.);
#1535 = DIRECTION('',(0.,-0.342020143326,-0.939692620786));
#1536 = ORIENTED_EDGE('',*,*,#1492,.F.);
#1537 = PLANE('',#1538);
#1538 = AXIS2_PLACEMENT_3D('',#1539,#1540,#1541);
#1539 = CARTESIAN_POINT('',(11.556942675159,3.391437924676,
    8.733138237496));
#1540 = DIRECTION('',(1.,0.,0.));
#1541 = DIRECTION('',(0.,-0.342020143326,-0.939692620786));
#1542 = ADVANCED_FACE('',(#1543),#1561,.T.);
#1543 = FACE_BOUND('',#1544,.T.);
#1544 = EDGE_LOOP('',(#1545,#1546,#1554,#1560));
#1545 = ORIENTED_EDGE('',*,*,#723,.T.);
#1546 = ORIENTED_EDGE('',*,*,#1547,.T.);
#1547 = EDGE_CURVE('',#705,#1548,#1550,.T.);
#1548 = VERTEX_POINT('',#1549);
#1549 = CARTESIAN_POINT('',(10.685605095541,2.639683828047,
    9.006754352157));
#1550 = LINE('',#1551,#1552);
#1551 = CARTESIAN_POINT('',(10.685605095541,3.391437924676,
    8.733138237496));
#1552 = VECTOR('',#1553,1.);
#1553 = DIRECTION('',(0.,-0.939692620786,0.342020143326));
#1554 = ORIENTED_EDGE('',*,*,#1555,.T.);
#1555 = EDGE_CURVE('',#1548,#1524,#1556,.T.);
#1556 = LINE('',#1557,#1558);
#1557 = CARTESIAN_POINT('',(10.685605095541,2.639683828047,
    9.006754352157));
#1558 = VECTOR('',#1559,1.);
#1559 = DIRECTION('',(1.,0.,0.));
#1560 = ORIENTED_EDGE('',*,*,#1523,.F.);
#1561 = PLANE('',#1562);
#1562 = AXIS2_PLACEMENT_3D('',#1563,#1564,#1565);
#1563 = CARTESIAN_POINT('',(10.685605095541,3.391437924676,
    8.733138237496));
#1564 = DIRECTION('',(0.,0.342020143326,0.939692620786));
#1565 = DIRECTION('',(1.,0.,0.));
#1566 = ADVANCED_FACE('',(#1567),#1585,.T.);
#1567 = FACE_BOUND('',#1568,.T.);
#1568 = EDGE_LOOP('',(#1569,#1570,#1578,#1584));
#1569 = ORIENTED_EDGE('',*,*,#704,.T.);
#1570 = ORIENTED_EDGE('',*,*,#1571,.T.);
#1571 = EDGE_CURVE('',#693,#1572,#1574,.T.);
#1572 = VERTEX_POINT('',#1573);
#1573 = CARTESIAN_POINT('',(10.009171974522,2.332954935179,
    8.164023645108));
#1574 = LINE('',#1575,#1576);
#1575 = CARTESIAN_POINT('',(10.009171974522,3.084709031808,
    7.890407530447));
#1576 = VECTOR('',#1577,1.);
#1577 = DIRECTION('',(0.,-0.939692620786,0.342020143326));
#1578 = ORIENTED_EDGE('',*,*,#1579,.T.);
#1579 = EDGE_CURVE('',#1572,#1548,#1580,.T.);
#1580 = B_SPLINE_CURVE_WITH_KNOTS('',2,(#1581,#1582,#1583),
  .UNSPECIFIED.,.F.,.F.,(3,3),(0.,1.),.PIECEWISE_BEZIER_KNOTS.);
#1581 = CARTESIAN_POINT('',(10.009171974522,2.332954935179,
    8.164023645108));
#1582 = CARTESIAN_POINT('',(10.502165605096,2.464447520218,
    8.525296553329));
#1583 = CARTESIAN_POINT('',(10.685605095541,2.639683828047,
    9.006754352157));
#1584 = ORIENTED_EDGE('',*,*,#1547,.F.);
#1585 = SURFACE_OF_LINEAR_EXTRUSION('',#1586,#1590);
#1586 = B_SPLINE_CURVE_WITH_KNOTS('',2,(#1587,#1588,#1589),
  .UNSPECIFIED.,.F.,.F.,(3,3),(0.,1.),.PIECEWISE_BEZIER_KNOTS.);
#1587 = CARTESIAN_POINT('',(10.009171974522,3.084709031808,
    7.890407530447));
#1588 = CARTESIAN_POINT('',(10.502165605096,3.216201616847,
    8.251680438668));
#1589 = CARTESIAN_POINT('',(10.685605095541,3.391437924676,
    8.733138237496));
#1590 = VECTOR('',#1591,1.);
#1591 = DIRECTION('',(-0.,0.939692620786,-0.342020143326));
#1592 = ADVANCED_FACE('',(#1593),#1611,.T.);
#1593 = FACE_BOUND('',#1594,.T.);
#1594 = EDGE_LOOP('',(#1595,#1596,#1604,#1610));
#1595 = ORIENTED_EDGE('',*,*,#692,.T.);
#1596 = ORIENTED_EDGE('',*,*,#1597,.T.);
#1597 = EDGE_CURVE('',#685,#1598,#1600,.T.);
#1598 = VERTEX_POINT('',#1599);
#1599 = CARTESIAN_POINT('',(9.095796178344,2.15449448842,7.67370759737)
  );
#1600 = LINE('',#1601,#1602);
#1601 = CARTESIAN_POINT('',(9.095796178344,2.906248585048,7.40009148271)
  );
#1602 = VECTOR('',#1603,1.);
#1603 = DIRECTION('',(0.,-0.939692620786,0.342020143326));
#1604 = ORIENTED_EDGE('',*,*,#1605,.T.);
#1605 = EDGE_CURVE('',#1598,#1572,#1606,.T.);
#1606 = B_SPLINE_CURVE_WITH_KNOTS('',2,(#1607,#1608,#1609),
  .UNSPECIFIED.,.F.,.F.,(3,3),(0.,1.),.PIECEWISE_BEZIER_KNOTS.);
#1607 = CARTESIAN_POINT('',(9.095796178344,2.15449448842,7.67370759737)
  );
#1608 = CARTESIAN_POINT('',(9.516178343949,2.20154948903,7.80299014902)
  );
#1609 = CARTESIAN_POINT('',(10.009171974522,2.332954935179,
    8.164023645108));
#1610 = ORIENTED_EDGE('',*,*,#1571,.F.);
#1611 = SURFACE_OF_LINEAR_EXTRUSION('',#1612,#1616);
#1612 = B_SPLINE_CURVE_WITH_KNOTS('',2,(#1613,#1614,#1615),
  .UNSPECIFIED.,.F.,.F.,(3,3),(0.,1.),.PIECEWISE_BEZIER_KNOTS.);
#1613 = CARTESIAN_POINT('',(9.095796178344,2.906248585048,7.40009148271)
  );
#1614 = CARTESIAN_POINT('',(9.516178343949,2.953303585659,7.529374034359
    ));
#1615 = CARTESIAN_POINT('',(10.009171974522,3.084709031808,
    7.890407530447));
#1616 = VECTOR('',#1617,1.);
#1617 = DIRECTION('',(-0.,0.939692620786,-0.342020143326));
#1618 = ADVANCED_FACE('',(#1619),#1637,.T.);
#1619 = FACE_BOUND('',#1620,.T.);
#1620 = EDGE_LOOP('',(#1621,#1622,#1630,#1636));
#1621 = ORIENTED_EDGE('',*,*,#684,.T.);
#1622 = ORIENTED_EDGE('',*,*,#1623,.T.);
#1623 = EDGE_CURVE('',#670,#1624,#1626,.T.);
#1624 = VERTEX_POINT('',#1625);
#1625 = CARTESIAN_POINT('',(9.095796178344,1.819881150746,6.754365007863
    ));
#1626 = LINE('',#1627,#1628);
#1627 = CARTESIAN_POINT('',(9.095796178344,2.571635247374,6.480748893202
    ));
#1628 = VECTOR('',#1629,1.);
#1629 = DIRECTION('',(0.,-0.939692620786,0.342020143326));
#1630 = ORIENTED_EDGE('',*,*,#1631,.T.);
#1631 = EDGE_CURVE('',#1624,#1598,#1632,.T.);
#1632 = LINE('',#1633,#1634);
#1633 = CARTESIAN_POINT('',(9.095796178344,1.819881150746,6.754365007863
    ));
#1634 = VECTOR('',#1635,1.);
#1635 = DIRECTION('',(0.,0.342020143326,0.939692620786));
#1636 = ORIENTED_EDGE('',*,*,#1597,.F.);
#1637 = PLANE('',#1638);
#1638 = AXIS2_PLACEMENT_3D('',#1639,#1640,#1641);
#1639 = CARTESIAN_POINT('',(9.095796178344,2.571635247374,6.480748893202
    ));
#1640 = DIRECTION('',(-1.,0.,0.));
#1641 = DIRECTION('',(0.,0.342020143326,0.939692620786));
#1642 = ADVANCED_FACE('',(#1643),#1661,.T.);
#1643 = FACE_BOUND('',#1644,.T.);
#1644 = EDGE_LOOP('',(#1645,#1646,#1654,#1660));
#1645 = ORIENTED_EDGE('',*,*,#669,.T.);
#1646 = ORIENTED_EDGE('',*,*,#1647,.T.);
#1647 = EDGE_CURVE('',#662,#1648,#1650,.T.);
#1648 = VERTEX_POINT('',#1649);
#1649 = CARTESIAN_POINT('',(10.483057324841,2.099422709928,
    7.522399129514));
#1650 = LINE('',#1651,#1652);
#1651 = CARTESIAN_POINT('',(10.483057324841,2.851176806556,
    7.248783014853));
#1652 = VECTOR('',#1653,1.);
#1653 = DIRECTION('',(0.,-0.939692620786,0.342020143326));
#1654 = ORIENTED_EDGE('',*,*,#1655,.T.);
#1655 = EDGE_CURVE('',#1648,#1624,#1656,.T.);
#1656 = B_SPLINE_CURVE_WITH_KNOTS('',2,(#1657,#1658,#1659),
  .UNSPECIFIED.,.F.,.F.,(3,3),(0.,1.),.PIECEWISE_BEZIER_KNOTS.);
#1657 = CARTESIAN_POINT('',(10.483057324841,2.099422709928,
    7.522399129514));
#1658 = CARTESIAN_POINT('',(9.894522292994,1.910418457476,7.003114213722
    ));
#1659 = CARTESIAN_POINT('',(9.095796178344,1.819881150746,6.754365007863
    ));
#1660 = ORIENTED_EDGE('',*,*,#1623,.F.);
#1661 = SURFACE_OF_LINEAR_EXTRUSION('',#1662,#1666);
#1662 = B_SPLINE_CURVE_WITH_KNOTS('',2,(#1663,#1664,#1665),
  .UNSPECIFIED.,.F.,.F.,(3,3),(0.,1.),.PIECEWISE_BEZIER_KNOTS.);
#1663 = CARTESIAN_POINT('',(10.483057324841,2.851176806556,
    7.248783014853));
#1664 = CARTESIAN_POINT('',(9.894522292994,2.662172554104,6.729498099061
    ));
#1665 = CARTESIAN_POINT('',(9.095796178344,2.571635247374,6.480748893202
    ));
#1666 = VECTOR('',#1667,1.);
#1667 = DIRECTION('',(-0.,0.939692620786,-0.342020143326));
#1668 = ADVANCED_FACE('',(#1669),#1680,.T.);
#1669 = FACE_BOUND('',#1670,.T.);
#1670 = EDGE_LOOP('',(#1671,#1672,#1673,#1679));
#1671 = ORIENTED_EDGE('',*,*,#661,.T.);
#1672 = ORIENTED_EDGE('',*,*,#1508,.T.);
#1673 = ORIENTED_EDGE('',*,*,#1674,.T.);
#1674 = EDGE_CURVE('',#1501,#1648,#1675,.T.);
#1675 = LINE('',#1676,#1677);
#1676 = CARTESIAN_POINT('',(10.483057324841,0.71008024746,3.705212085995
    ));
#1677 = VECTOR('',#1678,1.);
#1678 = DIRECTION('',(0.,0.342020143326,0.939692620786));
#1679 = ORIENTED_EDGE('',*,*,#1647,.F.);
#1680 = PLANE('',#1681);
#1681 = AXIS2_PLACEMENT_3D('',#1682,#1683,#1684);
#1682 = CARTESIAN_POINT('',(10.483057324841,1.461834344089,
    3.431595971335));
#1683 = DIRECTION('',(-1.,0.,0.));
#1684 = DIRECTION('',(0.,0.342020143326,0.939692620786));
#1685 = ADVANCED_FACE('',(#1686),#1711,.F.);
#1686 = FACE_BOUND('',#1687,.F.);
#1687 = EDGE_LOOP('',(#1688,#1696,#1704,#1710));
#1688 = ORIENTED_EDGE('',*,*,#1689,.F.);
#1689 = EDGE_CURVE('',#1690,#284,#1692,.T.);
#1690 = VERTEX_POINT('',#1691);
#1691 = CARTESIAN_POINT('',(30.,12.6,0.));
#1692 = LINE('',#1693,#1694);
#1693 = CARTESIAN_POINT('',(30.,12.6,0.));
#1694 = VECTOR('',#1695,1.);
#1695 = DIRECTION('',(-0.971520338783,-0.236956180191,0.));
#1696 = ORIENTED_EDGE('',*,*,#1697,.T.);
#1697 = EDGE_CURVE('',#1690,#1698,#1700,.T.);
#1698 = VERTEX_POINT('',#1699);
#1699 = CARTESIAN_POINT('',(30.,12.6,10.));
#1700 = LINE('',#1701,#1702);
#1701 = CARTESIAN_POINT('',(30.,12.6,0.));
#1702 = VECTOR('',#1703,1.);
#1703 = DIRECTION('',(0.,0.,1.));
#1704 = ORIENTED_EDGE('',*,*,#1705,.T.);
#1705 = EDGE_CURVE('',#1698,#95,#1706,.T.);
#1706 = LINE('',#1707,#1708);
#1707 = CARTESIAN_POINT('',(30.,12.6,10.));
#1708 = VECTOR('',#1709,1.);
#1709 = DIRECTION('',(-0.971520338783,-0.236956180191,0.));
#1710 = ORIENTED_EDGE('',*,*,#814,.T.);
#1711 = PLANE('',#1712);
#1712 = AXIS2_PLACEMENT_3D('',#1713,#1714,#1715);
#1713 = CARTESIAN_POINT('',(30.,12.6,0.));
#1714 = DIRECTION('',(0.236956180191,-0.971520338783,0.));
#1715 = DIRECTION('',(-0.971520338783,-0.236956180191,0.));
#1716 = ADVANCED_FACE('',(#1717),#1735,.T.);
#1717 = FACE_BOUND('',#1718,.T.);
#1718 = EDGE_LOOP('',(#1719,#1720,#1728,#1734));
#1719 = ORIENTED_EDGE('',*,*,#831,.F.);
#1720 = ORIENTED_EDGE('',*,*,#1721,.T.);
#1721 = EDGE_CURVE('',#71,#1722,#1724,.T.);
#1722 = VERTEX_POINT('',#1723);
#1723 = CARTESIAN_POINT('',(30.,6.6,10.));
#1724 = LINE('',#1725,#1726);
#1725 = CARTESIAN_POINT('',(25.9,7.6,10.));
#1726 = VECTOR('',#1727,1.);
#1727 = DIRECTION('',(0.971520338783,-0.236956180191,0.));
#1728 = ORIENTED_EDGE('',*,*,#1729,.T.);
#1729 = EDGE_CURVE('',#1722,#1698,#1730,.T.);
#1730 = LINE('',#1731,#1732);
#1731 = CARTESIAN_POINT('',(30.,6.6,10.));
#1732 = VECTOR('',#1733,1.);
#1733 = DIRECTION('',(0.,1.,0.));
#1734 = ORIENTED_EDGE('',*,*,#1705,.T.);
#1735 = PLANE('',#1736);
#1736 = AXIS2_PLACEMENT_3D('',#1737,#1738,#1739);
#1737 = CARTESIAN_POINT('',(28.172338161771,9.6,10.));
#1738 = DIRECTION('',(0.,0.,1.));
#1739 = DIRECTION('',(1.,0.,0.));
#1740 = ADVANCED_FACE('',(#1741),#1759,.F.);
#1741 = FACE_BOUND('',#1742,.F.);
#1742 = EDGE_LOOP('',(#1743,#1751,#1752,#1753));
#1743 = ORIENTED_EDGE('',*,*,#1744,.F.);
#1744 = EDGE_CURVE('',#260,#1745,#1747,.T.);
#1745 = VERTEX_POINT('',#1746);
#1746 = CARTESIAN_POINT('',(30.,6.6,0.));
#1747 = LINE('',#1748,#1749);
#1748 = CARTESIAN_POINT('',(25.9,7.6,0.));
#1749 = VECTOR('',#1750,1.);
#1750 = DIRECTION('',(0.971520338783,-0.236956180191,0.));
#1751 = ORIENTED_EDGE('',*,*,#850,.T.);
#1752 = ORIENTED_EDGE('',*,*,#1721,.T.);
#1753 = ORIENTED_EDGE('',*,*,#1754,.F.);
#1754 = EDGE_CURVE('',#1745,#1722,#1755,.T.);
#1755 = LINE('',#1756,#1757);
#1756 = CARTESIAN_POINT('',(30.,6.6,0.));
#1757 = VECTOR('',#1758,1.);
#1758 = DIRECTION('',(0.,0.,1.));
#1759 = PLANE('',#1760);
#1760 = AXIS2_PLACEMENT_3D('',#1761,#1762,#1763);
#1761 = CARTESIAN_POINT('',(25.9,7.6,0.));
#1762 = DIRECTION('',(0.236956180191,0.971520338783,0.));
#1763 = DIRECTION('',(0.971520338783,-0.236956180191,0.));
#1764 = ADVANCED_FACE('',(#1765),#1791,.T.);
#1765 = FACE_BOUND('',#1766,.T.);
#1766 = EDGE_LOOP('',(#1767,#1775,#1776,#1784));
#1767 = ORIENTED_EDGE('',*,*,#1768,.F.);
#1768 = EDGE_CURVE('',#865,#1769,#1771,.T.);
#1769 = VERTEX_POINT('',#1770);
#1770 = CARTESIAN_POINT('',(8.1,24.84,21.));
#1771 = LINE('',#1772,#1773);
#1772 = CARTESIAN_POINT('',(8.1,25.09,20.75));
#1773 = VECTOR('',#1774,1.);
#1774 = DIRECTION('',(-2.90882763039E-35,-0.707106781187,0.707106781187)
  );
#1775 = ORIENTED_EDGE('',*,*,#881,.T.);
#1776 = ORIENTED_EDGE('',*,*,#1777,.T.);
#1777 = EDGE_CURVE('',#874,#1778,#1780,.T.);
#1778 = VERTEX_POINT('',#1779);
#1779 = CARTESIAN_POINT('',(8.,24.74,21.));
#1780 = LINE('',#1781,#1782);
#1781 = CARTESIAN_POINT('',(7.5,24.74,20.5));
#1782 = VECTOR('',#1783,1.);
#1783 = DIRECTION('',(0.707106781187,-4.329780281177E-17,0.707106781187)
  );
#1784 = ORIENTED_EDGE('',*,*,#1785,.F.);
#1785 = EDGE_CURVE('',#1769,#1778,#1786,.T.);
#1786 = CIRCLE('',#1787,1.E-01);
#1787 = AXIS2_PLACEMENT_3D('',#1788,#1789,#1790);
#1788 = CARTESIAN_POINT('',(8.1,24.74,21.));
#1789 = DIRECTION('',(0.,-0.,1.));
#1790 = DIRECTION('',(0.,1.,0.));
#1791 = CONICAL_SURFACE('',#1792,0.6,0.785398163397);
#1792 = AXIS2_PLACEMENT_3D('',#1793,#1794,#1795);
#1793 = CARTESIAN_POINT('',(8.1,24.74,20.5));
#1794 = DIRECTION('',(-0.,-0.,-1.));
#1795 = DIRECTION('',(0.,1.,0.));
#1796 = ADVANCED_FACE('',(#1797),#1815,.F.);
#1797 = FACE_BOUND('',#1798,.T.);
#1798 = EDGE_LOOP('',(#1799,#1807,#1808,#1809));
#1799 = ORIENTED_EDGE('',*,*,#1800,.F.);
#1800 = EDGE_CURVE('',#898,#1801,#1803,.T.);
#1801 = VERTEX_POINT('',#1802);
#1802 = CARTESIAN_POINT('',(17.9,24.84,21.));
#1803 = LINE('',#1804,#1805);
#1804 = CARTESIAN_POINT('',(17.9,25.09,20.75));
#1805 = VECTOR('',#1806,1.);
#1806 = DIRECTION('',(-2.90882763039E-35,-0.707106781187,0.707106781187)
  );
#1807 = ORIENTED_EDGE('',*,*,#905,.T.);
#1808 = ORIENTED_EDGE('',*,*,#1768,.T.);
#1809 = ORIENTED_EDGE('',*,*,#1810,.F.);
#1810 = EDGE_CURVE('',#1801,#1769,#1811,.T.);
#1811 = LINE('',#1812,#1813);
#1812 = CARTESIAN_POINT('',(17.9,24.84,21.));
#1813 = VECTOR('',#1814,1.);
#1814 = DIRECTION('',(-1.,0.,0.));
#1815 = PLANE('',#1816);
#1816 = AXIS2_PLACEMENT_3D('',#1817,#1818,#1819);
#1817 = CARTESIAN_POINT('',(17.9,25.09,20.75));
#1818 = DIRECTION('',(-1.889513820523E-18,-0.707106781187,
    -0.707106781187));
#1819 = DIRECTION('',(1.,-1.336088035637E-18,-1.336088035637E-18));
#1820 = ADVANCED_FACE('',(#1821),#1839,.F.);
#1821 = FACE_BOUND('',#1822,.T.);
#1822 = EDGE_LOOP('',(#1823,#1824,#1825,#1833));
#1823 = ORIENTED_EDGE('',*,*,#1777,.F.);
#1824 = ORIENTED_EDGE('',*,*,#922,.T.);
#1825 = ORIENTED_EDGE('',*,*,#1826,.T.);
#1826 = EDGE_CURVE('',#923,#1827,#1829,.T.);
#1827 = VERTEX_POINT('',#1828);
#1828 = CARTESIAN_POINT('',(8.,14.94,21.));
#1829 = LINE('',#1830,#1831);
#1830 = CARTESIAN_POINT('',(7.75,14.94,20.75));
#1831 = VECTOR('',#1832,1.);
#1832 = DIRECTION('',(0.707106781187,-2.90882763039E-35,0.707106781187)
  );
#1833 = ORIENTED_EDGE('',*,*,#1834,.F.);
#1834 = EDGE_CURVE('',#1778,#1827,#1835,.T.);
#1835 = LINE('',#1836,#1837);
#1836 = CARTESIAN_POINT('',(8.,24.74,21.));
#1837 = VECTOR('',#1838,1.);
#1838 = DIRECTION('',(0.,-1.,0.));
#1839 = PLANE('',#1840);
#1840 = AXIS2_PLACEMENT_3D('',#1841,#1842,#1843);
#1841 = CARTESIAN_POINT('',(7.75,24.74,20.75));
#1842 = DIRECTION('',(0.707106781187,1.889513820523E-18,-0.707106781187)
  );
#1843 = DIRECTION('',(-1.336088035637E-18,1.,1.336088035637E-18));
#1844 = ADVANCED_FACE('',(#1845),#1864,.T.);
#1845 = FACE_BOUND('',#1846,.T.);
#1846 = EDGE_LOOP('',(#1847,#1855,#1856,#1857));
#1847 = ORIENTED_EDGE('',*,*,#1848,.F.);
#1848 = EDGE_CURVE('',#947,#1849,#1851,.T.);
#1849 = VERTEX_POINT('',#1850);
#1850 = CARTESIAN_POINT('',(18.,24.74,21.));
#1851 = LINE('',#1852,#1853);
#1852 = CARTESIAN_POINT('',(18.25,24.74,20.75));
#1853 = VECTOR('',#1854,1.);
#1854 = DIRECTION('',(-0.707106781187,5.615430530155E-36,0.707106781187)
  );
#1855 = ORIENTED_EDGE('',*,*,#954,.T.);
#1856 = ORIENTED_EDGE('',*,*,#1800,.T.);
#1857 = ORIENTED_EDGE('',*,*,#1858,.F.);
#1858 = EDGE_CURVE('',#1849,#1801,#1859,.T.);
#1859 = CIRCLE('',#1860,1.E-01);
#1860 = AXIS2_PLACEMENT_3D('',#1861,#1862,#1863);
#1861 = CARTESIAN_POINT('',(17.9,24.74,21.));
#1862 = DIRECTION('',(0.,0.,1.));
#1863 = DIRECTION('',(1.,0.,0.));
#1864 = CONICAL_SURFACE('',#1865,0.6,0.785398163397);
#1865 = AXIS2_PLACEMENT_3D('',#1866,#1867,#1868);
#1866 = CARTESIAN_POINT('',(17.9,24.74,20.5));
#1867 = DIRECTION('',(-0.,-0.,-1.));
#1868 = DIRECTION('',(1.,0.,0.));
#1869 = ADVANCED_FACE('',(#1870),#1889,.T.);
#1870 = FACE_BOUND('',#1871,.T.);
#1871 = EDGE_LOOP('',(#1872,#1873,#1874,#1882));
#1872 = ORIENTED_EDGE('',*,*,#1826,.F.);
#1873 = ORIENTED_EDGE('',*,*,#979,.T.);
#1874 = ORIENTED_EDGE('',*,*,#1875,.T.);
#1875 = EDGE_CURVE('',#972,#1876,#1878,.T.);
#1876 = VERTEX_POINT('',#1877);
#1877 = CARTESIAN_POINT('',(8.1,14.84,21.));
#1878 = LINE('',#1879,#1880);
#1879 = CARTESIAN_POINT('',(8.1,14.34,20.5));
#1880 = VECTOR('',#1881,1.);
#1881 = DIRECTION('',(4.329780281177E-17,0.707106781187,0.707106781187)
  );
#1882 = ORIENTED_EDGE('',*,*,#1883,.F.);
#1883 = EDGE_CURVE('',#1827,#1876,#1884,.T.);
#1884 = CIRCLE('',#1885,1.E-01);
#1885 = AXIS2_PLACEMENT_3D('',#1886,#1887,#1888);
#1886 = CARTESIAN_POINT('',(8.1,14.94,21.));
#1887 = DIRECTION('',(0.,0.,1.));
#1888 = DIRECTION('',(-1.,0.,0.));
#1889 = CONICAL_SURFACE('',#1890,0.6,0.785398163397);
#1890 = AXIS2_PLACEMENT_3D('',#1891,#1892,#1893);
#1891 = CARTESIAN_POINT('',(8.1,14.94,20.5));
#1892 = DIRECTION('',(-0.,-0.,-1.));
#1893 = DIRECTION('',(-1.,0.,0.));
#1894 = ADVANCED_FACE('',(#1895),#1913,.F.);
#1895 = FACE_BOUND('',#1896,.T.);
#1896 = EDGE_LOOP('',(#1897,#1905,#1906,#1907));
#1897 = ORIENTED_EDGE('',*,*,#1898,.F.);
#1898 = EDGE_CURVE('',#996,#1899,#1901,.T.);
#1899 = VERTEX_POINT('',#1900);
#1900 = CARTESIAN_POINT('',(18.,14.94,21.));
#1901 = LINE('',#1902,#1903);
#1902 = CARTESIAN_POINT('',(18.5,14.94,20.5));
#1903 = VECTOR('',#1904,1.);
#1904 = DIRECTION('',(-0.707106781187,4.329780281177E-17,0.707106781187)
  );
#1905 = ORIENTED_EDGE('',*,*,#1003,.T.);
#1906 = ORIENTED_EDGE('',*,*,#1848,.T.);
#1907 = ORIENTED_EDGE('',*,*,#1908,.F.);
#1908 = EDGE_CURVE('',#1899,#1849,#1909,.T.);
#1909 = LINE('',#1910,#1911);
#1910 = CARTESIAN_POINT('',(18.,14.94,21.));
#1911 = VECTOR('',#1912,1.);
#1912 = DIRECTION('',(0.,1.,0.));
#1913 = PLANE('',#1914);
#1914 = AXIS2_PLACEMENT_3D('',#1915,#1916,#1917);
#1915 = CARTESIAN_POINT('',(18.25,14.94,20.75));
#1916 = DIRECTION('',(-0.707106781187,1.479157021432E-19,-0.707106781187
    ));
#1917 = DIRECTION('',(-1.045921960294E-19,-1.,-1.045921960294E-19));
#1918 = ADVANCED_FACE('',(#1919),#1937,.F.);
#1919 = FACE_BOUND('',#1920,.T.);
#1920 = EDGE_LOOP('',(#1921,#1922,#1923,#1931));
#1921 = ORIENTED_EDGE('',*,*,#1875,.F.);
#1922 = ORIENTED_EDGE('',*,*,#1020,.T.);
#1923 = ORIENTED_EDGE('',*,*,#1924,.T.);
#1924 = EDGE_CURVE('',#1021,#1925,#1927,.T.);
#1925 = VERTEX_POINT('',#1926);
#1926 = CARTESIAN_POINT('',(17.9,14.84,21.));
#1927 = LINE('',#1928,#1929);
#1928 = CARTESIAN_POINT('',(17.9,14.59,20.75));
#1929 = VECTOR('',#1930,1.);
#1930 = DIRECTION('',(2.26130160805E-35,0.707106781187,0.707106781187));
#1931 = ORIENTED_EDGE('',*,*,#1932,.F.);
#1932 = EDGE_CURVE('',#1876,#1925,#1933,.T.);
#1933 = LINE('',#1934,#1935);
#1934 = CARTESIAN_POINT('',(8.1,14.84,21.));
#1935 = VECTOR('',#1936,1.);
#1936 = DIRECTION('',(1.,0.,0.));
#1937 = PLANE('',#1938);
#1938 = AXIS2_PLACEMENT_3D('',#1939,#1940,#1941);
#1939 = CARTESIAN_POINT('',(8.1,14.59,20.75));
#1940 = DIRECTION('',(-3.029276165476E-18,0.707106781187,-0.707106781187
    ));
#1941 = DIRECTION('',(-1.,-2.142021718695E-18,2.142021718695E-18));
#1942 = ADVANCED_FACE('',(#1943),#1955,.T.);
#1943 = FACE_BOUND('',#1944,.T.);
#1944 = EDGE_LOOP('',(#1945,#1946,#1947,#1948));
#1945 = ORIENTED_EDGE('',*,*,#1924,.F.);
#1946 = ORIENTED_EDGE('',*,*,#1045,.T.);
#1947 = ORIENTED_EDGE('',*,*,#1898,.T.);
#1948 = ORIENTED_EDGE('',*,*,#1949,.F.);
#1949 = EDGE_CURVE('',#1925,#1899,#1950,.T.);
#1950 = CIRCLE('',#1951,1.E-01);
#1951 = AXIS2_PLACEMENT_3D('',#1952,#1953,#1954);
#1952 = CARTESIAN_POINT('',(17.9,14.94,21.));
#1953 = DIRECTION('',(-0.,0.,1.));
#1954 = DIRECTION('',(0.,-1.,0.));
#1955 = CONICAL_SURFACE('',#1956,0.6,0.785398163397);
#1956 = AXIS2_PLACEMENT_3D('',#1957,#1958,#1959);
#1957 = CARTESIAN_POINT('',(17.9,14.94,20.5));
#1958 = DIRECTION('',(-0.,-0.,-1.));
#1959 = DIRECTION('',(0.,-1.,0.));
#1960 = ADVANCED_FACE('',(#1961),#1972,.F.);
#1961 = FACE_BOUND('',#1962,.F.);
#1962 = EDGE_LOOP('',(#1963,#1964,#1965,#1971));
#1963 = ORIENTED_EDGE('',*,*,#1061,.F.);
#1964 = ORIENTED_EDGE('',*,*,#1744,.T.);
#1965 = ORIENTED_EDGE('',*,*,#1966,.T.);
#1966 = EDGE_CURVE('',#1745,#1690,#1967,.T.);
#1967 = LINE('',#1968,#1969);
#1968 = CARTESIAN_POINT('',(30.,6.6,0.));
#1969 = VECTOR('',#1970,1.);
#1970 = DIRECTION('',(0.,1.,0.));
#1971 = ORIENTED_EDGE('',*,*,#1689,.T.);
#1972 = PLANE('',#1973);
#1973 = AXIS2_PLACEMENT_3D('',#1974,#1975,#1976);
#1974 = CARTESIAN_POINT('',(28.172338161771,9.6,0.));
#1975 = DIRECTION('',(0.,0.,1.));
#1976 = DIRECTION('',(1.,0.,0.));
#1977 = ADVANCED_FACE('',(#1978,#1996),#2062,.T.);
#1978 = FACE_BOUND('',#1979,.T.);
#1979 = EDGE_LOOP('',(#1980,#1981,#1982,#1983,#1984,#1985,#1986,#1987,
    #1988,#1989,#1990,#1991,#1992,#1993,#1994,#1995));
#1980 = ORIENTED_EDGE('',*,*,#1086,.F.);
#1981 = ORIENTED_EDGE('',*,*,#1117,.F.);
#1982 = ORIENTED_EDGE('',*,*,#1143,.F.);
#1983 = ORIENTED_EDGE('',*,*,#1169,.F.);
#1984 = ORIENTED_EDGE('',*,*,#1195,.F.);
#1985 = ORIENTED_EDGE('',*,*,#1221,.F.);
#1986 = ORIENTED_EDGE('',*,*,#1247,.F.);
#1987 = ORIENTED_EDGE('',*,*,#1273,.F.);
#1988 = ORIENTED_EDGE('',*,*,#1299,.F.);
#1989 = ORIENTED_EDGE('',*,*,#1325,.F.);
#1990 = ORIENTED_EDGE('',*,*,#1351,.F.);
#1991 = ORIENTED_EDGE('',*,*,#1377,.F.);
#1992 = ORIENTED_EDGE('',*,*,#1403,.F.);
#1993 = ORIENTED_EDGE('',*,*,#1429,.F.);
#1994 = ORIENTED_EDGE('',*,*,#1455,.F.);
#1995 = ORIENTED_EDGE('',*,*,#1474,.F.);
#1996 = FACE_BOUND('',#1997,.T.);
#1997 = EDGE_LOOP('',(#1998,#2008,#2016,#2024,#2032,#2040,#2048,#2056));
#1998 = ORIENTED_EDGE('',*,*,#1999,.F.);
#1999 = EDGE_CURVE('',#2000,#2002,#2004,.T.);
#2000 = VERTEX_POINT('',#2001);
#2001 = CARTESIAN_POINT('',(14.366624203822,1.354646616933,
    5.476143631461));
#2002 = VERTEX_POINT('',#2003);
#2003 = CARTESIAN_POINT('',(14.607388535032,1.080071974482,
    4.721756001373));
#2004 = B_SPLINE_CURVE_WITH_KNOTS('',2,(#2005,#2006,#2007),
  .UNSPECIFIED.,.F.,.F.,(3,3),(0.,1.),.PIECEWISE_BEZIER_KNOTS.);
#2005 = CARTESIAN_POINT('',(14.366624203822,1.354646616933,
    5.476143631461));
#2006 = CARTESIAN_POINT('',(14.366624203822,1.176796142403,
    4.987503468653));
#2007 = CARTESIAN_POINT('',(14.607388535032,1.080071974482,
    4.721756001373));
#2008 = ORIENTED_EDGE('',*,*,#2009,.F.);
#2009 = EDGE_CURVE('',#2010,#2000,#2012,.T.);
#2010 = VERTEX_POINT('',#2011);
#2011 = CARTESIAN_POINT('',(14.580636942675,1.598025536757,
    6.144821718048));
#2012 = B_SPLINE_CURVE_WITH_KNOTS('',2,(#2013,#2014,#2015),
  .UNSPECIFIED.,.F.,.F.,(3,3),(0.,1.),.PIECEWISE_BEZIER_KNOTS.);
#2013 = CARTESIAN_POINT('',(14.580636942675,1.598025536757,
    6.144821718048));
#2014 = CARTESIAN_POINT('',(14.366624203822,1.515592146798,
    5.918337840529));
#2015 = CARTESIAN_POINT('',(14.366624203822,1.354646616933,
    5.476143631461));
#2016 = ORIENTED_EDGE('',*,*,#2017,.F.);
#2017 = EDGE_CURVE('',#2018,#2010,#2020,.T.);
#2018 = VERTEX_POINT('',#2019);
#2019 = CARTESIAN_POINT('',(15.104203821656,1.680458926715,
    6.371305595568));
#2020 = B_SPLINE_CURVE_WITH_KNOTS('',2,(#2021,#2022,#2023),
  .UNSPECIFIED.,.F.,.F.,(3,3),(0.,1.),.PIECEWISE_BEZIER_KNOTS.);
#2021 = CARTESIAN_POINT('',(15.104203821656,1.680458926715,
    6.371305595568));
#2022 = CARTESIAN_POINT('',(14.794649681529,1.680458926715,
    6.371305595568));
#2023 = CARTESIAN_POINT('',(14.580636942675,1.598025536757,
    6.144821718048));
#2024 = ORIENTED_EDGE('',*,*,#2025,.F.);
#2025 = EDGE_CURVE('',#2026,#2018,#2028,.T.);
#2026 = VERTEX_POINT('',#2027);
#2027 = CARTESIAN_POINT('',(15.63923566879,1.594104286706,6.134048172078
    ));
#2028 = B_SPLINE_CURVE_WITH_KNOTS('',2,(#2029,#2030,#2031),
  .UNSPECIFIED.,.F.,.F.,(3,3),(0.,1.),.PIECEWISE_BEZIER_KNOTS.);
#2029 = CARTESIAN_POINT('',(15.63923566879,1.594104286706,6.134048172078
    ));
#2030 = CARTESIAN_POINT('',(15.425222929936,1.680458926715,
    6.371305595568));
#2031 = CARTESIAN_POINT('',(15.104203821656,1.680458926715,
    6.371305595568));
#2032 = ORIENTED_EDGE('',*,*,#2033,.F.);
#2033 = EDGE_CURVE('',#2034,#2026,#2036,.T.);
#2034 = VERTEX_POINT('',#2035);
#2035 = CARTESIAN_POINT('',(15.853248407643,1.322143810956,5.38684290597
    ));
#2036 = B_SPLINE_CURVE_WITH_KNOTS('',2,(#2037,#2038,#2039),
  .UNSPECIFIED.,.F.,.F.,(3,3),(0.,1.),.PIECEWISE_BEZIER_KNOTS.);
#2037 = CARTESIAN_POINT('',(15.853248407643,1.322143810956,5.38684290597
    ));
#2038 = CARTESIAN_POINT('',(15.853248407643,1.507836785587,5.89703016072
    ));
#2039 = CARTESIAN_POINT('',(15.63923566879,1.594104286706,6.134048172078
    ));
#2040 = ORIENTED_EDGE('',*,*,#2041,.F.);
#2041 = EDGE_CURVE('',#2042,#2034,#2044,.T.);
#2042 = VERTEX_POINT('',#2043);
#2043 = CARTESIAN_POINT('',(15.654522292994,1.062557057588,
    4.673634162703));
#2044 = B_SPLINE_CURVE_WITH_KNOTS('',2,(#2045,#2046,#2047),
  .UNSPECIFIED.,.F.,.F.,(3,3),(0.,1.),.PIECEWISE_BEZIER_KNOTS.);
#2045 = CARTESIAN_POINT('',(15.654522292994,1.062557057588,
    4.673634162703));
#2046 = CARTESIAN_POINT('',(15.853248407643,1.141766308616,
    4.891259791313));
#2047 = CARTESIAN_POINT('',(15.853248407643,1.322143810956,5.38684290597
    ));
#2048 = ORIENTED_EDGE('',*,*,#2049,.F.);
#2049 = EDGE_CURVE('',#2050,#2042,#2052,.T.);
#2050 = VERTEX_POINT('',#2051);
#2051 = CARTESIAN_POINT('',(15.157707006369,0.983347806561,
    4.456008534093));
#2052 = B_SPLINE_CURVE_WITH_KNOTS('',2,(#2053,#2054,#2055),
  .UNSPECIFIED.,.F.,.F.,(3,3),(0.,1.),.PIECEWISE_BEZIER_KNOTS.);
#2053 = CARTESIAN_POINT('',(15.157707006369,0.983347806561,
    4.456008534093));
#2054 = CARTESIAN_POINT('',(15.455796178344,0.983347806561,
    4.456008534093));
#2055 = CARTESIAN_POINT('',(15.654522292994,1.062557057588,
    4.673634162703));
#2056 = ORIENTED_EDGE('',*,*,#2057,.F.);
#2057 = EDGE_CURVE('',#2002,#2050,#2058,.T.);
#2058 = B_SPLINE_CURVE_WITH_KNOTS('',2,(#2059,#2060,#2061),
  .UNSPECIFIED.,.F.,.F.,(3,3),(0.,1.),.PIECEWISE_BEZIER_KNOTS.);
#2059 = CARTESIAN_POINT('',(14.607388535032,1.080071974482,
    4.721756001373));
#2060 = CARTESIAN_POINT('',(14.848152866242,0.983347806561,
    4.456008534093));
#2061 = CARTESIAN_POINT('',(15.157707006369,0.983347806561,
    4.456008534093));
#2062 = PLANE('',#2063);
#2063 = AXIS2_PLACEMENT_3D('',#2064,#2065,#2066);
#2064 = CARTESIAN_POINT('',(15.055101863483,1.761676636452,
    6.594449419129));
#2065 = DIRECTION('',(0.,-0.939692620786,0.342020143326));
#2066 = DIRECTION('',(1.,0.,0.));
#2067 = ADVANCED_FACE('',(#2068),#2078,.T.);
#2068 = FACE_BOUND('',#2069,.F.);
#2069 = EDGE_LOOP('',(#2070,#2071,#2072,#2073,#2074,#2075,#2076,#2077));
#2070 = ORIENTED_EDGE('',*,*,#1500,.T.);
#2071 = ORIENTED_EDGE('',*,*,#1674,.T.);
#2072 = ORIENTED_EDGE('',*,*,#1655,.T.);
#2073 = ORIENTED_EDGE('',*,*,#1631,.T.);
#2074 = ORIENTED_EDGE('',*,*,#1605,.T.);
#2075 = ORIENTED_EDGE('',*,*,#1579,.T.);
#2076 = ORIENTED_EDGE('',*,*,#1555,.T.);
#2077 = ORIENTED_EDGE('',*,*,#1531,.T.);
#2078 = PLANE('',#2079);
#2079 = AXIS2_PLACEMENT_3D('',#2080,#2081,#2082);
#2080 = CARTESIAN_POINT('',(10.705653827125,1.73316222789,6.516106725477
    ));
#2081 = DIRECTION('',(0.,-0.939692620786,0.342020143326));
#2082 = DIRECTION('',(1.,0.,0.));
#2083 = ADVANCED_FACE('',(#2084),#2090,.F.);
#2084 = FACE_BOUND('',#2085,.F.);
#2085 = EDGE_LOOP('',(#2086,#2087,#2088,#2089));
#2086 = ORIENTED_EDGE('',*,*,#1754,.T.);
#2087 = ORIENTED_EDGE('',*,*,#1729,.T.);
#2088 = ORIENTED_EDGE('',*,*,#1697,.F.);
#2089 = ORIENTED_EDGE('',*,*,#1966,.F.);
#2090 = PLANE('',#2091);
#2091 = AXIS2_PLACEMENT_3D('',#2092,#2093,#2094);
#2092 = CARTESIAN_POINT('',(30.,6.6,0.));
#2093 = DIRECTION('',(-1.,0.,0.));
#2094 = DIRECTION('',(0.,1.,0.));
#2095 = ADVANCED_FACE('',(#2096),#2106,.T.);
#2096 = FACE_BOUND('',#2097,.T.);
#2097 = EDGE_LOOP('',(#2098,#2099,#2100,#2101,#2102,#2103,#2104,#2105));
#2098 = ORIENTED_EDGE('',*,*,#1810,.T.);
#2099 = ORIENTED_EDGE('',*,*,#1785,.T.);
#2100 = ORIENTED_EDGE('',*,*,#1834,.T.);
#2101 = ORIENTED_EDGE('',*,*,#1883,.T.);
#2102 = ORIENTED_EDGE('',*,*,#1932,.T.);
#2103 = ORIENTED_EDGE('',*,*,#1949,.T.);
#2104 = ORIENTED_EDGE('',*,*,#1908,.T.);
#2105 = ORIENTED_EDGE('',*,*,#1858,.T.);
#2106 = PLANE('',#2107);
#2107 = AXIS2_PLACEMENT_3D('',#2108,#2109,#2110);
#2108 = CARTESIAN_POINT('',(13.,19.84,21.));
#2109 = DIRECTION('',(0.,0.,1.));
#2110 = DIRECTION('',(1.,0.,0.));
#2111 = ADVANCED_FACE('',(#2112),#2122,.T.);
#2112 = FACE_BOUND('',#2113,.T.);
#2113 = EDGE_LOOP('',(#2114,#2115,#2116,#2117,#2118,#2119,#2120,#2121));
#2114 = ORIENTED_EDGE('',*,*,#2009,.T.);
#2115 = ORIENTED_EDGE('',*,*,#1999,.T.);
#2116 = ORIENTED_EDGE('',*,*,#2057,.T.);
#2117 = ORIENTED_EDGE('',*,*,#2049,.T.);
#2118 = ORIENTED_EDGE('',*,*,#2041,.T.);
#2119 = ORIENTED_EDGE('',*,*,#2033,.T.);
#2120 = ORIENTED_EDGE('',*,*,#2025,.T.);
#2121 = ORIENTED_EDGE('',*,*,#2017,.T.);
#2122 = PLANE('',#2123);
#2123 = AXIS2_PLACEMENT_3D('',#2124,#2125,#2126);
#2124 = CARTESIAN_POINT('',(15.055101863483,1.761676636452,
    6.594449419129));
#2125 = DIRECTION('',(0.,-0.939692620786,0.342020143326));
#2126 = DIRECTION('',(1.,0.,0.));
#2127 = ( GEOMETRIC_REPRESENTATION_CONTEXT(3) 
GLOBAL_UNCERTAINTY_ASSIGNED_CONTEXT((#2131)) 
GLOBAL_UNIT_ASSIGNED_CONTEXT((#2128,#2129,#2130)) REPRESENTATION_CONTEXT
('Context #1','3D Context with UNIT and UNCERTAINTY') );
#2128 = ( LENGTH_UNIT() NAMED_UNIT(*) SI_UNIT(.MILLI.,.METRE.) );
#2129 = ( NAMED_UNIT(*) PLANE_ANGLE_UNIT() SI_UNIT($,.RADIAN.) );
#2130 = ( NAMED_UNIT(*) SI_UNIT($,.STERADIAN.) SOLID_ANGLE_UNIT() );
#2131 = UNCERTAINTY_MEASURE_WITH_UNIT(LENGTH_MEASURE(1.E-06),#2128,
  'distance_accuracy_value','confusion accuracy');
#2132 = PRODUCT_RELATED_PRODUCT_CATEGORY('part',$,(#7));
ENDSEC;
END-ISO-10303-21;
