ISO-10303-21;
HEADER;
FILE_DESCRIPTION(('FreeCAD Model'),'2;1');
FILE_NAME('Open CASCADE Shape Model','2026-08-31T20:51:52',('FreeCAD'),(
    'FreeCAD'),'Open CASCADE STEP processor 7.8','FreeCAD','Unknown');
FILE_SCHEMA(('AUTOMOTIVE_DESIGN { 1 0 10303 214 1 1 1 1 }'));
ENDSEC;
DATA;
#1 = APPLICATION_PROTOCOL_DEFINITION('international standard',
  'automotive_design',2000,#2);
#2 = APPLICATION_CONTEXT(
  'core data for automotive mechanical design processes');
#3 = SHAPE_DEFINITION_REPRESENTATION(#4,#10);
#4 = PRODUCT_DEFINITION_SHAPE('','',#5);
#5 = PRODUCT_DEFINITION('design','',#6,#9);
#6 = PRODUCT_DEFINITION_FORMATION('','',#7);
#7 = PRODUCT('Open CASCADE STEP translator 7.8 115',
  'Open CASCADE STEP translator 7.8 115','',(#8));
#8 = PRODUCT_CONTEXT('',#2,'mechanical');
#9 = PRODUCT_DEFINITION_CONTEXT('part definition',#2,'design');
#10 = SHAPE_REPRESENTATION('',(#11,#15,#760),#1752);
#11 = AXIS2_PLACEMENT_3D('',#12,#13,#14);
#12 = CARTESIAN_POINT('',(0.,0.,0.));
#13 = DIRECTION('',(0.,0.,1.));
#14 = DIRECTION('',(1.,0.,-0.));
#15 = MANIFOLD_SOLID_BREP('',#16);
#16 = CLOSED_SHELL('',(#17,#57,#88,#121,#154,#187,#220,#253,#286,#319,
    #352,#383,#416,#449,#482,#515,#548,#581,#614,#647,#680,#702,#731));
#17 = ADVANCED_FACE('',(#18),#52,.T.);
#18 = FACE_BOUND('',#19,.T.);
#19 = EDGE_LOOP('',(#20,#30,#38,#46));
#20 = ORIENTED_EDGE('',*,*,#21,.T.);
#21 = EDGE_CURVE('',#22,#24,#26,.T.);
#22 = VERTEX_POINT('',#23);
#23 = CARTESIAN_POINT('',(21.176687898089,1.802024570724,4.366260937334)
  );
#24 = VERTEX_POINT('',#25);
#25 = CARTESIAN_POINT('',(21.176687898089,1.050270474095,4.639877051995)
  );
#26 = LINE('',#27,#28);
#27 = CARTESIAN_POINT('',(21.176687898089,1.802024570724,4.366260937334)
  );
#28 = VECTOR('',#29,1.);
#29 = DIRECTION('',(0.,-0.939692620786,0.342020143326));
#30 = ORIENTED_EDGE('',*,*,#31,.T.);
#31 = EDGE_CURVE('',#24,#32,#34,.T.);
#32 = VERTEX_POINT('',#33);
#33 = CARTESIAN_POINT('',(21.176687898089,0.71008024746,3.705212085995)
  );
#34 = LINE('',#35,#36);
#35 = CARTESIAN_POINT('',(21.176687898089,1.050270474095,4.639877051995)
  );
#36 = VECTOR('',#37,1.);
#37 = DIRECTION('',(0.,-0.342020143326,-0.939692620786));
#38 = ORIENTED_EDGE('',*,*,#39,.F.);
#39 = EDGE_CURVE('',#40,#32,#42,.T.);
#40 = VERTEX_POINT('',#41);
#41 = CARTESIAN_POINT('',(21.176687898089,1.461834344089,3.431595971335)
  );
#42 = LINE('',#43,#44);
#43 = CARTESIAN_POINT('',(21.176687898089,1.461834344089,3.431595971335)
  );
#44 = VECTOR('',#45,1.);
#45 = DIRECTION('',(0.,-0.939692620786,0.342020143326));
#46 = ORIENTED_EDGE('',*,*,#47,.F.);
#47 = EDGE_CURVE('',#22,#40,#48,.T.);
#48 = LINE('',#49,#50);
#49 = CARTESIAN_POINT('',(21.176687898089,1.802024570724,4.366260937334)
  );
#50 = VECTOR('',#51,1.);
#51 = DIRECTION('',(0.,-0.342020143326,-0.939692620786));
#52 = PLANE('',#53);
#53 = AXIS2_PLACEMENT_3D('',#54,#55,#56);
#54 = CARTESIAN_POINT('',(21.176687898089,1.802024570724,4.366260937334)
  );
#55 = DIRECTION('',(1.,0.,0.));
#56 = DIRECTION('',(0.,-0.342020143326,-0.939692620786));
#57 = ADVANCED_FACE('',(#58),#83,.T.);
#58 = FACE_BOUND('',#59,.T.);
#59 = EDGE_LOOP('',(#60,#61,#69,#77));
#60 = ORIENTED_EDGE('',*,*,#39,.T.);
#61 = ORIENTED_EDGE('',*,*,#62,.T.);
#62 = EDGE_CURVE('',#32,#63,#65,.T.);
#63 = VERTEX_POINT('',#64);
#64 = CARTESIAN_POINT('',(17.412356687898,0.71008024746,3.705212085995)
  );
#65 = LINE('',#66,#67);
#66 = CARTESIAN_POINT('',(21.176687898089,0.71008024746,3.705212085995)
  );
#67 = VECTOR('',#68,1.);
#68 = DIRECTION('',(-1.,0.,0.));
#69 = ORIENTED_EDGE('',*,*,#70,.F.);
#70 = EDGE_CURVE('',#71,#63,#73,.T.);
#71 = VERTEX_POINT('',#72);
#72 = CARTESIAN_POINT('',(17.412356687898,1.461834344089,3.431595971335)
  );
#73 = LINE('',#74,#75);
#74 = CARTESIAN_POINT('',(17.412356687898,1.461834344089,3.431595971335)
  );
#75 = VECTOR('',#76,1.);
#76 = DIRECTION('',(0.,-0.939692620786,0.342020143326));
#77 = ORIENTED_EDGE('',*,*,#78,.F.);
#78 = EDGE_CURVE('',#40,#71,#79,.T.);
#79 = LINE('',#80,#81);
#80 = CARTESIAN_POINT('',(21.176687898089,1.461834344089,3.431595971335)
  );
#81 = VECTOR('',#82,1.);
#82 = DIRECTION('',(-1.,0.,0.));
#83 = PLANE('',#84);
#84 = AXIS2_PLACEMENT_3D('',#85,#86,#87);
#85 = CARTESIAN_POINT('',(21.176687898089,1.461834344089,3.431595971335)
  );
#86 = DIRECTION('',(0.,-0.342020143326,-0.939692620786));
#87 = DIRECTION('',(-1.,0.,0.));
#88 = ADVANCED_FACE('',(#89),#114,.T.);
#89 = FACE_BOUND('',#90,.T.);
#90 = EDGE_LOOP('',(#91,#92,#100,#108));
#91 = ORIENTED_EDGE('',*,*,#70,.T.);
#92 = ORIENTED_EDGE('',*,*,#93,.T.);
#93 = EDGE_CURVE('',#63,#94,#96,.T.);
#94 = VERTEX_POINT('',#95);
#95 = CARTESIAN_POINT('',(17.77923566879,1.077457807781,4.714573637392)
  );
#96 = B_SPLINE_CURVE_WITH_KNOTS('',2,(#97,#98,#99),.UNSPECIFIED.,.F.,.F.
  ,(3,3),(0.,1.),.PIECEWISE_BEZIER_KNOTS.);
#97 = CARTESIAN_POINT('',(17.412356687898,0.71008024746,3.705212085995)
  );
#98 = CARTESIAN_POINT('',(17.473503184713,0.903964277753,4.237904081218)
  );
#99 = CARTESIAN_POINT('',(17.77923566879,1.077457807781,4.714573637392)
  );
#100 = ORIENTED_EDGE('',*,*,#101,.F.);
#101 = EDGE_CURVE('',#102,#94,#104,.T.);
#102 = VERTEX_POINT('',#103);
#103 = CARTESIAN_POINT('',(17.77923566879,1.82921190441,4.440957522732)
  );
#104 = LINE('',#105,#106);
#105 = CARTESIAN_POINT('',(17.77923566879,1.82921190441,4.440957522732)
  );
#106 = VECTOR('',#107,1.);
#107 = DIRECTION('',(0.,-0.939692620786,0.342020143326));
#108 = ORIENTED_EDGE('',*,*,#109,.F.);
#109 = EDGE_CURVE('',#71,#102,#110,.T.);
#110 = B_SPLINE_CURVE_WITH_KNOTS('',2,(#111,#112,#113),.UNSPECIFIED.,.F.
  ,.F.,(3,3),(0.,1.),.PIECEWISE_BEZIER_KNOTS.);
#111 = CARTESIAN_POINT('',(17.412356687898,1.461834344089,3.431595971335
    ));
#112 = CARTESIAN_POINT('',(17.473503184713,1.655718374382,3.964287966557
    ));
#113 = CARTESIAN_POINT('',(17.77923566879,1.82921190441,4.440957522732)
  );
#114 = SURFACE_OF_LINEAR_EXTRUSION('',#115,#119);
#115 = B_SPLINE_CURVE_WITH_KNOTS('',2,(#116,#117,#118),.UNSPECIFIED.,.F.
  ,.F.,(3,3),(0.,1.),.PIECEWISE_BEZIER_KNOTS.);
#116 = CARTESIAN_POINT('',(17.412356687898,1.461834344089,3.431595971335
    ));
#117 = CARTESIAN_POINT('',(17.473503184713,1.655718374382,3.964287966557
    ));
#118 = CARTESIAN_POINT('',(17.77923566879,1.82921190441,4.440957522732)
  );
#119 = VECTOR('',#120,1.);
#120 = DIRECTION('',(-0.,0.939692620786,-0.342020143326));
#121 = ADVANCED_FACE('',(#122),#147,.T.);
#122 = FACE_BOUND('',#123,.T.);
#123 = EDGE_LOOP('',(#124,#125,#133,#141));
#124 = ORIENTED_EDGE('',*,*,#101,.T.);
#125 = ORIENTED_EDGE('',*,*,#126,.T.);
#126 = EDGE_CURVE('',#94,#127,#129,.T.);
#127 = VERTEX_POINT('',#128);
#128 = CARTESIAN_POINT('',(18.986878980892,1.537899702643,5.979627346496
    ));
#129 = B_SPLINE_CURVE_WITH_KNOTS('',2,(#130,#131,#132),.UNSPECIFIED.,.F.
  ,.F.,(3,3),(0.,1.),.PIECEWISE_BEZIER_KNOTS.);
#130 = CARTESIAN_POINT('',(17.77923566879,1.077457807781,4.714573637392)
  );
#131 = CARTESIAN_POINT('',(18.084968152866,1.2510384767,5.1914826057));
#132 = CARTESIAN_POINT('',(18.986878980892,1.537899702643,5.979627346496
    ));
#133 = ORIENTED_EDGE('',*,*,#134,.F.);
#134 = EDGE_CURVE('',#135,#127,#137,.T.);
#135 = VERTEX_POINT('',#136);
#136 = CARTESIAN_POINT('',(18.986878980892,2.289653799272,5.706011231836
    ));
#137 = LINE('',#138,#139);
#138 = CARTESIAN_POINT('',(18.986878980892,2.289653799272,5.706011231836
    ));
#139 = VECTOR('',#140,1.);
#140 = DIRECTION('',(0.,-0.939692620786,0.342020143326));
#141 = ORIENTED_EDGE('',*,*,#142,.F.);
#142 = EDGE_CURVE('',#102,#135,#143,.T.);
#143 = B_SPLINE_CURVE_WITH_KNOTS('',2,(#144,#145,#146),.UNSPECIFIED.,.F.
  ,.F.,(3,3),(0.,1.),.PIECEWISE_BEZIER_KNOTS.);
#144 = CARTESIAN_POINT('',(17.77923566879,1.82921190441,4.440957522732)
  );
#145 = CARTESIAN_POINT('',(18.084968152866,2.002792573329,4.917866491039
    ));
#146 = CARTESIAN_POINT('',(18.986878980892,2.289653799272,5.706011231836
    ));
#147 = SURFACE_OF_LINEAR_EXTRUSION('',#148,#152);
#148 = B_SPLINE_CURVE_WITH_KNOTS('',2,(#149,#150,#151),.UNSPECIFIED.,.F.
  ,.F.,(3,3),(0.,1.),.PIECEWISE_BEZIER_KNOTS.);
#149 = CARTESIAN_POINT('',(17.77923566879,1.82921190441,4.440957522732)
  );
#150 = CARTESIAN_POINT('',(18.084968152866,2.002792573329,4.917866491039
    ));
#151 = CARTESIAN_POINT('',(18.986878980892,2.289653799272,5.706011231836
    ));
#152 = VECTOR('',#153,1.);
#153 = DIRECTION('',(-0.,0.939692620786,-0.342020143326));
#154 = ADVANCED_FACE('',(#155),#180,.T.);
#155 = FACE_BOUND('',#156,.T.);
#156 = EDGE_LOOP('',(#157,#158,#166,#174));
#157 = ORIENTED_EDGE('',*,*,#134,.T.);
#158 = ORIENTED_EDGE('',*,*,#159,.T.);
#159 = EDGE_CURVE('',#127,#160,#162,.T.);
#160 = VERTEX_POINT('',#161);
#161 = CARTESIAN_POINT('',(19.877324840764,1.852209678943,6.843186909089
    ));
#162 = B_SPLINE_CURVE_WITH_KNOTS('',2,(#163,#164,#165),.UNSPECIFIED.,.F.
  ,.F.,(3,3),(0.,1.),.PIECEWISE_BEZIER_KNOTS.);
#163 = CARTESIAN_POINT('',(18.986878980892,1.537899702643,5.979627346496
    ));
#164 = CARTESIAN_POINT('',(19.712993630573,1.769689150095,6.616463619437
    ));
#165 = CARTESIAN_POINT('',(19.877324840764,1.852209678943,6.843186909089
    ));
#166 = ORIENTED_EDGE('',*,*,#167,.F.);
#167 = EDGE_CURVE('',#168,#160,#170,.T.);
#168 = VERTEX_POINT('',#169);
#169 = CARTESIAN_POINT('',(19.877324840764,2.603963775572,6.569570794428
    ));
#170 = LINE('',#171,#172);
#171 = CARTESIAN_POINT('',(19.877324840764,2.603963775572,6.569570794428
    ));
#172 = VECTOR('',#173,1.);
#173 = DIRECTION('',(0.,-0.939692620786,0.342020143326));
#174 = ORIENTED_EDGE('',*,*,#175,.F.);
#175 = EDGE_CURVE('',#135,#168,#176,.T.);
#176 = B_SPLINE_CURVE_WITH_KNOTS('',2,(#177,#178,#179),.UNSPECIFIED.,.F.
  ,.F.,(3,3),(0.,1.),.PIECEWISE_BEZIER_KNOTS.);
#177 = CARTESIAN_POINT('',(18.986878980892,2.289653799272,5.706011231836
    ));
#178 = CARTESIAN_POINT('',(19.712993630573,2.521443246723,6.342847504776
    ));
#179 = CARTESIAN_POINT('',(19.877324840764,2.603963775572,6.569570794428
    ));
#180 = SURFACE_OF_LINEAR_EXTRUSION('',#181,#185);
#181 = B_SPLINE_CURVE_WITH_KNOTS('',2,(#182,#183,#184),.UNSPECIFIED.,.F.
  ,.F.,(3,3),(0.,1.),.PIECEWISE_BEZIER_KNOTS.);
#182 = CARTESIAN_POINT('',(18.986878980892,2.289653799272,5.706011231836
    ));
#183 = CARTESIAN_POINT('',(19.712993630573,2.521443246723,6.342847504776
    ));
#184 = CARTESIAN_POINT('',(19.877324840764,2.603963775572,6.569570794428
    ));
#185 = VECTOR('',#186,1.);
#186 = DIRECTION('',(-0.,0.939692620786,-0.342020143326));
#187 = ADVANCED_FACE('',(#188),#213,.T.);
#188 = FACE_BOUND('',#189,.T.);
#189 = EDGE_LOOP('',(#190,#191,#199,#207));
#190 = ORIENTED_EDGE('',*,*,#167,.T.);
#191 = ORIENTED_EDGE('',*,*,#192,.T.);
#192 = EDGE_CURVE('',#160,#193,#195,.T.);
#193 = VERTEX_POINT('',#194);
#194 = CARTESIAN_POINT('',(20.09898089172,2.077550848533,7.46230668421)
  );
#195 = B_SPLINE_CURVE_WITH_KNOTS('',2,(#196,#197,#198),.UNSPECIFIED.,.F.
  ,.F.,(3,3),(0.,1.),.PIECEWISE_BEZIER_KNOTS.);
#196 = CARTESIAN_POINT('',(19.877324840764,1.852209678943,6.843186909089
    ));
#197 = CARTESIAN_POINT('',(20.09898089172,1.966187347088,7.15633797864)
  );
#198 = CARTESIAN_POINT('',(20.09898089172,2.077550848533,7.46230668421)
  );
#199 = ORIENTED_EDGE('',*,*,#200,.F.);
#200 = EDGE_CURVE('',#201,#193,#203,.T.);
#201 = VERTEX_POINT('',#202);
#202 = CARTESIAN_POINT('',(20.09898089172,2.829304945161,7.18869056955)
  );
#203 = LINE('',#204,#205);
#204 = CARTESIAN_POINT('',(20.09898089172,2.829304945161,7.18869056955)
  );
#205 = VECTOR('',#206,1.);
#206 = DIRECTION('',(0.,-0.939692620786,0.342020143326));
#207 = ORIENTED_EDGE('',*,*,#208,.F.);
#208 = EDGE_CURVE('',#168,#201,#209,.T.);
#209 = B_SPLINE_CURVE_WITH_KNOTS('',2,(#210,#211,#212),.UNSPECIFIED.,.F.
  ,.F.,(3,3),(0.,1.),.PIECEWISE_BEZIER_KNOTS.);
#210 = CARTESIAN_POINT('',(19.877324840764,2.603963775572,6.569570794428
    ));
#211 = CARTESIAN_POINT('',(20.09898089172,2.717941443717,6.882721863979)
  );
#212 = CARTESIAN_POINT('',(20.09898089172,2.829304945161,7.18869056955)
  );
#213 = SURFACE_OF_LINEAR_EXTRUSION('',#214,#218);
#214 = B_SPLINE_CURVE_WITH_KNOTS('',2,(#215,#216,#217),.UNSPECIFIED.,.F.
  ,.F.,(3,3),(0.,1.),.PIECEWISE_BEZIER_KNOTS.);
#215 = CARTESIAN_POINT('',(19.877324840764,2.603963775572,6.569570794428
    ));
#216 = CARTESIAN_POINT('',(20.09898089172,2.717941443717,6.882721863979)
  );
#217 = CARTESIAN_POINT('',(20.09898089172,2.829304945161,7.18869056955)
  );
#218 = VECTOR('',#219,1.);
#219 = DIRECTION('',(-0.,0.939692620786,-0.342020143326));
#220 = ADVANCED_FACE('',(#221),#246,.T.);
#221 = FACE_BOUND('',#222,.T.);
#222 = EDGE_LOOP('',(#223,#224,#232,#240));
#223 = ORIENTED_EDGE('',*,*,#200,.T.);
#224 = ORIENTED_EDGE('',*,*,#225,.T.);
#225 = EDGE_CURVE('',#193,#226,#228,.T.);
#226 = VERTEX_POINT('',#227);
#227 = CARTESIAN_POINT('',(19.905859872611,2.266816517655,7.982309836401
    ));
#228 = B_SPLINE_CURVE_WITH_KNOTS('',2,(#229,#230,#231),.UNSPECIFIED.,.F.
  ,.F.,(3,3),(0.,1.),.PIECEWISE_BEZIER_KNOTS.);
#229 = CARTESIAN_POINT('',(20.09898089172,2.077550848533,7.46230668421)
  );
#230 = CARTESIAN_POINT('',(20.09898089172,2.20067810013,7.800596027693)
  );
#231 = CARTESIAN_POINT('',(19.905859872611,2.266816517655,7.982309836401
    ));
#232 = ORIENTED_EDGE('',*,*,#233,.F.);
#233 = EDGE_CURVE('',#234,#226,#236,.T.);
#234 = VERTEX_POINT('',#235);
#235 = CARTESIAN_POINT('',(19.905859872611,3.018570614283,7.70869372174)
  );
#236 = LINE('',#237,#238);
#237 = CARTESIAN_POINT('',(19.905859872611,3.018570614283,7.70869372174)
  );
#238 = VECTOR('',#239,1.);
#239 = DIRECTION('',(0.,-0.939692620786,0.342020143326));
#240 = ORIENTED_EDGE('',*,*,#241,.F.);
#241 = EDGE_CURVE('',#201,#234,#242,.T.);
#242 = B_SPLINE_CURVE_WITH_KNOTS('',2,(#243,#244,#245),.UNSPECIFIED.,.F.
  ,.F.,(3,3),(0.,1.),.PIECEWISE_BEZIER_KNOTS.);
#243 = CARTESIAN_POINT('',(20.09898089172,2.829304945161,7.18869056955)
  );
#244 = CARTESIAN_POINT('',(20.09898089172,2.952432196759,7.526979913033)
  );
#245 = CARTESIAN_POINT('',(19.905859872611,3.018570614283,7.70869372174)
  );
#246 = SURFACE_OF_LINEAR_EXTRUSION('',#247,#251);
#247 = B_SPLINE_CURVE_WITH_KNOTS('',2,(#248,#249,#250),.UNSPECIFIED.,.F.
  ,.F.,(3,3),(0.,1.),.PIECEWISE_BEZIER_KNOTS.);
#248 = CARTESIAN_POINT('',(20.09898089172,2.829304945161,7.18869056955)
  );
#249 = CARTESIAN_POINT('',(20.09898089172,2.952432196759,7.526979913033)
  );
#250 = CARTESIAN_POINT('',(19.905859872611,3.018570614283,7.70869372174)
  );
#251 = VECTOR('',#252,1.);
#252 = DIRECTION('',(-0.,0.939692620786,-0.342020143326));
#253 = ADVANCED_FACE('',(#254),#279,.T.);
#254 = FACE_BOUND('',#255,.T.);
#255 = EDGE_LOOP('',(#256,#257,#265,#273));
#256 = ORIENTED_EDGE('',*,*,#233,.T.);
#257 = ORIENTED_EDGE('',*,*,#258,.T.);
#258 = EDGE_CURVE('',#226,#259,#261,.T.);
#259 = VERTEX_POINT('',#260);
#260 = CARTESIAN_POINT('',(19.372866242038,2.332954935179,8.164023645108
    ));
#261 = B_SPLINE_CURVE_WITH_KNOTS('',2,(#262,#263,#264),.UNSPECIFIED.,.F.
  ,.F.,(3,3),(0.,1.),.PIECEWISE_BEZIER_KNOTS.);
#262 = CARTESIAN_POINT('',(19.905859872611,2.266816517655,7.982309836401
    ));
#263 = CARTESIAN_POINT('',(19.712993630573,2.332954935179,8.164023645108
    ));
#264 = CARTESIAN_POINT('',(19.372866242038,2.332954935179,8.164023645108
    ));
#265 = ORIENTED_EDGE('',*,*,#266,.F.);
#266 = EDGE_CURVE('',#267,#259,#269,.T.);
#267 = VERTEX_POINT('',#268);
#268 = CARTESIAN_POINT('',(19.372866242038,3.084709031808,7.890407530447
    ));
#269 = LINE('',#270,#271);
#270 = CARTESIAN_POINT('',(19.372866242038,3.084709031808,7.890407530447
    ));
#271 = VECTOR('',#272,1.);
#272 = DIRECTION('',(0.,-0.939692620786,0.342020143326));
#273 = ORIENTED_EDGE('',*,*,#274,.F.);
#274 = EDGE_CURVE('',#234,#267,#275,.T.);
#275 = B_SPLINE_CURVE_WITH_KNOTS('',2,(#276,#277,#278),.UNSPECIFIED.,.F.
  ,.F.,(3,3),(0.,1.),.PIECEWISE_BEZIER_KNOTS.);
#276 = CARTESIAN_POINT('',(19.905859872611,3.018570614283,7.70869372174)
  );
#277 = CARTESIAN_POINT('',(19.712993630573,3.084709031808,7.890407530447
    ));
#278 = CARTESIAN_POINT('',(19.372866242038,3.084709031808,7.890407530447
    ));
#279 = SURFACE_OF_LINEAR_EXTRUSION('',#280,#284);
#280 = B_SPLINE_CURVE_WITH_KNOTS('',2,(#281,#282,#283),.UNSPECIFIED.,.F.
  ,.F.,(3,3),(0.,1.),.PIECEWISE_BEZIER_KNOTS.);
#281 = CARTESIAN_POINT('',(19.905859872611,3.018570614283,7.70869372174)
  );
#282 = CARTESIAN_POINT('',(19.712993630573,3.084709031808,7.890407530447
    ));
#283 = CARTESIAN_POINT('',(19.372866242038,3.084709031808,7.890407530447
    ));
#284 = VECTOR('',#285,1.);
#285 = DIRECTION('',(-0.,0.939692620786,-0.342020143326));
#286 = ADVANCED_FACE('',(#287),#312,.T.);
#287 = FACE_BOUND('',#288,.T.);
#288 = EDGE_LOOP('',(#289,#290,#298,#306));
#289 = ORIENTED_EDGE('',*,*,#266,.T.);
#290 = ORIENTED_EDGE('',*,*,#291,.T.);
#291 = EDGE_CURVE('',#259,#292,#294,.T.);
#292 = VERTEX_POINT('',#293);
#293 = CARTESIAN_POINT('',(18.837834394904,2.263243823164,7.972493938961
    ));
#294 = B_SPLINE_CURVE_WITH_KNOTS('',2,(#295,#296,#297),.UNSPECIFIED.,.F.
  ,.F.,(3,3),(0.,1.),.PIECEWISE_BEZIER_KNOTS.);
#295 = CARTESIAN_POINT('',(19.372866242038,2.332954935179,8.164023645108
    ));
#296 = CARTESIAN_POINT('',(19.036560509554,2.332954935179,8.164023645108
    ));
#297 = CARTESIAN_POINT('',(18.837834394904,2.263243823164,7.972493938961
    ));
#298 = ORIENTED_EDGE('',*,*,#299,.F.);
#299 = EDGE_CURVE('',#300,#292,#302,.T.);
#300 = VERTEX_POINT('',#301);
#301 = CARTESIAN_POINT('',(18.837834394904,3.014997919793,7.6988778243)
  );
#302 = LINE('',#303,#304);
#303 = CARTESIAN_POINT('',(18.837834394904,3.014997919793,7.6988778243)
  );
#304 = VECTOR('',#305,1.);
#305 = DIRECTION('',(0.,-0.939692620786,0.342020143326));
#306 = ORIENTED_EDGE('',*,*,#307,.F.);
#307 = EDGE_CURVE('',#267,#300,#308,.T.);
#308 = B_SPLINE_CURVE_WITH_KNOTS('',2,(#309,#310,#311),.UNSPECIFIED.,.F.
  ,.F.,(3,3),(0.,1.),.PIECEWISE_BEZIER_KNOTS.);
#309 = CARTESIAN_POINT('',(19.372866242038,3.084709031808,7.890407530447
    ));
#310 = CARTESIAN_POINT('',(19.036560509554,3.084709031808,7.890407530447
    ));
#311 = CARTESIAN_POINT('',(18.837834394904,3.014997919793,7.6988778243)
  );
#312 = SURFACE_OF_LINEAR_EXTRUSION('',#313,#317);
#313 = B_SPLINE_CURVE_WITH_KNOTS('',2,(#314,#315,#316),.UNSPECIFIED.,.F.
  ,.F.,(3,3),(0.,1.),.PIECEWISE_BEZIER_KNOTS.);
#314 = CARTESIAN_POINT('',(19.372866242038,3.084709031808,7.890407530447
    ));
#315 = CARTESIAN_POINT('',(19.036560509554,3.084709031808,7.890407530447
    ));
#316 = CARTESIAN_POINT('',(18.837834394904,3.014997919793,7.6988778243)
  );
#317 = VECTOR('',#318,1.);
#318 = DIRECTION('',(-0.,0.939692620786,-0.342020143326));
#319 = ADVANCED_FACE('',(#320),#345,.T.);
#320 = FACE_BOUND('',#321,.T.);
#321 = EDGE_LOOP('',(#322,#323,#331,#339));
#322 = ORIENTED_EDGE('',*,*,#299,.T.);
#323 = ORIENTED_EDGE('',*,*,#324,.T.);
#324 = EDGE_CURVE('',#292,#325,#327,.T.);
#325 = VERTEX_POINT('',#326);
#326 = CARTESIAN_POINT('',(18.608535031847,2.031802931273,7.336615314551
    ));
#327 = B_SPLINE_CURVE_WITH_KNOTS('',2,(#328,#329,#330),.UNSPECIFIED.,.F.
  ,.F.,(3,3),(0.,1.),.PIECEWISE_BEZIER_KNOTS.);
#328 = CARTESIAN_POINT('',(18.837834394904,2.263243823164,7.972493938961
    ));
#329 = CARTESIAN_POINT('',(18.639108280255,2.193532711148,7.780964232813
    ));
#330 = CARTESIAN_POINT('',(18.608535031847,2.031802931273,7.336615314551
    ));
#331 = ORIENTED_EDGE('',*,*,#332,.F.);
#332 = EDGE_CURVE('',#333,#325,#335,.T.);
#333 = VERTEX_POINT('',#334);
#334 = CARTESIAN_POINT('',(18.608535031847,2.783557027901,7.06299919989)
  );
#335 = LINE('',#336,#337);
#336 = CARTESIAN_POINT('',(18.608535031847,2.783557027901,7.06299919989)
  );
#337 = VECTOR('',#338,1.);
#338 = DIRECTION('',(0.,-0.939692620786,0.342020143326));
#339 = ORIENTED_EDGE('',*,*,#340,.F.);
#340 = EDGE_CURVE('',#300,#333,#341,.T.);
#341 = B_SPLINE_CURVE_WITH_KNOTS('',2,(#342,#343,#344),.UNSPECIFIED.,.F.
  ,.F.,(3,3),(0.,1.),.PIECEWISE_BEZIER_KNOTS.);
#342 = CARTESIAN_POINT('',(18.837834394904,3.014997919793,7.6988778243)
  );
#343 = CARTESIAN_POINT('',(18.639108280255,2.945286807777,7.507348118153
    ));
#344 = CARTESIAN_POINT('',(18.608535031847,2.783557027901,7.06299919989)
  );
#345 = SURFACE_OF_LINEAR_EXTRUSION('',#346,#350);
#346 = B_SPLINE_CURVE_WITH_KNOTS('',2,(#347,#348,#349),.UNSPECIFIED.,.F.
  ,.F.,(3,3),(0.,1.),.PIECEWISE_BEZIER_KNOTS.);
#347 = CARTESIAN_POINT('',(18.837834394904,3.014997919793,7.6988778243)
  );
#348 = CARTESIAN_POINT('',(18.639108280255,2.945286807777,7.507348118153
    ));
#349 = CARTESIAN_POINT('',(18.608535031847,2.783557027901,7.06299919989)
  );
#350 = VECTOR('',#351,1.);
#351 = DIRECTION('',(-0.,0.939692620786,-0.342020143326));
#352 = ADVANCED_FACE('',(#353),#378,.T.);
#353 = FACE_BOUND('',#354,.T.);
#354 = EDGE_LOOP('',(#355,#356,#364,#372));
#355 = ORIENTED_EDGE('',*,*,#332,.T.);
#356 = ORIENTED_EDGE('',*,*,#357,.T.);
#357 = EDGE_CURVE('',#325,#358,#360,.T.);
#358 = VERTEX_POINT('',#359);
#359 = CARTESIAN_POINT('',(17.53847133758,2.068662681751,7.437886646676)
  );
#360 = LINE('',#361,#362);
#361 = CARTESIAN_POINT('',(18.608535031847,2.031802931273,7.336615314551
    ));
#362 = VECTOR('',#363,1.);
#363 = DIRECTION('',(-0.994966576024,3.427293152997E-02,
    9.416410547709E-02));
#364 = ORIENTED_EDGE('',*,*,#365,.F.);
#365 = EDGE_CURVE('',#366,#358,#368,.T.);
#366 = VERTEX_POINT('',#367);
#367 = CARTESIAN_POINT('',(17.53847133758,2.820416778379,7.164270532016)
  );
#368 = LINE('',#369,#370);
#369 = CARTESIAN_POINT('',(17.53847133758,2.820416778379,7.164270532016)
  );
#370 = VECTOR('',#371,1.);
#371 = DIRECTION('',(0.,-0.939692620786,0.342020143326));
#372 = ORIENTED_EDGE('',*,*,#373,.F.);
#373 = EDGE_CURVE('',#333,#366,#374,.T.);
#374 = LINE('',#375,#376);
#375 = CARTESIAN_POINT('',(18.608535031847,2.783557027901,7.06299919989)
  );
#376 = VECTOR('',#377,1.);
#377 = DIRECTION('',(-0.994966576024,3.427293152997E-02,
    9.416410547709E-02));
#378 = PLANE('',#379);
#379 = AXIS2_PLACEMENT_3D('',#380,#381,#382);
#380 = CARTESIAN_POINT('',(18.608535031847,2.783557027901,7.06299919989)
  );
#381 = DIRECTION('',(-0.100207348014,-0.340298610936,-0.934962749418));
#382 = DIRECTION('',(-0.994966576024,3.427293152997E-02,
    9.416410547709E-02));
#383 = ADVANCED_FACE('',(#384),#409,.T.);
#384 = FACE_BOUND('',#385,.T.);
#385 = EDGE_LOOP('',(#386,#387,#395,#403));
#386 = ORIENTED_EDGE('',*,*,#365,.T.);
#387 = ORIENTED_EDGE('',*,*,#388,.T.);
#388 = EDGE_CURVE('',#358,#389,#391,.T.);
#389 = VERTEX_POINT('',#390);
#390 = CARTESIAN_POINT('',(18.13847133758,2.506797020768,8.641650849813)
  );
#391 = B_SPLINE_CURVE_WITH_KNOTS('',2,(#392,#393,#394),.UNSPECIFIED.,.F.
  ,.F.,(3,3),(0.,1.),.PIECEWISE_BEZIER_KNOTS.);
#392 = CARTESIAN_POINT('',(17.53847133758,2.068662681751,7.437886646676)
  );
#393 = CARTESIAN_POINT('',(17.634012738854,2.373910213488,8.27654734747)
  );
#394 = CARTESIAN_POINT('',(18.13847133758,2.506797020768,8.641650849813)
  );
#395 = ORIENTED_EDGE('',*,*,#396,.F.);
#396 = EDGE_CURVE('',#397,#389,#399,.T.);
#397 = VERTEX_POINT('',#398);
#398 = CARTESIAN_POINT('',(18.13847133758,3.258551117396,8.368034735153)
  );
#399 = LINE('',#400,#401);
#400 = CARTESIAN_POINT('',(18.13847133758,3.258551117396,8.368034735153)
  );
#401 = VECTOR('',#402,1.);
#402 = DIRECTION('',(0.,-0.939692620786,0.342020143326));
#403 = ORIENTED_EDGE('',*,*,#404,.F.);
#404 = EDGE_CURVE('',#366,#397,#405,.T.);
#405 = B_SPLINE_CURVE_WITH_KNOTS('',2,(#406,#407,#408),.UNSPECIFIED.,.F.
  ,.F.,(3,3),(0.,1.),.PIECEWISE_BEZIER_KNOTS.);
#406 = CARTESIAN_POINT('',(17.53847133758,2.820416778379,7.164270532016)
  );
#407 = CARTESIAN_POINT('',(17.634012738854,3.125664310117,8.002931232809
    ));
#408 = CARTESIAN_POINT('',(18.13847133758,3.258551117396,8.368034735153)
  );
#409 = SURFACE_OF_LINEAR_EXTRUSION('',#410,#414);
#410 = B_SPLINE_CURVE_WITH_KNOTS('',2,(#411,#412,#413),.UNSPECIFIED.,.F.
  ,.F.,(3,3),(0.,1.),.PIECEWISE_BEZIER_KNOTS.);
#411 = CARTESIAN_POINT('',(17.53847133758,2.820416778379,7.164270532016)
  );
#412 = CARTESIAN_POINT('',(17.634012738854,3.125664310117,8.002931232809
    ));
#413 = CARTESIAN_POINT('',(18.13847133758,3.258551117396,8.368034735153)
  );
#414 = VECTOR('',#415,1.);
#415 = DIRECTION('',(-0.,0.939692620786,-0.342020143326));
#416 = ADVANCED_FACE('',(#417),#442,.T.);
#417 = FACE_BOUND('',#418,.T.);
#418 = EDGE_LOOP('',(#419,#420,#428,#436));
#419 = ORIENTED_EDGE('',*,*,#396,.T.);
#420 = ORIENTED_EDGE('',*,*,#421,.T.);
#421 = EDGE_CURVE('',#389,#422,#424,.T.);
#422 = VERTEX_POINT('',#423);
#423 = CARTESIAN_POINT('',(19.399617834395,2.639683828047,9.006754352157
    ));
#424 = B_SPLINE_CURVE_WITH_KNOTS('',2,(#425,#426,#427),.UNSPECIFIED.,.F.
  ,.F.,(3,3),(0.,1.),.PIECEWISE_BEZIER_KNOTS.);
#425 = CARTESIAN_POINT('',(18.13847133758,2.506797020768,8.641650849813)
  );
#426 = CARTESIAN_POINT('',(18.642929936306,2.639683828047,9.006754352157
    ));
#427 = CARTESIAN_POINT('',(19.399617834395,2.639683828047,9.006754352157
    ));
#428 = ORIENTED_EDGE('',*,*,#429,.F.);
#429 = EDGE_CURVE('',#430,#422,#432,.T.);
#430 = VERTEX_POINT('',#431);
#431 = CARTESIAN_POINT('',(19.399617834395,3.391437924676,8.733138237496
    ));
#432 = LINE('',#433,#434);
#433 = CARTESIAN_POINT('',(19.399617834395,3.391437924676,8.733138237496
    ));
#434 = VECTOR('',#435,1.);
#435 = DIRECTION('',(0.,-0.939692620786,0.342020143326));
#436 = ORIENTED_EDGE('',*,*,#437,.F.);
#437 = EDGE_CURVE('',#397,#430,#438,.T.);
#438 = B_SPLINE_CURVE_WITH_KNOTS('',2,(#439,#440,#441),.UNSPECIFIED.,.F.
  ,.F.,(3,3),(0.,1.),.PIECEWISE_BEZIER_KNOTS.);
#439 = CARTESIAN_POINT('',(18.13847133758,3.258551117396,8.368034735153)
  );
#440 = CARTESIAN_POINT('',(18.642929936306,3.391437924676,8.733138237496
    ));
#441 = CARTESIAN_POINT('',(19.399617834395,3.391437924676,8.733138237496
    ));
#442 = SURFACE_OF_LINEAR_EXTRUSION('',#443,#447);
#443 = B_SPLINE_CURVE_WITH_KNOTS('',2,(#444,#445,#446),.UNSPECIFIED.,.F.
  ,.F.,(3,3),(0.,1.),.PIECEWISE_BEZIER_KNOTS.);
#444 = CARTESIAN_POINT('',(18.13847133758,3.258551117396,8.368034735153)
  );
#445 = CARTESIAN_POINT('',(18.642929936306,3.391437924676,8.733138237496
    ));
#446 = CARTESIAN_POINT('',(19.399617834395,3.391437924676,8.733138237496
    ));
#447 = VECTOR('',#448,1.);
#448 = DIRECTION('',(-0.,0.939692620786,-0.342020143326));
#449 = ADVANCED_FACE('',(#450),#475,.T.);
#450 = FACE_BOUND('',#451,.T.);
#451 = EDGE_LOOP('',(#452,#453,#461,#469));
#452 = ORIENTED_EDGE('',*,*,#429,.T.);
#453 = ORIENTED_EDGE('',*,*,#454,.T.);
#454 = EDGE_CURVE('',#422,#455,#457,.T.);
#455 = VERTEX_POINT('',#456);
#456 = CARTESIAN_POINT('',(20.702802547771,2.486145103833,8.584910174367
    ));
#457 = B_SPLINE_CURVE_WITH_KNOTS('',2,(#458,#459,#460),.UNSPECIFIED.,.F.
  ,.F.,(3,3),(0.,1.),.PIECEWISE_BEZIER_KNOTS.);
#458 = CARTESIAN_POINT('',(19.399617834395,2.639683828047,9.006754352157
    ));
#459 = CARTESIAN_POINT('',(20.228917197452,2.639683828047,9.006754352157
    ));
#460 = CARTESIAN_POINT('',(20.702802547771,2.486145103833,8.584910174367
    ));
#461 = ORIENTED_EDGE('',*,*,#462,.F.);
#462 = EDGE_CURVE('',#463,#455,#465,.T.);
#463 = VERTEX_POINT('',#464);
#464 = CARTESIAN_POINT('',(20.702802547771,3.237899200462,8.311294059706
    ));
#465 = LINE('',#466,#467);
#466 = CARTESIAN_POINT('',(20.702802547771,3.237899200462,8.311294059706
    ));
#467 = VECTOR('',#468,1.);
#468 = DIRECTION('',(0.,-0.939692620786,0.342020143326));
#469 = ORIENTED_EDGE('',*,*,#470,.F.);
#470 = EDGE_CURVE('',#430,#463,#471,.T.);
#471 = B_SPLINE_CURVE_WITH_KNOTS('',2,(#472,#473,#474),.UNSPECIFIED.,.F.
  ,.F.,(3,3),(0.,1.),.PIECEWISE_BEZIER_KNOTS.);
#472 = CARTESIAN_POINT('',(19.399617834395,3.391437924676,8.733138237496
    ));
#473 = CARTESIAN_POINT('',(20.228917197452,3.391437924676,8.733138237496
    ));
#474 = CARTESIAN_POINT('',(20.702802547771,3.237899200462,8.311294059706
    ));
#475 = SURFACE_OF_LINEAR_EXTRUSION('',#476,#480);
#476 = B_SPLINE_CURVE_WITH_KNOTS('',2,(#477,#478,#479),.UNSPECIFIED.,.F.
  ,.F.,(3,3),(0.,1.),.PIECEWISE_BEZIER_KNOTS.);
#477 = CARTESIAN_POINT('',(19.399617834395,3.391437924676,8.733138237496
    ));
#478 = CARTESIAN_POINT('',(20.228917197452,3.391437924676,8.733138237496
    ));
#479 = CARTESIAN_POINT('',(20.702802547771,3.237899200462,8.311294059706
    ));
#480 = VECTOR('',#481,1.);
#481 = DIRECTION('',(-0.,0.939692620786,-0.342020143326));
#482 = ADVANCED_FACE('',(#483),#508,.T.);
#483 = FACE_BOUND('',#484,.T.);
#484 = EDGE_LOOP('',(#485,#486,#494,#502));
#485 = ORIENTED_EDGE('',*,*,#462,.T.);
#486 = ORIENTED_EDGE('',*,*,#487,.T.);
#487 = EDGE_CURVE('',#455,#488,#490,.T.);
#488 = VERTEX_POINT('',#489);
#489 = CARTESIAN_POINT('',(21.176687898089,2.104215348879,7.535566796812
    ));
#490 = B_SPLINE_CURVE_WITH_KNOTS('',2,(#491,#492,#493),.UNSPECIFIED.,.F.
  ,.F.,(3,3),(0.,1.),.PIECEWISE_BEZIER_KNOTS.);
#491 = CARTESIAN_POINT('',(20.702802547771,2.486145103833,8.584910174367
    ));
#492 = CARTESIAN_POINT('',(21.176687898089,2.332606379619,8.163065996577
    ));
#493 = CARTESIAN_POINT('',(21.176687898089,2.104215348879,7.535566796812
    ));
#494 = ORIENTED_EDGE('',*,*,#495,.F.);
#495 = EDGE_CURVE('',#496,#488,#498,.T.);
#496 = VERTEX_POINT('',#497);
#497 = CARTESIAN_POINT('',(21.176687898089,2.855969445507,7.261950682151
    ));
#498 = LINE('',#499,#500);
#499 = CARTESIAN_POINT('',(21.176687898089,2.855969445507,7.261950682151
    ));
#500 = VECTOR('',#501,1.);
#501 = DIRECTION('',(0.,-0.939692620786,0.342020143326));
#502 = ORIENTED_EDGE('',*,*,#503,.F.);
#503 = EDGE_CURVE('',#463,#496,#504,.T.);
#504 = B_SPLINE_CURVE_WITH_KNOTS('',2,(#505,#506,#507),.UNSPECIFIED.,.F.
  ,.F.,(3,3),(0.,1.),.PIECEWISE_BEZIER_KNOTS.);
#505 = CARTESIAN_POINT('',(20.702802547771,3.237899200462,8.311294059706
    ));
#506 = CARTESIAN_POINT('',(21.176687898089,3.084360476248,7.889449881917
    ));
#507 = CARTESIAN_POINT('',(21.176687898089,2.855969445507,7.261950682151
    ));
#508 = SURFACE_OF_LINEAR_EXTRUSION('',#509,#513);
#509 = B_SPLINE_CURVE_WITH_KNOTS('',2,(#510,#511,#512),.UNSPECIFIED.,.F.
  ,.F.,(3,3),(0.,1.),.PIECEWISE_BEZIER_KNOTS.);
#510 = CARTESIAN_POINT('',(20.702802547771,3.237899200462,8.311294059706
    ));
#511 = CARTESIAN_POINT('',(21.176687898089,3.084360476248,7.889449881917
    ));
#512 = CARTESIAN_POINT('',(21.176687898089,2.855969445507,7.261950682151
    ));
#513 = VECTOR('',#514,1.);
#514 = DIRECTION('',(-0.,0.939692620786,-0.342020143326));
#515 = ADVANCED_FACE('',(#516),#541,.T.);
#516 = FACE_BOUND('',#517,.T.);
#517 = EDGE_LOOP('',(#518,#519,#527,#535));
#518 = ORIENTED_EDGE('',*,*,#495,.T.);
#519 = ORIENTED_EDGE('',*,*,#520,.T.);
#520 = EDGE_CURVE('',#488,#521,#523,.T.);
#521 = VERTEX_POINT('',#522);
#522 = CARTESIAN_POINT('',(21.040891719745,1.856828040114,6.855875752121
    ));
#523 = B_SPLINE_CURVE_WITH_KNOTS('',2,(#524,#525,#526),.UNSPECIFIED.,.F.
  ,.F.,(3,3),(0.,1.),.PIECEWISE_BEZIER_KNOTS.);
#524 = CARTESIAN_POINT('',(21.176687898089,2.104215348879,7.535566796812
    ));
#525 = CARTESIAN_POINT('',(21.176687898089,1.97429126386,7.178603306979)
  );
#526 = CARTESIAN_POINT('',(21.040891719745,1.856828040114,6.855875752121
    ));
#527 = ORIENTED_EDGE('',*,*,#528,.F.);
#528 = EDGE_CURVE('',#529,#521,#531,.T.);
#529 = VERTEX_POINT('',#530);
#530 = CARTESIAN_POINT('',(21.040891719745,2.608582136743,6.58225963746)
  );
#531 = LINE('',#532,#533);
#532 = CARTESIAN_POINT('',(21.040891719745,2.608582136743,6.58225963746)
  );
#533 = VECTOR('',#534,1.);
#534 = DIRECTION('',(0.,-0.939692620786,0.342020143326));
#535 = ORIENTED_EDGE('',*,*,#536,.F.);
#536 = EDGE_CURVE('',#496,#529,#537,.T.);
#537 = B_SPLINE_CURVE_WITH_KNOTS('',2,(#538,#539,#540),.UNSPECIFIED.,.F.
  ,.F.,(3,3),(0.,1.),.PIECEWISE_BEZIER_KNOTS.);
#538 = CARTESIAN_POINT('',(21.176687898089,2.855969445507,7.261950682151
    ));
#539 = CARTESIAN_POINT('',(21.176687898089,2.726045360489,6.904987192319
    ));
#540 = CARTESIAN_POINT('',(21.040891719745,2.608582136743,6.58225963746)
  );
#541 = SURFACE_OF_LINEAR_EXTRUSION('',#542,#546);
#542 = B_SPLINE_CURVE_WITH_KNOTS('',2,(#543,#544,#545),.UNSPECIFIED.,.F.
  ,.F.,(3,3),(0.,1.),.PIECEWISE_BEZIER_KNOTS.);
#543 = CARTESIAN_POINT('',(21.176687898089,2.855969445507,7.261950682151
    ));
#544 = CARTESIAN_POINT('',(21.176687898089,2.726045360489,6.904987192319
    ));
#545 = CARTESIAN_POINT('',(21.040891719745,2.608582136743,6.58225963746)
  );
#546 = VECTOR('',#547,1.);
#547 = DIRECTION('',(-0.,0.939692620786,-0.342020143326));
#548 = ADVANCED_FACE('',(#549),#574,.T.);
#549 = FACE_BOUND('',#550,.T.);
#550 = EDGE_LOOP('',(#551,#552,#560,#568));
#551 = ORIENTED_EDGE('',*,*,#528,.T.);
#552 = ORIENTED_EDGE('',*,*,#553,.T.);
#553 = EDGE_CURVE('',#521,#554,#556,.T.);
#554 = VERTEX_POINT('',#555);
#555 = CARTESIAN_POINT('',(20.611082802548,1.610660675809,6.179536477288
    ));
#556 = B_SPLINE_CURVE_WITH_KNOTS('',2,(#557,#558,#559),.UNSPECIFIED.,.F.
  ,.F.,(3,3),(0.,1.),.PIECEWISE_BEZIER_KNOTS.);
#557 = CARTESIAN_POINT('',(21.040891719745,1.856828040114,6.855875752121
    ));
#558 = CARTESIAN_POINT('',(20.905350318471,1.739364816368,6.533148197262
    ));
#559 = CARTESIAN_POINT('',(20.611082802548,1.610660675809,6.179536477288
    ));
#560 = ORIENTED_EDGE('',*,*,#561,.F.);
#561 = EDGE_CURVE('',#562,#554,#564,.T.);
#562 = VERTEX_POINT('',#563);
#563 = CARTESIAN_POINT('',(20.611082802548,2.362414772438,5.905920362627
    ));
#564 = LINE('',#565,#566);
#565 = CARTESIAN_POINT('',(20.611082802548,2.362414772438,5.905920362627
    ));
#566 = VECTOR('',#567,1.);
#567 = DIRECTION('',(0.,-0.939692620786,0.342020143326));
#568 = ORIENTED_EDGE('',*,*,#569,.F.);
#569 = EDGE_CURVE('',#529,#562,#570,.T.);
#570 = B_SPLINE_CURVE_WITH_KNOTS('',2,(#571,#572,#573),.UNSPECIFIED.,.F.
  ,.F.,(3,3),(0.,1.),.PIECEWISE_BEZIER_KNOTS.);
#571 = CARTESIAN_POINT('',(21.040891719745,2.608582136743,6.58225963746)
  );
#572 = CARTESIAN_POINT('',(20.905350318471,2.491118912997,6.259532082602
    ));
#573 = CARTESIAN_POINT('',(20.611082802548,2.362414772438,5.905920362627
    ));
#574 = SURFACE_OF_LINEAR_EXTRUSION('',#575,#579);
#575 = B_SPLINE_CURVE_WITH_KNOTS('',2,(#576,#577,#578),.UNSPECIFIED.,.F.
  ,.F.,(3,3),(0.,1.),.PIECEWISE_BEZIER_KNOTS.);
#576 = CARTESIAN_POINT('',(21.040891719745,2.608582136743,6.58225963746)
  );
#577 = CARTESIAN_POINT('',(20.905350318471,2.491118912997,6.259532082602
    ));
#578 = CARTESIAN_POINT('',(20.611082802548,2.362414772438,5.905920362627
    ));
#579 = VECTOR('',#580,1.);
#580 = DIRECTION('',(-0.,0.939692620786,-0.342020143326));
#581 = ADVANCED_FACE('',(#582),#607,.T.);
#582 = FACE_BOUND('',#583,.T.);
#583 = EDGE_LOOP('',(#584,#585,#593,#601));
#584 = ORIENTED_EDGE('',*,*,#561,.T.);
#585 = ORIENTED_EDGE('',*,*,#586,.T.);
#586 = EDGE_CURVE('',#554,#587,#589,.T.);
#587 = VERTEX_POINT('',#588);
#588 = CARTESIAN_POINT('',(19.907898089172,1.365190422625,5.505112499516
    ));
#589 = B_SPLINE_CURVE_WITH_KNOTS('',2,(#590,#591,#592),.UNSPECIFIED.,.F.
  ,.F.,(3,3),(0.,1.),.PIECEWISE_BEZIER_KNOTS.);
#590 = CARTESIAN_POINT('',(20.611082802548,1.610660675809,6.179536477288
    ));
#591 = CARTESIAN_POINT('',(20.416178343949,1.525351702481,5.94515199939)
  );
#592 = CARTESIAN_POINT('',(19.907898089172,1.365190422625,5.505112499516
    ));
#593 = ORIENTED_EDGE('',*,*,#594,.F.);
#594 = EDGE_CURVE('',#595,#587,#597,.T.);
#595 = VERTEX_POINT('',#596);
#596 = CARTESIAN_POINT('',(19.907898089172,2.116944519254,5.231496384855
    ));
#597 = LINE('',#598,#599);
#598 = CARTESIAN_POINT('',(19.907898089172,2.116944519254,5.231496384855
    ));
#599 = VECTOR('',#600,1.);
#600 = DIRECTION('',(0.,-0.939692620786,0.342020143326));
#601 = ORIENTED_EDGE('',*,*,#602,.F.);
#602 = EDGE_CURVE('',#562,#595,#603,.T.);
#603 = B_SPLINE_CURVE_WITH_KNOTS('',2,(#604,#605,#606),.UNSPECIFIED.,.F.
  ,.F.,(3,3),(0.,1.),.PIECEWISE_BEZIER_KNOTS.);
#604 = CARTESIAN_POINT('',(20.611082802548,2.362414772438,5.905920362627
    ));
#605 = CARTESIAN_POINT('',(20.416178343949,2.277105799109,5.671535884729
    ));
#606 = CARTESIAN_POINT('',(19.907898089172,2.116944519254,5.231496384855
    ));
#607 = SURFACE_OF_LINEAR_EXTRUSION('',#608,#612);
#608 = B_SPLINE_CURVE_WITH_KNOTS('',2,(#609,#610,#611),.UNSPECIFIED.,.F.
  ,.F.,(3,3),(0.,1.),.PIECEWISE_BEZIER_KNOTS.);
#609 = CARTESIAN_POINT('',(20.611082802548,2.362414772438,5.905920362627
    ));
#610 = CARTESIAN_POINT('',(20.416178343949,2.277105799109,5.671535884729
    ));
#611 = CARTESIAN_POINT('',(19.907898089172,2.116944519254,5.231496384855
    ));
#612 = VECTOR('',#613,1.);
#613 = DIRECTION('',(-0.,0.939692620786,-0.342020143326));
#614 = ADVANCED_FACE('',(#615),#640,.T.);
#615 = FACE_BOUND('',#616,.T.);
#616 = EDGE_LOOP('',(#617,#618,#626,#634));
#617 = ORIENTED_EDGE('',*,*,#594,.T.);
#618 = ORIENTED_EDGE('',*,*,#619,.T.);
#619 = EDGE_CURVE('',#587,#620,#622,.T.);
#620 = VERTEX_POINT('',#621);
#621 = CARTESIAN_POINT('',(19.263821656051,1.152571530978,4.920946895766
    ));
#622 = B_SPLINE_CURVE_WITH_KNOTS('',2,(#623,#624,#625),.UNSPECIFIED.,.F.
  ,.F.,(3,3),(0.,1.),.PIECEWISE_BEZIER_KNOTS.);
#623 = CARTESIAN_POINT('',(19.907898089172,1.365190422625,5.505112499516
    ));
#624 = CARTESIAN_POINT('',(19.399617834395,1.20511628166,5.065312411775)
  );
#625 = CARTESIAN_POINT('',(19.263821656051,1.152571530978,4.920946895766
    ));
#626 = ORIENTED_EDGE('',*,*,#627,.F.);
#627 = EDGE_CURVE('',#628,#620,#630,.T.);
#628 = VERTEX_POINT('',#629);
#629 = CARTESIAN_POINT('',(19.263821656051,1.904325627607,4.647330781106
    ));
#630 = LINE('',#631,#632);
#631 = CARTESIAN_POINT('',(19.263821656051,1.904325627607,4.647330781106
    ));
#632 = VECTOR('',#633,1.);
#633 = DIRECTION('',(0.,-0.939692620786,0.342020143326));
#634 = ORIENTED_EDGE('',*,*,#635,.F.);
#635 = EDGE_CURVE('',#595,#628,#636,.T.);
#636 = B_SPLINE_CURVE_WITH_KNOTS('',2,(#637,#638,#639),.UNSPECIFIED.,.F.
  ,.F.,(3,3),(0.,1.),.PIECEWISE_BEZIER_KNOTS.);
#637 = CARTESIAN_POINT('',(19.907898089172,2.116944519254,5.231496384855
    ));
#638 = CARTESIAN_POINT('',(19.399617834395,1.956870378288,4.791696297114
    ));
#639 = CARTESIAN_POINT('',(19.263821656051,1.904325627607,4.647330781106
    ));
#640 = SURFACE_OF_LINEAR_EXTRUSION('',#641,#645);
#641 = B_SPLINE_CURVE_WITH_KNOTS('',2,(#642,#643,#644),.UNSPECIFIED.,.F.
  ,.F.,(3,3),(0.,1.),.PIECEWISE_BEZIER_KNOTS.);
#642 = CARTESIAN_POINT('',(19.907898089172,2.116944519254,5.231496384855
    ));
#643 = CARTESIAN_POINT('',(19.399617834395,1.956870378288,4.791696297114
    ));
#644 = CARTESIAN_POINT('',(19.263821656051,1.904325627607,4.647330781106
    ));
#645 = VECTOR('',#646,1.);
#646 = DIRECTION('',(-0.,0.939692620786,-0.342020143326));
#647 = ADVANCED_FACE('',(#648),#673,.T.);
#648 = FACE_BOUND('',#649,.T.);
#649 = EDGE_LOOP('',(#650,#651,#659,#667));
#650 = ORIENTED_EDGE('',*,*,#627,.T.);
#651 = ORIENTED_EDGE('',*,*,#652,.T.);
#652 = EDGE_CURVE('',#620,#653,#655,.T.);
#653 = VERTEX_POINT('',#654);
#654 = CARTESIAN_POINT('',(19.044203821656,1.050270474095,4.639877051995
    ));
#655 = B_SPLINE_CURVE_WITH_KNOTS('',2,(#656,#657,#658),.UNSPECIFIED.,.F.
  ,.F.,(3,3),(0.,1.),.PIECEWISE_BEZIER_KNOTS.);
#656 = CARTESIAN_POINT('',(19.263821656051,1.152571530978,4.920946895766
    ));
#657 = CARTESIAN_POINT('',(19.128280254777,1.100113919186,4.77682079189)
  );
#658 = CARTESIAN_POINT('',(19.044203821656,1.050270474095,4.639877051995
    ));
#659 = ORIENTED_EDGE('',*,*,#660,.F.);
#660 = EDGE_CURVE('',#661,#653,#663,.T.);
#661 = VERTEX_POINT('',#662);
#662 = CARTESIAN_POINT('',(19.044203821656,1.802024570724,4.366260937334
    ));
#663 = LINE('',#664,#665);
#664 = CARTESIAN_POINT('',(19.044203821656,1.802024570724,4.366260937334
    ));
#665 = VECTOR('',#666,1.);
#666 = DIRECTION('',(0.,-0.939692620786,0.342020143326));
#667 = ORIENTED_EDGE('',*,*,#668,.F.);
#668 = EDGE_CURVE('',#628,#661,#669,.T.);
#669 = B_SPLINE_CURVE_WITH_KNOTS('',2,(#670,#671,#672),.UNSPECIFIED.,.F.
  ,.F.,(3,3),(0.,1.),.PIECEWISE_BEZIER_KNOTS.);
#670 = CARTESIAN_POINT('',(19.263821656051,1.904325627607,4.647330781106
    ));
#671 = CARTESIAN_POINT('',(19.128280254777,1.851868015815,4.50320467723)
  );
#672 = CARTESIAN_POINT('',(19.044203821656,1.802024570724,4.366260937334
    ));
#673 = SURFACE_OF_LINEAR_EXTRUSION('',#674,#678);
#674 = B_SPLINE_CURVE_WITH_KNOTS('',2,(#675,#676,#677),.UNSPECIFIED.,.F.
  ,.F.,(3,3),(0.,1.),.PIECEWISE_BEZIER_KNOTS.);
#675 = CARTESIAN_POINT('',(19.263821656051,1.904325627607,4.647330781106
    ));
#676 = CARTESIAN_POINT('',(19.128280254777,1.851868015815,4.50320467723)
  );
#677 = CARTESIAN_POINT('',(19.044203821656,1.802024570724,4.366260937334
    ));
#678 = VECTOR('',#679,1.);
#679 = DIRECTION('',(-0.,0.939692620786,-0.342020143326));
#680 = ADVANCED_FACE('',(#681),#697,.T.);
#681 = FACE_BOUND('',#682,.T.);
#682 = EDGE_LOOP('',(#683,#684,#690,#691));
#683 = ORIENTED_EDGE('',*,*,#660,.T.);
#684 = ORIENTED_EDGE('',*,*,#685,.T.);
#685 = EDGE_CURVE('',#653,#24,#686,.T.);
#686 = LINE('',#687,#688);
#687 = CARTESIAN_POINT('',(19.044203821656,1.050270474095,4.639877051995
    ));
#688 = VECTOR('',#689,1.);
#689 = DIRECTION('',(1.,0.,0.));
#690 = ORIENTED_EDGE('',*,*,#21,.F.);
#691 = ORIENTED_EDGE('',*,*,#692,.F.);
#692 = EDGE_CURVE('',#661,#22,#693,.T.);
#693 = LINE('',#694,#695);
#694 = CARTESIAN_POINT('',(19.044203821656,1.802024570724,4.366260937334
    ));
#695 = VECTOR('',#696,1.);
#696 = DIRECTION('',(1.,0.,0.));
#697 = PLANE('',#698);
#698 = AXIS2_PLACEMENT_3D('',#699,#700,#701);
#699 = CARTESIAN_POINT('',(19.044203821656,1.802024570724,4.366260937334
    ));
#700 = DIRECTION('',(0.,0.342020143326,0.939692620786));
#701 = DIRECTION('',(1.,0.,0.));
#702 = ADVANCED_FACE('',(#703),#726,.F.);
#703 = FACE_BOUND('',#704,.T.);
#704 = EDGE_LOOP('',(#705,#706,#707,#708,#709,#710,#711,#712,#713,#714,
    #715,#716,#717,#718,#719,#720,#721,#722,#723,#724,#725));
#705 = ORIENTED_EDGE('',*,*,#47,.T.);
#706 = ORIENTED_EDGE('',*,*,#78,.T.);
#707 = ORIENTED_EDGE('',*,*,#109,.T.);
#708 = ORIENTED_EDGE('',*,*,#142,.T.);
#709 = ORIENTED_EDGE('',*,*,#175,.T.);
#710 = ORIENTED_EDGE('',*,*,#208,.T.);
#711 = ORIENTED_EDGE('',*,*,#241,.T.);
#712 = ORIENTED_EDGE('',*,*,#274,.T.);
#713 = ORIENTED_EDGE('',*,*,#307,.T.);
#714 = ORIENTED_EDGE('',*,*,#340,.T.);
#715 = ORIENTED_EDGE('',*,*,#373,.T.);
#716 = ORIENTED_EDGE('',*,*,#404,.T.);
#717 = ORIENTED_EDGE('',*,*,#437,.T.);
#718 = ORIENTED_EDGE('',*,*,#470,.T.);
#719 = ORIENTED_EDGE('',*,*,#503,.T.);
#720 = ORIENTED_EDGE('',*,*,#536,.T.);
#721 = ORIENTED_EDGE('',*,*,#569,.T.);
#722 = ORIENTED_EDGE('',*,*,#602,.T.);
#723 = ORIENTED_EDGE('',*,*,#635,.T.);
#724 = ORIENTED_EDGE('',*,*,#668,.T.);
#725 = ORIENTED_EDGE('',*,*,#692,.T.);
#726 = PLANE('',#727);
#727 = AXIS2_PLACEMENT_3D('',#728,#729,#730);
#728 = CARTESIAN_POINT('',(19.43806663497,2.361698988263,5.903953761769)
  );
#729 = DIRECTION('',(0.,-0.939692620786,0.342020143326));
#730 = DIRECTION('',(1.,0.,0.));
#731 = ADVANCED_FACE('',(#732),#755,.T.);
#732 = FACE_BOUND('',#733,.F.);
#733 = EDGE_LOOP('',(#734,#735,#736,#737,#738,#739,#740,#741,#742,#743,
    #744,#745,#746,#747,#748,#749,#750,#751,#752,#753,#754));
#734 = ORIENTED_EDGE('',*,*,#31,.T.);
#735 = ORIENTED_EDGE('',*,*,#62,.T.);
#736 = ORIENTED_EDGE('',*,*,#93,.T.);
#737 = ORIENTED_EDGE('',*,*,#126,.T.);
#738 = ORIENTED_EDGE('',*,*,#159,.T.);
#739 = ORIENTED_EDGE('',*,*,#192,.T.);
#740 = ORIENTED_EDGE('',*,*,#225,.T.);
#741 = ORIENTED_EDGE('',*,*,#258,.T.);
#742 = ORIENTED_EDGE('',*,*,#291,.T.);
#743 = ORIENTED_EDGE('',*,*,#324,.T.);
#744 = ORIENTED_EDGE('',*,*,#357,.T.);
#745 = ORIENTED_EDGE('',*,*,#388,.T.);
#746 = ORIENTED_EDGE('',*,*,#421,.T.);
#747 = ORIENTED_EDGE('',*,*,#454,.T.);
#748 = ORIENTED_EDGE('',*,*,#487,.T.);
#749 = ORIENTED_EDGE('',*,*,#520,.T.);
#750 = ORIENTED_EDGE('',*,*,#553,.T.);
#751 = ORIENTED_EDGE('',*,*,#586,.T.);
#752 = ORIENTED_EDGE('',*,*,#619,.T.);
#753 = ORIENTED_EDGE('',*,*,#652,.T.);
#754 = ORIENTED_EDGE('',*,*,#685,.T.);
#755 = PLANE('',#756);
#756 = AXIS2_PLACEMENT_3D('',#757,#758,#759);
#757 = CARTESIAN_POINT('',(19.43806663497,1.609944891634,6.17756987643)
  );
#758 = DIRECTION('',(0.,-0.939692620786,0.342020143326));
#759 = DIRECTION('',(1.,0.,0.));
#760 = MANIFOLD_SOLID_BREP('',#761);
#761 = CLOSED_SHELL('',(#762,#802,#835,#868,#901,#934,#967,#1000,#1033,
    #1064,#1097,#1130,#1163,#1196,#1229,#1262,#1293,#1326,#1359,#1392,
    #1425,#1458,#1491,#1524,#1557,#1590,#1623,#1656,#1680,#1716));
#762 = ADVANCED_FACE('',(#763),#797,.T.);
#763 = FACE_BOUND('',#764,.T.);
#764 = EDGE_LOOP('',(#765,#775,#783,#791));
#765 = ORIENTED_EDGE('',*,*,#766,.T.);
#766 = EDGE_CURVE('',#767,#769,#771,.T.);
#767 = VERTEX_POINT('',#768);
#768 = CARTESIAN_POINT('',(21.865350318471,1.970986878472,4.830481062609
    ));
#769 = VERTEX_POINT('',#770);
#770 = CARTESIAN_POINT('',(21.865350318471,1.219232781843,5.10409717727)
  );
#771 = LINE('',#772,#773);
#772 = CARTESIAN_POINT('',(21.865350318471,1.970986878472,4.830481062609
    ));
#773 = VECTOR('',#774,1.);
#774 = DIRECTION('',(0.,-0.939692620786,0.342020143326));
#775 = ORIENTED_EDGE('',*,*,#776,.T.);
#776 = EDGE_CURVE('',#769,#777,#779,.T.);
#777 = VERTEX_POINT('',#778);
#778 = CARTESIAN_POINT('',(22.904840764331,1.262192254622,5.222127358683
    ));
#779 = LINE('',#780,#781);
#780 = CARTESIAN_POINT('',(21.865350318471,1.219232781843,5.10409717727)
  );
#781 = VECTOR('',#782,1.);
#782 = DIRECTION('',(0.992778634966,4.102899349847E-02,0.11272623318));
#783 = ORIENTED_EDGE('',*,*,#784,.F.);
#784 = EDGE_CURVE('',#785,#777,#787,.T.);
#785 = VERTEX_POINT('',#786);
#786 = CARTESIAN_POINT('',(22.904840764331,2.013946351251,4.948511244023
    ));
#787 = LINE('',#788,#789);
#788 = CARTESIAN_POINT('',(22.904840764331,2.013946351251,4.948511244023
    ));
#789 = VECTOR('',#790,1.);
#790 = DIRECTION('',(0.,-0.939692620786,0.342020143326));
#791 = ORIENTED_EDGE('',*,*,#792,.F.);
#792 = EDGE_CURVE('',#767,#785,#793,.T.);
#793 = LINE('',#794,#795);
#794 = CARTESIAN_POINT('',(21.865350318471,1.970986878472,4.830481062609
    ));
#795 = VECTOR('',#796,1.);
#796 = DIRECTION('',(0.992778634966,4.102899349847E-02,0.11272623318));
#797 = PLANE('',#798);
#798 = AXIS2_PLACEMENT_3D('',#799,#800,#801);
#799 = CARTESIAN_POINT('',(21.865350318471,1.970986878472,4.830481062609
    ));
#800 = DIRECTION('',(-0.119960751725,0.339550291022,0.932906757352));
#801 = DIRECTION('',(0.992778634966,4.102899349847E-02,0.11272623318));
#802 = ADVANCED_FACE('',(#803),#828,.T.);
#803 = FACE_BOUND('',#804,.T.);
#804 = EDGE_LOOP('',(#805,#806,#814,#822));
#805 = ORIENTED_EDGE('',*,*,#784,.T.);
#806 = ORIENTED_EDGE('',*,*,#807,.T.);
#807 = EDGE_CURVE('',#777,#808,#810,.T.);
#808 = VERTEX_POINT('',#809);
#809 = CARTESIAN_POINT('',(23.172356687898,1.054975974156,4.65280530716)
  );
#810 = B_SPLINE_CURVE_WITH_KNOTS('',2,(#811,#812,#813),.UNSPECIFIED.,.F.
  ,.F.,(3,3),(0.,1.),.PIECEWISE_BEZIER_KNOTS.);
#811 = CARTESIAN_POINT('',(22.904840764331,1.262192254622,5.222127358683
    ));
#812 = CARTESIAN_POINT('',(22.954522292994,1.126691280642,4.849841492359
    ));
#813 = CARTESIAN_POINT('',(23.172356687898,1.054975974156,4.65280530716)
  );
#814 = ORIENTED_EDGE('',*,*,#815,.F.);
#815 = EDGE_CURVE('',#816,#808,#818,.T.);
#816 = VERTEX_POINT('',#817);
#817 = CARTESIAN_POINT('',(23.172356687898,1.806730070785,4.379189192499
    ));
#818 = LINE('',#819,#820);
#819 = CARTESIAN_POINT('',(23.172356687898,1.806730070785,4.379189192499
    ));
#820 = VECTOR('',#821,1.);
#821 = DIRECTION('',(0.,-0.939692620786,0.342020143326));
#822 = ORIENTED_EDGE('',*,*,#823,.F.);
#823 = EDGE_CURVE('',#785,#816,#824,.T.);
#824 = B_SPLINE_CURVE_WITH_KNOTS('',2,(#825,#826,#827),.UNSPECIFIED.,.F.
  ,.F.,(3,3),(0.,1.),.PIECEWISE_BEZIER_KNOTS.);
#825 = CARTESIAN_POINT('',(22.904840764331,2.013946351251,4.948511244023
    ));
#826 = CARTESIAN_POINT('',(22.954522292994,1.878445377271,4.576225377699
    ));
#827 = CARTESIAN_POINT('',(23.172356687898,1.806730070785,4.379189192499
    ));
#828 = SURFACE_OF_LINEAR_EXTRUSION('',#829,#833);
#829 = B_SPLINE_CURVE_WITH_KNOTS('',2,(#830,#831,#832),.UNSPECIFIED.,.F.
  ,.F.,(3,3),(0.,1.),.PIECEWISE_BEZIER_KNOTS.);
#830 = CARTESIAN_POINT('',(22.904840764331,2.013946351251,4.948511244023
    ));
#831 = CARTESIAN_POINT('',(22.954522292994,1.878445377271,4.576225377699
    ));
#832 = CARTESIAN_POINT('',(23.172356687898,1.806730070785,4.379189192499
    ));
#833 = VECTOR('',#834,1.);
#834 = DIRECTION('',(-0.,0.939692620786,-0.342020143326));
#835 = ADVANCED_FACE('',(#836),#861,.T.);
#836 = FACE_BOUND('',#837,.T.);
#837 = EDGE_LOOP('',(#838,#839,#847,#855));
#838 = ORIENTED_EDGE('',*,*,#815,.T.);
#839 = ORIENTED_EDGE('',*,*,#840,.T.);
#840 = EDGE_CURVE('',#808,#841,#843,.T.);
#841 = VERTEX_POINT('',#842);
#842 = CARTESIAN_POINT('',(23.69974522293,0.983347806561,4.456008534093)
  );
#843 = B_SPLINE_CURVE_WITH_KNOTS('',2,(#844,#845,#846),.UNSPECIFIED.,.F.
  ,.F.,(3,3),(0.,1.),.PIECEWISE_BEZIER_KNOTS.);
#844 = CARTESIAN_POINT('',(23.172356687898,1.054975974156,4.65280530716)
  );
#845 = CARTESIAN_POINT('',(23.390191082803,0.983347806561,4.456008534093
    ));
#846 = CARTESIAN_POINT('',(23.69974522293,0.983347806561,4.456008534093)
  );
#847 = ORIENTED_EDGE('',*,*,#848,.F.);
#848 = EDGE_CURVE('',#849,#841,#851,.T.);
#849 = VERTEX_POINT('',#850);
#850 = CARTESIAN_POINT('',(23.69974522293,1.735101903189,4.182392419433)
  );
#851 = LINE('',#852,#853);
#852 = CARTESIAN_POINT('',(23.69974522293,1.735101903189,4.182392419433)
  );
#853 = VECTOR('',#854,1.);
#854 = DIRECTION('',(0.,-0.939692620786,0.342020143326));
#855 = ORIENTED_EDGE('',*,*,#856,.F.);
#856 = EDGE_CURVE('',#816,#849,#857,.T.);
#857 = B_SPLINE_CURVE_WITH_KNOTS('',2,(#858,#859,#860),.UNSPECIFIED.,.F.
  ,.F.,(3,3),(0.,1.),.PIECEWISE_BEZIER_KNOTS.);
#858 = CARTESIAN_POINT('',(23.172356687898,1.806730070785,4.379189192499
    ));
#859 = CARTESIAN_POINT('',(23.390191082803,1.735101903189,4.182392419433
    ));
#860 = CARTESIAN_POINT('',(23.69974522293,1.735101903189,4.182392419433)
  );
#861 = SURFACE_OF_LINEAR_EXTRUSION('',#862,#866);
#862 = B_SPLINE_CURVE_WITH_KNOTS('',2,(#863,#864,#865),.UNSPECIFIED.,.F.
  ,.F.,(3,3),(0.,1.),.PIECEWISE_BEZIER_KNOTS.);
#863 = CARTESIAN_POINT('',(23.172356687898,1.806730070785,4.379189192499
    ));
#864 = CARTESIAN_POINT('',(23.390191082803,1.735101903189,4.182392419433
    ));
#865 = CARTESIAN_POINT('',(23.69974522293,1.735101903189,4.182392419433)
  );
#866 = VECTOR('',#867,1.);
#867 = DIRECTION('',(-0.,0.939692620786,-0.342020143326));
#868 = ADVANCED_FACE('',(#869),#894,.T.);
#869 = FACE_BOUND('',#870,.T.);
#870 = EDGE_LOOP('',(#871,#872,#880,#888));
#871 = ORIENTED_EDGE('',*,*,#848,.T.);
#872 = ORIENTED_EDGE('',*,*,#873,.T.);
#873 = EDGE_CURVE('',#841,#874,#876,.T.);
#874 = VERTEX_POINT('',#875);
#875 = CARTESIAN_POINT('',(24.25949044586,1.0703124188,4.694941842512));
#876 = B_SPLINE_CURVE_WITH_KNOTS('',2,(#877,#878,#879),.UNSPECIFIED.,.F.
  ,.F.,(3,3),(0.,1.),.PIECEWISE_BEZIER_KNOTS.);
#877 = CARTESIAN_POINT('',(23.69974522293,0.983347806561,4.456008534093)
  );
#878 = CARTESIAN_POINT('',(24.032229299363,0.983347806561,4.456008534093
    ));
#879 = CARTESIAN_POINT('',(24.25949044586,1.0703124188,4.694941842512));
#880 = ORIENTED_EDGE('',*,*,#881,.F.);
#881 = EDGE_CURVE('',#882,#874,#884,.T.);
#882 = VERTEX_POINT('',#883);
#883 = CARTESIAN_POINT('',(24.25949044586,1.822066515429,4.421325727852)
  );
#884 = LINE('',#885,#886);
#885 = CARTESIAN_POINT('',(24.25949044586,1.822066515429,4.421325727852)
  );
#886 = VECTOR('',#887,1.);
#887 = DIRECTION('',(0.,-0.939692620786,0.342020143326));
#888 = ORIENTED_EDGE('',*,*,#889,.F.);
#889 = EDGE_CURVE('',#849,#882,#890,.T.);
#890 = B_SPLINE_CURVE_WITH_KNOTS('',2,(#891,#892,#893),.UNSPECIFIED.,.F.
  ,.F.,(3,3),(0.,1.),.PIECEWISE_BEZIER_KNOTS.);
#891 = CARTESIAN_POINT('',(23.69974522293,1.735101903189,4.182392419433)
  );
#892 = CARTESIAN_POINT('',(24.032229299363,1.735101903189,4.182392419433
    ));
#893 = CARTESIAN_POINT('',(24.25949044586,1.822066515429,4.421325727852)
  );
#894 = SURFACE_OF_LINEAR_EXTRUSION('',#895,#899);
#895 = B_SPLINE_CURVE_WITH_KNOTS('',2,(#896,#897,#898),.UNSPECIFIED.,.F.
  ,.F.,(3,3),(0.,1.),.PIECEWISE_BEZIER_KNOTS.);
#896 = CARTESIAN_POINT('',(23.69974522293,1.735101903189,4.182392419433)
  );
#897 = CARTESIAN_POINT('',(24.032229299363,1.735101903189,4.182392419433
    ));
#898 = CARTESIAN_POINT('',(24.25949044586,1.822066515429,4.421325727852)
  );
#899 = VECTOR('',#900,1.);
#900 = DIRECTION('',(-0.,0.939692620786,-0.342020143326));
#901 = ADVANCED_FACE('',(#902),#927,.T.);
#902 = FACE_BOUND('',#903,.T.);
#903 = EDGE_LOOP('',(#904,#905,#913,#921));
#904 = ORIENTED_EDGE('',*,*,#881,.T.);
#905 = ORIENTED_EDGE('',*,*,#906,.T.);
#906 = EDGE_CURVE('',#874,#907,#909,.T.);
#907 = VERTEX_POINT('',#908);
#908 = CARTESIAN_POINT('',(24.487006369427,1.304890310732,5.339439303698
    ));
#909 = B_SPLINE_CURVE_WITH_KNOTS('',2,(#910,#911,#912),.UNSPECIFIED.,.F.
  ,.F.,(3,3),(0.,1.),.PIECEWISE_BEZIER_KNOTS.);
#910 = CARTESIAN_POINT('',(24.25949044586,1.0703124188,4.694941842512));
#911 = CARTESIAN_POINT('',(24.487006369427,1.157277031039,4.933875150931
    ));
#912 = CARTESIAN_POINT('',(24.487006369427,1.304890310732,5.339439303698
    ));
#913 = ORIENTED_EDGE('',*,*,#914,.F.);
#914 = EDGE_CURVE('',#915,#907,#917,.T.);
#915 = VERTEX_POINT('',#916);
#916 = CARTESIAN_POINT('',(24.487006369427,2.05664440736,5.065823189038)
  );
#917 = LINE('',#918,#919);
#918 = CARTESIAN_POINT('',(24.487006369427,2.05664440736,5.065823189038)
  );
#919 = VECTOR('',#920,1.);
#920 = DIRECTION('',(0.,-0.939692620786,0.342020143326));
#921 = ORIENTED_EDGE('',*,*,#922,.F.);
#922 = EDGE_CURVE('',#882,#915,#923,.T.);
#923 = B_SPLINE_CURVE_WITH_KNOTS('',2,(#924,#925,#926),.UNSPECIFIED.,.F.
  ,.F.,(3,3),(0.,1.),.PIECEWISE_BEZIER_KNOTS.);
#924 = CARTESIAN_POINT('',(24.25949044586,1.822066515429,4.421325727852)
  );
#925 = CARTESIAN_POINT('',(24.487006369427,1.909031127668,4.660259036271
    ));
#926 = CARTESIAN_POINT('',(24.487006369427,2.05664440736,5.065823189038)
  );
#927 = SURFACE_OF_LINEAR_EXTRUSION('',#928,#932);
#928 = B_SPLINE_CURVE_WITH_KNOTS('',2,(#929,#930,#931),.UNSPECIFIED.,.F.
  ,.F.,(3,3),(0.,1.),.PIECEWISE_BEZIER_KNOTS.);
#929 = CARTESIAN_POINT('',(24.25949044586,1.822066515429,4.421325727852)
  );
#930 = CARTESIAN_POINT('',(24.487006369427,1.909031127668,4.660259036271
    ));
#931 = CARTESIAN_POINT('',(24.487006369427,2.05664440736,5.065823189038)
  );
#932 = VECTOR('',#933,1.);
#933 = DIRECTION('',(-0.,0.939692620786,-0.342020143326));
#934 = ADVANCED_FACE('',(#935),#960,.T.);
#935 = FACE_BOUND('',#936,.T.);
#936 = EDGE_LOOP('',(#937,#938,#946,#954));
#937 = ORIENTED_EDGE('',*,*,#914,.T.);
#938 = ORIENTED_EDGE('',*,*,#939,.T.);
#939 = EDGE_CURVE('',#907,#940,#942,.T.);
#940 = VERTEX_POINT('',#941);
#941 = CARTESIAN_POINT('',(24.269171974522,1.526223091381,5.947546120717
    ));
#942 = B_SPLINE_CURVE_WITH_KNOTS('',2,(#943,#944,#945),.UNSPECIFIED.,.F.
  ,.F.,(3,3),(0.,1.),.PIECEWISE_BEZIER_KNOTS.);
#943 = CARTESIAN_POINT('',(24.487006369427,1.304890310732,5.339439303698
    ));
#944 = CARTESIAN_POINT('',(24.487006369427,1.444573951433,5.723216952391
    ));
#945 = CARTESIAN_POINT('',(24.269171974522,1.526223091381,5.947546120717
    ));
#946 = ORIENTED_EDGE('',*,*,#947,.F.);
#947 = EDGE_CURVE('',#948,#940,#950,.T.);
#948 = VERTEX_POINT('',#949);
#949 = CARTESIAN_POINT('',(24.269171974522,2.277977188009,5.673930006056
    ));
#950 = LINE('',#951,#952);
#951 = CARTESIAN_POINT('',(24.269171974522,2.277977188009,5.673930006056
    ));
#952 = VECTOR('',#953,1.);
#953 = DIRECTION('',(0.,-0.939692620786,0.342020143326));
#954 = ORIENTED_EDGE('',*,*,#955,.F.);
#955 = EDGE_CURVE('',#915,#948,#956,.T.);
#956 = B_SPLINE_CURVE_WITH_KNOTS('',2,(#957,#958,#959),.UNSPECIFIED.,.F.
  ,.F.,(3,3),(0.,1.),.PIECEWISE_BEZIER_KNOTS.);
#957 = CARTESIAN_POINT('',(24.487006369427,2.05664440736,5.065823189038)
  );
#958 = CARTESIAN_POINT('',(24.487006369427,2.196328048061,5.449600837731
    ));
#959 = CARTESIAN_POINT('',(24.269171974522,2.277977188009,5.673930006056
    ));
#960 = SURFACE_OF_LINEAR_EXTRUSION('',#961,#965);
#961 = B_SPLINE_CURVE_WITH_KNOTS('',2,(#962,#963,#964),.UNSPECIFIED.,.F.
  ,.F.,(3,3),(0.,1.),.PIECEWISE_BEZIER_KNOTS.);
#962 = CARTESIAN_POINT('',(24.487006369427,2.05664440736,5.065823189038)
  );
#963 = CARTESIAN_POINT('',(24.487006369427,2.196328048061,5.449600837731
    ));
#964 = CARTESIAN_POINT('',(24.269171974522,2.277977188009,5.673930006056
    ));
#965 = VECTOR('',#966,1.);
#966 = DIRECTION('',(-0.,0.939692620786,-0.342020143326));
#967 = ADVANCED_FACE('',(#968),#993,.T.);
#968 = FACE_BOUND('',#969,.T.);
#969 = EDGE_LOOP('',(#970,#971,#979,#987));
#970 = ORIENTED_EDGE('',*,*,#947,.T.);
#971 = ORIENTED_EDGE('',*,*,#972,.T.);
#972 = EDGE_CURVE('',#940,#973,#975,.T.);
#973 = VERTEX_POINT('',#974);
#974 = CARTESIAN_POINT('',(23.737961783439,1.607959370219,6.172114701175
    ));
#975 = B_SPLINE_CURVE_WITH_KNOTS('',2,(#976,#977,#978),.UNSPECIFIED.,.F.
  ,.F.,(3,3),(0.,1.),.PIECEWISE_BEZIER_KNOTS.);
#976 = CARTESIAN_POINT('',(24.269171974522,1.526223091381,5.947546120717
    ));
#977 = CARTESIAN_POINT('',(24.051337579618,1.607959370219,6.172114701175
    ));
#978 = CARTESIAN_POINT('',(23.737961783439,1.607959370219,6.172114701175
    ));
#979 = ORIENTED_EDGE('',*,*,#980,.F.);
#980 = EDGE_CURVE('',#981,#973,#983,.T.);
#981 = VERTEX_POINT('',#982);
#982 = CARTESIAN_POINT('',(23.737961783439,2.359713466848,5.898498586514
    ));
#983 = LINE('',#984,#985);
#984 = CARTESIAN_POINT('',(23.737961783439,2.359713466848,5.898498586514
    ));
#985 = VECTOR('',#986,1.);
#986 = DIRECTION('',(0.,-0.939692620786,0.342020143326));
#987 = ORIENTED_EDGE('',*,*,#988,.F.);
#988 = EDGE_CURVE('',#948,#981,#989,.T.);
#989 = B_SPLINE_CURVE_WITH_KNOTS('',2,(#990,#991,#992),.UNSPECIFIED.,.F.
  ,.F.,(3,3),(0.,1.),.PIECEWISE_BEZIER_KNOTS.);
#990 = CARTESIAN_POINT('',(24.269171974522,2.277977188009,5.673930006056
    ));
#991 = CARTESIAN_POINT('',(24.051337579618,2.359713466848,5.898498586514
    ));
#992 = CARTESIAN_POINT('',(23.737961783439,2.359713466848,5.898498586514
    ));
#993 = SURFACE_OF_LINEAR_EXTRUSION('',#994,#998);
#994 = B_SPLINE_CURVE_WITH_KNOTS('',2,(#995,#996,#997),.UNSPECIFIED.,.F.
  ,.F.,(3,3),(0.,1.),.PIECEWISE_BEZIER_KNOTS.);
#995 = CARTESIAN_POINT('',(24.269171974522,2.277977188009,5.673930006056
    ));
#996 = CARTESIAN_POINT('',(24.051337579618,2.359713466848,5.898498586514
    ));
#997 = CARTESIAN_POINT('',(23.737961783439,2.359713466848,5.898498586514
    ));
#998 = VECTOR('',#999,1.);
#999 = DIRECTION('',(-0.,0.939692620786,-0.342020143326));
#1000 = ADVANCED_FACE('',(#1001),#1026,.T.);
#1001 = FACE_BOUND('',#1002,.T.);
#1002 = EDGE_LOOP('',(#1003,#1004,#1012,#1020));
#1003 = ORIENTED_EDGE('',*,*,#980,.T.);
#1004 = ORIENTED_EDGE('',*,*,#1005,.T.);
#1005 = EDGE_CURVE('',#973,#1006,#1008,.T.);
#1006 = VERTEX_POINT('',#1007);
#1007 = CARTESIAN_POINT('',(23.244968152866,1.580510619863,
    6.096699879379));
#1008 = B_SPLINE_CURVE_WITH_KNOTS('',2,(#1009,#1010,#1011),
  .UNSPECIFIED.,.F.,.F.,(3,3),(0.,1.),.PIECEWISE_BEZIER_KNOTS.);
#1009 = CARTESIAN_POINT('',(23.737961783439,1.607959370219,
    6.172114701175));
#1010 = CARTESIAN_POINT('',(23.531592356688,1.607959370219,
    6.172114701175));
#1011 = CARTESIAN_POINT('',(23.244968152866,1.580510619863,
    6.096699879379));
#1012 = ORIENTED_EDGE('',*,*,#1013,.F.);
#1013 = EDGE_CURVE('',#1014,#1006,#1016,.T.);
#1014 = VERTEX_POINT('',#1015);
#1015 = CARTESIAN_POINT('',(23.244968152866,2.332264716491,
    5.823083764718));
#1016 = LINE('',#1017,#1018);
#1017 = CARTESIAN_POINT('',(23.244968152866,2.332264716491,
    5.823083764718));
#1018 = VECTOR('',#1019,1.);
#1019 = DIRECTION('',(0.,-0.939692620786,0.342020143326));
#1020 = ORIENTED_EDGE('',*,*,#1021,.F.);
#1021 = EDGE_CURVE('',#981,#1014,#1022,.T.);
#1022 = B_SPLINE_CURVE_WITH_KNOTS('',2,(#1023,#1024,#1025),
  .UNSPECIFIED.,.F.,.F.,(3,3),(0.,1.),.PIECEWISE_BEZIER_KNOTS.);
#1023 = CARTESIAN_POINT('',(23.737961783439,2.359713466848,
    5.898498586514));
#1024 = CARTESIAN_POINT('',(23.531592356688,2.359713466848,
    5.898498586514));
#1025 = CARTESIAN_POINT('',(23.244968152866,2.332264716491,
    5.823083764718));
#1026 = SURFACE_OF_LINEAR_EXTRUSION('',#1027,#1031);
#1027 = B_SPLINE_CURVE_WITH_KNOTS('',2,(#1028,#1029,#1030),
  .UNSPECIFIED.,.F.,.F.,(3,3),(0.,1.),.PIECEWISE_BEZIER_KNOTS.);
#1028 = CARTESIAN_POINT('',(23.737961783439,2.359713466848,
    5.898498586514));
#1029 = CARTESIAN_POINT('',(23.531592356688,2.359713466848,
    5.898498586514));
#1030 = CARTESIAN_POINT('',(23.244968152866,2.332264716491,
    5.823083764718));
#1031 = VECTOR('',#1032,1.);
#1032 = DIRECTION('',(-0.,0.939692620786,-0.342020143326));
#1033 = ADVANCED_FACE('',(#1034),#1059,.T.);
#1034 = FACE_BOUND('',#1035,.T.);
#1035 = EDGE_LOOP('',(#1036,#1037,#1045,#1053));
#1036 = ORIENTED_EDGE('',*,*,#1013,.T.);
#1037 = ORIENTED_EDGE('',*,*,#1038,.T.);
#1038 = EDGE_CURVE('',#1006,#1039,#1041,.T.);
#1039 = VERTEX_POINT('',#1040);
#1040 = CARTESIAN_POINT('',(23.363439490446,1.875650040358,
    6.907588772781));
#1041 = LINE('',#1042,#1043);
#1042 = CARTESIAN_POINT('',(23.244968152866,1.580510619863,
    6.096699879379));
#1043 = VECTOR('',#1044,1.);
#1044 = DIRECTION('',(0.136013796445,0.338841730685,0.930960003826));
#1045 = ORIENTED_EDGE('',*,*,#1046,.F.);
#1046 = EDGE_CURVE('',#1047,#1039,#1049,.T.);
#1047 = VERTEX_POINT('',#1048);
#1048 = CARTESIAN_POINT('',(23.363439490446,2.627404136987,6.63397265812
    ));
#1049 = LINE('',#1050,#1051);
#1050 = CARTESIAN_POINT('',(23.363439490446,2.627404136987,6.63397265812
    ));
#1051 = VECTOR('',#1052,1.);
#1052 = DIRECTION('',(0.,-0.939692620786,0.342020143326));
#1053 = ORIENTED_EDGE('',*,*,#1054,.F.);
#1054 = EDGE_CURVE('',#1014,#1047,#1055,.T.);
#1055 = LINE('',#1056,#1057);
#1056 = CARTESIAN_POINT('',(23.244968152866,2.332264716491,
    5.823083764718));
#1057 = VECTOR('',#1058,1.);
#1058 = DIRECTION('',(0.136013796445,0.338841730685,0.930960003826));
#1059 = PLANE('',#1060);
#1060 = AXIS2_PLACEMENT_3D('',#1061,#1062,#1063);
#1061 = CARTESIAN_POINT('',(23.244968152866,2.332264716491,
    5.823083764718));
#1062 = DIRECTION('',(-0.990706943135,4.651945815426E-02,0.127811160844)
  );
#1063 = DIRECTION('',(0.136013796445,0.338841730685,0.930960003826));
#1064 = ADVANCED_FACE('',(#1065),#1090,.T.);
#1065 = FACE_BOUND('',#1066,.T.);
#1066 = EDGE_LOOP('',(#1067,#1068,#1076,#1084));
#1067 = ORIENTED_EDGE('',*,*,#1046,.T.);
#1068 = ORIENTED_EDGE('',*,*,#1069,.T.);
#1069 = EDGE_CURVE('',#1039,#1070,#1072,.T.);
#1070 = VERTEX_POINT('',#1071);
#1071 = CARTESIAN_POINT('',(24.028407643312,1.940132818972,
    7.084753750967));
#1072 = B_SPLINE_CURVE_WITH_KNOTS('',2,(#1073,#1074,#1075),
  .UNSPECIFIED.,.F.,.F.,(3,3),(0.,1.),.PIECEWISE_BEZIER_KNOTS.);
#1073 = CARTESIAN_POINT('',(23.363439490446,1.875650040358,
    6.907588772781));
#1074 = CARTESIAN_POINT('',(23.799108280255,1.871728790307,6.89681522681
    ));
#1075 = CARTESIAN_POINT('',(24.028407643312,1.940132818972,
    7.084753750967));
#1076 = ORIENTED_EDGE('',*,*,#1077,.F.);
#1077 = EDGE_CURVE('',#1078,#1070,#1080,.T.);
#1078 = VERTEX_POINT('',#1079);
#1079 = CARTESIAN_POINT('',(24.028407643312,2.691886915601,
    6.811137636307));
#1080 = LINE('',#1081,#1082);
#1081 = CARTESIAN_POINT('',(24.028407643312,2.691886915601,
    6.811137636307));
#1082 = VECTOR('',#1083,1.);
#1083 = DIRECTION('',(0.,-0.939692620786,0.342020143326));
#1084 = ORIENTED_EDGE('',*,*,#1085,.F.);
#1085 = EDGE_CURVE('',#1047,#1078,#1086,.T.);
#1086 = B_SPLINE_CURVE_WITH_KNOTS('',2,(#1087,#1088,#1089),
  .UNSPECIFIED.,.F.,.F.,(3,3),(0.,1.),.PIECEWISE_BEZIER_KNOTS.);
#1087 = CARTESIAN_POINT('',(23.363439490446,2.627404136987,6.63397265812
    ));
#1088 = CARTESIAN_POINT('',(23.799108280255,2.623482886936,
    6.623199112149));
#1089 = CARTESIAN_POINT('',(24.028407643312,2.691886915601,
    6.811137636307));
#1090 = SURFACE_OF_LINEAR_EXTRUSION('',#1091,#1095);
#1091 = B_SPLINE_CURVE_WITH_KNOTS('',2,(#1092,#1093,#1094),
  .UNSPECIFIED.,.F.,.F.,(3,3),(0.,1.),.PIECEWISE_BEZIER_KNOTS.);
#1092 = CARTESIAN_POINT('',(23.363439490446,2.627404136987,6.63397265812
    ));
#1093 = CARTESIAN_POINT('',(23.799108280255,2.623482886936,
    6.623199112149));
#1094 = CARTESIAN_POINT('',(24.028407643312,2.691886915601,
    6.811137636307));
#1095 = VECTOR('',#1096,1.);
#1096 = DIRECTION('',(-0.,0.939692620786,-0.342020143326));
#1097 = ADVANCED_FACE('',(#1098),#1123,.T.);
#1098 = FACE_BOUND('',#1099,.T.);
#1099 = EDGE_LOOP('',(#1100,#1101,#1109,#1117));
#1100 = ORIENTED_EDGE('',*,*,#1077,.T.);
#1101 = ORIENTED_EDGE('',*,*,#1102,.T.);
#1102 = EDGE_CURVE('',#1070,#1103,#1105,.T.);
#1103 = VERTEX_POINT('',#1104);
#1104 = CARTESIAN_POINT('',(24.257707006369,2.121904543553,
    7.584167459747));
#1105 = B_SPLINE_CURVE_WITH_KNOTS('',2,(#1106,#1107,#1108),
  .UNSPECIFIED.,.F.,.F.,(3,3),(0.,1.),.PIECEWISE_BEZIER_KNOTS.);
#1106 = CARTESIAN_POINT('',(24.028407643312,1.940132818972,
    7.084753750967));
#1107 = CARTESIAN_POINT('',(24.257707006369,2.008536847637,
    7.272692275124));
#1108 = CARTESIAN_POINT('',(24.257707006369,2.121904543553,
    7.584167459747));
#1109 = ORIENTED_EDGE('',*,*,#1110,.F.);
#1110 = EDGE_CURVE('',#1111,#1103,#1113,.T.);
#1111 = VERTEX_POINT('',#1112);
#1112 = CARTESIAN_POINT('',(24.257707006369,2.873658640181,
    7.310551345086));
#1113 = LINE('',#1114,#1115);
#1114 = CARTESIAN_POINT('',(24.257707006369,2.873658640181,
    7.310551345086));
#1115 = VECTOR('',#1116,1.);
#1116 = DIRECTION('',(0.,-0.939692620786,0.342020143326));
#1117 = ORIENTED_EDGE('',*,*,#1118,.F.);
#1118 = EDGE_CURVE('',#1078,#1111,#1119,.T.);
#1119 = B_SPLINE_CURVE_WITH_KNOTS('',2,(#1120,#1121,#1122),
  .UNSPECIFIED.,.F.,.F.,(3,3),(0.,1.),.PIECEWISE_BEZIER_KNOTS.);
#1120 = CARTESIAN_POINT('',(24.028407643312,2.691886915601,
    6.811137636307));
#1121 = CARTESIAN_POINT('',(24.257707006369,2.760290944266,
    6.999076160464));
#1122 = CARTESIAN_POINT('',(24.257707006369,2.873658640181,
    7.310551345086));
#1123 = SURFACE_OF_LINEAR_EXTRUSION('',#1124,#1128);
#1124 = B_SPLINE_CURVE_WITH_KNOTS('',2,(#1125,#1126,#1127),
  .UNSPECIFIED.,.F.,.F.,(3,3),(0.,1.),.PIECEWISE_BEZIER_KNOTS.);
#1125 = CARTESIAN_POINT('',(24.028407643312,2.691886915601,
    6.811137636307));
#1126 = CARTESIAN_POINT('',(24.257707006369,2.760290944266,
    6.999076160464));
#1127 = CARTESIAN_POINT('',(24.257707006369,2.873658640181,
    7.310551345086));
#1128 = VECTOR('',#1129,1.);
#1129 = DIRECTION('',(-0.,0.939692620786,-0.342020143326));
#1130 = ADVANCED_FACE('',(#1131),#1156,.T.);
#1131 = FACE_BOUND('',#1132,.T.);
#1132 = EDGE_LOOP('',(#1133,#1134,#1142,#1150));
#1133 = ORIENTED_EDGE('',*,*,#1110,.T.);
#1134 = ORIENTED_EDGE('',*,*,#1135,.T.);
#1135 = EDGE_CURVE('',#1103,#1136,#1138,.T.);
#1136 = VERTEX_POINT('',#1137);
#1137 = CARTESIAN_POINT('',(24.089554140127,2.275617545547,
    8.006490461802));
#1138 = B_SPLINE_CURVE_WITH_KNOTS('',2,(#1139,#1140,#1141),
  .UNSPECIFIED.,.F.,.F.,(3,3),(0.,1.),.PIECEWISE_BEZIER_KNOTS.);
#1139 = CARTESIAN_POINT('',(24.257707006369,2.121904543553,
    7.584167459747));
#1140 = CARTESIAN_POINT('',(24.257707006369,2.218280155914,
    7.848957278495));
#1141 = CARTESIAN_POINT('',(24.089554140127,2.275617545547,
    8.006490461802));
#1142 = ORIENTED_EDGE('',*,*,#1143,.F.);
#1143 = EDGE_CURVE('',#1144,#1136,#1146,.T.);
#1144 = VERTEX_POINT('',#1145);
#1145 = CARTESIAN_POINT('',(24.089554140127,3.027371642175,
    7.732874347141));
#1146 = LINE('',#1147,#1148);
#1147 = CARTESIAN_POINT('',(24.089554140127,3.027371642175,
    7.732874347141));
#1148 = VECTOR('',#1149,1.);
#1149 = DIRECTION('',(0.,-0.939692620786,0.342020143326));
#1150 = ORIENTED_EDGE('',*,*,#1151,.F.);
#1151 = EDGE_CURVE('',#1111,#1144,#1152,.T.);
#1152 = B_SPLINE_CURVE_WITH_KNOTS('',2,(#1153,#1154,#1155),
  .UNSPECIFIED.,.F.,.F.,(3,3),(0.,1.),.PIECEWISE_BEZIER_KNOTS.);
#1153 = CARTESIAN_POINT('',(24.257707006369,2.873658640181,
    7.310551345086));
#1154 = CARTESIAN_POINT('',(24.257707006369,2.970034252543,
    7.575341163835));
#1155 = CARTESIAN_POINT('',(24.089554140127,3.027371642175,
    7.732874347141));
#1156 = SURFACE_OF_LINEAR_EXTRUSION('',#1157,#1161);
#1157 = B_SPLINE_CURVE_WITH_KNOTS('',2,(#1158,#1159,#1160),
  .UNSPECIFIED.,.F.,.F.,(3,3),(0.,1.),.PIECEWISE_BEZIER_KNOTS.);
#1158 = CARTESIAN_POINT('',(24.257707006369,2.873658640181,
    7.310551345086));
#1159 = CARTESIAN_POINT('',(24.257707006369,2.970034252543,
    7.575341163835));
#1160 = CARTESIAN_POINT('',(24.089554140127,3.027371642175,
    7.732874347141));
#1161 = VECTOR('',#1162,1.);
#1162 = DIRECTION('',(-0.,0.939692620786,-0.342020143326));
#1163 = ADVANCED_FACE('',(#1164),#1189,.T.);
#1164 = FACE_BOUND('',#1165,.T.);
#1165 = EDGE_LOOP('',(#1166,#1167,#1175,#1183));
#1166 = ORIENTED_EDGE('',*,*,#1143,.T.);
#1167 = ORIENTED_EDGE('',*,*,#1168,.T.);
#1168 = EDGE_CURVE('',#1136,#1169,#1171,.T.);
#1169 = VERTEX_POINT('',#1170);
#1170 = CARTESIAN_POINT('',(23.642420382166,2.332954935179,
    8.164023645108));
#1171 = B_SPLINE_CURVE_WITH_KNOTS('',2,(#1172,#1173,#1174),
  .UNSPECIFIED.,.F.,.F.,(3,3),(0.,1.),.PIECEWISE_BEZIER_KNOTS.);
#1172 = CARTESIAN_POINT('',(24.089554140127,2.275617545547,
    8.006490461802));
#1173 = CARTESIAN_POINT('',(23.921401273885,2.332954935179,
    8.164023645108));
#1174 = CARTESIAN_POINT('',(23.642420382166,2.332954935179,
    8.164023645108));
#1175 = ORIENTED_EDGE('',*,*,#1176,.F.);
#1176 = EDGE_CURVE('',#1177,#1169,#1179,.T.);
#1177 = VERTEX_POINT('',#1178);
#1178 = CARTESIAN_POINT('',(23.642420382166,3.084709031808,
    7.890407530447));
#1179 = LINE('',#1180,#1181);
#1180 = CARTESIAN_POINT('',(23.642420382166,3.084709031808,
    7.890407530447));
#1181 = VECTOR('',#1182,1.);
#1182 = DIRECTION('',(0.,-0.939692620786,0.342020143326));
#1183 = ORIENTED_EDGE('',*,*,#1184,.F.);
#1184 = EDGE_CURVE('',#1144,#1177,#1185,.T.);
#1185 = B_SPLINE_CURVE_WITH_KNOTS('',2,(#1186,#1187,#1188),
  .UNSPECIFIED.,.F.,.F.,(3,3),(0.,1.),.PIECEWISE_BEZIER_KNOTS.);
#1186 = CARTESIAN_POINT('',(24.089554140127,3.027371642175,
    7.732874347141));
#1187 = CARTESIAN_POINT('',(23.921401273885,3.084709031808,
    7.890407530447));
#1188 = CARTESIAN_POINT('',(23.642420382166,3.084709031808,
    7.890407530447));
#1189 = SURFACE_OF_LINEAR_EXTRUSION('',#1190,#1194);
#1190 = B_SPLINE_CURVE_WITH_KNOTS('',2,(#1191,#1192,#1193),
  .UNSPECIFIED.,.F.,.F.,(3,3),(0.,1.),.PIECEWISE_BEZIER_KNOTS.);
#1191 = CARTESIAN_POINT('',(24.089554140127,3.027371642175,
    7.732874347141));
#1192 = CARTESIAN_POINT('',(23.921401273885,3.084709031808,
    7.890407530447));
#1193 = CARTESIAN_POINT('',(23.642420382166,3.084709031808,
    7.890407530447));
#1194 = VECTOR('',#1195,1.);
#1195 = DIRECTION('',(-0.,0.939692620786,-0.342020143326));
#1196 = ADVANCED_FACE('',(#1197),#1222,.T.);
#1197 = FACE_BOUND('',#1198,.T.);
#1198 = EDGE_LOOP('',(#1199,#1200,#1208,#1216));
#1199 = ORIENTED_EDGE('',*,*,#1176,.T.);
#1200 = ORIENTED_EDGE('',*,*,#1201,.T.);
#1201 = EDGE_CURVE('',#1169,#1202,#1204,.T.);
#1202 = VERTEX_POINT('',#1203);
#1203 = CARTESIAN_POINT('',(23.172356687898,2.267513628775,
    7.984225133462));
#1204 = B_SPLINE_CURVE_WITH_KNOTS('',2,(#1205,#1206,#1207),
  .UNSPECIFIED.,.F.,.F.,(3,3),(0.,1.),.PIECEWISE_BEZIER_KNOTS.);
#1205 = CARTESIAN_POINT('',(23.642420382166,2.332954935179,
    8.164023645108));
#1206 = CARTESIAN_POINT('',(23.367261146497,2.332954935179,
    8.164023645108));
#1207 = CARTESIAN_POINT('',(23.172356687898,2.267513628775,
    7.984225133462));
#1208 = ORIENTED_EDGE('',*,*,#1209,.F.);
#1209 = EDGE_CURVE('',#1210,#1202,#1212,.T.);
#1210 = VERTEX_POINT('',#1211);
#1211 = CARTESIAN_POINT('',(23.172356687898,3.019267725403,
    7.710609018802));
#1212 = LINE('',#1213,#1214);
#1213 = CARTESIAN_POINT('',(23.172356687898,3.019267725403,
    7.710609018802));
#1214 = VECTOR('',#1215,1.);
#1215 = DIRECTION('',(0.,-0.939692620786,0.342020143326));
#1216 = ORIENTED_EDGE('',*,*,#1217,.F.);
#1217 = EDGE_CURVE('',#1177,#1210,#1218,.T.);
#1218 = B_SPLINE_CURVE_WITH_KNOTS('',2,(#1219,#1220,#1221),
  .UNSPECIFIED.,.F.,.F.,(3,3),(0.,1.),.PIECEWISE_BEZIER_KNOTS.);
#1219 = CARTESIAN_POINT('',(23.642420382166,3.084709031808,
    7.890407530447));
#1220 = CARTESIAN_POINT('',(23.367261146497,3.084709031808,
    7.890407530447));
#1221 = CARTESIAN_POINT('',(23.172356687898,3.019267725403,
    7.710609018802));
#1222 = SURFACE_OF_LINEAR_EXTRUSION('',#1223,#1227);
#1223 = B_SPLINE_CURVE_WITH_KNOTS('',2,(#1224,#1225,#1226),
  .UNSPECIFIED.,.F.,.F.,(3,3),(0.,1.),.PIECEWISE_BEZIER_KNOTS.);
#1224 = CARTESIAN_POINT('',(23.642420382166,3.084709031808,
    7.890407530447));
#1225 = CARTESIAN_POINT('',(23.367261146497,3.084709031808,
    7.890407530447));
#1226 = CARTESIAN_POINT('',(23.172356687898,3.019267725403,
    7.710609018802));
#1227 = VECTOR('',#1228,1.);
#1228 = DIRECTION('',(-0.,0.939692620786,-0.342020143326));
#1229 = ADVANCED_FACE('',(#1230),#1255,.T.);
#1230 = FACE_BOUND('',#1231,.T.);
#1231 = EDGE_LOOP('',(#1232,#1233,#1241,#1249));
#1232 = ORIENTED_EDGE('',*,*,#1209,.T.);
#1233 = ORIENTED_EDGE('',*,*,#1234,.T.);
#1234 = EDGE_CURVE('',#1202,#1235,#1237,.T.);
#1235 = VERTEX_POINT('',#1236);
#1236 = CARTESIAN_POINT('',(22.935414012739,2.076418042962,
    7.459194326485));
#1237 = B_SPLINE_CURVE_WITH_KNOTS('',2,(#1238,#1239,#1240),
  .UNSPECIFIED.,.F.,.F.,(3,3),(0.,1.),.PIECEWISE_BEZIER_KNOTS.);
#1238 = CARTESIAN_POINT('',(23.172356687898,2.267513628775,
    7.984225133462));
#1239 = CARTESIAN_POINT('',(22.977452229299,2.20207232237,7.804426621816
    ));
#1240 = CARTESIAN_POINT('',(22.935414012739,2.076418042962,
    7.459194326485));
#1241 = ORIENTED_EDGE('',*,*,#1242,.F.);
#1242 = EDGE_CURVE('',#1243,#1235,#1245,.T.);
#1243 = VERTEX_POINT('',#1244);
#1244 = CARTESIAN_POINT('',(22.935414012739,2.828172139591,
    7.185578211825));
#1245 = LINE('',#1246,#1247);
#1246 = CARTESIAN_POINT('',(22.935414012739,2.828172139591,
    7.185578211825));
#1247 = VECTOR('',#1248,1.);
#1248 = DIRECTION('',(0.,-0.939692620786,0.342020143326));
#1249 = ORIENTED_EDGE('',*,*,#1250,.F.);
#1250 = EDGE_CURVE('',#1210,#1243,#1251,.T.);
#1251 = B_SPLINE_CURVE_WITH_KNOTS('',2,(#1252,#1253,#1254),
  .UNSPECIFIED.,.F.,.F.,(3,3),(0.,1.),.PIECEWISE_BEZIER_KNOTS.);
#1252 = CARTESIAN_POINT('',(23.172356687898,3.019267725403,
    7.710609018802));
#1253 = CARTESIAN_POINT('',(22.977452229299,2.953826418999,
    7.530810507156));
#1254 = CARTESIAN_POINT('',(22.935414012739,2.828172139591,
    7.185578211825));
#1255 = SURFACE_OF_LINEAR_EXTRUSION('',#1256,#1260);
#1256 = B_SPLINE_CURVE_WITH_KNOTS('',2,(#1257,#1258,#1259),
  .UNSPECIFIED.,.F.,.F.,(3,3),(0.,1.),.PIECEWISE_BEZIER_KNOTS.);
#1257 = CARTESIAN_POINT('',(23.172356687898,3.019267725403,
    7.710609018802));
#1258 = CARTESIAN_POINT('',(22.977452229299,2.953826418999,
    7.530810507156));
#1259 = CARTESIAN_POINT('',(22.935414012739,2.828172139591,
    7.185578211825));
#1260 = VECTOR('',#1261,1.);
#1261 = DIRECTION('',(-0.,0.939692620786,-0.342020143326));
#1262 = ADVANCED_FACE('',(#1263),#1288,.T.);
#1263 = FACE_BOUND('',#1264,.T.);
#1264 = EDGE_LOOP('',(#1265,#1266,#1274,#1282));
#1265 = ORIENTED_EDGE('',*,*,#1242,.T.);
#1266 = ORIENTED_EDGE('',*,*,#1267,.T.);
#1267 = EDGE_CURVE('',#1235,#1268,#1270,.T.);
#1268 = VERTEX_POINT('',#1269);
#1269 = CARTESIAN_POINT('',(21.945605095541,2.134016849265,7.61744574619
    ));
#1270 = LINE('',#1271,#1272);
#1271 = CARTESIAN_POINT('',(22.935414012739,2.076418042962,
    7.459194326485));
#1272 = VECTOR('',#1273,1.);
#1273 = DIRECTION('',(-0.985832777796,5.736742741817E-02,0.157615711444)
  );
#1274 = ORIENTED_EDGE('',*,*,#1275,.F.);
#1275 = EDGE_CURVE('',#1276,#1268,#1278,.T.);
#1276 = VERTEX_POINT('',#1277);
#1277 = CARTESIAN_POINT('',(21.945605095541,2.885770945894,
    7.343829631529));
#1278 = LINE('',#1279,#1280);
#1279 = CARTESIAN_POINT('',(21.945605095541,2.885770945894,
    7.343829631529));
#1280 = VECTOR('',#1281,1.);
#1281 = DIRECTION('',(0.,-0.939692620786,0.342020143326));
#1282 = ORIENTED_EDGE('',*,*,#1283,.F.);
#1283 = EDGE_CURVE('',#1243,#1276,#1284,.T.);
#1284 = LINE('',#1285,#1286);
#1285 = CARTESIAN_POINT('',(22.935414012739,2.828172139591,
    7.185578211825));
#1286 = VECTOR('',#1287,1.);
#1287 = DIRECTION('',(-0.985832777796,5.736742741817E-02,0.157615711444)
  );
#1288 = PLANE('',#1289);
#1289 = AXIS2_PLACEMENT_3D('',#1290,#1291,#1292);
#1290 = CARTESIAN_POINT('',(22.935414012739,2.828172139591,
    7.185578211825));
#1291 = DIRECTION('',(-0.167731136711,-0.337174667957,-0.926379786624));
#1292 = DIRECTION('',(-0.985832777796,5.736742741817E-02,0.157615711444)
  );
#1293 = ADVANCED_FACE('',(#1294),#1319,.T.);
#1294 = FACE_BOUND('',#1295,.T.);
#1295 = EDGE_LOOP('',(#1296,#1297,#1305,#1313));
#1296 = ORIENTED_EDGE('',*,*,#1275,.T.);
#1297 = ORIENTED_EDGE('',*,*,#1298,.T.);
#1298 = EDGE_CURVE('',#1268,#1299,#1301,.T.);
#1299 = VERTEX_POINT('',#1300);
#1300 = CARTESIAN_POINT('',(22.256942675159,2.414516936237,8.3881134013)
  );
#1301 = B_SPLINE_CURVE_WITH_KNOTS('',2,(#1302,#1303,#1304),
  .UNSPECIFIED.,.F.,.F.,(3,3),(0.,1.),.PIECEWISE_BEZIER_KNOTS.);
#1302 = CARTESIAN_POINT('',(21.945605095541,2.134016849265,7.61744574619
    ));
#1303 = CARTESIAN_POINT('',(22.048789808917,2.309601712654,
    8.099861193549));
#1304 = CARTESIAN_POINT('',(22.256942675159,2.414516936237,8.3881134013)
  );
#1305 = ORIENTED_EDGE('',*,*,#1306,.F.);
#1306 = EDGE_CURVE('',#1307,#1299,#1309,.T.);
#1307 = VERTEX_POINT('',#1308);
#1308 = CARTESIAN_POINT('',(22.256942675159,3.166271032866,8.11449728664
    ));
#1309 = LINE('',#1310,#1311);
#1310 = CARTESIAN_POINT('',(22.256942675159,3.166271032866,8.11449728664
    ));
#1311 = VECTOR('',#1312,1.);
#1312 = DIRECTION('',(0.,-0.939692620786,0.342020143326));
#1313 = ORIENTED_EDGE('',*,*,#1314,.F.);
#1314 = EDGE_CURVE('',#1276,#1307,#1315,.T.);
#1315 = B_SPLINE_CURVE_WITH_KNOTS('',2,(#1316,#1317,#1318),
  .UNSPECIFIED.,.F.,.F.,(3,3),(0.,1.),.PIECEWISE_BEZIER_KNOTS.);
#1316 = CARTESIAN_POINT('',(21.945605095541,2.885770945894,
    7.343829631529));
#1317 = CARTESIAN_POINT('',(22.048789808917,3.061355809283,
    7.826245078888));
#1318 = CARTESIAN_POINT('',(22.256942675159,3.166271032866,8.11449728664
    ));
#1319 = SURFACE_OF_LINEAR_EXTRUSION('',#1320,#1324);
#1320 = B_SPLINE_CURVE_WITH_KNOTS('',2,(#1321,#1322,#1323),
  .UNSPECIFIED.,.F.,.F.,(3,3),(0.,1.),.PIECEWISE_BEZIER_KNOTS.);
#1321 = CARTESIAN_POINT('',(21.945605095541,2.885770945894,
    7.343829631529));
#1322 = CARTESIAN_POINT('',(22.048789808917,3.061355809283,
    7.826245078888));
#1323 = CARTESIAN_POINT('',(22.256942675159,3.166271032866,8.11449728664
    ));
#1324 = VECTOR('',#1325,1.);
#1325 = DIRECTION('',(-0.,0.939692620786,-0.342020143326));
#1326 = ADVANCED_FACE('',(#1327),#1352,.T.);
#1327 = FACE_BOUND('',#1328,.T.);
#1328 = EDGE_LOOP('',(#1329,#1330,#1338,#1346));
#1329 = ORIENTED_EDGE('',*,*,#1306,.T.);
#1330 = ORIENTED_EDGE('',*,*,#1331,.T.);
#1331 = EDGE_CURVE('',#1299,#1332,#1334,.T.);
#1332 = VERTEX_POINT('',#1333);
#1333 = CARTESIAN_POINT('',(22.837834394904,2.579557993934,
    8.841559980605));
#1334 = B_SPLINE_CURVE_WITH_KNOTS('',2,(#1335,#1336,#1337),
  .UNSPECIFIED.,.F.,.F.,(3,3),(0.,1.),.PIECEWISE_BEZIER_KNOTS.);
#1335 = CARTESIAN_POINT('',(22.256942675159,2.414516936237,8.3881134013)
  );
#1336 = CARTESIAN_POINT('',(22.465350318471,2.51951929871,8.676605021185
    ));
#1337 = CARTESIAN_POINT('',(22.837834394904,2.579557993934,
    8.841559980605));
#1338 = ORIENTED_EDGE('',*,*,#1339,.F.);
#1339 = EDGE_CURVE('',#1340,#1332,#1342,.T.);
#1340 = VERTEX_POINT('',#1341);
#1341 = CARTESIAN_POINT('',(22.837834394904,3.331312090562,
    8.567943865944));
#1342 = LINE('',#1343,#1344);
#1343 = CARTESIAN_POINT('',(22.837834394904,3.331312090562,
    8.567943865944));
#1344 = VECTOR('',#1345,1.);
#1345 = DIRECTION('',(0.,-0.939692620786,0.342020143326));
#1346 = ORIENTED_EDGE('',*,*,#1347,.F.);
#1347 = EDGE_CURVE('',#1307,#1340,#1348,.T.);
#1348 = B_SPLINE_CURVE_WITH_KNOTS('',2,(#1349,#1350,#1351),
  .UNSPECIFIED.,.F.,.F.,(3,3),(0.,1.),.PIECEWISE_BEZIER_KNOTS.);
#1349 = CARTESIAN_POINT('',(22.256942675159,3.166271032866,8.11449728664
    ));
#1350 = CARTESIAN_POINT('',(22.465350318471,3.271273395339,
    8.402988906525));
#1351 = CARTESIAN_POINT('',(22.837834394904,3.331312090562,
    8.567943865944));
#1352 = SURFACE_OF_LINEAR_EXTRUSION('',#1353,#1357);
#1353 = B_SPLINE_CURVE_WITH_KNOTS('',2,(#1354,#1355,#1356),
  .UNSPECIFIED.,.F.,.F.,(3,3),(0.,1.),.PIECEWISE_BEZIER_KNOTS.);
#1354 = CARTESIAN_POINT('',(22.256942675159,3.166271032866,8.11449728664
    ));
#1355 = CARTESIAN_POINT('',(22.465350318471,3.271273395339,
    8.402988906525));
#1356 = CARTESIAN_POINT('',(22.837834394904,3.331312090562,
    8.567943865944));
#1357 = VECTOR('',#1358,1.);
#1358 = DIRECTION('',(-0.,0.939692620786,-0.342020143326));
#1359 = ADVANCED_FACE('',(#1360),#1385,.T.);
#1360 = FACE_BOUND('',#1361,.T.);
#1361 = EDGE_LOOP('',(#1362,#1363,#1371,#1379));
#1362 = ORIENTED_EDGE('',*,*,#1339,.T.);
#1363 = ORIENTED_EDGE('',*,*,#1364,.T.);
#1364 = EDGE_CURVE('',#1332,#1365,#1367,.T.);
#1365 = VERTEX_POINT('',#1366);
#1366 = CARTESIAN_POINT('',(23.672993630573,2.639683828047,
    9.006754352157));
#1367 = B_SPLINE_CURVE_WITH_KNOTS('',2,(#1368,#1369,#1370),
  .UNSPECIFIED.,.F.,.F.,(3,3),(0.,1.),.PIECEWISE_BEZIER_KNOTS.);
#1368 = CARTESIAN_POINT('',(22.837834394904,2.579557993934,
    8.841559980605));
#1369 = CARTESIAN_POINT('',(23.210573248408,2.639683828047,
    9.006754352157));
#1370 = CARTESIAN_POINT('',(23.672993630573,2.639683828047,
    9.006754352157));
#1371 = ORIENTED_EDGE('',*,*,#1372,.F.);
#1372 = EDGE_CURVE('',#1373,#1365,#1375,.T.);
#1373 = VERTEX_POINT('',#1374);
#1374 = CARTESIAN_POINT('',(23.672993630573,3.391437924676,
    8.733138237496));
#1375 = LINE('',#1376,#1377);
#1376 = CARTESIAN_POINT('',(23.672993630573,3.391437924676,
    8.733138237496));
#1377 = VECTOR('',#1378,1.);
#1378 = DIRECTION('',(0.,-0.939692620786,0.342020143326));
#1379 = ORIENTED_EDGE('',*,*,#1380,.F.);
#1380 = EDGE_CURVE('',#1340,#1373,#1381,.T.);
#1381 = B_SPLINE_CURVE_WITH_KNOTS('',2,(#1382,#1383,#1384),
  .UNSPECIFIED.,.F.,.F.,(3,3),(0.,1.),.PIECEWISE_BEZIER_KNOTS.);
#1382 = CARTESIAN_POINT('',(22.837834394904,3.331312090562,
    8.567943865944));
#1383 = CARTESIAN_POINT('',(23.210573248408,3.391437924676,
    8.733138237496));
#1384 = CARTESIAN_POINT('',(23.672993630573,3.391437924676,
    8.733138237496));
#1385 = SURFACE_OF_LINEAR_EXTRUSION('',#1386,#1390);
#1386 = B_SPLINE_CURVE_WITH_KNOTS('',2,(#1387,#1388,#1389),
  .UNSPECIFIED.,.F.,.F.,(3,3),(0.,1.),.PIECEWISE_BEZIER_KNOTS.);
#1387 = CARTESIAN_POINT('',(22.837834394904,3.331312090562,
    8.567943865944));
#1388 = CARTESIAN_POINT('',(23.210573248408,3.391437924676,
    8.733138237496));
#1389 = CARTESIAN_POINT('',(23.672993630573,3.391437924676,
    8.733138237496));
#1390 = VECTOR('',#1391,1.);
#1391 = DIRECTION('',(-0.,0.939692620786,-0.342020143326));
#1392 = ADVANCED_FACE('',(#1393),#1418,.T.);
#1393 = FACE_BOUND('',#1394,.T.);
#1394 = EDGE_LOOP('',(#1395,#1396,#1404,#1412));
#1395 = ORIENTED_EDGE('',*,*,#1372,.T.);
#1396 = ORIENTED_EDGE('',*,*,#1397,.T.);
#1397 = EDGE_CURVE('',#1365,#1398,#1400,.T.);
#1398 = VERTEX_POINT('',#1399);
#1399 = CARTESIAN_POINT('',(24.94178343949,2.466887409139,8.532000093044
    ));
#1400 = B_SPLINE_CURVE_WITH_KNOTS('',2,(#1401,#1402,#1403),
  .UNSPECIFIED.,.F.,.F.,(3,3),(0.,1.),.PIECEWISE_BEZIER_KNOTS.);
#1401 = CARTESIAN_POINT('',(23.672993630573,2.639683828047,
    9.006754352157));
#1402 = CARTESIAN_POINT('',(24.464076433121,2.639683828047,
    9.006754352157));
#1403 = CARTESIAN_POINT('',(24.94178343949,2.466887409139,8.532000093044
    ));
#1404 = ORIENTED_EDGE('',*,*,#1405,.F.);
#1405 = EDGE_CURVE('',#1406,#1398,#1408,.T.);
#1406 = VERTEX_POINT('',#1407);
#1407 = CARTESIAN_POINT('',(24.94178343949,3.218641505768,8.258383978383
    ));
#1408 = LINE('',#1409,#1410);
#1409 = CARTESIAN_POINT('',(24.94178343949,3.218641505768,8.258383978383
    ));
#1410 = VECTOR('',#1411,1.);
#1411 = DIRECTION('',(0.,-0.939692620786,0.342020143326));
#1412 = ORIENTED_EDGE('',*,*,#1413,.F.);
#1413 = EDGE_CURVE('',#1373,#1406,#1414,.T.);
#1414 = B_SPLINE_CURVE_WITH_KNOTS('',2,(#1415,#1416,#1417),
  .UNSPECIFIED.,.F.,.F.,(3,3),(0.,1.),.PIECEWISE_BEZIER_KNOTS.);
#1415 = CARTESIAN_POINT('',(23.672993630573,3.391437924676,
    8.733138237496));
#1416 = CARTESIAN_POINT('',(24.464076433121,3.391437924676,
    8.733138237496));
#1417 = CARTESIAN_POINT('',(24.94178343949,3.218641505768,8.258383978383
    ));
#1418 = SURFACE_OF_LINEAR_EXTRUSION('',#1419,#1423);
#1419 = B_SPLINE_CURVE_WITH_KNOTS('',2,(#1420,#1421,#1422),
  .UNSPECIFIED.,.F.,.F.,(3,3),(0.,1.),.PIECEWISE_BEZIER_KNOTS.);
#1420 = CARTESIAN_POINT('',(23.672993630573,3.391437924676,
    8.733138237496));
#1421 = CARTESIAN_POINT('',(24.464076433121,3.391437924676,
    8.733138237496));
#1422 = CARTESIAN_POINT('',(24.94178343949,3.218641505768,8.258383978383
    ));
#1423 = VECTOR('',#1424,1.);
#1424 = DIRECTION('',(-0.,0.939692620786,-0.342020143326));
#1425 = ADVANCED_FACE('',(#1426),#1451,.T.);
#1426 = FACE_BOUND('',#1427,.T.);
#1427 = EDGE_LOOP('',(#1428,#1429,#1437,#1445));
#1428 = ORIENTED_EDGE('',*,*,#1405,.T.);
#1429 = ORIENTED_EDGE('',*,*,#1430,.T.);
#1430 = EDGE_CURVE('',#1398,#1431,#1433,.T.);
#1431 = VERTEX_POINT('',#1432);
#1432 = CARTESIAN_POINT('',(25.335414012739,2.147523377218,
    7.654554626756));
#1433 = B_SPLINE_CURVE_WITH_KNOTS('',2,(#1434,#1435,#1436),
  .UNSPECIFIED.,.F.,.F.,(3,3),(0.,1.),.PIECEWISE_BEZIER_KNOTS.);
#1434 = CARTESIAN_POINT('',(24.94178343949,2.466887409139,8.532000093044
    ));
#1435 = CARTESIAN_POINT('',(25.335414012739,2.325548129528,8.14367361383
    ));
#1436 = CARTESIAN_POINT('',(25.335414012739,2.147523377218,
    7.654554626756));
#1437 = ORIENTED_EDGE('',*,*,#1438,.F.);
#1438 = EDGE_CURVE('',#1439,#1431,#1441,.T.);
#1439 = VERTEX_POINT('',#1440);
#1440 = CARTESIAN_POINT('',(25.335414012739,2.899277473847,
    7.380938512095));
#1441 = LINE('',#1442,#1443);
#1442 = CARTESIAN_POINT('',(25.335414012739,2.899277473847,
    7.380938512095));
#1443 = VECTOR('',#1444,1.);
#1444 = DIRECTION('',(0.,-0.939692620786,0.342020143326));
#1445 = ORIENTED_EDGE('',*,*,#1446,.F.);
#1446 = EDGE_CURVE('',#1406,#1439,#1447,.T.);
#1447 = B_SPLINE_CURVE_WITH_KNOTS('',2,(#1448,#1449,#1450),
  .UNSPECIFIED.,.F.,.F.,(3,3),(0.,1.),.PIECEWISE_BEZIER_KNOTS.);
#1448 = CARTESIAN_POINT('',(24.94178343949,3.218641505768,8.258383978383
    ));
#1449 = CARTESIAN_POINT('',(25.335414012739,3.077302226156,
    7.870057499169));
#1450 = CARTESIAN_POINT('',(25.335414012739,2.899277473847,
    7.380938512095));
#1451 = SURFACE_OF_LINEAR_EXTRUSION('',#1452,#1456);
#1452 = B_SPLINE_CURVE_WITH_KNOTS('',2,(#1453,#1454,#1455),
  .UNSPECIFIED.,.F.,.F.,(3,3),(0.,1.),.PIECEWISE_BEZIER_KNOTS.);
#1453 = CARTESIAN_POINT('',(24.94178343949,3.218641505768,8.258383978383
    ));
#1454 = CARTESIAN_POINT('',(25.335414012739,3.077302226156,
    7.870057499169));
#1455 = CARTESIAN_POINT('',(25.335414012739,2.899277473847,
    7.380938512095));
#1456 = VECTOR('',#1457,1.);
#1457 = DIRECTION('',(-0.,0.939692620786,-0.342020143326));
#1458 = ADVANCED_FACE('',(#1459),#1484,.T.);
#1459 = FACE_BOUND('',#1460,.T.);
#1460 = EDGE_LOOP('',(#1461,#1462,#1470,#1478));
#1461 = ORIENTED_EDGE('',*,*,#1438,.T.);
#1462 = ORIENTED_EDGE('',*,*,#1463,.T.);
#1463 = EDGE_CURVE('',#1431,#1464,#1466,.T.);
#1464 = VERTEX_POINT('',#1465);
#1465 = CARTESIAN_POINT('',(24.529044585987,1.744418871989,
    6.547034100958));
#1466 = B_SPLINE_CURVE_WITH_KNOTS('',2,(#1467,#1468,#1469),
  .UNSPECIFIED.,.F.,.F.,(3,3),(0.,1.),.PIECEWISE_BEZIER_KNOTS.);
#1467 = CARTESIAN_POINT('',(25.335414012739,2.147523377218,
    7.654554626756));
#1468 = CARTESIAN_POINT('',(25.335414012739,1.894907735052,
    6.960498854104));
#1469 = CARTESIAN_POINT('',(24.529044585987,1.744418871989,
    6.547034100958));
#1470 = ORIENTED_EDGE('',*,*,#1471,.F.);
#1471 = EDGE_CURVE('',#1472,#1464,#1474,.T.);
#1472 = VERTEX_POINT('',#1473);
#1473 = CARTESIAN_POINT('',(24.529044585987,2.496172968618,
    6.273417986298));
#1474 = LINE('',#1475,#1476);
#1475 = CARTESIAN_POINT('',(24.529044585987,2.496172968618,
    6.273417986298));
#1476 = VECTOR('',#1477,1.);
#1477 = DIRECTION('',(0.,-0.939692620786,0.342020143326));
#1478 = ORIENTED_EDGE('',*,*,#1479,.F.);
#1479 = EDGE_CURVE('',#1439,#1472,#1480,.T.);
#1480 = B_SPLINE_CURVE_WITH_KNOTS('',2,(#1481,#1482,#1483),
  .UNSPECIFIED.,.F.,.F.,(3,3),(0.,1.),.PIECEWISE_BEZIER_KNOTS.);
#1481 = CARTESIAN_POINT('',(25.335414012739,2.899277473847,
    7.380938512095));
#1482 = CARTESIAN_POINT('',(25.335414012739,2.646661831681,
    6.686882739443));
#1483 = CARTESIAN_POINT('',(24.529044585987,2.496172968618,
    6.273417986298));
#1484 = SURFACE_OF_LINEAR_EXTRUSION('',#1485,#1489);
#1485 = B_SPLINE_CURVE_WITH_KNOTS('',2,(#1486,#1487,#1488),
  .UNSPECIFIED.,.F.,.F.,(3,3),(0.,1.),.PIECEWISE_BEZIER_KNOTS.);
#1486 = CARTESIAN_POINT('',(25.335414012739,2.899277473847,
    7.380938512095));
#1487 = CARTESIAN_POINT('',(25.335414012739,2.646661831681,
    6.686882739443));
#1488 = CARTESIAN_POINT('',(24.529044585987,2.496172968618,
    6.273417986298));
#1489 = VECTOR('',#1490,1.);
#1490 = DIRECTION('',(-0.,0.939692620786,-0.342020143326));
#1491 = ADVANCED_FACE('',(#1492),#1517,.T.);
#1492 = FACE_BOUND('',#1493,.T.);
#1493 = EDGE_LOOP('',(#1494,#1495,#1503,#1511));
#1494 = ORIENTED_EDGE('',*,*,#1471,.T.);
#1495 = ORIENTED_EDGE('',*,*,#1496,.T.);
#1496 = EDGE_CURVE('',#1464,#1497,#1499,.T.);
#1497 = VERTEX_POINT('',#1498);
#1498 = CARTESIAN_POINT('',(25.29898089172,1.585477536594,6.110346370942
    ));
#1499 = B_SPLINE_CURVE_WITH_KNOTS('',2,(#1500,#1501,#1502),
  .UNSPECIFIED.,.F.,.F.,(3,3),(0.,1.),.PIECEWISE_BEZIER_KNOTS.);
#1500 = CARTESIAN_POINT('',(24.529044585987,1.744418871989,
    6.547034100958));
#1501 = CARTESIAN_POINT('',(25.010573248408,1.708953343751,
    6.449593362956));
#1502 = CARTESIAN_POINT('',(25.29898089172,1.585477536594,6.110346370942
    ));
#1503 = ORIENTED_EDGE('',*,*,#1504,.F.);
#1504 = EDGE_CURVE('',#1505,#1497,#1507,.T.);
#1505 = VERTEX_POINT('',#1506);
#1506 = CARTESIAN_POINT('',(25.29898089172,2.337231633223,5.836730256281
    ));
#1507 = LINE('',#1508,#1509);
#1508 = CARTESIAN_POINT('',(25.29898089172,2.337231633223,5.836730256281
    ));
#1509 = VECTOR('',#1510,1.);
#1510 = DIRECTION('',(0.,-0.939692620786,0.342020143326));
#1511 = ORIENTED_EDGE('',*,*,#1512,.F.);
#1512 = EDGE_CURVE('',#1472,#1505,#1513,.T.);
#1513 = B_SPLINE_CURVE_WITH_KNOTS('',2,(#1514,#1515,#1516),
  .UNSPECIFIED.,.F.,.F.,(3,3),(0.,1.),.PIECEWISE_BEZIER_KNOTS.);
#1514 = CARTESIAN_POINT('',(24.529044585987,2.496172968618,
    6.273417986298));
#1515 = CARTESIAN_POINT('',(25.010573248408,2.46070744038,6.175977248295
    ));
#1516 = CARTESIAN_POINT('',(25.29898089172,2.337231633223,5.836730256281
    ));
#1517 = SURFACE_OF_LINEAR_EXTRUSION('',#1518,#1522);
#1518 = B_SPLINE_CURVE_WITH_KNOTS('',2,(#1519,#1520,#1521),
  .UNSPECIFIED.,.F.,.F.,(3,3),(0.,1.),.PIECEWISE_BEZIER_KNOTS.);
#1519 = CARTESIAN_POINT('',(24.529044585987,2.496172968618,
    6.273417986298));
#1520 = CARTESIAN_POINT('',(25.010573248408,2.46070744038,6.175977248295
    ));
#1521 = CARTESIAN_POINT('',(25.29898089172,2.337231633223,5.836730256281
    ));
#1522 = VECTOR('',#1523,1.);
#1523 = DIRECTION('',(-0.,0.939692620786,-0.342020143326));
#1524 = ADVANCED_FACE('',(#1525),#1550,.T.);
#1525 = FACE_BOUND('',#1526,.T.);
#1526 = EDGE_LOOP('',(#1527,#1528,#1536,#1544));
#1527 = ORIENTED_EDGE('',*,*,#1504,.T.);
#1528 = ORIENTED_EDGE('',*,*,#1529,.T.);
#1529 = EDGE_CURVE('',#1497,#1530,#1532,.T.);
#1530 = VERTEX_POINT('',#1531);
#1531 = CARTESIAN_POINT('',(25.587643312102,1.287375393838,
    5.291317465029));
#1532 = B_SPLINE_CURVE_WITH_KNOTS('',2,(#1533,#1534,#1535),
  .UNSPECIFIED.,.F.,.F.,(3,3),(0.,1.),.PIECEWISE_BEZIER_KNOTS.);
#1533 = CARTESIAN_POINT('',(25.29898089172,1.585477536594,6.110346370942
    ));
#1534 = CARTESIAN_POINT('',(25.587643312102,1.462001729437,
    5.771099378928));
#1535 = CARTESIAN_POINT('',(25.587643312102,1.287375393838,
    5.291317465029));
#1536 = ORIENTED_EDGE('',*,*,#1537,.F.);
#1537 = EDGE_CURVE('',#1538,#1530,#1540,.T.);
#1538 = VERTEX_POINT('',#1539);
#1539 = CARTESIAN_POINT('',(25.587643312102,2.039129490467,
    5.017701350368));
#1540 = LINE('',#1541,#1542);
#1541 = CARTESIAN_POINT('',(25.587643312102,2.039129490467,
    5.017701350368));
#1542 = VECTOR('',#1543,1.);
#1543 = DIRECTION('',(0.,-0.939692620786,0.342020143326));
#1544 = ORIENTED_EDGE('',*,*,#1545,.F.);
#1545 = EDGE_CURVE('',#1505,#1538,#1546,.T.);
#1546 = B_SPLINE_CURVE_WITH_KNOTS('',2,(#1547,#1548,#1549),
  .UNSPECIFIED.,.F.,.F.,(3,3),(0.,1.),.PIECEWISE_BEZIER_KNOTS.);
#1547 = CARTESIAN_POINT('',(25.29898089172,2.337231633223,5.836730256281
    ));
#1548 = CARTESIAN_POINT('',(25.587643312102,2.213755826065,
    5.497483264268));
#1549 = CARTESIAN_POINT('',(25.587643312102,2.039129490467,
    5.017701350368));
#1550 = SURFACE_OF_LINEAR_EXTRUSION('',#1551,#1555);
#1551 = B_SPLINE_CURVE_WITH_KNOTS('',2,(#1552,#1553,#1554),
  .UNSPECIFIED.,.F.,.F.,(3,3),(0.,1.),.PIECEWISE_BEZIER_KNOTS.);
#1552 = CARTESIAN_POINT('',(25.29898089172,2.337231633223,5.836730256281
    ));
#1553 = CARTESIAN_POINT('',(25.587643312102,2.213755826065,
    5.497483264268));
#1554 = CARTESIAN_POINT('',(25.587643312102,2.039129490467,
    5.017701350368));
#1555 = VECTOR('',#1556,1.);
#1556 = DIRECTION('',(-0.,0.939692620786,-0.342020143326));
#1557 = ADVANCED_FACE('',(#1558),#1583,.T.);
#1558 = FACE_BOUND('',#1559,.T.);
#1559 = EDGE_LOOP('',(#1560,#1561,#1569,#1577));
#1560 = ORIENTED_EDGE('',*,*,#1537,.T.);
#1561 = ORIENTED_EDGE('',*,*,#1562,.T.);
#1562 = EDGE_CURVE('',#1530,#1563,#1565,.T.);
#1563 = VERTEX_POINT('',#1564);
#1564 = CARTESIAN_POINT('',(25.048789808917,0.855253638232,
    4.104072699047));
#1565 = B_SPLINE_CURVE_WITH_KNOTS('',2,(#1566,#1567,#1568),
  .UNSPECIFIED.,.F.,.F.,(3,3),(0.,1.),.PIECEWISE_BEZIER_KNOTS.);
#1566 = CARTESIAN_POINT('',(25.587643312102,1.287375393838,
    5.291317465029));
#1567 = CARTESIAN_POINT('',(25.587643312102,1.033888362772,4.59486757105
    ));
#1568 = CARTESIAN_POINT('',(25.048789808917,0.855253638232,
    4.104072699047));
#1569 = ORIENTED_EDGE('',*,*,#1570,.F.);
#1570 = EDGE_CURVE('',#1571,#1563,#1573,.T.);
#1571 = VERTEX_POINT('',#1572);
#1572 = CARTESIAN_POINT('',(25.048789808917,1.607007734861,
    3.830456584387));
#1573 = LINE('',#1574,#1575);
#1574 = CARTESIAN_POINT('',(25.048789808917,1.607007734861,
    3.830456584387));
#1575 = VECTOR('',#1576,1.);
#1576 = DIRECTION('',(0.,-0.939692620786,0.342020143326));
#1577 = ORIENTED_EDGE('',*,*,#1578,.F.);
#1578 = EDGE_CURVE('',#1538,#1571,#1579,.T.);
#1579 = B_SPLINE_CURVE_WITH_KNOTS('',2,(#1580,#1581,#1582),
  .UNSPECIFIED.,.F.,.F.,(3,3),(0.,1.),.PIECEWISE_BEZIER_KNOTS.);
#1580 = CARTESIAN_POINT('',(25.587643312102,2.039129490467,
    5.017701350368));
#1581 = CARTESIAN_POINT('',(25.587643312102,1.785642459401,4.32125145639
    ));
#1582 = CARTESIAN_POINT('',(25.048789808917,1.607007734861,
    3.830456584387));
#1583 = SURFACE_OF_LINEAR_EXTRUSION('',#1584,#1588);
#1584 = B_SPLINE_CURVE_WITH_KNOTS('',2,(#1585,#1586,#1587),
  .UNSPECIFIED.,.F.,.F.,(3,3),(0.,1.),.PIECEWISE_BEZIER_KNOTS.);
#1585 = CARTESIAN_POINT('',(25.587643312102,2.039129490467,
    5.017701350368));
#1586 = CARTESIAN_POINT('',(25.587643312102,1.785642459401,4.32125145639
    ));
#1587 = CARTESIAN_POINT('',(25.048789808917,1.607007734861,
    3.830456584387));
#1588 = VECTOR('',#1589,1.);
#1589 = DIRECTION('',(-0.,0.939692620786,-0.342020143326));
#1590 = ADVANCED_FACE('',(#1591),#1616,.T.);
#1591 = FACE_BOUND('',#1592,.T.);
#1592 = EDGE_LOOP('',(#1593,#1594,#1602,#1610));
#1593 = ORIENTED_EDGE('',*,*,#1570,.T.);
#1594 = ORIENTED_EDGE('',*,*,#1595,.T.);
#1595 = EDGE_CURVE('',#1563,#1596,#1598,.T.);
#1596 = VERTEX_POINT('',#1597);
#1597 = CARTESIAN_POINT('',(23.707388535032,0.676618913693,
    3.613277827045));
#1598 = B_SPLINE_CURVE_WITH_KNOTS('',2,(#1599,#1600,#1601),
  .UNSPECIFIED.,.F.,.F.,(3,3),(0.,1.),.PIECEWISE_BEZIER_KNOTS.);
#1599 = CARTESIAN_POINT('',(25.048789808917,0.855253638232,
    4.104072699047));
#1600 = CARTESIAN_POINT('',(24.509936305732,0.676618913693,
    3.613277827045));
#1601 = CARTESIAN_POINT('',(23.707388535032,0.676618913693,
    3.613277827045));
#1602 = ORIENTED_EDGE('',*,*,#1603,.F.);
#1603 = EDGE_CURVE('',#1604,#1596,#1606,.T.);
#1604 = VERTEX_POINT('',#1605);
#1605 = CARTESIAN_POINT('',(23.707388535032,1.428373010321,
    3.339661712384));
#1606 = LINE('',#1607,#1608);
#1607 = CARTESIAN_POINT('',(23.707388535032,1.428373010321,
    3.339661712384));
#1608 = VECTOR('',#1609,1.);
#1609 = DIRECTION('',(0.,-0.939692620786,0.342020143326));
#1610 = ORIENTED_EDGE('',*,*,#1611,.F.);
#1611 = EDGE_CURVE('',#1571,#1604,#1612,.T.);
#1612 = B_SPLINE_CURVE_WITH_KNOTS('',2,(#1613,#1614,#1615),
  .UNSPECIFIED.,.F.,.F.,(3,3),(0.,1.),.PIECEWISE_BEZIER_KNOTS.);
#1613 = CARTESIAN_POINT('',(25.048789808917,1.607007734861,
    3.830456584387));
#1614 = CARTESIAN_POINT('',(24.509936305732,1.428373010321,
    3.339661712384));
#1615 = CARTESIAN_POINT('',(23.707388535032,1.428373010321,
    3.339661712384));
#1616 = SURFACE_OF_LINEAR_EXTRUSION('',#1617,#1621);
#1617 = B_SPLINE_CURVE_WITH_KNOTS('',2,(#1618,#1619,#1620),
  .UNSPECIFIED.,.F.,.F.,(3,3),(0.,1.),.PIECEWISE_BEZIER_KNOTS.);
#1618 = CARTESIAN_POINT('',(25.048789808917,1.607007734861,
    3.830456584387));
#1619 = CARTESIAN_POINT('',(24.509936305732,1.428373010321,
    3.339661712384));
#1620 = CARTESIAN_POINT('',(23.707388535032,1.428373010321,
    3.339661712384));
#1621 = VECTOR('',#1622,1.);
#1622 = DIRECTION('',(-0.,0.939692620786,-0.342020143326));
#1623 = ADVANCED_FACE('',(#1624),#1649,.T.);
#1624 = FACE_BOUND('',#1625,.T.);
#1625 = EDGE_LOOP('',(#1626,#1627,#1635,#1643));
#1626 = ORIENTED_EDGE('',*,*,#1603,.T.);
#1627 = ORIENTED_EDGE('',*,*,#1628,.T.);
#1628 = EDGE_CURVE('',#1596,#1629,#1631,.T.);
#1629 = VERTEX_POINT('',#1630);
#1630 = CARTESIAN_POINT('',(22.446242038217,0.826672082306,
    4.025545519527));
#1631 = B_SPLINE_CURVE_WITH_KNOTS('',2,(#1632,#1633,#1634),
  .UNSPECIFIED.,.F.,.F.,(3,3),(0.,1.),.PIECEWISE_BEZIER_KNOTS.);
#1632 = CARTESIAN_POINT('',(23.707388535032,0.676618913693,
    3.613277827045));
#1633 = CARTESIAN_POINT('',(22.946878980892,0.676618913693,
    3.613277827045));
#1634 = CARTESIAN_POINT('',(22.446242038217,0.826672082306,
    4.025545519527));
#1635 = ORIENTED_EDGE('',*,*,#1636,.F.);
#1636 = EDGE_CURVE('',#1637,#1629,#1639,.T.);
#1637 = VERTEX_POINT('',#1638);
#1638 = CARTESIAN_POINT('',(22.446242038217,1.578426178935,
    3.751929404866));
#1639 = LINE('',#1640,#1641);
#1640 = CARTESIAN_POINT('',(22.446242038217,1.578426178935,
    3.751929404866));
#1641 = VECTOR('',#1642,1.);
#1642 = DIRECTION('',(0.,-0.939692620786,0.342020143326));
#1643 = ORIENTED_EDGE('',*,*,#1644,.F.);
#1644 = EDGE_CURVE('',#1604,#1637,#1645,.T.);
#1645 = B_SPLINE_CURVE_WITH_KNOTS('',2,(#1646,#1647,#1648),
  .UNSPECIFIED.,.F.,.F.,(3,3),(0.,1.),.PIECEWISE_BEZIER_KNOTS.);
#1646 = CARTESIAN_POINT('',(23.707388535032,1.428373010321,
    3.339661712384));
#1647 = CARTESIAN_POINT('',(22.946878980892,1.428373010321,
    3.339661712384));
#1648 = CARTESIAN_POINT('',(22.446242038217,1.578426178935,
    3.751929404866));
#1649 = SURFACE_OF_LINEAR_EXTRUSION('',#1650,#1654);
#1650 = B_SPLINE_CURVE_WITH_KNOTS('',2,(#1651,#1652,#1653),
  .UNSPECIFIED.,.F.,.F.,(3,3),(0.,1.),.PIECEWISE_BEZIER_KNOTS.);
#1651 = CARTESIAN_POINT('',(23.707388535032,1.428373010321,
    3.339661712384));
#1652 = CARTESIAN_POINT('',(22.946878980892,1.428373010321,
    3.339661712384));
#1653 = CARTESIAN_POINT('',(22.446242038217,1.578426178935,
    3.751929404866));
#1654 = VECTOR('',#1655,1.);
#1655 = DIRECTION('',(-0.,0.939692620786,-0.342020143326));
#1656 = ADVANCED_FACE('',(#1657),#1673,.T.);
#1657 = FACE_BOUND('',#1658,.T.);
#1658 = EDGE_LOOP('',(#1659,#1660,#1666,#1667));
#1659 = ORIENTED_EDGE('',*,*,#1636,.T.);
#1660 = ORIENTED_EDGE('',*,*,#1661,.T.);
#1661 = EDGE_CURVE('',#1629,#769,#1662,.T.);
#1662 = B_SPLINE_CURVE_WITH_KNOTS('',2,(#1663,#1664,#1665),
  .UNSPECIFIED.,.F.,.F.,(3,3),(0.,1.),.PIECEWISE_BEZIER_KNOTS.);
#1663 = CARTESIAN_POINT('',(22.446242038217,0.826672082306,
    4.025545519527));
#1664 = CARTESIAN_POINT('',(21.945605095541,0.976725250919,
    4.437813212009));
#1665 = CARTESIAN_POINT('',(21.865350318471,1.219232781843,5.10409717727
    ));
#1666 = ORIENTED_EDGE('',*,*,#766,.F.);
#1667 = ORIENTED_EDGE('',*,*,#1668,.F.);
#1668 = EDGE_CURVE('',#1637,#767,#1669,.T.);
#1669 = B_SPLINE_CURVE_WITH_KNOTS('',2,(#1670,#1671,#1672),
  .UNSPECIFIED.,.F.,.F.,(3,3),(0.,1.),.PIECEWISE_BEZIER_KNOTS.);
#1670 = CARTESIAN_POINT('',(22.446242038217,1.578426178935,
    3.751929404866));
#1671 = CARTESIAN_POINT('',(21.945605095541,1.728479347548,
    4.164197097349));
#1672 = CARTESIAN_POINT('',(21.865350318471,1.970986878472,
    4.830481062609));
#1673 = SURFACE_OF_LINEAR_EXTRUSION('',#1674,#1678);
#1674 = B_SPLINE_CURVE_WITH_KNOTS('',2,(#1675,#1676,#1677),
  .UNSPECIFIED.,.F.,.F.,(3,3),(0.,1.),.PIECEWISE_BEZIER_KNOTS.);
#1675 = CARTESIAN_POINT('',(22.446242038217,1.578426178935,
    3.751929404866));
#1676 = CARTESIAN_POINT('',(21.945605095541,1.728479347548,
    4.164197097349));
#1677 = CARTESIAN_POINT('',(21.865350318471,1.970986878472,
    4.830481062609));
#1678 = VECTOR('',#1679,1.);
#1679 = DIRECTION('',(-0.,0.939692620786,-0.342020143326));
#1680 = ADVANCED_FACE('',(#1681),#1711,.F.);
#1681 = FACE_BOUND('',#1682,.T.);
#1682 = EDGE_LOOP('',(#1683,#1684,#1685,#1686,#1687,#1688,#1689,#1690,
    #1691,#1692,#1693,#1694,#1695,#1696,#1697,#1698,#1699,#1700,#1701,
    #1702,#1703,#1704,#1705,#1706,#1707,#1708,#1709,#1710));
#1683 = ORIENTED_EDGE('',*,*,#792,.T.);
#1684 = ORIENTED_EDGE('',*,*,#823,.T.);
#1685 = ORIENTED_EDGE('',*,*,#856,.T.);
#1686 = ORIENTED_EDGE('',*,*,#889,.T.);
#1687 = ORIENTED_EDGE('',*,*,#922,.T.);
#1688 = ORIENTED_EDGE('',*,*,#955,.T.);
#1689 = ORIENTED_EDGE('',*,*,#988,.T.);
#1690 = ORIENTED_EDGE('',*,*,#1021,.T.);
#1691 = ORIENTED_EDGE('',*,*,#1054,.T.);
#1692 = ORIENTED_EDGE('',*,*,#1085,.T.);
#1693 = ORIENTED_EDGE('',*,*,#1118,.T.);
#1694 = ORIENTED_EDGE('',*,*,#1151,.T.);
#1695 = ORIENTED_EDGE('',*,*,#1184,.T.);
#1696 = ORIENTED_EDGE('',*,*,#1217,.T.);
#1697 = ORIENTED_EDGE('',*,*,#1250,.T.);
#1698 = ORIENTED_EDGE('',*,*,#1283,.T.);
#1699 = ORIENTED_EDGE('',*,*,#1314,.T.);
#1700 = ORIENTED_EDGE('',*,*,#1347,.T.);
#1701 = ORIENTED_EDGE('',*,*,#1380,.T.);
#1702 = ORIENTED_EDGE('',*,*,#1413,.T.);
#1703 = ORIENTED_EDGE('',*,*,#1446,.T.);
#1704 = ORIENTED_EDGE('',*,*,#1479,.T.);
#1705 = ORIENTED_EDGE('',*,*,#1512,.T.);
#1706 = ORIENTED_EDGE('',*,*,#1545,.T.);
#1707 = ORIENTED_EDGE('',*,*,#1578,.T.);
#1708 = ORIENTED_EDGE('',*,*,#1611,.T.);
#1709 = ORIENTED_EDGE('',*,*,#1644,.T.);
#1710 = ORIENTED_EDGE('',*,*,#1668,.T.);
#1711 = PLANE('',#1712);
#1712 = AXIS2_PLACEMENT_3D('',#1713,#1714,#1715);
#1713 = CARTESIAN_POINT('',(23.806598217597,2.405427703523,
    6.024097419528));
#1714 = DIRECTION('',(0.,-0.939692620786,0.342020143326));
#1715 = DIRECTION('',(1.,0.,0.));
#1716 = ADVANCED_FACE('',(#1717),#1747,.T.);
#1717 = FACE_BOUND('',#1718,.F.);
#1718 = EDGE_LOOP('',(#1719,#1720,#1721,#1722,#1723,#1724,#1725,#1726,
    #1727,#1728,#1729,#1730,#1731,#1732,#1733,#1734,#1735,#1736,#1737,
    #1738,#1739,#1740,#1741,#1742,#1743,#1744,#1745,#1746));
#1719 = ORIENTED_EDGE('',*,*,#776,.T.);
#1720 = ORIENTED_EDGE('',*,*,#807,.T.);
#1721 = ORIENTED_EDGE('',*,*,#840,.T.);
#1722 = ORIENTED_EDGE('',*,*,#873,.T.);
#1723 = ORIENTED_EDGE('',*,*,#906,.T.);
#1724 = ORIENTED_EDGE('',*,*,#939,.T.);
#1725 = ORIENTED_EDGE('',*,*,#972,.T.);
#1726 = ORIENTED_EDGE('',*,*,#1005,.T.);
#1727 = ORIENTED_EDGE('',*,*,#1038,.T.);
#1728 = ORIENTED_EDGE('',*,*,#1069,.T.);
#1729 = ORIENTED_EDGE('',*,*,#1102,.T.);
#1730 = ORIENTED_EDGE('',*,*,#1135,.T.);
#1731 = ORIENTED_EDGE('',*,*,#1168,.T.);
#1732 = ORIENTED_EDGE('',*,*,#1201,.T.);
#1733 = ORIENTED_EDGE('',*,*,#1234,.T.);
#1734 = ORIENTED_EDGE('',*,*,#1267,.T.);
#1735 = ORIENTED_EDGE('',*,*,#1298,.T.);
#1736 = ORIENTED_EDGE('',*,*,#1331,.T.);
#1737 = ORIENTED_EDGE('',*,*,#1364,.T.);
#1738 = ORIENTED_EDGE('',*,*,#1397,.T.);
#1739 = ORIENTED_EDGE('',*,*,#1430,.T.);
#1740 = ORIENTED_EDGE('',*,*,#1463,.T.);
#1741 = ORIENTED_EDGE('',*,*,#1496,.T.);
#1742 = ORIENTED_EDGE('',*,*,#1529,.T.);
#1743 = ORIENTED_EDGE('',*,*,#1562,.T.);
#1744 = ORIENTED_EDGE('',*,*,#1595,.T.);
#1745 = ORIENTED_EDGE('',*,*,#1628,.T.);
#1746 = ORIENTED_EDGE('',*,*,#1661,.T.);
#1747 = PLANE('',#1748);
#1748 = AXIS2_PLACEMENT_3D('',#1749,#1750,#1751);
#1749 = CARTESIAN_POINT('',(23.806598217597,1.653673606895,
    6.297713534189));
#1750 = DIRECTION('',(0.,-0.939692620786,0.342020143326));
#1751 = DIRECTION('',(1.,0.,0.));
#1752 = ( GEOMETRIC_REPRESENTATION_CONTEXT(3) 
GLOBAL_UNCERTAINTY_ASSIGNED_CONTEXT((#1756)) 
GLOBAL_UNIT_ASSIGNED_CONTEXT((#1753,#1754,#1755)) REPRESENTATION_CONTEXT
('Context #1','3D Context with UNIT and UNCERTAINTY') );
#1753 = ( LENGTH_UNIT() NAMED_UNIT(*) SI_UNIT(.MILLI.,.METRE.) );
#1754 = ( NAMED_UNIT(*) PLANE_ANGLE_UNIT() SI_UNIT($,.RADIAN.) );
#1755 = ( NAMED_UNIT(*) SI_UNIT($,.STERADIAN.) SOLID_ANGLE_UNIT() );
#1756 = UNCERTAINTY_MEASURE_WITH_UNIT(LENGTH_MEASURE(1.E-07),#1753,
  'distance_accuracy_value','confusion accuracy');
#1757 = PRODUCT_RELATED_PRODUCT_CATEGORY('part',$,(#7));
ENDSEC;
END-ISO-10303-21;
