ISO-10303-21;
HEADER;
FILE_DESCRIPTION(('FreeCAD Model'),'2;1');
FILE_NAME('Open CASCADE Shape Model','2026-08-29T15:58:17',('FreeCAD'),(
    'FreeCAD'),'Open CASCADE STEP processor 7.8','FreeCAD','Unknown');
FILE_SCHEMA(('AUTOMOTIVE_DESIGN { 1 0 10303 214 1 1 1 1 }'));
ENDSEC;
DATA;
#1 = APPLICATION_PROTOCOL_DEFINITION('international standard',
  'automotive_design',2000,#2);
#2 = APPLICATION_CONTEXT(
  'core data for automotive mechanical design processes');
#3 = SHAPE_DEFINITION_REPRESENTATION(#4,#10);
#4 = PRODUCT_DEFINITION_SHAPE('','',#5);
#5 = PRODUCT_DEFINITION('design','',#6,#9);
#6 = PRODUCT_DEFINITION_FORMATION('','',#7);
#7 = PRODUCT('Open CASCADE STEP translator 7.8 21',
  'Open CASCADE STEP translator 7.8 21','',(#8));
#8 = PRODUCT_CONTEXT('',#2,'mechanical');
#9 = PRODUCT_DEFINITION_CONTEXT('part definition',#2,'design');
#10 = ADVANCED_BREP_SHAPE_REPRESENTATION('',(#11,#15),#2083);
#11 = AXIS2_PLACEMENT_3D('',#12,#13,#14);
#12 = CARTESIAN_POINT('',(0.,0.,0.));
#13 = DIRECTION('',(0.,0.,1.));
#14 = DIRECTION('',(1.,0.,-0.));
#15 = MANIFOLD_SOLID_BREP('',#16);
#16 = CLOSED_SHELL('',(#17,#57,#222,#246,#334,#697,#714,#731,#748,#765,
    #782,#799,#816,#848,#872,#896,#921,#946,#970,#994,#1012,#1029,#1060,
    #1086,#1112,#1138,#1164,#1190,#1216,#1242,#1268,#1294,#1320,#1346,
    #1372,#1398,#1424,#1443,#1474,#1498,#1522,#1548,#1574,#1598,#1624,
    #1641,#1672,#1696,#1720,#1752,#1776,#1800,#1825,#1850,#1874,#1898,
    #1916,#1933,#2023,#2039,#2051,#2067));
#17 = ADVANCED_FACE('',(#18),#52,.F.);
#18 = FACE_BOUND('',#19,.F.);
#19 = EDGE_LOOP('',(#20,#30,#38,#46));
#20 = ORIENTED_EDGE('',*,*,#21,.F.);
#21 = EDGE_CURVE('',#22,#24,#26,.T.);
#22 = VERTEX_POINT('',#23);
#23 = CARTESIAN_POINT('',(0.,3.639702342662,10.));
#24 = VERTEX_POINT('',#25);
#25 = CARTESIAN_POINT('',(0.,7.45,10.));
#26 = LINE('',#27,#28);
#27 = CARTESIAN_POINT('',(0.,0.,10.));
#28 = VECTOR('',#29,1.);
#29 = DIRECTION('',(0.,1.,0.));
#30 = ORIENTED_EDGE('',*,*,#31,.T.);
#31 = EDGE_CURVE('',#22,#32,#34,.T.);
#32 = VERTEX_POINT('',#33);
#33 = CARTESIAN_POINT('',(0.,0.,0.));
#34 = LINE('',#35,#36);
#35 = CARTESIAN_POINT('',(0.,0.,0.));
#36 = VECTOR('',#37,1.);
#37 = DIRECTION('',(0.,-0.342020143326,-0.939692620786));
#38 = ORIENTED_EDGE('',*,*,#39,.T.);
#39 = EDGE_CURVE('',#32,#40,#42,.T.);
#40 = VERTEX_POINT('',#41);
#41 = CARTESIAN_POINT('',(0.,7.45,0.));
#42 = LINE('',#43,#44);
#43 = CARTESIAN_POINT('',(0.,0.,0.));
#44 = VECTOR('',#45,1.);
#45 = DIRECTION('',(0.,1.,0.));
#46 = ORIENTED_EDGE('',*,*,#47,.T.);
#47 = EDGE_CURVE('',#40,#24,#48,.T.);
#48 = LINE('',#49,#50);
#49 = CARTESIAN_POINT('',(0.,7.45,-1.));
#50 = VECTOR('',#51,1.);
#51 = DIRECTION('',(0.,0.,1.));
#52 = PLANE('',#53);
#53 = AXIS2_PLACEMENT_3D('',#54,#55,#56);
#54 = CARTESIAN_POINT('',(0.,0.,0.));
#55 = DIRECTION('',(1.,0.,0.));
#56 = DIRECTION('',(0.,0.,1.));
#57 = ADVANCED_FACE('',(#58,#147),#217,.T.);
#58 = FACE_BOUND('',#59,.T.);
#59 = EDGE_LOOP('',(#60,#61,#69,#77,#85,#93,#101,#109,#117,#125,#133,
    #141));
#60 = ORIENTED_EDGE('',*,*,#21,.F.);
#61 = ORIENTED_EDGE('',*,*,#62,.T.);
#62 = EDGE_CURVE('',#22,#63,#65,.T.);
#63 = VERTEX_POINT('',#64);
#64 = CARTESIAN_POINT('',(26.,3.639702342662,10.));
#65 = LINE('',#66,#67);
#66 = CARTESIAN_POINT('',(-1.,3.639702342662,10.));
#67 = VECTOR('',#68,1.);
#68 = DIRECTION('',(1.,0.,0.));
#69 = ORIENTED_EDGE('',*,*,#70,.T.);
#70 = EDGE_CURVE('',#63,#71,#73,.T.);
#71 = VERTEX_POINT('',#72);
#72 = CARTESIAN_POINT('',(26.,7.575609756098,10.));
#73 = LINE('',#74,#75);
#74 = CARTESIAN_POINT('',(26.,0.,10.));
#75 = VECTOR('',#76,1.);
#76 = DIRECTION('',(0.,1.,0.));
#77 = ORIENTED_EDGE('',*,*,#78,.F.);
#78 = EDGE_CURVE('',#79,#71,#81,.T.);
#79 = VERTEX_POINT('',#80);
#80 = CARTESIAN_POINT('',(25.9,7.6,10.));
#81 = LINE('',#82,#83);
#82 = CARTESIAN_POINT('',(25.9,7.6,10.));
#83 = VECTOR('',#84,1.);
#84 = DIRECTION('',(0.971520338783,-0.236956180191,0.));
#85 = ORIENTED_EDGE('',*,*,#86,.F.);
#86 = EDGE_CURVE('',#87,#79,#89,.T.);
#87 = VERTEX_POINT('',#88);
#88 = CARTESIAN_POINT('',(25.9,11.6,10.));
#89 = LINE('',#90,#91);
#90 = CARTESIAN_POINT('',(25.9,11.6,10.));
#91 = VECTOR('',#92,1.);
#92 = DIRECTION('',(0.,-1.,0.));
#93 = ORIENTED_EDGE('',*,*,#94,.F.);
#94 = EDGE_CURVE('',#95,#87,#97,.T.);
#95 = VERTEX_POINT('',#96);
#96 = CARTESIAN_POINT('',(26.,11.624390243902,10.));
#97 = LINE('',#98,#99);
#98 = CARTESIAN_POINT('',(30.,12.6,10.));
#99 = VECTOR('',#100,1.);
#100 = DIRECTION('',(-0.971520338783,-0.236956180191,0.));
#101 = ORIENTED_EDGE('',*,*,#102,.T.);
#102 = EDGE_CURVE('',#95,#103,#105,.T.);
#103 = VERTEX_POINT('',#104);
#104 = CARTESIAN_POINT('',(26.,32.,10.));
#105 = LINE('',#106,#107);
#106 = CARTESIAN_POINT('',(26.,0.,10.));
#107 = VECTOR('',#108,1.);
#108 = DIRECTION('',(0.,1.,0.));
#109 = ORIENTED_EDGE('',*,*,#110,.F.);
#110 = EDGE_CURVE('',#111,#103,#113,.T.);
#111 = VERTEX_POINT('',#112);
#112 = CARTESIAN_POINT('',(0.,32.,10.));
#113 = LINE('',#114,#115);
#114 = CARTESIAN_POINT('',(0.,32.,10.));
#115 = VECTOR('',#116,1.);
#116 = DIRECTION('',(1.,0.,0.));
#117 = ORIENTED_EDGE('',*,*,#118,.F.);
#118 = EDGE_CURVE('',#119,#111,#121,.T.);
#119 = VERTEX_POINT('',#120);
#120 = CARTESIAN_POINT('',(0.,11.75,10.));
#121 = LINE('',#122,#123);
#122 = CARTESIAN_POINT('',(0.,0.,10.));
#123 = VECTOR('',#124,1.);
#124 = DIRECTION('',(0.,1.,0.));
#125 = ORIENTED_EDGE('',*,*,#126,.T.);
#126 = EDGE_CURVE('',#119,#127,#129,.T.);
#127 = VERTEX_POINT('',#128);
#128 = CARTESIAN_POINT('',(4.,12.75,10.));
#129 = LINE('',#130,#131);
#130 = CARTESIAN_POINT('',(0.617647058824,11.904411764706,10.));
#131 = VECTOR('',#132,1.);
#132 = DIRECTION('',(0.970142500145,0.242535625036,0.));
#133 = ORIENTED_EDGE('',*,*,#134,.T.);
#134 = EDGE_CURVE('',#127,#135,#137,.T.);
#135 = VERTEX_POINT('',#136);
#136 = CARTESIAN_POINT('',(4.,6.45,10.));
#137 = LINE('',#138,#139);
#138 = CARTESIAN_POINT('',(4.,3.225,10.));
#139 = VECTOR('',#140,1.);
#140 = DIRECTION('',(0.,-1.,0.));
#141 = ORIENTED_EDGE('',*,*,#142,.T.);
#142 = EDGE_CURVE('',#135,#24,#143,.T.);
#143 = LINE('',#144,#145);
#144 = CARTESIAN_POINT('',(0.876470588235,7.230882352941,10.));
#145 = VECTOR('',#146,1.);
#146 = DIRECTION('',(-0.970142500145,0.242535625036,0.));
#147 = FACE_BOUND('',#148,.T.);
#148 = EDGE_LOOP('',(#149,#160,#168,#177,#185,#194,#202,#211));
#149 = ORIENTED_EDGE('',*,*,#150,.F.);
#150 = EDGE_CURVE('',#151,#153,#155,.T.);
#151 = VERTEX_POINT('',#152);
#152 = CARTESIAN_POINT('',(8.1,25.34,10.));
#153 = VERTEX_POINT('',#154);
#154 = CARTESIAN_POINT('',(7.5,24.74,10.));
#155 = CIRCLE('',#156,0.6);
#156 = AXIS2_PLACEMENT_3D('',#157,#158,#159);
#157 = CARTESIAN_POINT('',(8.1,24.74,10.));
#158 = DIRECTION('',(0.,-0.,1.));
#159 = DIRECTION('',(0.,1.,0.));
#160 = ORIENTED_EDGE('',*,*,#161,.T.);
#161 = EDGE_CURVE('',#151,#162,#164,.T.);
#162 = VERTEX_POINT('',#163);
#163 = CARTESIAN_POINT('',(17.9,25.34,10.));
#164 = LINE('',#165,#166);
#165 = CARTESIAN_POINT('',(9.25,25.34,10.));
#166 = VECTOR('',#167,1.);
#167 = DIRECTION('',(1.,0.,0.));
#168 = ORIENTED_EDGE('',*,*,#169,.F.);
#169 = EDGE_CURVE('',#170,#162,#172,.T.);
#170 = VERTEX_POINT('',#171);
#171 = CARTESIAN_POINT('',(18.5,24.74,10.));
#172 = CIRCLE('',#173,0.6);
#173 = AXIS2_PLACEMENT_3D('',#174,#175,#176);
#174 = CARTESIAN_POINT('',(17.9,24.74,10.));
#175 = DIRECTION('',(0.,-0.,1.));
#176 = DIRECTION('',(0.,1.,0.));
#177 = ORIENTED_EDGE('',*,*,#178,.T.);
#178 = EDGE_CURVE('',#170,#179,#181,.T.);
#179 = VERTEX_POINT('',#180);
#180 = CARTESIAN_POINT('',(18.5,14.94,10.));
#181 = LINE('',#182,#183);
#182 = CARTESIAN_POINT('',(18.5,7.17,10.));
#183 = VECTOR('',#184,1.);
#184 = DIRECTION('',(0.,-1.,0.));
#185 = ORIENTED_EDGE('',*,*,#186,.F.);
#186 = EDGE_CURVE('',#187,#179,#189,.T.);
#187 = VERTEX_POINT('',#188);
#188 = CARTESIAN_POINT('',(17.9,14.34,10.));
#189 = CIRCLE('',#190,0.6);
#190 = AXIS2_PLACEMENT_3D('',#191,#192,#193);
#191 = CARTESIAN_POINT('',(17.9,14.94,10.));
#192 = DIRECTION('',(-0.,0.,1.));
#193 = DIRECTION('',(0.,-1.,0.));
#194 = ORIENTED_EDGE('',*,*,#195,.T.);
#195 = EDGE_CURVE('',#187,#196,#198,.T.);
#196 = VERTEX_POINT('',#197);
#197 = CARTESIAN_POINT('',(8.1,14.34,10.));
#198 = LINE('',#199,#200);
#199 = CARTESIAN_POINT('',(3.75,14.34,10.));
#200 = VECTOR('',#201,1.);
#201 = DIRECTION('',(-1.,0.,0.));
#202 = ORIENTED_EDGE('',*,*,#203,.F.);
#203 = EDGE_CURVE('',#204,#196,#206,.T.);
#204 = VERTEX_POINT('',#205);
#205 = CARTESIAN_POINT('',(7.5,14.94,10.));
#206 = CIRCLE('',#207,0.6);
#207 = AXIS2_PLACEMENT_3D('',#208,#209,#210);
#208 = CARTESIAN_POINT('',(8.1,14.94,10.));
#209 = DIRECTION('',(0.,0.,1.));
#210 = DIRECTION('',(-1.,0.,0.));
#211 = ORIENTED_EDGE('',*,*,#212,.T.);
#212 = EDGE_CURVE('',#204,#153,#213,.T.);
#213 = LINE('',#214,#215);
#214 = CARTESIAN_POINT('',(7.5,12.67,10.));
#215 = VECTOR('',#216,1.);
#216 = DIRECTION('',(0.,1.,0.));
#217 = PLANE('',#218);
#218 = AXIS2_PLACEMENT_3D('',#219,#220,#221);
#219 = CARTESIAN_POINT('',(0.,0.,10.));
#220 = DIRECTION('',(0.,0.,1.));
#221 = DIRECTION('',(1.,0.,0.));
#222 = ADVANCED_FACE('',(#223),#241,.T.);
#223 = FACE_BOUND('',#224,.T.);
#224 = EDGE_LOOP('',(#225,#233,#234,#235));
#225 = ORIENTED_EDGE('',*,*,#226,.T.);
#226 = EDGE_CURVE('',#227,#40,#229,.T.);
#227 = VERTEX_POINT('',#228);
#228 = CARTESIAN_POINT('',(4.,6.45,0.));
#229 = LINE('',#230,#231);
#230 = CARTESIAN_POINT('',(0.876470588235,7.230882352941,0.));
#231 = VECTOR('',#232,1.);
#232 = DIRECTION('',(-0.970142500145,0.242535625036,0.));
#233 = ORIENTED_EDGE('',*,*,#47,.T.);
#234 = ORIENTED_EDGE('',*,*,#142,.F.);
#235 = ORIENTED_EDGE('',*,*,#236,.F.);
#236 = EDGE_CURVE('',#227,#135,#237,.T.);
#237 = LINE('',#238,#239);
#238 = CARTESIAN_POINT('',(4.,6.45,-1.));
#239 = VECTOR('',#240,1.);
#240 = DIRECTION('',(0.,0.,1.));
#241 = PLANE('',#242);
#242 = AXIS2_PLACEMENT_3D('',#243,#244,#245);
#243 = CARTESIAN_POINT('',(0.,7.45,-1.));
#244 = DIRECTION('',(0.242535625036,0.970142500145,0.));
#245 = DIRECTION('',(0.970142500145,-0.242535625036,0.));
#246 = ADVANCED_FACE('',(#247),#329,.F.);
#247 = FACE_BOUND('',#248,.F.);
#248 = EDGE_LOOP('',(#249,#250,#258,#266,#274,#282,#290,#298,#306,#314,
    #322,#328));
#249 = ORIENTED_EDGE('',*,*,#39,.F.);
#250 = ORIENTED_EDGE('',*,*,#251,.T.);
#251 = EDGE_CURVE('',#32,#252,#254,.T.);
#252 = VERTEX_POINT('',#253);
#253 = CARTESIAN_POINT('',(26.,0.,0.));
#254 = LINE('',#255,#256);
#255 = CARTESIAN_POINT('',(0.,0.,0.));
#256 = VECTOR('',#257,1.);
#257 = DIRECTION('',(1.,0.,0.));
#258 = ORIENTED_EDGE('',*,*,#259,.T.);
#259 = EDGE_CURVE('',#252,#260,#262,.T.);
#260 = VERTEX_POINT('',#261);
#261 = CARTESIAN_POINT('',(26.,7.575609756098,0.));
#262 = LINE('',#263,#264);
#263 = CARTESIAN_POINT('',(26.,0.,0.));
#264 = VECTOR('',#265,1.);
#265 = DIRECTION('',(0.,1.,0.));
#266 = ORIENTED_EDGE('',*,*,#267,.F.);
#267 = EDGE_CURVE('',#268,#260,#270,.T.);
#268 = VERTEX_POINT('',#269);
#269 = CARTESIAN_POINT('',(25.9,7.6,0.));
#270 = LINE('',#271,#272);
#271 = CARTESIAN_POINT('',(25.9,7.6,0.));
#272 = VECTOR('',#273,1.);
#273 = DIRECTION('',(0.971520338783,-0.236956180191,0.));
#274 = ORIENTED_EDGE('',*,*,#275,.F.);
#275 = EDGE_CURVE('',#276,#268,#278,.T.);
#276 = VERTEX_POINT('',#277);
#277 = CARTESIAN_POINT('',(25.9,11.6,0.));
#278 = LINE('',#279,#280);
#279 = CARTESIAN_POINT('',(25.9,11.6,0.));
#280 = VECTOR('',#281,1.);
#281 = DIRECTION('',(0.,-1.,0.));
#282 = ORIENTED_EDGE('',*,*,#283,.F.);
#283 = EDGE_CURVE('',#284,#276,#286,.T.);
#284 = VERTEX_POINT('',#285);
#285 = CARTESIAN_POINT('',(26.,11.624390243902,0.));
#286 = LINE('',#287,#288);
#287 = CARTESIAN_POINT('',(30.,12.6,0.));
#288 = VECTOR('',#289,1.);
#289 = DIRECTION('',(-0.971520338783,-0.236956180191,0.));
#290 = ORIENTED_EDGE('',*,*,#291,.T.);
#291 = EDGE_CURVE('',#284,#292,#294,.T.);
#292 = VERTEX_POINT('',#293);
#293 = CARTESIAN_POINT('',(26.,32.,0.));
#294 = LINE('',#295,#296);
#295 = CARTESIAN_POINT('',(26.,0.,0.));
#296 = VECTOR('',#297,1.);
#297 = DIRECTION('',(0.,1.,0.));
#298 = ORIENTED_EDGE('',*,*,#299,.F.);
#299 = EDGE_CURVE('',#300,#292,#302,.T.);
#300 = VERTEX_POINT('',#301);
#301 = CARTESIAN_POINT('',(0.,32.,0.));
#302 = LINE('',#303,#304);
#303 = CARTESIAN_POINT('',(0.,32.,0.));
#304 = VECTOR('',#305,1.);
#305 = DIRECTION('',(1.,0.,0.));
#306 = ORIENTED_EDGE('',*,*,#307,.F.);
#307 = EDGE_CURVE('',#308,#300,#310,.T.);
#308 = VERTEX_POINT('',#309);
#309 = CARTESIAN_POINT('',(0.,11.75,0.));
#310 = LINE('',#311,#312);
#311 = CARTESIAN_POINT('',(0.,0.,0.));
#312 = VECTOR('',#313,1.);
#313 = DIRECTION('',(0.,1.,0.));
#314 = ORIENTED_EDGE('',*,*,#315,.T.);
#315 = EDGE_CURVE('',#308,#316,#318,.T.);
#316 = VERTEX_POINT('',#317);
#317 = CARTESIAN_POINT('',(4.,12.75,0.));
#318 = LINE('',#319,#320);
#319 = CARTESIAN_POINT('',(0.617647058824,11.904411764706,0.));
#320 = VECTOR('',#321,1.);
#321 = DIRECTION('',(0.970142500145,0.242535625036,0.));
#322 = ORIENTED_EDGE('',*,*,#323,.T.);
#323 = EDGE_CURVE('',#316,#227,#324,.T.);
#324 = LINE('',#325,#326);
#325 = CARTESIAN_POINT('',(4.,3.225,0.));
#326 = VECTOR('',#327,1.);
#327 = DIRECTION('',(0.,-1.,0.));
#328 = ORIENTED_EDGE('',*,*,#226,.T.);
#329 = PLANE('',#330);
#330 = AXIS2_PLACEMENT_3D('',#331,#332,#333);
#331 = CARTESIAN_POINT('',(0.,0.,0.));
#332 = DIRECTION('',(0.,0.,1.));
#333 = DIRECTION('',(1.,0.,0.));
#334 = ADVANCED_FACE('',(#335,#346,#604),#692,.T.);
#335 = FACE_BOUND('',#336,.T.);
#336 = EDGE_LOOP('',(#337,#338,#339,#345));
#337 = ORIENTED_EDGE('',*,*,#31,.T.);
#338 = ORIENTED_EDGE('',*,*,#251,.T.);
#339 = ORIENTED_EDGE('',*,*,#340,.F.);
#340 = EDGE_CURVE('',#63,#252,#341,.T.);
#341 = LINE('',#342,#343);
#342 = CARTESIAN_POINT('',(26.,0.,0.));
#343 = VECTOR('',#344,1.);
#344 = DIRECTION('',(0.,-0.342020143326,-0.939692620786));
#345 = ORIENTED_EDGE('',*,*,#62,.F.);
#346 = FACE_BOUND('',#347,.T.);
#347 = EDGE_LOOP('',(#348,#358,#369,#384,#399,#421,#436,#451,#468,#485,
    #502,#521,#538,#555,#574,#591));
#348 = ORIENTED_EDGE('',*,*,#349,.F.);
#349 = EDGE_CURVE('',#350,#352,#354,.T.);
#350 = VERTEX_POINT('',#351);
#351 = CARTESIAN_POINT('',(13.844840764331,1.779340496816,4.888697836524
    ));
#352 = VERTEX_POINT('',#353);
#353 = CARTESIAN_POINT('',(13.151847133758,1.753315014997,4.817193412896
    ));
#354 = LINE('',#355,#356);
#355 = CARTESIAN_POINT('',(5.882127186756,1.480299570174,4.067089643082)
  );
#356 = VECTOR('',#357,1.);
#357 = DIRECTION('',(-0.994025520727,-3.733078050948E-02,-0.1025654765)
  );
#358 = ORIENTED_EDGE('',*,*,#359,.F.);
#359 = EDGE_CURVE('',#360,#350,#362,.T.);
#360 = VERTEX_POINT('',#361);
#361 = CARTESIAN_POINT('',(13.977324840764,1.672740588026,4.595816994207
    ));
#362 = B_SPLINE_CURVE_WITH_KNOTS('',5,(#363,#364,#365,#366,#367,#368),
  .UNSPECIFIED.,.F.,.F.,(6,6),(0.,1.),.PIECEWISE_BEZIER_KNOTS.);
#363 = CARTESIAN_POINT('',(13.977324840764,1.672740588026,4.595816994207
    ));
#364 = CARTESIAN_POINT('',(13.93386339092,1.686826652644,4.634518138673)
  );
#365 = CARTESIAN_POINT('',(13.898896839574,1.704723208911,4.683688522904
    ));
#366 = CARTESIAN_POINT('',(13.872626540904,1.726310647545,4.742999523094
    ));
#367 = CARTESIAN_POINT('',(13.854774320306,1.751299992931,4.811657185268
    ));
#368 = CARTESIAN_POINT('',(13.844840764331,1.779340496816,4.888697836524
    ));
#369 = ORIENTED_EDGE('',*,*,#370,.F.);
#370 = EDGE_CURVE('',#371,#360,#373,.T.);
#371 = VERTEX_POINT('',#372);
#372 = CARTESIAN_POINT('',(14.260127388535,1.638059309798,4.500530965399
    ));
#373 = B_SPLINE_CURVE_WITH_KNOTS('',5,(#374,#375,#376,#377,#378,#379,
    #380,#381,#382,#383),.UNSPECIFIED.,.F.,.F.,(6,4,6),(0.,0.80487972317
    ,1.),.UNSPECIFIED.);
#374 = CARTESIAN_POINT('',(14.260127388535,1.638059309798,4.500530965399
    ));
#375 = CARTESIAN_POINT('',(14.204249456477,1.638059309798,4.500530965399
    ));
#376 = CARTESIAN_POINT('',(14.152234611686,1.640249267679,4.506547825225
    ));
#377 = CARTESIAN_POINT('',(14.104375096217,1.6447045705,4.518788669123)
  );
#378 = CARTESIAN_POINT('',(14.060894085823,1.651457017389,4.537340864477
    ));
#379 = CARTESIAN_POINT('',(14.012464341823,1.662664686431,4.568133682095
    ));
#380 = CARTESIAN_POINT('',(14.003279124804,1.664984862966,4.574508314732
    ));
#381 = CARTESIAN_POINT('',(13.994359999822,1.667437984962,4.581248212024
    ));
#382 = CARTESIAN_POINT('',(13.985708266636,1.67002347944,4.58835179972)
  );
#383 = CARTESIAN_POINT('',(13.977324840764,1.672740588026,4.595816994207
    ));
#384 = ORIENTED_EDGE('',*,*,#385,.F.);
#385 = EDGE_CURVE('',#386,#371,#388,.T.);
#386 = VERTEX_POINT('',#387);
#387 = CARTESIAN_POINT('',(14.637197452229,1.708002792187,4.6926991039)
  );
#388 = B_SPLINE_CURVE_WITH_KNOTS('',5,(#389,#390,#391,#392,#393,#394,
    #395,#396,#397,#398),.UNSPECIFIED.,.F.,.F.,(6,4,6),(0.,
    0.684018105596,1.),.UNSPECIFIED.);
#389 = CARTESIAN_POINT('',(14.637197452229,1.708002792187,4.6926991039)
  );
#390 = CARTESIAN_POINT('',(14.595777872588,1.689362068689,4.641484137006
    ));
#391 = CARTESIAN_POINT('',(14.550721151364,1.673512912052,4.597938937028
    ));
#392 = CARTESIAN_POINT('',(14.502012463396,1.660746216027,4.562862727979
    ));
#393 = CARTESIAN_POINT('',(14.449780971453,1.651272832174,4.536834819756
    ));
#394 = CARTESIAN_POINT('',(14.368819672432,1.642295646319,4.512170204329
    ));
#395 = CARTESIAN_POINT('',(14.342563618826,1.640170059087,4.506330201406
    ));
#396 = CARTESIAN_POINT('',(14.315668674743,1.638759187298,4.502453863025
    ));
#397 = CARTESIAN_POINT('',(14.288174866559,1.638059309798,4.500530965399
    ));
#398 = CARTESIAN_POINT('',(14.260127388535,1.638059309798,4.500530965399
    ));
#399 = ORIENTED_EDGE('',*,*,#400,.F.);
#400 = EDGE_CURVE('',#401,#386,#403,.T.);
#401 = VERTEX_POINT('',#402);
#402 = CARTESIAN_POINT('',(14.835923566879,1.998059110765,5.489622289562
    ));
#403 = B_SPLINE_CURVE_WITH_KNOTS('',6,(#404,#405,#406,#407,#408,#409,
    #410,#411,#412,#413,#414,#415,#416,#417,#418,#419,#420),
  .UNSPECIFIED.,.F.,.F.,(7,5,5,7),(0.,0.576649814445,0.950275945132,1.),
  .UNSPECIFIED.);
#404 = CARTESIAN_POINT('',(14.835923566879,1.998059110765,5.489622289562
    ));
#405 = CARTESIAN_POINT('',(14.829069828196,1.9632374872,5.39395066511));
#406 = CARTESIAN_POINT('',(14.820264117474,1.929310193918,5.300736192913
    ));
#407 = CARTESIAN_POINT('',(14.809224033621,1.896424453541,5.210383363805
    ));
#408 = CARTESIAN_POINT('',(14.795593718312,1.864842239441,5.123611943709
    ));
#409 = CARTESIAN_POINT('',(14.778940827232,1.834941695692,5.04146087493)
  );
#410 = CARTESIAN_POINT('',(14.745632668237,1.789278544879,4.916002399169
    ));
#411 = CARTESIAN_POINT('',(14.731047872417,1.772252047915,4.869222483229
    ));
#412 = CARTESIAN_POINT('',(14.714833830778,1.756295139557,4.825381237831
    ));
#413 = CARTESIAN_POINT('',(14.696850961582,1.741590723656,4.784981187176
    ));
#414 = CARTESIAN_POINT('',(14.676973844801,1.728352666515,4.748609924103
    ));
#415 = CARTESIAN_POINT('',(14.652241129524,1.71524587123,4.712599300016)
  );
#416 = CARTESIAN_POINT('',(14.649301709486,1.713736060065,4.708451127933
    ));
#417 = CARTESIAN_POINT('',(14.646327704792,1.712256367775,4.70438570678)
  );
#418 = CARTESIAN_POINT('',(14.643319028717,1.710807276281,4.70040436062)
  );
#419 = CARTESIAN_POINT('',(14.640275621876,1.709389261268,4.696508396391
    ));
#420 = CARTESIAN_POINT('',(14.637197452229,1.708002792187,4.6926991039)
  );
#421 = ORIENTED_EDGE('',*,*,#422,.F.);
#422 = EDGE_CURVE('',#423,#401,#425,.T.);
#423 = VERTEX_POINT('',#424);
#424 = CARTESIAN_POINT('',(14.16076433121,1.890878276041,5.19514536636)
  );
#425 = B_SPLINE_CURVE_WITH_KNOTS('',5,(#426,#427,#428,#429,#430,#431,
    #432,#433,#434,#435),.UNSPECIFIED.,.F.,.F.,(6,4,6),(0.,
    0.469272920612,1.),.UNSPECIFIED.);
#426 = CARTESIAN_POINT('',(14.16076433121,1.890878276041,5.19514536636)
  );
#427 = CARTESIAN_POINT('',(14.235323420847,1.890878276041,5.19514536636)
  );
#428 = CARTESIAN_POINT('',(14.308168650583,1.893147541817,5.201380122839
    ));
#429 = CARTESIAN_POINT('',(14.378816439578,1.897825401402,5.214232436419
    ));
#430 = CARTESIAN_POINT('',(14.446799592965,1.904980884653,5.233891965076
    ));
#431 = CARTESIAN_POINT('',(14.585154075568,1.925381886625,5.289943257329
    ));
#432 = CARTESIAN_POINT('',(14.654697168393,1.939305927091,5.328199244097
    ));
#433 = CARTESIAN_POINT('',(14.719773802068,1.956243449125,5.374734703426
    ));
#434 = CARTESIAN_POINT('',(14.780180696649,1.975936302376,5.428840373058
    ));
#435 = CARTESIAN_POINT('',(14.835923566879,1.998059110765,5.489622289562
    ));
#436 = ORIENTED_EDGE('',*,*,#437,.F.);
#437 = EDGE_CURVE('',#438,#423,#440,.T.);
#438 = VERTEX_POINT('',#439);
#439 = CARTESIAN_POINT('',(13.40016985138,2.00717964792,5.514680759449)
  );
#440 = B_SPLINE_CURVE_WITH_KNOTS('',5,(#441,#442,#443,#444,#445,#446,
    #447,#448,#449,#450),.UNSPECIFIED.,.F.,.F.,(6,4,6),(0.,
    0.592177850075,1.),.UNSPECIFIED.);
#441 = CARTESIAN_POINT('',(13.40016985138,2.00717964792,5.514680759449)
  );
#442 = CARTESIAN_POINT('',(13.473149637872,1.980641657912,5.441768231144
    ));
#443 = CARTESIAN_POINT('',(13.551805869972,1.957255564506,5.377515467581
    ));
#444 = CARTESIAN_POINT('',(13.636110059545,1.937527478764,5.323312997476
    ));
#445 = CARTESIAN_POINT('',(13.725719752793,1.921880313412,5.280322763995
    ));
#446 = CARTESIAN_POINT('',(13.884366117068,1.902541905606,5.22719092522)
  );
#447 = CARTESIAN_POINT('',(13.951140398546,1.896642828362,5.210983343696
    ));
#448 = CARTESIAN_POINT('',(14.019688383786,1.89276904424,5.200340209292)
  );
#449 = CARTESIAN_POINT('',(14.089676803773,1.890878276041,5.19514536636)
  );
#450 = CARTESIAN_POINT('',(14.16076433121,1.890878276041,5.19514536636)
  );
#451 = ORIENTED_EDGE('',*,*,#452,.F.);
#452 = EDGE_CURVE('',#453,#438,#455,.T.);
#453 = VERTEX_POINT('',#454);
#454 = CARTESIAN_POINT('',(13.08050955414,2.310016337034,6.346717724572)
  );
#455 = B_SPLINE_CURVE_WITH_KNOTS('',6,(#456,#457,#458,#459,#460,#461,
    #462,#463,#464,#465,#466,#467),.UNSPECIFIED.,.F.,.F.,(7,5,7),(0.,
    0.780718102499,1.),.UNSPECIFIED.);
#456 = CARTESIAN_POINT('',(13.08050955414,2.310016337034,6.346717724572)
  );
#457 = CARTESIAN_POINT('',(13.08050955414,2.264429026044,6.221467617013)
  );
#458 = CARTESIAN_POINT('',(13.091972106118,2.219950852584,6.099264839772
    ));
#459 = CARTESIAN_POINT('',(13.116221321153,2.177046248316,5.981385408357
    ));
#460 = CARTESIAN_POINT('',(13.154360934734,2.136234590819,5.869256300934
    ));
#461 = CARTESIAN_POINT('',(13.20688408741,2.09802789315,5.764284261815)
  );
#462 = CARTESIAN_POINT('',(13.291571794368,2.05293994617,5.640406145598)
  );
#463 = CARTESIAN_POINT('',(13.311217185704,2.043288841412,5.613889953203
    ));
#464 = CARTESIAN_POINT('',(13.331922275318,2.03388150907,5.588043520016)
  );
#465 = CARTESIAN_POINT('',(13.35366693372,2.024724418104,5.56288461936)
  );
#466 = CARTESIAN_POINT('',(13.376426113909,2.01582259983,5.538427074661)
  );
#467 = CARTESIAN_POINT('',(13.40016985138,2.00717964792,5.514680759449)
  );
#468 = ORIENTED_EDGE('',*,*,#469,.F.);
#469 = EDGE_CURVE('',#470,#453,#472,.T.);
#470 = VERTEX_POINT('',#471);
#471 = CARTESIAN_POINT('',(13.418004246285,2.62330969295,7.207484145616)
  );
#472 = B_SPLINE_CURVE_WITH_KNOTS('',6,(#473,#474,#475,#476,#477,#478,
    #479,#480,#481,#482,#483,#484),.UNSPECIFIED.,.F.,.F.,(7,5,7),(0.,
    0.222880120598,1.),.UNSPECIFIED.);
#473 = CARTESIAN_POINT('',(13.418004246285,2.62330969295,7.207484145616)
  );
#474 = CARTESIAN_POINT('',(13.392505048456,2.614325104707,7.182799192295
    ));
#475 = CARTESIAN_POINT('',(13.368072739632,2.605050738288,7.157318079979
    ));
#476 = CARTESIAN_POINT('',(13.344743740927,2.595490521837,7.131051601156
    ));
#477 = CARTESIAN_POINT('',(13.32254848506,2.585650205,7.104015552845));
#478 = CARTESIAN_POINT('',(13.301511416356,2.575537358924,7.076230736605
    ));
#479 = CARTESIAN_POINT('',(13.212403309454,2.52898326232,6.948324407404)
  );
#480 = CARTESIAN_POINT('',(13.157424955407,2.489588825412,6.840089081546
    ));
#481 = CARTESIAN_POINT('',(13.117615034928,2.447426583238,6.724249273219
    ));
#482 = CARTESIAN_POINT('',(13.092391352074,2.403072029977,6.602386139686
    ));
#483 = CARTESIAN_POINT('',(13.08050955414,2.357100655489,6.476080826337)
  );
#484 = CARTESIAN_POINT('',(13.08050955414,2.310016337034,6.346717724572)
  );
#485 = ORIENTED_EDGE('',*,*,#486,.F.);
#486 = EDGE_CURVE('',#487,#470,#489,.T.);
#487 = VERTEX_POINT('',#488);
#488 = CARTESIAN_POINT('',(14.277961783439,2.742283324123,7.534361510774
    ));
#489 = B_SPLINE_CURVE_WITH_KNOTS('',6,(#490,#491,#492,#493,#494,#495,
    #496,#497,#498,#499,#500,#501),.UNSPECIFIED.,.F.,.F.,(7,5,7),(0.,
    0.625055930977,1.),.UNSPECIFIED.);
#490 = CARTESIAN_POINT('',(14.277961783439,2.742283324123,7.534361510774
    ));
#491 = CARTESIAN_POINT('',(14.173929761275,2.742283324123,7.534361510774
    ));
#492 = CARTESIAN_POINT('',(14.071952479935,2.739451207972,7.5265803356)
  );
#493 = CARTESIAN_POINT('',(13.972774099853,2.73354821219,7.510361987981)
  );
#494 = CARTESIAN_POINT('',(13.877178046767,2.724393802953,7.485210455315
    ));
#495 = CARTESIAN_POINT('',(13.785923012764,2.71192153753,7.450943187698)
  );
#496 = CARTESIAN_POINT('',(13.647913091036,2.686856248244,7.38207687137)
  );
#497 = CARTESIAN_POINT('',(13.597950987399,2.67630634104,7.353091239549)
  );
#498 = CARTESIAN_POINT('',(13.549906385356,2.664628551159,7.321006775543
    ));
#499 = CARTESIAN_POINT('',(13.503869661957,2.651864387797,7.285937524927
    ));
#500 = CARTESIAN_POINT('',(13.459894470992,2.638069407109,7.248036126986
    ));
#501 = CARTESIAN_POINT('',(13.418004246285,2.62330969295,7.207484145616)
  );
#502 = ORIENTED_EDGE('',*,*,#503,.F.);
#503 = EDGE_CURVE('',#504,#487,#506,.T.);
#504 = VERTEX_POINT('',#505);
#505 = CARTESIAN_POINT('',(15.210445859873,2.591591136983,7.120338129319
    ));
#506 = B_SPLINE_CURVE_WITH_KNOTS('',5,(#507,#508,#509,#510,#511,#512,
    #513,#514,#515,#516,#517,#518,#519,#520),.UNSPECIFIED.,.F.,.F.,(6,4,
    4,6),(0.,0.165605389874,0.508331823504,1.),.UNSPECIFIED.);
#507 = CARTESIAN_POINT('',(15.210445859873,2.591591136983,7.120338129319
    ));
#508 = CARTESIAN_POINT('',(15.187195923493,2.601207616894,7.14675919073)
  );
#509 = CARTESIAN_POINT('',(15.163234568465,2.610520325941,7.172345648549
    ));
#510 = CARTESIAN_POINT('',(15.138555919891,2.619511463985,7.197048597302
    ));
#511 = CARTESIAN_POINT('',(15.113160144817,2.628163793558,7.22082067743)
  );
#512 = CARTESIAN_POINT('',(15.033024693557,2.653631267844,7.29079198796)
  );
#513 = CARTESIAN_POINT('',(14.975945417439,2.669281562563,7.333790819309
    ));
#514 = CARTESIAN_POINT('',(14.915888250752,2.68326028381,7.372197040288)
  );
#515 = CARTESIAN_POINT('',(14.853027290974,2.695452035847,7.405693603714
    ));
#516 = CARTESIAN_POINT('',(14.693949525366,2.720659995689,7.47495190417)
  );
#517 = CARTESIAN_POINT('',(14.595068954487,2.731738103462,7.505388755126
    ));
#518 = CARTESIAN_POINT('',(14.492034189038,2.738878761876,7.525007552879
    ));
#519 = CARTESIAN_POINT('',(14.385980143346,2.742283324123,7.534361510774
    ));
#520 = CARTESIAN_POINT('',(14.277961783439,2.742283324123,7.534361510774
    ));
#521 = ORIENTED_EDGE('',*,*,#522,.F.);
#522 = EDGE_CURVE('',#523,#504,#525,.T.);
#523 = VERTEX_POINT('',#524);
#524 = CARTESIAN_POINT('',(15.574777070064,2.095770852773,5.758083094345
    ));
#525 = B_SPLINE_CURVE_WITH_KNOTS('',6,(#526,#527,#528,#529,#530,#531,
    #532,#533,#534,#535,#536,#537),.UNSPECIFIED.,.F.,.F.,(7,5,7),(0.,
    0.613584810488,1.),.UNSPECIFIED.);
#526 = CARTESIAN_POINT('',(15.574777070064,2.095770852773,5.758083094345
    ));
#527 = CARTESIAN_POINT('',(15.574777070064,2.153046954822,5.915447891399
    ));
#528 = CARTESIAN_POINT('',(15.568756425732,2.209639800483,6.070935456956
    ));
#529 = CARTESIAN_POINT('',(15.55571876627,2.265432655553,6.224225066426)
  );
#530 = CARTESIAN_POINT('',(15.53429993559,2.320068957627,6.374337072657)
  );
#531 = CARTESIAN_POINT('',(15.502757878538,2.372951117948,6.519629614031
    ));
#532 = CARTESIAN_POINT('',(15.431254952844,2.454887538562,6.744748079501
    ));
#533 = CARTESIAN_POINT('',(15.398750575149,2.485496878794,6.828846550611
    ));
#534 = CARTESIAN_POINT('',(15.360851331261,2.514816955003,6.909402797934
    ));
#535 = CARTESIAN_POINT('',(15.317046475135,2.542524970799,6.985529945671
    ));
#536 = CARTESIAN_POINT('',(15.266914699872,2.568234881008,7.056167343425
    ));
#537 = CARTESIAN_POINT('',(15.210445859873,2.591591136983,7.120338129319
    ));
#538 = ORIENTED_EDGE('',*,*,#539,.F.);
#539 = EDGE_CURVE('',#540,#523,#542,.T.);
#540 = VERTEX_POINT('',#541);
#541 = CARTESIAN_POINT('',(15.195159235669,1.589087253608,4.36598134683)
  );
#542 = B_SPLINE_CURVE_WITH_KNOTS('',6,(#543,#544,#545,#546,#547,#548,
    #549,#550,#551,#552,#553,#554),.UNSPECIFIED.,.F.,.F.,(7,5,7),(0.,
    0.392954247955,1.),.UNSPECIFIED.);
#543 = CARTESIAN_POINT('',(15.195159235669,1.589087253608,4.36598134683)
  );
#544 = CARTESIAN_POINT('',(15.254738760845,1.613494543876,4.433039825713
    ));
#545 = CARTESIAN_POINT('',(15.307610804029,1.640344244607,4.50680877219)
  );
#546 = CARTESIAN_POINT('',(15.353752749851,1.66926763507,4.586275134382)
  );
#547 = CARTESIAN_POINT('',(15.393599232382,1.699860593467,4.670328596772
    ));
#548 = CARTESIAN_POINT('',(15.427689617184,1.731783439946,4.758035896636
    ));
#549 = CARTESIAN_POINT('',(15.501204856278,1.815768248257,4.98878226105)
  );
#550 = CARTESIAN_POINT('',(15.533382286314,1.869287485912,5.135825158013
    ));
#551 = CARTESIAN_POINT('',(15.555267987841,1.924515209892,5.287562082577
    ));
#552 = CARTESIAN_POINT('',(15.568610813829,1.980865179314,5.442382351149
    ));
#553 = CARTESIAN_POINT('',(15.574777070064,2.037988795152,5.59932819578)
  );
#554 = CARTESIAN_POINT('',(15.574777070064,2.095770852773,5.758083094345
    ));
#555 = ORIENTED_EDGE('',*,*,#556,.F.);
#556 = EDGE_CURVE('',#557,#540,#559,.T.);
#557 = VERTEX_POINT('',#558);
#558 = CARTESIAN_POINT('',(14.206624203822,1.43357338122,3.938710494033)
  );
#559 = B_SPLINE_CURVE_WITH_KNOTS('',5,(#560,#561,#562,#563,#564,#565,
    #566,#567,#568,#569,#570,#571,#572,#573),.UNSPECIFIED.,.F.,.F.,(6,4,
    4,6),(0.,0.178790459044,0.539448579199,1.),.UNSPECIFIED.);
#560 = CARTESIAN_POINT('',(14.206624203822,1.43357338122,3.938710494033)
  );
#561 = CARTESIAN_POINT('',(14.248256245786,1.43357338122,3.938710494033)
  );
#562 = CARTESIAN_POINT('',(14.289618732174,1.434027627179,3.93995852455)
  );
#563 = CARTESIAN_POINT('',(14.330663458778,1.434953993917,3.942503696242
    ));
#564 = CARTESIAN_POINT('',(14.371337882432,1.436367782294,3.946388047885
    ));
#565 = CARTESIAN_POINT('',(14.492772302304,1.442142534264,3.962254048525
    ));
#566 = CARTESIAN_POINT('',(14.572234367078,1.448038711099,3.97845366124)
  );
#567 = CARTESIAN_POINT('',(14.649475551448,1.456071023823,4.000522259076
    ));
#568 = CARTESIAN_POINT('',(14.724016887121,1.466277243531,4.028563617262
    ));
#569 = CARTESIAN_POINT('',(14.886667809744,1.494303834864,4.105566044094
    ));
#570 = CARTESIAN_POINT('',(14.972851145287,1.513456148443,4.158186593181
    ));
#571 = CARTESIAN_POINT('',(15.053118520682,1.535894853129,4.219836427628
    ));
#572 = CARTESIAN_POINT('',(15.127205701773,1.561249475081,4.289497678921
    ));
#573 = CARTESIAN_POINT('',(15.195159235669,1.589087253608,4.36598134683)
  );
#574 = ORIENTED_EDGE('',*,*,#575,.F.);
#575 = EDGE_CURVE('',#576,#557,#578,.T.);
#576 = VERTEX_POINT('',#577);
#577 = CARTESIAN_POINT('',(13.498343949045,1.513741160038,4.158969656102
    ));
#578 = B_SPLINE_CURVE_WITH_KNOTS('',6,(#579,#580,#581,#582,#583,#584,
    #585,#586,#587,#588,#589,#590),.UNSPECIFIED.,.F.,.F.,(7,5,7),(0.,
    0.11127926769,1.),.UNSPECIFIED.);
#579 = CARTESIAN_POINT('',(13.498343949045,1.513741160038,4.158969656102
    ));
#580 = CARTESIAN_POINT('',(13.50859650709,1.510697712054,4.150607851491)
  );
#581 = CARTESIAN_POINT('',(13.519000364352,1.507721838839,4.142431707027
    ));
#582 = CARTESIAN_POINT('',(13.529554382047,1.504814121748,4.134442819979
    ));
#583 = CARTESIAN_POINT('',(13.540257273128,1.501975078548,4.126642612894
    ));
#584 = CARTESIAN_POINT('',(13.551107602295,1.499205163412,4.119032333604
    ));
#585 = CARTESIAN_POINT('',(13.649923706322,1.474938320654,4.052359731086
    ));
#586 = CARTESIAN_POINT('',(13.747081969858,1.457797161756,4.00526478407)
  );
#587 = CARTESIAN_POINT('',(13.852670920795,1.445315498909,3.97097169724)
  );
#588 = CARTESIAN_POINT('',(13.965383075218,1.437351579231,3.949091007754
    ));
#589 = CARTESIAN_POINT('',(14.083808711394,1.43357338122,3.938710494033)
  );
#590 = CARTESIAN_POINT('',(14.206624203822,1.43357338122,3.938710494033)
  );
#591 = ORIENTED_EDGE('',*,*,#592,.F.);
#592 = EDGE_CURVE('',#352,#576,#593,.T.);
#593 = B_SPLINE_CURVE_WITH_KNOTS('',5,(#594,#595,#596,#597,#598,#599,
    #600,#601,#602,#603),.UNSPECIFIED.,.F.,.F.,(6,4,6),(0.,
    0.514466379414,1.),.UNSPECIFIED.);
#594 = CARTESIAN_POINT('',(13.151847133758,1.753315014997,4.817193412896
    ));
#595 = CARTESIAN_POINT('',(13.166486053117,1.722784628917,4.733311866532
    ));
#596 = CARTESIAN_POINT('',(13.185910159248,1.693350497626,4.65244225545)
  );
#597 = CARTESIAN_POINT('',(13.210524955474,1.665205464982,4.575114413789
    ));
#598 = CARTESIAN_POINT('',(13.240722396879,1.638585679032,4.501977152981
    ));
#599 = CARTESIAN_POINT('',(13.31063075756,1.590249836613,4.369175517385)
  );
#600 = CARTESIAN_POINT('',(13.349714706245,1.568339342873,4.308976930585
    ));
#601 = CARTESIAN_POINT('',(13.394084058419,1.548185761985,4.253605422176
    ));
#602 = CARTESIAN_POINT('',(13.44372336685,1.529955152682,4.203517234771)
  );
#603 = CARTESIAN_POINT('',(13.498343949045,1.513741160038,4.158969656102
    ));
#604 = FACE_BOUND('',#605,.T.);
#605 = EDGE_LOOP('',(#606,#616,#624,#639,#647,#659,#678,#686));
#606 = ORIENTED_EDGE('',*,*,#607,.F.);
#607 = EDGE_CURVE('',#608,#610,#612,.T.);
#608 = VERTEX_POINT('',#609);
#609 = CARTESIAN_POINT('',(11.350063694268,1.455880937065,4.));
#610 = VERTEX_POINT('',#611);
#611 = CARTESIAN_POINT('',(12.065987261146,1.455880937065,4.));
#612 = LINE('',#613,#614);
#613 = CARTESIAN_POINT('',(5.532993630573,1.455880937065,4.));
#614 = VECTOR('',#615,1.);
#615 = DIRECTION('',(1.,0.,0.));
#616 = ORIENTED_EDGE('',*,*,#617,.F.);
#617 = EDGE_CURVE('',#618,#608,#620,.T.);
#618 = VERTEX_POINT('',#619);
#619 = CARTESIAN_POINT('',(11.350063694268,2.382109245376,6.544791362346
    ));
#620 = LINE('',#621,#622);
#621 = CARTESIAN_POINT('',(11.350063694268,0.727940468532,2.));
#622 = VECTOR('',#623,1.);
#623 = DIRECTION('',(-0.,-0.342020143326,-0.939692620786));
#624 = ORIENTED_EDGE('',*,*,#625,.F.);
#625 = EDGE_CURVE('',#626,#618,#628,.T.);
#626 = VERTEX_POINT('',#627);
#627 = CARTESIAN_POINT('',(10.425222929936,2.195748205922,6.032768614578
    ));
#628 = B_SPLINE_CURVE_WITH_KNOTS('',5,(#629,#630,#631,#632,#633,#634,
    #635,#636,#637,#638),.UNSPECIFIED.,.F.,.F.,(6,4,6),(0.,
    0.723532752039,1.),.UNSPECIFIED.);
#629 = CARTESIAN_POINT('',(10.425222929936,2.195748205922,6.032768614578
    ));
#630 = CARTESIAN_POINT('',(10.576302166663,2.212873359269,6.079819586705
    ));
#631 = CARTESIAN_POINT('',(10.722281536655,2.233522330948,6.136552170127
    ));
#632 = CARTESIAN_POINT('',(10.862251718156,2.257803848753,6.203265092008
    ));
#633 = CARTESIAN_POINT('',(10.995393085965,2.28572395818,6.279974962205)
  );
#634 = CARTESIAN_POINT('',(11.169111116533,2.329123500893,6.399214225825
    ));
#635 = CARTESIAN_POINT('',(11.216052458037,2.341630760276,6.433577638559
    ));
#636 = CARTESIAN_POINT('',(11.261874808017,2.354638420102,6.469315890211
    ));
#637 = CARTESIAN_POINT('',(11.306551801207,2.368135679869,6.506399306646
    ));
#638 = CARTESIAN_POINT('',(11.350063694268,2.382109245376,6.544791362346
    ));
#639 = ORIENTED_EDGE('',*,*,#640,.F.);
#640 = EDGE_CURVE('',#641,#626,#643,.T.);
#641 = VERTEX_POINT('',#642);
#642 = CARTESIAN_POINT('',(10.425222929936,2.418823764371,6.64566367425)
  );
#643 = LINE('',#644,#645);
#644 = CARTESIAN_POINT('',(10.425222929936,1.097874102961,3.016384307289
    ));
#645 = VECTOR('',#646,1.);
#646 = DIRECTION('',(-0.,-0.342020143326,-0.939692620786));
#647 = ORIENTED_EDGE('',*,*,#648,.F.);
#648 = EDGE_CURVE('',#649,#641,#651,.T.);
#649 = VERTEX_POINT('',#650);
#650 = CARTESIAN_POINT('',(11.034140127389,2.537797395544,6.972541039408
    ));
#651 = B_SPLINE_CURVE_WITH_KNOTS('',6,(#652,#653,#654,#655,#656,#657,
    #658),.UNSPECIFIED.,.F.,.F.,(7,7),(0.,1.),.PIECEWISE_BEZIER_KNOTS.);
#652 = CARTESIAN_POINT('',(11.034140127389,2.537797395544,6.972541039408
    ));
#653 = CARTESIAN_POINT('',(10.93106926842,2.5103242775,6.89705926794));
#654 = CARTESIAN_POINT('',(10.828199279376,2.485461594455,6.828749607688
    ));
#655 = CARTESIAN_POINT('',(10.725771041316,2.463520866936,6.768467954263
    ));
#656 = CARTESIAN_POINT('',(10.624141112904,2.444859708824,6.717196843729
    ));
#657 = CARTESIAN_POINT('',(10.52377462158,2.429855036128,6.675971844309)
  );
#658 = CARTESIAN_POINT('',(10.425222929936,2.418823764371,6.64566367425)
  );
#659 = ORIENTED_EDGE('',*,*,#660,.F.);
#660 = EDGE_CURVE('',#661,#649,#663,.T.);
#661 = VERTEX_POINT('',#662);
#662 = CARTESIAN_POINT('',(11.485095541401,2.742283324123,7.534361510774
    ));
#663 = B_SPLINE_CURVE_WITH_KNOTS('',5,(#664,#665,#666,#667,#668,#669,
    #670,#671,#672,#673,#674,#675,#676,#677),.UNSPECIFIED.,.F.,.F.,(6,4,
    4,6),(0.,7.672019752048E-02,0.533182313786,1.),.UNSPECIFIED.);
#664 = CARTESIAN_POINT('',(11.485095541401,2.742283324123,7.534361510774
    ));
#665 = CARTESIAN_POINT('',(11.481281010224,2.738639373968,7.524349840005
    ));
#666 = CARTESIAN_POINT('',(11.477340232936,2.735012433289,7.514384902388
    ));
#667 = CARTESIAN_POINT('',(11.473273361778,2.731402756931,7.504467398103
    ));
#668 = CARTESIAN_POINT('',(11.469080616188,2.727810590957,7.494598003202
    ));
#669 = CARTESIAN_POINT('',(11.439069497078,2.702969458038,7.426347551436
    ));
#670 = CARTESIAN_POINT('',(11.408930331374,2.682330394408,7.369642190152
    ));
#671 = CARTESIAN_POINT('',(11.374406719399,2.662370786818,7.314803618997
    ));
#672 = CARTESIAN_POINT('',(11.335642125023,2.643125759746,7.261928341682
    ));
#673 = CARTESIAN_POINT('',(11.249070447955,2.605688263102,7.15906966501)
  );
#674 = CARTESIAN_POINT('',(11.201076266549,2.587528785844,7.109176911294
    ));
#675 = CARTESIAN_POINT('',(11.149076277679,2.570160917499,7.061459085194
    ));
#676 = CARTESIAN_POINT('',(11.093338447309,2.553586930406,7.015922429904
    ));
#677 = CARTESIAN_POINT('',(11.034140127389,2.537797395544,6.972541039408
    ));
#678 = ORIENTED_EDGE('',*,*,#679,.F.);
#679 = EDGE_CURVE('',#680,#661,#682,.T.);
#680 = VERTEX_POINT('',#681);
#681 = CARTESIAN_POINT('',(12.065987261146,2.742283324123,7.534361510774
    ));
#682 = LINE('',#683,#684);
#683 = CARTESIAN_POINT('',(5.242547770701,2.742283324123,7.534361510774)
  );
#684 = VECTOR('',#685,1.);
#685 = DIRECTION('',(-1.,0.,0.));
#686 = ORIENTED_EDGE('',*,*,#687,.F.);
#687 = EDGE_CURVE('',#610,#680,#688,.T.);
#688 = LINE('',#689,#690);
#689 = CARTESIAN_POINT('',(12.065987261146,1.371141662061,3.767180755387
    ));
#690 = VECTOR('',#691,1.);
#691 = DIRECTION('',(0.,0.342020143326,0.939692620786));
#692 = PLANE('',#693);
#693 = AXIS2_PLACEMENT_3D('',#694,#695,#696);
#694 = CARTESIAN_POINT('',(-1.,0.,0.));
#695 = DIRECTION('',(0.,-0.939692620786,0.342020143326));
#696 = DIRECTION('',(0.,0.342020143326,0.939692620786));
#697 = ADVANCED_FACE('',(#698),#709,.T.);
#698 = FACE_BOUND('',#699,.T.);
#699 = EDGE_LOOP('',(#700,#701,#702,#703));
#700 = ORIENTED_EDGE('',*,*,#323,.T.);
#701 = ORIENTED_EDGE('',*,*,#236,.T.);
#702 = ORIENTED_EDGE('',*,*,#134,.F.);
#703 = ORIENTED_EDGE('',*,*,#704,.F.);
#704 = EDGE_CURVE('',#316,#127,#705,.T.);
#705 = LINE('',#706,#707);
#706 = CARTESIAN_POINT('',(4.,12.75,-1.));
#707 = VECTOR('',#708,1.);
#708 = DIRECTION('',(0.,0.,1.));
#709 = PLANE('',#710);
#710 = AXIS2_PLACEMENT_3D('',#711,#712,#713);
#711 = CARTESIAN_POINT('',(4.,6.45,-1.));
#712 = DIRECTION('',(-1.,0.,0.));
#713 = DIRECTION('',(0.,1.,0.));
#714 = ADVANCED_FACE('',(#715),#726,.T.);
#715 = FACE_BOUND('',#716,.T.);
#716 = EDGE_LOOP('',(#717,#718,#719,#720));
#717 = ORIENTED_EDGE('',*,*,#315,.T.);
#718 = ORIENTED_EDGE('',*,*,#704,.T.);
#719 = ORIENTED_EDGE('',*,*,#126,.F.);
#720 = ORIENTED_EDGE('',*,*,#721,.F.);
#721 = EDGE_CURVE('',#308,#119,#722,.T.);
#722 = LINE('',#723,#724);
#723 = CARTESIAN_POINT('',(0.,11.75,-1.));
#724 = VECTOR('',#725,1.);
#725 = DIRECTION('',(0.,0.,1.));
#726 = PLANE('',#727);
#727 = AXIS2_PLACEMENT_3D('',#728,#729,#730);
#728 = CARTESIAN_POINT('',(4.,12.75,-1.));
#729 = DIRECTION('',(0.242535625036,-0.970142500145,0.));
#730 = DIRECTION('',(-0.970142500145,-0.242535625036,0.));
#731 = ADVANCED_FACE('',(#732),#743,.F.);
#732 = FACE_BOUND('',#733,.F.);
#733 = EDGE_LOOP('',(#734,#735,#736,#737));
#734 = ORIENTED_EDGE('',*,*,#118,.F.);
#735 = ORIENTED_EDGE('',*,*,#721,.F.);
#736 = ORIENTED_EDGE('',*,*,#307,.T.);
#737 = ORIENTED_EDGE('',*,*,#738,.T.);
#738 = EDGE_CURVE('',#300,#111,#739,.T.);
#739 = LINE('',#740,#741);
#740 = CARTESIAN_POINT('',(0.,32.,0.));
#741 = VECTOR('',#742,1.);
#742 = DIRECTION('',(0.,0.,1.));
#743 = PLANE('',#744);
#744 = AXIS2_PLACEMENT_3D('',#745,#746,#747);
#745 = CARTESIAN_POINT('',(0.,0.,0.));
#746 = DIRECTION('',(1.,0.,0.));
#747 = DIRECTION('',(0.,0.,1.));
#748 = ADVANCED_FACE('',(#749),#760,.T.);
#749 = FACE_BOUND('',#750,.T.);
#750 = EDGE_LOOP('',(#751,#752,#753,#754));
#751 = ORIENTED_EDGE('',*,*,#299,.F.);
#752 = ORIENTED_EDGE('',*,*,#738,.T.);
#753 = ORIENTED_EDGE('',*,*,#110,.T.);
#754 = ORIENTED_EDGE('',*,*,#755,.F.);
#755 = EDGE_CURVE('',#292,#103,#756,.T.);
#756 = LINE('',#757,#758);
#757 = CARTESIAN_POINT('',(26.,32.,0.));
#758 = VECTOR('',#759,1.);
#759 = DIRECTION('',(0.,0.,1.));
#760 = PLANE('',#761);
#761 = AXIS2_PLACEMENT_3D('',#762,#763,#764);
#762 = CARTESIAN_POINT('',(0.,32.,0.));
#763 = DIRECTION('',(0.,1.,0.));
#764 = DIRECTION('',(0.,0.,1.));
#765 = ADVANCED_FACE('',(#766),#777,.T.);
#766 = FACE_BOUND('',#767,.T.);
#767 = EDGE_LOOP('',(#768,#769,#775,#776));
#768 = ORIENTED_EDGE('',*,*,#102,.F.);
#769 = ORIENTED_EDGE('',*,*,#770,.T.);
#770 = EDGE_CURVE('',#95,#284,#771,.T.);
#771 = LINE('',#772,#773);
#772 = CARTESIAN_POINT('',(26.,11.624390243902,0.));
#773 = VECTOR('',#774,1.);
#774 = DIRECTION('',(0.,0.,-1.));
#775 = ORIENTED_EDGE('',*,*,#291,.T.);
#776 = ORIENTED_EDGE('',*,*,#755,.T.);
#777 = PLANE('',#778);
#778 = AXIS2_PLACEMENT_3D('',#779,#780,#781);
#779 = CARTESIAN_POINT('',(26.,0.,0.));
#780 = DIRECTION('',(1.,0.,0.));
#781 = DIRECTION('',(0.,0.,1.));
#782 = ADVANCED_FACE('',(#783),#794,.T.);
#783 = FACE_BOUND('',#784,.T.);
#784 = EDGE_LOOP('',(#785,#786,#792,#793));
#785 = ORIENTED_EDGE('',*,*,#78,.T.);
#786 = ORIENTED_EDGE('',*,*,#787,.T.);
#787 = EDGE_CURVE('',#71,#95,#788,.T.);
#788 = LINE('',#789,#790);
#789 = CARTESIAN_POINT('',(26.,0.,10.));
#790 = VECTOR('',#791,1.);
#791 = DIRECTION('',(0.,1.,0.));
#792 = ORIENTED_EDGE('',*,*,#94,.T.);
#793 = ORIENTED_EDGE('',*,*,#86,.T.);
#794 = PLANE('',#795);
#795 = AXIS2_PLACEMENT_3D('',#796,#797,#798);
#796 = CARTESIAN_POINT('',(0.,0.,10.));
#797 = DIRECTION('',(0.,0.,1.));
#798 = DIRECTION('',(1.,0.,0.));
#799 = ADVANCED_FACE('',(#800),#811,.T.);
#800 = FACE_BOUND('',#801,.T.);
#801 = EDGE_LOOP('',(#802,#803,#804,#805));
#802 = ORIENTED_EDGE('',*,*,#70,.F.);
#803 = ORIENTED_EDGE('',*,*,#340,.T.);
#804 = ORIENTED_EDGE('',*,*,#259,.T.);
#805 = ORIENTED_EDGE('',*,*,#806,.T.);
#806 = EDGE_CURVE('',#260,#71,#807,.T.);
#807 = LINE('',#808,#809);
#808 = CARTESIAN_POINT('',(26.,7.575609756098,0.));
#809 = VECTOR('',#810,1.);
#810 = DIRECTION('',(0.,0.,1.));
#811 = PLANE('',#812);
#812 = AXIS2_PLACEMENT_3D('',#813,#814,#815);
#813 = CARTESIAN_POINT('',(26.,0.,0.));
#814 = DIRECTION('',(1.,0.,0.));
#815 = DIRECTION('',(0.,0.,1.));
#816 = ADVANCED_FACE('',(#817),#843,.T.);
#817 = FACE_BOUND('',#818,.T.);
#818 = EDGE_LOOP('',(#819,#827,#828,#836));
#819 = ORIENTED_EDGE('',*,*,#820,.F.);
#820 = EDGE_CURVE('',#151,#821,#823,.T.);
#821 = VERTEX_POINT('',#822);
#822 = CARTESIAN_POINT('',(8.1,25.34,20.5));
#823 = LINE('',#824,#825);
#824 = CARTESIAN_POINT('',(8.1,25.34,9.9));
#825 = VECTOR('',#826,1.);
#826 = DIRECTION('',(0.,0.,1.));
#827 = ORIENTED_EDGE('',*,*,#150,.T.);
#828 = ORIENTED_EDGE('',*,*,#829,.T.);
#829 = EDGE_CURVE('',#153,#830,#832,.T.);
#830 = VERTEX_POINT('',#831);
#831 = CARTESIAN_POINT('',(7.5,24.74,20.5));
#832 = LINE('',#833,#834);
#833 = CARTESIAN_POINT('',(7.5,24.74,9.9));
#834 = VECTOR('',#835,1.);
#835 = DIRECTION('',(0.,0.,1.));
#836 = ORIENTED_EDGE('',*,*,#837,.F.);
#837 = EDGE_CURVE('',#821,#830,#838,.T.);
#838 = CIRCLE('',#839,0.6);
#839 = AXIS2_PLACEMENT_3D('',#840,#841,#842);
#840 = CARTESIAN_POINT('',(8.1,24.74,20.5));
#841 = DIRECTION('',(0.,-0.,1.));
#842 = DIRECTION('',(0.,1.,0.));
#843 = CYLINDRICAL_SURFACE('',#844,0.6);
#844 = AXIS2_PLACEMENT_3D('',#845,#846,#847);
#845 = CARTESIAN_POINT('',(8.1,24.74,9.9));
#846 = DIRECTION('',(0.,0.,1.));
#847 = DIRECTION('',(0.,1.,0.));
#848 = ADVANCED_FACE('',(#849),#867,.F.);
#849 = FACE_BOUND('',#850,.F.);
#850 = EDGE_LOOP('',(#851,#852,#860,#866));
#851 = ORIENTED_EDGE('',*,*,#161,.T.);
#852 = ORIENTED_EDGE('',*,*,#853,.T.);
#853 = EDGE_CURVE('',#162,#854,#856,.T.);
#854 = VERTEX_POINT('',#855);
#855 = CARTESIAN_POINT('',(17.9,25.34,20.5));
#856 = LINE('',#857,#858);
#857 = CARTESIAN_POINT('',(17.9,25.34,9.9));
#858 = VECTOR('',#859,1.);
#859 = DIRECTION('',(0.,0.,1.));
#860 = ORIENTED_EDGE('',*,*,#861,.T.);
#861 = EDGE_CURVE('',#854,#821,#862,.T.);
#862 = LINE('',#863,#864);
#863 = CARTESIAN_POINT('',(17.9,25.34,20.5));
#864 = VECTOR('',#865,1.);
#865 = DIRECTION('',(-1.,0.,0.));
#866 = ORIENTED_EDGE('',*,*,#820,.F.);
#867 = PLANE('',#868);
#868 = AXIS2_PLACEMENT_3D('',#869,#870,#871);
#869 = CARTESIAN_POINT('',(18.5,25.34,9.9));
#870 = DIRECTION('',(0.,-1.,0.));
#871 = DIRECTION('',(-1.,0.,0.));
#872 = ADVANCED_FACE('',(#873),#891,.F.);
#873 = FACE_BOUND('',#874,.F.);
#874 = EDGE_LOOP('',(#875,#876,#877,#885));
#875 = ORIENTED_EDGE('',*,*,#212,.T.);
#876 = ORIENTED_EDGE('',*,*,#829,.T.);
#877 = ORIENTED_EDGE('',*,*,#878,.T.);
#878 = EDGE_CURVE('',#830,#879,#881,.T.);
#879 = VERTEX_POINT('',#880);
#880 = CARTESIAN_POINT('',(7.5,14.94,20.5));
#881 = LINE('',#882,#883);
#882 = CARTESIAN_POINT('',(7.5,24.74,20.5));
#883 = VECTOR('',#884,1.);
#884 = DIRECTION('',(0.,-1.,0.));
#885 = ORIENTED_EDGE('',*,*,#886,.F.);
#886 = EDGE_CURVE('',#204,#879,#887,.T.);
#887 = LINE('',#888,#889);
#888 = CARTESIAN_POINT('',(7.5,14.94,9.9));
#889 = VECTOR('',#890,1.);
#890 = DIRECTION('',(0.,0.,1.));
#891 = PLANE('',#892);
#892 = AXIS2_PLACEMENT_3D('',#893,#894,#895);
#893 = CARTESIAN_POINT('',(7.5,25.34,9.9));
#894 = DIRECTION('',(1.,0.,0.));
#895 = DIRECTION('',(0.,-1.,0.));
#896 = ADVANCED_FACE('',(#897),#916,.T.);
#897 = FACE_BOUND('',#898,.F.);
#898 = EDGE_LOOP('',(#899,#900,#901,#909));
#899 = ORIENTED_EDGE('',*,*,#853,.F.);
#900 = ORIENTED_EDGE('',*,*,#169,.F.);
#901 = ORIENTED_EDGE('',*,*,#902,.T.);
#902 = EDGE_CURVE('',#170,#903,#905,.T.);
#903 = VERTEX_POINT('',#904);
#904 = CARTESIAN_POINT('',(18.5,24.74,20.5));
#905 = LINE('',#906,#907);
#906 = CARTESIAN_POINT('',(18.5,24.74,9.9));
#907 = VECTOR('',#908,1.);
#908 = DIRECTION('',(0.,0.,1.));
#909 = ORIENTED_EDGE('',*,*,#910,.T.);
#910 = EDGE_CURVE('',#903,#854,#911,.T.);
#911 = CIRCLE('',#912,0.6);
#912 = AXIS2_PLACEMENT_3D('',#913,#914,#915);
#913 = CARTESIAN_POINT('',(17.9,24.74,20.5));
#914 = DIRECTION('',(0.,0.,1.));
#915 = DIRECTION('',(1.,0.,0.));
#916 = CYLINDRICAL_SURFACE('',#917,0.6);
#917 = AXIS2_PLACEMENT_3D('',#918,#919,#920);
#918 = CARTESIAN_POINT('',(17.9,24.74,9.9));
#919 = DIRECTION('',(0.,0.,1.));
#920 = DIRECTION('',(0.,1.,0.));
#921 = ADVANCED_FACE('',(#922),#941,.T.);
#922 = FACE_BOUND('',#923,.T.);
#923 = EDGE_LOOP('',(#924,#925,#926,#934));
#924 = ORIENTED_EDGE('',*,*,#886,.F.);
#925 = ORIENTED_EDGE('',*,*,#203,.T.);
#926 = ORIENTED_EDGE('',*,*,#927,.T.);
#927 = EDGE_CURVE('',#196,#928,#930,.T.);
#928 = VERTEX_POINT('',#929);
#929 = CARTESIAN_POINT('',(8.1,14.34,20.5));
#930 = LINE('',#931,#932);
#931 = CARTESIAN_POINT('',(8.1,14.34,9.9));
#932 = VECTOR('',#933,1.);
#933 = DIRECTION('',(0.,0.,1.));
#934 = ORIENTED_EDGE('',*,*,#935,.F.);
#935 = EDGE_CURVE('',#879,#928,#936,.T.);
#936 = CIRCLE('',#937,0.6);
#937 = AXIS2_PLACEMENT_3D('',#938,#939,#940);
#938 = CARTESIAN_POINT('',(8.1,14.94,20.5));
#939 = DIRECTION('',(0.,0.,1.));
#940 = DIRECTION('',(-1.,0.,0.));
#941 = CYLINDRICAL_SURFACE('',#942,0.6);
#942 = AXIS2_PLACEMENT_3D('',#943,#944,#945);
#943 = CARTESIAN_POINT('',(8.1,14.94,9.9));
#944 = DIRECTION('',(0.,0.,1.));
#945 = DIRECTION('',(-1.,0.,0.));
#946 = ADVANCED_FACE('',(#947),#965,.F.);
#947 = FACE_BOUND('',#948,.F.);
#948 = EDGE_LOOP('',(#949,#950,#958,#964));
#949 = ORIENTED_EDGE('',*,*,#178,.T.);
#950 = ORIENTED_EDGE('',*,*,#951,.T.);
#951 = EDGE_CURVE('',#179,#952,#954,.T.);
#952 = VERTEX_POINT('',#953);
#953 = CARTESIAN_POINT('',(18.5,14.94,20.5));
#954 = LINE('',#955,#956);
#955 = CARTESIAN_POINT('',(18.5,14.94,9.9));
#956 = VECTOR('',#957,1.);
#957 = DIRECTION('',(0.,0.,1.));
#958 = ORIENTED_EDGE('',*,*,#959,.T.);
#959 = EDGE_CURVE('',#952,#903,#960,.T.);
#960 = LINE('',#961,#962);
#961 = CARTESIAN_POINT('',(18.5,14.94,20.5));
#962 = VECTOR('',#963,1.);
#963 = DIRECTION('',(0.,1.,0.));
#964 = ORIENTED_EDGE('',*,*,#902,.F.);
#965 = PLANE('',#966);
#966 = AXIS2_PLACEMENT_3D('',#967,#968,#969);
#967 = CARTESIAN_POINT('',(18.5,14.34,9.9));
#968 = DIRECTION('',(-1.,0.,0.));
#969 = DIRECTION('',(0.,1.,0.));
#970 = ADVANCED_FACE('',(#971),#989,.F.);
#971 = FACE_BOUND('',#972,.F.);
#972 = EDGE_LOOP('',(#973,#974,#975,#983));
#973 = ORIENTED_EDGE('',*,*,#195,.T.);
#974 = ORIENTED_EDGE('',*,*,#927,.T.);
#975 = ORIENTED_EDGE('',*,*,#976,.T.);
#976 = EDGE_CURVE('',#928,#977,#979,.T.);
#977 = VERTEX_POINT('',#978);
#978 = CARTESIAN_POINT('',(17.9,14.34,20.5));
#979 = LINE('',#980,#981);
#980 = CARTESIAN_POINT('',(8.1,14.34,20.5));
#981 = VECTOR('',#982,1.);
#982 = DIRECTION('',(1.,0.,0.));
#983 = ORIENTED_EDGE('',*,*,#984,.F.);
#984 = EDGE_CURVE('',#187,#977,#985,.T.);
#985 = LINE('',#986,#987);
#986 = CARTESIAN_POINT('',(17.9,14.34,9.9));
#987 = VECTOR('',#988,1.);
#988 = DIRECTION('',(0.,0.,1.));
#989 = PLANE('',#990);
#990 = AXIS2_PLACEMENT_3D('',#991,#992,#993);
#991 = CARTESIAN_POINT('',(7.5,14.34,9.9));
#992 = DIRECTION('',(0.,1.,0.));
#993 = DIRECTION('',(1.,0.,0.));
#994 = ADVANCED_FACE('',(#995),#1007,.T.);
#995 = FACE_BOUND('',#996,.T.);
#996 = EDGE_LOOP('',(#997,#998,#999,#1000));
#997 = ORIENTED_EDGE('',*,*,#984,.F.);
#998 = ORIENTED_EDGE('',*,*,#186,.T.);
#999 = ORIENTED_EDGE('',*,*,#951,.T.);
#1000 = ORIENTED_EDGE('',*,*,#1001,.F.);
#1001 = EDGE_CURVE('',#977,#952,#1002,.T.);
#1002 = CIRCLE('',#1003,0.6);
#1003 = AXIS2_PLACEMENT_3D('',#1004,#1005,#1006);
#1004 = CARTESIAN_POINT('',(17.9,14.94,20.5));
#1005 = DIRECTION('',(-0.,0.,1.));
#1006 = DIRECTION('',(0.,-1.,0.));
#1007 = CYLINDRICAL_SURFACE('',#1008,0.6);
#1008 = AXIS2_PLACEMENT_3D('',#1009,#1010,#1011);
#1009 = CARTESIAN_POINT('',(17.9,14.94,9.9));
#1010 = DIRECTION('',(0.,0.,1.));
#1011 = DIRECTION('',(0.,-1.,0.));
#1012 = ADVANCED_FACE('',(#1013),#1024,.F.);
#1013 = FACE_BOUND('',#1014,.F.);
#1014 = EDGE_LOOP('',(#1015,#1016,#1022,#1023));
#1015 = ORIENTED_EDGE('',*,*,#267,.T.);
#1016 = ORIENTED_EDGE('',*,*,#1017,.T.);
#1017 = EDGE_CURVE('',#260,#284,#1018,.T.);
#1018 = LINE('',#1019,#1020);
#1019 = CARTESIAN_POINT('',(26.,0.,0.));
#1020 = VECTOR('',#1021,1.);
#1021 = DIRECTION('',(0.,1.,0.));
#1022 = ORIENTED_EDGE('',*,*,#283,.T.);
#1023 = ORIENTED_EDGE('',*,*,#275,.T.);
#1024 = PLANE('',#1025);
#1025 = AXIS2_PLACEMENT_3D('',#1026,#1027,#1028);
#1026 = CARTESIAN_POINT('',(0.,0.,0.));
#1027 = DIRECTION('',(0.,0.,1.));
#1028 = DIRECTION('',(1.,0.,0.));
#1029 = ADVANCED_FACE('',(#1030),#1055,.T.);
#1030 = FACE_BOUND('',#1031,.T.);
#1031 = EDGE_LOOP('',(#1032,#1033,#1041,#1049));
#1032 = ORIENTED_EDGE('',*,*,#349,.T.);
#1033 = ORIENTED_EDGE('',*,*,#1034,.T.);
#1034 = EDGE_CURVE('',#352,#1035,#1037,.T.);
#1035 = VERTEX_POINT('',#1036);
#1036 = CARTESIAN_POINT('',(13.151847133758,1.189499442526,
    5.022405498891));
#1037 = LINE('',#1038,#1039);
#1038 = CARTESIAN_POINT('',(13.151847133758,1.941253539154,
    4.748789384231));
#1039 = VECTOR('',#1040,1.);
#1040 = DIRECTION('',(0.,-0.939692620786,0.342020143326));
#1041 = ORIENTED_EDGE('',*,*,#1042,.T.);
#1042 = EDGE_CURVE('',#1035,#1043,#1045,.T.);
#1043 = VERTEX_POINT('',#1044);
#1044 = CARTESIAN_POINT('',(13.844840764331,1.215524924345,5.09390992252
    ));
#1045 = LINE('',#1046,#1047);
#1046 = CARTESIAN_POINT('',(13.151847133758,1.189499442526,
    5.022405498891));
#1047 = VECTOR('',#1048,1.);
#1048 = DIRECTION('',(0.994025520727,3.733078050948E-02,0.1025654765));
#1049 = ORIENTED_EDGE('',*,*,#1050,.F.);
#1050 = EDGE_CURVE('',#350,#1043,#1051,.T.);
#1051 = LINE('',#1052,#1053);
#1052 = CARTESIAN_POINT('',(13.844840764331,1.967279020974,
    4.820293807859));
#1053 = VECTOR('',#1054,1.);
#1054 = DIRECTION('',(0.,-0.939692620786,0.342020143326));
#1055 = PLANE('',#1056);
#1056 = AXIS2_PLACEMENT_3D('',#1057,#1058,#1059);
#1057 = CARTESIAN_POINT('',(13.151847133758,1.941253539154,
    4.748789384231));
#1058 = DIRECTION('',(-0.109147900315,0.339976751068,0.9340784467));
#1059 = DIRECTION('',(0.994025520727,3.733078050948E-02,0.1025654765));
#1060 = ADVANCED_FACE('',(#1061),#1079,.T.);
#1061 = FACE_BOUND('',#1062,.T.);
#1062 = EDGE_LOOP('',(#1063,#1064,#1072,#1078));
#1063 = ORIENTED_EDGE('',*,*,#592,.T.);
#1064 = ORIENTED_EDGE('',*,*,#1065,.T.);
#1065 = EDGE_CURVE('',#576,#1066,#1068,.T.);
#1066 = VERTEX_POINT('',#1067);
#1067 = CARTESIAN_POINT('',(13.498343949045,0.949925587566,
    4.364181742098));
#1068 = LINE('',#1069,#1070);
#1069 = CARTESIAN_POINT('',(13.498343949045,1.701679684195,
    4.090565627437));
#1070 = VECTOR('',#1071,1.);
#1071 = DIRECTION('',(0.,-0.939692620786,0.342020143326));
#1072 = ORIENTED_EDGE('',*,*,#1073,.T.);
#1073 = EDGE_CURVE('',#1066,#1035,#1074,.T.);
#1074 = B_SPLINE_CURVE_WITH_KNOTS('',2,(#1075,#1076,#1077),
  .UNSPECIFIED.,.F.,.F.,(3,3),(0.,1.),.PIECEWISE_BEZIER_KNOTS.);
#1075 = CARTESIAN_POINT('',(13.498343949045,0.949925587566,
    4.364181742098));
#1076 = CARTESIAN_POINT('',(13.228280254777,1.030093366384,
    4.584440904167));
#1077 = CARTESIAN_POINT('',(13.151847133758,1.189499442526,
    5.022405498891));
#1078 = ORIENTED_EDGE('',*,*,#1034,.F.);
#1079 = SURFACE_OF_LINEAR_EXTRUSION('',#1080,#1084);
#1080 = B_SPLINE_CURVE_WITH_KNOTS('',2,(#1081,#1082,#1083),
  .UNSPECIFIED.,.F.,.F.,(3,3),(0.,1.),.PIECEWISE_BEZIER_KNOTS.);
#1081 = CARTESIAN_POINT('',(13.498343949045,1.701679684195,
    4.090565627437));
#1082 = CARTESIAN_POINT('',(13.228280254777,1.781847463013,
    4.310824789507));
#1083 = CARTESIAN_POINT('',(13.151847133758,1.941253539154,
    4.748789384231));
#1084 = VECTOR('',#1085,1.);
#1085 = DIRECTION('',(-0.,0.939692620786,-0.342020143326));
#1086 = ADVANCED_FACE('',(#1087),#1105,.T.);
#1087 = FACE_BOUND('',#1088,.T.);
#1088 = EDGE_LOOP('',(#1089,#1090,#1098,#1104));
#1089 = ORIENTED_EDGE('',*,*,#575,.T.);
#1090 = ORIENTED_EDGE('',*,*,#1091,.T.);
#1091 = EDGE_CURVE('',#557,#1092,#1094,.T.);
#1092 = VERTEX_POINT('',#1093);
#1093 = CARTESIAN_POINT('',(14.206624203822,0.869757808748,
    4.143922580028));
#1094 = LINE('',#1095,#1096);
#1095 = CARTESIAN_POINT('',(14.206624203822,1.621511905377,
    3.870306465368));
#1096 = VECTOR('',#1097,1.);
#1097 = DIRECTION('',(0.,-0.939692620786,0.342020143326));
#1098 = ORIENTED_EDGE('',*,*,#1099,.T.);
#1099 = EDGE_CURVE('',#1092,#1066,#1100,.T.);
#1100 = B_SPLINE_CURVE_WITH_KNOTS('',2,(#1101,#1102,#1103),
  .UNSPECIFIED.,.F.,.F.,(3,3),(0.,1.),.PIECEWISE_BEZIER_KNOTS.);
#1101 = CARTESIAN_POINT('',(14.206624203822,0.869757808748,
    4.143922580028));
#1102 = CARTESIAN_POINT('',(13.768407643312,0.869757808748,
    4.143922580028));
#1103 = CARTESIAN_POINT('',(13.498343949045,0.949925587566,
    4.364181742098));
#1104 = ORIENTED_EDGE('',*,*,#1065,.F.);
#1105 = SURFACE_OF_LINEAR_EXTRUSION('',#1106,#1110);
#1106 = B_SPLINE_CURVE_WITH_KNOTS('',2,(#1107,#1108,#1109),
  .UNSPECIFIED.,.F.,.F.,(3,3),(0.,1.),.PIECEWISE_BEZIER_KNOTS.);
#1107 = CARTESIAN_POINT('',(14.206624203822,1.621511905377,
    3.870306465368));
#1108 = CARTESIAN_POINT('',(13.768407643312,1.621511905377,
    3.870306465368));
#1109 = CARTESIAN_POINT('',(13.498343949045,1.701679684195,
    4.090565627437));
#1110 = VECTOR('',#1111,1.);
#1111 = DIRECTION('',(-0.,0.939692620786,-0.342020143326));
#1112 = ADVANCED_FACE('',(#1113),#1131,.T.);
#1113 = FACE_BOUND('',#1114,.T.);
#1114 = EDGE_LOOP('',(#1115,#1116,#1124,#1130));
#1115 = ORIENTED_EDGE('',*,*,#556,.T.);
#1116 = ORIENTED_EDGE('',*,*,#1117,.T.);
#1117 = EDGE_CURVE('',#540,#1118,#1120,.T.);
#1118 = VERTEX_POINT('',#1119);
#1119 = CARTESIAN_POINT('',(15.195159235669,1.025271681136,
    4.571193432825));
#1120 = LINE('',#1121,#1122);
#1121 = CARTESIAN_POINT('',(15.195159235669,1.777025777765,
    4.297577318165));
#1122 = VECTOR('',#1123,1.);
#1123 = DIRECTION('',(0.,-0.939692620786,0.342020143326));
#1124 = ORIENTED_EDGE('',*,*,#1125,.T.);
#1125 = EDGE_CURVE('',#1118,#1092,#1126,.T.);
#1126 = B_SPLINE_CURVE_WITH_KNOTS('',2,(#1127,#1128,#1129),
  .UNSPECIFIED.,.F.,.F.,(3,3),(0.,1.),.PIECEWISE_BEZIER_KNOTS.);
#1127 = CARTESIAN_POINT('',(15.195159235669,1.025271681136,
    4.571193432825));
#1128 = CARTESIAN_POINT('',(14.815541401274,0.869757808748,
    4.143922580028));
#1129 = CARTESIAN_POINT('',(14.206624203822,0.869757808748,
    4.143922580028));
#1130 = ORIENTED_EDGE('',*,*,#1091,.F.);
#1131 = SURFACE_OF_LINEAR_EXTRUSION('',#1132,#1136);
#1132 = B_SPLINE_CURVE_WITH_KNOTS('',2,(#1133,#1134,#1135),
  .UNSPECIFIED.,.F.,.F.,(3,3),(0.,1.),.PIECEWISE_BEZIER_KNOTS.);
#1133 = CARTESIAN_POINT('',(15.195159235669,1.777025777765,
    4.297577318165));
#1134 = CARTESIAN_POINT('',(14.815541401274,1.621511905377,
    3.870306465368));
#1135 = CARTESIAN_POINT('',(14.206624203822,1.621511905377,
    3.870306465368));
#1136 = VECTOR('',#1137,1.);
#1137 = DIRECTION('',(-0.,0.939692620786,-0.342020143326));
#1138 = ADVANCED_FACE('',(#1139),#1157,.T.);
#1139 = FACE_BOUND('',#1140,.T.);
#1140 = EDGE_LOOP('',(#1141,#1142,#1150,#1156));
#1141 = ORIENTED_EDGE('',*,*,#539,.T.);
#1142 = ORIENTED_EDGE('',*,*,#1143,.T.);
#1143 = EDGE_CURVE('',#523,#1144,#1146,.T.);
#1144 = VERTEX_POINT('',#1145);
#1145 = CARTESIAN_POINT('',(15.574777070064,1.531955280302,
    5.963295180341));
#1146 = LINE('',#1147,#1148);
#1147 = CARTESIAN_POINT('',(15.574777070064,2.28370937693,5.68967906568)
  );
#1148 = VECTOR('',#1149,1.);
#1149 = DIRECTION('',(0.,-0.939692620786,0.342020143326));
#1150 = ORIENTED_EDGE('',*,*,#1151,.T.);
#1151 = EDGE_CURVE('',#1144,#1118,#1152,.T.);
#1152 = B_SPLINE_CURVE_WITH_KNOTS('',2,(#1153,#1154,#1155),
  .UNSPECIFIED.,.F.,.F.,(3,3),(0.,1.),.PIECEWISE_BEZIER_KNOTS.);
#1153 = CARTESIAN_POINT('',(15.574777070064,1.531955280302,
    5.963295180341));
#1154 = CARTESIAN_POINT('',(15.574777070064,1.180785553524,
    4.998464285623));
#1155 = CARTESIAN_POINT('',(15.195159235669,1.025271681136,
    4.571193432825));
#1156 = ORIENTED_EDGE('',*,*,#1117,.F.);
#1157 = SURFACE_OF_LINEAR_EXTRUSION('',#1158,#1162);
#1158 = B_SPLINE_CURVE_WITH_KNOTS('',2,(#1159,#1160,#1161),
  .UNSPECIFIED.,.F.,.F.,(3,3),(0.,1.),.PIECEWISE_BEZIER_KNOTS.);
#1159 = CARTESIAN_POINT('',(15.574777070064,2.28370937693,5.68967906568)
  );
#1160 = CARTESIAN_POINT('',(15.574777070064,1.932539650153,
    4.724848170962));
#1161 = CARTESIAN_POINT('',(15.195159235669,1.777025777765,
    4.297577318165));
#1162 = VECTOR('',#1163,1.);
#1163 = DIRECTION('',(-0.,0.939692620786,-0.342020143326));
#1164 = ADVANCED_FACE('',(#1165),#1183,.T.);
#1165 = FACE_BOUND('',#1166,.T.);
#1166 = EDGE_LOOP('',(#1167,#1168,#1176,#1182));
#1167 = ORIENTED_EDGE('',*,*,#522,.T.);
#1168 = ORIENTED_EDGE('',*,*,#1169,.T.);
#1169 = EDGE_CURVE('',#504,#1170,#1172,.T.);
#1170 = VERTEX_POINT('',#1171);
#1171 = CARTESIAN_POINT('',(15.210445859873,2.027775564511,
    7.325550215314));
#1172 = LINE('',#1173,#1174);
#1173 = CARTESIAN_POINT('',(15.210445859873,2.77952966114,7.051934100654
    ));
#1174 = VECTOR('',#1175,1.);
#1175 = DIRECTION('',(0.,-0.939692620786,0.342020143326));
#1176 = ORIENTED_EDGE('',*,*,#1177,.T.);
#1177 = EDGE_CURVE('',#1170,#1144,#1178,.T.);
#1178 = B_SPLINE_CURVE_WITH_KNOTS('',2,(#1179,#1180,#1181),
  .UNSPECIFIED.,.F.,.F.,(3,3),(0.,1.),.PIECEWISE_BEZIER_KNOTS.);
#1179 = CARTESIAN_POINT('',(15.210445859873,2.027775564511,
    7.325550215314));
#1180 = CARTESIAN_POINT('',(15.574777070064,1.877083377371,
    6.911526833859));
#1181 = CARTESIAN_POINT('',(15.574777070064,1.531955280302,
    5.963295180341));
#1182 = ORIENTED_EDGE('',*,*,#1143,.F.);
#1183 = SURFACE_OF_LINEAR_EXTRUSION('',#1184,#1188);
#1184 = B_SPLINE_CURVE_WITH_KNOTS('',2,(#1185,#1186,#1187),
  .UNSPECIFIED.,.F.,.F.,(3,3),(0.,1.),.PIECEWISE_BEZIER_KNOTS.);
#1185 = CARTESIAN_POINT('',(15.210445859873,2.77952966114,7.051934100654
    ));
#1186 = CARTESIAN_POINT('',(15.574777070064,2.628837474,6.637910719198)
  );
#1187 = CARTESIAN_POINT('',(15.574777070064,2.28370937693,5.68967906568)
  );
#1188 = VECTOR('',#1189,1.);
#1189 = DIRECTION('',(-0.,0.939692620786,-0.342020143326));
#1190 = ADVANCED_FACE('',(#1191),#1209,.T.);
#1191 = FACE_BOUND('',#1192,.T.);
#1192 = EDGE_LOOP('',(#1193,#1194,#1202,#1208));
#1193 = ORIENTED_EDGE('',*,*,#503,.T.);
#1194 = ORIENTED_EDGE('',*,*,#1195,.T.);
#1195 = EDGE_CURVE('',#487,#1196,#1198,.T.);
#1196 = VERTEX_POINT('',#1197);
#1197 = CARTESIAN_POINT('',(14.277961783439,2.178467751651,7.73957359677
    ));
#1198 = LINE('',#1199,#1200);
#1199 = CARTESIAN_POINT('',(14.277961783439,2.93022184828,7.465957482109
    ));
#1200 = VECTOR('',#1201,1.);
#1201 = DIRECTION('',(0.,-0.939692620786,0.342020143326));
#1202 = ORIENTED_EDGE('',*,*,#1203,.T.);
#1203 = EDGE_CURVE('',#1196,#1170,#1204,.T.);
#1204 = B_SPLINE_CURVE_WITH_KNOTS('',2,(#1205,#1206,#1207),
  .UNSPECIFIED.,.F.,.F.,(3,3),(0.,1.),.PIECEWISE_BEZIER_KNOTS.);
#1205 = CARTESIAN_POINT('',(14.277961783439,2.178467751651,7.73957359677
    ));
#1206 = CARTESIAN_POINT('',(14.846114649682,2.178467751651,7.73957359677
    ));
#1207 = CARTESIAN_POINT('',(15.210445859873,2.027775564511,
    7.325550215314));
#1208 = ORIENTED_EDGE('',*,*,#1169,.F.);
#1209 = SURFACE_OF_LINEAR_EXTRUSION('',#1210,#1214);
#1210 = B_SPLINE_CURVE_WITH_KNOTS('',2,(#1211,#1212,#1213),
  .UNSPECIFIED.,.F.,.F.,(3,3),(0.,1.),.PIECEWISE_BEZIER_KNOTS.);
#1211 = CARTESIAN_POINT('',(14.277961783439,2.93022184828,7.465957482109
    ));
#1212 = CARTESIAN_POINT('',(14.846114649682,2.93022184828,7.465957482109
    ));
#1213 = CARTESIAN_POINT('',(15.210445859873,2.77952966114,7.051934100654
    ));
#1214 = VECTOR('',#1215,1.);
#1215 = DIRECTION('',(-0.,0.939692620786,-0.342020143326));
#1216 = ADVANCED_FACE('',(#1217),#1235,.T.);
#1217 = FACE_BOUND('',#1218,.T.);
#1218 = EDGE_LOOP('',(#1219,#1220,#1228,#1234));
#1219 = ORIENTED_EDGE('',*,*,#486,.T.);
#1220 = ORIENTED_EDGE('',*,*,#1221,.T.);
#1221 = EDGE_CURVE('',#470,#1222,#1224,.T.);
#1222 = VERTEX_POINT('',#1223);
#1223 = CARTESIAN_POINT('',(13.418004246285,2.059494120478,
    7.412696231611));
#1224 = LINE('',#1225,#1226);
#1225 = CARTESIAN_POINT('',(13.418004246285,2.811248217107,
    7.139080116951));
#1226 = VECTOR('',#1227,1.);
#1227 = DIRECTION('',(0.,-0.939692620786,0.342020143326));
#1228 = ORIENTED_EDGE('',*,*,#1229,.T.);
#1229 = EDGE_CURVE('',#1222,#1196,#1230,.T.);
#1230 = B_SPLINE_CURVE_WITH_KNOTS('',2,(#1231,#1232,#1233),
  .UNSPECIFIED.,.F.,.F.,(3,3),(0.,1.),.PIECEWISE_BEZIER_KNOTS.);
#1231 = CARTESIAN_POINT('',(13.418004246285,2.059494120478,
    7.412696231611));
#1232 = CARTESIAN_POINT('',(13.755668789809,2.178467751651,7.73957359677
    ));
#1233 = CARTESIAN_POINT('',(14.277961783439,2.178467751651,7.73957359677
    ));
#1234 = ORIENTED_EDGE('',*,*,#1195,.F.);
#1235 = SURFACE_OF_LINEAR_EXTRUSION('',#1236,#1240);
#1236 = B_SPLINE_CURVE_WITH_KNOTS('',2,(#1237,#1238,#1239),
  .UNSPECIFIED.,.F.,.F.,(3,3),(0.,1.),.PIECEWISE_BEZIER_KNOTS.);
#1237 = CARTESIAN_POINT('',(13.418004246285,2.811248217107,
    7.139080116951));
#1238 = CARTESIAN_POINT('',(13.755668789809,2.93022184828,7.465957482109
    ));
#1239 = CARTESIAN_POINT('',(14.277961783439,2.93022184828,7.465957482109
    ));
#1240 = VECTOR('',#1241,1.);
#1241 = DIRECTION('',(-0.,0.939692620786,-0.342020143326));
#1242 = ADVANCED_FACE('',(#1243),#1261,.T.);
#1243 = FACE_BOUND('',#1244,.T.);
#1244 = EDGE_LOOP('',(#1245,#1246,#1254,#1260));
#1245 = ORIENTED_EDGE('',*,*,#469,.T.);
#1246 = ORIENTED_EDGE('',*,*,#1247,.T.);
#1247 = EDGE_CURVE('',#453,#1248,#1250,.T.);
#1248 = VERTEX_POINT('',#1249);
#1249 = CARTESIAN_POINT('',(13.08050955414,1.746200764562,6.551929810567
    ));
#1250 = LINE('',#1251,#1252);
#1251 = CARTESIAN_POINT('',(13.08050955414,2.497954861191,6.278313695906
    ));
#1252 = VECTOR('',#1253,1.);
#1253 = DIRECTION('',(0.,-0.939692620786,0.342020143326));
#1254 = ORIENTED_EDGE('',*,*,#1255,.T.);
#1255 = EDGE_CURVE('',#1248,#1222,#1256,.T.);
#1256 = B_SPLINE_CURVE_WITH_KNOTS('',2,(#1257,#1258,#1259),
  .UNSPECIFIED.,.F.,.F.,(3,3),(0.,1.),.PIECEWISE_BEZIER_KNOTS.);
#1257 = CARTESIAN_POINT('',(13.08050955414,1.746200764562,6.551929810567
    ));
#1258 = CARTESIAN_POINT('',(13.08050955414,1.940578581899,7.085978474541
    ));
#1259 = CARTESIAN_POINT('',(13.418004246285,2.059494120478,
    7.412696231611));
#1260 = ORIENTED_EDGE('',*,*,#1221,.F.);
#1261 = SURFACE_OF_LINEAR_EXTRUSION('',#1262,#1266);
#1262 = B_SPLINE_CURVE_WITH_KNOTS('',2,(#1263,#1264,#1265),
  .UNSPECIFIED.,.F.,.F.,(3,3),(0.,1.),.PIECEWISE_BEZIER_KNOTS.);
#1263 = CARTESIAN_POINT('',(13.08050955414,2.497954861191,6.278313695906
    ));
#1264 = CARTESIAN_POINT('',(13.08050955414,2.692332678527,6.812362359881
    ));
#1265 = CARTESIAN_POINT('',(13.418004246285,2.811248217107,
    7.139080116951));
#1266 = VECTOR('',#1267,1.);
#1267 = DIRECTION('',(-0.,0.939692620786,-0.342020143326));
#1268 = ADVANCED_FACE('',(#1269),#1287,.T.);
#1269 = FACE_BOUND('',#1270,.T.);
#1270 = EDGE_LOOP('',(#1271,#1272,#1280,#1286));
#1271 = ORIENTED_EDGE('',*,*,#452,.T.);
#1272 = ORIENTED_EDGE('',*,*,#1273,.T.);
#1273 = EDGE_CURVE('',#438,#1274,#1276,.T.);
#1274 = VERTEX_POINT('',#1275);
#1275 = CARTESIAN_POINT('',(13.40016985138,1.443364075449,5.719892845445
    ));
#1276 = LINE('',#1277,#1278);
#1277 = CARTESIAN_POINT('',(13.40016985138,2.195118172077,5.446276730784
    ));
#1278 = VECTOR('',#1279,1.);
#1279 = DIRECTION('',(0.,-0.939692620786,0.342020143326));
#1280 = ORIENTED_EDGE('',*,*,#1281,.T.);
#1281 = EDGE_CURVE('',#1274,#1248,#1282,.T.);
#1282 = B_SPLINE_CURVE_WITH_KNOTS('',2,(#1283,#1284,#1285),
  .UNSPECIFIED.,.F.,.F.,(3,3),(0.,1.),.PIECEWISE_BEZIER_KNOTS.);
#1283 = CARTESIAN_POINT('',(13.40016985138,1.443364075449,5.719892845445
    ));
#1284 = CARTESIAN_POINT('',(13.08050955414,1.559723539921,6.039587846623
    ));
#1285 = CARTESIAN_POINT('',(13.08050955414,1.746200764562,6.551929810567
    ));
#1286 = ORIENTED_EDGE('',*,*,#1247,.F.);
#1287 = SURFACE_OF_LINEAR_EXTRUSION('',#1288,#1292);
#1288 = B_SPLINE_CURVE_WITH_KNOTS('',2,(#1289,#1290,#1291),
  .UNSPECIFIED.,.F.,.F.,(3,3),(0.,1.),.PIECEWISE_BEZIER_KNOTS.);
#1289 = CARTESIAN_POINT('',(13.40016985138,2.195118172077,5.446276730784
    ));
#1290 = CARTESIAN_POINT('',(13.08050955414,2.31147763655,5.765971731962)
  );
#1291 = CARTESIAN_POINT('',(13.08050955414,2.497954861191,6.278313695906
    ));
#1292 = VECTOR('',#1293,1.);
#1293 = DIRECTION('',(-0.,0.939692620786,-0.342020143326));
#1294 = ADVANCED_FACE('',(#1295),#1313,.T.);
#1295 = FACE_BOUND('',#1296,.T.);
#1296 = EDGE_LOOP('',(#1297,#1298,#1306,#1312));
#1297 = ORIENTED_EDGE('',*,*,#437,.T.);
#1298 = ORIENTED_EDGE('',*,*,#1299,.T.);
#1299 = EDGE_CURVE('',#423,#1300,#1302,.T.);
#1300 = VERTEX_POINT('',#1301);
#1301 = CARTESIAN_POINT('',(14.16076433121,1.32706270357,5.400357452355)
  );
#1302 = LINE('',#1303,#1304);
#1303 = CARTESIAN_POINT('',(14.16076433121,2.078816800198,5.126741337695
    ));
#1304 = VECTOR('',#1305,1.);
#1305 = DIRECTION('',(0.,-0.939692620786,0.342020143326));
#1306 = ORIENTED_EDGE('',*,*,#1307,.T.);
#1307 = EDGE_CURVE('',#1300,#1274,#1308,.T.);
#1308 = B_SPLINE_CURVE_WITH_KNOTS('',2,(#1309,#1310,#1311),
  .UNSPECIFIED.,.F.,.F.,(3,3),(0.,1.),.PIECEWISE_BEZIER_KNOTS.);
#1309 = CARTESIAN_POINT('',(14.16076433121,1.32706270357,5.400357452355)
  );
#1310 = CARTESIAN_POINT('',(13.72,1.32706270357,5.400357452355));
#1311 = CARTESIAN_POINT('',(13.40016985138,1.443364075449,5.719892845445
    ));
#1312 = ORIENTED_EDGE('',*,*,#1273,.F.);
#1313 = SURFACE_OF_LINEAR_EXTRUSION('',#1314,#1318);
#1314 = B_SPLINE_CURVE_WITH_KNOTS('',2,(#1315,#1316,#1317),
  .UNSPECIFIED.,.F.,.F.,(3,3),(0.,1.),.PIECEWISE_BEZIER_KNOTS.);
#1315 = CARTESIAN_POINT('',(14.16076433121,2.078816800198,5.126741337695
    ));
#1316 = CARTESIAN_POINT('',(13.72,2.078816800198,5.126741337695));
#1317 = CARTESIAN_POINT('',(13.40016985138,2.195118172077,5.446276730784
    ));
#1318 = VECTOR('',#1319,1.);
#1319 = DIRECTION('',(-0.,0.939692620786,-0.342020143326));
#1320 = ADVANCED_FACE('',(#1321),#1339,.T.);
#1321 = FACE_BOUND('',#1322,.T.);
#1322 = EDGE_LOOP('',(#1323,#1324,#1332,#1338));
#1323 = ORIENTED_EDGE('',*,*,#422,.T.);
#1324 = ORIENTED_EDGE('',*,*,#1325,.T.);
#1325 = EDGE_CURVE('',#401,#1326,#1328,.T.);
#1326 = VERTEX_POINT('',#1327);
#1327 = CARTESIAN_POINT('',(14.835923566879,1.434243538293,
    5.694834375557));
#1328 = LINE('',#1329,#1330);
#1329 = CARTESIAN_POINT('',(14.835923566879,2.185997634922,
    5.421218260897));
#1330 = VECTOR('',#1331,1.);
#1331 = DIRECTION('',(0.,-0.939692620786,0.342020143326));
#1332 = ORIENTED_EDGE('',*,*,#1333,.T.);
#1333 = EDGE_CURVE('',#1326,#1300,#1334,.T.);
#1334 = B_SPLINE_CURVE_WITH_KNOTS('',2,(#1335,#1336,#1337),
  .UNSPECIFIED.,.F.,.F.,(3,3),(0.,1.),.PIECEWISE_BEZIER_KNOTS.);
#1335 = CARTESIAN_POINT('',(14.835923566879,1.434243538293,
    5.694834375557));
#1336 = CARTESIAN_POINT('',(14.565859872611,1.32706270357,5.400357452355
    ));
#1337 = CARTESIAN_POINT('',(14.16076433121,1.32706270357,5.400357452355)
  );
#1338 = ORIENTED_EDGE('',*,*,#1299,.F.);
#1339 = SURFACE_OF_LINEAR_EXTRUSION('',#1340,#1344);
#1340 = B_SPLINE_CURVE_WITH_KNOTS('',2,(#1341,#1342,#1343),
  .UNSPECIFIED.,.F.,.F.,(3,3),(0.,1.),.PIECEWISE_BEZIER_KNOTS.);
#1341 = CARTESIAN_POINT('',(14.835923566879,2.185997634922,
    5.421218260897));
#1342 = CARTESIAN_POINT('',(14.565859872611,2.078816800198,
    5.126741337695));
#1343 = CARTESIAN_POINT('',(14.16076433121,2.078816800198,5.126741337695
    ));
#1344 = VECTOR('',#1345,1.);
#1345 = DIRECTION('',(-0.,0.939692620786,-0.342020143326));
#1346 = ADVANCED_FACE('',(#1347),#1365,.T.);
#1347 = FACE_BOUND('',#1348,.T.);
#1348 = EDGE_LOOP('',(#1349,#1350,#1358,#1364));
#1349 = ORIENTED_EDGE('',*,*,#400,.T.);
#1350 = ORIENTED_EDGE('',*,*,#1351,.T.);
#1351 = EDGE_CURVE('',#386,#1352,#1354,.T.);
#1352 = VERTEX_POINT('',#1353);
#1353 = CARTESIAN_POINT('',(14.637197452229,1.144187219716,
    4.897911189895));
#1354 = LINE('',#1355,#1356);
#1355 = CARTESIAN_POINT('',(14.637197452229,1.895941316344,
    4.624295075235));
#1356 = VECTOR('',#1357,1.);
#1357 = DIRECTION('',(0.,-0.939692620786,0.342020143326));
#1358 = ORIENTED_EDGE('',*,*,#1359,.T.);
#1359 = EDGE_CURVE('',#1352,#1326,#1360,.T.);
#1360 = B_SPLINE_CURVE_WITH_KNOTS('',2,(#1361,#1362,#1363),
  .UNSPECIFIED.,.F.,.F.,(3,3),(0.,1.),.PIECEWISE_BEZIER_KNOTS.);
#1361 = CARTESIAN_POINT('',(14.637197452229,1.144187219716,
    4.897911189895));
#1362 = CARTESIAN_POINT('',(14.792611464968,1.214188794698,
    5.090238936485));
#1363 = CARTESIAN_POINT('',(14.835923566879,1.434243538293,
    5.694834375557));
#1364 = ORIENTED_EDGE('',*,*,#1325,.F.);
#1365 = SURFACE_OF_LINEAR_EXTRUSION('',#1366,#1370);
#1366 = B_SPLINE_CURVE_WITH_KNOTS('',2,(#1367,#1368,#1369),
  .UNSPECIFIED.,.F.,.F.,(3,3),(0.,1.),.PIECEWISE_BEZIER_KNOTS.);
#1367 = CARTESIAN_POINT('',(14.637197452229,1.895941316344,
    4.624295075235));
#1368 = CARTESIAN_POINT('',(14.792611464968,1.965942891327,
    4.816622821825));
#1369 = CARTESIAN_POINT('',(14.835923566879,2.185997634922,
    5.421218260897));
#1370 = VECTOR('',#1371,1.);
#1371 = DIRECTION('',(-0.,0.939692620786,-0.342020143326));
#1372 = ADVANCED_FACE('',(#1373),#1391,.T.);
#1373 = FACE_BOUND('',#1374,.T.);
#1374 = EDGE_LOOP('',(#1375,#1376,#1384,#1390));
#1375 = ORIENTED_EDGE('',*,*,#385,.T.);
#1376 = ORIENTED_EDGE('',*,*,#1377,.T.);
#1377 = EDGE_CURVE('',#371,#1378,#1380,.T.);
#1378 = VERTEX_POINT('',#1379);
#1379 = CARTESIAN_POINT('',(14.260127388535,1.074243737327,
    4.705743051394));
#1380 = LINE('',#1381,#1382);
#1381 = CARTESIAN_POINT('',(14.260127388535,1.825997833956,
    4.432126936734));
#1382 = VECTOR('',#1383,1.);
#1383 = DIRECTION('',(0.,-0.939692620786,0.342020143326));
#1384 = ORIENTED_EDGE('',*,*,#1385,.T.);
#1385 = EDGE_CURVE('',#1378,#1352,#1386,.T.);
#1386 = B_SPLINE_CURVE_WITH_KNOTS('',2,(#1387,#1388,#1389),
  .UNSPECIFIED.,.F.,.F.,(3,3),(0.,1.),.PIECEWISE_BEZIER_KNOTS.);
#1387 = CARTESIAN_POINT('',(14.260127388535,1.074243737327,
    4.705743051394));
#1388 = CARTESIAN_POINT('',(14.48178343949,1.074243737327,4.705743051394
    ));
#1389 = CARTESIAN_POINT('',(14.637197452229,1.144187219716,
    4.897911189895));
#1390 = ORIENTED_EDGE('',*,*,#1351,.F.);
#1391 = SURFACE_OF_LINEAR_EXTRUSION('',#1392,#1396);
#1392 = B_SPLINE_CURVE_WITH_KNOTS('',2,(#1393,#1394,#1395),
  .UNSPECIFIED.,.F.,.F.,(3,3),(0.,1.),.PIECEWISE_BEZIER_KNOTS.);
#1393 = CARTESIAN_POINT('',(14.260127388535,1.825997833956,
    4.432126936734));
#1394 = CARTESIAN_POINT('',(14.48178343949,1.825997833956,4.432126936734
    ));
#1395 = CARTESIAN_POINT('',(14.637197452229,1.895941316344,
    4.624295075235));
#1396 = VECTOR('',#1397,1.);
#1397 = DIRECTION('',(-0.,0.939692620786,-0.342020143326));
#1398 = ADVANCED_FACE('',(#1399),#1417,.T.);
#1399 = FACE_BOUND('',#1400,.T.);
#1400 = EDGE_LOOP('',(#1401,#1402,#1410,#1416));
#1401 = ORIENTED_EDGE('',*,*,#370,.T.);
#1402 = ORIENTED_EDGE('',*,*,#1403,.T.);
#1403 = EDGE_CURVE('',#360,#1404,#1406,.T.);
#1404 = VERTEX_POINT('',#1405);
#1405 = CARTESIAN_POINT('',(13.977324840764,1.108925015555,
    4.801029080202));
#1406 = LINE('',#1407,#1408);
#1407 = CARTESIAN_POINT('',(13.977324840764,1.860679112183,
    4.527412965542));
#1408 = VECTOR('',#1409,1.);
#1409 = DIRECTION('',(0.,-0.939692620786,0.342020143326));
#1410 = ORIENTED_EDGE('',*,*,#1411,.T.);
#1411 = EDGE_CURVE('',#1404,#1378,#1412,.T.);
#1412 = B_SPLINE_CURVE_WITH_KNOTS('',2,(#1413,#1414,#1415),
  .UNSPECIFIED.,.F.,.F.,(3,3),(0.,1.),.PIECEWISE_BEZIER_KNOTS.);
#1413 = CARTESIAN_POINT('',(13.977324840764,1.108925015555,
    4.801029080202));
#1414 = CARTESIAN_POINT('',(14.084331210191,1.074243737327,
    4.705743051394));
#1415 = CARTESIAN_POINT('',(14.260127388535,1.074243737327,
    4.705743051394));
#1416 = ORIENTED_EDGE('',*,*,#1377,.F.);
#1417 = SURFACE_OF_LINEAR_EXTRUSION('',#1418,#1422);
#1418 = B_SPLINE_CURVE_WITH_KNOTS('',2,(#1419,#1420,#1421),
  .UNSPECIFIED.,.F.,.F.,(3,3),(0.,1.),.PIECEWISE_BEZIER_KNOTS.);
#1419 = CARTESIAN_POINT('',(13.977324840764,1.860679112183,
    4.527412965542));
#1420 = CARTESIAN_POINT('',(14.084331210191,1.825997833956,
    4.432126936734));
#1421 = CARTESIAN_POINT('',(14.260127388535,1.825997833956,
    4.432126936734));
#1422 = VECTOR('',#1423,1.);
#1423 = DIRECTION('',(-0.,0.939692620786,-0.342020143326));
#1424 = ADVANCED_FACE('',(#1425),#1436,.T.);
#1425 = FACE_BOUND('',#1426,.T.);
#1426 = EDGE_LOOP('',(#1427,#1428,#1429,#1435));
#1427 = ORIENTED_EDGE('',*,*,#359,.T.);
#1428 = ORIENTED_EDGE('',*,*,#1050,.T.);
#1429 = ORIENTED_EDGE('',*,*,#1430,.T.);
#1430 = EDGE_CURVE('',#1043,#1404,#1431,.T.);
#1431 = B_SPLINE_CURVE_WITH_KNOTS('',2,(#1432,#1433,#1434),
  .UNSPECIFIED.,.F.,.F.,(3,3),(0.,1.),.PIECEWISE_BEZIER_KNOTS.);
#1432 = CARTESIAN_POINT('',(13.844840764331,1.215524924345,5.09390992252
    ));
#1433 = CARTESIAN_POINT('',(13.870318471338,1.143606293782,
    4.896315109011));
#1434 = CARTESIAN_POINT('',(13.977324840764,1.108925015555,
    4.801029080202));
#1435 = ORIENTED_EDGE('',*,*,#1403,.F.);
#1436 = SURFACE_OF_LINEAR_EXTRUSION('',#1437,#1441);
#1437 = B_SPLINE_CURVE_WITH_KNOTS('',2,(#1438,#1439,#1440),
  .UNSPECIFIED.,.F.,.F.,(3,3),(0.,1.),.PIECEWISE_BEZIER_KNOTS.);
#1438 = CARTESIAN_POINT('',(13.844840764331,1.967279020974,
    4.820293807859));
#1439 = CARTESIAN_POINT('',(13.870318471338,1.895360390411,4.62269899435
    ));
#1440 = CARTESIAN_POINT('',(13.977324840764,1.860679112183,
    4.527412965542));
#1441 = VECTOR('',#1442,1.);
#1442 = DIRECTION('',(-0.,0.939692620786,-0.342020143326));
#1443 = ADVANCED_FACE('',(#1444),#1469,.T.);
#1444 = FACE_BOUND('',#1445,.T.);
#1445 = EDGE_LOOP('',(#1446,#1447,#1455,#1463));
#1446 = ORIENTED_EDGE('',*,*,#607,.T.);
#1447 = ORIENTED_EDGE('',*,*,#1448,.T.);
#1448 = EDGE_CURVE('',#610,#1449,#1451,.T.);
#1449 = VERTEX_POINT('',#1450);
#1450 = CARTESIAN_POINT('',(12.065987261146,0.892065364593,
    4.205212085995));
#1451 = LINE('',#1452,#1453);
#1452 = CARTESIAN_POINT('',(12.065987261146,1.643819461222,
    3.931595971335));
#1453 = VECTOR('',#1454,1.);
#1454 = DIRECTION('',(0.,-0.939692620786,0.342020143326));
#1455 = ORIENTED_EDGE('',*,*,#1456,.T.);
#1456 = EDGE_CURVE('',#1449,#1457,#1459,.T.);
#1457 = VERTEX_POINT('',#1458);
#1458 = CARTESIAN_POINT('',(11.350063694268,0.892065364593,
    4.205212085995));
#1459 = LINE('',#1460,#1461);
#1460 = CARTESIAN_POINT('',(12.065987261146,0.892065364593,
    4.205212085995));
#1461 = VECTOR('',#1462,1.);
#1462 = DIRECTION('',(-1.,0.,0.));
#1463 = ORIENTED_EDGE('',*,*,#1464,.F.);
#1464 = EDGE_CURVE('',#608,#1457,#1465,.T.);
#1465 = LINE('',#1466,#1467);
#1466 = CARTESIAN_POINT('',(11.350063694268,1.643819461222,
    3.931595971335));
#1467 = VECTOR('',#1468,1.);
#1468 = DIRECTION('',(0.,-0.939692620786,0.342020143326));
#1469 = PLANE('',#1470);
#1470 = AXIS2_PLACEMENT_3D('',#1471,#1472,#1473);
#1471 = CARTESIAN_POINT('',(12.065987261146,1.643819461222,
    3.931595971335));
#1472 = DIRECTION('',(0.,-0.342020143326,-0.939692620786));
#1473 = DIRECTION('',(-1.,0.,0.));
#1474 = ADVANCED_FACE('',(#1475),#1493,.T.);
#1475 = FACE_BOUND('',#1476,.T.);
#1476 = EDGE_LOOP('',(#1477,#1478,#1486,#1492));
#1477 = ORIENTED_EDGE('',*,*,#687,.T.);
#1478 = ORIENTED_EDGE('',*,*,#1479,.T.);
#1479 = EDGE_CURVE('',#680,#1480,#1482,.T.);
#1480 = VERTEX_POINT('',#1481);
#1481 = CARTESIAN_POINT('',(12.065987261146,2.178467751651,7.73957359677
    ));
#1482 = LINE('',#1483,#1484);
#1483 = CARTESIAN_POINT('',(12.065987261146,2.93022184828,7.465957482109
    ));
#1484 = VECTOR('',#1485,1.);
#1485 = DIRECTION('',(0.,-0.939692620786,0.342020143326));
#1486 = ORIENTED_EDGE('',*,*,#1487,.T.);
#1487 = EDGE_CURVE('',#1480,#1449,#1488,.T.);
#1488 = LINE('',#1489,#1490);
#1489 = CARTESIAN_POINT('',(12.065987261146,2.178467751651,7.73957359677
    ));
#1490 = VECTOR('',#1491,1.);
#1491 = DIRECTION('',(0.,-0.342020143326,-0.939692620786));
#1492 = ORIENTED_EDGE('',*,*,#1448,.F.);
#1493 = PLANE('',#1494);
#1494 = AXIS2_PLACEMENT_3D('',#1495,#1496,#1497);
#1495 = CARTESIAN_POINT('',(12.065987261146,2.93022184828,7.465957482109
    ));
#1496 = DIRECTION('',(1.,0.,0.));
#1497 = DIRECTION('',(0.,-0.342020143326,-0.939692620786));
#1498 = ADVANCED_FACE('',(#1499),#1517,.T.);
#1499 = FACE_BOUND('',#1500,.T.);
#1500 = EDGE_LOOP('',(#1501,#1502,#1510,#1516));
#1501 = ORIENTED_EDGE('',*,*,#679,.T.);
#1502 = ORIENTED_EDGE('',*,*,#1503,.T.);
#1503 = EDGE_CURVE('',#661,#1504,#1506,.T.);
#1504 = VERTEX_POINT('',#1505);
#1505 = CARTESIAN_POINT('',(11.485095541401,2.178467751651,7.73957359677
    ));
#1506 = LINE('',#1507,#1508);
#1507 = CARTESIAN_POINT('',(11.485095541401,2.93022184828,7.465957482109
    ));
#1508 = VECTOR('',#1509,1.);
#1509 = DIRECTION('',(0.,-0.939692620786,0.342020143326));
#1510 = ORIENTED_EDGE('',*,*,#1511,.T.);
#1511 = EDGE_CURVE('',#1504,#1480,#1512,.T.);
#1512 = LINE('',#1513,#1514);
#1513 = CARTESIAN_POINT('',(11.485095541401,2.178467751651,7.73957359677
    ));
#1514 = VECTOR('',#1515,1.);
#1515 = DIRECTION('',(1.,0.,0.));
#1516 = ORIENTED_EDGE('',*,*,#1479,.F.);
#1517 = PLANE('',#1518);
#1518 = AXIS2_PLACEMENT_3D('',#1519,#1520,#1521);
#1519 = CARTESIAN_POINT('',(11.485095541401,2.93022184828,7.465957482109
    ));
#1520 = DIRECTION('',(0.,0.342020143326,0.939692620786));
#1521 = DIRECTION('',(1.,0.,0.));
#1522 = ADVANCED_FACE('',(#1523),#1541,.T.);
#1523 = FACE_BOUND('',#1524,.T.);
#1524 = EDGE_LOOP('',(#1525,#1526,#1534,#1540));
#1525 = ORIENTED_EDGE('',*,*,#660,.T.);
#1526 = ORIENTED_EDGE('',*,*,#1527,.T.);
#1527 = EDGE_CURVE('',#649,#1528,#1530,.T.);
#1528 = VERTEX_POINT('',#1529);
#1529 = CARTESIAN_POINT('',(11.034140127389,1.973981823073,
    7.177753125404));
#1530 = LINE('',#1531,#1532);
#1531 = CARTESIAN_POINT('',(11.034140127389,2.725735919701,
    6.904137010743));
#1532 = VECTOR('',#1533,1.);
#1533 = DIRECTION('',(0.,-0.939692620786,0.342020143326));
#1534 = ORIENTED_EDGE('',*,*,#1535,.T.);
#1535 = EDGE_CURVE('',#1528,#1504,#1536,.T.);
#1536 = B_SPLINE_CURVE_WITH_KNOTS('',2,(#1537,#1538,#1539),
  .UNSPECIFIED.,.F.,.F.,(3,3),(0.,1.),.PIECEWISE_BEZIER_KNOTS.);
#1537 = CARTESIAN_POINT('',(11.034140127389,1.973981823073,
    7.177753125404));
#1538 = CARTESIAN_POINT('',(11.362802547771,2.061643546432,
    7.418601730884));
#1539 = CARTESIAN_POINT('',(11.485095541401,2.178467751651,7.73957359677
    ));
#1540 = ORIENTED_EDGE('',*,*,#1503,.F.);
#1541 = SURFACE_OF_LINEAR_EXTRUSION('',#1542,#1546);
#1542 = B_SPLINE_CURVE_WITH_KNOTS('',2,(#1543,#1544,#1545),
  .UNSPECIFIED.,.F.,.F.,(3,3),(0.,1.),.PIECEWISE_BEZIER_KNOTS.);
#1543 = CARTESIAN_POINT('',(11.034140127389,2.725735919701,
    6.904137010743));
#1544 = CARTESIAN_POINT('',(11.362802547771,2.813397643061,
    7.144985616224));
#1545 = CARTESIAN_POINT('',(11.485095541401,2.93022184828,7.465957482109
    ));
#1546 = VECTOR('',#1547,1.);
#1547 = DIRECTION('',(-0.,0.939692620786,-0.342020143326));
#1548 = ADVANCED_FACE('',(#1549),#1567,.T.);
#1549 = FACE_BOUND('',#1550,.T.);
#1550 = EDGE_LOOP('',(#1551,#1552,#1560,#1566));
#1551 = ORIENTED_EDGE('',*,*,#648,.T.);
#1552 = ORIENTED_EDGE('',*,*,#1553,.T.);
#1553 = EDGE_CURVE('',#641,#1554,#1556,.T.);
#1554 = VERTEX_POINT('',#1555);
#1555 = CARTESIAN_POINT('',(10.425222929936,1.8550081919,6.850875760245)
  );
#1556 = LINE('',#1557,#1558);
#1557 = CARTESIAN_POINT('',(10.425222929936,2.606762288528,
    6.577259645585));
#1558 = VECTOR('',#1559,1.);
#1559 = DIRECTION('',(0.,-0.939692620786,0.342020143326));
#1560 = ORIENTED_EDGE('',*,*,#1561,.T.);
#1561 = EDGE_CURVE('',#1554,#1528,#1562,.T.);
#1562 = B_SPLINE_CURVE_WITH_KNOTS('',2,(#1563,#1564,#1565),
  .UNSPECIFIED.,.F.,.F.,(3,3),(0.,1.),.PIECEWISE_BEZIER_KNOTS.);
#1563 = CARTESIAN_POINT('',(10.425222929936,1.8550081919,6.850875760245)
  );
#1564 = CARTESIAN_POINT('',(10.705477707006,1.886378192307,
    6.937064128012));
#1565 = CARTESIAN_POINT('',(11.034140127389,1.973981823073,
    7.177753125404));
#1566 = ORIENTED_EDGE('',*,*,#1527,.F.);
#1567 = SURFACE_OF_LINEAR_EXTRUSION('',#1568,#1572);
#1568 = B_SPLINE_CURVE_WITH_KNOTS('',2,(#1569,#1570,#1571),
  .UNSPECIFIED.,.F.,.F.,(3,3),(0.,1.),.PIECEWISE_BEZIER_KNOTS.);
#1569 = CARTESIAN_POINT('',(10.425222929936,2.606762288528,
    6.577259645585));
#1570 = CARTESIAN_POINT('',(10.705477707006,2.638132288935,
    6.663448013351));
#1571 = CARTESIAN_POINT('',(11.034140127389,2.725735919701,
    6.904137010743));
#1572 = VECTOR('',#1573,1.);
#1573 = DIRECTION('',(-0.,0.939692620786,-0.342020143326));
#1574 = ADVANCED_FACE('',(#1575),#1593,.T.);
#1575 = FACE_BOUND('',#1576,.T.);
#1576 = EDGE_LOOP('',(#1577,#1578,#1586,#1592));
#1577 = ORIENTED_EDGE('',*,*,#640,.T.);
#1578 = ORIENTED_EDGE('',*,*,#1579,.T.);
#1579 = EDGE_CURVE('',#626,#1580,#1582,.T.);
#1580 = VERTEX_POINT('',#1581);
#1581 = CARTESIAN_POINT('',(10.425222929936,1.63193263345,6.237980700574
    ));
#1582 = LINE('',#1583,#1584);
#1583 = CARTESIAN_POINT('',(10.425222929936,2.383686730079,
    5.964364585913));
#1584 = VECTOR('',#1585,1.);
#1585 = DIRECTION('',(0.,-0.939692620786,0.342020143326));
#1586 = ORIENTED_EDGE('',*,*,#1587,.T.);
#1587 = EDGE_CURVE('',#1580,#1554,#1588,.T.);
#1588 = LINE('',#1589,#1590);
#1589 = CARTESIAN_POINT('',(10.425222929936,1.63193263345,6.237980700574
    ));
#1590 = VECTOR('',#1591,1.);
#1591 = DIRECTION('',(0.,0.342020143326,0.939692620786));
#1592 = ORIENTED_EDGE('',*,*,#1553,.F.);
#1593 = PLANE('',#1594);
#1594 = AXIS2_PLACEMENT_3D('',#1595,#1596,#1597);
#1595 = CARTESIAN_POINT('',(10.425222929936,2.383686730079,
    5.964364585913));
#1596 = DIRECTION('',(-1.,0.,0.));
#1597 = DIRECTION('',(0.,0.342020143326,0.939692620786));
#1598 = ADVANCED_FACE('',(#1599),#1617,.T.);
#1599 = FACE_BOUND('',#1600,.T.);
#1600 = EDGE_LOOP('',(#1601,#1602,#1610,#1616));
#1601 = ORIENTED_EDGE('',*,*,#625,.T.);
#1602 = ORIENTED_EDGE('',*,*,#1603,.T.);
#1603 = EDGE_CURVE('',#618,#1604,#1606,.T.);
#1604 = VERTEX_POINT('',#1605);
#1605 = CARTESIAN_POINT('',(11.350063694268,1.818293672905,
    6.750003448341));
#1606 = LINE('',#1607,#1608);
#1607 = CARTESIAN_POINT('',(11.350063694268,2.570047769534,
    6.476387333681));
#1608 = VECTOR('',#1609,1.);
#1609 = DIRECTION('',(0.,-0.939692620786,0.342020143326));
#1610 = ORIENTED_EDGE('',*,*,#1611,.T.);
#1611 = EDGE_CURVE('',#1604,#1580,#1612,.T.);
#1612 = B_SPLINE_CURVE_WITH_KNOTS('',2,(#1613,#1614,#1615),
  .UNSPECIFIED.,.F.,.F.,(3,3),(0.,1.),.PIECEWISE_BEZIER_KNOTS.);
#1613 = CARTESIAN_POINT('',(11.350063694268,1.818293672905,
    6.750003448341));
#1614 = CARTESIAN_POINT('',(10.957707006369,1.692290837937,6.40381350448
    ));
#1615 = CARTESIAN_POINT('',(10.425222929936,1.63193263345,6.237980700574
    ));
#1616 = ORIENTED_EDGE('',*,*,#1579,.F.);
#1617 = SURFACE_OF_LINEAR_EXTRUSION('',#1618,#1622);
#1618 = B_SPLINE_CURVE_WITH_KNOTS('',2,(#1619,#1620,#1621),
  .UNSPECIFIED.,.F.,.F.,(3,3),(0.,1.),.PIECEWISE_BEZIER_KNOTS.);
#1619 = CARTESIAN_POINT('',(11.350063694268,2.570047769534,
    6.476387333681));
#1620 = CARTESIAN_POINT('',(10.957707006369,2.444044934566,
    6.130197389819));
#1621 = CARTESIAN_POINT('',(10.425222929936,2.383686730079,
    5.964364585913));
#1622 = VECTOR('',#1623,1.);
#1623 = DIRECTION('',(-0.,0.939692620786,-0.342020143326));
#1624 = ADVANCED_FACE('',(#1625),#1636,.T.);
#1625 = FACE_BOUND('',#1626,.T.);
#1626 = EDGE_LOOP('',(#1627,#1628,#1629,#1635));
#1627 = ORIENTED_EDGE('',*,*,#617,.T.);
#1628 = ORIENTED_EDGE('',*,*,#1464,.T.);
#1629 = ORIENTED_EDGE('',*,*,#1630,.T.);
#1630 = EDGE_CURVE('',#1457,#1604,#1631,.T.);
#1631 = LINE('',#1632,#1633);
#1632 = CARTESIAN_POINT('',(11.350063694268,0.892065364593,
    4.205212085995));
#1633 = VECTOR('',#1634,1.);
#1634 = DIRECTION('',(0.,0.342020143326,0.939692620786));
#1635 = ORIENTED_EDGE('',*,*,#1603,.F.);
#1636 = PLANE('',#1637);
#1637 = AXIS2_PLACEMENT_3D('',#1638,#1639,#1640);
#1638 = CARTESIAN_POINT('',(11.350063694268,1.643819461222,
    3.931595971335));
#1639 = DIRECTION('',(-1.,0.,0.));
#1640 = DIRECTION('',(0.,0.342020143326,0.939692620786));
#1641 = ADVANCED_FACE('',(#1642),#1667,.F.);
#1642 = FACE_BOUND('',#1643,.F.);
#1643 = EDGE_LOOP('',(#1644,#1652,#1660,#1666));
#1644 = ORIENTED_EDGE('',*,*,#1645,.F.);
#1645 = EDGE_CURVE('',#1646,#284,#1648,.T.);
#1646 = VERTEX_POINT('',#1647);
#1647 = CARTESIAN_POINT('',(30.,12.6,0.));
#1648 = LINE('',#1649,#1650);
#1649 = CARTESIAN_POINT('',(30.,12.6,0.));
#1650 = VECTOR('',#1651,1.);
#1651 = DIRECTION('',(-0.971520338783,-0.236956180191,0.));
#1652 = ORIENTED_EDGE('',*,*,#1653,.T.);
#1653 = EDGE_CURVE('',#1646,#1654,#1656,.T.);
#1654 = VERTEX_POINT('',#1655);
#1655 = CARTESIAN_POINT('',(30.,12.6,10.));
#1656 = LINE('',#1657,#1658);
#1657 = CARTESIAN_POINT('',(30.,12.6,0.));
#1658 = VECTOR('',#1659,1.);
#1659 = DIRECTION('',(0.,0.,1.));
#1660 = ORIENTED_EDGE('',*,*,#1661,.T.);
#1661 = EDGE_CURVE('',#1654,#95,#1662,.T.);
#1662 = LINE('',#1663,#1664);
#1663 = CARTESIAN_POINT('',(30.,12.6,10.));
#1664 = VECTOR('',#1665,1.);
#1665 = DIRECTION('',(-0.971520338783,-0.236956180191,0.));
#1666 = ORIENTED_EDGE('',*,*,#770,.T.);
#1667 = PLANE('',#1668);
#1668 = AXIS2_PLACEMENT_3D('',#1669,#1670,#1671);
#1669 = CARTESIAN_POINT('',(30.,12.6,0.));
#1670 = DIRECTION('',(0.236956180191,-0.971520338783,0.));
#1671 = DIRECTION('',(-0.971520338783,-0.236956180191,0.));
#1672 = ADVANCED_FACE('',(#1673),#1691,.T.);
#1673 = FACE_BOUND('',#1674,.T.);
#1674 = EDGE_LOOP('',(#1675,#1676,#1684,#1690));
#1675 = ORIENTED_EDGE('',*,*,#787,.F.);
#1676 = ORIENTED_EDGE('',*,*,#1677,.T.);
#1677 = EDGE_CURVE('',#71,#1678,#1680,.T.);
#1678 = VERTEX_POINT('',#1679);
#1679 = CARTESIAN_POINT('',(30.,6.6,10.));
#1680 = LINE('',#1681,#1682);
#1681 = CARTESIAN_POINT('',(25.9,7.6,10.));
#1682 = VECTOR('',#1683,1.);
#1683 = DIRECTION('',(0.971520338783,-0.236956180191,0.));
#1684 = ORIENTED_EDGE('',*,*,#1685,.T.);
#1685 = EDGE_CURVE('',#1678,#1654,#1686,.T.);
#1686 = LINE('',#1687,#1688);
#1687 = CARTESIAN_POINT('',(30.,6.6,10.));
#1688 = VECTOR('',#1689,1.);
#1689 = DIRECTION('',(0.,1.,0.));
#1690 = ORIENTED_EDGE('',*,*,#1661,.T.);
#1691 = PLANE('',#1692);
#1692 = AXIS2_PLACEMENT_3D('',#1693,#1694,#1695);
#1693 = CARTESIAN_POINT('',(28.172338161771,9.6,10.));
#1694 = DIRECTION('',(0.,0.,1.));
#1695 = DIRECTION('',(1.,0.,0.));
#1696 = ADVANCED_FACE('',(#1697),#1715,.F.);
#1697 = FACE_BOUND('',#1698,.F.);
#1698 = EDGE_LOOP('',(#1699,#1707,#1708,#1709));
#1699 = ORIENTED_EDGE('',*,*,#1700,.F.);
#1700 = EDGE_CURVE('',#260,#1701,#1703,.T.);
#1701 = VERTEX_POINT('',#1702);
#1702 = CARTESIAN_POINT('',(30.,6.6,0.));
#1703 = LINE('',#1704,#1705);
#1704 = CARTESIAN_POINT('',(25.9,7.6,0.));
#1705 = VECTOR('',#1706,1.);
#1706 = DIRECTION('',(0.971520338783,-0.236956180191,0.));
#1707 = ORIENTED_EDGE('',*,*,#806,.T.);
#1708 = ORIENTED_EDGE('',*,*,#1677,.T.);
#1709 = ORIENTED_EDGE('',*,*,#1710,.F.);
#1710 = EDGE_CURVE('',#1701,#1678,#1711,.T.);
#1711 = LINE('',#1712,#1713);
#1712 = CARTESIAN_POINT('',(30.,6.6,0.));
#1713 = VECTOR('',#1714,1.);
#1714 = DIRECTION('',(0.,0.,1.));
#1715 = PLANE('',#1716);
#1716 = AXIS2_PLACEMENT_3D('',#1717,#1718,#1719);
#1717 = CARTESIAN_POINT('',(25.9,7.6,0.));
#1718 = DIRECTION('',(0.236956180191,0.971520338783,0.));
#1719 = DIRECTION('',(0.971520338783,-0.236956180191,0.));
#1720 = ADVANCED_FACE('',(#1721),#1747,.T.);
#1721 = FACE_BOUND('',#1722,.T.);
#1722 = EDGE_LOOP('',(#1723,#1731,#1732,#1740));
#1723 = ORIENTED_EDGE('',*,*,#1724,.F.);
#1724 = EDGE_CURVE('',#821,#1725,#1727,.T.);
#1725 = VERTEX_POINT('',#1726);
#1726 = CARTESIAN_POINT('',(8.1,24.84,21.));
#1727 = LINE('',#1728,#1729);
#1728 = CARTESIAN_POINT('',(8.1,25.09,20.75));
#1729 = VECTOR('',#1730,1.);
#1730 = DIRECTION('',(-2.90882763039E-35,-0.707106781187,0.707106781187)
  );
#1731 = ORIENTED_EDGE('',*,*,#837,.T.);
#1732 = ORIENTED_EDGE('',*,*,#1733,.T.);
#1733 = EDGE_CURVE('',#830,#1734,#1736,.T.);
#1734 = VERTEX_POINT('',#1735);
#1735 = CARTESIAN_POINT('',(8.,24.74,21.));
#1736 = LINE('',#1737,#1738);
#1737 = CARTESIAN_POINT('',(7.5,24.74,20.5));
#1738 = VECTOR('',#1739,1.);
#1739 = DIRECTION('',(0.707106781187,-4.329780281177E-17,0.707106781187)
  );
#1740 = ORIENTED_EDGE('',*,*,#1741,.F.);
#1741 = EDGE_CURVE('',#1725,#1734,#1742,.T.);
#1742 = CIRCLE('',#1743,1.E-01);
#1743 = AXIS2_PLACEMENT_3D('',#1744,#1745,#1746);
#1744 = CARTESIAN_POINT('',(8.1,24.74,21.));
#1745 = DIRECTION('',(0.,-0.,1.));
#1746 = DIRECTION('',(0.,1.,0.));
#1747 = CONICAL_SURFACE('',#1748,0.6,0.785398163397);
#1748 = AXIS2_PLACEMENT_3D('',#1749,#1750,#1751);
#1749 = CARTESIAN_POINT('',(8.1,24.74,20.5));
#1750 = DIRECTION('',(-0.,-0.,-1.));
#1751 = DIRECTION('',(0.,1.,0.));
#1752 = ADVANCED_FACE('',(#1753),#1771,.F.);
#1753 = FACE_BOUND('',#1754,.T.);
#1754 = EDGE_LOOP('',(#1755,#1763,#1764,#1765));
#1755 = ORIENTED_EDGE('',*,*,#1756,.F.);
#1756 = EDGE_CURVE('',#854,#1757,#1759,.T.);
#1757 = VERTEX_POINT('',#1758);
#1758 = CARTESIAN_POINT('',(17.9,24.84,21.));
#1759 = LINE('',#1760,#1761);
#1760 = CARTESIAN_POINT('',(17.9,25.09,20.75));
#1761 = VECTOR('',#1762,1.);
#1762 = DIRECTION('',(-2.90882763039E-35,-0.707106781187,0.707106781187)
  );
#1763 = ORIENTED_EDGE('',*,*,#861,.T.);
#1764 = ORIENTED_EDGE('',*,*,#1724,.T.);
#1765 = ORIENTED_EDGE('',*,*,#1766,.F.);
#1766 = EDGE_CURVE('',#1757,#1725,#1767,.T.);
#1767 = LINE('',#1768,#1769);
#1768 = CARTESIAN_POINT('',(17.9,24.84,21.));
#1769 = VECTOR('',#1770,1.);
#1770 = DIRECTION('',(-1.,0.,0.));
#1771 = PLANE('',#1772);
#1772 = AXIS2_PLACEMENT_3D('',#1773,#1774,#1775);
#1773 = CARTESIAN_POINT('',(17.9,25.09,20.75));
#1774 = DIRECTION('',(-1.889513820523E-18,-0.707106781187,
    -0.707106781187));
#1775 = DIRECTION('',(1.,-1.336088035637E-18,-1.336088035637E-18));
#1776 = ADVANCED_FACE('',(#1777),#1795,.F.);
#1777 = FACE_BOUND('',#1778,.T.);
#1778 = EDGE_LOOP('',(#1779,#1780,#1781,#1789));
#1779 = ORIENTED_EDGE('',*,*,#1733,.F.);
#1780 = ORIENTED_EDGE('',*,*,#878,.T.);
#1781 = ORIENTED_EDGE('',*,*,#1782,.T.);
#1782 = EDGE_CURVE('',#879,#1783,#1785,.T.);
#1783 = VERTEX_POINT('',#1784);
#1784 = CARTESIAN_POINT('',(8.,14.94,21.));
#1785 = LINE('',#1786,#1787);
#1786 = CARTESIAN_POINT('',(7.75,14.94,20.75));
#1787 = VECTOR('',#1788,1.);
#1788 = DIRECTION('',(0.707106781187,-2.90882763039E-35,0.707106781187)
  );
#1789 = ORIENTED_EDGE('',*,*,#1790,.F.);
#1790 = EDGE_CURVE('',#1734,#1783,#1791,.T.);
#1791 = LINE('',#1792,#1793);
#1792 = CARTESIAN_POINT('',(8.,24.74,21.));
#1793 = VECTOR('',#1794,1.);
#1794 = DIRECTION('',(0.,-1.,0.));
#1795 = PLANE('',#1796);
#1796 = AXIS2_PLACEMENT_3D('',#1797,#1798,#1799);
#1797 = CARTESIAN_POINT('',(7.75,24.74,20.75));
#1798 = DIRECTION('',(0.707106781187,1.889513820523E-18,-0.707106781187)
  );
#1799 = DIRECTION('',(-1.336088035637E-18,1.,1.336088035637E-18));
#1800 = ADVANCED_FACE('',(#1801),#1820,.T.);
#1801 = FACE_BOUND('',#1802,.T.);
#1802 = EDGE_LOOP('',(#1803,#1811,#1812,#1813));
#1803 = ORIENTED_EDGE('',*,*,#1804,.F.);
#1804 = EDGE_CURVE('',#903,#1805,#1807,.T.);
#1805 = VERTEX_POINT('',#1806);
#1806 = CARTESIAN_POINT('',(18.,24.74,21.));
#1807 = LINE('',#1808,#1809);
#1808 = CARTESIAN_POINT('',(18.25,24.74,20.75));
#1809 = VECTOR('',#1810,1.);
#1810 = DIRECTION('',(-0.707106781187,5.615430530155E-36,0.707106781187)
  );
#1811 = ORIENTED_EDGE('',*,*,#910,.T.);
#1812 = ORIENTED_EDGE('',*,*,#1756,.T.);
#1813 = ORIENTED_EDGE('',*,*,#1814,.F.);
#1814 = EDGE_CURVE('',#1805,#1757,#1815,.T.);
#1815 = CIRCLE('',#1816,1.E-01);
#1816 = AXIS2_PLACEMENT_3D('',#1817,#1818,#1819);
#1817 = CARTESIAN_POINT('',(17.9,24.74,21.));
#1818 = DIRECTION('',(0.,0.,1.));
#1819 = DIRECTION('',(1.,0.,0.));
#1820 = CONICAL_SURFACE('',#1821,0.6,0.785398163397);
#1821 = AXIS2_PLACEMENT_3D('',#1822,#1823,#1824);
#1822 = CARTESIAN_POINT('',(17.9,24.74,20.5));
#1823 = DIRECTION('',(-0.,-0.,-1.));
#1824 = DIRECTION('',(1.,0.,0.));
#1825 = ADVANCED_FACE('',(#1826),#1845,.T.);
#1826 = FACE_BOUND('',#1827,.T.);
#1827 = EDGE_LOOP('',(#1828,#1829,#1830,#1838));
#1828 = ORIENTED_EDGE('',*,*,#1782,.F.);
#1829 = ORIENTED_EDGE('',*,*,#935,.T.);
#1830 = ORIENTED_EDGE('',*,*,#1831,.T.);
#1831 = EDGE_CURVE('',#928,#1832,#1834,.T.);
#1832 = VERTEX_POINT('',#1833);
#1833 = CARTESIAN_POINT('',(8.1,14.84,21.));
#1834 = LINE('',#1835,#1836);
#1835 = CARTESIAN_POINT('',(8.1,14.34,20.5));
#1836 = VECTOR('',#1837,1.);
#1837 = DIRECTION('',(4.329780281177E-17,0.707106781187,0.707106781187)
  );
#1838 = ORIENTED_EDGE('',*,*,#1839,.F.);
#1839 = EDGE_CURVE('',#1783,#1832,#1840,.T.);
#1840 = CIRCLE('',#1841,1.E-01);
#1841 = AXIS2_PLACEMENT_3D('',#1842,#1843,#1844);
#1842 = CARTESIAN_POINT('',(8.1,14.94,21.));
#1843 = DIRECTION('',(0.,0.,1.));
#1844 = DIRECTION('',(-1.,0.,0.));
#1845 = CONICAL_SURFACE('',#1846,0.6,0.785398163397);
#1846 = AXIS2_PLACEMENT_3D('',#1847,#1848,#1849);
#1847 = CARTESIAN_POINT('',(8.1,14.94,20.5));
#1848 = DIRECTION('',(-0.,-0.,-1.));
#1849 = DIRECTION('',(-1.,0.,0.));
#1850 = ADVANCED_FACE('',(#1851),#1869,.F.);
#1851 = FACE_BOUND('',#1852,.T.);
#1852 = EDGE_LOOP('',(#1853,#1861,#1862,#1863));
#1853 = ORIENTED_EDGE('',*,*,#1854,.F.);
#1854 = EDGE_CURVE('',#952,#1855,#1857,.T.);
#1855 = VERTEX_POINT('',#1856);
#1856 = CARTESIAN_POINT('',(18.,14.94,21.));
#1857 = LINE('',#1858,#1859);
#1858 = CARTESIAN_POINT('',(18.5,14.94,20.5));
#1859 = VECTOR('',#1860,1.);
#1860 = DIRECTION('',(-0.707106781187,4.329780281177E-17,0.707106781187)
  );
#1861 = ORIENTED_EDGE('',*,*,#959,.T.);
#1862 = ORIENTED_EDGE('',*,*,#1804,.T.);
#1863 = ORIENTED_EDGE('',*,*,#1864,.F.);
#1864 = EDGE_CURVE('',#1855,#1805,#1865,.T.);
#1865 = LINE('',#1866,#1867);
#1866 = CARTESIAN_POINT('',(18.,14.94,21.));
#1867 = VECTOR('',#1868,1.);
#1868 = DIRECTION('',(0.,1.,0.));
#1869 = PLANE('',#1870);
#1870 = AXIS2_PLACEMENT_3D('',#1871,#1872,#1873);
#1871 = CARTESIAN_POINT('',(18.25,14.94,20.75));
#1872 = DIRECTION('',(-0.707106781187,1.479157021432E-19,-0.707106781187
    ));
#1873 = DIRECTION('',(-1.045921960294E-19,-1.,-1.045921960294E-19));
#1874 = ADVANCED_FACE('',(#1875),#1893,.F.);
#1875 = FACE_BOUND('',#1876,.T.);
#1876 = EDGE_LOOP('',(#1877,#1878,#1879,#1887));
#1877 = ORIENTED_EDGE('',*,*,#1831,.F.);
#1878 = ORIENTED_EDGE('',*,*,#976,.T.);
#1879 = ORIENTED_EDGE('',*,*,#1880,.T.);
#1880 = EDGE_CURVE('',#977,#1881,#1883,.T.);
#1881 = VERTEX_POINT('',#1882);
#1882 = CARTESIAN_POINT('',(17.9,14.84,21.));
#1883 = LINE('',#1884,#1885);
#1884 = CARTESIAN_POINT('',(17.9,14.59,20.75));
#1885 = VECTOR('',#1886,1.);
#1886 = DIRECTION('',(2.26130160805E-35,0.707106781187,0.707106781187));
#1887 = ORIENTED_EDGE('',*,*,#1888,.F.);
#1888 = EDGE_CURVE('',#1832,#1881,#1889,.T.);
#1889 = LINE('',#1890,#1891);
#1890 = CARTESIAN_POINT('',(8.1,14.84,21.));
#1891 = VECTOR('',#1892,1.);
#1892 = DIRECTION('',(1.,0.,0.));
#1893 = PLANE('',#1894);
#1894 = AXIS2_PLACEMENT_3D('',#1895,#1896,#1897);
#1895 = CARTESIAN_POINT('',(8.1,14.59,20.75));
#1896 = DIRECTION('',(-3.029276165476E-18,0.707106781187,-0.707106781187
    ));
#1897 = DIRECTION('',(-1.,-2.142021718695E-18,2.142021718695E-18));
#1898 = ADVANCED_FACE('',(#1899),#1911,.T.);
#1899 = FACE_BOUND('',#1900,.T.);
#1900 = EDGE_LOOP('',(#1901,#1902,#1903,#1904));
#1901 = ORIENTED_EDGE('',*,*,#1880,.F.);
#1902 = ORIENTED_EDGE('',*,*,#1001,.T.);
#1903 = ORIENTED_EDGE('',*,*,#1854,.T.);
#1904 = ORIENTED_EDGE('',*,*,#1905,.F.);
#1905 = EDGE_CURVE('',#1881,#1855,#1906,.T.);
#1906 = CIRCLE('',#1907,1.E-01);
#1907 = AXIS2_PLACEMENT_3D('',#1908,#1909,#1910);
#1908 = CARTESIAN_POINT('',(17.9,14.94,21.));
#1909 = DIRECTION('',(-0.,0.,1.));
#1910 = DIRECTION('',(0.,-1.,0.));
#1911 = CONICAL_SURFACE('',#1912,0.6,0.785398163397);
#1912 = AXIS2_PLACEMENT_3D('',#1913,#1914,#1915);
#1913 = CARTESIAN_POINT('',(17.9,14.94,20.5));
#1914 = DIRECTION('',(-0.,-0.,-1.));
#1915 = DIRECTION('',(0.,-1.,0.));
#1916 = ADVANCED_FACE('',(#1917),#1928,.F.);
#1917 = FACE_BOUND('',#1918,.F.);
#1918 = EDGE_LOOP('',(#1919,#1920,#1921,#1927));
#1919 = ORIENTED_EDGE('',*,*,#1017,.F.);
#1920 = ORIENTED_EDGE('',*,*,#1700,.T.);
#1921 = ORIENTED_EDGE('',*,*,#1922,.T.);
#1922 = EDGE_CURVE('',#1701,#1646,#1923,.T.);
#1923 = LINE('',#1924,#1925);
#1924 = CARTESIAN_POINT('',(30.,6.6,0.));
#1925 = VECTOR('',#1926,1.);
#1926 = DIRECTION('',(0.,1.,0.));
#1927 = ORIENTED_EDGE('',*,*,#1645,.T.);
#1928 = PLANE('',#1929);
#1929 = AXIS2_PLACEMENT_3D('',#1930,#1931,#1932);
#1930 = CARTESIAN_POINT('',(28.172338161771,9.6,0.));
#1931 = DIRECTION('',(0.,0.,1.));
#1932 = DIRECTION('',(1.,0.,0.));
#1933 = ADVANCED_FACE('',(#1934,#1952),#2018,.T.);
#1934 = FACE_BOUND('',#1935,.T.);
#1935 = EDGE_LOOP('',(#1936,#1937,#1938,#1939,#1940,#1941,#1942,#1943,
    #1944,#1945,#1946,#1947,#1948,#1949,#1950,#1951));
#1936 = ORIENTED_EDGE('',*,*,#1042,.F.);
#1937 = ORIENTED_EDGE('',*,*,#1073,.F.);
#1938 = ORIENTED_EDGE('',*,*,#1099,.F.);
#1939 = ORIENTED_EDGE('',*,*,#1125,.F.);
#1940 = ORIENTED_EDGE('',*,*,#1151,.F.);
#1941 = ORIENTED_EDGE('',*,*,#1177,.F.);
#1942 = ORIENTED_EDGE('',*,*,#1203,.F.);
#1943 = ORIENTED_EDGE('',*,*,#1229,.F.);
#1944 = ORIENTED_EDGE('',*,*,#1255,.F.);
#1945 = ORIENTED_EDGE('',*,*,#1281,.F.);
#1946 = ORIENTED_EDGE('',*,*,#1307,.F.);
#1947 = ORIENTED_EDGE('',*,*,#1333,.F.);
#1948 = ORIENTED_EDGE('',*,*,#1359,.F.);
#1949 = ORIENTED_EDGE('',*,*,#1385,.F.);
#1950 = ORIENTED_EDGE('',*,*,#1411,.F.);
#1951 = ORIENTED_EDGE('',*,*,#1430,.F.);
#1952 = FACE_BOUND('',#1953,.T.);
#1953 = EDGE_LOOP('',(#1954,#1964,#1972,#1980,#1988,#1996,#2004,#2012));
#1954 = ORIENTED_EDGE('',*,*,#1955,.F.);
#1955 = EDGE_CURVE('',#1956,#1958,#1960,.T.);
#1956 = VERTEX_POINT('',#1957);
#1957 = CARTESIAN_POINT('',(14.772229299363,1.724938875398,
    6.493513250192));
#1958 = VERTEX_POINT('',#1959);
#1959 = CARTESIAN_POINT('',(14.612908704883,1.908685748152,
    6.998353633979));
#1960 = B_SPLINE_CURVE_WITH_KNOTS('',2,(#1961,#1962,#1963),
  .UNSPECIFIED.,.F.,.F.,(3,3),(0.,1.),.PIECEWISE_BEZIER_KNOTS.);
#1961 = CARTESIAN_POINT('',(14.772229299363,1.724938875398,
    6.493513250192));
#1962 = CARTESIAN_POINT('',(14.772229299363,1.84338967323,6.818954142554
    ));
#1963 = CARTESIAN_POINT('',(14.612908704883,1.908685748152,
    6.998353633979));
#1964 = ORIENTED_EDGE('',*,*,#1965,.F.);
#1965 = EDGE_CURVE('',#1966,#1956,#1968,.T.);
#1966 = VERTEX_POINT('',#1967);
#1967 = CARTESIAN_POINT('',(14.630743099788,1.561233947348,
    6.043737656922));
#1968 = B_SPLINE_CURVE_WITH_KNOTS('',2,(#1969,#1970,#1971),
  .UNSPECIFIED.,.F.,.F.,(3,3),(0.,1.),.PIECEWISE_BEZIER_KNOTS.);
#1969 = CARTESIAN_POINT('',(14.630743099788,1.561233947348,
    6.043737656922));
#1970 = CARTESIAN_POINT('',(14.772229299363,1.61700283696,6.19696142184)
  );
#1971 = CARTESIAN_POINT('',(14.772229299363,1.724938875398,
    6.493513250192));
#1972 = ORIENTED_EDGE('',*,*,#1973,.F.);
#1973 = EDGE_CURVE('',#1974,#1966,#1976,.T.);
#1974 = VERTEX_POINT('',#1975);
#1975 = CARTESIAN_POINT('',(14.283057324841,1.505523150329,
    5.890673500093));
#1976 = B_SPLINE_CURVE_WITH_KNOTS('',2,(#1977,#1978,#1979),
  .UNSPECIFIED.,.F.,.F.,(3,3),(0.,1.),.PIECEWISE_BEZIER_KNOTS.);
#1977 = CARTESIAN_POINT('',(14.283057324841,1.505523150329,
    5.890673500093));
#1978 = CARTESIAN_POINT('',(14.489426751592,1.505523150329,
    5.890673500093));
#1979 = CARTESIAN_POINT('',(14.630743099788,1.561233947348,
    6.043737656922));
#1980 = ORIENTED_EDGE('',*,*,#1981,.F.);
#1981 = EDGE_CURVE('',#1982,#1974,#1984,.T.);
#1982 = VERTEX_POINT('',#1983);
#1983 = CARTESIAN_POINT('',(13.926369426752,1.563441465895,
    6.049802764284));
#1984 = B_SPLINE_CURVE_WITH_KNOTS('',2,(#1985,#1986,#1987),
  .UNSPECIFIED.,.F.,.F.,(3,3),(0.,1.),.PIECEWISE_BEZIER_KNOTS.);
#1985 = CARTESIAN_POINT('',(13.926369426752,1.563441465895,
    6.049802764284));
#1986 = CARTESIAN_POINT('',(14.069044585987,1.505523150329,
    5.890673500093));
#1987 = CARTESIAN_POINT('',(14.283057324841,1.505523150329,
    5.890673500093));
#1988 = ORIENTED_EDGE('',*,*,#1989,.F.);
#1989 = EDGE_CURVE('',#1990,#1982,#1992,.T.);
#1990 = VERTEX_POINT('',#1991);
#1991 = CARTESIAN_POINT('',(13.783694267516,1.744980820102,
    6.548578040709));
#1992 = B_SPLINE_CURVE_WITH_KNOTS('',2,(#1993,#1994,#1995),
  .UNSPECIFIED.,.F.,.F.,(3,3),(0.,1.),.PIECEWISE_BEZIER_KNOTS.);
#1993 = CARTESIAN_POINT('',(13.783694267516,1.744980820102,
    6.548578040709));
#1994 = CARTESIAN_POINT('',(13.783694267516,1.621359781461,
    6.208932028475));
#1995 = CARTESIAN_POINT('',(13.926369426752,1.563441465895,
    6.049802764284));
#1996 = ORIENTED_EDGE('',*,*,#1997,.F.);
#1997 = EDGE_CURVE('',#1998,#1990,#2000,.T.);
#1998 = VERTEX_POINT('',#1999);
#1999 = CARTESIAN_POINT('',(13.914819532909,1.920420452007,
    7.030594467847));
#2000 = B_SPLINE_CURVE_WITH_KNOTS('',2,(#2001,#2002,#2003),
  .UNSPECIFIED.,.F.,.F.,(3,3),(0.,1.),.PIECEWISE_BEZIER_KNOTS.);
#2001 = CARTESIAN_POINT('',(13.914819532909,1.920420452007,
    7.030594467847));
#2002 = CARTESIAN_POINT('',(13.783694267516,1.866859080942,
    6.883435810291));
#2003 = CARTESIAN_POINT('',(13.783694267516,1.744980820102,
    6.548578040709));
#2004 = ORIENTED_EDGE('',*,*,#2005,.F.);
#2005 = EDGE_CURVE('',#2006,#1998,#2008,.T.);
#2006 = VERTEX_POINT('',#2007);
#2007 = CARTESIAN_POINT('',(14.244840764331,1.973981823073,
    7.177753125404));
#2008 = B_SPLINE_CURVE_WITH_KNOTS('',2,(#2009,#2010,#2011),
  .UNSPECIFIED.,.F.,.F.,(3,3),(0.,1.),.PIECEWISE_BEZIER_KNOTS.);
#2009 = CARTESIAN_POINT('',(14.244840764331,1.973981823073,
    7.177753125404));
#2010 = CARTESIAN_POINT('',(14.046114649682,1.973981823073,
    7.177753125404));
#2011 = CARTESIAN_POINT('',(13.914819532909,1.920420452007,
    7.030594467847));
#2012 = ORIENTED_EDGE('',*,*,#2013,.F.);
#2013 = EDGE_CURVE('',#1958,#2006,#2014,.T.);
#2014 = B_SPLINE_CURVE_WITH_KNOTS('',2,(#2015,#2016,#2017),
  .UNSPECIFIED.,.F.,.F.,(3,3),(0.,1.),.PIECEWISE_BEZIER_KNOTS.);
#2015 = CARTESIAN_POINT('',(14.612908704883,1.908685748152,
    6.998353633979));
#2016 = CARTESIAN_POINT('',(14.453757961783,1.973981823073,
    7.177753125404));
#2017 = CARTESIAN_POINT('',(14.244840764331,1.973981823073,
    7.177753125404));
#2018 = PLANE('',#2019);
#2019 = AXIS2_PLACEMENT_3D('',#2020,#2021,#2022);
#2020 = CARTESIAN_POINT('',(14.313256991644,1.45471607553,5.751082209333
    ));
#2021 = DIRECTION('',(0.,-0.939692620786,0.342020143326));
#2022 = DIRECTION('',(1.,0.,0.));
#2023 = ADVANCED_FACE('',(#2024),#2034,.T.);
#2024 = FACE_BOUND('',#2025,.F.);
#2025 = EDGE_LOOP('',(#2026,#2027,#2028,#2029,#2030,#2031,#2032,#2033));
#2026 = ORIENTED_EDGE('',*,*,#1456,.T.);
#2027 = ORIENTED_EDGE('',*,*,#1630,.T.);
#2028 = ORIENTED_EDGE('',*,*,#1611,.T.);
#2029 = ORIENTED_EDGE('',*,*,#1587,.T.);
#2030 = ORIENTED_EDGE('',*,*,#1561,.T.);
#2031 = ORIENTED_EDGE('',*,*,#1535,.T.);
#2032 = ORIENTED_EDGE('',*,*,#1511,.T.);
#2033 = ORIENTED_EDGE('',*,*,#1487,.T.);
#2034 = PLANE('',#2035);
#2035 = AXIS2_PLACEMENT_3D('',#2036,#2037,#2038);
#2036 = CARTESIAN_POINT('',(11.498461362457,1.574120018213,6.07914184565
    ));
#2037 = DIRECTION('',(0.,-0.939692620786,0.342020143326));
#2038 = DIRECTION('',(1.,0.,0.));
#2039 = ADVANCED_FACE('',(#2040),#2046,.F.);
#2040 = FACE_BOUND('',#2041,.F.);
#2041 = EDGE_LOOP('',(#2042,#2043,#2044,#2045));
#2042 = ORIENTED_EDGE('',*,*,#1710,.T.);
#2043 = ORIENTED_EDGE('',*,*,#1685,.T.);
#2044 = ORIENTED_EDGE('',*,*,#1653,.F.);
#2045 = ORIENTED_EDGE('',*,*,#1922,.F.);
#2046 = PLANE('',#2047);
#2047 = AXIS2_PLACEMENT_3D('',#2048,#2049,#2050);
#2048 = CARTESIAN_POINT('',(30.,6.6,0.));
#2049 = DIRECTION('',(-1.,0.,0.));
#2050 = DIRECTION('',(0.,1.,0.));
#2051 = ADVANCED_FACE('',(#2052),#2062,.T.);
#2052 = FACE_BOUND('',#2053,.T.);
#2053 = EDGE_LOOP('',(#2054,#2055,#2056,#2057,#2058,#2059,#2060,#2061));
#2054 = ORIENTED_EDGE('',*,*,#1766,.T.);
#2055 = ORIENTED_EDGE('',*,*,#1741,.T.);
#2056 = ORIENTED_EDGE('',*,*,#1790,.T.);
#2057 = ORIENTED_EDGE('',*,*,#1839,.T.);
#2058 = ORIENTED_EDGE('',*,*,#1888,.T.);
#2059 = ORIENTED_EDGE('',*,*,#1905,.T.);
#2060 = ORIENTED_EDGE('',*,*,#1864,.T.);
#2061 = ORIENTED_EDGE('',*,*,#1814,.T.);
#2062 = PLANE('',#2063);
#2063 = AXIS2_PLACEMENT_3D('',#2064,#2065,#2066);
#2064 = CARTESIAN_POINT('',(13.,19.84,21.));
#2065 = DIRECTION('',(0.,0.,1.));
#2066 = DIRECTION('',(1.,0.,0.));
#2067 = ADVANCED_FACE('',(#2068),#2078,.T.);
#2068 = FACE_BOUND('',#2069,.T.);
#2069 = EDGE_LOOP('',(#2070,#2071,#2072,#2073,#2074,#2075,#2076,#2077));
#2070 = ORIENTED_EDGE('',*,*,#1965,.T.);
#2071 = ORIENTED_EDGE('',*,*,#1955,.T.);
#2072 = ORIENTED_EDGE('',*,*,#2013,.T.);
#2073 = ORIENTED_EDGE('',*,*,#2005,.T.);
#2074 = ORIENTED_EDGE('',*,*,#1997,.T.);
#2075 = ORIENTED_EDGE('',*,*,#1989,.T.);
#2076 = ORIENTED_EDGE('',*,*,#1981,.T.);
#2077 = ORIENTED_EDGE('',*,*,#1973,.T.);
#2078 = PLANE('',#2079);
#2079 = AXIS2_PLACEMENT_3D('',#2080,#2081,#2082);
#2080 = CARTESIAN_POINT('',(14.313256991644,1.45471607553,5.751082209333
    ));
#2081 = DIRECTION('',(0.,-0.939692620786,0.342020143326));
#2082 = DIRECTION('',(1.,0.,0.));
#2083 = ( GEOMETRIC_REPRESENTATION_CONTEXT(3) 
GLOBAL_UNCERTAINTY_ASSIGNED_CONTEXT((#2087)) 
GLOBAL_UNIT_ASSIGNED_CONTEXT((#2084,#2085,#2086)) REPRESENTATION_CONTEXT
('Context #1','3D Context with UNIT and UNCERTAINTY') );
#2084 = ( LENGTH_UNIT() NAMED_UNIT(*) SI_UNIT(.MILLI.,.METRE.) );
#2085 = ( NAMED_UNIT(*) PLANE_ANGLE_UNIT() SI_UNIT($,.RADIAN.) );
#2086 = ( NAMED_UNIT(*) SI_UNIT($,.STERADIAN.) SOLID_ANGLE_UNIT() );
#2087 = UNCERTAINTY_MEASURE_WITH_UNIT(LENGTH_MEASURE(1.E-06),#2084,
  'distance_accuracy_value','confusion accuracy');
#2088 = PRODUCT_RELATED_PRODUCT_CATEGORY('part',$,(#7));
ENDSEC;
END-ISO-10303-21;
