ISO-10303-21;
HEADER;
FILE_DESCRIPTION(('FreeCAD Model'),'2;1');
FILE_NAME('Open CASCADE Shape Model','2026-08-29T16:41:00',('FreeCAD'),(
    'FreeCAD'),'Open CASCADE STEP processor 7.8','FreeCAD','Unknown');
FILE_SCHEMA(('AUTOMOTIVE_DESIGN { 1 0 10303 214 1 1 1 1 }'));
ENDSEC;
DATA;
#1 = APPLICATION_PROTOCOL_DEFINITION('international standard',
  'automotive_design',2000,#2);
#2 = APPLICATION_CONTEXT(
  'core data for automotive mechanical design processes');
#3 = SHAPE_DEFINITION_REPRESENTATION(#4,#10);
#4 = PRODUCT_DEFINITION_SHAPE('','',#5);
#5 = PRODUCT_DEFINITION('design','',#6,#9);
#6 = PRODUCT_DEFINITION_FORMATION('','',#7);
#7 = PRODUCT('Open CASCADE STEP translator 7.8 8',
  'Open CASCADE STEP translator 7.8 8','',(#8));
#8 = PRODUCT_CONTEXT('',#2,'mechanical');
#9 = PRODUCT_DEFINITION_CONTEXT('part definition',#2,'design');
#10 = ADVANCED_BREP_SHAPE_REPRESENTATION('',(#11,#15),#2152);
#11 = AXIS2_PLACEMENT_3D('',#12,#13,#14);
#12 = CARTESIAN_POINT('',(0.,0.,0.));
#13 = DIRECTION('',(0.,0.,1.));
#14 = DIRECTION('',(1.,0.,-0.));
#15 = MANIFOLD_SOLID_BREP('',#16);
#16 = CLOSED_SHELL('',(#17,#57,#222,#246,#334,#719,#736,#753,#770,#787,
    #804,#821,#838,#870,#894,#918,#943,#968,#992,#1016,#1034,#1051,#1082
    ,#1106,#1132,#1158,#1184,#1210,#1236,#1262,#1288,#1314,#1340,#1364,
    #1390,#1416,#1442,#1468,#1494,#1520,#1546,#1572,#1589,#1620,#1644,
    #1668,#1694,#1720,#1744,#1770,#1787,#1818,#1842,#1866,#1898,#1922,
    #1946,#1971,#1996,#2020,#2044,#2062,#2079,#2108,#2124,#2136));
#17 = ADVANCED_FACE('',(#18),#52,.F.);
#18 = FACE_BOUND('',#19,.F.);
#19 = EDGE_LOOP('',(#20,#30,#38,#46));
#20 = ORIENTED_EDGE('',*,*,#21,.F.);
#21 = EDGE_CURVE('',#22,#24,#26,.T.);
#22 = VERTEX_POINT('',#23);
#23 = CARTESIAN_POINT('',(0.,3.639702342662,10.));
#24 = VERTEX_POINT('',#25);
#25 = CARTESIAN_POINT('',(0.,7.45,10.));
#26 = LINE('',#27,#28);
#27 = CARTESIAN_POINT('',(0.,0.,10.));
#28 = VECTOR('',#29,1.);
#29 = DIRECTION('',(0.,1.,0.));
#30 = ORIENTED_EDGE('',*,*,#31,.T.);
#31 = EDGE_CURVE('',#22,#32,#34,.T.);
#32 = VERTEX_POINT('',#33);
#33 = CARTESIAN_POINT('',(0.,0.,0.));
#34 = LINE('',#35,#36);
#35 = CARTESIAN_POINT('',(0.,0.,0.));
#36 = VECTOR('',#37,1.);
#37 = DIRECTION('',(0.,-0.342020143326,-0.939692620786));
#38 = ORIENTED_EDGE('',*,*,#39,.T.);
#39 = EDGE_CURVE('',#32,#40,#42,.T.);
#40 = VERTEX_POINT('',#41);
#41 = CARTESIAN_POINT('',(0.,7.45,0.));
#42 = LINE('',#43,#44);
#43 = CARTESIAN_POINT('',(0.,0.,0.));
#44 = VECTOR('',#45,1.);
#45 = DIRECTION('',(0.,1.,0.));
#46 = ORIENTED_EDGE('',*,*,#47,.T.);
#47 = EDGE_CURVE('',#40,#24,#48,.T.);
#48 = LINE('',#49,#50);
#49 = CARTESIAN_POINT('',(0.,7.45,-1.));
#50 = VECTOR('',#51,1.);
#51 = DIRECTION('',(0.,0.,1.));
#52 = PLANE('',#53);
#53 = AXIS2_PLACEMENT_3D('',#54,#55,#56);
#54 = CARTESIAN_POINT('',(0.,0.,0.));
#55 = DIRECTION('',(1.,0.,0.));
#56 = DIRECTION('',(0.,0.,1.));
#57 = ADVANCED_FACE('',(#58,#147),#217,.T.);
#58 = FACE_BOUND('',#59,.T.);
#59 = EDGE_LOOP('',(#60,#61,#69,#77,#85,#93,#101,#109,#117,#125,#133,
    #141));
#60 = ORIENTED_EDGE('',*,*,#21,.F.);
#61 = ORIENTED_EDGE('',*,*,#62,.T.);
#62 = EDGE_CURVE('',#22,#63,#65,.T.);
#63 = VERTEX_POINT('',#64);
#64 = CARTESIAN_POINT('',(26.,3.639702342662,10.));
#65 = LINE('',#66,#67);
#66 = CARTESIAN_POINT('',(-1.,3.639702342662,10.));
#67 = VECTOR('',#68,1.);
#68 = DIRECTION('',(1.,0.,0.));
#69 = ORIENTED_EDGE('',*,*,#70,.T.);
#70 = EDGE_CURVE('',#63,#71,#73,.T.);
#71 = VERTEX_POINT('',#72);
#72 = CARTESIAN_POINT('',(26.,7.575609756098,10.));
#73 = LINE('',#74,#75);
#74 = CARTESIAN_POINT('',(26.,0.,10.));
#75 = VECTOR('',#76,1.);
#76 = DIRECTION('',(0.,1.,0.));
#77 = ORIENTED_EDGE('',*,*,#78,.F.);
#78 = EDGE_CURVE('',#79,#71,#81,.T.);
#79 = VERTEX_POINT('',#80);
#80 = CARTESIAN_POINT('',(25.9,7.6,10.));
#81 = LINE('',#82,#83);
#82 = CARTESIAN_POINT('',(25.9,7.6,10.));
#83 = VECTOR('',#84,1.);
#84 = DIRECTION('',(0.971520338783,-0.236956180191,0.));
#85 = ORIENTED_EDGE('',*,*,#86,.F.);
#86 = EDGE_CURVE('',#87,#79,#89,.T.);
#87 = VERTEX_POINT('',#88);
#88 = CARTESIAN_POINT('',(25.9,11.6,10.));
#89 = LINE('',#90,#91);
#90 = CARTESIAN_POINT('',(25.9,11.6,10.));
#91 = VECTOR('',#92,1.);
#92 = DIRECTION('',(0.,-1.,0.));
#93 = ORIENTED_EDGE('',*,*,#94,.F.);
#94 = EDGE_CURVE('',#95,#87,#97,.T.);
#95 = VERTEX_POINT('',#96);
#96 = CARTESIAN_POINT('',(26.,11.624390243902,10.));
#97 = LINE('',#98,#99);
#98 = CARTESIAN_POINT('',(30.,12.6,10.));
#99 = VECTOR('',#100,1.);
#100 = DIRECTION('',(-0.971520338783,-0.236956180191,0.));
#101 = ORIENTED_EDGE('',*,*,#102,.T.);
#102 = EDGE_CURVE('',#95,#103,#105,.T.);
#103 = VERTEX_POINT('',#104);
#104 = CARTESIAN_POINT('',(26.,32.,10.));
#105 = LINE('',#106,#107);
#106 = CARTESIAN_POINT('',(26.,0.,10.));
#107 = VECTOR('',#108,1.);
#108 = DIRECTION('',(0.,1.,0.));
#109 = ORIENTED_EDGE('',*,*,#110,.F.);
#110 = EDGE_CURVE('',#111,#103,#113,.T.);
#111 = VERTEX_POINT('',#112);
#112 = CARTESIAN_POINT('',(0.,32.,10.));
#113 = LINE('',#114,#115);
#114 = CARTESIAN_POINT('',(0.,32.,10.));
#115 = VECTOR('',#116,1.);
#116 = DIRECTION('',(1.,0.,0.));
#117 = ORIENTED_EDGE('',*,*,#118,.F.);
#118 = EDGE_CURVE('',#119,#111,#121,.T.);
#119 = VERTEX_POINT('',#120);
#120 = CARTESIAN_POINT('',(0.,11.75,10.));
#121 = LINE('',#122,#123);
#122 = CARTESIAN_POINT('',(0.,0.,10.));
#123 = VECTOR('',#124,1.);
#124 = DIRECTION('',(0.,1.,0.));
#125 = ORIENTED_EDGE('',*,*,#126,.T.);
#126 = EDGE_CURVE('',#119,#127,#129,.T.);
#127 = VERTEX_POINT('',#128);
#128 = CARTESIAN_POINT('',(4.,12.75,10.));
#129 = LINE('',#130,#131);
#130 = CARTESIAN_POINT('',(0.617647058824,11.904411764706,10.));
#131 = VECTOR('',#132,1.);
#132 = DIRECTION('',(0.970142500145,0.242535625036,0.));
#133 = ORIENTED_EDGE('',*,*,#134,.T.);
#134 = EDGE_CURVE('',#127,#135,#137,.T.);
#135 = VERTEX_POINT('',#136);
#136 = CARTESIAN_POINT('',(4.,6.45,10.));
#137 = LINE('',#138,#139);
#138 = CARTESIAN_POINT('',(4.,3.225,10.));
#139 = VECTOR('',#140,1.);
#140 = DIRECTION('',(0.,-1.,0.));
#141 = ORIENTED_EDGE('',*,*,#142,.T.);
#142 = EDGE_CURVE('',#135,#24,#143,.T.);
#143 = LINE('',#144,#145);
#144 = CARTESIAN_POINT('',(0.876470588235,7.230882352941,10.));
#145 = VECTOR('',#146,1.);
#146 = DIRECTION('',(-0.970142500145,0.242535625036,0.));
#147 = FACE_BOUND('',#148,.T.);
#148 = EDGE_LOOP('',(#149,#160,#168,#177,#185,#194,#202,#211));
#149 = ORIENTED_EDGE('',*,*,#150,.F.);
#150 = EDGE_CURVE('',#151,#153,#155,.T.);
#151 = VERTEX_POINT('',#152);
#152 = CARTESIAN_POINT('',(9.685,23.755,10.));
#153 = VERTEX_POINT('',#154);
#154 = CARTESIAN_POINT('',(9.085,23.155,10.));
#155 = CIRCLE('',#156,0.6);
#156 = AXIS2_PLACEMENT_3D('',#157,#158,#159);
#157 = CARTESIAN_POINT('',(9.685,23.155,10.));
#158 = DIRECTION('',(0.,-0.,1.));
#159 = DIRECTION('',(0.,1.,0.));
#160 = ORIENTED_EDGE('',*,*,#161,.T.);
#161 = EDGE_CURVE('',#151,#162,#164,.T.);
#162 = VERTEX_POINT('',#163);
#163 = CARTESIAN_POINT('',(16.315,23.755,10.));
#164 = LINE('',#165,#166);
#165 = CARTESIAN_POINT('',(8.4575,23.755,10.));
#166 = VECTOR('',#167,1.);
#167 = DIRECTION('',(1.,0.,0.));
#168 = ORIENTED_EDGE('',*,*,#169,.F.);
#169 = EDGE_CURVE('',#170,#162,#172,.T.);
#170 = VERTEX_POINT('',#171);
#171 = CARTESIAN_POINT('',(16.915,23.155,10.));
#172 = CIRCLE('',#173,0.6);
#173 = AXIS2_PLACEMENT_3D('',#174,#175,#176);
#174 = CARTESIAN_POINT('',(16.315,23.155,10.));
#175 = DIRECTION('',(0.,-0.,1.));
#176 = DIRECTION('',(0.,1.,0.));
#177 = ORIENTED_EDGE('',*,*,#178,.T.);
#178 = EDGE_CURVE('',#170,#179,#181,.T.);
#179 = VERTEX_POINT('',#180);
#180 = CARTESIAN_POINT('',(16.915,16.525,10.));
#181 = LINE('',#182,#183);
#182 = CARTESIAN_POINT('',(16.915,7.9625,10.));
#183 = VECTOR('',#184,1.);
#184 = DIRECTION('',(0.,-1.,0.));
#185 = ORIENTED_EDGE('',*,*,#186,.F.);
#186 = EDGE_CURVE('',#187,#179,#189,.T.);
#187 = VERTEX_POINT('',#188);
#188 = CARTESIAN_POINT('',(16.315,15.925,10.));
#189 = CIRCLE('',#190,0.6);
#190 = AXIS2_PLACEMENT_3D('',#191,#192,#193);
#191 = CARTESIAN_POINT('',(16.315,16.525,10.));
#192 = DIRECTION('',(-0.,0.,1.));
#193 = DIRECTION('',(0.,-1.,0.));
#194 = ORIENTED_EDGE('',*,*,#195,.T.);
#195 = EDGE_CURVE('',#187,#196,#198,.T.);
#196 = VERTEX_POINT('',#197);
#197 = CARTESIAN_POINT('',(9.685,15.925,10.));
#198 = LINE('',#199,#200);
#199 = CARTESIAN_POINT('',(4.5425,15.925,10.));
#200 = VECTOR('',#201,1.);
#201 = DIRECTION('',(-1.,0.,0.));
#202 = ORIENTED_EDGE('',*,*,#203,.F.);
#203 = EDGE_CURVE('',#204,#196,#206,.T.);
#204 = VERTEX_POINT('',#205);
#205 = CARTESIAN_POINT('',(9.085,16.525,10.));
#206 = CIRCLE('',#207,0.6);
#207 = AXIS2_PLACEMENT_3D('',#208,#209,#210);
#208 = CARTESIAN_POINT('',(9.685,16.525,10.));
#209 = DIRECTION('',(0.,0.,1.));
#210 = DIRECTION('',(-1.,0.,0.));
#211 = ORIENTED_EDGE('',*,*,#212,.T.);
#212 = EDGE_CURVE('',#204,#153,#213,.T.);
#213 = LINE('',#214,#215);
#214 = CARTESIAN_POINT('',(9.085,11.8775,10.));
#215 = VECTOR('',#216,1.);
#216 = DIRECTION('',(0.,1.,0.));
#217 = PLANE('',#218);
#218 = AXIS2_PLACEMENT_3D('',#219,#220,#221);
#219 = CARTESIAN_POINT('',(0.,0.,10.));
#220 = DIRECTION('',(0.,0.,1.));
#221 = DIRECTION('',(1.,0.,0.));
#222 = ADVANCED_FACE('',(#223),#241,.T.);
#223 = FACE_BOUND('',#224,.T.);
#224 = EDGE_LOOP('',(#225,#233,#234,#235));
#225 = ORIENTED_EDGE('',*,*,#226,.T.);
#226 = EDGE_CURVE('',#227,#40,#229,.T.);
#227 = VERTEX_POINT('',#228);
#228 = CARTESIAN_POINT('',(4.,6.45,0.));
#229 = LINE('',#230,#231);
#230 = CARTESIAN_POINT('',(0.876470588235,7.230882352941,0.));
#231 = VECTOR('',#232,1.);
#232 = DIRECTION('',(-0.970142500145,0.242535625036,0.));
#233 = ORIENTED_EDGE('',*,*,#47,.T.);
#234 = ORIENTED_EDGE('',*,*,#142,.F.);
#235 = ORIENTED_EDGE('',*,*,#236,.F.);
#236 = EDGE_CURVE('',#227,#135,#237,.T.);
#237 = LINE('',#238,#239);
#238 = CARTESIAN_POINT('',(4.,6.45,-1.));
#239 = VECTOR('',#240,1.);
#240 = DIRECTION('',(0.,0.,1.));
#241 = PLANE('',#242);
#242 = AXIS2_PLACEMENT_3D('',#243,#244,#245);
#243 = CARTESIAN_POINT('',(0.,7.45,-1.));
#244 = DIRECTION('',(0.242535625036,0.970142500145,0.));
#245 = DIRECTION('',(0.970142500145,-0.242535625036,0.));
#246 = ADVANCED_FACE('',(#247),#329,.F.);
#247 = FACE_BOUND('',#248,.F.);
#248 = EDGE_LOOP('',(#249,#250,#258,#266,#274,#282,#290,#298,#306,#314,
    #322,#328));
#249 = ORIENTED_EDGE('',*,*,#39,.F.);
#250 = ORIENTED_EDGE('',*,*,#251,.T.);
#251 = EDGE_CURVE('',#32,#252,#254,.T.);
#252 = VERTEX_POINT('',#253);
#253 = CARTESIAN_POINT('',(26.,0.,0.));
#254 = LINE('',#255,#256);
#255 = CARTESIAN_POINT('',(0.,0.,0.));
#256 = VECTOR('',#257,1.);
#257 = DIRECTION('',(1.,0.,0.));
#258 = ORIENTED_EDGE('',*,*,#259,.T.);
#259 = EDGE_CURVE('',#252,#260,#262,.T.);
#260 = VERTEX_POINT('',#261);
#261 = CARTESIAN_POINT('',(26.,7.575609756098,0.));
#262 = LINE('',#263,#264);
#263 = CARTESIAN_POINT('',(26.,0.,0.));
#264 = VECTOR('',#265,1.);
#265 = DIRECTION('',(0.,1.,0.));
#266 = ORIENTED_EDGE('',*,*,#267,.F.);
#267 = EDGE_CURVE('',#268,#260,#270,.T.);
#268 = VERTEX_POINT('',#269);
#269 = CARTESIAN_POINT('',(25.9,7.6,0.));
#270 = LINE('',#271,#272);
#271 = CARTESIAN_POINT('',(25.9,7.6,0.));
#272 = VECTOR('',#273,1.);
#273 = DIRECTION('',(0.971520338783,-0.236956180191,0.));
#274 = ORIENTED_EDGE('',*,*,#275,.F.);
#275 = EDGE_CURVE('',#276,#268,#278,.T.);
#276 = VERTEX_POINT('',#277);
#277 = CARTESIAN_POINT('',(25.9,11.6,0.));
#278 = LINE('',#279,#280);
#279 = CARTESIAN_POINT('',(25.9,11.6,0.));
#280 = VECTOR('',#281,1.);
#281 = DIRECTION('',(0.,-1.,0.));
#282 = ORIENTED_EDGE('',*,*,#283,.F.);
#283 = EDGE_CURVE('',#284,#276,#286,.T.);
#284 = VERTEX_POINT('',#285);
#285 = CARTESIAN_POINT('',(26.,11.624390243902,0.));
#286 = LINE('',#287,#288);
#287 = CARTESIAN_POINT('',(30.,12.6,0.));
#288 = VECTOR('',#289,1.);
#289 = DIRECTION('',(-0.971520338783,-0.236956180191,0.));
#290 = ORIENTED_EDGE('',*,*,#291,.T.);
#291 = EDGE_CURVE('',#284,#292,#294,.T.);
#292 = VERTEX_POINT('',#293);
#293 = CARTESIAN_POINT('',(26.,32.,0.));
#294 = LINE('',#295,#296);
#295 = CARTESIAN_POINT('',(26.,0.,0.));
#296 = VECTOR('',#297,1.);
#297 = DIRECTION('',(0.,1.,0.));
#298 = ORIENTED_EDGE('',*,*,#299,.F.);
#299 = EDGE_CURVE('',#300,#292,#302,.T.);
#300 = VERTEX_POINT('',#301);
#301 = CARTESIAN_POINT('',(0.,32.,0.));
#302 = LINE('',#303,#304);
#303 = CARTESIAN_POINT('',(0.,32.,0.));
#304 = VECTOR('',#305,1.);
#305 = DIRECTION('',(1.,0.,0.));
#306 = ORIENTED_EDGE('',*,*,#307,.F.);
#307 = EDGE_CURVE('',#308,#300,#310,.T.);
#308 = VERTEX_POINT('',#309);
#309 = CARTESIAN_POINT('',(0.,11.75,0.));
#310 = LINE('',#311,#312);
#311 = CARTESIAN_POINT('',(0.,0.,0.));
#312 = VECTOR('',#313,1.);
#313 = DIRECTION('',(0.,1.,0.));
#314 = ORIENTED_EDGE('',*,*,#315,.T.);
#315 = EDGE_CURVE('',#308,#316,#318,.T.);
#316 = VERTEX_POINT('',#317);
#317 = CARTESIAN_POINT('',(4.,12.75,0.));
#318 = LINE('',#319,#320);
#319 = CARTESIAN_POINT('',(0.617647058824,11.904411764706,0.));
#320 = VECTOR('',#321,1.);
#321 = DIRECTION('',(0.970142500145,0.242535625036,0.));
#322 = ORIENTED_EDGE('',*,*,#323,.T.);
#323 = EDGE_CURVE('',#316,#227,#324,.T.);
#324 = LINE('',#325,#326);
#325 = CARTESIAN_POINT('',(4.,3.225,0.));
#326 = VECTOR('',#327,1.);
#327 = DIRECTION('',(0.,-1.,0.));
#328 = ORIENTED_EDGE('',*,*,#226,.T.);
#329 = PLANE('',#330);
#330 = AXIS2_PLACEMENT_3D('',#331,#332,#333);
#331 = CARTESIAN_POINT('',(0.,0.,0.));
#332 = DIRECTION('',(0.,0.,1.));
#333 = DIRECTION('',(1.,0.,0.));
#334 = ADVANCED_FACE('',(#335,#346,#626),#714,.T.);
#335 = FACE_BOUND('',#336,.T.);
#336 = EDGE_LOOP('',(#337,#338,#339,#345));
#337 = ORIENTED_EDGE('',*,*,#31,.T.);
#338 = ORIENTED_EDGE('',*,*,#251,.T.);
#339 = ORIENTED_EDGE('',*,*,#340,.F.);
#340 = EDGE_CURVE('',#63,#252,#341,.T.);
#341 = LINE('',#342,#343);
#342 = CARTESIAN_POINT('',(26.,0.,0.));
#343 = VECTOR('',#344,1.);
#344 = DIRECTION('',(0.,-0.342020143326,-0.939692620786));
#345 = ORIENTED_EDGE('',*,*,#62,.F.);
#346 = FACE_BOUND('',#347,.T.);
#347 = EDGE_LOOP('',(#348,#358,#366,#381,#402,#416,#427,#442,#457,#472,
    #484,#492,#509,#526,#545,#560,#573,#584,#597,#610,#620));
#348 = ORIENTED_EDGE('',*,*,#349,.F.);
#349 = EDGE_CURVE('',#350,#352,#354,.T.);
#350 = VERTEX_POINT('',#351);
#351 = CARTESIAN_POINT('',(15.564585987261,1.455880937065,4.));
#352 = VERTEX_POINT('',#353);
#353 = CARTESIAN_POINT('',(15.564585987261,1.682674421488,4.623109977333
    ));
#354 = LINE('',#355,#356);
#355 = CARTESIAN_POINT('',(15.564585987261,0.841337210744,2.311554988667
    ));
#356 = VECTOR('',#357,1.);
#357 = DIRECTION('',(0.,0.342020143326,0.939692620786));
#358 = ORIENTED_EDGE('',*,*,#359,.F.);
#359 = EDGE_CURVE('',#360,#350,#362,.T.);
#360 = VERTEX_POINT('',#361);
#361 = CARTESIAN_POINT('',(13.055031847134,1.455880937065,4.));
#362 = LINE('',#363,#364);
#363 = CARTESIAN_POINT('',(7.282292993631,1.455880937065,4.));
#364 = VECTOR('',#365,1.);
#365 = DIRECTION('',(1.,0.,0.));
#366 = ORIENTED_EDGE('',*,*,#367,.F.);
#367 = EDGE_CURVE('',#368,#360,#370,.T.);
#368 = VERTEX_POINT('',#369);
#369 = CARTESIAN_POINT('',(13.299617834395,1.700799310612,4.672907700931
    ));
#370 = B_SPLINE_CURVE_WITH_KNOTS('',5,(#371,#372,#373,#374,#375,#376,
    #377,#378,#379,#380),.UNSPECIFIED.,.F.,.F.,(6,4,6),(0.,
    0.703005158456,1.),.UNSPECIFIED.);
#371 = CARTESIAN_POINT('',(13.299617834395,1.700799310612,4.672907700931
    ));
#372 = CARTESIAN_POINT('',(13.243043376433,1.668695092276,4.584702085983
    ));
#373 = CARTESIAN_POINT('',(13.193839056158,1.635663079303,4.493947376222
    ));
#374 = CARTESIAN_POINT('',(13.152415735528,1.601762373585,4.400805952756
    ));
#375 = CARTESIAN_POINT('',(13.119046083433,1.567074697605,4.305502346269
    ));
#376 = CARTESIAN_POINT('',(13.0831451346,1.516770167021,4.167291784393)
  );
#377 = CARTESIAN_POINT('',(13.073933767585,1.501708926759,4.125911366864
    ));
#378 = CARTESIAN_POINT('',(13.066179122464,1.486534665157,4.084220425755
    ));
#379 = CARTESIAN_POINT('',(13.059880707545,1.471255760607,4.042241980511
    ));
#380 = CARTESIAN_POINT('',(13.055031847134,1.455880937065,4.));
#381 = ORIENTED_EDGE('',*,*,#382,.F.);
#382 = EDGE_CURVE('',#383,#368,#385,.T.);
#383 = VERTEX_POINT('',#384);
#384 = CARTESIAN_POINT('',(14.104713375796,2.007760573854,5.516276840334
    ));
#385 = B_SPLINE_CURVE_WITH_KNOTS('',8,(#386,#387,#388,#389,#390,#391,
    #392,#393,#394,#395,#396,#397,#398,#399,#400,#401),.UNSPECIFIED.,.F.
  ,.F.,(9,7,9),(0.,0.908377180632,1.),.UNSPECIFIED.);
#386 = CARTESIAN_POINT('',(14.104713375796,2.007760573854,5.516276840334
    ));
#387 = CARTESIAN_POINT('',(13.992611169831,1.972105412351,5.418315089219
    ));
#388 = CARTESIAN_POINT('',(13.883963551801,1.936538061726,5.320594596507
    ));
#389 = CARTESIAN_POINT('',(13.779032644586,1.901002224919,5.222960687298
    ));
#390 = CARTESIAN_POINT('',(13.678491539463,1.865520425824,5.125475245482
    ));
#391 = CARTESIAN_POINT('',(13.583414750109,1.83019273517,5.028413213128)
  );
#392 = CARTESIAN_POINT('',(13.495391850644,1.79520397682,4.932282389628)
  );
#393 = CARTESIAN_POINT('',(13.416494386219,1.760821309871,4.837816788564
    ));
#394 = CARTESIAN_POINT('',(13.343032462377,1.724050710085,4.736790395955
    ));
#395 = CARTESIAN_POINT('',(13.336426951532,1.720692418026,4.727563564354
    ));
#396 = CARTESIAN_POINT('',(13.329950037174,1.717345379433,4.718367651398
    ));
#397 = CARTESIAN_POINT('',(13.32360514185,1.714010144375,4.709204168386)
  );
#398 = CARTESIAN_POINT('',(13.317395791891,1.710687293483,4.700074710593
    ));
#399 = CARTESIAN_POINT('',(13.311325617421,1.707377437957,4.690980957272
    ));
#400 = CARTESIAN_POINT('',(13.305398352355,1.704081219557,4.68192467165)
  );
#401 = CARTESIAN_POINT('',(13.299617834395,1.700799310612,4.672907700931
    ));
#402 = ORIENTED_EDGE('',*,*,#403,.F.);
#403 = EDGE_CURVE('',#404,#383,#406,.T.);
#404 = VERTEX_POINT('',#405);
#405 = CARTESIAN_POINT('',(14.698343949045,2.217300558053,6.091983215395
    ));
#406 = B_SPLINE_CURVE_WITH_KNOTS('',8,(#407,#408,#409,#410,#411,#412,
    #413,#414,#415),.UNSPECIFIED.,.F.,.F.,(9,9),(0.,1.),
  .PIECEWISE_BEZIER_KNOTS.);
#407 = CARTESIAN_POINT('',(14.698343949045,2.217300558053,6.091983215395
    ));
#408 = CARTESIAN_POINT('',(14.664252574858,2.20018124016,6.044948276047)
  );
#409 = CARTESIAN_POINT('',(14.611583433582,2.178633268158,5.985745709537
    ));
#410 = CARTESIAN_POINT('',(14.544892894381,2.153863904299,5.917692441639
    ));
#411 = CARTESIAN_POINT('',(14.468147883629,2.126895694524,5.84359789424)
  );
#412 = CARTESIAN_POINT('',(14.38427035006,2.098464917466,5.765484976256)
  );
#413 = CARTESIAN_POINT('',(14.295253214202,2.069047690207,5.684661808619
    ));
#414 = CARTESIAN_POINT('',(14.202070923754,2.038838933526,5.601663931768
    ));
#415 = CARTESIAN_POINT('',(14.104713375796,2.007760573854,5.516276840334
    ));
#416 = ORIENTED_EDGE('',*,*,#417,.F.);
#417 = EDGE_CURVE('',#418,#404,#420,.T.);
#418 = VERTEX_POINT('',#419);
#419 = CARTESIAN_POINT('',(14.846114649682,2.367528004447,6.504729732143
    ));
#420 = B_SPLINE_CURVE_WITH_KNOTS('',5,(#421,#422,#423,#424,#425,#426),
  .UNSPECIFIED.,.F.,.F.,(6,6),(0.,1.),.PIECEWISE_BEZIER_KNOTS.);
#421 = CARTESIAN_POINT('',(14.846114649682,2.367528004447,6.504729732143
    ));
#422 = CARTESIAN_POINT('',(14.846114649682,2.33741733609,6.422001350748)
  );
#423 = CARTESIAN_POINT('',(14.830922806107,2.307151535966,6.338846748327
    ));
#424 = CARTESIAN_POINT('',(14.800588535514,2.276935945958,6.255830097064
    ));
#425 = CARTESIAN_POINT('',(14.755984554561,2.24693991046,6.173416666859)
  );
#426 = CARTESIAN_POINT('',(14.698343949045,2.217300558053,6.091983215395
    ));
#427 = ORIENTED_EDGE('',*,*,#428,.F.);
#428 = EDGE_CURVE('',#429,#418,#431,.T.);
#429 = VERTEX_POINT('',#430);
#430 = CARTESIAN_POINT('',(14.717367303609,2.493705117194,6.85139850027)
  );
#431 = B_SPLINE_CURVE_WITH_KNOTS('',5,(#432,#433,#434,#435,#436,#437,
    #438,#439,#440,#441),.UNSPECIFIED.,.F.,.F.,(6,4,6),(0.,
    7.699521773071E-02,1.),.UNSPECIFIED.);
#432 = CARTESIAN_POINT('',(14.717367303609,2.493705117194,6.85139850027)
  );
#433 = CARTESIAN_POINT('',(14.72138338892,2.492329723007,6.847619635798)
  );
#434 = CARTESIAN_POINT('',(14.725321800426,2.490931010149,6.843776703804
    ));
#435 = CARTESIAN_POINT('',(14.729182281978,2.489509035312,6.839869860048
    ));
#436 = CARTESIAN_POINT('',(14.73296460945,2.488063864907,6.835899286992)
  );
#437 = CARTESIAN_POINT('',(14.781071250381,2.46899398123,6.783505212199)
  );
#438 = CARTESIAN_POINT('',(14.814223520916,2.448066466024,6.726007336726
    ));
#439 = CARTESIAN_POINT('',(14.835756008998,2.423953813483,6.659758368345
    ));
#440 = CARTESIAN_POINT('',(14.846114649682,2.39697904191,6.585645792553)
  );
#441 = CARTESIAN_POINT('',(14.846114649682,2.367528004447,6.504729732143
    ));
#442 = ORIENTED_EDGE('',*,*,#443,.F.);
#443 = EDGE_CURVE('',#444,#429,#446,.T.);
#444 = VERTEX_POINT('',#445);
#445 = CARTESIAN_POINT('',(14.362038216561,2.537797395544,6.972541039408
    ));
#446 = B_SPLINE_CURVE_WITH_KNOTS('',5,(#447,#448,#449,#450,#451,#452,
    #453,#454,#455,#456),.UNSPECIFIED.,.F.,.F.,(6,4,6),(0.,
    0.850349018751,1.),.UNSPECIFIED.);
#447 = CARTESIAN_POINT('',(14.362038216561,2.537797395544,6.972541039408
    ));
#448 = CARTESIAN_POINT('',(14.437410852934,2.537797395544,6.972541039408
    ));
#449 = CARTESIAN_POINT('',(14.507172879518,2.534752507267,6.964175277623
    ));
#450 = CARTESIAN_POINT('',(14.570589776287,2.528473938362,6.946925051329
    ));
#451 = CARTESIAN_POINT('',(14.627064321512,2.518867964594,6.92053285531)
  );
#452 = CARTESIAN_POINT('',(14.684963031352,2.503753785483,6.879006989487
    ));
#453 = CARTESIAN_POINT('',(14.693403585938,2.501391335301,6.872516210959
    ));
#454 = CARTESIAN_POINT('',(14.701618565645,2.498928689718,6.865750147826
    ));
#455 = CARTESIAN_POINT('',(14.709606764966,2.496366390311,6.858710288064
    ));
#456 = CARTESIAN_POINT('',(14.717367303609,2.493705117194,6.85139850027)
  );
#457 = ORIENTED_EDGE('',*,*,#458,.F.);
#458 = EDGE_CURVE('',#459,#444,#461,.T.);
#459 = VERTEX_POINT('',#460);
#460 = CARTESIAN_POINT('',(14.005350318471,2.491323320867,6.844854568643
    ));
#461 = B_SPLINE_CURVE_WITH_KNOTS('',5,(#462,#463,#464,#465,#466,#467,
    #468,#469,#470,#471),.UNSPECIFIED.,.F.,.F.,(6,4,6),(0.,
    0.232533270404,1.),.UNSPECIFIED.);
#462 = CARTESIAN_POINT('',(14.005350318471,2.491323320867,6.844854568643
    ));
#463 = CARTESIAN_POINT('',(14.017729416794,2.495665783413,6.856785386434
    ));
#464 = CARTESIAN_POINT('',(14.030624966974,2.499760254194,6.868034852449
    ));
#465 = CARTESIAN_POINT('',(14.04403435053,2.503603585554,6.878594318576)
  );
#466 = CARTESIAN_POINT('',(14.057953134735,2.507193472636,6.888457452273
    ));
#467 = CARTESIAN_POINT('',(14.119974099957,2.521535423536,6.92786163852)
  );
#468 = CARTESIAN_POINT('',(14.173058691283,2.529766817931,6.950477208752
    ));
#469 = CARTESIAN_POINT('',(14.231392704189,2.535166138491,6.965311720071
    ));
#470 = CARTESIAN_POINT('',(14.29455756008,2.537797395544,6.972541039408)
  );
#471 = CARTESIAN_POINT('',(14.362038216561,2.537797395544,6.972541039408
    ));
#472 = ORIENTED_EDGE('',*,*,#473,.F.);
#473 = EDGE_CURVE('',#474,#459,#476,.T.);
#474 = VERTEX_POINT('',#475);
#475 = CARTESIAN_POINT('',(13.852484076433,2.33702939294,6.420935485704)
  );
#476 = B_SPLINE_CURVE_WITH_KNOTS('',6,(#477,#478,#479,#480,#481,#482,
    #483),.UNSPECIFIED.,.F.,.F.,(7,7),(0.,1.),.PIECEWISE_BEZIER_KNOTS.);
#477 = CARTESIAN_POINT('',(13.852484076433,2.33702939294,6.420935485704)
  );
#478 = CARTESIAN_POINT('',(13.858880538597,2.370866112019,6.513901107323
    ));
#479 = CARTESIAN_POINT('',(13.872091100125,2.402081796199,6.599665494739
    ));
#480 = CARTESIAN_POINT('',(13.892840701985,2.430206842805,6.676938425212
    ));
#481 = CARTESIAN_POINT('',(13.921790135831,2.454732763478,6.744322838451
    ));
#482 = CARTESIAN_POINT('',(13.959360849604,2.475190680115,6.80053050246)
  );
#483 = CARTESIAN_POINT('',(14.005350318471,2.491323320867,6.844854568643
    ));
#484 = ORIENTED_EDGE('',*,*,#485,.F.);
#485 = EDGE_CURVE('',#486,#474,#488,.T.);
#486 = VERTEX_POINT('',#487);
#487 = CARTESIAN_POINT('',(13.139108280255,2.361602559925,6.488449707121
    ));
#488 = LINE('',#489,#490);
#489 = CARTESIAN_POINT('',(6.841448749292,2.578533720333,7.084463171917)
  );
#490 = VECTOR('',#491,1.);
#491 = DIRECTION('',(0.994966576024,-3.427293152997E-02,
    -9.416410547709E-02));
#492 = ORIENTED_EDGE('',*,*,#493,.F.);
#493 = EDGE_CURVE('',#494,#486,#496,.T.);
#494 = VERTEX_POINT('',#495);
#495 = CARTESIAN_POINT('',(13.539108280255,2.65369211927,7.290959175878)
  );
#496 = B_SPLINE_CURVE_WITH_KNOTS('',6,(#497,#498,#499,#500,#501,#502,
    #503,#504,#505,#506,#507,#508),.UNSPECIFIED.,.F.,.F.,(7,5,7),(0.,
    0.613103677599,1.),.UNSPECIFIED.);
#497 = CARTESIAN_POINT('',(13.539108280255,2.65369211927,7.290959175878)
  );
#498 = CARTESIAN_POINT('',(13.466012629509,2.63443692632,7.238055968042)
  );
#499 = CARTESIAN_POINT('',(13.400506541715,2.61188865429,7.17610509979)
  );
#500 = CARTESIAN_POINT('',(13.343429125699,2.58623045953,7.105609789064)
  );
#501 = CARTESIAN_POINT('',(13.294857712398,2.557825982891,7.027569130888
    ));
#502 = CARTESIAN_POINT('',(13.254437290225,2.527111782884,6.943182559913
    ));
#503 = CARTESIAN_POINT('',(13.200874319138,2.473960644213,6.797151006596
    ));
#504 = CARTESIAN_POINT('',(13.183160321126,2.452641172286,6.73857623888)
  );
#505 = CARTESIAN_POINT('',(13.168303968001,2.43066273142,6.678190968885)
  );
#506 = CARTESIAN_POINT('',(13.156129481427,2.408114329679,6.61623974426)
  );
#507 = CARTESIAN_POINT('',(13.146454613229,2.385073536672,6.552935685745
    ));
#508 = CARTESIAN_POINT('',(13.139108280255,2.361602559925,6.488449707121
    ));
#509 = ORIENTED_EDGE('',*,*,#510,.F.);
#510 = EDGE_CURVE('',#511,#494,#513,.T.);
#511 = VERTEX_POINT('',#512);
#512 = CARTESIAN_POINT('',(14.379872611465,2.742283324123,7.534361510774
    ));
#513 = B_SPLINE_CURVE_WITH_KNOTS('',6,(#514,#515,#516,#517,#518,#519,
    #520,#521,#522,#523,#524,#525),.UNSPECIFIED.,.F.,.F.,(7,5,7),(0.,
    0.892679385677,1.),.UNSPECIFIED.);
#514 = CARTESIAN_POINT('',(14.379872611465,2.742283324123,7.534361510774
    ));
#515 = CARTESIAN_POINT('',(14.237958508268,2.742283324123,7.534361510774
    ));
#516 = CARTESIAN_POINT('',(14.099891994446,2.738076572871,7.5228035567)
  );
#517 = CARTESIAN_POINT('',(13.96708741534,2.729203490351,7.498424962837)
  );
#518 = CARTESIAN_POINT('',(13.841089897426,2.71528805522,7.460192619033)
  );
#519 = CARTESIAN_POINT('',(13.723390168875,2.696168358069,7.407661682843
    ));
#520 = CARTESIAN_POINT('',(13.602114849282,2.669217889966,7.333615880285
    ));
#521 = CARTESIAN_POINT('',(13.589235306067,2.666254027463,7.325472734986
    ));
#522 = CARTESIAN_POINT('',(13.576493317788,2.663219035153,7.317134162145
    ));
#523 = CARTESIAN_POINT('',(13.563890509743,2.660113366328,7.308601407175
    ));
#524 = CARTESIAN_POINT('',(13.55142837617,2.656937535674,7.299875884166)
  );
#525 = CARTESIAN_POINT('',(13.539108280255,2.65369211927,7.290959175878)
  );
#526 = ORIENTED_EDGE('',*,*,#527,.F.);
#527 = EDGE_CURVE('',#528,#511,#530,.T.);
#528 = VERTEX_POINT('',#529);
#529 = CARTESIAN_POINT('',(15.248662420382,2.639924174647,7.253132058914
    ));
#530 = B_SPLINE_CURVE_WITH_KNOTS('',5,(#531,#532,#533,#534,#535,#536,
    #537,#538,#539,#540,#541,#542,#543,#544),.UNSPECIFIED.,.F.,.F.,(6,4,
    4,6),(0.,9.631310264999E-02,0.534249908685,1.),.UNSPECIFIED.);
#531 = CARTESIAN_POINT('',(15.248662420382,2.639924174647,7.253132058914
    ));
#532 = CARTESIAN_POINT('',(15.236039660126,2.644013945526,7.264368612056
    ));
#533 = CARTESIAN_POINT('',(15.223169929519,2.648005008704,7.275333968016
    ));
#534 = CARTESIAN_POINT('',(15.210055883753,2.651895903234,7.286024112878
    ));
#535 = CARTESIAN_POINT('',(15.196700740569,2.655685382266,7.296435620951
    ));
#536 = CARTESIAN_POINT('',(15.121303203974,2.676137385203,7.352627037204
    ));
#537 = CARTESIAN_POINT('',(15.054583102122,2.690786500593,7.392875150952
    ));
#538 = CARTESIAN_POINT('',(14.983326948473,2.703214596077,7.427021062662
    ));
#539 = CARTESIAN_POINT('',(14.90808450695,2.713441054448,7.455118026116)
  );
#540 = CARTESIAN_POINT('',(14.745865460411,2.730185491311,7.501122988299
    ));
#541 = CARTESIAN_POINT('',(14.658434152146,2.73642776203,7.518273486146)
  );
#542 = CARTESIAN_POINT('',(14.567877679478,2.740394765732,7.52917273924)
  );
#543 = CARTESIAN_POINT('',(14.474857511967,2.742283324123,7.534361510774
    ));
#544 = CARTESIAN_POINT('',(14.379872611465,2.742283324123,7.534361510774
    ));
#545 = ORIENTED_EDGE('',*,*,#546,.F.);
#546 = EDGE_CURVE('',#547,#528,#549,.T.);
#547 = VERTEX_POINT('',#548);
#548 = CARTESIAN_POINT('',(15.564585987261,2.38530433801,6.553569807211)
  );
#549 = B_SPLINE_CURVE_WITH_KNOTS('',5,(#550,#551,#552,#553,#554,#555,
    #556,#557,#558,#559),.UNSPECIFIED.,.F.,.F.,(6,4,6),(0.,
    0.536856106869,1.),.UNSPECIFIED.);
#550 = CARTESIAN_POINT('',(15.564585987261,2.38530433801,6.553569807211)
  );
#551 = CARTESIAN_POINT('',(15.564585987261,2.417087756028,6.640894030528
    ));
#552 = CARTESIAN_POINT('',(15.555982074488,2.448121207603,6.726157737977
    ));
#553 = CARTESIAN_POINT('',(15.538115897726,2.478147151037,6.80865333956)
  );
#554 = CARTESIAN_POINT('',(15.510630717136,2.506908457298,6.887674379066
    ));
#555 = CARTESIAN_POINT('',(15.44206801202,2.55772808071,7.027300146857)
  );
#556 = CARTESIAN_POINT('',(15.403365924815,2.580171263448,7.08896228465)
  );
#557 = CARTESIAN_POINT('',(15.357895328246,2.601384637852,7.147245551816
    ));
#558 = CARTESIAN_POINT('',(15.306123274428,2.621306873613,7.201981444712
    ));
#559 = CARTESIAN_POINT('',(15.248662420382,2.639924174647,7.253132058914
    ));
#560 = ORIENTED_EDGE('',*,*,#561,.F.);
#561 = EDGE_CURVE('',#562,#547,#564,.T.);
#562 = VERTEX_POINT('',#563);
#563 = CARTESIAN_POINT('',(15.474055201699,2.220379465501,6.100442444084
    ));
#564 = B_SPLINE_CURVE_WITH_KNOTS('',4,(#565,#566,#567,#568,#569,#570,
    #571,#572),.UNSPECIFIED.,.F.,.F.,(5,3,5),(0.,0.299604606342,1.),
  .UNSPECIFIED.);
#565 = CARTESIAN_POINT('',(15.474055201699,2.220379465501,6.100442444084
    ));
#566 = CARTESIAN_POINT('',(15.487623296854,2.232115820798,6.132687815249
    ));
#567 = CARTESIAN_POINT('',(15.499847240142,2.243986523613,6.165302303186
    ));
#568 = CARTESIAN_POINT('',(15.510716133473,2.255987111937,6.198273648627
    ));
#569 = CARTESIAN_POINT('',(15.542457197064,2.296458100974,6.309466777149
    ));
#570 = CARTESIAN_POINT('',(15.557260701752,2.325485635449,6.389219272663
    ));
#571 = CARTESIAN_POINT('',(15.564585987261,2.355127678622,6.470660116948
    ));
#572 = CARTESIAN_POINT('',(15.564585987261,2.38530433801,6.553569807211)
  );
#573 = ORIENTED_EDGE('',*,*,#574,.F.);
#574 = EDGE_CURVE('',#575,#562,#577,.T.);
#575 = VERTEX_POINT('',#576);
#576 = CARTESIAN_POINT('',(15.187515923567,2.056267889298,5.649549594195
    ));
#577 = B_SPLINE_CURVE_WITH_KNOTS('',5,(#578,#579,#580,#581,#582,#583),
  .UNSPECIFIED.,.F.,.F.,(6,6),(0.,1.),.PIECEWISE_BEZIER_KNOTS.);
#578 = CARTESIAN_POINT('',(15.187515923567,2.056267889298,5.649549594195
    ));
#579 = CARTESIAN_POINT('',(15.263436769814,2.089473481957,5.740781210227
    ));
#580 = CARTESIAN_POINT('',(15.330825308625,2.12257815639,5.831735555708)
  );
#581 = CARTESIAN_POINT('',(15.388901181226,2.155502319772,5.922193951156
    ));
#582 = CARTESIAN_POINT('',(15.436857494176,2.188143096388,6.011873747861
    ));
#583 = CARTESIAN_POINT('',(15.474055201699,2.220379465501,6.100442444084
    ));
#584 = ORIENTED_EDGE('',*,*,#585,.F.);
#585 = EDGE_CURVE('',#586,#575,#588,.T.);
#586 = VERTEX_POINT('',#587);
#587 = CARTESIAN_POINT('',(14.71872611465,1.892621053841,5.199933609014)
  );
#588 = B_SPLINE_CURVE_WITH_KNOTS('',7,(#589,#590,#591,#592,#593,#594,
    #595,#596),.UNSPECIFIED.,.F.,.F.,(8,8),(0.,1.),
  .PIECEWISE_BEZIER_KNOTS.);
#589 = CARTESIAN_POINT('',(14.71872611465,1.892621053841,5.199933609014)
  );
#590 = CARTESIAN_POINT('',(14.804882819348,1.919769399588,5.274523075927
    ));
#591 = CARTESIAN_POINT('',(14.886329033895,1.946034171286,5.346684943097
    ));
#592 = CARTESIAN_POINT('',(14.962365595703,1.971274490126,5.416032149167
    ));
#593 = CARTESIAN_POINT('',(15.031946583306,1.995259352273,5.481930016327
    ));
#594 = CARTESIAN_POINT('',(15.093730387246,2.017678099754,5.543525018803
    ));
#595 = CARTESIAN_POINT('',(15.146117656581,2.038148018261,5.59976565768)
  );
#596 = CARTESIAN_POINT('',(15.187515923567,2.056267889298,5.649549594195
    ));
#597 = ORIENTED_EDGE('',*,*,#598,.F.);
#598 = EDGE_CURVE('',#599,#586,#601,.T.);
#599 = VERTEX_POINT('',#600);
#600 = CARTESIAN_POINT('',(14.289341825902,1.750875126077,4.810489873181
    ));
#601 = B_SPLINE_CURVE_WITH_KNOTS('',7,(#602,#603,#604,#605,#606,#607,
    #608,#609),.UNSPECIFIED.,.F.,.F.,(8,8),(0.,1.),
  .PIECEWISE_BEZIER_KNOTS.);
#602 = CARTESIAN_POINT('',(14.289341825902,1.750875126077,4.810489873181
    ));
#603 = CARTESIAN_POINT('',(14.318706246237,1.762237346753,4.841707317924
    ));
#604 = CARTESIAN_POINT('',(14.362330959321,1.777619935583,4.883970633388
    ));
#605 = CARTESIAN_POINT('',(14.418117970772,1.796391534889,4.935545178608
    ));
#606 = CARTESIAN_POINT('',(14.483473521753,1.817797710891,4.994358163809
    ));
#607 = CARTESIAN_POINT('',(14.556290838227,1.841232661954,5.058745162681
    ));
#608 = CARTESIAN_POINT('',(14.634997460902,1.866252151652,5.127485645673
    ));
#609 = CARTESIAN_POINT('',(14.71872611465,1.892621053841,5.199933609014)
  );
#610 = ORIENTED_EDGE('',*,*,#611,.F.);
#611 = EDGE_CURVE('',#612,#599,#614,.T.);
#612 = VERTEX_POINT('',#613);
#613 = CARTESIAN_POINT('',(14.142929936306,1.682674421488,4.623109977333
    ));
#614 = B_SPLINE_CURVE_WITH_KNOTS('',4,(#615,#616,#617,#618,#619),
  .UNSPECIFIED.,.F.,.F.,(5,5),(0.,1.),.PIECEWISE_BEZIER_KNOTS.);
#615 = CARTESIAN_POINT('',(14.142929936306,1.682674421488,4.623109977333
    ));
#616 = CARTESIAN_POINT('',(14.171105305551,1.699377764123,4.669002034051
    ));
#617 = CARTESIAN_POINT('',(14.204973567934,1.716323154512,4.715559111508
    ));
#618 = CARTESIAN_POINT('',(14.244433241107,1.733494480125,4.762736940893
    ));
#619 = CARTESIAN_POINT('',(14.289341825902,1.750875126077,4.810489873181
    ));
#620 = ORIENTED_EDGE('',*,*,#621,.F.);
#621 = EDGE_CURVE('',#352,#612,#622,.T.);
#622 = LINE('',#623,#624);
#623 = CARTESIAN_POINT('',(6.571464968153,1.682674421488,4.623109977333)
  );
#624 = VECTOR('',#625,1.);
#625 = DIRECTION('',(-1.,0.,0.));
#626 = FACE_BOUND('',#627,.T.);
#627 = EDGE_LOOP('',(#628,#638,#646,#661,#669,#681,#700,#708));
#628 = ORIENTED_EDGE('',*,*,#629,.F.);
#629 = EDGE_CURVE('',#630,#632,#634,.T.);
#630 = VERTEX_POINT('',#631);
#631 = CARTESIAN_POINT('',(11.36025477707,1.455880937065,4.));
#632 = VERTEX_POINT('',#633);
#633 = CARTESIAN_POINT('',(12.076178343949,1.455880937065,4.));
#634 = LINE('',#635,#636);
#635 = CARTESIAN_POINT('',(5.538089171975,1.455880937065,4.));
#636 = VECTOR('',#637,1.);
#637 = DIRECTION('',(1.,0.,0.));
#638 = ORIENTED_EDGE('',*,*,#639,.F.);
#639 = EDGE_CURVE('',#640,#630,#642,.T.);
#640 = VERTEX_POINT('',#641);
#641 = CARTESIAN_POINT('',(11.36025477707,2.382109245376,6.544791362346)
  );
#642 = LINE('',#643,#644);
#643 = CARTESIAN_POINT('',(11.36025477707,0.727940468532,2.));
#644 = VECTOR('',#645,1.);
#645 = DIRECTION('',(-0.,-0.342020143326,-0.939692620786));
#646 = ORIENTED_EDGE('',*,*,#647,.F.);
#647 = EDGE_CURVE('',#648,#640,#650,.T.);
#648 = VERTEX_POINT('',#649);
#649 = CARTESIAN_POINT('',(10.435414012739,2.195748205922,6.032768614578
    ));
#650 = B_SPLINE_CURVE_WITH_KNOTS('',5,(#651,#652,#653,#654,#655,#656,
    #657,#658,#659,#660),.UNSPECIFIED.,.F.,.F.,(6,4,6),(0.,
    0.723532752039,1.),.UNSPECIFIED.);
#651 = CARTESIAN_POINT('',(10.435414012739,2.195748205922,6.032768614578
    ));
#652 = CARTESIAN_POINT('',(10.586493249466,2.212873359269,6.079819586705
    ));
#653 = CARTESIAN_POINT('',(10.732472619458,2.233522330948,6.136552170127
    ));
#654 = CARTESIAN_POINT('',(10.872442800958,2.257803848753,6.203265092008
    ));
#655 = CARTESIAN_POINT('',(11.005584168767,2.28572395818,6.279974962205)
  );
#656 = CARTESIAN_POINT('',(11.179302199336,2.329123500893,6.399214225825
    ));
#657 = CARTESIAN_POINT('',(11.226243540839,2.341630760276,6.433577638559
    ));
#658 = CARTESIAN_POINT('',(11.27206589082,2.354638420102,6.469315890211)
  );
#659 = CARTESIAN_POINT('',(11.31674288401,2.368135679869,6.506399306646)
  );
#660 = CARTESIAN_POINT('',(11.36025477707,2.382109245376,6.544791362346)
  );
#661 = ORIENTED_EDGE('',*,*,#662,.F.);
#662 = EDGE_CURVE('',#663,#648,#665,.T.);
#663 = VERTEX_POINT('',#664);
#664 = CARTESIAN_POINT('',(10.435414012739,2.418823764371,6.64566367425)
  );
#665 = LINE('',#666,#667);
#666 = CARTESIAN_POINT('',(10.435414012739,1.097874102961,3.016384307289
    ));
#667 = VECTOR('',#668,1.);
#668 = DIRECTION('',(-0.,-0.342020143326,-0.939692620786));
#669 = ORIENTED_EDGE('',*,*,#670,.F.);
#670 = EDGE_CURVE('',#671,#663,#673,.T.);
#671 = VERTEX_POINT('',#672);
#672 = CARTESIAN_POINT('',(11.044331210191,2.537797395544,6.972541039408
    ));
#673 = B_SPLINE_CURVE_WITH_KNOTS('',6,(#674,#675,#676,#677,#678,#679,
    #680),.UNSPECIFIED.,.F.,.F.,(7,7),(0.,1.),.PIECEWISE_BEZIER_KNOTS.);
#674 = CARTESIAN_POINT('',(11.044331210191,2.537797395544,6.972541039408
    ));
#675 = CARTESIAN_POINT('',(10.941260351222,2.5103242775,6.89705926794));
#676 = CARTESIAN_POINT('',(10.838390362178,2.485461594455,6.828749607688
    ));
#677 = CARTESIAN_POINT('',(10.735962124118,2.463520866936,6.768467954263
    ));
#678 = CARTESIAN_POINT('',(10.634332195706,2.444859708824,6.717196843729
    ));
#679 = CARTESIAN_POINT('',(10.533965704382,2.429855036128,6.675971844309
    ));
#680 = CARTESIAN_POINT('',(10.435414012739,2.418823764371,6.64566367425)
  );
#681 = ORIENTED_EDGE('',*,*,#682,.F.);
#682 = EDGE_CURVE('',#683,#671,#685,.T.);
#683 = VERTEX_POINT('',#684);
#684 = CARTESIAN_POINT('',(11.495286624204,2.742283324123,7.534361510774
    ));
#685 = B_SPLINE_CURVE_WITH_KNOTS('',5,(#686,#687,#688,#689,#690,#691,
    #692,#693,#694,#695,#696,#697,#698,#699),.UNSPECIFIED.,.F.,.F.,(6,4,
    4,6),(0.,7.672019752048E-02,0.533182313786,1.),.UNSPECIFIED.);
#686 = CARTESIAN_POINT('',(11.495286624204,2.742283324123,7.534361510774
    ));
#687 = CARTESIAN_POINT('',(11.491472093026,2.738639373968,7.524349840005
    ));
#688 = CARTESIAN_POINT('',(11.487531315738,2.735012433289,7.514384902388
    ));
#689 = CARTESIAN_POINT('',(11.48346444458,2.731402756931,7.504467398103)
  );
#690 = CARTESIAN_POINT('',(11.47927169899,2.727810590957,7.494598003202)
  );
#691 = CARTESIAN_POINT('',(11.44926057988,2.702969458038,7.426347551436)
  );
#692 = CARTESIAN_POINT('',(11.419121414176,2.682330394408,7.369642190152
    ));
#693 = CARTESIAN_POINT('',(11.384597802201,2.662370786818,7.314803618997
    ));
#694 = CARTESIAN_POINT('',(11.345833207825,2.643125759746,7.261928341682
    ));
#695 = CARTESIAN_POINT('',(11.259261530758,2.605688263102,7.15906966501)
  );
#696 = CARTESIAN_POINT('',(11.211267349351,2.587528785844,7.109176911294
    ));
#697 = CARTESIAN_POINT('',(11.159267360482,2.570160917499,7.061459085194
    ));
#698 = CARTESIAN_POINT('',(11.103529530112,2.553586930406,7.015922429904
    ));
#699 = CARTESIAN_POINT('',(11.044331210191,2.537797395544,6.972541039408
    ));
#700 = ORIENTED_EDGE('',*,*,#701,.F.);
#701 = EDGE_CURVE('',#702,#683,#704,.T.);
#702 = VERTEX_POINT('',#703);
#703 = CARTESIAN_POINT('',(12.076178343949,2.742283324123,7.534361510774
    ));
#704 = LINE('',#705,#706);
#705 = CARTESIAN_POINT('',(5.247643312102,2.742283324123,7.534361510774)
  );
#706 = VECTOR('',#707,1.);
#707 = DIRECTION('',(-1.,0.,0.));
#708 = ORIENTED_EDGE('',*,*,#709,.F.);
#709 = EDGE_CURVE('',#632,#702,#710,.T.);
#710 = LINE('',#711,#712);
#711 = CARTESIAN_POINT('',(12.076178343949,1.371141662061,3.767180755387
    ));
#712 = VECTOR('',#713,1.);
#713 = DIRECTION('',(0.,0.342020143326,0.939692620786));
#714 = PLANE('',#715);
#715 = AXIS2_PLACEMENT_3D('',#716,#717,#718);
#716 = CARTESIAN_POINT('',(-1.,0.,0.));
#717 = DIRECTION('',(0.,-0.939692620786,0.342020143326));
#718 = DIRECTION('',(0.,0.342020143326,0.939692620786));
#719 = ADVANCED_FACE('',(#720),#731,.T.);
#720 = FACE_BOUND('',#721,.T.);
#721 = EDGE_LOOP('',(#722,#723,#724,#725));
#722 = ORIENTED_EDGE('',*,*,#323,.T.);
#723 = ORIENTED_EDGE('',*,*,#236,.T.);
#724 = ORIENTED_EDGE('',*,*,#134,.F.);
#725 = ORIENTED_EDGE('',*,*,#726,.F.);
#726 = EDGE_CURVE('',#316,#127,#727,.T.);
#727 = LINE('',#728,#729);
#728 = CARTESIAN_POINT('',(4.,12.75,-1.));
#729 = VECTOR('',#730,1.);
#730 = DIRECTION('',(0.,0.,1.));
#731 = PLANE('',#732);
#732 = AXIS2_PLACEMENT_3D('',#733,#734,#735);
#733 = CARTESIAN_POINT('',(4.,6.45,-1.));
#734 = DIRECTION('',(-1.,0.,0.));
#735 = DIRECTION('',(0.,1.,0.));
#736 = ADVANCED_FACE('',(#737),#748,.T.);
#737 = FACE_BOUND('',#738,.T.);
#738 = EDGE_LOOP('',(#739,#740,#741,#742));
#739 = ORIENTED_EDGE('',*,*,#315,.T.);
#740 = ORIENTED_EDGE('',*,*,#726,.T.);
#741 = ORIENTED_EDGE('',*,*,#126,.F.);
#742 = ORIENTED_EDGE('',*,*,#743,.F.);
#743 = EDGE_CURVE('',#308,#119,#744,.T.);
#744 = LINE('',#745,#746);
#745 = CARTESIAN_POINT('',(0.,11.75,-1.));
#746 = VECTOR('',#747,1.);
#747 = DIRECTION('',(0.,0.,1.));
#748 = PLANE('',#749);
#749 = AXIS2_PLACEMENT_3D('',#750,#751,#752);
#750 = CARTESIAN_POINT('',(4.,12.75,-1.));
#751 = DIRECTION('',(0.242535625036,-0.970142500145,0.));
#752 = DIRECTION('',(-0.970142500145,-0.242535625036,0.));
#753 = ADVANCED_FACE('',(#754),#765,.F.);
#754 = FACE_BOUND('',#755,.F.);
#755 = EDGE_LOOP('',(#756,#757,#758,#759));
#756 = ORIENTED_EDGE('',*,*,#118,.F.);
#757 = ORIENTED_EDGE('',*,*,#743,.F.);
#758 = ORIENTED_EDGE('',*,*,#307,.T.);
#759 = ORIENTED_EDGE('',*,*,#760,.T.);
#760 = EDGE_CURVE('',#300,#111,#761,.T.);
#761 = LINE('',#762,#763);
#762 = CARTESIAN_POINT('',(0.,32.,0.));
#763 = VECTOR('',#764,1.);
#764 = DIRECTION('',(0.,0.,1.));
#765 = PLANE('',#766);
#766 = AXIS2_PLACEMENT_3D('',#767,#768,#769);
#767 = CARTESIAN_POINT('',(0.,0.,0.));
#768 = DIRECTION('',(1.,0.,0.));
#769 = DIRECTION('',(0.,0.,1.));
#770 = ADVANCED_FACE('',(#771),#782,.T.);
#771 = FACE_BOUND('',#772,.T.);
#772 = EDGE_LOOP('',(#773,#774,#775,#776));
#773 = ORIENTED_EDGE('',*,*,#299,.F.);
#774 = ORIENTED_EDGE('',*,*,#760,.T.);
#775 = ORIENTED_EDGE('',*,*,#110,.T.);
#776 = ORIENTED_EDGE('',*,*,#777,.F.);
#777 = EDGE_CURVE('',#292,#103,#778,.T.);
#778 = LINE('',#779,#780);
#779 = CARTESIAN_POINT('',(26.,32.,0.));
#780 = VECTOR('',#781,1.);
#781 = DIRECTION('',(0.,0.,1.));
#782 = PLANE('',#783);
#783 = AXIS2_PLACEMENT_3D('',#784,#785,#786);
#784 = CARTESIAN_POINT('',(0.,32.,0.));
#785 = DIRECTION('',(0.,1.,0.));
#786 = DIRECTION('',(0.,0.,1.));
#787 = ADVANCED_FACE('',(#788),#799,.T.);
#788 = FACE_BOUND('',#789,.T.);
#789 = EDGE_LOOP('',(#790,#791,#797,#798));
#790 = ORIENTED_EDGE('',*,*,#102,.F.);
#791 = ORIENTED_EDGE('',*,*,#792,.T.);
#792 = EDGE_CURVE('',#95,#284,#793,.T.);
#793 = LINE('',#794,#795);
#794 = CARTESIAN_POINT('',(26.,11.624390243902,0.));
#795 = VECTOR('',#796,1.);
#796 = DIRECTION('',(0.,0.,-1.));
#797 = ORIENTED_EDGE('',*,*,#291,.T.);
#798 = ORIENTED_EDGE('',*,*,#777,.T.);
#799 = PLANE('',#800);
#800 = AXIS2_PLACEMENT_3D('',#801,#802,#803);
#801 = CARTESIAN_POINT('',(26.,0.,0.));
#802 = DIRECTION('',(1.,0.,0.));
#803 = DIRECTION('',(0.,0.,1.));
#804 = ADVANCED_FACE('',(#805),#816,.T.);
#805 = FACE_BOUND('',#806,.T.);
#806 = EDGE_LOOP('',(#807,#808,#814,#815));
#807 = ORIENTED_EDGE('',*,*,#78,.T.);
#808 = ORIENTED_EDGE('',*,*,#809,.T.);
#809 = EDGE_CURVE('',#71,#95,#810,.T.);
#810 = LINE('',#811,#812);
#811 = CARTESIAN_POINT('',(26.,0.,10.));
#812 = VECTOR('',#813,1.);
#813 = DIRECTION('',(0.,1.,0.));
#814 = ORIENTED_EDGE('',*,*,#94,.T.);
#815 = ORIENTED_EDGE('',*,*,#86,.T.);
#816 = PLANE('',#817);
#817 = AXIS2_PLACEMENT_3D('',#818,#819,#820);
#818 = CARTESIAN_POINT('',(0.,0.,10.));
#819 = DIRECTION('',(0.,0.,1.));
#820 = DIRECTION('',(1.,0.,0.));
#821 = ADVANCED_FACE('',(#822),#833,.T.);
#822 = FACE_BOUND('',#823,.T.);
#823 = EDGE_LOOP('',(#824,#825,#826,#827));
#824 = ORIENTED_EDGE('',*,*,#70,.F.);
#825 = ORIENTED_EDGE('',*,*,#340,.T.);
#826 = ORIENTED_EDGE('',*,*,#259,.T.);
#827 = ORIENTED_EDGE('',*,*,#828,.T.);
#828 = EDGE_CURVE('',#260,#71,#829,.T.);
#829 = LINE('',#830,#831);
#830 = CARTESIAN_POINT('',(26.,7.575609756098,0.));
#831 = VECTOR('',#832,1.);
#832 = DIRECTION('',(0.,0.,1.));
#833 = PLANE('',#834);
#834 = AXIS2_PLACEMENT_3D('',#835,#836,#837);
#835 = CARTESIAN_POINT('',(26.,0.,0.));
#836 = DIRECTION('',(1.,0.,0.));
#837 = DIRECTION('',(0.,0.,1.));
#838 = ADVANCED_FACE('',(#839),#865,.T.);
#839 = FACE_BOUND('',#840,.T.);
#840 = EDGE_LOOP('',(#841,#849,#850,#858));
#841 = ORIENTED_EDGE('',*,*,#842,.F.);
#842 = EDGE_CURVE('',#151,#843,#845,.T.);
#843 = VERTEX_POINT('',#844);
#844 = CARTESIAN_POINT('',(9.685,23.755,20.5));
#845 = LINE('',#846,#847);
#846 = CARTESIAN_POINT('',(9.685,23.755,9.9));
#847 = VECTOR('',#848,1.);
#848 = DIRECTION('',(0.,0.,1.));
#849 = ORIENTED_EDGE('',*,*,#150,.T.);
#850 = ORIENTED_EDGE('',*,*,#851,.T.);
#851 = EDGE_CURVE('',#153,#852,#854,.T.);
#852 = VERTEX_POINT('',#853);
#853 = CARTESIAN_POINT('',(9.085,23.155,20.5));
#854 = LINE('',#855,#856);
#855 = CARTESIAN_POINT('',(9.085,23.155,9.9));
#856 = VECTOR('',#857,1.);
#857 = DIRECTION('',(0.,0.,1.));
#858 = ORIENTED_EDGE('',*,*,#859,.F.);
#859 = EDGE_CURVE('',#843,#852,#860,.T.);
#860 = CIRCLE('',#861,0.6);
#861 = AXIS2_PLACEMENT_3D('',#862,#863,#864);
#862 = CARTESIAN_POINT('',(9.685,23.155,20.5));
#863 = DIRECTION('',(0.,-0.,1.));
#864 = DIRECTION('',(0.,1.,0.));
#865 = CYLINDRICAL_SURFACE('',#866,0.6);
#866 = AXIS2_PLACEMENT_3D('',#867,#868,#869);
#867 = CARTESIAN_POINT('',(9.685,23.155,9.9));
#868 = DIRECTION('',(0.,0.,1.));
#869 = DIRECTION('',(0.,1.,0.));
#870 = ADVANCED_FACE('',(#871),#889,.F.);
#871 = FACE_BOUND('',#872,.F.);
#872 = EDGE_LOOP('',(#873,#874,#882,#888));
#873 = ORIENTED_EDGE('',*,*,#161,.T.);
#874 = ORIENTED_EDGE('',*,*,#875,.T.);
#875 = EDGE_CURVE('',#162,#876,#878,.T.);
#876 = VERTEX_POINT('',#877);
#877 = CARTESIAN_POINT('',(16.315,23.755,20.5));
#878 = LINE('',#879,#880);
#879 = CARTESIAN_POINT('',(16.315,23.755,9.9));
#880 = VECTOR('',#881,1.);
#881 = DIRECTION('',(0.,0.,1.));
#882 = ORIENTED_EDGE('',*,*,#883,.T.);
#883 = EDGE_CURVE('',#876,#843,#884,.T.);
#884 = LINE('',#885,#886);
#885 = CARTESIAN_POINT('',(16.315,23.755,20.5));
#886 = VECTOR('',#887,1.);
#887 = DIRECTION('',(-1.,0.,0.));
#888 = ORIENTED_EDGE('',*,*,#842,.F.);
#889 = PLANE('',#890);
#890 = AXIS2_PLACEMENT_3D('',#891,#892,#893);
#891 = CARTESIAN_POINT('',(16.915,23.755,9.9));
#892 = DIRECTION('',(0.,-1.,0.));
#893 = DIRECTION('',(-1.,0.,0.));
#894 = ADVANCED_FACE('',(#895),#913,.F.);
#895 = FACE_BOUND('',#896,.F.);
#896 = EDGE_LOOP('',(#897,#898,#899,#907));
#897 = ORIENTED_EDGE('',*,*,#212,.T.);
#898 = ORIENTED_EDGE('',*,*,#851,.T.);
#899 = ORIENTED_EDGE('',*,*,#900,.T.);
#900 = EDGE_CURVE('',#852,#901,#903,.T.);
#901 = VERTEX_POINT('',#902);
#902 = CARTESIAN_POINT('',(9.085,16.525,20.5));
#903 = LINE('',#904,#905);
#904 = CARTESIAN_POINT('',(9.085,23.155,20.5));
#905 = VECTOR('',#906,1.);
#906 = DIRECTION('',(0.,-1.,0.));
#907 = ORIENTED_EDGE('',*,*,#908,.F.);
#908 = EDGE_CURVE('',#204,#901,#909,.T.);
#909 = LINE('',#910,#911);
#910 = CARTESIAN_POINT('',(9.085,16.525,9.9));
#911 = VECTOR('',#912,1.);
#912 = DIRECTION('',(0.,0.,1.));
#913 = PLANE('',#914);
#914 = AXIS2_PLACEMENT_3D('',#915,#916,#917);
#915 = CARTESIAN_POINT('',(9.085,23.755,9.9));
#916 = DIRECTION('',(1.,0.,0.));
#917 = DIRECTION('',(0.,-1.,0.));
#918 = ADVANCED_FACE('',(#919),#938,.T.);
#919 = FACE_BOUND('',#920,.F.);
#920 = EDGE_LOOP('',(#921,#922,#923,#931));
#921 = ORIENTED_EDGE('',*,*,#875,.F.);
#922 = ORIENTED_EDGE('',*,*,#169,.F.);
#923 = ORIENTED_EDGE('',*,*,#924,.T.);
#924 = EDGE_CURVE('',#170,#925,#927,.T.);
#925 = VERTEX_POINT('',#926);
#926 = CARTESIAN_POINT('',(16.915,23.155,20.5));
#927 = LINE('',#928,#929);
#928 = CARTESIAN_POINT('',(16.915,23.155,9.9));
#929 = VECTOR('',#930,1.);
#930 = DIRECTION('',(0.,0.,1.));
#931 = ORIENTED_EDGE('',*,*,#932,.T.);
#932 = EDGE_CURVE('',#925,#876,#933,.T.);
#933 = CIRCLE('',#934,0.6);
#934 = AXIS2_PLACEMENT_3D('',#935,#936,#937);
#935 = CARTESIAN_POINT('',(16.315,23.155,20.5));
#936 = DIRECTION('',(0.,0.,1.));
#937 = DIRECTION('',(1.,0.,0.));
#938 = CYLINDRICAL_SURFACE('',#939,0.6);
#939 = AXIS2_PLACEMENT_3D('',#940,#941,#942);
#940 = CARTESIAN_POINT('',(16.315,23.155,9.9));
#941 = DIRECTION('',(0.,0.,1.));
#942 = DIRECTION('',(0.,1.,0.));
#943 = ADVANCED_FACE('',(#944),#963,.T.);
#944 = FACE_BOUND('',#945,.T.);
#945 = EDGE_LOOP('',(#946,#947,#948,#956));
#946 = ORIENTED_EDGE('',*,*,#908,.F.);
#947 = ORIENTED_EDGE('',*,*,#203,.T.);
#948 = ORIENTED_EDGE('',*,*,#949,.T.);
#949 = EDGE_CURVE('',#196,#950,#952,.T.);
#950 = VERTEX_POINT('',#951);
#951 = CARTESIAN_POINT('',(9.685,15.925,20.5));
#952 = LINE('',#953,#954);
#953 = CARTESIAN_POINT('',(9.685,15.925,9.9));
#954 = VECTOR('',#955,1.);
#955 = DIRECTION('',(0.,0.,1.));
#956 = ORIENTED_EDGE('',*,*,#957,.F.);
#957 = EDGE_CURVE('',#901,#950,#958,.T.);
#958 = CIRCLE('',#959,0.6);
#959 = AXIS2_PLACEMENT_3D('',#960,#961,#962);
#960 = CARTESIAN_POINT('',(9.685,16.525,20.5));
#961 = DIRECTION('',(0.,0.,1.));
#962 = DIRECTION('',(-1.,0.,0.));
#963 = CYLINDRICAL_SURFACE('',#964,0.6);
#964 = AXIS2_PLACEMENT_3D('',#965,#966,#967);
#965 = CARTESIAN_POINT('',(9.685,16.525,9.9));
#966 = DIRECTION('',(0.,0.,1.));
#967 = DIRECTION('',(-1.,0.,0.));
#968 = ADVANCED_FACE('',(#969),#987,.F.);
#969 = FACE_BOUND('',#970,.F.);
#970 = EDGE_LOOP('',(#971,#972,#980,#986));
#971 = ORIENTED_EDGE('',*,*,#178,.T.);
#972 = ORIENTED_EDGE('',*,*,#973,.T.);
#973 = EDGE_CURVE('',#179,#974,#976,.T.);
#974 = VERTEX_POINT('',#975);
#975 = CARTESIAN_POINT('',(16.915,16.525,20.5));
#976 = LINE('',#977,#978);
#977 = CARTESIAN_POINT('',(16.915,16.525,9.9));
#978 = VECTOR('',#979,1.);
#979 = DIRECTION('',(0.,0.,1.));
#980 = ORIENTED_EDGE('',*,*,#981,.T.);
#981 = EDGE_CURVE('',#974,#925,#982,.T.);
#982 = LINE('',#983,#984);
#983 = CARTESIAN_POINT('',(16.915,16.525,20.5));
#984 = VECTOR('',#985,1.);
#985 = DIRECTION('',(0.,1.,0.));
#986 = ORIENTED_EDGE('',*,*,#924,.F.);
#987 = PLANE('',#988);
#988 = AXIS2_PLACEMENT_3D('',#989,#990,#991);
#989 = CARTESIAN_POINT('',(16.915,15.925,9.9));
#990 = DIRECTION('',(-1.,0.,0.));
#991 = DIRECTION('',(0.,1.,0.));
#992 = ADVANCED_FACE('',(#993),#1011,.F.);
#993 = FACE_BOUND('',#994,.F.);
#994 = EDGE_LOOP('',(#995,#996,#997,#1005));
#995 = ORIENTED_EDGE('',*,*,#195,.T.);
#996 = ORIENTED_EDGE('',*,*,#949,.T.);
#997 = ORIENTED_EDGE('',*,*,#998,.T.);
#998 = EDGE_CURVE('',#950,#999,#1001,.T.);
#999 = VERTEX_POINT('',#1000);
#1000 = CARTESIAN_POINT('',(16.315,15.925,20.5));
#1001 = LINE('',#1002,#1003);
#1002 = CARTESIAN_POINT('',(9.685,15.925,20.5));
#1003 = VECTOR('',#1004,1.);
#1004 = DIRECTION('',(1.,0.,0.));
#1005 = ORIENTED_EDGE('',*,*,#1006,.F.);
#1006 = EDGE_CURVE('',#187,#999,#1007,.T.);
#1007 = LINE('',#1008,#1009);
#1008 = CARTESIAN_POINT('',(16.315,15.925,9.9));
#1009 = VECTOR('',#1010,1.);
#1010 = DIRECTION('',(0.,0.,1.));
#1011 = PLANE('',#1012);
#1012 = AXIS2_PLACEMENT_3D('',#1013,#1014,#1015);
#1013 = CARTESIAN_POINT('',(9.085,15.925,9.9));
#1014 = DIRECTION('',(0.,1.,0.));
#1015 = DIRECTION('',(1.,0.,0.));
#1016 = ADVANCED_FACE('',(#1017),#1029,.T.);
#1017 = FACE_BOUND('',#1018,.T.);
#1018 = EDGE_LOOP('',(#1019,#1020,#1021,#1022));
#1019 = ORIENTED_EDGE('',*,*,#1006,.F.);
#1020 = ORIENTED_EDGE('',*,*,#186,.T.);
#1021 = ORIENTED_EDGE('',*,*,#973,.T.);
#1022 = ORIENTED_EDGE('',*,*,#1023,.F.);
#1023 = EDGE_CURVE('',#999,#974,#1024,.T.);
#1024 = CIRCLE('',#1025,0.6);
#1025 = AXIS2_PLACEMENT_3D('',#1026,#1027,#1028);
#1026 = CARTESIAN_POINT('',(16.315,16.525,20.5));
#1027 = DIRECTION('',(-0.,0.,1.));
#1028 = DIRECTION('',(0.,-1.,0.));
#1029 = CYLINDRICAL_SURFACE('',#1030,0.6);
#1030 = AXIS2_PLACEMENT_3D('',#1031,#1032,#1033);
#1031 = CARTESIAN_POINT('',(16.315,16.525,9.9));
#1032 = DIRECTION('',(0.,0.,1.));
#1033 = DIRECTION('',(0.,-1.,0.));
#1034 = ADVANCED_FACE('',(#1035),#1046,.F.);
#1035 = FACE_BOUND('',#1036,.F.);
#1036 = EDGE_LOOP('',(#1037,#1038,#1044,#1045));
#1037 = ORIENTED_EDGE('',*,*,#267,.T.);
#1038 = ORIENTED_EDGE('',*,*,#1039,.T.);
#1039 = EDGE_CURVE('',#260,#284,#1040,.T.);
#1040 = LINE('',#1041,#1042);
#1041 = CARTESIAN_POINT('',(26.,0.,0.));
#1042 = VECTOR('',#1043,1.);
#1043 = DIRECTION('',(0.,1.,0.));
#1044 = ORIENTED_EDGE('',*,*,#283,.T.);
#1045 = ORIENTED_EDGE('',*,*,#275,.T.);
#1046 = PLANE('',#1047);
#1047 = AXIS2_PLACEMENT_3D('',#1048,#1049,#1050);
#1048 = CARTESIAN_POINT('',(0.,0.,0.));
#1049 = DIRECTION('',(0.,0.,1.));
#1050 = DIRECTION('',(1.,0.,0.));
#1051 = ADVANCED_FACE('',(#1052),#1077,.T.);
#1052 = FACE_BOUND('',#1053,.T.);
#1053 = EDGE_LOOP('',(#1054,#1055,#1063,#1071));
#1054 = ORIENTED_EDGE('',*,*,#349,.T.);
#1055 = ORIENTED_EDGE('',*,*,#1056,.T.);
#1056 = EDGE_CURVE('',#352,#1057,#1059,.T.);
#1057 = VERTEX_POINT('',#1058);
#1058 = CARTESIAN_POINT('',(15.564585987261,1.118858849017,
    4.828322063328));
#1059 = LINE('',#1060,#1061);
#1060 = CARTESIAN_POINT('',(15.564585987261,1.870612945646,
    4.554705948668));
#1061 = VECTOR('',#1062,1.);
#1062 = DIRECTION('',(0.,-0.939692620786,0.342020143326));
#1063 = ORIENTED_EDGE('',*,*,#1064,.T.);
#1064 = EDGE_CURVE('',#1057,#1065,#1067,.T.);
#1065 = VERTEX_POINT('',#1066);
#1066 = CARTESIAN_POINT('',(15.564585987261,0.892065364593,
    4.205212085995));
#1067 = LINE('',#1068,#1069);
#1068 = CARTESIAN_POINT('',(15.564585987261,1.118858849017,
    4.828322063328));
#1069 = VECTOR('',#1070,1.);
#1070 = DIRECTION('',(0.,-0.342020143326,-0.939692620786));
#1071 = ORIENTED_EDGE('',*,*,#1072,.F.);
#1072 = EDGE_CURVE('',#350,#1065,#1073,.T.);
#1073 = LINE('',#1074,#1075);
#1074 = CARTESIAN_POINT('',(15.564585987261,1.643819461222,
    3.931595971335));
#1075 = VECTOR('',#1076,1.);
#1076 = DIRECTION('',(0.,-0.939692620786,0.342020143326));
#1077 = PLANE('',#1078);
#1078 = AXIS2_PLACEMENT_3D('',#1079,#1080,#1081);
#1079 = CARTESIAN_POINT('',(15.564585987261,1.870612945646,
    4.554705948668));
#1080 = DIRECTION('',(1.,0.,0.));
#1081 = DIRECTION('',(0.,-0.342020143326,-0.939692620786));
#1082 = ADVANCED_FACE('',(#1083),#1101,.T.);
#1083 = FACE_BOUND('',#1084,.T.);
#1084 = EDGE_LOOP('',(#1085,#1086,#1094,#1100));
#1085 = ORIENTED_EDGE('',*,*,#621,.T.);
#1086 = ORIENTED_EDGE('',*,*,#1087,.T.);
#1087 = EDGE_CURVE('',#612,#1088,#1090,.T.);
#1088 = VERTEX_POINT('',#1089);
#1089 = CARTESIAN_POINT('',(14.142929936306,1.118858849017,
    4.828322063328));
#1090 = LINE('',#1091,#1092);
#1091 = CARTESIAN_POINT('',(14.142929936306,1.870612945646,
    4.554705948668));
#1092 = VECTOR('',#1093,1.);
#1093 = DIRECTION('',(0.,-0.939692620786,0.342020143326));
#1094 = ORIENTED_EDGE('',*,*,#1095,.T.);
#1095 = EDGE_CURVE('',#1088,#1057,#1096,.T.);
#1096 = LINE('',#1097,#1098);
#1097 = CARTESIAN_POINT('',(14.142929936306,1.118858849017,
    4.828322063328));
#1098 = VECTOR('',#1099,1.);
#1099 = DIRECTION('',(1.,0.,0.));
#1100 = ORIENTED_EDGE('',*,*,#1056,.F.);
#1101 = PLANE('',#1102);
#1102 = AXIS2_PLACEMENT_3D('',#1103,#1104,#1105);
#1103 = CARTESIAN_POINT('',(14.142929936306,1.870612945646,
    4.554705948668));
#1104 = DIRECTION('',(0.,0.342020143326,0.939692620786));
#1105 = DIRECTION('',(1.,0.,0.));
#1106 = ADVANCED_FACE('',(#1107),#1125,.T.);
#1107 = FACE_BOUND('',#1108,.T.);
#1108 = EDGE_LOOP('',(#1109,#1110,#1118,#1124));
#1109 = ORIENTED_EDGE('',*,*,#611,.T.);
#1110 = ORIENTED_EDGE('',*,*,#1111,.T.);
#1111 = EDGE_CURVE('',#599,#1112,#1114,.T.);
#1112 = VERTEX_POINT('',#1113);
#1113 = CARTESIAN_POINT('',(14.289341825902,1.187059553605,
    5.015701959176));
#1114 = LINE('',#1115,#1116);
#1115 = CARTESIAN_POINT('',(14.289341825902,1.938813650234,
    4.742085844515));
#1116 = VECTOR('',#1117,1.);
#1117 = DIRECTION('',(0.,-0.939692620786,0.342020143326));
#1118 = ORIENTED_EDGE('',*,*,#1119,.T.);
#1119 = EDGE_CURVE('',#1112,#1088,#1120,.T.);
#1120 = B_SPLINE_CURVE_WITH_KNOTS('',2,(#1121,#1122,#1123),
  .UNSPECIFIED.,.F.,.F.,(3,3),(0.,1.),.PIECEWISE_BEZIER_KNOTS.);
#1121 = CARTESIAN_POINT('',(14.289341825902,1.187059553605,
    5.015701959176));
#1122 = CARTESIAN_POINT('',(14.19898089172,1.152087812411,4.919617889925
    ));
#1123 = CARTESIAN_POINT('',(14.142929936306,1.118858849017,
    4.828322063328));
#1124 = ORIENTED_EDGE('',*,*,#1087,.F.);
#1125 = SURFACE_OF_LINEAR_EXTRUSION('',#1126,#1130);
#1126 = B_SPLINE_CURVE_WITH_KNOTS('',2,(#1127,#1128,#1129),
  .UNSPECIFIED.,.F.,.F.,(3,3),(0.,1.),.PIECEWISE_BEZIER_KNOTS.);
#1127 = CARTESIAN_POINT('',(14.289341825902,1.938813650234,
    4.742085844515));
#1128 = CARTESIAN_POINT('',(14.19898089172,1.90384190904,4.646001775265)
  );
#1129 = CARTESIAN_POINT('',(14.142929936306,1.870612945646,
    4.554705948668));
#1130 = VECTOR('',#1131,1.);
#1131 = DIRECTION('',(-0.,0.939692620786,-0.342020143326));
#1132 = ADVANCED_FACE('',(#1133),#1151,.T.);
#1133 = FACE_BOUND('',#1134,.T.);
#1134 = EDGE_LOOP('',(#1135,#1136,#1144,#1150));
#1135 = ORIENTED_EDGE('',*,*,#598,.T.);
#1136 = ORIENTED_EDGE('',*,*,#1137,.T.);
#1137 = EDGE_CURVE('',#586,#1138,#1140,.T.);
#1138 = VERTEX_POINT('',#1139);
#1139 = CARTESIAN_POINT('',(14.71872611465,1.32880548137,5.405145695009)
  );
#1140 = LINE('',#1141,#1142);
#1141 = CARTESIAN_POINT('',(14.71872611465,2.080559577999,5.131529580349
    ));
#1142 = VECTOR('',#1143,1.);
#1143 = DIRECTION('',(0.,-0.939692620786,0.342020143326));
#1144 = ORIENTED_EDGE('',*,*,#1145,.T.);
#1145 = EDGE_CURVE('',#1138,#1112,#1146,.T.);
#1146 = B_SPLINE_CURVE_WITH_KNOTS('',2,(#1147,#1148,#1149),
  .UNSPECIFIED.,.F.,.F.,(3,3),(0.,1.),.PIECEWISE_BEZIER_KNOTS.);
#1147 = CARTESIAN_POINT('',(14.71872611465,1.32880548137,5.405145695009)
  );
#1148 = CARTESIAN_POINT('',(14.379872611465,1.222089387393,
    5.111945636515));
#1149 = CARTESIAN_POINT('',(14.289341825902,1.187059553605,
    5.015701959176));
#1150 = ORIENTED_EDGE('',*,*,#1111,.F.);
#1151 = SURFACE_OF_LINEAR_EXTRUSION('',#1152,#1156);
#1152 = B_SPLINE_CURVE_WITH_KNOTS('',2,(#1153,#1154,#1155),
  .UNSPECIFIED.,.F.,.F.,(3,3),(0.,1.),.PIECEWISE_BEZIER_KNOTS.);
#1153 = CARTESIAN_POINT('',(14.71872611465,2.080559577999,5.131529580349
    ));
#1154 = CARTESIAN_POINT('',(14.379872611465,1.973843484022,
    4.838329521855));
#1155 = CARTESIAN_POINT('',(14.289341825902,1.938813650234,
    4.742085844515));
#1156 = VECTOR('',#1157,1.);
#1157 = DIRECTION('',(-0.,0.939692620786,-0.342020143326));
#1158 = ADVANCED_FACE('',(#1159),#1177,.T.);
#1159 = FACE_BOUND('',#1160,.T.);
#1160 = EDGE_LOOP('',(#1161,#1162,#1170,#1176));
#1161 = ORIENTED_EDGE('',*,*,#585,.T.);
#1162 = ORIENTED_EDGE('',*,*,#1163,.T.);
#1163 = EDGE_CURVE('',#575,#1164,#1166,.T.);
#1164 = VERTEX_POINT('',#1165);
#1165 = CARTESIAN_POINT('',(15.187515923567,1.492452316826,5.85476168019
    ));
#1166 = LINE('',#1167,#1168);
#1167 = CARTESIAN_POINT('',(15.187515923567,2.244206413455,5.58114556553
    ));
#1168 = VECTOR('',#1169,1.);
#1169 = DIRECTION('',(0.,-0.939692620786,0.342020143326));
#1170 = ORIENTED_EDGE('',*,*,#1171,.T.);
#1171 = EDGE_CURVE('',#1164,#1138,#1172,.T.);
#1172 = B_SPLINE_CURVE_WITH_KNOTS('',2,(#1173,#1174,#1175),
  .UNSPECIFIED.,.F.,.F.,(3,3),(0.,1.),.PIECEWISE_BEZIER_KNOTS.);
#1173 = CARTESIAN_POINT('',(15.187515923567,1.492452316826,5.85476168019
    ));
#1174 = CARTESIAN_POINT('',(15.057579617834,1.43557966794,5.698505361592
    ));
#1175 = CARTESIAN_POINT('',(14.71872611465,1.32880548137,5.405145695009)
  );
#1176 = ORIENTED_EDGE('',*,*,#1137,.F.);
#1177 = SURFACE_OF_LINEAR_EXTRUSION('',#1178,#1182);
#1178 = B_SPLINE_CURVE_WITH_KNOTS('',2,(#1179,#1180,#1181),
  .UNSPECIFIED.,.F.,.F.,(3,3),(0.,1.),.PIECEWISE_BEZIER_KNOTS.);
#1179 = CARTESIAN_POINT('',(15.187515923567,2.244206413455,5.58114556553
    ));
#1180 = CARTESIAN_POINT('',(15.057579617834,2.187333764569,
    5.424889246931));
#1181 = CARTESIAN_POINT('',(14.71872611465,2.080559577999,5.131529580349
    ));
#1182 = VECTOR('',#1183,1.);
#1183 = DIRECTION('',(-0.,0.939692620786,-0.342020143326));
#1184 = ADVANCED_FACE('',(#1185),#1203,.T.);
#1185 = FACE_BOUND('',#1186,.T.);
#1186 = EDGE_LOOP('',(#1187,#1188,#1196,#1202));
#1187 = ORIENTED_EDGE('',*,*,#574,.T.);
#1188 = ORIENTED_EDGE('',*,*,#1189,.T.);
#1189 = EDGE_CURVE('',#562,#1190,#1192,.T.);
#1190 = VERTEX_POINT('',#1191);
#1191 = CARTESIAN_POINT('',(15.474055201699,1.656563893029,
    6.305654530079));
#1192 = LINE('',#1193,#1194);
#1193 = CARTESIAN_POINT('',(15.474055201699,2.408317989658,
    6.032038415419));
#1194 = VECTOR('',#1195,1.);
#1195 = DIRECTION('',(0.,-0.939692620786,0.342020143326));
#1196 = ORIENTED_EDGE('',*,*,#1197,.T.);
#1197 = EDGE_CURVE('',#1190,#1164,#1198,.T.);
#1198 = B_SPLINE_CURVE_WITH_KNOTS('',2,(#1199,#1200,#1201),
  .UNSPECIFIED.,.F.,.F.,(3,3),(0.,1.),.PIECEWISE_BEZIER_KNOTS.);
#1199 = CARTESIAN_POINT('',(15.474055201699,1.656563893029,
    6.305654530079));
#1200 = CARTESIAN_POINT('',(15.383694267516,1.578255077198,6.09050282684
    ));
#1201 = CARTESIAN_POINT('',(15.187515923567,1.492452316826,5.85476168019
    ));
#1202 = ORIENTED_EDGE('',*,*,#1163,.F.);
#1203 = SURFACE_OF_LINEAR_EXTRUSION('',#1204,#1208);
#1204 = B_SPLINE_CURVE_WITH_KNOTS('',2,(#1205,#1206,#1207),
  .UNSPECIFIED.,.F.,.F.,(3,3),(0.,1.),.PIECEWISE_BEZIER_KNOTS.);
#1205 = CARTESIAN_POINT('',(15.474055201699,2.408317989658,
    6.032038415419));
#1206 = CARTESIAN_POINT('',(15.383694267516,2.330009173827,5.81688671218
    ));
#1207 = CARTESIAN_POINT('',(15.187515923567,2.244206413455,5.58114556553
    ));
#1208 = VECTOR('',#1209,1.);
#1209 = DIRECTION('',(-0.,0.939692620786,-0.342020143326));
#1210 = ADVANCED_FACE('',(#1211),#1229,.T.);
#1211 = FACE_BOUND('',#1212,.T.);
#1212 = EDGE_LOOP('',(#1213,#1214,#1222,#1228));
#1213 = ORIENTED_EDGE('',*,*,#561,.T.);
#1214 = ORIENTED_EDGE('',*,*,#1215,.T.);
#1215 = EDGE_CURVE('',#547,#1216,#1218,.T.);
#1216 = VERTEX_POINT('',#1217);
#1217 = CARTESIAN_POINT('',(15.564585987261,1.821488765539,
    6.758781893206));
#1218 = LINE('',#1219,#1220);
#1219 = CARTESIAN_POINT('',(15.564585987261,2.573242862168,
    6.485165778546));
#1220 = VECTOR('',#1221,1.);
#1221 = DIRECTION('',(0.,-0.939692620786,0.342020143326));
#1222 = ORIENTED_EDGE('',*,*,#1223,.T.);
#1223 = EDGE_CURVE('',#1216,#1190,#1224,.T.);
#1224 = B_SPLINE_CURVE_WITH_KNOTS('',2,(#1225,#1226,#1227),
  .UNSPECIFIED.,.F.,.F.,(3,3),(0.,1.),.PIECEWISE_BEZIER_KNOTS.);
#1225 = CARTESIAN_POINT('',(15.564585987261,1.821488765539,
    6.758781893206));
#1226 = CARTESIAN_POINT('',(15.564585987261,1.73487270886,6.520806233318
    ));
#1227 = CARTESIAN_POINT('',(15.474055201699,1.656563893029,
    6.305654530079));
#1228 = ORIENTED_EDGE('',*,*,#1189,.F.);
#1229 = SURFACE_OF_LINEAR_EXTRUSION('',#1230,#1234);
#1230 = B_SPLINE_CURVE_WITH_KNOTS('',2,(#1231,#1232,#1233),
  .UNSPECIFIED.,.F.,.F.,(3,3),(0.,1.),.PIECEWISE_BEZIER_KNOTS.);
#1231 = CARTESIAN_POINT('',(15.564585987261,2.573242862168,
    6.485165778546));
#1232 = CARTESIAN_POINT('',(15.564585987261,2.486626805488,
    6.247190118657));
#1233 = CARTESIAN_POINT('',(15.474055201699,2.408317989658,
    6.032038415419));
#1234 = VECTOR('',#1235,1.);
#1235 = DIRECTION('',(-0.,0.939692620786,-0.342020143326));
#1236 = ADVANCED_FACE('',(#1237),#1255,.T.);
#1237 = FACE_BOUND('',#1238,.T.);
#1238 = EDGE_LOOP('',(#1239,#1240,#1248,#1254));
#1239 = ORIENTED_EDGE('',*,*,#546,.T.);
#1240 = ORIENTED_EDGE('',*,*,#1241,.T.);
#1241 = EDGE_CURVE('',#528,#1242,#1244,.T.);
#1242 = VERTEX_POINT('',#1243);
#1243 = CARTESIAN_POINT('',(15.248662420382,2.076108602175,7.45834414491
    ));
#1244 = LINE('',#1245,#1246);
#1245 = CARTESIAN_POINT('',(15.248662420382,2.827862698804,
    7.184728030249));
#1246 = VECTOR('',#1247,1.);
#1247 = DIRECTION('',(0.,-0.939692620786,0.342020143326));
#1248 = ORIENTED_EDGE('',*,*,#1249,.T.);
#1249 = EDGE_CURVE('',#1242,#1216,#1250,.T.);
#1250 = B_SPLINE_CURVE_WITH_KNOTS('',2,(#1251,#1252,#1253),
  .UNSPECIFIED.,.F.,.F.,(3,3),(0.,1.),.PIECEWISE_BEZIER_KNOTS.);
#1251 = CARTESIAN_POINT('',(15.248662420382,2.076108602175,7.45834414491
    ));
#1252 = CARTESIAN_POINT('',(15.564585987261,1.973749452699,7.17711469305
    ));
#1253 = CARTESIAN_POINT('',(15.564585987261,1.821488765539,
    6.758781893206));
#1254 = ORIENTED_EDGE('',*,*,#1215,.F.);
#1255 = SURFACE_OF_LINEAR_EXTRUSION('',#1256,#1260);
#1256 = B_SPLINE_CURVE_WITH_KNOTS('',2,(#1257,#1258,#1259),
  .UNSPECIFIED.,.F.,.F.,(3,3),(0.,1.),.PIECEWISE_BEZIER_KNOTS.);
#1257 = CARTESIAN_POINT('',(15.248662420382,2.827862698804,
    7.184728030249));
#1258 = CARTESIAN_POINT('',(15.564585987261,2.725503549328,
    6.903498578389));
#1259 = CARTESIAN_POINT('',(15.564585987261,2.573242862168,
    6.485165778546));
#1260 = VECTOR('',#1261,1.);
#1261 = DIRECTION('',(-0.,0.939692620786,-0.342020143326));
#1262 = ADVANCED_FACE('',(#1263),#1281,.T.);
#1263 = FACE_BOUND('',#1264,.T.);
#1264 = EDGE_LOOP('',(#1265,#1266,#1274,#1280));
#1265 = ORIENTED_EDGE('',*,*,#527,.T.);
#1266 = ORIENTED_EDGE('',*,*,#1267,.T.);
#1267 = EDGE_CURVE('',#511,#1268,#1270,.T.);
#1268 = VERTEX_POINT('',#1269);
#1269 = CARTESIAN_POINT('',(14.379872611465,2.178467751651,7.73957359677
    ));
#1270 = LINE('',#1271,#1272);
#1271 = CARTESIAN_POINT('',(14.379872611465,2.93022184828,7.465957482109
    ));
#1272 = VECTOR('',#1273,1.);
#1273 = DIRECTION('',(0.,-0.939692620786,0.342020143326));
#1274 = ORIENTED_EDGE('',*,*,#1275,.T.);
#1275 = EDGE_CURVE('',#1268,#1242,#1276,.T.);
#1276 = B_SPLINE_CURVE_WITH_KNOTS('',2,(#1277,#1278,#1279),
  .UNSPECIFIED.,.F.,.F.,(3,3),(0.,1.),.PIECEWISE_BEZIER_KNOTS.);
#1277 = CARTESIAN_POINT('',(14.379872611465,2.178467751651,7.73957359677
    ));
#1278 = CARTESIAN_POINT('',(14.932738853503,2.178467751651,7.73957359677
    ));
#1279 = CARTESIAN_POINT('',(15.248662420382,2.076108602175,7.45834414491
    ));
#1280 = ORIENTED_EDGE('',*,*,#1241,.F.);
#1281 = SURFACE_OF_LINEAR_EXTRUSION('',#1282,#1286);
#1282 = B_SPLINE_CURVE_WITH_KNOTS('',2,(#1283,#1284,#1285),
  .UNSPECIFIED.,.F.,.F.,(3,3),(0.,1.),.PIECEWISE_BEZIER_KNOTS.);
#1283 = CARTESIAN_POINT('',(14.379872611465,2.93022184828,7.465957482109
    ));
#1284 = CARTESIAN_POINT('',(14.932738853503,2.93022184828,7.465957482109
    ));
#1285 = CARTESIAN_POINT('',(15.248662420382,2.827862698804,
    7.184728030249));
#1286 = VECTOR('',#1287,1.);
#1287 = DIRECTION('',(-0.,0.939692620786,-0.342020143326));
#1288 = ADVANCED_FACE('',(#1289),#1307,.T.);
#1289 = FACE_BOUND('',#1290,.T.);
#1290 = EDGE_LOOP('',(#1291,#1292,#1300,#1306));
#1291 = ORIENTED_EDGE('',*,*,#510,.T.);
#1292 = ORIENTED_EDGE('',*,*,#1293,.T.);
#1293 = EDGE_CURVE('',#494,#1294,#1296,.T.);
#1294 = VERTEX_POINT('',#1295);
#1295 = CARTESIAN_POINT('',(13.539108280255,2.089876546798,
    7.496171261874));
#1296 = LINE('',#1297,#1298);
#1297 = CARTESIAN_POINT('',(13.539108280255,2.841630643427,
    7.222555147213));
#1298 = VECTOR('',#1299,1.);
#1299 = DIRECTION('',(0.,-0.939692620786,0.342020143326));
#1300 = ORIENTED_EDGE('',*,*,#1301,.T.);
#1301 = EDGE_CURVE('',#1294,#1268,#1302,.T.);
#1302 = B_SPLINE_CURVE_WITH_KNOTS('',2,(#1303,#1304,#1305),
  .UNSPECIFIED.,.F.,.F.,(3,3),(0.,1.),.PIECEWISE_BEZIER_KNOTS.);
#1303 = CARTESIAN_POINT('',(13.539108280255,2.089876546798,
    7.496171261874));
#1304 = CARTESIAN_POINT('',(13.875414012739,2.178467751651,7.73957359677
    ));
#1305 = CARTESIAN_POINT('',(14.379872611465,2.178467751651,7.73957359677
    ));
#1306 = ORIENTED_EDGE('',*,*,#1267,.F.);
#1307 = SURFACE_OF_LINEAR_EXTRUSION('',#1308,#1312);
#1308 = B_SPLINE_CURVE_WITH_KNOTS('',2,(#1309,#1310,#1311),
  .UNSPECIFIED.,.F.,.F.,(3,3),(0.,1.),.PIECEWISE_BEZIER_KNOTS.);
#1309 = CARTESIAN_POINT('',(13.539108280255,2.841630643427,
    7.222555147213));
#1310 = CARTESIAN_POINT('',(13.875414012739,2.93022184828,7.465957482109
    ));
#1311 = CARTESIAN_POINT('',(14.379872611465,2.93022184828,7.465957482109
    ));
#1312 = VECTOR('',#1313,1.);
#1313 = DIRECTION('',(-0.,0.939692620786,-0.342020143326));
#1314 = ADVANCED_FACE('',(#1315),#1333,.T.);
#1315 = FACE_BOUND('',#1316,.T.);
#1316 = EDGE_LOOP('',(#1317,#1318,#1326,#1332));
#1317 = ORIENTED_EDGE('',*,*,#493,.T.);
#1318 = ORIENTED_EDGE('',*,*,#1319,.T.);
#1319 = EDGE_CURVE('',#486,#1320,#1322,.T.);
#1320 = VERTEX_POINT('',#1321);
#1321 = CARTESIAN_POINT('',(13.139108280255,1.797786987454,
    6.693661793116));
#1322 = LINE('',#1323,#1324);
#1323 = CARTESIAN_POINT('',(13.139108280255,2.549541084082,
    6.420045678456));
#1324 = VECTOR('',#1325,1.);
#1325 = DIRECTION('',(0.,-0.939692620786,0.342020143326));
#1326 = ORIENTED_EDGE('',*,*,#1327,.T.);
#1327 = EDGE_CURVE('',#1320,#1294,#1328,.T.);
#1328 = B_SPLINE_CURVE_WITH_KNOTS('',2,(#1329,#1330,#1331),
  .UNSPECIFIED.,.F.,.F.,(3,3),(0.,1.),.PIECEWISE_BEZIER_KNOTS.);
#1329 = CARTESIAN_POINT('',(13.139108280255,1.797786987454,
    6.693661793116));
#1330 = CARTESIAN_POINT('',(13.202802547771,2.001285341945,
    7.252768926978));
#1331 = CARTESIAN_POINT('',(13.539108280255,2.089876546798,
    7.496171261874));
#1332 = ORIENTED_EDGE('',*,*,#1293,.F.);
#1333 = SURFACE_OF_LINEAR_EXTRUSION('',#1334,#1338);
#1334 = B_SPLINE_CURVE_WITH_KNOTS('',2,(#1335,#1336,#1337),
  .UNSPECIFIED.,.F.,.F.,(3,3),(0.,1.),.PIECEWISE_BEZIER_KNOTS.);
#1335 = CARTESIAN_POINT('',(13.139108280255,2.549541084082,
    6.420045678456));
#1336 = CARTESIAN_POINT('',(13.202802547771,2.753039438574,
    6.979152812318));
#1337 = CARTESIAN_POINT('',(13.539108280255,2.841630643427,
    7.222555147213));
#1338 = VECTOR('',#1339,1.);
#1339 = DIRECTION('',(-0.,0.939692620786,-0.342020143326));
#1340 = ADVANCED_FACE('',(#1341),#1359,.T.);
#1341 = FACE_BOUND('',#1342,.T.);
#1342 = EDGE_LOOP('',(#1343,#1344,#1352,#1358));
#1343 = ORIENTED_EDGE('',*,*,#485,.T.);
#1344 = ORIENTED_EDGE('',*,*,#1345,.T.);
#1345 = EDGE_CURVE('',#474,#1346,#1348,.T.);
#1346 = VERTEX_POINT('',#1347);
#1347 = CARTESIAN_POINT('',(13.852484076433,1.773213820468,
    6.626147571699));
#1348 = LINE('',#1349,#1350);
#1349 = CARTESIAN_POINT('',(13.852484076433,2.524967917097,
    6.352531457039));
#1350 = VECTOR('',#1351,1.);
#1351 = DIRECTION('',(0.,-0.939692620786,0.342020143326));
#1352 = ORIENTED_EDGE('',*,*,#1353,.T.);
#1353 = EDGE_CURVE('',#1346,#1320,#1354,.T.);
#1354 = LINE('',#1355,#1356);
#1355 = CARTESIAN_POINT('',(13.852484076433,1.773213820468,
    6.626147571699));
#1356 = VECTOR('',#1357,1.);
#1357 = DIRECTION('',(-0.994966576024,3.427293152997E-02,
    9.416410547709E-02));
#1358 = ORIENTED_EDGE('',*,*,#1319,.F.);
#1359 = PLANE('',#1360);
#1360 = AXIS2_PLACEMENT_3D('',#1361,#1362,#1363);
#1361 = CARTESIAN_POINT('',(13.852484076433,2.524967917097,
    6.352531457039));
#1362 = DIRECTION('',(-0.100207348014,-0.340298610936,-0.934962749418));
#1363 = DIRECTION('',(-0.994966576024,3.427293152997E-02,
    9.416410547709E-02));
#1364 = ADVANCED_FACE('',(#1365),#1383,.T.);
#1365 = FACE_BOUND('',#1366,.T.);
#1366 = EDGE_LOOP('',(#1367,#1368,#1376,#1382));
#1367 = ORIENTED_EDGE('',*,*,#473,.T.);
#1368 = ORIENTED_EDGE('',*,*,#1369,.T.);
#1369 = EDGE_CURVE('',#459,#1370,#1372,.T.);
#1370 = VERTEX_POINT('',#1371);
#1371 = CARTESIAN_POINT('',(14.005350318471,1.927507748396,
    7.050066654639));
#1372 = LINE('',#1373,#1374);
#1373 = CARTESIAN_POINT('',(14.005350318471,2.679261845024,
    6.776450539978));
#1374 = VECTOR('',#1375,1.);
#1375 = DIRECTION('',(0.,-0.939692620786,0.342020143326));
#1376 = ORIENTED_EDGE('',*,*,#1377,.T.);
#1377 = EDGE_CURVE('',#1370,#1346,#1378,.T.);
#1378 = B_SPLINE_CURVE_WITH_KNOTS('',2,(#1379,#1380,#1381),
  .UNSPECIFIED.,.F.,.F.,(3,3),(0.,1.),.PIECEWISE_BEZIER_KNOTS.);
#1379 = CARTESIAN_POINT('',(14.005350318471,1.927507748396,
    7.050066654639));
#1380 = CARTESIAN_POINT('',(13.872866242038,1.881033673719,
    6.922380183874));
#1381 = CARTESIAN_POINT('',(13.852484076433,1.773213820468,
    6.626147571699));
#1382 = ORIENTED_EDGE('',*,*,#1345,.F.);
#1383 = SURFACE_OF_LINEAR_EXTRUSION('',#1384,#1388);
#1384 = B_SPLINE_CURVE_WITH_KNOTS('',2,(#1385,#1386,#1387),
  .UNSPECIFIED.,.F.,.F.,(3,3),(0.,1.),.PIECEWISE_BEZIER_KNOTS.);
#1385 = CARTESIAN_POINT('',(14.005350318471,2.679261845024,
    6.776450539978));
#1386 = CARTESIAN_POINT('',(13.872866242038,2.632787770347,
    6.648764069213));
#1387 = CARTESIAN_POINT('',(13.852484076433,2.524967917097,
    6.352531457039));
#1388 = VECTOR('',#1389,1.);
#1389 = DIRECTION('',(-0.,0.939692620786,-0.342020143326));
#1390 = ADVANCED_FACE('',(#1391),#1409,.T.);
#1391 = FACE_BOUND('',#1392,.T.);
#1392 = EDGE_LOOP('',(#1393,#1394,#1402,#1408));
#1393 = ORIENTED_EDGE('',*,*,#458,.T.);
#1394 = ORIENTED_EDGE('',*,*,#1395,.T.);
#1395 = EDGE_CURVE('',#444,#1396,#1398,.T.);
#1396 = VERTEX_POINT('',#1397);
#1397 = CARTESIAN_POINT('',(14.362038216561,1.973981823073,
    7.177753125404));
#1398 = LINE('',#1399,#1400);
#1399 = CARTESIAN_POINT('',(14.362038216561,2.725735919701,
    6.904137010743));
#1400 = VECTOR('',#1401,1.);
#1401 = DIRECTION('',(0.,-0.939692620786,0.342020143326));
#1402 = ORIENTED_EDGE('',*,*,#1403,.T.);
#1403 = EDGE_CURVE('',#1396,#1370,#1404,.T.);
#1404 = B_SPLINE_CURVE_WITH_KNOTS('',2,(#1405,#1406,#1407),
  .UNSPECIFIED.,.F.,.F.,(3,3),(0.,1.),.PIECEWISE_BEZIER_KNOTS.);
#1405 = CARTESIAN_POINT('',(14.362038216561,1.973981823073,
    7.177753125404));
#1406 = CARTESIAN_POINT('',(14.137834394904,1.973981823073,
    7.177753125404));
#1407 = CARTESIAN_POINT('',(14.005350318471,1.927507748396,
    7.050066654639));
#1408 = ORIENTED_EDGE('',*,*,#1369,.F.);
#1409 = SURFACE_OF_LINEAR_EXTRUSION('',#1410,#1414);
#1410 = B_SPLINE_CURVE_WITH_KNOTS('',2,(#1411,#1412,#1413),
  .UNSPECIFIED.,.F.,.F.,(3,3),(0.,1.),.PIECEWISE_BEZIER_KNOTS.);
#1411 = CARTESIAN_POINT('',(14.362038216561,2.725735919701,
    6.904137010743));
#1412 = CARTESIAN_POINT('',(14.137834394904,2.725735919701,
    6.904137010743));
#1413 = CARTESIAN_POINT('',(14.005350318471,2.679261845024,
    6.776450539978));
#1414 = VECTOR('',#1415,1.);
#1415 = DIRECTION('',(-0.,0.939692620786,-0.342020143326));
#1416 = ADVANCED_FACE('',(#1417),#1435,.T.);
#1417 = FACE_BOUND('',#1418,.T.);
#1418 = EDGE_LOOP('',(#1419,#1420,#1428,#1434));
#1419 = ORIENTED_EDGE('',*,*,#443,.T.);
#1420 = ORIENTED_EDGE('',*,*,#1421,.T.);
#1421 = EDGE_CURVE('',#429,#1422,#1424,.T.);
#1422 = VERTEX_POINT('',#1423);
#1423 = CARTESIAN_POINT('',(14.717367303609,1.929889544723,
    7.056610586266));
#1424 = LINE('',#1425,#1426);
#1425 = CARTESIAN_POINT('',(14.717367303609,2.681643641352,
    6.782994471605));
#1426 = VECTOR('',#1427,1.);
#1427 = DIRECTION('',(0.,-0.939692620786,0.342020143326));
#1428 = ORIENTED_EDGE('',*,*,#1429,.T.);
#1429 = EDGE_CURVE('',#1422,#1396,#1430,.T.);
#1430 = B_SPLINE_CURVE_WITH_KNOTS('',2,(#1431,#1432,#1433),
  .UNSPECIFIED.,.F.,.F.,(3,3),(0.,1.),.PIECEWISE_BEZIER_KNOTS.);
#1431 = CARTESIAN_POINT('',(14.717367303609,1.929889544723,
    7.056610586266));
#1432 = CARTESIAN_POINT('',(14.588789808917,1.973981823073,
    7.177753125404));
#1433 = CARTESIAN_POINT('',(14.362038216561,1.973981823073,
    7.177753125404));
#1434 = ORIENTED_EDGE('',*,*,#1395,.F.);
#1435 = SURFACE_OF_LINEAR_EXTRUSION('',#1436,#1440);
#1436 = B_SPLINE_CURVE_WITH_KNOTS('',2,(#1437,#1438,#1439),
  .UNSPECIFIED.,.F.,.F.,(3,3),(0.,1.),.PIECEWISE_BEZIER_KNOTS.);
#1437 = CARTESIAN_POINT('',(14.717367303609,2.681643641352,
    6.782994471605));
#1438 = CARTESIAN_POINT('',(14.588789808917,2.725735919701,
    6.904137010743));
#1439 = CARTESIAN_POINT('',(14.362038216561,2.725735919701,
    6.904137010743));
#1440 = VECTOR('',#1441,1.);
#1441 = DIRECTION('',(-0.,0.939692620786,-0.342020143326));
#1442 = ADVANCED_FACE('',(#1443),#1461,.T.);
#1443 = FACE_BOUND('',#1444,.T.);
#1444 = EDGE_LOOP('',(#1445,#1446,#1454,#1460));
#1445 = ORIENTED_EDGE('',*,*,#428,.T.);
#1446 = ORIENTED_EDGE('',*,*,#1447,.T.);
#1447 = EDGE_CURVE('',#418,#1448,#1450,.T.);
#1448 = VERTEX_POINT('',#1449);
#1449 = CARTESIAN_POINT('',(14.846114649682,1.803712431975,
    6.709941818139));
#1450 = LINE('',#1451,#1452);
#1451 = CARTESIAN_POINT('',(14.846114649682,2.555466528604,
    6.436325703478));
#1452 = VECTOR('',#1453,1.);
#1453 = DIRECTION('',(0.,-0.939692620786,0.342020143326));
#1454 = ORIENTED_EDGE('',*,*,#1455,.T.);
#1455 = EDGE_CURVE('',#1448,#1422,#1456,.T.);
#1456 = B_SPLINE_CURVE_WITH_KNOTS('',2,(#1457,#1458,#1459),
  .UNSPECIFIED.,.F.,.F.,(3,3),(0.,1.),.PIECEWISE_BEZIER_KNOTS.);
#1457 = CARTESIAN_POINT('',(14.846114649682,1.803712431975,
    6.709941818139));
#1458 = CARTESIAN_POINT('',(14.846114649682,1.885797266373,
    6.935468047127));
#1459 = CARTESIAN_POINT('',(14.717367303609,1.929889544723,
    7.056610586266));
#1460 = ORIENTED_EDGE('',*,*,#1421,.F.);
#1461 = SURFACE_OF_LINEAR_EXTRUSION('',#1462,#1466);
#1462 = B_SPLINE_CURVE_WITH_KNOTS('',2,(#1463,#1464,#1465),
  .UNSPECIFIED.,.F.,.F.,(3,3),(0.,1.),.PIECEWISE_BEZIER_KNOTS.);
#1463 = CARTESIAN_POINT('',(14.846114649682,2.555466528604,
    6.436325703478));
#1464 = CARTESIAN_POINT('',(14.846114649682,2.637551363002,
    6.661851932467));
#1465 = CARTESIAN_POINT('',(14.717367303609,2.681643641352,
    6.782994471605));
#1466 = VECTOR('',#1467,1.);
#1467 = DIRECTION('',(-0.,0.939692620786,-0.342020143326));
#1468 = ADVANCED_FACE('',(#1469),#1487,.T.);
#1469 = FACE_BOUND('',#1470,.T.);
#1470 = EDGE_LOOP('',(#1471,#1472,#1480,#1486));
#1471 = ORIENTED_EDGE('',*,*,#417,.T.);
#1472 = ORIENTED_EDGE('',*,*,#1473,.T.);
#1473 = EDGE_CURVE('',#404,#1474,#1476,.T.);
#1474 = VERTEX_POINT('',#1475);
#1475 = CARTESIAN_POINT('',(14.698343949045,1.653484985582,
    6.297195301391));
#1476 = LINE('',#1477,#1478);
#1477 = CARTESIAN_POINT('',(14.698343949045,2.40523908221,6.02357918673)
  );
#1478 = VECTOR('',#1479,1.);
#1479 = DIRECTION('',(0.,-0.939692620786,0.342020143326));
#1480 = ORIENTED_EDGE('',*,*,#1481,.T.);
#1481 = EDGE_CURVE('',#1474,#1448,#1482,.T.);
#1482 = B_SPLINE_CURVE_WITH_KNOTS('',2,(#1483,#1484,#1485),
  .UNSPECIFIED.,.F.,.F.,(3,3),(0.,1.),.PIECEWISE_BEZIER_KNOTS.);
#1483 = CARTESIAN_POINT('',(14.698343949045,1.653484985582,
    6.297195301391));
#1484 = CARTESIAN_POINT('',(14.846114649682,1.729470097679,
    6.505962681092));
#1485 = CARTESIAN_POINT('',(14.846114649682,1.803712431975,
    6.709941818139));
#1486 = ORIENTED_EDGE('',*,*,#1447,.F.);
#1487 = SURFACE_OF_LINEAR_EXTRUSION('',#1488,#1492);
#1488 = B_SPLINE_CURVE_WITH_KNOTS('',2,(#1489,#1490,#1491),
  .UNSPECIFIED.,.F.,.F.,(3,3),(0.,1.),.PIECEWISE_BEZIER_KNOTS.);
#1489 = CARTESIAN_POINT('',(14.698343949045,2.40523908221,6.02357918673)
  );
#1490 = CARTESIAN_POINT('',(14.846114649682,2.481224194307,
    6.232346566431));
#1491 = CARTESIAN_POINT('',(14.846114649682,2.555466528604,
    6.436325703478));
#1492 = VECTOR('',#1493,1.);
#1493 = DIRECTION('',(-0.,0.939692620786,-0.342020143326));
#1494 = ADVANCED_FACE('',(#1495),#1513,.T.);
#1495 = FACE_BOUND('',#1496,.T.);
#1496 = EDGE_LOOP('',(#1497,#1498,#1506,#1512));
#1497 = ORIENTED_EDGE('',*,*,#403,.T.);
#1498 = ORIENTED_EDGE('',*,*,#1499,.T.);
#1499 = EDGE_CURVE('',#383,#1500,#1502,.T.);
#1500 = VERTEX_POINT('',#1501);
#1501 = CARTESIAN_POINT('',(14.104713375796,1.443945001382,
    5.721488926329));
#1502 = LINE('',#1503,#1504);
#1503 = CARTESIAN_POINT('',(14.104713375796,2.195699098011,
    5.447872811669));
#1504 = VECTOR('',#1505,1.);
#1505 = DIRECTION('',(0.,-0.939692620786,0.342020143326));
#1506 = ORIENTED_EDGE('',*,*,#1507,.T.);
#1507 = EDGE_CURVE('',#1500,#1474,#1508,.T.);
#1508 = B_SPLINE_CURVE_WITH_KNOTS('',2,(#1509,#1510,#1511),
  .UNSPECIFIED.,.F.,.F.,(3,3),(0.,1.),.PIECEWISE_BEZIER_KNOTS.);
#1509 = CARTESIAN_POINT('',(14.104713375796,1.443945001382,
    5.721488926329));
#1510 = CARTESIAN_POINT('',(14.588789808917,1.598471299683,
    6.146046441623));
#1511 = CARTESIAN_POINT('',(14.698343949045,1.653484985582,
    6.297195301391));
#1512 = ORIENTED_EDGE('',*,*,#1473,.F.);
#1513 = SURFACE_OF_LINEAR_EXTRUSION('',#1514,#1518);
#1514 = B_SPLINE_CURVE_WITH_KNOTS('',2,(#1515,#1516,#1517),
  .UNSPECIFIED.,.F.,.F.,(3,3),(0.,1.),.PIECEWISE_BEZIER_KNOTS.);
#1515 = CARTESIAN_POINT('',(14.104713375796,2.195699098011,
    5.447872811669));
#1516 = CARTESIAN_POINT('',(14.588789808917,2.350225396312,
    5.872430326962));
#1517 = CARTESIAN_POINT('',(14.698343949045,2.40523908221,6.02357918673)
  );
#1518 = VECTOR('',#1519,1.);
#1519 = DIRECTION('',(-0.,0.939692620786,-0.342020143326));
#1520 = ADVANCED_FACE('',(#1521),#1539,.T.);
#1521 = FACE_BOUND('',#1522,.T.);
#1522 = EDGE_LOOP('',(#1523,#1524,#1532,#1538));
#1523 = ORIENTED_EDGE('',*,*,#382,.T.);
#1524 = ORIENTED_EDGE('',*,*,#1525,.T.);
#1525 = EDGE_CURVE('',#368,#1526,#1528,.T.);
#1526 = VERTEX_POINT('',#1527);
#1527 = CARTESIAN_POINT('',(13.299617834395,1.136983738141,
    4.878119786927));
#1528 = LINE('',#1529,#1530);
#1529 = CARTESIAN_POINT('',(13.299617834395,1.88873783477,4.604503672266
    ));
#1530 = VECTOR('',#1531,1.);
#1531 = DIRECTION('',(0.,-0.939692620786,0.342020143326));
#1532 = ORIENTED_EDGE('',*,*,#1533,.T.);
#1533 = EDGE_CURVE('',#1526,#1500,#1534,.T.);
#1534 = B_SPLINE_CURVE_WITH_KNOTS('',2,(#1535,#1536,#1537),
  .UNSPECIFIED.,.F.,.F.,(3,3),(0.,1.),.PIECEWISE_BEZIER_KNOTS.);
#1535 = CARTESIAN_POINT('',(13.299617834395,1.136983738141,
    4.878119786927));
#1536 = CARTESIAN_POINT('',(13.503439490446,1.252704184086,
    5.196059099132));
#1537 = CARTESIAN_POINT('',(14.104713375796,1.443945001382,
    5.721488926329));
#1538 = ORIENTED_EDGE('',*,*,#1499,.F.);
#1539 = SURFACE_OF_LINEAR_EXTRUSION('',#1540,#1544);
#1540 = B_SPLINE_CURVE_WITH_KNOTS('',2,(#1541,#1542,#1543),
  .UNSPECIFIED.,.F.,.F.,(3,3),(0.,1.),.PIECEWISE_BEZIER_KNOTS.);
#1541 = CARTESIAN_POINT('',(13.299617834395,1.88873783477,4.604503672266
    ));
#1542 = CARTESIAN_POINT('',(13.503439490446,2.004458280715,
    4.922442984471));
#1543 = CARTESIAN_POINT('',(14.104713375796,2.195699098011,
    5.447872811669));
#1544 = VECTOR('',#1545,1.);
#1545 = DIRECTION('',(-0.,0.939692620786,-0.342020143326));
#1546 = ADVANCED_FACE('',(#1547),#1565,.T.);
#1547 = FACE_BOUND('',#1548,.T.);
#1548 = EDGE_LOOP('',(#1549,#1550,#1558,#1564));
#1549 = ORIENTED_EDGE('',*,*,#367,.T.);
#1550 = ORIENTED_EDGE('',*,*,#1551,.T.);
#1551 = EDGE_CURVE('',#360,#1552,#1554,.T.);
#1552 = VERTEX_POINT('',#1553);
#1553 = CARTESIAN_POINT('',(13.055031847134,0.892065364593,
    4.205212085995));
#1554 = LINE('',#1555,#1556);
#1555 = CARTESIAN_POINT('',(13.055031847134,1.643819461222,
    3.931595971335));
#1556 = VECTOR('',#1557,1.);
#1557 = DIRECTION('',(0.,-0.939692620786,0.342020143326));
#1558 = ORIENTED_EDGE('',*,*,#1559,.T.);
#1559 = EDGE_CURVE('',#1552,#1526,#1560,.T.);
#1560 = B_SPLINE_CURVE_WITH_KNOTS('',2,(#1561,#1562,#1563),
  .UNSPECIFIED.,.F.,.F.,(3,3),(0.,1.),.PIECEWISE_BEZIER_KNOTS.);
#1561 = CARTESIAN_POINT('',(13.055031847134,0.892065364593,
    4.205212085995));
#1562 = CARTESIAN_POINT('',(13.095796178344,1.021321384789,4.56034008281
    ));
#1563 = CARTESIAN_POINT('',(13.299617834395,1.136983738141,
    4.878119786927));
#1564 = ORIENTED_EDGE('',*,*,#1525,.F.);
#1565 = SURFACE_OF_LINEAR_EXTRUSION('',#1566,#1570);
#1566 = B_SPLINE_CURVE_WITH_KNOTS('',2,(#1567,#1568,#1569),
  .UNSPECIFIED.,.F.,.F.,(3,3),(0.,1.),.PIECEWISE_BEZIER_KNOTS.);
#1567 = CARTESIAN_POINT('',(13.055031847134,1.643819461222,
    3.931595971335));
#1568 = CARTESIAN_POINT('',(13.095796178344,1.773075481417,4.28672396815
    ));
#1569 = CARTESIAN_POINT('',(13.299617834395,1.88873783477,4.604503672266
    ));
#1570 = VECTOR('',#1571,1.);
#1571 = DIRECTION('',(-0.,0.939692620786,-0.342020143326));
#1572 = ADVANCED_FACE('',(#1573),#1584,.T.);
#1573 = FACE_BOUND('',#1574,.T.);
#1574 = EDGE_LOOP('',(#1575,#1576,#1577,#1583));
#1575 = ORIENTED_EDGE('',*,*,#359,.T.);
#1576 = ORIENTED_EDGE('',*,*,#1072,.T.);
#1577 = ORIENTED_EDGE('',*,*,#1578,.T.);
#1578 = EDGE_CURVE('',#1065,#1552,#1579,.T.);
#1579 = LINE('',#1580,#1581);
#1580 = CARTESIAN_POINT('',(15.564585987261,0.892065364593,
    4.205212085995));
#1581 = VECTOR('',#1582,1.);
#1582 = DIRECTION('',(-1.,0.,0.));
#1583 = ORIENTED_EDGE('',*,*,#1551,.F.);
#1584 = PLANE('',#1585);
#1585 = AXIS2_PLACEMENT_3D('',#1586,#1587,#1588);
#1586 = CARTESIAN_POINT('',(15.564585987261,1.643819461222,
    3.931595971335));
#1587 = DIRECTION('',(0.,-0.342020143326,-0.939692620786));
#1588 = DIRECTION('',(-1.,0.,0.));
#1589 = ADVANCED_FACE('',(#1590),#1615,.T.);
#1590 = FACE_BOUND('',#1591,.T.);
#1591 = EDGE_LOOP('',(#1592,#1593,#1601,#1609));
#1592 = ORIENTED_EDGE('',*,*,#629,.T.);
#1593 = ORIENTED_EDGE('',*,*,#1594,.T.);
#1594 = EDGE_CURVE('',#632,#1595,#1597,.T.);
#1595 = VERTEX_POINT('',#1596);
#1596 = CARTESIAN_POINT('',(12.076178343949,0.892065364593,
    4.205212085995));
#1597 = LINE('',#1598,#1599);
#1598 = CARTESIAN_POINT('',(12.076178343949,1.643819461222,
    3.931595971335));
#1599 = VECTOR('',#1600,1.);
#1600 = DIRECTION('',(0.,-0.939692620786,0.342020143326));
#1601 = ORIENTED_EDGE('',*,*,#1602,.T.);
#1602 = EDGE_CURVE('',#1595,#1603,#1605,.T.);
#1603 = VERTEX_POINT('',#1604);
#1604 = CARTESIAN_POINT('',(11.36025477707,0.892065364593,4.205212085995
    ));
#1605 = LINE('',#1606,#1607);
#1606 = CARTESIAN_POINT('',(12.076178343949,0.892065364593,
    4.205212085995));
#1607 = VECTOR('',#1608,1.);
#1608 = DIRECTION('',(-1.,0.,0.));
#1609 = ORIENTED_EDGE('',*,*,#1610,.F.);
#1610 = EDGE_CURVE('',#630,#1603,#1611,.T.);
#1611 = LINE('',#1612,#1613);
#1612 = CARTESIAN_POINT('',(11.36025477707,1.643819461222,3.931595971335
    ));
#1613 = VECTOR('',#1614,1.);
#1614 = DIRECTION('',(0.,-0.939692620786,0.342020143326));
#1615 = PLANE('',#1616);
#1616 = AXIS2_PLACEMENT_3D('',#1617,#1618,#1619);
#1617 = CARTESIAN_POINT('',(12.076178343949,1.643819461222,
    3.931595971335));
#1618 = DIRECTION('',(0.,-0.342020143326,-0.939692620786));
#1619 = DIRECTION('',(-1.,0.,0.));
#1620 = ADVANCED_FACE('',(#1621),#1639,.T.);
#1621 = FACE_BOUND('',#1622,.T.);
#1622 = EDGE_LOOP('',(#1623,#1624,#1632,#1638));
#1623 = ORIENTED_EDGE('',*,*,#709,.T.);
#1624 = ORIENTED_EDGE('',*,*,#1625,.T.);
#1625 = EDGE_CURVE('',#702,#1626,#1628,.T.);
#1626 = VERTEX_POINT('',#1627);
#1627 = CARTESIAN_POINT('',(12.076178343949,2.178467751651,7.73957359677
    ));
#1628 = LINE('',#1629,#1630);
#1629 = CARTESIAN_POINT('',(12.076178343949,2.93022184828,7.465957482109
    ));
#1630 = VECTOR('',#1631,1.);
#1631 = DIRECTION('',(0.,-0.939692620786,0.342020143326));
#1632 = ORIENTED_EDGE('',*,*,#1633,.T.);
#1633 = EDGE_CURVE('',#1626,#1595,#1634,.T.);
#1634 = LINE('',#1635,#1636);
#1635 = CARTESIAN_POINT('',(12.076178343949,2.178467751651,7.73957359677
    ));
#1636 = VECTOR('',#1637,1.);
#1637 = DIRECTION('',(0.,-0.342020143326,-0.939692620786));
#1638 = ORIENTED_EDGE('',*,*,#1594,.F.);
#1639 = PLANE('',#1640);
#1640 = AXIS2_PLACEMENT_3D('',#1641,#1642,#1643);
#1641 = CARTESIAN_POINT('',(12.076178343949,2.93022184828,7.465957482109
    ));
#1642 = DIRECTION('',(1.,0.,0.));
#1643 = DIRECTION('',(0.,-0.342020143326,-0.939692620786));
#1644 = ADVANCED_FACE('',(#1645),#1663,.T.);
#1645 = FACE_BOUND('',#1646,.T.);
#1646 = EDGE_LOOP('',(#1647,#1648,#1656,#1662));
#1647 = ORIENTED_EDGE('',*,*,#701,.T.);
#1648 = ORIENTED_EDGE('',*,*,#1649,.T.);
#1649 = EDGE_CURVE('',#683,#1650,#1652,.T.);
#1650 = VERTEX_POINT('',#1651);
#1651 = CARTESIAN_POINT('',(11.495286624204,2.178467751651,7.73957359677
    ));
#1652 = LINE('',#1653,#1654);
#1653 = CARTESIAN_POINT('',(11.495286624204,2.93022184828,7.465957482109
    ));
#1654 = VECTOR('',#1655,1.);
#1655 = DIRECTION('',(0.,-0.939692620786,0.342020143326));
#1656 = ORIENTED_EDGE('',*,*,#1657,.T.);
#1657 = EDGE_CURVE('',#1650,#1626,#1658,.T.);
#1658 = LINE('',#1659,#1660);
#1659 = CARTESIAN_POINT('',(11.495286624204,2.178467751651,7.73957359677
    ));
#1660 = VECTOR('',#1661,1.);
#1661 = DIRECTION('',(1.,0.,0.));
#1662 = ORIENTED_EDGE('',*,*,#1625,.F.);
#1663 = PLANE('',#1664);
#1664 = AXIS2_PLACEMENT_3D('',#1665,#1666,#1667);
#1665 = CARTESIAN_POINT('',(11.495286624204,2.93022184828,7.465957482109
    ));
#1666 = DIRECTION('',(0.,0.342020143326,0.939692620786));
#1667 = DIRECTION('',(1.,0.,0.));
#1668 = ADVANCED_FACE('',(#1669),#1687,.T.);
#1669 = FACE_BOUND('',#1670,.T.);
#1670 = EDGE_LOOP('',(#1671,#1672,#1680,#1686));
#1671 = ORIENTED_EDGE('',*,*,#682,.T.);
#1672 = ORIENTED_EDGE('',*,*,#1673,.T.);
#1673 = EDGE_CURVE('',#671,#1674,#1676,.T.);
#1674 = VERTEX_POINT('',#1675);
#1675 = CARTESIAN_POINT('',(11.044331210191,1.973981823073,
    7.177753125404));
#1676 = LINE('',#1677,#1678);
#1677 = CARTESIAN_POINT('',(11.044331210191,2.725735919701,
    6.904137010743));
#1678 = VECTOR('',#1679,1.);
#1679 = DIRECTION('',(0.,-0.939692620786,0.342020143326));
#1680 = ORIENTED_EDGE('',*,*,#1681,.T.);
#1681 = EDGE_CURVE('',#1674,#1650,#1682,.T.);
#1682 = B_SPLINE_CURVE_WITH_KNOTS('',2,(#1683,#1684,#1685),
  .UNSPECIFIED.,.F.,.F.,(3,3),(0.,1.),.PIECEWISE_BEZIER_KNOTS.);
#1683 = CARTESIAN_POINT('',(11.044331210191,1.973981823073,
    7.177753125404));
#1684 = CARTESIAN_POINT('',(11.372993630573,2.061643546432,
    7.418601730884));
#1685 = CARTESIAN_POINT('',(11.495286624204,2.178467751651,7.73957359677
    ));
#1686 = ORIENTED_EDGE('',*,*,#1649,.F.);
#1687 = SURFACE_OF_LINEAR_EXTRUSION('',#1688,#1692);
#1688 = B_SPLINE_CURVE_WITH_KNOTS('',2,(#1689,#1690,#1691),
  .UNSPECIFIED.,.F.,.F.,(3,3),(0.,1.),.PIECEWISE_BEZIER_KNOTS.);
#1689 = CARTESIAN_POINT('',(11.044331210191,2.725735919701,
    6.904137010743));
#1690 = CARTESIAN_POINT('',(11.372993630573,2.813397643061,
    7.144985616224));
#1691 = CARTESIAN_POINT('',(11.495286624204,2.93022184828,7.465957482109
    ));
#1692 = VECTOR('',#1693,1.);
#1693 = DIRECTION('',(-0.,0.939692620786,-0.342020143326));
#1694 = ADVANCED_FACE('',(#1695),#1713,.T.);
#1695 = FACE_BOUND('',#1696,.T.);
#1696 = EDGE_LOOP('',(#1697,#1698,#1706,#1712));
#1697 = ORIENTED_EDGE('',*,*,#670,.T.);
#1698 = ORIENTED_EDGE('',*,*,#1699,.T.);
#1699 = EDGE_CURVE('',#663,#1700,#1702,.T.);
#1700 = VERTEX_POINT('',#1701);
#1701 = CARTESIAN_POINT('',(10.435414012739,1.8550081919,6.850875760245)
  );
#1702 = LINE('',#1703,#1704);
#1703 = CARTESIAN_POINT('',(10.435414012739,2.606762288528,
    6.577259645585));
#1704 = VECTOR('',#1705,1.);
#1705 = DIRECTION('',(0.,-0.939692620786,0.342020143326));
#1706 = ORIENTED_EDGE('',*,*,#1707,.T.);
#1707 = EDGE_CURVE('',#1700,#1674,#1708,.T.);
#1708 = B_SPLINE_CURVE_WITH_KNOTS('',2,(#1709,#1710,#1711),
  .UNSPECIFIED.,.F.,.F.,(3,3),(0.,1.),.PIECEWISE_BEZIER_KNOTS.);
#1709 = CARTESIAN_POINT('',(10.435414012739,1.8550081919,6.850875760245)
  );
#1710 = CARTESIAN_POINT('',(10.715668789809,1.886378192307,
    6.937064128012));
#1711 = CARTESIAN_POINT('',(11.044331210191,1.973981823073,
    7.177753125404));
#1712 = ORIENTED_EDGE('',*,*,#1673,.F.);
#1713 = SURFACE_OF_LINEAR_EXTRUSION('',#1714,#1718);
#1714 = B_SPLINE_CURVE_WITH_KNOTS('',2,(#1715,#1716,#1717),
  .UNSPECIFIED.,.F.,.F.,(3,3),(0.,1.),.PIECEWISE_BEZIER_KNOTS.);
#1715 = CARTESIAN_POINT('',(10.435414012739,2.606762288528,
    6.577259645585));
#1716 = CARTESIAN_POINT('',(10.715668789809,2.638132288935,
    6.663448013351));
#1717 = CARTESIAN_POINT('',(11.044331210191,2.725735919701,
    6.904137010743));
#1718 = VECTOR('',#1719,1.);
#1719 = DIRECTION('',(-0.,0.939692620786,-0.342020143326));
#1720 = ADVANCED_FACE('',(#1721),#1739,.T.);
#1721 = FACE_BOUND('',#1722,.T.);
#1722 = EDGE_LOOP('',(#1723,#1724,#1732,#1738));
#1723 = ORIENTED_EDGE('',*,*,#662,.T.);
#1724 = ORIENTED_EDGE('',*,*,#1725,.T.);
#1725 = EDGE_CURVE('',#648,#1726,#1728,.T.);
#1726 = VERTEX_POINT('',#1727);
#1727 = CARTESIAN_POINT('',(10.435414012739,1.63193263345,6.237980700574
    ));
#1728 = LINE('',#1729,#1730);
#1729 = CARTESIAN_POINT('',(10.435414012739,2.383686730079,
    5.964364585913));
#1730 = VECTOR('',#1731,1.);
#1731 = DIRECTION('',(0.,-0.939692620786,0.342020143326));
#1732 = ORIENTED_EDGE('',*,*,#1733,.T.);
#1733 = EDGE_CURVE('',#1726,#1700,#1734,.T.);
#1734 = LINE('',#1735,#1736);
#1735 = CARTESIAN_POINT('',(10.435414012739,1.63193263345,6.237980700574
    ));
#1736 = VECTOR('',#1737,1.);
#1737 = DIRECTION('',(0.,0.342020143326,0.939692620786));
#1738 = ORIENTED_EDGE('',*,*,#1699,.F.);
#1739 = PLANE('',#1740);
#1740 = AXIS2_PLACEMENT_3D('',#1741,#1742,#1743);
#1741 = CARTESIAN_POINT('',(10.435414012739,2.383686730079,
    5.964364585913));
#1742 = DIRECTION('',(-1.,0.,0.));
#1743 = DIRECTION('',(0.,0.342020143326,0.939692620786));
#1744 = ADVANCED_FACE('',(#1745),#1763,.T.);
#1745 = FACE_BOUND('',#1746,.T.);
#1746 = EDGE_LOOP('',(#1747,#1748,#1756,#1762));
#1747 = ORIENTED_EDGE('',*,*,#647,.T.);
#1748 = ORIENTED_EDGE('',*,*,#1749,.T.);
#1749 = EDGE_CURVE('',#640,#1750,#1752,.T.);
#1750 = VERTEX_POINT('',#1751);
#1751 = CARTESIAN_POINT('',(11.36025477707,1.818293672905,6.750003448341
    ));
#1752 = LINE('',#1753,#1754);
#1753 = CARTESIAN_POINT('',(11.36025477707,2.570047769534,6.476387333681
    ));
#1754 = VECTOR('',#1755,1.);
#1755 = DIRECTION('',(0.,-0.939692620786,0.342020143326));
#1756 = ORIENTED_EDGE('',*,*,#1757,.T.);
#1757 = EDGE_CURVE('',#1750,#1726,#1758,.T.);
#1758 = B_SPLINE_CURVE_WITH_KNOTS('',2,(#1759,#1760,#1761),
  .UNSPECIFIED.,.F.,.F.,(3,3),(0.,1.),.PIECEWISE_BEZIER_KNOTS.);
#1759 = CARTESIAN_POINT('',(11.36025477707,1.818293672905,6.750003448341
    ));
#1760 = CARTESIAN_POINT('',(10.967898089172,1.692290837937,6.40381350448
    ));
#1761 = CARTESIAN_POINT('',(10.435414012739,1.63193263345,6.237980700574
    ));
#1762 = ORIENTED_EDGE('',*,*,#1725,.F.);
#1763 = SURFACE_OF_LINEAR_EXTRUSION('',#1764,#1768);
#1764 = B_SPLINE_CURVE_WITH_KNOTS('',2,(#1765,#1766,#1767),
  .UNSPECIFIED.,.F.,.F.,(3,3),(0.,1.),.PIECEWISE_BEZIER_KNOTS.);
#1765 = CARTESIAN_POINT('',(11.36025477707,2.570047769534,6.476387333681
    ));
#1766 = CARTESIAN_POINT('',(10.967898089172,2.444044934566,
    6.130197389819));
#1767 = CARTESIAN_POINT('',(10.435414012739,2.383686730079,
    5.964364585913));
#1768 = VECTOR('',#1769,1.);
#1769 = DIRECTION('',(-0.,0.939692620786,-0.342020143326));
#1770 = ADVANCED_FACE('',(#1771),#1782,.T.);
#1771 = FACE_BOUND('',#1772,.T.);
#1772 = EDGE_LOOP('',(#1773,#1774,#1775,#1781));
#1773 = ORIENTED_EDGE('',*,*,#639,.T.);
#1774 = ORIENTED_EDGE('',*,*,#1610,.T.);
#1775 = ORIENTED_EDGE('',*,*,#1776,.T.);
#1776 = EDGE_CURVE('',#1603,#1750,#1777,.T.);
#1777 = LINE('',#1778,#1779);
#1778 = CARTESIAN_POINT('',(11.36025477707,0.892065364593,4.205212085995
    ));
#1779 = VECTOR('',#1780,1.);
#1780 = DIRECTION('',(0.,0.342020143326,0.939692620786));
#1781 = ORIENTED_EDGE('',*,*,#1749,.F.);
#1782 = PLANE('',#1783);
#1783 = AXIS2_PLACEMENT_3D('',#1784,#1785,#1786);
#1784 = CARTESIAN_POINT('',(11.36025477707,1.643819461222,3.931595971335
    ));
#1785 = DIRECTION('',(-1.,0.,0.));
#1786 = DIRECTION('',(0.,0.342020143326,0.939692620786));
#1787 = ADVANCED_FACE('',(#1788),#1813,.F.);
#1788 = FACE_BOUND('',#1789,.F.);
#1789 = EDGE_LOOP('',(#1790,#1798,#1806,#1812));
#1790 = ORIENTED_EDGE('',*,*,#1791,.F.);
#1791 = EDGE_CURVE('',#1792,#284,#1794,.T.);
#1792 = VERTEX_POINT('',#1793);
#1793 = CARTESIAN_POINT('',(30.,12.6,0.));
#1794 = LINE('',#1795,#1796);
#1795 = CARTESIAN_POINT('',(30.,12.6,0.));
#1796 = VECTOR('',#1797,1.);
#1797 = DIRECTION('',(-0.971520338783,-0.236956180191,0.));
#1798 = ORIENTED_EDGE('',*,*,#1799,.T.);
#1799 = EDGE_CURVE('',#1792,#1800,#1802,.T.);
#1800 = VERTEX_POINT('',#1801);
#1801 = CARTESIAN_POINT('',(30.,12.6,10.));
#1802 = LINE('',#1803,#1804);
#1803 = CARTESIAN_POINT('',(30.,12.6,0.));
#1804 = VECTOR('',#1805,1.);
#1805 = DIRECTION('',(0.,0.,1.));
#1806 = ORIENTED_EDGE('',*,*,#1807,.T.);
#1807 = EDGE_CURVE('',#1800,#95,#1808,.T.);
#1808 = LINE('',#1809,#1810);
#1809 = CARTESIAN_POINT('',(30.,12.6,10.));
#1810 = VECTOR('',#1811,1.);
#1811 = DIRECTION('',(-0.971520338783,-0.236956180191,0.));
#1812 = ORIENTED_EDGE('',*,*,#792,.T.);
#1813 = PLANE('',#1814);
#1814 = AXIS2_PLACEMENT_3D('',#1815,#1816,#1817);
#1815 = CARTESIAN_POINT('',(30.,12.6,0.));
#1816 = DIRECTION('',(0.236956180191,-0.971520338783,0.));
#1817 = DIRECTION('',(-0.971520338783,-0.236956180191,0.));
#1818 = ADVANCED_FACE('',(#1819),#1837,.T.);
#1819 = FACE_BOUND('',#1820,.T.);
#1820 = EDGE_LOOP('',(#1821,#1822,#1830,#1836));
#1821 = ORIENTED_EDGE('',*,*,#809,.F.);
#1822 = ORIENTED_EDGE('',*,*,#1823,.T.);
#1823 = EDGE_CURVE('',#71,#1824,#1826,.T.);
#1824 = VERTEX_POINT('',#1825);
#1825 = CARTESIAN_POINT('',(30.,6.6,10.));
#1826 = LINE('',#1827,#1828);
#1827 = CARTESIAN_POINT('',(25.9,7.6,10.));
#1828 = VECTOR('',#1829,1.);
#1829 = DIRECTION('',(0.971520338783,-0.236956180191,0.));
#1830 = ORIENTED_EDGE('',*,*,#1831,.T.);
#1831 = EDGE_CURVE('',#1824,#1800,#1832,.T.);
#1832 = LINE('',#1833,#1834);
#1833 = CARTESIAN_POINT('',(30.,6.6,10.));
#1834 = VECTOR('',#1835,1.);
#1835 = DIRECTION('',(0.,1.,0.));
#1836 = ORIENTED_EDGE('',*,*,#1807,.T.);
#1837 = PLANE('',#1838);
#1838 = AXIS2_PLACEMENT_3D('',#1839,#1840,#1841);
#1839 = CARTESIAN_POINT('',(28.172338161771,9.6,10.));
#1840 = DIRECTION('',(0.,0.,1.));
#1841 = DIRECTION('',(1.,0.,0.));
#1842 = ADVANCED_FACE('',(#1843),#1861,.F.);
#1843 = FACE_BOUND('',#1844,.F.);
#1844 = EDGE_LOOP('',(#1845,#1853,#1854,#1855));
#1845 = ORIENTED_EDGE('',*,*,#1846,.F.);
#1846 = EDGE_CURVE('',#260,#1847,#1849,.T.);
#1847 = VERTEX_POINT('',#1848);
#1848 = CARTESIAN_POINT('',(30.,6.6,0.));
#1849 = LINE('',#1850,#1851);
#1850 = CARTESIAN_POINT('',(25.9,7.6,0.));
#1851 = VECTOR('',#1852,1.);
#1852 = DIRECTION('',(0.971520338783,-0.236956180191,0.));
#1853 = ORIENTED_EDGE('',*,*,#828,.T.);
#1854 = ORIENTED_EDGE('',*,*,#1823,.T.);
#1855 = ORIENTED_EDGE('',*,*,#1856,.F.);
#1856 = EDGE_CURVE('',#1847,#1824,#1857,.T.);
#1857 = LINE('',#1858,#1859);
#1858 = CARTESIAN_POINT('',(30.,6.6,0.));
#1859 = VECTOR('',#1860,1.);
#1860 = DIRECTION('',(0.,0.,1.));
#1861 = PLANE('',#1862);
#1862 = AXIS2_PLACEMENT_3D('',#1863,#1864,#1865);
#1863 = CARTESIAN_POINT('',(25.9,7.6,0.));
#1864 = DIRECTION('',(0.236956180191,0.971520338783,0.));
#1865 = DIRECTION('',(0.971520338783,-0.236956180191,0.));
#1866 = ADVANCED_FACE('',(#1867),#1893,.T.);
#1867 = FACE_BOUND('',#1868,.T.);
#1868 = EDGE_LOOP('',(#1869,#1877,#1878,#1886));
#1869 = ORIENTED_EDGE('',*,*,#1870,.F.);
#1870 = EDGE_CURVE('',#843,#1871,#1873,.T.);
#1871 = VERTEX_POINT('',#1872);
#1872 = CARTESIAN_POINT('',(9.685,23.255,21.));
#1873 = LINE('',#1874,#1875);
#1874 = CARTESIAN_POINT('',(9.685,23.505,20.75));
#1875 = VECTOR('',#1876,1.);
#1876 = DIRECTION('',(-2.90882763039E-35,-0.707106781187,0.707106781187)
  );
#1877 = ORIENTED_EDGE('',*,*,#859,.T.);
#1878 = ORIENTED_EDGE('',*,*,#1879,.T.);
#1879 = EDGE_CURVE('',#852,#1880,#1882,.T.);
#1880 = VERTEX_POINT('',#1881);
#1881 = CARTESIAN_POINT('',(9.585,23.155,21.));
#1882 = LINE('',#1883,#1884);
#1883 = CARTESIAN_POINT('',(9.085,23.155,20.5));
#1884 = VECTOR('',#1885,1.);
#1885 = DIRECTION('',(0.707106781187,-4.329780281177E-17,0.707106781187)
  );
#1886 = ORIENTED_EDGE('',*,*,#1887,.F.);
#1887 = EDGE_CURVE('',#1871,#1880,#1888,.T.);
#1888 = CIRCLE('',#1889,1.E-01);
#1889 = AXIS2_PLACEMENT_3D('',#1890,#1891,#1892);
#1890 = CARTESIAN_POINT('',(9.685,23.155,21.));
#1891 = DIRECTION('',(0.,-0.,1.));
#1892 = DIRECTION('',(0.,1.,0.));
#1893 = CONICAL_SURFACE('',#1894,0.6,0.785398163397);
#1894 = AXIS2_PLACEMENT_3D('',#1895,#1896,#1897);
#1895 = CARTESIAN_POINT('',(9.685,23.155,20.5));
#1896 = DIRECTION('',(-0.,-0.,-1.));
#1897 = DIRECTION('',(0.,1.,0.));
#1898 = ADVANCED_FACE('',(#1899),#1917,.F.);
#1899 = FACE_BOUND('',#1900,.T.);
#1900 = EDGE_LOOP('',(#1901,#1909,#1910,#1911));
#1901 = ORIENTED_EDGE('',*,*,#1902,.F.);
#1902 = EDGE_CURVE('',#876,#1903,#1905,.T.);
#1903 = VERTEX_POINT('',#1904);
#1904 = CARTESIAN_POINT('',(16.315,23.255,21.));
#1905 = LINE('',#1906,#1907);
#1906 = CARTESIAN_POINT('',(16.315,23.505,20.75));
#1907 = VECTOR('',#1908,1.);
#1908 = DIRECTION('',(-2.90882763039E-35,-0.707106781187,0.707106781187)
  );
#1909 = ORIENTED_EDGE('',*,*,#883,.T.);
#1910 = ORIENTED_EDGE('',*,*,#1870,.T.);
#1911 = ORIENTED_EDGE('',*,*,#1912,.F.);
#1912 = EDGE_CURVE('',#1903,#1871,#1913,.T.);
#1913 = LINE('',#1914,#1915);
#1914 = CARTESIAN_POINT('',(16.315,23.255,21.));
#1915 = VECTOR('',#1916,1.);
#1916 = DIRECTION('',(-1.,0.,0.));
#1917 = PLANE('',#1918);
#1918 = AXIS2_PLACEMENT_3D('',#1919,#1920,#1921);
#1919 = CARTESIAN_POINT('',(16.315,23.505,20.75));
#1920 = DIRECTION('',(-1.889513820523E-18,-0.707106781187,
    -0.707106781187));
#1921 = DIRECTION('',(1.,-1.336088035637E-18,-1.336088035637E-18));
#1922 = ADVANCED_FACE('',(#1923),#1941,.F.);
#1923 = FACE_BOUND('',#1924,.T.);
#1924 = EDGE_LOOP('',(#1925,#1926,#1927,#1935));
#1925 = ORIENTED_EDGE('',*,*,#1879,.F.);
#1926 = ORIENTED_EDGE('',*,*,#900,.T.);
#1927 = ORIENTED_EDGE('',*,*,#1928,.T.);
#1928 = EDGE_CURVE('',#901,#1929,#1931,.T.);
#1929 = VERTEX_POINT('',#1930);
#1930 = CARTESIAN_POINT('',(9.585,16.525,21.));
#1931 = LINE('',#1932,#1933);
#1932 = CARTESIAN_POINT('',(9.335,16.525,20.75));
#1933 = VECTOR('',#1934,1.);
#1934 = DIRECTION('',(0.707106781187,-2.90882763039E-35,0.707106781187)
  );
#1935 = ORIENTED_EDGE('',*,*,#1936,.F.);
#1936 = EDGE_CURVE('',#1880,#1929,#1937,.T.);
#1937 = LINE('',#1938,#1939);
#1938 = CARTESIAN_POINT('',(9.585,23.155,21.));
#1939 = VECTOR('',#1940,1.);
#1940 = DIRECTION('',(0.,-1.,0.));
#1941 = PLANE('',#1942);
#1942 = AXIS2_PLACEMENT_3D('',#1943,#1944,#1945);
#1943 = CARTESIAN_POINT('',(9.335,23.155,20.75));
#1944 = DIRECTION('',(0.707106781187,1.889513820523E-18,-0.707106781187)
  );
#1945 = DIRECTION('',(-1.336088035637E-18,1.,1.336088035637E-18));
#1946 = ADVANCED_FACE('',(#1947),#1966,.T.);
#1947 = FACE_BOUND('',#1948,.T.);
#1948 = EDGE_LOOP('',(#1949,#1957,#1958,#1959));
#1949 = ORIENTED_EDGE('',*,*,#1950,.F.);
#1950 = EDGE_CURVE('',#925,#1951,#1953,.T.);
#1951 = VERTEX_POINT('',#1952);
#1952 = CARTESIAN_POINT('',(16.415,23.155,21.));
#1953 = LINE('',#1954,#1955);
#1954 = CARTESIAN_POINT('',(16.665,23.155,20.75));
#1955 = VECTOR('',#1956,1.);
#1956 = DIRECTION('',(-0.707106781187,2.90882763039E-35,0.707106781187)
  );
#1957 = ORIENTED_EDGE('',*,*,#932,.T.);
#1958 = ORIENTED_EDGE('',*,*,#1902,.T.);
#1959 = ORIENTED_EDGE('',*,*,#1960,.F.);
#1960 = EDGE_CURVE('',#1951,#1903,#1961,.T.);
#1961 = CIRCLE('',#1962,1.E-01);
#1962 = AXIS2_PLACEMENT_3D('',#1963,#1964,#1965);
#1963 = CARTESIAN_POINT('',(16.315,23.155,21.));
#1964 = DIRECTION('',(0.,0.,1.));
#1965 = DIRECTION('',(1.,0.,0.));
#1966 = CONICAL_SURFACE('',#1967,0.6,0.785398163397);
#1967 = AXIS2_PLACEMENT_3D('',#1968,#1969,#1970);
#1968 = CARTESIAN_POINT('',(16.315,23.155,20.5));
#1969 = DIRECTION('',(-0.,-0.,-1.));
#1970 = DIRECTION('',(1.,0.,0.));
#1971 = ADVANCED_FACE('',(#1972),#1991,.T.);
#1972 = FACE_BOUND('',#1973,.T.);
#1973 = EDGE_LOOP('',(#1974,#1975,#1976,#1984));
#1974 = ORIENTED_EDGE('',*,*,#1928,.F.);
#1975 = ORIENTED_EDGE('',*,*,#957,.T.);
#1976 = ORIENTED_EDGE('',*,*,#1977,.T.);
#1977 = EDGE_CURVE('',#950,#1978,#1980,.T.);
#1978 = VERTEX_POINT('',#1979);
#1979 = CARTESIAN_POINT('',(9.685,16.425,21.));
#1980 = LINE('',#1981,#1982);
#1981 = CARTESIAN_POINT('',(9.685,15.925,20.5));
#1982 = VECTOR('',#1983,1.);
#1983 = DIRECTION('',(4.329780281177E-17,0.707106781187,0.707106781187)
  );
#1984 = ORIENTED_EDGE('',*,*,#1985,.F.);
#1985 = EDGE_CURVE('',#1929,#1978,#1986,.T.);
#1986 = CIRCLE('',#1987,1.E-01);
#1987 = AXIS2_PLACEMENT_3D('',#1988,#1989,#1990);
#1988 = CARTESIAN_POINT('',(9.685,16.525,21.));
#1989 = DIRECTION('',(0.,0.,1.));
#1990 = DIRECTION('',(-1.,0.,0.));
#1991 = CONICAL_SURFACE('',#1992,0.6,0.785398163397);
#1992 = AXIS2_PLACEMENT_3D('',#1993,#1994,#1995);
#1993 = CARTESIAN_POINT('',(9.685,16.525,20.5));
#1994 = DIRECTION('',(-0.,-0.,-1.));
#1995 = DIRECTION('',(-1.,0.,0.));
#1996 = ADVANCED_FACE('',(#1997),#2015,.F.);
#1997 = FACE_BOUND('',#1998,.T.);
#1998 = EDGE_LOOP('',(#1999,#2007,#2008,#2009));
#1999 = ORIENTED_EDGE('',*,*,#2000,.F.);
#2000 = EDGE_CURVE('',#974,#2001,#2003,.T.);
#2001 = VERTEX_POINT('',#2002);
#2002 = CARTESIAN_POINT('',(16.415,16.525,21.));
#2003 = LINE('',#2004,#2005);
#2004 = CARTESIAN_POINT('',(16.915,16.525,20.5));
#2005 = VECTOR('',#2006,1.);
#2006 = DIRECTION('',(-0.707106781187,4.329780281177E-17,0.707106781187)
  );
#2007 = ORIENTED_EDGE('',*,*,#981,.T.);
#2008 = ORIENTED_EDGE('',*,*,#1950,.T.);
#2009 = ORIENTED_EDGE('',*,*,#2010,.F.);
#2010 = EDGE_CURVE('',#2001,#1951,#2011,.T.);
#2011 = LINE('',#2012,#2013);
#2012 = CARTESIAN_POINT('',(16.415,16.525,21.));
#2013 = VECTOR('',#2014,1.);
#2014 = DIRECTION('',(0.,1.,0.));
#2015 = PLANE('',#2016);
#2016 = AXIS2_PLACEMENT_3D('',#2017,#2018,#2019);
#2017 = CARTESIAN_POINT('',(16.665,16.525,20.75));
#2018 = DIRECTION('',(-0.707106781187,-1.889513820523E-18,
    -0.707106781187));
#2019 = DIRECTION('',(1.336088035637E-18,-1.,1.336088035637E-18));
#2020 = ADVANCED_FACE('',(#2021),#2039,.F.);
#2021 = FACE_BOUND('',#2022,.T.);
#2022 = EDGE_LOOP('',(#2023,#2024,#2025,#2033));
#2023 = ORIENTED_EDGE('',*,*,#1977,.F.);
#2024 = ORIENTED_EDGE('',*,*,#998,.T.);
#2025 = ORIENTED_EDGE('',*,*,#2026,.T.);
#2026 = EDGE_CURVE('',#999,#2027,#2029,.T.);
#2027 = VERTEX_POINT('',#2028);
#2028 = CARTESIAN_POINT('',(16.315,16.425,21.));
#2029 = LINE('',#2030,#2031);
#2030 = CARTESIAN_POINT('',(16.315,16.175,20.75));
#2031 = VECTOR('',#2032,1.);
#2032 = DIRECTION('',(2.26130160805E-35,0.707106781187,0.707106781187));
#2033 = ORIENTED_EDGE('',*,*,#2034,.F.);
#2034 = EDGE_CURVE('',#1978,#2027,#2035,.T.);
#2035 = LINE('',#2036,#2037);
#2036 = CARTESIAN_POINT('',(9.685,16.425,21.));
#2037 = VECTOR('',#2038,1.);
#2038 = DIRECTION('',(1.,0.,0.));
#2039 = PLANE('',#2040);
#2040 = AXIS2_PLACEMENT_3D('',#2041,#2042,#2043);
#2041 = CARTESIAN_POINT('',(9.685,16.175,20.75));
#2042 = DIRECTION('',(-3.029276165476E-18,0.707106781187,-0.707106781187
    ));
#2043 = DIRECTION('',(-1.,-2.142021718695E-18,2.142021718695E-18));
#2044 = ADVANCED_FACE('',(#2045),#2057,.T.);
#2045 = FACE_BOUND('',#2046,.T.);
#2046 = EDGE_LOOP('',(#2047,#2048,#2049,#2050));
#2047 = ORIENTED_EDGE('',*,*,#2026,.F.);
#2048 = ORIENTED_EDGE('',*,*,#1023,.T.);
#2049 = ORIENTED_EDGE('',*,*,#2000,.T.);
#2050 = ORIENTED_EDGE('',*,*,#2051,.F.);
#2051 = EDGE_CURVE('',#2027,#2001,#2052,.T.);
#2052 = CIRCLE('',#2053,1.E-01);
#2053 = AXIS2_PLACEMENT_3D('',#2054,#2055,#2056);
#2054 = CARTESIAN_POINT('',(16.315,16.525,21.));
#2055 = DIRECTION('',(-0.,0.,1.));
#2056 = DIRECTION('',(0.,-1.,0.));
#2057 = CONICAL_SURFACE('',#2058,0.6,0.785398163397);
#2058 = AXIS2_PLACEMENT_3D('',#2059,#2060,#2061);
#2059 = CARTESIAN_POINT('',(16.315,16.525,20.5));
#2060 = DIRECTION('',(-0.,-0.,-1.));
#2061 = DIRECTION('',(0.,-1.,0.));
#2062 = ADVANCED_FACE('',(#2063),#2074,.F.);
#2063 = FACE_BOUND('',#2064,.F.);
#2064 = EDGE_LOOP('',(#2065,#2066,#2067,#2073));
#2065 = ORIENTED_EDGE('',*,*,#1039,.F.);
#2066 = ORIENTED_EDGE('',*,*,#1846,.T.);
#2067 = ORIENTED_EDGE('',*,*,#2068,.T.);
#2068 = EDGE_CURVE('',#1847,#1792,#2069,.T.);
#2069 = LINE('',#2070,#2071);
#2070 = CARTESIAN_POINT('',(30.,6.6,0.));
#2071 = VECTOR('',#2072,1.);
#2072 = DIRECTION('',(0.,1.,0.));
#2073 = ORIENTED_EDGE('',*,*,#1791,.T.);
#2074 = PLANE('',#2075);
#2075 = AXIS2_PLACEMENT_3D('',#2076,#2077,#2078);
#2076 = CARTESIAN_POINT('',(28.172338161771,9.6,0.));
#2077 = DIRECTION('',(0.,0.,1.));
#2078 = DIRECTION('',(1.,0.,0.));
#2079 = ADVANCED_FACE('',(#2080),#2103,.T.);
#2080 = FACE_BOUND('',#2081,.F.);
#2081 = EDGE_LOOP('',(#2082,#2083,#2084,#2085,#2086,#2087,#2088,#2089,
    #2090,#2091,#2092,#2093,#2094,#2095,#2096,#2097,#2098,#2099,#2100,
    #2101,#2102));
#2082 = ORIENTED_EDGE('',*,*,#1064,.T.);
#2083 = ORIENTED_EDGE('',*,*,#1578,.T.);
#2084 = ORIENTED_EDGE('',*,*,#1559,.T.);
#2085 = ORIENTED_EDGE('',*,*,#1533,.T.);
#2086 = ORIENTED_EDGE('',*,*,#1507,.T.);
#2087 = ORIENTED_EDGE('',*,*,#1481,.T.);
#2088 = ORIENTED_EDGE('',*,*,#1455,.T.);
#2089 = ORIENTED_EDGE('',*,*,#1429,.T.);
#2090 = ORIENTED_EDGE('',*,*,#1403,.T.);
#2091 = ORIENTED_EDGE('',*,*,#1377,.T.);
#2092 = ORIENTED_EDGE('',*,*,#1353,.T.);
#2093 = ORIENTED_EDGE('',*,*,#1327,.T.);
#2094 = ORIENTED_EDGE('',*,*,#1301,.T.);
#2095 = ORIENTED_EDGE('',*,*,#1275,.T.);
#2096 = ORIENTED_EDGE('',*,*,#1249,.T.);
#2097 = ORIENTED_EDGE('',*,*,#1223,.T.);
#2098 = ORIENTED_EDGE('',*,*,#1197,.T.);
#2099 = ORIENTED_EDGE('',*,*,#1171,.T.);
#2100 = ORIENTED_EDGE('',*,*,#1145,.T.);
#2101 = ORIENTED_EDGE('',*,*,#1119,.T.);
#2102 = ORIENTED_EDGE('',*,*,#1095,.T.);
#2103 = PLANE('',#2104);
#2104 = AXIS2_PLACEMENT_3D('',#2105,#2106,#2107);
#2105 = CARTESIAN_POINT('',(14.405505145182,1.491975127376,
    5.853450612952));
#2106 = DIRECTION('',(0.,-0.939692620786,0.342020143326));
#2107 = DIRECTION('',(1.,0.,0.));
#2108 = ADVANCED_FACE('',(#2109),#2119,.T.);
#2109 = FACE_BOUND('',#2110,.F.);
#2110 = EDGE_LOOP('',(#2111,#2112,#2113,#2114,#2115,#2116,#2117,#2118));
#2111 = ORIENTED_EDGE('',*,*,#1602,.T.);
#2112 = ORIENTED_EDGE('',*,*,#1776,.T.);
#2113 = ORIENTED_EDGE('',*,*,#1757,.T.);
#2114 = ORIENTED_EDGE('',*,*,#1733,.T.);
#2115 = ORIENTED_EDGE('',*,*,#1707,.T.);
#2116 = ORIENTED_EDGE('',*,*,#1681,.T.);
#2117 = ORIENTED_EDGE('',*,*,#1657,.T.);
#2118 = ORIENTED_EDGE('',*,*,#1633,.T.);
#2119 = PLANE('',#2120);
#2120 = AXIS2_PLACEMENT_3D('',#2121,#2122,#2123);
#2121 = CARTESIAN_POINT('',(11.50865244526,1.574120018213,6.07914184565)
  );
#2122 = DIRECTION('',(0.,-0.939692620786,0.342020143326));
#2123 = DIRECTION('',(1.,0.,0.));
#2124 = ADVANCED_FACE('',(#2125),#2131,.F.);
#2125 = FACE_BOUND('',#2126,.F.);
#2126 = EDGE_LOOP('',(#2127,#2128,#2129,#2130));
#2127 = ORIENTED_EDGE('',*,*,#1856,.T.);
#2128 = ORIENTED_EDGE('',*,*,#1831,.T.);
#2129 = ORIENTED_EDGE('',*,*,#1799,.F.);
#2130 = ORIENTED_EDGE('',*,*,#2068,.F.);
#2131 = PLANE('',#2132);
#2132 = AXIS2_PLACEMENT_3D('',#2133,#2134,#2135);
#2133 = CARTESIAN_POINT('',(30.,6.6,0.));
#2134 = DIRECTION('',(-1.,0.,0.));
#2135 = DIRECTION('',(0.,1.,0.));
#2136 = ADVANCED_FACE('',(#2137),#2147,.T.);
#2137 = FACE_BOUND('',#2138,.T.);
#2138 = EDGE_LOOP('',(#2139,#2140,#2141,#2142,#2143,#2144,#2145,#2146));
#2139 = ORIENTED_EDGE('',*,*,#1912,.T.);
#2140 = ORIENTED_EDGE('',*,*,#1887,.T.);
#2141 = ORIENTED_EDGE('',*,*,#1936,.T.);
#2142 = ORIENTED_EDGE('',*,*,#1985,.T.);
#2143 = ORIENTED_EDGE('',*,*,#2034,.T.);
#2144 = ORIENTED_EDGE('',*,*,#2051,.T.);
#2145 = ORIENTED_EDGE('',*,*,#2010,.T.);
#2146 = ORIENTED_EDGE('',*,*,#1960,.T.);
#2147 = PLANE('',#2148);
#2148 = AXIS2_PLACEMENT_3D('',#2149,#2150,#2151);
#2149 = CARTESIAN_POINT('',(13.,19.84,21.));
#2150 = DIRECTION('',(0.,0.,1.));
#2151 = DIRECTION('',(1.,0.,0.));
#2152 = ( GEOMETRIC_REPRESENTATION_CONTEXT(3) 
GLOBAL_UNCERTAINTY_ASSIGNED_CONTEXT((#2156)) 
GLOBAL_UNIT_ASSIGNED_CONTEXT((#2153,#2154,#2155)) REPRESENTATION_CONTEXT
('Context #1','3D Context with UNIT and UNCERTAINTY') );
#2153 = ( LENGTH_UNIT() NAMED_UNIT(*) SI_UNIT(.MILLI.,.METRE.) );
#2154 = ( NAMED_UNIT(*) PLANE_ANGLE_UNIT() SI_UNIT($,.RADIAN.) );
#2155 = ( NAMED_UNIT(*) SI_UNIT($,.STERADIAN.) SOLID_ANGLE_UNIT() );
#2156 = UNCERTAINTY_MEASURE_WITH_UNIT(LENGTH_MEASURE(1.E-06),#2153,
  'distance_accuracy_value','confusion accuracy');
#2157 = PRODUCT_RELATED_PRODUCT_CATEGORY('part',$,(#7));
ENDSEC;
END-ISO-10303-21;
