ISO-10303-21;
HEADER;
FILE_DESCRIPTION(('FreeCAD Model'),'2;1');
FILE_NAME('Open CASCADE Shape Model','2026-08-30T15:43:46',('FreeCAD'),(
    'FreeCAD'),'Open CASCADE STEP processor 7.8','FreeCAD','Unknown');
FILE_SCHEMA(('AUTOMOTIVE_DESIGN { 1 0 10303 214 1 1 1 1 }'));
ENDSEC;
DATA;
#1 = APPLICATION_PROTOCOL_DEFINITION('international standard',
  'automotive_design',2000,#2);
#2 = APPLICATION_CONTEXT(
  'core data for automotive mechanical design processes');
#3 = SHAPE_DEFINITION_REPRESENTATION(#4,#10);
#4 = PRODUCT_DEFINITION_SHAPE('','',#5);
#5 = PRODUCT_DEFINITION('design','',#6,#9);
#6 = PRODUCT_DEFINITION_FORMATION('','',#7);
#7 = PRODUCT('Open CASCADE STEP translator 7.8 23',
  'Open CASCADE STEP translator 7.8 23','',(#8));
#8 = PRODUCT_CONTEXT('',#2,'mechanical');
#9 = PRODUCT_DEFINITION_CONTEXT('part definition',#2,'design');
#10 = ADVANCED_BREP_SHAPE_REPRESENTATION('',(#11,#15),#2203);
#11 = AXIS2_PLACEMENT_3D('',#12,#13,#14);
#12 = CARTESIAN_POINT('',(0.,0.,0.));
#13 = DIRECTION('',(0.,0.,1.));
#14 = DIRECTION('',(1.,0.,-0.));
#15 = MANIFOLD_SOLID_BREP('',#16);
#16 = CLOSED_SHELL('',(#17,#57,#222,#246,#334,#770,#787,#804,#821,#838,
    #855,#872,#889,#921,#945,#969,#994,#1019,#1043,#1067,#1085,#1102,
    #1133,#1157,#1181,#1207,#1233,#1257,#1283,#1300,#1331,#1355,#1381,
    #1407,#1433,#1459,#1485,#1511,#1537,#1563,#1589,#1613,#1639,#1665,
    #1691,#1717,#1743,#1769,#1795,#1821,#1838,#1869,#1893,#1917,#1949,
    #1973,#1997,#2022,#2047,#2071,#2095,#2113,#2130,#2146,#2175,#2187));
#17 = ADVANCED_FACE('',(#18),#52,.F.);
#18 = FACE_BOUND('',#19,.F.);
#19 = EDGE_LOOP('',(#20,#30,#38,#46));
#20 = ORIENTED_EDGE('',*,*,#21,.F.);
#21 = EDGE_CURVE('',#22,#24,#26,.T.);
#22 = VERTEX_POINT('',#23);
#23 = CARTESIAN_POINT('',(0.,3.639702342662,10.));
#24 = VERTEX_POINT('',#25);
#25 = CARTESIAN_POINT('',(0.,13.75,10.));
#26 = LINE('',#27,#28);
#27 = CARTESIAN_POINT('',(0.,0.,10.));
#28 = VECTOR('',#29,1.);
#29 = DIRECTION('',(0.,1.,0.));
#30 = ORIENTED_EDGE('',*,*,#31,.T.);
#31 = EDGE_CURVE('',#22,#32,#34,.T.);
#32 = VERTEX_POINT('',#33);
#33 = CARTESIAN_POINT('',(0.,0.,0.));
#34 = LINE('',#35,#36);
#35 = CARTESIAN_POINT('',(0.,0.,0.));
#36 = VECTOR('',#37,1.);
#37 = DIRECTION('',(0.,-0.342020143326,-0.939692620786));
#38 = ORIENTED_EDGE('',*,*,#39,.T.);
#39 = EDGE_CURVE('',#32,#40,#42,.T.);
#40 = VERTEX_POINT('',#41);
#41 = CARTESIAN_POINT('',(0.,13.75,0.));
#42 = LINE('',#43,#44);
#43 = CARTESIAN_POINT('',(0.,0.,0.));
#44 = VECTOR('',#45,1.);
#45 = DIRECTION('',(0.,1.,0.));
#46 = ORIENTED_EDGE('',*,*,#47,.T.);
#47 = EDGE_CURVE('',#40,#24,#48,.T.);
#48 = LINE('',#49,#50);
#49 = CARTESIAN_POINT('',(0.,13.75,-1.));
#50 = VECTOR('',#51,1.);
#51 = DIRECTION('',(0.,0.,1.));
#52 = PLANE('',#53);
#53 = AXIS2_PLACEMENT_3D('',#54,#55,#56);
#54 = CARTESIAN_POINT('',(0.,0.,0.));
#55 = DIRECTION('',(1.,0.,0.));
#56 = DIRECTION('',(0.,0.,1.));
#57 = ADVANCED_FACE('',(#58,#147),#217,.T.);
#58 = FACE_BOUND('',#59,.T.);
#59 = EDGE_LOOP('',(#60,#61,#69,#77,#85,#93,#101,#109,#117,#125,#133,
    #141));
#60 = ORIENTED_EDGE('',*,*,#21,.F.);
#61 = ORIENTED_EDGE('',*,*,#62,.T.);
#62 = EDGE_CURVE('',#22,#63,#65,.T.);
#63 = VERTEX_POINT('',#64);
#64 = CARTESIAN_POINT('',(43.,3.639702342662,10.));
#65 = LINE('',#66,#67);
#66 = CARTESIAN_POINT('',(-1.,3.639702342662,10.));
#67 = VECTOR('',#68,1.);
#68 = DIRECTION('',(1.,0.,0.));
#69 = ORIENTED_EDGE('',*,*,#70,.T.);
#70 = EDGE_CURVE('',#63,#71,#73,.T.);
#71 = VERTEX_POINT('',#72);
#72 = CARTESIAN_POINT('',(43.,13.875609756098,10.));
#73 = LINE('',#74,#75);
#74 = CARTESIAN_POINT('',(43.,0.,10.));
#75 = VECTOR('',#76,1.);
#76 = DIRECTION('',(0.,1.,0.));
#77 = ORIENTED_EDGE('',*,*,#78,.F.);
#78 = EDGE_CURVE('',#79,#71,#81,.T.);
#79 = VERTEX_POINT('',#80);
#80 = CARTESIAN_POINT('',(42.9,13.9,10.));
#81 = LINE('',#82,#83);
#82 = CARTESIAN_POINT('',(42.9,13.9,10.));
#83 = VECTOR('',#84,1.);
#84 = DIRECTION('',(0.971520338783,-0.236956180191,0.));
#85 = ORIENTED_EDGE('',*,*,#86,.F.);
#86 = EDGE_CURVE('',#87,#79,#89,.T.);
#87 = VERTEX_POINT('',#88);
#88 = CARTESIAN_POINT('',(42.9,17.9,10.));
#89 = LINE('',#90,#91);
#90 = CARTESIAN_POINT('',(42.9,17.9,10.));
#91 = VECTOR('',#92,1.);
#92 = DIRECTION('',(0.,-1.,0.));
#93 = ORIENTED_EDGE('',*,*,#94,.F.);
#94 = EDGE_CURVE('',#95,#87,#97,.T.);
#95 = VERTEX_POINT('',#96);
#96 = CARTESIAN_POINT('',(43.,17.924390243902,10.));
#97 = LINE('',#98,#99);
#98 = CARTESIAN_POINT('',(47.,18.9,10.));
#99 = VECTOR('',#100,1.);
#100 = DIRECTION('',(-0.971520338783,-0.236956180191,0.));
#101 = ORIENTED_EDGE('',*,*,#102,.T.);
#102 = EDGE_CURVE('',#95,#103,#105,.T.);
#103 = VERTEX_POINT('',#104);
#104 = CARTESIAN_POINT('',(43.,53.,10.));
#105 = LINE('',#106,#107);
#106 = CARTESIAN_POINT('',(43.,0.,10.));
#107 = VECTOR('',#108,1.);
#108 = DIRECTION('',(0.,1.,0.));
#109 = ORIENTED_EDGE('',*,*,#110,.F.);
#110 = EDGE_CURVE('',#111,#103,#113,.T.);
#111 = VERTEX_POINT('',#112);
#112 = CARTESIAN_POINT('',(0.,53.,10.));
#113 = LINE('',#114,#115);
#114 = CARTESIAN_POINT('',(0.,53.,10.));
#115 = VECTOR('',#116,1.);
#116 = DIRECTION('',(1.,0.,0.));
#117 = ORIENTED_EDGE('',*,*,#118,.F.);
#118 = EDGE_CURVE('',#119,#111,#121,.T.);
#119 = VERTEX_POINT('',#120);
#120 = CARTESIAN_POINT('',(0.,18.05,10.));
#121 = LINE('',#122,#123);
#122 = CARTESIAN_POINT('',(0.,0.,10.));
#123 = VECTOR('',#124,1.);
#124 = DIRECTION('',(0.,1.,0.));
#125 = ORIENTED_EDGE('',*,*,#126,.T.);
#126 = EDGE_CURVE('',#119,#127,#129,.T.);
#127 = VERTEX_POINT('',#128);
#128 = CARTESIAN_POINT('',(4.,19.05,10.));
#129 = LINE('',#130,#131);
#130 = CARTESIAN_POINT('',(-0.123529411765,18.019117647059,10.));
#131 = VECTOR('',#132,1.);
#132 = DIRECTION('',(0.970142500145,0.242535625036,0.));
#133 = ORIENTED_EDGE('',*,*,#134,.T.);
#134 = EDGE_CURVE('',#127,#135,#137,.T.);
#135 = VERTEX_POINT('',#136);
#136 = CARTESIAN_POINT('',(4.,12.75,10.));
#137 = LINE('',#138,#139);
#138 = CARTESIAN_POINT('',(4.,6.375,10.));
#139 = VECTOR('',#140,1.);
#140 = DIRECTION('',(0.,-1.,0.));
#141 = ORIENTED_EDGE('',*,*,#142,.T.);
#142 = EDGE_CURVE('',#135,#24,#143,.T.);
#143 = LINE('',#144,#145);
#144 = CARTESIAN_POINT('',(1.617647058824,13.345588235294,10.));
#145 = VECTOR('',#146,1.);
#146 = DIRECTION('',(-0.970142500145,0.242535625036,0.));
#147 = FACE_BOUND('',#148,.T.);
#148 = EDGE_LOOP('',(#149,#160,#168,#177,#185,#194,#202,#211));
#149 = ORIENTED_EDGE('',*,*,#150,.F.);
#150 = EDGE_CURVE('',#151,#153,#155,.T.);
#151 = VERTEX_POINT('',#152);
#152 = CARTESIAN_POINT('',(16.6,38.36,10.));
#153 = VERTEX_POINT('',#154);
#154 = CARTESIAN_POINT('',(16.,37.76,10.));
#155 = CIRCLE('',#156,0.6);
#156 = AXIS2_PLACEMENT_3D('',#157,#158,#159);
#157 = CARTESIAN_POINT('',(16.6,37.76,10.));
#158 = DIRECTION('',(0.,-0.,1.));
#159 = DIRECTION('',(0.,1.,0.));
#160 = ORIENTED_EDGE('',*,*,#161,.T.);
#161 = EDGE_CURVE('',#151,#162,#164,.T.);
#162 = VERTEX_POINT('',#163);
#163 = CARTESIAN_POINT('',(26.4,38.36,10.));
#164 = LINE('',#165,#166);
#165 = CARTESIAN_POINT('',(13.5,38.36,10.));
#166 = VECTOR('',#167,1.);
#167 = DIRECTION('',(1.,0.,0.));
#168 = ORIENTED_EDGE('',*,*,#169,.F.);
#169 = EDGE_CURVE('',#170,#162,#172,.T.);
#170 = VERTEX_POINT('',#171);
#171 = CARTESIAN_POINT('',(27.,37.76,10.));
#172 = CIRCLE('',#173,0.6);
#173 = AXIS2_PLACEMENT_3D('',#174,#175,#176);
#174 = CARTESIAN_POINT('',(26.4,37.76,10.));
#175 = DIRECTION('',(0.,-0.,1.));
#176 = DIRECTION('',(0.,1.,0.));
#177 = ORIENTED_EDGE('',*,*,#178,.T.);
#178 = EDGE_CURVE('',#170,#179,#181,.T.);
#179 = VERTEX_POINT('',#180);
#180 = CARTESIAN_POINT('',(27.,27.96,10.));
#181 = LINE('',#182,#183);
#182 = CARTESIAN_POINT('',(27.,13.68,10.));
#183 = VECTOR('',#184,1.);
#184 = DIRECTION('',(0.,-1.,0.));
#185 = ORIENTED_EDGE('',*,*,#186,.F.);
#186 = EDGE_CURVE('',#187,#179,#189,.T.);
#187 = VERTEX_POINT('',#188);
#188 = CARTESIAN_POINT('',(26.4,27.36,10.));
#189 = CIRCLE('',#190,0.6);
#190 = AXIS2_PLACEMENT_3D('',#191,#192,#193);
#191 = CARTESIAN_POINT('',(26.4,27.96,10.));
#192 = DIRECTION('',(-0.,0.,1.));
#193 = DIRECTION('',(0.,-1.,0.));
#194 = ORIENTED_EDGE('',*,*,#195,.T.);
#195 = EDGE_CURVE('',#187,#196,#198,.T.);
#196 = VERTEX_POINT('',#197);
#197 = CARTESIAN_POINT('',(16.6,27.36,10.));
#198 = LINE('',#199,#200);
#199 = CARTESIAN_POINT('',(8.,27.36,10.));
#200 = VECTOR('',#201,1.);
#201 = DIRECTION('',(-1.,0.,0.));
#202 = ORIENTED_EDGE('',*,*,#203,.F.);
#203 = EDGE_CURVE('',#204,#196,#206,.T.);
#204 = VERTEX_POINT('',#205);
#205 = CARTESIAN_POINT('',(16.,27.96,10.));
#206 = CIRCLE('',#207,0.6);
#207 = AXIS2_PLACEMENT_3D('',#208,#209,#210);
#208 = CARTESIAN_POINT('',(16.6,27.96,10.));
#209 = DIRECTION('',(0.,0.,1.));
#210 = DIRECTION('',(-1.,0.,0.));
#211 = ORIENTED_EDGE('',*,*,#212,.T.);
#212 = EDGE_CURVE('',#204,#153,#213,.T.);
#213 = LINE('',#214,#215);
#214 = CARTESIAN_POINT('',(16.,19.18,10.));
#215 = VECTOR('',#216,1.);
#216 = DIRECTION('',(0.,1.,0.));
#217 = PLANE('',#218);
#218 = AXIS2_PLACEMENT_3D('',#219,#220,#221);
#219 = CARTESIAN_POINT('',(0.,0.,10.));
#220 = DIRECTION('',(0.,0.,1.));
#221 = DIRECTION('',(1.,0.,0.));
#222 = ADVANCED_FACE('',(#223),#241,.T.);
#223 = FACE_BOUND('',#224,.T.);
#224 = EDGE_LOOP('',(#225,#233,#234,#235));
#225 = ORIENTED_EDGE('',*,*,#226,.T.);
#226 = EDGE_CURVE('',#227,#40,#229,.T.);
#227 = VERTEX_POINT('',#228);
#228 = CARTESIAN_POINT('',(4.,12.75,0.));
#229 = LINE('',#230,#231);
#230 = CARTESIAN_POINT('',(1.617647058824,13.345588235294,0.));
#231 = VECTOR('',#232,1.);
#232 = DIRECTION('',(-0.970142500145,0.242535625036,0.));
#233 = ORIENTED_EDGE('',*,*,#47,.T.);
#234 = ORIENTED_EDGE('',*,*,#142,.F.);
#235 = ORIENTED_EDGE('',*,*,#236,.F.);
#236 = EDGE_CURVE('',#227,#135,#237,.T.);
#237 = LINE('',#238,#239);
#238 = CARTESIAN_POINT('',(4.,12.75,-1.));
#239 = VECTOR('',#240,1.);
#240 = DIRECTION('',(0.,0.,1.));
#241 = PLANE('',#242);
#242 = AXIS2_PLACEMENT_3D('',#243,#244,#245);
#243 = CARTESIAN_POINT('',(0.,13.75,-1.));
#244 = DIRECTION('',(0.242535625036,0.970142500145,0.));
#245 = DIRECTION('',(0.970142500145,-0.242535625036,0.));
#246 = ADVANCED_FACE('',(#247),#329,.F.);
#247 = FACE_BOUND('',#248,.F.);
#248 = EDGE_LOOP('',(#249,#250,#258,#266,#274,#282,#290,#298,#306,#314,
    #322,#328));
#249 = ORIENTED_EDGE('',*,*,#39,.F.);
#250 = ORIENTED_EDGE('',*,*,#251,.T.);
#251 = EDGE_CURVE('',#32,#252,#254,.T.);
#252 = VERTEX_POINT('',#253);
#253 = CARTESIAN_POINT('',(43.,0.,0.));
#254 = LINE('',#255,#256);
#255 = CARTESIAN_POINT('',(0.,0.,0.));
#256 = VECTOR('',#257,1.);
#257 = DIRECTION('',(1.,0.,0.));
#258 = ORIENTED_EDGE('',*,*,#259,.T.);
#259 = EDGE_CURVE('',#252,#260,#262,.T.);
#260 = VERTEX_POINT('',#261);
#261 = CARTESIAN_POINT('',(43.,13.875609756098,0.));
#262 = LINE('',#263,#264);
#263 = CARTESIAN_POINT('',(43.,0.,0.));
#264 = VECTOR('',#265,1.);
#265 = DIRECTION('',(0.,1.,0.));
#266 = ORIENTED_EDGE('',*,*,#267,.F.);
#267 = EDGE_CURVE('',#268,#260,#270,.T.);
#268 = VERTEX_POINT('',#269);
#269 = CARTESIAN_POINT('',(42.9,13.9,0.));
#270 = LINE('',#271,#272);
#271 = CARTESIAN_POINT('',(42.9,13.9,0.));
#272 = VECTOR('',#273,1.);
#273 = DIRECTION('',(0.971520338783,-0.236956180191,0.));
#274 = ORIENTED_EDGE('',*,*,#275,.F.);
#275 = EDGE_CURVE('',#276,#268,#278,.T.);
#276 = VERTEX_POINT('',#277);
#277 = CARTESIAN_POINT('',(42.9,17.9,0.));
#278 = LINE('',#279,#280);
#279 = CARTESIAN_POINT('',(42.9,17.9,0.));
#280 = VECTOR('',#281,1.);
#281 = DIRECTION('',(0.,-1.,0.));
#282 = ORIENTED_EDGE('',*,*,#283,.F.);
#283 = EDGE_CURVE('',#284,#276,#286,.T.);
#284 = VERTEX_POINT('',#285);
#285 = CARTESIAN_POINT('',(43.,17.924390243902,0.));
#286 = LINE('',#287,#288);
#287 = CARTESIAN_POINT('',(47.,18.9,0.));
#288 = VECTOR('',#289,1.);
#289 = DIRECTION('',(-0.971520338783,-0.236956180191,0.));
#290 = ORIENTED_EDGE('',*,*,#291,.T.);
#291 = EDGE_CURVE('',#284,#292,#294,.T.);
#292 = VERTEX_POINT('',#293);
#293 = CARTESIAN_POINT('',(43.,53.,0.));
#294 = LINE('',#295,#296);
#295 = CARTESIAN_POINT('',(43.,0.,0.));
#296 = VECTOR('',#297,1.);
#297 = DIRECTION('',(0.,1.,0.));
#298 = ORIENTED_EDGE('',*,*,#299,.F.);
#299 = EDGE_CURVE('',#300,#292,#302,.T.);
#300 = VERTEX_POINT('',#301);
#301 = CARTESIAN_POINT('',(0.,53.,0.));
#302 = LINE('',#303,#304);
#303 = CARTESIAN_POINT('',(0.,53.,0.));
#304 = VECTOR('',#305,1.);
#305 = DIRECTION('',(1.,0.,0.));
#306 = ORIENTED_EDGE('',*,*,#307,.F.);
#307 = EDGE_CURVE('',#308,#300,#310,.T.);
#308 = VERTEX_POINT('',#309);
#309 = CARTESIAN_POINT('',(0.,18.05,0.));
#310 = LINE('',#311,#312);
#311 = CARTESIAN_POINT('',(0.,0.,0.));
#312 = VECTOR('',#313,1.);
#313 = DIRECTION('',(0.,1.,0.));
#314 = ORIENTED_EDGE('',*,*,#315,.T.);
#315 = EDGE_CURVE('',#308,#316,#318,.T.);
#316 = VERTEX_POINT('',#317);
#317 = CARTESIAN_POINT('',(4.,19.05,0.));
#318 = LINE('',#319,#320);
#319 = CARTESIAN_POINT('',(-0.123529411765,18.019117647059,0.));
#320 = VECTOR('',#321,1.);
#321 = DIRECTION('',(0.970142500145,0.242535625036,0.));
#322 = ORIENTED_EDGE('',*,*,#323,.T.);
#323 = EDGE_CURVE('',#316,#227,#324,.T.);
#324 = LINE('',#325,#326);
#325 = CARTESIAN_POINT('',(4.,6.375,0.));
#326 = VECTOR('',#327,1.);
#327 = DIRECTION('',(0.,-1.,0.));
#328 = ORIENTED_EDGE('',*,*,#226,.T.);
#329 = PLANE('',#330);
#330 = AXIS2_PLACEMENT_3D('',#331,#332,#333);
#331 = CARTESIAN_POINT('',(0.,0.,0.));
#332 = DIRECTION('',(0.,0.,1.));
#333 = DIRECTION('',(1.,0.,0.));
#334 = ADVANCED_FACE('',(#335,#346,#434),#765,.T.);
#335 = FACE_BOUND('',#336,.T.);
#336 = EDGE_LOOP('',(#337,#338,#339,#345));
#337 = ORIENTED_EDGE('',*,*,#31,.T.);
#338 = ORIENTED_EDGE('',*,*,#251,.T.);
#339 = ORIENTED_EDGE('',*,*,#340,.F.);
#340 = EDGE_CURVE('',#63,#252,#341,.T.);
#341 = LINE('',#342,#343);
#342 = CARTESIAN_POINT('',(43.,0.,0.));
#343 = VECTOR('',#344,1.);
#344 = DIRECTION('',(0.,-0.342020143326,-0.939692620786));
#345 = ORIENTED_EDGE('',*,*,#62,.F.);
#346 = FACE_BOUND('',#347,.T.);
#347 = EDGE_LOOP('',(#348,#358,#366,#381,#389,#401,#420,#428));
#348 = ORIENTED_EDGE('',*,*,#349,.F.);
#349 = EDGE_CURVE('',#350,#352,#354,.T.);
#350 = VERTEX_POINT('',#351);
#351 = CARTESIAN_POINT('',(24.045605095541,1.273895819932,3.5));
#352 = VERTEX_POINT('',#353);
#353 = CARTESIAN_POINT('',(25.11949044586,1.273895819932,3.5));
#354 = LINE('',#355,#356);
#355 = CARTESIAN_POINT('',(12.05974522293,1.273895819932,3.5));
#356 = VECTOR('',#357,1.);
#357 = DIRECTION('',(1.,0.,0.));
#358 = ORIENTED_EDGE('',*,*,#359,.F.);
#359 = EDGE_CURVE('',#360,#350,#362,.T.);
#360 = VERTEX_POINT('',#361);
#361 = CARTESIAN_POINT('',(24.045605095541,2.663238282399,7.317187043519
    ));
#362 = LINE('',#363,#364);
#363 = CARTESIAN_POINT('',(24.045605095541,0.636947909966,1.75));
#364 = VECTOR('',#365,1.);
#365 = DIRECTION('',(-0.,-0.342020143326,-0.939692620786));
#366 = ORIENTED_EDGE('',*,*,#367,.F.);
#367 = EDGE_CURVE('',#368,#360,#370,.T.);
#368 = VERTEX_POINT('',#369);
#369 = CARTESIAN_POINT('',(22.658343949045,2.383696723217,6.549152921867
    ));
#370 = B_SPLINE_CURVE_WITH_KNOTS('',5,(#371,#372,#373,#374,#375,#376,
    #377,#378,#379,#380),.UNSPECIFIED.,.F.,.F.,(6,4,6),(0.,
    0.724057549441,1.),.UNSPECIFIED.);
#371 = CARTESIAN_POINT('',(22.658343949045,2.383696723217,6.549152921867
    ));
#372 = CARTESIAN_POINT('',(22.883618523305,2.409232076143,6.619310727428
    ));
#373 = CARTESIAN_POINT('',(23.102288279696,2.440098888708,6.704116597962
    ));
#374 = CARTESIAN_POINT('',(23.312633840548,2.476516992288,6.804174515207
    ));
#375 = CARTESIAN_POINT('',(23.513013552785,2.518514045045,6.919560469341
    ));
#376 = CARTESIAN_POINT('',(23.77421054956,2.583768239909,7.098844896254)
  );
#377 = CARTESIAN_POINT('',(23.844655345986,2.602538453325,7.150415633773
    ));
#378 = CARTESIAN_POINT('',(23.913402502396,2.62205554452,7.204038401124)
  );
#379 = CARTESIAN_POINT('',(23.98039883945,2.642297711285,7.259653297232)
  );
#380 = CARTESIAN_POINT('',(24.045605095541,2.663238282399,7.317187043519
    ));
#381 = ORIENTED_EDGE('',*,*,#382,.F.);
#382 = EDGE_CURVE('',#383,#368,#385,.T.);
#383 = VERTEX_POINT('',#384);
#384 = CARTESIAN_POINT('',(22.658343949045,2.718310060891,7.468495511375
    ));
#385 = LINE('',#386,#387);
#386 = CARTESIAN_POINT('',(22.658343949045,1.191848361609,3.274576460934
    ));
#387 = VECTOR('',#388,1.);
#388 = DIRECTION('',(-0.,-0.342020143326,-0.939692620786));
#389 = ORIENTED_EDGE('',*,*,#390,.F.);
#390 = EDGE_CURVE('',#391,#383,#393,.T.);
#391 = VERTEX_POINT('',#392);
#392 = CARTESIAN_POINT('',(23.571719745223,2.896770507651,7.958811559113
    ));
#393 = B_SPLINE_CURVE_WITH_KNOTS('',6,(#394,#395,#396,#397,#398,#399,
    #400),.UNSPECIFIED.,.F.,.F.,(7,7),(0.,1.),.PIECEWISE_BEZIER_KNOTS.);
#394 = CARTESIAN_POINT('',(23.571719745223,2.896770507651,7.958811559113
    ));
#395 = CARTESIAN_POINT('',(23.422152516237,2.856903971381,7.849279150918
    ));
#396 = CARTESIAN_POINT('',(23.271090475464,2.820228173284,7.748513223807
    ));
#397 = CARTESIAN_POINT('',(23.118594129185,2.787256522549,7.657924357932
    ));
#398 = CARTESIAN_POINT('',(22.965069777501,2.75869595565,7.579454845289)
  );
#399 = CARTESIAN_POINT('',(22.811275586939,2.735428290215,7.515527459903
    ));
#400 = CARTESIAN_POINT('',(22.658343949045,2.718310060891,7.468495511375
    ));
#401 = ORIENTED_EDGE('',*,*,#402,.F.);
#402 = EDGE_CURVE('',#403,#391,#405,.T.);
#403 = VERTEX_POINT('',#404);
#404 = CARTESIAN_POINT('',(24.248152866242,3.203499400519,8.801542266161
    ));
#405 = B_SPLINE_CURVE_WITH_KNOTS('',5,(#406,#407,#408,#409,#410,#411,
    #412,#413,#414,#415,#416,#417,#418,#419),.UNSPECIFIED.,.F.,.F.,(6,4,
    4,6),(0.,7.602305458109E-02,0.52948728546,1.),.UNSPECIFIED.);
#406 = CARTESIAN_POINT('',(24.248152866242,3.203499400519,8.801542266161
    ));
#407 = CARTESIAN_POINT('',(24.242431936762,3.198034303789,8.786527036301
    ));
#408 = CARTESIAN_POINT('',(24.236521045545,3.192594092569,8.771580178816
    ));
#409 = CARTESIAN_POINT('',(24.230420550593,3.187179366928,8.756703342387
    ));
#410 = CARTESIAN_POINT('',(24.224130969277,3.181790707066,8.741898121094
    ));
#411 = CARTESIAN_POINT('',(24.179012894853,3.144445079278,8.639291852031
    ));
#412 = CARTESIAN_POINT('',(24.133666902534,3.11340676027,8.55401477142)
  );
#413 = CARTESIAN_POINT('',(24.081764354828,3.083439125643,8.471679371968
    ));
#414 = CARTESIAN_POINT('',(24.023645659233,3.054621608759,8.392503895043
    ));
#415 = CARTESIAN_POINT('',(23.893497407916,2.998339636559,8.237870447301
    ));
#416 = CARTESIAN_POINT('',(23.821021141403,2.970964399538,8.162657601734
    ));
#417 = CARTESIAN_POINT('',(23.742847723517,2.944920801976,8.091103405511
    ));
#418 = CARTESIAN_POINT('',(23.659564546331,2.920200708902,8.023185507984
    ));
#419 = CARTESIAN_POINT('',(23.571719745223,2.896770507651,7.958811559113
    ));
#420 = ORIENTED_EDGE('',*,*,#421,.F.);
#421 = EDGE_CURVE('',#422,#403,#424,.T.);
#422 = VERTEX_POINT('',#423);
#423 = CARTESIAN_POINT('',(25.11949044586,3.203499400519,8.801542266161)
  );
#424 = LINE('',#425,#426);
#425 = CARTESIAN_POINT('',(11.624076433121,3.203499400519,8.801542266161
    ));
#426 = VECTOR('',#427,1.);
#427 = DIRECTION('',(-1.,0.,0.));
#428 = ORIENTED_EDGE('',*,*,#429,.F.);
#429 = EDGE_CURVE('',#352,#422,#430,.T.);
#430 = LINE('',#431,#432);
#431 = CARTESIAN_POINT('',(25.11949044586,1.601749700259,4.400771133081)
  );
#432 = VECTOR('',#433,1.);
#433 = DIRECTION('',(0.,0.342020143326,0.939692620786));
#434 = FACE_BOUND('',#435,.T.);
#435 = EDGE_LOOP('',(#436,#446,#454,#469,#490,#518,#533,#552,#569,#584,
    #601,#609,#636,#653,#676,#695,#710,#722,#735,#748,#759));
#436 = ORIENTED_EDGE('',*,*,#437,.F.);
#437 = EDGE_CURVE('',#438,#440,#442,.T.);
#438 = VERTEX_POINT('',#439);
#439 = CARTESIAN_POINT('',(21.644840764331,1.273895819932,3.5));
#440 = VERTEX_POINT('',#441);
#441 = CARTESIAN_POINT('',(21.644840764331,1.614086046567,4.434664966));
#442 = LINE('',#443,#444);
#443 = CARTESIAN_POINT('',(21.644840764331,0.807043023283,2.217332483));
#444 = VECTOR('',#445,1.);
#445 = DIRECTION('',(0.,0.342020143326,0.939692620786));
#446 = ORIENTED_EDGE('',*,*,#447,.F.);
#447 = EDGE_CURVE('',#448,#438,#450,.T.);
#448 = VERTEX_POINT('',#449);
#449 = CARTESIAN_POINT('',(17.88050955414,1.273895819932,3.5));
#450 = LINE('',#451,#452);
#451 = CARTESIAN_POINT('',(10.322420382166,1.273895819932,3.5));
#452 = VECTOR('',#453,1.);
#453 = DIRECTION('',(1.,0.,0.));
#454 = ORIENTED_EDGE('',*,*,#455,.F.);
#455 = EDGE_CURVE('',#456,#448,#458,.T.);
#456 = VERTEX_POINT('',#457);
#457 = CARTESIAN_POINT('',(18.247388535032,1.641273380253,4.509361551397
    ));
#458 = B_SPLINE_CURVE_WITH_KNOTS('',5,(#459,#460,#461,#462,#463,#464,
    #465,#466,#467,#468),.UNSPECIFIED.,.F.,.F.,(6,4,6),(0.,
    0.703546670237,1.),.UNSPECIFIED.);
#459 = CARTESIAN_POINT('',(18.247388535032,1.641273380253,4.509361551397
    ));
#460 = CARTESIAN_POINT('',(18.163047034568,1.593412242149,4.377864155187
    ));
#461 = CARTESIAN_POINT('',(18.089251498887,1.543964097082,4.242006493181
    ));
#462 = CARTESIAN_POINT('',(18.026905365365,1.493051104962,4.102124196974
    ));
#463 = CARTESIAN_POINT('',(17.976651172591,1.440854975068,3.958716508708
    ));
#464 = CARTESIAN_POINT('',(17.922670258541,1.365216736244,3.750902155492
    ));
#465 = CARTESIAN_POINT('',(17.908846462546,1.342611640404,3.688795165108
    ));
#466 = CARTESIAN_POINT('',(17.897214922371,1.319843439628,3.626240047594
    ));
#467 = CARTESIAN_POINT('',(17.887774472967,1.296931509878,3.563290037968
    ));
#468 = CARTESIAN_POINT('',(17.88050955414,1.273895819932,3.5));
#469 = ORIENTED_EDGE('',*,*,#470,.F.);
#470 = EDGE_CURVE('',#471,#456,#473,.T.);
#471 = VERTEX_POINT('',#472);
#472 = CARTESIAN_POINT('',(19.455031847134,2.101715275115,5.774415260501
    ));
#473 = B_SPLINE_CURVE_WITH_KNOTS('',8,(#474,#475,#476,#477,#478,#479,
    #480,#481,#482,#483,#484,#485,#486,#487,#488,#489),.UNSPECIFIED.,.F.
  ,.F.,(9,7,9),(0.,0.762523879669,1.),.UNSPECIFIED.);
#474 = CARTESIAN_POINT('',(19.455031847134,2.101715275115,5.774415260501
    ));
#475 = CARTESIAN_POINT('',(19.320515067039,2.058930947387,5.656866286161
    ));
#476 = CARTESIAN_POINT('',(19.188437001983,2.015951777436,5.538781987215
    ));
#477 = CARTESIAN_POINT('',(19.058990127512,1.972710182542,5.419976681661
    ));
#478 = CARTESIAN_POINT('',(18.932607245197,1.929170544951,5.30035251053)
  );
#479 = CARTESIAN_POINT('',(18.809942984188,1.885328706367,5.179898048993
    ));
#480 = CARTESIAN_POINT('',(18.692027225815,1.841205881227,5.058671583237
    ));
#481 = CARTESIAN_POINT('',(18.580198036275,1.796850536909,4.936806276292
    ));
#482 = CARTESIAN_POINT('',(18.444557457689,1.738429687699,4.776296312262
    ));
#483 = CARTESIAN_POINT('',(18.413173780501,1.724543158953,4.738143388099
    ));
#484 = CARTESIAN_POINT('',(18.38268963035,1.710645958696,4.699961144198)
  );
#485 = CARTESIAN_POINT('',(18.353191332773,1.696743126706,4.66176342724)
  );
#486 = CARTESIAN_POINT('',(18.324781468118,1.682842463935,4.623571670161
    ));
#487 = CARTESIAN_POINT('',(18.29758060667,1.668954554517,4.585414952632)
  );
#488 = CARTESIAN_POINT('',(18.271729043788,1.65509278778,4.547330061527)
  );
#489 = CARTESIAN_POINT('',(18.247388535032,1.641273380253,4.509361551397
    ));
#490 = ORIENTED_EDGE('',*,*,#491,.F.);
#491 = EDGE_CURVE('',#492,#471,#494,.T.);
#492 = VERTEX_POINT('',#493);
#493 = CARTESIAN_POINT('',(20.345477707006,2.416025251414,6.637974823093
    ));
#494 = B_SPLINE_CURVE_WITH_KNOTS('',8,(#495,#496,#497,#498,#499,#500,
    #501,#502,#503,#504,#505,#506,#507,#508,#509,#510,#511,#512,#513,
    #514,#515,#516,#517),.UNSPECIFIED.,.F.,.F.,(9,7,7,9),(0.,
    0.219314331787,0.788724702799,1.),.UNSPECIFIED.);
#495 = CARTESIAN_POINT('',(20.345477707006,2.416025251414,6.637974823093
    ));
#496 = CARTESIAN_POINT('',(20.332671659089,2.409594568859,6.620306667982
    ));
#497 = CARTESIAN_POINT('',(20.318255951305,2.402816555088,6.601684228196
    ));
#498 = CARTESIAN_POINT('',(20.302409641383,2.395738259674,6.582236771378
    ));
#499 = CARTESIAN_POINT('',(20.285297859345,2.388401910017,6.562080316355
    ));
#500 = CARTESIAN_POINT('',(20.267067877929,2.380844110899,6.541315433936
    ));
#501 = CARTESIAN_POINT('',(20.247846443377,2.37309530265,6.520025758244)
  );
#502 = CARTESIAN_POINT('',(20.227738366569,2.365179477931,6.498277208574
    ));
#503 = CARTESIAN_POINT('',(20.152532133681,2.336173996618,6.418585303626
    ));
#504 = CARTESIAN_POINT('',(20.092934448886,2.314270697552,6.358406484029
    ));
#505 = CARTESIAN_POINT('',(20.02947139399,2.291699915641,6.296393770389)
  );
#506 = CARTESIAN_POINT('',(19.963043783269,2.268653286809,6.23307367808)
  );
#507 = CARTESIAN_POINT('',(19.894336812403,2.245271051673,6.168831515028
    ));
#508 = CARTESIAN_POINT('',(19.823791041169,2.22163693384,6.103897309952)
  );
#509 = CARTESIAN_POINT('',(19.751677254568,2.197790925544,6.038380940615
    ));
#510 = CARTESIAN_POINT('',(19.650782901192,2.164798921309,5.947736153957
    ));
#511 = CARTESIAN_POINT('',(19.623291916135,2.155845986333,5.923138167272
    ));
#512 = CARTESIAN_POINT('',(19.595626782221,2.146870689852,5.898478742858
    ));
#513 = CARTESIAN_POINT('',(19.56779832784,2.137874838037,5.873762843126)
  );
#514 = CARTESIAN_POINT('',(19.539816293993,2.128860037615,5.848994882528
    ));
#515 = CARTESIAN_POINT('',(19.511689431068,2.119827708007,5.824178760882
    ));
#516 = CARTESIAN_POINT('',(19.483425595618,2.110779093446,5.799317896699
    ));
#517 = CARTESIAN_POINT('',(19.455031847134,2.101715275115,5.774415260501
    ));
#518 = ORIENTED_EDGE('',*,*,#519,.F.);
#519 = EDGE_CURVE('',#520,#492,#522,.T.);
#520 = VERTEX_POINT('',#521);
#521 = CARTESIAN_POINT('',(20.567133757962,2.641366421004,7.257094598215
    ));
#522 = B_SPLINE_CURVE_WITH_KNOTS('',5,(#523,#524,#525,#526,#527,#528,
    #529,#530,#531,#532),.UNSPECIFIED.,.F.,.F.,(6,4,6),(0.,
    0.492976171844,1.),.UNSPECIFIED.);
#523 = CARTESIAN_POINT('',(20.567133757962,2.641366421004,7.257094598215
    ));
#524 = CARTESIAN_POINT('',(20.567133757962,2.618836855145,7.195195124747
    ));
#525 = CARTESIAN_POINT('',(20.561463812181,2.59625943908,7.133164183918)
  );
#526 = CARTESIAN_POINT('',(20.5501430118,2.573703474965,7.071192181839)
  );
#527 = CARTESIAN_POINT('',(20.533329784004,2.551231292911,7.009450369079
    ));
#528 = CARTESIAN_POINT('',(20.488592860058,2.505929696002,6.884985254508
    ));
#529 = CARTESIAN_POINT('',(20.460364839311,2.483107080615,6.822280634078
    ));
#530 = CARTESIAN_POINT('',(20.426862539734,2.460489544119,6.760139463272
    ));
#531 = CARTESIAN_POINT('',(20.388444649567,2.438119265538,6.698677628003
    ));
#532 = CARTESIAN_POINT('',(20.345477707006,2.416025251414,6.637974823093
    ));
#533 = ORIENTED_EDGE('',*,*,#534,.F.);
#534 = EDGE_CURVE('',#535,#520,#537,.T.);
#535 = VERTEX_POINT('',#536);
#536 = CARTESIAN_POINT('',(20.374012738854,2.830632090126,7.777097750405
    ));
#537 = B_SPLINE_CURVE_WITH_KNOTS('',5,(#538,#539,#540,#541,#542,#543,
    #544,#545,#546,#547,#548,#549,#550,#551),.UNSPECIFIED.,.F.,.F.,(6,4,
    4,6),(0.,7.606949480651E-02,0.529732405339,1.),.UNSPECIFIED.);
#538 = CARTESIAN_POINT('',(20.374012738854,2.830632090126,7.777097750405
    ));
#539 = CARTESIAN_POINT('',(20.380035665503,2.828569410262,7.771430584055
    ));
#540 = CARTESIAN_POINT('',(20.385943028099,2.826471458077,7.765666507801
    ));
#541 = CARTESIAN_POINT('',(20.39173407389,2.824338399996,7.759805978888)
  );
#542 = CARTESIAN_POINT('',(20.397408143226,2.822170431459,7.753849534287
    ));
#543 = CARTESIAN_POINT('',(20.436102656247,2.80683159574,7.711706429507)
  );
#544 = CARTESIAN_POINT('',(20.465062060692,2.792460940084,7.672223377589
    ));
#545 = CARTESIAN_POINT('',(20.489715456903,2.776905547678,7.629485288203
    ));
#546 = CARTESIAN_POINT('',(20.510079378395,2.760246579284,7.583715148709
    ));
#547 = CARTESIAN_POINT('',(20.543051897398,2.724276280462,7.484887564924
    ));
#548 = CARTESIAN_POINT('',(20.555350570967,2.704888648205,7.431620483081
    ));
#549 = CARTESIAN_POINT('',(20.563295953295,2.684531016649,7.375688350068
    ));
#550 = CARTESIAN_POINT('',(20.567133757962,2.663321360043,7.31741529747)
  );
#551 = CARTESIAN_POINT('',(20.567133757962,2.641366421004,7.257094598215
    ));
#552 = ORIENTED_EDGE('',*,*,#553,.F.);
#553 = EDGE_CURVE('',#554,#535,#556,.T.);
#554 = VERTEX_POINT('',#555);
#555 = CARTESIAN_POINT('',(19.84101910828,2.896770507651,7.958811559113)
  );
#556 = B_SPLINE_CURVE_WITH_KNOTS('',6,(#557,#558,#559,#560,#561,#562,
    #563,#564,#565,#566,#567,#568),.UNSPECIFIED.,.F.,.F.,(7,5,7),(0.,
    0.850622974706,1.),.UNSPECIFIED.);
#557 = CARTESIAN_POINT('',(19.84101910828,2.896770507651,7.958811559113)
  );
#558 = CARTESIAN_POINT('',(19.933334107279,2.896770507651,7.958811559113
    ));
#559 = CARTESIAN_POINT('',(20.021242068136,2.893847231319,7.950779923401
    ));
#560 = CARTESIAN_POINT('',(20.103854567943,2.887751248779,7.934031349022
    ));
#561 = CARTESIAN_POINT('',(20.180299481846,2.878293312073,7.908045881489
    ));
#562 = CARTESIAN_POINT('',(20.249831355394,2.865403276148,7.872630798848
    ));
#563 = CARTESIAN_POINT('',(20.322892777668,2.846366441294,7.820327524947
    ));
#564 = CARTESIAN_POINT('',(20.333579325902,2.843420761974,7.812234337531
    ));
#565 = CARTESIAN_POINT('',(20.34403640753,2.840373675737,7.803862536901)
  );
#566 = CARTESIAN_POINT('',(20.354262042652,2.837225925771,7.795214164947
    ));
#567 = CARTESIAN_POINT('',(20.364254588382,2.833978391808,7.786291638715
    ));
#568 = CARTESIAN_POINT('',(20.374012738854,2.830632090126,7.777097750405
    ));
#569 = ORIENTED_EDGE('',*,*,#570,.F.);
#570 = EDGE_CURVE('',#571,#554,#573,.T.);
#571 = VERTEX_POINT('',#572);
#572 = CARTESIAN_POINT('',(19.305987261146,2.827059395635,7.767281852965
    ));
#573 = B_SPLINE_CURVE_WITH_KNOTS('',5,(#574,#575,#576,#577,#578,#579,
    #580,#581,#582,#583),.UNSPECIFIED.,.F.,.F.,(6,4,6),(0.,0.23117845186
    ,1.),.UNSPECIFIED.);
#574 = CARTESIAN_POINT('',(19.305987261146,2.827059395635,7.767281852965
    ));
#575 = CARTESIAN_POINT('',(19.324525519535,2.833562429267,7.785148791027
    ));
#576 = CARTESIAN_POINT('',(19.34385848025,2.839702620131,7.802018826775)
  );
#577 = CARTESIAN_POINT('',(19.363978794838,2.84547087641,7.817866980652)
  );
#578 = CARTESIAN_POINT('',(19.384873574955,2.850860481581,7.832674799159
    ));
#579 = CARTESIAN_POINT('',(19.478527707627,2.87251739981,7.892176692968)
  );
#580 = CARTESIAN_POINT('',(19.558913915905,2.884936647299,7.926298295011
    ));
#581 = CARTESIAN_POINT('',(19.646944839737,2.892947724748,7.948308549407
    ));
#582 = CARTESIAN_POINT('',(19.741404926621,2.896770507651,7.958811559113
    ));
#583 = CARTESIAN_POINT('',(19.84101910828,2.896770507651,7.958811559113)
  );
#584 = ORIENTED_EDGE('',*,*,#585,.F.);
#585 = EDGE_CURVE('',#586,#571,#588,.T.);
#586 = VERTEX_POINT('',#587);
#587 = CARTESIAN_POINT('',(19.076687898089,2.595618503744,7.131403228556
    ));
#588 = B_SPLINE_CURVE_WITH_KNOTS('',6,(#589,#590,#591,#592,#593,#594,
    #595,#596,#597,#598,#599,#600),.UNSPECIFIED.,.F.,.F.,(7,5,7),(0.,
    0.523211716034,1.),.UNSPECIFIED.);
#589 = CARTESIAN_POINT('',(19.076687898089,2.595618503744,7.131403228556
    ));
#590 = CARTESIAN_POINT('',(19.081489831958,2.621020309179,7.201194115401
    ));
#591 = CARTESIAN_POINT('',(19.088896839664,2.645674902337,7.268932053387
    ));
#592 = CARTESIAN_POINT('',(19.099138355524,2.669476408421,7.334326153905
    ));
#593 = CARTESIAN_POINT('',(19.112460810503,2.692292346845,7.397012429528
    ));
#594 = CARTESIAN_POINT('',(19.129112735855,2.713968457554,7.456567054242
    ));
#595 = CARTESIAN_POINT('',(19.167694874947,2.752910932419,7.563560624591
    ));
#596 = CARTESIAN_POINT('',(19.189026540659,2.77039845209,7.61160719001)
  );
#597 = CARTESIAN_POINT('',(19.213443301247,2.786679334745,7.656338547474
    ));
#598 = CARTESIAN_POINT('',(19.241062319941,2.801623247067,7.697396609134
    ));
#599 = CARTESIAN_POINT('',(19.271930709766,2.815112701703,7.734458581148
    ));
#600 = CARTESIAN_POINT('',(19.305987261146,2.827059395635,7.767281852965
    ));
#601 = ORIENTED_EDGE('',*,*,#602,.F.);
#602 = EDGE_CURVE('',#603,#586,#605,.T.);
#603 = VERTEX_POINT('',#604);
#604 = CARTESIAN_POINT('',(18.006624203822,2.632478254222,7.232674560681
    ));
#605 = LINE('',#606,#607);
#606 = CARTESIAN_POINT('',(9.517471023473,2.924898293959,8.036092016854)
  );
#607 = VECTOR('',#608,1.);
#608 = DIRECTION('',(0.994966576024,-3.427293152997E-02,
    -9.416410547709E-02));
#609 = ORIENTED_EDGE('',*,*,#610,.F.);
#610 = EDGE_CURVE('',#611,#603,#613,.T.);
#611 = VERTEX_POINT('',#612);
#612 = CARTESIAN_POINT('',(18.606624203822,3.070612593239,8.436438763818
    ));
#613 = B_SPLINE_CURVE_WITH_KNOTS('',6,(#614,#615,#616,#617,#618,#619,
    #620,#621,#622,#623,#624,#625,#626,#627,#628,#629,#630,#631,#632,
    #633,#634,#635),.UNSPECIFIED.,.F.,.F.,(7,5,5,5,7),(0.,
    2.289920252369E-02,0.291825169786,0.573715176317,1.),.UNSPECIFIED.);
#614 = CARTESIAN_POINT('',(18.606624203822,3.070612593239,8.436438763818
    ));
#615 = CARTESIAN_POINT('',(18.602420941025,3.069505350396,8.433396639108
    ));
#616 = CARTESIAN_POINT('',(18.598234375902,3.068390839252,8.430334544905
    ));
#617 = CARTESIAN_POINT('',(18.594064597859,3.067269079859,8.427252536303
    ));
#618 = CARTESIAN_POINT('',(18.589911694093,3.06614009325,8.42415067109)
  );
#619 = CARTESIAN_POINT('',(18.585775749591,3.06500390144,8.421029009747)
  );
#620 = CARTESIAN_POINT('',(18.533284864478,3.050432856161,8.380995391865
    ));
#621 = CARTESIAN_POINT('',(18.487259686887,3.036013619756,8.341378865436
    ));
#622 = CARTESIAN_POINT('',(18.443724751814,3.020642178815,8.299146178547
    ));
#623 = CARTESIAN_POINT('',(18.402762146675,3.004373287482,8.25444776697)
  );
#624 = CARTESIAN_POINT('',(18.364403222086,2.987273383543,8.207466167023
    ));
#625 = CARTESIAN_POINT('',(18.29115112209,2.950699569963,8.106980440068)
  );
#626 = CARTESIAN_POINT('',(18.256510907114,2.931149190437,8.053266213777
    ));
#627 = CARTESIAN_POINT('',(18.224702329856,2.910848284698,7.997489933666
    ));
#628 = CARTESIAN_POINT('',(18.195653041203,2.889880778696,7.939882184383
    ));
#629 = CARTESIAN_POINT('',(18.169255766381,2.868326670267,7.880662758177
    ));
#630 = CARTESIAN_POINT('',(18.109298016536,2.812881698626,7.728328950573
    ));
#631 = CARTESIAN_POINT('',(18.078998518148,2.778331039899,7.633401795892
    ));
#632 = CARTESIAN_POINT('',(18.05405353422,2.742838840854,7.535887780449)
  );
#633 = CARTESIAN_POINT('',(18.033973900019,2.706605530031,7.436337577132
    ));
#634 = CARTESIAN_POINT('',(18.018300866075,2.669784304627,7.335172091777
    ));
#635 = CARTESIAN_POINT('',(18.006624203822,2.632478254222,7.232674560681
    ));
#636 = ORIENTED_EDGE('',*,*,#637,.F.);
#637 = EDGE_CURVE('',#638,#611,#640,.T.);
#638 = VERTEX_POINT('',#639);
#639 = CARTESIAN_POINT('',(19.867770700637,3.203499400519,8.801542266161
    ));
#640 = B_SPLINE_CURVE_WITH_KNOTS('',6,(#641,#642,#643,#644,#645,#646,
    #647,#648,#649,#650,#651,#652),.UNSPECIFIED.,.F.,.F.,(7,5,7),(0.,
    0.893883510654,1.),.UNSPECIFIED.);
#641 = CARTESIAN_POINT('',(19.867770700637,3.203499400519,8.801542266161
    ));
#642 = CARTESIAN_POINT('',(19.65955621759,3.203499400519,8.801542266161)
  );
#643 = CARTESIAN_POINT('',(19.454522567186,3.197462401361,8.784955747294
    ));
#644 = CARTESIAN_POINT('',(19.255059414587,3.184488229541,8.749309503184
    ));
#645 = CARTESIAN_POINT('',(19.064178810353,3.16375004556,8.692331810973)
  );
#646 = CARTESIAN_POINT('',(18.885146988393,3.134793614234,8.612774669758
    ));
#647 = CARTESIAN_POINT('',(18.701129813483,3.093900306185,8.500421229286
    ));
#648 = CARTESIAN_POINT('',(18.681806363528,3.089453526772,8.488203803259
    ));
#649 = CARTESIAN_POINT('',(18.662690624337,3.084900293984,8.475693898991
    ));
#650 = CARTESIAN_POINT('',(18.643786199456,3.080241612931,8.462894277993
    ));
#651 = CARTESIAN_POINT('',(18.625096391833,3.075478622076,8.449808068169
    ));
#652 = CARTESIAN_POINT('',(18.606624203822,3.070612593239,8.436438763818
    ));
#653 = ORIENTED_EDGE('',*,*,#654,.F.);
#654 = EDGE_CURVE('',#655,#638,#657,.T.);
#655 = VERTEX_POINT('',#656);
#656 = CARTESIAN_POINT('',(21.170955414013,3.049960676305,8.379698088372
    ));
#657 = B_SPLINE_CURVE_WITH_KNOTS('',5,(#658,#659,#660,#661,#662,#663,
    #664,#665,#666,#667,#668,#669,#670,#671,#672,#673,#674,#675),
  .UNSPECIFIED.,.F.,.F.,(6,4,4,4,6),(0.,9.571984277263E-02,0.36543429951
    ,0.645323301674,1.),.UNSPECIFIED.);
#658 = CARTESIAN_POINT('',(21.170955414013,3.049960676305,8.379698088372
    ));
#659 = CARTESIAN_POINT('',(21.151842032807,3.056153406601,8.396712475025
    ));
#660 = CARTESIAN_POINT('',(21.132343683192,3.062197678891,8.413318976659
    ));
#661 = CARTESIAN_POINT('',(21.11246632052,3.068090205261,8.429508559804)
  );
#662 = CARTESIAN_POINT('',(21.092217223641,3.073828174094,8.445273499606
    ));
#663 = CARTESIAN_POINT('',(21.013524915428,3.09513531931,8.503814399959)
  );
#664 = CARTESIAN_POINT('',(20.952558547454,3.109616574023,8.54360132029)
  );
#665 = CARTESIAN_POINT('',(20.888905967932,3.122798384593,8.57981804718)
  );
#666 = CARTESIAN_POINT('',(20.822823940065,3.134667022807,8.61242686267)
  );
#667 = CARTESIAN_POINT('',(20.683809627198,3.156208179062,8.67161070307)
  );
#668 = CARTESIAN_POINT('',(20.610707813754,3.165781708562,8.697913759198
    ));
#669 = CARTESIAN_POINT('',(20.535614923632,3.173977447998,8.720431368232
    ));
#670 = CARTESIAN_POINT('',(20.458844745375,3.180851818547,8.739318546088
    ));
#671 = CARTESIAN_POINT('',(20.281612415454,3.193597650533,8.774337431664
    ));
#672 = CARTESIAN_POINT('',(20.180301878377,3.198710168769,8.788383960073
    ));
#673 = CARTESIAN_POINT('',(20.077284804653,3.201954014196,8.797296352136
    ));
#674 = CARTESIAN_POINT('',(19.973006071347,3.203499400519,8.801542266161
    ));
#675 = CARTESIAN_POINT('',(19.867770700637,3.203499400519,8.801542266161
    ));
#676 = ORIENTED_EDGE('',*,*,#677,.F.);
#677 = EDGE_CURVE('',#678,#655,#680,.T.);
#678 = VERTEX_POINT('',#679);
#679 = CARTESIAN_POINT('',(21.644840764331,2.66803092135,7.330354710816)
  );
#680 = B_SPLINE_CURVE_WITH_KNOTS('',5,(#681,#682,#683,#684,#685,#686,
    #687,#688,#689,#690,#691,#692,#693,#694),.UNSPECIFIED.,.F.,.F.,(6,4,
    4,6),(0.,0.176380042043,0.537277933811,1.),.UNSPECIFIED.);
#681 = CARTESIAN_POINT('',(21.644840764331,2.66803092135,7.330354710816)
  );
#682 = CARTESIAN_POINT('',(21.644840764331,2.683488046407,7.372822812879
    ));
#683 = CARTESIAN_POINT('',(21.643484421319,2.698868264336,7.415079614345
    ));
#684 = CARTESIAN_POINT('',(21.640722488673,2.714155844054,7.457081894419
    ));
#685 = CARTESIAN_POINT('',(21.636513014198,2.729333622631,7.498782498338
    ));
#686 = CARTESIAN_POINT('',(21.619175390002,2.775176117766,7.624733718571
    ));
#687 = CARTESIAN_POINT('',(21.601323549587,2.805435758814,7.707871399073
    ));
#688 = CARTESIAN_POINT('',(21.576978693791,2.834993428934,7.789080430298
    ));
#689 = CARTESIAN_POINT('',(21.546035771707,2.86368413818,7.8679075061));
#690 = CARTESIAN_POINT('',(21.460819767053,2.926847417079,8.041447188613
    ));
#691 = CARTESIAN_POINT('',(21.402410925543,2.960679498883,8.134400069423
    ));
#692 = CARTESIAN_POINT('',(21.333887897907,2.992539170728,8.221933798408
    ));
#693 = CARTESIAN_POINT('',(21.256313500474,3.022304679579,8.303713861856
    ));
#694 = CARTESIAN_POINT('',(21.170955414013,3.049960676305,8.379698088372
    ));
#695 = ORIENTED_EDGE('',*,*,#696,.F.);
#696 = EDGE_CURVE('',#697,#678,#699,.T.);
#697 = VERTEX_POINT('',#698);
#698 = CARTESIAN_POINT('',(21.509044585987,2.420643612585,6.650663666125
    ));
#699 = B_SPLINE_CURVE_WITH_KNOTS('',5,(#700,#701,#702,#703,#704,#705,
    #706,#707,#708,#709),.UNSPECIFIED.,.F.,.F.,(6,4,6),(0.,
    0.299286217855,1.),.UNSPECIFIED.);
#700 = CARTESIAN_POINT('',(21.509044585987,2.420643612585,6.650663666125
    ));
#701 = CARTESIAN_POINT('',(21.525315105401,2.434717555502,6.689331506492
    ));
#702 = CARTESIAN_POINT('',(21.540385925046,2.448919482931,6.728350981415
    ));
#703 = CARTESIAN_POINT('',(21.554245258473,2.463244592701,6.767708897041
    ));
#704 = CARTESIAN_POINT('',(21.566884982446,2.477687657396,6.807390891156
    ));
#705 = CARTESIAN_POINT('',(21.605027916587,2.526321259892,6.941010615842
    ));
#706 = CARTESIAN_POINT('',(21.625046053167,2.561015936154,7.036333455448
    ));
#707 = CARTESIAN_POINT('',(21.638295933503,2.596252620653,7.133145450445
    ));
#708 = CARTESIAN_POINT('',(21.644840764331,2.63195183372,7.231228232237)
  );
#709 = CARTESIAN_POINT('',(21.644840764331,2.66803092135,7.330354710816)
  );
#710 = ORIENTED_EDGE('',*,*,#711,.F.);
#711 = EDGE_CURVE('',#712,#697,#714,.T.);
#712 = VERTEX_POINT('',#713);
#713 = CARTESIAN_POINT('',(21.07923566879,2.174476248281,5.974324391292)
  );
#714 = B_SPLINE_CURVE_WITH_KNOTS('',6,(#715,#716,#717,#718,#719,#720,
    #721),.UNSPECIFIED.,.F.,.F.,(7,7),(0.,1.),.PIECEWISE_BEZIER_KNOTS.);
#715 = CARTESIAN_POINT('',(21.07923566879,2.174476248281,5.974324391292)
  );
#716 = CARTESIAN_POINT('',(21.171976146474,2.215038263554,6.085767612343
    ));
#717 = CARTESIAN_POINT('',(21.257422073403,2.255877098514,6.197971389233
    ));
#718 = CARTESIAN_POINT('',(21.334777817948,2.296948463628,6.310814037468
    ));
#719 = CARTESIAN_POINT('',(21.403133392515,2.338177044822,6.424088633335
    ));
#720 = CARTESIAN_POINT('',(21.461517661068,2.379455711595,6.5375008382)
  );
#721 = CARTESIAN_POINT('',(21.509044585987,2.420643612585,6.650663666125
    ));
#722 = ORIENTED_EDGE('',*,*,#723,.F.);
#723 = EDGE_CURVE('',#724,#712,#726,.T.);
#724 = VERTEX_POINT('',#725);
#725 = CARTESIAN_POINT('',(20.376050955414,1.929005995097,5.299900413521
    ));
#726 = B_SPLINE_CURVE_WITH_KNOTS('',7,(#727,#728,#729,#730,#731,#732,
    #733,#734),.UNSPECIFIED.,.F.,.F.,(8,8),(0.,1.),
  .PIECEWISE_BEZIER_KNOTS.);
#727 = CARTESIAN_POINT('',(20.376050955414,1.929005995097,5.299900413521
    ));
#728 = CARTESIAN_POINT('',(20.49762346518,1.96731401233,5.405150825853)
  );
#729 = CARTESIAN_POINT('',(20.61448170557,2.004933820322,5.508510398836)
  );
#730 = CARTESIAN_POINT('',(20.726201674499,2.041868133136,5.609986589295
    ));
#731 = CARTESIAN_POINT('',(20.83144487704,2.077891513689,5.708960013938)
  );
#732 = CARTESIAN_POINT('',(20.927839647705,2.112529250534,5.80412641378)
  );
#733 = CARTESIAN_POINT('',(21.012052798832,2.145070550214,5.89353289985)
  );
#734 = CARTESIAN_POINT('',(21.07923566879,2.174476248281,5.974324391292)
  );
#735 = ORIENTED_EDGE('',*,*,#736,.F.);
#736 = EDGE_CURVE('',#737,#724,#739,.T.);
#737 = VERTEX_POINT('',#738);
#738 = CARTESIAN_POINT('',(19.731974522293,1.71638710345,4.715734809771)
  );
#739 = B_SPLINE_CURVE_WITH_KNOTS('',7,(#740,#741,#742,#743,#744,#745,
    #746,#747),.UNSPECIFIED.,.F.,.F.,(8,8),(0.,1.),
  .PIECEWISE_BEZIER_KNOTS.);
#740 = CARTESIAN_POINT('',(19.731974522293,1.71638710345,4.715734809771)
  );
#741 = CARTESIAN_POINT('',(19.780907342691,1.735321088775,4.767755506912
    ));
#742 = CARTESIAN_POINT('',(19.854046383704,1.76084925692,4.837893572452)
  );
#743 = CARTESIAN_POINT('',(19.943364645552,1.790683005569,4.919861123201
    ));
#744 = CARTESIAN_POINT('',(20.042956431301,1.823154307296,5.009075291478
    ));
#745 = CARTESIAN_POINT('',(20.149066544038,1.857223722107,5.102680239363
    ));
#746 = CARTESIAN_POINT('',(20.259984513629,1.892452861685,5.199471504861
    ));
#747 = CARTESIAN_POINT('',(20.376050955414,1.929005995097,5.299900413521
    ));
#748 = ORIENTED_EDGE('',*,*,#749,.F.);
#749 = EDGE_CURVE('',#750,#737,#752,.T.);
#750 = VERTEX_POINT('',#751);
#751 = CARTESIAN_POINT('',(19.512356687898,1.614086046567,4.434664966));
#752 = B_SPLINE_CURVE_WITH_KNOTS('',5,(#753,#754,#755,#756,#757,#758),
  .UNSPECIFIED.,.F.,.F.,(6,6),(0.,1.),.PIECEWISE_BEZIER_KNOTS.);
#753 = CARTESIAN_POINT('',(19.512356687898,1.614086046567,4.434664966));
#754 = CARTESIAN_POINT('',(19.546367540463,1.63424886746,4.490061861114)
  );
#755 = CARTESIAN_POINT('',(19.585473892092,1.654579423628,4.545919605111
    ));
#756 = CARTESIAN_POINT('',(19.629547712403,1.675058230493,4.602184664552
    ));
#757 = CARTESIAN_POINT('',(19.678436387295,1.69566662487,4.658805762752)
  );
#758 = CARTESIAN_POINT('',(19.731974522293,1.71638710345,4.715734809771)
  );
#759 = ORIENTED_EDGE('',*,*,#760,.F.);
#760 = EDGE_CURVE('',#440,#750,#761,.T.);
#761 = LINE('',#762,#763);
#762 = CARTESIAN_POINT('',(9.256178343949,1.614086046567,4.434664966));
#763 = VECTOR('',#764,1.);
#764 = DIRECTION('',(-1.,0.,0.));
#765 = PLANE('',#766);
#766 = AXIS2_PLACEMENT_3D('',#767,#768,#769);
#767 = CARTESIAN_POINT('',(-1.,0.,0.));
#768 = DIRECTION('',(0.,-0.939692620786,0.342020143326));
#769 = DIRECTION('',(0.,0.342020143326,0.939692620786));
#770 = ADVANCED_FACE('',(#771),#782,.T.);
#771 = FACE_BOUND('',#772,.T.);
#772 = EDGE_LOOP('',(#773,#774,#775,#776));
#773 = ORIENTED_EDGE('',*,*,#323,.T.);
#774 = ORIENTED_EDGE('',*,*,#236,.T.);
#775 = ORIENTED_EDGE('',*,*,#134,.F.);
#776 = ORIENTED_EDGE('',*,*,#777,.F.);
#777 = EDGE_CURVE('',#316,#127,#778,.T.);
#778 = LINE('',#779,#780);
#779 = CARTESIAN_POINT('',(4.,19.05,-1.));
#780 = VECTOR('',#781,1.);
#781 = DIRECTION('',(0.,0.,1.));
#782 = PLANE('',#783);
#783 = AXIS2_PLACEMENT_3D('',#784,#785,#786);
#784 = CARTESIAN_POINT('',(4.,12.75,-1.));
#785 = DIRECTION('',(-1.,0.,0.));
#786 = DIRECTION('',(0.,1.,0.));
#787 = ADVANCED_FACE('',(#788),#799,.T.);
#788 = FACE_BOUND('',#789,.T.);
#789 = EDGE_LOOP('',(#790,#791,#792,#793));
#790 = ORIENTED_EDGE('',*,*,#315,.T.);
#791 = ORIENTED_EDGE('',*,*,#777,.T.);
#792 = ORIENTED_EDGE('',*,*,#126,.F.);
#793 = ORIENTED_EDGE('',*,*,#794,.F.);
#794 = EDGE_CURVE('',#308,#119,#795,.T.);
#795 = LINE('',#796,#797);
#796 = CARTESIAN_POINT('',(0.,18.05,-1.));
#797 = VECTOR('',#798,1.);
#798 = DIRECTION('',(0.,0.,1.));
#799 = PLANE('',#800);
#800 = AXIS2_PLACEMENT_3D('',#801,#802,#803);
#801 = CARTESIAN_POINT('',(4.,19.05,-1.));
#802 = DIRECTION('',(0.242535625036,-0.970142500145,0.));
#803 = DIRECTION('',(-0.970142500145,-0.242535625036,0.));
#804 = ADVANCED_FACE('',(#805),#816,.F.);
#805 = FACE_BOUND('',#806,.F.);
#806 = EDGE_LOOP('',(#807,#808,#809,#810));
#807 = ORIENTED_EDGE('',*,*,#118,.F.);
#808 = ORIENTED_EDGE('',*,*,#794,.F.);
#809 = ORIENTED_EDGE('',*,*,#307,.T.);
#810 = ORIENTED_EDGE('',*,*,#811,.T.);
#811 = EDGE_CURVE('',#300,#111,#812,.T.);
#812 = LINE('',#813,#814);
#813 = CARTESIAN_POINT('',(0.,53.,0.));
#814 = VECTOR('',#815,1.);
#815 = DIRECTION('',(0.,0.,1.));
#816 = PLANE('',#817);
#817 = AXIS2_PLACEMENT_3D('',#818,#819,#820);
#818 = CARTESIAN_POINT('',(0.,0.,0.));
#819 = DIRECTION('',(1.,0.,0.));
#820 = DIRECTION('',(0.,0.,1.));
#821 = ADVANCED_FACE('',(#822),#833,.T.);
#822 = FACE_BOUND('',#823,.T.);
#823 = EDGE_LOOP('',(#824,#825,#826,#827));
#824 = ORIENTED_EDGE('',*,*,#299,.F.);
#825 = ORIENTED_EDGE('',*,*,#811,.T.);
#826 = ORIENTED_EDGE('',*,*,#110,.T.);
#827 = ORIENTED_EDGE('',*,*,#828,.F.);
#828 = EDGE_CURVE('',#292,#103,#829,.T.);
#829 = LINE('',#830,#831);
#830 = CARTESIAN_POINT('',(43.,53.,0.));
#831 = VECTOR('',#832,1.);
#832 = DIRECTION('',(0.,0.,1.));
#833 = PLANE('',#834);
#834 = AXIS2_PLACEMENT_3D('',#835,#836,#837);
#835 = CARTESIAN_POINT('',(0.,53.,0.));
#836 = DIRECTION('',(0.,1.,0.));
#837 = DIRECTION('',(0.,0.,1.));
#838 = ADVANCED_FACE('',(#839),#850,.T.);
#839 = FACE_BOUND('',#840,.T.);
#840 = EDGE_LOOP('',(#841,#842,#848,#849));
#841 = ORIENTED_EDGE('',*,*,#102,.F.);
#842 = ORIENTED_EDGE('',*,*,#843,.T.);
#843 = EDGE_CURVE('',#95,#284,#844,.T.);
#844 = LINE('',#845,#846);
#845 = CARTESIAN_POINT('',(43.,17.924390243902,0.));
#846 = VECTOR('',#847,1.);
#847 = DIRECTION('',(0.,0.,-1.));
#848 = ORIENTED_EDGE('',*,*,#291,.T.);
#849 = ORIENTED_EDGE('',*,*,#828,.T.);
#850 = PLANE('',#851);
#851 = AXIS2_PLACEMENT_3D('',#852,#853,#854);
#852 = CARTESIAN_POINT('',(43.,0.,0.));
#853 = DIRECTION('',(1.,0.,0.));
#854 = DIRECTION('',(0.,0.,1.));
#855 = ADVANCED_FACE('',(#856),#867,.T.);
#856 = FACE_BOUND('',#857,.T.);
#857 = EDGE_LOOP('',(#858,#859,#865,#866));
#858 = ORIENTED_EDGE('',*,*,#78,.T.);
#859 = ORIENTED_EDGE('',*,*,#860,.T.);
#860 = EDGE_CURVE('',#71,#95,#861,.T.);
#861 = LINE('',#862,#863);
#862 = CARTESIAN_POINT('',(43.,0.,10.));
#863 = VECTOR('',#864,1.);
#864 = DIRECTION('',(0.,1.,0.));
#865 = ORIENTED_EDGE('',*,*,#94,.T.);
#866 = ORIENTED_EDGE('',*,*,#86,.T.);
#867 = PLANE('',#868);
#868 = AXIS2_PLACEMENT_3D('',#869,#870,#871);
#869 = CARTESIAN_POINT('',(0.,0.,10.));
#870 = DIRECTION('',(0.,0.,1.));
#871 = DIRECTION('',(1.,0.,0.));
#872 = ADVANCED_FACE('',(#873),#884,.T.);
#873 = FACE_BOUND('',#874,.T.);
#874 = EDGE_LOOP('',(#875,#876,#877,#878));
#875 = ORIENTED_EDGE('',*,*,#70,.F.);
#876 = ORIENTED_EDGE('',*,*,#340,.T.);
#877 = ORIENTED_EDGE('',*,*,#259,.T.);
#878 = ORIENTED_EDGE('',*,*,#879,.T.);
#879 = EDGE_CURVE('',#260,#71,#880,.T.);
#880 = LINE('',#881,#882);
#881 = CARTESIAN_POINT('',(43.,13.875609756098,0.));
#882 = VECTOR('',#883,1.);
#883 = DIRECTION('',(0.,0.,1.));
#884 = PLANE('',#885);
#885 = AXIS2_PLACEMENT_3D('',#886,#887,#888);
#886 = CARTESIAN_POINT('',(43.,0.,0.));
#887 = DIRECTION('',(1.,0.,0.));
#888 = DIRECTION('',(0.,0.,1.));
#889 = ADVANCED_FACE('',(#890),#916,.T.);
#890 = FACE_BOUND('',#891,.T.);
#891 = EDGE_LOOP('',(#892,#900,#901,#909));
#892 = ORIENTED_EDGE('',*,*,#893,.F.);
#893 = EDGE_CURVE('',#151,#894,#896,.T.);
#894 = VERTEX_POINT('',#895);
#895 = CARTESIAN_POINT('',(16.6,38.36,20.5));
#896 = LINE('',#897,#898);
#897 = CARTESIAN_POINT('',(16.6,38.36,9.9));
#898 = VECTOR('',#899,1.);
#899 = DIRECTION('',(0.,0.,1.));
#900 = ORIENTED_EDGE('',*,*,#150,.T.);
#901 = ORIENTED_EDGE('',*,*,#902,.T.);
#902 = EDGE_CURVE('',#153,#903,#905,.T.);
#903 = VERTEX_POINT('',#904);
#904 = CARTESIAN_POINT('',(16.,37.76,20.5));
#905 = LINE('',#906,#907);
#906 = CARTESIAN_POINT('',(16.,37.76,9.9));
#907 = VECTOR('',#908,1.);
#908 = DIRECTION('',(0.,0.,1.));
#909 = ORIENTED_EDGE('',*,*,#910,.F.);
#910 = EDGE_CURVE('',#894,#903,#911,.T.);
#911 = CIRCLE('',#912,0.6);
#912 = AXIS2_PLACEMENT_3D('',#913,#914,#915);
#913 = CARTESIAN_POINT('',(16.6,37.76,20.5));
#914 = DIRECTION('',(0.,-0.,1.));
#915 = DIRECTION('',(0.,1.,0.));
#916 = CYLINDRICAL_SURFACE('',#917,0.6);
#917 = AXIS2_PLACEMENT_3D('',#918,#919,#920);
#918 = CARTESIAN_POINT('',(16.6,37.76,9.9));
#919 = DIRECTION('',(0.,0.,1.));
#920 = DIRECTION('',(0.,1.,0.));
#921 = ADVANCED_FACE('',(#922),#940,.F.);
#922 = FACE_BOUND('',#923,.F.);
#923 = EDGE_LOOP('',(#924,#925,#933,#939));
#924 = ORIENTED_EDGE('',*,*,#161,.T.);
#925 = ORIENTED_EDGE('',*,*,#926,.T.);
#926 = EDGE_CURVE('',#162,#927,#929,.T.);
#927 = VERTEX_POINT('',#928);
#928 = CARTESIAN_POINT('',(26.4,38.36,20.5));
#929 = LINE('',#930,#931);
#930 = CARTESIAN_POINT('',(26.4,38.36,9.9));
#931 = VECTOR('',#932,1.);
#932 = DIRECTION('',(0.,0.,1.));
#933 = ORIENTED_EDGE('',*,*,#934,.T.);
#934 = EDGE_CURVE('',#927,#894,#935,.T.);
#935 = LINE('',#936,#937);
#936 = CARTESIAN_POINT('',(26.4,38.36,20.5));
#937 = VECTOR('',#938,1.);
#938 = DIRECTION('',(-1.,0.,0.));
#939 = ORIENTED_EDGE('',*,*,#893,.F.);
#940 = PLANE('',#941);
#941 = AXIS2_PLACEMENT_3D('',#942,#943,#944);
#942 = CARTESIAN_POINT('',(27.,38.36,9.9));
#943 = DIRECTION('',(0.,-1.,0.));
#944 = DIRECTION('',(-1.,0.,0.));
#945 = ADVANCED_FACE('',(#946),#964,.F.);
#946 = FACE_BOUND('',#947,.F.);
#947 = EDGE_LOOP('',(#948,#949,#950,#958));
#948 = ORIENTED_EDGE('',*,*,#212,.T.);
#949 = ORIENTED_EDGE('',*,*,#902,.T.);
#950 = ORIENTED_EDGE('',*,*,#951,.T.);
#951 = EDGE_CURVE('',#903,#952,#954,.T.);
#952 = VERTEX_POINT('',#953);
#953 = CARTESIAN_POINT('',(16.,27.96,20.5));
#954 = LINE('',#955,#956);
#955 = CARTESIAN_POINT('',(16.,37.76,20.5));
#956 = VECTOR('',#957,1.);
#957 = DIRECTION('',(0.,-1.,0.));
#958 = ORIENTED_EDGE('',*,*,#959,.F.);
#959 = EDGE_CURVE('',#204,#952,#960,.T.);
#960 = LINE('',#961,#962);
#961 = CARTESIAN_POINT('',(16.,27.96,9.9));
#962 = VECTOR('',#963,1.);
#963 = DIRECTION('',(0.,0.,1.));
#964 = PLANE('',#965);
#965 = AXIS2_PLACEMENT_3D('',#966,#967,#968);
#966 = CARTESIAN_POINT('',(16.,38.36,9.9));
#967 = DIRECTION('',(1.,0.,0.));
#968 = DIRECTION('',(0.,-1.,0.));
#969 = ADVANCED_FACE('',(#970),#989,.T.);
#970 = FACE_BOUND('',#971,.F.);
#971 = EDGE_LOOP('',(#972,#973,#974,#982));
#972 = ORIENTED_EDGE('',*,*,#926,.F.);
#973 = ORIENTED_EDGE('',*,*,#169,.F.);
#974 = ORIENTED_EDGE('',*,*,#975,.T.);
#975 = EDGE_CURVE('',#170,#976,#978,.T.);
#976 = VERTEX_POINT('',#977);
#977 = CARTESIAN_POINT('',(27.,37.76,20.5));
#978 = LINE('',#979,#980);
#979 = CARTESIAN_POINT('',(27.,37.76,9.9));
#980 = VECTOR('',#981,1.);
#981 = DIRECTION('',(0.,0.,1.));
#982 = ORIENTED_EDGE('',*,*,#983,.T.);
#983 = EDGE_CURVE('',#976,#927,#984,.T.);
#984 = CIRCLE('',#985,0.6);
#985 = AXIS2_PLACEMENT_3D('',#986,#987,#988);
#986 = CARTESIAN_POINT('',(26.4,37.76,20.5));
#987 = DIRECTION('',(0.,0.,1.));
#988 = DIRECTION('',(1.,0.,0.));
#989 = CYLINDRICAL_SURFACE('',#990,0.6);
#990 = AXIS2_PLACEMENT_3D('',#991,#992,#993);
#991 = CARTESIAN_POINT('',(26.4,37.76,9.9));
#992 = DIRECTION('',(0.,0.,1.));
#993 = DIRECTION('',(0.,1.,0.));
#994 = ADVANCED_FACE('',(#995),#1014,.T.);
#995 = FACE_BOUND('',#996,.T.);
#996 = EDGE_LOOP('',(#997,#998,#999,#1007));
#997 = ORIENTED_EDGE('',*,*,#959,.F.);
#998 = ORIENTED_EDGE('',*,*,#203,.T.);
#999 = ORIENTED_EDGE('',*,*,#1000,.T.);
#1000 = EDGE_CURVE('',#196,#1001,#1003,.T.);
#1001 = VERTEX_POINT('',#1002);
#1002 = CARTESIAN_POINT('',(16.6,27.36,20.5));
#1003 = LINE('',#1004,#1005);
#1004 = CARTESIAN_POINT('',(16.6,27.36,9.9));
#1005 = VECTOR('',#1006,1.);
#1006 = DIRECTION('',(0.,0.,1.));
#1007 = ORIENTED_EDGE('',*,*,#1008,.F.);
#1008 = EDGE_CURVE('',#952,#1001,#1009,.T.);
#1009 = CIRCLE('',#1010,0.6);
#1010 = AXIS2_PLACEMENT_3D('',#1011,#1012,#1013);
#1011 = CARTESIAN_POINT('',(16.6,27.96,20.5));
#1012 = DIRECTION('',(0.,0.,1.));
#1013 = DIRECTION('',(-1.,0.,0.));
#1014 = CYLINDRICAL_SURFACE('',#1015,0.6);
#1015 = AXIS2_PLACEMENT_3D('',#1016,#1017,#1018);
#1016 = CARTESIAN_POINT('',(16.6,27.96,9.9));
#1017 = DIRECTION('',(0.,0.,1.));
#1018 = DIRECTION('',(-1.,0.,0.));
#1019 = ADVANCED_FACE('',(#1020),#1038,.F.);
#1020 = FACE_BOUND('',#1021,.F.);
#1021 = EDGE_LOOP('',(#1022,#1023,#1031,#1037));
#1022 = ORIENTED_EDGE('',*,*,#178,.T.);
#1023 = ORIENTED_EDGE('',*,*,#1024,.T.);
#1024 = EDGE_CURVE('',#179,#1025,#1027,.T.);
#1025 = VERTEX_POINT('',#1026);
#1026 = CARTESIAN_POINT('',(27.,27.96,20.5));
#1027 = LINE('',#1028,#1029);
#1028 = CARTESIAN_POINT('',(27.,27.96,9.9));
#1029 = VECTOR('',#1030,1.);
#1030 = DIRECTION('',(0.,0.,1.));
#1031 = ORIENTED_EDGE('',*,*,#1032,.T.);
#1032 = EDGE_CURVE('',#1025,#976,#1033,.T.);
#1033 = LINE('',#1034,#1035);
#1034 = CARTESIAN_POINT('',(27.,27.96,20.5));
#1035 = VECTOR('',#1036,1.);
#1036 = DIRECTION('',(0.,1.,0.));
#1037 = ORIENTED_EDGE('',*,*,#975,.F.);
#1038 = PLANE('',#1039);
#1039 = AXIS2_PLACEMENT_3D('',#1040,#1041,#1042);
#1040 = CARTESIAN_POINT('',(27.,27.36,9.9));
#1041 = DIRECTION('',(-1.,0.,0.));
#1042 = DIRECTION('',(0.,1.,0.));
#1043 = ADVANCED_FACE('',(#1044),#1062,.F.);
#1044 = FACE_BOUND('',#1045,.F.);
#1045 = EDGE_LOOP('',(#1046,#1047,#1048,#1056));
#1046 = ORIENTED_EDGE('',*,*,#195,.T.);
#1047 = ORIENTED_EDGE('',*,*,#1000,.T.);
#1048 = ORIENTED_EDGE('',*,*,#1049,.T.);
#1049 = EDGE_CURVE('',#1001,#1050,#1052,.T.);
#1050 = VERTEX_POINT('',#1051);
#1051 = CARTESIAN_POINT('',(26.4,27.36,20.5));
#1052 = LINE('',#1053,#1054);
#1053 = CARTESIAN_POINT('',(16.6,27.36,20.5));
#1054 = VECTOR('',#1055,1.);
#1055 = DIRECTION('',(1.,0.,0.));
#1056 = ORIENTED_EDGE('',*,*,#1057,.F.);
#1057 = EDGE_CURVE('',#187,#1050,#1058,.T.);
#1058 = LINE('',#1059,#1060);
#1059 = CARTESIAN_POINT('',(26.4,27.36,9.9));
#1060 = VECTOR('',#1061,1.);
#1061 = DIRECTION('',(0.,0.,1.));
#1062 = PLANE('',#1063);
#1063 = AXIS2_PLACEMENT_3D('',#1064,#1065,#1066);
#1064 = CARTESIAN_POINT('',(16.,27.36,9.9));
#1065 = DIRECTION('',(0.,1.,0.));
#1066 = DIRECTION('',(1.,0.,0.));
#1067 = ADVANCED_FACE('',(#1068),#1080,.T.);
#1068 = FACE_BOUND('',#1069,.T.);
#1069 = EDGE_LOOP('',(#1070,#1071,#1072,#1073));
#1070 = ORIENTED_EDGE('',*,*,#1057,.F.);
#1071 = ORIENTED_EDGE('',*,*,#186,.T.);
#1072 = ORIENTED_EDGE('',*,*,#1024,.T.);
#1073 = ORIENTED_EDGE('',*,*,#1074,.F.);
#1074 = EDGE_CURVE('',#1050,#1025,#1075,.T.);
#1075 = CIRCLE('',#1076,0.6);
#1076 = AXIS2_PLACEMENT_3D('',#1077,#1078,#1079);
#1077 = CARTESIAN_POINT('',(26.4,27.96,20.5));
#1078 = DIRECTION('',(-0.,0.,1.));
#1079 = DIRECTION('',(0.,-1.,0.));
#1080 = CYLINDRICAL_SURFACE('',#1081,0.6);
#1081 = AXIS2_PLACEMENT_3D('',#1082,#1083,#1084);
#1082 = CARTESIAN_POINT('',(26.4,27.96,9.9));
#1083 = DIRECTION('',(0.,0.,1.));
#1084 = DIRECTION('',(0.,-1.,0.));
#1085 = ADVANCED_FACE('',(#1086),#1097,.F.);
#1086 = FACE_BOUND('',#1087,.F.);
#1087 = EDGE_LOOP('',(#1088,#1089,#1095,#1096));
#1088 = ORIENTED_EDGE('',*,*,#267,.T.);
#1089 = ORIENTED_EDGE('',*,*,#1090,.T.);
#1090 = EDGE_CURVE('',#260,#284,#1091,.T.);
#1091 = LINE('',#1092,#1093);
#1092 = CARTESIAN_POINT('',(43.,0.,0.));
#1093 = VECTOR('',#1094,1.);
#1094 = DIRECTION('',(0.,1.,0.));
#1095 = ORIENTED_EDGE('',*,*,#283,.T.);
#1096 = ORIENTED_EDGE('',*,*,#275,.T.);
#1097 = PLANE('',#1098);
#1098 = AXIS2_PLACEMENT_3D('',#1099,#1100,#1101);
#1099 = CARTESIAN_POINT('',(0.,0.,0.));
#1100 = DIRECTION('',(0.,0.,1.));
#1101 = DIRECTION('',(1.,0.,0.));
#1102 = ADVANCED_FACE('',(#1103),#1128,.T.);
#1103 = FACE_BOUND('',#1104,.T.);
#1104 = EDGE_LOOP('',(#1105,#1106,#1114,#1122));
#1105 = ORIENTED_EDGE('',*,*,#349,.T.);
#1106 = ORIENTED_EDGE('',*,*,#1107,.T.);
#1107 = EDGE_CURVE('',#352,#1108,#1110,.T.);
#1108 = VERTEX_POINT('',#1109);
#1109 = CARTESIAN_POINT('',(25.11949044586,0.71008024746,3.705212085995)
  );
#1110 = LINE('',#1111,#1112);
#1111 = CARTESIAN_POINT('',(25.11949044586,1.461834344089,3.431595971335
    ));
#1112 = VECTOR('',#1113,1.);
#1113 = DIRECTION('',(0.,-0.939692620786,0.342020143326));
#1114 = ORIENTED_EDGE('',*,*,#1115,.T.);
#1115 = EDGE_CURVE('',#1108,#1116,#1118,.T.);
#1116 = VERTEX_POINT('',#1117);
#1117 = CARTESIAN_POINT('',(24.045605095541,0.71008024746,3.705212085995
    ));
#1118 = LINE('',#1119,#1120);
#1119 = CARTESIAN_POINT('',(25.11949044586,0.71008024746,3.705212085995)
  );
#1120 = VECTOR('',#1121,1.);
#1121 = DIRECTION('',(-1.,0.,0.));
#1122 = ORIENTED_EDGE('',*,*,#1123,.F.);
#1123 = EDGE_CURVE('',#350,#1116,#1124,.T.);
#1124 = LINE('',#1125,#1126);
#1125 = CARTESIAN_POINT('',(24.045605095541,1.461834344089,
    3.431595971335));
#1126 = VECTOR('',#1127,1.);
#1127 = DIRECTION('',(0.,-0.939692620786,0.342020143326));
#1128 = PLANE('',#1129);
#1129 = AXIS2_PLACEMENT_3D('',#1130,#1131,#1132);
#1130 = CARTESIAN_POINT('',(25.11949044586,1.461834344089,3.431595971335
    ));
#1131 = DIRECTION('',(0.,-0.342020143326,-0.939692620786));
#1132 = DIRECTION('',(-1.,0.,0.));
#1133 = ADVANCED_FACE('',(#1134),#1152,.T.);
#1134 = FACE_BOUND('',#1135,.T.);
#1135 = EDGE_LOOP('',(#1136,#1137,#1145,#1151));
#1136 = ORIENTED_EDGE('',*,*,#429,.T.);
#1137 = ORIENTED_EDGE('',*,*,#1138,.T.);
#1138 = EDGE_CURVE('',#422,#1139,#1141,.T.);
#1139 = VERTEX_POINT('',#1140);
#1140 = CARTESIAN_POINT('',(25.11949044586,2.639683828047,9.006754352157
    ));
#1141 = LINE('',#1142,#1143);
#1142 = CARTESIAN_POINT('',(25.11949044586,3.391437924676,8.733138237496
    ));
#1143 = VECTOR('',#1144,1.);
#1144 = DIRECTION('',(0.,-0.939692620786,0.342020143326));
#1145 = ORIENTED_EDGE('',*,*,#1146,.T.);
#1146 = EDGE_CURVE('',#1139,#1108,#1147,.T.);
#1147 = LINE('',#1148,#1149);
#1148 = CARTESIAN_POINT('',(25.11949044586,2.639683828047,9.006754352157
    ));
#1149 = VECTOR('',#1150,1.);
#1150 = DIRECTION('',(0.,-0.342020143326,-0.939692620786));
#1151 = ORIENTED_EDGE('',*,*,#1107,.F.);
#1152 = PLANE('',#1153);
#1153 = AXIS2_PLACEMENT_3D('',#1154,#1155,#1156);
#1154 = CARTESIAN_POINT('',(25.11949044586,3.391437924676,8.733138237496
    ));
#1155 = DIRECTION('',(1.,0.,0.));
#1156 = DIRECTION('',(0.,-0.342020143326,-0.939692620786));
#1157 = ADVANCED_FACE('',(#1158),#1176,.T.);
#1158 = FACE_BOUND('',#1159,.T.);
#1159 = EDGE_LOOP('',(#1160,#1161,#1169,#1175));
#1160 = ORIENTED_EDGE('',*,*,#421,.T.);
#1161 = ORIENTED_EDGE('',*,*,#1162,.T.);
#1162 = EDGE_CURVE('',#403,#1163,#1165,.T.);
#1163 = VERTEX_POINT('',#1164);
#1164 = CARTESIAN_POINT('',(24.248152866242,2.639683828047,
    9.006754352157));
#1165 = LINE('',#1166,#1167);
#1166 = CARTESIAN_POINT('',(24.248152866242,3.391437924676,
    8.733138237496));
#1167 = VECTOR('',#1168,1.);
#1168 = DIRECTION('',(0.,-0.939692620786,0.342020143326));
#1169 = ORIENTED_EDGE('',*,*,#1170,.T.);
#1170 = EDGE_CURVE('',#1163,#1139,#1171,.T.);
#1171 = LINE('',#1172,#1173);
#1172 = CARTESIAN_POINT('',(24.248152866242,2.639683828047,
    9.006754352157));
#1173 = VECTOR('',#1174,1.);
#1174 = DIRECTION('',(1.,0.,0.));
#1175 = ORIENTED_EDGE('',*,*,#1138,.F.);
#1176 = PLANE('',#1177);
#1177 = AXIS2_PLACEMENT_3D('',#1178,#1179,#1180);
#1178 = CARTESIAN_POINT('',(24.248152866242,3.391437924676,
    8.733138237496));
#1179 = DIRECTION('',(0.,0.342020143326,0.939692620786));
#1180 = DIRECTION('',(1.,0.,0.));
#1181 = ADVANCED_FACE('',(#1182),#1200,.T.);
#1182 = FACE_BOUND('',#1183,.T.);
#1183 = EDGE_LOOP('',(#1184,#1185,#1193,#1199));
#1184 = ORIENTED_EDGE('',*,*,#402,.T.);
#1185 = ORIENTED_EDGE('',*,*,#1186,.T.);
#1186 = EDGE_CURVE('',#391,#1187,#1189,.T.);
#1187 = VERTEX_POINT('',#1188);
#1188 = CARTESIAN_POINT('',(23.571719745223,2.332954935179,
    8.164023645108));
#1189 = LINE('',#1190,#1191);
#1190 = CARTESIAN_POINT('',(23.571719745223,3.084709031808,
    7.890407530447));
#1191 = VECTOR('',#1192,1.);
#1192 = DIRECTION('',(0.,-0.939692620786,0.342020143326));
#1193 = ORIENTED_EDGE('',*,*,#1194,.T.);
#1194 = EDGE_CURVE('',#1187,#1163,#1195,.T.);
#1195 = B_SPLINE_CURVE_WITH_KNOTS('',2,(#1196,#1197,#1198),
  .UNSPECIFIED.,.F.,.F.,(3,3),(0.,1.),.PIECEWISE_BEZIER_KNOTS.);
#1196 = CARTESIAN_POINT('',(23.571719745223,2.332954935179,
    8.164023645108));
#1197 = CARTESIAN_POINT('',(24.064713375796,2.464447520218,
    8.525296553329));
#1198 = CARTESIAN_POINT('',(24.248152866242,2.639683828047,
    9.006754352157));
#1199 = ORIENTED_EDGE('',*,*,#1162,.F.);
#1200 = SURFACE_OF_LINEAR_EXTRUSION('',#1201,#1205);
#1201 = B_SPLINE_CURVE_WITH_KNOTS('',2,(#1202,#1203,#1204),
  .UNSPECIFIED.,.F.,.F.,(3,3),(0.,1.),.PIECEWISE_BEZIER_KNOTS.);
#1202 = CARTESIAN_POINT('',(23.571719745223,3.084709031808,
    7.890407530447));
#1203 = CARTESIAN_POINT('',(24.064713375796,3.216201616847,
    8.251680438668));
#1204 = CARTESIAN_POINT('',(24.248152866242,3.391437924676,
    8.733138237496));
#1205 = VECTOR('',#1206,1.);
#1206 = DIRECTION('',(-0.,0.939692620786,-0.342020143326));
#1207 = ADVANCED_FACE('',(#1208),#1226,.T.);
#1208 = FACE_BOUND('',#1209,.T.);
#1209 = EDGE_LOOP('',(#1210,#1211,#1219,#1225));
#1210 = ORIENTED_EDGE('',*,*,#390,.T.);
#1211 = ORIENTED_EDGE('',*,*,#1212,.T.);
#1212 = EDGE_CURVE('',#383,#1213,#1215,.T.);
#1213 = VERTEX_POINT('',#1214);
#1214 = CARTESIAN_POINT('',(22.658343949045,2.15449448842,7.67370759737)
  );
#1215 = LINE('',#1216,#1217);
#1216 = CARTESIAN_POINT('',(22.658343949045,2.906248585048,7.40009148271
    ));
#1217 = VECTOR('',#1218,1.);
#1218 = DIRECTION('',(0.,-0.939692620786,0.342020143326));
#1219 = ORIENTED_EDGE('',*,*,#1220,.T.);
#1220 = EDGE_CURVE('',#1213,#1187,#1221,.T.);
#1221 = B_SPLINE_CURVE_WITH_KNOTS('',2,(#1222,#1223,#1224),
  .UNSPECIFIED.,.F.,.F.,(3,3),(0.,1.),.PIECEWISE_BEZIER_KNOTS.);
#1222 = CARTESIAN_POINT('',(22.658343949045,2.15449448842,7.67370759737)
  );
#1223 = CARTESIAN_POINT('',(23.07872611465,2.20154948903,7.80299014902)
  );
#1224 = CARTESIAN_POINT('',(23.571719745223,2.332954935179,
    8.164023645108));
#1225 = ORIENTED_EDGE('',*,*,#1186,.F.);
#1226 = SURFACE_OF_LINEAR_EXTRUSION('',#1227,#1231);
#1227 = B_SPLINE_CURVE_WITH_KNOTS('',2,(#1228,#1229,#1230),
  .UNSPECIFIED.,.F.,.F.,(3,3),(0.,1.),.PIECEWISE_BEZIER_KNOTS.);
#1228 = CARTESIAN_POINT('',(22.658343949045,2.906248585048,7.40009148271
    ));
#1229 = CARTESIAN_POINT('',(23.07872611465,2.953303585659,7.529374034359
    ));
#1230 = CARTESIAN_POINT('',(23.571719745223,3.084709031808,
    7.890407530447));
#1231 = VECTOR('',#1232,1.);
#1232 = DIRECTION('',(-0.,0.939692620786,-0.342020143326));
#1233 = ADVANCED_FACE('',(#1234),#1252,.T.);
#1234 = FACE_BOUND('',#1235,.T.);
#1235 = EDGE_LOOP('',(#1236,#1237,#1245,#1251));
#1236 = ORIENTED_EDGE('',*,*,#382,.T.);
#1237 = ORIENTED_EDGE('',*,*,#1238,.T.);
#1238 = EDGE_CURVE('',#368,#1239,#1241,.T.);
#1239 = VERTEX_POINT('',#1240);
#1240 = CARTESIAN_POINT('',(22.658343949045,1.819881150746,
    6.754365007863));
#1241 = LINE('',#1242,#1243);
#1242 = CARTESIAN_POINT('',(22.658343949045,2.571635247374,
    6.480748893202));
#1243 = VECTOR('',#1244,1.);
#1244 = DIRECTION('',(0.,-0.939692620786,0.342020143326));
#1245 = ORIENTED_EDGE('',*,*,#1246,.T.);
#1246 = EDGE_CURVE('',#1239,#1213,#1247,.T.);
#1247 = LINE('',#1248,#1249);
#1248 = CARTESIAN_POINT('',(22.658343949045,1.819881150746,
    6.754365007863));
#1249 = VECTOR('',#1250,1.);
#1250 = DIRECTION('',(0.,0.342020143326,0.939692620786));
#1251 = ORIENTED_EDGE('',*,*,#1212,.F.);
#1252 = PLANE('',#1253);
#1253 = AXIS2_PLACEMENT_3D('',#1254,#1255,#1256);
#1254 = CARTESIAN_POINT('',(22.658343949045,2.571635247374,
    6.480748893202));
#1255 = DIRECTION('',(-1.,0.,0.));
#1256 = DIRECTION('',(0.,0.342020143326,0.939692620786));
#1257 = ADVANCED_FACE('',(#1258),#1276,.T.);
#1258 = FACE_BOUND('',#1259,.T.);
#1259 = EDGE_LOOP('',(#1260,#1261,#1269,#1275));
#1260 = ORIENTED_EDGE('',*,*,#367,.T.);
#1261 = ORIENTED_EDGE('',*,*,#1262,.T.);
#1262 = EDGE_CURVE('',#360,#1263,#1265,.T.);
#1263 = VERTEX_POINT('',#1264);
#1264 = CARTESIAN_POINT('',(24.045605095541,2.099422709928,
    7.522399129514));
#1265 = LINE('',#1266,#1267);
#1266 = CARTESIAN_POINT('',(24.045605095541,2.851176806556,
    7.248783014853));
#1267 = VECTOR('',#1268,1.);
#1268 = DIRECTION('',(0.,-0.939692620786,0.342020143326));
#1269 = ORIENTED_EDGE('',*,*,#1270,.T.);
#1270 = EDGE_CURVE('',#1263,#1239,#1271,.T.);
#1271 = B_SPLINE_CURVE_WITH_KNOTS('',2,(#1272,#1273,#1274),
  .UNSPECIFIED.,.F.,.F.,(3,3),(0.,1.),.PIECEWISE_BEZIER_KNOTS.);
#1272 = CARTESIAN_POINT('',(24.045605095541,2.099422709928,
    7.522399129514));
#1273 = CARTESIAN_POINT('',(23.457070063694,1.910418457476,
    7.003114213722));
#1274 = CARTESIAN_POINT('',(22.658343949045,1.819881150746,
    6.754365007863));
#1275 = ORIENTED_EDGE('',*,*,#1238,.F.);
#1276 = SURFACE_OF_LINEAR_EXTRUSION('',#1277,#1281);
#1277 = B_SPLINE_CURVE_WITH_KNOTS('',2,(#1278,#1279,#1280),
  .UNSPECIFIED.,.F.,.F.,(3,3),(0.,1.),.PIECEWISE_BEZIER_KNOTS.);
#1278 = CARTESIAN_POINT('',(24.045605095541,2.851176806556,
    7.248783014853));
#1279 = CARTESIAN_POINT('',(23.457070063694,2.662172554104,
    6.729498099061));
#1280 = CARTESIAN_POINT('',(22.658343949045,2.571635247374,
    6.480748893202));
#1281 = VECTOR('',#1282,1.);
#1282 = DIRECTION('',(-0.,0.939692620786,-0.342020143326));
#1283 = ADVANCED_FACE('',(#1284),#1295,.T.);
#1284 = FACE_BOUND('',#1285,.T.);
#1285 = EDGE_LOOP('',(#1286,#1287,#1288,#1294));
#1286 = ORIENTED_EDGE('',*,*,#359,.T.);
#1287 = ORIENTED_EDGE('',*,*,#1123,.T.);
#1288 = ORIENTED_EDGE('',*,*,#1289,.T.);
#1289 = EDGE_CURVE('',#1116,#1263,#1290,.T.);
#1290 = LINE('',#1291,#1292);
#1291 = CARTESIAN_POINT('',(24.045605095541,0.71008024746,3.705212085995
    ));
#1292 = VECTOR('',#1293,1.);
#1293 = DIRECTION('',(0.,0.342020143326,0.939692620786));
#1294 = ORIENTED_EDGE('',*,*,#1262,.F.);
#1295 = PLANE('',#1296);
#1296 = AXIS2_PLACEMENT_3D('',#1297,#1298,#1299);
#1297 = CARTESIAN_POINT('',(24.045605095541,1.461834344089,
    3.431595971335));
#1298 = DIRECTION('',(-1.,0.,0.));
#1299 = DIRECTION('',(0.,0.342020143326,0.939692620786));
#1300 = ADVANCED_FACE('',(#1301),#1326,.T.);
#1301 = FACE_BOUND('',#1302,.T.);
#1302 = EDGE_LOOP('',(#1303,#1304,#1312,#1320));
#1303 = ORIENTED_EDGE('',*,*,#437,.T.);
#1304 = ORIENTED_EDGE('',*,*,#1305,.T.);
#1305 = EDGE_CURVE('',#440,#1306,#1308,.T.);
#1306 = VERTEX_POINT('',#1307);
#1307 = CARTESIAN_POINT('',(21.644840764331,1.050270474095,
    4.639877051995));
#1308 = LINE('',#1309,#1310);
#1309 = CARTESIAN_POINT('',(21.644840764331,1.802024570724,
    4.366260937334));
#1310 = VECTOR('',#1311,1.);
#1311 = DIRECTION('',(0.,-0.939692620786,0.342020143326));
#1312 = ORIENTED_EDGE('',*,*,#1313,.T.);
#1313 = EDGE_CURVE('',#1306,#1314,#1316,.T.);
#1314 = VERTEX_POINT('',#1315);
#1315 = CARTESIAN_POINT('',(21.644840764331,0.71008024746,3.705212085995
    ));
#1316 = LINE('',#1317,#1318);
#1317 = CARTESIAN_POINT('',(21.644840764331,1.050270474095,
    4.639877051995));
#1318 = VECTOR('',#1319,1.);
#1319 = DIRECTION('',(0.,-0.342020143326,-0.939692620786));
#1320 = ORIENTED_EDGE('',*,*,#1321,.F.);
#1321 = EDGE_CURVE('',#438,#1314,#1322,.T.);
#1322 = LINE('',#1323,#1324);
#1323 = CARTESIAN_POINT('',(21.644840764331,1.461834344089,
    3.431595971335));
#1324 = VECTOR('',#1325,1.);
#1325 = DIRECTION('',(0.,-0.939692620786,0.342020143326));
#1326 = PLANE('',#1327);
#1327 = AXIS2_PLACEMENT_3D('',#1328,#1329,#1330);
#1328 = CARTESIAN_POINT('',(21.644840764331,1.802024570724,
    4.366260937334));
#1329 = DIRECTION('',(1.,0.,0.));
#1330 = DIRECTION('',(0.,-0.342020143326,-0.939692620786));
#1331 = ADVANCED_FACE('',(#1332),#1350,.T.);
#1332 = FACE_BOUND('',#1333,.T.);
#1333 = EDGE_LOOP('',(#1334,#1335,#1343,#1349));
#1334 = ORIENTED_EDGE('',*,*,#760,.T.);
#1335 = ORIENTED_EDGE('',*,*,#1336,.T.);
#1336 = EDGE_CURVE('',#750,#1337,#1339,.T.);
#1337 = VERTEX_POINT('',#1338);
#1338 = CARTESIAN_POINT('',(19.512356687898,1.050270474095,
    4.639877051995));
#1339 = LINE('',#1340,#1341);
#1340 = CARTESIAN_POINT('',(19.512356687898,1.802024570724,
    4.366260937334));
#1341 = VECTOR('',#1342,1.);
#1342 = DIRECTION('',(0.,-0.939692620786,0.342020143326));
#1343 = ORIENTED_EDGE('',*,*,#1344,.T.);
#1344 = EDGE_CURVE('',#1337,#1306,#1345,.T.);
#1345 = LINE('',#1346,#1347);
#1346 = CARTESIAN_POINT('',(19.512356687898,1.050270474095,
    4.639877051995));
#1347 = VECTOR('',#1348,1.);
#1348 = DIRECTION('',(1.,0.,0.));
#1349 = ORIENTED_EDGE('',*,*,#1305,.F.);
#1350 = PLANE('',#1351);
#1351 = AXIS2_PLACEMENT_3D('',#1352,#1353,#1354);
#1352 = CARTESIAN_POINT('',(19.512356687898,1.802024570724,
    4.366260937334));
#1353 = DIRECTION('',(0.,0.342020143326,0.939692620786));
#1354 = DIRECTION('',(1.,0.,0.));
#1355 = ADVANCED_FACE('',(#1356),#1374,.T.);
#1356 = FACE_BOUND('',#1357,.T.);
#1357 = EDGE_LOOP('',(#1358,#1359,#1367,#1373));
#1358 = ORIENTED_EDGE('',*,*,#749,.T.);
#1359 = ORIENTED_EDGE('',*,*,#1360,.T.);
#1360 = EDGE_CURVE('',#737,#1361,#1363,.T.);
#1361 = VERTEX_POINT('',#1362);
#1362 = CARTESIAN_POINT('',(19.731974522293,1.152571530978,
    4.920946895766));
#1363 = LINE('',#1364,#1365);
#1364 = CARTESIAN_POINT('',(19.731974522293,1.904325627607,
    4.647330781106));
#1365 = VECTOR('',#1366,1.);
#1366 = DIRECTION('',(0.,-0.939692620786,0.342020143326));
#1367 = ORIENTED_EDGE('',*,*,#1368,.T.);
#1368 = EDGE_CURVE('',#1361,#1337,#1369,.T.);
#1369 = B_SPLINE_CURVE_WITH_KNOTS('',2,(#1370,#1371,#1372),
  .UNSPECIFIED.,.F.,.F.,(3,3),(0.,1.),.PIECEWISE_BEZIER_KNOTS.);
#1370 = CARTESIAN_POINT('',(19.731974522293,1.152571530978,
    4.920946895766));
#1371 = CARTESIAN_POINT('',(19.596433121019,1.100113919186,4.77682079189
    ));
#1372 = CARTESIAN_POINT('',(19.512356687898,1.050270474095,
    4.639877051995));
#1373 = ORIENTED_EDGE('',*,*,#1336,.F.);
#1374 = SURFACE_OF_LINEAR_EXTRUSION('',#1375,#1379);
#1375 = B_SPLINE_CURVE_WITH_KNOTS('',2,(#1376,#1377,#1378),
  .UNSPECIFIED.,.F.,.F.,(3,3),(0.,1.),.PIECEWISE_BEZIER_KNOTS.);
#1376 = CARTESIAN_POINT('',(19.731974522293,1.904325627607,
    4.647330781106));
#1377 = CARTESIAN_POINT('',(19.596433121019,1.851868015815,4.50320467723
    ));
#1378 = CARTESIAN_POINT('',(19.512356687898,1.802024570724,
    4.366260937334));
#1379 = VECTOR('',#1380,1.);
#1380 = DIRECTION('',(-0.,0.939692620786,-0.342020143326));
#1381 = ADVANCED_FACE('',(#1382),#1400,.T.);
#1382 = FACE_BOUND('',#1383,.T.);
#1383 = EDGE_LOOP('',(#1384,#1385,#1393,#1399));
#1384 = ORIENTED_EDGE('',*,*,#736,.T.);
#1385 = ORIENTED_EDGE('',*,*,#1386,.T.);
#1386 = EDGE_CURVE('',#724,#1387,#1389,.T.);
#1387 = VERTEX_POINT('',#1388);
#1388 = CARTESIAN_POINT('',(20.376050955414,1.365190422625,
    5.505112499516));
#1389 = LINE('',#1390,#1391);
#1390 = CARTESIAN_POINT('',(20.376050955414,2.116944519254,
    5.231496384855));
#1391 = VECTOR('',#1392,1.);
#1392 = DIRECTION('',(0.,-0.939692620786,0.342020143326));
#1393 = ORIENTED_EDGE('',*,*,#1394,.T.);
#1394 = EDGE_CURVE('',#1387,#1361,#1395,.T.);
#1395 = B_SPLINE_CURVE_WITH_KNOTS('',2,(#1396,#1397,#1398),
  .UNSPECIFIED.,.F.,.F.,(3,3),(0.,1.),.PIECEWISE_BEZIER_KNOTS.);
#1396 = CARTESIAN_POINT('',(20.376050955414,1.365190422625,
    5.505112499516));
#1397 = CARTESIAN_POINT('',(19.867770700637,1.20511628166,5.065312411775
    ));
#1398 = CARTESIAN_POINT('',(19.731974522293,1.152571530978,
    4.920946895766));
#1399 = ORIENTED_EDGE('',*,*,#1360,.F.);
#1400 = SURFACE_OF_LINEAR_EXTRUSION('',#1401,#1405);
#1401 = B_SPLINE_CURVE_WITH_KNOTS('',2,(#1402,#1403,#1404),
  .UNSPECIFIED.,.F.,.F.,(3,3),(0.,1.),.PIECEWISE_BEZIER_KNOTS.);
#1402 = CARTESIAN_POINT('',(20.376050955414,2.116944519254,
    5.231496384855));
#1403 = CARTESIAN_POINT('',(19.867770700637,1.956870378288,
    4.791696297114));
#1404 = CARTESIAN_POINT('',(19.731974522293,1.904325627607,
    4.647330781106));
#1405 = VECTOR('',#1406,1.);
#1406 = DIRECTION('',(-0.,0.939692620786,-0.342020143326));
#1407 = ADVANCED_FACE('',(#1408),#1426,.T.);
#1408 = FACE_BOUND('',#1409,.T.);
#1409 = EDGE_LOOP('',(#1410,#1411,#1419,#1425));
#1410 = ORIENTED_EDGE('',*,*,#723,.T.);
#1411 = ORIENTED_EDGE('',*,*,#1412,.T.);
#1412 = EDGE_CURVE('',#712,#1413,#1415,.T.);
#1413 = VERTEX_POINT('',#1414);
#1414 = CARTESIAN_POINT('',(21.07923566879,1.610660675809,6.179536477288
    ));
#1415 = LINE('',#1416,#1417);
#1416 = CARTESIAN_POINT('',(21.07923566879,2.362414772438,5.905920362627
    ));
#1417 = VECTOR('',#1418,1.);
#1418 = DIRECTION('',(0.,-0.939692620786,0.342020143326));
#1419 = ORIENTED_EDGE('',*,*,#1420,.T.);
#1420 = EDGE_CURVE('',#1413,#1387,#1421,.T.);
#1421 = B_SPLINE_CURVE_WITH_KNOTS('',2,(#1422,#1423,#1424),
  .UNSPECIFIED.,.F.,.F.,(3,3),(0.,1.),.PIECEWISE_BEZIER_KNOTS.);
#1422 = CARTESIAN_POINT('',(21.07923566879,1.610660675809,6.179536477288
    ));
#1423 = CARTESIAN_POINT('',(20.884331210191,1.525351702481,5.94515199939
    ));
#1424 = CARTESIAN_POINT('',(20.376050955414,1.365190422625,
    5.505112499516));
#1425 = ORIENTED_EDGE('',*,*,#1386,.F.);
#1426 = SURFACE_OF_LINEAR_EXTRUSION('',#1427,#1431);
#1427 = B_SPLINE_CURVE_WITH_KNOTS('',2,(#1428,#1429,#1430),
  .UNSPECIFIED.,.F.,.F.,(3,3),(0.,1.),.PIECEWISE_BEZIER_KNOTS.);
#1428 = CARTESIAN_POINT('',(21.07923566879,2.362414772438,5.905920362627
    ));
#1429 = CARTESIAN_POINT('',(20.884331210191,2.277105799109,
    5.671535884729));
#1430 = CARTESIAN_POINT('',(20.376050955414,2.116944519254,
    5.231496384855));
#1431 = VECTOR('',#1432,1.);
#1432 = DIRECTION('',(-0.,0.939692620786,-0.342020143326));
#1433 = ADVANCED_FACE('',(#1434),#1452,.T.);
#1434 = FACE_BOUND('',#1435,.T.);
#1435 = EDGE_LOOP('',(#1436,#1437,#1445,#1451));
#1436 = ORIENTED_EDGE('',*,*,#711,.T.);
#1437 = ORIENTED_EDGE('',*,*,#1438,.T.);
#1438 = EDGE_CURVE('',#697,#1439,#1441,.T.);
#1439 = VERTEX_POINT('',#1440);
#1440 = CARTESIAN_POINT('',(21.509044585987,1.856828040114,
    6.855875752121));
#1441 = LINE('',#1442,#1443);
#1442 = CARTESIAN_POINT('',(21.509044585987,2.608582136743,6.58225963746
    ));
#1443 = VECTOR('',#1444,1.);
#1444 = DIRECTION('',(0.,-0.939692620786,0.342020143326));
#1445 = ORIENTED_EDGE('',*,*,#1446,.T.);
#1446 = EDGE_CURVE('',#1439,#1413,#1447,.T.);
#1447 = B_SPLINE_CURVE_WITH_KNOTS('',2,(#1448,#1449,#1450),
  .UNSPECIFIED.,.F.,.F.,(3,3),(0.,1.),.PIECEWISE_BEZIER_KNOTS.);
#1448 = CARTESIAN_POINT('',(21.509044585987,1.856828040114,
    6.855875752121));
#1449 = CARTESIAN_POINT('',(21.373503184713,1.739364816368,
    6.533148197262));
#1450 = CARTESIAN_POINT('',(21.07923566879,1.610660675809,6.179536477288
    ));
#1451 = ORIENTED_EDGE('',*,*,#1412,.F.);
#1452 = SURFACE_OF_LINEAR_EXTRUSION('',#1453,#1457);
#1453 = B_SPLINE_CURVE_WITH_KNOTS('',2,(#1454,#1455,#1456),
  .UNSPECIFIED.,.F.,.F.,(3,3),(0.,1.),.PIECEWISE_BEZIER_KNOTS.);
#1454 = CARTESIAN_POINT('',(21.509044585987,2.608582136743,6.58225963746
    ));
#1455 = CARTESIAN_POINT('',(21.373503184713,2.491118912997,
    6.259532082602));
#1456 = CARTESIAN_POINT('',(21.07923566879,2.362414772438,5.905920362627
    ));
#1457 = VECTOR('',#1458,1.);
#1458 = DIRECTION('',(-0.,0.939692620786,-0.342020143326));
#1459 = ADVANCED_FACE('',(#1460),#1478,.T.);
#1460 = FACE_BOUND('',#1461,.T.);
#1461 = EDGE_LOOP('',(#1462,#1463,#1471,#1477));
#1462 = ORIENTED_EDGE('',*,*,#696,.T.);
#1463 = ORIENTED_EDGE('',*,*,#1464,.T.);
#1464 = EDGE_CURVE('',#678,#1465,#1467,.T.);
#1465 = VERTEX_POINT('',#1466);
#1466 = CARTESIAN_POINT('',(21.644840764331,2.104215348879,
    7.535566796812));
#1467 = LINE('',#1468,#1469);
#1468 = CARTESIAN_POINT('',(21.644840764331,2.855969445507,
    7.261950682151));
#1469 = VECTOR('',#1470,1.);
#1470 = DIRECTION('',(0.,-0.939692620786,0.342020143326));
#1471 = ORIENTED_EDGE('',*,*,#1472,.T.);
#1472 = EDGE_CURVE('',#1465,#1439,#1473,.T.);
#1473 = B_SPLINE_CURVE_WITH_KNOTS('',2,(#1474,#1475,#1476),
  .UNSPECIFIED.,.F.,.F.,(3,3),(0.,1.),.PIECEWISE_BEZIER_KNOTS.);
#1474 = CARTESIAN_POINT('',(21.644840764331,2.104215348879,
    7.535566796812));
#1475 = CARTESIAN_POINT('',(21.644840764331,1.97429126386,7.178603306979
    ));
#1476 = CARTESIAN_POINT('',(21.509044585987,1.856828040114,
    6.855875752121));
#1477 = ORIENTED_EDGE('',*,*,#1438,.F.);
#1478 = SURFACE_OF_LINEAR_EXTRUSION('',#1479,#1483);
#1479 = B_SPLINE_CURVE_WITH_KNOTS('',2,(#1480,#1481,#1482),
  .UNSPECIFIED.,.F.,.F.,(3,3),(0.,1.),.PIECEWISE_BEZIER_KNOTS.);
#1480 = CARTESIAN_POINT('',(21.644840764331,2.855969445507,
    7.261950682151));
#1481 = CARTESIAN_POINT('',(21.644840764331,2.726045360489,
    6.904987192319));
#1482 = CARTESIAN_POINT('',(21.509044585987,2.608582136743,6.58225963746
    ));
#1483 = VECTOR('',#1484,1.);
#1484 = DIRECTION('',(-0.,0.939692620786,-0.342020143326));
#1485 = ADVANCED_FACE('',(#1486),#1504,.T.);
#1486 = FACE_BOUND('',#1487,.T.);
#1487 = EDGE_LOOP('',(#1488,#1489,#1497,#1503));
#1488 = ORIENTED_EDGE('',*,*,#677,.T.);
#1489 = ORIENTED_EDGE('',*,*,#1490,.T.);
#1490 = EDGE_CURVE('',#655,#1491,#1493,.T.);
#1491 = VERTEX_POINT('',#1492);
#1492 = CARTESIAN_POINT('',(21.170955414013,2.486145103833,
    8.584910174367));
#1493 = LINE('',#1494,#1495);
#1494 = CARTESIAN_POINT('',(21.170955414013,3.237899200462,
    8.311294059706));
#1495 = VECTOR('',#1496,1.);
#1496 = DIRECTION('',(0.,-0.939692620786,0.342020143326));
#1497 = ORIENTED_EDGE('',*,*,#1498,.T.);
#1498 = EDGE_CURVE('',#1491,#1465,#1499,.T.);
#1499 = B_SPLINE_CURVE_WITH_KNOTS('',2,(#1500,#1501,#1502),
  .UNSPECIFIED.,.F.,.F.,(3,3),(0.,1.),.PIECEWISE_BEZIER_KNOTS.);
#1500 = CARTESIAN_POINT('',(21.170955414013,2.486145103833,
    8.584910174367));
#1501 = CARTESIAN_POINT('',(21.644840764331,2.332606379619,
    8.163065996577));
#1502 = CARTESIAN_POINT('',(21.644840764331,2.104215348879,
    7.535566796812));
#1503 = ORIENTED_EDGE('',*,*,#1464,.F.);
#1504 = SURFACE_OF_LINEAR_EXTRUSION('',#1505,#1509);
#1505 = B_SPLINE_CURVE_WITH_KNOTS('',2,(#1506,#1507,#1508),
  .UNSPECIFIED.,.F.,.F.,(3,3),(0.,1.),.PIECEWISE_BEZIER_KNOTS.);
#1506 = CARTESIAN_POINT('',(21.170955414013,3.237899200462,
    8.311294059706));
#1507 = CARTESIAN_POINT('',(21.644840764331,3.084360476248,
    7.889449881917));
#1508 = CARTESIAN_POINT('',(21.644840764331,2.855969445507,
    7.261950682151));
#1509 = VECTOR('',#1510,1.);
#1510 = DIRECTION('',(-0.,0.939692620786,-0.342020143326));
#1511 = ADVANCED_FACE('',(#1512),#1530,.T.);
#1512 = FACE_BOUND('',#1513,.T.);
#1513 = EDGE_LOOP('',(#1514,#1515,#1523,#1529));
#1514 = ORIENTED_EDGE('',*,*,#654,.T.);
#1515 = ORIENTED_EDGE('',*,*,#1516,.T.);
#1516 = EDGE_CURVE('',#638,#1517,#1519,.T.);
#1517 = VERTEX_POINT('',#1518);
#1518 = CARTESIAN_POINT('',(19.867770700637,2.639683828047,
    9.006754352157));
#1519 = LINE('',#1520,#1521);
#1520 = CARTESIAN_POINT('',(19.867770700637,3.391437924676,
    8.733138237496));
#1521 = VECTOR('',#1522,1.);
#1522 = DIRECTION('',(0.,-0.939692620786,0.342020143326));
#1523 = ORIENTED_EDGE('',*,*,#1524,.T.);
#1524 = EDGE_CURVE('',#1517,#1491,#1525,.T.);
#1525 = B_SPLINE_CURVE_WITH_KNOTS('',2,(#1526,#1527,#1528),
  .UNSPECIFIED.,.F.,.F.,(3,3),(0.,1.),.PIECEWISE_BEZIER_KNOTS.);
#1526 = CARTESIAN_POINT('',(19.867770700637,2.639683828047,
    9.006754352157));
#1527 = CARTESIAN_POINT('',(20.697070063694,2.639683828047,
    9.006754352157));
#1528 = CARTESIAN_POINT('',(21.170955414013,2.486145103833,
    8.584910174367));
#1529 = ORIENTED_EDGE('',*,*,#1490,.F.);
#1530 = SURFACE_OF_LINEAR_EXTRUSION('',#1531,#1535);
#1531 = B_SPLINE_CURVE_WITH_KNOTS('',2,(#1532,#1533,#1534),
  .UNSPECIFIED.,.F.,.F.,(3,3),(0.,1.),.PIECEWISE_BEZIER_KNOTS.);
#1532 = CARTESIAN_POINT('',(19.867770700637,3.391437924676,
    8.733138237496));
#1533 = CARTESIAN_POINT('',(20.697070063694,3.391437924676,
    8.733138237496));
#1534 = CARTESIAN_POINT('',(21.170955414013,3.237899200462,
    8.311294059706));
#1535 = VECTOR('',#1536,1.);
#1536 = DIRECTION('',(-0.,0.939692620786,-0.342020143326));
#1537 = ADVANCED_FACE('',(#1538),#1556,.T.);
#1538 = FACE_BOUND('',#1539,.T.);
#1539 = EDGE_LOOP('',(#1540,#1541,#1549,#1555));
#1540 = ORIENTED_EDGE('',*,*,#637,.T.);
#1541 = ORIENTED_EDGE('',*,*,#1542,.T.);
#1542 = EDGE_CURVE('',#611,#1543,#1545,.T.);
#1543 = VERTEX_POINT('',#1544);
#1544 = CARTESIAN_POINT('',(18.606624203822,2.506797020768,
    8.641650849813));
#1545 = LINE('',#1546,#1547);
#1546 = CARTESIAN_POINT('',(18.606624203822,3.258551117396,
    8.368034735153));
#1547 = VECTOR('',#1548,1.);
#1548 = DIRECTION('',(0.,-0.939692620786,0.342020143326));
#1549 = ORIENTED_EDGE('',*,*,#1550,.T.);
#1550 = EDGE_CURVE('',#1543,#1517,#1551,.T.);
#1551 = B_SPLINE_CURVE_WITH_KNOTS('',2,(#1552,#1553,#1554),
  .UNSPECIFIED.,.F.,.F.,(3,3),(0.,1.),.PIECEWISE_BEZIER_KNOTS.);
#1552 = CARTESIAN_POINT('',(18.606624203822,2.506797020768,
    8.641650849813));
#1553 = CARTESIAN_POINT('',(19.111082802548,2.639683828047,
    9.006754352157));
#1554 = CARTESIAN_POINT('',(19.867770700637,2.639683828047,
    9.006754352157));
#1555 = ORIENTED_EDGE('',*,*,#1516,.F.);
#1556 = SURFACE_OF_LINEAR_EXTRUSION('',#1557,#1561);
#1557 = B_SPLINE_CURVE_WITH_KNOTS('',2,(#1558,#1559,#1560),
  .UNSPECIFIED.,.F.,.F.,(3,3),(0.,1.),.PIECEWISE_BEZIER_KNOTS.);
#1558 = CARTESIAN_POINT('',(18.606624203822,3.258551117396,
    8.368034735153));
#1559 = CARTESIAN_POINT('',(19.111082802548,3.391437924676,
    8.733138237496));
#1560 = CARTESIAN_POINT('',(19.867770700637,3.391437924676,
    8.733138237496));
#1561 = VECTOR('',#1562,1.);
#1562 = DIRECTION('',(-0.,0.939692620786,-0.342020143326));
#1563 = ADVANCED_FACE('',(#1564),#1582,.T.);
#1564 = FACE_BOUND('',#1565,.T.);
#1565 = EDGE_LOOP('',(#1566,#1567,#1575,#1581));
#1566 = ORIENTED_EDGE('',*,*,#610,.T.);
#1567 = ORIENTED_EDGE('',*,*,#1568,.T.);
#1568 = EDGE_CURVE('',#603,#1569,#1571,.T.);
#1569 = VERTEX_POINT('',#1570);
#1570 = CARTESIAN_POINT('',(18.006624203822,2.068662681751,
    7.437886646676));
#1571 = LINE('',#1572,#1573);
#1572 = CARTESIAN_POINT('',(18.006624203822,2.820416778379,
    7.164270532016));
#1573 = VECTOR('',#1574,1.);
#1574 = DIRECTION('',(0.,-0.939692620786,0.342020143326));
#1575 = ORIENTED_EDGE('',*,*,#1576,.T.);
#1576 = EDGE_CURVE('',#1569,#1543,#1577,.T.);
#1577 = B_SPLINE_CURVE_WITH_KNOTS('',2,(#1578,#1579,#1580),
  .UNSPECIFIED.,.F.,.F.,(3,3),(0.,1.),.PIECEWISE_BEZIER_KNOTS.);
#1578 = CARTESIAN_POINT('',(18.006624203822,2.068662681751,
    7.437886646676));
#1579 = CARTESIAN_POINT('',(18.102165605096,2.373910213488,8.27654734747
    ));
#1580 = CARTESIAN_POINT('',(18.606624203822,2.506797020768,
    8.641650849813));
#1581 = ORIENTED_EDGE('',*,*,#1542,.F.);
#1582 = SURFACE_OF_LINEAR_EXTRUSION('',#1583,#1587);
#1583 = B_SPLINE_CURVE_WITH_KNOTS('',2,(#1584,#1585,#1586),
  .UNSPECIFIED.,.F.,.F.,(3,3),(0.,1.),.PIECEWISE_BEZIER_KNOTS.);
#1584 = CARTESIAN_POINT('',(18.006624203822,2.820416778379,
    7.164270532016));
#1585 = CARTESIAN_POINT('',(18.102165605096,3.125664310117,
    8.002931232809));
#1586 = CARTESIAN_POINT('',(18.606624203822,3.258551117396,
    8.368034735153));
#1587 = VECTOR('',#1588,1.);
#1588 = DIRECTION('',(-0.,0.939692620786,-0.342020143326));
#1589 = ADVANCED_FACE('',(#1590),#1608,.T.);
#1590 = FACE_BOUND('',#1591,.T.);
#1591 = EDGE_LOOP('',(#1592,#1593,#1601,#1607));
#1592 = ORIENTED_EDGE('',*,*,#602,.T.);
#1593 = ORIENTED_EDGE('',*,*,#1594,.T.);
#1594 = EDGE_CURVE('',#586,#1595,#1597,.T.);
#1595 = VERTEX_POINT('',#1596);
#1596 = CARTESIAN_POINT('',(19.076687898089,2.031802931273,
    7.336615314551));
#1597 = LINE('',#1598,#1599);
#1598 = CARTESIAN_POINT('',(19.076687898089,2.783557027901,7.06299919989
    ));
#1599 = VECTOR('',#1600,1.);
#1600 = DIRECTION('',(0.,-0.939692620786,0.342020143326));
#1601 = ORIENTED_EDGE('',*,*,#1602,.T.);
#1602 = EDGE_CURVE('',#1595,#1569,#1603,.T.);
#1603 = LINE('',#1604,#1605);
#1604 = CARTESIAN_POINT('',(19.076687898089,2.031802931273,
    7.336615314551));
#1605 = VECTOR('',#1606,1.);
#1606 = DIRECTION('',(-0.994966576024,3.427293152997E-02,
    9.416410547709E-02));
#1607 = ORIENTED_EDGE('',*,*,#1568,.F.);
#1608 = PLANE('',#1609);
#1609 = AXIS2_PLACEMENT_3D('',#1610,#1611,#1612);
#1610 = CARTESIAN_POINT('',(19.076687898089,2.783557027901,7.06299919989
    ));
#1611 = DIRECTION('',(-0.100207348014,-0.340298610936,-0.934962749418));
#1612 = DIRECTION('',(-0.994966576024,3.427293152997E-02,
    9.416410547709E-02));
#1613 = ADVANCED_FACE('',(#1614),#1632,.T.);
#1614 = FACE_BOUND('',#1615,.T.);
#1615 = EDGE_LOOP('',(#1616,#1617,#1625,#1631));
#1616 = ORIENTED_EDGE('',*,*,#585,.T.);
#1617 = ORIENTED_EDGE('',*,*,#1618,.T.);
#1618 = EDGE_CURVE('',#571,#1619,#1621,.T.);
#1619 = VERTEX_POINT('',#1620);
#1620 = CARTESIAN_POINT('',(19.305987261146,2.263243823164,
    7.972493938961));
#1621 = LINE('',#1622,#1623);
#1622 = CARTESIAN_POINT('',(19.305987261146,3.014997919793,7.6988778243)
  );
#1623 = VECTOR('',#1624,1.);
#1624 = DIRECTION('',(0.,-0.939692620786,0.342020143326));
#1625 = ORIENTED_EDGE('',*,*,#1626,.T.);
#1626 = EDGE_CURVE('',#1619,#1595,#1627,.T.);
#1627 = B_SPLINE_CURVE_WITH_KNOTS('',2,(#1628,#1629,#1630),
  .UNSPECIFIED.,.F.,.F.,(3,3),(0.,1.),.PIECEWISE_BEZIER_KNOTS.);
#1628 = CARTESIAN_POINT('',(19.305987261146,2.263243823164,
    7.972493938961));
#1629 = CARTESIAN_POINT('',(19.107261146497,2.193532711148,
    7.780964232813));
#1630 = CARTESIAN_POINT('',(19.076687898089,2.031802931273,
    7.336615314551));
#1631 = ORIENTED_EDGE('',*,*,#1594,.F.);
#1632 = SURFACE_OF_LINEAR_EXTRUSION('',#1633,#1637);
#1633 = B_SPLINE_CURVE_WITH_KNOTS('',2,(#1634,#1635,#1636),
  .UNSPECIFIED.,.F.,.F.,(3,3),(0.,1.),.PIECEWISE_BEZIER_KNOTS.);
#1634 = CARTESIAN_POINT('',(19.305987261146,3.014997919793,7.6988778243)
  );
#1635 = CARTESIAN_POINT('',(19.107261146497,2.945286807777,
    7.507348118153));
#1636 = CARTESIAN_POINT('',(19.076687898089,2.783557027901,7.06299919989
    ));
#1637 = VECTOR('',#1638,1.);
#1638 = DIRECTION('',(-0.,0.939692620786,-0.342020143326));
#1639 = ADVANCED_FACE('',(#1640),#1658,.T.);
#1640 = FACE_BOUND('',#1641,.T.);
#1641 = EDGE_LOOP('',(#1642,#1643,#1651,#1657));
#1642 = ORIENTED_EDGE('',*,*,#570,.T.);
#1643 = ORIENTED_EDGE('',*,*,#1644,.T.);
#1644 = EDGE_CURVE('',#554,#1645,#1647,.T.);
#1645 = VERTEX_POINT('',#1646);
#1646 = CARTESIAN_POINT('',(19.84101910828,2.332954935179,8.164023645108
    ));
#1647 = LINE('',#1648,#1649);
#1648 = CARTESIAN_POINT('',(19.84101910828,3.084709031808,7.890407530447
    ));
#1649 = VECTOR('',#1650,1.);
#1650 = DIRECTION('',(0.,-0.939692620786,0.342020143326));
#1651 = ORIENTED_EDGE('',*,*,#1652,.T.);
#1652 = EDGE_CURVE('',#1645,#1619,#1653,.T.);
#1653 = B_SPLINE_CURVE_WITH_KNOTS('',2,(#1654,#1655,#1656),
  .UNSPECIFIED.,.F.,.F.,(3,3),(0.,1.),.PIECEWISE_BEZIER_KNOTS.);
#1654 = CARTESIAN_POINT('',(19.84101910828,2.332954935179,8.164023645108
    ));
#1655 = CARTESIAN_POINT('',(19.504713375796,2.332954935179,
    8.164023645108));
#1656 = CARTESIAN_POINT('',(19.305987261146,2.263243823164,
    7.972493938961));
#1657 = ORIENTED_EDGE('',*,*,#1618,.F.);
#1658 = SURFACE_OF_LINEAR_EXTRUSION('',#1659,#1663);
#1659 = B_SPLINE_CURVE_WITH_KNOTS('',2,(#1660,#1661,#1662),
  .UNSPECIFIED.,.F.,.F.,(3,3),(0.,1.),.PIECEWISE_BEZIER_KNOTS.);
#1660 = CARTESIAN_POINT('',(19.84101910828,3.084709031808,7.890407530447
    ));
#1661 = CARTESIAN_POINT('',(19.504713375796,3.084709031808,
    7.890407530447));
#1662 = CARTESIAN_POINT('',(19.305987261146,3.014997919793,7.6988778243)
  );
#1663 = VECTOR('',#1664,1.);
#1664 = DIRECTION('',(-0.,0.939692620786,-0.342020143326));
#1665 = ADVANCED_FACE('',(#1666),#1684,.T.);
#1666 = FACE_BOUND('',#1667,.T.);
#1667 = EDGE_LOOP('',(#1668,#1669,#1677,#1683));
#1668 = ORIENTED_EDGE('',*,*,#553,.T.);
#1669 = ORIENTED_EDGE('',*,*,#1670,.T.);
#1670 = EDGE_CURVE('',#535,#1671,#1673,.T.);
#1671 = VERTEX_POINT('',#1672);
#1672 = CARTESIAN_POINT('',(20.374012738854,2.266816517655,
    7.982309836401));
#1673 = LINE('',#1674,#1675);
#1674 = CARTESIAN_POINT('',(20.374012738854,3.018570614283,7.70869372174
    ));
#1675 = VECTOR('',#1676,1.);
#1676 = DIRECTION('',(0.,-0.939692620786,0.342020143326));
#1677 = ORIENTED_EDGE('',*,*,#1678,.T.);
#1678 = EDGE_CURVE('',#1671,#1645,#1679,.T.);
#1679 = B_SPLINE_CURVE_WITH_KNOTS('',2,(#1680,#1681,#1682),
  .UNSPECIFIED.,.F.,.F.,(3,3),(0.,1.),.PIECEWISE_BEZIER_KNOTS.);
#1680 = CARTESIAN_POINT('',(20.374012738854,2.266816517655,
    7.982309836401));
#1681 = CARTESIAN_POINT('',(20.181146496815,2.332954935179,
    8.164023645108));
#1682 = CARTESIAN_POINT('',(19.84101910828,2.332954935179,8.164023645108
    ));
#1683 = ORIENTED_EDGE('',*,*,#1644,.F.);
#1684 = SURFACE_OF_LINEAR_EXTRUSION('',#1685,#1689);
#1685 = B_SPLINE_CURVE_WITH_KNOTS('',2,(#1686,#1687,#1688),
  .UNSPECIFIED.,.F.,.F.,(3,3),(0.,1.),.PIECEWISE_BEZIER_KNOTS.);
#1686 = CARTESIAN_POINT('',(20.374012738854,3.018570614283,7.70869372174
    ));
#1687 = CARTESIAN_POINT('',(20.181146496815,3.084709031808,
    7.890407530447));
#1688 = CARTESIAN_POINT('',(19.84101910828,3.084709031808,7.890407530447
    ));
#1689 = VECTOR('',#1690,1.);
#1690 = DIRECTION('',(-0.,0.939692620786,-0.342020143326));
#1691 = ADVANCED_FACE('',(#1692),#1710,.T.);
#1692 = FACE_BOUND('',#1693,.T.);
#1693 = EDGE_LOOP('',(#1694,#1695,#1703,#1709));
#1694 = ORIENTED_EDGE('',*,*,#534,.T.);
#1695 = ORIENTED_EDGE('',*,*,#1696,.T.);
#1696 = EDGE_CURVE('',#520,#1697,#1699,.T.);
#1697 = VERTEX_POINT('',#1698);
#1698 = CARTESIAN_POINT('',(20.567133757962,2.077550848533,7.46230668421
    ));
#1699 = LINE('',#1700,#1701);
#1700 = CARTESIAN_POINT('',(20.567133757962,2.829304945161,7.18869056955
    ));
#1701 = VECTOR('',#1702,1.);
#1702 = DIRECTION('',(0.,-0.939692620786,0.342020143326));
#1703 = ORIENTED_EDGE('',*,*,#1704,.T.);
#1704 = EDGE_CURVE('',#1697,#1671,#1705,.T.);
#1705 = B_SPLINE_CURVE_WITH_KNOTS('',2,(#1706,#1707,#1708),
  .UNSPECIFIED.,.F.,.F.,(3,3),(0.,1.),.PIECEWISE_BEZIER_KNOTS.);
#1706 = CARTESIAN_POINT('',(20.567133757962,2.077550848533,7.46230668421
    ));
#1707 = CARTESIAN_POINT('',(20.567133757962,2.20067810013,7.800596027693
    ));
#1708 = CARTESIAN_POINT('',(20.374012738854,2.266816517655,
    7.982309836401));
#1709 = ORIENTED_EDGE('',*,*,#1670,.F.);
#1710 = SURFACE_OF_LINEAR_EXTRUSION('',#1711,#1715);
#1711 = B_SPLINE_CURVE_WITH_KNOTS('',2,(#1712,#1713,#1714),
  .UNSPECIFIED.,.F.,.F.,(3,3),(0.,1.),.PIECEWISE_BEZIER_KNOTS.);
#1712 = CARTESIAN_POINT('',(20.567133757962,2.829304945161,7.18869056955
    ));
#1713 = CARTESIAN_POINT('',(20.567133757962,2.952432196759,
    7.526979913033));
#1714 = CARTESIAN_POINT('',(20.374012738854,3.018570614283,7.70869372174
    ));
#1715 = VECTOR('',#1716,1.);
#1716 = DIRECTION('',(-0.,0.939692620786,-0.342020143326));
#1717 = ADVANCED_FACE('',(#1718),#1736,.T.);
#1718 = FACE_BOUND('',#1719,.T.);
#1719 = EDGE_LOOP('',(#1720,#1721,#1729,#1735));
#1720 = ORIENTED_EDGE('',*,*,#519,.T.);
#1721 = ORIENTED_EDGE('',*,*,#1722,.T.);
#1722 = EDGE_CURVE('',#492,#1723,#1725,.T.);
#1723 = VERTEX_POINT('',#1724);
#1724 = CARTESIAN_POINT('',(20.345477707006,1.852209678943,
    6.843186909089));
#1725 = LINE('',#1726,#1727);
#1726 = CARTESIAN_POINT('',(20.345477707006,2.603963775572,
    6.569570794428));
#1727 = VECTOR('',#1728,1.);
#1728 = DIRECTION('',(0.,-0.939692620786,0.342020143326));
#1729 = ORIENTED_EDGE('',*,*,#1730,.T.);
#1730 = EDGE_CURVE('',#1723,#1697,#1731,.T.);
#1731 = B_SPLINE_CURVE_WITH_KNOTS('',2,(#1732,#1733,#1734),
  .UNSPECIFIED.,.F.,.F.,(3,3),(0.,1.),.PIECEWISE_BEZIER_KNOTS.);
#1732 = CARTESIAN_POINT('',(20.345477707006,1.852209678943,
    6.843186909089));
#1733 = CARTESIAN_POINT('',(20.567133757962,1.966187347088,7.15633797864
    ));
#1734 = CARTESIAN_POINT('',(20.567133757962,2.077550848533,7.46230668421
    ));
#1735 = ORIENTED_EDGE('',*,*,#1696,.F.);
#1736 = SURFACE_OF_LINEAR_EXTRUSION('',#1737,#1741);
#1737 = B_SPLINE_CURVE_WITH_KNOTS('',2,(#1738,#1739,#1740),
  .UNSPECIFIED.,.F.,.F.,(3,3),(0.,1.),.PIECEWISE_BEZIER_KNOTS.);
#1738 = CARTESIAN_POINT('',(20.345477707006,2.603963775572,
    6.569570794428));
#1739 = CARTESIAN_POINT('',(20.567133757962,2.717941443717,
    6.882721863979));
#1740 = CARTESIAN_POINT('',(20.567133757962,2.829304945161,7.18869056955
    ));
#1741 = VECTOR('',#1742,1.);
#1742 = DIRECTION('',(-0.,0.939692620786,-0.342020143326));
#1743 = ADVANCED_FACE('',(#1744),#1762,.T.);
#1744 = FACE_BOUND('',#1745,.T.);
#1745 = EDGE_LOOP('',(#1746,#1747,#1755,#1761));
#1746 = ORIENTED_EDGE('',*,*,#491,.T.);
#1747 = ORIENTED_EDGE('',*,*,#1748,.T.);
#1748 = EDGE_CURVE('',#471,#1749,#1751,.T.);
#1749 = VERTEX_POINT('',#1750);
#1750 = CARTESIAN_POINT('',(19.455031847134,1.537899702643,
    5.979627346496));
#1751 = LINE('',#1752,#1753);
#1752 = CARTESIAN_POINT('',(19.455031847134,2.289653799272,
    5.706011231836));
#1753 = VECTOR('',#1754,1.);
#1754 = DIRECTION('',(0.,-0.939692620786,0.342020143326));
#1755 = ORIENTED_EDGE('',*,*,#1756,.T.);
#1756 = EDGE_CURVE('',#1749,#1723,#1757,.T.);
#1757 = B_SPLINE_CURVE_WITH_KNOTS('',2,(#1758,#1759,#1760),
  .UNSPECIFIED.,.F.,.F.,(3,3),(0.,1.),.PIECEWISE_BEZIER_KNOTS.);
#1758 = CARTESIAN_POINT('',(19.455031847134,1.537899702643,
    5.979627346496));
#1759 = CARTESIAN_POINT('',(20.181146496815,1.769689150095,
    6.616463619437));
#1760 = CARTESIAN_POINT('',(20.345477707006,1.852209678943,
    6.843186909089));
#1761 = ORIENTED_EDGE('',*,*,#1722,.F.);
#1762 = SURFACE_OF_LINEAR_EXTRUSION('',#1763,#1767);
#1763 = B_SPLINE_CURVE_WITH_KNOTS('',2,(#1764,#1765,#1766),
  .UNSPECIFIED.,.F.,.F.,(3,3),(0.,1.),.PIECEWISE_BEZIER_KNOTS.);
#1764 = CARTESIAN_POINT('',(19.455031847134,2.289653799272,
    5.706011231836));
#1765 = CARTESIAN_POINT('',(20.181146496815,2.521443246723,
    6.342847504776));
#1766 = CARTESIAN_POINT('',(20.345477707006,2.603963775572,
    6.569570794428));
#1767 = VECTOR('',#1768,1.);
#1768 = DIRECTION('',(-0.,0.939692620786,-0.342020143326));
#1769 = ADVANCED_FACE('',(#1770),#1788,.T.);
#1770 = FACE_BOUND('',#1771,.T.);
#1771 = EDGE_LOOP('',(#1772,#1773,#1781,#1787));
#1772 = ORIENTED_EDGE('',*,*,#470,.T.);
#1773 = ORIENTED_EDGE('',*,*,#1774,.T.);
#1774 = EDGE_CURVE('',#456,#1775,#1777,.T.);
#1775 = VERTEX_POINT('',#1776);
#1776 = CARTESIAN_POINT('',(18.247388535032,1.077457807781,
    4.714573637392));
#1777 = LINE('',#1778,#1779);
#1778 = CARTESIAN_POINT('',(18.247388535032,1.82921190441,4.440957522732
    ));
#1779 = VECTOR('',#1780,1.);
#1780 = DIRECTION('',(0.,-0.939692620786,0.342020143326));
#1781 = ORIENTED_EDGE('',*,*,#1782,.T.);
#1782 = EDGE_CURVE('',#1775,#1749,#1783,.T.);
#1783 = B_SPLINE_CURVE_WITH_KNOTS('',2,(#1784,#1785,#1786),
  .UNSPECIFIED.,.F.,.F.,(3,3),(0.,1.),.PIECEWISE_BEZIER_KNOTS.);
#1784 = CARTESIAN_POINT('',(18.247388535032,1.077457807781,
    4.714573637392));
#1785 = CARTESIAN_POINT('',(18.553121019108,1.2510384767,5.1914826057));
#1786 = CARTESIAN_POINT('',(19.455031847134,1.537899702643,
    5.979627346496));
#1787 = ORIENTED_EDGE('',*,*,#1748,.F.);
#1788 = SURFACE_OF_LINEAR_EXTRUSION('',#1789,#1793);
#1789 = B_SPLINE_CURVE_WITH_KNOTS('',2,(#1790,#1791,#1792),
  .UNSPECIFIED.,.F.,.F.,(3,3),(0.,1.),.PIECEWISE_BEZIER_KNOTS.);
#1790 = CARTESIAN_POINT('',(18.247388535032,1.82921190441,4.440957522732
    ));
#1791 = CARTESIAN_POINT('',(18.553121019108,2.002792573329,
    4.917866491039));
#1792 = CARTESIAN_POINT('',(19.455031847134,2.289653799272,
    5.706011231836));
#1793 = VECTOR('',#1794,1.);
#1794 = DIRECTION('',(-0.,0.939692620786,-0.342020143326));
#1795 = ADVANCED_FACE('',(#1796),#1814,.T.);
#1796 = FACE_BOUND('',#1797,.T.);
#1797 = EDGE_LOOP('',(#1798,#1799,#1807,#1813));
#1798 = ORIENTED_EDGE('',*,*,#455,.T.);
#1799 = ORIENTED_EDGE('',*,*,#1800,.T.);
#1800 = EDGE_CURVE('',#448,#1801,#1803,.T.);
#1801 = VERTEX_POINT('',#1802);
#1802 = CARTESIAN_POINT('',(17.88050955414,0.71008024746,3.705212085995)
  );
#1803 = LINE('',#1804,#1805);
#1804 = CARTESIAN_POINT('',(17.88050955414,1.461834344089,3.431595971335
    ));
#1805 = VECTOR('',#1806,1.);
#1806 = DIRECTION('',(0.,-0.939692620786,0.342020143326));
#1807 = ORIENTED_EDGE('',*,*,#1808,.T.);
#1808 = EDGE_CURVE('',#1801,#1775,#1809,.T.);
#1809 = B_SPLINE_CURVE_WITH_KNOTS('',2,(#1810,#1811,#1812),
  .UNSPECIFIED.,.F.,.F.,(3,3),(0.,1.),.PIECEWISE_BEZIER_KNOTS.);
#1810 = CARTESIAN_POINT('',(17.88050955414,0.71008024746,3.705212085995)
  );
#1811 = CARTESIAN_POINT('',(17.941656050955,0.903964277753,
    4.237904081218));
#1812 = CARTESIAN_POINT('',(18.247388535032,1.077457807781,
    4.714573637392));
#1813 = ORIENTED_EDGE('',*,*,#1774,.F.);
#1814 = SURFACE_OF_LINEAR_EXTRUSION('',#1815,#1819);
#1815 = B_SPLINE_CURVE_WITH_KNOTS('',2,(#1816,#1817,#1818),
  .UNSPECIFIED.,.F.,.F.,(3,3),(0.,1.),.PIECEWISE_BEZIER_KNOTS.);
#1816 = CARTESIAN_POINT('',(17.88050955414,1.461834344089,3.431595971335
    ));
#1817 = CARTESIAN_POINT('',(17.941656050955,1.655718374382,
    3.964287966557));
#1818 = CARTESIAN_POINT('',(18.247388535032,1.82921190441,4.440957522732
    ));
#1819 = VECTOR('',#1820,1.);
#1820 = DIRECTION('',(-0.,0.939692620786,-0.342020143326));
#1821 = ADVANCED_FACE('',(#1822),#1833,.T.);
#1822 = FACE_BOUND('',#1823,.T.);
#1823 = EDGE_LOOP('',(#1824,#1825,#1826,#1832));
#1824 = ORIENTED_EDGE('',*,*,#447,.T.);
#1825 = ORIENTED_EDGE('',*,*,#1321,.T.);
#1826 = ORIENTED_EDGE('',*,*,#1827,.T.);
#1827 = EDGE_CURVE('',#1314,#1801,#1828,.T.);
#1828 = LINE('',#1829,#1830);
#1829 = CARTESIAN_POINT('',(21.644840764331,0.71008024746,3.705212085995
    ));
#1830 = VECTOR('',#1831,1.);
#1831 = DIRECTION('',(-1.,0.,0.));
#1832 = ORIENTED_EDGE('',*,*,#1800,.F.);
#1833 = PLANE('',#1834);
#1834 = AXIS2_PLACEMENT_3D('',#1835,#1836,#1837);
#1835 = CARTESIAN_POINT('',(21.644840764331,1.461834344089,
    3.431595971335));
#1836 = DIRECTION('',(0.,-0.342020143326,-0.939692620786));
#1837 = DIRECTION('',(-1.,0.,0.));
#1838 = ADVANCED_FACE('',(#1839),#1864,.F.);
#1839 = FACE_BOUND('',#1840,.F.);
#1840 = EDGE_LOOP('',(#1841,#1849,#1857,#1863));
#1841 = ORIENTED_EDGE('',*,*,#1842,.F.);
#1842 = EDGE_CURVE('',#1843,#284,#1845,.T.);
#1843 = VERTEX_POINT('',#1844);
#1844 = CARTESIAN_POINT('',(47.,18.9,0.));
#1845 = LINE('',#1846,#1847);
#1846 = CARTESIAN_POINT('',(47.,18.9,0.));
#1847 = VECTOR('',#1848,1.);
#1848 = DIRECTION('',(-0.971520338783,-0.236956180191,0.));
#1849 = ORIENTED_EDGE('',*,*,#1850,.T.);
#1850 = EDGE_CURVE('',#1843,#1851,#1853,.T.);
#1851 = VERTEX_POINT('',#1852);
#1852 = CARTESIAN_POINT('',(47.,18.9,10.));
#1853 = LINE('',#1854,#1855);
#1854 = CARTESIAN_POINT('',(47.,18.9,0.));
#1855 = VECTOR('',#1856,1.);
#1856 = DIRECTION('',(0.,0.,1.));
#1857 = ORIENTED_EDGE('',*,*,#1858,.T.);
#1858 = EDGE_CURVE('',#1851,#95,#1859,.T.);
#1859 = LINE('',#1860,#1861);
#1860 = CARTESIAN_POINT('',(47.,18.9,10.));
#1861 = VECTOR('',#1862,1.);
#1862 = DIRECTION('',(-0.971520338783,-0.236956180191,0.));
#1863 = ORIENTED_EDGE('',*,*,#843,.T.);
#1864 = PLANE('',#1865);
#1865 = AXIS2_PLACEMENT_3D('',#1866,#1867,#1868);
#1866 = CARTESIAN_POINT('',(47.,18.9,0.));
#1867 = DIRECTION('',(0.236956180191,-0.971520338783,0.));
#1868 = DIRECTION('',(-0.971520338783,-0.236956180191,0.));
#1869 = ADVANCED_FACE('',(#1870),#1888,.T.);
#1870 = FACE_BOUND('',#1871,.T.);
#1871 = EDGE_LOOP('',(#1872,#1873,#1881,#1887));
#1872 = ORIENTED_EDGE('',*,*,#860,.F.);
#1873 = ORIENTED_EDGE('',*,*,#1874,.T.);
#1874 = EDGE_CURVE('',#71,#1875,#1877,.T.);
#1875 = VERTEX_POINT('',#1876);
#1876 = CARTESIAN_POINT('',(47.,12.9,10.));
#1877 = LINE('',#1878,#1879);
#1878 = CARTESIAN_POINT('',(42.9,13.9,10.));
#1879 = VECTOR('',#1880,1.);
#1880 = DIRECTION('',(0.971520338783,-0.236956180191,0.));
#1881 = ORIENTED_EDGE('',*,*,#1882,.T.);
#1882 = EDGE_CURVE('',#1875,#1851,#1883,.T.);
#1883 = LINE('',#1884,#1885);
#1884 = CARTESIAN_POINT('',(47.,12.9,10.));
#1885 = VECTOR('',#1886,1.);
#1886 = DIRECTION('',(0.,1.,0.));
#1887 = ORIENTED_EDGE('',*,*,#1858,.T.);
#1888 = PLANE('',#1889);
#1889 = AXIS2_PLACEMENT_3D('',#1890,#1891,#1892);
#1890 = CARTESIAN_POINT('',(45.172338161771,15.9,10.));
#1891 = DIRECTION('',(0.,0.,1.));
#1892 = DIRECTION('',(1.,0.,0.));
#1893 = ADVANCED_FACE('',(#1894),#1912,.F.);
#1894 = FACE_BOUND('',#1895,.F.);
#1895 = EDGE_LOOP('',(#1896,#1904,#1905,#1906));
#1896 = ORIENTED_EDGE('',*,*,#1897,.F.);
#1897 = EDGE_CURVE('',#260,#1898,#1900,.T.);
#1898 = VERTEX_POINT('',#1899);
#1899 = CARTESIAN_POINT('',(47.,12.9,0.));
#1900 = LINE('',#1901,#1902);
#1901 = CARTESIAN_POINT('',(42.9,13.9,0.));
#1902 = VECTOR('',#1903,1.);
#1903 = DIRECTION('',(0.971520338783,-0.236956180191,0.));
#1904 = ORIENTED_EDGE('',*,*,#879,.T.);
#1905 = ORIENTED_EDGE('',*,*,#1874,.T.);
#1906 = ORIENTED_EDGE('',*,*,#1907,.F.);
#1907 = EDGE_CURVE('',#1898,#1875,#1908,.T.);
#1908 = LINE('',#1909,#1910);
#1909 = CARTESIAN_POINT('',(47.,12.9,0.));
#1910 = VECTOR('',#1911,1.);
#1911 = DIRECTION('',(0.,0.,1.));
#1912 = PLANE('',#1913);
#1913 = AXIS2_PLACEMENT_3D('',#1914,#1915,#1916);
#1914 = CARTESIAN_POINT('',(42.9,13.9,0.));
#1915 = DIRECTION('',(0.236956180191,0.971520338783,0.));
#1916 = DIRECTION('',(0.971520338783,-0.236956180191,0.));
#1917 = ADVANCED_FACE('',(#1918),#1944,.T.);
#1918 = FACE_BOUND('',#1919,.T.);
#1919 = EDGE_LOOP('',(#1920,#1928,#1929,#1937));
#1920 = ORIENTED_EDGE('',*,*,#1921,.F.);
#1921 = EDGE_CURVE('',#894,#1922,#1924,.T.);
#1922 = VERTEX_POINT('',#1923);
#1923 = CARTESIAN_POINT('',(16.6,37.86,21.));
#1924 = LINE('',#1925,#1926);
#1925 = CARTESIAN_POINT('',(16.6,38.11,20.75));
#1926 = VECTOR('',#1927,1.);
#1927 = DIRECTION('',(-2.90882763039E-35,-0.707106781187,0.707106781187)
  );
#1928 = ORIENTED_EDGE('',*,*,#910,.T.);
#1929 = ORIENTED_EDGE('',*,*,#1930,.T.);
#1930 = EDGE_CURVE('',#903,#1931,#1933,.T.);
#1931 = VERTEX_POINT('',#1932);
#1932 = CARTESIAN_POINT('',(16.5,37.76,21.));
#1933 = LINE('',#1934,#1935);
#1934 = CARTESIAN_POINT('',(16.,37.76,20.5));
#1935 = VECTOR('',#1936,1.);
#1936 = DIRECTION('',(0.707106781187,-4.329780281177E-17,0.707106781187)
  );
#1937 = ORIENTED_EDGE('',*,*,#1938,.F.);
#1938 = EDGE_CURVE('',#1922,#1931,#1939,.T.);
#1939 = CIRCLE('',#1940,1.E-01);
#1940 = AXIS2_PLACEMENT_3D('',#1941,#1942,#1943);
#1941 = CARTESIAN_POINT('',(16.6,37.76,21.));
#1942 = DIRECTION('',(0.,-0.,1.));
#1943 = DIRECTION('',(0.,1.,0.));
#1944 = CONICAL_SURFACE('',#1945,0.6,0.785398163397);
#1945 = AXIS2_PLACEMENT_3D('',#1946,#1947,#1948);
#1946 = CARTESIAN_POINT('',(16.6,37.76,20.5));
#1947 = DIRECTION('',(-0.,-0.,-1.));
#1948 = DIRECTION('',(0.,1.,0.));
#1949 = ADVANCED_FACE('',(#1950),#1968,.F.);
#1950 = FACE_BOUND('',#1951,.T.);
#1951 = EDGE_LOOP('',(#1952,#1960,#1961,#1962));
#1952 = ORIENTED_EDGE('',*,*,#1953,.F.);
#1953 = EDGE_CURVE('',#927,#1954,#1956,.T.);
#1954 = VERTEX_POINT('',#1955);
#1955 = CARTESIAN_POINT('',(26.4,37.86,21.));
#1956 = LINE('',#1957,#1958);
#1957 = CARTESIAN_POINT('',(26.4,38.11,20.75));
#1958 = VECTOR('',#1959,1.);
#1959 = DIRECTION('',(-2.90882763039E-35,-0.707106781187,0.707106781187)
  );
#1960 = ORIENTED_EDGE('',*,*,#934,.T.);
#1961 = ORIENTED_EDGE('',*,*,#1921,.T.);
#1962 = ORIENTED_EDGE('',*,*,#1963,.F.);
#1963 = EDGE_CURVE('',#1954,#1922,#1964,.T.);
#1964 = LINE('',#1965,#1966);
#1965 = CARTESIAN_POINT('',(26.4,37.86,21.));
#1966 = VECTOR('',#1967,1.);
#1967 = DIRECTION('',(-1.,0.,0.));
#1968 = PLANE('',#1969);
#1969 = AXIS2_PLACEMENT_3D('',#1970,#1971,#1972);
#1970 = CARTESIAN_POINT('',(26.4,38.11,20.75));
#1971 = DIRECTION('',(-1.889513820523E-18,-0.707106781187,
    -0.707106781187));
#1972 = DIRECTION('',(1.,-1.336088035637E-18,-1.336088035637E-18));
#1973 = ADVANCED_FACE('',(#1974),#1992,.F.);
#1974 = FACE_BOUND('',#1975,.T.);
#1975 = EDGE_LOOP('',(#1976,#1977,#1978,#1986));
#1976 = ORIENTED_EDGE('',*,*,#1930,.F.);
#1977 = ORIENTED_EDGE('',*,*,#951,.T.);
#1978 = ORIENTED_EDGE('',*,*,#1979,.T.);
#1979 = EDGE_CURVE('',#952,#1980,#1982,.T.);
#1980 = VERTEX_POINT('',#1981);
#1981 = CARTESIAN_POINT('',(16.5,27.96,21.));
#1982 = LINE('',#1983,#1984);
#1983 = CARTESIAN_POINT('',(16.25,27.96,20.75));
#1984 = VECTOR('',#1985,1.);
#1985 = DIRECTION('',(0.707106781187,-2.90882763039E-35,0.707106781187)
  );
#1986 = ORIENTED_EDGE('',*,*,#1987,.F.);
#1987 = EDGE_CURVE('',#1931,#1980,#1988,.T.);
#1988 = LINE('',#1989,#1990);
#1989 = CARTESIAN_POINT('',(16.5,37.76,21.));
#1990 = VECTOR('',#1991,1.);
#1991 = DIRECTION('',(0.,-1.,0.));
#1992 = PLANE('',#1993);
#1993 = AXIS2_PLACEMENT_3D('',#1994,#1995,#1996);
#1994 = CARTESIAN_POINT('',(16.25,37.76,20.75));
#1995 = DIRECTION('',(0.707106781187,1.889513820523E-18,-0.707106781187)
  );
#1996 = DIRECTION('',(-1.336088035637E-18,1.,1.336088035637E-18));
#1997 = ADVANCED_FACE('',(#1998),#2017,.T.);
#1998 = FACE_BOUND('',#1999,.T.);
#1999 = EDGE_LOOP('',(#2000,#2008,#2009,#2010));
#2000 = ORIENTED_EDGE('',*,*,#2001,.F.);
#2001 = EDGE_CURVE('',#976,#2002,#2004,.T.);
#2002 = VERTEX_POINT('',#2003);
#2003 = CARTESIAN_POINT('',(26.5,37.76,21.));
#2004 = LINE('',#2005,#2006);
#2005 = CARTESIAN_POINT('',(26.75,37.76,20.75));
#2006 = VECTOR('',#2007,1.);
#2007 = DIRECTION('',(-0.707106781187,2.90882763039E-35,0.707106781187)
  );
#2008 = ORIENTED_EDGE('',*,*,#983,.T.);
#2009 = ORIENTED_EDGE('',*,*,#1953,.T.);
#2010 = ORIENTED_EDGE('',*,*,#2011,.F.);
#2011 = EDGE_CURVE('',#2002,#1954,#2012,.T.);
#2012 = CIRCLE('',#2013,1.E-01);
#2013 = AXIS2_PLACEMENT_3D('',#2014,#2015,#2016);
#2014 = CARTESIAN_POINT('',(26.4,37.76,21.));
#2015 = DIRECTION('',(0.,0.,1.));
#2016 = DIRECTION('',(1.,0.,0.));
#2017 = CONICAL_SURFACE('',#2018,0.6,0.785398163397);
#2018 = AXIS2_PLACEMENT_3D('',#2019,#2020,#2021);
#2019 = CARTESIAN_POINT('',(26.4,37.76,20.5));
#2020 = DIRECTION('',(-0.,-0.,-1.));
#2021 = DIRECTION('',(1.,0.,0.));
#2022 = ADVANCED_FACE('',(#2023),#2042,.T.);
#2023 = FACE_BOUND('',#2024,.T.);
#2024 = EDGE_LOOP('',(#2025,#2026,#2027,#2035));
#2025 = ORIENTED_EDGE('',*,*,#1979,.F.);
#2026 = ORIENTED_EDGE('',*,*,#1008,.T.);
#2027 = ORIENTED_EDGE('',*,*,#2028,.T.);
#2028 = EDGE_CURVE('',#1001,#2029,#2031,.T.);
#2029 = VERTEX_POINT('',#2030);
#2030 = CARTESIAN_POINT('',(16.6,27.86,21.));
#2031 = LINE('',#2032,#2033);
#2032 = CARTESIAN_POINT('',(16.6,27.36,20.5));
#2033 = VECTOR('',#2034,1.);
#2034 = DIRECTION('',(4.329780281177E-17,0.707106781187,0.707106781187)
  );
#2035 = ORIENTED_EDGE('',*,*,#2036,.F.);
#2036 = EDGE_CURVE('',#1980,#2029,#2037,.T.);
#2037 = CIRCLE('',#2038,1.E-01);
#2038 = AXIS2_PLACEMENT_3D('',#2039,#2040,#2041);
#2039 = CARTESIAN_POINT('',(16.6,27.96,21.));
#2040 = DIRECTION('',(0.,0.,1.));
#2041 = DIRECTION('',(-1.,0.,0.));
#2042 = CONICAL_SURFACE('',#2043,0.6,0.785398163397);
#2043 = AXIS2_PLACEMENT_3D('',#2044,#2045,#2046);
#2044 = CARTESIAN_POINT('',(16.6,27.96,20.5));
#2045 = DIRECTION('',(-0.,-0.,-1.));
#2046 = DIRECTION('',(-1.,0.,0.));
#2047 = ADVANCED_FACE('',(#2048),#2066,.F.);
#2048 = FACE_BOUND('',#2049,.T.);
#2049 = EDGE_LOOP('',(#2050,#2058,#2059,#2060));
#2050 = ORIENTED_EDGE('',*,*,#2051,.F.);
#2051 = EDGE_CURVE('',#1025,#2052,#2054,.T.);
#2052 = VERTEX_POINT('',#2053);
#2053 = CARTESIAN_POINT('',(26.5,27.96,21.));
#2054 = LINE('',#2055,#2056);
#2055 = CARTESIAN_POINT('',(27.,27.96,20.5));
#2056 = VECTOR('',#2057,1.);
#2057 = DIRECTION('',(-0.707106781187,4.329780281177E-17,0.707106781187)
  );
#2058 = ORIENTED_EDGE('',*,*,#1032,.T.);
#2059 = ORIENTED_EDGE('',*,*,#2001,.T.);
#2060 = ORIENTED_EDGE('',*,*,#2061,.F.);
#2061 = EDGE_CURVE('',#2052,#2002,#2062,.T.);
#2062 = LINE('',#2063,#2064);
#2063 = CARTESIAN_POINT('',(26.5,27.96,21.));
#2064 = VECTOR('',#2065,1.);
#2065 = DIRECTION('',(0.,1.,0.));
#2066 = PLANE('',#2067);
#2067 = AXIS2_PLACEMENT_3D('',#2068,#2069,#2070);
#2068 = CARTESIAN_POINT('',(26.75,27.96,20.75));
#2069 = DIRECTION('',(-0.707106781187,-1.889513820523E-18,
    -0.707106781187));
#2070 = DIRECTION('',(1.336088035637E-18,-1.,1.336088035637E-18));
#2071 = ADVANCED_FACE('',(#2072),#2090,.F.);
#2072 = FACE_BOUND('',#2073,.T.);
#2073 = EDGE_LOOP('',(#2074,#2075,#2076,#2084));
#2074 = ORIENTED_EDGE('',*,*,#2028,.F.);
#2075 = ORIENTED_EDGE('',*,*,#1049,.T.);
#2076 = ORIENTED_EDGE('',*,*,#2077,.T.);
#2077 = EDGE_CURVE('',#1050,#2078,#2080,.T.);
#2078 = VERTEX_POINT('',#2079);
#2079 = CARTESIAN_POINT('',(26.4,27.86,21.));
#2080 = LINE('',#2081,#2082);
#2081 = CARTESIAN_POINT('',(26.4,27.61,20.75));
#2082 = VECTOR('',#2083,1.);
#2083 = DIRECTION('',(2.90882763039E-35,0.707106781187,0.707106781187));
#2084 = ORIENTED_EDGE('',*,*,#2085,.F.);
#2085 = EDGE_CURVE('',#2029,#2078,#2086,.T.);
#2086 = LINE('',#2087,#2088);
#2087 = CARTESIAN_POINT('',(16.6,27.86,21.));
#2088 = VECTOR('',#2089,1.);
#2089 = DIRECTION('',(1.,0.,0.));
#2090 = PLANE('',#2091);
#2091 = AXIS2_PLACEMENT_3D('',#2092,#2093,#2094);
#2092 = CARTESIAN_POINT('',(16.6,27.61,20.75));
#2093 = DIRECTION('',(1.889513820523E-18,0.707106781187,-0.707106781187)
  );
#2094 = DIRECTION('',(-1.,1.336088035637E-18,-1.336088035637E-18));
#2095 = ADVANCED_FACE('',(#2096),#2108,.T.);
#2096 = FACE_BOUND('',#2097,.T.);
#2097 = EDGE_LOOP('',(#2098,#2099,#2100,#2101));
#2098 = ORIENTED_EDGE('',*,*,#2077,.F.);
#2099 = ORIENTED_EDGE('',*,*,#1074,.T.);
#2100 = ORIENTED_EDGE('',*,*,#2051,.T.);
#2101 = ORIENTED_EDGE('',*,*,#2102,.F.);
#2102 = EDGE_CURVE('',#2078,#2052,#2103,.T.);
#2103 = CIRCLE('',#2104,1.E-01);
#2104 = AXIS2_PLACEMENT_3D('',#2105,#2106,#2107);
#2105 = CARTESIAN_POINT('',(26.4,27.96,21.));
#2106 = DIRECTION('',(-0.,0.,1.));
#2107 = DIRECTION('',(0.,-1.,0.));
#2108 = CONICAL_SURFACE('',#2109,0.6,0.785398163397);
#2109 = AXIS2_PLACEMENT_3D('',#2110,#2111,#2112);
#2110 = CARTESIAN_POINT('',(26.4,27.96,20.5));
#2111 = DIRECTION('',(-0.,-0.,-1.));
#2112 = DIRECTION('',(0.,-1.,0.));
#2113 = ADVANCED_FACE('',(#2114),#2125,.F.);
#2114 = FACE_BOUND('',#2115,.F.);
#2115 = EDGE_LOOP('',(#2116,#2117,#2118,#2124));
#2116 = ORIENTED_EDGE('',*,*,#1090,.F.);
#2117 = ORIENTED_EDGE('',*,*,#1897,.T.);
#2118 = ORIENTED_EDGE('',*,*,#2119,.T.);
#2119 = EDGE_CURVE('',#1898,#1843,#2120,.T.);
#2120 = LINE('',#2121,#2122);
#2121 = CARTESIAN_POINT('',(47.,12.9,0.));
#2122 = VECTOR('',#2123,1.);
#2123 = DIRECTION('',(0.,1.,0.));
#2124 = ORIENTED_EDGE('',*,*,#1842,.T.);
#2125 = PLANE('',#2126);
#2126 = AXIS2_PLACEMENT_3D('',#2127,#2128,#2129);
#2127 = CARTESIAN_POINT('',(45.172338161771,15.9,0.));
#2128 = DIRECTION('',(0.,0.,1.));
#2129 = DIRECTION('',(1.,0.,0.));
#2130 = ADVANCED_FACE('',(#2131),#2141,.T.);
#2131 = FACE_BOUND('',#2132,.F.);
#2132 = EDGE_LOOP('',(#2133,#2134,#2135,#2136,#2137,#2138,#2139,#2140));
#2133 = ORIENTED_EDGE('',*,*,#1115,.T.);
#2134 = ORIENTED_EDGE('',*,*,#1289,.T.);
#2135 = ORIENTED_EDGE('',*,*,#1270,.T.);
#2136 = ORIENTED_EDGE('',*,*,#1246,.T.);
#2137 = ORIENTED_EDGE('',*,*,#1220,.T.);
#2138 = ORIENTED_EDGE('',*,*,#1194,.T.);
#2139 = ORIENTED_EDGE('',*,*,#1170,.T.);
#2140 = ORIENTED_EDGE('',*,*,#1146,.T.);
#2141 = PLANE('',#2142);
#2142 = AXIS2_PLACEMENT_3D('',#2143,#2144,#2145);
#2143 = CARTESIAN_POINT('',(24.268201597826,1.73316222789,6.516106725477
    ));
#2144 = DIRECTION('',(0.,-0.939692620786,0.342020143326));
#2145 = DIRECTION('',(1.,0.,0.));
#2146 = ADVANCED_FACE('',(#2147),#2170,.T.);
#2147 = FACE_BOUND('',#2148,.F.);
#2148 = EDGE_LOOP('',(#2149,#2150,#2151,#2152,#2153,#2154,#2155,#2156,
    #2157,#2158,#2159,#2160,#2161,#2162,#2163,#2164,#2165,#2166,#2167,
    #2168,#2169));
#2149 = ORIENTED_EDGE('',*,*,#1313,.T.);
#2150 = ORIENTED_EDGE('',*,*,#1827,.T.);
#2151 = ORIENTED_EDGE('',*,*,#1808,.T.);
#2152 = ORIENTED_EDGE('',*,*,#1782,.T.);
#2153 = ORIENTED_EDGE('',*,*,#1756,.T.);
#2154 = ORIENTED_EDGE('',*,*,#1730,.T.);
#2155 = ORIENTED_EDGE('',*,*,#1704,.T.);
#2156 = ORIENTED_EDGE('',*,*,#1678,.T.);
#2157 = ORIENTED_EDGE('',*,*,#1652,.T.);
#2158 = ORIENTED_EDGE('',*,*,#1626,.T.);
#2159 = ORIENTED_EDGE('',*,*,#1602,.T.);
#2160 = ORIENTED_EDGE('',*,*,#1576,.T.);
#2161 = ORIENTED_EDGE('',*,*,#1550,.T.);
#2162 = ORIENTED_EDGE('',*,*,#1524,.T.);
#2163 = ORIENTED_EDGE('',*,*,#1498,.T.);
#2164 = ORIENTED_EDGE('',*,*,#1472,.T.);
#2165 = ORIENTED_EDGE('',*,*,#1446,.T.);
#2166 = ORIENTED_EDGE('',*,*,#1420,.T.);
#2167 = ORIENTED_EDGE('',*,*,#1394,.T.);
#2168 = ORIENTED_EDGE('',*,*,#1368,.T.);
#2169 = ORIENTED_EDGE('',*,*,#1344,.T.);
#2170 = PLANE('',#2171);
#2171 = AXIS2_PLACEMENT_3D('',#2172,#2173,#2174);
#2172 = CARTESIAN_POINT('',(19.906219501212,1.609944891634,6.17756987643
    ));
#2173 = DIRECTION('',(0.,-0.939692620786,0.342020143326));
#2174 = DIRECTION('',(1.,0.,0.));
#2175 = ADVANCED_FACE('',(#2176),#2182,.F.);
#2176 = FACE_BOUND('',#2177,.F.);
#2177 = EDGE_LOOP('',(#2178,#2179,#2180,#2181));
#2178 = ORIENTED_EDGE('',*,*,#1907,.T.);
#2179 = ORIENTED_EDGE('',*,*,#1882,.T.);
#2180 = ORIENTED_EDGE('',*,*,#1850,.F.);
#2181 = ORIENTED_EDGE('',*,*,#2119,.F.);
#2182 = PLANE('',#2183);
#2183 = AXIS2_PLACEMENT_3D('',#2184,#2185,#2186);
#2184 = CARTESIAN_POINT('',(47.,12.9,0.));
#2185 = DIRECTION('',(-1.,0.,0.));
#2186 = DIRECTION('',(0.,1.,0.));
#2187 = ADVANCED_FACE('',(#2188),#2198,.T.);
#2188 = FACE_BOUND('',#2189,.T.);
#2189 = EDGE_LOOP('',(#2190,#2191,#2192,#2193,#2194,#2195,#2196,#2197));
#2190 = ORIENTED_EDGE('',*,*,#1963,.T.);
#2191 = ORIENTED_EDGE('',*,*,#1938,.T.);
#2192 = ORIENTED_EDGE('',*,*,#1987,.T.);
#2193 = ORIENTED_EDGE('',*,*,#2036,.T.);
#2194 = ORIENTED_EDGE('',*,*,#2085,.T.);
#2195 = ORIENTED_EDGE('',*,*,#2102,.T.);
#2196 = ORIENTED_EDGE('',*,*,#2061,.T.);
#2197 = ORIENTED_EDGE('',*,*,#2011,.T.);
#2198 = PLANE('',#2199);
#2199 = AXIS2_PLACEMENT_3D('',#2200,#2201,#2202);
#2200 = CARTESIAN_POINT('',(21.5,32.86,21.));
#2201 = DIRECTION('',(0.,0.,1.));
#2202 = DIRECTION('',(1.,0.,0.));
#2203 = ( GEOMETRIC_REPRESENTATION_CONTEXT(3) 
GLOBAL_UNCERTAINTY_ASSIGNED_CONTEXT((#2207)) 
GLOBAL_UNIT_ASSIGNED_CONTEXT((#2204,#2205,#2206)) REPRESENTATION_CONTEXT
('Context #1','3D Context with UNIT and UNCERTAINTY') );
#2204 = ( LENGTH_UNIT() NAMED_UNIT(*) SI_UNIT(.MILLI.,.METRE.) );
#2205 = ( NAMED_UNIT(*) PLANE_ANGLE_UNIT() SI_UNIT($,.RADIAN.) );
#2206 = ( NAMED_UNIT(*) SI_UNIT($,.STERADIAN.) SOLID_ANGLE_UNIT() );
#2207 = UNCERTAINTY_MEASURE_WITH_UNIT(LENGTH_MEASURE(1.E-06),#2204,
  'distance_accuracy_value','confusion accuracy');
#2208 = PRODUCT_RELATED_PRODUCT_CATEGORY('part',$,(#7));
ENDSEC;
END-ISO-10303-21;
