ISO-10303-21;
HEADER;
FILE_DESCRIPTION(('FreeCAD Model'),'2;1');
FILE_NAME('Open CASCADE Shape Model','2026-08-31T21:04:16',('FreeCAD'),(
    'FreeCAD'),'Open CASCADE STEP processor 7.8','FreeCAD','Unknown');
FILE_SCHEMA(('AUTOMOTIVE_DESIGN { 1 0 10303 214 1 1 1 1 }'));
ENDSEC;
DATA;
#1 = APPLICATION_PROTOCOL_DEFINITION('international standard',
  'automotive_design',2000,#2);
#2 = APPLICATION_CONTEXT(
  'core data for automotive mechanical design processes');
#3 = SHAPE_DEFINITION_REPRESENTATION(#4,#10);
#4 = PRODUCT_DEFINITION_SHAPE('','',#5);
#5 = PRODUCT_DEFINITION('design','',#6,#9);
#6 = PRODUCT_DEFINITION_FORMATION('','',#7);
#7 = PRODUCT('Open CASCADE STEP translator 7.8 28',
  'Open CASCADE STEP translator 7.8 28','',(#8));
#8 = PRODUCT_CONTEXT('',#2,'mechanical');
#9 = PRODUCT_DEFINITION_CONTEXT('part definition',#2,'design');
#10 = ADVANCED_BREP_SHAPE_REPRESENTATION('',(#11,#15),#2311);
#11 = AXIS2_PLACEMENT_3D('',#12,#13,#14);
#12 = CARTESIAN_POINT('',(0.,0.,0.));
#13 = DIRECTION('',(0.,0.,1.));
#14 = DIRECTION('',(1.,0.,-0.));
#15 = MANIFOLD_SOLID_BREP('',#16);
#16 = CLOSED_SHELL('',(#17,#57,#222,#246,#334,#772,#789,#806,#823,#840,
    #857,#874,#891,#923,#947,#971,#996,#1021,#1045,#1069,#1087,#1104,
    #1135,#1159,#1183,#1207,#1231,#1255,#1279,#1303,#1327,#1351,#1368,
    #1399,#1423,#1449,#1475,#1501,#1527,#1553,#1579,#1605,#1631,#1657,
    #1681,#1707,#1733,#1759,#1785,#1811,#1837,#1863,#1889,#1906,#1937,
    #1961,#1985,#2017,#2041,#2065,#2090,#2115,#2139,#2163,#2181,#2198,
    #2243,#2272,#2284,#2300));
#17 = ADVANCED_FACE('',(#18),#52,.F.);
#18 = FACE_BOUND('',#19,.F.);
#19 = EDGE_LOOP('',(#20,#30,#38,#46));
#20 = ORIENTED_EDGE('',*,*,#21,.F.);
#21 = EDGE_CURVE('',#22,#24,#26,.T.);
#22 = VERTEX_POINT('',#23);
#23 = CARTESIAN_POINT('',(0.,3.639702342662,10.));
#24 = VERTEX_POINT('',#25);
#25 = CARTESIAN_POINT('',(0.,13.75,10.));
#26 = LINE('',#27,#28);
#27 = CARTESIAN_POINT('',(0.,0.,10.));
#28 = VECTOR('',#29,1.);
#29 = DIRECTION('',(0.,1.,0.));
#30 = ORIENTED_EDGE('',*,*,#31,.T.);
#31 = EDGE_CURVE('',#22,#32,#34,.T.);
#32 = VERTEX_POINT('',#33);
#33 = CARTESIAN_POINT('',(0.,0.,0.));
#34 = LINE('',#35,#36);
#35 = CARTESIAN_POINT('',(0.,0.,0.));
#36 = VECTOR('',#37,1.);
#37 = DIRECTION('',(0.,-0.342020143326,-0.939692620786));
#38 = ORIENTED_EDGE('',*,*,#39,.T.);
#39 = EDGE_CURVE('',#32,#40,#42,.T.);
#40 = VERTEX_POINT('',#41);
#41 = CARTESIAN_POINT('',(0.,13.75,0.));
#42 = LINE('',#43,#44);
#43 = CARTESIAN_POINT('',(0.,0.,0.));
#44 = VECTOR('',#45,1.);
#45 = DIRECTION('',(0.,1.,0.));
#46 = ORIENTED_EDGE('',*,*,#47,.T.);
#47 = EDGE_CURVE('',#40,#24,#48,.T.);
#48 = LINE('',#49,#50);
#49 = CARTESIAN_POINT('',(0.,13.75,-1.));
#50 = VECTOR('',#51,1.);
#51 = DIRECTION('',(0.,0.,1.));
#52 = PLANE('',#53);
#53 = AXIS2_PLACEMENT_3D('',#54,#55,#56);
#54 = CARTESIAN_POINT('',(0.,0.,0.));
#55 = DIRECTION('',(1.,0.,0.));
#56 = DIRECTION('',(0.,0.,1.));
#57 = ADVANCED_FACE('',(#58,#147),#217,.T.);
#58 = FACE_BOUND('',#59,.T.);
#59 = EDGE_LOOP('',(#60,#61,#69,#77,#85,#93,#101,#109,#117,#125,#133,
    #141));
#60 = ORIENTED_EDGE('',*,*,#21,.F.);
#61 = ORIENTED_EDGE('',*,*,#62,.T.);
#62 = EDGE_CURVE('',#22,#63,#65,.T.);
#63 = VERTEX_POINT('',#64);
#64 = CARTESIAN_POINT('',(43.,3.639702342662,10.));
#65 = LINE('',#66,#67);
#66 = CARTESIAN_POINT('',(-1.,3.639702342662,10.));
#67 = VECTOR('',#68,1.);
#68 = DIRECTION('',(1.,0.,0.));
#69 = ORIENTED_EDGE('',*,*,#70,.T.);
#70 = EDGE_CURVE('',#63,#71,#73,.T.);
#71 = VERTEX_POINT('',#72);
#72 = CARTESIAN_POINT('',(43.,13.875609756098,10.));
#73 = LINE('',#74,#75);
#74 = CARTESIAN_POINT('',(43.,0.,10.));
#75 = VECTOR('',#76,1.);
#76 = DIRECTION('',(0.,1.,0.));
#77 = ORIENTED_EDGE('',*,*,#78,.F.);
#78 = EDGE_CURVE('',#79,#71,#81,.T.);
#79 = VERTEX_POINT('',#80);
#80 = CARTESIAN_POINT('',(42.9,13.9,10.));
#81 = LINE('',#82,#83);
#82 = CARTESIAN_POINT('',(42.9,13.9,10.));
#83 = VECTOR('',#84,1.);
#84 = DIRECTION('',(0.971520338783,-0.236956180191,0.));
#85 = ORIENTED_EDGE('',*,*,#86,.F.);
#86 = EDGE_CURVE('',#87,#79,#89,.T.);
#87 = VERTEX_POINT('',#88);
#88 = CARTESIAN_POINT('',(42.9,17.9,10.));
#89 = LINE('',#90,#91);
#90 = CARTESIAN_POINT('',(42.9,17.9,10.));
#91 = VECTOR('',#92,1.);
#92 = DIRECTION('',(0.,-1.,0.));
#93 = ORIENTED_EDGE('',*,*,#94,.F.);
#94 = EDGE_CURVE('',#95,#87,#97,.T.);
#95 = VERTEX_POINT('',#96);
#96 = CARTESIAN_POINT('',(43.,17.924390243902,10.));
#97 = LINE('',#98,#99);
#98 = CARTESIAN_POINT('',(47.,18.9,10.));
#99 = VECTOR('',#100,1.);
#100 = DIRECTION('',(-0.971520338783,-0.236956180191,0.));
#101 = ORIENTED_EDGE('',*,*,#102,.T.);
#102 = EDGE_CURVE('',#95,#103,#105,.T.);
#103 = VERTEX_POINT('',#104);
#104 = CARTESIAN_POINT('',(43.,53.,10.));
#105 = LINE('',#106,#107);
#106 = CARTESIAN_POINT('',(43.,0.,10.));
#107 = VECTOR('',#108,1.);
#108 = DIRECTION('',(0.,1.,0.));
#109 = ORIENTED_EDGE('',*,*,#110,.F.);
#110 = EDGE_CURVE('',#111,#103,#113,.T.);
#111 = VERTEX_POINT('',#112);
#112 = CARTESIAN_POINT('',(0.,53.,10.));
#113 = LINE('',#114,#115);
#114 = CARTESIAN_POINT('',(0.,53.,10.));
#115 = VECTOR('',#116,1.);
#116 = DIRECTION('',(1.,0.,0.));
#117 = ORIENTED_EDGE('',*,*,#118,.F.);
#118 = EDGE_CURVE('',#119,#111,#121,.T.);
#119 = VERTEX_POINT('',#120);
#120 = CARTESIAN_POINT('',(0.,18.05,10.));
#121 = LINE('',#122,#123);
#122 = CARTESIAN_POINT('',(0.,0.,10.));
#123 = VECTOR('',#124,1.);
#124 = DIRECTION('',(0.,1.,0.));
#125 = ORIENTED_EDGE('',*,*,#126,.T.);
#126 = EDGE_CURVE('',#119,#127,#129,.T.);
#127 = VERTEX_POINT('',#128);
#128 = CARTESIAN_POINT('',(4.,19.05,10.));
#129 = LINE('',#130,#131);
#130 = CARTESIAN_POINT('',(-0.123529411765,18.019117647059,10.));
#131 = VECTOR('',#132,1.);
#132 = DIRECTION('',(0.970142500145,0.242535625036,0.));
#133 = ORIENTED_EDGE('',*,*,#134,.T.);
#134 = EDGE_CURVE('',#127,#135,#137,.T.);
#135 = VERTEX_POINT('',#136);
#136 = CARTESIAN_POINT('',(4.,12.75,10.));
#137 = LINE('',#138,#139);
#138 = CARTESIAN_POINT('',(4.,6.375,10.));
#139 = VECTOR('',#140,1.);
#140 = DIRECTION('',(0.,-1.,0.));
#141 = ORIENTED_EDGE('',*,*,#142,.T.);
#142 = EDGE_CURVE('',#135,#24,#143,.T.);
#143 = LINE('',#144,#145);
#144 = CARTESIAN_POINT('',(1.617647058824,13.345588235294,10.));
#145 = VECTOR('',#146,1.);
#146 = DIRECTION('',(-0.970142500145,0.242535625036,0.));
#147 = FACE_BOUND('',#148,.T.);
#148 = EDGE_LOOP('',(#149,#160,#168,#177,#185,#194,#202,#211));
#149 = ORIENTED_EDGE('',*,*,#150,.F.);
#150 = EDGE_CURVE('',#151,#153,#155,.T.);
#151 = VERTEX_POINT('',#152);
#152 = CARTESIAN_POINT('',(16.6,38.36,10.));
#153 = VERTEX_POINT('',#154);
#154 = CARTESIAN_POINT('',(16.,37.76,10.));
#155 = CIRCLE('',#156,0.6);
#156 = AXIS2_PLACEMENT_3D('',#157,#158,#159);
#157 = CARTESIAN_POINT('',(16.6,37.76,10.));
#158 = DIRECTION('',(0.,-0.,1.));
#159 = DIRECTION('',(0.,1.,0.));
#160 = ORIENTED_EDGE('',*,*,#161,.T.);
#161 = EDGE_CURVE('',#151,#162,#164,.T.);
#162 = VERTEX_POINT('',#163);
#163 = CARTESIAN_POINT('',(26.4,38.36,10.));
#164 = LINE('',#165,#166);
#165 = CARTESIAN_POINT('',(13.5,38.36,10.));
#166 = VECTOR('',#167,1.);
#167 = DIRECTION('',(1.,0.,0.));
#168 = ORIENTED_EDGE('',*,*,#169,.F.);
#169 = EDGE_CURVE('',#170,#162,#172,.T.);
#170 = VERTEX_POINT('',#171);
#171 = CARTESIAN_POINT('',(27.,37.76,10.));
#172 = CIRCLE('',#173,0.6);
#173 = AXIS2_PLACEMENT_3D('',#174,#175,#176);
#174 = CARTESIAN_POINT('',(26.4,37.76,10.));
#175 = DIRECTION('',(0.,-0.,1.));
#176 = DIRECTION('',(0.,1.,0.));
#177 = ORIENTED_EDGE('',*,*,#178,.T.);
#178 = EDGE_CURVE('',#170,#179,#181,.T.);
#179 = VERTEX_POINT('',#180);
#180 = CARTESIAN_POINT('',(27.,27.96,10.));
#181 = LINE('',#182,#183);
#182 = CARTESIAN_POINT('',(27.,13.68,10.));
#183 = VECTOR('',#184,1.);
#184 = DIRECTION('',(0.,-1.,0.));
#185 = ORIENTED_EDGE('',*,*,#186,.F.);
#186 = EDGE_CURVE('',#187,#179,#189,.T.);
#187 = VERTEX_POINT('',#188);
#188 = CARTESIAN_POINT('',(26.4,27.36,10.));
#189 = CIRCLE('',#190,0.6);
#190 = AXIS2_PLACEMENT_3D('',#191,#192,#193);
#191 = CARTESIAN_POINT('',(26.4,27.96,10.));
#192 = DIRECTION('',(-0.,0.,1.));
#193 = DIRECTION('',(0.,-1.,0.));
#194 = ORIENTED_EDGE('',*,*,#195,.T.);
#195 = EDGE_CURVE('',#187,#196,#198,.T.);
#196 = VERTEX_POINT('',#197);
#197 = CARTESIAN_POINT('',(16.6,27.36,10.));
#198 = LINE('',#199,#200);
#199 = CARTESIAN_POINT('',(8.,27.36,10.));
#200 = VECTOR('',#201,1.);
#201 = DIRECTION('',(-1.,0.,0.));
#202 = ORIENTED_EDGE('',*,*,#203,.F.);
#203 = EDGE_CURVE('',#204,#196,#206,.T.);
#204 = VERTEX_POINT('',#205);
#205 = CARTESIAN_POINT('',(16.,27.96,10.));
#206 = CIRCLE('',#207,0.6);
#207 = AXIS2_PLACEMENT_3D('',#208,#209,#210);
#208 = CARTESIAN_POINT('',(16.6,27.96,10.));
#209 = DIRECTION('',(0.,0.,1.));
#210 = DIRECTION('',(-1.,0.,0.));
#211 = ORIENTED_EDGE('',*,*,#212,.T.);
#212 = EDGE_CURVE('',#204,#153,#213,.T.);
#213 = LINE('',#214,#215);
#214 = CARTESIAN_POINT('',(16.,19.18,10.));
#215 = VECTOR('',#216,1.);
#216 = DIRECTION('',(0.,1.,0.));
#217 = PLANE('',#218);
#218 = AXIS2_PLACEMENT_3D('',#219,#220,#221);
#219 = CARTESIAN_POINT('',(0.,0.,10.));
#220 = DIRECTION('',(0.,0.,1.));
#221 = DIRECTION('',(1.,0.,0.));
#222 = ADVANCED_FACE('',(#223),#241,.T.);
#223 = FACE_BOUND('',#224,.T.);
#224 = EDGE_LOOP('',(#225,#233,#234,#235));
#225 = ORIENTED_EDGE('',*,*,#226,.T.);
#226 = EDGE_CURVE('',#227,#40,#229,.T.);
#227 = VERTEX_POINT('',#228);
#228 = CARTESIAN_POINT('',(4.,12.75,0.));
#229 = LINE('',#230,#231);
#230 = CARTESIAN_POINT('',(1.617647058824,13.345588235294,0.));
#231 = VECTOR('',#232,1.);
#232 = DIRECTION('',(-0.970142500145,0.242535625036,0.));
#233 = ORIENTED_EDGE('',*,*,#47,.T.);
#234 = ORIENTED_EDGE('',*,*,#142,.F.);
#235 = ORIENTED_EDGE('',*,*,#236,.F.);
#236 = EDGE_CURVE('',#227,#135,#237,.T.);
#237 = LINE('',#238,#239);
#238 = CARTESIAN_POINT('',(4.,12.75,-1.));
#239 = VECTOR('',#240,1.);
#240 = DIRECTION('',(0.,0.,1.));
#241 = PLANE('',#242);
#242 = AXIS2_PLACEMENT_3D('',#243,#244,#245);
#243 = CARTESIAN_POINT('',(0.,13.75,-1.));
#244 = DIRECTION('',(0.242535625036,0.970142500145,0.));
#245 = DIRECTION('',(0.970142500145,-0.242535625036,0.));
#246 = ADVANCED_FACE('',(#247),#329,.F.);
#247 = FACE_BOUND('',#248,.F.);
#248 = EDGE_LOOP('',(#249,#250,#258,#266,#274,#282,#290,#298,#306,#314,
    #322,#328));
#249 = ORIENTED_EDGE('',*,*,#39,.F.);
#250 = ORIENTED_EDGE('',*,*,#251,.T.);
#251 = EDGE_CURVE('',#32,#252,#254,.T.);
#252 = VERTEX_POINT('',#253);
#253 = CARTESIAN_POINT('',(43.,0.,0.));
#254 = LINE('',#255,#256);
#255 = CARTESIAN_POINT('',(0.,0.,0.));
#256 = VECTOR('',#257,1.);
#257 = DIRECTION('',(1.,0.,0.));
#258 = ORIENTED_EDGE('',*,*,#259,.T.);
#259 = EDGE_CURVE('',#252,#260,#262,.T.);
#260 = VERTEX_POINT('',#261);
#261 = CARTESIAN_POINT('',(43.,13.875609756098,0.));
#262 = LINE('',#263,#264);
#263 = CARTESIAN_POINT('',(43.,0.,0.));
#264 = VECTOR('',#265,1.);
#265 = DIRECTION('',(0.,1.,0.));
#266 = ORIENTED_EDGE('',*,*,#267,.F.);
#267 = EDGE_CURVE('',#268,#260,#270,.T.);
#268 = VERTEX_POINT('',#269);
#269 = CARTESIAN_POINT('',(42.9,13.9,0.));
#270 = LINE('',#271,#272);
#271 = CARTESIAN_POINT('',(42.9,13.9,0.));
#272 = VECTOR('',#273,1.);
#273 = DIRECTION('',(0.971520338783,-0.236956180191,0.));
#274 = ORIENTED_EDGE('',*,*,#275,.F.);
#275 = EDGE_CURVE('',#276,#268,#278,.T.);
#276 = VERTEX_POINT('',#277);
#277 = CARTESIAN_POINT('',(42.9,17.9,0.));
#278 = LINE('',#279,#280);
#279 = CARTESIAN_POINT('',(42.9,17.9,0.));
#280 = VECTOR('',#281,1.);
#281 = DIRECTION('',(0.,-1.,0.));
#282 = ORIENTED_EDGE('',*,*,#283,.F.);
#283 = EDGE_CURVE('',#284,#276,#286,.T.);
#284 = VERTEX_POINT('',#285);
#285 = CARTESIAN_POINT('',(43.,17.924390243902,0.));
#286 = LINE('',#287,#288);
#287 = CARTESIAN_POINT('',(47.,18.9,0.));
#288 = VECTOR('',#289,1.);
#289 = DIRECTION('',(-0.971520338783,-0.236956180191,0.));
#290 = ORIENTED_EDGE('',*,*,#291,.T.);
#291 = EDGE_CURVE('',#284,#292,#294,.T.);
#292 = VERTEX_POINT('',#293);
#293 = CARTESIAN_POINT('',(43.,53.,0.));
#294 = LINE('',#295,#296);
#295 = CARTESIAN_POINT('',(43.,0.,0.));
#296 = VECTOR('',#297,1.);
#297 = DIRECTION('',(0.,1.,0.));
#298 = ORIENTED_EDGE('',*,*,#299,.F.);
#299 = EDGE_CURVE('',#300,#292,#302,.T.);
#300 = VERTEX_POINT('',#301);
#301 = CARTESIAN_POINT('',(0.,53.,0.));
#302 = LINE('',#303,#304);
#303 = CARTESIAN_POINT('',(0.,53.,0.));
#304 = VECTOR('',#305,1.);
#305 = DIRECTION('',(1.,0.,0.));
#306 = ORIENTED_EDGE('',*,*,#307,.F.);
#307 = EDGE_CURVE('',#308,#300,#310,.T.);
#308 = VERTEX_POINT('',#309);
#309 = CARTESIAN_POINT('',(0.,18.05,0.));
#310 = LINE('',#311,#312);
#311 = CARTESIAN_POINT('',(0.,0.,0.));
#312 = VECTOR('',#313,1.);
#313 = DIRECTION('',(0.,1.,0.));
#314 = ORIENTED_EDGE('',*,*,#315,.T.);
#315 = EDGE_CURVE('',#308,#316,#318,.T.);
#316 = VERTEX_POINT('',#317);
#317 = CARTESIAN_POINT('',(4.,19.05,0.));
#318 = LINE('',#319,#320);
#319 = CARTESIAN_POINT('',(-0.123529411765,18.019117647059,0.));
#320 = VECTOR('',#321,1.);
#321 = DIRECTION('',(0.970142500145,0.242535625036,0.));
#322 = ORIENTED_EDGE('',*,*,#323,.T.);
#323 = EDGE_CURVE('',#316,#227,#324,.T.);
#324 = LINE('',#325,#326);
#325 = CARTESIAN_POINT('',(4.,6.375,0.));
#326 = VECTOR('',#327,1.);
#327 = DIRECTION('',(0.,-1.,0.));
#328 = ORIENTED_EDGE('',*,*,#226,.T.);
#329 = PLANE('',#330);
#330 = AXIS2_PLACEMENT_3D('',#331,#332,#333);
#331 = CARTESIAN_POINT('',(0.,0.,0.));
#332 = DIRECTION('',(0.,0.,1.));
#333 = DIRECTION('',(1.,0.,0.));
#334 = ADVANCED_FACE('',(#335,#346,#436),#767,.T.);
#335 = FACE_BOUND('',#336,.T.);
#336 = EDGE_LOOP('',(#337,#338,#339,#345));
#337 = ORIENTED_EDGE('',*,*,#31,.T.);
#338 = ORIENTED_EDGE('',*,*,#251,.T.);
#339 = ORIENTED_EDGE('',*,*,#340,.F.);
#340 = EDGE_CURVE('',#63,#252,#341,.T.);
#341 = LINE('',#342,#343);
#342 = CARTESIAN_POINT('',(43.,0.,0.));
#343 = VECTOR('',#344,1.);
#344 = DIRECTION('',(0.,-0.342020143326,-0.939692620786));
#345 = ORIENTED_EDGE('',*,*,#62,.F.);
#346 = FACE_BOUND('',#347,.T.);
#347 = EDGE_LOOP('',(#348,#358,#366,#374,#382,#390,#398,#406,#414,#422,
    #430));
#348 = ORIENTED_EDGE('',*,*,#349,.F.);
#349 = EDGE_CURVE('',#350,#352,#354,.T.);
#350 = VERTEX_POINT('',#351);
#351 = CARTESIAN_POINT('',(23.930955414013,1.658701158257,4.557243977934
    ));
#352 = VERTEX_POINT('',#353);
#353 = CARTESIAN_POINT('',(23.930955414013,1.273895819932,3.5));
#354 = LINE('',#355,#356);
#355 = CARTESIAN_POINT('',(23.930955414013,0.636947909966,1.75));
#356 = VECTOR('',#357,1.);
#357 = DIRECTION('',(-0.,-0.342020143326,-0.939692620786));
#358 = ORIENTED_EDGE('',*,*,#359,.F.);
#359 = EDGE_CURVE('',#360,#350,#362,.T.);
#360 = VERTEX_POINT('',#361);
#361 = CARTESIAN_POINT('',(21.637961783439,1.658701158257,4.557243977934
    ));
#362 = LINE('',#363,#364);
#363 = CARTESIAN_POINT('',(11.465477707006,1.658701158257,4.557243977934
    ));
#364 = VECTOR('',#365,1.);
#365 = DIRECTION('',(1.,0.,0.));
#366 = ORIENTED_EDGE('',*,*,#367,.F.);
#367 = EDGE_CURVE('',#368,#360,#370,.T.);
#368 = VERTEX_POINT('',#369);
#369 = CARTESIAN_POINT('',(21.637961783439,1.980853634658,5.442350632468
    ));
#370 = LINE('',#371,#372);
#371 = CARTESIAN_POINT('',(21.637961783439,0.829350579128,2.278621988967
    ));
#372 = VECTOR('',#373,1.);
#373 = DIRECTION('',(-0.,-0.342020143326,-0.939692620786));
#374 = ORIENTED_EDGE('',*,*,#375,.F.);
#375 = EDGE_CURVE('',#376,#368,#378,.T.);
#376 = VERTEX_POINT('',#377);
#377 = CARTESIAN_POINT('',(24.068535031847,3.197922511557,8.78621988967)
  );
#378 = LINE('',#379,#380);
#379 = CARTESIAN_POINT('',(16.688406237808,-0.497553470751,
    -1.367016925861));
#380 = VECTOR('',#381,1.);
#381 = DIRECTION('',(-0.564024580147,-0.282425869186,-0.77595869826));
#382 = ORIENTED_EDGE('',*,*,#383,.F.);
#383 = EDGE_CURVE('',#384,#376,#386,.T.);
#384 = VERTEX_POINT('',#385);
#385 = CARTESIAN_POINT('',(24.970445859873,3.197922511557,8.78621988967)
  );
#386 = LINE('',#387,#388);
#387 = CARTESIAN_POINT('',(11.534267515924,3.197922511557,8.78621988967)
  );
#388 = VECTOR('',#389,1.);
#389 = DIRECTION('',(-1.,0.,0.));
#390 = ORIENTED_EDGE('',*,*,#391,.F.);
#391 = EDGE_CURVE('',#392,#384,#394,.T.);
#392 = VERTEX_POINT('',#393);
#393 = CARTESIAN_POINT('',(24.970445859873,1.982160718008,5.445941814458
    ));
#394 = LINE('',#395,#396);
#395 = CARTESIAN_POINT('',(24.970445859873,1.598961255779,4.393109944835
    ));
#396 = VECTOR('',#397,1.);
#397 = DIRECTION('',(0.,0.342020143326,0.939692620786));
#398 = ORIENTED_EDGE('',*,*,#399,.F.);
#399 = EDGE_CURVE('',#400,#392,#402,.T.);
#400 = VERTEX_POINT('',#401);
#401 = CARTESIAN_POINT('',(25.665987261146,1.982160718008,5.445941814458
    ));
#402 = LINE('',#403,#404);
#403 = CARTESIAN_POINT('',(11.985222929936,1.982160718008,5.445941814458
    ));
#404 = VECTOR('',#405,1.);
#405 = DIRECTION('',(-1.,0.,0.));
#406 = ORIENTED_EDGE('',*,*,#407,.F.);
#407 = EDGE_CURVE('',#408,#400,#410,.T.);
#408 = VERTEX_POINT('',#409);
#409 = CARTESIAN_POINT('',(25.665987261146,1.658701158257,4.557243977934
    ));
#410 = LINE('',#411,#412);
#411 = CARTESIAN_POINT('',(25.665987261146,0.991080359004,2.722970907229
    ));
#412 = VECTOR('',#413,1.);
#413 = DIRECTION('',(0.,0.342020143326,0.939692620786));
#414 = ORIENTED_EDGE('',*,*,#415,.F.);
#415 = EDGE_CURVE('',#416,#408,#418,.T.);
#416 = VERTEX_POINT('',#417);
#417 = CARTESIAN_POINT('',(24.970445859873,1.658701158257,4.557243977934
    ));
#418 = LINE('',#419,#420);
#419 = CARTESIAN_POINT('',(12.332993630573,1.658701158257,4.557243977934
    ));
#420 = VECTOR('',#421,1.);
#421 = DIRECTION('',(1.,0.,0.));
#422 = ORIENTED_EDGE('',*,*,#423,.F.);
#423 = EDGE_CURVE('',#424,#416,#426,.T.);
#424 = VERTEX_POINT('',#425);
#425 = CARTESIAN_POINT('',(24.970445859873,1.273895819932,3.5));
#426 = LINE('',#427,#428);
#427 = CARTESIAN_POINT('',(24.970445859873,0.829350579128,2.278621988967
    ));
#428 = VECTOR('',#429,1.);
#429 = DIRECTION('',(0.,0.342020143326,0.939692620786));
#430 = ORIENTED_EDGE('',*,*,#431,.F.);
#431 = EDGE_CURVE('',#352,#424,#432,.T.);
#432 = LINE('',#433,#434);
#433 = CARTESIAN_POINT('',(11.985222929936,1.273895819932,3.5));
#434 = VECTOR('',#435,1.);
#435 = DIRECTION('',(1.,0.,0.));
#436 = FACE_BOUND('',#437,.T.);
#437 = EDGE_LOOP('',(#438,#448,#456,#471,#492,#520,#535,#554,#571,#586,
    #603,#611,#638,#655,#678,#697,#712,#724,#737,#750,#761));
#438 = ORIENTED_EDGE('',*,*,#439,.F.);
#439 = EDGE_CURVE('',#440,#442,#444,.T.);
#440 = VERTEX_POINT('',#441);
#441 = CARTESIAN_POINT('',(21.098343949045,1.273895819932,3.5));
#442 = VERTEX_POINT('',#443);
#443 = CARTESIAN_POINT('',(21.098343949045,1.614086046567,4.434664966));
#444 = LINE('',#445,#446);
#445 = CARTESIAN_POINT('',(21.098343949045,0.807043023283,2.217332483));
#446 = VECTOR('',#447,1.);
#447 = DIRECTION('',(0.,0.342020143326,0.939692620786));
#448 = ORIENTED_EDGE('',*,*,#449,.F.);
#449 = EDGE_CURVE('',#450,#440,#452,.T.);
#450 = VERTEX_POINT('',#451);
#451 = CARTESIAN_POINT('',(17.334012738854,1.273895819932,3.5));
#452 = LINE('',#453,#454);
#453 = CARTESIAN_POINT('',(10.049171974522,1.273895819932,3.5));
#454 = VECTOR('',#455,1.);
#455 = DIRECTION('',(1.,0.,0.));
#456 = ORIENTED_EDGE('',*,*,#457,.F.);
#457 = EDGE_CURVE('',#458,#450,#460,.T.);
#458 = VERTEX_POINT('',#459);
#459 = CARTESIAN_POINT('',(17.700891719745,1.641273380253,4.509361551397
    ));
#460 = B_SPLINE_CURVE_WITH_KNOTS('',5,(#461,#462,#463,#464,#465,#466,
    #467,#468,#469,#470),.UNSPECIFIED.,.F.,.F.,(6,4,6),(0.,
    0.703546670237,1.),.UNSPECIFIED.);
#461 = CARTESIAN_POINT('',(17.700891719745,1.641273380253,4.509361551397
    ));
#462 = CARTESIAN_POINT('',(17.616550219282,1.593412242149,4.377864155187
    ));
#463 = CARTESIAN_POINT('',(17.542754683601,1.543964097082,4.242006493181
    ));
#464 = CARTESIAN_POINT('',(17.480408550078,1.493051104962,4.102124196974
    ));
#465 = CARTESIAN_POINT('',(17.430154357305,1.440854975068,3.958716508708
    ));
#466 = CARTESIAN_POINT('',(17.376173443254,1.365216736244,3.750902155492
    ));
#467 = CARTESIAN_POINT('',(17.36234964726,1.342611640404,3.688795165108)
  );
#468 = CARTESIAN_POINT('',(17.350718107084,1.319843439628,3.626240047594
    ));
#469 = CARTESIAN_POINT('',(17.34127765768,1.296931509878,3.563290037968)
  );
#470 = CARTESIAN_POINT('',(17.334012738854,1.273895819932,3.5));
#471 = ORIENTED_EDGE('',*,*,#472,.F.);
#472 = EDGE_CURVE('',#473,#458,#475,.T.);
#473 = VERTEX_POINT('',#474);
#474 = CARTESIAN_POINT('',(18.908535031847,2.101715275115,5.774415260501
    ));
#475 = B_SPLINE_CURVE_WITH_KNOTS('',8,(#476,#477,#478,#479,#480,#481,
    #482,#483,#484,#485,#486,#487,#488,#489,#490,#491),.UNSPECIFIED.,.F.
  ,.F.,(9,7,9),(0.,0.762523879669,1.),.UNSPECIFIED.);
#476 = CARTESIAN_POINT('',(18.908535031847,2.101715275115,5.774415260501
    ));
#477 = CARTESIAN_POINT('',(18.774018251753,2.058930947387,5.656866286161
    ));
#478 = CARTESIAN_POINT('',(18.641940186697,2.015951777436,5.538781987215
    ));
#479 = CARTESIAN_POINT('',(18.512493312225,1.972710182542,5.419976681661
    ));
#480 = CARTESIAN_POINT('',(18.38611042991,1.929170544951,5.30035251053)
  );
#481 = CARTESIAN_POINT('',(18.263446168902,1.885328706367,5.179898048993
    ));
#482 = CARTESIAN_POINT('',(18.145530410529,1.841205881227,5.058671583237
    ));
#483 = CARTESIAN_POINT('',(18.033701220988,1.796850536909,4.936806276292
    ));
#484 = CARTESIAN_POINT('',(17.898060642402,1.738429687699,4.776296312262
    ));
#485 = CARTESIAN_POINT('',(17.866676965215,1.724543158953,4.738143388099
    ));
#486 = CARTESIAN_POINT('',(17.836192815063,1.710645958696,4.699961144198
    ));
#487 = CARTESIAN_POINT('',(17.806694517487,1.696743126706,4.66176342724)
  );
#488 = CARTESIAN_POINT('',(17.778284652832,1.682842463935,4.623571670161
    ));
#489 = CARTESIAN_POINT('',(17.751083791384,1.668954554517,4.585414952632
    ));
#490 = CARTESIAN_POINT('',(17.725232228501,1.65509278778,4.547330061527)
  );
#491 = CARTESIAN_POINT('',(17.700891719745,1.641273380253,4.509361551397
    ));
#492 = ORIENTED_EDGE('',*,*,#493,.F.);
#493 = EDGE_CURVE('',#494,#473,#496,.T.);
#494 = VERTEX_POINT('',#495);
#495 = CARTESIAN_POINT('',(19.79898089172,2.416025251414,6.637974823093)
  );
#496 = B_SPLINE_CURVE_WITH_KNOTS('',8,(#497,#498,#499,#500,#501,#502,
    #503,#504,#505,#506,#507,#508,#509,#510,#511,#512,#513,#514,#515,
    #516,#517,#518,#519),.UNSPECIFIED.,.F.,.F.,(9,7,7,9),(0.,
    0.219314331787,0.788724702799,1.),.UNSPECIFIED.);
#497 = CARTESIAN_POINT('',(19.79898089172,2.416025251414,6.637974823093)
  );
#498 = CARTESIAN_POINT('',(19.786174843802,2.409594568859,6.620306667982
    ));
#499 = CARTESIAN_POINT('',(19.771759136019,2.402816555088,6.601684228196
    ));
#500 = CARTESIAN_POINT('',(19.755912826097,2.395738259674,6.582236771378
    ));
#501 = CARTESIAN_POINT('',(19.738801044058,2.388401910017,6.562080316355
    ));
#502 = CARTESIAN_POINT('',(19.720571062643,2.380844110899,6.541315433936
    ));
#503 = CARTESIAN_POINT('',(19.701349628091,2.37309530265,6.520025758244)
  );
#504 = CARTESIAN_POINT('',(19.681241551282,2.365179477931,6.498277208574
    ));
#505 = CARTESIAN_POINT('',(19.606035318395,2.336173996618,6.418585303626
    ));
#506 = CARTESIAN_POINT('',(19.5464376336,2.314270697552,6.358406484029)
  );
#507 = CARTESIAN_POINT('',(19.482974578703,2.291699915641,6.296393770389
    ));
#508 = CARTESIAN_POINT('',(19.416546967982,2.268653286809,6.23307367808)
  );
#509 = CARTESIAN_POINT('',(19.347839997117,2.245271051673,6.168831515028
    ));
#510 = CARTESIAN_POINT('',(19.277294225882,2.22163693384,6.103897309952)
  );
#511 = CARTESIAN_POINT('',(19.205180439281,2.197790925544,6.038380940615
    ));
#512 = CARTESIAN_POINT('',(19.104286085906,2.164798921309,5.947736153957
    ));
#513 = CARTESIAN_POINT('',(19.076795100848,2.155845986333,5.923138167272
    ));
#514 = CARTESIAN_POINT('',(19.049129966935,2.146870689852,5.898478742858
    ));
#515 = CARTESIAN_POINT('',(19.021301512554,2.137874838037,5.873762843126
    ));
#516 = CARTESIAN_POINT('',(18.993319478706,2.128860037615,5.848994882528
    ));
#517 = CARTESIAN_POINT('',(18.965192615781,2.119827708007,5.824178760882
    ));
#518 = CARTESIAN_POINT('',(18.936928780331,2.110779093446,5.799317896699
    ));
#519 = CARTESIAN_POINT('',(18.908535031847,2.101715275115,5.774415260501
    ));
#520 = ORIENTED_EDGE('',*,*,#521,.F.);
#521 = EDGE_CURVE('',#522,#494,#524,.T.);
#522 = VERTEX_POINT('',#523);
#523 = CARTESIAN_POINT('',(20.020636942675,2.641366421004,7.257094598215
    ));
#524 = B_SPLINE_CURVE_WITH_KNOTS('',5,(#525,#526,#527,#528,#529,#530,
    #531,#532,#533,#534),.UNSPECIFIED.,.F.,.F.,(6,4,6),(0.,
    0.492976171844,1.),.UNSPECIFIED.);
#525 = CARTESIAN_POINT('',(20.020636942675,2.641366421004,7.257094598215
    ));
#526 = CARTESIAN_POINT('',(20.020636942675,2.618836855145,7.195195124747
    ));
#527 = CARTESIAN_POINT('',(20.014966996894,2.59625943908,7.133164183918)
  );
#528 = CARTESIAN_POINT('',(20.003646196513,2.573703474965,7.071192181839
    ));
#529 = CARTESIAN_POINT('',(19.986832968717,2.551231292911,7.009450369079
    ));
#530 = CARTESIAN_POINT('',(19.942096044771,2.505929696002,6.884985254508
    ));
#531 = CARTESIAN_POINT('',(19.913868024025,2.483107080615,6.822280634078
    ));
#532 = CARTESIAN_POINT('',(19.880365724448,2.460489544119,6.760139463272
    ));
#533 = CARTESIAN_POINT('',(19.841947834281,2.438119265538,6.698677628003
    ));
#534 = CARTESIAN_POINT('',(19.79898089172,2.416025251414,6.637974823093)
  );
#535 = ORIENTED_EDGE('',*,*,#536,.F.);
#536 = EDGE_CURVE('',#537,#522,#539,.T.);
#537 = VERTEX_POINT('',#538);
#538 = CARTESIAN_POINT('',(19.827515923567,2.830632090126,7.777097750405
    ));
#539 = B_SPLINE_CURVE_WITH_KNOTS('',5,(#540,#541,#542,#543,#544,#545,
    #546,#547,#548,#549,#550,#551,#552,#553),.UNSPECIFIED.,.F.,.F.,(6,4,
    4,6),(0.,7.606949480651E-02,0.529732405339,1.),.UNSPECIFIED.);
#540 = CARTESIAN_POINT('',(19.827515923567,2.830632090126,7.777097750405
    ));
#541 = CARTESIAN_POINT('',(19.833538850216,2.828569410262,7.771430584055
    ));
#542 = CARTESIAN_POINT('',(19.839446212812,2.826471458077,7.765666507801
    ));
#543 = CARTESIAN_POINT('',(19.845237258603,2.824338399996,7.759805978888
    ));
#544 = CARTESIAN_POINT('',(19.850911327939,2.822170431459,7.753849534287
    ));
#545 = CARTESIAN_POINT('',(19.889605840961,2.80683159574,7.711706429507)
  );
#546 = CARTESIAN_POINT('',(19.918565245406,2.792460940084,7.672223377589
    ));
#547 = CARTESIAN_POINT('',(19.943218641616,2.776905547678,7.629485288203
    ));
#548 = CARTESIAN_POINT('',(19.963582563108,2.760246579284,7.583715148709
    ));
#549 = CARTESIAN_POINT('',(19.996555082111,2.724276280462,7.484887564924
    ));
#550 = CARTESIAN_POINT('',(20.00885375568,2.704888648205,7.431620483081)
  );
#551 = CARTESIAN_POINT('',(20.016799138008,2.684531016649,7.375688350068
    ));
#552 = CARTESIAN_POINT('',(20.020636942675,2.663321360043,7.31741529747)
  );
#553 = CARTESIAN_POINT('',(20.020636942675,2.641366421004,7.257094598215
    ));
#554 = ORIENTED_EDGE('',*,*,#555,.F.);
#555 = EDGE_CURVE('',#556,#537,#558,.T.);
#556 = VERTEX_POINT('',#557);
#557 = CARTESIAN_POINT('',(19.294522292994,2.896770507651,7.958811559113
    ));
#558 = B_SPLINE_CURVE_WITH_KNOTS('',6,(#559,#560,#561,#562,#563,#564,
    #565,#566,#567,#568,#569,#570),.UNSPECIFIED.,.F.,.F.,(7,5,7),(0.,
    0.850622974706,1.),.UNSPECIFIED.);
#559 = CARTESIAN_POINT('',(19.294522292994,2.896770507651,7.958811559113
    ));
#560 = CARTESIAN_POINT('',(19.386837291993,2.896770507651,7.958811559113
    ));
#561 = CARTESIAN_POINT('',(19.474745252849,2.893847231319,7.950779923401
    ));
#562 = CARTESIAN_POINT('',(19.557357752656,2.887751248779,7.934031349022
    ));
#563 = CARTESIAN_POINT('',(19.633802666559,2.878293312073,7.908045881489
    ));
#564 = CARTESIAN_POINT('',(19.703334540107,2.865403276148,7.872630798848
    ));
#565 = CARTESIAN_POINT('',(19.776395962382,2.846366441294,7.820327524947
    ));
#566 = CARTESIAN_POINT('',(19.787082510615,2.843420761974,7.812234337531
    ));
#567 = CARTESIAN_POINT('',(19.797539592243,2.840373675737,7.803862536901
    ));
#568 = CARTESIAN_POINT('',(19.807765227365,2.837225925771,7.795214164947
    ));
#569 = CARTESIAN_POINT('',(19.817757773096,2.833978391808,7.786291638715
    ));
#570 = CARTESIAN_POINT('',(19.827515923567,2.830632090126,7.777097750405
    ));
#571 = ORIENTED_EDGE('',*,*,#572,.F.);
#572 = EDGE_CURVE('',#573,#556,#575,.T.);
#573 = VERTEX_POINT('',#574);
#574 = CARTESIAN_POINT('',(18.75949044586,2.827059395635,7.767281852965)
  );
#575 = B_SPLINE_CURVE_WITH_KNOTS('',5,(#576,#577,#578,#579,#580,#581,
    #582,#583,#584,#585),.UNSPECIFIED.,.F.,.F.,(6,4,6),(0.,0.23117845186
    ,1.),.UNSPECIFIED.);
#576 = CARTESIAN_POINT('',(18.75949044586,2.827059395635,7.767281852965)
  );
#577 = CARTESIAN_POINT('',(18.778028704249,2.833562429267,7.785148791027
    ));
#578 = CARTESIAN_POINT('',(18.797361664963,2.839702620131,7.802018826775
    ));
#579 = CARTESIAN_POINT('',(18.817481979552,2.84547087641,7.817866980652)
  );
#580 = CARTESIAN_POINT('',(18.838376759669,2.850860481581,7.832674799159
    ));
#581 = CARTESIAN_POINT('',(18.932030892341,2.87251739981,7.892176692968)
  );
#582 = CARTESIAN_POINT('',(19.012417100619,2.884936647299,7.926298295011
    ));
#583 = CARTESIAN_POINT('',(19.100448024451,2.892947724748,7.948308549407
    ));
#584 = CARTESIAN_POINT('',(19.194908111335,2.896770507651,7.958811559113
    ));
#585 = CARTESIAN_POINT('',(19.294522292994,2.896770507651,7.958811559113
    ));
#586 = ORIENTED_EDGE('',*,*,#587,.F.);
#587 = EDGE_CURVE('',#588,#573,#590,.T.);
#588 = VERTEX_POINT('',#589);
#589 = CARTESIAN_POINT('',(18.530191082803,2.595618503744,7.131403228556
    ));
#590 = B_SPLINE_CURVE_WITH_KNOTS('',6,(#591,#592,#593,#594,#595,#596,
    #597,#598,#599,#600,#601,#602),.UNSPECIFIED.,.F.,.F.,(7,5,7),(0.,
    0.523211716034,1.),.UNSPECIFIED.);
#591 = CARTESIAN_POINT('',(18.530191082803,2.595618503744,7.131403228556
    ));
#592 = CARTESIAN_POINT('',(18.534993016671,2.621020309179,7.201194115401
    ));
#593 = CARTESIAN_POINT('',(18.542400024377,2.645674902337,7.268932053387
    ));
#594 = CARTESIAN_POINT('',(18.552641540238,2.669476408421,7.334326153905
    ));
#595 = CARTESIAN_POINT('',(18.565963995216,2.692292346845,7.397012429528
    ));
#596 = CARTESIAN_POINT('',(18.582615920568,2.713968457554,7.456567054242
    ));
#597 = CARTESIAN_POINT('',(18.62119805966,2.752910932419,7.563560624591)
  );
#598 = CARTESIAN_POINT('',(18.642529725372,2.77039845209,7.61160719001)
  );
#599 = CARTESIAN_POINT('',(18.66694648596,2.786679334745,7.656338547474)
  );
#600 = CARTESIAN_POINT('',(18.694565504655,2.801623247067,7.697396609134
    ));
#601 = CARTESIAN_POINT('',(18.72543389448,2.815112701703,7.734458581148)
  );
#602 = CARTESIAN_POINT('',(18.75949044586,2.827059395635,7.767281852965)
  );
#603 = ORIENTED_EDGE('',*,*,#604,.F.);
#604 = EDGE_CURVE('',#605,#588,#607,.T.);
#605 = VERTEX_POINT('',#606);
#606 = CARTESIAN_POINT('',(17.460127388535,2.632478254222,7.232674560681
    ));
#607 = LINE('',#608,#609);
#608 = CARTESIAN_POINT('',(9.241478788503,2.915580408129,8.01049133594)
  );
#609 = VECTOR('',#610,1.);
#610 = DIRECTION('',(0.994966576024,-3.427293152997E-02,
    -9.416410547709E-02));
#611 = ORIENTED_EDGE('',*,*,#612,.F.);
#612 = EDGE_CURVE('',#613,#605,#615,.T.);
#613 = VERTEX_POINT('',#614);
#614 = CARTESIAN_POINT('',(18.060127388535,3.070612593239,8.436438763818
    ));
#615 = B_SPLINE_CURVE_WITH_KNOTS('',6,(#616,#617,#618,#619,#620,#621,
    #622,#623,#624,#625,#626,#627,#628,#629,#630,#631,#632,#633,#634,
    #635,#636,#637),.UNSPECIFIED.,.F.,.F.,(7,5,5,5,7),(0.,
    2.289920252369E-02,0.291825169786,0.573715176317,1.),.UNSPECIFIED.);
#616 = CARTESIAN_POINT('',(18.060127388535,3.070612593239,8.436438763818
    ));
#617 = CARTESIAN_POINT('',(18.055924125738,3.069505350396,8.433396639108
    ));
#618 = CARTESIAN_POINT('',(18.051737560616,3.068390839252,8.430334544905
    ));
#619 = CARTESIAN_POINT('',(18.047567782573,3.067269079859,8.427252536303
    ));
#620 = CARTESIAN_POINT('',(18.043414878806,3.06614009325,8.42415067109)
  );
#621 = CARTESIAN_POINT('',(18.039278934304,3.06500390144,8.421029009747)
  );
#622 = CARTESIAN_POINT('',(17.986788049192,3.050432856161,8.380995391865
    ));
#623 = CARTESIAN_POINT('',(17.9407628716,3.036013619756,8.341378865436)
  );
#624 = CARTESIAN_POINT('',(17.897227936527,3.020642178815,8.299146178547
    ));
#625 = CARTESIAN_POINT('',(17.856265331388,3.004373287482,8.25444776697)
  );
#626 = CARTESIAN_POINT('',(17.817906406799,2.987273383543,8.207466167023
    ));
#627 = CARTESIAN_POINT('',(17.744654306804,2.950699569963,8.106980440068
    ));
#628 = CARTESIAN_POINT('',(17.710014091827,2.931149190437,8.053266213777
    ));
#629 = CARTESIAN_POINT('',(17.678205514569,2.910848284698,7.997489933666
    ));
#630 = CARTESIAN_POINT('',(17.649156225917,2.889880778696,7.939882184383
    ));
#631 = CARTESIAN_POINT('',(17.622758951095,2.868326670267,7.880662758177
    ));
#632 = CARTESIAN_POINT('',(17.562801201249,2.812881698626,7.728328950573
    ));
#633 = CARTESIAN_POINT('',(17.532501702862,2.778331039899,7.633401795892
    ));
#634 = CARTESIAN_POINT('',(17.507556718933,2.742838840854,7.535887780449
    ));
#635 = CARTESIAN_POINT('',(17.487477084732,2.706605530031,7.436337577132
    ));
#636 = CARTESIAN_POINT('',(17.471804050788,2.669784304627,7.335172091777
    ));
#637 = CARTESIAN_POINT('',(17.460127388535,2.632478254222,7.232674560681
    ));
#638 = ORIENTED_EDGE('',*,*,#639,.F.);
#639 = EDGE_CURVE('',#640,#613,#642,.T.);
#640 = VERTEX_POINT('',#641);
#641 = CARTESIAN_POINT('',(19.32127388535,3.203499400519,8.801542266161)
  );
#642 = B_SPLINE_CURVE_WITH_KNOTS('',6,(#643,#644,#645,#646,#647,#648,
    #649,#650,#651,#652,#653,#654),.UNSPECIFIED.,.F.,.F.,(7,5,7),(0.,
    0.893883510654,1.),.UNSPECIFIED.);
#643 = CARTESIAN_POINT('',(19.32127388535,3.203499400519,8.801542266161)
  );
#644 = CARTESIAN_POINT('',(19.113059402304,3.203499400519,8.801542266161
    ));
#645 = CARTESIAN_POINT('',(18.9080257519,3.197462401361,8.784955747294)
  );
#646 = CARTESIAN_POINT('',(18.708562599301,3.184488229541,8.749309503184
    ));
#647 = CARTESIAN_POINT('',(18.517681995066,3.16375004556,8.692331810973)
  );
#648 = CARTESIAN_POINT('',(18.338650173106,3.134793614234,8.612774669758
    ));
#649 = CARTESIAN_POINT('',(18.154632998196,3.093900306185,8.500421229286
    ));
#650 = CARTESIAN_POINT('',(18.135309548241,3.089453526772,8.488203803259
    ));
#651 = CARTESIAN_POINT('',(18.116193809051,3.084900293984,8.475693898991
    ));
#652 = CARTESIAN_POINT('',(18.097289384169,3.080241612931,8.462894277993
    ));
#653 = CARTESIAN_POINT('',(18.078599576546,3.075478622076,8.449808068169
    ));
#654 = CARTESIAN_POINT('',(18.060127388535,3.070612593239,8.436438763818
    ));
#655 = ORIENTED_EDGE('',*,*,#656,.F.);
#656 = EDGE_CURVE('',#657,#640,#659,.T.);
#657 = VERTEX_POINT('',#658);
#658 = CARTESIAN_POINT('',(20.624458598726,3.049960676305,8.379698088372
    ));
#659 = B_SPLINE_CURVE_WITH_KNOTS('',5,(#660,#661,#662,#663,#664,#665,
    #666,#667,#668,#669,#670,#671,#672,#673,#674,#675,#676,#677),
  .UNSPECIFIED.,.F.,.F.,(6,4,4,4,6),(0.,9.571984277263E-02,0.36543429951
    ,0.645323301674,1.),.UNSPECIFIED.);
#660 = CARTESIAN_POINT('',(20.624458598726,3.049960676305,8.379698088372
    ));
#661 = CARTESIAN_POINT('',(20.60534521752,3.056153406601,8.396712475025)
  );
#662 = CARTESIAN_POINT('',(20.585846867906,3.062197678891,8.413318976659
    ));
#663 = CARTESIAN_POINT('',(20.565969505233,3.068090205261,8.429508559804
    ));
#664 = CARTESIAN_POINT('',(20.545720408354,3.073828174094,8.445273499606
    ));
#665 = CARTESIAN_POINT('',(20.467028100141,3.09513531931,8.503814399959)
  );
#666 = CARTESIAN_POINT('',(20.406061732167,3.109616574023,8.54360132029)
  );
#667 = CARTESIAN_POINT('',(20.342409152645,3.122798384593,8.57981804718)
  );
#668 = CARTESIAN_POINT('',(20.276327124779,3.134667022807,8.61242686267)
  );
#669 = CARTESIAN_POINT('',(20.137312811911,3.156208179062,8.67161070307)
  );
#670 = CARTESIAN_POINT('',(20.064210998468,3.165781708562,8.697913759198
    ));
#671 = CARTESIAN_POINT('',(19.989118108346,3.173977447998,8.720431368232
    ));
#672 = CARTESIAN_POINT('',(19.912347930088,3.180851818547,8.739318546088
    ));
#673 = CARTESIAN_POINT('',(19.735115600167,3.193597650533,8.774337431664
    ));
#674 = CARTESIAN_POINT('',(19.63380506309,3.198710168769,8.788383960073)
  );
#675 = CARTESIAN_POINT('',(19.530787989366,3.201954014196,8.797296352136
    ));
#676 = CARTESIAN_POINT('',(19.42650925606,3.203499400519,8.801542266161)
  );
#677 = CARTESIAN_POINT('',(19.32127388535,3.203499400519,8.801542266161)
  );
#678 = ORIENTED_EDGE('',*,*,#679,.F.);
#679 = EDGE_CURVE('',#680,#657,#682,.T.);
#680 = VERTEX_POINT('',#681);
#681 = CARTESIAN_POINT('',(21.098343949045,2.66803092135,7.330354710816)
  );
#682 = B_SPLINE_CURVE_WITH_KNOTS('',5,(#683,#684,#685,#686,#687,#688,
    #689,#690,#691,#692,#693,#694,#695,#696),.UNSPECIFIED.,.F.,.F.,(6,4,
    4,6),(0.,0.176380042043,0.537277933811,1.),.UNSPECIFIED.);
#683 = CARTESIAN_POINT('',(21.098343949045,2.66803092135,7.330354710816)
  );
#684 = CARTESIAN_POINT('',(21.098343949045,2.683488046407,7.372822812879
    ));
#685 = CARTESIAN_POINT('',(21.096987606032,2.698868264336,7.415079614345
    ));
#686 = CARTESIAN_POINT('',(21.094225673386,2.714155844054,7.457081894419
    ));
#687 = CARTESIAN_POINT('',(21.090016198911,2.729333622631,7.498782498338
    ));
#688 = CARTESIAN_POINT('',(21.072678574716,2.775176117766,7.624733718571
    ));
#689 = CARTESIAN_POINT('',(21.0548267343,2.805435758814,7.707871399073)
  );
#690 = CARTESIAN_POINT('',(21.030481878505,2.834993428934,7.789080430298
    ));
#691 = CARTESIAN_POINT('',(20.99953895642,2.86368413818,7.8679075061));
#692 = CARTESIAN_POINT('',(20.914322951766,2.926847417079,8.041447188613
    ));
#693 = CARTESIAN_POINT('',(20.855914110256,2.960679498883,8.134400069423
    ));
#694 = CARTESIAN_POINT('',(20.787391082621,2.992539170728,8.221933798408
    ));
#695 = CARTESIAN_POINT('',(20.709816685188,3.022304679579,8.303713861856
    ));
#696 = CARTESIAN_POINT('',(20.624458598726,3.049960676305,8.379698088372
    ));
#697 = ORIENTED_EDGE('',*,*,#698,.F.);
#698 = EDGE_CURVE('',#699,#680,#701,.T.);
#699 = VERTEX_POINT('',#700);
#700 = CARTESIAN_POINT('',(20.962547770701,2.420643612585,6.650663666125
    ));
#701 = B_SPLINE_CURVE_WITH_KNOTS('',5,(#702,#703,#704,#705,#706,#707,
    #708,#709,#710,#711),.UNSPECIFIED.,.F.,.F.,(6,4,6),(0.,
    0.299286217855,1.),.UNSPECIFIED.);
#702 = CARTESIAN_POINT('',(20.962547770701,2.420643612585,6.650663666125
    ));
#703 = CARTESIAN_POINT('',(20.978818290114,2.434717555502,6.689331506492
    ));
#704 = CARTESIAN_POINT('',(20.99388910976,2.448919482931,6.728350981415)
  );
#705 = CARTESIAN_POINT('',(21.007748443186,2.463244592701,6.767708897041
    ));
#706 = CARTESIAN_POINT('',(21.020388167159,2.477687657396,6.807390891156
    ));
#707 = CARTESIAN_POINT('',(21.058531101301,2.526321259892,6.941010615842
    ));
#708 = CARTESIAN_POINT('',(21.07854923788,2.561015936154,7.036333455448)
  );
#709 = CARTESIAN_POINT('',(21.091799118216,2.596252620653,7.133145450445
    ));
#710 = CARTESIAN_POINT('',(21.098343949045,2.63195183372,7.231228232237)
  );
#711 = CARTESIAN_POINT('',(21.098343949045,2.66803092135,7.330354710816)
  );
#712 = ORIENTED_EDGE('',*,*,#713,.F.);
#713 = EDGE_CURVE('',#714,#699,#716,.T.);
#714 = VERTEX_POINT('',#715);
#715 = CARTESIAN_POINT('',(20.532738853503,2.174476248281,5.974324391292
    ));
#716 = B_SPLINE_CURVE_WITH_KNOTS('',6,(#717,#718,#719,#720,#721,#722,
    #723),.UNSPECIFIED.,.F.,.F.,(7,7),(0.,1.),.PIECEWISE_BEZIER_KNOTS.);
#717 = CARTESIAN_POINT('',(20.532738853503,2.174476248281,5.974324391292
    ));
#718 = CARTESIAN_POINT('',(20.625479331187,2.215038263554,6.085767612343
    ));
#719 = CARTESIAN_POINT('',(20.710925258117,2.255877098514,6.197971389233
    ));
#720 = CARTESIAN_POINT('',(20.788281002662,2.296948463628,6.310814037468
    ));
#721 = CARTESIAN_POINT('',(20.856636577228,2.338177044822,6.424088633335
    ));
#722 = CARTESIAN_POINT('',(20.915020845781,2.379455711595,6.5375008382)
  );
#723 = CARTESIAN_POINT('',(20.962547770701,2.420643612585,6.650663666125
    ));
#724 = ORIENTED_EDGE('',*,*,#725,.F.);
#725 = EDGE_CURVE('',#726,#714,#728,.T.);
#726 = VERTEX_POINT('',#727);
#727 = CARTESIAN_POINT('',(19.829554140127,1.929005995097,5.299900413521
    ));
#728 = B_SPLINE_CURVE_WITH_KNOTS('',7,(#729,#730,#731,#732,#733,#734,
    #735,#736),.UNSPECIFIED.,.F.,.F.,(8,8),(0.,1.),
  .PIECEWISE_BEZIER_KNOTS.);
#729 = CARTESIAN_POINT('',(19.829554140127,1.929005995097,5.299900413521
    ));
#730 = CARTESIAN_POINT('',(19.951126649893,1.96731401233,5.405150825853)
  );
#731 = CARTESIAN_POINT('',(20.067984890283,2.004933820322,5.508510398836
    ));
#732 = CARTESIAN_POINT('',(20.179704859213,2.041868133136,5.609986589295
    ));
#733 = CARTESIAN_POINT('',(20.284948061753,2.077891513689,5.708960013938
    ));
#734 = CARTESIAN_POINT('',(20.381342832418,2.112529250534,5.80412641378)
  );
#735 = CARTESIAN_POINT('',(20.465555983545,2.145070550214,5.89353289985)
  );
#736 = CARTESIAN_POINT('',(20.532738853503,2.174476248281,5.974324391292
    ));
#737 = ORIENTED_EDGE('',*,*,#738,.F.);
#738 = EDGE_CURVE('',#739,#726,#741,.T.);
#739 = VERTEX_POINT('',#740);
#740 = CARTESIAN_POINT('',(19.185477707006,1.71638710345,4.715734809771)
  );
#741 = B_SPLINE_CURVE_WITH_KNOTS('',7,(#742,#743,#744,#745,#746,#747,
    #748,#749),.UNSPECIFIED.,.F.,.F.,(8,8),(0.,1.),
  .PIECEWISE_BEZIER_KNOTS.);
#742 = CARTESIAN_POINT('',(19.185477707006,1.71638710345,4.715734809771)
  );
#743 = CARTESIAN_POINT('',(19.234410527404,1.735321088775,4.767755506912
    ));
#744 = CARTESIAN_POINT('',(19.307549568417,1.76084925692,4.837893572452)
  );
#745 = CARTESIAN_POINT('',(19.396867830265,1.790683005569,4.919861123201
    ));
#746 = CARTESIAN_POINT('',(19.496459616014,1.823154307296,5.009075291478
    ));
#747 = CARTESIAN_POINT('',(19.602569728752,1.857223722107,5.102680239363
    ));
#748 = CARTESIAN_POINT('',(19.713487698343,1.892452861685,5.199471504861
    ));
#749 = CARTESIAN_POINT('',(19.829554140127,1.929005995097,5.299900413521
    ));
#750 = ORIENTED_EDGE('',*,*,#751,.F.);
#751 = EDGE_CURVE('',#752,#739,#754,.T.);
#752 = VERTEX_POINT('',#753);
#753 = CARTESIAN_POINT('',(18.965859872611,1.614086046567,4.434664966));
#754 = B_SPLINE_CURVE_WITH_KNOTS('',5,(#755,#756,#757,#758,#759,#760),
  .UNSPECIFIED.,.F.,.F.,(6,6),(0.,1.),.PIECEWISE_BEZIER_KNOTS.);
#755 = CARTESIAN_POINT('',(18.965859872611,1.614086046567,4.434664966));
#756 = CARTESIAN_POINT('',(18.999870725176,1.63424886746,4.490061861114)
  );
#757 = CARTESIAN_POINT('',(19.038977076806,1.654579423628,4.545919605111
    ));
#758 = CARTESIAN_POINT('',(19.083050897117,1.675058230493,4.602184664552
    ));
#759 = CARTESIAN_POINT('',(19.131939572008,1.69566662487,4.658805762752)
  );
#760 = CARTESIAN_POINT('',(19.185477707006,1.71638710345,4.715734809771)
  );
#761 = ORIENTED_EDGE('',*,*,#762,.F.);
#762 = EDGE_CURVE('',#442,#752,#763,.T.);
#763 = LINE('',#764,#765);
#764 = CARTESIAN_POINT('',(8.982929936306,1.614086046567,4.434664966));
#765 = VECTOR('',#766,1.);
#766 = DIRECTION('',(-1.,0.,0.));
#767 = PLANE('',#768);
#768 = AXIS2_PLACEMENT_3D('',#769,#770,#771);
#769 = CARTESIAN_POINT('',(-1.,0.,0.));
#770 = DIRECTION('',(0.,-0.939692620786,0.342020143326));
#771 = DIRECTION('',(0.,0.342020143326,0.939692620786));
#772 = ADVANCED_FACE('',(#773),#784,.T.);
#773 = FACE_BOUND('',#774,.T.);
#774 = EDGE_LOOP('',(#775,#776,#777,#778));
#775 = ORIENTED_EDGE('',*,*,#323,.T.);
#776 = ORIENTED_EDGE('',*,*,#236,.T.);
#777 = ORIENTED_EDGE('',*,*,#134,.F.);
#778 = ORIENTED_EDGE('',*,*,#779,.F.);
#779 = EDGE_CURVE('',#316,#127,#780,.T.);
#780 = LINE('',#781,#782);
#781 = CARTESIAN_POINT('',(4.,19.05,-1.));
#782 = VECTOR('',#783,1.);
#783 = DIRECTION('',(0.,0.,1.));
#784 = PLANE('',#785);
#785 = AXIS2_PLACEMENT_3D('',#786,#787,#788);
#786 = CARTESIAN_POINT('',(4.,12.75,-1.));
#787 = DIRECTION('',(-1.,0.,0.));
#788 = DIRECTION('',(0.,1.,0.));
#789 = ADVANCED_FACE('',(#790),#801,.T.);
#790 = FACE_BOUND('',#791,.T.);
#791 = EDGE_LOOP('',(#792,#793,#794,#795));
#792 = ORIENTED_EDGE('',*,*,#315,.T.);
#793 = ORIENTED_EDGE('',*,*,#779,.T.);
#794 = ORIENTED_EDGE('',*,*,#126,.F.);
#795 = ORIENTED_EDGE('',*,*,#796,.F.);
#796 = EDGE_CURVE('',#308,#119,#797,.T.);
#797 = LINE('',#798,#799);
#798 = CARTESIAN_POINT('',(0.,18.05,-1.));
#799 = VECTOR('',#800,1.);
#800 = DIRECTION('',(0.,0.,1.));
#801 = PLANE('',#802);
#802 = AXIS2_PLACEMENT_3D('',#803,#804,#805);
#803 = CARTESIAN_POINT('',(4.,19.05,-1.));
#804 = DIRECTION('',(0.242535625036,-0.970142500145,0.));
#805 = DIRECTION('',(-0.970142500145,-0.242535625036,0.));
#806 = ADVANCED_FACE('',(#807),#818,.F.);
#807 = FACE_BOUND('',#808,.F.);
#808 = EDGE_LOOP('',(#809,#810,#811,#812));
#809 = ORIENTED_EDGE('',*,*,#118,.F.);
#810 = ORIENTED_EDGE('',*,*,#796,.F.);
#811 = ORIENTED_EDGE('',*,*,#307,.T.);
#812 = ORIENTED_EDGE('',*,*,#813,.T.);
#813 = EDGE_CURVE('',#300,#111,#814,.T.);
#814 = LINE('',#815,#816);
#815 = CARTESIAN_POINT('',(0.,53.,0.));
#816 = VECTOR('',#817,1.);
#817 = DIRECTION('',(0.,0.,1.));
#818 = PLANE('',#819);
#819 = AXIS2_PLACEMENT_3D('',#820,#821,#822);
#820 = CARTESIAN_POINT('',(0.,0.,0.));
#821 = DIRECTION('',(1.,0.,0.));
#822 = DIRECTION('',(0.,0.,1.));
#823 = ADVANCED_FACE('',(#824),#835,.T.);
#824 = FACE_BOUND('',#825,.T.);
#825 = EDGE_LOOP('',(#826,#827,#828,#829));
#826 = ORIENTED_EDGE('',*,*,#299,.F.);
#827 = ORIENTED_EDGE('',*,*,#813,.T.);
#828 = ORIENTED_EDGE('',*,*,#110,.T.);
#829 = ORIENTED_EDGE('',*,*,#830,.F.);
#830 = EDGE_CURVE('',#292,#103,#831,.T.);
#831 = LINE('',#832,#833);
#832 = CARTESIAN_POINT('',(43.,53.,0.));
#833 = VECTOR('',#834,1.);
#834 = DIRECTION('',(0.,0.,1.));
#835 = PLANE('',#836);
#836 = AXIS2_PLACEMENT_3D('',#837,#838,#839);
#837 = CARTESIAN_POINT('',(0.,53.,0.));
#838 = DIRECTION('',(0.,1.,0.));
#839 = DIRECTION('',(0.,0.,1.));
#840 = ADVANCED_FACE('',(#841),#852,.T.);
#841 = FACE_BOUND('',#842,.T.);
#842 = EDGE_LOOP('',(#843,#844,#850,#851));
#843 = ORIENTED_EDGE('',*,*,#102,.F.);
#844 = ORIENTED_EDGE('',*,*,#845,.T.);
#845 = EDGE_CURVE('',#95,#284,#846,.T.);
#846 = LINE('',#847,#848);
#847 = CARTESIAN_POINT('',(43.,17.924390243902,0.));
#848 = VECTOR('',#849,1.);
#849 = DIRECTION('',(0.,0.,-1.));
#850 = ORIENTED_EDGE('',*,*,#291,.T.);
#851 = ORIENTED_EDGE('',*,*,#830,.T.);
#852 = PLANE('',#853);
#853 = AXIS2_PLACEMENT_3D('',#854,#855,#856);
#854 = CARTESIAN_POINT('',(43.,0.,0.));
#855 = DIRECTION('',(1.,0.,0.));
#856 = DIRECTION('',(0.,0.,1.));
#857 = ADVANCED_FACE('',(#858),#869,.T.);
#858 = FACE_BOUND('',#859,.T.);
#859 = EDGE_LOOP('',(#860,#861,#867,#868));
#860 = ORIENTED_EDGE('',*,*,#78,.T.);
#861 = ORIENTED_EDGE('',*,*,#862,.T.);
#862 = EDGE_CURVE('',#71,#95,#863,.T.);
#863 = LINE('',#864,#865);
#864 = CARTESIAN_POINT('',(43.,0.,10.));
#865 = VECTOR('',#866,1.);
#866 = DIRECTION('',(0.,1.,0.));
#867 = ORIENTED_EDGE('',*,*,#94,.T.);
#868 = ORIENTED_EDGE('',*,*,#86,.T.);
#869 = PLANE('',#870);
#870 = AXIS2_PLACEMENT_3D('',#871,#872,#873);
#871 = CARTESIAN_POINT('',(0.,0.,10.));
#872 = DIRECTION('',(0.,0.,1.));
#873 = DIRECTION('',(1.,0.,0.));
#874 = ADVANCED_FACE('',(#875),#886,.T.);
#875 = FACE_BOUND('',#876,.T.);
#876 = EDGE_LOOP('',(#877,#878,#879,#880));
#877 = ORIENTED_EDGE('',*,*,#70,.F.);
#878 = ORIENTED_EDGE('',*,*,#340,.T.);
#879 = ORIENTED_EDGE('',*,*,#259,.T.);
#880 = ORIENTED_EDGE('',*,*,#881,.T.);
#881 = EDGE_CURVE('',#260,#71,#882,.T.);
#882 = LINE('',#883,#884);
#883 = CARTESIAN_POINT('',(43.,13.875609756098,0.));
#884 = VECTOR('',#885,1.);
#885 = DIRECTION('',(0.,0.,1.));
#886 = PLANE('',#887);
#887 = AXIS2_PLACEMENT_3D('',#888,#889,#890);
#888 = CARTESIAN_POINT('',(43.,0.,0.));
#889 = DIRECTION('',(1.,0.,0.));
#890 = DIRECTION('',(0.,0.,1.));
#891 = ADVANCED_FACE('',(#892),#918,.T.);
#892 = FACE_BOUND('',#893,.T.);
#893 = EDGE_LOOP('',(#894,#902,#903,#911));
#894 = ORIENTED_EDGE('',*,*,#895,.F.);
#895 = EDGE_CURVE('',#151,#896,#898,.T.);
#896 = VERTEX_POINT('',#897);
#897 = CARTESIAN_POINT('',(16.6,38.36,20.5));
#898 = LINE('',#899,#900);
#899 = CARTESIAN_POINT('',(16.6,38.36,9.9));
#900 = VECTOR('',#901,1.);
#901 = DIRECTION('',(0.,0.,1.));
#902 = ORIENTED_EDGE('',*,*,#150,.T.);
#903 = ORIENTED_EDGE('',*,*,#904,.T.);
#904 = EDGE_CURVE('',#153,#905,#907,.T.);
#905 = VERTEX_POINT('',#906);
#906 = CARTESIAN_POINT('',(16.,37.76,20.5));
#907 = LINE('',#908,#909);
#908 = CARTESIAN_POINT('',(16.,37.76,9.9));
#909 = VECTOR('',#910,1.);
#910 = DIRECTION('',(0.,0.,1.));
#911 = ORIENTED_EDGE('',*,*,#912,.F.);
#912 = EDGE_CURVE('',#896,#905,#913,.T.);
#913 = CIRCLE('',#914,0.6);
#914 = AXIS2_PLACEMENT_3D('',#915,#916,#917);
#915 = CARTESIAN_POINT('',(16.6,37.76,20.5));
#916 = DIRECTION('',(0.,-0.,1.));
#917 = DIRECTION('',(0.,1.,0.));
#918 = CYLINDRICAL_SURFACE('',#919,0.6);
#919 = AXIS2_PLACEMENT_3D('',#920,#921,#922);
#920 = CARTESIAN_POINT('',(16.6,37.76,9.9));
#921 = DIRECTION('',(0.,0.,1.));
#922 = DIRECTION('',(0.,1.,0.));
#923 = ADVANCED_FACE('',(#924),#942,.F.);
#924 = FACE_BOUND('',#925,.F.);
#925 = EDGE_LOOP('',(#926,#927,#935,#941));
#926 = ORIENTED_EDGE('',*,*,#161,.T.);
#927 = ORIENTED_EDGE('',*,*,#928,.T.);
#928 = EDGE_CURVE('',#162,#929,#931,.T.);
#929 = VERTEX_POINT('',#930);
#930 = CARTESIAN_POINT('',(26.4,38.36,20.5));
#931 = LINE('',#932,#933);
#932 = CARTESIAN_POINT('',(26.4,38.36,9.9));
#933 = VECTOR('',#934,1.);
#934 = DIRECTION('',(0.,0.,1.));
#935 = ORIENTED_EDGE('',*,*,#936,.T.);
#936 = EDGE_CURVE('',#929,#896,#937,.T.);
#937 = LINE('',#938,#939);
#938 = CARTESIAN_POINT('',(26.4,38.36,20.5));
#939 = VECTOR('',#940,1.);
#940 = DIRECTION('',(-1.,0.,0.));
#941 = ORIENTED_EDGE('',*,*,#895,.F.);
#942 = PLANE('',#943);
#943 = AXIS2_PLACEMENT_3D('',#944,#945,#946);
#944 = CARTESIAN_POINT('',(27.,38.36,9.9));
#945 = DIRECTION('',(0.,-1.,0.));
#946 = DIRECTION('',(-1.,0.,0.));
#947 = ADVANCED_FACE('',(#948),#966,.F.);
#948 = FACE_BOUND('',#949,.F.);
#949 = EDGE_LOOP('',(#950,#951,#952,#960));
#950 = ORIENTED_EDGE('',*,*,#212,.T.);
#951 = ORIENTED_EDGE('',*,*,#904,.T.);
#952 = ORIENTED_EDGE('',*,*,#953,.T.);
#953 = EDGE_CURVE('',#905,#954,#956,.T.);
#954 = VERTEX_POINT('',#955);
#955 = CARTESIAN_POINT('',(16.,27.96,20.5));
#956 = LINE('',#957,#958);
#957 = CARTESIAN_POINT('',(16.,37.76,20.5));
#958 = VECTOR('',#959,1.);
#959 = DIRECTION('',(0.,-1.,0.));
#960 = ORIENTED_EDGE('',*,*,#961,.F.);
#961 = EDGE_CURVE('',#204,#954,#962,.T.);
#962 = LINE('',#963,#964);
#963 = CARTESIAN_POINT('',(16.,27.96,9.9));
#964 = VECTOR('',#965,1.);
#965 = DIRECTION('',(0.,0.,1.));
#966 = PLANE('',#967);
#967 = AXIS2_PLACEMENT_3D('',#968,#969,#970);
#968 = CARTESIAN_POINT('',(16.,38.36,9.9));
#969 = DIRECTION('',(1.,0.,0.));
#970 = DIRECTION('',(0.,-1.,0.));
#971 = ADVANCED_FACE('',(#972),#991,.T.);
#972 = FACE_BOUND('',#973,.F.);
#973 = EDGE_LOOP('',(#974,#975,#976,#984));
#974 = ORIENTED_EDGE('',*,*,#928,.F.);
#975 = ORIENTED_EDGE('',*,*,#169,.F.);
#976 = ORIENTED_EDGE('',*,*,#977,.T.);
#977 = EDGE_CURVE('',#170,#978,#980,.T.);
#978 = VERTEX_POINT('',#979);
#979 = CARTESIAN_POINT('',(27.,37.76,20.5));
#980 = LINE('',#981,#982);
#981 = CARTESIAN_POINT('',(27.,37.76,9.9));
#982 = VECTOR('',#983,1.);
#983 = DIRECTION('',(0.,0.,1.));
#984 = ORIENTED_EDGE('',*,*,#985,.T.);
#985 = EDGE_CURVE('',#978,#929,#986,.T.);
#986 = CIRCLE('',#987,0.6);
#987 = AXIS2_PLACEMENT_3D('',#988,#989,#990);
#988 = CARTESIAN_POINT('',(26.4,37.76,20.5));
#989 = DIRECTION('',(0.,0.,1.));
#990 = DIRECTION('',(1.,0.,0.));
#991 = CYLINDRICAL_SURFACE('',#992,0.6);
#992 = AXIS2_PLACEMENT_3D('',#993,#994,#995);
#993 = CARTESIAN_POINT('',(26.4,37.76,9.9));
#994 = DIRECTION('',(0.,0.,1.));
#995 = DIRECTION('',(0.,1.,0.));
#996 = ADVANCED_FACE('',(#997),#1016,.T.);
#997 = FACE_BOUND('',#998,.T.);
#998 = EDGE_LOOP('',(#999,#1000,#1001,#1009));
#999 = ORIENTED_EDGE('',*,*,#961,.F.);
#1000 = ORIENTED_EDGE('',*,*,#203,.T.);
#1001 = ORIENTED_EDGE('',*,*,#1002,.T.);
#1002 = EDGE_CURVE('',#196,#1003,#1005,.T.);
#1003 = VERTEX_POINT('',#1004);
#1004 = CARTESIAN_POINT('',(16.6,27.36,20.5));
#1005 = LINE('',#1006,#1007);
#1006 = CARTESIAN_POINT('',(16.6,27.36,9.9));
#1007 = VECTOR('',#1008,1.);
#1008 = DIRECTION('',(0.,0.,1.));
#1009 = ORIENTED_EDGE('',*,*,#1010,.F.);
#1010 = EDGE_CURVE('',#954,#1003,#1011,.T.);
#1011 = CIRCLE('',#1012,0.6);
#1012 = AXIS2_PLACEMENT_3D('',#1013,#1014,#1015);
#1013 = CARTESIAN_POINT('',(16.6,27.96,20.5));
#1014 = DIRECTION('',(0.,0.,1.));
#1015 = DIRECTION('',(-1.,0.,0.));
#1016 = CYLINDRICAL_SURFACE('',#1017,0.6);
#1017 = AXIS2_PLACEMENT_3D('',#1018,#1019,#1020);
#1018 = CARTESIAN_POINT('',(16.6,27.96,9.9));
#1019 = DIRECTION('',(0.,0.,1.));
#1020 = DIRECTION('',(-1.,0.,0.));
#1021 = ADVANCED_FACE('',(#1022),#1040,.F.);
#1022 = FACE_BOUND('',#1023,.F.);
#1023 = EDGE_LOOP('',(#1024,#1025,#1033,#1039));
#1024 = ORIENTED_EDGE('',*,*,#178,.T.);
#1025 = ORIENTED_EDGE('',*,*,#1026,.T.);
#1026 = EDGE_CURVE('',#179,#1027,#1029,.T.);
#1027 = VERTEX_POINT('',#1028);
#1028 = CARTESIAN_POINT('',(27.,27.96,20.5));
#1029 = LINE('',#1030,#1031);
#1030 = CARTESIAN_POINT('',(27.,27.96,9.9));
#1031 = VECTOR('',#1032,1.);
#1032 = DIRECTION('',(0.,0.,1.));
#1033 = ORIENTED_EDGE('',*,*,#1034,.T.);
#1034 = EDGE_CURVE('',#1027,#978,#1035,.T.);
#1035 = LINE('',#1036,#1037);
#1036 = CARTESIAN_POINT('',(27.,27.96,20.5));
#1037 = VECTOR('',#1038,1.);
#1038 = DIRECTION('',(0.,1.,0.));
#1039 = ORIENTED_EDGE('',*,*,#977,.F.);
#1040 = PLANE('',#1041);
#1041 = AXIS2_PLACEMENT_3D('',#1042,#1043,#1044);
#1042 = CARTESIAN_POINT('',(27.,27.36,9.9));
#1043 = DIRECTION('',(-1.,0.,0.));
#1044 = DIRECTION('',(0.,1.,0.));
#1045 = ADVANCED_FACE('',(#1046),#1064,.F.);
#1046 = FACE_BOUND('',#1047,.F.);
#1047 = EDGE_LOOP('',(#1048,#1049,#1050,#1058));
#1048 = ORIENTED_EDGE('',*,*,#195,.T.);
#1049 = ORIENTED_EDGE('',*,*,#1002,.T.);
#1050 = ORIENTED_EDGE('',*,*,#1051,.T.);
#1051 = EDGE_CURVE('',#1003,#1052,#1054,.T.);
#1052 = VERTEX_POINT('',#1053);
#1053 = CARTESIAN_POINT('',(26.4,27.36,20.5));
#1054 = LINE('',#1055,#1056);
#1055 = CARTESIAN_POINT('',(16.6,27.36,20.5));
#1056 = VECTOR('',#1057,1.);
#1057 = DIRECTION('',(1.,0.,0.));
#1058 = ORIENTED_EDGE('',*,*,#1059,.F.);
#1059 = EDGE_CURVE('',#187,#1052,#1060,.T.);
#1060 = LINE('',#1061,#1062);
#1061 = CARTESIAN_POINT('',(26.4,27.36,9.9));
#1062 = VECTOR('',#1063,1.);
#1063 = DIRECTION('',(0.,0.,1.));
#1064 = PLANE('',#1065);
#1065 = AXIS2_PLACEMENT_3D('',#1066,#1067,#1068);
#1066 = CARTESIAN_POINT('',(16.,27.36,9.9));
#1067 = DIRECTION('',(0.,1.,0.));
#1068 = DIRECTION('',(1.,0.,0.));
#1069 = ADVANCED_FACE('',(#1070),#1082,.T.);
#1070 = FACE_BOUND('',#1071,.T.);
#1071 = EDGE_LOOP('',(#1072,#1073,#1074,#1075));
#1072 = ORIENTED_EDGE('',*,*,#1059,.F.);
#1073 = ORIENTED_EDGE('',*,*,#186,.T.);
#1074 = ORIENTED_EDGE('',*,*,#1026,.T.);
#1075 = ORIENTED_EDGE('',*,*,#1076,.F.);
#1076 = EDGE_CURVE('',#1052,#1027,#1077,.T.);
#1077 = CIRCLE('',#1078,0.6);
#1078 = AXIS2_PLACEMENT_3D('',#1079,#1080,#1081);
#1079 = CARTESIAN_POINT('',(26.4,27.96,20.5));
#1080 = DIRECTION('',(-0.,0.,1.));
#1081 = DIRECTION('',(0.,-1.,0.));
#1082 = CYLINDRICAL_SURFACE('',#1083,0.6);
#1083 = AXIS2_PLACEMENT_3D('',#1084,#1085,#1086);
#1084 = CARTESIAN_POINT('',(26.4,27.96,9.9));
#1085 = DIRECTION('',(0.,0.,1.));
#1086 = DIRECTION('',(0.,-1.,0.));
#1087 = ADVANCED_FACE('',(#1088),#1099,.F.);
#1088 = FACE_BOUND('',#1089,.F.);
#1089 = EDGE_LOOP('',(#1090,#1091,#1097,#1098));
#1090 = ORIENTED_EDGE('',*,*,#267,.T.);
#1091 = ORIENTED_EDGE('',*,*,#1092,.T.);
#1092 = EDGE_CURVE('',#260,#284,#1093,.T.);
#1093 = LINE('',#1094,#1095);
#1094 = CARTESIAN_POINT('',(43.,0.,0.));
#1095 = VECTOR('',#1096,1.);
#1096 = DIRECTION('',(0.,1.,0.));
#1097 = ORIENTED_EDGE('',*,*,#283,.T.);
#1098 = ORIENTED_EDGE('',*,*,#275,.T.);
#1099 = PLANE('',#1100);
#1100 = AXIS2_PLACEMENT_3D('',#1101,#1102,#1103);
#1101 = CARTESIAN_POINT('',(0.,0.,0.));
#1102 = DIRECTION('',(0.,0.,1.));
#1103 = DIRECTION('',(1.,0.,0.));
#1104 = ADVANCED_FACE('',(#1105),#1130,.T.);
#1105 = FACE_BOUND('',#1106,.T.);
#1106 = EDGE_LOOP('',(#1107,#1108,#1116,#1124));
#1107 = ORIENTED_EDGE('',*,*,#349,.T.);
#1108 = ORIENTED_EDGE('',*,*,#1109,.T.);
#1109 = EDGE_CURVE('',#352,#1110,#1112,.T.);
#1110 = VERTEX_POINT('',#1111);
#1111 = CARTESIAN_POINT('',(23.930955414013,0.71008024746,3.705212085995
    ));
#1112 = LINE('',#1113,#1114);
#1113 = CARTESIAN_POINT('',(23.930955414013,1.461834344089,
    3.431595971335));
#1114 = VECTOR('',#1115,1.);
#1115 = DIRECTION('',(0.,-0.939692620786,0.342020143326));
#1116 = ORIENTED_EDGE('',*,*,#1117,.T.);
#1117 = EDGE_CURVE('',#1110,#1118,#1120,.T.);
#1118 = VERTEX_POINT('',#1119);
#1119 = CARTESIAN_POINT('',(23.930955414013,1.094885585785,
    4.762456063929));
#1120 = LINE('',#1121,#1122);
#1121 = CARTESIAN_POINT('',(23.930955414013,0.71008024746,3.705212085995
    ));
#1122 = VECTOR('',#1123,1.);
#1123 = DIRECTION('',(0.,0.342020143326,0.939692620786));
#1124 = ORIENTED_EDGE('',*,*,#1125,.F.);
#1125 = EDGE_CURVE('',#350,#1118,#1126,.T.);
#1126 = LINE('',#1127,#1128);
#1127 = CARTESIAN_POINT('',(23.930955414013,1.846639682414,
    4.488839949269));
#1128 = VECTOR('',#1129,1.);
#1129 = DIRECTION('',(0.,-0.939692620786,0.342020143326));
#1130 = PLANE('',#1131);
#1131 = AXIS2_PLACEMENT_3D('',#1132,#1133,#1134);
#1132 = CARTESIAN_POINT('',(23.930955414013,1.461834344089,
    3.431595971335));
#1133 = DIRECTION('',(-1.,0.,0.));
#1134 = DIRECTION('',(0.,0.342020143326,0.939692620786));
#1135 = ADVANCED_FACE('',(#1136),#1154,.T.);
#1136 = FACE_BOUND('',#1137,.T.);
#1137 = EDGE_LOOP('',(#1138,#1139,#1147,#1153));
#1138 = ORIENTED_EDGE('',*,*,#431,.T.);
#1139 = ORIENTED_EDGE('',*,*,#1140,.T.);
#1140 = EDGE_CURVE('',#424,#1141,#1143,.T.);
#1141 = VERTEX_POINT('',#1142);
#1142 = CARTESIAN_POINT('',(24.970445859873,0.71008024746,3.705212085995
    ));
#1143 = LINE('',#1144,#1145);
#1144 = CARTESIAN_POINT('',(24.970445859873,1.461834344089,
    3.431595971335));
#1145 = VECTOR('',#1146,1.);
#1146 = DIRECTION('',(0.,-0.939692620786,0.342020143326));
#1147 = ORIENTED_EDGE('',*,*,#1148,.T.);
#1148 = EDGE_CURVE('',#1141,#1110,#1149,.T.);
#1149 = LINE('',#1150,#1151);
#1150 = CARTESIAN_POINT('',(24.970445859873,0.71008024746,3.705212085995
    ));
#1151 = VECTOR('',#1152,1.);
#1152 = DIRECTION('',(-1.,0.,0.));
#1153 = ORIENTED_EDGE('',*,*,#1109,.F.);
#1154 = PLANE('',#1155);
#1155 = AXIS2_PLACEMENT_3D('',#1156,#1157,#1158);
#1156 = CARTESIAN_POINT('',(24.970445859873,1.461834344089,
    3.431595971335));
#1157 = DIRECTION('',(0.,-0.342020143326,-0.939692620786));
#1158 = DIRECTION('',(-1.,0.,0.));
#1159 = ADVANCED_FACE('',(#1160),#1178,.T.);
#1160 = FACE_BOUND('',#1161,.T.);
#1161 = EDGE_LOOP('',(#1162,#1163,#1171,#1177));
#1162 = ORIENTED_EDGE('',*,*,#423,.T.);
#1163 = ORIENTED_EDGE('',*,*,#1164,.T.);
#1164 = EDGE_CURVE('',#416,#1165,#1167,.T.);
#1165 = VERTEX_POINT('',#1166);
#1166 = CARTESIAN_POINT('',(24.970445859873,1.094885585785,
    4.762456063929));
#1167 = LINE('',#1168,#1169);
#1168 = CARTESIAN_POINT('',(24.970445859873,1.846639682414,
    4.488839949269));
#1169 = VECTOR('',#1170,1.);
#1170 = DIRECTION('',(0.,-0.939692620786,0.342020143326));
#1171 = ORIENTED_EDGE('',*,*,#1172,.T.);
#1172 = EDGE_CURVE('',#1165,#1141,#1173,.T.);
#1173 = LINE('',#1174,#1175);
#1174 = CARTESIAN_POINT('',(24.970445859873,1.094885585785,
    4.762456063929));
#1175 = VECTOR('',#1176,1.);
#1176 = DIRECTION('',(0.,-0.342020143326,-0.939692620786));
#1177 = ORIENTED_EDGE('',*,*,#1140,.F.);
#1178 = PLANE('',#1179);
#1179 = AXIS2_PLACEMENT_3D('',#1180,#1181,#1182);
#1180 = CARTESIAN_POINT('',(24.970445859873,1.846639682414,
    4.488839949269));
#1181 = DIRECTION('',(1.,0.,0.));
#1182 = DIRECTION('',(0.,-0.342020143326,-0.939692620786));
#1183 = ADVANCED_FACE('',(#1184),#1202,.T.);
#1184 = FACE_BOUND('',#1185,.T.);
#1185 = EDGE_LOOP('',(#1186,#1187,#1195,#1201));
#1186 = ORIENTED_EDGE('',*,*,#415,.T.);
#1187 = ORIENTED_EDGE('',*,*,#1188,.T.);
#1188 = EDGE_CURVE('',#408,#1189,#1191,.T.);
#1189 = VERTEX_POINT('',#1190);
#1190 = CARTESIAN_POINT('',(25.665987261146,1.094885585785,
    4.762456063929));
#1191 = LINE('',#1192,#1193);
#1192 = CARTESIAN_POINT('',(25.665987261146,1.846639682414,
    4.488839949269));
#1193 = VECTOR('',#1194,1.);
#1194 = DIRECTION('',(0.,-0.939692620786,0.342020143326));
#1195 = ORIENTED_EDGE('',*,*,#1196,.T.);
#1196 = EDGE_CURVE('',#1189,#1165,#1197,.T.);
#1197 = LINE('',#1198,#1199);
#1198 = CARTESIAN_POINT('',(25.665987261146,1.094885585785,
    4.762456063929));
#1199 = VECTOR('',#1200,1.);
#1200 = DIRECTION('',(-1.,0.,0.));
#1201 = ORIENTED_EDGE('',*,*,#1164,.F.);
#1202 = PLANE('',#1203);
#1203 = AXIS2_PLACEMENT_3D('',#1204,#1205,#1206);
#1204 = CARTESIAN_POINT('',(25.665987261146,1.846639682414,
    4.488839949269));
#1205 = DIRECTION('',(0.,-0.342020143326,-0.939692620786));
#1206 = DIRECTION('',(-1.,0.,0.));
#1207 = ADVANCED_FACE('',(#1208),#1226,.T.);
#1208 = FACE_BOUND('',#1209,.T.);
#1209 = EDGE_LOOP('',(#1210,#1211,#1219,#1225));
#1210 = ORIENTED_EDGE('',*,*,#407,.T.);
#1211 = ORIENTED_EDGE('',*,*,#1212,.T.);
#1212 = EDGE_CURVE('',#400,#1213,#1215,.T.);
#1213 = VERTEX_POINT('',#1214);
#1214 = CARTESIAN_POINT('',(25.665987261146,1.418345145537,
    5.651153900453));
#1215 = LINE('',#1216,#1217);
#1216 = CARTESIAN_POINT('',(25.665987261146,2.170099242166,
    5.377537785793));
#1217 = VECTOR('',#1218,1.);
#1218 = DIRECTION('',(0.,-0.939692620786,0.342020143326));
#1219 = ORIENTED_EDGE('',*,*,#1220,.T.);
#1220 = EDGE_CURVE('',#1213,#1189,#1221,.T.);
#1221 = LINE('',#1222,#1223);
#1222 = CARTESIAN_POINT('',(25.665987261146,1.418345145537,
    5.651153900453));
#1223 = VECTOR('',#1224,1.);
#1224 = DIRECTION('',(0.,-0.342020143326,-0.939692620786));
#1225 = ORIENTED_EDGE('',*,*,#1188,.F.);
#1226 = PLANE('',#1227);
#1227 = AXIS2_PLACEMENT_3D('',#1228,#1229,#1230);
#1228 = CARTESIAN_POINT('',(25.665987261146,2.170099242166,
    5.377537785793));
#1229 = DIRECTION('',(1.,0.,0.));
#1230 = DIRECTION('',(0.,-0.342020143326,-0.939692620786));
#1231 = ADVANCED_FACE('',(#1232),#1250,.T.);
#1232 = FACE_BOUND('',#1233,.T.);
#1233 = EDGE_LOOP('',(#1234,#1235,#1243,#1249));
#1234 = ORIENTED_EDGE('',*,*,#399,.T.);
#1235 = ORIENTED_EDGE('',*,*,#1236,.T.);
#1236 = EDGE_CURVE('',#392,#1237,#1239,.T.);
#1237 = VERTEX_POINT('',#1238);
#1238 = CARTESIAN_POINT('',(24.970445859873,1.418345145537,
    5.651153900453));
#1239 = LINE('',#1240,#1241);
#1240 = CARTESIAN_POINT('',(24.970445859873,2.170099242166,
    5.377537785793));
#1241 = VECTOR('',#1242,1.);
#1242 = DIRECTION('',(0.,-0.939692620786,0.342020143326));
#1243 = ORIENTED_EDGE('',*,*,#1244,.T.);
#1244 = EDGE_CURVE('',#1237,#1213,#1245,.T.);
#1245 = LINE('',#1246,#1247);
#1246 = CARTESIAN_POINT('',(24.970445859873,1.418345145537,
    5.651153900453));
#1247 = VECTOR('',#1248,1.);
#1248 = DIRECTION('',(1.,0.,0.));
#1249 = ORIENTED_EDGE('',*,*,#1212,.F.);
#1250 = PLANE('',#1251);
#1251 = AXIS2_PLACEMENT_3D('',#1252,#1253,#1254);
#1252 = CARTESIAN_POINT('',(24.970445859873,2.170099242166,
    5.377537785793));
#1253 = DIRECTION('',(0.,0.342020143326,0.939692620786));
#1254 = DIRECTION('',(1.,0.,0.));
#1255 = ADVANCED_FACE('',(#1256),#1274,.T.);
#1256 = FACE_BOUND('',#1257,.T.);
#1257 = EDGE_LOOP('',(#1258,#1259,#1267,#1273));
#1258 = ORIENTED_EDGE('',*,*,#391,.T.);
#1259 = ORIENTED_EDGE('',*,*,#1260,.T.);
#1260 = EDGE_CURVE('',#384,#1261,#1263,.T.);
#1261 = VERTEX_POINT('',#1262);
#1262 = CARTESIAN_POINT('',(24.970445859873,2.634106939086,
    8.991431975665));
#1263 = LINE('',#1264,#1265);
#1264 = CARTESIAN_POINT('',(24.970445859873,3.385861035715,
    8.717815861004));
#1265 = VECTOR('',#1266,1.);
#1266 = DIRECTION('',(0.,-0.939692620786,0.342020143326));
#1267 = ORIENTED_EDGE('',*,*,#1268,.T.);
#1268 = EDGE_CURVE('',#1261,#1237,#1269,.T.);
#1269 = LINE('',#1270,#1271);
#1270 = CARTESIAN_POINT('',(24.970445859873,2.634106939086,
    8.991431975665));
#1271 = VECTOR('',#1272,1.);
#1272 = DIRECTION('',(0.,-0.342020143326,-0.939692620786));
#1273 = ORIENTED_EDGE('',*,*,#1236,.F.);
#1274 = PLANE('',#1275);
#1275 = AXIS2_PLACEMENT_3D('',#1276,#1277,#1278);
#1276 = CARTESIAN_POINT('',(24.970445859873,3.385861035715,
    8.717815861004));
#1277 = DIRECTION('',(1.,0.,0.));
#1278 = DIRECTION('',(0.,-0.342020143326,-0.939692620786));
#1279 = ADVANCED_FACE('',(#1280),#1298,.T.);
#1280 = FACE_BOUND('',#1281,.T.);
#1281 = EDGE_LOOP('',(#1282,#1283,#1291,#1297));
#1282 = ORIENTED_EDGE('',*,*,#383,.T.);
#1283 = ORIENTED_EDGE('',*,*,#1284,.T.);
#1284 = EDGE_CURVE('',#376,#1285,#1287,.T.);
#1285 = VERTEX_POINT('',#1286);
#1286 = CARTESIAN_POINT('',(24.068535031847,2.634106939086,
    8.991431975665));
#1287 = LINE('',#1288,#1289);
#1288 = CARTESIAN_POINT('',(24.068535031847,3.385861035715,
    8.717815861004));
#1289 = VECTOR('',#1290,1.);
#1290 = DIRECTION('',(0.,-0.939692620786,0.342020143326));
#1291 = ORIENTED_EDGE('',*,*,#1292,.T.);
#1292 = EDGE_CURVE('',#1285,#1261,#1293,.T.);
#1293 = LINE('',#1294,#1295);
#1294 = CARTESIAN_POINT('',(24.068535031847,2.634106939086,
    8.991431975665));
#1295 = VECTOR('',#1296,1.);
#1296 = DIRECTION('',(1.,0.,0.));
#1297 = ORIENTED_EDGE('',*,*,#1260,.F.);
#1298 = PLANE('',#1299);
#1299 = AXIS2_PLACEMENT_3D('',#1300,#1301,#1302);
#1300 = CARTESIAN_POINT('',(24.068535031847,3.385861035715,
    8.717815861004));
#1301 = DIRECTION('',(0.,0.342020143326,0.939692620786));
#1302 = DIRECTION('',(1.,0.,0.));
#1303 = ADVANCED_FACE('',(#1304),#1322,.T.);
#1304 = FACE_BOUND('',#1305,.T.);
#1305 = EDGE_LOOP('',(#1306,#1307,#1315,#1321));
#1306 = ORIENTED_EDGE('',*,*,#375,.T.);
#1307 = ORIENTED_EDGE('',*,*,#1308,.T.);
#1308 = EDGE_CURVE('',#368,#1309,#1311,.T.);
#1309 = VERTEX_POINT('',#1310);
#1310 = CARTESIAN_POINT('',(21.637961783439,1.417038062187,
    5.647562718463));
#1311 = LINE('',#1312,#1313);
#1312 = CARTESIAN_POINT('',(21.637961783439,2.168792158815,
    5.373946603803));
#1313 = VECTOR('',#1314,1.);
#1314 = DIRECTION('',(0.,-0.939692620786,0.342020143326));
#1315 = ORIENTED_EDGE('',*,*,#1316,.T.);
#1316 = EDGE_CURVE('',#1309,#1285,#1317,.T.);
#1317 = LINE('',#1318,#1319);
#1318 = CARTESIAN_POINT('',(21.637961783439,1.417038062187,
    5.647562718463));
#1319 = VECTOR('',#1320,1.);
#1320 = DIRECTION('',(0.564024580147,0.282425869186,0.77595869826));
#1321 = ORIENTED_EDGE('',*,*,#1284,.F.);
#1322 = PLANE('',#1323);
#1323 = AXIS2_PLACEMENT_3D('',#1324,#1325,#1326);
#1324 = CARTESIAN_POINT('',(21.637961783439,2.168792158815,
    5.373946603803));
#1325 = DIRECTION('',(-0.825757999047,0.192907767741,0.530009735906));
#1326 = DIRECTION('',(0.564024580147,0.282425869186,0.77595869826));
#1327 = ADVANCED_FACE('',(#1328),#1346,.T.);
#1328 = FACE_BOUND('',#1329,.T.);
#1329 = EDGE_LOOP('',(#1330,#1331,#1339,#1345));
#1330 = ORIENTED_EDGE('',*,*,#367,.T.);
#1331 = ORIENTED_EDGE('',*,*,#1332,.T.);
#1332 = EDGE_CURVE('',#360,#1333,#1335,.T.);
#1333 = VERTEX_POINT('',#1334);
#1334 = CARTESIAN_POINT('',(21.637961783439,1.094885585785,
    4.762456063929));
#1335 = LINE('',#1336,#1337);
#1336 = CARTESIAN_POINT('',(21.637961783439,1.846639682414,
    4.488839949269));
#1337 = VECTOR('',#1338,1.);
#1338 = DIRECTION('',(0.,-0.939692620786,0.342020143326));
#1339 = ORIENTED_EDGE('',*,*,#1340,.T.);
#1340 = EDGE_CURVE('',#1333,#1309,#1341,.T.);
#1341 = LINE('',#1342,#1343);
#1342 = CARTESIAN_POINT('',(21.637961783439,1.094885585785,
    4.762456063929));
#1343 = VECTOR('',#1344,1.);
#1344 = DIRECTION('',(0.,0.342020143326,0.939692620786));
#1345 = ORIENTED_EDGE('',*,*,#1308,.F.);
#1346 = PLANE('',#1347);
#1347 = AXIS2_PLACEMENT_3D('',#1348,#1349,#1350);
#1348 = CARTESIAN_POINT('',(21.637961783439,1.846639682414,
    4.488839949269));
#1349 = DIRECTION('',(-1.,0.,0.));
#1350 = DIRECTION('',(0.,0.342020143326,0.939692620786));
#1351 = ADVANCED_FACE('',(#1352),#1363,.T.);
#1352 = FACE_BOUND('',#1353,.T.);
#1353 = EDGE_LOOP('',(#1354,#1355,#1356,#1362));
#1354 = ORIENTED_EDGE('',*,*,#359,.T.);
#1355 = ORIENTED_EDGE('',*,*,#1125,.T.);
#1356 = ORIENTED_EDGE('',*,*,#1357,.T.);
#1357 = EDGE_CURVE('',#1118,#1333,#1358,.T.);
#1358 = LINE('',#1359,#1360);
#1359 = CARTESIAN_POINT('',(23.930955414013,1.094885585785,
    4.762456063929));
#1360 = VECTOR('',#1361,1.);
#1361 = DIRECTION('',(-1.,0.,0.));
#1362 = ORIENTED_EDGE('',*,*,#1332,.F.);
#1363 = PLANE('',#1364);
#1364 = AXIS2_PLACEMENT_3D('',#1365,#1366,#1367);
#1365 = CARTESIAN_POINT('',(23.930955414013,1.846639682414,
    4.488839949269));
#1366 = DIRECTION('',(0.,-0.342020143326,-0.939692620786));
#1367 = DIRECTION('',(-1.,0.,0.));
#1368 = ADVANCED_FACE('',(#1369),#1394,.T.);
#1369 = FACE_BOUND('',#1370,.T.);
#1370 = EDGE_LOOP('',(#1371,#1372,#1380,#1388));
#1371 = ORIENTED_EDGE('',*,*,#439,.T.);
#1372 = ORIENTED_EDGE('',*,*,#1373,.T.);
#1373 = EDGE_CURVE('',#442,#1374,#1376,.T.);
#1374 = VERTEX_POINT('',#1375);
#1375 = CARTESIAN_POINT('',(21.098343949045,1.050270474095,
    4.639877051995));
#1376 = LINE('',#1377,#1378);
#1377 = CARTESIAN_POINT('',(21.098343949045,1.802024570724,
    4.366260937334));
#1378 = VECTOR('',#1379,1.);
#1379 = DIRECTION('',(0.,-0.939692620786,0.342020143326));
#1380 = ORIENTED_EDGE('',*,*,#1381,.T.);
#1381 = EDGE_CURVE('',#1374,#1382,#1384,.T.);
#1382 = VERTEX_POINT('',#1383);
#1383 = CARTESIAN_POINT('',(21.098343949045,0.71008024746,3.705212085995
    ));
#1384 = LINE('',#1385,#1386);
#1385 = CARTESIAN_POINT('',(21.098343949045,1.050270474095,
    4.639877051995));
#1386 = VECTOR('',#1387,1.);
#1387 = DIRECTION('',(0.,-0.342020143326,-0.939692620786));
#1388 = ORIENTED_EDGE('',*,*,#1389,.F.);
#1389 = EDGE_CURVE('',#440,#1382,#1390,.T.);
#1390 = LINE('',#1391,#1392);
#1391 = CARTESIAN_POINT('',(21.098343949045,1.461834344089,
    3.431595971335));
#1392 = VECTOR('',#1393,1.);
#1393 = DIRECTION('',(0.,-0.939692620786,0.342020143326));
#1394 = PLANE('',#1395);
#1395 = AXIS2_PLACEMENT_3D('',#1396,#1397,#1398);
#1396 = CARTESIAN_POINT('',(21.098343949045,1.802024570724,
    4.366260937334));
#1397 = DIRECTION('',(1.,0.,0.));
#1398 = DIRECTION('',(0.,-0.342020143326,-0.939692620786));
#1399 = ADVANCED_FACE('',(#1400),#1418,.T.);
#1400 = FACE_BOUND('',#1401,.T.);
#1401 = EDGE_LOOP('',(#1402,#1403,#1411,#1417));
#1402 = ORIENTED_EDGE('',*,*,#762,.T.);
#1403 = ORIENTED_EDGE('',*,*,#1404,.T.);
#1404 = EDGE_CURVE('',#752,#1405,#1407,.T.);
#1405 = VERTEX_POINT('',#1406);
#1406 = CARTESIAN_POINT('',(18.965859872611,1.050270474095,
    4.639877051995));
#1407 = LINE('',#1408,#1409);
#1408 = CARTESIAN_POINT('',(18.965859872611,1.802024570724,
    4.366260937334));
#1409 = VECTOR('',#1410,1.);
#1410 = DIRECTION('',(0.,-0.939692620786,0.342020143326));
#1411 = ORIENTED_EDGE('',*,*,#1412,.T.);
#1412 = EDGE_CURVE('',#1405,#1374,#1413,.T.);
#1413 = LINE('',#1414,#1415);
#1414 = CARTESIAN_POINT('',(18.965859872611,1.050270474095,
    4.639877051995));
#1415 = VECTOR('',#1416,1.);
#1416 = DIRECTION('',(1.,0.,0.));
#1417 = ORIENTED_EDGE('',*,*,#1373,.F.);
#1418 = PLANE('',#1419);
#1419 = AXIS2_PLACEMENT_3D('',#1420,#1421,#1422);
#1420 = CARTESIAN_POINT('',(18.965859872611,1.802024570724,
    4.366260937334));
#1421 = DIRECTION('',(0.,0.342020143326,0.939692620786));
#1422 = DIRECTION('',(1.,0.,0.));
#1423 = ADVANCED_FACE('',(#1424),#1442,.T.);
#1424 = FACE_BOUND('',#1425,.T.);
#1425 = EDGE_LOOP('',(#1426,#1427,#1435,#1441));
#1426 = ORIENTED_EDGE('',*,*,#751,.T.);
#1427 = ORIENTED_EDGE('',*,*,#1428,.T.);
#1428 = EDGE_CURVE('',#739,#1429,#1431,.T.);
#1429 = VERTEX_POINT('',#1430);
#1430 = CARTESIAN_POINT('',(19.185477707006,1.152571530978,
    4.920946895766));
#1431 = LINE('',#1432,#1433);
#1432 = CARTESIAN_POINT('',(19.185477707006,1.904325627607,
    4.647330781106));
#1433 = VECTOR('',#1434,1.);
#1434 = DIRECTION('',(0.,-0.939692620786,0.342020143326));
#1435 = ORIENTED_EDGE('',*,*,#1436,.T.);
#1436 = EDGE_CURVE('',#1429,#1405,#1437,.T.);
#1437 = B_SPLINE_CURVE_WITH_KNOTS('',2,(#1438,#1439,#1440),
  .UNSPECIFIED.,.F.,.F.,(3,3),(0.,1.),.PIECEWISE_BEZIER_KNOTS.);
#1438 = CARTESIAN_POINT('',(19.185477707006,1.152571530978,
    4.920946895766));
#1439 = CARTESIAN_POINT('',(19.049936305732,1.100113919186,4.77682079189
    ));
#1440 = CARTESIAN_POINT('',(18.965859872611,1.050270474095,
    4.639877051995));
#1441 = ORIENTED_EDGE('',*,*,#1404,.F.);
#1442 = SURFACE_OF_LINEAR_EXTRUSION('',#1443,#1447);
#1443 = B_SPLINE_CURVE_WITH_KNOTS('',2,(#1444,#1445,#1446),
  .UNSPECIFIED.,.F.,.F.,(3,3),(0.,1.),.PIECEWISE_BEZIER_KNOTS.);
#1444 = CARTESIAN_POINT('',(19.185477707006,1.904325627607,
    4.647330781106));
#1445 = CARTESIAN_POINT('',(19.049936305732,1.851868015815,4.50320467723
    ));
#1446 = CARTESIAN_POINT('',(18.965859872611,1.802024570724,
    4.366260937334));
#1447 = VECTOR('',#1448,1.);
#1448 = DIRECTION('',(-0.,0.939692620786,-0.342020143326));
#1449 = ADVANCED_FACE('',(#1450),#1468,.T.);
#1450 = FACE_BOUND('',#1451,.T.);
#1451 = EDGE_LOOP('',(#1452,#1453,#1461,#1467));
#1452 = ORIENTED_EDGE('',*,*,#738,.T.);
#1453 = ORIENTED_EDGE('',*,*,#1454,.T.);
#1454 = EDGE_CURVE('',#726,#1455,#1457,.T.);
#1455 = VERTEX_POINT('',#1456);
#1456 = CARTESIAN_POINT('',(19.829554140127,1.365190422625,
    5.505112499516));
#1457 = LINE('',#1458,#1459);
#1458 = CARTESIAN_POINT('',(19.829554140127,2.116944519254,
    5.231496384855));
#1459 = VECTOR('',#1460,1.);
#1460 = DIRECTION('',(0.,-0.939692620786,0.342020143326));
#1461 = ORIENTED_EDGE('',*,*,#1462,.T.);
#1462 = EDGE_CURVE('',#1455,#1429,#1463,.T.);
#1463 = B_SPLINE_CURVE_WITH_KNOTS('',2,(#1464,#1465,#1466),
  .UNSPECIFIED.,.F.,.F.,(3,3),(0.,1.),.PIECEWISE_BEZIER_KNOTS.);
#1464 = CARTESIAN_POINT('',(19.829554140127,1.365190422625,
    5.505112499516));
#1465 = CARTESIAN_POINT('',(19.32127388535,1.20511628166,5.065312411775)
  );
#1466 = CARTESIAN_POINT('',(19.185477707006,1.152571530978,
    4.920946895766));
#1467 = ORIENTED_EDGE('',*,*,#1428,.F.);
#1468 = SURFACE_OF_LINEAR_EXTRUSION('',#1469,#1473);
#1469 = B_SPLINE_CURVE_WITH_KNOTS('',2,(#1470,#1471,#1472),
  .UNSPECIFIED.,.F.,.F.,(3,3),(0.,1.),.PIECEWISE_BEZIER_KNOTS.);
#1470 = CARTESIAN_POINT('',(19.829554140127,2.116944519254,
    5.231496384855));
#1471 = CARTESIAN_POINT('',(19.32127388535,1.956870378288,4.791696297114
    ));
#1472 = CARTESIAN_POINT('',(19.185477707006,1.904325627607,
    4.647330781106));
#1473 = VECTOR('',#1474,1.);
#1474 = DIRECTION('',(-0.,0.939692620786,-0.342020143326));
#1475 = ADVANCED_FACE('',(#1476),#1494,.T.);
#1476 = FACE_BOUND('',#1477,.T.);
#1477 = EDGE_LOOP('',(#1478,#1479,#1487,#1493));
#1478 = ORIENTED_EDGE('',*,*,#725,.T.);
#1479 = ORIENTED_EDGE('',*,*,#1480,.T.);
#1480 = EDGE_CURVE('',#714,#1481,#1483,.T.);
#1481 = VERTEX_POINT('',#1482);
#1482 = CARTESIAN_POINT('',(20.532738853503,1.610660675809,
    6.179536477288));
#1483 = LINE('',#1484,#1485);
#1484 = CARTESIAN_POINT('',(20.532738853503,2.362414772438,
    5.905920362627));
#1485 = VECTOR('',#1486,1.);
#1486 = DIRECTION('',(0.,-0.939692620786,0.342020143326));
#1487 = ORIENTED_EDGE('',*,*,#1488,.T.);
#1488 = EDGE_CURVE('',#1481,#1455,#1489,.T.);
#1489 = B_SPLINE_CURVE_WITH_KNOTS('',2,(#1490,#1491,#1492),
  .UNSPECIFIED.,.F.,.F.,(3,3),(0.,1.),.PIECEWISE_BEZIER_KNOTS.);
#1490 = CARTESIAN_POINT('',(20.532738853503,1.610660675809,
    6.179536477288));
#1491 = CARTESIAN_POINT('',(20.337834394904,1.525351702481,5.94515199939
    ));
#1492 = CARTESIAN_POINT('',(19.829554140127,1.365190422625,
    5.505112499516));
#1493 = ORIENTED_EDGE('',*,*,#1454,.F.);
#1494 = SURFACE_OF_LINEAR_EXTRUSION('',#1495,#1499);
#1495 = B_SPLINE_CURVE_WITH_KNOTS('',2,(#1496,#1497,#1498),
  .UNSPECIFIED.,.F.,.F.,(3,3),(0.,1.),.PIECEWISE_BEZIER_KNOTS.);
#1496 = CARTESIAN_POINT('',(20.532738853503,2.362414772438,
    5.905920362627));
#1497 = CARTESIAN_POINT('',(20.337834394904,2.277105799109,
    5.671535884729));
#1498 = CARTESIAN_POINT('',(19.829554140127,2.116944519254,
    5.231496384855));
#1499 = VECTOR('',#1500,1.);
#1500 = DIRECTION('',(-0.,0.939692620786,-0.342020143326));
#1501 = ADVANCED_FACE('',(#1502),#1520,.T.);
#1502 = FACE_BOUND('',#1503,.T.);
#1503 = EDGE_LOOP('',(#1504,#1505,#1513,#1519));
#1504 = ORIENTED_EDGE('',*,*,#713,.T.);
#1505 = ORIENTED_EDGE('',*,*,#1506,.T.);
#1506 = EDGE_CURVE('',#699,#1507,#1509,.T.);
#1507 = VERTEX_POINT('',#1508);
#1508 = CARTESIAN_POINT('',(20.962547770701,1.856828040114,
    6.855875752121));
#1509 = LINE('',#1510,#1511);
#1510 = CARTESIAN_POINT('',(20.962547770701,2.608582136743,6.58225963746
    ));
#1511 = VECTOR('',#1512,1.);
#1512 = DIRECTION('',(0.,-0.939692620786,0.342020143326));
#1513 = ORIENTED_EDGE('',*,*,#1514,.T.);
#1514 = EDGE_CURVE('',#1507,#1481,#1515,.T.);
#1515 = B_SPLINE_CURVE_WITH_KNOTS('',2,(#1516,#1517,#1518),
  .UNSPECIFIED.,.F.,.F.,(3,3),(0.,1.),.PIECEWISE_BEZIER_KNOTS.);
#1516 = CARTESIAN_POINT('',(20.962547770701,1.856828040114,
    6.855875752121));
#1517 = CARTESIAN_POINT('',(20.827006369427,1.739364816368,
    6.533148197262));
#1518 = CARTESIAN_POINT('',(20.532738853503,1.610660675809,
    6.179536477288));
#1519 = ORIENTED_EDGE('',*,*,#1480,.F.);
#1520 = SURFACE_OF_LINEAR_EXTRUSION('',#1521,#1525);
#1521 = B_SPLINE_CURVE_WITH_KNOTS('',2,(#1522,#1523,#1524),
  .UNSPECIFIED.,.F.,.F.,(3,3),(0.,1.),.PIECEWISE_BEZIER_KNOTS.);
#1522 = CARTESIAN_POINT('',(20.962547770701,2.608582136743,6.58225963746
    ));
#1523 = CARTESIAN_POINT('',(20.827006369427,2.491118912997,
    6.259532082602));
#1524 = CARTESIAN_POINT('',(20.532738853503,2.362414772438,
    5.905920362627));
#1525 = VECTOR('',#1526,1.);
#1526 = DIRECTION('',(-0.,0.939692620786,-0.342020143326));
#1527 = ADVANCED_FACE('',(#1528),#1546,.T.);
#1528 = FACE_BOUND('',#1529,.T.);
#1529 = EDGE_LOOP('',(#1530,#1531,#1539,#1545));
#1530 = ORIENTED_EDGE('',*,*,#698,.T.);
#1531 = ORIENTED_EDGE('',*,*,#1532,.T.);
#1532 = EDGE_CURVE('',#680,#1533,#1535,.T.);
#1533 = VERTEX_POINT('',#1534);
#1534 = CARTESIAN_POINT('',(21.098343949045,2.104215348879,
    7.535566796812));
#1535 = LINE('',#1536,#1537);
#1536 = CARTESIAN_POINT('',(21.098343949045,2.855969445507,
    7.261950682151));
#1537 = VECTOR('',#1538,1.);
#1538 = DIRECTION('',(0.,-0.939692620786,0.342020143326));
#1539 = ORIENTED_EDGE('',*,*,#1540,.T.);
#1540 = EDGE_CURVE('',#1533,#1507,#1541,.T.);
#1541 = B_SPLINE_CURVE_WITH_KNOTS('',2,(#1542,#1543,#1544),
  .UNSPECIFIED.,.F.,.F.,(3,3),(0.,1.),.PIECEWISE_BEZIER_KNOTS.);
#1542 = CARTESIAN_POINT('',(21.098343949045,2.104215348879,
    7.535566796812));
#1543 = CARTESIAN_POINT('',(21.098343949045,1.97429126386,7.178603306979
    ));
#1544 = CARTESIAN_POINT('',(20.962547770701,1.856828040114,
    6.855875752121));
#1545 = ORIENTED_EDGE('',*,*,#1506,.F.);
#1546 = SURFACE_OF_LINEAR_EXTRUSION('',#1547,#1551);
#1547 = B_SPLINE_CURVE_WITH_KNOTS('',2,(#1548,#1549,#1550),
  .UNSPECIFIED.,.F.,.F.,(3,3),(0.,1.),.PIECEWISE_BEZIER_KNOTS.);
#1548 = CARTESIAN_POINT('',(21.098343949045,2.855969445507,
    7.261950682151));
#1549 = CARTESIAN_POINT('',(21.098343949045,2.726045360489,
    6.904987192319));
#1550 = CARTESIAN_POINT('',(20.962547770701,2.608582136743,6.58225963746
    ));
#1551 = VECTOR('',#1552,1.);
#1552 = DIRECTION('',(-0.,0.939692620786,-0.342020143326));
#1553 = ADVANCED_FACE('',(#1554),#1572,.T.);
#1554 = FACE_BOUND('',#1555,.T.);
#1555 = EDGE_LOOP('',(#1556,#1557,#1565,#1571));
#1556 = ORIENTED_EDGE('',*,*,#679,.T.);
#1557 = ORIENTED_EDGE('',*,*,#1558,.T.);
#1558 = EDGE_CURVE('',#657,#1559,#1561,.T.);
#1559 = VERTEX_POINT('',#1560);
#1560 = CARTESIAN_POINT('',(20.624458598726,2.486145103833,
    8.584910174367));
#1561 = LINE('',#1562,#1563);
#1562 = CARTESIAN_POINT('',(20.624458598726,3.237899200462,
    8.311294059706));
#1563 = VECTOR('',#1564,1.);
#1564 = DIRECTION('',(0.,-0.939692620786,0.342020143326));
#1565 = ORIENTED_EDGE('',*,*,#1566,.T.);
#1566 = EDGE_CURVE('',#1559,#1533,#1567,.T.);
#1567 = B_SPLINE_CURVE_WITH_KNOTS('',2,(#1568,#1569,#1570),
  .UNSPECIFIED.,.F.,.F.,(3,3),(0.,1.),.PIECEWISE_BEZIER_KNOTS.);
#1568 = CARTESIAN_POINT('',(20.624458598726,2.486145103833,
    8.584910174367));
#1569 = CARTESIAN_POINT('',(21.098343949045,2.332606379619,
    8.163065996577));
#1570 = CARTESIAN_POINT('',(21.098343949045,2.104215348879,
    7.535566796812));
#1571 = ORIENTED_EDGE('',*,*,#1532,.F.);
#1572 = SURFACE_OF_LINEAR_EXTRUSION('',#1573,#1577);
#1573 = B_SPLINE_CURVE_WITH_KNOTS('',2,(#1574,#1575,#1576),
  .UNSPECIFIED.,.F.,.F.,(3,3),(0.,1.),.PIECEWISE_BEZIER_KNOTS.);
#1574 = CARTESIAN_POINT('',(20.624458598726,3.237899200462,
    8.311294059706));
#1575 = CARTESIAN_POINT('',(21.098343949045,3.084360476248,
    7.889449881917));
#1576 = CARTESIAN_POINT('',(21.098343949045,2.855969445507,
    7.261950682151));
#1577 = VECTOR('',#1578,1.);
#1578 = DIRECTION('',(-0.,0.939692620786,-0.342020143326));
#1579 = ADVANCED_FACE('',(#1580),#1598,.T.);
#1580 = FACE_BOUND('',#1581,.T.);
#1581 = EDGE_LOOP('',(#1582,#1583,#1591,#1597));
#1582 = ORIENTED_EDGE('',*,*,#656,.T.);
#1583 = ORIENTED_EDGE('',*,*,#1584,.T.);
#1584 = EDGE_CURVE('',#640,#1585,#1587,.T.);
#1585 = VERTEX_POINT('',#1586);
#1586 = CARTESIAN_POINT('',(19.32127388535,2.639683828047,9.006754352157
    ));
#1587 = LINE('',#1588,#1589);
#1588 = CARTESIAN_POINT('',(19.32127388535,3.391437924676,8.733138237496
    ));
#1589 = VECTOR('',#1590,1.);
#1590 = DIRECTION('',(0.,-0.939692620786,0.342020143326));
#1591 = ORIENTED_EDGE('',*,*,#1592,.T.);
#1592 = EDGE_CURVE('',#1585,#1559,#1593,.T.);
#1593 = B_SPLINE_CURVE_WITH_KNOTS('',2,(#1594,#1595,#1596),
  .UNSPECIFIED.,.F.,.F.,(3,3),(0.,1.),.PIECEWISE_BEZIER_KNOTS.);
#1594 = CARTESIAN_POINT('',(19.32127388535,2.639683828047,9.006754352157
    ));
#1595 = CARTESIAN_POINT('',(20.150573248408,2.639683828047,
    9.006754352157));
#1596 = CARTESIAN_POINT('',(20.624458598726,2.486145103833,
    8.584910174367));
#1597 = ORIENTED_EDGE('',*,*,#1558,.F.);
#1598 = SURFACE_OF_LINEAR_EXTRUSION('',#1599,#1603);
#1599 = B_SPLINE_CURVE_WITH_KNOTS('',2,(#1600,#1601,#1602),
  .UNSPECIFIED.,.F.,.F.,(3,3),(0.,1.),.PIECEWISE_BEZIER_KNOTS.);
#1600 = CARTESIAN_POINT('',(19.32127388535,3.391437924676,8.733138237496
    ));
#1601 = CARTESIAN_POINT('',(20.150573248408,3.391437924676,
    8.733138237496));
#1602 = CARTESIAN_POINT('',(20.624458598726,3.237899200462,
    8.311294059706));
#1603 = VECTOR('',#1604,1.);
#1604 = DIRECTION('',(-0.,0.939692620786,-0.342020143326));
#1605 = ADVANCED_FACE('',(#1606),#1624,.T.);
#1606 = FACE_BOUND('',#1607,.T.);
#1607 = EDGE_LOOP('',(#1608,#1609,#1617,#1623));
#1608 = ORIENTED_EDGE('',*,*,#639,.T.);
#1609 = ORIENTED_EDGE('',*,*,#1610,.T.);
#1610 = EDGE_CURVE('',#613,#1611,#1613,.T.);
#1611 = VERTEX_POINT('',#1612);
#1612 = CARTESIAN_POINT('',(18.060127388535,2.506797020768,
    8.641650849813));
#1613 = LINE('',#1614,#1615);
#1614 = CARTESIAN_POINT('',(18.060127388535,3.258551117396,
    8.368034735153));
#1615 = VECTOR('',#1616,1.);
#1616 = DIRECTION('',(0.,-0.939692620786,0.342020143326));
#1617 = ORIENTED_EDGE('',*,*,#1618,.T.);
#1618 = EDGE_CURVE('',#1611,#1585,#1619,.T.);
#1619 = B_SPLINE_CURVE_WITH_KNOTS('',2,(#1620,#1621,#1622),
  .UNSPECIFIED.,.F.,.F.,(3,3),(0.,1.),.PIECEWISE_BEZIER_KNOTS.);
#1620 = CARTESIAN_POINT('',(18.060127388535,2.506797020768,
    8.641650849813));
#1621 = CARTESIAN_POINT('',(18.564585987261,2.639683828047,
    9.006754352157));
#1622 = CARTESIAN_POINT('',(19.32127388535,2.639683828047,9.006754352157
    ));
#1623 = ORIENTED_EDGE('',*,*,#1584,.F.);
#1624 = SURFACE_OF_LINEAR_EXTRUSION('',#1625,#1629);
#1625 = B_SPLINE_CURVE_WITH_KNOTS('',2,(#1626,#1627,#1628),
  .UNSPECIFIED.,.F.,.F.,(3,3),(0.,1.),.PIECEWISE_BEZIER_KNOTS.);
#1626 = CARTESIAN_POINT('',(18.060127388535,3.258551117396,
    8.368034735153));
#1627 = CARTESIAN_POINT('',(18.564585987261,3.391437924676,
    8.733138237496));
#1628 = CARTESIAN_POINT('',(19.32127388535,3.391437924676,8.733138237496
    ));
#1629 = VECTOR('',#1630,1.);
#1630 = DIRECTION('',(-0.,0.939692620786,-0.342020143326));
#1631 = ADVANCED_FACE('',(#1632),#1650,.T.);
#1632 = FACE_BOUND('',#1633,.T.);
#1633 = EDGE_LOOP('',(#1634,#1635,#1643,#1649));
#1634 = ORIENTED_EDGE('',*,*,#612,.T.);
#1635 = ORIENTED_EDGE('',*,*,#1636,.T.);
#1636 = EDGE_CURVE('',#605,#1637,#1639,.T.);
#1637 = VERTEX_POINT('',#1638);
#1638 = CARTESIAN_POINT('',(17.460127388535,2.068662681751,
    7.437886646676));
#1639 = LINE('',#1640,#1641);
#1640 = CARTESIAN_POINT('',(17.460127388535,2.820416778379,
    7.164270532016));
#1641 = VECTOR('',#1642,1.);
#1642 = DIRECTION('',(0.,-0.939692620786,0.342020143326));
#1643 = ORIENTED_EDGE('',*,*,#1644,.T.);
#1644 = EDGE_CURVE('',#1637,#1611,#1645,.T.);
#1645 = B_SPLINE_CURVE_WITH_KNOTS('',2,(#1646,#1647,#1648),
  .UNSPECIFIED.,.F.,.F.,(3,3),(0.,1.),.PIECEWISE_BEZIER_KNOTS.);
#1646 = CARTESIAN_POINT('',(17.460127388535,2.068662681751,
    7.437886646676));
#1647 = CARTESIAN_POINT('',(17.555668789809,2.373910213488,8.27654734747
    ));
#1648 = CARTESIAN_POINT('',(18.060127388535,2.506797020768,
    8.641650849813));
#1649 = ORIENTED_EDGE('',*,*,#1610,.F.);
#1650 = SURFACE_OF_LINEAR_EXTRUSION('',#1651,#1655);
#1651 = B_SPLINE_CURVE_WITH_KNOTS('',2,(#1652,#1653,#1654),
  .UNSPECIFIED.,.F.,.F.,(3,3),(0.,1.),.PIECEWISE_BEZIER_KNOTS.);
#1652 = CARTESIAN_POINT('',(17.460127388535,2.820416778379,
    7.164270532016));
#1653 = CARTESIAN_POINT('',(17.555668789809,3.125664310117,
    8.002931232809));
#1654 = CARTESIAN_POINT('',(18.060127388535,3.258551117396,
    8.368034735153));
#1655 = VECTOR('',#1656,1.);
#1656 = DIRECTION('',(-0.,0.939692620786,-0.342020143326));
#1657 = ADVANCED_FACE('',(#1658),#1676,.T.);
#1658 = FACE_BOUND('',#1659,.T.);
#1659 = EDGE_LOOP('',(#1660,#1661,#1669,#1675));
#1660 = ORIENTED_EDGE('',*,*,#604,.T.);
#1661 = ORIENTED_EDGE('',*,*,#1662,.T.);
#1662 = EDGE_CURVE('',#588,#1663,#1665,.T.);
#1663 = VERTEX_POINT('',#1664);
#1664 = CARTESIAN_POINT('',(18.530191082803,2.031802931273,
    7.336615314551));
#1665 = LINE('',#1666,#1667);
#1666 = CARTESIAN_POINT('',(18.530191082803,2.783557027901,7.06299919989
    ));
#1667 = VECTOR('',#1668,1.);
#1668 = DIRECTION('',(0.,-0.939692620786,0.342020143326));
#1669 = ORIENTED_EDGE('',*,*,#1670,.T.);
#1670 = EDGE_CURVE('',#1663,#1637,#1671,.T.);
#1671 = LINE('',#1672,#1673);
#1672 = CARTESIAN_POINT('',(18.530191082803,2.031802931273,
    7.336615314551));
#1673 = VECTOR('',#1674,1.);
#1674 = DIRECTION('',(-0.994966576024,3.427293152997E-02,
    9.416410547709E-02));
#1675 = ORIENTED_EDGE('',*,*,#1636,.F.);
#1676 = PLANE('',#1677);
#1677 = AXIS2_PLACEMENT_3D('',#1678,#1679,#1680);
#1678 = CARTESIAN_POINT('',(18.530191082803,2.783557027901,7.06299919989
    ));
#1679 = DIRECTION('',(-0.100207348014,-0.340298610936,-0.934962749418));
#1680 = DIRECTION('',(-0.994966576024,3.427293152997E-02,
    9.416410547709E-02));
#1681 = ADVANCED_FACE('',(#1682),#1700,.T.);
#1682 = FACE_BOUND('',#1683,.T.);
#1683 = EDGE_LOOP('',(#1684,#1685,#1693,#1699));
#1684 = ORIENTED_EDGE('',*,*,#587,.T.);
#1685 = ORIENTED_EDGE('',*,*,#1686,.T.);
#1686 = EDGE_CURVE('',#573,#1687,#1689,.T.);
#1687 = VERTEX_POINT('',#1688);
#1688 = CARTESIAN_POINT('',(18.75949044586,2.263243823164,7.972493938961
    ));
#1689 = LINE('',#1690,#1691);
#1690 = CARTESIAN_POINT('',(18.75949044586,3.014997919793,7.6988778243)
  );
#1691 = VECTOR('',#1692,1.);
#1692 = DIRECTION('',(0.,-0.939692620786,0.342020143326));
#1693 = ORIENTED_EDGE('',*,*,#1694,.T.);
#1694 = EDGE_CURVE('',#1687,#1663,#1695,.T.);
#1695 = B_SPLINE_CURVE_WITH_KNOTS('',2,(#1696,#1697,#1698),
  .UNSPECIFIED.,.F.,.F.,(3,3),(0.,1.),.PIECEWISE_BEZIER_KNOTS.);
#1696 = CARTESIAN_POINT('',(18.75949044586,2.263243823164,7.972493938961
    ));
#1697 = CARTESIAN_POINT('',(18.56076433121,2.193532711148,7.780964232813
    ));
#1698 = CARTESIAN_POINT('',(18.530191082803,2.031802931273,
    7.336615314551));
#1699 = ORIENTED_EDGE('',*,*,#1662,.F.);
#1700 = SURFACE_OF_LINEAR_EXTRUSION('',#1701,#1705);
#1701 = B_SPLINE_CURVE_WITH_KNOTS('',2,(#1702,#1703,#1704),
  .UNSPECIFIED.,.F.,.F.,(3,3),(0.,1.),.PIECEWISE_BEZIER_KNOTS.);
#1702 = CARTESIAN_POINT('',(18.75949044586,3.014997919793,7.6988778243)
  );
#1703 = CARTESIAN_POINT('',(18.56076433121,2.945286807777,7.507348118153
    ));
#1704 = CARTESIAN_POINT('',(18.530191082803,2.783557027901,7.06299919989
    ));
#1705 = VECTOR('',#1706,1.);
#1706 = DIRECTION('',(-0.,0.939692620786,-0.342020143326));
#1707 = ADVANCED_FACE('',(#1708),#1726,.T.);
#1708 = FACE_BOUND('',#1709,.T.);
#1709 = EDGE_LOOP('',(#1710,#1711,#1719,#1725));
#1710 = ORIENTED_EDGE('',*,*,#572,.T.);
#1711 = ORIENTED_EDGE('',*,*,#1712,.T.);
#1712 = EDGE_CURVE('',#556,#1713,#1715,.T.);
#1713 = VERTEX_POINT('',#1714);
#1714 = CARTESIAN_POINT('',(19.294522292994,2.332954935179,
    8.164023645108));
#1715 = LINE('',#1716,#1717);
#1716 = CARTESIAN_POINT('',(19.294522292994,3.084709031808,
    7.890407530447));
#1717 = VECTOR('',#1718,1.);
#1718 = DIRECTION('',(0.,-0.939692620786,0.342020143326));
#1719 = ORIENTED_EDGE('',*,*,#1720,.T.);
#1720 = EDGE_CURVE('',#1713,#1687,#1721,.T.);
#1721 = B_SPLINE_CURVE_WITH_KNOTS('',2,(#1722,#1723,#1724),
  .UNSPECIFIED.,.F.,.F.,(3,3),(0.,1.),.PIECEWISE_BEZIER_KNOTS.);
#1722 = CARTESIAN_POINT('',(19.294522292994,2.332954935179,
    8.164023645108));
#1723 = CARTESIAN_POINT('',(18.95821656051,2.332954935179,8.164023645108
    ));
#1724 = CARTESIAN_POINT('',(18.75949044586,2.263243823164,7.972493938961
    ));
#1725 = ORIENTED_EDGE('',*,*,#1686,.F.);
#1726 = SURFACE_OF_LINEAR_EXTRUSION('',#1727,#1731);
#1727 = B_SPLINE_CURVE_WITH_KNOTS('',2,(#1728,#1729,#1730),
  .UNSPECIFIED.,.F.,.F.,(3,3),(0.,1.),.PIECEWISE_BEZIER_KNOTS.);
#1728 = CARTESIAN_POINT('',(19.294522292994,3.084709031808,
    7.890407530447));
#1729 = CARTESIAN_POINT('',(18.95821656051,3.084709031808,7.890407530447
    ));
#1730 = CARTESIAN_POINT('',(18.75949044586,3.014997919793,7.6988778243)
  );
#1731 = VECTOR('',#1732,1.);
#1732 = DIRECTION('',(-0.,0.939692620786,-0.342020143326));
#1733 = ADVANCED_FACE('',(#1734),#1752,.T.);
#1734 = FACE_BOUND('',#1735,.T.);
#1735 = EDGE_LOOP('',(#1736,#1737,#1745,#1751));
#1736 = ORIENTED_EDGE('',*,*,#555,.T.);
#1737 = ORIENTED_EDGE('',*,*,#1738,.T.);
#1738 = EDGE_CURVE('',#537,#1739,#1741,.T.);
#1739 = VERTEX_POINT('',#1740);
#1740 = CARTESIAN_POINT('',(19.827515923567,2.266816517655,
    7.982309836401));
#1741 = LINE('',#1742,#1743);
#1742 = CARTESIAN_POINT('',(19.827515923567,3.018570614283,7.70869372174
    ));
#1743 = VECTOR('',#1744,1.);
#1744 = DIRECTION('',(0.,-0.939692620786,0.342020143326));
#1745 = ORIENTED_EDGE('',*,*,#1746,.T.);
#1746 = EDGE_CURVE('',#1739,#1713,#1747,.T.);
#1747 = B_SPLINE_CURVE_WITH_KNOTS('',2,(#1748,#1749,#1750),
  .UNSPECIFIED.,.F.,.F.,(3,3),(0.,1.),.PIECEWISE_BEZIER_KNOTS.);
#1748 = CARTESIAN_POINT('',(19.827515923567,2.266816517655,
    7.982309836401));
#1749 = CARTESIAN_POINT('',(19.634649681529,2.332954935179,
    8.164023645108));
#1750 = CARTESIAN_POINT('',(19.294522292994,2.332954935179,
    8.164023645108));
#1751 = ORIENTED_EDGE('',*,*,#1712,.F.);
#1752 = SURFACE_OF_LINEAR_EXTRUSION('',#1753,#1757);
#1753 = B_SPLINE_CURVE_WITH_KNOTS('',2,(#1754,#1755,#1756),
  .UNSPECIFIED.,.F.,.F.,(3,3),(0.,1.),.PIECEWISE_BEZIER_KNOTS.);
#1754 = CARTESIAN_POINT('',(19.827515923567,3.018570614283,7.70869372174
    ));
#1755 = CARTESIAN_POINT('',(19.634649681529,3.084709031808,
    7.890407530447));
#1756 = CARTESIAN_POINT('',(19.294522292994,3.084709031808,
    7.890407530447));
#1757 = VECTOR('',#1758,1.);
#1758 = DIRECTION('',(-0.,0.939692620786,-0.342020143326));
#1759 = ADVANCED_FACE('',(#1760),#1778,.T.);
#1760 = FACE_BOUND('',#1761,.T.);
#1761 = EDGE_LOOP('',(#1762,#1763,#1771,#1777));
#1762 = ORIENTED_EDGE('',*,*,#536,.T.);
#1763 = ORIENTED_EDGE('',*,*,#1764,.T.);
#1764 = EDGE_CURVE('',#522,#1765,#1767,.T.);
#1765 = VERTEX_POINT('',#1766);
#1766 = CARTESIAN_POINT('',(20.020636942675,2.077550848533,7.46230668421
    ));
#1767 = LINE('',#1768,#1769);
#1768 = CARTESIAN_POINT('',(20.020636942675,2.829304945161,7.18869056955
    ));
#1769 = VECTOR('',#1770,1.);
#1770 = DIRECTION('',(0.,-0.939692620786,0.342020143326));
#1771 = ORIENTED_EDGE('',*,*,#1772,.T.);
#1772 = EDGE_CURVE('',#1765,#1739,#1773,.T.);
#1773 = B_SPLINE_CURVE_WITH_KNOTS('',2,(#1774,#1775,#1776),
  .UNSPECIFIED.,.F.,.F.,(3,3),(0.,1.),.PIECEWISE_BEZIER_KNOTS.);
#1774 = CARTESIAN_POINT('',(20.020636942675,2.077550848533,7.46230668421
    ));
#1775 = CARTESIAN_POINT('',(20.020636942675,2.20067810013,7.800596027693
    ));
#1776 = CARTESIAN_POINT('',(19.827515923567,2.266816517655,
    7.982309836401));
#1777 = ORIENTED_EDGE('',*,*,#1738,.F.);
#1778 = SURFACE_OF_LINEAR_EXTRUSION('',#1779,#1783);
#1779 = B_SPLINE_CURVE_WITH_KNOTS('',2,(#1780,#1781,#1782),
  .UNSPECIFIED.,.F.,.F.,(3,3),(0.,1.),.PIECEWISE_BEZIER_KNOTS.);
#1780 = CARTESIAN_POINT('',(20.020636942675,2.829304945161,7.18869056955
    ));
#1781 = CARTESIAN_POINT('',(20.020636942675,2.952432196759,
    7.526979913033));
#1782 = CARTESIAN_POINT('',(19.827515923567,3.018570614283,7.70869372174
    ));
#1783 = VECTOR('',#1784,1.);
#1784 = DIRECTION('',(-0.,0.939692620786,-0.342020143326));
#1785 = ADVANCED_FACE('',(#1786),#1804,.T.);
#1786 = FACE_BOUND('',#1787,.T.);
#1787 = EDGE_LOOP('',(#1788,#1789,#1797,#1803));
#1788 = ORIENTED_EDGE('',*,*,#521,.T.);
#1789 = ORIENTED_EDGE('',*,*,#1790,.T.);
#1790 = EDGE_CURVE('',#494,#1791,#1793,.T.);
#1791 = VERTEX_POINT('',#1792);
#1792 = CARTESIAN_POINT('',(19.79898089172,1.852209678943,6.843186909089
    ));
#1793 = LINE('',#1794,#1795);
#1794 = CARTESIAN_POINT('',(19.79898089172,2.603963775572,6.569570794428
    ));
#1795 = VECTOR('',#1796,1.);
#1796 = DIRECTION('',(0.,-0.939692620786,0.342020143326));
#1797 = ORIENTED_EDGE('',*,*,#1798,.T.);
#1798 = EDGE_CURVE('',#1791,#1765,#1799,.T.);
#1799 = B_SPLINE_CURVE_WITH_KNOTS('',2,(#1800,#1801,#1802),
  .UNSPECIFIED.,.F.,.F.,(3,3),(0.,1.),.PIECEWISE_BEZIER_KNOTS.);
#1800 = CARTESIAN_POINT('',(19.79898089172,1.852209678943,6.843186909089
    ));
#1801 = CARTESIAN_POINT('',(20.020636942675,1.966187347088,7.15633797864
    ));
#1802 = CARTESIAN_POINT('',(20.020636942675,2.077550848533,7.46230668421
    ));
#1803 = ORIENTED_EDGE('',*,*,#1764,.F.);
#1804 = SURFACE_OF_LINEAR_EXTRUSION('',#1805,#1809);
#1805 = B_SPLINE_CURVE_WITH_KNOTS('',2,(#1806,#1807,#1808),
  .UNSPECIFIED.,.F.,.F.,(3,3),(0.,1.),.PIECEWISE_BEZIER_KNOTS.);
#1806 = CARTESIAN_POINT('',(19.79898089172,2.603963775572,6.569570794428
    ));
#1807 = CARTESIAN_POINT('',(20.020636942675,2.717941443717,
    6.882721863979));
#1808 = CARTESIAN_POINT('',(20.020636942675,2.829304945161,7.18869056955
    ));
#1809 = VECTOR('',#1810,1.);
#1810 = DIRECTION('',(-0.,0.939692620786,-0.342020143326));
#1811 = ADVANCED_FACE('',(#1812),#1830,.T.);
#1812 = FACE_BOUND('',#1813,.T.);
#1813 = EDGE_LOOP('',(#1814,#1815,#1823,#1829));
#1814 = ORIENTED_EDGE('',*,*,#493,.T.);
#1815 = ORIENTED_EDGE('',*,*,#1816,.T.);
#1816 = EDGE_CURVE('',#473,#1817,#1819,.T.);
#1817 = VERTEX_POINT('',#1818);
#1818 = CARTESIAN_POINT('',(18.908535031847,1.537899702643,
    5.979627346496));
#1819 = LINE('',#1820,#1821);
#1820 = CARTESIAN_POINT('',(18.908535031847,2.289653799272,
    5.706011231836));
#1821 = VECTOR('',#1822,1.);
#1822 = DIRECTION('',(0.,-0.939692620786,0.342020143326));
#1823 = ORIENTED_EDGE('',*,*,#1824,.T.);
#1824 = EDGE_CURVE('',#1817,#1791,#1825,.T.);
#1825 = B_SPLINE_CURVE_WITH_KNOTS('',2,(#1826,#1827,#1828),
  .UNSPECIFIED.,.F.,.F.,(3,3),(0.,1.),.PIECEWISE_BEZIER_KNOTS.);
#1826 = CARTESIAN_POINT('',(18.908535031847,1.537899702643,
    5.979627346496));
#1827 = CARTESIAN_POINT('',(19.634649681529,1.769689150095,
    6.616463619437));
#1828 = CARTESIAN_POINT('',(19.79898089172,1.852209678943,6.843186909089
    ));
#1829 = ORIENTED_EDGE('',*,*,#1790,.F.);
#1830 = SURFACE_OF_LINEAR_EXTRUSION('',#1831,#1835);
#1831 = B_SPLINE_CURVE_WITH_KNOTS('',2,(#1832,#1833,#1834),
  .UNSPECIFIED.,.F.,.F.,(3,3),(0.,1.),.PIECEWISE_BEZIER_KNOTS.);
#1832 = CARTESIAN_POINT('',(18.908535031847,2.289653799272,
    5.706011231836));
#1833 = CARTESIAN_POINT('',(19.634649681529,2.521443246723,
    6.342847504776));
#1834 = CARTESIAN_POINT('',(19.79898089172,2.603963775572,6.569570794428
    ));
#1835 = VECTOR('',#1836,1.);
#1836 = DIRECTION('',(-0.,0.939692620786,-0.342020143326));
#1837 = ADVANCED_FACE('',(#1838),#1856,.T.);
#1838 = FACE_BOUND('',#1839,.T.);
#1839 = EDGE_LOOP('',(#1840,#1841,#1849,#1855));
#1840 = ORIENTED_EDGE('',*,*,#472,.T.);
#1841 = ORIENTED_EDGE('',*,*,#1842,.T.);
#1842 = EDGE_CURVE('',#458,#1843,#1845,.T.);
#1843 = VERTEX_POINT('',#1844);
#1844 = CARTESIAN_POINT('',(17.700891719745,1.077457807781,
    4.714573637392));
#1845 = LINE('',#1846,#1847);
#1846 = CARTESIAN_POINT('',(17.700891719745,1.82921190441,4.440957522732
    ));
#1847 = VECTOR('',#1848,1.);
#1848 = DIRECTION('',(0.,-0.939692620786,0.342020143326));
#1849 = ORIENTED_EDGE('',*,*,#1850,.T.);
#1850 = EDGE_CURVE('',#1843,#1817,#1851,.T.);
#1851 = B_SPLINE_CURVE_WITH_KNOTS('',2,(#1852,#1853,#1854),
  .UNSPECIFIED.,.F.,.F.,(3,3),(0.,1.),.PIECEWISE_BEZIER_KNOTS.);
#1852 = CARTESIAN_POINT('',(17.700891719745,1.077457807781,
    4.714573637392));
#1853 = CARTESIAN_POINT('',(18.006624203822,1.2510384767,5.1914826057));
#1854 = CARTESIAN_POINT('',(18.908535031847,1.537899702643,
    5.979627346496));
#1855 = ORIENTED_EDGE('',*,*,#1816,.F.);
#1856 = SURFACE_OF_LINEAR_EXTRUSION('',#1857,#1861);
#1857 = B_SPLINE_CURVE_WITH_KNOTS('',2,(#1858,#1859,#1860),
  .UNSPECIFIED.,.F.,.F.,(3,3),(0.,1.),.PIECEWISE_BEZIER_KNOTS.);
#1858 = CARTESIAN_POINT('',(17.700891719745,1.82921190441,4.440957522732
    ));
#1859 = CARTESIAN_POINT('',(18.006624203822,2.002792573329,
    4.917866491039));
#1860 = CARTESIAN_POINT('',(18.908535031847,2.289653799272,
    5.706011231836));
#1861 = VECTOR('',#1862,1.);
#1862 = DIRECTION('',(-0.,0.939692620786,-0.342020143326));
#1863 = ADVANCED_FACE('',(#1864),#1882,.T.);
#1864 = FACE_BOUND('',#1865,.T.);
#1865 = EDGE_LOOP('',(#1866,#1867,#1875,#1881));
#1866 = ORIENTED_EDGE('',*,*,#457,.T.);
#1867 = ORIENTED_EDGE('',*,*,#1868,.T.);
#1868 = EDGE_CURVE('',#450,#1869,#1871,.T.);
#1869 = VERTEX_POINT('',#1870);
#1870 = CARTESIAN_POINT('',(17.334012738854,0.71008024746,3.705212085995
    ));
#1871 = LINE('',#1872,#1873);
#1872 = CARTESIAN_POINT('',(17.334012738854,1.461834344089,
    3.431595971335));
#1873 = VECTOR('',#1874,1.);
#1874 = DIRECTION('',(0.,-0.939692620786,0.342020143326));
#1875 = ORIENTED_EDGE('',*,*,#1876,.T.);
#1876 = EDGE_CURVE('',#1869,#1843,#1877,.T.);
#1877 = B_SPLINE_CURVE_WITH_KNOTS('',2,(#1878,#1879,#1880),
  .UNSPECIFIED.,.F.,.F.,(3,3),(0.,1.),.PIECEWISE_BEZIER_KNOTS.);
#1878 = CARTESIAN_POINT('',(17.334012738854,0.71008024746,3.705212085995
    ));
#1879 = CARTESIAN_POINT('',(17.395159235669,0.903964277753,
    4.237904081218));
#1880 = CARTESIAN_POINT('',(17.700891719745,1.077457807781,
    4.714573637392));
#1881 = ORIENTED_EDGE('',*,*,#1842,.F.);
#1882 = SURFACE_OF_LINEAR_EXTRUSION('',#1883,#1887);
#1883 = B_SPLINE_CURVE_WITH_KNOTS('',2,(#1884,#1885,#1886),
  .UNSPECIFIED.,.F.,.F.,(3,3),(0.,1.),.PIECEWISE_BEZIER_KNOTS.);
#1884 = CARTESIAN_POINT('',(17.334012738854,1.461834344089,
    3.431595971335));
#1885 = CARTESIAN_POINT('',(17.395159235669,1.655718374382,
    3.964287966557));
#1886 = CARTESIAN_POINT('',(17.700891719745,1.82921190441,4.440957522732
    ));
#1887 = VECTOR('',#1888,1.);
#1888 = DIRECTION('',(-0.,0.939692620786,-0.342020143326));
#1889 = ADVANCED_FACE('',(#1890),#1901,.T.);
#1890 = FACE_BOUND('',#1891,.T.);
#1891 = EDGE_LOOP('',(#1892,#1893,#1894,#1900));
#1892 = ORIENTED_EDGE('',*,*,#449,.T.);
#1893 = ORIENTED_EDGE('',*,*,#1389,.T.);
#1894 = ORIENTED_EDGE('',*,*,#1895,.T.);
#1895 = EDGE_CURVE('',#1382,#1869,#1896,.T.);
#1896 = LINE('',#1897,#1898);
#1897 = CARTESIAN_POINT('',(21.098343949045,0.71008024746,3.705212085995
    ));
#1898 = VECTOR('',#1899,1.);
#1899 = DIRECTION('',(-1.,0.,0.));
#1900 = ORIENTED_EDGE('',*,*,#1868,.F.);
#1901 = PLANE('',#1902);
#1902 = AXIS2_PLACEMENT_3D('',#1903,#1904,#1905);
#1903 = CARTESIAN_POINT('',(21.098343949045,1.461834344089,
    3.431595971335));
#1904 = DIRECTION('',(0.,-0.342020143326,-0.939692620786));
#1905 = DIRECTION('',(-1.,0.,0.));
#1906 = ADVANCED_FACE('',(#1907),#1932,.F.);
#1907 = FACE_BOUND('',#1908,.F.);
#1908 = EDGE_LOOP('',(#1909,#1917,#1925,#1931));
#1909 = ORIENTED_EDGE('',*,*,#1910,.F.);
#1910 = EDGE_CURVE('',#1911,#284,#1913,.T.);
#1911 = VERTEX_POINT('',#1912);
#1912 = CARTESIAN_POINT('',(47.,18.9,0.));
#1913 = LINE('',#1914,#1915);
#1914 = CARTESIAN_POINT('',(47.,18.9,0.));
#1915 = VECTOR('',#1916,1.);
#1916 = DIRECTION('',(-0.971520338783,-0.236956180191,0.));
#1917 = ORIENTED_EDGE('',*,*,#1918,.T.);
#1918 = EDGE_CURVE('',#1911,#1919,#1921,.T.);
#1919 = VERTEX_POINT('',#1920);
#1920 = CARTESIAN_POINT('',(47.,18.9,10.));
#1921 = LINE('',#1922,#1923);
#1922 = CARTESIAN_POINT('',(47.,18.9,0.));
#1923 = VECTOR('',#1924,1.);
#1924 = DIRECTION('',(0.,0.,1.));
#1925 = ORIENTED_EDGE('',*,*,#1926,.T.);
#1926 = EDGE_CURVE('',#1919,#95,#1927,.T.);
#1927 = LINE('',#1928,#1929);
#1928 = CARTESIAN_POINT('',(47.,18.9,10.));
#1929 = VECTOR('',#1930,1.);
#1930 = DIRECTION('',(-0.971520338783,-0.236956180191,0.));
#1931 = ORIENTED_EDGE('',*,*,#845,.T.);
#1932 = PLANE('',#1933);
#1933 = AXIS2_PLACEMENT_3D('',#1934,#1935,#1936);
#1934 = CARTESIAN_POINT('',(47.,18.9,0.));
#1935 = DIRECTION('',(0.236956180191,-0.971520338783,0.));
#1936 = DIRECTION('',(-0.971520338783,-0.236956180191,0.));
#1937 = ADVANCED_FACE('',(#1938),#1956,.T.);
#1938 = FACE_BOUND('',#1939,.T.);
#1939 = EDGE_LOOP('',(#1940,#1941,#1949,#1955));
#1940 = ORIENTED_EDGE('',*,*,#862,.F.);
#1941 = ORIENTED_EDGE('',*,*,#1942,.T.);
#1942 = EDGE_CURVE('',#71,#1943,#1945,.T.);
#1943 = VERTEX_POINT('',#1944);
#1944 = CARTESIAN_POINT('',(47.,12.9,10.));
#1945 = LINE('',#1946,#1947);
#1946 = CARTESIAN_POINT('',(42.9,13.9,10.));
#1947 = VECTOR('',#1948,1.);
#1948 = DIRECTION('',(0.971520338783,-0.236956180191,0.));
#1949 = ORIENTED_EDGE('',*,*,#1950,.T.);
#1950 = EDGE_CURVE('',#1943,#1919,#1951,.T.);
#1951 = LINE('',#1952,#1953);
#1952 = CARTESIAN_POINT('',(47.,12.9,10.));
#1953 = VECTOR('',#1954,1.);
#1954 = DIRECTION('',(0.,1.,0.));
#1955 = ORIENTED_EDGE('',*,*,#1926,.T.);
#1956 = PLANE('',#1957);
#1957 = AXIS2_PLACEMENT_3D('',#1958,#1959,#1960);
#1958 = CARTESIAN_POINT('',(45.172338161771,15.9,10.));
#1959 = DIRECTION('',(0.,0.,1.));
#1960 = DIRECTION('',(1.,0.,0.));
#1961 = ADVANCED_FACE('',(#1962),#1980,.F.);
#1962 = FACE_BOUND('',#1963,.F.);
#1963 = EDGE_LOOP('',(#1964,#1972,#1973,#1974));
#1964 = ORIENTED_EDGE('',*,*,#1965,.F.);
#1965 = EDGE_CURVE('',#260,#1966,#1968,.T.);
#1966 = VERTEX_POINT('',#1967);
#1967 = CARTESIAN_POINT('',(47.,12.9,0.));
#1968 = LINE('',#1969,#1970);
#1969 = CARTESIAN_POINT('',(42.9,13.9,0.));
#1970 = VECTOR('',#1971,1.);
#1971 = DIRECTION('',(0.971520338783,-0.236956180191,0.));
#1972 = ORIENTED_EDGE('',*,*,#881,.T.);
#1973 = ORIENTED_EDGE('',*,*,#1942,.T.);
#1974 = ORIENTED_EDGE('',*,*,#1975,.F.);
#1975 = EDGE_CURVE('',#1966,#1943,#1976,.T.);
#1976 = LINE('',#1977,#1978);
#1977 = CARTESIAN_POINT('',(47.,12.9,0.));
#1978 = VECTOR('',#1979,1.);
#1979 = DIRECTION('',(0.,0.,1.));
#1980 = PLANE('',#1981);
#1981 = AXIS2_PLACEMENT_3D('',#1982,#1983,#1984);
#1982 = CARTESIAN_POINT('',(42.9,13.9,0.));
#1983 = DIRECTION('',(0.236956180191,0.971520338783,0.));
#1984 = DIRECTION('',(0.971520338783,-0.236956180191,0.));
#1985 = ADVANCED_FACE('',(#1986),#2012,.T.);
#1986 = FACE_BOUND('',#1987,.T.);
#1987 = EDGE_LOOP('',(#1988,#1996,#1997,#2005));
#1988 = ORIENTED_EDGE('',*,*,#1989,.F.);
#1989 = EDGE_CURVE('',#896,#1990,#1992,.T.);
#1990 = VERTEX_POINT('',#1991);
#1991 = CARTESIAN_POINT('',(16.6,37.86,21.));
#1992 = LINE('',#1993,#1994);
#1993 = CARTESIAN_POINT('',(16.6,38.11,20.75));
#1994 = VECTOR('',#1995,1.);
#1995 = DIRECTION('',(-2.90882763039E-35,-0.707106781187,0.707106781187)
  );
#1996 = ORIENTED_EDGE('',*,*,#912,.T.);
#1997 = ORIENTED_EDGE('',*,*,#1998,.T.);
#1998 = EDGE_CURVE('',#905,#1999,#2001,.T.);
#1999 = VERTEX_POINT('',#2000);
#2000 = CARTESIAN_POINT('',(16.5,37.76,21.));
#2001 = LINE('',#2002,#2003);
#2002 = CARTESIAN_POINT('',(16.,37.76,20.5));
#2003 = VECTOR('',#2004,1.);
#2004 = DIRECTION('',(0.707106781187,-4.329780281177E-17,0.707106781187)
  );
#2005 = ORIENTED_EDGE('',*,*,#2006,.F.);
#2006 = EDGE_CURVE('',#1990,#1999,#2007,.T.);
#2007 = CIRCLE('',#2008,1.E-01);
#2008 = AXIS2_PLACEMENT_3D('',#2009,#2010,#2011);
#2009 = CARTESIAN_POINT('',(16.6,37.76,21.));
#2010 = DIRECTION('',(0.,-0.,1.));
#2011 = DIRECTION('',(0.,1.,0.));
#2012 = CONICAL_SURFACE('',#2013,0.6,0.785398163397);
#2013 = AXIS2_PLACEMENT_3D('',#2014,#2015,#2016);
#2014 = CARTESIAN_POINT('',(16.6,37.76,20.5));
#2015 = DIRECTION('',(-0.,-0.,-1.));
#2016 = DIRECTION('',(0.,1.,0.));
#2017 = ADVANCED_FACE('',(#2018),#2036,.F.);
#2018 = FACE_BOUND('',#2019,.T.);
#2019 = EDGE_LOOP('',(#2020,#2028,#2029,#2030));
#2020 = ORIENTED_EDGE('',*,*,#2021,.F.);
#2021 = EDGE_CURVE('',#929,#2022,#2024,.T.);
#2022 = VERTEX_POINT('',#2023);
#2023 = CARTESIAN_POINT('',(26.4,37.86,21.));
#2024 = LINE('',#2025,#2026);
#2025 = CARTESIAN_POINT('',(26.4,38.11,20.75));
#2026 = VECTOR('',#2027,1.);
#2027 = DIRECTION('',(-2.90882763039E-35,-0.707106781187,0.707106781187)
  );
#2028 = ORIENTED_EDGE('',*,*,#936,.T.);
#2029 = ORIENTED_EDGE('',*,*,#1989,.T.);
#2030 = ORIENTED_EDGE('',*,*,#2031,.F.);
#2031 = EDGE_CURVE('',#2022,#1990,#2032,.T.);
#2032 = LINE('',#2033,#2034);
#2033 = CARTESIAN_POINT('',(26.4,37.86,21.));
#2034 = VECTOR('',#2035,1.);
#2035 = DIRECTION('',(-1.,0.,0.));
#2036 = PLANE('',#2037);
#2037 = AXIS2_PLACEMENT_3D('',#2038,#2039,#2040);
#2038 = CARTESIAN_POINT('',(26.4,38.11,20.75));
#2039 = DIRECTION('',(-1.889513820523E-18,-0.707106781187,
    -0.707106781187));
#2040 = DIRECTION('',(1.,-1.336088035637E-18,-1.336088035637E-18));
#2041 = ADVANCED_FACE('',(#2042),#2060,.F.);
#2042 = FACE_BOUND('',#2043,.T.);
#2043 = EDGE_LOOP('',(#2044,#2045,#2046,#2054));
#2044 = ORIENTED_EDGE('',*,*,#1998,.F.);
#2045 = ORIENTED_EDGE('',*,*,#953,.T.);
#2046 = ORIENTED_EDGE('',*,*,#2047,.T.);
#2047 = EDGE_CURVE('',#954,#2048,#2050,.T.);
#2048 = VERTEX_POINT('',#2049);
#2049 = CARTESIAN_POINT('',(16.5,27.96,21.));
#2050 = LINE('',#2051,#2052);
#2051 = CARTESIAN_POINT('',(16.25,27.96,20.75));
#2052 = VECTOR('',#2053,1.);
#2053 = DIRECTION('',(0.707106781187,-2.90882763039E-35,0.707106781187)
  );
#2054 = ORIENTED_EDGE('',*,*,#2055,.F.);
#2055 = EDGE_CURVE('',#1999,#2048,#2056,.T.);
#2056 = LINE('',#2057,#2058);
#2057 = CARTESIAN_POINT('',(16.5,37.76,21.));
#2058 = VECTOR('',#2059,1.);
#2059 = DIRECTION('',(0.,-1.,0.));
#2060 = PLANE('',#2061);
#2061 = AXIS2_PLACEMENT_3D('',#2062,#2063,#2064);
#2062 = CARTESIAN_POINT('',(16.25,37.76,20.75));
#2063 = DIRECTION('',(0.707106781187,1.889513820523E-18,-0.707106781187)
  );
#2064 = DIRECTION('',(-1.336088035637E-18,1.,1.336088035637E-18));
#2065 = ADVANCED_FACE('',(#2066),#2085,.T.);
#2066 = FACE_BOUND('',#2067,.T.);
#2067 = EDGE_LOOP('',(#2068,#2076,#2077,#2078));
#2068 = ORIENTED_EDGE('',*,*,#2069,.F.);
#2069 = EDGE_CURVE('',#978,#2070,#2072,.T.);
#2070 = VERTEX_POINT('',#2071);
#2071 = CARTESIAN_POINT('',(26.5,37.76,21.));
#2072 = LINE('',#2073,#2074);
#2073 = CARTESIAN_POINT('',(26.75,37.76,20.75));
#2074 = VECTOR('',#2075,1.);
#2075 = DIRECTION('',(-0.707106781187,2.90882763039E-35,0.707106781187)
  );
#2076 = ORIENTED_EDGE('',*,*,#985,.T.);
#2077 = ORIENTED_EDGE('',*,*,#2021,.T.);
#2078 = ORIENTED_EDGE('',*,*,#2079,.F.);
#2079 = EDGE_CURVE('',#2070,#2022,#2080,.T.);
#2080 = CIRCLE('',#2081,1.E-01);
#2081 = AXIS2_PLACEMENT_3D('',#2082,#2083,#2084);
#2082 = CARTESIAN_POINT('',(26.4,37.76,21.));
#2083 = DIRECTION('',(0.,0.,1.));
#2084 = DIRECTION('',(1.,0.,0.));
#2085 = CONICAL_SURFACE('',#2086,0.6,0.785398163397);
#2086 = AXIS2_PLACEMENT_3D('',#2087,#2088,#2089);
#2087 = CARTESIAN_POINT('',(26.4,37.76,20.5));
#2088 = DIRECTION('',(-0.,-0.,-1.));
#2089 = DIRECTION('',(1.,0.,0.));
#2090 = ADVANCED_FACE('',(#2091),#2110,.T.);
#2091 = FACE_BOUND('',#2092,.T.);
#2092 = EDGE_LOOP('',(#2093,#2094,#2095,#2103));
#2093 = ORIENTED_EDGE('',*,*,#2047,.F.);
#2094 = ORIENTED_EDGE('',*,*,#1010,.T.);
#2095 = ORIENTED_EDGE('',*,*,#2096,.T.);
#2096 = EDGE_CURVE('',#1003,#2097,#2099,.T.);
#2097 = VERTEX_POINT('',#2098);
#2098 = CARTESIAN_POINT('',(16.6,27.86,21.));
#2099 = LINE('',#2100,#2101);
#2100 = CARTESIAN_POINT('',(16.6,27.36,20.5));
#2101 = VECTOR('',#2102,1.);
#2102 = DIRECTION('',(4.329780281177E-17,0.707106781187,0.707106781187)
  );
#2103 = ORIENTED_EDGE('',*,*,#2104,.F.);
#2104 = EDGE_CURVE('',#2048,#2097,#2105,.T.);
#2105 = CIRCLE('',#2106,1.E-01);
#2106 = AXIS2_PLACEMENT_3D('',#2107,#2108,#2109);
#2107 = CARTESIAN_POINT('',(16.6,27.96,21.));
#2108 = DIRECTION('',(0.,0.,1.));
#2109 = DIRECTION('',(-1.,0.,0.));
#2110 = CONICAL_SURFACE('',#2111,0.6,0.785398163397);
#2111 = AXIS2_PLACEMENT_3D('',#2112,#2113,#2114);
#2112 = CARTESIAN_POINT('',(16.6,27.96,20.5));
#2113 = DIRECTION('',(-0.,-0.,-1.));
#2114 = DIRECTION('',(-1.,0.,0.));
#2115 = ADVANCED_FACE('',(#2116),#2134,.F.);
#2116 = FACE_BOUND('',#2117,.T.);
#2117 = EDGE_LOOP('',(#2118,#2126,#2127,#2128));
#2118 = ORIENTED_EDGE('',*,*,#2119,.F.);
#2119 = EDGE_CURVE('',#1027,#2120,#2122,.T.);
#2120 = VERTEX_POINT('',#2121);
#2121 = CARTESIAN_POINT('',(26.5,27.96,21.));
#2122 = LINE('',#2123,#2124);
#2123 = CARTESIAN_POINT('',(27.,27.96,20.5));
#2124 = VECTOR('',#2125,1.);
#2125 = DIRECTION('',(-0.707106781187,4.329780281177E-17,0.707106781187)
  );
#2126 = ORIENTED_EDGE('',*,*,#1034,.T.);
#2127 = ORIENTED_EDGE('',*,*,#2069,.T.);
#2128 = ORIENTED_EDGE('',*,*,#2129,.F.);
#2129 = EDGE_CURVE('',#2120,#2070,#2130,.T.);
#2130 = LINE('',#2131,#2132);
#2131 = CARTESIAN_POINT('',(26.5,27.96,21.));
#2132 = VECTOR('',#2133,1.);
#2133 = DIRECTION('',(0.,1.,0.));
#2134 = PLANE('',#2135);
#2135 = AXIS2_PLACEMENT_3D('',#2136,#2137,#2138);
#2136 = CARTESIAN_POINT('',(26.75,27.96,20.75));
#2137 = DIRECTION('',(-0.707106781187,-1.889513820523E-18,
    -0.707106781187));
#2138 = DIRECTION('',(1.336088035637E-18,-1.,1.336088035637E-18));
#2139 = ADVANCED_FACE('',(#2140),#2158,.F.);
#2140 = FACE_BOUND('',#2141,.T.);
#2141 = EDGE_LOOP('',(#2142,#2143,#2144,#2152));
#2142 = ORIENTED_EDGE('',*,*,#2096,.F.);
#2143 = ORIENTED_EDGE('',*,*,#1051,.T.);
#2144 = ORIENTED_EDGE('',*,*,#2145,.T.);
#2145 = EDGE_CURVE('',#1052,#2146,#2148,.T.);
#2146 = VERTEX_POINT('',#2147);
#2147 = CARTESIAN_POINT('',(26.4,27.86,21.));
#2148 = LINE('',#2149,#2150);
#2149 = CARTESIAN_POINT('',(26.4,27.61,20.75));
#2150 = VECTOR('',#2151,1.);
#2151 = DIRECTION('',(2.90882763039E-35,0.707106781187,0.707106781187));
#2152 = ORIENTED_EDGE('',*,*,#2153,.F.);
#2153 = EDGE_CURVE('',#2097,#2146,#2154,.T.);
#2154 = LINE('',#2155,#2156);
#2155 = CARTESIAN_POINT('',(16.6,27.86,21.));
#2156 = VECTOR('',#2157,1.);
#2157 = DIRECTION('',(1.,0.,0.));
#2158 = PLANE('',#2159);
#2159 = AXIS2_PLACEMENT_3D('',#2160,#2161,#2162);
#2160 = CARTESIAN_POINT('',(16.6,27.61,20.75));
#2161 = DIRECTION('',(1.889513820523E-18,0.707106781187,-0.707106781187)
  );
#2162 = DIRECTION('',(-1.,1.336088035637E-18,-1.336088035637E-18));
#2163 = ADVANCED_FACE('',(#2164),#2176,.T.);
#2164 = FACE_BOUND('',#2165,.T.);
#2165 = EDGE_LOOP('',(#2166,#2167,#2168,#2169));
#2166 = ORIENTED_EDGE('',*,*,#2145,.F.);
#2167 = ORIENTED_EDGE('',*,*,#1076,.T.);
#2168 = ORIENTED_EDGE('',*,*,#2119,.T.);
#2169 = ORIENTED_EDGE('',*,*,#2170,.F.);
#2170 = EDGE_CURVE('',#2146,#2120,#2171,.T.);
#2171 = CIRCLE('',#2172,1.E-01);
#2172 = AXIS2_PLACEMENT_3D('',#2173,#2174,#2175);
#2173 = CARTESIAN_POINT('',(26.4,27.96,21.));
#2174 = DIRECTION('',(-0.,0.,1.));
#2175 = DIRECTION('',(0.,-1.,0.));
#2176 = CONICAL_SURFACE('',#2177,0.6,0.785398163397);
#2177 = AXIS2_PLACEMENT_3D('',#2178,#2179,#2180);
#2178 = CARTESIAN_POINT('',(26.4,27.96,20.5));
#2179 = DIRECTION('',(-0.,-0.,-1.));
#2180 = DIRECTION('',(0.,-1.,0.));
#2181 = ADVANCED_FACE('',(#2182),#2193,.F.);
#2182 = FACE_BOUND('',#2183,.F.);
#2183 = EDGE_LOOP('',(#2184,#2185,#2186,#2192));
#2184 = ORIENTED_EDGE('',*,*,#1092,.F.);
#2185 = ORIENTED_EDGE('',*,*,#1965,.T.);
#2186 = ORIENTED_EDGE('',*,*,#2187,.T.);
#2187 = EDGE_CURVE('',#1966,#1911,#2188,.T.);
#2188 = LINE('',#2189,#2190);
#2189 = CARTESIAN_POINT('',(47.,12.9,0.));
#2190 = VECTOR('',#2191,1.);
#2191 = DIRECTION('',(0.,1.,0.));
#2192 = ORIENTED_EDGE('',*,*,#1910,.T.);
#2193 = PLANE('',#2194);
#2194 = AXIS2_PLACEMENT_3D('',#2195,#2196,#2197);
#2195 = CARTESIAN_POINT('',(45.172338161771,15.9,0.));
#2196 = DIRECTION('',(0.,0.,1.));
#2197 = DIRECTION('',(1.,0.,0.));
#2198 = ADVANCED_FACE('',(#2199,#2212),#2238,.T.);
#2199 = FACE_BOUND('',#2200,.T.);
#2200 = EDGE_LOOP('',(#2201,#2202,#2203,#2204,#2205,#2206,#2207,#2208,
    #2209,#2210,#2211));
#2201 = ORIENTED_EDGE('',*,*,#1117,.F.);
#2202 = ORIENTED_EDGE('',*,*,#1148,.F.);
#2203 = ORIENTED_EDGE('',*,*,#1172,.F.);
#2204 = ORIENTED_EDGE('',*,*,#1196,.F.);
#2205 = ORIENTED_EDGE('',*,*,#1220,.F.);
#2206 = ORIENTED_EDGE('',*,*,#1244,.F.);
#2207 = ORIENTED_EDGE('',*,*,#1268,.F.);
#2208 = ORIENTED_EDGE('',*,*,#1292,.F.);
#2209 = ORIENTED_EDGE('',*,*,#1316,.F.);
#2210 = ORIENTED_EDGE('',*,*,#1340,.F.);
#2211 = ORIENTED_EDGE('',*,*,#1357,.F.);
#2212 = FACE_BOUND('',#2213,.T.);
#2213 = EDGE_LOOP('',(#2214,#2224,#2232));
#2214 = ORIENTED_EDGE('',*,*,#2215,.F.);
#2215 = EDGE_CURVE('',#2216,#2218,#2220,.T.);
#2216 = VERTEX_POINT('',#2217);
#2217 = CARTESIAN_POINT('',(23.930955414013,1.418345145537,
    5.651153900453));
#2218 = VERTEX_POINT('',#2219);
#2219 = CARTESIAN_POINT('',(23.930955414013,2.06326007057,7.42304309445)
  );
#2220 = LINE('',#2221,#2222);
#2221 = CARTESIAN_POINT('',(23.930955414013,1.418345145537,
    5.651153900453));
#2222 = VECTOR('',#2223,1.);
#2223 = DIRECTION('',(0.,0.342020143326,0.939692620786));
#2224 = ORIENTED_EDGE('',*,*,#2225,.F.);
#2225 = EDGE_CURVE('',#2226,#2216,#2228,.T.);
#2226 = VERTEX_POINT('',#2227);
#2227 = CARTESIAN_POINT('',(22.643057324841,1.418345145537,
    5.651153900453));
#2228 = LINE('',#2229,#2230);
#2229 = CARTESIAN_POINT('',(22.643057324841,1.418345145537,
    5.651153900453));
#2230 = VECTOR('',#2231,1.);
#2231 = DIRECTION('',(1.,0.,0.));
#2232 = ORIENTED_EDGE('',*,*,#2233,.F.);
#2233 = EDGE_CURVE('',#2218,#2226,#2234,.T.);
#2234 = LINE('',#2235,#2236);
#2235 = CARTESIAN_POINT('',(23.930955414013,2.06326007057,7.42304309445)
  );
#2236 = VECTOR('',#2237,1.);
#2237 = DIRECTION('',(-0.564011752037,-0.282428865949,-0.775966931797));
#2238 = PLANE('',#2239);
#2239 = AXIS2_PLACEMENT_3D('',#2240,#2241,#2242);
#2240 = CARTESIAN_POINT('',(23.935118692308,1.571769875644,
    6.072684882008));
#2241 = DIRECTION('',(0.,-0.939692620786,0.342020143326));
#2242 = DIRECTION('',(1.,0.,0.));
#2243 = ADVANCED_FACE('',(#2244),#2267,.T.);
#2244 = FACE_BOUND('',#2245,.F.);
#2245 = EDGE_LOOP('',(#2246,#2247,#2248,#2249,#2250,#2251,#2252,#2253,
    #2254,#2255,#2256,#2257,#2258,#2259,#2260,#2261,#2262,#2263,#2264,
    #2265,#2266));
#2246 = ORIENTED_EDGE('',*,*,#1381,.T.);
#2247 = ORIENTED_EDGE('',*,*,#1895,.T.);
#2248 = ORIENTED_EDGE('',*,*,#1876,.T.);
#2249 = ORIENTED_EDGE('',*,*,#1850,.T.);
#2250 = ORIENTED_EDGE('',*,*,#1824,.T.);
#2251 = ORIENTED_EDGE('',*,*,#1798,.T.);
#2252 = ORIENTED_EDGE('',*,*,#1772,.T.);
#2253 = ORIENTED_EDGE('',*,*,#1746,.T.);
#2254 = ORIENTED_EDGE('',*,*,#1720,.T.);
#2255 = ORIENTED_EDGE('',*,*,#1694,.T.);
#2256 = ORIENTED_EDGE('',*,*,#1670,.T.);
#2257 = ORIENTED_EDGE('',*,*,#1644,.T.);
#2258 = ORIENTED_EDGE('',*,*,#1618,.T.);
#2259 = ORIENTED_EDGE('',*,*,#1592,.T.);
#2260 = ORIENTED_EDGE('',*,*,#1566,.T.);
#2261 = ORIENTED_EDGE('',*,*,#1540,.T.);
#2262 = ORIENTED_EDGE('',*,*,#1514,.T.);
#2263 = ORIENTED_EDGE('',*,*,#1488,.T.);
#2264 = ORIENTED_EDGE('',*,*,#1462,.T.);
#2265 = ORIENTED_EDGE('',*,*,#1436,.T.);
#2266 = ORIENTED_EDGE('',*,*,#1412,.T.);
#2267 = PLANE('',#2268);
#2268 = AXIS2_PLACEMENT_3D('',#2269,#2270,#2271);
#2269 = CARTESIAN_POINT('',(19.359722685925,1.609944891634,6.17756987643
    ));
#2270 = DIRECTION('',(0.,-0.939692620786,0.342020143326));
#2271 = DIRECTION('',(1.,0.,0.));
#2272 = ADVANCED_FACE('',(#2273),#2279,.F.);
#2273 = FACE_BOUND('',#2274,.F.);
#2274 = EDGE_LOOP('',(#2275,#2276,#2277,#2278));
#2275 = ORIENTED_EDGE('',*,*,#1975,.T.);
#2276 = ORIENTED_EDGE('',*,*,#1950,.T.);
#2277 = ORIENTED_EDGE('',*,*,#1918,.F.);
#2278 = ORIENTED_EDGE('',*,*,#2187,.F.);
#2279 = PLANE('',#2280);
#2280 = AXIS2_PLACEMENT_3D('',#2281,#2282,#2283);
#2281 = CARTESIAN_POINT('',(47.,12.9,0.));
#2282 = DIRECTION('',(-1.,0.,0.));
#2283 = DIRECTION('',(0.,1.,0.));
#2284 = ADVANCED_FACE('',(#2285),#2295,.T.);
#2285 = FACE_BOUND('',#2286,.T.);
#2286 = EDGE_LOOP('',(#2287,#2288,#2289,#2290,#2291,#2292,#2293,#2294));
#2287 = ORIENTED_EDGE('',*,*,#2031,.T.);
#2288 = ORIENTED_EDGE('',*,*,#2006,.T.);
#2289 = ORIENTED_EDGE('',*,*,#2055,.T.);
#2290 = ORIENTED_EDGE('',*,*,#2104,.T.);
#2291 = ORIENTED_EDGE('',*,*,#2153,.T.);
#2292 = ORIENTED_EDGE('',*,*,#2170,.T.);
#2293 = ORIENTED_EDGE('',*,*,#2129,.T.);
#2294 = ORIENTED_EDGE('',*,*,#2079,.T.);
#2295 = PLANE('',#2296);
#2296 = AXIS2_PLACEMENT_3D('',#2297,#2298,#2299);
#2297 = CARTESIAN_POINT('',(21.5,32.86,21.));
#2298 = DIRECTION('',(0.,0.,1.));
#2299 = DIRECTION('',(1.,0.,0.));
#2300 = ADVANCED_FACE('',(#2301),#2306,.T.);
#2301 = FACE_BOUND('',#2302,.T.);
#2302 = EDGE_LOOP('',(#2303,#2304,#2305));
#2303 = ORIENTED_EDGE('',*,*,#2225,.T.);
#2304 = ORIENTED_EDGE('',*,*,#2215,.T.);
#2305 = ORIENTED_EDGE('',*,*,#2233,.T.);
#2306 = PLANE('',#2307);
#2307 = AXIS2_PLACEMENT_3D('',#2308,#2309,#2310);
#2308 = CARTESIAN_POINT('',(23.935118692308,1.571769875644,
    6.072684882008));
#2309 = DIRECTION('',(0.,-0.939692620786,0.342020143326));
#2310 = DIRECTION('',(1.,0.,0.));
#2311 = ( GEOMETRIC_REPRESENTATION_CONTEXT(3) 
GLOBAL_UNCERTAINTY_ASSIGNED_CONTEXT((#2315)) 
GLOBAL_UNIT_ASSIGNED_CONTEXT((#2312,#2313,#2314)) REPRESENTATION_CONTEXT
('Context #1','3D Context with UNIT and UNCERTAINTY') );
#2312 = ( LENGTH_UNIT() NAMED_UNIT(*) SI_UNIT(.MILLI.,.METRE.) );
#2313 = ( NAMED_UNIT(*) PLANE_ANGLE_UNIT() SI_UNIT($,.RADIAN.) );
#2314 = ( NAMED_UNIT(*) SI_UNIT($,.STERADIAN.) SOLID_ANGLE_UNIT() );
#2315 = UNCERTAINTY_MEASURE_WITH_UNIT(LENGTH_MEASURE(1.E-06),#2312,
  'distance_accuracy_value','confusion accuracy');
#2316 = PRODUCT_RELATED_PRODUCT_CATEGORY('part',$,(#7));
ENDSEC;
END-ISO-10303-21;
