ISO-10303-21;
HEADER;
FILE_DESCRIPTION(('FreeCAD Model'),'2;1');
FILE_NAME('Open CASCADE Shape Model','2026-08-31T20:51:50',('FreeCAD'),(
    'FreeCAD'),'Open CASCADE STEP processor 7.8','FreeCAD','Unknown');
FILE_SCHEMA(('AUTOMOTIVE_DESIGN { 1 0 10303 214 1 1 1 1 }'));
ENDSEC;
DATA;
#1 = APPLICATION_PROTOCOL_DEFINITION('international standard',
  'automotive_design',2000,#2);
#2 = APPLICATION_CONTEXT(
  'core data for automotive mechanical design processes');
#3 = SHAPE_DEFINITION_REPRESENTATION(#4,#10);
#4 = PRODUCT_DEFINITION_SHAPE('','',#5);
#5 = PRODUCT_DEFINITION('design','',#6,#9);
#6 = PRODUCT_DEFINITION_FORMATION('','',#7);
#7 = PRODUCT('Open CASCADE STEP translator 7.8 27',
  'Open CASCADE STEP translator 7.8 27','',(#8));
#8 = PRODUCT_CONTEXT('',#2,'mechanical');
#9 = PRODUCT_DEFINITION_CONTEXT('part definition',#2,'design');
#10 = ADVANCED_BREP_SHAPE_REPRESENTATION('',(#11,#15),#3102);
#11 = AXIS2_PLACEMENT_3D('',#12,#13,#14);
#12 = CARTESIAN_POINT('',(0.,0.,0.));
#13 = DIRECTION('',(0.,0.,1.));
#14 = DIRECTION('',(1.,0.,-0.));
#15 = MANIFOLD_SOLID_BREP('',#16);
#16 = CLOSED_SHELL('',(#17,#57,#222,#246,#334,#1125,#1142,#1159,#1176,
    #1193,#1210,#1227,#1244,#1276,#1300,#1324,#1349,#1374,#1398,#1422,
    #1440,#1457,#1488,#1514,#1540,#1566,#1592,#1618,#1644,#1670,#1696,
    #1722,#1748,#1774,#1800,#1824,#1850,#1876,#1902,#1928,#1954,#1980,
    #2004,#2030,#2056,#2082,#2108,#2134,#2160,#2179,#2210,#2234,#2260,
    #2286,#2312,#2338,#2364,#2390,#2416,#2442,#2468,#2492,#2518,#2544,
    #2570,#2596,#2622,#2648,#2674,#2700,#2717,#2748,#2772,#2796,#2828,
    #2852,#2876,#2901,#2926,#2950,#2974,#2992,#3009,#3045,#3074,#3086));
#17 = ADVANCED_FACE('',(#18),#52,.F.);
#18 = FACE_BOUND('',#19,.F.);
#19 = EDGE_LOOP('',(#20,#30,#38,#46));
#20 = ORIENTED_EDGE('',*,*,#21,.F.);
#21 = EDGE_CURVE('',#22,#24,#26,.T.);
#22 = VERTEX_POINT('',#23);
#23 = CARTESIAN_POINT('',(0.,3.639702342662,10.));
#24 = VERTEX_POINT('',#25);
#25 = CARTESIAN_POINT('',(0.,13.75,10.));
#26 = LINE('',#27,#28);
#27 = CARTESIAN_POINT('',(0.,0.,10.));
#28 = VECTOR('',#29,1.);
#29 = DIRECTION('',(0.,1.,0.));
#30 = ORIENTED_EDGE('',*,*,#31,.T.);
#31 = EDGE_CURVE('',#22,#32,#34,.T.);
#32 = VERTEX_POINT('',#33);
#33 = CARTESIAN_POINT('',(0.,0.,0.));
#34 = LINE('',#35,#36);
#35 = CARTESIAN_POINT('',(0.,0.,0.));
#36 = VECTOR('',#37,1.);
#37 = DIRECTION('',(0.,-0.342020143326,-0.939692620786));
#38 = ORIENTED_EDGE('',*,*,#39,.T.);
#39 = EDGE_CURVE('',#32,#40,#42,.T.);
#40 = VERTEX_POINT('',#41);
#41 = CARTESIAN_POINT('',(0.,13.75,0.));
#42 = LINE('',#43,#44);
#43 = CARTESIAN_POINT('',(0.,0.,0.));
#44 = VECTOR('',#45,1.);
#45 = DIRECTION('',(0.,1.,0.));
#46 = ORIENTED_EDGE('',*,*,#47,.T.);
#47 = EDGE_CURVE('',#40,#24,#48,.T.);
#48 = LINE('',#49,#50);
#49 = CARTESIAN_POINT('',(0.,13.75,-1.));
#50 = VECTOR('',#51,1.);
#51 = DIRECTION('',(0.,0.,1.));
#52 = PLANE('',#53);
#53 = AXIS2_PLACEMENT_3D('',#54,#55,#56);
#54 = CARTESIAN_POINT('',(0.,0.,0.));
#55 = DIRECTION('',(1.,0.,0.));
#56 = DIRECTION('',(0.,0.,1.));
#57 = ADVANCED_FACE('',(#58,#147),#217,.T.);
#58 = FACE_BOUND('',#59,.T.);
#59 = EDGE_LOOP('',(#60,#61,#69,#77,#85,#93,#101,#109,#117,#125,#133,
    #141));
#60 = ORIENTED_EDGE('',*,*,#21,.F.);
#61 = ORIENTED_EDGE('',*,*,#62,.T.);
#62 = EDGE_CURVE('',#22,#63,#65,.T.);
#63 = VERTEX_POINT('',#64);
#64 = CARTESIAN_POINT('',(43.,3.639702342662,10.));
#65 = LINE('',#66,#67);
#66 = CARTESIAN_POINT('',(-1.,3.639702342662,10.));
#67 = VECTOR('',#68,1.);
#68 = DIRECTION('',(1.,0.,0.));
#69 = ORIENTED_EDGE('',*,*,#70,.T.);
#70 = EDGE_CURVE('',#63,#71,#73,.T.);
#71 = VERTEX_POINT('',#72);
#72 = CARTESIAN_POINT('',(43.,13.875609756098,10.));
#73 = LINE('',#74,#75);
#74 = CARTESIAN_POINT('',(43.,0.,10.));
#75 = VECTOR('',#76,1.);
#76 = DIRECTION('',(0.,1.,0.));
#77 = ORIENTED_EDGE('',*,*,#78,.F.);
#78 = EDGE_CURVE('',#79,#71,#81,.T.);
#79 = VERTEX_POINT('',#80);
#80 = CARTESIAN_POINT('',(42.9,13.9,10.));
#81 = LINE('',#82,#83);
#82 = CARTESIAN_POINT('',(42.9,13.9,10.));
#83 = VECTOR('',#84,1.);
#84 = DIRECTION('',(0.971520338783,-0.236956180191,0.));
#85 = ORIENTED_EDGE('',*,*,#86,.F.);
#86 = EDGE_CURVE('',#87,#79,#89,.T.);
#87 = VERTEX_POINT('',#88);
#88 = CARTESIAN_POINT('',(42.9,17.9,10.));
#89 = LINE('',#90,#91);
#90 = CARTESIAN_POINT('',(42.9,17.9,10.));
#91 = VECTOR('',#92,1.);
#92 = DIRECTION('',(0.,-1.,0.));
#93 = ORIENTED_EDGE('',*,*,#94,.F.);
#94 = EDGE_CURVE('',#95,#87,#97,.T.);
#95 = VERTEX_POINT('',#96);
#96 = CARTESIAN_POINT('',(43.,17.924390243902,10.));
#97 = LINE('',#98,#99);
#98 = CARTESIAN_POINT('',(47.,18.9,10.));
#99 = VECTOR('',#100,1.);
#100 = DIRECTION('',(-0.971520338783,-0.236956180191,0.));
#101 = ORIENTED_EDGE('',*,*,#102,.T.);
#102 = EDGE_CURVE('',#95,#103,#105,.T.);
#103 = VERTEX_POINT('',#104);
#104 = CARTESIAN_POINT('',(43.,53.,10.));
#105 = LINE('',#106,#107);
#106 = CARTESIAN_POINT('',(43.,0.,10.));
#107 = VECTOR('',#108,1.);
#108 = DIRECTION('',(0.,1.,0.));
#109 = ORIENTED_EDGE('',*,*,#110,.F.);
#110 = EDGE_CURVE('',#111,#103,#113,.T.);
#111 = VERTEX_POINT('',#112);
#112 = CARTESIAN_POINT('',(0.,53.,10.));
#113 = LINE('',#114,#115);
#114 = CARTESIAN_POINT('',(0.,53.,10.));
#115 = VECTOR('',#116,1.);
#116 = DIRECTION('',(1.,0.,0.));
#117 = ORIENTED_EDGE('',*,*,#118,.F.);
#118 = EDGE_CURVE('',#119,#111,#121,.T.);
#119 = VERTEX_POINT('',#120);
#120 = CARTESIAN_POINT('',(0.,18.05,10.));
#121 = LINE('',#122,#123);
#122 = CARTESIAN_POINT('',(0.,0.,10.));
#123 = VECTOR('',#124,1.);
#124 = DIRECTION('',(0.,1.,0.));
#125 = ORIENTED_EDGE('',*,*,#126,.T.);
#126 = EDGE_CURVE('',#119,#127,#129,.T.);
#127 = VERTEX_POINT('',#128);
#128 = CARTESIAN_POINT('',(4.,19.05,10.));
#129 = LINE('',#130,#131);
#130 = CARTESIAN_POINT('',(-0.123529411765,18.019117647059,10.));
#131 = VECTOR('',#132,1.);
#132 = DIRECTION('',(0.970142500145,0.242535625036,0.));
#133 = ORIENTED_EDGE('',*,*,#134,.T.);
#134 = EDGE_CURVE('',#127,#135,#137,.T.);
#135 = VERTEX_POINT('',#136);
#136 = CARTESIAN_POINT('',(4.,12.75,10.));
#137 = LINE('',#138,#139);
#138 = CARTESIAN_POINT('',(4.,6.375,10.));
#139 = VECTOR('',#140,1.);
#140 = DIRECTION('',(0.,-1.,0.));
#141 = ORIENTED_EDGE('',*,*,#142,.T.);
#142 = EDGE_CURVE('',#135,#24,#143,.T.);
#143 = LINE('',#144,#145);
#144 = CARTESIAN_POINT('',(1.617647058824,13.345588235294,10.));
#145 = VECTOR('',#146,1.);
#146 = DIRECTION('',(-0.970142500145,0.242535625036,0.));
#147 = FACE_BOUND('',#148,.T.);
#148 = EDGE_LOOP('',(#149,#160,#168,#177,#185,#194,#202,#211));
#149 = ORIENTED_EDGE('',*,*,#150,.F.);
#150 = EDGE_CURVE('',#151,#153,#155,.T.);
#151 = VERTEX_POINT('',#152);
#152 = CARTESIAN_POINT('',(16.6,38.36,10.));
#153 = VERTEX_POINT('',#154);
#154 = CARTESIAN_POINT('',(16.,37.76,10.));
#155 = CIRCLE('',#156,0.6);
#156 = AXIS2_PLACEMENT_3D('',#157,#158,#159);
#157 = CARTESIAN_POINT('',(16.6,37.76,10.));
#158 = DIRECTION('',(0.,-0.,1.));
#159 = DIRECTION('',(0.,1.,0.));
#160 = ORIENTED_EDGE('',*,*,#161,.T.);
#161 = EDGE_CURVE('',#151,#162,#164,.T.);
#162 = VERTEX_POINT('',#163);
#163 = CARTESIAN_POINT('',(26.4,38.36,10.));
#164 = LINE('',#165,#166);
#165 = CARTESIAN_POINT('',(13.5,38.36,10.));
#166 = VECTOR('',#167,1.);
#167 = DIRECTION('',(1.,0.,0.));
#168 = ORIENTED_EDGE('',*,*,#169,.F.);
#169 = EDGE_CURVE('',#170,#162,#172,.T.);
#170 = VERTEX_POINT('',#171);
#171 = CARTESIAN_POINT('',(27.,37.76,10.));
#172 = CIRCLE('',#173,0.6);
#173 = AXIS2_PLACEMENT_3D('',#174,#175,#176);
#174 = CARTESIAN_POINT('',(26.4,37.76,10.));
#175 = DIRECTION('',(0.,-0.,1.));
#176 = DIRECTION('',(0.,1.,0.));
#177 = ORIENTED_EDGE('',*,*,#178,.T.);
#178 = EDGE_CURVE('',#170,#179,#181,.T.);
#179 = VERTEX_POINT('',#180);
#180 = CARTESIAN_POINT('',(27.,27.96,10.));
#181 = LINE('',#182,#183);
#182 = CARTESIAN_POINT('',(27.,13.68,10.));
#183 = VECTOR('',#184,1.);
#184 = DIRECTION('',(0.,-1.,0.));
#185 = ORIENTED_EDGE('',*,*,#186,.F.);
#186 = EDGE_CURVE('',#187,#179,#189,.T.);
#187 = VERTEX_POINT('',#188);
#188 = CARTESIAN_POINT('',(26.4,27.36,10.));
#189 = CIRCLE('',#190,0.6);
#190 = AXIS2_PLACEMENT_3D('',#191,#192,#193);
#191 = CARTESIAN_POINT('',(26.4,27.96,10.));
#192 = DIRECTION('',(-0.,0.,1.));
#193 = DIRECTION('',(0.,-1.,0.));
#194 = ORIENTED_EDGE('',*,*,#195,.T.);
#195 = EDGE_CURVE('',#187,#196,#198,.T.);
#196 = VERTEX_POINT('',#197);
#197 = CARTESIAN_POINT('',(16.6,27.36,10.));
#198 = LINE('',#199,#200);
#199 = CARTESIAN_POINT('',(8.,27.36,10.));
#200 = VECTOR('',#201,1.);
#201 = DIRECTION('',(-1.,0.,0.));
#202 = ORIENTED_EDGE('',*,*,#203,.F.);
#203 = EDGE_CURVE('',#204,#196,#206,.T.);
#204 = VERTEX_POINT('',#205);
#205 = CARTESIAN_POINT('',(16.,27.96,10.));
#206 = CIRCLE('',#207,0.6);
#207 = AXIS2_PLACEMENT_3D('',#208,#209,#210);
#208 = CARTESIAN_POINT('',(16.6,27.96,10.));
#209 = DIRECTION('',(0.,0.,1.));
#210 = DIRECTION('',(-1.,0.,0.));
#211 = ORIENTED_EDGE('',*,*,#212,.T.);
#212 = EDGE_CURVE('',#204,#153,#213,.T.);
#213 = LINE('',#214,#215);
#214 = CARTESIAN_POINT('',(16.,19.18,10.));
#215 = VECTOR('',#216,1.);
#216 = DIRECTION('',(0.,1.,0.));
#217 = PLANE('',#218);
#218 = AXIS2_PLACEMENT_3D('',#219,#220,#221);
#219 = CARTESIAN_POINT('',(0.,0.,10.));
#220 = DIRECTION('',(0.,0.,1.));
#221 = DIRECTION('',(1.,0.,0.));
#222 = ADVANCED_FACE('',(#223),#241,.T.);
#223 = FACE_BOUND('',#224,.T.);
#224 = EDGE_LOOP('',(#225,#233,#234,#235));
#225 = ORIENTED_EDGE('',*,*,#226,.T.);
#226 = EDGE_CURVE('',#227,#40,#229,.T.);
#227 = VERTEX_POINT('',#228);
#228 = CARTESIAN_POINT('',(4.,12.75,0.));
#229 = LINE('',#230,#231);
#230 = CARTESIAN_POINT('',(1.617647058824,13.345588235294,0.));
#231 = VECTOR('',#232,1.);
#232 = DIRECTION('',(-0.970142500145,0.242535625036,0.));
#233 = ORIENTED_EDGE('',*,*,#47,.T.);
#234 = ORIENTED_EDGE('',*,*,#142,.F.);
#235 = ORIENTED_EDGE('',*,*,#236,.F.);
#236 = EDGE_CURVE('',#227,#135,#237,.T.);
#237 = LINE('',#238,#239);
#238 = CARTESIAN_POINT('',(4.,12.75,-1.));
#239 = VECTOR('',#240,1.);
#240 = DIRECTION('',(0.,0.,1.));
#241 = PLANE('',#242);
#242 = AXIS2_PLACEMENT_3D('',#243,#244,#245);
#243 = CARTESIAN_POINT('',(0.,13.75,-1.));
#244 = DIRECTION('',(0.242535625036,0.970142500145,0.));
#245 = DIRECTION('',(0.970142500145,-0.242535625036,0.));
#246 = ADVANCED_FACE('',(#247),#329,.F.);
#247 = FACE_BOUND('',#248,.F.);
#248 = EDGE_LOOP('',(#249,#250,#258,#266,#274,#282,#290,#298,#306,#314,
    #322,#328));
#249 = ORIENTED_EDGE('',*,*,#39,.F.);
#250 = ORIENTED_EDGE('',*,*,#251,.T.);
#251 = EDGE_CURVE('',#32,#252,#254,.T.);
#252 = VERTEX_POINT('',#253);
#253 = CARTESIAN_POINT('',(43.,0.,0.));
#254 = LINE('',#255,#256);
#255 = CARTESIAN_POINT('',(0.,0.,0.));
#256 = VECTOR('',#257,1.);
#257 = DIRECTION('',(1.,0.,0.));
#258 = ORIENTED_EDGE('',*,*,#259,.T.);
#259 = EDGE_CURVE('',#252,#260,#262,.T.);
#260 = VERTEX_POINT('',#261);
#261 = CARTESIAN_POINT('',(43.,13.875609756098,0.));
#262 = LINE('',#263,#264);
#263 = CARTESIAN_POINT('',(43.,0.,0.));
#264 = VECTOR('',#265,1.);
#265 = DIRECTION('',(0.,1.,0.));
#266 = ORIENTED_EDGE('',*,*,#267,.F.);
#267 = EDGE_CURVE('',#268,#260,#270,.T.);
#268 = VERTEX_POINT('',#269);
#269 = CARTESIAN_POINT('',(42.9,13.9,0.));
#270 = LINE('',#271,#272);
#271 = CARTESIAN_POINT('',(42.9,13.9,0.));
#272 = VECTOR('',#273,1.);
#273 = DIRECTION('',(0.971520338783,-0.236956180191,0.));
#274 = ORIENTED_EDGE('',*,*,#275,.F.);
#275 = EDGE_CURVE('',#276,#268,#278,.T.);
#276 = VERTEX_POINT('',#277);
#277 = CARTESIAN_POINT('',(42.9,17.9,0.));
#278 = LINE('',#279,#280);
#279 = CARTESIAN_POINT('',(42.9,17.9,0.));
#280 = VECTOR('',#281,1.);
#281 = DIRECTION('',(0.,-1.,0.));
#282 = ORIENTED_EDGE('',*,*,#283,.F.);
#283 = EDGE_CURVE('',#284,#276,#286,.T.);
#284 = VERTEX_POINT('',#285);
#285 = CARTESIAN_POINT('',(43.,17.924390243902,0.));
#286 = LINE('',#287,#288);
#287 = CARTESIAN_POINT('',(47.,18.9,0.));
#288 = VECTOR('',#289,1.);
#289 = DIRECTION('',(-0.971520338783,-0.236956180191,0.));
#290 = ORIENTED_EDGE('',*,*,#291,.T.);
#291 = EDGE_CURVE('',#284,#292,#294,.T.);
#292 = VERTEX_POINT('',#293);
#293 = CARTESIAN_POINT('',(43.,53.,0.));
#294 = LINE('',#295,#296);
#295 = CARTESIAN_POINT('',(43.,0.,0.));
#296 = VECTOR('',#297,1.);
#297 = DIRECTION('',(0.,1.,0.));
#298 = ORIENTED_EDGE('',*,*,#299,.F.);
#299 = EDGE_CURVE('',#300,#292,#302,.T.);
#300 = VERTEX_POINT('',#301);
#301 = CARTESIAN_POINT('',(0.,53.,0.));
#302 = LINE('',#303,#304);
#303 = CARTESIAN_POINT('',(0.,53.,0.));
#304 = VECTOR('',#305,1.);
#305 = DIRECTION('',(1.,0.,0.));
#306 = ORIENTED_EDGE('',*,*,#307,.F.);
#307 = EDGE_CURVE('',#308,#300,#310,.T.);
#308 = VERTEX_POINT('',#309);
#309 = CARTESIAN_POINT('',(0.,18.05,0.));
#310 = LINE('',#311,#312);
#311 = CARTESIAN_POINT('',(0.,0.,0.));
#312 = VECTOR('',#313,1.);
#313 = DIRECTION('',(0.,1.,0.));
#314 = ORIENTED_EDGE('',*,*,#315,.T.);
#315 = EDGE_CURVE('',#308,#316,#318,.T.);
#316 = VERTEX_POINT('',#317);
#317 = CARTESIAN_POINT('',(4.,19.05,0.));
#318 = LINE('',#319,#320);
#319 = CARTESIAN_POINT('',(-0.123529411765,18.019117647059,0.));
#320 = VECTOR('',#321,1.);
#321 = DIRECTION('',(0.970142500145,0.242535625036,0.));
#322 = ORIENTED_EDGE('',*,*,#323,.T.);
#323 = EDGE_CURVE('',#316,#227,#324,.T.);
#324 = LINE('',#325,#326);
#325 = CARTESIAN_POINT('',(4.,6.375,0.));
#326 = VECTOR('',#327,1.);
#327 = DIRECTION('',(0.,-1.,0.));
#328 = ORIENTED_EDGE('',*,*,#226,.T.);
#329 = PLANE('',#330);
#330 = AXIS2_PLACEMENT_3D('',#331,#332,#333);
#331 = CARTESIAN_POINT('',(0.,0.,0.));
#332 = DIRECTION('',(0.,0.,1.));
#333 = DIRECTION('',(1.,0.,0.));
#334 = ADVANCED_FACE('',(#335,#346,#789),#1120,.T.);
#335 = FACE_BOUND('',#336,.T.);
#336 = EDGE_LOOP('',(#337,#338,#339,#345));
#337 = ORIENTED_EDGE('',*,*,#31,.T.);
#338 = ORIENTED_EDGE('',*,*,#251,.T.);
#339 = ORIENTED_EDGE('',*,*,#340,.F.);
#340 = EDGE_CURVE('',#63,#252,#341,.T.);
#341 = LINE('',#342,#343);
#342 = CARTESIAN_POINT('',(43.,0.,0.));
#343 = VECTOR('',#344,1.);
#344 = DIRECTION('',(0.,-0.342020143326,-0.939692620786));
#345 = ORIENTED_EDGE('',*,*,#62,.F.);
#346 = FACE_BOUND('',#347,.T.);
#347 = EDGE_LOOP('',(#348,#358,#373,#388,#403,#422,#441,#456,#467,#475,
    #490,#505,#520,#535,#550,#565,#573,#585,#600,#615,#638,#655,#678,
    #693,#710,#733,#752,#774));
#348 = ORIENTED_EDGE('',*,*,#349,.F.);
#349 = EDGE_CURVE('',#350,#352,#354,.T.);
#350 = VERTEX_POINT('',#351);
#351 = CARTESIAN_POINT('',(22.904840764331,1.826007827094,5.016915272688
    ));
#352 = VERTEX_POINT('',#353);
#353 = CARTESIAN_POINT('',(21.865350318471,1.783048354314,4.898885091274
    ));
#354 = LINE('',#355,#356);
#355 = CARTESIAN_POINT('',(10.286761319932,1.304534981836,3.584180405482
    ));
#356 = VECTOR('',#357,1.);
#357 = DIRECTION('',(-0.992778634966,-4.102899349847E-02,-0.11272623318)
  );
#358 = ORIENTED_EDGE('',*,*,#359,.F.);
#359 = EDGE_CURVE('',#360,#350,#362,.T.);
#360 = VERTEX_POINT('',#361);
#361 = CARTESIAN_POINT('',(23.172356687898,1.618791546628,4.447593221164
    ));
#362 = B_SPLINE_CURVE_WITH_KNOTS('',5,(#363,#364,#365,#366,#367,#368,
    #369,#370,#371,#372),.UNSPECIFIED.,.F.,.F.,(6,4,6),(0.,
    0.490363581921,1.),.UNSPECIFIED.);
#363 = CARTESIAN_POINT('',(23.172356687898,1.618791546628,4.447593221164
    ));
#364 = CARTESIAN_POINT('',(23.12820052997,1.63332860998,4.48753347447));
#365 = CARTESIAN_POINT('',(23.088400293738,1.649491361738,4.531940269961
    ));
#366 = CARTESIAN_POINT('',(23.053125155482,1.66721369234,4.58063197311)
  );
#367 = CARTESIAN_POINT('',(23.022371531416,1.68638435004,4.633302922257)
  );
#368 = CARTESIAN_POINT('',(22.968645312608,1.728156635761,4.748071334033
    ));
#369 = CARTESIAN_POINT('',(22.946023920213,1.750865366177,4.810463058076
    ));
#370 = CARTESIAN_POINT('',(22.928029908895,1.774846220914,4.876349914965
    ));
#371 = CARTESIAN_POINT('',(22.914398400142,1.799940413384,4.945295642137
    ));
#372 = CARTESIAN_POINT('',(22.904840764331,1.826007827094,5.016915272688
    ));
#373 = ORIENTED_EDGE('',*,*,#374,.F.);
#374 = EDGE_CURVE('',#375,#360,#377,.T.);
#375 = VERTEX_POINT('',#376);
#376 = CARTESIAN_POINT('',(23.69974522293,1.547163379032,4.250796448098)
  );
#377 = B_SPLINE_CURVE_WITH_KNOTS('',5,(#378,#379,#380,#381,#382,#383,
    #384,#385,#386,#387),.UNSPECIFIED.,.F.,.F.,(6,4,6),(0.,
    0.544547321447,1.),.UNSPECIFIED.);
#378 = CARTESIAN_POINT('',(23.69974522293,1.547163379032,4.250796448098)
  );
#379 = CARTESIAN_POINT('',(23.633398748475,1.547163379032,4.250796448098
    ));
#380 = CARTESIAN_POINT('',(23.568950379407,1.54921986351,4.256446592764)
  );
#381 = CARTESIAN_POINT('',(23.506728357326,1.553424011313,4.267997393922
    ));
#382 = CARTESIAN_POINT('',(23.447030232729,1.559816508408,4.285560635343
    ));
#383 = CARTESIAN_POINT('',(23.342472304532,1.575507016273,4.328669951402
    ));
#384 = CARTESIAN_POINT('',(23.296778171885,1.584159227867,4.352441707386
    ));
#385 = CARTESIAN_POINT('',(23.253148840202,1.594296894576,4.380294717755
    ));
#386 = CARTESIAN_POINT('',(23.211663613402,1.60586666831,4.412082409836)
  );
#387 = CARTESIAN_POINT('',(23.172356687898,1.618791546628,4.447593221164
    ));
#388 = ORIENTED_EDGE('',*,*,#389,.F.);
#389 = EDGE_CURVE('',#390,#375,#392,.T.);
#390 = VERTEX_POINT('',#391);
#391 = CARTESIAN_POINT('',(24.25949044586,1.634127991271,4.489729756517)
  );
#392 = B_SPLINE_CURVE_WITH_KNOTS('',5,(#393,#394,#395,#396,#397,#398,
    #399,#400,#401,#402),.UNSPECIFIED.,.F.,.F.,(6,4,6),(0.,
    0.538672552744,1.),.UNSPECIFIED.);
#393 = CARTESIAN_POINT('',(24.25949044586,1.634127991271,4.489729756517)
  );
#394 = CARTESIAN_POINT('',(24.211573077858,1.615791749498,4.439351346287
    ));
#395 = CARTESIAN_POINT('',(24.160022535546,1.599600351456,4.394865845777
    ));
#396 = CARTESIAN_POINT('',(24.10485815841,1.585770487125,4.356868605814)
  );
#397 = CARTESIAN_POINT('',(24.046230869286,1.574462338078,4.325799721652
    ));
#398 = CARTESIAN_POINT('',(23.931635160864,1.558243051785,4.281237598801
    ));
#399 = CARTESIAN_POINT('',(23.876484342681,1.552645211571,4.265857659215
    ));
#400 = CARTESIAN_POINT('',(23.819270209602,1.548963948489,4.255743472023
    ));
#401 = CARTESIAN_POINT('',(23.760260486024,1.547163379032,4.250796448098
    ));
#402 = CARTESIAN_POINT('',(23.69974522293,1.547163379032,4.250796448098)
  );
#403 = ORIENTED_EDGE('',*,*,#404,.F.);
#404 = EDGE_CURVE('',#405,#390,#407,.T.);
#405 = VERTEX_POINT('',#406);
#406 = CARTESIAN_POINT('',(24.487006369427,1.868705883203,5.134227217703
    ));
#407 = B_SPLINE_CURVE_WITH_KNOTS('',5,(#408,#409,#410,#411,#412,#413,
    #414,#415,#416,#417,#418,#419,#420,#421),.UNSPECIFIED.,.F.,.F.,(6,4,
    4,6),(0.,0.471503810142,0.922213838157,1.),.UNSPECIFIED.);
#408 = CARTESIAN_POINT('',(24.487006369427,1.868705883203,5.134227217703
    ));
#409 = CARTESIAN_POINT('',(24.487006369427,1.842478969699,5.062169365067
    ));
#410 = CARTESIAN_POINT('',(24.482517270538,1.816937042556,4.991993496993
    ));
#411 = CARTESIAN_POINT('',(24.473190351979,1.792203552867,4.924038792569
    ));
#412 = CARTESIAN_POINT('',(24.458697975516,1.768422511755,4.858700919103
    ));
#413 = CARTESIAN_POINT('',(24.419904722327,1.724047881038,4.736782623211
    ));
#414 = CARTESIAN_POINT('',(24.396063072411,1.703357912823,4.67993740273)
  );
#415 = CARTESIAN_POINT('',(24.36718823796,1.683792278888,4.626181265298)
  );
#416 = CARTESIAN_POINT('',(24.333256458741,1.66545880146,4.575810450043)
  );
#417 = CARTESIAN_POINT('',(24.287737184735,1.645491633922,4.520951108101
    ));
#418 = CARTESIAN_POINT('',(24.280891802598,1.642591624097,4.512983396592
    ));
#419 = CARTESIAN_POINT('',(24.273901560892,1.639730808331,4.505123369872
    ));
#420 = CARTESIAN_POINT('',(24.26676741215,1.636909504502,4.497371901311)
  );
#421 = CARTESIAN_POINT('',(24.25949044586,1.634127991271,4.489729756517)
  );
#422 = ORIENTED_EDGE('',*,*,#423,.F.);
#423 = EDGE_CURVE('',#424,#405,#426,.T.);
#424 = VERTEX_POINT('',#425);
#425 = CARTESIAN_POINT('',(24.269171974522,2.090038663852,5.742334034721
    ));
#426 = B_SPLINE_CURVE_WITH_KNOTS('',5,(#427,#428,#429,#430,#431,#432,
    #433,#434,#435,#436,#437,#438,#439,#440),.UNSPECIFIED.,.F.,.F.,(6,4,
    4,6),(0.,8.966754802965E-02,0.535294094898,1.),.UNSPECIFIED.);
#427 = CARTESIAN_POINT('',(24.269171974522,2.090038663852,5.742334034721
    ));
#428 = CARTESIAN_POINT('',(24.277183486074,2.087035772467,5.734083658447
    ));
#429 = CARTESIAN_POINT('',(24.285014452388,2.083982466682,5.725694769749
    ));
#430 = CARTESIAN_POINT('',(24.292663332326,2.080879110867,5.717168369722
    ));
#431 = CARTESIAN_POINT('',(24.300128801617,2.077726131683,5.70850563061)
  );
#432 = CARTESIAN_POINT('',(24.343594361839,2.058610269405,5.655985230648
    ));
#433 = CARTESIAN_POINT('',(24.375224043322,2.041481929699,5.608925504074
    ));
#434 = CARTESIAN_POINT('',(24.402154545849,2.023201817515,5.558701308623
    ));
#435 = CARTESIAN_POINT('',(24.424405420458,2.003863087315,5.505568584077
    ));
#436 = CARTESIAN_POINT('',(24.460566906806,1.962421940943,5.391709970183
    ));
#437 = CARTESIAN_POINT('',(24.474081043388,1.940234776318,5.330751236374
    ));
#438 = CARTESIAN_POINT('',(24.482800115485,1.917137656376,5.26729242088)
  );
#439 = CARTESIAN_POINT('',(24.487006369427,1.893257515439,5.20168227288)
  );
#440 = CARTESIAN_POINT('',(24.487006369427,1.868705883203,5.134227217703
    ));
#441 = ORIENTED_EDGE('',*,*,#442,.F.);
#442 = EDGE_CURVE('',#443,#424,#445,.T.);
#443 = VERTEX_POINT('',#444);
#444 = CARTESIAN_POINT('',(23.737961783439,2.17177494269,5.966902615179)
  );
#445 = B_SPLINE_CURVE_WITH_KNOTS('',5,(#446,#447,#448,#449,#450,#451,
    #452,#453,#454,#455),.UNSPECIFIED.,.F.,.F.,(6,4,6),(0.,
    0.451235797283,1.),.UNSPECIFIED.);
#446 = CARTESIAN_POINT('',(23.737961783439,2.17177494269,5.966902615179)
  );
#447 = CARTESIAN_POINT('',(23.793879463838,2.17177494269,5.966902615179)
  );
#448 = CARTESIAN_POINT('',(23.848435632891,2.170148416154,5.962433770249
    ));
#449 = CARTESIAN_POINT('',(23.90139864589,2.166832539523,5.95332347408)
  );
#450 = CARTESIAN_POINT('',(23.952556754991,2.161800186418,5.939497197558
    ));
#451 = CARTESIAN_POINT('',(24.061540257727,2.146898238301,5.898554431599
    ));
#452 = CARTESIAN_POINT('',(24.118427346303,2.136216784922,5.869207379633
    ));
#453 = CARTESIAN_POINT('',(24.172070704482,2.123074613599,5.83309956068)
  );
#454 = CARTESIAN_POINT('',(24.222327455722,2.107615762512,5.790626716388
    ));
#455 = CARTESIAN_POINT('',(24.269171974522,2.090038663852,5.742334034721
    ));
#456 = ORIENTED_EDGE('',*,*,#457,.F.);
#457 = EDGE_CURVE('',#458,#443,#460,.T.);
#458 = VERTEX_POINT('',#459);
#459 = CARTESIAN_POINT('',(23.244968152866,2.144326192334,5.891487793384
    ));
#460 = B_SPLINE_CURVE_WITH_KNOTS('',5,(#461,#462,#463,#464,#465,#466),
  .UNSPECIFIED.,.F.,.F.,(6,6),(0.,1.),.PIECEWISE_BEZIER_KNOTS.);
#461 = CARTESIAN_POINT('',(23.244968152866,2.144326192334,5.891487793384
    ));
#462 = CARTESIAN_POINT('',(23.355252410582,2.154887634871,5.92050511827)
  );
#463 = CARTESIAN_POINT('',(23.460417702218,2.16313006675,5.943151013738)
  );
#464 = CARTESIAN_POINT('',(23.559778684429,2.168835544638,5.958826685403
    ));
#465 = CARTESIAN_POINT('',(23.65254135345,2.17177494269,5.966902615179)
  );
#466 = CARTESIAN_POINT('',(23.737961783439,2.17177494269,5.966902615179)
  );
#467 = ORIENTED_EDGE('',*,*,#468,.F.);
#468 = EDGE_CURVE('',#469,#458,#471,.T.);
#469 = VERTEX_POINT('',#470);
#470 = CARTESIAN_POINT('',(23.363439490446,2.43946561283,6.702376686785)
  );
#471 = LINE('',#472,#473);
#472 = CARTESIAN_POINT('',(22.598292131351,0.533307104195,1.46524922641)
  );
#473 = VECTOR('',#474,1.);
#474 = DIRECTION('',(-0.136013796445,-0.338841730685,-0.930960003826));
#475 = ORIENTED_EDGE('',*,*,#476,.F.);
#476 = EDGE_CURVE('',#477,#469,#479,.T.);
#477 = VERTEX_POINT('',#478);
#478 = CARTESIAN_POINT('',(24.028407643312,2.503948391444,6.879541664972
    ));
#479 = B_SPLINE_CURVE_WITH_KNOTS('',5,(#480,#481,#482,#483,#484,#485,
    #486,#487,#488,#489),.UNSPECIFIED.,.F.,.F.,(6,4,6),(0.,
    0.485864715092,1.),.UNSPECIFIED.);
#480 = CARTESIAN_POINT('',(24.028407643312,2.503948391444,6.879541664972
    ));
#481 = CARTESIAN_POINT('',(23.981710451102,2.490017798563,6.841267675593
    ));
#482 = CARTESIAN_POINT('',(23.92974600741,2.477986497347,6.808211947175)
  );
#483 = CARTESIAN_POINT('',(23.872825982655,2.467922814836,6.780562206719
    ));
#484 = CARTESIAN_POINT('',(23.811451263738,2.45978973394,6.758216750607)
  );
#485 = CARTESIAN_POINT('',(23.677121480308,2.446838129217,6.722632509085
    ));
#486 = CARTESIAN_POINT('',(23.603691834889,2.4422393698,6.709997521428)
  );
#487 = CARTESIAN_POINT('',(23.526535312027,2.43959044215,6.702719652524)
  );
#488 = CARTESIAN_POINT('',(23.446285901409,2.438719951215,6.700327998337
    ));
#489 = CARTESIAN_POINT('',(23.363439490446,2.43946561283,6.702376686785)
  );
#490 = ORIENTED_EDGE('',*,*,#491,.F.);
#491 = EDGE_CURVE('',#492,#477,#494,.T.);
#492 = VERTEX_POINT('',#493);
#493 = CARTESIAN_POINT('',(24.257707006369,2.685720116024,7.378955373751
    ));
#494 = B_SPLINE_CURVE_WITH_KNOTS('',5,(#495,#496,#497,#498,#499,#500,
    #501,#502,#503,#504),.UNSPECIFIED.,.F.,.F.,(6,4,6),(0.,
    0.625971124835,1.),.UNSPECIFIED.);
#495 = CARTESIAN_POINT('',(24.257707006369,2.685720116024,7.378955373751
    ));
#496 = CARTESIAN_POINT('',(24.257707006369,2.658148938352,7.30320418567)
  );
#497 = CARTESIAN_POINT('',(24.249230400303,2.631725813639,7.230607247169
    ));
#498 = CARTESIAN_POINT('',(24.231645889578,2.606705533813,7.161864593318
    ));
#499 = CARTESIAN_POINT('',(24.204615954083,2.583324155525,7.097624784437
    ));
#500 = CARTESIAN_POINT('',(24.146797605812,2.548851078017,7.002910782405
    ));
#501 = CARTESIAN_POINT('',(24.121897533041,2.536598771348,6.969247846496
    ));
#502 = CARTESIAN_POINT('',(24.093778815757,2.525021612358,6.937439863587
    ));
#503 = CARTESIAN_POINT('',(24.062560299116,2.514136728714,6.907533891563
    ));
#504 = CARTESIAN_POINT('',(24.028407643312,2.503948391444,6.879541664972
    ));
#505 = ORIENTED_EDGE('',*,*,#506,.F.);
#506 = EDGE_CURVE('',#507,#492,#509,.T.);
#507 = VERTEX_POINT('',#508);
#508 = CARTESIAN_POINT('',(24.089554140127,2.839433118018,7.801278375806
    ));
#509 = B_SPLINE_CURVE_WITH_KNOTS('',5,(#510,#511,#512,#513,#514,#515,
    #516,#517,#518,#519),.UNSPECIFIED.,.F.,.F.,(6,4,6),(0.,
    0.219876543345,1.),.UNSPECIFIED.);
#510 = CARTESIAN_POINT('',(24.089554140127,2.839433118018,7.801278375806
    ));
#511 = CARTESIAN_POINT('',(24.104453150988,2.834352797891,7.787320310972
    ));
#512 = CARTESIAN_POINT('',(24.118551746217,2.829072530299,7.772812894996
    ));
#513 = CARTESIAN_POINT('',(24.131836348154,2.823593789737,7.757760179014
    ));
#514 = CARTESIAN_POINT('',(24.144296880214,2.817918964613,7.742168725127
    ));
#515 = CARTESIAN_POINT('',(24.197189683095,2.791233046818,7.668849768569
    ));
#516 = CARTESIAN_POINT('',(24.228004057685,2.767983966203,7.604973444555
    ));
#517 = CARTESIAN_POINT('',(24.248047074249,2.742462235535,7.53485306584)
  );
#518 = CARTESIAN_POINT('',(24.257707006369,2.714938643972,7.459232619519
    ));
#519 = CARTESIAN_POINT('',(24.257707006369,2.685720116024,7.378955373751
    ));
#520 = ORIENTED_EDGE('',*,*,#521,.F.);
#521 = EDGE_CURVE('',#522,#507,#524,.T.);
#522 = VERTEX_POINT('',#523);
#523 = CARTESIAN_POINT('',(23.642420382166,2.896770507651,7.958811559113
    ));
#524 = B_SPLINE_CURVE_WITH_KNOTS('',5,(#525,#526,#527,#528,#529,#530,
    #531,#532,#533,#534),.UNSPECIFIED.,.F.,.F.,(6,4,6),(0.,
    0.768052846871,1.),.UNSPECIFIED.);
#525 = CARTESIAN_POINT('',(23.642420382166,2.896770507651,7.958811559113
    ));
#526 = CARTESIAN_POINT('',(23.725806825735,2.896770507651,7.958811559113
    ));
#527 = CARTESIAN_POINT('',(23.804492496299,2.893568919409,7.950015267713
    ));
#528 = CARTESIAN_POINT('',(23.87765200644,2.886937568123,7.931795779794)
  );
#529 = CARTESIAN_POINT('',(23.944561656167,2.876756724117,7.903824140775
    ));
#530 = CARTESIAN_POINT('',(24.022978712287,2.859011494849,7.855069524059
    ));
#531 = CARTESIAN_POINT('',(24.040558962613,2.854580819037,7.842896342313
    ));
#532 = CARTESIAN_POINT('',(24.057519736893,2.849837968656,7.829865467986
    ));
#533 = CARTESIAN_POINT('',(24.073853069,2.844786927638,7.815987846845));
#534 = CARTESIAN_POINT('',(24.089554140127,2.839433118018,7.801278375806
    ));
#535 = ORIENTED_EDGE('',*,*,#536,.F.);
#536 = EDGE_CURVE('',#537,#522,#539,.T.);
#537 = VERTEX_POINT('',#538);
#538 = CARTESIAN_POINT('',(23.172356687898,2.831329201246,7.779013047467
    ));
#539 = B_SPLINE_CURVE_WITH_KNOTS('',5,(#540,#541,#542,#543,#544,#545,
    #546,#547,#548,#549),.UNSPECIFIED.,.F.,.F.,(6,4,6),(0.,0.48784965404
    ,1.),.UNSPECIFIED.);
#540 = CARTESIAN_POINT('',(23.172356687898,2.831329201246,7.779013047467
    ));
#541 = CARTESIAN_POINT('',(23.209999734595,2.84396826641,7.813738593606)
  );
#542 = CARTESIAN_POINT('',(23.249808871233,2.855180751674,7.844544643685
    ));
#543 = CARTESIAN_POINT('',(23.291753841682,2.864888927455,7.871217637429
    ));
#544 = CARTESIAN_POINT('',(23.335760061042,2.873039980612,7.893612471922
    ));
#545 = CARTESIAN_POINT('',(23.42991934085,2.886518479896,7.930644344352)
  );
#546 = CARTESIAN_POINT('',(23.48027342064,2.891685628606,7.944840968756)
  );
#547 = CARTESIAN_POINT('',(23.532605530045,2.895094831227,7.954207675975
    ));
#548 = CARTESIAN_POINT('',(23.586725696644,2.896770507651,7.958811559113
    ));
#549 = CARTESIAN_POINT('',(23.642420382166,2.896770507651,7.958811559113
    ));
#550 = ORIENTED_EDGE('',*,*,#551,.F.);
#551 = EDGE_CURVE('',#552,#537,#554,.T.);
#552 = VERTEX_POINT('',#553);
#553 = CARTESIAN_POINT('',(22.935414012739,2.640233615434,7.25398224049)
  );
#554 = B_SPLINE_CURVE_WITH_KNOTS('',5,(#555,#556,#557,#558,#559,#560,
    #561,#562,#563,#564),.UNSPECIFIED.,.F.,.F.,(6,4,6),(0.,
    0.511183452493,1.),.UNSPECIFIED.);
#555 = CARTESIAN_POINT('',(22.935414012739,2.640233615434,7.25398224049)
  );
#556 = CARTESIAN_POINT('',(22.943548561199,2.664548177486,7.320785950691
    ));
#557 = CARTESIAN_POINT('',(22.955409028473,2.687896969596,7.384936229785
    ));
#558 = CARTESIAN_POINT('',(22.971247215094,2.710153142973,7.446084563584
    ));
#559 = CARTESIAN_POINT('',(22.991293315157,2.731175695664,7.503843552401
    ));
#560 = CARTESIAN_POINT('',(23.038977712086,2.769633427093,7.609505301104
    ));
#561 = CARTESIAN_POINT('',(23.06624683933,2.787186610381,7.657732275828)
  );
#562 = CARTESIAN_POINT('',(23.097579331125,2.803377994722,7.702217738695
    ));
#563 = CARTESIAN_POINT('',(23.13299047543,2.818111564304,7.74269788843)
  );
#564 = CARTESIAN_POINT('',(23.172356687898,2.831329201246,7.779013047467
    ));
#565 = ORIENTED_EDGE('',*,*,#566,.F.);
#566 = EDGE_CURVE('',#567,#552,#569,.T.);
#567 = VERTEX_POINT('',#568);
#568 = CARTESIAN_POINT('',(21.945605095541,2.697832421737,7.412233660194
    ));
#569 = LINE('',#570,#571);
#570 = CARTESIAN_POINT('',(11.942633890561,3.279923763689,9.011516478268
    ));
#571 = VECTOR('',#572,1.);
#572 = DIRECTION('',(0.985832777796,-5.736742741817E-02,-0.157615711444)
  );
#573 = ORIENTED_EDGE('',*,*,#574,.F.);
#574 = EDGE_CURVE('',#575,#567,#577,.T.);
#575 = VERTEX_POINT('',#576);
#576 = CARTESIAN_POINT('',(22.256942675159,2.978332508709,8.182901315305
    ));
#577 = B_SPLINE_CURVE_WITH_KNOTS('',6,(#578,#579,#580,#581,#582,#583,
    #584),.UNSPECIFIED.,.F.,.F.,(7,7),(0.,1.),.PIECEWISE_BEZIER_KNOTS.);
#578 = CARTESIAN_POINT('',(22.256942675159,2.978332508709,8.182901315305
    ));
#579 = CARTESIAN_POINT('',(22.18249073787,2.940806522217,8.079799514776)
  );
#580 = CARTESIAN_POINT('',(22.117830600707,2.898729741935,7.964194511067
    ));
#581 = CARTESIAN_POINT('',(22.062622429194,2.852761706526,7.837898371766
    ));
#582 = CARTESIAN_POINT('',(22.016069263193,2.803599723948,7.702826934736
    ));
#583 = CARTESIAN_POINT('',(21.977330063356,2.751817396424,7.560556159138
    ));
#584 = CARTESIAN_POINT('',(21.945605095541,2.697832421737,7.412233660194
    ));
#585 = ORIENTED_EDGE('',*,*,#586,.F.);
#586 = EDGE_CURVE('',#587,#575,#589,.T.);
#587 = VERTEX_POINT('',#588);
#588 = CARTESIAN_POINT('',(22.837834394904,3.143373566405,8.636347894609
    ));
#589 = B_SPLINE_CURVE_WITH_KNOTS('',5,(#590,#591,#592,#593,#594,#595,
    #596,#597,#598,#599),.UNSPECIFIED.,.F.,.F.,(6,4,6),(0.,
    0.861610232938,1.),.UNSPECIFIED.);
#590 = CARTESIAN_POINT('',(22.837834394904,3.143373566405,8.636347894609
    ));
#591 = CARTESIAN_POINT('',(22.71309318203,3.123267204455,8.581106119163)
  );
#592 = CARTESIAN_POINT('',(22.597453841294,3.099622353126,8.516142424049
    ));
#593 = CARTESIAN_POINT('',(22.492403877585,3.072294355611,8.441059367959
    ));
#594 = CARTESIAN_POINT('',(22.399213512037,3.041279347906,8.355846334625
    ));
#595 = CARTESIAN_POINT('',(22.305550744841,3.001322225455,8.246065042944
    ));
#596 = CARTESIAN_POINT('',(22.292910574673,2.995704362109,8.230630090256
    ));
#597 = CARTESIAN_POINT('',(22.280594632486,2.989999328084,8.214955638096
    ));
#598 = CARTESIAN_POINT('',(22.268604852825,2.984208282682,8.199044871619
    ));
#599 = CARTESIAN_POINT('',(22.256942675159,2.978332508709,8.182901315305
    ));
#600 = ORIENTED_EDGE('',*,*,#601,.F.);
#601 = EDGE_CURVE('',#602,#587,#604,.T.);
#602 = VERTEX_POINT('',#603);
#603 = CARTESIAN_POINT('',(23.672993630573,3.203499400519,8.801542266161
    ));
#604 = B_SPLINE_CURVE_WITH_KNOTS('',5,(#605,#606,#607,#608,#609,#610,
    #611,#612,#613,#614),.UNSPECIFIED.,.F.,.F.,(6,4,6),(0.,
    0.506306934013,1.),.UNSPECIFIED.);
#605 = CARTESIAN_POINT('',(23.672993630573,3.203499400519,8.801542266161
    ));
#606 = CARTESIAN_POINT('',(23.582275038094,3.203499400519,8.801542266161
    ));
#607 = CARTESIAN_POINT('',(23.492718108831,3.202053083946,8.797568544037
    ));
#608 = CARTESIAN_POINT('',(23.404514549384,3.199097035963,8.789446868954
    ));
#609 = CARTESIAN_POINT('',(23.31787034331,3.194578493047,8.777032274322)
  );
#610 = CARTESIAN_POINT('',(23.15023149218,3.182509626029,8.743873334712)
  );
#611 = CARTESIAN_POINT('',(23.069147493049,3.175037480879,8.723343784636
    ));
#612 = CARTESIAN_POINT('',(22.9899370403,3.166024196384,8.698579989013)
  );
#613 = CARTESIAN_POINT('',(22.912780296849,3.155462955063,8.669563216961
    ));
#614 = CARTESIAN_POINT('',(22.837834394904,3.143373566405,8.636347894609
    ));
#615 = ORIENTED_EDGE('',*,*,#616,.F.);
#616 = EDGE_CURVE('',#617,#602,#619,.T.);
#617 = VERTEX_POINT('',#618);
#618 = CARTESIAN_POINT('',(24.94178343949,3.03070298161,8.326788007048)
  );
#619 = B_SPLINE_CURVE_WITH_KNOTS('',5,(#620,#621,#622,#623,#624,#625,
    #626,#627,#628,#629,#630,#631,#632,#633,#634,#635,#636,#637),
  .UNSPECIFIED.,.F.,.F.,(6,4,4,4,6),(0.,0.292391057491,0.516643557228,
    0.746739365783,1.),.UNSPECIFIED.);
#620 = CARTESIAN_POINT('',(24.94178343949,3.03070298161,8.326788007048)
  );
#621 = CARTESIAN_POINT('',(24.885476843743,3.051070231779,8.382746566983
    ));
#622 = CARTESIAN_POINT('',(24.825847889606,3.070154573042,8.435180363669
    ));
#623 = CARTESIAN_POINT('',(24.762954237476,3.087828983212,8.483740406512
    ));
#624 = CARTESIAN_POINT('',(24.696945230592,3.103992516195,8.528149348402
    ));
#625 = CARTESIAN_POINT('',(24.575295822534,3.129780517209,8.599001298882
    ));
#626 = CARTESIAN_POINT('',(24.520819839831,3.140051905251,8.627221705592
    ));
#627 = CARTESIAN_POINT('',(24.464792823869,3.149375226123,8.652837319162
    ));
#628 = CARTESIAN_POINT('',(24.407358126827,3.157743759606,8.675829675942
    ));
#629 = CARTESIAN_POINT('',(24.288460812917,3.172781782566,8.717146304457
    ));
#630 = CARTESIAN_POINT('',(24.226929845188,3.179401607668,8.735334124444
    ));
#631 = CARTESIAN_POINT('',(24.16424954844,3.185034989569,8.750811714014)
  );
#632 = CARTESIAN_POINT('',(24.100586454221,3.189709917089,8.763655971812
    ));
#633 = CARTESIAN_POINT('',(23.965109547522,3.197594368132,8.785318323017
    ));
#634 = CARTESIAN_POINT('',(23.89311955639,3.200609017322,8.793601003594)
  );
#635 = CARTESIAN_POINT('',(23.820325810137,3.202556666811,8.798952126588
    ));
#636 = CARTESIAN_POINT('',(23.746903718799,3.203499400519,8.801542266161
    ));
#637 = CARTESIAN_POINT('',(23.672993630573,3.203499400519,8.801542266161
    ));
#638 = ORIENTED_EDGE('',*,*,#639,.F.);
#639 = EDGE_CURVE('',#640,#617,#642,.T.);
#640 = VERTEX_POINT('',#641);
#641 = CARTESIAN_POINT('',(25.335414012739,2.71133894969,7.44934254076)
  );
#642 = B_SPLINE_CURVE_WITH_KNOTS('',6,(#643,#644,#645,#646,#647,#648,
    #649,#650,#651,#652,#653,#654),.UNSPECIFIED.,.F.,.F.,(7,5,7),(0.,
    0.33212102894,1.),.UNSPECIFIED.);
#643 = CARTESIAN_POINT('',(25.335414012739,2.71133894969,7.44934254076)
  );
#644 = CARTESIAN_POINT('',(25.335414012739,2.731036589927,7.503461362529
    ));
#645 = CARTESIAN_POINT('',(25.332522623761,2.750605762476,7.557227222223
    ));
#646 = CARTESIAN_POINT('',(25.326662194213,2.770007851475,7.610534023639
    ));
#647 = CARTESIAN_POINT('',(25.317784946192,2.789204375165,7.66327603901)
  );
#648 = CARTESIAN_POINT('',(25.305879049481,2.808157397559,7.715349040069
    ));
#649 = CARTESIAN_POINT('',(25.261002776554,2.864379500135,7.869817997369
    ));
#650 = CARTESIAN_POINT('',(25.21889309654,2.900810261162,7.969910690665)
  );
#651 = CARTESIAN_POINT('',(25.164891113027,2.935794656022,8.066029525575
    ));
#652 = CARTESIAN_POINT('',(25.099885657238,2.96915033059,8.157673488264)
  );
#653 = CARTESIAN_POINT('',(25.025083659026,3.000792721024,8.244610241477
    ));
#654 = CARTESIAN_POINT('',(24.94178343949,3.03070298161,8.326788007048)
  );
#655 = ORIENTED_EDGE('',*,*,#656,.F.);
#656 = EDGE_CURVE('',#657,#640,#659,.T.);
#657 = VERTEX_POINT('',#658);
#658 = CARTESIAN_POINT('',(24.529044585987,2.308234444461,6.341822014963
    ));
#659 = B_SPLINE_CURVE_WITH_KNOTS('',5,(#660,#661,#662,#663,#664,#665,
    #666,#667,#668,#669,#670,#671,#672,#673,#674,#675,#676,#677),
  .UNSPECIFIED.,.F.,.F.,(6,4,4,4,6),(0.,0.296104312631,0.439743761287,
    0.714447505585,1.),.UNSPECIFIED.);
#660 = CARTESIAN_POINT('',(24.529044585987,2.308234444461,6.341822014963
    ));
#661 = CARTESIAN_POINT('',(24.611655949616,2.323651807491,6.384180871755
    ));
#662 = CARTESIAN_POINT('',(24.691480870347,2.340206504582,6.429664528199
    ));
#663 = CARTESIAN_POINT('',(24.768000170456,2.358001020309,6.47855455835)
  );
#664 = CARTESIAN_POINT('',(24.840470159597,2.377133612147,6.531120922402
    ));
#665 = CARTESIAN_POINT('',(24.94083446967,2.407611556528,6.614858386378)
  );
#666 = CARTESIAN_POINT('',(24.97246581219,2.417893523577,6.643107858674)
  );
#667 = CARTESIAN_POINT('',(25.002847807722,2.428507070005,6.672268337826
    ));
#668 = CARTESIAN_POINT('',(25.031877117073,2.439453714763,6.702343997115
    ));
#669 = CARTESIAN_POINT('',(25.11219418842,2.472292414273,6.792567582504)
  );
#670 = CARTESIAN_POINT('',(25.159635985686,2.495063208738,6.855129826119
    ));
#671 = CARTESIAN_POINT('',(25.201047947663,2.518998053173,6.920890270742
    ));
#672 = CARTESIAN_POINT('',(25.235841929074,2.543994207958,6.989566641587
    ));
#673 = CARTESIAN_POINT('',(25.292872775302,2.596725462083,7.134444571595
    ));
#674 = CARTESIAN_POINT('',(25.314571333936,2.62454076559,7.210866489896)
  );
#675 = CARTESIAN_POINT('',(25.328649697263,2.653068255392,7.289245123962
    ));
#676 = CARTESIAN_POINT('',(25.335414012739,2.682073212893,7.368935589748
    ));
#677 = CARTESIAN_POINT('',(25.335414012739,2.71133894969,7.44934254076)
  );
#678 = ORIENTED_EDGE('',*,*,#679,.F.);
#679 = EDGE_CURVE('',#680,#657,#682,.T.);
#680 = VERTEX_POINT('',#681);
#681 = CARTESIAN_POINT('',(25.29898089172,2.149293109065,5.905134284947)
  );
#682 = B_SPLINE_CURVE_WITH_KNOTS('',5,(#683,#684,#685,#686,#687,#688,
    #689,#690,#691,#692),.UNSPECIFIED.,.F.,.F.,(6,4,6),(0.,
    0.357591650252,1.),.UNSPECIFIED.);
#683 = CARTESIAN_POINT('',(25.29898089172,2.149293109065,5.905134284947)
  );
#684 = CARTESIAN_POINT('',(25.257852518478,2.166901377088,5.953512603733
    ));
#685 = CARTESIAN_POINT('',(25.213973923361,2.183517597879,5.999165295155
    ));
#686 = CARTESIAN_POINT('',(25.167364392061,2.199071102899,6.041898198991
    ));
#687 = CARTESIAN_POINT('',(25.118094255289,2.213506546595,6.081559254585
    ));
#688 = CARTESIAN_POINT('',(24.973249288148,2.250652300603,6.18361637495)
  );
#689 = CARTESIAN_POINT('',(24.872023251689,2.270802432313,6.238978406823
    ));
#690 = CARTESIAN_POINT('',(24.763443306005,2.28702488067,6.283549217372)
  );
#691 = CARTESIAN_POINT('',(24.648701060262,2.299421510988,6.317608679247
    ));
#692 = CARTESIAN_POINT('',(24.529044585987,2.308234444461,6.341822014963
    ));
#693 = ORIENTED_EDGE('',*,*,#694,.F.);
#694 = EDGE_CURVE('',#695,#680,#697,.T.);
#695 = VERTEX_POINT('',#696);
#696 = CARTESIAN_POINT('',(25.587643312102,1.851190966309,5.086105379034
    ));
#697 = B_SPLINE_CURVE_WITH_KNOTS('',6,(#698,#699,#700,#701,#702,#703,
    #704,#705,#706,#707,#708,#709),.UNSPECIFIED.,.F.,.F.,(7,5,7),(0.,
    0.725328341278,1.),.UNSPECIFIED.);
#698 = CARTESIAN_POINT('',(25.587643312102,1.851190966309,5.086105379034
    ));
#699 = CARTESIAN_POINT('',(25.587643312102,1.891665109907,5.197307174638
    ));
#700 = CARTESIAN_POINT('',(25.578339083605,1.931348269159,5.306335758617
    ));
#701 = CARTESIAN_POINT('',(25.558991669469,1.96996813285,5.412442962052)
  );
#702 = CARTESIAN_POINT('',(25.529050820991,2.007240838386,5.514848878873
    ));
#703 = CARTESIAN_POINT('',(25.488319547496,2.042892651227,5.612801429615
    ));
#704 = CARTESIAN_POINT('',(25.417797918008,2.089485055929,5.740813009454
    ));
#705 = CARTESIAN_POINT('',(25.396931105579,2.102017727652,5.775246242018
    ));
#706 = CARTESIAN_POINT('',(25.374585967719,2.114273714073,5.808919287963
    ));
#707 = CARTESIAN_POINT('',(25.350788588454,2.126243203714,5.841805190474
    ));
#708 = CARTESIAN_POINT('',(25.325572941793,2.137918317562,5.873882302139
    ));
#709 = CARTESIAN_POINT('',(25.29898089172,2.149293109065,5.905134284947)
  );
#710 = ORIENTED_EDGE('',*,*,#711,.F.);
#711 = EDGE_CURVE('',#712,#695,#714,.T.);
#712 = VERTEX_POINT('',#713);
#713 = CARTESIAN_POINT('',(25.048789808917,1.419069210704,3.898860613052
    ));
#714 = B_SPLINE_CURVE_WITH_KNOTS('',5,(#715,#716,#717,#718,#719,#720,
    #721,#722,#723,#724,#725,#726,#727,#728,#729,#730,#731,#732),
  .UNSPECIFIED.,.F.,.F.,(6,4,4,4,6),(0.,0.171096300356,0.520765082741,
    0.757270794604,1.),.UNSPECIFIED.);
#715 = CARTESIAN_POINT('',(25.048789808917,1.419069210704,3.898860613052
    ));
#716 = CARTESIAN_POINT('',(25.084197811709,1.430807278264,3.931110688621
    ));
#717 = CARTESIAN_POINT('',(25.118466845348,1.442851700922,3.964202467904
    ));
#718 = CARTESIAN_POINT('',(25.151525827508,1.455203772773,3.998139506399
    ));
#719 = CARTESIAN_POINT('',(25.183305572973,1.467861732761,4.032916965643
    ));
#720 = CARTESIAN_POINT('',(25.275935037437,1.507305083165,4.141286680225
    ));
#721 = CARTESIAN_POINT('',(25.332516270163,1.535050066637,4.217515395817
    ));
#722 = CARTESIAN_POINT('',(25.382894099989,1.564005023973,4.297068487278
    ));
#723 = CARTESIAN_POINT('',(25.426616904433,1.594073100596,4.379679848848
    ));
#724 = CARTESIAN_POINT('',(25.488432336525,1.646067895229,4.52253437303)
  );
#725 = CARTESIAN_POINT('',(25.510242724382,1.667482230924,4.581369776806
    ));
#726 = CARTESIAN_POINT('',(25.528863462797,1.689283167149,4.641267356807
    ));
#727 = CARTESIAN_POINT('',(25.544299322969,1.711417320493,4.702080443319
    ));
#728 = CARTESIAN_POINT('',(25.569235202751,1.756829788432,4.826850173543
    ));
#729 = CARTESIAN_POINT('',(25.578568807901,1.780123817966,4.890849993695
    ));
#730 = CARTESIAN_POINT('',(25.584665817298,1.803651215528,4.955490987235
    ));
#731 = CARTESIAN_POINT('',(25.587643312102,1.827356605145,5.020621009926
    ));
#732 = CARTESIAN_POINT('',(25.587643312102,1.851190966309,5.086105379034
    ));
#733 = ORIENTED_EDGE('',*,*,#734,.F.);
#734 = EDGE_CURVE('',#735,#712,#737,.T.);
#735 = VERTEX_POINT('',#736);
#736 = CARTESIAN_POINT('',(23.707388535032,1.240434486164,3.408065741049
    ));
#737 = B_SPLINE_CURVE_WITH_KNOTS('',5,(#738,#739,#740,#741,#742,#743,
    #744,#745,#746,#747,#748,#749,#750,#751),.UNSPECIFIED.,.F.,.F.,(6,4,
    4,6),(0.,0.211473647954,0.621955248252,1.),.UNSPECIFIED.);
#738 = CARTESIAN_POINT('',(23.707388535032,1.240434486164,3.408065741049
    ));
#739 = CARTESIAN_POINT('',(23.771449005287,1.240434486164,3.408065741049
    ));
#740 = CARTESIAN_POINT('',(23.835216040875,1.241145844083,3.410020180868
    ));
#741 = CARTESIAN_POINT('',(23.898605982559,1.242602128404,3.414021289155
    ));
#742 = CARTESIAN_POINT('',(23.961521438595,1.244834848672,3.420155637676
    ));
#743 = CARTESIAN_POINT('',(24.144845184714,1.253757122309,3.444669383025
    ));
#744 = CARTESIAN_POINT('',(24.263666739442,1.262664825481,3.469143096349
    ));
#745 = CARTESIAN_POINT('',(24.379463254533,1.274770194894,3.502402325464
    ));
#746 = CARTESIAN_POINT('',(24.491370615474,1.290146364105,3.544648003169
    ));
#747 = CARTESIAN_POINT('',(24.697406697196,1.325709460475,3.642356807412
    ));
#748 = CARTESIAN_POINT('',(24.792269295478,1.34542499631,3.696524796932)
  );
#749 = CARTESIAN_POINT('',(24.882619851478,1.367705236453,3.757739253624
    ));
#750 = CARTESIAN_POINT('',(24.968162128889,1.39234041832,3.825423859527)
  );
#751 = CARTESIAN_POINT('',(25.048789808917,1.419069210704,3.898860613052
    ));
#752 = ORIENTED_EDGE('',*,*,#753,.F.);
#753 = EDGE_CURVE('',#754,#735,#756,.T.);
#754 = VERTEX_POINT('',#755);
#755 = CARTESIAN_POINT('',(22.446242038217,1.390487654778,3.820333433532
    ));
#756 = B_SPLINE_CURVE_WITH_KNOTS('',6,(#757,#758,#759,#760,#761,#762,
    #763,#764,#765,#766,#767,#768,#769,#770,#771,#772,#773),
  .UNSPECIFIED.,.F.,.F.,(7,5,5,7),(0.,0.234299184672,0.483360921775,1.),
  .UNSPECIFIED.);
#757 = CARTESIAN_POINT('',(22.446242038217,1.390487654778,3.820333433532
    ));
#758 = CARTESIAN_POINT('',(22.486003257104,1.378570242431,3.78759061221)
  );
#759 = CARTESIAN_POINT('',(22.526919132832,1.367169433686,3.756267147622
    ));
#760 = CARTESIAN_POINT('',(22.568965607393,1.356306370323,3.726421126325
    ));
#761 = CARTESIAN_POINT('',(22.612110168665,1.345999030328,3.698101942435
    ));
#762 = CARTESIAN_POINT('',(22.65631105055,1.336261825052,3.67134919081)
  );
#763 = CARTESIAN_POINT('',(22.749570083523,1.317371633465,3.619448815974
    ));
#764 = CARTESIAN_POINT('',(22.798760402478,1.308293789027,3.594507643364
    ));
#765 = CARTESIAN_POINT('',(22.849025100172,1.299884343645,3.571402882068
    ));
#766 = CARTESIAN_POINT('',(22.900295206614,1.292149634925,3.550151944512
    ));
#767 = CARTESIAN_POINT('',(22.952495993836,1.28509027957,3.53075652508)
  );
#768 = CARTESIAN_POINT('',(23.115595660664,1.26544989833,3.476795021113)
  );
#769 = CARTESIAN_POINT('',(23.229312562241,1.255083877204,3.44831461214)
  );
#770 = CARTESIAN_POINT('',(23.345988475914,1.247564499384,3.42765529137)
  );
#771 = CARTESIAN_POINT('',(23.464939874711,1.242744551831,3.414412594307
    ));
#772 = CARTESIAN_POINT('',(23.585568226552,1.240434486164,3.408065741049
    ));
#773 = CARTESIAN_POINT('',(23.707388535032,1.240434486164,3.408065741049
    ));
#774 = ORIENTED_EDGE('',*,*,#775,.F.);
#775 = EDGE_CURVE('',#352,#754,#776,.T.);
#776 = B_SPLINE_CURVE_WITH_KNOTS('',6,(#777,#778,#779,#780,#781,#782,
    #783,#784,#785,#786,#787,#788),.UNSPECIFIED.,.F.,.F.,(7,5,7),(0.,
    0.635698842619,1.),.UNSPECIFIED.);
#777 = CARTESIAN_POINT('',(21.865350318471,1.783048354314,4.898885091274
    ));
#778 = CARTESIAN_POINT('',(21.881492172193,1.734272178822,4.764873650502
    ));
#779 = CARTESIAN_POINT('',(21.908252699794,1.686486706049,4.633584143079
    ));
#780 = CARTESIAN_POINT('',(21.946554091579,1.640090699788,4.506112163526
    ));
#781 = CARTESIAN_POINT('',(21.997082717689,1.595515068348,4.383641622687
    ));
#782 = CARTESIAN_POINT('',(22.060029106679,1.553182140405,4.267332859064
    ));
#783 = CARTESIAN_POINT('',(22.177496641803,1.490676420239,4.095599804319
    ));
#784 = CARTESIAN_POINT('',(22.224153124441,1.468752694743,4.03536486357)
  );
#785 = CARTESIAN_POINT('',(22.274555091545,1.447739496405,3.977631575625
    ));
#786 = CARTESIAN_POINT('',(22.328525344121,1.427678177869,3.922513555943
    ));
#787 = CARTESIAN_POINT('',(22.385840077954,1.408591603478,3.87007362379)
  );
#788 = CARTESIAN_POINT('',(22.446242038217,1.390487654778,3.820333433532
    ));
#789 = FACE_BOUND('',#790,.T.);
#790 = EDGE_LOOP('',(#791,#801,#809,#824,#845,#873,#888,#907,#924,#939,
    #956,#964,#991,#1008,#1031,#1050,#1065,#1077,#1090,#1103,#1114));
#791 = ORIENTED_EDGE('',*,*,#792,.F.);
#792 = EDGE_CURVE('',#793,#795,#797,.T.);
#793 = VERTEX_POINT('',#794);
#794 = CARTESIAN_POINT('',(21.176687898089,1.273895819932,3.5));
#795 = VERTEX_POINT('',#796);
#796 = CARTESIAN_POINT('',(21.176687898089,1.614086046567,4.434664966));
#797 = LINE('',#798,#799);
#798 = CARTESIAN_POINT('',(21.176687898089,0.807043023283,2.217332483));
#799 = VECTOR('',#800,1.);
#800 = DIRECTION('',(0.,0.342020143326,0.939692620786));
#801 = ORIENTED_EDGE('',*,*,#802,.F.);
#802 = EDGE_CURVE('',#803,#793,#805,.T.);
#803 = VERTEX_POINT('',#804);
#804 = CARTESIAN_POINT('',(17.412356687898,1.273895819932,3.5));
#805 = LINE('',#806,#807);
#806 = CARTESIAN_POINT('',(10.088343949045,1.273895819932,3.5));
#807 = VECTOR('',#808,1.);
#808 = DIRECTION('',(1.,0.,0.));
#809 = ORIENTED_EDGE('',*,*,#810,.F.);
#810 = EDGE_CURVE('',#811,#803,#813,.T.);
#811 = VERTEX_POINT('',#812);
#812 = CARTESIAN_POINT('',(17.77923566879,1.641273380253,4.509361551397)
  );
#813 = B_SPLINE_CURVE_WITH_KNOTS('',5,(#814,#815,#816,#817,#818,#819,
    #820,#821,#822,#823),.UNSPECIFIED.,.F.,.F.,(6,4,6),(0.,
    0.703546670237,1.),.UNSPECIFIED.);
#814 = CARTESIAN_POINT('',(17.77923566879,1.641273380253,4.509361551397)
  );
#815 = CARTESIAN_POINT('',(17.694894168326,1.593412242149,4.377864155187
    ));
#816 = CARTESIAN_POINT('',(17.621098632645,1.543964097082,4.242006493181
    ));
#817 = CARTESIAN_POINT('',(17.558752499123,1.493051104962,4.102124196974
    ));
#818 = CARTESIAN_POINT('',(17.508498306349,1.440854975068,3.958716508708
    ));
#819 = CARTESIAN_POINT('',(17.454517392299,1.365216736244,3.750902155492
    ));
#820 = CARTESIAN_POINT('',(17.440693596304,1.342611640404,3.688795165108
    ));
#821 = CARTESIAN_POINT('',(17.429062056129,1.319843439628,3.626240047594
    ));
#822 = CARTESIAN_POINT('',(17.419621606725,1.296931509878,3.563290037968
    ));
#823 = CARTESIAN_POINT('',(17.412356687898,1.273895819932,3.5));
#824 = ORIENTED_EDGE('',*,*,#825,.F.);
#825 = EDGE_CURVE('',#826,#811,#828,.T.);
#826 = VERTEX_POINT('',#827);
#827 = CARTESIAN_POINT('',(18.986878980892,2.101715275115,5.774415260501
    ));
#828 = B_SPLINE_CURVE_WITH_KNOTS('',8,(#829,#830,#831,#832,#833,#834,
    #835,#836,#837,#838,#839,#840,#841,#842,#843,#844),.UNSPECIFIED.,.F.
  ,.F.,(9,7,9),(0.,0.762523879669,1.),.UNSPECIFIED.);
#829 = CARTESIAN_POINT('',(18.986878980892,2.101715275115,5.774415260501
    ));
#830 = CARTESIAN_POINT('',(18.852362200797,2.058930947387,5.656866286161
    ));
#831 = CARTESIAN_POINT('',(18.720284135741,2.015951777436,5.538781987215
    ));
#832 = CARTESIAN_POINT('',(18.590837261269,1.972710182542,5.419976681661
    ));
#833 = CARTESIAN_POINT('',(18.464454378955,1.929170544951,5.30035251053)
  );
#834 = CARTESIAN_POINT('',(18.341790117946,1.885328706367,5.179898048993
    ));
#835 = CARTESIAN_POINT('',(18.223874359573,1.841205881227,5.058671583237
    ));
#836 = CARTESIAN_POINT('',(18.112045170032,1.796850536909,4.936806276292
    ));
#837 = CARTESIAN_POINT('',(17.976404591447,1.738429687699,4.776296312262
    ));
#838 = CARTESIAN_POINT('',(17.945020914259,1.724543158953,4.738143388099
    ));
#839 = CARTESIAN_POINT('',(17.914536764108,1.710645958696,4.699961144198
    ));
#840 = CARTESIAN_POINT('',(17.885038466531,1.696743126706,4.66176342724)
  );
#841 = CARTESIAN_POINT('',(17.856628601876,1.682842463935,4.623571670161
    ));
#842 = CARTESIAN_POINT('',(17.829427740428,1.668954554517,4.585414952632
    ));
#843 = CARTESIAN_POINT('',(17.803576177546,1.65509278778,4.547330061527)
  );
#844 = CARTESIAN_POINT('',(17.77923566879,1.641273380253,4.509361551397)
  );
#845 = ORIENTED_EDGE('',*,*,#846,.F.);
#846 = EDGE_CURVE('',#847,#826,#849,.T.);
#847 = VERTEX_POINT('',#848);
#848 = CARTESIAN_POINT('',(19.877324840764,2.416025251414,6.637974823093
    ));
#849 = B_SPLINE_CURVE_WITH_KNOTS('',8,(#850,#851,#852,#853,#854,#855,
    #856,#857,#858,#859,#860,#861,#862,#863,#864,#865,#866,#867,#868,
    #869,#870,#871,#872),.UNSPECIFIED.,.F.,.F.,(9,7,7,9),(0.,
    0.219314331787,0.788724702799,1.),.UNSPECIFIED.);
#850 = CARTESIAN_POINT('',(19.877324840764,2.416025251414,6.637974823093
    ));
#851 = CARTESIAN_POINT('',(19.864518792847,2.409594568859,6.620306667982
    ));
#852 = CARTESIAN_POINT('',(19.850103085063,2.402816555088,6.601684228196
    ));
#853 = CARTESIAN_POINT('',(19.834256775141,2.395738259674,6.582236771378
    ));
#854 = CARTESIAN_POINT('',(19.817144993103,2.388401910017,6.562080316355
    ));
#855 = CARTESIAN_POINT('',(19.798915011687,2.380844110899,6.541315433936
    ));
#856 = CARTESIAN_POINT('',(19.779693577135,2.37309530265,6.520025758244)
  );
#857 = CARTESIAN_POINT('',(19.759585500327,2.365179477931,6.498277208574
    ));
#858 = CARTESIAN_POINT('',(19.684379267439,2.336173996618,6.418585303626
    ));
#859 = CARTESIAN_POINT('',(19.624781582644,2.314270697552,6.358406484029
    ));
#860 = CARTESIAN_POINT('',(19.561318527748,2.291699915641,6.296393770389
    ));
#861 = CARTESIAN_POINT('',(19.494890917027,2.268653286809,6.23307367808)
  );
#862 = CARTESIAN_POINT('',(19.426183946161,2.245271051673,6.168831515028
    ));
#863 = CARTESIAN_POINT('',(19.355638174927,2.22163693384,6.103897309952)
  );
#864 = CARTESIAN_POINT('',(19.283524388326,2.197790925544,6.038380940615
    ));
#865 = CARTESIAN_POINT('',(19.18263003495,2.164798921309,5.947736153957)
  );
#866 = CARTESIAN_POINT('',(19.155139049893,2.155845986333,5.923138167272
    ));
#867 = CARTESIAN_POINT('',(19.127473915979,2.146870689852,5.898478742858
    ));
#868 = CARTESIAN_POINT('',(19.099645461598,2.137874838037,5.873762843126
    ));
#869 = CARTESIAN_POINT('',(19.071663427751,2.128860037615,5.848994882528
    ));
#870 = CARTESIAN_POINT('',(19.043536564826,2.119827708007,5.824178760882
    ));
#871 = CARTESIAN_POINT('',(19.015272729375,2.110779093446,5.799317896699
    ));
#872 = CARTESIAN_POINT('',(18.986878980892,2.101715275115,5.774415260501
    ));
#873 = ORIENTED_EDGE('',*,*,#874,.F.);
#874 = EDGE_CURVE('',#875,#847,#877,.T.);
#875 = VERTEX_POINT('',#876);
#876 = CARTESIAN_POINT('',(20.09898089172,2.641366421004,7.257094598215)
  );
#877 = B_SPLINE_CURVE_WITH_KNOTS('',5,(#878,#879,#880,#881,#882,#883,
    #884,#885,#886,#887),.UNSPECIFIED.,.F.,.F.,(6,4,6),(0.,
    0.492976171844,1.),.UNSPECIFIED.);
#878 = CARTESIAN_POINT('',(20.09898089172,2.641366421004,7.257094598215)
  );
#879 = CARTESIAN_POINT('',(20.09898089172,2.618836855145,7.195195124747)
  );
#880 = CARTESIAN_POINT('',(20.093310945939,2.59625943908,7.133164183918)
  );
#881 = CARTESIAN_POINT('',(20.081990145558,2.573703474965,7.071192181839
    ));
#882 = CARTESIAN_POINT('',(20.065176917762,2.551231292911,7.009450369079
    ));
#883 = CARTESIAN_POINT('',(20.020439993816,2.505929696002,6.884985254508
    ));
#884 = CARTESIAN_POINT('',(19.992211973069,2.483107080615,6.822280634078
    ));
#885 = CARTESIAN_POINT('',(19.958709673492,2.460489544119,6.760139463272
    ));
#886 = CARTESIAN_POINT('',(19.920291783325,2.438119265538,6.698677628003
    ));
#887 = CARTESIAN_POINT('',(19.877324840764,2.416025251414,6.637974823093
    ));
#888 = ORIENTED_EDGE('',*,*,#889,.F.);
#889 = EDGE_CURVE('',#890,#875,#892,.T.);
#890 = VERTEX_POINT('',#891);
#891 = CARTESIAN_POINT('',(19.905859872611,2.830632090126,7.777097750405
    ));
#892 = B_SPLINE_CURVE_WITH_KNOTS('',5,(#893,#894,#895,#896,#897,#898,
    #899,#900,#901,#902,#903,#904,#905,#906),.UNSPECIFIED.,.F.,.F.,(6,4,
    4,6),(0.,7.606949480651E-02,0.529732405339,1.),.UNSPECIFIED.);
#893 = CARTESIAN_POINT('',(19.905859872611,2.830632090126,7.777097750405
    ));
#894 = CARTESIAN_POINT('',(19.911882799261,2.828569410262,7.771430584055
    ));
#895 = CARTESIAN_POINT('',(19.917790161857,2.826471458077,7.765666507801
    ));
#896 = CARTESIAN_POINT('',(19.923581207648,2.824338399996,7.759805978888
    ));
#897 = CARTESIAN_POINT('',(19.929255276984,2.822170431459,7.753849534287
    ));
#898 = CARTESIAN_POINT('',(19.967949790005,2.80683159574,7.711706429507)
  );
#899 = CARTESIAN_POINT('',(19.99690919445,2.792460940084,7.672223377589)
  );
#900 = CARTESIAN_POINT('',(20.021562590661,2.776905547678,7.629485288203
    ));
#901 = CARTESIAN_POINT('',(20.041926512153,2.760246579284,7.583715148709
    ));
#902 = CARTESIAN_POINT('',(20.074899031156,2.724276280462,7.484887564924
    ));
#903 = CARTESIAN_POINT('',(20.087197704725,2.704888648205,7.431620483081
    ));
#904 = CARTESIAN_POINT('',(20.095143087053,2.684531016649,7.375688350068
    ));
#905 = CARTESIAN_POINT('',(20.09898089172,2.663321360043,7.31741529747)
  );
#906 = CARTESIAN_POINT('',(20.09898089172,2.641366421004,7.257094598215)
  );
#907 = ORIENTED_EDGE('',*,*,#908,.F.);
#908 = EDGE_CURVE('',#909,#890,#911,.T.);
#909 = VERTEX_POINT('',#910);
#910 = CARTESIAN_POINT('',(19.372866242038,2.896770507651,7.958811559113
    ));
#911 = B_SPLINE_CURVE_WITH_KNOTS('',6,(#912,#913,#914,#915,#916,#917,
    #918,#919,#920,#921,#922,#923),.UNSPECIFIED.,.F.,.F.,(7,5,7),(0.,
    0.850622974706,1.),.UNSPECIFIED.);
#912 = CARTESIAN_POINT('',(19.372866242038,2.896770507651,7.958811559113
    ));
#913 = CARTESIAN_POINT('',(19.465181241037,2.896770507651,7.958811559113
    ));
#914 = CARTESIAN_POINT('',(19.553089201894,2.893847231319,7.950779923401
    ));
#915 = CARTESIAN_POINT('',(19.635701701701,2.887751248779,7.934031349022
    ));
#916 = CARTESIAN_POINT('',(19.712146615604,2.878293312073,7.908045881489
    ));
#917 = CARTESIAN_POINT('',(19.781678489152,2.865403276148,7.872630798848
    ));
#918 = CARTESIAN_POINT('',(19.854739911426,2.846366441294,7.820327524947
    ));
#919 = CARTESIAN_POINT('',(19.86542645966,2.843420761974,7.812234337531)
  );
#920 = CARTESIAN_POINT('',(19.875883541288,2.840373675737,7.803862536901
    ));
#921 = CARTESIAN_POINT('',(19.88610917641,2.837225925771,7.795214164947)
  );
#922 = CARTESIAN_POINT('',(19.89610172214,2.833978391808,7.786291638715)
  );
#923 = CARTESIAN_POINT('',(19.905859872611,2.830632090126,7.777097750405
    ));
#924 = ORIENTED_EDGE('',*,*,#925,.F.);
#925 = EDGE_CURVE('',#926,#909,#928,.T.);
#926 = VERTEX_POINT('',#927);
#927 = CARTESIAN_POINT('',(18.837834394904,2.827059395635,7.767281852965
    ));
#928 = B_SPLINE_CURVE_WITH_KNOTS('',5,(#929,#930,#931,#932,#933,#934,
    #935,#936,#937,#938),.UNSPECIFIED.,.F.,.F.,(6,4,6),(0.,0.23117845186
    ,1.),.UNSPECIFIED.);
#929 = CARTESIAN_POINT('',(18.837834394904,2.827059395635,7.767281852965
    ));
#930 = CARTESIAN_POINT('',(18.856372653293,2.833562429267,7.785148791027
    ));
#931 = CARTESIAN_POINT('',(18.875705614007,2.839702620131,7.802018826775
    ));
#932 = CARTESIAN_POINT('',(18.895825928596,2.84547087641,7.817866980652)
  );
#933 = CARTESIAN_POINT('',(18.916720708713,2.850860481581,7.832674799159
    ));
#934 = CARTESIAN_POINT('',(19.010374841385,2.87251739981,7.892176692968)
  );
#935 = CARTESIAN_POINT('',(19.090761049663,2.884936647299,7.926298295011
    ));
#936 = CARTESIAN_POINT('',(19.178791973495,2.892947724748,7.948308549407
    ));
#937 = CARTESIAN_POINT('',(19.273252060379,2.896770507651,7.958811559113
    ));
#938 = CARTESIAN_POINT('',(19.372866242038,2.896770507651,7.958811559113
    ));
#939 = ORIENTED_EDGE('',*,*,#940,.F.);
#940 = EDGE_CURVE('',#941,#926,#943,.T.);
#941 = VERTEX_POINT('',#942);
#942 = CARTESIAN_POINT('',(18.608535031847,2.595618503744,7.131403228556
    ));
#943 = B_SPLINE_CURVE_WITH_KNOTS('',6,(#944,#945,#946,#947,#948,#949,
    #950,#951,#952,#953,#954,#955),.UNSPECIFIED.,.F.,.F.,(7,5,7),(0.,
    0.523211716034,1.),.UNSPECIFIED.);
#944 = CARTESIAN_POINT('',(18.608535031847,2.595618503744,7.131403228556
    ));
#945 = CARTESIAN_POINT('',(18.613336965716,2.621020309179,7.201194115401
    ));
#946 = CARTESIAN_POINT('',(18.620743973422,2.645674902337,7.268932053387
    ));
#947 = CARTESIAN_POINT('',(18.630985489282,2.669476408421,7.334326153905
    ));
#948 = CARTESIAN_POINT('',(18.644307944261,2.692292346845,7.397012429528
    ));
#949 = CARTESIAN_POINT('',(18.660959869613,2.713968457554,7.456567054242
    ));
#950 = CARTESIAN_POINT('',(18.699542008705,2.752910932419,7.563560624591
    ));
#951 = CARTESIAN_POINT('',(18.720873674417,2.77039845209,7.61160719001)
  );
#952 = CARTESIAN_POINT('',(18.745290435005,2.786679334745,7.656338547474
    ));
#953 = CARTESIAN_POINT('',(18.772909453699,2.801623247067,7.697396609134
    ));
#954 = CARTESIAN_POINT('',(18.803777843524,2.815112701703,7.734458581148
    ));
#955 = CARTESIAN_POINT('',(18.837834394904,2.827059395635,7.767281852965
    ));
#956 = ORIENTED_EDGE('',*,*,#957,.F.);
#957 = EDGE_CURVE('',#958,#941,#960,.T.);
#958 = VERTEX_POINT('',#959);
#959 = CARTESIAN_POINT('',(17.53847133758,2.632478254222,7.232674560681)
  );
#960 = LINE('',#961,#962);
#961 = CARTESIAN_POINT('',(9.281044108901,2.916916188965,8.014161363623)
  );
#962 = VECTOR('',#963,1.);
#963 = DIRECTION('',(0.994966576024,-3.427293152997E-02,
    -9.416410547709E-02));
#964 = ORIENTED_EDGE('',*,*,#965,.F.);
#965 = EDGE_CURVE('',#966,#958,#968,.T.);
#966 = VERTEX_POINT('',#967);
#967 = CARTESIAN_POINT('',(18.13847133758,3.070612593239,8.436438763818)
  );
#968 = B_SPLINE_CURVE_WITH_KNOTS('',6,(#969,#970,#971,#972,#973,#974,
    #975,#976,#977,#978,#979,#980,#981,#982,#983,#984,#985,#986,#987,
    #988,#989,#990),.UNSPECIFIED.,.F.,.F.,(7,5,5,5,7),(0.,
    2.289920252369E-02,0.291825169786,0.573715176317,1.),.UNSPECIFIED.);
#969 = CARTESIAN_POINT('',(18.13847133758,3.070612593239,8.436438763818)
  );
#970 = CARTESIAN_POINT('',(18.134268074783,3.069505350396,8.433396639108
    ));
#971 = CARTESIAN_POINT('',(18.13008150966,3.068390839252,8.430334544905)
  );
#972 = CARTESIAN_POINT('',(18.125911731617,3.067269079859,8.427252536303
    ));
#973 = CARTESIAN_POINT('',(18.121758827851,3.06614009325,8.42415067109)
  );
#974 = CARTESIAN_POINT('',(18.117622883349,3.06500390144,8.421029009747)
  );
#975 = CARTESIAN_POINT('',(18.065131998236,3.050432856161,8.380995391865
    ));
#976 = CARTESIAN_POINT('',(18.019106820645,3.036013619756,8.341378865436
    ));
#977 = CARTESIAN_POINT('',(17.975571885572,3.020642178815,8.299146178547
    ));
#978 = CARTESIAN_POINT('',(17.934609280433,3.004373287482,8.25444776697)
  );
#979 = CARTESIAN_POINT('',(17.896250355844,2.987273383543,8.207466167023
    ));
#980 = CARTESIAN_POINT('',(17.822998255848,2.950699569963,8.106980440068
    ));
#981 = CARTESIAN_POINT('',(17.788358040872,2.931149190437,8.053266213777
    ));
#982 = CARTESIAN_POINT('',(17.756549463614,2.910848284698,7.997489933666
    ));
#983 = CARTESIAN_POINT('',(17.727500174961,2.889880778696,7.939882184383
    ));
#984 = CARTESIAN_POINT('',(17.701102900139,2.868326670267,7.880662758177
    ));
#985 = CARTESIAN_POINT('',(17.641145150294,2.812881698626,7.728328950573
    ));
#986 = CARTESIAN_POINT('',(17.610845651906,2.778331039899,7.633401795892
    ));
#987 = CARTESIAN_POINT('',(17.585900667978,2.742838840854,7.535887780449
    ));
#988 = CARTESIAN_POINT('',(17.565821033777,2.706605530031,7.436337577132
    ));
#989 = CARTESIAN_POINT('',(17.550147999833,2.669784304627,7.335172091777
    ));
#990 = CARTESIAN_POINT('',(17.53847133758,2.632478254222,7.232674560681)
  );
#991 = ORIENTED_EDGE('',*,*,#992,.F.);
#992 = EDGE_CURVE('',#993,#966,#995,.T.);
#993 = VERTEX_POINT('',#994);
#994 = CARTESIAN_POINT('',(19.399617834395,3.203499400519,8.801542266161
    ));
#995 = B_SPLINE_CURVE_WITH_KNOTS('',6,(#996,#997,#998,#999,#1000,#1001,
    #1002,#1003,#1004,#1005,#1006,#1007),.UNSPECIFIED.,.F.,.F.,(7,5,7),(
    0.,0.893883510654,1.),.UNSPECIFIED.);
#996 = CARTESIAN_POINT('',(19.399617834395,3.203499400519,8.801542266161
    ));
#997 = CARTESIAN_POINT('',(19.191403351348,3.203499400519,8.801542266161
    ));
#998 = CARTESIAN_POINT('',(18.986369700944,3.197462401361,8.784955747294
    ));
#999 = CARTESIAN_POINT('',(18.786906548345,3.184488229541,8.749309503184
    ));
#1000 = CARTESIAN_POINT('',(18.596025944111,3.16375004556,8.692331810973
    ));
#1001 = CARTESIAN_POINT('',(18.416994122151,3.134793614234,
    8.612774669758));
#1002 = CARTESIAN_POINT('',(18.232976947241,3.093900306185,
    8.500421229286));
#1003 = CARTESIAN_POINT('',(18.213653497286,3.089453526772,
    8.488203803259));
#1004 = CARTESIAN_POINT('',(18.194537758095,3.084900293984,
    8.475693898991));
#1005 = CARTESIAN_POINT('',(18.175633333214,3.080241612931,
    8.462894277993));
#1006 = CARTESIAN_POINT('',(18.156943525591,3.075478622076,
    8.449808068169));
#1007 = CARTESIAN_POINT('',(18.13847133758,3.070612593239,8.436438763818
    ));
#1008 = ORIENTED_EDGE('',*,*,#1009,.F.);
#1009 = EDGE_CURVE('',#1010,#993,#1012,.T.);
#1010 = VERTEX_POINT('',#1011);
#1011 = CARTESIAN_POINT('',(20.702802547771,3.049960676305,
    8.379698088372));
#1012 = B_SPLINE_CURVE_WITH_KNOTS('',5,(#1013,#1014,#1015,#1016,#1017,
    #1018,#1019,#1020,#1021,#1022,#1023,#1024,#1025,#1026,#1027,#1028,
    #1029,#1030),.UNSPECIFIED.,.F.,.F.,(6,4,4,4,6),(0.,
    9.571984277263E-02,0.36543429951,0.645323301674,1.),.UNSPECIFIED.);
#1013 = CARTESIAN_POINT('',(20.702802547771,3.049960676305,
    8.379698088372));
#1014 = CARTESIAN_POINT('',(20.683689166565,3.056153406601,
    8.396712475025));
#1015 = CARTESIAN_POINT('',(20.66419081695,3.062197678891,8.413318976659
    ));
#1016 = CARTESIAN_POINT('',(20.644313454278,3.068090205261,
    8.429508559804));
#1017 = CARTESIAN_POINT('',(20.624064357399,3.073828174094,
    8.445273499606));
#1018 = CARTESIAN_POINT('',(20.545372049186,3.09513531931,8.503814399959
    ));
#1019 = CARTESIAN_POINT('',(20.484405681212,3.109616574023,8.54360132029
    ));
#1020 = CARTESIAN_POINT('',(20.42075310169,3.122798384593,8.57981804718)
  );
#1021 = CARTESIAN_POINT('',(20.354671073823,3.134667022807,8.61242686267
    ));
#1022 = CARTESIAN_POINT('',(20.215656760956,3.156208179062,8.67161070307
    ));
#1023 = CARTESIAN_POINT('',(20.142554947512,3.165781708562,
    8.697913759198));
#1024 = CARTESIAN_POINT('',(20.06746205739,3.173977447998,8.720431368232
    ));
#1025 = CARTESIAN_POINT('',(19.990691879133,3.180851818547,
    8.739318546088));
#1026 = CARTESIAN_POINT('',(19.813459549212,3.193597650533,
    8.774337431664));
#1027 = CARTESIAN_POINT('',(19.712149012135,3.198710168769,
    8.788383960073));
#1028 = CARTESIAN_POINT('',(19.609131938411,3.201954014196,
    8.797296352136));
#1029 = CARTESIAN_POINT('',(19.504853205105,3.203499400519,
    8.801542266161));
#1030 = CARTESIAN_POINT('',(19.399617834395,3.203499400519,
    8.801542266161));
#1031 = ORIENTED_EDGE('',*,*,#1032,.F.);
#1032 = EDGE_CURVE('',#1033,#1010,#1035,.T.);
#1033 = VERTEX_POINT('',#1034);
#1034 = CARTESIAN_POINT('',(21.176687898089,2.66803092135,7.330354710816
    ));
#1035 = B_SPLINE_CURVE_WITH_KNOTS('',5,(#1036,#1037,#1038,#1039,#1040,
    #1041,#1042,#1043,#1044,#1045,#1046,#1047,#1048,#1049),
  .UNSPECIFIED.,.F.,.F.,(6,4,4,6),(0.,0.176380042043,0.537277933811,1.),
  .UNSPECIFIED.);
#1036 = CARTESIAN_POINT('',(21.176687898089,2.66803092135,7.330354710816
    ));
#1037 = CARTESIAN_POINT('',(21.176687898089,2.683488046407,
    7.372822812879));
#1038 = CARTESIAN_POINT('',(21.175331555077,2.698868264336,
    7.415079614345));
#1039 = CARTESIAN_POINT('',(21.172569622431,2.714155844054,
    7.457081894419));
#1040 = CARTESIAN_POINT('',(21.168360147956,2.729333622631,
    7.498782498338));
#1041 = CARTESIAN_POINT('',(21.15102252376,2.775176117766,7.624733718571
    ));
#1042 = CARTESIAN_POINT('',(21.133170683345,2.805435758814,
    7.707871399073));
#1043 = CARTESIAN_POINT('',(21.108825827549,2.834993428934,
    7.789080430298));
#1044 = CARTESIAN_POINT('',(21.077882905465,2.86368413818,7.8679075061)
  );
#1045 = CARTESIAN_POINT('',(20.992666900811,2.926847417079,
    8.041447188613));
#1046 = CARTESIAN_POINT('',(20.934258059301,2.960679498883,
    8.134400069423));
#1047 = CARTESIAN_POINT('',(20.865735031665,2.992539170728,
    8.221933798408));
#1048 = CARTESIAN_POINT('',(20.788160634232,3.022304679579,
    8.303713861856));
#1049 = CARTESIAN_POINT('',(20.702802547771,3.049960676305,
    8.379698088372));
#1050 = ORIENTED_EDGE('',*,*,#1051,.F.);
#1051 = EDGE_CURVE('',#1052,#1033,#1054,.T.);
#1052 = VERTEX_POINT('',#1053);
#1053 = CARTESIAN_POINT('',(21.040891719745,2.420643612585,
    6.650663666125));
#1054 = B_SPLINE_CURVE_WITH_KNOTS('',5,(#1055,#1056,#1057,#1058,#1059,
    #1060,#1061,#1062,#1063,#1064),.UNSPECIFIED.,.F.,.F.,(6,4,6),(0.,
    0.299286217855,1.),.UNSPECIFIED.);
#1055 = CARTESIAN_POINT('',(21.040891719745,2.420643612585,
    6.650663666125));
#1056 = CARTESIAN_POINT('',(21.057162239159,2.434717555502,
    6.689331506492));
#1057 = CARTESIAN_POINT('',(21.072233058804,2.448919482931,
    6.728350981415));
#1058 = CARTESIAN_POINT('',(21.086092392231,2.463244592701,
    6.767708897041));
#1059 = CARTESIAN_POINT('',(21.098732116203,2.477687657396,
    6.807390891156));
#1060 = CARTESIAN_POINT('',(21.136875050345,2.526321259892,
    6.941010615842));
#1061 = CARTESIAN_POINT('',(21.156893186925,2.561015936154,
    7.036333455448));
#1062 = CARTESIAN_POINT('',(21.170143067261,2.596252620653,
    7.133145450445));
#1063 = CARTESIAN_POINT('',(21.176687898089,2.63195183372,7.231228232237
    ));
#1064 = CARTESIAN_POINT('',(21.176687898089,2.66803092135,7.330354710816
    ));
#1065 = ORIENTED_EDGE('',*,*,#1066,.F.);
#1066 = EDGE_CURVE('',#1067,#1052,#1069,.T.);
#1067 = VERTEX_POINT('',#1068);
#1068 = CARTESIAN_POINT('',(20.611082802548,2.174476248281,
    5.974324391292));
#1069 = B_SPLINE_CURVE_WITH_KNOTS('',6,(#1070,#1071,#1072,#1073,#1074,
    #1075,#1076),.UNSPECIFIED.,.F.,.F.,(7,7),(0.,1.),
  .PIECEWISE_BEZIER_KNOTS.);
#1070 = CARTESIAN_POINT('',(20.611082802548,2.174476248281,
    5.974324391292));
#1071 = CARTESIAN_POINT('',(20.703823280232,2.215038263554,
    6.085767612343));
#1072 = CARTESIAN_POINT('',(20.789269207161,2.255877098514,
    6.197971389233));
#1073 = CARTESIAN_POINT('',(20.866624951706,2.296948463628,
    6.310814037468));
#1074 = CARTESIAN_POINT('',(20.934980526273,2.338177044822,
    6.424088633335));
#1075 = CARTESIAN_POINT('',(20.993364794826,2.379455711595,6.5375008382)
  );
#1076 = CARTESIAN_POINT('',(21.040891719745,2.420643612585,
    6.650663666125));
#1077 = ORIENTED_EDGE('',*,*,#1078,.F.);
#1078 = EDGE_CURVE('',#1079,#1067,#1081,.T.);
#1079 = VERTEX_POINT('',#1080);
#1080 = CARTESIAN_POINT('',(19.907898089172,1.929005995097,
    5.299900413521));
#1081 = B_SPLINE_CURVE_WITH_KNOTS('',7,(#1082,#1083,#1084,#1085,#1086,
    #1087,#1088,#1089),.UNSPECIFIED.,.F.,.F.,(8,8),(0.,1.),
  .PIECEWISE_BEZIER_KNOTS.);
#1082 = CARTESIAN_POINT('',(19.907898089172,1.929005995097,
    5.299900413521));
#1083 = CARTESIAN_POINT('',(20.029470598938,1.96731401233,5.405150825853
    ));
#1084 = CARTESIAN_POINT('',(20.146328839328,2.004933820322,
    5.508510398836));
#1085 = CARTESIAN_POINT('',(20.258048808257,2.041868133136,
    5.609986589295));
#1086 = CARTESIAN_POINT('',(20.363292010798,2.077891513689,
    5.708960013938));
#1087 = CARTESIAN_POINT('',(20.459686781463,2.112529250534,5.80412641378
    ));
#1088 = CARTESIAN_POINT('',(20.54389993259,2.145070550214,5.89353289985)
  );
#1089 = CARTESIAN_POINT('',(20.611082802548,2.174476248281,
    5.974324391292));
#1090 = ORIENTED_EDGE('',*,*,#1091,.F.);
#1091 = EDGE_CURVE('',#1092,#1079,#1094,.T.);
#1092 = VERTEX_POINT('',#1093);
#1093 = CARTESIAN_POINT('',(19.263821656051,1.71638710345,4.715734809771
    ));
#1094 = B_SPLINE_CURVE_WITH_KNOTS('',7,(#1095,#1096,#1097,#1098,#1099,
    #1100,#1101,#1102),.UNSPECIFIED.,.F.,.F.,(8,8),(0.,1.),
  .PIECEWISE_BEZIER_KNOTS.);
#1095 = CARTESIAN_POINT('',(19.263821656051,1.71638710345,4.715734809771
    ));
#1096 = CARTESIAN_POINT('',(19.312754476449,1.735321088775,
    4.767755506912));
#1097 = CARTESIAN_POINT('',(19.385893517462,1.76084925692,4.837893572452
    ));
#1098 = CARTESIAN_POINT('',(19.47521177931,1.790683005569,4.919861123201
    ));
#1099 = CARTESIAN_POINT('',(19.574803565059,1.823154307296,
    5.009075291478));
#1100 = CARTESIAN_POINT('',(19.680913677796,1.857223722107,
    5.102680239363));
#1101 = CARTESIAN_POINT('',(19.791831647387,1.892452861685,
    5.199471504861));
#1102 = CARTESIAN_POINT('',(19.907898089172,1.929005995097,
    5.299900413521));
#1103 = ORIENTED_EDGE('',*,*,#1104,.F.);
#1104 = EDGE_CURVE('',#1105,#1092,#1107,.T.);
#1105 = VERTEX_POINT('',#1106);
#1106 = CARTESIAN_POINT('',(19.044203821656,1.614086046567,4.434664966)
  );
#1107 = B_SPLINE_CURVE_WITH_KNOTS('',5,(#1108,#1109,#1110,#1111,#1112,
    #1113),.UNSPECIFIED.,.F.,.F.,(6,6),(0.,1.),
  .PIECEWISE_BEZIER_KNOTS.);
#1108 = CARTESIAN_POINT('',(19.044203821656,1.614086046567,4.434664966)
  );
#1109 = CARTESIAN_POINT('',(19.078214674221,1.63424886746,4.490061861114
    ));
#1110 = CARTESIAN_POINT('',(19.11732102585,1.654579423628,4.545919605111
    ));
#1111 = CARTESIAN_POINT('',(19.161394846161,1.675058230493,
    4.602184664552));
#1112 = CARTESIAN_POINT('',(19.210283521053,1.69566662487,4.658805762752
    ));
#1113 = CARTESIAN_POINT('',(19.263821656051,1.71638710345,4.715734809771
    ));
#1114 = ORIENTED_EDGE('',*,*,#1115,.F.);
#1115 = EDGE_CURVE('',#795,#1105,#1116,.T.);
#1116 = LINE('',#1117,#1118);
#1117 = CARTESIAN_POINT('',(9.022101910828,1.614086046567,4.434664966));
#1118 = VECTOR('',#1119,1.);
#1119 = DIRECTION('',(-1.,0.,0.));
#1120 = PLANE('',#1121);
#1121 = AXIS2_PLACEMENT_3D('',#1122,#1123,#1124);
#1122 = CARTESIAN_POINT('',(-1.,0.,0.));
#1123 = DIRECTION('',(0.,-0.939692620786,0.342020143326));
#1124 = DIRECTION('',(0.,0.342020143326,0.939692620786));
#1125 = ADVANCED_FACE('',(#1126),#1137,.T.);
#1126 = FACE_BOUND('',#1127,.T.);
#1127 = EDGE_LOOP('',(#1128,#1129,#1130,#1131));
#1128 = ORIENTED_EDGE('',*,*,#323,.T.);
#1129 = ORIENTED_EDGE('',*,*,#236,.T.);
#1130 = ORIENTED_EDGE('',*,*,#134,.F.);
#1131 = ORIENTED_EDGE('',*,*,#1132,.F.);
#1132 = EDGE_CURVE('',#316,#127,#1133,.T.);
#1133 = LINE('',#1134,#1135);
#1134 = CARTESIAN_POINT('',(4.,19.05,-1.));
#1135 = VECTOR('',#1136,1.);
#1136 = DIRECTION('',(0.,0.,1.));
#1137 = PLANE('',#1138);
#1138 = AXIS2_PLACEMENT_3D('',#1139,#1140,#1141);
#1139 = CARTESIAN_POINT('',(4.,12.75,-1.));
#1140 = DIRECTION('',(-1.,0.,0.));
#1141 = DIRECTION('',(0.,1.,0.));
#1142 = ADVANCED_FACE('',(#1143),#1154,.T.);
#1143 = FACE_BOUND('',#1144,.T.);
#1144 = EDGE_LOOP('',(#1145,#1146,#1147,#1148));
#1145 = ORIENTED_EDGE('',*,*,#315,.T.);
#1146 = ORIENTED_EDGE('',*,*,#1132,.T.);
#1147 = ORIENTED_EDGE('',*,*,#126,.F.);
#1148 = ORIENTED_EDGE('',*,*,#1149,.F.);
#1149 = EDGE_CURVE('',#308,#119,#1150,.T.);
#1150 = LINE('',#1151,#1152);
#1151 = CARTESIAN_POINT('',(0.,18.05,-1.));
#1152 = VECTOR('',#1153,1.);
#1153 = DIRECTION('',(0.,0.,1.));
#1154 = PLANE('',#1155);
#1155 = AXIS2_PLACEMENT_3D('',#1156,#1157,#1158);
#1156 = CARTESIAN_POINT('',(4.,19.05,-1.));
#1157 = DIRECTION('',(0.242535625036,-0.970142500145,0.));
#1158 = DIRECTION('',(-0.970142500145,-0.242535625036,0.));
#1159 = ADVANCED_FACE('',(#1160),#1171,.F.);
#1160 = FACE_BOUND('',#1161,.F.);
#1161 = EDGE_LOOP('',(#1162,#1163,#1164,#1165));
#1162 = ORIENTED_EDGE('',*,*,#118,.F.);
#1163 = ORIENTED_EDGE('',*,*,#1149,.F.);
#1164 = ORIENTED_EDGE('',*,*,#307,.T.);
#1165 = ORIENTED_EDGE('',*,*,#1166,.T.);
#1166 = EDGE_CURVE('',#300,#111,#1167,.T.);
#1167 = LINE('',#1168,#1169);
#1168 = CARTESIAN_POINT('',(0.,53.,0.));
#1169 = VECTOR('',#1170,1.);
#1170 = DIRECTION('',(0.,0.,1.));
#1171 = PLANE('',#1172);
#1172 = AXIS2_PLACEMENT_3D('',#1173,#1174,#1175);
#1173 = CARTESIAN_POINT('',(0.,0.,0.));
#1174 = DIRECTION('',(1.,0.,0.));
#1175 = DIRECTION('',(0.,0.,1.));
#1176 = ADVANCED_FACE('',(#1177),#1188,.T.);
#1177 = FACE_BOUND('',#1178,.T.);
#1178 = EDGE_LOOP('',(#1179,#1180,#1181,#1182));
#1179 = ORIENTED_EDGE('',*,*,#299,.F.);
#1180 = ORIENTED_EDGE('',*,*,#1166,.T.);
#1181 = ORIENTED_EDGE('',*,*,#110,.T.);
#1182 = ORIENTED_EDGE('',*,*,#1183,.F.);
#1183 = EDGE_CURVE('',#292,#103,#1184,.T.);
#1184 = LINE('',#1185,#1186);
#1185 = CARTESIAN_POINT('',(43.,53.,0.));
#1186 = VECTOR('',#1187,1.);
#1187 = DIRECTION('',(0.,0.,1.));
#1188 = PLANE('',#1189);
#1189 = AXIS2_PLACEMENT_3D('',#1190,#1191,#1192);
#1190 = CARTESIAN_POINT('',(0.,53.,0.));
#1191 = DIRECTION('',(0.,1.,0.));
#1192 = DIRECTION('',(0.,0.,1.));
#1193 = ADVANCED_FACE('',(#1194),#1205,.T.);
#1194 = FACE_BOUND('',#1195,.T.);
#1195 = EDGE_LOOP('',(#1196,#1197,#1203,#1204));
#1196 = ORIENTED_EDGE('',*,*,#102,.F.);
#1197 = ORIENTED_EDGE('',*,*,#1198,.T.);
#1198 = EDGE_CURVE('',#95,#284,#1199,.T.);
#1199 = LINE('',#1200,#1201);
#1200 = CARTESIAN_POINT('',(43.,17.924390243902,0.));
#1201 = VECTOR('',#1202,1.);
#1202 = DIRECTION('',(0.,0.,-1.));
#1203 = ORIENTED_EDGE('',*,*,#291,.T.);
#1204 = ORIENTED_EDGE('',*,*,#1183,.T.);
#1205 = PLANE('',#1206);
#1206 = AXIS2_PLACEMENT_3D('',#1207,#1208,#1209);
#1207 = CARTESIAN_POINT('',(43.,0.,0.));
#1208 = DIRECTION('',(1.,0.,0.));
#1209 = DIRECTION('',(0.,0.,1.));
#1210 = ADVANCED_FACE('',(#1211),#1222,.T.);
#1211 = FACE_BOUND('',#1212,.T.);
#1212 = EDGE_LOOP('',(#1213,#1214,#1220,#1221));
#1213 = ORIENTED_EDGE('',*,*,#78,.T.);
#1214 = ORIENTED_EDGE('',*,*,#1215,.T.);
#1215 = EDGE_CURVE('',#71,#95,#1216,.T.);
#1216 = LINE('',#1217,#1218);
#1217 = CARTESIAN_POINT('',(43.,0.,10.));
#1218 = VECTOR('',#1219,1.);
#1219 = DIRECTION('',(0.,1.,0.));
#1220 = ORIENTED_EDGE('',*,*,#94,.T.);
#1221 = ORIENTED_EDGE('',*,*,#86,.T.);
#1222 = PLANE('',#1223);
#1223 = AXIS2_PLACEMENT_3D('',#1224,#1225,#1226);
#1224 = CARTESIAN_POINT('',(0.,0.,10.));
#1225 = DIRECTION('',(0.,0.,1.));
#1226 = DIRECTION('',(1.,0.,0.));
#1227 = ADVANCED_FACE('',(#1228),#1239,.T.);
#1228 = FACE_BOUND('',#1229,.T.);
#1229 = EDGE_LOOP('',(#1230,#1231,#1232,#1233));
#1230 = ORIENTED_EDGE('',*,*,#70,.F.);
#1231 = ORIENTED_EDGE('',*,*,#340,.T.);
#1232 = ORIENTED_EDGE('',*,*,#259,.T.);
#1233 = ORIENTED_EDGE('',*,*,#1234,.T.);
#1234 = EDGE_CURVE('',#260,#71,#1235,.T.);
#1235 = LINE('',#1236,#1237);
#1236 = CARTESIAN_POINT('',(43.,13.875609756098,0.));
#1237 = VECTOR('',#1238,1.);
#1238 = DIRECTION('',(0.,0.,1.));
#1239 = PLANE('',#1240);
#1240 = AXIS2_PLACEMENT_3D('',#1241,#1242,#1243);
#1241 = CARTESIAN_POINT('',(43.,0.,0.));
#1242 = DIRECTION('',(1.,0.,0.));
#1243 = DIRECTION('',(0.,0.,1.));
#1244 = ADVANCED_FACE('',(#1245),#1271,.T.);
#1245 = FACE_BOUND('',#1246,.T.);
#1246 = EDGE_LOOP('',(#1247,#1255,#1256,#1264));
#1247 = ORIENTED_EDGE('',*,*,#1248,.F.);
#1248 = EDGE_CURVE('',#151,#1249,#1251,.T.);
#1249 = VERTEX_POINT('',#1250);
#1250 = CARTESIAN_POINT('',(16.6,38.36,20.5));
#1251 = LINE('',#1252,#1253);
#1252 = CARTESIAN_POINT('',(16.6,38.36,9.9));
#1253 = VECTOR('',#1254,1.);
#1254 = DIRECTION('',(0.,0.,1.));
#1255 = ORIENTED_EDGE('',*,*,#150,.T.);
#1256 = ORIENTED_EDGE('',*,*,#1257,.T.);
#1257 = EDGE_CURVE('',#153,#1258,#1260,.T.);
#1258 = VERTEX_POINT('',#1259);
#1259 = CARTESIAN_POINT('',(16.,37.76,20.5));
#1260 = LINE('',#1261,#1262);
#1261 = CARTESIAN_POINT('',(16.,37.76,9.9));
#1262 = VECTOR('',#1263,1.);
#1263 = DIRECTION('',(0.,0.,1.));
#1264 = ORIENTED_EDGE('',*,*,#1265,.F.);
#1265 = EDGE_CURVE('',#1249,#1258,#1266,.T.);
#1266 = CIRCLE('',#1267,0.6);
#1267 = AXIS2_PLACEMENT_3D('',#1268,#1269,#1270);
#1268 = CARTESIAN_POINT('',(16.6,37.76,20.5));
#1269 = DIRECTION('',(0.,-0.,1.));
#1270 = DIRECTION('',(0.,1.,0.));
#1271 = CYLINDRICAL_SURFACE('',#1272,0.6);
#1272 = AXIS2_PLACEMENT_3D('',#1273,#1274,#1275);
#1273 = CARTESIAN_POINT('',(16.6,37.76,9.9));
#1274 = DIRECTION('',(0.,0.,1.));
#1275 = DIRECTION('',(0.,1.,0.));
#1276 = ADVANCED_FACE('',(#1277),#1295,.F.);
#1277 = FACE_BOUND('',#1278,.F.);
#1278 = EDGE_LOOP('',(#1279,#1280,#1288,#1294));
#1279 = ORIENTED_EDGE('',*,*,#161,.T.);
#1280 = ORIENTED_EDGE('',*,*,#1281,.T.);
#1281 = EDGE_CURVE('',#162,#1282,#1284,.T.);
#1282 = VERTEX_POINT('',#1283);
#1283 = CARTESIAN_POINT('',(26.4,38.36,20.5));
#1284 = LINE('',#1285,#1286);
#1285 = CARTESIAN_POINT('',(26.4,38.36,9.9));
#1286 = VECTOR('',#1287,1.);
#1287 = DIRECTION('',(0.,0.,1.));
#1288 = ORIENTED_EDGE('',*,*,#1289,.T.);
#1289 = EDGE_CURVE('',#1282,#1249,#1290,.T.);
#1290 = LINE('',#1291,#1292);
#1291 = CARTESIAN_POINT('',(26.4,38.36,20.5));
#1292 = VECTOR('',#1293,1.);
#1293 = DIRECTION('',(-1.,0.,0.));
#1294 = ORIENTED_EDGE('',*,*,#1248,.F.);
#1295 = PLANE('',#1296);
#1296 = AXIS2_PLACEMENT_3D('',#1297,#1298,#1299);
#1297 = CARTESIAN_POINT('',(27.,38.36,9.9));
#1298 = DIRECTION('',(0.,-1.,0.));
#1299 = DIRECTION('',(-1.,0.,0.));
#1300 = ADVANCED_FACE('',(#1301),#1319,.F.);
#1301 = FACE_BOUND('',#1302,.F.);
#1302 = EDGE_LOOP('',(#1303,#1304,#1305,#1313));
#1303 = ORIENTED_EDGE('',*,*,#212,.T.);
#1304 = ORIENTED_EDGE('',*,*,#1257,.T.);
#1305 = ORIENTED_EDGE('',*,*,#1306,.T.);
#1306 = EDGE_CURVE('',#1258,#1307,#1309,.T.);
#1307 = VERTEX_POINT('',#1308);
#1308 = CARTESIAN_POINT('',(16.,27.96,20.5));
#1309 = LINE('',#1310,#1311);
#1310 = CARTESIAN_POINT('',(16.,37.76,20.5));
#1311 = VECTOR('',#1312,1.);
#1312 = DIRECTION('',(0.,-1.,0.));
#1313 = ORIENTED_EDGE('',*,*,#1314,.F.);
#1314 = EDGE_CURVE('',#204,#1307,#1315,.T.);
#1315 = LINE('',#1316,#1317);
#1316 = CARTESIAN_POINT('',(16.,27.96,9.9));
#1317 = VECTOR('',#1318,1.);
#1318 = DIRECTION('',(0.,0.,1.));
#1319 = PLANE('',#1320);
#1320 = AXIS2_PLACEMENT_3D('',#1321,#1322,#1323);
#1321 = CARTESIAN_POINT('',(16.,38.36,9.9));
#1322 = DIRECTION('',(1.,0.,0.));
#1323 = DIRECTION('',(0.,-1.,0.));
#1324 = ADVANCED_FACE('',(#1325),#1344,.T.);
#1325 = FACE_BOUND('',#1326,.F.);
#1326 = EDGE_LOOP('',(#1327,#1328,#1329,#1337));
#1327 = ORIENTED_EDGE('',*,*,#1281,.F.);
#1328 = ORIENTED_EDGE('',*,*,#169,.F.);
#1329 = ORIENTED_EDGE('',*,*,#1330,.T.);
#1330 = EDGE_CURVE('',#170,#1331,#1333,.T.);
#1331 = VERTEX_POINT('',#1332);
#1332 = CARTESIAN_POINT('',(27.,37.76,20.5));
#1333 = LINE('',#1334,#1335);
#1334 = CARTESIAN_POINT('',(27.,37.76,9.9));
#1335 = VECTOR('',#1336,1.);
#1336 = DIRECTION('',(0.,0.,1.));
#1337 = ORIENTED_EDGE('',*,*,#1338,.T.);
#1338 = EDGE_CURVE('',#1331,#1282,#1339,.T.);
#1339 = CIRCLE('',#1340,0.6);
#1340 = AXIS2_PLACEMENT_3D('',#1341,#1342,#1343);
#1341 = CARTESIAN_POINT('',(26.4,37.76,20.5));
#1342 = DIRECTION('',(0.,0.,1.));
#1343 = DIRECTION('',(1.,0.,0.));
#1344 = CYLINDRICAL_SURFACE('',#1345,0.6);
#1345 = AXIS2_PLACEMENT_3D('',#1346,#1347,#1348);
#1346 = CARTESIAN_POINT('',(26.4,37.76,9.9));
#1347 = DIRECTION('',(0.,0.,1.));
#1348 = DIRECTION('',(0.,1.,0.));
#1349 = ADVANCED_FACE('',(#1350),#1369,.T.);
#1350 = FACE_BOUND('',#1351,.T.);
#1351 = EDGE_LOOP('',(#1352,#1353,#1354,#1362));
#1352 = ORIENTED_EDGE('',*,*,#1314,.F.);
#1353 = ORIENTED_EDGE('',*,*,#203,.T.);
#1354 = ORIENTED_EDGE('',*,*,#1355,.T.);
#1355 = EDGE_CURVE('',#196,#1356,#1358,.T.);
#1356 = VERTEX_POINT('',#1357);
#1357 = CARTESIAN_POINT('',(16.6,27.36,20.5));
#1358 = LINE('',#1359,#1360);
#1359 = CARTESIAN_POINT('',(16.6,27.36,9.9));
#1360 = VECTOR('',#1361,1.);
#1361 = DIRECTION('',(0.,0.,1.));
#1362 = ORIENTED_EDGE('',*,*,#1363,.F.);
#1363 = EDGE_CURVE('',#1307,#1356,#1364,.T.);
#1364 = CIRCLE('',#1365,0.6);
#1365 = AXIS2_PLACEMENT_3D('',#1366,#1367,#1368);
#1366 = CARTESIAN_POINT('',(16.6,27.96,20.5));
#1367 = DIRECTION('',(0.,0.,1.));
#1368 = DIRECTION('',(-1.,0.,0.));
#1369 = CYLINDRICAL_SURFACE('',#1370,0.6);
#1370 = AXIS2_PLACEMENT_3D('',#1371,#1372,#1373);
#1371 = CARTESIAN_POINT('',(16.6,27.96,9.9));
#1372 = DIRECTION('',(0.,0.,1.));
#1373 = DIRECTION('',(-1.,0.,0.));
#1374 = ADVANCED_FACE('',(#1375),#1393,.F.);
#1375 = FACE_BOUND('',#1376,.F.);
#1376 = EDGE_LOOP('',(#1377,#1378,#1386,#1392));
#1377 = ORIENTED_EDGE('',*,*,#178,.T.);
#1378 = ORIENTED_EDGE('',*,*,#1379,.T.);
#1379 = EDGE_CURVE('',#179,#1380,#1382,.T.);
#1380 = VERTEX_POINT('',#1381);
#1381 = CARTESIAN_POINT('',(27.,27.96,20.5));
#1382 = LINE('',#1383,#1384);
#1383 = CARTESIAN_POINT('',(27.,27.96,9.9));
#1384 = VECTOR('',#1385,1.);
#1385 = DIRECTION('',(0.,0.,1.));
#1386 = ORIENTED_EDGE('',*,*,#1387,.T.);
#1387 = EDGE_CURVE('',#1380,#1331,#1388,.T.);
#1388 = LINE('',#1389,#1390);
#1389 = CARTESIAN_POINT('',(27.,27.96,20.5));
#1390 = VECTOR('',#1391,1.);
#1391 = DIRECTION('',(0.,1.,0.));
#1392 = ORIENTED_EDGE('',*,*,#1330,.F.);
#1393 = PLANE('',#1394);
#1394 = AXIS2_PLACEMENT_3D('',#1395,#1396,#1397);
#1395 = CARTESIAN_POINT('',(27.,27.36,9.9));
#1396 = DIRECTION('',(-1.,0.,0.));
#1397 = DIRECTION('',(0.,1.,0.));
#1398 = ADVANCED_FACE('',(#1399),#1417,.F.);
#1399 = FACE_BOUND('',#1400,.F.);
#1400 = EDGE_LOOP('',(#1401,#1402,#1403,#1411));
#1401 = ORIENTED_EDGE('',*,*,#195,.T.);
#1402 = ORIENTED_EDGE('',*,*,#1355,.T.);
#1403 = ORIENTED_EDGE('',*,*,#1404,.T.);
#1404 = EDGE_CURVE('',#1356,#1405,#1407,.T.);
#1405 = VERTEX_POINT('',#1406);
#1406 = CARTESIAN_POINT('',(26.4,27.36,20.5));
#1407 = LINE('',#1408,#1409);
#1408 = CARTESIAN_POINT('',(16.6,27.36,20.5));
#1409 = VECTOR('',#1410,1.);
#1410 = DIRECTION('',(1.,0.,0.));
#1411 = ORIENTED_EDGE('',*,*,#1412,.F.);
#1412 = EDGE_CURVE('',#187,#1405,#1413,.T.);
#1413 = LINE('',#1414,#1415);
#1414 = CARTESIAN_POINT('',(26.4,27.36,9.9));
#1415 = VECTOR('',#1416,1.);
#1416 = DIRECTION('',(0.,0.,1.));
#1417 = PLANE('',#1418);
#1418 = AXIS2_PLACEMENT_3D('',#1419,#1420,#1421);
#1419 = CARTESIAN_POINT('',(16.,27.36,9.9));
#1420 = DIRECTION('',(0.,1.,0.));
#1421 = DIRECTION('',(1.,0.,0.));
#1422 = ADVANCED_FACE('',(#1423),#1435,.T.);
#1423 = FACE_BOUND('',#1424,.T.);
#1424 = EDGE_LOOP('',(#1425,#1426,#1427,#1428));
#1425 = ORIENTED_EDGE('',*,*,#1412,.F.);
#1426 = ORIENTED_EDGE('',*,*,#186,.T.);
#1427 = ORIENTED_EDGE('',*,*,#1379,.T.);
#1428 = ORIENTED_EDGE('',*,*,#1429,.F.);
#1429 = EDGE_CURVE('',#1405,#1380,#1430,.T.);
#1430 = CIRCLE('',#1431,0.6);
#1431 = AXIS2_PLACEMENT_3D('',#1432,#1433,#1434);
#1432 = CARTESIAN_POINT('',(26.4,27.96,20.5));
#1433 = DIRECTION('',(-0.,0.,1.));
#1434 = DIRECTION('',(0.,-1.,0.));
#1435 = CYLINDRICAL_SURFACE('',#1436,0.6);
#1436 = AXIS2_PLACEMENT_3D('',#1437,#1438,#1439);
#1437 = CARTESIAN_POINT('',(26.4,27.96,9.9));
#1438 = DIRECTION('',(0.,0.,1.));
#1439 = DIRECTION('',(0.,-1.,0.));
#1440 = ADVANCED_FACE('',(#1441),#1452,.F.);
#1441 = FACE_BOUND('',#1442,.F.);
#1442 = EDGE_LOOP('',(#1443,#1444,#1450,#1451));
#1443 = ORIENTED_EDGE('',*,*,#267,.T.);
#1444 = ORIENTED_EDGE('',*,*,#1445,.T.);
#1445 = EDGE_CURVE('',#260,#284,#1446,.T.);
#1446 = LINE('',#1447,#1448);
#1447 = CARTESIAN_POINT('',(43.,0.,0.));
#1448 = VECTOR('',#1449,1.);
#1449 = DIRECTION('',(0.,1.,0.));
#1450 = ORIENTED_EDGE('',*,*,#283,.T.);
#1451 = ORIENTED_EDGE('',*,*,#275,.T.);
#1452 = PLANE('',#1453);
#1453 = AXIS2_PLACEMENT_3D('',#1454,#1455,#1456);
#1454 = CARTESIAN_POINT('',(0.,0.,0.));
#1455 = DIRECTION('',(0.,0.,1.));
#1456 = DIRECTION('',(1.,0.,0.));
#1457 = ADVANCED_FACE('',(#1458),#1483,.T.);
#1458 = FACE_BOUND('',#1459,.T.);
#1459 = EDGE_LOOP('',(#1460,#1461,#1469,#1477));
#1460 = ORIENTED_EDGE('',*,*,#349,.T.);
#1461 = ORIENTED_EDGE('',*,*,#1462,.T.);
#1462 = EDGE_CURVE('',#352,#1463,#1465,.T.);
#1463 = VERTEX_POINT('',#1464);
#1464 = CARTESIAN_POINT('',(21.865350318471,1.219232781843,5.10409717727
    ));
#1465 = LINE('',#1466,#1467);
#1466 = CARTESIAN_POINT('',(21.865350318471,1.970986878472,
    4.830481062609));
#1467 = VECTOR('',#1468,1.);
#1468 = DIRECTION('',(0.,-0.939692620786,0.342020143326));
#1469 = ORIENTED_EDGE('',*,*,#1470,.T.);
#1470 = EDGE_CURVE('',#1463,#1471,#1473,.T.);
#1471 = VERTEX_POINT('',#1472);
#1472 = CARTESIAN_POINT('',(22.904840764331,1.262192254622,
    5.222127358683));
#1473 = LINE('',#1474,#1475);
#1474 = CARTESIAN_POINT('',(21.865350318471,1.219232781843,5.10409717727
    ));
#1475 = VECTOR('',#1476,1.);
#1476 = DIRECTION('',(0.992778634966,4.102899349847E-02,0.11272623318));
#1477 = ORIENTED_EDGE('',*,*,#1478,.F.);
#1478 = EDGE_CURVE('',#350,#1471,#1479,.T.);
#1479 = LINE('',#1480,#1481);
#1480 = CARTESIAN_POINT('',(22.904840764331,2.013946351251,
    4.948511244023));
#1481 = VECTOR('',#1482,1.);
#1482 = DIRECTION('',(0.,-0.939692620786,0.342020143326));
#1483 = PLANE('',#1484);
#1484 = AXIS2_PLACEMENT_3D('',#1485,#1486,#1487);
#1485 = CARTESIAN_POINT('',(21.865350318471,1.970986878472,
    4.830481062609));
#1486 = DIRECTION('',(-0.119960751725,0.339550291022,0.932906757352));
#1487 = DIRECTION('',(0.992778634966,4.102899349847E-02,0.11272623318));
#1488 = ADVANCED_FACE('',(#1489),#1507,.T.);
#1489 = FACE_BOUND('',#1490,.T.);
#1490 = EDGE_LOOP('',(#1491,#1492,#1500,#1506));
#1491 = ORIENTED_EDGE('',*,*,#775,.T.);
#1492 = ORIENTED_EDGE('',*,*,#1493,.T.);
#1493 = EDGE_CURVE('',#754,#1494,#1496,.T.);
#1494 = VERTEX_POINT('',#1495);
#1495 = CARTESIAN_POINT('',(22.446242038217,0.826672082306,
    4.025545519527));
#1496 = LINE('',#1497,#1498);
#1497 = CARTESIAN_POINT('',(22.446242038217,1.578426178935,
    3.751929404866));
#1498 = VECTOR('',#1499,1.);
#1499 = DIRECTION('',(0.,-0.939692620786,0.342020143326));
#1500 = ORIENTED_EDGE('',*,*,#1501,.T.);
#1501 = EDGE_CURVE('',#1494,#1463,#1502,.T.);
#1502 = B_SPLINE_CURVE_WITH_KNOTS('',2,(#1503,#1504,#1505),
  .UNSPECIFIED.,.F.,.F.,(3,3),(0.,1.),.PIECEWISE_BEZIER_KNOTS.);
#1503 = CARTESIAN_POINT('',(22.446242038217,0.826672082306,
    4.025545519527));
#1504 = CARTESIAN_POINT('',(21.945605095541,0.976725250919,
    4.437813212009));
#1505 = CARTESIAN_POINT('',(21.865350318471,1.219232781843,5.10409717727
    ));
#1506 = ORIENTED_EDGE('',*,*,#1462,.F.);
#1507 = SURFACE_OF_LINEAR_EXTRUSION('',#1508,#1512);
#1508 = B_SPLINE_CURVE_WITH_KNOTS('',2,(#1509,#1510,#1511),
  .UNSPECIFIED.,.F.,.F.,(3,3),(0.,1.),.PIECEWISE_BEZIER_KNOTS.);
#1509 = CARTESIAN_POINT('',(22.446242038217,1.578426178935,
    3.751929404866));
#1510 = CARTESIAN_POINT('',(21.945605095541,1.728479347548,
    4.164197097349));
#1511 = CARTESIAN_POINT('',(21.865350318471,1.970986878472,
    4.830481062609));
#1512 = VECTOR('',#1513,1.);
#1513 = DIRECTION('',(-0.,0.939692620786,-0.342020143326));
#1514 = ADVANCED_FACE('',(#1515),#1533,.T.);
#1515 = FACE_BOUND('',#1516,.T.);
#1516 = EDGE_LOOP('',(#1517,#1518,#1526,#1532));
#1517 = ORIENTED_EDGE('',*,*,#753,.T.);
#1518 = ORIENTED_EDGE('',*,*,#1519,.T.);
#1519 = EDGE_CURVE('',#735,#1520,#1522,.T.);
#1520 = VERTEX_POINT('',#1521);
#1521 = CARTESIAN_POINT('',(23.707388535032,0.676618913693,
    3.613277827045));
#1522 = LINE('',#1523,#1524);
#1523 = CARTESIAN_POINT('',(23.707388535032,1.428373010321,
    3.339661712384));
#1524 = VECTOR('',#1525,1.);
#1525 = DIRECTION('',(0.,-0.939692620786,0.342020143326));
#1526 = ORIENTED_EDGE('',*,*,#1527,.T.);
#1527 = EDGE_CURVE('',#1520,#1494,#1528,.T.);
#1528 = B_SPLINE_CURVE_WITH_KNOTS('',2,(#1529,#1530,#1531),
  .UNSPECIFIED.,.F.,.F.,(3,3),(0.,1.),.PIECEWISE_BEZIER_KNOTS.);
#1529 = CARTESIAN_POINT('',(23.707388535032,0.676618913693,
    3.613277827045));
#1530 = CARTESIAN_POINT('',(22.946878980892,0.676618913693,
    3.613277827045));
#1531 = CARTESIAN_POINT('',(22.446242038217,0.826672082306,
    4.025545519527));
#1532 = ORIENTED_EDGE('',*,*,#1493,.F.);
#1533 = SURFACE_OF_LINEAR_EXTRUSION('',#1534,#1538);
#1534 = B_SPLINE_CURVE_WITH_KNOTS('',2,(#1535,#1536,#1537),
  .UNSPECIFIED.,.F.,.F.,(3,3),(0.,1.),.PIECEWISE_BEZIER_KNOTS.);
#1535 = CARTESIAN_POINT('',(23.707388535032,1.428373010321,
    3.339661712384));
#1536 = CARTESIAN_POINT('',(22.946878980892,1.428373010321,
    3.339661712384));
#1537 = CARTESIAN_POINT('',(22.446242038217,1.578426178935,
    3.751929404866));
#1538 = VECTOR('',#1539,1.);
#1539 = DIRECTION('',(-0.,0.939692620786,-0.342020143326));
#1540 = ADVANCED_FACE('',(#1541),#1559,.T.);
#1541 = FACE_BOUND('',#1542,.T.);
#1542 = EDGE_LOOP('',(#1543,#1544,#1552,#1558));
#1543 = ORIENTED_EDGE('',*,*,#734,.T.);
#1544 = ORIENTED_EDGE('',*,*,#1545,.T.);
#1545 = EDGE_CURVE('',#712,#1546,#1548,.T.);
#1546 = VERTEX_POINT('',#1547);
#1547 = CARTESIAN_POINT('',(25.048789808917,0.855253638232,
    4.104072699047));
#1548 = LINE('',#1549,#1550);
#1549 = CARTESIAN_POINT('',(25.048789808917,1.607007734861,
    3.830456584387));
#1550 = VECTOR('',#1551,1.);
#1551 = DIRECTION('',(0.,-0.939692620786,0.342020143326));
#1552 = ORIENTED_EDGE('',*,*,#1553,.T.);
#1553 = EDGE_CURVE('',#1546,#1520,#1554,.T.);
#1554 = B_SPLINE_CURVE_WITH_KNOTS('',2,(#1555,#1556,#1557),
  .UNSPECIFIED.,.F.,.F.,(3,3),(0.,1.),.PIECEWISE_BEZIER_KNOTS.);
#1555 = CARTESIAN_POINT('',(25.048789808917,0.855253638232,
    4.104072699047));
#1556 = CARTESIAN_POINT('',(24.509936305732,0.676618913693,
    3.613277827045));
#1557 = CARTESIAN_POINT('',(23.707388535032,0.676618913693,
    3.613277827045));
#1558 = ORIENTED_EDGE('',*,*,#1519,.F.);
#1559 = SURFACE_OF_LINEAR_EXTRUSION('',#1560,#1564);
#1560 = B_SPLINE_CURVE_WITH_KNOTS('',2,(#1561,#1562,#1563),
  .UNSPECIFIED.,.F.,.F.,(3,3),(0.,1.),.PIECEWISE_BEZIER_KNOTS.);
#1561 = CARTESIAN_POINT('',(25.048789808917,1.607007734861,
    3.830456584387));
#1562 = CARTESIAN_POINT('',(24.509936305732,1.428373010321,
    3.339661712384));
#1563 = CARTESIAN_POINT('',(23.707388535032,1.428373010321,
    3.339661712384));
#1564 = VECTOR('',#1565,1.);
#1565 = DIRECTION('',(-0.,0.939692620786,-0.342020143326));
#1566 = ADVANCED_FACE('',(#1567),#1585,.T.);
#1567 = FACE_BOUND('',#1568,.T.);
#1568 = EDGE_LOOP('',(#1569,#1570,#1578,#1584));
#1569 = ORIENTED_EDGE('',*,*,#711,.T.);
#1570 = ORIENTED_EDGE('',*,*,#1571,.T.);
#1571 = EDGE_CURVE('',#695,#1572,#1574,.T.);
#1572 = VERTEX_POINT('',#1573);
#1573 = CARTESIAN_POINT('',(25.587643312102,1.287375393838,
    5.291317465029));
#1574 = LINE('',#1575,#1576);
#1575 = CARTESIAN_POINT('',(25.587643312102,2.039129490467,
    5.017701350368));
#1576 = VECTOR('',#1577,1.);
#1577 = DIRECTION('',(0.,-0.939692620786,0.342020143326));
#1578 = ORIENTED_EDGE('',*,*,#1579,.T.);
#1579 = EDGE_CURVE('',#1572,#1546,#1580,.T.);
#1580 = B_SPLINE_CURVE_WITH_KNOTS('',2,(#1581,#1582,#1583),
  .UNSPECIFIED.,.F.,.F.,(3,3),(0.,1.),.PIECEWISE_BEZIER_KNOTS.);
#1581 = CARTESIAN_POINT('',(25.587643312102,1.287375393838,
    5.291317465029));
#1582 = CARTESIAN_POINT('',(25.587643312102,1.033888362772,4.59486757105
    ));
#1583 = CARTESIAN_POINT('',(25.048789808917,0.855253638232,
    4.104072699047));
#1584 = ORIENTED_EDGE('',*,*,#1545,.F.);
#1585 = SURFACE_OF_LINEAR_EXTRUSION('',#1586,#1590);
#1586 = B_SPLINE_CURVE_WITH_KNOTS('',2,(#1587,#1588,#1589),
  .UNSPECIFIED.,.F.,.F.,(3,3),(0.,1.),.PIECEWISE_BEZIER_KNOTS.);
#1587 = CARTESIAN_POINT('',(25.587643312102,2.039129490467,
    5.017701350368));
#1588 = CARTESIAN_POINT('',(25.587643312102,1.785642459401,4.32125145639
    ));
#1589 = CARTESIAN_POINT('',(25.048789808917,1.607007734861,
    3.830456584387));
#1590 = VECTOR('',#1591,1.);
#1591 = DIRECTION('',(-0.,0.939692620786,-0.342020143326));
#1592 = ADVANCED_FACE('',(#1593),#1611,.T.);
#1593 = FACE_BOUND('',#1594,.T.);
#1594 = EDGE_LOOP('',(#1595,#1596,#1604,#1610));
#1595 = ORIENTED_EDGE('',*,*,#694,.T.);
#1596 = ORIENTED_EDGE('',*,*,#1597,.T.);
#1597 = EDGE_CURVE('',#680,#1598,#1600,.T.);
#1598 = VERTEX_POINT('',#1599);
#1599 = CARTESIAN_POINT('',(25.29898089172,1.585477536594,6.110346370942
    ));
#1600 = LINE('',#1601,#1602);
#1601 = CARTESIAN_POINT('',(25.29898089172,2.337231633223,5.836730256281
    ));
#1602 = VECTOR('',#1603,1.);
#1603 = DIRECTION('',(0.,-0.939692620786,0.342020143326));
#1604 = ORIENTED_EDGE('',*,*,#1605,.T.);
#1605 = EDGE_CURVE('',#1598,#1572,#1606,.T.);
#1606 = B_SPLINE_CURVE_WITH_KNOTS('',2,(#1607,#1608,#1609),
  .UNSPECIFIED.,.F.,.F.,(3,3),(0.,1.),.PIECEWISE_BEZIER_KNOTS.);
#1607 = CARTESIAN_POINT('',(25.29898089172,1.585477536594,6.110346370942
    ));
#1608 = CARTESIAN_POINT('',(25.587643312102,1.462001729437,
    5.771099378928));
#1609 = CARTESIAN_POINT('',(25.587643312102,1.287375393838,
    5.291317465029));
#1610 = ORIENTED_EDGE('',*,*,#1571,.F.);
#1611 = SURFACE_OF_LINEAR_EXTRUSION('',#1612,#1616);
#1612 = B_SPLINE_CURVE_WITH_KNOTS('',2,(#1613,#1614,#1615),
  .UNSPECIFIED.,.F.,.F.,(3,3),(0.,1.),.PIECEWISE_BEZIER_KNOTS.);
#1613 = CARTESIAN_POINT('',(25.29898089172,2.337231633223,5.836730256281
    ));
#1614 = CARTESIAN_POINT('',(25.587643312102,2.213755826065,
    5.497483264268));
#1615 = CARTESIAN_POINT('',(25.587643312102,2.039129490467,
    5.017701350368));
#1616 = VECTOR('',#1617,1.);
#1617 = DIRECTION('',(-0.,0.939692620786,-0.342020143326));
#1618 = ADVANCED_FACE('',(#1619),#1637,.T.);
#1619 = FACE_BOUND('',#1620,.T.);
#1620 = EDGE_LOOP('',(#1621,#1622,#1630,#1636));
#1621 = ORIENTED_EDGE('',*,*,#679,.T.);
#1622 = ORIENTED_EDGE('',*,*,#1623,.T.);
#1623 = EDGE_CURVE('',#657,#1624,#1626,.T.);
#1624 = VERTEX_POINT('',#1625);
#1625 = CARTESIAN_POINT('',(24.529044585987,1.744418871989,
    6.547034100958));
#1626 = LINE('',#1627,#1628);
#1627 = CARTESIAN_POINT('',(24.529044585987,2.496172968618,
    6.273417986298));
#1628 = VECTOR('',#1629,1.);
#1629 = DIRECTION('',(0.,-0.939692620786,0.342020143326));
#1630 = ORIENTED_EDGE('',*,*,#1631,.T.);
#1631 = EDGE_CURVE('',#1624,#1598,#1632,.T.);
#1632 = B_SPLINE_CURVE_WITH_KNOTS('',2,(#1633,#1634,#1635),
  .UNSPECIFIED.,.F.,.F.,(3,3),(0.,1.),.PIECEWISE_BEZIER_KNOTS.);
#1633 = CARTESIAN_POINT('',(24.529044585987,1.744418871989,
    6.547034100958));
#1634 = CARTESIAN_POINT('',(25.010573248408,1.708953343751,
    6.449593362956));
#1635 = CARTESIAN_POINT('',(25.29898089172,1.585477536594,6.110346370942
    ));
#1636 = ORIENTED_EDGE('',*,*,#1597,.F.);
#1637 = SURFACE_OF_LINEAR_EXTRUSION('',#1638,#1642);
#1638 = B_SPLINE_CURVE_WITH_KNOTS('',2,(#1639,#1640,#1641),
  .UNSPECIFIED.,.F.,.F.,(3,3),(0.,1.),.PIECEWISE_BEZIER_KNOTS.);
#1639 = CARTESIAN_POINT('',(24.529044585987,2.496172968618,
    6.273417986298));
#1640 = CARTESIAN_POINT('',(25.010573248408,2.46070744038,6.175977248295
    ));
#1641 = CARTESIAN_POINT('',(25.29898089172,2.337231633223,5.836730256281
    ));
#1642 = VECTOR('',#1643,1.);
#1643 = DIRECTION('',(-0.,0.939692620786,-0.342020143326));
#1644 = ADVANCED_FACE('',(#1645),#1663,.T.);
#1645 = FACE_BOUND('',#1646,.T.);
#1646 = EDGE_LOOP('',(#1647,#1648,#1656,#1662));
#1647 = ORIENTED_EDGE('',*,*,#656,.T.);
#1648 = ORIENTED_EDGE('',*,*,#1649,.T.);
#1649 = EDGE_CURVE('',#640,#1650,#1652,.T.);
#1650 = VERTEX_POINT('',#1651);
#1651 = CARTESIAN_POINT('',(25.335414012739,2.147523377218,
    7.654554626756));
#1652 = LINE('',#1653,#1654);
#1653 = CARTESIAN_POINT('',(25.335414012739,2.899277473847,
    7.380938512095));
#1654 = VECTOR('',#1655,1.);
#1655 = DIRECTION('',(0.,-0.939692620786,0.342020143326));
#1656 = ORIENTED_EDGE('',*,*,#1657,.T.);
#1657 = EDGE_CURVE('',#1650,#1624,#1658,.T.);
#1658 = B_SPLINE_CURVE_WITH_KNOTS('',2,(#1659,#1660,#1661),
  .UNSPECIFIED.,.F.,.F.,(3,3),(0.,1.),.PIECEWISE_BEZIER_KNOTS.);
#1659 = CARTESIAN_POINT('',(25.335414012739,2.147523377218,
    7.654554626756));
#1660 = CARTESIAN_POINT('',(25.335414012739,1.894907735052,
    6.960498854104));
#1661 = CARTESIAN_POINT('',(24.529044585987,1.744418871989,
    6.547034100958));
#1662 = ORIENTED_EDGE('',*,*,#1623,.F.);
#1663 = SURFACE_OF_LINEAR_EXTRUSION('',#1664,#1668);
#1664 = B_SPLINE_CURVE_WITH_KNOTS('',2,(#1665,#1666,#1667),
  .UNSPECIFIED.,.F.,.F.,(3,3),(0.,1.),.PIECEWISE_BEZIER_KNOTS.);
#1665 = CARTESIAN_POINT('',(25.335414012739,2.899277473847,
    7.380938512095));
#1666 = CARTESIAN_POINT('',(25.335414012739,2.646661831681,
    6.686882739443));
#1667 = CARTESIAN_POINT('',(24.529044585987,2.496172968618,
    6.273417986298));
#1668 = VECTOR('',#1669,1.);
#1669 = DIRECTION('',(-0.,0.939692620786,-0.342020143326));
#1670 = ADVANCED_FACE('',(#1671),#1689,.T.);
#1671 = FACE_BOUND('',#1672,.T.);
#1672 = EDGE_LOOP('',(#1673,#1674,#1682,#1688));
#1673 = ORIENTED_EDGE('',*,*,#639,.T.);
#1674 = ORIENTED_EDGE('',*,*,#1675,.T.);
#1675 = EDGE_CURVE('',#617,#1676,#1678,.T.);
#1676 = VERTEX_POINT('',#1677);
#1677 = CARTESIAN_POINT('',(24.94178343949,2.466887409139,8.532000093044
    ));
#1678 = LINE('',#1679,#1680);
#1679 = CARTESIAN_POINT('',(24.94178343949,3.218641505768,8.258383978383
    ));
#1680 = VECTOR('',#1681,1.);
#1681 = DIRECTION('',(0.,-0.939692620786,0.342020143326));
#1682 = ORIENTED_EDGE('',*,*,#1683,.T.);
#1683 = EDGE_CURVE('',#1676,#1650,#1684,.T.);
#1684 = B_SPLINE_CURVE_WITH_KNOTS('',2,(#1685,#1686,#1687),
  .UNSPECIFIED.,.F.,.F.,(3,3),(0.,1.),.PIECEWISE_BEZIER_KNOTS.);
#1685 = CARTESIAN_POINT('',(24.94178343949,2.466887409139,8.532000093044
    ));
#1686 = CARTESIAN_POINT('',(25.335414012739,2.325548129528,8.14367361383
    ));
#1687 = CARTESIAN_POINT('',(25.335414012739,2.147523377218,
    7.654554626756));
#1688 = ORIENTED_EDGE('',*,*,#1649,.F.);
#1689 = SURFACE_OF_LINEAR_EXTRUSION('',#1690,#1694);
#1690 = B_SPLINE_CURVE_WITH_KNOTS('',2,(#1691,#1692,#1693),
  .UNSPECIFIED.,.F.,.F.,(3,3),(0.,1.),.PIECEWISE_BEZIER_KNOTS.);
#1691 = CARTESIAN_POINT('',(24.94178343949,3.218641505768,8.258383978383
    ));
#1692 = CARTESIAN_POINT('',(25.335414012739,3.077302226156,
    7.870057499169));
#1693 = CARTESIAN_POINT('',(25.335414012739,2.899277473847,
    7.380938512095));
#1694 = VECTOR('',#1695,1.);
#1695 = DIRECTION('',(-0.,0.939692620786,-0.342020143326));
#1696 = ADVANCED_FACE('',(#1697),#1715,.T.);
#1697 = FACE_BOUND('',#1698,.T.);
#1698 = EDGE_LOOP('',(#1699,#1700,#1708,#1714));
#1699 = ORIENTED_EDGE('',*,*,#616,.T.);
#1700 = ORIENTED_EDGE('',*,*,#1701,.T.);
#1701 = EDGE_CURVE('',#602,#1702,#1704,.T.);
#1702 = VERTEX_POINT('',#1703);
#1703 = CARTESIAN_POINT('',(23.672993630573,2.639683828047,
    9.006754352157));
#1704 = LINE('',#1705,#1706);
#1705 = CARTESIAN_POINT('',(23.672993630573,3.391437924676,
    8.733138237496));
#1706 = VECTOR('',#1707,1.);
#1707 = DIRECTION('',(0.,-0.939692620786,0.342020143326));
#1708 = ORIENTED_EDGE('',*,*,#1709,.T.);
#1709 = EDGE_CURVE('',#1702,#1676,#1710,.T.);
#1710 = B_SPLINE_CURVE_WITH_KNOTS('',2,(#1711,#1712,#1713),
  .UNSPECIFIED.,.F.,.F.,(3,3),(0.,1.),.PIECEWISE_BEZIER_KNOTS.);
#1711 = CARTESIAN_POINT('',(23.672993630573,2.639683828047,
    9.006754352157));
#1712 = CARTESIAN_POINT('',(24.464076433121,2.639683828047,
    9.006754352157));
#1713 = CARTESIAN_POINT('',(24.94178343949,2.466887409139,8.532000093044
    ));
#1714 = ORIENTED_EDGE('',*,*,#1675,.F.);
#1715 = SURFACE_OF_LINEAR_EXTRUSION('',#1716,#1720);
#1716 = B_SPLINE_CURVE_WITH_KNOTS('',2,(#1717,#1718,#1719),
  .UNSPECIFIED.,.F.,.F.,(3,3),(0.,1.),.PIECEWISE_BEZIER_KNOTS.);
#1717 = CARTESIAN_POINT('',(23.672993630573,3.391437924676,
    8.733138237496));
#1718 = CARTESIAN_POINT('',(24.464076433121,3.391437924676,
    8.733138237496));
#1719 = CARTESIAN_POINT('',(24.94178343949,3.218641505768,8.258383978383
    ));
#1720 = VECTOR('',#1721,1.);
#1721 = DIRECTION('',(-0.,0.939692620786,-0.342020143326));
#1722 = ADVANCED_FACE('',(#1723),#1741,.T.);
#1723 = FACE_BOUND('',#1724,.T.);
#1724 = EDGE_LOOP('',(#1725,#1726,#1734,#1740));
#1725 = ORIENTED_EDGE('',*,*,#601,.T.);
#1726 = ORIENTED_EDGE('',*,*,#1727,.T.);
#1727 = EDGE_CURVE('',#587,#1728,#1730,.T.);
#1728 = VERTEX_POINT('',#1729);
#1729 = CARTESIAN_POINT('',(22.837834394904,2.579557993934,
    8.841559980605));
#1730 = LINE('',#1731,#1732);
#1731 = CARTESIAN_POINT('',(22.837834394904,3.331312090562,
    8.567943865944));
#1732 = VECTOR('',#1733,1.);
#1733 = DIRECTION('',(0.,-0.939692620786,0.342020143326));
#1734 = ORIENTED_EDGE('',*,*,#1735,.T.);
#1735 = EDGE_CURVE('',#1728,#1702,#1736,.T.);
#1736 = B_SPLINE_CURVE_WITH_KNOTS('',2,(#1737,#1738,#1739),
  .UNSPECIFIED.,.F.,.F.,(3,3),(0.,1.),.PIECEWISE_BEZIER_KNOTS.);
#1737 = CARTESIAN_POINT('',(22.837834394904,2.579557993934,
    8.841559980605));
#1738 = CARTESIAN_POINT('',(23.210573248408,2.639683828047,
    9.006754352157));
#1739 = CARTESIAN_POINT('',(23.672993630573,2.639683828047,
    9.006754352157));
#1740 = ORIENTED_EDGE('',*,*,#1701,.F.);
#1741 = SURFACE_OF_LINEAR_EXTRUSION('',#1742,#1746);
#1742 = B_SPLINE_CURVE_WITH_KNOTS('',2,(#1743,#1744,#1745),
  .UNSPECIFIED.,.F.,.F.,(3,3),(0.,1.),.PIECEWISE_BEZIER_KNOTS.);
#1743 = CARTESIAN_POINT('',(22.837834394904,3.331312090562,
    8.567943865944));
#1744 = CARTESIAN_POINT('',(23.210573248408,3.391437924676,
    8.733138237496));
#1745 = CARTESIAN_POINT('',(23.672993630573,3.391437924676,
    8.733138237496));
#1746 = VECTOR('',#1747,1.);
#1747 = DIRECTION('',(-0.,0.939692620786,-0.342020143326));
#1748 = ADVANCED_FACE('',(#1749),#1767,.T.);
#1749 = FACE_BOUND('',#1750,.T.);
#1750 = EDGE_LOOP('',(#1751,#1752,#1760,#1766));
#1751 = ORIENTED_EDGE('',*,*,#586,.T.);
#1752 = ORIENTED_EDGE('',*,*,#1753,.T.);
#1753 = EDGE_CURVE('',#575,#1754,#1756,.T.);
#1754 = VERTEX_POINT('',#1755);
#1755 = CARTESIAN_POINT('',(22.256942675159,2.414516936237,8.3881134013)
  );
#1756 = LINE('',#1757,#1758);
#1757 = CARTESIAN_POINT('',(22.256942675159,3.166271032866,8.11449728664
    ));
#1758 = VECTOR('',#1759,1.);
#1759 = DIRECTION('',(0.,-0.939692620786,0.342020143326));
#1760 = ORIENTED_EDGE('',*,*,#1761,.T.);
#1761 = EDGE_CURVE('',#1754,#1728,#1762,.T.);
#1762 = B_SPLINE_CURVE_WITH_KNOTS('',2,(#1763,#1764,#1765),
  .UNSPECIFIED.,.F.,.F.,(3,3),(0.,1.),.PIECEWISE_BEZIER_KNOTS.);
#1763 = CARTESIAN_POINT('',(22.256942675159,2.414516936237,8.3881134013)
  );
#1764 = CARTESIAN_POINT('',(22.465350318471,2.51951929871,8.676605021185
    ));
#1765 = CARTESIAN_POINT('',(22.837834394904,2.579557993934,
    8.841559980605));
#1766 = ORIENTED_EDGE('',*,*,#1727,.F.);
#1767 = SURFACE_OF_LINEAR_EXTRUSION('',#1768,#1772);
#1768 = B_SPLINE_CURVE_WITH_KNOTS('',2,(#1769,#1770,#1771),
  .UNSPECIFIED.,.F.,.F.,(3,3),(0.,1.),.PIECEWISE_BEZIER_KNOTS.);
#1769 = CARTESIAN_POINT('',(22.256942675159,3.166271032866,8.11449728664
    ));
#1770 = CARTESIAN_POINT('',(22.465350318471,3.271273395339,
    8.402988906525));
#1771 = CARTESIAN_POINT('',(22.837834394904,3.331312090562,
    8.567943865944));
#1772 = VECTOR('',#1773,1.);
#1773 = DIRECTION('',(-0.,0.939692620786,-0.342020143326));
#1774 = ADVANCED_FACE('',(#1775),#1793,.T.);
#1775 = FACE_BOUND('',#1776,.T.);
#1776 = EDGE_LOOP('',(#1777,#1778,#1786,#1792));
#1777 = ORIENTED_EDGE('',*,*,#574,.T.);
#1778 = ORIENTED_EDGE('',*,*,#1779,.T.);
#1779 = EDGE_CURVE('',#567,#1780,#1782,.T.);
#1780 = VERTEX_POINT('',#1781);
#1781 = CARTESIAN_POINT('',(21.945605095541,2.134016849265,7.61744574619
    ));
#1782 = LINE('',#1783,#1784);
#1783 = CARTESIAN_POINT('',(21.945605095541,2.885770945894,
    7.343829631529));
#1784 = VECTOR('',#1785,1.);
#1785 = DIRECTION('',(0.,-0.939692620786,0.342020143326));
#1786 = ORIENTED_EDGE('',*,*,#1787,.T.);
#1787 = EDGE_CURVE('',#1780,#1754,#1788,.T.);
#1788 = B_SPLINE_CURVE_WITH_KNOTS('',2,(#1789,#1790,#1791),
  .UNSPECIFIED.,.F.,.F.,(3,3),(0.,1.),.PIECEWISE_BEZIER_KNOTS.);
#1789 = CARTESIAN_POINT('',(21.945605095541,2.134016849265,7.61744574619
    ));
#1790 = CARTESIAN_POINT('',(22.048789808917,2.309601712654,
    8.099861193549));
#1791 = CARTESIAN_POINT('',(22.256942675159,2.414516936237,8.3881134013)
  );
#1792 = ORIENTED_EDGE('',*,*,#1753,.F.);
#1793 = SURFACE_OF_LINEAR_EXTRUSION('',#1794,#1798);
#1794 = B_SPLINE_CURVE_WITH_KNOTS('',2,(#1795,#1796,#1797),
  .UNSPECIFIED.,.F.,.F.,(3,3),(0.,1.),.PIECEWISE_BEZIER_KNOTS.);
#1795 = CARTESIAN_POINT('',(21.945605095541,2.885770945894,
    7.343829631529));
#1796 = CARTESIAN_POINT('',(22.048789808917,3.061355809283,
    7.826245078888));
#1797 = CARTESIAN_POINT('',(22.256942675159,3.166271032866,8.11449728664
    ));
#1798 = VECTOR('',#1799,1.);
#1799 = DIRECTION('',(-0.,0.939692620786,-0.342020143326));
#1800 = ADVANCED_FACE('',(#1801),#1819,.T.);
#1801 = FACE_BOUND('',#1802,.T.);
#1802 = EDGE_LOOP('',(#1803,#1804,#1812,#1818));
#1803 = ORIENTED_EDGE('',*,*,#566,.T.);
#1804 = ORIENTED_EDGE('',*,*,#1805,.T.);
#1805 = EDGE_CURVE('',#552,#1806,#1808,.T.);
#1806 = VERTEX_POINT('',#1807);
#1807 = CARTESIAN_POINT('',(22.935414012739,2.076418042962,
    7.459194326485));
#1808 = LINE('',#1809,#1810);
#1809 = CARTESIAN_POINT('',(22.935414012739,2.828172139591,
    7.185578211825));
#1810 = VECTOR('',#1811,1.);
#1811 = DIRECTION('',(0.,-0.939692620786,0.342020143326));
#1812 = ORIENTED_EDGE('',*,*,#1813,.T.);
#1813 = EDGE_CURVE('',#1806,#1780,#1814,.T.);
#1814 = LINE('',#1815,#1816);
#1815 = CARTESIAN_POINT('',(22.935414012739,2.076418042962,
    7.459194326485));
#1816 = VECTOR('',#1817,1.);
#1817 = DIRECTION('',(-0.985832777796,5.736742741817E-02,0.157615711444)
  );
#1818 = ORIENTED_EDGE('',*,*,#1779,.F.);
#1819 = PLANE('',#1820);
#1820 = AXIS2_PLACEMENT_3D('',#1821,#1822,#1823);
#1821 = CARTESIAN_POINT('',(22.935414012739,2.828172139591,
    7.185578211825));
#1822 = DIRECTION('',(-0.167731136711,-0.337174667957,-0.926379786624));
#1823 = DIRECTION('',(-0.985832777796,5.736742741817E-02,0.157615711444)
  );
#1824 = ADVANCED_FACE('',(#1825),#1843,.T.);
#1825 = FACE_BOUND('',#1826,.T.);
#1826 = EDGE_LOOP('',(#1827,#1828,#1836,#1842));
#1827 = ORIENTED_EDGE('',*,*,#551,.T.);
#1828 = ORIENTED_EDGE('',*,*,#1829,.T.);
#1829 = EDGE_CURVE('',#537,#1830,#1832,.T.);
#1830 = VERTEX_POINT('',#1831);
#1831 = CARTESIAN_POINT('',(23.172356687898,2.267513628775,
    7.984225133462));
#1832 = LINE('',#1833,#1834);
#1833 = CARTESIAN_POINT('',(23.172356687898,3.019267725403,
    7.710609018801));
#1834 = VECTOR('',#1835,1.);
#1835 = DIRECTION('',(0.,-0.939692620786,0.342020143326));
#1836 = ORIENTED_EDGE('',*,*,#1837,.T.);
#1837 = EDGE_CURVE('',#1830,#1806,#1838,.T.);
#1838 = B_SPLINE_CURVE_WITH_KNOTS('',2,(#1839,#1840,#1841),
  .UNSPECIFIED.,.F.,.F.,(3,3),(0.,1.),.PIECEWISE_BEZIER_KNOTS.);
#1839 = CARTESIAN_POINT('',(23.172356687898,2.267513628775,
    7.984225133462));
#1840 = CARTESIAN_POINT('',(22.977452229299,2.20207232237,7.804426621816
    ));
#1841 = CARTESIAN_POINT('',(22.935414012739,2.076418042962,
    7.459194326485));
#1842 = ORIENTED_EDGE('',*,*,#1805,.F.);
#1843 = SURFACE_OF_LINEAR_EXTRUSION('',#1844,#1848);
#1844 = B_SPLINE_CURVE_WITH_KNOTS('',2,(#1845,#1846,#1847),
  .UNSPECIFIED.,.F.,.F.,(3,3),(0.,1.),.PIECEWISE_BEZIER_KNOTS.);
#1845 = CARTESIAN_POINT('',(23.172356687898,3.019267725403,
    7.710609018801));
#1846 = CARTESIAN_POINT('',(22.977452229299,2.953826418999,
    7.530810507156));
#1847 = CARTESIAN_POINT('',(22.935414012739,2.828172139591,
    7.185578211825));
#1848 = VECTOR('',#1849,1.);
#1849 = DIRECTION('',(-0.,0.939692620786,-0.342020143326));
#1850 = ADVANCED_FACE('',(#1851),#1869,.T.);
#1851 = FACE_BOUND('',#1852,.T.);
#1852 = EDGE_LOOP('',(#1853,#1854,#1862,#1868));
#1853 = ORIENTED_EDGE('',*,*,#536,.T.);
#1854 = ORIENTED_EDGE('',*,*,#1855,.T.);
#1855 = EDGE_CURVE('',#522,#1856,#1858,.T.);
#1856 = VERTEX_POINT('',#1857);
#1857 = CARTESIAN_POINT('',(23.642420382166,2.332954935179,
    8.164023645108));
#1858 = LINE('',#1859,#1860);
#1859 = CARTESIAN_POINT('',(23.642420382166,3.084709031808,
    7.890407530447));
#1860 = VECTOR('',#1861,1.);
#1861 = DIRECTION('',(0.,-0.939692620786,0.342020143326));
#1862 = ORIENTED_EDGE('',*,*,#1863,.T.);
#1863 = EDGE_CURVE('',#1856,#1830,#1864,.T.);
#1864 = B_SPLINE_CURVE_WITH_KNOTS('',2,(#1865,#1866,#1867),
  .UNSPECIFIED.,.F.,.F.,(3,3),(0.,1.),.PIECEWISE_BEZIER_KNOTS.);
#1865 = CARTESIAN_POINT('',(23.642420382166,2.332954935179,
    8.164023645108));
#1866 = CARTESIAN_POINT('',(23.367261146497,2.332954935179,
    8.164023645108));
#1867 = CARTESIAN_POINT('',(23.172356687898,2.267513628775,
    7.984225133462));
#1868 = ORIENTED_EDGE('',*,*,#1829,.F.);
#1869 = SURFACE_OF_LINEAR_EXTRUSION('',#1870,#1874);
#1870 = B_SPLINE_CURVE_WITH_KNOTS('',2,(#1871,#1872,#1873),
  .UNSPECIFIED.,.F.,.F.,(3,3),(0.,1.),.PIECEWISE_BEZIER_KNOTS.);
#1871 = CARTESIAN_POINT('',(23.642420382166,3.084709031808,
    7.890407530447));
#1872 = CARTESIAN_POINT('',(23.367261146497,3.084709031808,
    7.890407530447));
#1873 = CARTESIAN_POINT('',(23.172356687898,3.019267725403,
    7.710609018801));
#1874 = VECTOR('',#1875,1.);
#1875 = DIRECTION('',(-0.,0.939692620786,-0.342020143326));
#1876 = ADVANCED_FACE('',(#1877),#1895,.T.);
#1877 = FACE_BOUND('',#1878,.T.);
#1878 = EDGE_LOOP('',(#1879,#1880,#1888,#1894));
#1879 = ORIENTED_EDGE('',*,*,#521,.T.);
#1880 = ORIENTED_EDGE('',*,*,#1881,.T.);
#1881 = EDGE_CURVE('',#507,#1882,#1884,.T.);
#1882 = VERTEX_POINT('',#1883);
#1883 = CARTESIAN_POINT('',(24.089554140127,2.275617545547,
    8.006490461802));
#1884 = LINE('',#1885,#1886);
#1885 = CARTESIAN_POINT('',(24.089554140127,3.027371642175,
    7.732874347141));
#1886 = VECTOR('',#1887,1.);
#1887 = DIRECTION('',(0.,-0.939692620786,0.342020143326));
#1888 = ORIENTED_EDGE('',*,*,#1889,.T.);
#1889 = EDGE_CURVE('',#1882,#1856,#1890,.T.);
#1890 = B_SPLINE_CURVE_WITH_KNOTS('',2,(#1891,#1892,#1893),
  .UNSPECIFIED.,.F.,.F.,(3,3),(0.,1.),.PIECEWISE_BEZIER_KNOTS.);
#1891 = CARTESIAN_POINT('',(24.089554140127,2.275617545547,
    8.006490461802));
#1892 = CARTESIAN_POINT('',(23.921401273885,2.332954935179,
    8.164023645108));
#1893 = CARTESIAN_POINT('',(23.642420382166,2.332954935179,
    8.164023645108));
#1894 = ORIENTED_EDGE('',*,*,#1855,.F.);
#1895 = SURFACE_OF_LINEAR_EXTRUSION('',#1896,#1900);
#1896 = B_SPLINE_CURVE_WITH_KNOTS('',2,(#1897,#1898,#1899),
  .UNSPECIFIED.,.F.,.F.,(3,3),(0.,1.),.PIECEWISE_BEZIER_KNOTS.);
#1897 = CARTESIAN_POINT('',(24.089554140127,3.027371642175,
    7.732874347141));
#1898 = CARTESIAN_POINT('',(23.921401273885,3.084709031808,
    7.890407530447));
#1899 = CARTESIAN_POINT('',(23.642420382166,3.084709031808,
    7.890407530447));
#1900 = VECTOR('',#1901,1.);
#1901 = DIRECTION('',(-0.,0.939692620786,-0.342020143326));
#1902 = ADVANCED_FACE('',(#1903),#1921,.T.);
#1903 = FACE_BOUND('',#1904,.T.);
#1904 = EDGE_LOOP('',(#1905,#1906,#1914,#1920));
#1905 = ORIENTED_EDGE('',*,*,#506,.T.);
#1906 = ORIENTED_EDGE('',*,*,#1907,.T.);
#1907 = EDGE_CURVE('',#492,#1908,#1910,.T.);
#1908 = VERTEX_POINT('',#1909);
#1909 = CARTESIAN_POINT('',(24.257707006369,2.121904543553,
    7.584167459747));
#1910 = LINE('',#1911,#1912);
#1911 = CARTESIAN_POINT('',(24.257707006369,2.873658640181,
    7.310551345086));
#1912 = VECTOR('',#1913,1.);
#1913 = DIRECTION('',(0.,-0.939692620786,0.342020143326));
#1914 = ORIENTED_EDGE('',*,*,#1915,.T.);
#1915 = EDGE_CURVE('',#1908,#1882,#1916,.T.);
#1916 = B_SPLINE_CURVE_WITH_KNOTS('',2,(#1917,#1918,#1919),
  .UNSPECIFIED.,.F.,.F.,(3,3),(0.,1.),.PIECEWISE_BEZIER_KNOTS.);
#1917 = CARTESIAN_POINT('',(24.257707006369,2.121904543553,
    7.584167459747));
#1918 = CARTESIAN_POINT('',(24.257707006369,2.218280155914,
    7.848957278495));
#1919 = CARTESIAN_POINT('',(24.089554140127,2.275617545547,
    8.006490461802));
#1920 = ORIENTED_EDGE('',*,*,#1881,.F.);
#1921 = SURFACE_OF_LINEAR_EXTRUSION('',#1922,#1926);
#1922 = B_SPLINE_CURVE_WITH_KNOTS('',2,(#1923,#1924,#1925),
  .UNSPECIFIED.,.F.,.F.,(3,3),(0.,1.),.PIECEWISE_BEZIER_KNOTS.);
#1923 = CARTESIAN_POINT('',(24.257707006369,2.873658640181,
    7.310551345086));
#1924 = CARTESIAN_POINT('',(24.257707006369,2.970034252543,
    7.575341163835));
#1925 = CARTESIAN_POINT('',(24.089554140127,3.027371642175,
    7.732874347141));
#1926 = VECTOR('',#1927,1.);
#1927 = DIRECTION('',(-0.,0.939692620786,-0.342020143326));
#1928 = ADVANCED_FACE('',(#1929),#1947,.T.);
#1929 = FACE_BOUND('',#1930,.T.);
#1930 = EDGE_LOOP('',(#1931,#1932,#1940,#1946));
#1931 = ORIENTED_EDGE('',*,*,#491,.T.);
#1932 = ORIENTED_EDGE('',*,*,#1933,.T.);
#1933 = EDGE_CURVE('',#477,#1934,#1936,.T.);
#1934 = VERTEX_POINT('',#1935);
#1935 = CARTESIAN_POINT('',(24.028407643312,1.940132818972,
    7.084753750967));
#1936 = LINE('',#1937,#1938);
#1937 = CARTESIAN_POINT('',(24.028407643312,2.691886915601,
    6.811137636307));
#1938 = VECTOR('',#1939,1.);
#1939 = DIRECTION('',(0.,-0.939692620786,0.342020143326));
#1940 = ORIENTED_EDGE('',*,*,#1941,.T.);
#1941 = EDGE_CURVE('',#1934,#1908,#1942,.T.);
#1942 = B_SPLINE_CURVE_WITH_KNOTS('',2,(#1943,#1944,#1945),
  .UNSPECIFIED.,.F.,.F.,(3,3),(0.,1.),.PIECEWISE_BEZIER_KNOTS.);
#1943 = CARTESIAN_POINT('',(24.028407643312,1.940132818972,
    7.084753750967));
#1944 = CARTESIAN_POINT('',(24.257707006369,2.008536847637,
    7.272692275124));
#1945 = CARTESIAN_POINT('',(24.257707006369,2.121904543553,
    7.584167459747));
#1946 = ORIENTED_EDGE('',*,*,#1907,.F.);
#1947 = SURFACE_OF_LINEAR_EXTRUSION('',#1948,#1952);
#1948 = B_SPLINE_CURVE_WITH_KNOTS('',2,(#1949,#1950,#1951),
  .UNSPECIFIED.,.F.,.F.,(3,3),(0.,1.),.PIECEWISE_BEZIER_KNOTS.);
#1949 = CARTESIAN_POINT('',(24.028407643312,2.691886915601,
    6.811137636307));
#1950 = CARTESIAN_POINT('',(24.257707006369,2.760290944266,
    6.999076160464));
#1951 = CARTESIAN_POINT('',(24.257707006369,2.873658640181,
    7.310551345086));
#1952 = VECTOR('',#1953,1.);
#1953 = DIRECTION('',(-0.,0.939692620786,-0.342020143326));
#1954 = ADVANCED_FACE('',(#1955),#1973,.T.);
#1955 = FACE_BOUND('',#1956,.T.);
#1956 = EDGE_LOOP('',(#1957,#1958,#1966,#1972));
#1957 = ORIENTED_EDGE('',*,*,#476,.T.);
#1958 = ORIENTED_EDGE('',*,*,#1959,.T.);
#1959 = EDGE_CURVE('',#469,#1960,#1962,.T.);
#1960 = VERTEX_POINT('',#1961);
#1961 = CARTESIAN_POINT('',(23.363439490446,1.875650040358,
    6.907588772781));
#1962 = LINE('',#1963,#1964);
#1963 = CARTESIAN_POINT('',(23.363439490446,2.627404136987,6.63397265812
    ));
#1964 = VECTOR('',#1965,1.);
#1965 = DIRECTION('',(0.,-0.939692620786,0.342020143326));
#1966 = ORIENTED_EDGE('',*,*,#1967,.T.);
#1967 = EDGE_CURVE('',#1960,#1934,#1968,.T.);
#1968 = B_SPLINE_CURVE_WITH_KNOTS('',2,(#1969,#1970,#1971),
  .UNSPECIFIED.,.F.,.F.,(3,3),(0.,1.),.PIECEWISE_BEZIER_KNOTS.);
#1969 = CARTESIAN_POINT('',(23.363439490446,1.875650040358,
    6.907588772781));
#1970 = CARTESIAN_POINT('',(23.799108280255,1.871728790307,6.89681522681
    ));
#1971 = CARTESIAN_POINT('',(24.028407643312,1.940132818972,
    7.084753750967));
#1972 = ORIENTED_EDGE('',*,*,#1933,.F.);
#1973 = SURFACE_OF_LINEAR_EXTRUSION('',#1974,#1978);
#1974 = B_SPLINE_CURVE_WITH_KNOTS('',2,(#1975,#1976,#1977),
  .UNSPECIFIED.,.F.,.F.,(3,3),(0.,1.),.PIECEWISE_BEZIER_KNOTS.);
#1975 = CARTESIAN_POINT('',(23.363439490446,2.627404136987,6.63397265812
    ));
#1976 = CARTESIAN_POINT('',(23.799108280255,2.623482886936,
    6.623199112149));
#1977 = CARTESIAN_POINT('',(24.028407643312,2.691886915601,
    6.811137636307));
#1978 = VECTOR('',#1979,1.);
#1979 = DIRECTION('',(-0.,0.939692620786,-0.342020143326));
#1980 = ADVANCED_FACE('',(#1981),#1999,.T.);
#1981 = FACE_BOUND('',#1982,.T.);
#1982 = EDGE_LOOP('',(#1983,#1984,#1992,#1998));
#1983 = ORIENTED_EDGE('',*,*,#468,.T.);
#1984 = ORIENTED_EDGE('',*,*,#1985,.T.);
#1985 = EDGE_CURVE('',#458,#1986,#1988,.T.);
#1986 = VERTEX_POINT('',#1987);
#1987 = CARTESIAN_POINT('',(23.244968152866,1.580510619863,
    6.096699879379));
#1988 = LINE('',#1989,#1990);
#1989 = CARTESIAN_POINT('',(23.244968152866,2.332264716491,
    5.823083764718));
#1990 = VECTOR('',#1991,1.);
#1991 = DIRECTION('',(0.,-0.939692620786,0.342020143326));
#1992 = ORIENTED_EDGE('',*,*,#1993,.T.);
#1993 = EDGE_CURVE('',#1986,#1960,#1994,.T.);
#1994 = LINE('',#1995,#1996);
#1995 = CARTESIAN_POINT('',(23.244968152866,1.580510619863,
    6.096699879379));
#1996 = VECTOR('',#1997,1.);
#1997 = DIRECTION('',(0.136013796445,0.338841730685,0.930960003826));
#1998 = ORIENTED_EDGE('',*,*,#1959,.F.);
#1999 = PLANE('',#2000);
#2000 = AXIS2_PLACEMENT_3D('',#2001,#2002,#2003);
#2001 = CARTESIAN_POINT('',(23.244968152866,2.332264716491,
    5.823083764718));
#2002 = DIRECTION('',(-0.990706943135,4.651945815426E-02,0.127811160844)
  );
#2003 = DIRECTION('',(0.136013796445,0.338841730685,0.930960003826));
#2004 = ADVANCED_FACE('',(#2005),#2023,.T.);
#2005 = FACE_BOUND('',#2006,.T.);
#2006 = EDGE_LOOP('',(#2007,#2008,#2016,#2022));
#2007 = ORIENTED_EDGE('',*,*,#457,.T.);
#2008 = ORIENTED_EDGE('',*,*,#2009,.T.);
#2009 = EDGE_CURVE('',#443,#2010,#2012,.T.);
#2010 = VERTEX_POINT('',#2011);
#2011 = CARTESIAN_POINT('',(23.737961783439,1.607959370219,
    6.172114701175));
#2012 = LINE('',#2013,#2014);
#2013 = CARTESIAN_POINT('',(23.737961783439,2.359713466848,
    5.898498586514));
#2014 = VECTOR('',#2015,1.);
#2015 = DIRECTION('',(0.,-0.939692620786,0.342020143326));
#2016 = ORIENTED_EDGE('',*,*,#2017,.T.);
#2017 = EDGE_CURVE('',#2010,#1986,#2018,.T.);
#2018 = B_SPLINE_CURVE_WITH_KNOTS('',2,(#2019,#2020,#2021),
  .UNSPECIFIED.,.F.,.F.,(3,3),(0.,1.),.PIECEWISE_BEZIER_KNOTS.);
#2019 = CARTESIAN_POINT('',(23.737961783439,1.607959370219,
    6.172114701175));
#2020 = CARTESIAN_POINT('',(23.531592356688,1.607959370219,
    6.172114701175));
#2021 = CARTESIAN_POINT('',(23.244968152866,1.580510619863,
    6.096699879379));
#2022 = ORIENTED_EDGE('',*,*,#1985,.F.);
#2023 = SURFACE_OF_LINEAR_EXTRUSION('',#2024,#2028);
#2024 = B_SPLINE_CURVE_WITH_KNOTS('',2,(#2025,#2026,#2027),
  .UNSPECIFIED.,.F.,.F.,(3,3),(0.,1.),.PIECEWISE_BEZIER_KNOTS.);
#2025 = CARTESIAN_POINT('',(23.737961783439,2.359713466848,
    5.898498586514));
#2026 = CARTESIAN_POINT('',(23.531592356688,2.359713466848,
    5.898498586514));
#2027 = CARTESIAN_POINT('',(23.244968152866,2.332264716491,
    5.823083764718));
#2028 = VECTOR('',#2029,1.);
#2029 = DIRECTION('',(-0.,0.939692620786,-0.342020143326));
#2030 = ADVANCED_FACE('',(#2031),#2049,.T.);
#2031 = FACE_BOUND('',#2032,.T.);
#2032 = EDGE_LOOP('',(#2033,#2034,#2042,#2048));
#2033 = ORIENTED_EDGE('',*,*,#442,.T.);
#2034 = ORIENTED_EDGE('',*,*,#2035,.T.);
#2035 = EDGE_CURVE('',#424,#2036,#2038,.T.);
#2036 = VERTEX_POINT('',#2037);
#2037 = CARTESIAN_POINT('',(24.269171974522,1.526223091381,
    5.947546120717));
#2038 = LINE('',#2039,#2040);
#2039 = CARTESIAN_POINT('',(24.269171974522,2.277977188009,
    5.673930006056));
#2040 = VECTOR('',#2041,1.);
#2041 = DIRECTION('',(0.,-0.939692620786,0.342020143326));
#2042 = ORIENTED_EDGE('',*,*,#2043,.T.);
#2043 = EDGE_CURVE('',#2036,#2010,#2044,.T.);
#2044 = B_SPLINE_CURVE_WITH_KNOTS('',2,(#2045,#2046,#2047),
  .UNSPECIFIED.,.F.,.F.,(3,3),(0.,1.),.PIECEWISE_BEZIER_KNOTS.);
#2045 = CARTESIAN_POINT('',(24.269171974522,1.526223091381,
    5.947546120717));
#2046 = CARTESIAN_POINT('',(24.051337579618,1.607959370219,
    6.172114701175));
#2047 = CARTESIAN_POINT('',(23.737961783439,1.607959370219,
    6.172114701175));
#2048 = ORIENTED_EDGE('',*,*,#2009,.F.);
#2049 = SURFACE_OF_LINEAR_EXTRUSION('',#2050,#2054);
#2050 = B_SPLINE_CURVE_WITH_KNOTS('',2,(#2051,#2052,#2053),
  .UNSPECIFIED.,.F.,.F.,(3,3),(0.,1.),.PIECEWISE_BEZIER_KNOTS.);
#2051 = CARTESIAN_POINT('',(24.269171974522,2.277977188009,
    5.673930006056));
#2052 = CARTESIAN_POINT('',(24.051337579618,2.359713466848,
    5.898498586514));
#2053 = CARTESIAN_POINT('',(23.737961783439,2.359713466848,
    5.898498586514));
#2054 = VECTOR('',#2055,1.);
#2055 = DIRECTION('',(-0.,0.939692620786,-0.342020143326));
#2056 = ADVANCED_FACE('',(#2057),#2075,.T.);
#2057 = FACE_BOUND('',#2058,.T.);
#2058 = EDGE_LOOP('',(#2059,#2060,#2068,#2074));
#2059 = ORIENTED_EDGE('',*,*,#423,.T.);
#2060 = ORIENTED_EDGE('',*,*,#2061,.T.);
#2061 = EDGE_CURVE('',#405,#2062,#2064,.T.);
#2062 = VERTEX_POINT('',#2063);
#2063 = CARTESIAN_POINT('',(24.487006369427,1.304890310732,
    5.339439303698));
#2064 = LINE('',#2065,#2066);
#2065 = CARTESIAN_POINT('',(24.487006369427,2.05664440736,5.065823189038
    ));
#2066 = VECTOR('',#2067,1.);
#2067 = DIRECTION('',(0.,-0.939692620786,0.342020143326));
#2068 = ORIENTED_EDGE('',*,*,#2069,.T.);
#2069 = EDGE_CURVE('',#2062,#2036,#2070,.T.);
#2070 = B_SPLINE_CURVE_WITH_KNOTS('',2,(#2071,#2072,#2073),
  .UNSPECIFIED.,.F.,.F.,(3,3),(0.,1.),.PIECEWISE_BEZIER_KNOTS.);
#2071 = CARTESIAN_POINT('',(24.487006369427,1.304890310732,
    5.339439303698));
#2072 = CARTESIAN_POINT('',(24.487006369427,1.444573951433,
    5.723216952391));
#2073 = CARTESIAN_POINT('',(24.269171974522,1.526223091381,
    5.947546120717));
#2074 = ORIENTED_EDGE('',*,*,#2035,.F.);
#2075 = SURFACE_OF_LINEAR_EXTRUSION('',#2076,#2080);
#2076 = B_SPLINE_CURVE_WITH_KNOTS('',2,(#2077,#2078,#2079),
  .UNSPECIFIED.,.F.,.F.,(3,3),(0.,1.),.PIECEWISE_BEZIER_KNOTS.);
#2077 = CARTESIAN_POINT('',(24.487006369427,2.05664440736,5.065823189038
    ));
#2078 = CARTESIAN_POINT('',(24.487006369427,2.196328048061,
    5.449600837731));
#2079 = CARTESIAN_POINT('',(24.269171974522,2.277977188009,
    5.673930006056));
#2080 = VECTOR('',#2081,1.);
#2081 = DIRECTION('',(-0.,0.939692620786,-0.342020143326));
#2082 = ADVANCED_FACE('',(#2083),#2101,.T.);
#2083 = FACE_BOUND('',#2084,.T.);
#2084 = EDGE_LOOP('',(#2085,#2086,#2094,#2100));
#2085 = ORIENTED_EDGE('',*,*,#404,.T.);
#2086 = ORIENTED_EDGE('',*,*,#2087,.T.);
#2087 = EDGE_CURVE('',#390,#2088,#2090,.T.);
#2088 = VERTEX_POINT('',#2089);
#2089 = CARTESIAN_POINT('',(24.25949044586,1.0703124188,4.694941842512)
  );
#2090 = LINE('',#2091,#2092);
#2091 = CARTESIAN_POINT('',(24.25949044586,1.822066515429,4.421325727852
    ));
#2092 = VECTOR('',#2093,1.);
#2093 = DIRECTION('',(0.,-0.939692620786,0.342020143326));
#2094 = ORIENTED_EDGE('',*,*,#2095,.T.);
#2095 = EDGE_CURVE('',#2088,#2062,#2096,.T.);
#2096 = B_SPLINE_CURVE_WITH_KNOTS('',2,(#2097,#2098,#2099),
  .UNSPECIFIED.,.F.,.F.,(3,3),(0.,1.),.PIECEWISE_BEZIER_KNOTS.);
#2097 = CARTESIAN_POINT('',(24.25949044586,1.0703124188,4.694941842512)
  );
#2098 = CARTESIAN_POINT('',(24.487006369427,1.157277031039,
    4.933875150931));
#2099 = CARTESIAN_POINT('',(24.487006369427,1.304890310732,
    5.339439303698));
#2100 = ORIENTED_EDGE('',*,*,#2061,.F.);
#2101 = SURFACE_OF_LINEAR_EXTRUSION('',#2102,#2106);
#2102 = B_SPLINE_CURVE_WITH_KNOTS('',2,(#2103,#2104,#2105),
  .UNSPECIFIED.,.F.,.F.,(3,3),(0.,1.),.PIECEWISE_BEZIER_KNOTS.);
#2103 = CARTESIAN_POINT('',(24.25949044586,1.822066515429,4.421325727852
    ));
#2104 = CARTESIAN_POINT('',(24.487006369427,1.909031127668,
    4.660259036271));
#2105 = CARTESIAN_POINT('',(24.487006369427,2.05664440736,5.065823189038
    ));
#2106 = VECTOR('',#2107,1.);
#2107 = DIRECTION('',(-0.,0.939692620786,-0.342020143326));
#2108 = ADVANCED_FACE('',(#2109),#2127,.T.);
#2109 = FACE_BOUND('',#2110,.T.);
#2110 = EDGE_LOOP('',(#2111,#2112,#2120,#2126));
#2111 = ORIENTED_EDGE('',*,*,#389,.T.);
#2112 = ORIENTED_EDGE('',*,*,#2113,.T.);
#2113 = EDGE_CURVE('',#375,#2114,#2116,.T.);
#2114 = VERTEX_POINT('',#2115);
#2115 = CARTESIAN_POINT('',(23.69974522293,0.983347806561,4.456008534093
    ));
#2116 = LINE('',#2117,#2118);
#2117 = CARTESIAN_POINT('',(23.69974522293,1.735101903189,4.182392419433
    ));
#2118 = VECTOR('',#2119,1.);
#2119 = DIRECTION('',(0.,-0.939692620786,0.342020143326));
#2120 = ORIENTED_EDGE('',*,*,#2121,.T.);
#2121 = EDGE_CURVE('',#2114,#2088,#2122,.T.);
#2122 = B_SPLINE_CURVE_WITH_KNOTS('',2,(#2123,#2124,#2125),
  .UNSPECIFIED.,.F.,.F.,(3,3),(0.,1.),.PIECEWISE_BEZIER_KNOTS.);
#2123 = CARTESIAN_POINT('',(23.69974522293,0.983347806561,4.456008534093
    ));
#2124 = CARTESIAN_POINT('',(24.032229299363,0.983347806561,
    4.456008534093));
#2125 = CARTESIAN_POINT('',(24.25949044586,1.0703124188,4.694941842512)
  );
#2126 = ORIENTED_EDGE('',*,*,#2087,.F.);
#2127 = SURFACE_OF_LINEAR_EXTRUSION('',#2128,#2132);
#2128 = B_SPLINE_CURVE_WITH_KNOTS('',2,(#2129,#2130,#2131),
  .UNSPECIFIED.,.F.,.F.,(3,3),(0.,1.),.PIECEWISE_BEZIER_KNOTS.);
#2129 = CARTESIAN_POINT('',(23.69974522293,1.735101903189,4.182392419433
    ));
#2130 = CARTESIAN_POINT('',(24.032229299363,1.735101903189,
    4.182392419433));
#2131 = CARTESIAN_POINT('',(24.25949044586,1.822066515429,4.421325727852
    ));
#2132 = VECTOR('',#2133,1.);
#2133 = DIRECTION('',(-0.,0.939692620786,-0.342020143326));
#2134 = ADVANCED_FACE('',(#2135),#2153,.T.);
#2135 = FACE_BOUND('',#2136,.T.);
#2136 = EDGE_LOOP('',(#2137,#2138,#2146,#2152));
#2137 = ORIENTED_EDGE('',*,*,#374,.T.);
#2138 = ORIENTED_EDGE('',*,*,#2139,.T.);
#2139 = EDGE_CURVE('',#360,#2140,#2142,.T.);
#2140 = VERTEX_POINT('',#2141);
#2141 = CARTESIAN_POINT('',(23.172356687898,1.054975974156,4.65280530716
    ));
#2142 = LINE('',#2143,#2144);
#2143 = CARTESIAN_POINT('',(23.172356687898,1.806730070785,
    4.379189192499));
#2144 = VECTOR('',#2145,1.);
#2145 = DIRECTION('',(0.,-0.939692620786,0.342020143326));
#2146 = ORIENTED_EDGE('',*,*,#2147,.T.);
#2147 = EDGE_CURVE('',#2140,#2114,#2148,.T.);
#2148 = B_SPLINE_CURVE_WITH_KNOTS('',2,(#2149,#2150,#2151),
  .UNSPECIFIED.,.F.,.F.,(3,3),(0.,1.),.PIECEWISE_BEZIER_KNOTS.);
#2149 = CARTESIAN_POINT('',(23.172356687898,1.054975974156,4.65280530716
    ));
#2150 = CARTESIAN_POINT('',(23.390191082803,0.983347806561,
    4.456008534093));
#2151 = CARTESIAN_POINT('',(23.69974522293,0.983347806561,4.456008534093
    ));
#2152 = ORIENTED_EDGE('',*,*,#2113,.F.);
#2153 = SURFACE_OF_LINEAR_EXTRUSION('',#2154,#2158);
#2154 = B_SPLINE_CURVE_WITH_KNOTS('',2,(#2155,#2156,#2157),
  .UNSPECIFIED.,.F.,.F.,(3,3),(0.,1.),.PIECEWISE_BEZIER_KNOTS.);
#2155 = CARTESIAN_POINT('',(23.172356687898,1.806730070785,
    4.379189192499));
#2156 = CARTESIAN_POINT('',(23.390191082803,1.735101903189,
    4.182392419433));
#2157 = CARTESIAN_POINT('',(23.69974522293,1.735101903189,4.182392419433
    ));
#2158 = VECTOR('',#2159,1.);
#2159 = DIRECTION('',(-0.,0.939692620786,-0.342020143326));
#2160 = ADVANCED_FACE('',(#2161),#2172,.T.);
#2161 = FACE_BOUND('',#2162,.T.);
#2162 = EDGE_LOOP('',(#2163,#2164,#2165,#2171));
#2163 = ORIENTED_EDGE('',*,*,#359,.T.);
#2164 = ORIENTED_EDGE('',*,*,#1478,.T.);
#2165 = ORIENTED_EDGE('',*,*,#2166,.T.);
#2166 = EDGE_CURVE('',#1471,#2140,#2167,.T.);
#2167 = B_SPLINE_CURVE_WITH_KNOTS('',2,(#2168,#2169,#2170),
  .UNSPECIFIED.,.F.,.F.,(3,3),(0.,1.),.PIECEWISE_BEZIER_KNOTS.);
#2168 = CARTESIAN_POINT('',(22.904840764331,1.262192254622,
    5.222127358683));
#2169 = CARTESIAN_POINT('',(22.954522292994,1.126691280642,
    4.849841492359));
#2170 = CARTESIAN_POINT('',(23.172356687898,1.054975974156,4.65280530716
    ));
#2171 = ORIENTED_EDGE('',*,*,#2139,.F.);
#2172 = SURFACE_OF_LINEAR_EXTRUSION('',#2173,#2177);
#2173 = B_SPLINE_CURVE_WITH_KNOTS('',2,(#2174,#2175,#2176),
  .UNSPECIFIED.,.F.,.F.,(3,3),(0.,1.),.PIECEWISE_BEZIER_KNOTS.);
#2174 = CARTESIAN_POINT('',(22.904840764331,2.013946351251,
    4.948511244023));
#2175 = CARTESIAN_POINT('',(22.954522292994,1.878445377271,
    4.576225377699));
#2176 = CARTESIAN_POINT('',(23.172356687898,1.806730070785,
    4.379189192499));
#2177 = VECTOR('',#2178,1.);
#2178 = DIRECTION('',(-0.,0.939692620786,-0.342020143326));
#2179 = ADVANCED_FACE('',(#2180),#2205,.T.);
#2180 = FACE_BOUND('',#2181,.T.);
#2181 = EDGE_LOOP('',(#2182,#2183,#2191,#2199));
#2182 = ORIENTED_EDGE('',*,*,#792,.T.);
#2183 = ORIENTED_EDGE('',*,*,#2184,.T.);
#2184 = EDGE_CURVE('',#795,#2185,#2187,.T.);
#2185 = VERTEX_POINT('',#2186);
#2186 = CARTESIAN_POINT('',(21.176687898089,1.050270474095,
    4.639877051995));
#2187 = LINE('',#2188,#2189);
#2188 = CARTESIAN_POINT('',(21.176687898089,1.802024570724,
    4.366260937334));
#2189 = VECTOR('',#2190,1.);
#2190 = DIRECTION('',(0.,-0.939692620786,0.342020143326));
#2191 = ORIENTED_EDGE('',*,*,#2192,.T.);
#2192 = EDGE_CURVE('',#2185,#2193,#2195,.T.);
#2193 = VERTEX_POINT('',#2194);
#2194 = CARTESIAN_POINT('',(21.176687898089,0.71008024746,3.705212085995
    ));
#2195 = LINE('',#2196,#2197);
#2196 = CARTESIAN_POINT('',(21.176687898089,1.050270474095,
    4.639877051995));
#2197 = VECTOR('',#2198,1.);
#2198 = DIRECTION('',(0.,-0.342020143326,-0.939692620786));
#2199 = ORIENTED_EDGE('',*,*,#2200,.F.);
#2200 = EDGE_CURVE('',#793,#2193,#2201,.T.);
#2201 = LINE('',#2202,#2203);
#2202 = CARTESIAN_POINT('',(21.176687898089,1.461834344089,
    3.431595971335));
#2203 = VECTOR('',#2204,1.);
#2204 = DIRECTION('',(0.,-0.939692620786,0.342020143326));
#2205 = PLANE('',#2206);
#2206 = AXIS2_PLACEMENT_3D('',#2207,#2208,#2209);
#2207 = CARTESIAN_POINT('',(21.176687898089,1.802024570724,
    4.366260937334));
#2208 = DIRECTION('',(1.,0.,0.));
#2209 = DIRECTION('',(0.,-0.342020143326,-0.939692620786));
#2210 = ADVANCED_FACE('',(#2211),#2229,.T.);
#2211 = FACE_BOUND('',#2212,.T.);
#2212 = EDGE_LOOP('',(#2213,#2214,#2222,#2228));
#2213 = ORIENTED_EDGE('',*,*,#1115,.T.);
#2214 = ORIENTED_EDGE('',*,*,#2215,.T.);
#2215 = EDGE_CURVE('',#1105,#2216,#2218,.T.);
#2216 = VERTEX_POINT('',#2217);
#2217 = CARTESIAN_POINT('',(19.044203821656,1.050270474095,
    4.639877051995));
#2218 = LINE('',#2219,#2220);
#2219 = CARTESIAN_POINT('',(19.044203821656,1.802024570724,
    4.366260937334));
#2220 = VECTOR('',#2221,1.);
#2221 = DIRECTION('',(0.,-0.939692620786,0.342020143326));
#2222 = ORIENTED_EDGE('',*,*,#2223,.T.);
#2223 = EDGE_CURVE('',#2216,#2185,#2224,.T.);
#2224 = LINE('',#2225,#2226);
#2225 = CARTESIAN_POINT('',(19.044203821656,1.050270474095,
    4.639877051995));
#2226 = VECTOR('',#2227,1.);
#2227 = DIRECTION('',(1.,0.,0.));
#2228 = ORIENTED_EDGE('',*,*,#2184,.F.);
#2229 = PLANE('',#2230);
#2230 = AXIS2_PLACEMENT_3D('',#2231,#2232,#2233);
#2231 = CARTESIAN_POINT('',(19.044203821656,1.802024570724,
    4.366260937334));
#2232 = DIRECTION('',(0.,0.342020143326,0.939692620786));
#2233 = DIRECTION('',(1.,0.,0.));
#2234 = ADVANCED_FACE('',(#2235),#2253,.T.);
#2235 = FACE_BOUND('',#2236,.T.);
#2236 = EDGE_LOOP('',(#2237,#2238,#2246,#2252));
#2237 = ORIENTED_EDGE('',*,*,#1104,.T.);
#2238 = ORIENTED_EDGE('',*,*,#2239,.T.);
#2239 = EDGE_CURVE('',#1092,#2240,#2242,.T.);
#2240 = VERTEX_POINT('',#2241);
#2241 = CARTESIAN_POINT('',(19.263821656051,1.152571530978,
    4.920946895766));
#2242 = LINE('',#2243,#2244);
#2243 = CARTESIAN_POINT('',(19.263821656051,1.904325627607,
    4.647330781106));
#2244 = VECTOR('',#2245,1.);
#2245 = DIRECTION('',(0.,-0.939692620786,0.342020143326));
#2246 = ORIENTED_EDGE('',*,*,#2247,.T.);
#2247 = EDGE_CURVE('',#2240,#2216,#2248,.T.);
#2248 = B_SPLINE_CURVE_WITH_KNOTS('',2,(#2249,#2250,#2251),
  .UNSPECIFIED.,.F.,.F.,(3,3),(0.,1.),.PIECEWISE_BEZIER_KNOTS.);
#2249 = CARTESIAN_POINT('',(19.263821656051,1.152571530978,
    4.920946895766));
#2250 = CARTESIAN_POINT('',(19.128280254777,1.100113919186,4.77682079189
    ));
#2251 = CARTESIAN_POINT('',(19.044203821656,1.050270474095,
    4.639877051995));
#2252 = ORIENTED_EDGE('',*,*,#2215,.F.);
#2253 = SURFACE_OF_LINEAR_EXTRUSION('',#2254,#2258);
#2254 = B_SPLINE_CURVE_WITH_KNOTS('',2,(#2255,#2256,#2257),
  .UNSPECIFIED.,.F.,.F.,(3,3),(0.,1.),.PIECEWISE_BEZIER_KNOTS.);
#2255 = CARTESIAN_POINT('',(19.263821656051,1.904325627607,
    4.647330781106));
#2256 = CARTESIAN_POINT('',(19.128280254777,1.851868015815,4.50320467723
    ));
#2257 = CARTESIAN_POINT('',(19.044203821656,1.802024570724,
    4.366260937334));
#2258 = VECTOR('',#2259,1.);
#2259 = DIRECTION('',(-0.,0.939692620786,-0.342020143326));
#2260 = ADVANCED_FACE('',(#2261),#2279,.T.);
#2261 = FACE_BOUND('',#2262,.T.);
#2262 = EDGE_LOOP('',(#2263,#2264,#2272,#2278));
#2263 = ORIENTED_EDGE('',*,*,#1091,.T.);
#2264 = ORIENTED_EDGE('',*,*,#2265,.T.);
#2265 = EDGE_CURVE('',#1079,#2266,#2268,.T.);
#2266 = VERTEX_POINT('',#2267);
#2267 = CARTESIAN_POINT('',(19.907898089172,1.365190422625,
    5.505112499516));
#2268 = LINE('',#2269,#2270);
#2269 = CARTESIAN_POINT('',(19.907898089172,2.116944519254,
    5.231496384855));
#2270 = VECTOR('',#2271,1.);
#2271 = DIRECTION('',(0.,-0.939692620786,0.342020143326));
#2272 = ORIENTED_EDGE('',*,*,#2273,.T.);
#2273 = EDGE_CURVE('',#2266,#2240,#2274,.T.);
#2274 = B_SPLINE_CURVE_WITH_KNOTS('',2,(#2275,#2276,#2277),
  .UNSPECIFIED.,.F.,.F.,(3,3),(0.,1.),.PIECEWISE_BEZIER_KNOTS.);
#2275 = CARTESIAN_POINT('',(19.907898089172,1.365190422625,
    5.505112499516));
#2276 = CARTESIAN_POINT('',(19.399617834395,1.20511628166,5.065312411775
    ));
#2277 = CARTESIAN_POINT('',(19.263821656051,1.152571530978,
    4.920946895766));
#2278 = ORIENTED_EDGE('',*,*,#2239,.F.);
#2279 = SURFACE_OF_LINEAR_EXTRUSION('',#2280,#2284);
#2280 = B_SPLINE_CURVE_WITH_KNOTS('',2,(#2281,#2282,#2283),
  .UNSPECIFIED.,.F.,.F.,(3,3),(0.,1.),.PIECEWISE_BEZIER_KNOTS.);
#2281 = CARTESIAN_POINT('',(19.907898089172,2.116944519254,
    5.231496384855));
#2282 = CARTESIAN_POINT('',(19.399617834395,1.956870378288,
    4.791696297114));
#2283 = CARTESIAN_POINT('',(19.263821656051,1.904325627607,
    4.647330781106));
#2284 = VECTOR('',#2285,1.);
#2285 = DIRECTION('',(-0.,0.939692620786,-0.342020143326));
#2286 = ADVANCED_FACE('',(#2287),#2305,.T.);
#2287 = FACE_BOUND('',#2288,.T.);
#2288 = EDGE_LOOP('',(#2289,#2290,#2298,#2304));
#2289 = ORIENTED_EDGE('',*,*,#1078,.T.);
#2290 = ORIENTED_EDGE('',*,*,#2291,.T.);
#2291 = EDGE_CURVE('',#1067,#2292,#2294,.T.);
#2292 = VERTEX_POINT('',#2293);
#2293 = CARTESIAN_POINT('',(20.611082802548,1.610660675809,
    6.179536477288));
#2294 = LINE('',#2295,#2296);
#2295 = CARTESIAN_POINT('',(20.611082802548,2.362414772438,
    5.905920362627));
#2296 = VECTOR('',#2297,1.);
#2297 = DIRECTION('',(0.,-0.939692620786,0.342020143326));
#2298 = ORIENTED_EDGE('',*,*,#2299,.T.);
#2299 = EDGE_CURVE('',#2292,#2266,#2300,.T.);
#2300 = B_SPLINE_CURVE_WITH_KNOTS('',2,(#2301,#2302,#2303),
  .UNSPECIFIED.,.F.,.F.,(3,3),(0.,1.),.PIECEWISE_BEZIER_KNOTS.);
#2301 = CARTESIAN_POINT('',(20.611082802548,1.610660675809,
    6.179536477288));
#2302 = CARTESIAN_POINT('',(20.416178343949,1.525351702481,5.94515199939
    ));
#2303 = CARTESIAN_POINT('',(19.907898089172,1.365190422625,
    5.505112499516));
#2304 = ORIENTED_EDGE('',*,*,#2265,.F.);
#2305 = SURFACE_OF_LINEAR_EXTRUSION('',#2306,#2310);
#2306 = B_SPLINE_CURVE_WITH_KNOTS('',2,(#2307,#2308,#2309),
  .UNSPECIFIED.,.F.,.F.,(3,3),(0.,1.),.PIECEWISE_BEZIER_KNOTS.);
#2307 = CARTESIAN_POINT('',(20.611082802548,2.362414772438,
    5.905920362627));
#2308 = CARTESIAN_POINT('',(20.416178343949,2.277105799109,
    5.671535884729));
#2309 = CARTESIAN_POINT('',(19.907898089172,2.116944519254,
    5.231496384855));
#2310 = VECTOR('',#2311,1.);
#2311 = DIRECTION('',(-0.,0.939692620786,-0.342020143326));
#2312 = ADVANCED_FACE('',(#2313),#2331,.T.);
#2313 = FACE_BOUND('',#2314,.T.);
#2314 = EDGE_LOOP('',(#2315,#2316,#2324,#2330));
#2315 = ORIENTED_EDGE('',*,*,#1066,.T.);
#2316 = ORIENTED_EDGE('',*,*,#2317,.T.);
#2317 = EDGE_CURVE('',#1052,#2318,#2320,.T.);
#2318 = VERTEX_POINT('',#2319);
#2319 = CARTESIAN_POINT('',(21.040891719745,1.856828040114,
    6.855875752121));
#2320 = LINE('',#2321,#2322);
#2321 = CARTESIAN_POINT('',(21.040891719745,2.608582136743,6.58225963746
    ));
#2322 = VECTOR('',#2323,1.);
#2323 = DIRECTION('',(0.,-0.939692620786,0.342020143326));
#2324 = ORIENTED_EDGE('',*,*,#2325,.T.);
#2325 = EDGE_CURVE('',#2318,#2292,#2326,.T.);
#2326 = B_SPLINE_CURVE_WITH_KNOTS('',2,(#2327,#2328,#2329),
  .UNSPECIFIED.,.F.,.F.,(3,3),(0.,1.),.PIECEWISE_BEZIER_KNOTS.);
#2327 = CARTESIAN_POINT('',(21.040891719745,1.856828040114,
    6.855875752121));
#2328 = CARTESIAN_POINT('',(20.905350318471,1.739364816368,
    6.533148197262));
#2329 = CARTESIAN_POINT('',(20.611082802548,1.610660675809,
    6.179536477288));
#2330 = ORIENTED_EDGE('',*,*,#2291,.F.);
#2331 = SURFACE_OF_LINEAR_EXTRUSION('',#2332,#2336);
#2332 = B_SPLINE_CURVE_WITH_KNOTS('',2,(#2333,#2334,#2335),
  .UNSPECIFIED.,.F.,.F.,(3,3),(0.,1.),.PIECEWISE_BEZIER_KNOTS.);
#2333 = CARTESIAN_POINT('',(21.040891719745,2.608582136743,6.58225963746
    ));
#2334 = CARTESIAN_POINT('',(20.905350318471,2.491118912997,
    6.259532082602));
#2335 = CARTESIAN_POINT('',(20.611082802548,2.362414772438,
    5.905920362627));
#2336 = VECTOR('',#2337,1.);
#2337 = DIRECTION('',(-0.,0.939692620786,-0.342020143326));
#2338 = ADVANCED_FACE('',(#2339),#2357,.T.);
#2339 = FACE_BOUND('',#2340,.T.);
#2340 = EDGE_LOOP('',(#2341,#2342,#2350,#2356));
#2341 = ORIENTED_EDGE('',*,*,#1051,.T.);
#2342 = ORIENTED_EDGE('',*,*,#2343,.T.);
#2343 = EDGE_CURVE('',#1033,#2344,#2346,.T.);
#2344 = VERTEX_POINT('',#2345);
#2345 = CARTESIAN_POINT('',(21.176687898089,2.104215348879,
    7.535566796812));
#2346 = LINE('',#2347,#2348);
#2347 = CARTESIAN_POINT('',(21.176687898089,2.855969445507,
    7.261950682151));
#2348 = VECTOR('',#2349,1.);
#2349 = DIRECTION('',(0.,-0.939692620786,0.342020143326));
#2350 = ORIENTED_EDGE('',*,*,#2351,.T.);
#2351 = EDGE_CURVE('',#2344,#2318,#2352,.T.);
#2352 = B_SPLINE_CURVE_WITH_KNOTS('',2,(#2353,#2354,#2355),
  .UNSPECIFIED.,.F.,.F.,(3,3),(0.,1.),.PIECEWISE_BEZIER_KNOTS.);
#2353 = CARTESIAN_POINT('',(21.176687898089,2.104215348879,
    7.535566796812));
#2354 = CARTESIAN_POINT('',(21.176687898089,1.97429126386,7.178603306979
    ));
#2355 = CARTESIAN_POINT('',(21.040891719745,1.856828040114,
    6.855875752121));
#2356 = ORIENTED_EDGE('',*,*,#2317,.F.);
#2357 = SURFACE_OF_LINEAR_EXTRUSION('',#2358,#2362);
#2358 = B_SPLINE_CURVE_WITH_KNOTS('',2,(#2359,#2360,#2361),
  .UNSPECIFIED.,.F.,.F.,(3,3),(0.,1.),.PIECEWISE_BEZIER_KNOTS.);
#2359 = CARTESIAN_POINT('',(21.176687898089,2.855969445507,
    7.261950682151));
#2360 = CARTESIAN_POINT('',(21.176687898089,2.726045360489,
    6.904987192319));
#2361 = CARTESIAN_POINT('',(21.040891719745,2.608582136743,6.58225963746
    ));
#2362 = VECTOR('',#2363,1.);
#2363 = DIRECTION('',(-0.,0.939692620786,-0.342020143326));
#2364 = ADVANCED_FACE('',(#2365),#2383,.T.);
#2365 = FACE_BOUND('',#2366,.T.);
#2366 = EDGE_LOOP('',(#2367,#2368,#2376,#2382));
#2367 = ORIENTED_EDGE('',*,*,#1032,.T.);
#2368 = ORIENTED_EDGE('',*,*,#2369,.T.);
#2369 = EDGE_CURVE('',#1010,#2370,#2372,.T.);
#2370 = VERTEX_POINT('',#2371);
#2371 = CARTESIAN_POINT('',(20.702802547771,2.486145103833,
    8.584910174367));
#2372 = LINE('',#2373,#2374);
#2373 = CARTESIAN_POINT('',(20.702802547771,3.237899200462,
    8.311294059706));
#2374 = VECTOR('',#2375,1.);
#2375 = DIRECTION('',(0.,-0.939692620786,0.342020143326));
#2376 = ORIENTED_EDGE('',*,*,#2377,.T.);
#2377 = EDGE_CURVE('',#2370,#2344,#2378,.T.);
#2378 = B_SPLINE_CURVE_WITH_KNOTS('',2,(#2379,#2380,#2381),
  .UNSPECIFIED.,.F.,.F.,(3,3),(0.,1.),.PIECEWISE_BEZIER_KNOTS.);
#2379 = CARTESIAN_POINT('',(20.702802547771,2.486145103833,
    8.584910174367));
#2380 = CARTESIAN_POINT('',(21.176687898089,2.332606379619,
    8.163065996577));
#2381 = CARTESIAN_POINT('',(21.176687898089,2.104215348879,
    7.535566796812));
#2382 = ORIENTED_EDGE('',*,*,#2343,.F.);
#2383 = SURFACE_OF_LINEAR_EXTRUSION('',#2384,#2388);
#2384 = B_SPLINE_CURVE_WITH_KNOTS('',2,(#2385,#2386,#2387),
  .UNSPECIFIED.,.F.,.F.,(3,3),(0.,1.),.PIECEWISE_BEZIER_KNOTS.);
#2385 = CARTESIAN_POINT('',(20.702802547771,3.237899200462,
    8.311294059706));
#2386 = CARTESIAN_POINT('',(21.176687898089,3.084360476248,
    7.889449881917));
#2387 = CARTESIAN_POINT('',(21.176687898089,2.855969445507,
    7.261950682151));
#2388 = VECTOR('',#2389,1.);
#2389 = DIRECTION('',(-0.,0.939692620786,-0.342020143326));
#2390 = ADVANCED_FACE('',(#2391),#2409,.T.);
#2391 = FACE_BOUND('',#2392,.T.);
#2392 = EDGE_LOOP('',(#2393,#2394,#2402,#2408));
#2393 = ORIENTED_EDGE('',*,*,#1009,.T.);
#2394 = ORIENTED_EDGE('',*,*,#2395,.T.);
#2395 = EDGE_CURVE('',#993,#2396,#2398,.T.);
#2396 = VERTEX_POINT('',#2397);
#2397 = CARTESIAN_POINT('',(19.399617834395,2.639683828047,
    9.006754352157));
#2398 = LINE('',#2399,#2400);
#2399 = CARTESIAN_POINT('',(19.399617834395,3.391437924676,
    8.733138237496));
#2400 = VECTOR('',#2401,1.);
#2401 = DIRECTION('',(0.,-0.939692620786,0.342020143326));
#2402 = ORIENTED_EDGE('',*,*,#2403,.T.);
#2403 = EDGE_CURVE('',#2396,#2370,#2404,.T.);
#2404 = B_SPLINE_CURVE_WITH_KNOTS('',2,(#2405,#2406,#2407),
  .UNSPECIFIED.,.F.,.F.,(3,3),(0.,1.),.PIECEWISE_BEZIER_KNOTS.);
#2405 = CARTESIAN_POINT('',(19.399617834395,2.639683828047,
    9.006754352157));
#2406 = CARTESIAN_POINT('',(20.228917197452,2.639683828047,
    9.006754352157));
#2407 = CARTESIAN_POINT('',(20.702802547771,2.486145103833,
    8.584910174367));
#2408 = ORIENTED_EDGE('',*,*,#2369,.F.);
#2409 = SURFACE_OF_LINEAR_EXTRUSION('',#2410,#2414);
#2410 = B_SPLINE_CURVE_WITH_KNOTS('',2,(#2411,#2412,#2413),
  .UNSPECIFIED.,.F.,.F.,(3,3),(0.,1.),.PIECEWISE_BEZIER_KNOTS.);
#2411 = CARTESIAN_POINT('',(19.399617834395,3.391437924676,
    8.733138237496));
#2412 = CARTESIAN_POINT('',(20.228917197452,3.391437924676,
    8.733138237496));
#2413 = CARTESIAN_POINT('',(20.702802547771,3.237899200462,
    8.311294059706));
#2414 = VECTOR('',#2415,1.);
#2415 = DIRECTION('',(-0.,0.939692620786,-0.342020143326));
#2416 = ADVANCED_FACE('',(#2417),#2435,.T.);
#2417 = FACE_BOUND('',#2418,.T.);
#2418 = EDGE_LOOP('',(#2419,#2420,#2428,#2434));
#2419 = ORIENTED_EDGE('',*,*,#992,.T.);
#2420 = ORIENTED_EDGE('',*,*,#2421,.T.);
#2421 = EDGE_CURVE('',#966,#2422,#2424,.T.);
#2422 = VERTEX_POINT('',#2423);
#2423 = CARTESIAN_POINT('',(18.13847133758,2.506797020768,8.641650849813
    ));
#2424 = LINE('',#2425,#2426);
#2425 = CARTESIAN_POINT('',(18.13847133758,3.258551117396,8.368034735153
    ));
#2426 = VECTOR('',#2427,1.);
#2427 = DIRECTION('',(0.,-0.939692620786,0.342020143326));
#2428 = ORIENTED_EDGE('',*,*,#2429,.T.);
#2429 = EDGE_CURVE('',#2422,#2396,#2430,.T.);
#2430 = B_SPLINE_CURVE_WITH_KNOTS('',2,(#2431,#2432,#2433),
  .UNSPECIFIED.,.F.,.F.,(3,3),(0.,1.),.PIECEWISE_BEZIER_KNOTS.);
#2431 = CARTESIAN_POINT('',(18.13847133758,2.506797020768,8.641650849813
    ));
#2432 = CARTESIAN_POINT('',(18.642929936306,2.639683828047,
    9.006754352157));
#2433 = CARTESIAN_POINT('',(19.399617834395,2.639683828047,
    9.006754352157));
#2434 = ORIENTED_EDGE('',*,*,#2395,.F.);
#2435 = SURFACE_OF_LINEAR_EXTRUSION('',#2436,#2440);
#2436 = B_SPLINE_CURVE_WITH_KNOTS('',2,(#2437,#2438,#2439),
  .UNSPECIFIED.,.F.,.F.,(3,3),(0.,1.),.PIECEWISE_BEZIER_KNOTS.);
#2437 = CARTESIAN_POINT('',(18.13847133758,3.258551117396,8.368034735153
    ));
#2438 = CARTESIAN_POINT('',(18.642929936306,3.391437924676,
    8.733138237496));
#2439 = CARTESIAN_POINT('',(19.399617834395,3.391437924676,
    8.733138237496));
#2440 = VECTOR('',#2441,1.);
#2441 = DIRECTION('',(-0.,0.939692620786,-0.342020143326));
#2442 = ADVANCED_FACE('',(#2443),#2461,.T.);
#2443 = FACE_BOUND('',#2444,.T.);
#2444 = EDGE_LOOP('',(#2445,#2446,#2454,#2460));
#2445 = ORIENTED_EDGE('',*,*,#965,.T.);
#2446 = ORIENTED_EDGE('',*,*,#2447,.T.);
#2447 = EDGE_CURVE('',#958,#2448,#2450,.T.);
#2448 = VERTEX_POINT('',#2449);
#2449 = CARTESIAN_POINT('',(17.53847133758,2.068662681751,7.437886646676
    ));
#2450 = LINE('',#2451,#2452);
#2451 = CARTESIAN_POINT('',(17.53847133758,2.820416778379,7.164270532016
    ));
#2452 = VECTOR('',#2453,1.);
#2453 = DIRECTION('',(0.,-0.939692620786,0.342020143326));
#2454 = ORIENTED_EDGE('',*,*,#2455,.T.);
#2455 = EDGE_CURVE('',#2448,#2422,#2456,.T.);
#2456 = B_SPLINE_CURVE_WITH_KNOTS('',2,(#2457,#2458,#2459),
  .UNSPECIFIED.,.F.,.F.,(3,3),(0.,1.),.PIECEWISE_BEZIER_KNOTS.);
#2457 = CARTESIAN_POINT('',(17.53847133758,2.068662681751,7.437886646676
    ));
#2458 = CARTESIAN_POINT('',(17.634012738854,2.373910213488,8.27654734747
    ));
#2459 = CARTESIAN_POINT('',(18.13847133758,2.506797020768,8.641650849813
    ));
#2460 = ORIENTED_EDGE('',*,*,#2421,.F.);
#2461 = SURFACE_OF_LINEAR_EXTRUSION('',#2462,#2466);
#2462 = B_SPLINE_CURVE_WITH_KNOTS('',2,(#2463,#2464,#2465),
  .UNSPECIFIED.,.F.,.F.,(3,3),(0.,1.),.PIECEWISE_BEZIER_KNOTS.);
#2463 = CARTESIAN_POINT('',(17.53847133758,2.820416778379,7.164270532016
    ));
#2464 = CARTESIAN_POINT('',(17.634012738854,3.125664310117,
    8.002931232809));
#2465 = CARTESIAN_POINT('',(18.13847133758,3.258551117396,8.368034735153
    ));
#2466 = VECTOR('',#2467,1.);
#2467 = DIRECTION('',(-0.,0.939692620786,-0.342020143326));
#2468 = ADVANCED_FACE('',(#2469),#2487,.T.);
#2469 = FACE_BOUND('',#2470,.T.);
#2470 = EDGE_LOOP('',(#2471,#2472,#2480,#2486));
#2471 = ORIENTED_EDGE('',*,*,#957,.T.);
#2472 = ORIENTED_EDGE('',*,*,#2473,.T.);
#2473 = EDGE_CURVE('',#941,#2474,#2476,.T.);
#2474 = VERTEX_POINT('',#2475);
#2475 = CARTESIAN_POINT('',(18.608535031847,2.031802931273,
    7.336615314551));
#2476 = LINE('',#2477,#2478);
#2477 = CARTESIAN_POINT('',(18.608535031847,2.783557027901,7.06299919989
    ));
#2478 = VECTOR('',#2479,1.);
#2479 = DIRECTION('',(0.,-0.939692620786,0.342020143326));
#2480 = ORIENTED_EDGE('',*,*,#2481,.T.);
#2481 = EDGE_CURVE('',#2474,#2448,#2482,.T.);
#2482 = LINE('',#2483,#2484);
#2483 = CARTESIAN_POINT('',(18.608535031847,2.031802931273,
    7.336615314551));
#2484 = VECTOR('',#2485,1.);
#2485 = DIRECTION('',(-0.994966576024,3.427293152997E-02,
    9.416410547709E-02));
#2486 = ORIENTED_EDGE('',*,*,#2447,.F.);
#2487 = PLANE('',#2488);
#2488 = AXIS2_PLACEMENT_3D('',#2489,#2490,#2491);
#2489 = CARTESIAN_POINT('',(18.608535031847,2.783557027901,7.06299919989
    ));
#2490 = DIRECTION('',(-0.100207348014,-0.340298610936,-0.934962749418));
#2491 = DIRECTION('',(-0.994966576024,3.427293152997E-02,
    9.416410547709E-02));
#2492 = ADVANCED_FACE('',(#2493),#2511,.T.);
#2493 = FACE_BOUND('',#2494,.T.);
#2494 = EDGE_LOOP('',(#2495,#2496,#2504,#2510));
#2495 = ORIENTED_EDGE('',*,*,#940,.T.);
#2496 = ORIENTED_EDGE('',*,*,#2497,.T.);
#2497 = EDGE_CURVE('',#926,#2498,#2500,.T.);
#2498 = VERTEX_POINT('',#2499);
#2499 = CARTESIAN_POINT('',(18.837834394904,2.263243823164,
    7.972493938961));
#2500 = LINE('',#2501,#2502);
#2501 = CARTESIAN_POINT('',(18.837834394904,3.014997919793,7.6988778243)
  );
#2502 = VECTOR('',#2503,1.);
#2503 = DIRECTION('',(0.,-0.939692620786,0.342020143326));
#2504 = ORIENTED_EDGE('',*,*,#2505,.T.);
#2505 = EDGE_CURVE('',#2498,#2474,#2506,.T.);
#2506 = B_SPLINE_CURVE_WITH_KNOTS('',2,(#2507,#2508,#2509),
  .UNSPECIFIED.,.F.,.F.,(3,3),(0.,1.),.PIECEWISE_BEZIER_KNOTS.);
#2507 = CARTESIAN_POINT('',(18.837834394904,2.263243823164,
    7.972493938961));
#2508 = CARTESIAN_POINT('',(18.639108280255,2.193532711148,
    7.780964232813));
#2509 = CARTESIAN_POINT('',(18.608535031847,2.031802931273,
    7.336615314551));
#2510 = ORIENTED_EDGE('',*,*,#2473,.F.);
#2511 = SURFACE_OF_LINEAR_EXTRUSION('',#2512,#2516);
#2512 = B_SPLINE_CURVE_WITH_KNOTS('',2,(#2513,#2514,#2515),
  .UNSPECIFIED.,.F.,.F.,(3,3),(0.,1.),.PIECEWISE_BEZIER_KNOTS.);
#2513 = CARTESIAN_POINT('',(18.837834394904,3.014997919793,7.6988778243)
  );
#2514 = CARTESIAN_POINT('',(18.639108280255,2.945286807777,
    7.507348118153));
#2515 = CARTESIAN_POINT('',(18.608535031847,2.783557027901,7.06299919989
    ));
#2516 = VECTOR('',#2517,1.);
#2517 = DIRECTION('',(-0.,0.939692620786,-0.342020143326));
#2518 = ADVANCED_FACE('',(#2519),#2537,.T.);
#2519 = FACE_BOUND('',#2520,.T.);
#2520 = EDGE_LOOP('',(#2521,#2522,#2530,#2536));
#2521 = ORIENTED_EDGE('',*,*,#925,.T.);
#2522 = ORIENTED_EDGE('',*,*,#2523,.T.);
#2523 = EDGE_CURVE('',#909,#2524,#2526,.T.);
#2524 = VERTEX_POINT('',#2525);
#2525 = CARTESIAN_POINT('',(19.372866242038,2.332954935179,
    8.164023645108));
#2526 = LINE('',#2527,#2528);
#2527 = CARTESIAN_POINT('',(19.372866242038,3.084709031808,
    7.890407530447));
#2528 = VECTOR('',#2529,1.);
#2529 = DIRECTION('',(0.,-0.939692620786,0.342020143326));
#2530 = ORIENTED_EDGE('',*,*,#2531,.T.);
#2531 = EDGE_CURVE('',#2524,#2498,#2532,.T.);
#2532 = B_SPLINE_CURVE_WITH_KNOTS('',2,(#2533,#2534,#2535),
  .UNSPECIFIED.,.F.,.F.,(3,3),(0.,1.),.PIECEWISE_BEZIER_KNOTS.);
#2533 = CARTESIAN_POINT('',(19.372866242038,2.332954935179,
    8.164023645108));
#2534 = CARTESIAN_POINT('',(19.036560509554,2.332954935179,
    8.164023645108));
#2535 = CARTESIAN_POINT('',(18.837834394904,2.263243823164,
    7.972493938961));
#2536 = ORIENTED_EDGE('',*,*,#2497,.F.);
#2537 = SURFACE_OF_LINEAR_EXTRUSION('',#2538,#2542);
#2538 = B_SPLINE_CURVE_WITH_KNOTS('',2,(#2539,#2540,#2541),
  .UNSPECIFIED.,.F.,.F.,(3,3),(0.,1.),.PIECEWISE_BEZIER_KNOTS.);
#2539 = CARTESIAN_POINT('',(19.372866242038,3.084709031808,
    7.890407530447));
#2540 = CARTESIAN_POINT('',(19.036560509554,3.084709031808,
    7.890407530447));
#2541 = CARTESIAN_POINT('',(18.837834394904,3.014997919793,7.6988778243)
  );
#2542 = VECTOR('',#2543,1.);
#2543 = DIRECTION('',(-0.,0.939692620786,-0.342020143326));
#2544 = ADVANCED_FACE('',(#2545),#2563,.T.);
#2545 = FACE_BOUND('',#2546,.T.);
#2546 = EDGE_LOOP('',(#2547,#2548,#2556,#2562));
#2547 = ORIENTED_EDGE('',*,*,#908,.T.);
#2548 = ORIENTED_EDGE('',*,*,#2549,.T.);
#2549 = EDGE_CURVE('',#890,#2550,#2552,.T.);
#2550 = VERTEX_POINT('',#2551);
#2551 = CARTESIAN_POINT('',(19.905859872611,2.266816517655,
    7.982309836401));
#2552 = LINE('',#2553,#2554);
#2553 = CARTESIAN_POINT('',(19.905859872611,3.018570614283,7.70869372174
    ));
#2554 = VECTOR('',#2555,1.);
#2555 = DIRECTION('',(0.,-0.939692620786,0.342020143326));
#2556 = ORIENTED_EDGE('',*,*,#2557,.T.);
#2557 = EDGE_CURVE('',#2550,#2524,#2558,.T.);
#2558 = B_SPLINE_CURVE_WITH_KNOTS('',2,(#2559,#2560,#2561),
  .UNSPECIFIED.,.F.,.F.,(3,3),(0.,1.),.PIECEWISE_BEZIER_KNOTS.);
#2559 = CARTESIAN_POINT('',(19.905859872611,2.266816517655,
    7.982309836401));
#2560 = CARTESIAN_POINT('',(19.712993630573,2.332954935179,
    8.164023645108));
#2561 = CARTESIAN_POINT('',(19.372866242038,2.332954935179,
    8.164023645108));
#2562 = ORIENTED_EDGE('',*,*,#2523,.F.);
#2563 = SURFACE_OF_LINEAR_EXTRUSION('',#2564,#2568);
#2564 = B_SPLINE_CURVE_WITH_KNOTS('',2,(#2565,#2566,#2567),
  .UNSPECIFIED.,.F.,.F.,(3,3),(0.,1.),.PIECEWISE_BEZIER_KNOTS.);
#2565 = CARTESIAN_POINT('',(19.905859872611,3.018570614283,7.70869372174
    ));
#2566 = CARTESIAN_POINT('',(19.712993630573,3.084709031808,
    7.890407530447));
#2567 = CARTESIAN_POINT('',(19.372866242038,3.084709031808,
    7.890407530447));
#2568 = VECTOR('',#2569,1.);
#2569 = DIRECTION('',(-0.,0.939692620786,-0.342020143326));
#2570 = ADVANCED_FACE('',(#2571),#2589,.T.);
#2571 = FACE_BOUND('',#2572,.T.);
#2572 = EDGE_LOOP('',(#2573,#2574,#2582,#2588));
#2573 = ORIENTED_EDGE('',*,*,#889,.T.);
#2574 = ORIENTED_EDGE('',*,*,#2575,.T.);
#2575 = EDGE_CURVE('',#875,#2576,#2578,.T.);
#2576 = VERTEX_POINT('',#2577);
#2577 = CARTESIAN_POINT('',(20.09898089172,2.077550848533,7.46230668421)
  );
#2578 = LINE('',#2579,#2580);
#2579 = CARTESIAN_POINT('',(20.09898089172,2.829304945161,7.18869056955)
  );
#2580 = VECTOR('',#2581,1.);
#2581 = DIRECTION('',(0.,-0.939692620786,0.342020143326));
#2582 = ORIENTED_EDGE('',*,*,#2583,.T.);
#2583 = EDGE_CURVE('',#2576,#2550,#2584,.T.);
#2584 = B_SPLINE_CURVE_WITH_KNOTS('',2,(#2585,#2586,#2587),
  .UNSPECIFIED.,.F.,.F.,(3,3),(0.,1.),.PIECEWISE_BEZIER_KNOTS.);
#2585 = CARTESIAN_POINT('',(20.09898089172,2.077550848533,7.46230668421)
  );
#2586 = CARTESIAN_POINT('',(20.09898089172,2.20067810013,7.800596027693)
  );
#2587 = CARTESIAN_POINT('',(19.905859872611,2.266816517655,
    7.982309836401));
#2588 = ORIENTED_EDGE('',*,*,#2549,.F.);
#2589 = SURFACE_OF_LINEAR_EXTRUSION('',#2590,#2594);
#2590 = B_SPLINE_CURVE_WITH_KNOTS('',2,(#2591,#2592,#2593),
  .UNSPECIFIED.,.F.,.F.,(3,3),(0.,1.),.PIECEWISE_BEZIER_KNOTS.);
#2591 = CARTESIAN_POINT('',(20.09898089172,2.829304945161,7.18869056955)
  );
#2592 = CARTESIAN_POINT('',(20.09898089172,2.952432196759,7.526979913033
    ));
#2593 = CARTESIAN_POINT('',(19.905859872611,3.018570614283,7.70869372174
    ));
#2594 = VECTOR('',#2595,1.);
#2595 = DIRECTION('',(-0.,0.939692620786,-0.342020143326));
#2596 = ADVANCED_FACE('',(#2597),#2615,.T.);
#2597 = FACE_BOUND('',#2598,.T.);
#2598 = EDGE_LOOP('',(#2599,#2600,#2608,#2614));
#2599 = ORIENTED_EDGE('',*,*,#874,.T.);
#2600 = ORIENTED_EDGE('',*,*,#2601,.T.);
#2601 = EDGE_CURVE('',#847,#2602,#2604,.T.);
#2602 = VERTEX_POINT('',#2603);
#2603 = CARTESIAN_POINT('',(19.877324840764,1.852209678943,
    6.843186909089));
#2604 = LINE('',#2605,#2606);
#2605 = CARTESIAN_POINT('',(19.877324840764,2.603963775572,
    6.569570794428));
#2606 = VECTOR('',#2607,1.);
#2607 = DIRECTION('',(0.,-0.939692620786,0.342020143326));
#2608 = ORIENTED_EDGE('',*,*,#2609,.T.);
#2609 = EDGE_CURVE('',#2602,#2576,#2610,.T.);
#2610 = B_SPLINE_CURVE_WITH_KNOTS('',2,(#2611,#2612,#2613),
  .UNSPECIFIED.,.F.,.F.,(3,3),(0.,1.),.PIECEWISE_BEZIER_KNOTS.);
#2611 = CARTESIAN_POINT('',(19.877324840764,1.852209678943,
    6.843186909089));
#2612 = CARTESIAN_POINT('',(20.09898089172,1.966187347088,7.15633797864)
  );
#2613 = CARTESIAN_POINT('',(20.09898089172,2.077550848533,7.46230668421)
  );
#2614 = ORIENTED_EDGE('',*,*,#2575,.F.);
#2615 = SURFACE_OF_LINEAR_EXTRUSION('',#2616,#2620);
#2616 = B_SPLINE_CURVE_WITH_KNOTS('',2,(#2617,#2618,#2619),
  .UNSPECIFIED.,.F.,.F.,(3,3),(0.,1.),.PIECEWISE_BEZIER_KNOTS.);
#2617 = CARTESIAN_POINT('',(19.877324840764,2.603963775572,
    6.569570794428));
#2618 = CARTESIAN_POINT('',(20.09898089172,2.717941443717,6.882721863979
    ));
#2619 = CARTESIAN_POINT('',(20.09898089172,2.829304945161,7.18869056955)
  );
#2620 = VECTOR('',#2621,1.);
#2621 = DIRECTION('',(-0.,0.939692620786,-0.342020143326));
#2622 = ADVANCED_FACE('',(#2623),#2641,.T.);
#2623 = FACE_BOUND('',#2624,.T.);
#2624 = EDGE_LOOP('',(#2625,#2626,#2634,#2640));
#2625 = ORIENTED_EDGE('',*,*,#846,.T.);
#2626 = ORIENTED_EDGE('',*,*,#2627,.T.);
#2627 = EDGE_CURVE('',#826,#2628,#2630,.T.);
#2628 = VERTEX_POINT('',#2629);
#2629 = CARTESIAN_POINT('',(18.986878980892,1.537899702643,
    5.979627346496));
#2630 = LINE('',#2631,#2632);
#2631 = CARTESIAN_POINT('',(18.986878980892,2.289653799272,
    5.706011231836));
#2632 = VECTOR('',#2633,1.);
#2633 = DIRECTION('',(0.,-0.939692620786,0.342020143326));
#2634 = ORIENTED_EDGE('',*,*,#2635,.T.);
#2635 = EDGE_CURVE('',#2628,#2602,#2636,.T.);
#2636 = B_SPLINE_CURVE_WITH_KNOTS('',2,(#2637,#2638,#2639),
  .UNSPECIFIED.,.F.,.F.,(3,3),(0.,1.),.PIECEWISE_BEZIER_KNOTS.);
#2637 = CARTESIAN_POINT('',(18.986878980892,1.537899702643,
    5.979627346496));
#2638 = CARTESIAN_POINT('',(19.712993630573,1.769689150095,
    6.616463619437));
#2639 = CARTESIAN_POINT('',(19.877324840764,1.852209678943,
    6.843186909089));
#2640 = ORIENTED_EDGE('',*,*,#2601,.F.);
#2641 = SURFACE_OF_LINEAR_EXTRUSION('',#2642,#2646);
#2642 = B_SPLINE_CURVE_WITH_KNOTS('',2,(#2643,#2644,#2645),
  .UNSPECIFIED.,.F.,.F.,(3,3),(0.,1.),.PIECEWISE_BEZIER_KNOTS.);
#2643 = CARTESIAN_POINT('',(18.986878980892,2.289653799272,
    5.706011231836));
#2644 = CARTESIAN_POINT('',(19.712993630573,2.521443246723,
    6.342847504776));
#2645 = CARTESIAN_POINT('',(19.877324840764,2.603963775572,
    6.569570794428));
#2646 = VECTOR('',#2647,1.);
#2647 = DIRECTION('',(-0.,0.939692620786,-0.342020143326));
#2648 = ADVANCED_FACE('',(#2649),#2667,.T.);
#2649 = FACE_BOUND('',#2650,.T.);
#2650 = EDGE_LOOP('',(#2651,#2652,#2660,#2666));
#2651 = ORIENTED_EDGE('',*,*,#825,.T.);
#2652 = ORIENTED_EDGE('',*,*,#2653,.T.);
#2653 = EDGE_CURVE('',#811,#2654,#2656,.T.);
#2654 = VERTEX_POINT('',#2655);
#2655 = CARTESIAN_POINT('',(17.77923566879,1.077457807781,4.714573637392
    ));
#2656 = LINE('',#2657,#2658);
#2657 = CARTESIAN_POINT('',(17.77923566879,1.82921190441,4.440957522732)
  );
#2658 = VECTOR('',#2659,1.);
#2659 = DIRECTION('',(0.,-0.939692620786,0.342020143326));
#2660 = ORIENTED_EDGE('',*,*,#2661,.T.);
#2661 = EDGE_CURVE('',#2654,#2628,#2662,.T.);
#2662 = B_SPLINE_CURVE_WITH_KNOTS('',2,(#2663,#2664,#2665),
  .UNSPECIFIED.,.F.,.F.,(3,3),(0.,1.),.PIECEWISE_BEZIER_KNOTS.);
#2663 = CARTESIAN_POINT('',(17.77923566879,1.077457807781,4.714573637392
    ));
#2664 = CARTESIAN_POINT('',(18.084968152866,1.2510384767,5.1914826057));
#2665 = CARTESIAN_POINT('',(18.986878980892,1.537899702643,
    5.979627346496));
#2666 = ORIENTED_EDGE('',*,*,#2627,.F.);
#2667 = SURFACE_OF_LINEAR_EXTRUSION('',#2668,#2672);
#2668 = B_SPLINE_CURVE_WITH_KNOTS('',2,(#2669,#2670,#2671),
  .UNSPECIFIED.,.F.,.F.,(3,3),(0.,1.),.PIECEWISE_BEZIER_KNOTS.);
#2669 = CARTESIAN_POINT('',(17.77923566879,1.82921190441,4.440957522732)
  );
#2670 = CARTESIAN_POINT('',(18.084968152866,2.002792573329,
    4.917866491039));
#2671 = CARTESIAN_POINT('',(18.986878980892,2.289653799272,
    5.706011231836));
#2672 = VECTOR('',#2673,1.);
#2673 = DIRECTION('',(-0.,0.939692620786,-0.342020143326));
#2674 = ADVANCED_FACE('',(#2675),#2693,.T.);
#2675 = FACE_BOUND('',#2676,.T.);
#2676 = EDGE_LOOP('',(#2677,#2678,#2686,#2692));
#2677 = ORIENTED_EDGE('',*,*,#810,.T.);
#2678 = ORIENTED_EDGE('',*,*,#2679,.T.);
#2679 = EDGE_CURVE('',#803,#2680,#2682,.T.);
#2680 = VERTEX_POINT('',#2681);
#2681 = CARTESIAN_POINT('',(17.412356687898,0.71008024746,3.705212085995
    ));
#2682 = LINE('',#2683,#2684);
#2683 = CARTESIAN_POINT('',(17.412356687898,1.461834344089,
    3.431595971335));
#2684 = VECTOR('',#2685,1.);
#2685 = DIRECTION('',(0.,-0.939692620786,0.342020143326));
#2686 = ORIENTED_EDGE('',*,*,#2687,.T.);
#2687 = EDGE_CURVE('',#2680,#2654,#2688,.T.);
#2688 = B_SPLINE_CURVE_WITH_KNOTS('',2,(#2689,#2690,#2691),
  .UNSPECIFIED.,.F.,.F.,(3,3),(0.,1.),.PIECEWISE_BEZIER_KNOTS.);
#2689 = CARTESIAN_POINT('',(17.412356687898,0.71008024746,3.705212085995
    ));
#2690 = CARTESIAN_POINT('',(17.473503184713,0.903964277753,
    4.237904081218));
#2691 = CARTESIAN_POINT('',(17.77923566879,1.077457807781,4.714573637392
    ));
#2692 = ORIENTED_EDGE('',*,*,#2653,.F.);
#2693 = SURFACE_OF_LINEAR_EXTRUSION('',#2694,#2698);
#2694 = B_SPLINE_CURVE_WITH_KNOTS('',2,(#2695,#2696,#2697),
  .UNSPECIFIED.,.F.,.F.,(3,3),(0.,1.),.PIECEWISE_BEZIER_KNOTS.);
#2695 = CARTESIAN_POINT('',(17.412356687898,1.461834344089,
    3.431595971335));
#2696 = CARTESIAN_POINT('',(17.473503184713,1.655718374382,
    3.964287966557));
#2697 = CARTESIAN_POINT('',(17.77923566879,1.82921190441,4.440957522732)
  );
#2698 = VECTOR('',#2699,1.);
#2699 = DIRECTION('',(-0.,0.939692620786,-0.342020143326));
#2700 = ADVANCED_FACE('',(#2701),#2712,.T.);
#2701 = FACE_BOUND('',#2702,.T.);
#2702 = EDGE_LOOP('',(#2703,#2704,#2705,#2711));
#2703 = ORIENTED_EDGE('',*,*,#802,.T.);
#2704 = ORIENTED_EDGE('',*,*,#2200,.T.);
#2705 = ORIENTED_EDGE('',*,*,#2706,.T.);
#2706 = EDGE_CURVE('',#2193,#2680,#2707,.T.);
#2707 = LINE('',#2708,#2709);
#2708 = CARTESIAN_POINT('',(21.176687898089,0.71008024746,3.705212085995
    ));
#2709 = VECTOR('',#2710,1.);
#2710 = DIRECTION('',(-1.,0.,0.));
#2711 = ORIENTED_EDGE('',*,*,#2679,.F.);
#2712 = PLANE('',#2713);
#2713 = AXIS2_PLACEMENT_3D('',#2714,#2715,#2716);
#2714 = CARTESIAN_POINT('',(21.176687898089,1.461834344089,
    3.431595971335));
#2715 = DIRECTION('',(0.,-0.342020143326,-0.939692620786));
#2716 = DIRECTION('',(-1.,0.,0.));
#2717 = ADVANCED_FACE('',(#2718),#2743,.F.);
#2718 = FACE_BOUND('',#2719,.F.);
#2719 = EDGE_LOOP('',(#2720,#2728,#2736,#2742));
#2720 = ORIENTED_EDGE('',*,*,#2721,.F.);
#2721 = EDGE_CURVE('',#2722,#284,#2724,.T.);
#2722 = VERTEX_POINT('',#2723);
#2723 = CARTESIAN_POINT('',(47.,18.9,0.));
#2724 = LINE('',#2725,#2726);
#2725 = CARTESIAN_POINT('',(47.,18.9,0.));
#2726 = VECTOR('',#2727,1.);
#2727 = DIRECTION('',(-0.971520338783,-0.236956180191,0.));
#2728 = ORIENTED_EDGE('',*,*,#2729,.T.);
#2729 = EDGE_CURVE('',#2722,#2730,#2732,.T.);
#2730 = VERTEX_POINT('',#2731);
#2731 = CARTESIAN_POINT('',(47.,18.9,10.));
#2732 = LINE('',#2733,#2734);
#2733 = CARTESIAN_POINT('',(47.,18.9,0.));
#2734 = VECTOR('',#2735,1.);
#2735 = DIRECTION('',(0.,0.,1.));
#2736 = ORIENTED_EDGE('',*,*,#2737,.T.);
#2737 = EDGE_CURVE('',#2730,#95,#2738,.T.);
#2738 = LINE('',#2739,#2740);
#2739 = CARTESIAN_POINT('',(47.,18.9,10.));
#2740 = VECTOR('',#2741,1.);
#2741 = DIRECTION('',(-0.971520338783,-0.236956180191,0.));
#2742 = ORIENTED_EDGE('',*,*,#1198,.T.);
#2743 = PLANE('',#2744);
#2744 = AXIS2_PLACEMENT_3D('',#2745,#2746,#2747);
#2745 = CARTESIAN_POINT('',(47.,18.9,0.));
#2746 = DIRECTION('',(0.236956180191,-0.971520338783,0.));
#2747 = DIRECTION('',(-0.971520338783,-0.236956180191,0.));
#2748 = ADVANCED_FACE('',(#2749),#2767,.T.);
#2749 = FACE_BOUND('',#2750,.T.);
#2750 = EDGE_LOOP('',(#2751,#2752,#2760,#2766));
#2751 = ORIENTED_EDGE('',*,*,#1215,.F.);
#2752 = ORIENTED_EDGE('',*,*,#2753,.T.);
#2753 = EDGE_CURVE('',#71,#2754,#2756,.T.);
#2754 = VERTEX_POINT('',#2755);
#2755 = CARTESIAN_POINT('',(47.,12.9,10.));
#2756 = LINE('',#2757,#2758);
#2757 = CARTESIAN_POINT('',(42.9,13.9,10.));
#2758 = VECTOR('',#2759,1.);
#2759 = DIRECTION('',(0.971520338783,-0.236956180191,0.));
#2760 = ORIENTED_EDGE('',*,*,#2761,.T.);
#2761 = EDGE_CURVE('',#2754,#2730,#2762,.T.);
#2762 = LINE('',#2763,#2764);
#2763 = CARTESIAN_POINT('',(47.,12.9,10.));
#2764 = VECTOR('',#2765,1.);
#2765 = DIRECTION('',(0.,1.,0.));
#2766 = ORIENTED_EDGE('',*,*,#2737,.T.);
#2767 = PLANE('',#2768);
#2768 = AXIS2_PLACEMENT_3D('',#2769,#2770,#2771);
#2769 = CARTESIAN_POINT('',(45.172338161771,15.9,10.));
#2770 = DIRECTION('',(0.,0.,1.));
#2771 = DIRECTION('',(1.,0.,0.));
#2772 = ADVANCED_FACE('',(#2773),#2791,.F.);
#2773 = FACE_BOUND('',#2774,.F.);
#2774 = EDGE_LOOP('',(#2775,#2783,#2784,#2785));
#2775 = ORIENTED_EDGE('',*,*,#2776,.F.);
#2776 = EDGE_CURVE('',#260,#2777,#2779,.T.);
#2777 = VERTEX_POINT('',#2778);
#2778 = CARTESIAN_POINT('',(47.,12.9,0.));
#2779 = LINE('',#2780,#2781);
#2780 = CARTESIAN_POINT('',(42.9,13.9,0.));
#2781 = VECTOR('',#2782,1.);
#2782 = DIRECTION('',(0.971520338783,-0.236956180191,0.));
#2783 = ORIENTED_EDGE('',*,*,#1234,.T.);
#2784 = ORIENTED_EDGE('',*,*,#2753,.T.);
#2785 = ORIENTED_EDGE('',*,*,#2786,.F.);
#2786 = EDGE_CURVE('',#2777,#2754,#2787,.T.);
#2787 = LINE('',#2788,#2789);
#2788 = CARTESIAN_POINT('',(47.,12.9,0.));
#2789 = VECTOR('',#2790,1.);
#2790 = DIRECTION('',(0.,0.,1.));
#2791 = PLANE('',#2792);
#2792 = AXIS2_PLACEMENT_3D('',#2793,#2794,#2795);
#2793 = CARTESIAN_POINT('',(42.9,13.9,0.));
#2794 = DIRECTION('',(0.236956180191,0.971520338783,0.));
#2795 = DIRECTION('',(0.971520338783,-0.236956180191,0.));
#2796 = ADVANCED_FACE('',(#2797),#2823,.T.);
#2797 = FACE_BOUND('',#2798,.T.);
#2798 = EDGE_LOOP('',(#2799,#2807,#2808,#2816));
#2799 = ORIENTED_EDGE('',*,*,#2800,.F.);
#2800 = EDGE_CURVE('',#1249,#2801,#2803,.T.);
#2801 = VERTEX_POINT('',#2802);
#2802 = CARTESIAN_POINT('',(16.6,37.86,21.));
#2803 = LINE('',#2804,#2805);
#2804 = CARTESIAN_POINT('',(16.6,38.11,20.75));
#2805 = VECTOR('',#2806,1.);
#2806 = DIRECTION('',(-2.90882763039E-35,-0.707106781187,0.707106781187)
  );
#2807 = ORIENTED_EDGE('',*,*,#1265,.T.);
#2808 = ORIENTED_EDGE('',*,*,#2809,.T.);
#2809 = EDGE_CURVE('',#1258,#2810,#2812,.T.);
#2810 = VERTEX_POINT('',#2811);
#2811 = CARTESIAN_POINT('',(16.5,37.76,21.));
#2812 = LINE('',#2813,#2814);
#2813 = CARTESIAN_POINT('',(16.,37.76,20.5));
#2814 = VECTOR('',#2815,1.);
#2815 = DIRECTION('',(0.707106781187,-4.329780281177E-17,0.707106781187)
  );
#2816 = ORIENTED_EDGE('',*,*,#2817,.F.);
#2817 = EDGE_CURVE('',#2801,#2810,#2818,.T.);
#2818 = CIRCLE('',#2819,1.E-01);
#2819 = AXIS2_PLACEMENT_3D('',#2820,#2821,#2822);
#2820 = CARTESIAN_POINT('',(16.6,37.76,21.));
#2821 = DIRECTION('',(0.,-0.,1.));
#2822 = DIRECTION('',(0.,1.,0.));
#2823 = CONICAL_SURFACE('',#2824,0.6,0.785398163397);
#2824 = AXIS2_PLACEMENT_3D('',#2825,#2826,#2827);
#2825 = CARTESIAN_POINT('',(16.6,37.76,20.5));
#2826 = DIRECTION('',(-0.,-0.,-1.));
#2827 = DIRECTION('',(0.,1.,0.));
#2828 = ADVANCED_FACE('',(#2829),#2847,.F.);
#2829 = FACE_BOUND('',#2830,.T.);
#2830 = EDGE_LOOP('',(#2831,#2839,#2840,#2841));
#2831 = ORIENTED_EDGE('',*,*,#2832,.F.);
#2832 = EDGE_CURVE('',#1282,#2833,#2835,.T.);
#2833 = VERTEX_POINT('',#2834);
#2834 = CARTESIAN_POINT('',(26.4,37.86,21.));
#2835 = LINE('',#2836,#2837);
#2836 = CARTESIAN_POINT('',(26.4,38.11,20.75));
#2837 = VECTOR('',#2838,1.);
#2838 = DIRECTION('',(-2.90882763039E-35,-0.707106781187,0.707106781187)
  );
#2839 = ORIENTED_EDGE('',*,*,#1289,.T.);
#2840 = ORIENTED_EDGE('',*,*,#2800,.T.);
#2841 = ORIENTED_EDGE('',*,*,#2842,.F.);
#2842 = EDGE_CURVE('',#2833,#2801,#2843,.T.);
#2843 = LINE('',#2844,#2845);
#2844 = CARTESIAN_POINT('',(26.4,37.86,21.));
#2845 = VECTOR('',#2846,1.);
#2846 = DIRECTION('',(-1.,0.,0.));
#2847 = PLANE('',#2848);
#2848 = AXIS2_PLACEMENT_3D('',#2849,#2850,#2851);
#2849 = CARTESIAN_POINT('',(26.4,38.11,20.75));
#2850 = DIRECTION('',(-1.889513820523E-18,-0.707106781187,
    -0.707106781187));
#2851 = DIRECTION('',(1.,-1.336088035637E-18,-1.336088035637E-18));
#2852 = ADVANCED_FACE('',(#2853),#2871,.F.);
#2853 = FACE_BOUND('',#2854,.T.);
#2854 = EDGE_LOOP('',(#2855,#2856,#2857,#2865));
#2855 = ORIENTED_EDGE('',*,*,#2809,.F.);
#2856 = ORIENTED_EDGE('',*,*,#1306,.T.);
#2857 = ORIENTED_EDGE('',*,*,#2858,.T.);
#2858 = EDGE_CURVE('',#1307,#2859,#2861,.T.);
#2859 = VERTEX_POINT('',#2860);
#2860 = CARTESIAN_POINT('',(16.5,27.96,21.));
#2861 = LINE('',#2862,#2863);
#2862 = CARTESIAN_POINT('',(16.25,27.96,20.75));
#2863 = VECTOR('',#2864,1.);
#2864 = DIRECTION('',(0.707106781187,-2.90882763039E-35,0.707106781187)
  );
#2865 = ORIENTED_EDGE('',*,*,#2866,.F.);
#2866 = EDGE_CURVE('',#2810,#2859,#2867,.T.);
#2867 = LINE('',#2868,#2869);
#2868 = CARTESIAN_POINT('',(16.5,37.76,21.));
#2869 = VECTOR('',#2870,1.);
#2870 = DIRECTION('',(0.,-1.,0.));
#2871 = PLANE('',#2872);
#2872 = AXIS2_PLACEMENT_3D('',#2873,#2874,#2875);
#2873 = CARTESIAN_POINT('',(16.25,37.76,20.75));
#2874 = DIRECTION('',(0.707106781187,1.889513820523E-18,-0.707106781187)
  );
#2875 = DIRECTION('',(-1.336088035637E-18,1.,1.336088035637E-18));
#2876 = ADVANCED_FACE('',(#2877),#2896,.T.);
#2877 = FACE_BOUND('',#2878,.T.);
#2878 = EDGE_LOOP('',(#2879,#2887,#2888,#2889));
#2879 = ORIENTED_EDGE('',*,*,#2880,.F.);
#2880 = EDGE_CURVE('',#1331,#2881,#2883,.T.);
#2881 = VERTEX_POINT('',#2882);
#2882 = CARTESIAN_POINT('',(26.5,37.76,21.));
#2883 = LINE('',#2884,#2885);
#2884 = CARTESIAN_POINT('',(26.75,37.76,20.75));
#2885 = VECTOR('',#2886,1.);
#2886 = DIRECTION('',(-0.707106781187,2.90882763039E-35,0.707106781187)
  );
#2887 = ORIENTED_EDGE('',*,*,#1338,.T.);
#2888 = ORIENTED_EDGE('',*,*,#2832,.T.);
#2889 = ORIENTED_EDGE('',*,*,#2890,.F.);
#2890 = EDGE_CURVE('',#2881,#2833,#2891,.T.);
#2891 = CIRCLE('',#2892,1.E-01);
#2892 = AXIS2_PLACEMENT_3D('',#2893,#2894,#2895);
#2893 = CARTESIAN_POINT('',(26.4,37.76,21.));
#2894 = DIRECTION('',(0.,0.,1.));
#2895 = DIRECTION('',(1.,0.,0.));
#2896 = CONICAL_SURFACE('',#2897,0.6,0.785398163397);
#2897 = AXIS2_PLACEMENT_3D('',#2898,#2899,#2900);
#2898 = CARTESIAN_POINT('',(26.4,37.76,20.5));
#2899 = DIRECTION('',(-0.,-0.,-1.));
#2900 = DIRECTION('',(1.,0.,0.));
#2901 = ADVANCED_FACE('',(#2902),#2921,.T.);
#2902 = FACE_BOUND('',#2903,.T.);
#2903 = EDGE_LOOP('',(#2904,#2905,#2906,#2914));
#2904 = ORIENTED_EDGE('',*,*,#2858,.F.);
#2905 = ORIENTED_EDGE('',*,*,#1363,.T.);
#2906 = ORIENTED_EDGE('',*,*,#2907,.T.);
#2907 = EDGE_CURVE('',#1356,#2908,#2910,.T.);
#2908 = VERTEX_POINT('',#2909);
#2909 = CARTESIAN_POINT('',(16.6,27.86,21.));
#2910 = LINE('',#2911,#2912);
#2911 = CARTESIAN_POINT('',(16.6,27.36,20.5));
#2912 = VECTOR('',#2913,1.);
#2913 = DIRECTION('',(4.329780281177E-17,0.707106781187,0.707106781187)
  );
#2914 = ORIENTED_EDGE('',*,*,#2915,.F.);
#2915 = EDGE_CURVE('',#2859,#2908,#2916,.T.);
#2916 = CIRCLE('',#2917,1.E-01);
#2917 = AXIS2_PLACEMENT_3D('',#2918,#2919,#2920);
#2918 = CARTESIAN_POINT('',(16.6,27.96,21.));
#2919 = DIRECTION('',(0.,0.,1.));
#2920 = DIRECTION('',(-1.,0.,0.));
#2921 = CONICAL_SURFACE('',#2922,0.6,0.785398163397);
#2922 = AXIS2_PLACEMENT_3D('',#2923,#2924,#2925);
#2923 = CARTESIAN_POINT('',(16.6,27.96,20.5));
#2924 = DIRECTION('',(-0.,-0.,-1.));
#2925 = DIRECTION('',(-1.,0.,0.));
#2926 = ADVANCED_FACE('',(#2927),#2945,.F.);
#2927 = FACE_BOUND('',#2928,.T.);
#2928 = EDGE_LOOP('',(#2929,#2937,#2938,#2939));
#2929 = ORIENTED_EDGE('',*,*,#2930,.F.);
#2930 = EDGE_CURVE('',#1380,#2931,#2933,.T.);
#2931 = VERTEX_POINT('',#2932);
#2932 = CARTESIAN_POINT('',(26.5,27.96,21.));
#2933 = LINE('',#2934,#2935);
#2934 = CARTESIAN_POINT('',(27.,27.96,20.5));
#2935 = VECTOR('',#2936,1.);
#2936 = DIRECTION('',(-0.707106781187,4.329780281177E-17,0.707106781187)
  );
#2937 = ORIENTED_EDGE('',*,*,#1387,.T.);
#2938 = ORIENTED_EDGE('',*,*,#2880,.T.);
#2939 = ORIENTED_EDGE('',*,*,#2940,.F.);
#2940 = EDGE_CURVE('',#2931,#2881,#2941,.T.);
#2941 = LINE('',#2942,#2943);
#2942 = CARTESIAN_POINT('',(26.5,27.96,21.));
#2943 = VECTOR('',#2944,1.);
#2944 = DIRECTION('',(0.,1.,0.));
#2945 = PLANE('',#2946);
#2946 = AXIS2_PLACEMENT_3D('',#2947,#2948,#2949);
#2947 = CARTESIAN_POINT('',(26.75,27.96,20.75));
#2948 = DIRECTION('',(-0.707106781187,-1.889513820523E-18,
    -0.707106781187));
#2949 = DIRECTION('',(1.336088035637E-18,-1.,1.336088035637E-18));
#2950 = ADVANCED_FACE('',(#2951),#2969,.F.);
#2951 = FACE_BOUND('',#2952,.T.);
#2952 = EDGE_LOOP('',(#2953,#2954,#2955,#2963));
#2953 = ORIENTED_EDGE('',*,*,#2907,.F.);
#2954 = ORIENTED_EDGE('',*,*,#1404,.T.);
#2955 = ORIENTED_EDGE('',*,*,#2956,.T.);
#2956 = EDGE_CURVE('',#1405,#2957,#2959,.T.);
#2957 = VERTEX_POINT('',#2958);
#2958 = CARTESIAN_POINT('',(26.4,27.86,21.));
#2959 = LINE('',#2960,#2961);
#2960 = CARTESIAN_POINT('',(26.4,27.61,20.75));
#2961 = VECTOR('',#2962,1.);
#2962 = DIRECTION('',(2.90882763039E-35,0.707106781187,0.707106781187));
#2963 = ORIENTED_EDGE('',*,*,#2964,.F.);
#2964 = EDGE_CURVE('',#2908,#2957,#2965,.T.);
#2965 = LINE('',#2966,#2967);
#2966 = CARTESIAN_POINT('',(16.6,27.86,21.));
#2967 = VECTOR('',#2968,1.);
#2968 = DIRECTION('',(1.,0.,0.));
#2969 = PLANE('',#2970);
#2970 = AXIS2_PLACEMENT_3D('',#2971,#2972,#2973);
#2971 = CARTESIAN_POINT('',(16.6,27.61,20.75));
#2972 = DIRECTION('',(1.889513820523E-18,0.707106781187,-0.707106781187)
  );
#2973 = DIRECTION('',(-1.,1.336088035637E-18,-1.336088035637E-18));
#2974 = ADVANCED_FACE('',(#2975),#2987,.T.);
#2975 = FACE_BOUND('',#2976,.T.);
#2976 = EDGE_LOOP('',(#2977,#2978,#2979,#2980));
#2977 = ORIENTED_EDGE('',*,*,#2956,.F.);
#2978 = ORIENTED_EDGE('',*,*,#1429,.T.);
#2979 = ORIENTED_EDGE('',*,*,#2930,.T.);
#2980 = ORIENTED_EDGE('',*,*,#2981,.F.);
#2981 = EDGE_CURVE('',#2957,#2931,#2982,.T.);
#2982 = CIRCLE('',#2983,1.E-01);
#2983 = AXIS2_PLACEMENT_3D('',#2984,#2985,#2986);
#2984 = CARTESIAN_POINT('',(26.4,27.96,21.));
#2985 = DIRECTION('',(-0.,0.,1.));
#2986 = DIRECTION('',(0.,-1.,0.));
#2987 = CONICAL_SURFACE('',#2988,0.6,0.785398163397);
#2988 = AXIS2_PLACEMENT_3D('',#2989,#2990,#2991);
#2989 = CARTESIAN_POINT('',(26.4,27.96,20.5));
#2990 = DIRECTION('',(-0.,-0.,-1.));
#2991 = DIRECTION('',(0.,-1.,0.));
#2992 = ADVANCED_FACE('',(#2993),#3004,.F.);
#2993 = FACE_BOUND('',#2994,.F.);
#2994 = EDGE_LOOP('',(#2995,#2996,#2997,#3003));
#2995 = ORIENTED_EDGE('',*,*,#1445,.F.);
#2996 = ORIENTED_EDGE('',*,*,#2776,.T.);
#2997 = ORIENTED_EDGE('',*,*,#2998,.T.);
#2998 = EDGE_CURVE('',#2777,#2722,#2999,.T.);
#2999 = LINE('',#3000,#3001);
#3000 = CARTESIAN_POINT('',(47.,12.9,0.));
#3001 = VECTOR('',#3002,1.);
#3002 = DIRECTION('',(0.,1.,0.));
#3003 = ORIENTED_EDGE('',*,*,#2721,.T.);
#3004 = PLANE('',#3005);
#3005 = AXIS2_PLACEMENT_3D('',#3006,#3007,#3008);
#3006 = CARTESIAN_POINT('',(45.172338161771,15.9,0.));
#3007 = DIRECTION('',(0.,0.,1.));
#3008 = DIRECTION('',(1.,0.,0.));
#3009 = ADVANCED_FACE('',(#3010),#3040,.T.);
#3010 = FACE_BOUND('',#3011,.F.);
#3011 = EDGE_LOOP('',(#3012,#3013,#3014,#3015,#3016,#3017,#3018,#3019,
    #3020,#3021,#3022,#3023,#3024,#3025,#3026,#3027,#3028,#3029,#3030,
    #3031,#3032,#3033,#3034,#3035,#3036,#3037,#3038,#3039));
#3012 = ORIENTED_EDGE('',*,*,#1470,.T.);
#3013 = ORIENTED_EDGE('',*,*,#2166,.T.);
#3014 = ORIENTED_EDGE('',*,*,#2147,.T.);
#3015 = ORIENTED_EDGE('',*,*,#2121,.T.);
#3016 = ORIENTED_EDGE('',*,*,#2095,.T.);
#3017 = ORIENTED_EDGE('',*,*,#2069,.T.);
#3018 = ORIENTED_EDGE('',*,*,#2043,.T.);
#3019 = ORIENTED_EDGE('',*,*,#2017,.T.);
#3020 = ORIENTED_EDGE('',*,*,#1993,.T.);
#3021 = ORIENTED_EDGE('',*,*,#1967,.T.);
#3022 = ORIENTED_EDGE('',*,*,#1941,.T.);
#3023 = ORIENTED_EDGE('',*,*,#1915,.T.);
#3024 = ORIENTED_EDGE('',*,*,#1889,.T.);
#3025 = ORIENTED_EDGE('',*,*,#1863,.T.);
#3026 = ORIENTED_EDGE('',*,*,#1837,.T.);
#3027 = ORIENTED_EDGE('',*,*,#1813,.T.);
#3028 = ORIENTED_EDGE('',*,*,#1787,.T.);
#3029 = ORIENTED_EDGE('',*,*,#1761,.T.);
#3030 = ORIENTED_EDGE('',*,*,#1735,.T.);
#3031 = ORIENTED_EDGE('',*,*,#1709,.T.);
#3032 = ORIENTED_EDGE('',*,*,#1683,.T.);
#3033 = ORIENTED_EDGE('',*,*,#1657,.T.);
#3034 = ORIENTED_EDGE('',*,*,#1631,.T.);
#3035 = ORIENTED_EDGE('',*,*,#1605,.T.);
#3036 = ORIENTED_EDGE('',*,*,#1579,.T.);
#3037 = ORIENTED_EDGE('',*,*,#1553,.T.);
#3038 = ORIENTED_EDGE('',*,*,#1527,.T.);
#3039 = ORIENTED_EDGE('',*,*,#1501,.T.);
#3040 = PLANE('',#3041);
#3041 = AXIS2_PLACEMENT_3D('',#3042,#3043,#3044);
#3042 = CARTESIAN_POINT('',(23.806598217597,1.653673606895,
    6.297713534189));
#3043 = DIRECTION('',(0.,-0.939692620786,0.342020143326));
#3044 = DIRECTION('',(1.,0.,0.));
#3045 = ADVANCED_FACE('',(#3046),#3069,.T.);
#3046 = FACE_BOUND('',#3047,.F.);
#3047 = EDGE_LOOP('',(#3048,#3049,#3050,#3051,#3052,#3053,#3054,#3055,
    #3056,#3057,#3058,#3059,#3060,#3061,#3062,#3063,#3064,#3065,#3066,
    #3067,#3068));
#3048 = ORIENTED_EDGE('',*,*,#2192,.T.);
#3049 = ORIENTED_EDGE('',*,*,#2706,.T.);
#3050 = ORIENTED_EDGE('',*,*,#2687,.T.);
#3051 = ORIENTED_EDGE('',*,*,#2661,.T.);
#3052 = ORIENTED_EDGE('',*,*,#2635,.T.);
#3053 = ORIENTED_EDGE('',*,*,#2609,.T.);
#3054 = ORIENTED_EDGE('',*,*,#2583,.T.);
#3055 = ORIENTED_EDGE('',*,*,#2557,.T.);
#3056 = ORIENTED_EDGE('',*,*,#2531,.T.);
#3057 = ORIENTED_EDGE('',*,*,#2505,.T.);
#3058 = ORIENTED_EDGE('',*,*,#2481,.T.);
#3059 = ORIENTED_EDGE('',*,*,#2455,.T.);
#3060 = ORIENTED_EDGE('',*,*,#2429,.T.);
#3061 = ORIENTED_EDGE('',*,*,#2403,.T.);
#3062 = ORIENTED_EDGE('',*,*,#2377,.T.);
#3063 = ORIENTED_EDGE('',*,*,#2351,.T.);
#3064 = ORIENTED_EDGE('',*,*,#2325,.T.);
#3065 = ORIENTED_EDGE('',*,*,#2299,.T.);
#3066 = ORIENTED_EDGE('',*,*,#2273,.T.);
#3067 = ORIENTED_EDGE('',*,*,#2247,.T.);
#3068 = ORIENTED_EDGE('',*,*,#2223,.T.);
#3069 = PLANE('',#3070);
#3070 = AXIS2_PLACEMENT_3D('',#3071,#3072,#3073);
#3071 = CARTESIAN_POINT('',(19.43806663497,1.609944891634,6.17756987643)
  );
#3072 = DIRECTION('',(0.,-0.939692620786,0.342020143326));
#3073 = DIRECTION('',(1.,0.,0.));
#3074 = ADVANCED_FACE('',(#3075),#3081,.F.);
#3075 = FACE_BOUND('',#3076,.F.);
#3076 = EDGE_LOOP('',(#3077,#3078,#3079,#3080));
#3077 = ORIENTED_EDGE('',*,*,#2786,.T.);
#3078 = ORIENTED_EDGE('',*,*,#2761,.T.);
#3079 = ORIENTED_EDGE('',*,*,#2729,.F.);
#3080 = ORIENTED_EDGE('',*,*,#2998,.F.);
#3081 = PLANE('',#3082);
#3082 = AXIS2_PLACEMENT_3D('',#3083,#3084,#3085);
#3083 = CARTESIAN_POINT('',(47.,12.9,0.));
#3084 = DIRECTION('',(-1.,0.,0.));
#3085 = DIRECTION('',(0.,1.,0.));
#3086 = ADVANCED_FACE('',(#3087),#3097,.T.);
#3087 = FACE_BOUND('',#3088,.T.);
#3088 = EDGE_LOOP('',(#3089,#3090,#3091,#3092,#3093,#3094,#3095,#3096));
#3089 = ORIENTED_EDGE('',*,*,#2842,.T.);
#3090 = ORIENTED_EDGE('',*,*,#2817,.T.);
#3091 = ORIENTED_EDGE('',*,*,#2866,.T.);
#3092 = ORIENTED_EDGE('',*,*,#2915,.T.);
#3093 = ORIENTED_EDGE('',*,*,#2964,.T.);
#3094 = ORIENTED_EDGE('',*,*,#2981,.T.);
#3095 = ORIENTED_EDGE('',*,*,#2940,.T.);
#3096 = ORIENTED_EDGE('',*,*,#2890,.T.);
#3097 = PLANE('',#3098);
#3098 = AXIS2_PLACEMENT_3D('',#3099,#3100,#3101);
#3099 = CARTESIAN_POINT('',(21.5,32.86,21.));
#3100 = DIRECTION('',(0.,0.,1.));
#3101 = DIRECTION('',(1.,0.,0.));
#3102 = ( GEOMETRIC_REPRESENTATION_CONTEXT(3) 
GLOBAL_UNCERTAINTY_ASSIGNED_CONTEXT((#3106)) 
GLOBAL_UNIT_ASSIGNED_CONTEXT((#3103,#3104,#3105)) REPRESENTATION_CONTEXT
('Context #1','3D Context with UNIT and UNCERTAINTY') );
#3103 = ( LENGTH_UNIT() NAMED_UNIT(*) SI_UNIT(.MILLI.,.METRE.) );
#3104 = ( NAMED_UNIT(*) PLANE_ANGLE_UNIT() SI_UNIT($,.RADIAN.) );
#3105 = ( NAMED_UNIT(*) SI_UNIT($,.STERADIAN.) SOLID_ANGLE_UNIT() );
#3106 = UNCERTAINTY_MEASURE_WITH_UNIT(LENGTH_MEASURE(1.E-06),#3103,
  'distance_accuracy_value','confusion accuracy');
#3107 = PRODUCT_RELATED_PRODUCT_CATEGORY('part',$,(#7));
ENDSEC;
END-ISO-10303-21;
