ISO-10303-21;
HEADER;
FILE_DESCRIPTION(('FreeCAD Model'),'2;1');
FILE_NAME('Open CASCADE Shape Model','2026-08-30T14:33:01',('FreeCAD'),(
    'FreeCAD'),'Open CASCADE STEP processor 7.8','FreeCAD','Unknown');
FILE_SCHEMA(('AUTOMOTIVE_DESIGN { 1 0 10303 214 1 1 1 1 }'));
ENDSEC;
DATA;
#1 = APPLICATION_PROTOCOL_DEFINITION('international standard',
  'automotive_design',2000,#2);
#2 = APPLICATION_CONTEXT(
  'core data for automotive mechanical design processes');
#3 = SHAPE_DEFINITION_REPRESENTATION(#4,#10);
#4 = PRODUCT_DEFINITION_SHAPE('','',#5);
#5 = PRODUCT_DEFINITION('design','',#6,#9);
#6 = PRODUCT_DEFINITION_FORMATION('','',#7);
#7 = PRODUCT('Open CASCADE STEP translator 7.8 27',
  'Open CASCADE STEP translator 7.8 27','',(#8));
#8 = PRODUCT_CONTEXT('',#2,'mechanical');
#9 = PRODUCT_DEFINITION_CONTEXT('part definition',#2,'design');
#10 = ADVANCED_BREP_SHAPE_REPRESENTATION('',(#11,#15),#1903);
#11 = AXIS2_PLACEMENT_3D('',#12,#13,#14);
#12 = CARTESIAN_POINT('',(0.,0.,0.));
#13 = DIRECTION('',(0.,0.,1.));
#14 = DIRECTION('',(1.,0.,-0.));
#15 = MANIFOLD_SOLID_BREP('',#16);
#16 = CLOSED_SHELL('',(#17,#57,#222,#246,#334,#647,#664,#681,#698,#715,
    #732,#749,#766,#798,#822,#846,#871,#896,#920,#944,#962,#979,#1012,
    #1038,#1064,#1090,#1116,#1142,#1168,#1194,#1220,#1246,#1272,#1298,
    #1324,#1350,#1376,#1395,#1426,#1450,#1474,#1506,#1530,#1554,#1579,
    #1604,#1628,#1652,#1670,#1687,#1843,#1855,#1871,#1887));
#17 = ADVANCED_FACE('',(#18),#52,.F.);
#18 = FACE_BOUND('',#19,.F.);
#19 = EDGE_LOOP('',(#20,#30,#38,#46));
#20 = ORIENTED_EDGE('',*,*,#21,.F.);
#21 = EDGE_CURVE('',#22,#24,#26,.T.);
#22 = VERTEX_POINT('',#23);
#23 = CARTESIAN_POINT('',(0.,3.639702342662,10.));
#24 = VERTEX_POINT('',#25);
#25 = CARTESIAN_POINT('',(0.,13.75,10.));
#26 = LINE('',#27,#28);
#27 = CARTESIAN_POINT('',(0.,0.,10.));
#28 = VECTOR('',#29,1.);
#29 = DIRECTION('',(0.,1.,0.));
#30 = ORIENTED_EDGE('',*,*,#31,.T.);
#31 = EDGE_CURVE('',#22,#32,#34,.T.);
#32 = VERTEX_POINT('',#33);
#33 = CARTESIAN_POINT('',(0.,0.,0.));
#34 = LINE('',#35,#36);
#35 = CARTESIAN_POINT('',(0.,0.,0.));
#36 = VECTOR('',#37,1.);
#37 = DIRECTION('',(0.,-0.342020143326,-0.939692620786));
#38 = ORIENTED_EDGE('',*,*,#39,.T.);
#39 = EDGE_CURVE('',#32,#40,#42,.T.);
#40 = VERTEX_POINT('',#41);
#41 = CARTESIAN_POINT('',(0.,13.75,0.));
#42 = LINE('',#43,#44);
#43 = CARTESIAN_POINT('',(0.,0.,0.));
#44 = VECTOR('',#45,1.);
#45 = DIRECTION('',(0.,1.,0.));
#46 = ORIENTED_EDGE('',*,*,#47,.T.);
#47 = EDGE_CURVE('',#40,#24,#48,.T.);
#48 = LINE('',#49,#50);
#49 = CARTESIAN_POINT('',(0.,13.75,-1.));
#50 = VECTOR('',#51,1.);
#51 = DIRECTION('',(0.,0.,1.));
#52 = PLANE('',#53);
#53 = AXIS2_PLACEMENT_3D('',#54,#55,#56);
#54 = CARTESIAN_POINT('',(0.,0.,0.));
#55 = DIRECTION('',(1.,0.,0.));
#56 = DIRECTION('',(0.,0.,1.));
#57 = ADVANCED_FACE('',(#58,#147),#217,.T.);
#58 = FACE_BOUND('',#59,.T.);
#59 = EDGE_LOOP('',(#60,#61,#69,#77,#85,#93,#101,#109,#117,#125,#133,
    #141));
#60 = ORIENTED_EDGE('',*,*,#21,.F.);
#61 = ORIENTED_EDGE('',*,*,#62,.T.);
#62 = EDGE_CURVE('',#22,#63,#65,.T.);
#63 = VERTEX_POINT('',#64);
#64 = CARTESIAN_POINT('',(43.,3.639702342662,10.));
#65 = LINE('',#66,#67);
#66 = CARTESIAN_POINT('',(-1.,3.639702342662,10.));
#67 = VECTOR('',#68,1.);
#68 = DIRECTION('',(1.,0.,0.));
#69 = ORIENTED_EDGE('',*,*,#70,.T.);
#70 = EDGE_CURVE('',#63,#71,#73,.T.);
#71 = VERTEX_POINT('',#72);
#72 = CARTESIAN_POINT('',(43.,13.875609756098,10.));
#73 = LINE('',#74,#75);
#74 = CARTESIAN_POINT('',(43.,0.,10.));
#75 = VECTOR('',#76,1.);
#76 = DIRECTION('',(0.,1.,0.));
#77 = ORIENTED_EDGE('',*,*,#78,.F.);
#78 = EDGE_CURVE('',#79,#71,#81,.T.);
#79 = VERTEX_POINT('',#80);
#80 = CARTESIAN_POINT('',(42.9,13.9,10.));
#81 = LINE('',#82,#83);
#82 = CARTESIAN_POINT('',(42.9,13.9,10.));
#83 = VECTOR('',#84,1.);
#84 = DIRECTION('',(0.971520338783,-0.236956180191,0.));
#85 = ORIENTED_EDGE('',*,*,#86,.F.);
#86 = EDGE_CURVE('',#87,#79,#89,.T.);
#87 = VERTEX_POINT('',#88);
#88 = CARTESIAN_POINT('',(42.9,17.9,10.));
#89 = LINE('',#90,#91);
#90 = CARTESIAN_POINT('',(42.9,17.9,10.));
#91 = VECTOR('',#92,1.);
#92 = DIRECTION('',(0.,-1.,0.));
#93 = ORIENTED_EDGE('',*,*,#94,.F.);
#94 = EDGE_CURVE('',#95,#87,#97,.T.);
#95 = VERTEX_POINT('',#96);
#96 = CARTESIAN_POINT('',(43.,17.924390243902,10.));
#97 = LINE('',#98,#99);
#98 = CARTESIAN_POINT('',(47.,18.9,10.));
#99 = VECTOR('',#100,1.);
#100 = DIRECTION('',(-0.971520338783,-0.236956180191,0.));
#101 = ORIENTED_EDGE('',*,*,#102,.T.);
#102 = EDGE_CURVE('',#95,#103,#105,.T.);
#103 = VERTEX_POINT('',#104);
#104 = CARTESIAN_POINT('',(43.,53.,10.));
#105 = LINE('',#106,#107);
#106 = CARTESIAN_POINT('',(43.,0.,10.));
#107 = VECTOR('',#108,1.);
#108 = DIRECTION('',(0.,1.,0.));
#109 = ORIENTED_EDGE('',*,*,#110,.F.);
#110 = EDGE_CURVE('',#111,#103,#113,.T.);
#111 = VERTEX_POINT('',#112);
#112 = CARTESIAN_POINT('',(0.,53.,10.));
#113 = LINE('',#114,#115);
#114 = CARTESIAN_POINT('',(0.,53.,10.));
#115 = VECTOR('',#116,1.);
#116 = DIRECTION('',(1.,0.,0.));
#117 = ORIENTED_EDGE('',*,*,#118,.F.);
#118 = EDGE_CURVE('',#119,#111,#121,.T.);
#119 = VERTEX_POINT('',#120);
#120 = CARTESIAN_POINT('',(0.,18.05,10.));
#121 = LINE('',#122,#123);
#122 = CARTESIAN_POINT('',(0.,0.,10.));
#123 = VECTOR('',#124,1.);
#124 = DIRECTION('',(0.,1.,0.));
#125 = ORIENTED_EDGE('',*,*,#126,.T.);
#126 = EDGE_CURVE('',#119,#127,#129,.T.);
#127 = VERTEX_POINT('',#128);
#128 = CARTESIAN_POINT('',(4.,19.05,10.));
#129 = LINE('',#130,#131);
#130 = CARTESIAN_POINT('',(-0.123529411765,18.019117647059,10.));
#131 = VECTOR('',#132,1.);
#132 = DIRECTION('',(0.970142500145,0.242535625036,0.));
#133 = ORIENTED_EDGE('',*,*,#134,.T.);
#134 = EDGE_CURVE('',#127,#135,#137,.T.);
#135 = VERTEX_POINT('',#136);
#136 = CARTESIAN_POINT('',(4.,12.75,10.));
#137 = LINE('',#138,#139);
#138 = CARTESIAN_POINT('',(4.,6.375,10.));
#139 = VECTOR('',#140,1.);
#140 = DIRECTION('',(0.,-1.,0.));
#141 = ORIENTED_EDGE('',*,*,#142,.T.);
#142 = EDGE_CURVE('',#135,#24,#143,.T.);
#143 = LINE('',#144,#145);
#144 = CARTESIAN_POINT('',(1.617647058824,13.345588235294,10.));
#145 = VECTOR('',#146,1.);
#146 = DIRECTION('',(-0.970142500145,0.242535625036,0.));
#147 = FACE_BOUND('',#148,.T.);
#148 = EDGE_LOOP('',(#149,#160,#168,#177,#185,#194,#202,#211));
#149 = ORIENTED_EDGE('',*,*,#150,.F.);
#150 = EDGE_CURVE('',#151,#153,#155,.T.);
#151 = VERTEX_POINT('',#152);
#152 = CARTESIAN_POINT('',(16.6,38.36,10.));
#153 = VERTEX_POINT('',#154);
#154 = CARTESIAN_POINT('',(16.,37.76,10.));
#155 = CIRCLE('',#156,0.6);
#156 = AXIS2_PLACEMENT_3D('',#157,#158,#159);
#157 = CARTESIAN_POINT('',(16.6,37.76,10.));
#158 = DIRECTION('',(0.,-0.,1.));
#159 = DIRECTION('',(0.,1.,0.));
#160 = ORIENTED_EDGE('',*,*,#161,.T.);
#161 = EDGE_CURVE('',#151,#162,#164,.T.);
#162 = VERTEX_POINT('',#163);
#163 = CARTESIAN_POINT('',(26.4,38.36,10.));
#164 = LINE('',#165,#166);
#165 = CARTESIAN_POINT('',(13.5,38.36,10.));
#166 = VECTOR('',#167,1.);
#167 = DIRECTION('',(1.,0.,0.));
#168 = ORIENTED_EDGE('',*,*,#169,.F.);
#169 = EDGE_CURVE('',#170,#162,#172,.T.);
#170 = VERTEX_POINT('',#171);
#171 = CARTESIAN_POINT('',(27.,37.76,10.));
#172 = CIRCLE('',#173,0.6);
#173 = AXIS2_PLACEMENT_3D('',#174,#175,#176);
#174 = CARTESIAN_POINT('',(26.4,37.76,10.));
#175 = DIRECTION('',(0.,-0.,1.));
#176 = DIRECTION('',(0.,1.,0.));
#177 = ORIENTED_EDGE('',*,*,#178,.T.);
#178 = EDGE_CURVE('',#170,#179,#181,.T.);
#179 = VERTEX_POINT('',#180);
#180 = CARTESIAN_POINT('',(27.,27.96,10.));
#181 = LINE('',#182,#183);
#182 = CARTESIAN_POINT('',(27.,13.68,10.));
#183 = VECTOR('',#184,1.);
#184 = DIRECTION('',(0.,-1.,0.));
#185 = ORIENTED_EDGE('',*,*,#186,.F.);
#186 = EDGE_CURVE('',#187,#179,#189,.T.);
#187 = VERTEX_POINT('',#188);
#188 = CARTESIAN_POINT('',(26.4,27.36,10.));
#189 = CIRCLE('',#190,0.6);
#190 = AXIS2_PLACEMENT_3D('',#191,#192,#193);
#191 = CARTESIAN_POINT('',(26.4,27.96,10.));
#192 = DIRECTION('',(-0.,0.,1.));
#193 = DIRECTION('',(0.,-1.,0.));
#194 = ORIENTED_EDGE('',*,*,#195,.T.);
#195 = EDGE_CURVE('',#187,#196,#198,.T.);
#196 = VERTEX_POINT('',#197);
#197 = CARTESIAN_POINT('',(16.6,27.36,10.));
#198 = LINE('',#199,#200);
#199 = CARTESIAN_POINT('',(8.,27.36,10.));
#200 = VECTOR('',#201,1.);
#201 = DIRECTION('',(-1.,0.,0.));
#202 = ORIENTED_EDGE('',*,*,#203,.F.);
#203 = EDGE_CURVE('',#204,#196,#206,.T.);
#204 = VERTEX_POINT('',#205);
#205 = CARTESIAN_POINT('',(16.,27.96,10.));
#206 = CIRCLE('',#207,0.6);
#207 = AXIS2_PLACEMENT_3D('',#208,#209,#210);
#208 = CARTESIAN_POINT('',(16.6,27.96,10.));
#209 = DIRECTION('',(0.,0.,1.));
#210 = DIRECTION('',(-1.,0.,0.));
#211 = ORIENTED_EDGE('',*,*,#212,.T.);
#212 = EDGE_CURVE('',#204,#153,#213,.T.);
#213 = LINE('',#214,#215);
#214 = CARTESIAN_POINT('',(16.,19.18,10.));
#215 = VECTOR('',#216,1.);
#216 = DIRECTION('',(0.,1.,0.));
#217 = PLANE('',#218);
#218 = AXIS2_PLACEMENT_3D('',#219,#220,#221);
#219 = CARTESIAN_POINT('',(0.,0.,10.));
#220 = DIRECTION('',(0.,0.,1.));
#221 = DIRECTION('',(1.,0.,0.));
#222 = ADVANCED_FACE('',(#223),#241,.T.);
#223 = FACE_BOUND('',#224,.T.);
#224 = EDGE_LOOP('',(#225,#233,#234,#235));
#225 = ORIENTED_EDGE('',*,*,#226,.T.);
#226 = EDGE_CURVE('',#227,#40,#229,.T.);
#227 = VERTEX_POINT('',#228);
#228 = CARTESIAN_POINT('',(4.,12.75,0.));
#229 = LINE('',#230,#231);
#230 = CARTESIAN_POINT('',(1.617647058824,13.345588235294,0.));
#231 = VECTOR('',#232,1.);
#232 = DIRECTION('',(-0.970142500145,0.242535625036,0.));
#233 = ORIENTED_EDGE('',*,*,#47,.T.);
#234 = ORIENTED_EDGE('',*,*,#142,.F.);
#235 = ORIENTED_EDGE('',*,*,#236,.F.);
#236 = EDGE_CURVE('',#227,#135,#237,.T.);
#237 = LINE('',#238,#239);
#238 = CARTESIAN_POINT('',(4.,12.75,-1.));
#239 = VECTOR('',#240,1.);
#240 = DIRECTION('',(0.,0.,1.));
#241 = PLANE('',#242);
#242 = AXIS2_PLACEMENT_3D('',#243,#244,#245);
#243 = CARTESIAN_POINT('',(0.,13.75,-1.));
#244 = DIRECTION('',(0.242535625036,0.970142500145,0.));
#245 = DIRECTION('',(0.970142500145,-0.242535625036,0.));
#246 = ADVANCED_FACE('',(#247),#329,.F.);
#247 = FACE_BOUND('',#248,.F.);
#248 = EDGE_LOOP('',(#249,#250,#258,#266,#274,#282,#290,#298,#306,#314,
    #322,#328));
#249 = ORIENTED_EDGE('',*,*,#39,.F.);
#250 = ORIENTED_EDGE('',*,*,#251,.T.);
#251 = EDGE_CURVE('',#32,#252,#254,.T.);
#252 = VERTEX_POINT('',#253);
#253 = CARTESIAN_POINT('',(43.,0.,0.));
#254 = LINE('',#255,#256);
#255 = CARTESIAN_POINT('',(0.,0.,0.));
#256 = VECTOR('',#257,1.);
#257 = DIRECTION('',(1.,0.,0.));
#258 = ORIENTED_EDGE('',*,*,#259,.T.);
#259 = EDGE_CURVE('',#252,#260,#262,.T.);
#260 = VERTEX_POINT('',#261);
#261 = CARTESIAN_POINT('',(43.,13.875609756098,0.));
#262 = LINE('',#263,#264);
#263 = CARTESIAN_POINT('',(43.,0.,0.));
#264 = VECTOR('',#265,1.);
#265 = DIRECTION('',(0.,1.,0.));
#266 = ORIENTED_EDGE('',*,*,#267,.F.);
#267 = EDGE_CURVE('',#268,#260,#270,.T.);
#268 = VERTEX_POINT('',#269);
#269 = CARTESIAN_POINT('',(42.9,13.9,0.));
#270 = LINE('',#271,#272);
#271 = CARTESIAN_POINT('',(42.9,13.9,0.));
#272 = VECTOR('',#273,1.);
#273 = DIRECTION('',(0.971520338783,-0.236956180191,0.));
#274 = ORIENTED_EDGE('',*,*,#275,.F.);
#275 = EDGE_CURVE('',#276,#268,#278,.T.);
#276 = VERTEX_POINT('',#277);
#277 = CARTESIAN_POINT('',(42.9,17.9,0.));
#278 = LINE('',#279,#280);
#279 = CARTESIAN_POINT('',(42.9,17.9,0.));
#280 = VECTOR('',#281,1.);
#281 = DIRECTION('',(0.,-1.,0.));
#282 = ORIENTED_EDGE('',*,*,#283,.F.);
#283 = EDGE_CURVE('',#284,#276,#286,.T.);
#284 = VERTEX_POINT('',#285);
#285 = CARTESIAN_POINT('',(43.,17.924390243902,0.));
#286 = LINE('',#287,#288);
#287 = CARTESIAN_POINT('',(47.,18.9,0.));
#288 = VECTOR('',#289,1.);
#289 = DIRECTION('',(-0.971520338783,-0.236956180191,0.));
#290 = ORIENTED_EDGE('',*,*,#291,.T.);
#291 = EDGE_CURVE('',#284,#292,#294,.T.);
#292 = VERTEX_POINT('',#293);
#293 = CARTESIAN_POINT('',(43.,53.,0.));
#294 = LINE('',#295,#296);
#295 = CARTESIAN_POINT('',(43.,0.,0.));
#296 = VECTOR('',#297,1.);
#297 = DIRECTION('',(0.,1.,0.));
#298 = ORIENTED_EDGE('',*,*,#299,.F.);
#299 = EDGE_CURVE('',#300,#292,#302,.T.);
#300 = VERTEX_POINT('',#301);
#301 = CARTESIAN_POINT('',(0.,53.,0.));
#302 = LINE('',#303,#304);
#303 = CARTESIAN_POINT('',(0.,53.,0.));
#304 = VECTOR('',#305,1.);
#305 = DIRECTION('',(1.,0.,0.));
#306 = ORIENTED_EDGE('',*,*,#307,.F.);
#307 = EDGE_CURVE('',#308,#300,#310,.T.);
#308 = VERTEX_POINT('',#309);
#309 = CARTESIAN_POINT('',(0.,18.05,0.));
#310 = LINE('',#311,#312);
#311 = CARTESIAN_POINT('',(0.,0.,0.));
#312 = VECTOR('',#313,1.);
#313 = DIRECTION('',(0.,1.,0.));
#314 = ORIENTED_EDGE('',*,*,#315,.T.);
#315 = EDGE_CURVE('',#308,#316,#318,.T.);
#316 = VERTEX_POINT('',#317);
#317 = CARTESIAN_POINT('',(4.,19.05,0.));
#318 = LINE('',#319,#320);
#319 = CARTESIAN_POINT('',(-0.123529411765,18.019117647059,0.));
#320 = VECTOR('',#321,1.);
#321 = DIRECTION('',(0.970142500145,0.242535625036,0.));
#322 = ORIENTED_EDGE('',*,*,#323,.T.);
#323 = EDGE_CURVE('',#316,#227,#324,.T.);
#324 = LINE('',#325,#326);
#325 = CARTESIAN_POINT('',(4.,6.375,0.));
#326 = VECTOR('',#327,1.);
#327 = DIRECTION('',(0.,-1.,0.));
#328 = ORIENTED_EDGE('',*,*,#226,.T.);
#329 = PLANE('',#330);
#330 = AXIS2_PLACEMENT_3D('',#331,#332,#333);
#331 = CARTESIAN_POINT('',(0.,0.,0.));
#332 = DIRECTION('',(0.,0.,1.));
#333 = DIRECTION('',(1.,0.,0.));
#334 = ADVANCED_FACE('',(#335,#346),#642,.T.);
#335 = FACE_BOUND('',#336,.T.);
#336 = EDGE_LOOP('',(#337,#338,#339,#345));
#337 = ORIENTED_EDGE('',*,*,#31,.T.);
#338 = ORIENTED_EDGE('',*,*,#251,.T.);
#339 = ORIENTED_EDGE('',*,*,#340,.F.);
#340 = EDGE_CURVE('',#63,#252,#341,.T.);
#341 = LINE('',#342,#343);
#342 = CARTESIAN_POINT('',(43.,0.,0.));
#343 = VECTOR('',#344,1.);
#344 = DIRECTION('',(0.,-0.342020143326,-0.939692620786));
#345 = ORIENTED_EDGE('',*,*,#62,.F.);
#346 = FACE_BOUND('',#347,.T.);
#347 = EDGE_LOOP('',(#348,#365,#380,#399,#418,#441,#460,#475,#490,#509,
    #524,#547,#570,#587,#610,#625));
#348 = ORIENTED_EDGE('',*,*,#349,.F.);
#349 = EDGE_CURVE('',#350,#352,#354,.T.);
#350 = VERTEX_POINT('',#351);
#351 = CARTESIAN_POINT('',(19.988407643312,2.475715391078,6.801972133982
    ));
#352 = VERTEX_POINT('',#353);
#353 = CARTESIAN_POINT('',(20.594267515924,2.309715805591,6.345892021218
    ));
#354 = B_SPLINE_CURVE_WITH_KNOTS('',5,(#355,#356,#357,#358,#359,#360,
    #361,#362,#363,#364),.UNSPECIFIED.,.F.,.F.,(6,4,6),(0.,
    0.490706336349,1.),.UNSPECIFIED.);
#355 = CARTESIAN_POINT('',(19.988407643312,2.475715391078,6.801972133982
    ));
#356 = CARTESIAN_POINT('',(20.026760191941,2.454318054409,6.743183434648
    ));
#357 = CARTESIAN_POINT('',(20.070917714583,2.434095120956,6.687621381631
    ));
#358 = CARTESIAN_POINT('',(20.120708147243,2.415130943856,6.63551773327)
  );
#359 = CARTESIAN_POINT('',(20.175792108414,2.397458767608,6.586963828076
    ));
#360 = CARTESIAN_POINT('',(20.297948292121,2.364075749475,6.495244739563
    ));
#361 = CARTESIAN_POINT('',(20.365401034284,2.348463181643,6.452349561986
    ));
#362 = CARTESIAN_POINT('',(20.437618564066,2.334235666645,6.413259785793
    ));
#363 = CARTESIAN_POINT('',(20.514068286089,2.321341994088,6.377834711589
    ));
#364 = CARTESIAN_POINT('',(20.594267515924,2.309715805591,6.345892021218
    ));
#365 = ORIENTED_EDGE('',*,*,#366,.F.);
#366 = EDGE_CURVE('',#367,#350,#369,.T.);
#367 = VERTEX_POINT('',#368);
#368 = CARTESIAN_POINT('',(19.799363057325,2.707417699639,7.43856899479)
  );
#369 = B_SPLINE_CURVE_WITH_KNOTS('',5,(#370,#371,#372,#373,#374,#375,
    #376,#377,#378,#379),.UNSPECIFIED.,.F.,.F.,(6,4,6),(0.,0.55848140517
    ,1.),.UNSPECIFIED.);
#370 = CARTESIAN_POINT('',(19.799363057325,2.707417699639,7.43856899479)
  );
#371 = CARTESIAN_POINT('',(19.799363057325,2.679592371197,7.362119533208
    ));
#372 = CARTESIAN_POINT('',(19.805124922495,2.652166960343,7.286768836166
    ));
#373 = CARTESIAN_POINT('',(19.81683006318,2.625226899196,7.212751626486)
  );
#374 = CARTESIAN_POINT('',(19.834553115617,2.59885341462,7.140291073141)
  );
#375 = CARTESIAN_POINT('',(19.876938806456,2.552776423057,7.013695579265
    ));
#376 = CARTESIAN_POINT('',(19.899371587918,2.532831869026,6.958898367425
    ));
#377 = CARTESIAN_POINT('',(19.925490063248,2.513322626034,6.905297162834
    ));
#378 = CARTESIAN_POINT('',(19.955210495046,2.494276732458,6.852969000298
    ));
#379 = CARTESIAN_POINT('',(19.988407643312,2.475715391078,6.801972133982
    ));
#380 = ORIENTED_EDGE('',*,*,#381,.F.);
#381 = EDGE_CURVE('',#382,#367,#384,.T.);
#382 = VERTEX_POINT('',#383);
#383 = CARTESIAN_POINT('',(20.236815286624,3.063031509808,8.415609908274
    ));
#384 = B_SPLINE_CURVE_WITH_KNOTS('',5,(#385,#386,#387,#388,#389,#390,
    #391,#392,#393,#394,#395,#396,#397,#398),.UNSPECIFIED.,.F.,.F.,(6,4,
    4,6),(0.,0.421527828333,0.808501276271,1.),.UNSPECIFIED.);
#385 = CARTESIAN_POINT('',(20.236815286624,3.063031509808,8.415609908274
    ));
#386 = CARTESIAN_POINT('',(20.164399401476,3.039792866317,8.351762260025
    ));
#387 = CARTESIAN_POINT('',(20.098213225527,3.014866987788,8.283278971608
    ));
#388 = CARTESIAN_POINT('',(20.03910645119,2.988269725413,8.210203593812)
  );
#389 = CARTESIAN_POINT('',(19.987768466065,2.96008848013,8.132776258745)
  );
#390 = CARTESIAN_POINT('',(19.904776910362,2.903398356174,7.97702142327)
  );
#391 = CARTESIAN_POINT('',(19.871843811642,2.875098295427,7.899267645397
    ));
#392 = CARTESIAN_POINT('',(19.845937046593,2.845790503335,7.818745148411
    ));
#393 = CARTESIAN_POINT('',(19.826931683937,2.815659477027,7.735960834004
    ));
#394 = CARTESIAN_POINT('',(19.808343769963,2.769670519371,7.6096072113)
  );
#395 = CARTESIAN_POINT('',(19.803799383671,2.754289872796,7.56734923214)
  );
#396 = CARTESIAN_POINT('',(19.800822437084,2.738774521491,7.524721154775
    ));
#397 = CARTESIAN_POINT('',(19.799363057325,2.723144395299,7.481777735999
    ));
#398 = CARTESIAN_POINT('',(19.799363057325,2.707417699639,7.43856899479)
  );
#399 = ORIENTED_EDGE('',*,*,#400,.F.);
#400 = EDGE_CURVE('',#401,#382,#403,.T.);
#401 = VERTEX_POINT('',#402);
#402 = CARTESIAN_POINT('',(21.480891719745,3.203499400519,8.801542266161
    ));
#403 = B_SPLINE_CURVE_WITH_KNOTS('',5,(#404,#405,#406,#407,#408,#409,
    #410,#411,#412,#413,#414,#415,#416,#417),.UNSPECIFIED.,.F.,.F.,(6,4,
    4,6),(0.,0.399894894789,0.717744277033,1.),.UNSPECIFIED.);
#404 = CARTESIAN_POINT('',(21.480891719745,3.203499400519,8.801542266161
    ));
#405 = CARTESIAN_POINT('',(21.367000259388,3.203499400519,8.801542266161
    ));
#406 = CARTESIAN_POINT('',(21.254391651472,3.2017478283,8.796729861042)
  );
#407 = CARTESIAN_POINT('',(21.143462776084,3.198042274929,8.786548936827
    ));
#408 = CARTESIAN_POINT('',(21.034836824034,3.192145637246,8.770348057945
    ));
#409 = CARTESIAN_POINT('',(20.845405895276,3.177258717618,8.729446582421
    ));
#410 = CARTESIAN_POINT('',(20.763467519436,3.169151591799,8.707172437298
    ));
#411 = CARTESIAN_POINT('',(20.683888004406,3.159429253156,8.68046053141)
  );
#412 = CARTESIAN_POINT('',(20.607147162828,3.148007376656,8.649079183638
    ));
#413 = CARTESIAN_POINT('',(20.468508030262,3.123197455972,8.580914486782
    ));
#414 = CARTESIAN_POINT('',(20.405904077739,3.110171860921,8.545126958504
    ));
#415 = CARTESIAN_POINT('',(20.346244557586,3.095778005497,8.505580165748
    ));
#416 = CARTESIAN_POINT('',(20.28981492449,3.080040027449,8.462340426431)
  );
#417 = CARTESIAN_POINT('',(20.236815286624,3.063031509808,8.415609908274
    ));
#418 = ORIENTED_EDGE('',*,*,#419,.F.);
#419 = EDGE_CURVE('',#420,#401,#422,.T.);
#420 = VERTEX_POINT('',#421);
#421 = CARTESIAN_POINT('',(22.720891719745,3.063031509808,8.415609908274
    ));
#422 = B_SPLINE_CURVE_WITH_KNOTS('',5,(#423,#424,#425,#426,#427,#428,
    #429,#430,#431,#432,#433,#434,#435,#436,#437,#438,#439,#440),
  .UNSPECIFIED.,.F.,.F.,(6,4,4,4,6),(0.,3.46539184538E-02,0.288030671769
    ,0.60941354855,1.),.UNSPECIFIED.);
#423 = CARTESIAN_POINT('',(22.720891719745,3.063031509808,8.415609908274
    ));
#424 = CARTESIAN_POINT('',(22.714362301283,3.065109977783,8.421320452103
    ));
#425 = CARTESIAN_POINT('',(22.707782891986,3.067169567033,8.426979127063
    ));
#426 = CARTESIAN_POINT('',(22.701153818779,3.069210150515,8.4325855841)
  );
#427 = CARTESIAN_POINT('',(22.694475430946,3.071231609419,8.438139496793
    ));
#428 = CARTESIAN_POINT('',(22.638560322315,3.087873359618,8.483862329686
    ));
#429 = CARTESIAN_POINT('',(22.586753972376,3.101485200775,8.521260555903
    ));
#430 = CARTESIAN_POINT('',(22.532480144814,3.114024064741,8.555710801514
    ));
#431 = CARTESIAN_POINT('',(22.475938746808,3.125474859425,8.587171601343
    ));
#432 = CARTESIAN_POINT('',(22.343062630672,3.148998495269,8.651802259648
    ));
#433 = CARTESIAN_POINT('',(22.265482823405,3.160414304785,8.683166938519
    ));
#434 = CARTESIAN_POINT('',(22.18508663434,3.170109081061,8.709803117424)
  );
#435 = CARTESIAN_POINT('',(22.102348665502,3.178165264674,8.731937299988
    ));
#436 = CARTESIAN_POINT('',(21.914771525035,3.192603945795,8.771607250333
    ));
#437 = CARTESIAN_POINT('',(21.809011486913,3.198252284507,8.787125933403
    ));
#438 = CARTESIAN_POINT('',(21.701099231023,3.201812502765,8.796907552673
    ));
#439 = CARTESIAN_POINT('',(21.59160216351,3.203499400519,8.801542266161)
  );
#440 = CARTESIAN_POINT('',(21.480891719745,3.203499400519,8.801542266161
    ));
#441 = ORIENTED_EDGE('',*,*,#442,.F.);
#442 = EDGE_CURVE('',#443,#420,#445,.T.);
#443 = VERTEX_POINT('',#444);
#444 = CARTESIAN_POINT('',(23.162420382166,2.707417699639,7.43856899479)
  );
#445 = B_SPLINE_CURVE_WITH_KNOTS('',5,(#446,#447,#448,#449,#450,#451,
    #452,#453,#454,#455,#456,#457,#458,#459),.UNSPECIFIED.,.F.,.F.,(6,4,
    4,6),(0.,0.189285920135,0.570224671646,1.),.UNSPECIFIED.);
#446 = CARTESIAN_POINT('',(23.162420382166,2.707417699639,7.43856899479)
  );
#447 = CARTESIAN_POINT('',(23.162420382166,2.722978515491,7.481321984971
    ));
#448 = CARTESIAN_POINT('',(23.160978307278,2.738444788728,7.523815221453
    ));
#449 = CARTESIAN_POINT('',(23.158037271992,2.753798645249,7.565999595548
    ));
#450 = CARTESIAN_POINT('',(23.153548632713,2.76902054169,7.6078214123));
#451 = CARTESIAN_POINT('',(23.135242712946,2.814415138581,7.732542042221
    ));
#452 = CARTESIAN_POINT('',(23.116581267752,2.844125258728,7.814169926456
    ));
#453 = CARTESIAN_POINT('',(23.091170196432,2.873036339019,7.893602466728
    ));
#454 = CARTESIAN_POINT('',(23.058891201299,2.900970235444,7.970350216391
    ));
#455 = CARTESIAN_POINT('',(22.976064693588,2.958012540733,8.127072662129
    ));
#456 = CARTESIAN_POINT('',(22.923691900093,2.986821836901,8.206225552821
    ));
#457 = CARTESIAN_POINT('',(22.863176244832,3.013975792074,8.280830431507
    ));
#458 = CARTESIAN_POINT('',(22.795269920448,3.039383514508,8.350637575172
    ));
#459 = CARTESIAN_POINT('',(22.720891719745,3.063031509808,8.415609908274
    ));
#460 = ORIENTED_EDGE('',*,*,#461,.F.);
#461 = EDGE_CURVE('',#462,#443,#464,.T.);
#462 = VERTEX_POINT('',#463);
#463 = CARTESIAN_POINT('',(22.959872611465,2.469179974326,6.784016224031
    ));
#464 = B_SPLINE_CURVE_WITH_KNOTS('',5,(#465,#466,#467,#468,#469,#470,
    #471,#472,#473,#474),.UNSPECIFIED.,.F.,.F.,(6,4,6),(0.,
    0.300245790372,1.),.UNSPECIFIED.);
#465 = CARTESIAN_POINT('',(22.959872611465,2.469179974326,6.784016224031
    ));
#466 = CARTESIAN_POINT('',(22.984246595817,2.481731751892,6.818501949468
    ));
#467 = CARTESIAN_POINT('',(23.00685734307,2.49458764243,6.853823218427)
  );
#468 = CARTESIAN_POINT('',(23.027660980793,2.507739157821,6.889956709996
    ));
#469 = CARTESIAN_POINT('',(23.046627008588,2.52117528128,6.926872155804)
  );
#470 = CARTESIAN_POINT('',(23.103617947512,2.56682849779,7.05230333729)
  );
#471 = CARTESIAN_POINT('',(23.133428733831,2.600250923393,7.144130696938
    ));
#472 = CARTESIAN_POINT('',(23.1529400806,2.634968757086,7.239517161062)
  );
#473 = CARTESIAN_POINT('',(23.162420382166,2.670766124243,7.337869619003
    ));
#474 = CARTESIAN_POINT('',(23.162420382166,2.707417699639,7.43856899479)
  );
#475 = ORIENTED_EDGE('',*,*,#476,.F.);
#476 = EDGE_CURVE('',#477,#462,#479,.T.);
#477 = VERTEX_POINT('',#478);
#478 = CARTESIAN_POINT('',(22.390445859873,2.309715805591,6.345892021218
    ));
#479 = B_SPLINE_CURVE_WITH_KNOTS('',5,(#480,#481,#482,#483,#484,#485,
    #486,#487,#488,#489),.UNSPECIFIED.,.F.,.F.,(6,4,6),(0.,
    0.779959099697,1.),.UNSPECIFIED.);
#480 = CARTESIAN_POINT('',(22.390445859873,2.309715805591,6.345892021218
    ));
#481 = CARTESIAN_POINT('',(22.50189589834,2.326471912602,6.39192904687)
  );
#482 = CARTESIAN_POINT('',(22.605803809437,2.346353673929,6.446553737175
    ));
#483 = CARTESIAN_POINT('',(22.701008965783,2.36948222117,6.510098898463)
  );
#484 = CARTESIAN_POINT('',(22.786529172148,2.395863756575,6.58258157128)
  );
#485 = CARTESIAN_POINT('',(22.883089786406,2.433592419636,6.686240221106
    ));
#486 = CARTESIAN_POINT('',(22.903525691336,2.44213703711,6.709716364674)
  );
#487 = CARTESIAN_POINT('',(22.923139221288,2.45092011875,6.733847683152)
  );
#488 = CARTESIAN_POINT('',(22.941922868222,2.459936463651,6.758619887174
    ));
#489 = CARTESIAN_POINT('',(22.959872611465,2.469179974326,6.784016224031
    ));
#490 = ORIENTED_EDGE('',*,*,#491,.F.);
#491 = EDGE_CURVE('',#492,#477,#494,.T.);
#492 = VERTEX_POINT('',#493);
#493 = CARTESIAN_POINT('',(23.09923566879,2.122541469829,5.831634760212)
  );
#494 = B_SPLINE_CURVE_WITH_KNOTS('',5,(#495,#496,#497,#498,#499,#500,
    #501,#502,#503,#504,#505,#506,#507,#508),.UNSPECIFIED.,.F.,.F.,(6,4,
    4,6),(0.,9.396641296749E-02,0.538978201809,1.),.UNSPECIFIED.);
#495 = CARTESIAN_POINT('',(23.09923566879,2.122541469829,5.831634760212)
  );
#496 = CARTESIAN_POINT('',(23.08992709173,2.127263543206,5.844608550188)
  );
#497 = CARTESIAN_POINT('',(23.080408665708,2.131933381408,5.857438825201
    ));
#498 = CARTESIAN_POINT('',(23.070681335567,2.136550236894,5.870123531395
    ));
#499 = CARTESIAN_POINT('',(23.060746283779,2.141113419169,5.882660771657
    ));
#500 = CARTESIAN_POINT('',(23.00257689952,2.166975699083,5.953716801738)
  );
#501 = CARTESIAN_POINT('',(22.949919575749,2.187112123391,6.009041172833
    ));
#502 = CARTESIAN_POINT('',(22.892789618878,2.205961048319,6.060828168452
    ));
#503 = CARTESIAN_POINT('',(22.831448324582,2.223491921829,6.108993847565
    ));
#504 = CARTESIAN_POINT('',(22.698659292787,2.256498843031,6.199679618252
    ));
#505 = CARTESIAN_POINT('',(22.626922720187,2.271879361805,6.241937246285
    ));
#506 = CARTESIAN_POINT('',(22.551378335209,2.285845729005,6.280309524798
    ));
#507 = CARTESIAN_POINT('',(22.472427042801,2.298438831313,6.31490878903)
  );
#508 = CARTESIAN_POINT('',(22.390445859873,2.309715805591,6.345892021218
    ));
#509 = ORIENTED_EDGE('',*,*,#510,.F.);
#510 = EDGE_CURVE('',#511,#492,#513,.T.);
#511 = VERTEX_POINT('',#512);
#512 = CARTESIAN_POINT('',(23.342038216561,1.838555827257,5.051390619794
    ));
#513 = B_SPLINE_CURVE_WITH_KNOTS('',5,(#514,#515,#516,#517,#518,#519,
    #520,#521,#522,#523),.UNSPECIFIED.,.F.,.F.,(6,4,6),(0.,
    0.734426191343,1.),.UNSPECIFIED.);
#514 = CARTESIAN_POINT('',(23.342038216561,1.838555827257,5.051390619794
    ));
#515 = CARTESIAN_POINT('',(23.342038216561,1.884383894959,5.177302200985
    ));
#516 = CARTESIAN_POINT('',(23.329734147933,1.929206070108,5.300450115095
    ));
#517 = CARTESIAN_POINT('',(23.304145400532,1.972641585565,5.419788213016
    ));
#518 = CARTESIAN_POINT('',(23.2647313682,2.014304667063,5.534256588659)
  );
#519 = CARTESIAN_POINT('',(23.192848605005,2.068176361918,5.682267853819
    ));
#520 = CARTESIAN_POINT('',(23.172007481105,2.082210031436,5.720825043933
    ));
#521 = CARTESIAN_POINT('',(23.149434804769,2.09595614406,5.758592177973)
  );
#522 = CARTESIAN_POINT('',(23.125162629252,2.109402990984,5.79553708626)
  );
#523 = CARTESIAN_POINT('',(23.09923566879,2.122541469829,5.831634760212)
  );
#524 = ORIENTED_EDGE('',*,*,#525,.F.);
#525 = EDGE_CURVE('',#526,#511,#528,.T.);
#526 = VERTEX_POINT('',#527);
#527 = CARTESIAN_POINT('',(22.847006369427,1.406608349431,3.864624678078
    ));
#528 = B_SPLINE_CURVE_WITH_KNOTS('',5,(#529,#530,#531,#532,#533,#534,
    #535,#536,#537,#538,#539,#540,#541,#542,#543,#544,#545,#546),
  .UNSPECIFIED.,.F.,.F.,(6,4,4,4,6),(0.,0.309103011166,0.530055897942,
    0.7562236746,1.),.UNSPECIFIED.);
#529 = CARTESIAN_POINT('',(22.847006369427,1.406608349431,3.864624678078
    ));
#530 = CARTESIAN_POINT('',(22.908441980589,1.427242064896,3.921315345398
    ));
#531 = CARTESIAN_POINT('',(22.965793416736,1.449061614023,3.981264063927
    ));
#532 = CARTESIAN_POINT('',(23.018653629956,1.472043726885,4.044406900067
    ));
#533 = CARTESIAN_POINT('',(23.066700995629,1.496131083082,4.110586367312
    ));
#534 = CARTESIAN_POINT('',(23.140534100502,1.53915108842,4.228782860562)
  );
#535 = CARTESIAN_POINT('',(23.168763052929,1.557596083541,4.279460068161
    ));
#536 = CARTESIAN_POINT('',(23.194379308375,1.576515859002,4.33144172402)
  );
#537 = CARTESIAN_POINT('',(23.217365924597,1.595867213472,4.384609133463
    ));
#538 = CARTESIAN_POINT('',(23.258603868708,1.635803981468,4.494334501738
    ));
#539 = CARTESIAN_POINT('',(23.276731304284,1.656408420742,4.550944733384
    ));
#540 = CARTESIAN_POINT('',(23.292150136762,1.677365783684,4.608524614838
    ));
#541 = CARTESIAN_POINT('',(23.304929825527,1.698626335564,4.666937501053
    ));
#542 = CARTESIAN_POINT('',(23.326193788781,1.74333619676,4.789776835116)
  );
#543 = CARTESIAN_POINT('',(23.334266282945,1.766827324457,4.854318178022
    ));
#544 = CARTESIAN_POINT('',(23.339498225757,1.790559798272,4.919522613936
    ));
#545 = CARTESIAN_POINT('',(23.342038216561,1.814483117837,4.98525139424)
  );
#546 = CARTESIAN_POINT('',(23.342038216561,1.838555827257,5.051390619794
    ));
#547 = ORIENTED_EDGE('',*,*,#548,.F.);
#548 = EDGE_CURVE('',#549,#526,#551,.T.);
#549 = VERTEX_POINT('',#550);
#550 = CARTESIAN_POINT('',(21.530573248408,1.240434486164,3.408065741049
    ));
#551 = B_SPLINE_CURVE_WITH_KNOTS('',5,(#552,#553,#554,#555,#556,#557,
    #558,#559,#560,#561,#562,#563,#564,#565,#566,#567,#568,#569),
  .UNSPECIFIED.,.F.,.F.,(6,4,4,4,6),(0.,0.292661844399,0.545046838153,
    0.790101001805,1.),.UNSPECIFIED.);
#552 = CARTESIAN_POINT('',(21.530573248408,1.240434486164,3.408065741049
    ));
#553 = CARTESIAN_POINT('',(21.618305588428,1.240434486164,3.408065741049
    ));
#554 = CARTESIAN_POINT('',(21.705408163293,1.241618619832,3.411319121563
    ));
#555 = CARTESIAN_POINT('',(21.791685330339,1.244078324197,3.418077103764
    ));
#556 = CARTESIAN_POINT('',(21.876879862915,1.247908243638,3.428599720946
    ));
#557 = CARTESIAN_POINT('',(22.032965238867,1.257735259018,3.455599223805
    ));
#558 = CARTESIAN_POINT('',(22.104211520599,1.263361577925,3.471057407955
    ));
#559 = CARTESIAN_POINT('',(22.174230262771,1.270112264697,3.489604767427
    ));
#560 = CARTESIAN_POINT('',(22.242803000998,1.27802511525,3.511345145645)
  );
#561 = CARTESIAN_POINT('',(22.374670364684,1.295936372767,3.560555921227
    ));
#562 = CARTESIAN_POINT('',(22.438063603213,1.305867933406,3.587842659824
    ));
#563 = CARTESIAN_POINT('',(22.499681593504,1.316918574422,3.618204046484
    ));
#564 = CARTESIAN_POINT('',(22.559338758299,1.329079113994,3.651614854367
    ));
#565 = CARTESIAN_POINT('',(22.666167777312,1.353649954337,3.719122683386
    ));
#566 = CARTESIAN_POINT('',(22.713905315088,1.365774691625,3.752435125302
    ));
#567 = CARTESIAN_POINT('',(22.75999688618,1.378666013073,3.787853739888)
  );
#568 = CARTESIAN_POINT('',(22.804377070765,1.392291042354,3.825288200175
    ));
#569 = CARTESIAN_POINT('',(22.847006369427,1.406608349431,3.864624678078
    ));
#570 = ORIENTED_EDGE('',*,*,#571,.F.);
#571 = EDGE_CURVE('',#572,#549,#574,.T.);
#572 = VERTEX_POINT('',#573);
#573 = CARTESIAN_POINT('',(20.257961783439,1.377852515725,3.785618674292
    ));
#574 = B_SPLINE_CURVE_WITH_KNOTS('',6,(#575,#576,#577,#578,#579,#580,
    #581,#582,#583,#584,#585,#586),.UNSPECIFIED.,.F.,.F.,(7,5,7),(0.,
    0.133432147779,1.),.UNSPECIFIED.);
#575 = CARTESIAN_POINT('',(20.257961783439,1.377852515725,3.785618674292
    ));
#576 = CARTESIAN_POINT('',(20.281292397788,1.371544879294,3.768288585628
    ));
#577 = CARTESIAN_POINT('',(20.304976737832,1.365402834237,3.751413455527
    ));
#578 = CARTESIAN_POINT('',(20.329009008192,1.359429219374,3.735001083577
    ));
#579 = CARTESIAN_POINT('',(20.353382608208,1.353626525815,3.719058314052
    ));
#580 = CARTESIAN_POINT('',(20.378090131936,1.347996896965,3.703591035906
    ));
#581 = CARTESIAN_POINT('',(20.565700364052,1.30711643049,3.591272877368)
  );
#582 = CARTESIAN_POINT('',(20.742095143684,1.279048265643,3.514156228248
    ));
#583 = CARTESIAN_POINT('',(20.9297222663,1.258920691038,3.458856171512)
  );
#584 = CARTESIAN_POINT('',(21.125487187395,1.24631034466,3.424209529587)
  );
#585 = CARTESIAN_POINT('',(21.32653130304,1.240434486164,3.408065741049)
  );
#586 = CARTESIAN_POINT('',(21.530573248408,1.240434486164,3.408065741049
    ));
#587 = ORIENTED_EDGE('',*,*,#588,.F.);
#588 = EDGE_CURVE('',#589,#572,#591,.T.);
#589 = VERTEX_POINT('',#590);
#590 = CARTESIAN_POINT('',(19.657961783439,1.822870827053,5.008296435911
    ));
#591 = B_SPLINE_CURVE_WITH_KNOTS('',5,(#592,#593,#594,#595,#596,#597,
    #598,#599,#600,#601,#602,#603,#604,#605,#606,#607,#608,#609),
  .UNSPECIFIED.,.F.,.F.,(6,4,4,4,6),(0.,0.214665840423,0.606801834634,
    0.873191397051,1.),.UNSPECIFIED.);
#592 = CARTESIAN_POINT('',(19.657961783439,1.822870827053,5.008296435911
    ));
#593 = CARTESIAN_POINT('',(19.657961783439,1.800354051122,4.946432102481
    ));
#594 = CARTESIAN_POINT('',(19.660339713645,1.777965150996,4.884919104938
    ));
#595 = CARTESIAN_POINT('',(19.665243002879,1.755743315208,4.823865112892
    ));
#596 = CARTESIAN_POINT('',(19.672816948283,1.733736936172,4.763403083406
    ));
#597 = CARTESIAN_POINT('',(19.702101379225,1.672296648765,4.594597281112
    ));
#598 = CARTESIAN_POINT('',(19.730329106626,1.633482007798,4.487954931509
    ));
#599 = CARTESIAN_POINT('',(19.76855470406,1.595930081814,4.384781862811)
  );
#600 = CARTESIAN_POINT('',(19.81710214625,1.56002688132,4.286138630169)
  );
#601 = CARTESIAN_POINT('',(19.915010479225,1.503044659537,4.12958126251)
  );
#602 = CARTESIAN_POINT('',(19.959127938566,1.480898223687,4.068734430089
    ));
#603 = CARTESIAN_POINT('',(20.007590202176,1.459753780309,4.010640549363
    ));
#604 = CARTESIAN_POINT('',(20.060101035191,1.439664789705,3.955446501299
    ));
#605 = CARTESIAN_POINT('',(20.143033597749,1.411603525739,3.878348812191
    ));
#606 = CARTESIAN_POINT('',(20.170613895733,1.402797462888,3.854154353354
    ));
#607 = CARTESIAN_POINT('',(20.19898903497,1.394237141268,3.830635062999)
  );
#608 = CARTESIAN_POINT('',(20.228118756223,1.385922697645,3.807791316889
    ));
#609 = CARTESIAN_POINT('',(20.257961783439,1.377852515725,3.785618674292
    ));
#610 = ORIENTED_EDGE('',*,*,#611,.F.);
#611 = EDGE_CURVE('',#612,#589,#614,.T.);
#612 = VERTEX_POINT('',#613);
#613 = CARTESIAN_POINT('',(19.883439490446,2.108773525206,5.793807643248
    ));
#614 = B_SPLINE_CURVE_WITH_KNOTS('',5,(#615,#616,#617,#618,#619,#620,
    #621,#622,#623,#624),.UNSPECIFIED.,.F.,.F.,(6,4,6),(0.,0.39696001981
    ,1.),.UNSPECIFIED.);
#615 = CARTESIAN_POINT('',(19.883439490446,2.108773525206,5.793807643248
    ));
#616 = CARTESIAN_POINT('',(19.847784002921,2.088186888979,5.737246325072
    ));
#617 = CARTESIAN_POINT('',(19.815474563844,2.067098513492,5.679306489608
    ));
#618 = CARTESIAN_POINT('',(19.786637230073,2.045532588533,5.620054597752
    ));
#619 = CARTESIAN_POINT('',(19.761358352545,2.023520410897,5.559576636746
    ));
#620 = CARTESIAN_POINT('',(19.706736866518,1.967044024118,5.404409039339
    ));
#621 = CARTESIAN_POINT('',(19.682094403416,1.932044706617,5.308249204806
    ));
#622 = CARTESIAN_POINT('',(19.66588863831,1.896245977783,5.209893005689)
  );
#623 = CARTESIAN_POINT('',(19.657961783439,1.859802215885,5.109764592796
    ));
#624 = CARTESIAN_POINT('',(19.657961783439,1.822870827053,5.008296435911
    ));
#625 = ORIENTED_EDGE('',*,*,#626,.F.);
#626 = EDGE_CURVE('',#352,#612,#627,.T.);
#627 = B_SPLINE_CURVE_WITH_KNOTS('',5,(#628,#629,#630,#631,#632,#633,
    #634,#635,#636,#637,#638,#639,#640,#641),.UNSPECIFIED.,.F.,.F.,(6,4,
    4,6),(0.,0.471160775132,0.92214953907,1.),.UNSPECIFIED.);
#628 = CARTESIAN_POINT('',(20.594267515924,2.309715805591,6.345892021218
    ));
#629 = CARTESIAN_POINT('',(20.507947998214,2.297147215456,6.311360103628
    ));
#630 = CARTESIAN_POINT('',(20.425126804176,2.283161563125,6.272934839654
    ));
#631 = CARTESIAN_POINT('',(20.346294992418,2.267684628809,6.230412312098
    ));
#632 = CARTESIAN_POINT('',(20.271999208015,2.250660257043,6.183638235089
    ));
#633 = CARTESIAN_POINT('',(20.136434797041,2.214310380134,6.083767769081
    ));
#634 = CARTESIAN_POINT('',(20.074738543473,2.195113090063,6.031023648097
    ));
#635 = CARTESIAN_POINT('',(20.018091145827,2.174498118299,5.974384478674
    ));
#636 = CARTESIAN_POINT('',(19.966841796375,2.152506594825,5.913963264508
    ));
#637 = CARTESIAN_POINT('',(19.913296736036,2.12521862437,5.83899018186)
  );
#638 = CARTESIAN_POINT('',(19.905580740278,2.121163387299,5.827848509578
    ));
#639 = CARTESIAN_POINT('',(19.898032048693,2.117070449187,5.816603254535
    ));
#640 = CARTESIAN_POINT('',(19.890651429299,2.112940315487,5.805255805456
    ));
#641 = CARTESIAN_POINT('',(19.883439490446,2.108773525206,5.793807643248
    ));
#642 = PLANE('',#643);
#643 = AXIS2_PLACEMENT_3D('',#644,#645,#646);
#644 = CARTESIAN_POINT('',(-1.,0.,0.));
#645 = DIRECTION('',(0.,-0.939692620786,0.342020143326));
#646 = DIRECTION('',(0.,0.342020143326,0.939692620786));
#647 = ADVANCED_FACE('',(#648),#659,.T.);
#648 = FACE_BOUND('',#649,.T.);
#649 = EDGE_LOOP('',(#650,#651,#652,#653));
#650 = ORIENTED_EDGE('',*,*,#323,.T.);
#651 = ORIENTED_EDGE('',*,*,#236,.T.);
#652 = ORIENTED_EDGE('',*,*,#134,.F.);
#653 = ORIENTED_EDGE('',*,*,#654,.F.);
#654 = EDGE_CURVE('',#316,#127,#655,.T.);
#655 = LINE('',#656,#657);
#656 = CARTESIAN_POINT('',(4.,19.05,-1.));
#657 = VECTOR('',#658,1.);
#658 = DIRECTION('',(0.,0.,1.));
#659 = PLANE('',#660);
#660 = AXIS2_PLACEMENT_3D('',#661,#662,#663);
#661 = CARTESIAN_POINT('',(4.,12.75,-1.));
#662 = DIRECTION('',(-1.,0.,0.));
#663 = DIRECTION('',(0.,1.,0.));
#664 = ADVANCED_FACE('',(#665),#676,.T.);
#665 = FACE_BOUND('',#666,.T.);
#666 = EDGE_LOOP('',(#667,#668,#669,#670));
#667 = ORIENTED_EDGE('',*,*,#315,.T.);
#668 = ORIENTED_EDGE('',*,*,#654,.T.);
#669 = ORIENTED_EDGE('',*,*,#126,.F.);
#670 = ORIENTED_EDGE('',*,*,#671,.F.);
#671 = EDGE_CURVE('',#308,#119,#672,.T.);
#672 = LINE('',#673,#674);
#673 = CARTESIAN_POINT('',(0.,18.05,-1.));
#674 = VECTOR('',#675,1.);
#675 = DIRECTION('',(0.,0.,1.));
#676 = PLANE('',#677);
#677 = AXIS2_PLACEMENT_3D('',#678,#679,#680);
#678 = CARTESIAN_POINT('',(4.,19.05,-1.));
#679 = DIRECTION('',(0.242535625036,-0.970142500145,0.));
#680 = DIRECTION('',(-0.970142500145,-0.242535625036,0.));
#681 = ADVANCED_FACE('',(#682),#693,.F.);
#682 = FACE_BOUND('',#683,.F.);
#683 = EDGE_LOOP('',(#684,#685,#686,#687));
#684 = ORIENTED_EDGE('',*,*,#118,.F.);
#685 = ORIENTED_EDGE('',*,*,#671,.F.);
#686 = ORIENTED_EDGE('',*,*,#307,.T.);
#687 = ORIENTED_EDGE('',*,*,#688,.T.);
#688 = EDGE_CURVE('',#300,#111,#689,.T.);
#689 = LINE('',#690,#691);
#690 = CARTESIAN_POINT('',(0.,53.,0.));
#691 = VECTOR('',#692,1.);
#692 = DIRECTION('',(0.,0.,1.));
#693 = PLANE('',#694);
#694 = AXIS2_PLACEMENT_3D('',#695,#696,#697);
#695 = CARTESIAN_POINT('',(0.,0.,0.));
#696 = DIRECTION('',(1.,0.,0.));
#697 = DIRECTION('',(0.,0.,1.));
#698 = ADVANCED_FACE('',(#699),#710,.T.);
#699 = FACE_BOUND('',#700,.T.);
#700 = EDGE_LOOP('',(#701,#702,#703,#704));
#701 = ORIENTED_EDGE('',*,*,#299,.F.);
#702 = ORIENTED_EDGE('',*,*,#688,.T.);
#703 = ORIENTED_EDGE('',*,*,#110,.T.);
#704 = ORIENTED_EDGE('',*,*,#705,.F.);
#705 = EDGE_CURVE('',#292,#103,#706,.T.);
#706 = LINE('',#707,#708);
#707 = CARTESIAN_POINT('',(43.,53.,0.));
#708 = VECTOR('',#709,1.);
#709 = DIRECTION('',(0.,0.,1.));
#710 = PLANE('',#711);
#711 = AXIS2_PLACEMENT_3D('',#712,#713,#714);
#712 = CARTESIAN_POINT('',(0.,53.,0.));
#713 = DIRECTION('',(0.,1.,0.));
#714 = DIRECTION('',(0.,0.,1.));
#715 = ADVANCED_FACE('',(#716),#727,.T.);
#716 = FACE_BOUND('',#717,.T.);
#717 = EDGE_LOOP('',(#718,#719,#725,#726));
#718 = ORIENTED_EDGE('',*,*,#102,.F.);
#719 = ORIENTED_EDGE('',*,*,#720,.T.);
#720 = EDGE_CURVE('',#95,#284,#721,.T.);
#721 = LINE('',#722,#723);
#722 = CARTESIAN_POINT('',(43.,17.924390243902,0.));
#723 = VECTOR('',#724,1.);
#724 = DIRECTION('',(0.,0.,-1.));
#725 = ORIENTED_EDGE('',*,*,#291,.T.);
#726 = ORIENTED_EDGE('',*,*,#705,.T.);
#727 = PLANE('',#728);
#728 = AXIS2_PLACEMENT_3D('',#729,#730,#731);
#729 = CARTESIAN_POINT('',(43.,0.,0.));
#730 = DIRECTION('',(1.,0.,0.));
#731 = DIRECTION('',(0.,0.,1.));
#732 = ADVANCED_FACE('',(#733),#744,.T.);
#733 = FACE_BOUND('',#734,.T.);
#734 = EDGE_LOOP('',(#735,#736,#742,#743));
#735 = ORIENTED_EDGE('',*,*,#78,.T.);
#736 = ORIENTED_EDGE('',*,*,#737,.T.);
#737 = EDGE_CURVE('',#71,#95,#738,.T.);
#738 = LINE('',#739,#740);
#739 = CARTESIAN_POINT('',(43.,0.,10.));
#740 = VECTOR('',#741,1.);
#741 = DIRECTION('',(0.,1.,0.));
#742 = ORIENTED_EDGE('',*,*,#94,.T.);
#743 = ORIENTED_EDGE('',*,*,#86,.T.);
#744 = PLANE('',#745);
#745 = AXIS2_PLACEMENT_3D('',#746,#747,#748);
#746 = CARTESIAN_POINT('',(0.,0.,10.));
#747 = DIRECTION('',(0.,0.,1.));
#748 = DIRECTION('',(1.,0.,0.));
#749 = ADVANCED_FACE('',(#750),#761,.T.);
#750 = FACE_BOUND('',#751,.T.);
#751 = EDGE_LOOP('',(#752,#753,#754,#755));
#752 = ORIENTED_EDGE('',*,*,#70,.F.);
#753 = ORIENTED_EDGE('',*,*,#340,.T.);
#754 = ORIENTED_EDGE('',*,*,#259,.T.);
#755 = ORIENTED_EDGE('',*,*,#756,.T.);
#756 = EDGE_CURVE('',#260,#71,#757,.T.);
#757 = LINE('',#758,#759);
#758 = CARTESIAN_POINT('',(43.,13.875609756098,0.));
#759 = VECTOR('',#760,1.);
#760 = DIRECTION('',(0.,0.,1.));
#761 = PLANE('',#762);
#762 = AXIS2_PLACEMENT_3D('',#763,#764,#765);
#763 = CARTESIAN_POINT('',(43.,0.,0.));
#764 = DIRECTION('',(1.,0.,0.));
#765 = DIRECTION('',(0.,0.,1.));
#766 = ADVANCED_FACE('',(#767),#793,.T.);
#767 = FACE_BOUND('',#768,.T.);
#768 = EDGE_LOOP('',(#769,#777,#778,#786));
#769 = ORIENTED_EDGE('',*,*,#770,.F.);
#770 = EDGE_CURVE('',#151,#771,#773,.T.);
#771 = VERTEX_POINT('',#772);
#772 = CARTESIAN_POINT('',(16.6,38.36,20.5));
#773 = LINE('',#774,#775);
#774 = CARTESIAN_POINT('',(16.6,38.36,9.9));
#775 = VECTOR('',#776,1.);
#776 = DIRECTION('',(0.,0.,1.));
#777 = ORIENTED_EDGE('',*,*,#150,.T.);
#778 = ORIENTED_EDGE('',*,*,#779,.T.);
#779 = EDGE_CURVE('',#153,#780,#782,.T.);
#780 = VERTEX_POINT('',#781);
#781 = CARTESIAN_POINT('',(16.,37.76,20.5));
#782 = LINE('',#783,#784);
#783 = CARTESIAN_POINT('',(16.,37.76,9.9));
#784 = VECTOR('',#785,1.);
#785 = DIRECTION('',(0.,0.,1.));
#786 = ORIENTED_EDGE('',*,*,#787,.F.);
#787 = EDGE_CURVE('',#771,#780,#788,.T.);
#788 = CIRCLE('',#789,0.6);
#789 = AXIS2_PLACEMENT_3D('',#790,#791,#792);
#790 = CARTESIAN_POINT('',(16.6,37.76,20.5));
#791 = DIRECTION('',(0.,-0.,1.));
#792 = DIRECTION('',(0.,1.,0.));
#793 = CYLINDRICAL_SURFACE('',#794,0.6);
#794 = AXIS2_PLACEMENT_3D('',#795,#796,#797);
#795 = CARTESIAN_POINT('',(16.6,37.76,9.9));
#796 = DIRECTION('',(0.,0.,1.));
#797 = DIRECTION('',(0.,1.,0.));
#798 = ADVANCED_FACE('',(#799),#817,.F.);
#799 = FACE_BOUND('',#800,.F.);
#800 = EDGE_LOOP('',(#801,#802,#810,#816));
#801 = ORIENTED_EDGE('',*,*,#161,.T.);
#802 = ORIENTED_EDGE('',*,*,#803,.T.);
#803 = EDGE_CURVE('',#162,#804,#806,.T.);
#804 = VERTEX_POINT('',#805);
#805 = CARTESIAN_POINT('',(26.4,38.36,20.5));
#806 = LINE('',#807,#808);
#807 = CARTESIAN_POINT('',(26.4,38.36,9.9));
#808 = VECTOR('',#809,1.);
#809 = DIRECTION('',(0.,0.,1.));
#810 = ORIENTED_EDGE('',*,*,#811,.T.);
#811 = EDGE_CURVE('',#804,#771,#812,.T.);
#812 = LINE('',#813,#814);
#813 = CARTESIAN_POINT('',(26.4,38.36,20.5));
#814 = VECTOR('',#815,1.);
#815 = DIRECTION('',(-1.,0.,0.));
#816 = ORIENTED_EDGE('',*,*,#770,.F.);
#817 = PLANE('',#818);
#818 = AXIS2_PLACEMENT_3D('',#819,#820,#821);
#819 = CARTESIAN_POINT('',(27.,38.36,9.9));
#820 = DIRECTION('',(0.,-1.,0.));
#821 = DIRECTION('',(-1.,0.,0.));
#822 = ADVANCED_FACE('',(#823),#841,.F.);
#823 = FACE_BOUND('',#824,.F.);
#824 = EDGE_LOOP('',(#825,#826,#827,#835));
#825 = ORIENTED_EDGE('',*,*,#212,.T.);
#826 = ORIENTED_EDGE('',*,*,#779,.T.);
#827 = ORIENTED_EDGE('',*,*,#828,.T.);
#828 = EDGE_CURVE('',#780,#829,#831,.T.);
#829 = VERTEX_POINT('',#830);
#830 = CARTESIAN_POINT('',(16.,27.96,20.5));
#831 = LINE('',#832,#833);
#832 = CARTESIAN_POINT('',(16.,37.76,20.5));
#833 = VECTOR('',#834,1.);
#834 = DIRECTION('',(0.,-1.,0.));
#835 = ORIENTED_EDGE('',*,*,#836,.F.);
#836 = EDGE_CURVE('',#204,#829,#837,.T.);
#837 = LINE('',#838,#839);
#838 = CARTESIAN_POINT('',(16.,27.96,9.9));
#839 = VECTOR('',#840,1.);
#840 = DIRECTION('',(0.,0.,1.));
#841 = PLANE('',#842);
#842 = AXIS2_PLACEMENT_3D('',#843,#844,#845);
#843 = CARTESIAN_POINT('',(16.,38.36,9.9));
#844 = DIRECTION('',(1.,0.,0.));
#845 = DIRECTION('',(0.,-1.,0.));
#846 = ADVANCED_FACE('',(#847),#866,.T.);
#847 = FACE_BOUND('',#848,.F.);
#848 = EDGE_LOOP('',(#849,#850,#851,#859));
#849 = ORIENTED_EDGE('',*,*,#803,.F.);
#850 = ORIENTED_EDGE('',*,*,#169,.F.);
#851 = ORIENTED_EDGE('',*,*,#852,.T.);
#852 = EDGE_CURVE('',#170,#853,#855,.T.);
#853 = VERTEX_POINT('',#854);
#854 = CARTESIAN_POINT('',(27.,37.76,20.5));
#855 = LINE('',#856,#857);
#856 = CARTESIAN_POINT('',(27.,37.76,9.9));
#857 = VECTOR('',#858,1.);
#858 = DIRECTION('',(0.,0.,1.));
#859 = ORIENTED_EDGE('',*,*,#860,.T.);
#860 = EDGE_CURVE('',#853,#804,#861,.T.);
#861 = CIRCLE('',#862,0.6);
#862 = AXIS2_PLACEMENT_3D('',#863,#864,#865);
#863 = CARTESIAN_POINT('',(26.4,37.76,20.5));
#864 = DIRECTION('',(0.,0.,1.));
#865 = DIRECTION('',(1.,0.,0.));
#866 = CYLINDRICAL_SURFACE('',#867,0.6);
#867 = AXIS2_PLACEMENT_3D('',#868,#869,#870);
#868 = CARTESIAN_POINT('',(26.4,37.76,9.9));
#869 = DIRECTION('',(0.,0.,1.));
#870 = DIRECTION('',(0.,1.,0.));
#871 = ADVANCED_FACE('',(#872),#891,.T.);
#872 = FACE_BOUND('',#873,.T.);
#873 = EDGE_LOOP('',(#874,#875,#876,#884));
#874 = ORIENTED_EDGE('',*,*,#836,.F.);
#875 = ORIENTED_EDGE('',*,*,#203,.T.);
#876 = ORIENTED_EDGE('',*,*,#877,.T.);
#877 = EDGE_CURVE('',#196,#878,#880,.T.);
#878 = VERTEX_POINT('',#879);
#879 = CARTESIAN_POINT('',(16.6,27.36,20.5));
#880 = LINE('',#881,#882);
#881 = CARTESIAN_POINT('',(16.6,27.36,9.9));
#882 = VECTOR('',#883,1.);
#883 = DIRECTION('',(0.,0.,1.));
#884 = ORIENTED_EDGE('',*,*,#885,.F.);
#885 = EDGE_CURVE('',#829,#878,#886,.T.);
#886 = CIRCLE('',#887,0.6);
#887 = AXIS2_PLACEMENT_3D('',#888,#889,#890);
#888 = CARTESIAN_POINT('',(16.6,27.96,20.5));
#889 = DIRECTION('',(0.,0.,1.));
#890 = DIRECTION('',(-1.,0.,0.));
#891 = CYLINDRICAL_SURFACE('',#892,0.6);
#892 = AXIS2_PLACEMENT_3D('',#893,#894,#895);
#893 = CARTESIAN_POINT('',(16.6,27.96,9.9));
#894 = DIRECTION('',(0.,0.,1.));
#895 = DIRECTION('',(-1.,0.,0.));
#896 = ADVANCED_FACE('',(#897),#915,.F.);
#897 = FACE_BOUND('',#898,.F.);
#898 = EDGE_LOOP('',(#899,#900,#908,#914));
#899 = ORIENTED_EDGE('',*,*,#178,.T.);
#900 = ORIENTED_EDGE('',*,*,#901,.T.);
#901 = EDGE_CURVE('',#179,#902,#904,.T.);
#902 = VERTEX_POINT('',#903);
#903 = CARTESIAN_POINT('',(27.,27.96,20.5));
#904 = LINE('',#905,#906);
#905 = CARTESIAN_POINT('',(27.,27.96,9.9));
#906 = VECTOR('',#907,1.);
#907 = DIRECTION('',(0.,0.,1.));
#908 = ORIENTED_EDGE('',*,*,#909,.T.);
#909 = EDGE_CURVE('',#902,#853,#910,.T.);
#910 = LINE('',#911,#912);
#911 = CARTESIAN_POINT('',(27.,27.96,20.5));
#912 = VECTOR('',#913,1.);
#913 = DIRECTION('',(0.,1.,0.));
#914 = ORIENTED_EDGE('',*,*,#852,.F.);
#915 = PLANE('',#916);
#916 = AXIS2_PLACEMENT_3D('',#917,#918,#919);
#917 = CARTESIAN_POINT('',(27.,27.36,9.9));
#918 = DIRECTION('',(-1.,0.,0.));
#919 = DIRECTION('',(0.,1.,0.));
#920 = ADVANCED_FACE('',(#921),#939,.F.);
#921 = FACE_BOUND('',#922,.F.);
#922 = EDGE_LOOP('',(#923,#924,#925,#933));
#923 = ORIENTED_EDGE('',*,*,#195,.T.);
#924 = ORIENTED_EDGE('',*,*,#877,.T.);
#925 = ORIENTED_EDGE('',*,*,#926,.T.);
#926 = EDGE_CURVE('',#878,#927,#929,.T.);
#927 = VERTEX_POINT('',#928);
#928 = CARTESIAN_POINT('',(26.4,27.36,20.5));
#929 = LINE('',#930,#931);
#930 = CARTESIAN_POINT('',(16.6,27.36,20.5));
#931 = VECTOR('',#932,1.);
#932 = DIRECTION('',(1.,0.,0.));
#933 = ORIENTED_EDGE('',*,*,#934,.F.);
#934 = EDGE_CURVE('',#187,#927,#935,.T.);
#935 = LINE('',#936,#937);
#936 = CARTESIAN_POINT('',(26.4,27.36,9.9));
#937 = VECTOR('',#938,1.);
#938 = DIRECTION('',(0.,0.,1.));
#939 = PLANE('',#940);
#940 = AXIS2_PLACEMENT_3D('',#941,#942,#943);
#941 = CARTESIAN_POINT('',(16.,27.36,9.9));
#942 = DIRECTION('',(0.,1.,0.));
#943 = DIRECTION('',(1.,0.,0.));
#944 = ADVANCED_FACE('',(#945),#957,.T.);
#945 = FACE_BOUND('',#946,.T.);
#946 = EDGE_LOOP('',(#947,#948,#949,#950));
#947 = ORIENTED_EDGE('',*,*,#934,.F.);
#948 = ORIENTED_EDGE('',*,*,#186,.T.);
#949 = ORIENTED_EDGE('',*,*,#901,.T.);
#950 = ORIENTED_EDGE('',*,*,#951,.F.);
#951 = EDGE_CURVE('',#927,#902,#952,.T.);
#952 = CIRCLE('',#953,0.6);
#953 = AXIS2_PLACEMENT_3D('',#954,#955,#956);
#954 = CARTESIAN_POINT('',(26.4,27.96,20.5));
#955 = DIRECTION('',(-0.,0.,1.));
#956 = DIRECTION('',(0.,-1.,0.));
#957 = CYLINDRICAL_SURFACE('',#958,0.6);
#958 = AXIS2_PLACEMENT_3D('',#959,#960,#961);
#959 = CARTESIAN_POINT('',(26.4,27.96,9.9));
#960 = DIRECTION('',(0.,0.,1.));
#961 = DIRECTION('',(0.,-1.,0.));
#962 = ADVANCED_FACE('',(#963),#974,.F.);
#963 = FACE_BOUND('',#964,.F.);
#964 = EDGE_LOOP('',(#965,#966,#972,#973));
#965 = ORIENTED_EDGE('',*,*,#267,.T.);
#966 = ORIENTED_EDGE('',*,*,#967,.T.);
#967 = EDGE_CURVE('',#260,#284,#968,.T.);
#968 = LINE('',#969,#970);
#969 = CARTESIAN_POINT('',(43.,0.,0.));
#970 = VECTOR('',#971,1.);
#971 = DIRECTION('',(0.,1.,0.));
#972 = ORIENTED_EDGE('',*,*,#283,.T.);
#973 = ORIENTED_EDGE('',*,*,#275,.T.);
#974 = PLANE('',#975);
#975 = AXIS2_PLACEMENT_3D('',#976,#977,#978);
#976 = CARTESIAN_POINT('',(0.,0.,0.));
#977 = DIRECTION('',(0.,0.,1.));
#978 = DIRECTION('',(1.,0.,0.));
#979 = ADVANCED_FACE('',(#980),#1005,.T.);
#980 = FACE_BOUND('',#981,.T.);
#981 = EDGE_LOOP('',(#982,#983,#991,#999));
#982 = ORIENTED_EDGE('',*,*,#349,.T.);
#983 = ORIENTED_EDGE('',*,*,#984,.T.);
#984 = EDGE_CURVE('',#352,#985,#987,.T.);
#985 = VERTEX_POINT('',#986);
#986 = CARTESIAN_POINT('',(20.594267515924,1.745900233119,6.551104107214
    ));
#987 = LINE('',#988,#989);
#988 = CARTESIAN_POINT('',(20.594267515924,2.497654329748,6.277487992553
    ));
#989 = VECTOR('',#990,1.);
#990 = DIRECTION('',(0.,-0.939692620786,0.342020143326));
#991 = ORIENTED_EDGE('',*,*,#992,.T.);
#992 = EDGE_CURVE('',#985,#993,#995,.T.);
#993 = VERTEX_POINT('',#994);
#994 = CARTESIAN_POINT('',(19.988407643312,1.911899818606,7.007184219977
    ));
#995 = B_SPLINE_CURVE_WITH_KNOTS('',2,(#996,#997,#998),.UNSPECIFIED.,.F.
  ,.F.,(3,3),(0.,1.),.PIECEWISE_BEZIER_KNOTS.);
#996 = CARTESIAN_POINT('',(20.594267515924,1.745900233119,6.551104107214
    ));
#997 = CARTESIAN_POINT('',(20.177707006369,1.806287483903,6.717016715164
    ));
#998 = CARTESIAN_POINT('',(19.988407643312,1.911899818606,7.007184219977
    ));
#999 = ORIENTED_EDGE('',*,*,#1000,.F.);
#1000 = EDGE_CURVE('',#350,#993,#1001,.T.);
#1001 = LINE('',#1002,#1003);
#1002 = CARTESIAN_POINT('',(19.988407643312,2.663653915235,
    6.733568105317));
#1003 = VECTOR('',#1004,1.);
#1004 = DIRECTION('',(0.,-0.939692620786,0.342020143326));
#1005 = SURFACE_OF_LINEAR_EXTRUSION('',#1006,#1010);
#1006 = B_SPLINE_CURVE_WITH_KNOTS('',2,(#1007,#1008,#1009),
  .UNSPECIFIED.,.F.,.F.,(3,3),(0.,1.),.PIECEWISE_BEZIER_KNOTS.);
#1007 = CARTESIAN_POINT('',(20.594267515924,2.497654329748,
    6.277487992553));
#1008 = CARTESIAN_POINT('',(20.177707006369,2.558041580531,
    6.443400600503));
#1009 = CARTESIAN_POINT('',(19.988407643312,2.663653915235,
    6.733568105317));
#1010 = VECTOR('',#1011,1.);
#1011 = DIRECTION('',(-0.,0.939692620786,-0.342020143326));
#1012 = ADVANCED_FACE('',(#1013),#1031,.T.);
#1013 = FACE_BOUND('',#1014,.T.);
#1014 = EDGE_LOOP('',(#1015,#1016,#1024,#1030));
#1015 = ORIENTED_EDGE('',*,*,#626,.T.);
#1016 = ORIENTED_EDGE('',*,*,#1017,.T.);
#1017 = EDGE_CURVE('',#612,#1018,#1020,.T.);
#1018 = VERTEX_POINT('',#1019);
#1019 = CARTESIAN_POINT('',(19.883439490446,1.544957952735,
    5.999019729244));
#1020 = LINE('',#1021,#1022);
#1021 = CARTESIAN_POINT('',(19.883439490446,2.296712049364,
    5.725403614583));
#1022 = VECTOR('',#1023,1.);
#1023 = DIRECTION('',(0.,-0.939692620786,0.342020143326));
#1024 = ORIENTED_EDGE('',*,*,#1025,.T.);
#1025 = EDGE_CURVE('',#1018,#985,#1026,.T.);
#1026 = B_SPLINE_CURVE_WITH_KNOTS('',2,(#1027,#1028,#1029),
  .UNSPECIFIED.,.F.,.F.,(3,3),(0.,1.),.PIECEWISE_BEZIER_KNOTS.);
#1027 = CARTESIAN_POINT('',(19.883439490446,1.544957952735,
    5.999019729244));
#1028 = CARTESIAN_POINT('',(20.108917197452,1.675230593314,
    6.356940867607));
#1029 = CARTESIAN_POINT('',(20.594267515924,1.745900233119,
    6.551104107214));
#1030 = ORIENTED_EDGE('',*,*,#984,.F.);
#1031 = SURFACE_OF_LINEAR_EXTRUSION('',#1032,#1036);
#1032 = B_SPLINE_CURVE_WITH_KNOTS('',2,(#1033,#1034,#1035),
  .UNSPECIFIED.,.F.,.F.,(3,3),(0.,1.),.PIECEWISE_BEZIER_KNOTS.);
#1033 = CARTESIAN_POINT('',(19.883439490446,2.296712049364,
    5.725403614583));
#1034 = CARTESIAN_POINT('',(20.108917197452,2.426984689942,
    6.083324752946));
#1035 = CARTESIAN_POINT('',(20.594267515924,2.497654329748,
    6.277487992553));
#1036 = VECTOR('',#1037,1.);
#1037 = DIRECTION('',(-0.,0.939692620786,-0.342020143326));
#1038 = ADVANCED_FACE('',(#1039),#1057,.T.);
#1039 = FACE_BOUND('',#1040,.T.);
#1040 = EDGE_LOOP('',(#1041,#1042,#1050,#1056));
#1041 = ORIENTED_EDGE('',*,*,#611,.T.);
#1042 = ORIENTED_EDGE('',*,*,#1043,.T.);
#1043 = EDGE_CURVE('',#589,#1044,#1046,.T.);
#1044 = VERTEX_POINT('',#1045);
#1045 = CARTESIAN_POINT('',(19.657961783439,1.259055254582,
    5.213508521907));
#1046 = LINE('',#1047,#1048);
#1047 = CARTESIAN_POINT('',(19.657961783439,2.01080935121,4.939892407246
    ));
#1048 = VECTOR('',#1049,1.);
#1049 = DIRECTION('',(0.,-0.939692620786,0.342020143326));
#1050 = ORIENTED_EDGE('',*,*,#1051,.T.);
#1051 = EDGE_CURVE('',#1044,#1018,#1052,.T.);
#1052 = B_SPLINE_CURVE_WITH_KNOTS('',2,(#1053,#1054,#1055),
  .UNSPECIFIED.,.F.,.F.,(3,3),(0.,1.),.PIECEWISE_BEZIER_KNOTS.);
#1053 = CARTESIAN_POINT('',(19.657961783439,1.259055254582,
    5.213508521907));
#1054 = CARTESIAN_POINT('',(19.657961783439,1.414772451046,
    5.641338003013));
#1055 = CARTESIAN_POINT('',(19.883439490446,1.544957952735,
    5.999019729244));
#1056 = ORIENTED_EDGE('',*,*,#1017,.F.);
#1057 = SURFACE_OF_LINEAR_EXTRUSION('',#1058,#1062);
#1058 = B_SPLINE_CURVE_WITH_KNOTS('',2,(#1059,#1060,#1061),
  .UNSPECIFIED.,.F.,.F.,(3,3),(0.,1.),.PIECEWISE_BEZIER_KNOTS.);
#1059 = CARTESIAN_POINT('',(19.657961783439,2.01080935121,4.939892407246
    ));
#1060 = CARTESIAN_POINT('',(19.657961783439,2.166526547675,
    5.367721888353));
#1061 = CARTESIAN_POINT('',(19.883439490446,2.296712049364,
    5.725403614583));
#1062 = VECTOR('',#1063,1.);
#1063 = DIRECTION('',(-0.,0.939692620786,-0.342020143326));
#1064 = ADVANCED_FACE('',(#1065),#1083,.T.);
#1065 = FACE_BOUND('',#1066,.T.);
#1066 = EDGE_LOOP('',(#1067,#1068,#1076,#1082));
#1067 = ORIENTED_EDGE('',*,*,#588,.T.);
#1068 = ORIENTED_EDGE('',*,*,#1069,.T.);
#1069 = EDGE_CURVE('',#572,#1070,#1072,.T.);
#1070 = VERTEX_POINT('',#1071);
#1071 = CARTESIAN_POINT('',(20.257961783439,0.814036943253,
    3.990830760288));
#1072 = LINE('',#1073,#1074);
#1073 = CARTESIAN_POINT('',(20.257961783439,1.565791039882,
    3.717214645627));
#1074 = VECTOR('',#1075,1.);
#1075 = DIRECTION('',(0.,-0.939692620786,0.342020143326));
#1076 = ORIENTED_EDGE('',*,*,#1077,.T.);
#1077 = EDGE_CURVE('',#1070,#1044,#1078,.T.);
#1078 = B_SPLINE_CURVE_WITH_KNOTS('',2,(#1079,#1080,#1081),
  .UNSPECIFIED.,.F.,.F.,(3,3),(0.,1.),.PIECEWISE_BEZIER_KNOTS.);
#1079 = CARTESIAN_POINT('',(20.257961783439,0.814036943253,
    3.990830760288));
#1080 = CARTESIAN_POINT('',(19.657961783439,0.976289556469,
    4.436616151346));
#1081 = CARTESIAN_POINT('',(19.657961783439,1.259055254582,
    5.213508521907));
#1082 = ORIENTED_EDGE('',*,*,#1043,.F.);
#1083 = SURFACE_OF_LINEAR_EXTRUSION('',#1084,#1088);
#1084 = B_SPLINE_CURVE_WITH_KNOTS('',2,(#1085,#1086,#1087),
  .UNSPECIFIED.,.F.,.F.,(3,3),(0.,1.),.PIECEWISE_BEZIER_KNOTS.);
#1085 = CARTESIAN_POINT('',(20.257961783439,1.565791039882,
    3.717214645627));
#1086 = CARTESIAN_POINT('',(19.657961783439,1.728043653098,
    4.163000036685));
#1087 = CARTESIAN_POINT('',(19.657961783439,2.01080935121,4.939892407246
    ));
#1088 = VECTOR('',#1089,1.);
#1089 = DIRECTION('',(-0.,0.939692620786,-0.342020143326));
#1090 = ADVANCED_FACE('',(#1091),#1109,.T.);
#1091 = FACE_BOUND('',#1092,.T.);
#1092 = EDGE_LOOP('',(#1093,#1094,#1102,#1108));
#1093 = ORIENTED_EDGE('',*,*,#571,.T.);
#1094 = ORIENTED_EDGE('',*,*,#1095,.T.);
#1095 = EDGE_CURVE('',#549,#1096,#1098,.T.);
#1096 = VERTEX_POINT('',#1097);
#1097 = CARTESIAN_POINT('',(21.530573248408,0.676618913693,
    3.613277827045));
#1098 = LINE('',#1099,#1100);
#1099 = CARTESIAN_POINT('',(21.530573248408,1.428373010321,
    3.339661712384));
#1100 = VECTOR('',#1101,1.);
#1101 = DIRECTION('',(0.,-0.939692620786,0.342020143326));
#1102 = ORIENTED_EDGE('',*,*,#1103,.T.);
#1103 = EDGE_CURVE('',#1096,#1070,#1104,.T.);
#1104 = B_SPLINE_CURVE_WITH_KNOTS('',2,(#1105,#1106,#1107),
  .UNSPECIFIED.,.F.,.F.,(3,3),(0.,1.),.PIECEWISE_BEZIER_KNOTS.);
#1105 = CARTESIAN_POINT('',(21.530573248408,0.676618913693,
    3.613277827045));
#1106 = CARTESIAN_POINT('',(20.766242038217,0.676618913693,
    3.613277827045));
#1107 = CARTESIAN_POINT('',(20.257961783439,0.814036943253,
    3.990830760288));
#1108 = ORIENTED_EDGE('',*,*,#1069,.F.);
#1109 = SURFACE_OF_LINEAR_EXTRUSION('',#1110,#1114);
#1110 = B_SPLINE_CURVE_WITH_KNOTS('',2,(#1111,#1112,#1113),
  .UNSPECIFIED.,.F.,.F.,(3,3),(0.,1.),.PIECEWISE_BEZIER_KNOTS.);
#1111 = CARTESIAN_POINT('',(21.530573248408,1.428373010321,
    3.339661712384));
#1112 = CARTESIAN_POINT('',(20.766242038217,1.428373010321,
    3.339661712384));
#1113 = CARTESIAN_POINT('',(20.257961783439,1.565791039882,
    3.717214645627));
#1114 = VECTOR('',#1115,1.);
#1115 = DIRECTION('',(-0.,0.939692620786,-0.342020143326));
#1116 = ADVANCED_FACE('',(#1117),#1135,.T.);
#1117 = FACE_BOUND('',#1118,.T.);
#1118 = EDGE_LOOP('',(#1119,#1120,#1128,#1134));
#1119 = ORIENTED_EDGE('',*,*,#548,.T.);
#1120 = ORIENTED_EDGE('',*,*,#1121,.T.);
#1121 = EDGE_CURVE('',#526,#1122,#1124,.T.);
#1122 = VERTEX_POINT('',#1123);
#1123 = CARTESIAN_POINT('',(22.847006369427,0.84279277696,4.069836764074
    ));
#1124 = LINE('',#1125,#1126);
#1125 = CARTESIAN_POINT('',(22.847006369427,1.594546873588,
    3.796220649413));
#1126 = VECTOR('',#1127,1.);
#1127 = DIRECTION('',(0.,-0.939692620786,0.342020143326));
#1128 = ORIENTED_EDGE('',*,*,#1129,.T.);
#1129 = EDGE_CURVE('',#1122,#1096,#1130,.T.);
#1130 = B_SPLINE_CURVE_WITH_KNOTS('',2,(#1131,#1132,#1133),
  .UNSPECIFIED.,.F.,.F.,(3,3),(0.,1.),.PIECEWISE_BEZIER_KNOTS.);
#1131 = CARTESIAN_POINT('',(22.847006369427,0.84279277696,4.069836764074
    ));
#1132 = CARTESIAN_POINT('',(22.352229299363,0.676618913693,
    3.613277827045));
#1133 = CARTESIAN_POINT('',(21.530573248408,0.676618913693,
    3.613277827045));
#1134 = ORIENTED_EDGE('',*,*,#1095,.F.);
#1135 = SURFACE_OF_LINEAR_EXTRUSION('',#1136,#1140);
#1136 = B_SPLINE_CURVE_WITH_KNOTS('',2,(#1137,#1138,#1139),
  .UNSPECIFIED.,.F.,.F.,(3,3),(0.,1.),.PIECEWISE_BEZIER_KNOTS.);
#1137 = CARTESIAN_POINT('',(22.847006369427,1.594546873588,
    3.796220649413));
#1138 = CARTESIAN_POINT('',(22.352229299363,1.428373010321,
    3.339661712384));
#1139 = CARTESIAN_POINT('',(21.530573248408,1.428373010321,
    3.339661712384));
#1140 = VECTOR('',#1141,1.);
#1141 = DIRECTION('',(-0.,0.939692620786,-0.342020143326));
#1142 = ADVANCED_FACE('',(#1143),#1161,.T.);
#1143 = FACE_BOUND('',#1144,.T.);
#1144 = EDGE_LOOP('',(#1145,#1146,#1154,#1160));
#1145 = ORIENTED_EDGE('',*,*,#525,.T.);
#1146 = ORIENTED_EDGE('',*,*,#1147,.T.);
#1147 = EDGE_CURVE('',#511,#1148,#1150,.T.);
#1148 = VERTEX_POINT('',#1149);
#1149 = CARTESIAN_POINT('',(23.342038216561,1.274740254785,5.25660270579
    ));
#1150 = LINE('',#1151,#1152);
#1151 = CARTESIAN_POINT('',(23.342038216561,2.026494351414,
    4.982986591129));
#1152 = VECTOR('',#1153,1.);
#1153 = DIRECTION('',(0.,-0.939692620786,0.342020143326));
#1154 = ORIENTED_EDGE('',*,*,#1155,.T.);
#1155 = EDGE_CURVE('',#1148,#1122,#1156,.T.);
#1156 = B_SPLINE_CURVE_WITH_KNOTS('',2,(#1157,#1158,#1159),
  .UNSPECIFIED.,.F.,.F.,(3,3),(0.,1.),.PIECEWISE_BEZIER_KNOTS.);
#1157 = CARTESIAN_POINT('',(23.342038216561,1.274740254785,5.25660270579
    ));
#1158 = CARTESIAN_POINT('',(23.342038216561,1.009053779116,
    4.526635113235));
#1159 = CARTESIAN_POINT('',(22.847006369427,0.84279277696,4.069836764074
    ));
#1160 = ORIENTED_EDGE('',*,*,#1121,.F.);
#1161 = SURFACE_OF_LINEAR_EXTRUSION('',#1162,#1166);
#1162 = B_SPLINE_CURVE_WITH_KNOTS('',2,(#1163,#1164,#1165),
  .UNSPECIFIED.,.F.,.F.,(3,3),(0.,1.),.PIECEWISE_BEZIER_KNOTS.);
#1163 = CARTESIAN_POINT('',(23.342038216561,2.026494351414,
    4.982986591129));
#1164 = CARTESIAN_POINT('',(23.342038216561,1.760807875745,
    4.253018998575));
#1165 = CARTESIAN_POINT('',(22.847006369427,1.594546873588,
    3.796220649413));
#1166 = VECTOR('',#1167,1.);
#1167 = DIRECTION('',(-0.,0.939692620786,-0.342020143326));
#1168 = ADVANCED_FACE('',(#1169),#1187,.T.);
#1169 = FACE_BOUND('',#1170,.T.);
#1170 = EDGE_LOOP('',(#1171,#1172,#1180,#1186));
#1171 = ORIENTED_EDGE('',*,*,#510,.T.);
#1172 = ORIENTED_EDGE('',*,*,#1173,.T.);
#1173 = EDGE_CURVE('',#492,#1174,#1176,.T.);
#1174 = VERTEX_POINT('',#1175);
#1175 = CARTESIAN_POINT('',(23.09923566879,1.558725897358,6.036846846208
    ));
#1176 = LINE('',#1177,#1178);
#1177 = CARTESIAN_POINT('',(23.09923566879,2.310479993987,5.763230731547
    ));
#1178 = VECTOR('',#1179,1.);
#1179 = DIRECTION('',(0.,-0.939692620786,0.342020143326));
#1180 = ORIENTED_EDGE('',*,*,#1181,.T.);
#1181 = EDGE_CURVE('',#1174,#1148,#1182,.T.);
#1182 = B_SPLINE_CURVE_WITH_KNOTS('',2,(#1183,#1184,#1185),
  .UNSPECIFIED.,.F.,.F.,(3,3),(0.,1.),.PIECEWISE_BEZIER_KNOTS.);
#1183 = CARTESIAN_POINT('',(23.09923566879,1.558725897358,6.036846846208
    ));
#1184 = CARTESIAN_POINT('',(23.342038216561,1.435685784651,
    5.698796914858));
#1185 = CARTESIAN_POINT('',(23.342038216561,1.274740254785,5.25660270579
    ));
#1186 = ORIENTED_EDGE('',*,*,#1147,.F.);
#1187 = SURFACE_OF_LINEAR_EXTRUSION('',#1188,#1192);
#1188 = B_SPLINE_CURVE_WITH_KNOTS('',2,(#1189,#1190,#1191),
  .UNSPECIFIED.,.F.,.F.,(3,3),(0.,1.),.PIECEWISE_BEZIER_KNOTS.);
#1189 = CARTESIAN_POINT('',(23.09923566879,2.310479993987,5.763230731547
    ));
#1190 = CARTESIAN_POINT('',(23.342038216561,2.187439881279,
    5.425180800197));
#1191 = CARTESIAN_POINT('',(23.342038216561,2.026494351414,
    4.982986591129));
#1192 = VECTOR('',#1193,1.);
#1193 = DIRECTION('',(-0.,0.939692620786,-0.342020143326));
#1194 = ADVANCED_FACE('',(#1195),#1213,.T.);
#1195 = FACE_BOUND('',#1196,.T.);
#1196 = EDGE_LOOP('',(#1197,#1198,#1206,#1212));
#1197 = ORIENTED_EDGE('',*,*,#491,.T.);
#1198 = ORIENTED_EDGE('',*,*,#1199,.T.);
#1199 = EDGE_CURVE('',#477,#1200,#1202,.T.);
#1200 = VERTEX_POINT('',#1201);
#1201 = CARTESIAN_POINT('',(22.390445859873,1.745900233119,
    6.551104107214));
#1202 = LINE('',#1203,#1204);
#1203 = CARTESIAN_POINT('',(22.390445859873,2.497654329748,
    6.277487992553));
#1204 = VECTOR('',#1205,1.);
#1205 = DIRECTION('',(0.,-0.939692620786,0.342020143326));
#1206 = ORIENTED_EDGE('',*,*,#1207,.T.);
#1207 = EDGE_CURVE('',#1200,#1174,#1208,.T.);
#1208 = B_SPLINE_CURVE_WITH_KNOTS('',2,(#1209,#1210,#1211),
  .UNSPECIFIED.,.F.,.F.,(3,3),(0.,1.),.PIECEWISE_BEZIER_KNOTS.);
#1209 = CARTESIAN_POINT('',(22.390445859873,1.745900233119,
    6.551104107214));
#1210 = CARTESIAN_POINT('',(22.856687898089,1.681766010065,
    6.374896777558));
#1211 = CARTESIAN_POINT('',(23.09923566879,1.558725897358,6.036846846208
    ));
#1212 = ORIENTED_EDGE('',*,*,#1173,.F.);
#1213 = SURFACE_OF_LINEAR_EXTRUSION('',#1214,#1218);
#1214 = B_SPLINE_CURVE_WITH_KNOTS('',2,(#1215,#1216,#1217),
  .UNSPECIFIED.,.F.,.F.,(3,3),(0.,1.),.PIECEWISE_BEZIER_KNOTS.);
#1215 = CARTESIAN_POINT('',(22.390445859873,2.497654329748,
    6.277487992553));
#1216 = CARTESIAN_POINT('',(22.856687898089,2.433520106694,
    6.101280662898));
#1217 = CARTESIAN_POINT('',(23.09923566879,2.310479993987,5.763230731547
    ));
#1218 = VECTOR('',#1219,1.);
#1219 = DIRECTION('',(-0.,0.939692620786,-0.342020143326));
#1220 = ADVANCED_FACE('',(#1221),#1239,.T.);
#1221 = FACE_BOUND('',#1222,.T.);
#1222 = EDGE_LOOP('',(#1223,#1224,#1232,#1238));
#1223 = ORIENTED_EDGE('',*,*,#476,.T.);
#1224 = ORIENTED_EDGE('',*,*,#1225,.T.);
#1225 = EDGE_CURVE('',#462,#1226,#1228,.T.);
#1226 = VERTEX_POINT('',#1227);
#1227 = CARTESIAN_POINT('',(22.959872611465,1.905364401855,
    6.989228310026));
#1228 = LINE('',#1229,#1230);
#1229 = CARTESIAN_POINT('',(22.959872611465,2.657118498483,
    6.715612195366));
#1230 = VECTOR('',#1231,1.);
#1231 = DIRECTION('',(0.,-0.939692620786,0.342020143326));
#1232 = ORIENTED_EDGE('',*,*,#1233,.T.);
#1233 = EDGE_CURVE('',#1226,#1200,#1234,.T.);
#1234 = B_SPLINE_CURVE_WITH_KNOTS('',2,(#1235,#1236,#1237),
  .UNSPECIFIED.,.F.,.F.,(3,3),(0.,1.),.PIECEWISE_BEZIER_KNOTS.);
#1235 = CARTESIAN_POINT('',(22.959872611465,1.905364401855,
    6.989228310026));
#1236 = CARTESIAN_POINT('',(22.757324840764,1.801059150502,
    6.702651987203));
#1237 = CARTESIAN_POINT('',(22.390445859873,1.745900233119,
    6.551104107214));
#1238 = ORIENTED_EDGE('',*,*,#1199,.F.);
#1239 = SURFACE_OF_LINEAR_EXTRUSION('',#1240,#1244);
#1240 = B_SPLINE_CURVE_WITH_KNOTS('',2,(#1241,#1242,#1243),
  .UNSPECIFIED.,.F.,.F.,(3,3),(0.,1.),.PIECEWISE_BEZIER_KNOTS.);
#1241 = CARTESIAN_POINT('',(22.959872611465,2.657118498483,
    6.715612195366));
#1242 = CARTESIAN_POINT('',(22.757324840764,2.55281324713,6.429035872542
    ));
#1243 = CARTESIAN_POINT('',(22.390445859873,2.497654329748,
    6.277487992553));
#1244 = VECTOR('',#1245,1.);
#1245 = DIRECTION('',(-0.,0.939692620786,-0.342020143326));
#1246 = ADVANCED_FACE('',(#1247),#1265,.T.);
#1247 = FACE_BOUND('',#1248,.T.);
#1248 = EDGE_LOOP('',(#1249,#1250,#1258,#1264));
#1249 = ORIENTED_EDGE('',*,*,#461,.T.);
#1250 = ORIENTED_EDGE('',*,*,#1251,.T.);
#1251 = EDGE_CURVE('',#443,#1252,#1254,.T.);
#1252 = VERTEX_POINT('',#1253);
#1253 = CARTESIAN_POINT('',(23.162420382166,2.143602127167,
    7.643781080785));
#1254 = LINE('',#1255,#1256);
#1255 = CARTESIAN_POINT('',(23.162420382166,2.895356223796,
    7.370164966124));
#1256 = VECTOR('',#1257,1.);
#1257 = DIRECTION('',(0.,-0.939692620786,0.342020143326));
#1258 = ORIENTED_EDGE('',*,*,#1259,.T.);
#1259 = EDGE_CURVE('',#1252,#1226,#1260,.T.);
#1260 = B_SPLINE_CURVE_WITH_KNOTS('',2,(#1261,#1262,#1263),
  .UNSPECIFIED.,.F.,.F.,(3,3),(0.,1.),.PIECEWISE_BEZIER_KNOTS.);
#1261 = CARTESIAN_POINT('',(23.162420382166,2.143602127167,
    7.643781080785));
#1262 = CARTESIAN_POINT('',(23.162420382166,2.009669653208,
    7.275804632849));
#1263 = CARTESIAN_POINT('',(22.959872611465,1.905364401855,
    6.989228310026));
#1264 = ORIENTED_EDGE('',*,*,#1225,.F.);
#1265 = SURFACE_OF_LINEAR_EXTRUSION('',#1266,#1270);
#1266 = B_SPLINE_CURVE_WITH_KNOTS('',2,(#1267,#1268,#1269),
  .UNSPECIFIED.,.F.,.F.,(3,3),(0.,1.),.PIECEWISE_BEZIER_KNOTS.);
#1267 = CARTESIAN_POINT('',(23.162420382166,2.895356223796,
    7.370164966124));
#1268 = CARTESIAN_POINT('',(23.162420382166,2.761423749836,
    7.002188518189));
#1269 = CARTESIAN_POINT('',(22.959872611465,2.657118498483,
    6.715612195366));
#1270 = VECTOR('',#1271,1.);
#1271 = DIRECTION('',(-0.,0.939692620786,-0.342020143326));
#1272 = ADVANCED_FACE('',(#1273),#1291,.T.);
#1273 = FACE_BOUND('',#1274,.T.);
#1274 = EDGE_LOOP('',(#1275,#1276,#1284,#1290));
#1275 = ORIENTED_EDGE('',*,*,#442,.T.);
#1276 = ORIENTED_EDGE('',*,*,#1277,.T.);
#1277 = EDGE_CURVE('',#420,#1278,#1280,.T.);
#1278 = VERTEX_POINT('',#1279);
#1279 = CARTESIAN_POINT('',(22.720891719745,2.499215937336,8.62082199427
    ));
#1280 = LINE('',#1281,#1282);
#1281 = CARTESIAN_POINT('',(22.720891719745,3.250970033965,
    8.347205879609));
#1282 = VECTOR('',#1283,1.);
#1283 = DIRECTION('',(0.,-0.939692620786,0.342020143326));
#1284 = ORIENTED_EDGE('',*,*,#1285,.T.);
#1285 = EDGE_CURVE('',#1278,#1252,#1286,.T.);
#1286 = B_SPLINE_CURVE_WITH_KNOTS('',2,(#1287,#1288,#1289),
  .UNSPECIFIED.,.F.,.F.,(3,3),(0.,1.),.PIECEWISE_BEZIER_KNOTS.);
#1287 = CARTESIAN_POINT('',(22.720891719745,2.499215937336,8.62082199427
    ));
#1288 = CARTESIAN_POINT('',(23.162420382166,2.358835185515,
    8.235129048515));
#1289 = CARTESIAN_POINT('',(23.162420382166,2.143602127167,
    7.643781080785));
#1290 = ORIENTED_EDGE('',*,*,#1251,.F.);
#1291 = SURFACE_OF_LINEAR_EXTRUSION('',#1292,#1296);
#1292 = B_SPLINE_CURVE_WITH_KNOTS('',2,(#1293,#1294,#1295),
  .UNSPECIFIED.,.F.,.F.,(3,3),(0.,1.),.PIECEWISE_BEZIER_KNOTS.);
#1293 = CARTESIAN_POINT('',(22.720891719745,3.250970033965,
    8.347205879609));
#1294 = CARTESIAN_POINT('',(23.162420382166,3.110589282144,
    7.961512933855));
#1295 = CARTESIAN_POINT('',(23.162420382166,2.895356223796,
    7.370164966124));
#1296 = VECTOR('',#1297,1.);
#1297 = DIRECTION('',(-0.,0.939692620786,-0.342020143326));
#1298 = ADVANCED_FACE('',(#1299),#1317,.T.);
#1299 = FACE_BOUND('',#1300,.T.);
#1300 = EDGE_LOOP('',(#1301,#1302,#1310,#1316));
#1301 = ORIENTED_EDGE('',*,*,#419,.T.);
#1302 = ORIENTED_EDGE('',*,*,#1303,.T.);
#1303 = EDGE_CURVE('',#401,#1304,#1306,.T.);
#1304 = VERTEX_POINT('',#1305);
#1305 = CARTESIAN_POINT('',(21.480891719745,2.639683828047,
    9.006754352157));
#1306 = LINE('',#1307,#1308);
#1307 = CARTESIAN_POINT('',(21.480891719745,3.391437924676,
    8.733138237496));
#1308 = VECTOR('',#1309,1.);
#1309 = DIRECTION('',(0.,-0.939692620786,0.342020143326));
#1310 = ORIENTED_EDGE('',*,*,#1311,.T.);
#1311 = EDGE_CURVE('',#1304,#1278,#1312,.T.);
#1312 = B_SPLINE_CURVE_WITH_KNOTS('',2,(#1313,#1314,#1315),
  .UNSPECIFIED.,.F.,.F.,(3,3),(0.,1.),.PIECEWISE_BEZIER_KNOTS.);
#1313 = CARTESIAN_POINT('',(21.480891719745,2.639683828047,
    9.006754352157));
#1314 = CARTESIAN_POINT('',(22.279617834395,2.639683828047,
    9.006754352157));
#1315 = CARTESIAN_POINT('',(22.720891719745,2.499215937336,8.62082199427
    ));
#1316 = ORIENTED_EDGE('',*,*,#1277,.F.);
#1317 = SURFACE_OF_LINEAR_EXTRUSION('',#1318,#1322);
#1318 = B_SPLINE_CURVE_WITH_KNOTS('',2,(#1319,#1320,#1321),
  .UNSPECIFIED.,.F.,.F.,(3,3),(0.,1.),.PIECEWISE_BEZIER_KNOTS.);
#1319 = CARTESIAN_POINT('',(21.480891719745,3.391437924676,
    8.733138237496));
#1320 = CARTESIAN_POINT('',(22.279617834395,3.391437924676,
    8.733138237496));
#1321 = CARTESIAN_POINT('',(22.720891719745,3.250970033965,
    8.347205879609));
#1322 = VECTOR('',#1323,1.);
#1323 = DIRECTION('',(-0.,0.939692620786,-0.342020143326));
#1324 = ADVANCED_FACE('',(#1325),#1343,.T.);
#1325 = FACE_BOUND('',#1326,.T.);
#1326 = EDGE_LOOP('',(#1327,#1328,#1336,#1342));
#1327 = ORIENTED_EDGE('',*,*,#400,.T.);
#1328 = ORIENTED_EDGE('',*,*,#1329,.T.);
#1329 = EDGE_CURVE('',#382,#1330,#1332,.T.);
#1330 = VERTEX_POINT('',#1331);
#1331 = CARTESIAN_POINT('',(20.236815286624,2.499215937336,8.62082199427
    ));
#1332 = LINE('',#1333,#1334);
#1333 = CARTESIAN_POINT('',(20.236815286624,3.250970033965,
    8.347205879609));
#1334 = VECTOR('',#1335,1.);
#1335 = DIRECTION('',(0.,-0.939692620786,0.342020143326));
#1336 = ORIENTED_EDGE('',*,*,#1337,.T.);
#1337 = EDGE_CURVE('',#1330,#1304,#1338,.T.);
#1338 = B_SPLINE_CURVE_WITH_KNOTS('',2,(#1339,#1340,#1341),
  .UNSPECIFIED.,.F.,.F.,(3,3),(0.,1.),.PIECEWISE_BEZIER_KNOTS.);
#1339 = CARTESIAN_POINT('',(20.236815286624,2.499215937336,8.62082199427
    ));
#1340 = CARTESIAN_POINT('',(20.674522292994,2.639683828047,
    9.006754352157));
#1341 = CARTESIAN_POINT('',(21.480891719745,2.639683828047,
    9.006754352157));
#1342 = ORIENTED_EDGE('',*,*,#1303,.F.);
#1343 = SURFACE_OF_LINEAR_EXTRUSION('',#1344,#1348);
#1344 = B_SPLINE_CURVE_WITH_KNOTS('',2,(#1345,#1346,#1347),
  .UNSPECIFIED.,.F.,.F.,(3,3),(0.,1.),.PIECEWISE_BEZIER_KNOTS.);
#1345 = CARTESIAN_POINT('',(20.236815286624,3.250970033965,
    8.347205879609));
#1346 = CARTESIAN_POINT('',(20.674522292994,3.391437924676,
    8.733138237496));
#1347 = CARTESIAN_POINT('',(21.480891719745,3.391437924676,
    8.733138237496));
#1348 = VECTOR('',#1349,1.);
#1349 = DIRECTION('',(-0.,0.939692620786,-0.342020143326));
#1350 = ADVANCED_FACE('',(#1351),#1369,.T.);
#1351 = FACE_BOUND('',#1352,.T.);
#1352 = EDGE_LOOP('',(#1353,#1354,#1362,#1368));
#1353 = ORIENTED_EDGE('',*,*,#381,.T.);
#1354 = ORIENTED_EDGE('',*,*,#1355,.T.);
#1355 = EDGE_CURVE('',#367,#1356,#1358,.T.);
#1356 = VERTEX_POINT('',#1357);
#1357 = CARTESIAN_POINT('',(19.799363057325,2.143602127167,
    7.643781080785));
#1358 = LINE('',#1359,#1360);
#1359 = CARTESIAN_POINT('',(19.799363057325,2.895356223796,
    7.370164966124));
#1360 = VECTOR('',#1361,1.);
#1361 = DIRECTION('',(0.,-0.939692620786,0.342020143326));
#1362 = ORIENTED_EDGE('',*,*,#1363,.T.);
#1363 = EDGE_CURVE('',#1356,#1330,#1364,.T.);
#1364 = B_SPLINE_CURVE_WITH_KNOTS('',2,(#1365,#1366,#1367),
  .UNSPECIFIED.,.F.,.F.,(3,3),(0.,1.),.PIECEWISE_BEZIER_KNOTS.);
#1365 = CARTESIAN_POINT('',(19.799363057325,2.143602127167,
    7.643781080785));
#1366 = CARTESIAN_POINT('',(19.799363057325,2.358835185515,
    8.235129048515));
#1367 = CARTESIAN_POINT('',(20.236815286624,2.499215937336,8.62082199427
    ));
#1368 = ORIENTED_EDGE('',*,*,#1329,.F.);
#1369 = SURFACE_OF_LINEAR_EXTRUSION('',#1370,#1374);
#1370 = B_SPLINE_CURVE_WITH_KNOTS('',2,(#1371,#1372,#1373),
  .UNSPECIFIED.,.F.,.F.,(3,3),(0.,1.),.PIECEWISE_BEZIER_KNOTS.);
#1371 = CARTESIAN_POINT('',(19.799363057325,2.895356223796,
    7.370164966124));
#1372 = CARTESIAN_POINT('',(19.799363057325,3.110589282144,
    7.961512933855));
#1373 = CARTESIAN_POINT('',(20.236815286624,3.250970033965,
    8.347205879609));
#1374 = VECTOR('',#1375,1.);
#1375 = DIRECTION('',(-0.,0.939692620786,-0.342020143326));
#1376 = ADVANCED_FACE('',(#1377),#1388,.T.);
#1377 = FACE_BOUND('',#1378,.T.);
#1378 = EDGE_LOOP('',(#1379,#1380,#1381,#1387));
#1379 = ORIENTED_EDGE('',*,*,#366,.T.);
#1380 = ORIENTED_EDGE('',*,*,#1000,.T.);
#1381 = ORIENTED_EDGE('',*,*,#1382,.T.);
#1382 = EDGE_CURVE('',#993,#1356,#1383,.T.);
#1383 = B_SPLINE_CURVE_WITH_KNOTS('',2,(#1384,#1385,#1386),
  .UNSPECIFIED.,.F.,.F.,(3,3),(0.,1.),.PIECEWISE_BEZIER_KNOTS.);
#1384 = CARTESIAN_POINT('',(19.988407643312,1.911899818606,
    7.007184219977));
#1385 = CARTESIAN_POINT('',(19.799363057325,2.017599292199,
    7.297591136923));
#1386 = CARTESIAN_POINT('',(19.799363057325,2.143602127167,
    7.643781080785));
#1387 = ORIENTED_EDGE('',*,*,#1355,.F.);
#1388 = SURFACE_OF_LINEAR_EXTRUSION('',#1389,#1393);
#1389 = B_SPLINE_CURVE_WITH_KNOTS('',2,(#1390,#1391,#1392),
  .UNSPECIFIED.,.F.,.F.,(3,3),(0.,1.),.PIECEWISE_BEZIER_KNOTS.);
#1390 = CARTESIAN_POINT('',(19.988407643312,2.663653915235,
    6.733568105317));
#1391 = CARTESIAN_POINT('',(19.799363057325,2.769353388828,
    7.023975022263));
#1392 = CARTESIAN_POINT('',(19.799363057325,2.895356223796,
    7.370164966124));
#1393 = VECTOR('',#1394,1.);
#1394 = DIRECTION('',(-0.,0.939692620786,-0.342020143326));
#1395 = ADVANCED_FACE('',(#1396),#1421,.F.);
#1396 = FACE_BOUND('',#1397,.F.);
#1397 = EDGE_LOOP('',(#1398,#1406,#1414,#1420));
#1398 = ORIENTED_EDGE('',*,*,#1399,.F.);
#1399 = EDGE_CURVE('',#1400,#284,#1402,.T.);
#1400 = VERTEX_POINT('',#1401);
#1401 = CARTESIAN_POINT('',(47.,18.9,0.));
#1402 = LINE('',#1403,#1404);
#1403 = CARTESIAN_POINT('',(47.,18.9,0.));
#1404 = VECTOR('',#1405,1.);
#1405 = DIRECTION('',(-0.971520338783,-0.236956180191,0.));
#1406 = ORIENTED_EDGE('',*,*,#1407,.T.);
#1407 = EDGE_CURVE('',#1400,#1408,#1410,.T.);
#1408 = VERTEX_POINT('',#1409);
#1409 = CARTESIAN_POINT('',(47.,18.9,10.));
#1410 = LINE('',#1411,#1412);
#1411 = CARTESIAN_POINT('',(47.,18.9,0.));
#1412 = VECTOR('',#1413,1.);
#1413 = DIRECTION('',(0.,0.,1.));
#1414 = ORIENTED_EDGE('',*,*,#1415,.T.);
#1415 = EDGE_CURVE('',#1408,#95,#1416,.T.);
#1416 = LINE('',#1417,#1418);
#1417 = CARTESIAN_POINT('',(47.,18.9,10.));
#1418 = VECTOR('',#1419,1.);
#1419 = DIRECTION('',(-0.971520338783,-0.236956180191,0.));
#1420 = ORIENTED_EDGE('',*,*,#720,.T.);
#1421 = PLANE('',#1422);
#1422 = AXIS2_PLACEMENT_3D('',#1423,#1424,#1425);
#1423 = CARTESIAN_POINT('',(47.,18.9,0.));
#1424 = DIRECTION('',(0.236956180191,-0.971520338783,0.));
#1425 = DIRECTION('',(-0.971520338783,-0.236956180191,0.));
#1426 = ADVANCED_FACE('',(#1427),#1445,.T.);
#1427 = FACE_BOUND('',#1428,.T.);
#1428 = EDGE_LOOP('',(#1429,#1430,#1438,#1444));
#1429 = ORIENTED_EDGE('',*,*,#737,.F.);
#1430 = ORIENTED_EDGE('',*,*,#1431,.T.);
#1431 = EDGE_CURVE('',#71,#1432,#1434,.T.);
#1432 = VERTEX_POINT('',#1433);
#1433 = CARTESIAN_POINT('',(47.,12.9,10.));
#1434 = LINE('',#1435,#1436);
#1435 = CARTESIAN_POINT('',(42.9,13.9,10.));
#1436 = VECTOR('',#1437,1.);
#1437 = DIRECTION('',(0.971520338783,-0.236956180191,0.));
#1438 = ORIENTED_EDGE('',*,*,#1439,.T.);
#1439 = EDGE_CURVE('',#1432,#1408,#1440,.T.);
#1440 = LINE('',#1441,#1442);
#1441 = CARTESIAN_POINT('',(47.,12.9,10.));
#1442 = VECTOR('',#1443,1.);
#1443 = DIRECTION('',(0.,1.,0.));
#1444 = ORIENTED_EDGE('',*,*,#1415,.T.);
#1445 = PLANE('',#1446);
#1446 = AXIS2_PLACEMENT_3D('',#1447,#1448,#1449);
#1447 = CARTESIAN_POINT('',(45.172338161771,15.9,10.));
#1448 = DIRECTION('',(0.,0.,1.));
#1449 = DIRECTION('',(1.,0.,0.));
#1450 = ADVANCED_FACE('',(#1451),#1469,.F.);
#1451 = FACE_BOUND('',#1452,.F.);
#1452 = EDGE_LOOP('',(#1453,#1461,#1462,#1463));
#1453 = ORIENTED_EDGE('',*,*,#1454,.F.);
#1454 = EDGE_CURVE('',#260,#1455,#1457,.T.);
#1455 = VERTEX_POINT('',#1456);
#1456 = CARTESIAN_POINT('',(47.,12.9,0.));
#1457 = LINE('',#1458,#1459);
#1458 = CARTESIAN_POINT('',(42.9,13.9,0.));
#1459 = VECTOR('',#1460,1.);
#1460 = DIRECTION('',(0.971520338783,-0.236956180191,0.));
#1461 = ORIENTED_EDGE('',*,*,#756,.T.);
#1462 = ORIENTED_EDGE('',*,*,#1431,.T.);
#1463 = ORIENTED_EDGE('',*,*,#1464,.F.);
#1464 = EDGE_CURVE('',#1455,#1432,#1465,.T.);
#1465 = LINE('',#1466,#1467);
#1466 = CARTESIAN_POINT('',(47.,12.9,0.));
#1467 = VECTOR('',#1468,1.);
#1468 = DIRECTION('',(0.,0.,1.));
#1469 = PLANE('',#1470);
#1470 = AXIS2_PLACEMENT_3D('',#1471,#1472,#1473);
#1471 = CARTESIAN_POINT('',(42.9,13.9,0.));
#1472 = DIRECTION('',(0.236956180191,0.971520338783,0.));
#1473 = DIRECTION('',(0.971520338783,-0.236956180191,0.));
#1474 = ADVANCED_FACE('',(#1475),#1501,.T.);
#1475 = FACE_BOUND('',#1476,.T.);
#1476 = EDGE_LOOP('',(#1477,#1485,#1486,#1494));
#1477 = ORIENTED_EDGE('',*,*,#1478,.F.);
#1478 = EDGE_CURVE('',#771,#1479,#1481,.T.);
#1479 = VERTEX_POINT('',#1480);
#1480 = CARTESIAN_POINT('',(16.6,37.86,21.));
#1481 = LINE('',#1482,#1483);
#1482 = CARTESIAN_POINT('',(16.6,38.11,20.75));
#1483 = VECTOR('',#1484,1.);
#1484 = DIRECTION('',(-2.90882763039E-35,-0.707106781187,0.707106781187)
  );
#1485 = ORIENTED_EDGE('',*,*,#787,.T.);
#1486 = ORIENTED_EDGE('',*,*,#1487,.T.);
#1487 = EDGE_CURVE('',#780,#1488,#1490,.T.);
#1488 = VERTEX_POINT('',#1489);
#1489 = CARTESIAN_POINT('',(16.5,37.76,21.));
#1490 = LINE('',#1491,#1492);
#1491 = CARTESIAN_POINT('',(16.,37.76,20.5));
#1492 = VECTOR('',#1493,1.);
#1493 = DIRECTION('',(0.707106781187,-4.329780281177E-17,0.707106781187)
  );
#1494 = ORIENTED_EDGE('',*,*,#1495,.F.);
#1495 = EDGE_CURVE('',#1479,#1488,#1496,.T.);
#1496 = CIRCLE('',#1497,1.E-01);
#1497 = AXIS2_PLACEMENT_3D('',#1498,#1499,#1500);
#1498 = CARTESIAN_POINT('',(16.6,37.76,21.));
#1499 = DIRECTION('',(0.,-0.,1.));
#1500 = DIRECTION('',(0.,1.,0.));
#1501 = CONICAL_SURFACE('',#1502,0.6,0.785398163397);
#1502 = AXIS2_PLACEMENT_3D('',#1503,#1504,#1505);
#1503 = CARTESIAN_POINT('',(16.6,37.76,20.5));
#1504 = DIRECTION('',(-0.,-0.,-1.));
#1505 = DIRECTION('',(0.,1.,0.));
#1506 = ADVANCED_FACE('',(#1507),#1525,.F.);
#1507 = FACE_BOUND('',#1508,.T.);
#1508 = EDGE_LOOP('',(#1509,#1517,#1518,#1519));
#1509 = ORIENTED_EDGE('',*,*,#1510,.F.);
#1510 = EDGE_CURVE('',#804,#1511,#1513,.T.);
#1511 = VERTEX_POINT('',#1512);
#1512 = CARTESIAN_POINT('',(26.4,37.86,21.));
#1513 = LINE('',#1514,#1515);
#1514 = CARTESIAN_POINT('',(26.4,38.11,20.75));
#1515 = VECTOR('',#1516,1.);
#1516 = DIRECTION('',(-2.90882763039E-35,-0.707106781187,0.707106781187)
  );
#1517 = ORIENTED_EDGE('',*,*,#811,.T.);
#1518 = ORIENTED_EDGE('',*,*,#1478,.T.);
#1519 = ORIENTED_EDGE('',*,*,#1520,.F.);
#1520 = EDGE_CURVE('',#1511,#1479,#1521,.T.);
#1521 = LINE('',#1522,#1523);
#1522 = CARTESIAN_POINT('',(26.4,37.86,21.));
#1523 = VECTOR('',#1524,1.);
#1524 = DIRECTION('',(-1.,0.,0.));
#1525 = PLANE('',#1526);
#1526 = AXIS2_PLACEMENT_3D('',#1527,#1528,#1529);
#1527 = CARTESIAN_POINT('',(26.4,38.11,20.75));
#1528 = DIRECTION('',(-1.889513820523E-18,-0.707106781187,
    -0.707106781187));
#1529 = DIRECTION('',(1.,-1.336088035637E-18,-1.336088035637E-18));
#1530 = ADVANCED_FACE('',(#1531),#1549,.F.);
#1531 = FACE_BOUND('',#1532,.T.);
#1532 = EDGE_LOOP('',(#1533,#1534,#1535,#1543));
#1533 = ORIENTED_EDGE('',*,*,#1487,.F.);
#1534 = ORIENTED_EDGE('',*,*,#828,.T.);
#1535 = ORIENTED_EDGE('',*,*,#1536,.T.);
#1536 = EDGE_CURVE('',#829,#1537,#1539,.T.);
#1537 = VERTEX_POINT('',#1538);
#1538 = CARTESIAN_POINT('',(16.5,27.96,21.));
#1539 = LINE('',#1540,#1541);
#1540 = CARTESIAN_POINT('',(16.25,27.96,20.75));
#1541 = VECTOR('',#1542,1.);
#1542 = DIRECTION('',(0.707106781187,-2.90882763039E-35,0.707106781187)
  );
#1543 = ORIENTED_EDGE('',*,*,#1544,.F.);
#1544 = EDGE_CURVE('',#1488,#1537,#1545,.T.);
#1545 = LINE('',#1546,#1547);
#1546 = CARTESIAN_POINT('',(16.5,37.76,21.));
#1547 = VECTOR('',#1548,1.);
#1548 = DIRECTION('',(0.,-1.,0.));
#1549 = PLANE('',#1550);
#1550 = AXIS2_PLACEMENT_3D('',#1551,#1552,#1553);
#1551 = CARTESIAN_POINT('',(16.25,37.76,20.75));
#1552 = DIRECTION('',(0.707106781187,1.889513820523E-18,-0.707106781187)
  );
#1553 = DIRECTION('',(-1.336088035637E-18,1.,1.336088035637E-18));
#1554 = ADVANCED_FACE('',(#1555),#1574,.T.);
#1555 = FACE_BOUND('',#1556,.T.);
#1556 = EDGE_LOOP('',(#1557,#1565,#1566,#1567));
#1557 = ORIENTED_EDGE('',*,*,#1558,.F.);
#1558 = EDGE_CURVE('',#853,#1559,#1561,.T.);
#1559 = VERTEX_POINT('',#1560);
#1560 = CARTESIAN_POINT('',(26.5,37.76,21.));
#1561 = LINE('',#1562,#1563);
#1562 = CARTESIAN_POINT('',(26.75,37.76,20.75));
#1563 = VECTOR('',#1564,1.);
#1564 = DIRECTION('',(-0.707106781187,2.90882763039E-35,0.707106781187)
  );
#1565 = ORIENTED_EDGE('',*,*,#860,.T.);
#1566 = ORIENTED_EDGE('',*,*,#1510,.T.);
#1567 = ORIENTED_EDGE('',*,*,#1568,.F.);
#1568 = EDGE_CURVE('',#1559,#1511,#1569,.T.);
#1569 = CIRCLE('',#1570,1.E-01);
#1570 = AXIS2_PLACEMENT_3D('',#1571,#1572,#1573);
#1571 = CARTESIAN_POINT('',(26.4,37.76,21.));
#1572 = DIRECTION('',(0.,0.,1.));
#1573 = DIRECTION('',(1.,0.,0.));
#1574 = CONICAL_SURFACE('',#1575,0.6,0.785398163397);
#1575 = AXIS2_PLACEMENT_3D('',#1576,#1577,#1578);
#1576 = CARTESIAN_POINT('',(26.4,37.76,20.5));
#1577 = DIRECTION('',(-0.,-0.,-1.));
#1578 = DIRECTION('',(1.,0.,0.));
#1579 = ADVANCED_FACE('',(#1580),#1599,.T.);
#1580 = FACE_BOUND('',#1581,.T.);
#1581 = EDGE_LOOP('',(#1582,#1583,#1584,#1592));
#1582 = ORIENTED_EDGE('',*,*,#1536,.F.);
#1583 = ORIENTED_EDGE('',*,*,#885,.T.);
#1584 = ORIENTED_EDGE('',*,*,#1585,.T.);
#1585 = EDGE_CURVE('',#878,#1586,#1588,.T.);
#1586 = VERTEX_POINT('',#1587);
#1587 = CARTESIAN_POINT('',(16.6,27.86,21.));
#1588 = LINE('',#1589,#1590);
#1589 = CARTESIAN_POINT('',(16.6,27.36,20.5));
#1590 = VECTOR('',#1591,1.);
#1591 = DIRECTION('',(4.329780281177E-17,0.707106781187,0.707106781187)
  );
#1592 = ORIENTED_EDGE('',*,*,#1593,.F.);
#1593 = EDGE_CURVE('',#1537,#1586,#1594,.T.);
#1594 = CIRCLE('',#1595,1.E-01);
#1595 = AXIS2_PLACEMENT_3D('',#1596,#1597,#1598);
#1596 = CARTESIAN_POINT('',(16.6,27.96,21.));
#1597 = DIRECTION('',(0.,0.,1.));
#1598 = DIRECTION('',(-1.,0.,0.));
#1599 = CONICAL_SURFACE('',#1600,0.6,0.785398163397);
#1600 = AXIS2_PLACEMENT_3D('',#1601,#1602,#1603);
#1601 = CARTESIAN_POINT('',(16.6,27.96,20.5));
#1602 = DIRECTION('',(-0.,-0.,-1.));
#1603 = DIRECTION('',(-1.,0.,0.));
#1604 = ADVANCED_FACE('',(#1605),#1623,.F.);
#1605 = FACE_BOUND('',#1606,.T.);
#1606 = EDGE_LOOP('',(#1607,#1615,#1616,#1617));
#1607 = ORIENTED_EDGE('',*,*,#1608,.F.);
#1608 = EDGE_CURVE('',#902,#1609,#1611,.T.);
#1609 = VERTEX_POINT('',#1610);
#1610 = CARTESIAN_POINT('',(26.5,27.96,21.));
#1611 = LINE('',#1612,#1613);
#1612 = CARTESIAN_POINT('',(27.,27.96,20.5));
#1613 = VECTOR('',#1614,1.);
#1614 = DIRECTION('',(-0.707106781187,4.329780281177E-17,0.707106781187)
  );
#1615 = ORIENTED_EDGE('',*,*,#909,.T.);
#1616 = ORIENTED_EDGE('',*,*,#1558,.T.);
#1617 = ORIENTED_EDGE('',*,*,#1618,.F.);
#1618 = EDGE_CURVE('',#1609,#1559,#1619,.T.);
#1619 = LINE('',#1620,#1621);
#1620 = CARTESIAN_POINT('',(26.5,27.96,21.));
#1621 = VECTOR('',#1622,1.);
#1622 = DIRECTION('',(0.,1.,0.));
#1623 = PLANE('',#1624);
#1624 = AXIS2_PLACEMENT_3D('',#1625,#1626,#1627);
#1625 = CARTESIAN_POINT('',(26.75,27.96,20.75));
#1626 = DIRECTION('',(-0.707106781187,-1.889513820523E-18,
    -0.707106781187));
#1627 = DIRECTION('',(1.336088035637E-18,-1.,1.336088035637E-18));
#1628 = ADVANCED_FACE('',(#1629),#1647,.F.);
#1629 = FACE_BOUND('',#1630,.T.);
#1630 = EDGE_LOOP('',(#1631,#1632,#1633,#1641));
#1631 = ORIENTED_EDGE('',*,*,#1585,.F.);
#1632 = ORIENTED_EDGE('',*,*,#926,.T.);
#1633 = ORIENTED_EDGE('',*,*,#1634,.T.);
#1634 = EDGE_CURVE('',#927,#1635,#1637,.T.);
#1635 = VERTEX_POINT('',#1636);
#1636 = CARTESIAN_POINT('',(26.4,27.86,21.));
#1637 = LINE('',#1638,#1639);
#1638 = CARTESIAN_POINT('',(26.4,27.61,20.75));
#1639 = VECTOR('',#1640,1.);
#1640 = DIRECTION('',(2.90882763039E-35,0.707106781187,0.707106781187));
#1641 = ORIENTED_EDGE('',*,*,#1642,.F.);
#1642 = EDGE_CURVE('',#1586,#1635,#1643,.T.);
#1643 = LINE('',#1644,#1645);
#1644 = CARTESIAN_POINT('',(16.6,27.86,21.));
#1645 = VECTOR('',#1646,1.);
#1646 = DIRECTION('',(1.,0.,0.));
#1647 = PLANE('',#1648);
#1648 = AXIS2_PLACEMENT_3D('',#1649,#1650,#1651);
#1649 = CARTESIAN_POINT('',(16.6,27.61,20.75));
#1650 = DIRECTION('',(1.889513820523E-18,0.707106781187,-0.707106781187)
  );
#1651 = DIRECTION('',(-1.,1.336088035637E-18,-1.336088035637E-18));
#1652 = ADVANCED_FACE('',(#1653),#1665,.T.);
#1653 = FACE_BOUND('',#1654,.T.);
#1654 = EDGE_LOOP('',(#1655,#1656,#1657,#1658));
#1655 = ORIENTED_EDGE('',*,*,#1634,.F.);
#1656 = ORIENTED_EDGE('',*,*,#951,.T.);
#1657 = ORIENTED_EDGE('',*,*,#1608,.T.);
#1658 = ORIENTED_EDGE('',*,*,#1659,.F.);
#1659 = EDGE_CURVE('',#1635,#1609,#1660,.T.);
#1660 = CIRCLE('',#1661,1.E-01);
#1661 = AXIS2_PLACEMENT_3D('',#1662,#1663,#1664);
#1662 = CARTESIAN_POINT('',(26.4,27.96,21.));
#1663 = DIRECTION('',(-0.,0.,1.));
#1664 = DIRECTION('',(0.,-1.,0.));
#1665 = CONICAL_SURFACE('',#1666,0.6,0.785398163397);
#1666 = AXIS2_PLACEMENT_3D('',#1667,#1668,#1669);
#1667 = CARTESIAN_POINT('',(26.4,27.96,20.5));
#1668 = DIRECTION('',(-0.,-0.,-1.));
#1669 = DIRECTION('',(0.,-1.,0.));
#1670 = ADVANCED_FACE('',(#1671),#1682,.F.);
#1671 = FACE_BOUND('',#1672,.F.);
#1672 = EDGE_LOOP('',(#1673,#1674,#1675,#1681));
#1673 = ORIENTED_EDGE('',*,*,#967,.F.);
#1674 = ORIENTED_EDGE('',*,*,#1454,.T.);
#1675 = ORIENTED_EDGE('',*,*,#1676,.T.);
#1676 = EDGE_CURVE('',#1455,#1400,#1677,.T.);
#1677 = LINE('',#1678,#1679);
#1678 = CARTESIAN_POINT('',(47.,12.9,0.));
#1679 = VECTOR('',#1680,1.);
#1680 = DIRECTION('',(0.,1.,0.));
#1681 = ORIENTED_EDGE('',*,*,#1399,.T.);
#1682 = PLANE('',#1683);
#1683 = AXIS2_PLACEMENT_3D('',#1684,#1685,#1686);
#1684 = CARTESIAN_POINT('',(45.172338161771,15.9,0.));
#1685 = DIRECTION('',(0.,0.,1.));
#1686 = DIRECTION('',(1.,0.,0.));
#1687 = ADVANCED_FACE('',(#1688,#1706,#1772),#1838,.T.);
#1688 = FACE_BOUND('',#1689,.T.);
#1689 = EDGE_LOOP('',(#1690,#1691,#1692,#1693,#1694,#1695,#1696,#1697,
    #1698,#1699,#1700,#1701,#1702,#1703,#1704,#1705));
#1690 = ORIENTED_EDGE('',*,*,#992,.F.);
#1691 = ORIENTED_EDGE('',*,*,#1025,.F.);
#1692 = ORIENTED_EDGE('',*,*,#1051,.F.);
#1693 = ORIENTED_EDGE('',*,*,#1077,.F.);
#1694 = ORIENTED_EDGE('',*,*,#1103,.F.);
#1695 = ORIENTED_EDGE('',*,*,#1129,.F.);
#1696 = ORIENTED_EDGE('',*,*,#1155,.F.);
#1697 = ORIENTED_EDGE('',*,*,#1181,.F.);
#1698 = ORIENTED_EDGE('',*,*,#1207,.F.);
#1699 = ORIENTED_EDGE('',*,*,#1233,.F.);
#1700 = ORIENTED_EDGE('',*,*,#1259,.F.);
#1701 = ORIENTED_EDGE('',*,*,#1285,.F.);
#1702 = ORIENTED_EDGE('',*,*,#1311,.F.);
#1703 = ORIENTED_EDGE('',*,*,#1337,.F.);
#1704 = ORIENTED_EDGE('',*,*,#1363,.F.);
#1705 = ORIENTED_EDGE('',*,*,#1382,.F.);
#1706 = FACE_BOUND('',#1707,.T.);
#1707 = EDGE_LOOP('',(#1708,#1718,#1726,#1734,#1742,#1750,#1758,#1766));
#1708 = ORIENTED_EDGE('',*,*,#1709,.F.);
#1709 = EDGE_CURVE('',#1710,#1712,#1714,.T.);
#1710 = VERTEX_POINT('',#1711);
#1711 = CARTESIAN_POINT('',(20.716560509554,1.292865143909,
    5.306400429388));
#1712 = VERTEX_POINT('',#1713);
#1713 = CARTESIAN_POINT('',(20.943821656051,1.052797501906,
    4.646820003843));
#1714 = B_SPLINE_CURVE_WITH_KNOTS('',2,(#1715,#1716,#1717),
  .UNSPECIFIED.,.F.,.F.,(3,3),(0.,1.),.PIECEWISE_BEZIER_KNOTS.);
#1715 = CARTESIAN_POINT('',(20.716560509554,1.292865143909,
    5.306400429388));
#1716 = CARTESIAN_POINT('',(20.716560509554,1.138977864135,
    4.883598603068));
#1717 = CARTESIAN_POINT('',(20.943821656051,1.052797501906,
    4.646820003843));
#1718 = ORIENTED_EDGE('',*,*,#1719,.F.);
#1719 = EDGE_CURVE('',#1720,#1710,#1722,.T.);
#1720 = VERTEX_POINT('',#1721);
#1721 = CARTESIAN_POINT('',(20.909426751592,1.497031563224,
    5.867343056267));
#1722 = B_SPLINE_CURVE_WITH_KNOTS('',2,(#1723,#1724,#1725),
  .UNSPECIFIED.,.F.,.F.,(3,3),(0.,1.),.PIECEWISE_BEZIER_KNOTS.);
#1723 = CARTESIAN_POINT('',(20.909426751592,1.497031563224,
    5.867343056267));
#1724 = CARTESIAN_POINT('',(20.716560509554,1.402921562003,
    5.608777952968));
#1725 = CARTESIAN_POINT('',(20.716560509554,1.292865143909,
    5.306400429388));
#1726 = ORIENTED_EDGE('',*,*,#1727,.F.);
#1727 = EDGE_CURVE('',#1728,#1720,#1730,.T.);
#1728 = VERTEX_POINT('',#1729);
#1729 = CARTESIAN_POINT('',(21.496178343949,1.591228703335,
    6.126147571699));
#1730 = B_SPLINE_CURVE_WITH_KNOTS('',2,(#1731,#1732,#1733),
  .UNSPECIFIED.,.F.,.F.,(3,3),(0.,1.),.PIECEWISE_BEZIER_KNOTS.);
#1731 = CARTESIAN_POINT('',(21.496178343949,1.591228703335,
    6.126147571699));
#1732 = CARTESIAN_POINT('',(21.102547770701,1.591228703335,
    6.126147571699));
#1733 = CARTESIAN_POINT('',(20.909426751592,1.497031563224,
    5.867343056267));
#1734 = ORIENTED_EDGE('',*,*,#1735,.F.);
#1735 = EDGE_CURVE('',#1736,#1728,#1738,.T.);
#1736 = VERTEX_POINT('',#1737);
#1737 = CARTESIAN_POINT('',(22.057961783439,1.508359618927,
    5.898466633516));
#1738 = B_SPLINE_CURVE_WITH_KNOTS('',2,(#1739,#1740,#1741),
  .UNSPECIFIED.,.F.,.F.,(3,3),(0.,1.),.PIECEWISE_BEZIER_KNOTS.);
#1739 = CARTESIAN_POINT('',(22.057961783439,1.508359618927,
    5.898466633516));
#1740 = CARTESIAN_POINT('',(21.836305732484,1.591228703335,
    6.126147571699));
#1741 = CARTESIAN_POINT('',(21.496178343949,1.591228703335,
    6.126147571699));
#1742 = ORIENTED_EDGE('',*,*,#1743,.F.);
#1743 = EDGE_CURVE('',#1744,#1736,#1746,.T.);
#1744 = VERTEX_POINT('',#1745);
#1745 = CARTESIAN_POINT('',(22.279617834395,1.288856754968,
    5.295387471285));
#1746 = B_SPLINE_CURVE_WITH_KNOTS('',2,(#1747,#1748,#1749),
  .UNSPECIFIED.,.F.,.F.,(3,3),(0.,1.),.PIECEWISE_BEZIER_KNOTS.);
#1747 = CARTESIAN_POINT('',(22.279617834395,1.288856754968,
    5.295387471285));
#1748 = CARTESIAN_POINT('',(22.279617834395,1.425490534518,
    5.670785695334));
#1749 = CARTESIAN_POINT('',(22.057961783439,1.508359618927,
    5.898466633516));
#1750 = ORIENTED_EDGE('',*,*,#1751,.F.);
#1751 = EDGE_CURVE('',#1752,#1744,#1754,.T.);
#1752 = VERTEX_POINT('',#1753);
#1753 = CARTESIAN_POINT('',(22.06178343949,1.049486224085,4.637722342801
    ));
#1754 = B_SPLINE_CURVE_WITH_KNOTS('',2,(#1755,#1756,#1757),
  .UNSPECIFIED.,.F.,.F.,(3,3),(0.,1.),.PIECEWISE_BEZIER_KNOTS.);
#1755 = CARTESIAN_POINT('',(22.06178343949,1.049486224085,4.637722342801
    ));
#1756 = CARTESIAN_POINT('',(22.279617834395,1.132355308494,
    4.865403280984));
#1757 = CARTESIAN_POINT('',(22.279617834395,1.288856754968,
    5.295387471285));
#1758 = ORIENTED_EDGE('',*,*,#1759,.F.);
#1759 = EDGE_CURVE('',#1760,#1752,#1762,.T.);
#1760 = VERTEX_POINT('',#1761);
#1761 = CARTESIAN_POINT('',(21.511464968153,0.966617139677,
    4.410041404618));
#1762 = B_SPLINE_CURVE_WITH_KNOTS('',2,(#1763,#1764,#1765),
  .UNSPECIFIED.,.F.,.F.,(3,3),(0.,1.),.PIECEWISE_BEZIER_KNOTS.);
#1763 = CARTESIAN_POINT('',(21.511464968153,0.966617139677,
    4.410041404618));
#1764 = CARTESIAN_POINT('',(21.843949044586,0.966617139677,
    4.410041404618));
#1765 = CARTESIAN_POINT('',(22.06178343949,1.049486224085,4.637722342801
    ));
#1766 = ORIENTED_EDGE('',*,*,#1767,.F.);
#1767 = EDGE_CURVE('',#1712,#1760,#1768,.T.);
#1768 = B_SPLINE_CURVE_WITH_KNOTS('',2,(#1769,#1770,#1771),
  .UNSPECIFIED.,.F.,.F.,(3,3),(0.,1.),.PIECEWISE_BEZIER_KNOTS.);
#1769 = CARTESIAN_POINT('',(20.943821656051,1.052797501906,
    4.646820003843));
#1770 = CARTESIAN_POINT('',(21.171337579618,0.966617139677,
    4.410041404618));
#1771 = CARTESIAN_POINT('',(21.511464968153,0.966617139677,
    4.410041404618));
#1772 = FACE_BOUND('',#1773,.T.);
#1773 = EDGE_LOOP('',(#1774,#1784,#1792,#1800,#1808,#1816,#1824,#1832));
#1774 = ORIENTED_EDGE('',*,*,#1775,.F.);
#1775 = EDGE_CURVE('',#1776,#1778,#1780,.T.);
#1776 = VERTEX_POINT('',#1777);
#1777 = CARTESIAN_POINT('',(20.815923566879,2.117460460162,7.57195744098
    ));
#1778 = VERTEX_POINT('',#1779);
#1779 = CARTESIAN_POINT('',(20.997324840764,1.943618374573,
    7.094330236274));
#1780 = B_SPLINE_CURVE_WITH_KNOTS('',2,(#1781,#1782,#1783),
  .UNSPECIFIED.,.F.,.F.,(3,3),(0.,1.),.PIECEWISE_BEZIER_KNOTS.);
#1781 = CARTESIAN_POINT('',(20.815923566879,2.117460460162,7.57195744098
    ));
#1782 = CARTESIAN_POINT('',(20.815923566879,2.006009819827,
    7.265749323276));
#1783 = CARTESIAN_POINT('',(20.997324840764,1.943618374573,
    7.094330236274));
#1784 = ORIENTED_EDGE('',*,*,#1785,.F.);
#1785 = EDGE_CURVE('',#1786,#1776,#1788,.T.);
#1786 = VERTEX_POINT('',#1787);
#1787 = CARTESIAN_POINT('',(20.999363057325,2.285987073459,
    8.034980505591));
#1788 = B_SPLINE_CURVE_WITH_KNOTS('',2,(#1789,#1790,#1791),
  .UNSPECIFIED.,.F.,.F.,(3,3),(0.,1.),.PIECEWISE_BEZIER_KNOTS.);
#1789 = CARTESIAN_POINT('',(20.999363057325,2.285987073459,
    8.034980505591));
#1790 = CARTESIAN_POINT('',(20.815923566879,2.222288544855,
    7.859970236599));
#1791 = CARTESIAN_POINT('',(20.815923566879,2.117460460162,7.57195744098
    ));
#1792 = ORIENTED_EDGE('',*,*,#1793,.F.);
#1793 = EDGE_CURVE('',#1794,#1786,#1796,.T.);
#1794 = VERTEX_POINT('',#1795);
#1795 = CARTESIAN_POINT('',(21.492356687898,2.349685602063,
    8.209990774583));
#1796 = B_SPLINE_CURVE_WITH_KNOTS('',2,(#1797,#1798,#1799),
  .UNSPECIFIED.,.F.,.F.,(3,3),(0.,1.),.PIECEWISE_BEZIER_KNOTS.);
#1797 = CARTESIAN_POINT('',(21.492356687898,2.349685602063,
    8.209990774583));
#1798 = CARTESIAN_POINT('',(21.182802547771,2.349685602063,
    8.209990774583));
#1799 = CARTESIAN_POINT('',(20.999363057325,2.285987073459,
    8.034980505591));
#1800 = ORIENTED_EDGE('',*,*,#1801,.F.);
#1801 = EDGE_CURVE('',#1802,#1794,#1804,.T.);
#1802 = VERTEX_POINT('',#1803);
#1803 = CARTESIAN_POINT('',(21.971847133758,2.286597045689,8.03665639052
    ));
#1804 = B_SPLINE_CURVE_WITH_KNOTS('',2,(#1805,#1806,#1807),
  .UNSPECIFIED.,.F.,.F.,(3,3),(0.,1.),.PIECEWISE_BEZIER_KNOTS.);
#1805 = CARTESIAN_POINT('',(21.971847133758,2.286597045689,8.03665639052
    ));
#1806 = CARTESIAN_POINT('',(21.790445859873,2.349685602063,
    8.209990774583));
#1807 = CARTESIAN_POINT('',(21.492356687898,2.349685602063,
    8.209990774583));
#1808 = ORIENTED_EDGE('',*,*,#1809,.F.);
#1809 = EDGE_CURVE('',#1810,#1802,#1812,.T.);
#1810 = VERTEX_POINT('',#1811);
#1811 = CARTESIAN_POINT('',(22.153503184713,2.118767543512,7.57554862297
    ));
#1812 = B_SPLINE_CURVE_WITH_KNOTS('',2,(#1813,#1814,#1815),
  .UNSPECIFIED.,.F.,.F.,(3,3),(0.,1.),.PIECEWISE_BEZIER_KNOTS.);
#1813 = CARTESIAN_POINT('',(22.153503184713,2.118767543512,7.57554862297
    ));
#1814 = CARTESIAN_POINT('',(22.153503184713,2.223595628205,
    7.863561418589));
#1815 = CARTESIAN_POINT('',(21.971847133758,2.286597045689,8.03665639052
    ));
#1816 = ORIENTED_EDGE('',*,*,#1817,.F.);
#1817 = EDGE_CURVE('',#1818,#1810,#1820,.T.);
#1818 = VERTEX_POINT('',#1819);
#1819 = CARTESIAN_POINT('',(21.970063694268,1.944228346803,
    7.096006121203));
#1820 = B_SPLINE_CURVE_WITH_KNOTS('',2,(#1821,#1822,#1823),
  .UNSPECIFIED.,.F.,.F.,(3,3),(0.,1.),.PIECEWISE_BEZIER_KNOTS.);
#1821 = CARTESIAN_POINT('',(21.970063694268,1.944228346803,
    7.096006121203));
#1822 = CARTESIAN_POINT('',(22.153503184713,2.007316903177,
    7.269340505267));
#1823 = CARTESIAN_POINT('',(22.153503184713,2.118767543512,7.57554862297
    ));
#1824 = ORIENTED_EDGE('',*,*,#1825,.F.);
#1825 = EDGE_CURVE('',#1826,#1818,#1828,.T.);
#1826 = VERTEX_POINT('',#1827);
#1827 = CARTESIAN_POINT('',(21.480891719745,1.881226929319,
    6.922911149272));
#1828 = B_SPLINE_CURVE_WITH_KNOTS('',2,(#1829,#1830,#1831),
  .UNSPECIFIED.,.F.,.F.,(3,3),(0.,1.),.PIECEWISE_BEZIER_KNOTS.);
#1829 = CARTESIAN_POINT('',(21.480891719745,1.881226929319,
    6.922911149272));
#1830 = CARTESIAN_POINT('',(21.786624203822,1.881226929319,
    6.922911149272));
#1831 = CARTESIAN_POINT('',(21.970063694268,1.944228346803,
    7.096006121203));
#1832 = ORIENTED_EDGE('',*,*,#1833,.F.);
#1833 = EDGE_CURVE('',#1778,#1826,#1834,.T.);
#1834 = B_SPLINE_CURVE_WITH_KNOTS('',2,(#1835,#1836,#1837),
  .UNSPECIFIED.,.F.,.F.,(3,3),(0.,1.),.PIECEWISE_BEZIER_KNOTS.);
#1835 = CARTESIAN_POINT('',(20.997324840764,1.943618374573,
    7.094330236274));
#1836 = CARTESIAN_POINT('',(21.17898089172,1.881226929319,6.922911149272
    ));
#1837 = CARTESIAN_POINT('',(21.480891719745,1.881226929319,
    6.922911149272));
#1838 = PLANE('',#1839);
#1839 = AXIS2_PLACEMENT_3D('',#1840,#1841,#1842);
#1840 = CARTESIAN_POINT('',(21.491985138849,1.65934826331,6.313304524554
    ));
#1841 = DIRECTION('',(0.,-0.939692620786,0.342020143326));
#1842 = DIRECTION('',(1.,0.,0.));
#1843 = ADVANCED_FACE('',(#1844),#1850,.F.);
#1844 = FACE_BOUND('',#1845,.F.);
#1845 = EDGE_LOOP('',(#1846,#1847,#1848,#1849));
#1846 = ORIENTED_EDGE('',*,*,#1464,.T.);
#1847 = ORIENTED_EDGE('',*,*,#1439,.T.);
#1848 = ORIENTED_EDGE('',*,*,#1407,.F.);
#1849 = ORIENTED_EDGE('',*,*,#1676,.F.);
#1850 = PLANE('',#1851);
#1851 = AXIS2_PLACEMENT_3D('',#1852,#1853,#1854);
#1852 = CARTESIAN_POINT('',(47.,12.9,0.));
#1853 = DIRECTION('',(-1.,0.,0.));
#1854 = DIRECTION('',(0.,1.,0.));
#1855 = ADVANCED_FACE('',(#1856),#1866,.T.);
#1856 = FACE_BOUND('',#1857,.T.);
#1857 = EDGE_LOOP('',(#1858,#1859,#1860,#1861,#1862,#1863,#1864,#1865));
#1858 = ORIENTED_EDGE('',*,*,#1520,.T.);
#1859 = ORIENTED_EDGE('',*,*,#1495,.T.);
#1860 = ORIENTED_EDGE('',*,*,#1544,.T.);
#1861 = ORIENTED_EDGE('',*,*,#1593,.T.);
#1862 = ORIENTED_EDGE('',*,*,#1642,.T.);
#1863 = ORIENTED_EDGE('',*,*,#1659,.T.);
#1864 = ORIENTED_EDGE('',*,*,#1618,.T.);
#1865 = ORIENTED_EDGE('',*,*,#1568,.T.);
#1866 = PLANE('',#1867);
#1867 = AXIS2_PLACEMENT_3D('',#1868,#1869,#1870);
#1868 = CARTESIAN_POINT('',(21.5,32.86,21.));
#1869 = DIRECTION('',(0.,0.,1.));
#1870 = DIRECTION('',(1.,0.,0.));
#1871 = ADVANCED_FACE('',(#1872),#1882,.T.);
#1872 = FACE_BOUND('',#1873,.T.);
#1873 = EDGE_LOOP('',(#1874,#1875,#1876,#1877,#1878,#1879,#1880,#1881));
#1874 = ORIENTED_EDGE('',*,*,#1719,.T.);
#1875 = ORIENTED_EDGE('',*,*,#1709,.T.);
#1876 = ORIENTED_EDGE('',*,*,#1767,.T.);
#1877 = ORIENTED_EDGE('',*,*,#1759,.T.);
#1878 = ORIENTED_EDGE('',*,*,#1751,.T.);
#1879 = ORIENTED_EDGE('',*,*,#1743,.T.);
#1880 = ORIENTED_EDGE('',*,*,#1735,.T.);
#1881 = ORIENTED_EDGE('',*,*,#1727,.T.);
#1882 = PLANE('',#1883);
#1883 = AXIS2_PLACEMENT_3D('',#1884,#1885,#1886);
#1884 = CARTESIAN_POINT('',(21.491985138849,1.65934826331,6.313304524554
    ));
#1885 = DIRECTION('',(0.,-0.939692620786,0.342020143326));
#1886 = DIRECTION('',(1.,0.,0.));
#1887 = ADVANCED_FACE('',(#1888),#1898,.T.);
#1888 = FACE_BOUND('',#1889,.T.);
#1889 = EDGE_LOOP('',(#1890,#1891,#1892,#1893,#1894,#1895,#1896,#1897));
#1890 = ORIENTED_EDGE('',*,*,#1785,.T.);
#1891 = ORIENTED_EDGE('',*,*,#1775,.T.);
#1892 = ORIENTED_EDGE('',*,*,#1833,.T.);
#1893 = ORIENTED_EDGE('',*,*,#1825,.T.);
#1894 = ORIENTED_EDGE('',*,*,#1817,.T.);
#1895 = ORIENTED_EDGE('',*,*,#1809,.T.);
#1896 = ORIENTED_EDGE('',*,*,#1801,.T.);
#1897 = ORIENTED_EDGE('',*,*,#1793,.T.);
#1898 = PLANE('',#1899);
#1899 = AXIS2_PLACEMENT_3D('',#1900,#1901,#1902);
#1900 = CARTESIAN_POINT('',(21.491985138849,1.65934826331,6.313304524554
    ));
#1901 = DIRECTION('',(0.,-0.939692620786,0.342020143326));
#1902 = DIRECTION('',(1.,0.,0.));
#1903 = ( GEOMETRIC_REPRESENTATION_CONTEXT(3) 
GLOBAL_UNCERTAINTY_ASSIGNED_CONTEXT((#1907)) 
GLOBAL_UNIT_ASSIGNED_CONTEXT((#1904,#1905,#1906)) REPRESENTATION_CONTEXT
('Context #1','3D Context with UNIT and UNCERTAINTY') );
#1904 = ( LENGTH_UNIT() NAMED_UNIT(*) SI_UNIT(.MILLI.,.METRE.) );
#1905 = ( NAMED_UNIT(*) PLANE_ANGLE_UNIT() SI_UNIT($,.RADIAN.) );
#1906 = ( NAMED_UNIT(*) SI_UNIT($,.STERADIAN.) SOLID_ANGLE_UNIT() );
#1907 = UNCERTAINTY_MEASURE_WITH_UNIT(LENGTH_MEASURE(1.E-06),#1904,
  'distance_accuracy_value','confusion accuracy');
#1908 = PRODUCT_RELATED_PRODUCT_CATEGORY('part',$,(#7));
ENDSEC;
END-ISO-10303-21;
