ISO-10303-21;
HEADER;
FILE_DESCRIPTION(('FreeCAD Model'),'2;1');
FILE_NAME('Open CASCADE Shape Model','2026-08-30T14:33:07',('FreeCAD'),(
    'FreeCAD'),'Open CASCADE STEP processor 7.8','FreeCAD','Unknown');
FILE_SCHEMA(('AUTOMOTIVE_DESIGN { 1 0 10303 214 1 1 1 1 }'));
ENDSEC;
DATA;
#1 = APPLICATION_PROTOCOL_DEFINITION('international standard',
  'automotive_design',2000,#2);
#2 = APPLICATION_CONTEXT(
  'core data for automotive mechanical design processes');
#3 = SHAPE_DEFINITION_REPRESENTATION(#4,#10);
#4 = PRODUCT_DEFINITION_SHAPE('','',#5);
#5 = PRODUCT_DEFINITION('design','',#6,#9);
#6 = PRODUCT_DEFINITION_FORMATION('','',#7);
#7 = PRODUCT('Open CASCADE STEP translator 7.8 154',
  'Open CASCADE STEP translator 7.8 154','',(#8));
#8 = PRODUCT_CONTEXT('',#2,'mechanical');
#9 = PRODUCT_DEFINITION_CONTEXT('part definition',#2,'design');
#10 = ADVANCED_BREP_SHAPE_REPRESENTATION('',(#11,#15),#2203);
#11 = AXIS2_PLACEMENT_3D('',#12,#13,#14);
#12 = CARTESIAN_POINT('',(0.,0.,0.));
#13 = DIRECTION('',(0.,0.,1.));
#14 = DIRECTION('',(1.,0.,-0.));
#15 = MANIFOLD_SOLID_BREP('',#16);
#16 = CLOSED_SHELL('',(#17,#57,#222,#246,#334,#770,#787,#804,#821,#838,
    #855,#872,#889,#921,#945,#969,#994,#1019,#1043,#1067,#1085,#1102,
    #1133,#1157,#1183,#1209,#1235,#1261,#1287,#1313,#1339,#1365,#1391,
    #1415,#1441,#1467,#1493,#1519,#1545,#1571,#1597,#1623,#1640,#1671,
    #1695,#1719,#1745,#1771,#1795,#1821,#1838,#1869,#1893,#1917,#1949,
    #1973,#1997,#2022,#2047,#2071,#2095,#2113,#2130,#2159,#2175,#2187));
#17 = ADVANCED_FACE('',(#18),#52,.F.);
#18 = FACE_BOUND('',#19,.F.);
#19 = EDGE_LOOP('',(#20,#30,#38,#46));
#20 = ORIENTED_EDGE('',*,*,#21,.F.);
#21 = EDGE_CURVE('',#22,#24,#26,.T.);
#22 = VERTEX_POINT('',#23);
#23 = CARTESIAN_POINT('',(0.,3.639702342662,10.));
#24 = VERTEX_POINT('',#25);
#25 = CARTESIAN_POINT('',(0.,13.75,10.));
#26 = LINE('',#27,#28);
#27 = CARTESIAN_POINT('',(0.,0.,10.));
#28 = VECTOR('',#29,1.);
#29 = DIRECTION('',(0.,1.,0.));
#30 = ORIENTED_EDGE('',*,*,#31,.T.);
#31 = EDGE_CURVE('',#22,#32,#34,.T.);
#32 = VERTEX_POINT('',#33);
#33 = CARTESIAN_POINT('',(0.,0.,0.));
#34 = LINE('',#35,#36);
#35 = CARTESIAN_POINT('',(0.,0.,0.));
#36 = VECTOR('',#37,1.);
#37 = DIRECTION('',(0.,-0.342020143326,-0.939692620786));
#38 = ORIENTED_EDGE('',*,*,#39,.T.);
#39 = EDGE_CURVE('',#32,#40,#42,.T.);
#40 = VERTEX_POINT('',#41);
#41 = CARTESIAN_POINT('',(0.,13.75,0.));
#42 = LINE('',#43,#44);
#43 = CARTESIAN_POINT('',(0.,0.,0.));
#44 = VECTOR('',#45,1.);
#45 = DIRECTION('',(0.,1.,0.));
#46 = ORIENTED_EDGE('',*,*,#47,.T.);
#47 = EDGE_CURVE('',#40,#24,#48,.T.);
#48 = LINE('',#49,#50);
#49 = CARTESIAN_POINT('',(0.,13.75,-1.));
#50 = VECTOR('',#51,1.);
#51 = DIRECTION('',(0.,0.,1.));
#52 = PLANE('',#53);
#53 = AXIS2_PLACEMENT_3D('',#54,#55,#56);
#54 = CARTESIAN_POINT('',(0.,0.,0.));
#55 = DIRECTION('',(1.,0.,0.));
#56 = DIRECTION('',(0.,0.,1.));
#57 = ADVANCED_FACE('',(#58,#147),#217,.T.);
#58 = FACE_BOUND('',#59,.T.);
#59 = EDGE_LOOP('',(#60,#61,#69,#77,#85,#93,#101,#109,#117,#125,#133,
    #141));
#60 = ORIENTED_EDGE('',*,*,#21,.F.);
#61 = ORIENTED_EDGE('',*,*,#62,.T.);
#62 = EDGE_CURVE('',#22,#63,#65,.T.);
#63 = VERTEX_POINT('',#64);
#64 = CARTESIAN_POINT('',(43.,3.639702342662,10.));
#65 = LINE('',#66,#67);
#66 = CARTESIAN_POINT('',(-1.,3.639702342662,10.));
#67 = VECTOR('',#68,1.);
#68 = DIRECTION('',(1.,0.,0.));
#69 = ORIENTED_EDGE('',*,*,#70,.T.);
#70 = EDGE_CURVE('',#63,#71,#73,.T.);
#71 = VERTEX_POINT('',#72);
#72 = CARTESIAN_POINT('',(43.,13.875609756098,10.));
#73 = LINE('',#74,#75);
#74 = CARTESIAN_POINT('',(43.,0.,10.));
#75 = VECTOR('',#76,1.);
#76 = DIRECTION('',(0.,1.,0.));
#77 = ORIENTED_EDGE('',*,*,#78,.F.);
#78 = EDGE_CURVE('',#79,#71,#81,.T.);
#79 = VERTEX_POINT('',#80);
#80 = CARTESIAN_POINT('',(42.9,13.9,10.));
#81 = LINE('',#82,#83);
#82 = CARTESIAN_POINT('',(42.9,13.9,10.));
#83 = VECTOR('',#84,1.);
#84 = DIRECTION('',(0.971520338783,-0.236956180191,0.));
#85 = ORIENTED_EDGE('',*,*,#86,.F.);
#86 = EDGE_CURVE('',#87,#79,#89,.T.);
#87 = VERTEX_POINT('',#88);
#88 = CARTESIAN_POINT('',(42.9,17.9,10.));
#89 = LINE('',#90,#91);
#90 = CARTESIAN_POINT('',(42.9,17.9,10.));
#91 = VECTOR('',#92,1.);
#92 = DIRECTION('',(0.,-1.,0.));
#93 = ORIENTED_EDGE('',*,*,#94,.F.);
#94 = EDGE_CURVE('',#95,#87,#97,.T.);
#95 = VERTEX_POINT('',#96);
#96 = CARTESIAN_POINT('',(43.,17.924390243902,10.));
#97 = LINE('',#98,#99);
#98 = CARTESIAN_POINT('',(47.,18.9,10.));
#99 = VECTOR('',#100,1.);
#100 = DIRECTION('',(-0.971520338783,-0.236956180191,0.));
#101 = ORIENTED_EDGE('',*,*,#102,.T.);
#102 = EDGE_CURVE('',#95,#103,#105,.T.);
#103 = VERTEX_POINT('',#104);
#104 = CARTESIAN_POINT('',(43.,53.,10.));
#105 = LINE('',#106,#107);
#106 = CARTESIAN_POINT('',(43.,0.,10.));
#107 = VECTOR('',#108,1.);
#108 = DIRECTION('',(0.,1.,0.));
#109 = ORIENTED_EDGE('',*,*,#110,.F.);
#110 = EDGE_CURVE('',#111,#103,#113,.T.);
#111 = VERTEX_POINT('',#112);
#112 = CARTESIAN_POINT('',(0.,53.,10.));
#113 = LINE('',#114,#115);
#114 = CARTESIAN_POINT('',(0.,53.,10.));
#115 = VECTOR('',#116,1.);
#116 = DIRECTION('',(1.,0.,0.));
#117 = ORIENTED_EDGE('',*,*,#118,.F.);
#118 = EDGE_CURVE('',#119,#111,#121,.T.);
#119 = VERTEX_POINT('',#120);
#120 = CARTESIAN_POINT('',(0.,18.05,10.));
#121 = LINE('',#122,#123);
#122 = CARTESIAN_POINT('',(0.,0.,10.));
#123 = VECTOR('',#124,1.);
#124 = DIRECTION('',(0.,1.,0.));
#125 = ORIENTED_EDGE('',*,*,#126,.T.);
#126 = EDGE_CURVE('',#119,#127,#129,.T.);
#127 = VERTEX_POINT('',#128);
#128 = CARTESIAN_POINT('',(4.,19.05,10.));
#129 = LINE('',#130,#131);
#130 = CARTESIAN_POINT('',(-0.123529411765,18.019117647059,10.));
#131 = VECTOR('',#132,1.);
#132 = DIRECTION('',(0.970142500145,0.242535625036,0.));
#133 = ORIENTED_EDGE('',*,*,#134,.T.);
#134 = EDGE_CURVE('',#127,#135,#137,.T.);
#135 = VERTEX_POINT('',#136);
#136 = CARTESIAN_POINT('',(4.,12.75,10.));
#137 = LINE('',#138,#139);
#138 = CARTESIAN_POINT('',(4.,6.375,10.));
#139 = VECTOR('',#140,1.);
#140 = DIRECTION('',(0.,-1.,0.));
#141 = ORIENTED_EDGE('',*,*,#142,.T.);
#142 = EDGE_CURVE('',#135,#24,#143,.T.);
#143 = LINE('',#144,#145);
#144 = CARTESIAN_POINT('',(1.617647058824,13.345588235294,10.));
#145 = VECTOR('',#146,1.);
#146 = DIRECTION('',(-0.970142500145,0.242535625036,0.));
#147 = FACE_BOUND('',#148,.T.);
#148 = EDGE_LOOP('',(#149,#160,#168,#177,#185,#194,#202,#211));
#149 = ORIENTED_EDGE('',*,*,#150,.F.);
#150 = EDGE_CURVE('',#151,#153,#155,.T.);
#151 = VERTEX_POINT('',#152);
#152 = CARTESIAN_POINT('',(16.6,38.36,10.));
#153 = VERTEX_POINT('',#154);
#154 = CARTESIAN_POINT('',(16.,37.76,10.));
#155 = CIRCLE('',#156,0.6);
#156 = AXIS2_PLACEMENT_3D('',#157,#158,#159);
#157 = CARTESIAN_POINT('',(16.6,37.76,10.));
#158 = DIRECTION('',(0.,-0.,1.));
#159 = DIRECTION('',(0.,1.,0.));
#160 = ORIENTED_EDGE('',*,*,#161,.T.);
#161 = EDGE_CURVE('',#151,#162,#164,.T.);
#162 = VERTEX_POINT('',#163);
#163 = CARTESIAN_POINT('',(26.4,38.36,10.));
#164 = LINE('',#165,#166);
#165 = CARTESIAN_POINT('',(13.5,38.36,10.));
#166 = VECTOR('',#167,1.);
#167 = DIRECTION('',(1.,0.,0.));
#168 = ORIENTED_EDGE('',*,*,#169,.F.);
#169 = EDGE_CURVE('',#170,#162,#172,.T.);
#170 = VERTEX_POINT('',#171);
#171 = CARTESIAN_POINT('',(27.,37.76,10.));
#172 = CIRCLE('',#173,0.6);
#173 = AXIS2_PLACEMENT_3D('',#174,#175,#176);
#174 = CARTESIAN_POINT('',(26.4,37.76,10.));
#175 = DIRECTION('',(0.,-0.,1.));
#176 = DIRECTION('',(0.,1.,0.));
#177 = ORIENTED_EDGE('',*,*,#178,.T.);
#178 = EDGE_CURVE('',#170,#179,#181,.T.);
#179 = VERTEX_POINT('',#180);
#180 = CARTESIAN_POINT('',(27.,27.96,10.));
#181 = LINE('',#182,#183);
#182 = CARTESIAN_POINT('',(27.,13.68,10.));
#183 = VECTOR('',#184,1.);
#184 = DIRECTION('',(0.,-1.,0.));
#185 = ORIENTED_EDGE('',*,*,#186,.F.);
#186 = EDGE_CURVE('',#187,#179,#189,.T.);
#187 = VERTEX_POINT('',#188);
#188 = CARTESIAN_POINT('',(26.4,27.36,10.));
#189 = CIRCLE('',#190,0.6);
#190 = AXIS2_PLACEMENT_3D('',#191,#192,#193);
#191 = CARTESIAN_POINT('',(26.4,27.96,10.));
#192 = DIRECTION('',(-0.,0.,1.));
#193 = DIRECTION('',(0.,-1.,0.));
#194 = ORIENTED_EDGE('',*,*,#195,.T.);
#195 = EDGE_CURVE('',#187,#196,#198,.T.);
#196 = VERTEX_POINT('',#197);
#197 = CARTESIAN_POINT('',(16.6,27.36,10.));
#198 = LINE('',#199,#200);
#199 = CARTESIAN_POINT('',(8.,27.36,10.));
#200 = VECTOR('',#201,1.);
#201 = DIRECTION('',(-1.,0.,0.));
#202 = ORIENTED_EDGE('',*,*,#203,.F.);
#203 = EDGE_CURVE('',#204,#196,#206,.T.);
#204 = VERTEX_POINT('',#205);
#205 = CARTESIAN_POINT('',(16.,27.96,10.));
#206 = CIRCLE('',#207,0.6);
#207 = AXIS2_PLACEMENT_3D('',#208,#209,#210);
#208 = CARTESIAN_POINT('',(16.6,27.96,10.));
#209 = DIRECTION('',(0.,0.,1.));
#210 = DIRECTION('',(-1.,0.,0.));
#211 = ORIENTED_EDGE('',*,*,#212,.T.);
#212 = EDGE_CURVE('',#204,#153,#213,.T.);
#213 = LINE('',#214,#215);
#214 = CARTESIAN_POINT('',(16.,19.18,10.));
#215 = VECTOR('',#216,1.);
#216 = DIRECTION('',(0.,1.,0.));
#217 = PLANE('',#218);
#218 = AXIS2_PLACEMENT_3D('',#219,#220,#221);
#219 = CARTESIAN_POINT('',(0.,0.,10.));
#220 = DIRECTION('',(0.,0.,1.));
#221 = DIRECTION('',(1.,0.,0.));
#222 = ADVANCED_FACE('',(#223),#241,.T.);
#223 = FACE_BOUND('',#224,.T.);
#224 = EDGE_LOOP('',(#225,#233,#234,#235));
#225 = ORIENTED_EDGE('',*,*,#226,.T.);
#226 = EDGE_CURVE('',#227,#40,#229,.T.);
#227 = VERTEX_POINT('',#228);
#228 = CARTESIAN_POINT('',(4.,12.75,0.));
#229 = LINE('',#230,#231);
#230 = CARTESIAN_POINT('',(1.617647058824,13.345588235294,0.));
#231 = VECTOR('',#232,1.);
#232 = DIRECTION('',(-0.970142500145,0.242535625036,0.));
#233 = ORIENTED_EDGE('',*,*,#47,.T.);
#234 = ORIENTED_EDGE('',*,*,#142,.F.);
#235 = ORIENTED_EDGE('',*,*,#236,.F.);
#236 = EDGE_CURVE('',#227,#135,#237,.T.);
#237 = LINE('',#238,#239);
#238 = CARTESIAN_POINT('',(4.,12.75,-1.));
#239 = VECTOR('',#240,1.);
#240 = DIRECTION('',(0.,0.,1.));
#241 = PLANE('',#242);
#242 = AXIS2_PLACEMENT_3D('',#243,#244,#245);
#243 = CARTESIAN_POINT('',(0.,13.75,-1.));
#244 = DIRECTION('',(0.242535625036,0.970142500145,0.));
#245 = DIRECTION('',(0.970142500145,-0.242535625036,0.));
#246 = ADVANCED_FACE('',(#247),#329,.F.);
#247 = FACE_BOUND('',#248,.F.);
#248 = EDGE_LOOP('',(#249,#250,#258,#266,#274,#282,#290,#298,#306,#314,
    #322,#328));
#249 = ORIENTED_EDGE('',*,*,#39,.F.);
#250 = ORIENTED_EDGE('',*,*,#251,.T.);
#251 = EDGE_CURVE('',#32,#252,#254,.T.);
#252 = VERTEX_POINT('',#253);
#253 = CARTESIAN_POINT('',(43.,0.,0.));
#254 = LINE('',#255,#256);
#255 = CARTESIAN_POINT('',(0.,0.,0.));
#256 = VECTOR('',#257,1.);
#257 = DIRECTION('',(1.,0.,0.));
#258 = ORIENTED_EDGE('',*,*,#259,.T.);
#259 = EDGE_CURVE('',#252,#260,#262,.T.);
#260 = VERTEX_POINT('',#261);
#261 = CARTESIAN_POINT('',(43.,13.875609756098,0.));
#262 = LINE('',#263,#264);
#263 = CARTESIAN_POINT('',(43.,0.,0.));
#264 = VECTOR('',#265,1.);
#265 = DIRECTION('',(0.,1.,0.));
#266 = ORIENTED_EDGE('',*,*,#267,.F.);
#267 = EDGE_CURVE('',#268,#260,#270,.T.);
#268 = VERTEX_POINT('',#269);
#269 = CARTESIAN_POINT('',(42.9,13.9,0.));
#270 = LINE('',#271,#272);
#271 = CARTESIAN_POINT('',(42.9,13.9,0.));
#272 = VECTOR('',#273,1.);
#273 = DIRECTION('',(0.971520338783,-0.236956180191,0.));
#274 = ORIENTED_EDGE('',*,*,#275,.F.);
#275 = EDGE_CURVE('',#276,#268,#278,.T.);
#276 = VERTEX_POINT('',#277);
#277 = CARTESIAN_POINT('',(42.9,17.9,0.));
#278 = LINE('',#279,#280);
#279 = CARTESIAN_POINT('',(42.9,17.9,0.));
#280 = VECTOR('',#281,1.);
#281 = DIRECTION('',(0.,-1.,0.));
#282 = ORIENTED_EDGE('',*,*,#283,.F.);
#283 = EDGE_CURVE('',#284,#276,#286,.T.);
#284 = VERTEX_POINT('',#285);
#285 = CARTESIAN_POINT('',(43.,17.924390243902,0.));
#286 = LINE('',#287,#288);
#287 = CARTESIAN_POINT('',(47.,18.9,0.));
#288 = VECTOR('',#289,1.);
#289 = DIRECTION('',(-0.971520338783,-0.236956180191,0.));
#290 = ORIENTED_EDGE('',*,*,#291,.T.);
#291 = EDGE_CURVE('',#284,#292,#294,.T.);
#292 = VERTEX_POINT('',#293);
#293 = CARTESIAN_POINT('',(43.,53.,0.));
#294 = LINE('',#295,#296);
#295 = CARTESIAN_POINT('',(43.,0.,0.));
#296 = VECTOR('',#297,1.);
#297 = DIRECTION('',(0.,1.,0.));
#298 = ORIENTED_EDGE('',*,*,#299,.F.);
#299 = EDGE_CURVE('',#300,#292,#302,.T.);
#300 = VERTEX_POINT('',#301);
#301 = CARTESIAN_POINT('',(0.,53.,0.));
#302 = LINE('',#303,#304);
#303 = CARTESIAN_POINT('',(0.,53.,0.));
#304 = VECTOR('',#305,1.);
#305 = DIRECTION('',(1.,0.,0.));
#306 = ORIENTED_EDGE('',*,*,#307,.F.);
#307 = EDGE_CURVE('',#308,#300,#310,.T.);
#308 = VERTEX_POINT('',#309);
#309 = CARTESIAN_POINT('',(0.,18.05,0.));
#310 = LINE('',#311,#312);
#311 = CARTESIAN_POINT('',(0.,0.,0.));
#312 = VECTOR('',#313,1.);
#313 = DIRECTION('',(0.,1.,0.));
#314 = ORIENTED_EDGE('',*,*,#315,.T.);
#315 = EDGE_CURVE('',#308,#316,#318,.T.);
#316 = VERTEX_POINT('',#317);
#317 = CARTESIAN_POINT('',(4.,19.05,0.));
#318 = LINE('',#319,#320);
#319 = CARTESIAN_POINT('',(-0.123529411765,18.019117647059,0.));
#320 = VECTOR('',#321,1.);
#321 = DIRECTION('',(0.970142500145,0.242535625036,0.));
#322 = ORIENTED_EDGE('',*,*,#323,.T.);
#323 = EDGE_CURVE('',#316,#227,#324,.T.);
#324 = LINE('',#325,#326);
#325 = CARTESIAN_POINT('',(4.,6.375,0.));
#326 = VECTOR('',#327,1.);
#327 = DIRECTION('',(0.,-1.,0.));
#328 = ORIENTED_EDGE('',*,*,#226,.T.);
#329 = PLANE('',#330);
#330 = AXIS2_PLACEMENT_3D('',#331,#332,#333);
#331 = CARTESIAN_POINT('',(0.,0.,0.));
#332 = DIRECTION('',(0.,0.,1.));
#333 = DIRECTION('',(1.,0.,0.));
#334 = ADVANCED_FACE('',(#335,#346,#677),#765,.T.);
#335 = FACE_BOUND('',#336,.T.);
#336 = EDGE_LOOP('',(#337,#338,#339,#345));
#337 = ORIENTED_EDGE('',*,*,#31,.T.);
#338 = ORIENTED_EDGE('',*,*,#251,.T.);
#339 = ORIENTED_EDGE('',*,*,#340,.F.);
#340 = EDGE_CURVE('',#63,#252,#341,.T.);
#341 = LINE('',#342,#343);
#342 = CARTESIAN_POINT('',(43.,0.,0.));
#343 = VECTOR('',#344,1.);
#344 = DIRECTION('',(0.,-0.342020143326,-0.939692620786));
#345 = ORIENTED_EDGE('',*,*,#62,.F.);
#346 = FACE_BOUND('',#347,.T.);
#347 = EDGE_LOOP('',(#348,#358,#366,#381,#402,#430,#445,#464,#481,#496,
    #513,#521,#548,#565,#588,#607,#622,#634,#647,#660,#671));
#348 = ORIENTED_EDGE('',*,*,#349,.F.);
#349 = EDGE_CURVE('',#350,#352,#354,.T.);
#350 = VERTEX_POINT('',#351);
#351 = CARTESIAN_POINT('',(25.346878980892,1.273895819932,3.5));
#352 = VERTEX_POINT('',#353);
#353 = CARTESIAN_POINT('',(25.346878980892,1.614086046567,4.434664966));
#354 = LINE('',#355,#356);
#355 = CARTESIAN_POINT('',(25.346878980892,0.807043023283,2.217332483));
#356 = VECTOR('',#357,1.);
#357 = DIRECTION('',(0.,0.342020143326,0.939692620786));
#358 = ORIENTED_EDGE('',*,*,#359,.F.);
#359 = EDGE_CURVE('',#360,#350,#362,.T.);
#360 = VERTEX_POINT('',#361);
#361 = CARTESIAN_POINT('',(21.582547770701,1.273895819932,3.5));
#362 = LINE('',#363,#364);
#363 = CARTESIAN_POINT('',(12.173439490446,1.273895819932,3.5));
#364 = VECTOR('',#365,1.);
#365 = DIRECTION('',(1.,0.,0.));
#366 = ORIENTED_EDGE('',*,*,#367,.F.);
#367 = EDGE_CURVE('',#368,#360,#370,.T.);
#368 = VERTEX_POINT('',#369);
#369 = CARTESIAN_POINT('',(21.949426751592,1.641273380253,4.509361551397
    ));
#370 = B_SPLINE_CURVE_WITH_KNOTS('',5,(#371,#372,#373,#374,#375,#376,
    #377,#378,#379,#380),.UNSPECIFIED.,.F.,.F.,(6,4,6),(0.,
    0.703546670237,1.),.UNSPECIFIED.);
#371 = CARTESIAN_POINT('',(21.949426751592,1.641273380253,4.509361551397
    ));
#372 = CARTESIAN_POINT('',(21.865085251129,1.593412242149,4.377864155187
    ));
#373 = CARTESIAN_POINT('',(21.791289715448,1.543964097082,4.242006493181
    ));
#374 = CARTESIAN_POINT('',(21.728943581925,1.493051104962,4.102124196974
    ));
#375 = CARTESIAN_POINT('',(21.678689389152,1.440854975068,3.958716508708
    ));
#376 = CARTESIAN_POINT('',(21.624708475101,1.365216736244,3.750902155492
    ));
#377 = CARTESIAN_POINT('',(21.610884679107,1.342611640404,3.688795165108
    ));
#378 = CARTESIAN_POINT('',(21.599253138931,1.319843439628,3.626240047594
    ));
#379 = CARTESIAN_POINT('',(21.589812689528,1.296931509878,3.563290037968
    ));
#380 = CARTESIAN_POINT('',(21.582547770701,1.273895819932,3.5));
#381 = ORIENTED_EDGE('',*,*,#382,.F.);
#382 = EDGE_CURVE('',#383,#368,#385,.T.);
#383 = VERTEX_POINT('',#384);
#384 = CARTESIAN_POINT('',(23.157070063694,2.101715275115,5.774415260501
    ));
#385 = B_SPLINE_CURVE_WITH_KNOTS('',8,(#386,#387,#388,#389,#390,#391,
    #392,#393,#394,#395,#396,#397,#398,#399,#400,#401),.UNSPECIFIED.,.F.
  ,.F.,(9,7,9),(0.,0.762523879669,1.),.UNSPECIFIED.);
#386 = CARTESIAN_POINT('',(23.157070063694,2.101715275115,5.774415260501
    ));
#387 = CARTESIAN_POINT('',(23.0225532836,2.058930947387,5.656866286161)
  );
#388 = CARTESIAN_POINT('',(22.890475218544,2.015951777436,5.538781987215
    ));
#389 = CARTESIAN_POINT('',(22.761028344072,1.972710182542,5.419976681661
    ));
#390 = CARTESIAN_POINT('',(22.634645461758,1.929170544951,5.30035251053)
  );
#391 = CARTESIAN_POINT('',(22.511981200749,1.885328706367,5.179898048993
    ));
#392 = CARTESIAN_POINT('',(22.394065442376,1.841205881227,5.058671583237
    ));
#393 = CARTESIAN_POINT('',(22.282236252835,1.796850536909,4.936806276292
    ));
#394 = CARTESIAN_POINT('',(22.14659567425,1.738429687699,4.776296312262)
  );
#395 = CARTESIAN_POINT('',(22.115211997062,1.724543158953,4.738143388099
    ));
#396 = CARTESIAN_POINT('',(22.08472784691,1.710645958696,4.699961144198)
  );
#397 = CARTESIAN_POINT('',(22.055229549334,1.696743126706,4.66176342724)
  );
#398 = CARTESIAN_POINT('',(22.026819684679,1.682842463935,4.623571670161
    ));
#399 = CARTESIAN_POINT('',(21.999618823231,1.668954554517,4.585414952632
    ));
#400 = CARTESIAN_POINT('',(21.973767260348,1.65509278778,4.547330061527)
  );
#401 = CARTESIAN_POINT('',(21.949426751592,1.641273380253,4.509361551397
    ));
#402 = ORIENTED_EDGE('',*,*,#403,.F.);
#403 = EDGE_CURVE('',#404,#383,#406,.T.);
#404 = VERTEX_POINT('',#405);
#405 = CARTESIAN_POINT('',(24.047515923567,2.416025251414,6.637974823093
    ));
#406 = B_SPLINE_CURVE_WITH_KNOTS('',8,(#407,#408,#409,#410,#411,#412,
    #413,#414,#415,#416,#417,#418,#419,#420,#421,#422,#423,#424,#425,
    #426,#427,#428,#429),.UNSPECIFIED.,.F.,.F.,(9,7,7,9),(0.,
    0.219314331787,0.788724702799,1.),.UNSPECIFIED.);
#407 = CARTESIAN_POINT('',(24.047515923567,2.416025251414,6.637974823093
    ));
#408 = CARTESIAN_POINT('',(24.034709875649,2.409594568859,6.620306667982
    ));
#409 = CARTESIAN_POINT('',(24.020294167866,2.402816555088,6.601684228196
    ));
#410 = CARTESIAN_POINT('',(24.004447857944,2.395738259674,6.582236771378
    ));
#411 = CARTESIAN_POINT('',(23.987336075905,2.388401910017,6.562080316355
    ));
#412 = CARTESIAN_POINT('',(23.96910609449,2.380844110899,6.541315433936)
  );
#413 = CARTESIAN_POINT('',(23.949884659938,2.37309530265,6.520025758244)
  );
#414 = CARTESIAN_POINT('',(23.92977658313,2.365179477931,6.498277208574)
  );
#415 = CARTESIAN_POINT('',(23.854570350242,2.336173996618,6.418585303626
    ));
#416 = CARTESIAN_POINT('',(23.794972665447,2.314270697552,6.358406484029
    ));
#417 = CARTESIAN_POINT('',(23.731509610549,2.29169991564,6.296393770387)
  );
#418 = CARTESIAN_POINT('',(23.665081999831,2.26865328681,6.233073678081)
  );
#419 = CARTESIAN_POINT('',(23.596375028963,2.245271051673,6.168831515027
    ));
#420 = CARTESIAN_POINT('',(23.52582925773,2.22163693384,6.103897309952)
  );
#421 = CARTESIAN_POINT('',(23.453715471128,2.197790925544,6.038380940614
    ));
#422 = CARTESIAN_POINT('',(23.352821117753,2.164798921309,5.947736153957
    ));
#423 = CARTESIAN_POINT('',(23.325330132695,2.155845986333,5.923138167272
    ));
#424 = CARTESIAN_POINT('',(23.297664998782,2.146870689852,5.898478742858
    ));
#425 = CARTESIAN_POINT('',(23.269836544401,2.137874838037,5.873762843126
    ));
#426 = CARTESIAN_POINT('',(23.241854510553,2.128860037615,5.848994882528
    ));
#427 = CARTESIAN_POINT('',(23.213727647628,2.119827708007,5.824178760882
    ));
#428 = CARTESIAN_POINT('',(23.185463812178,2.110779093446,5.799317896699
    ));
#429 = CARTESIAN_POINT('',(23.157070063694,2.101715275115,5.774415260501
    ));
#430 = ORIENTED_EDGE('',*,*,#431,.F.);
#431 = EDGE_CURVE('',#432,#404,#434,.T.);
#432 = VERTEX_POINT('',#433);
#433 = CARTESIAN_POINT('',(24.269171974522,2.641366421004,7.257094598215
    ));
#434 = B_SPLINE_CURVE_WITH_KNOTS('',5,(#435,#436,#437,#438,#439,#440,
    #441,#442,#443,#444),.UNSPECIFIED.,.F.,.F.,(6,4,6),(0.,
    0.492976171844,1.),.UNSPECIFIED.);
#435 = CARTESIAN_POINT('',(24.269171974522,2.641366421004,7.257094598215
    ));
#436 = CARTESIAN_POINT('',(24.269171974522,2.618836855145,7.195195124747
    ));
#437 = CARTESIAN_POINT('',(24.263502028741,2.59625943908,7.133164183918)
  );
#438 = CARTESIAN_POINT('',(24.25218122836,2.573703474965,7.071192181839)
  );
#439 = CARTESIAN_POINT('',(24.235368000564,2.551231292911,7.009450369079
    ));
#440 = CARTESIAN_POINT('',(24.190631076618,2.505929696002,6.884985254508
    ));
#441 = CARTESIAN_POINT('',(24.162403055872,2.483107080615,6.822280634078
    ));
#442 = CARTESIAN_POINT('',(24.128900756295,2.460489544119,6.760139463272
    ));
#443 = CARTESIAN_POINT('',(24.090482866128,2.438119265538,6.698677628003
    ));
#444 = CARTESIAN_POINT('',(24.047515923567,2.416025251414,6.637974823093
    ));
#445 = ORIENTED_EDGE('',*,*,#446,.F.);
#446 = EDGE_CURVE('',#447,#432,#449,.T.);
#447 = VERTEX_POINT('',#448);
#448 = CARTESIAN_POINT('',(24.076050955414,2.830632090126,7.777097750405
    ));
#449 = B_SPLINE_CURVE_WITH_KNOTS('',5,(#450,#451,#452,#453,#454,#455,
    #456,#457,#458,#459,#460,#461,#462,#463),.UNSPECIFIED.,.F.,.F.,(6,4,
    4,6),(0.,7.606949480651E-02,0.529732405339,1.),.UNSPECIFIED.);
#450 = CARTESIAN_POINT('',(24.076050955414,2.830632090126,7.777097750405
    ));
#451 = CARTESIAN_POINT('',(24.082073882063,2.828569410262,7.771430584055
    ));
#452 = CARTESIAN_POINT('',(24.087981244659,2.826471458077,7.765666507801
    ));
#453 = CARTESIAN_POINT('',(24.09377229045,2.824338399996,7.759805978888)
  );
#454 = CARTESIAN_POINT('',(24.099446359786,2.822170431459,7.753849534287
    ));
#455 = CARTESIAN_POINT('',(24.138140872808,2.80683159574,7.711706429507)
  );
#456 = CARTESIAN_POINT('',(24.167100277253,2.792460940084,7.672223377589
    ));
#457 = CARTESIAN_POINT('',(24.191753673463,2.776905547678,7.629485288203
    ));
#458 = CARTESIAN_POINT('',(24.212117594955,2.760246579284,7.583715148709
    ));
#459 = CARTESIAN_POINT('',(24.245090113958,2.724276280462,7.484887564924
    ));
#460 = CARTESIAN_POINT('',(24.257388787527,2.704888648205,7.431620483081
    ));
#461 = CARTESIAN_POINT('',(24.265334169855,2.684531016649,7.375688350068
    ));
#462 = CARTESIAN_POINT('',(24.269171974522,2.663321360043,7.31741529747)
  );
#463 = CARTESIAN_POINT('',(24.269171974522,2.641366421004,7.257094598215
    ));
#464 = ORIENTED_EDGE('',*,*,#465,.F.);
#465 = EDGE_CURVE('',#466,#447,#468,.T.);
#466 = VERTEX_POINT('',#467);
#467 = CARTESIAN_POINT('',(23.543057324841,2.896770507651,7.958811559113
    ));
#468 = B_SPLINE_CURVE_WITH_KNOTS('',6,(#469,#470,#471,#472,#473,#474,
    #475,#476,#477,#478,#479,#480),.UNSPECIFIED.,.F.,.F.,(7,5,7),(0.,
    0.850622974706,1.),.UNSPECIFIED.);
#469 = CARTESIAN_POINT('',(23.543057324841,2.896770507651,7.958811559113
    ));
#470 = CARTESIAN_POINT('',(23.63537232384,2.896770507651,7.958811559113)
  );
#471 = CARTESIAN_POINT('',(23.723280284697,2.893847231319,7.950779923401
    ));
#472 = CARTESIAN_POINT('',(23.805892784503,2.887751248779,7.934031349022
    ));
#473 = CARTESIAN_POINT('',(23.882337698406,2.878293312073,7.908045881489
    ));
#474 = CARTESIAN_POINT('',(23.951869571955,2.865403276148,7.872630798848
    ));
#475 = CARTESIAN_POINT('',(24.024930994229,2.846366441294,7.820327524947
    ));
#476 = CARTESIAN_POINT('',(24.035617542462,2.843420761974,7.812234337531
    ));
#477 = CARTESIAN_POINT('',(24.04607462409,2.840373675737,7.803862536901)
  );
#478 = CARTESIAN_POINT('',(24.056300259212,2.837225925771,7.795214164947
    ));
#479 = CARTESIAN_POINT('',(24.066292804943,2.833978391808,7.786291638715
    ));
#480 = CARTESIAN_POINT('',(24.076050955414,2.830632090126,7.777097750405
    ));
#481 = ORIENTED_EDGE('',*,*,#482,.F.);
#482 = EDGE_CURVE('',#483,#466,#485,.T.);
#483 = VERTEX_POINT('',#484);
#484 = CARTESIAN_POINT('',(23.008025477707,2.827059395635,7.767281852965
    ));
#485 = B_SPLINE_CURVE_WITH_KNOTS('',5,(#486,#487,#488,#489,#490,#491,
    #492,#493,#494,#495),.UNSPECIFIED.,.F.,.F.,(6,4,6),(0.,0.23117845186
    ,1.),.UNSPECIFIED.);
#486 = CARTESIAN_POINT('',(23.008025477707,2.827059395635,7.767281852965
    ));
#487 = CARTESIAN_POINT('',(23.026563736096,2.833562429267,7.785148791027
    ));
#488 = CARTESIAN_POINT('',(23.04589669681,2.839702620131,7.802018826775)
  );
#489 = CARTESIAN_POINT('',(23.066017011399,2.84547087641,7.817866980652)
  );
#490 = CARTESIAN_POINT('',(23.086911791516,2.850860481581,7.832674799159
    ));
#491 = CARTESIAN_POINT('',(23.180565924188,2.87251739981,7.892176692968)
  );
#492 = CARTESIAN_POINT('',(23.260952132466,2.884936647299,7.926298295011
    ));
#493 = CARTESIAN_POINT('',(23.348983056298,2.892947724748,7.948308549407
    ));
#494 = CARTESIAN_POINT('',(23.443443143182,2.896770507651,7.958811559113
    ));
#495 = CARTESIAN_POINT('',(23.543057324841,2.896770507651,7.958811559113
    ));
#496 = ORIENTED_EDGE('',*,*,#497,.F.);
#497 = EDGE_CURVE('',#498,#483,#500,.T.);
#498 = VERTEX_POINT('',#499);
#499 = CARTESIAN_POINT('',(22.77872611465,2.595618503744,7.131403228556)
  );
#500 = B_SPLINE_CURVE_WITH_KNOTS('',6,(#501,#502,#503,#504,#505,#506,
    #507,#508,#509,#510,#511,#512),.UNSPECIFIED.,.F.,.F.,(7,5,7),(0.,
    0.523211716034,1.),.UNSPECIFIED.);
#501 = CARTESIAN_POINT('',(22.77872611465,2.595618503744,7.131403228556)
  );
#502 = CARTESIAN_POINT('',(22.783528048518,2.621020309179,7.201194115401
    ));
#503 = CARTESIAN_POINT('',(22.790935056224,2.645674902337,7.268932053387
    ));
#504 = CARTESIAN_POINT('',(22.801176572085,2.669476408421,7.334326153904
    ));
#505 = CARTESIAN_POINT('',(22.814499027063,2.692292346845,7.397012429528
    ));
#506 = CARTESIAN_POINT('',(22.831150952415,2.713968457554,7.456567054242
    ));
#507 = CARTESIAN_POINT('',(22.869733091507,2.752910932419,7.563560624591
    ));
#508 = CARTESIAN_POINT('',(22.891064757219,2.77039845209,7.61160719001)
  );
#509 = CARTESIAN_POINT('',(22.915481517807,2.786679334745,7.656338547474
    ));
#510 = CARTESIAN_POINT('',(22.943100536502,2.801623247067,7.697396609134
    ));
#511 = CARTESIAN_POINT('',(22.973968926327,2.815112701703,7.734458581148
    ));
#512 = CARTESIAN_POINT('',(23.008025477707,2.827059395635,7.767281852965
    ));
#513 = ORIENTED_EDGE('',*,*,#514,.F.);
#514 = EDGE_CURVE('',#515,#498,#517,.T.);
#515 = VERTEX_POINT('',#516);
#516 = CARTESIAN_POINT('',(21.708662420382,2.632478254222,7.232674560681
    ));
#517 = LINE('',#518,#519);
#518 = CARTESIAN_POINT('',(11.387077163445,2.98801882545,8.209514251829)
  );
#519 = VECTOR('',#520,1.);
#520 = DIRECTION('',(0.994966576024,-3.427293152997E-02,
    -9.416410547709E-02));
#521 = ORIENTED_EDGE('',*,*,#522,.F.);
#522 = EDGE_CURVE('',#523,#515,#525,.T.);
#523 = VERTEX_POINT('',#524);
#524 = CARTESIAN_POINT('',(22.308662420382,3.070612593239,8.436438763818
    ));
#525 = B_SPLINE_CURVE_WITH_KNOTS('',6,(#526,#527,#528,#529,#530,#531,
    #532,#533,#534,#535,#536,#537,#538,#539,#540,#541,#542,#543,#544,
    #545,#546,#547),.UNSPECIFIED.,.F.,.F.,(7,5,5,5,7),(0.,
    2.289920252369E-02,0.291825169786,0.573715176317,1.),.UNSPECIFIED.);
#526 = CARTESIAN_POINT('',(22.308662420382,3.070612593239,8.436438763818
    ));
#527 = CARTESIAN_POINT('',(22.304459157586,3.069505350396,8.433396639108
    ));
#528 = CARTESIAN_POINT('',(22.300272592463,3.068390839252,8.430334544905
    ));
#529 = CARTESIAN_POINT('',(22.29610281442,3.067269079859,8.427252536303)
  );
#530 = CARTESIAN_POINT('',(22.291949910653,3.06614009325,8.42415067109)
  );
#531 = CARTESIAN_POINT('',(22.287813966151,3.06500390144,8.421029009747)
  );
#532 = CARTESIAN_POINT('',(22.235323081039,3.050432856161,8.380995391865
    ));
#533 = CARTESIAN_POINT('',(22.189297903448,3.036013619756,8.341378865436
    ));
#534 = CARTESIAN_POINT('',(22.145762968374,3.020642178815,8.299146178547
    ));
#535 = CARTESIAN_POINT('',(22.104800363235,3.004373287482,8.25444776697)
  );
#536 = CARTESIAN_POINT('',(22.066441438646,2.987273383543,8.207466167023
    ));
#537 = CARTESIAN_POINT('',(21.993189338651,2.950699569963,8.106980440068
    ));
#538 = CARTESIAN_POINT('',(21.958549123674,2.931149190437,8.053266213777
    ));
#539 = CARTESIAN_POINT('',(21.926740546416,2.910848284698,7.997489933666
    ));
#540 = CARTESIAN_POINT('',(21.897691257764,2.889880778696,7.939882184383
    ));
#541 = CARTESIAN_POINT('',(21.871293982942,2.868326670267,7.880662758177
    ));
#542 = CARTESIAN_POINT('',(21.811336233096,2.812881698626,7.728328950573
    ));
#543 = CARTESIAN_POINT('',(21.781036734709,2.778331039899,7.633401795892
    ));
#544 = CARTESIAN_POINT('',(21.756091750781,2.742838840854,7.535887780449
    ));
#545 = CARTESIAN_POINT('',(21.736012116579,2.706605530031,7.436337577132
    ));
#546 = CARTESIAN_POINT('',(21.720339082635,2.669784304627,7.335172091777
    ));
#547 = CARTESIAN_POINT('',(21.708662420382,2.632478254222,7.232674560681
    ));
#548 = ORIENTED_EDGE('',*,*,#549,.F.);
#549 = EDGE_CURVE('',#550,#523,#552,.T.);
#550 = VERTEX_POINT('',#551);
#551 = CARTESIAN_POINT('',(23.569808917197,3.203499400519,8.801542266161
    ));
#552 = B_SPLINE_CURVE_WITH_KNOTS('',6,(#553,#554,#555,#556,#557,#558,
    #559,#560,#561,#562,#563,#564),.UNSPECIFIED.,.F.,.F.,(7,5,7),(0.,
    0.893883510654,1.),.UNSPECIFIED.);
#553 = CARTESIAN_POINT('',(23.569808917197,3.203499400519,8.801542266161
    ));
#554 = CARTESIAN_POINT('',(23.361594434151,3.203499400519,8.801542266161
    ));
#555 = CARTESIAN_POINT('',(23.156560783747,3.197462401361,8.784955747294
    ));
#556 = CARTESIAN_POINT('',(22.957097631148,3.184488229541,8.749309503184
    ));
#557 = CARTESIAN_POINT('',(22.766217026914,3.16375004556,8.692331810973)
  );
#558 = CARTESIAN_POINT('',(22.587185204954,3.134793614234,8.612774669758
    ));
#559 = CARTESIAN_POINT('',(22.403168030043,3.093900306185,8.500421229286
    ));
#560 = CARTESIAN_POINT('',(22.383844580088,3.089453526772,8.488203803259
    ));
#561 = CARTESIAN_POINT('',(22.364728840898,3.084900293984,8.475693898991
    ));
#562 = CARTESIAN_POINT('',(22.345824416017,3.080241612931,8.462894277993
    ));
#563 = CARTESIAN_POINT('',(22.327134608393,3.075478622076,8.449808068169
    ));
#564 = CARTESIAN_POINT('',(22.308662420382,3.070612593239,8.436438763818
    ));
#565 = ORIENTED_EDGE('',*,*,#566,.F.);
#566 = EDGE_CURVE('',#567,#550,#569,.T.);
#567 = VERTEX_POINT('',#568);
#568 = CARTESIAN_POINT('',(24.872993630573,3.049960676305,8.379698088372
    ));
#569 = B_SPLINE_CURVE_WITH_KNOTS('',5,(#570,#571,#572,#573,#574,#575,
    #576,#577,#578,#579,#580,#581,#582,#583,#584,#585,#586,#587),
  .UNSPECIFIED.,.F.,.F.,(6,4,4,4,6),(0.,9.571984277263E-02,0.36543429951
    ,0.645323301674,1.),.UNSPECIFIED.);
#570 = CARTESIAN_POINT('',(24.872993630573,3.049960676305,8.379698088372
    ));
#571 = CARTESIAN_POINT('',(24.853880249367,3.056153406601,8.396712475025
    ));
#572 = CARTESIAN_POINT('',(24.834381899753,3.062197678891,8.413318976659
    ));
#573 = CARTESIAN_POINT('',(24.814504537081,3.068090205261,8.429508559804
    ));
#574 = CARTESIAN_POINT('',(24.794255440201,3.073828174094,8.445273499606
    ));
#575 = CARTESIAN_POINT('',(24.715563131988,3.09513531931,8.503814399959)
  );
#576 = CARTESIAN_POINT('',(24.654596764014,3.109616574023,8.54360132029)
  );
#577 = CARTESIAN_POINT('',(24.590944184492,3.122798384593,8.57981804718)
  );
#578 = CARTESIAN_POINT('',(24.524862156626,3.134667022807,8.61242686267)
  );
#579 = CARTESIAN_POINT('',(24.385847843758,3.156208179062,8.67161070307)
  );
#580 = CARTESIAN_POINT('',(24.312746030315,3.165781708562,8.697913759198
    ));
#581 = CARTESIAN_POINT('',(24.237653140193,3.173977447998,8.720431368232
    ));
#582 = CARTESIAN_POINT('',(24.160882961936,3.180851818547,8.739318546088
    ));
#583 = CARTESIAN_POINT('',(23.983650632014,3.193597650533,8.774337431664
    ));
#584 = CARTESIAN_POINT('',(23.882340094937,3.198710168769,8.788383960073
    ));
#585 = CARTESIAN_POINT('',(23.779323021213,3.201954014196,8.797296352136
    ));
#586 = CARTESIAN_POINT('',(23.675044287908,3.203499400519,8.801542266161
    ));
#587 = CARTESIAN_POINT('',(23.569808917197,3.203499400519,8.801542266161
    ));
#588 = ORIENTED_EDGE('',*,*,#589,.F.);
#589 = EDGE_CURVE('',#590,#567,#592,.T.);
#590 = VERTEX_POINT('',#591);
#591 = CARTESIAN_POINT('',(25.346878980892,2.66803092135,7.330354710816)
  );
#592 = B_SPLINE_CURVE_WITH_KNOTS('',5,(#593,#594,#595,#596,#597,#598,
    #599,#600,#601,#602,#603,#604,#605,#606),.UNSPECIFIED.,.F.,.F.,(6,4,
    4,6),(0.,0.176380042043,0.537277933811,1.),.UNSPECIFIED.);
#593 = CARTESIAN_POINT('',(25.346878980892,2.66803092135,7.330354710816)
  );
#594 = CARTESIAN_POINT('',(25.346878980892,2.683488046407,7.372822812879
    ));
#595 = CARTESIAN_POINT('',(25.34552263788,2.698868264336,7.415079614345)
  );
#596 = CARTESIAN_POINT('',(25.342760705233,2.714155844054,7.457081894419
    ));
#597 = CARTESIAN_POINT('',(25.338551230758,2.729333622631,7.498782498338
    ));
#598 = CARTESIAN_POINT('',(25.321213606563,2.775176117766,7.624733718571
    ));
#599 = CARTESIAN_POINT('',(25.303361766148,2.805435758814,7.707871399073
    ));
#600 = CARTESIAN_POINT('',(25.279016910352,2.834993428934,7.789080430298
    ));
#601 = CARTESIAN_POINT('',(25.248073988267,2.86368413818,7.8679075061));
#602 = CARTESIAN_POINT('',(25.162857983613,2.926847417079,8.041447188613
    ));
#603 = CARTESIAN_POINT('',(25.104449142103,2.960679498883,8.134400069423
    ));
#604 = CARTESIAN_POINT('',(25.035926114468,2.992539170728,8.221933798408
    ));
#605 = CARTESIAN_POINT('',(24.958351717035,3.022304679579,8.303713861856
    ));
#606 = CARTESIAN_POINT('',(24.872993630573,3.049960676305,8.379698088372
    ));
#607 = ORIENTED_EDGE('',*,*,#608,.F.);
#608 = EDGE_CURVE('',#609,#590,#611,.T.);
#609 = VERTEX_POINT('',#610);
#610 = CARTESIAN_POINT('',(25.211082802548,2.420643612585,6.650663666125
    ));
#611 = B_SPLINE_CURVE_WITH_KNOTS('',5,(#612,#613,#614,#615,#616,#617,
    #618,#619,#620,#621),.UNSPECIFIED.,.F.,.F.,(6,4,6),(0.,
    0.299286217855,1.),.UNSPECIFIED.);
#612 = CARTESIAN_POINT('',(25.211082802548,2.420643612585,6.650663666125
    ));
#613 = CARTESIAN_POINT('',(25.227353321961,2.434717555502,6.689331506492
    ));
#614 = CARTESIAN_POINT('',(25.242424141607,2.448919482931,6.728350981415
    ));
#615 = CARTESIAN_POINT('',(25.256283475034,2.463244592701,6.767708897041
    ));
#616 = CARTESIAN_POINT('',(25.268923199006,2.477687657396,6.807390891156
    ));
#617 = CARTESIAN_POINT('',(25.307066133148,2.526321259892,6.941010615842
    ));
#618 = CARTESIAN_POINT('',(25.327084269727,2.561015936154,7.036333455448
    ));
#619 = CARTESIAN_POINT('',(25.340334150063,2.596252620653,7.133145450445
    ));
#620 = CARTESIAN_POINT('',(25.346878980892,2.63195183372,7.231228232237)
  );
#621 = CARTESIAN_POINT('',(25.346878980892,2.66803092135,7.330354710816)
  );
#622 = ORIENTED_EDGE('',*,*,#623,.F.);
#623 = EDGE_CURVE('',#624,#609,#626,.T.);
#624 = VERTEX_POINT('',#625);
#625 = CARTESIAN_POINT('',(24.78127388535,2.174476248281,5.974324391292)
  );
#626 = B_SPLINE_CURVE_WITH_KNOTS('',6,(#627,#628,#629,#630,#631,#632,
    #633),.UNSPECIFIED.,.F.,.F.,(7,7),(0.,1.),.PIECEWISE_BEZIER_KNOTS.);
#627 = CARTESIAN_POINT('',(24.78127388535,2.174476248281,5.974324391292)
  );
#628 = CARTESIAN_POINT('',(24.874014363035,2.215038263554,6.085767612343
    ));
#629 = CARTESIAN_POINT('',(24.959460289964,2.255877098514,6.197971389233
    ));
#630 = CARTESIAN_POINT('',(25.036816034509,2.296948463628,6.310814037468
    ));
#631 = CARTESIAN_POINT('',(25.105171609075,2.338177044822,6.424088633335
    ));
#632 = CARTESIAN_POINT('',(25.163555877629,2.379455711595,6.5375008382)
  );
#633 = CARTESIAN_POINT('',(25.211082802548,2.420643612585,6.650663666125
    ));
#634 = ORIENTED_EDGE('',*,*,#635,.F.);
#635 = EDGE_CURVE('',#636,#624,#638,.T.);
#636 = VERTEX_POINT('',#637);
#637 = CARTESIAN_POINT('',(24.078089171975,1.929005995097,5.299900413521
    ));
#638 = B_SPLINE_CURVE_WITH_KNOTS('',7,(#639,#640,#641,#642,#643,#644,
    #645,#646),.UNSPECIFIED.,.F.,.F.,(8,8),(0.,1.),
  .PIECEWISE_BEZIER_KNOTS.);
#639 = CARTESIAN_POINT('',(24.078089171975,1.929005995097,5.299900413521
    ));
#640 = CARTESIAN_POINT('',(24.19966168174,1.96731401233,5.405150825853)
  );
#641 = CARTESIAN_POINT('',(24.31651992213,2.004933820322,5.508510398836)
  );
#642 = CARTESIAN_POINT('',(24.42823989106,2.041868133136,5.609986589294)
  );
#643 = CARTESIAN_POINT('',(24.533483093601,2.077891513689,5.708960013938
    ));
#644 = CARTESIAN_POINT('',(24.629877864265,2.112529250534,5.80412641378)
  );
#645 = CARTESIAN_POINT('',(24.714091015392,2.145070550214,5.893532899851
    ));
#646 = CARTESIAN_POINT('',(24.78127388535,2.174476248281,5.974324391292)
  );
#647 = ORIENTED_EDGE('',*,*,#648,.F.);
#648 = EDGE_CURVE('',#649,#636,#651,.T.);
#649 = VERTEX_POINT('',#650);
#650 = CARTESIAN_POINT('',(23.434012738854,1.71638710345,4.715734809771)
  );
#651 = B_SPLINE_CURVE_WITH_KNOTS('',7,(#652,#653,#654,#655,#656,#657,
    #658,#659),.UNSPECIFIED.,.F.,.F.,(8,8),(0.,1.),
  .PIECEWISE_BEZIER_KNOTS.);
#652 = CARTESIAN_POINT('',(23.434012738854,1.71638710345,4.715734809771)
  );
#653 = CARTESIAN_POINT('',(23.482945559251,1.735321088775,4.767755506912
    ));
#654 = CARTESIAN_POINT('',(23.556084600264,1.76084925692,4.837893572452)
  );
#655 = CARTESIAN_POINT('',(23.645402862112,1.790683005569,4.919861123201
    ));
#656 = CARTESIAN_POINT('',(23.744994647861,1.823154307296,5.009075291478
    ));
#657 = CARTESIAN_POINT('',(23.851104760599,1.857223722107,5.102680239363
    ));
#658 = CARTESIAN_POINT('',(23.96202273019,1.892452861685,5.199471504861)
  );
#659 = CARTESIAN_POINT('',(24.078089171975,1.929005995097,5.299900413521
    ));
#660 = ORIENTED_EDGE('',*,*,#661,.F.);
#661 = EDGE_CURVE('',#662,#649,#664,.T.);
#662 = VERTEX_POINT('',#663);
#663 = CARTESIAN_POINT('',(23.214394904459,1.614086046567,4.434664966));
#664 = B_SPLINE_CURVE_WITH_KNOTS('',5,(#665,#666,#667,#668,#669,#670),
  .UNSPECIFIED.,.F.,.F.,(6,6),(0.,1.),.PIECEWISE_BEZIER_KNOTS.);
#665 = CARTESIAN_POINT('',(23.214394904459,1.614086046567,4.434664966));
#666 = CARTESIAN_POINT('',(23.248405757023,1.63424886746,4.490061861114)
  );
#667 = CARTESIAN_POINT('',(23.287512108653,1.654579423628,4.545919605111
    ));
#668 = CARTESIAN_POINT('',(23.331585928964,1.675058230493,4.602184664552
    ));
#669 = CARTESIAN_POINT('',(23.380474603855,1.69566662487,4.658805762752)
  );
#670 = CARTESIAN_POINT('',(23.434012738854,1.71638710345,4.715734809771)
  );
#671 = ORIENTED_EDGE('',*,*,#672,.F.);
#672 = EDGE_CURVE('',#352,#662,#673,.T.);
#673 = LINE('',#674,#675);
#674 = CARTESIAN_POINT('',(11.107197452229,1.614086046567,4.434664966));
#675 = VECTOR('',#676,1.);
#676 = DIRECTION('',(-1.,0.,0.));
#677 = FACE_BOUND('',#678,.T.);
#678 = EDGE_LOOP('',(#679,#689,#697,#712,#720,#732,#751,#759));
#679 = ORIENTED_EDGE('',*,*,#680,.F.);
#680 = EDGE_CURVE('',#681,#683,#685,.T.);
#681 = VERTEX_POINT('',#682);
#682 = CARTESIAN_POINT('',(19.040382165605,1.273895819932,3.5));
#683 = VERTEX_POINT('',#684);
#684 = CARTESIAN_POINT('',(20.114267515924,1.273895819932,3.5));
#685 = LINE('',#686,#687);
#686 = CARTESIAN_POINT('',(9.557133757962,1.273895819932,3.5));
#687 = VECTOR('',#688,1.);
#688 = DIRECTION('',(1.,0.,0.));
#689 = ORIENTED_EDGE('',*,*,#690,.F.);
#690 = EDGE_CURVE('',#691,#681,#693,.T.);
#691 = VERTEX_POINT('',#692);
#692 = CARTESIAN_POINT('',(19.040382165605,2.663238282399,7.317187043519
    ));
#693 = LINE('',#694,#695);
#694 = CARTESIAN_POINT('',(19.040382165605,0.636947909966,1.75));
#695 = VECTOR('',#696,1.);
#696 = DIRECTION('',(-0.,-0.342020143326,-0.939692620786));
#697 = ORIENTED_EDGE('',*,*,#698,.F.);
#698 = EDGE_CURVE('',#699,#691,#701,.T.);
#699 = VERTEX_POINT('',#700);
#700 = CARTESIAN_POINT('',(17.653121019108,2.383696723217,6.549152921867
    ));
#701 = B_SPLINE_CURVE_WITH_KNOTS('',5,(#702,#703,#704,#705,#706,#707,
    #708,#709,#710,#711),.UNSPECIFIED.,.F.,.F.,(6,4,6),(0.,
    0.724057549441,1.),.UNSPECIFIED.);
#702 = CARTESIAN_POINT('',(17.653121019108,2.383696723217,6.549152921867
    ));
#703 = CARTESIAN_POINT('',(17.878395593368,2.409232076143,6.619310727428
    ));
#704 = CARTESIAN_POINT('',(18.097065349759,2.440098888708,6.704116597962
    ));
#705 = CARTESIAN_POINT('',(18.307410910612,2.476516992288,6.804174515207
    ));
#706 = CARTESIAN_POINT('',(18.507790622848,2.518514045045,6.919560469341
    ));
#707 = CARTESIAN_POINT('',(18.768987619624,2.583768239909,7.098844896254
    ));
#708 = CARTESIAN_POINT('',(18.83943241605,2.602538453325,7.150415633773)
  );
#709 = CARTESIAN_POINT('',(18.90817957246,2.62205554452,7.204038401124)
  );
#710 = CARTESIAN_POINT('',(18.975175909514,2.642297711285,7.259653297232
    ));
#711 = CARTESIAN_POINT('',(19.040382165605,2.663238282399,7.317187043519
    ));
#712 = ORIENTED_EDGE('',*,*,#713,.F.);
#713 = EDGE_CURVE('',#714,#699,#716,.T.);
#714 = VERTEX_POINT('',#715);
#715 = CARTESIAN_POINT('',(17.653121019108,2.718310060891,7.468495511375
    ));
#716 = LINE('',#717,#718);
#717 = CARTESIAN_POINT('',(17.653121019108,1.191848361609,3.274576460934
    ));
#718 = VECTOR('',#719,1.);
#719 = DIRECTION('',(-0.,-0.342020143326,-0.939692620786));
#720 = ORIENTED_EDGE('',*,*,#721,.F.);
#721 = EDGE_CURVE('',#722,#714,#724,.T.);
#722 = VERTEX_POINT('',#723);
#723 = CARTESIAN_POINT('',(18.566496815287,2.896770507651,7.958811559113
    ));
#724 = B_SPLINE_CURVE_WITH_KNOTS('',6,(#725,#726,#727,#728,#729,#730,
    #731),.UNSPECIFIED.,.F.,.F.,(7,7),(0.,1.),.PIECEWISE_BEZIER_KNOTS.);
#725 = CARTESIAN_POINT('',(18.566496815287,2.896770507651,7.958811559113
    ));
#726 = CARTESIAN_POINT('',(18.4169295863,2.856903971381,7.849279150918)
  );
#727 = CARTESIAN_POINT('',(18.265867545527,2.820228173284,7.748513223807
    ));
#728 = CARTESIAN_POINT('',(18.113371199249,2.787256522549,7.657924357932
    ));
#729 = CARTESIAN_POINT('',(17.959846847564,2.75869595565,7.579454845289)
  );
#730 = CARTESIAN_POINT('',(17.806052657003,2.735428290215,7.515527459903
    ));
#731 = CARTESIAN_POINT('',(17.653121019108,2.718310060891,7.468495511375
    ));
#732 = ORIENTED_EDGE('',*,*,#733,.F.);
#733 = EDGE_CURVE('',#734,#722,#736,.T.);
#734 = VERTEX_POINT('',#735);
#735 = CARTESIAN_POINT('',(19.242929936306,3.203499400519,8.801542266161
    ));
#736 = B_SPLINE_CURVE_WITH_KNOTS('',5,(#737,#738,#739,#740,#741,#742,
    #743,#744,#745,#746,#747,#748,#749,#750),.UNSPECIFIED.,.F.,.F.,(6,4,
    4,6),(0.,7.602305458109E-02,0.52948728546,1.),.UNSPECIFIED.);
#737 = CARTESIAN_POINT('',(19.242929936306,3.203499400519,8.801542266161
    ));
#738 = CARTESIAN_POINT('',(19.237209006826,3.198034303789,8.786527036301
    ));
#739 = CARTESIAN_POINT('',(19.231298115609,3.192594092569,8.771580178816
    ));
#740 = CARTESIAN_POINT('',(19.225197620656,3.187179366928,8.756703342387
    ));
#741 = CARTESIAN_POINT('',(19.218908039341,3.181790707066,8.741898121094
    ));
#742 = CARTESIAN_POINT('',(19.173789964917,3.144445079278,8.639291852031
    ));
#743 = CARTESIAN_POINT('',(19.128443972597,3.11340676027,8.55401477142)
  );
#744 = CARTESIAN_POINT('',(19.076541424891,3.083439125643,8.471679371968
    ));
#745 = CARTESIAN_POINT('',(19.018422729297,3.054621608759,8.392503895043
    ));
#746 = CARTESIAN_POINT('',(18.88827447798,2.998339636559,8.237870447301)
  );
#747 = CARTESIAN_POINT('',(18.815798211467,2.970964399538,8.162657601734
    ));
#748 = CARTESIAN_POINT('',(18.737624793581,2.944920801976,8.091103405511
    ));
#749 = CARTESIAN_POINT('',(18.654341616394,2.920200708902,8.023185507984
    ));
#750 = CARTESIAN_POINT('',(18.566496815287,2.896770507651,7.958811559113
    ));
#751 = ORIENTED_EDGE('',*,*,#752,.F.);
#752 = EDGE_CURVE('',#753,#734,#755,.T.);
#753 = VERTEX_POINT('',#754);
#754 = CARTESIAN_POINT('',(20.114267515924,3.203499400519,8.801542266161
    ));
#755 = LINE('',#756,#757);
#756 = CARTESIAN_POINT('',(9.121464968153,3.203499400519,8.801542266161)
  );
#757 = VECTOR('',#758,1.);
#758 = DIRECTION('',(-1.,0.,0.));
#759 = ORIENTED_EDGE('',*,*,#760,.F.);
#760 = EDGE_CURVE('',#683,#753,#761,.T.);
#761 = LINE('',#762,#763);
#762 = CARTESIAN_POINT('',(20.114267515924,1.601749700259,4.400771133081
    ));
#763 = VECTOR('',#764,1.);
#764 = DIRECTION('',(0.,0.342020143326,0.939692620786));
#765 = PLANE('',#766);
#766 = AXIS2_PLACEMENT_3D('',#767,#768,#769);
#767 = CARTESIAN_POINT('',(-1.,0.,0.));
#768 = DIRECTION('',(0.,-0.939692620786,0.342020143326));
#769 = DIRECTION('',(0.,0.342020143326,0.939692620786));
#770 = ADVANCED_FACE('',(#771),#782,.T.);
#771 = FACE_BOUND('',#772,.T.);
#772 = EDGE_LOOP('',(#773,#774,#775,#776));
#773 = ORIENTED_EDGE('',*,*,#323,.T.);
#774 = ORIENTED_EDGE('',*,*,#236,.T.);
#775 = ORIENTED_EDGE('',*,*,#134,.F.);
#776 = ORIENTED_EDGE('',*,*,#777,.F.);
#777 = EDGE_CURVE('',#316,#127,#778,.T.);
#778 = LINE('',#779,#780);
#779 = CARTESIAN_POINT('',(4.,19.05,-1.));
#780 = VECTOR('',#781,1.);
#781 = DIRECTION('',(0.,0.,1.));
#782 = PLANE('',#783);
#783 = AXIS2_PLACEMENT_3D('',#784,#785,#786);
#784 = CARTESIAN_POINT('',(4.,12.75,-1.));
#785 = DIRECTION('',(-1.,0.,0.));
#786 = DIRECTION('',(0.,1.,0.));
#787 = ADVANCED_FACE('',(#788),#799,.T.);
#788 = FACE_BOUND('',#789,.T.);
#789 = EDGE_LOOP('',(#790,#791,#792,#793));
#790 = ORIENTED_EDGE('',*,*,#315,.T.);
#791 = ORIENTED_EDGE('',*,*,#777,.T.);
#792 = ORIENTED_EDGE('',*,*,#126,.F.);
#793 = ORIENTED_EDGE('',*,*,#794,.F.);
#794 = EDGE_CURVE('',#308,#119,#795,.T.);
#795 = LINE('',#796,#797);
#796 = CARTESIAN_POINT('',(0.,18.05,-1.));
#797 = VECTOR('',#798,1.);
#798 = DIRECTION('',(0.,0.,1.));
#799 = PLANE('',#800);
#800 = AXIS2_PLACEMENT_3D('',#801,#802,#803);
#801 = CARTESIAN_POINT('',(4.,19.05,-1.));
#802 = DIRECTION('',(0.242535625036,-0.970142500145,0.));
#803 = DIRECTION('',(-0.970142500145,-0.242535625036,0.));
#804 = ADVANCED_FACE('',(#805),#816,.F.);
#805 = FACE_BOUND('',#806,.F.);
#806 = EDGE_LOOP('',(#807,#808,#809,#810));
#807 = ORIENTED_EDGE('',*,*,#118,.F.);
#808 = ORIENTED_EDGE('',*,*,#794,.F.);
#809 = ORIENTED_EDGE('',*,*,#307,.T.);
#810 = ORIENTED_EDGE('',*,*,#811,.T.);
#811 = EDGE_CURVE('',#300,#111,#812,.T.);
#812 = LINE('',#813,#814);
#813 = CARTESIAN_POINT('',(0.,53.,0.));
#814 = VECTOR('',#815,1.);
#815 = DIRECTION('',(0.,0.,1.));
#816 = PLANE('',#817);
#817 = AXIS2_PLACEMENT_3D('',#818,#819,#820);
#818 = CARTESIAN_POINT('',(0.,0.,0.));
#819 = DIRECTION('',(1.,0.,0.));
#820 = DIRECTION('',(0.,0.,1.));
#821 = ADVANCED_FACE('',(#822),#833,.T.);
#822 = FACE_BOUND('',#823,.T.);
#823 = EDGE_LOOP('',(#824,#825,#826,#827));
#824 = ORIENTED_EDGE('',*,*,#299,.F.);
#825 = ORIENTED_EDGE('',*,*,#811,.T.);
#826 = ORIENTED_EDGE('',*,*,#110,.T.);
#827 = ORIENTED_EDGE('',*,*,#828,.F.);
#828 = EDGE_CURVE('',#292,#103,#829,.T.);
#829 = LINE('',#830,#831);
#830 = CARTESIAN_POINT('',(43.,53.,0.));
#831 = VECTOR('',#832,1.);
#832 = DIRECTION('',(0.,0.,1.));
#833 = PLANE('',#834);
#834 = AXIS2_PLACEMENT_3D('',#835,#836,#837);
#835 = CARTESIAN_POINT('',(0.,53.,0.));
#836 = DIRECTION('',(0.,1.,0.));
#837 = DIRECTION('',(0.,0.,1.));
#838 = ADVANCED_FACE('',(#839),#850,.T.);
#839 = FACE_BOUND('',#840,.T.);
#840 = EDGE_LOOP('',(#841,#842,#848,#849));
#841 = ORIENTED_EDGE('',*,*,#102,.F.);
#842 = ORIENTED_EDGE('',*,*,#843,.T.);
#843 = EDGE_CURVE('',#95,#284,#844,.T.);
#844 = LINE('',#845,#846);
#845 = CARTESIAN_POINT('',(43.,17.924390243902,0.));
#846 = VECTOR('',#847,1.);
#847 = DIRECTION('',(0.,0.,-1.));
#848 = ORIENTED_EDGE('',*,*,#291,.T.);
#849 = ORIENTED_EDGE('',*,*,#828,.T.);
#850 = PLANE('',#851);
#851 = AXIS2_PLACEMENT_3D('',#852,#853,#854);
#852 = CARTESIAN_POINT('',(43.,0.,0.));
#853 = DIRECTION('',(1.,0.,0.));
#854 = DIRECTION('',(0.,0.,1.));
#855 = ADVANCED_FACE('',(#856),#867,.T.);
#856 = FACE_BOUND('',#857,.T.);
#857 = EDGE_LOOP('',(#858,#859,#865,#866));
#858 = ORIENTED_EDGE('',*,*,#78,.T.);
#859 = ORIENTED_EDGE('',*,*,#860,.T.);
#860 = EDGE_CURVE('',#71,#95,#861,.T.);
#861 = LINE('',#862,#863);
#862 = CARTESIAN_POINT('',(43.,0.,10.));
#863 = VECTOR('',#864,1.);
#864 = DIRECTION('',(0.,1.,0.));
#865 = ORIENTED_EDGE('',*,*,#94,.T.);
#866 = ORIENTED_EDGE('',*,*,#86,.T.);
#867 = PLANE('',#868);
#868 = AXIS2_PLACEMENT_3D('',#869,#870,#871);
#869 = CARTESIAN_POINT('',(0.,0.,10.));
#870 = DIRECTION('',(0.,0.,1.));
#871 = DIRECTION('',(1.,0.,0.));
#872 = ADVANCED_FACE('',(#873),#884,.T.);
#873 = FACE_BOUND('',#874,.T.);
#874 = EDGE_LOOP('',(#875,#876,#877,#878));
#875 = ORIENTED_EDGE('',*,*,#70,.F.);
#876 = ORIENTED_EDGE('',*,*,#340,.T.);
#877 = ORIENTED_EDGE('',*,*,#259,.T.);
#878 = ORIENTED_EDGE('',*,*,#879,.T.);
#879 = EDGE_CURVE('',#260,#71,#880,.T.);
#880 = LINE('',#881,#882);
#881 = CARTESIAN_POINT('',(43.,13.875609756098,0.));
#882 = VECTOR('',#883,1.);
#883 = DIRECTION('',(0.,0.,1.));
#884 = PLANE('',#885);
#885 = AXIS2_PLACEMENT_3D('',#886,#887,#888);
#886 = CARTESIAN_POINT('',(43.,0.,0.));
#887 = DIRECTION('',(1.,0.,0.));
#888 = DIRECTION('',(0.,0.,1.));
#889 = ADVANCED_FACE('',(#890),#916,.T.);
#890 = FACE_BOUND('',#891,.T.);
#891 = EDGE_LOOP('',(#892,#900,#901,#909));
#892 = ORIENTED_EDGE('',*,*,#893,.F.);
#893 = EDGE_CURVE('',#151,#894,#896,.T.);
#894 = VERTEX_POINT('',#895);
#895 = CARTESIAN_POINT('',(16.6,38.36,20.5));
#896 = LINE('',#897,#898);
#897 = CARTESIAN_POINT('',(16.6,38.36,9.9));
#898 = VECTOR('',#899,1.);
#899 = DIRECTION('',(0.,0.,1.));
#900 = ORIENTED_EDGE('',*,*,#150,.T.);
#901 = ORIENTED_EDGE('',*,*,#902,.T.);
#902 = EDGE_CURVE('',#153,#903,#905,.T.);
#903 = VERTEX_POINT('',#904);
#904 = CARTESIAN_POINT('',(16.,37.76,20.5));
#905 = LINE('',#906,#907);
#906 = CARTESIAN_POINT('',(16.,37.76,9.9));
#907 = VECTOR('',#908,1.);
#908 = DIRECTION('',(0.,0.,1.));
#909 = ORIENTED_EDGE('',*,*,#910,.F.);
#910 = EDGE_CURVE('',#894,#903,#911,.T.);
#911 = CIRCLE('',#912,0.6);
#912 = AXIS2_PLACEMENT_3D('',#913,#914,#915);
#913 = CARTESIAN_POINT('',(16.6,37.76,20.5));
#914 = DIRECTION('',(0.,-0.,1.));
#915 = DIRECTION('',(0.,1.,0.));
#916 = CYLINDRICAL_SURFACE('',#917,0.6);
#917 = AXIS2_PLACEMENT_3D('',#918,#919,#920);
#918 = CARTESIAN_POINT('',(16.6,37.76,9.9));
#919 = DIRECTION('',(0.,0.,1.));
#920 = DIRECTION('',(0.,1.,0.));
#921 = ADVANCED_FACE('',(#922),#940,.F.);
#922 = FACE_BOUND('',#923,.F.);
#923 = EDGE_LOOP('',(#924,#925,#933,#939));
#924 = ORIENTED_EDGE('',*,*,#161,.T.);
#925 = ORIENTED_EDGE('',*,*,#926,.T.);
#926 = EDGE_CURVE('',#162,#927,#929,.T.);
#927 = VERTEX_POINT('',#928);
#928 = CARTESIAN_POINT('',(26.4,38.36,20.5));
#929 = LINE('',#930,#931);
#930 = CARTESIAN_POINT('',(26.4,38.36,9.9));
#931 = VECTOR('',#932,1.);
#932 = DIRECTION('',(0.,0.,1.));
#933 = ORIENTED_EDGE('',*,*,#934,.T.);
#934 = EDGE_CURVE('',#927,#894,#935,.T.);
#935 = LINE('',#936,#937);
#936 = CARTESIAN_POINT('',(26.4,38.36,20.5));
#937 = VECTOR('',#938,1.);
#938 = DIRECTION('',(-1.,0.,0.));
#939 = ORIENTED_EDGE('',*,*,#893,.F.);
#940 = PLANE('',#941);
#941 = AXIS2_PLACEMENT_3D('',#942,#943,#944);
#942 = CARTESIAN_POINT('',(27.,38.36,9.9));
#943 = DIRECTION('',(0.,-1.,0.));
#944 = DIRECTION('',(-1.,0.,0.));
#945 = ADVANCED_FACE('',(#946),#964,.F.);
#946 = FACE_BOUND('',#947,.F.);
#947 = EDGE_LOOP('',(#948,#949,#950,#958));
#948 = ORIENTED_EDGE('',*,*,#212,.T.);
#949 = ORIENTED_EDGE('',*,*,#902,.T.);
#950 = ORIENTED_EDGE('',*,*,#951,.T.);
#951 = EDGE_CURVE('',#903,#952,#954,.T.);
#952 = VERTEX_POINT('',#953);
#953 = CARTESIAN_POINT('',(16.,27.96,20.5));
#954 = LINE('',#955,#956);
#955 = CARTESIAN_POINT('',(16.,37.76,20.5));
#956 = VECTOR('',#957,1.);
#957 = DIRECTION('',(0.,-1.,0.));
#958 = ORIENTED_EDGE('',*,*,#959,.F.);
#959 = EDGE_CURVE('',#204,#952,#960,.T.);
#960 = LINE('',#961,#962);
#961 = CARTESIAN_POINT('',(16.,27.96,9.9));
#962 = VECTOR('',#963,1.);
#963 = DIRECTION('',(0.,0.,1.));
#964 = PLANE('',#965);
#965 = AXIS2_PLACEMENT_3D('',#966,#967,#968);
#966 = CARTESIAN_POINT('',(16.,38.36,9.9));
#967 = DIRECTION('',(1.,0.,0.));
#968 = DIRECTION('',(0.,-1.,0.));
#969 = ADVANCED_FACE('',(#970),#989,.T.);
#970 = FACE_BOUND('',#971,.F.);
#971 = EDGE_LOOP('',(#972,#973,#974,#982));
#972 = ORIENTED_EDGE('',*,*,#926,.F.);
#973 = ORIENTED_EDGE('',*,*,#169,.F.);
#974 = ORIENTED_EDGE('',*,*,#975,.T.);
#975 = EDGE_CURVE('',#170,#976,#978,.T.);
#976 = VERTEX_POINT('',#977);
#977 = CARTESIAN_POINT('',(27.,37.76,20.5));
#978 = LINE('',#979,#980);
#979 = CARTESIAN_POINT('',(27.,37.76,9.9));
#980 = VECTOR('',#981,1.);
#981 = DIRECTION('',(0.,0.,1.));
#982 = ORIENTED_EDGE('',*,*,#983,.T.);
#983 = EDGE_CURVE('',#976,#927,#984,.T.);
#984 = CIRCLE('',#985,0.6);
#985 = AXIS2_PLACEMENT_3D('',#986,#987,#988);
#986 = CARTESIAN_POINT('',(26.4,37.76,20.5));
#987 = DIRECTION('',(0.,0.,1.));
#988 = DIRECTION('',(1.,0.,0.));
#989 = CYLINDRICAL_SURFACE('',#990,0.6);
#990 = AXIS2_PLACEMENT_3D('',#991,#992,#993);
#991 = CARTESIAN_POINT('',(26.4,37.76,9.9));
#992 = DIRECTION('',(0.,0.,1.));
#993 = DIRECTION('',(0.,1.,0.));
#994 = ADVANCED_FACE('',(#995),#1014,.T.);
#995 = FACE_BOUND('',#996,.T.);
#996 = EDGE_LOOP('',(#997,#998,#999,#1007));
#997 = ORIENTED_EDGE('',*,*,#959,.F.);
#998 = ORIENTED_EDGE('',*,*,#203,.T.);
#999 = ORIENTED_EDGE('',*,*,#1000,.T.);
#1000 = EDGE_CURVE('',#196,#1001,#1003,.T.);
#1001 = VERTEX_POINT('',#1002);
#1002 = CARTESIAN_POINT('',(16.6,27.36,20.5));
#1003 = LINE('',#1004,#1005);
#1004 = CARTESIAN_POINT('',(16.6,27.36,9.9));
#1005 = VECTOR('',#1006,1.);
#1006 = DIRECTION('',(0.,0.,1.));
#1007 = ORIENTED_EDGE('',*,*,#1008,.F.);
#1008 = EDGE_CURVE('',#952,#1001,#1009,.T.);
#1009 = CIRCLE('',#1010,0.6);
#1010 = AXIS2_PLACEMENT_3D('',#1011,#1012,#1013);
#1011 = CARTESIAN_POINT('',(16.6,27.96,20.5));
#1012 = DIRECTION('',(0.,0.,1.));
#1013 = DIRECTION('',(-1.,0.,0.));
#1014 = CYLINDRICAL_SURFACE('',#1015,0.6);
#1015 = AXIS2_PLACEMENT_3D('',#1016,#1017,#1018);
#1016 = CARTESIAN_POINT('',(16.6,27.96,9.9));
#1017 = DIRECTION('',(0.,0.,1.));
#1018 = DIRECTION('',(-1.,0.,0.));
#1019 = ADVANCED_FACE('',(#1020),#1038,.F.);
#1020 = FACE_BOUND('',#1021,.F.);
#1021 = EDGE_LOOP('',(#1022,#1023,#1031,#1037));
#1022 = ORIENTED_EDGE('',*,*,#178,.T.);
#1023 = ORIENTED_EDGE('',*,*,#1024,.T.);
#1024 = EDGE_CURVE('',#179,#1025,#1027,.T.);
#1025 = VERTEX_POINT('',#1026);
#1026 = CARTESIAN_POINT('',(27.,27.96,20.5));
#1027 = LINE('',#1028,#1029);
#1028 = CARTESIAN_POINT('',(27.,27.96,9.9));
#1029 = VECTOR('',#1030,1.);
#1030 = DIRECTION('',(0.,0.,1.));
#1031 = ORIENTED_EDGE('',*,*,#1032,.T.);
#1032 = EDGE_CURVE('',#1025,#976,#1033,.T.);
#1033 = LINE('',#1034,#1035);
#1034 = CARTESIAN_POINT('',(27.,27.96,20.5));
#1035 = VECTOR('',#1036,1.);
#1036 = DIRECTION('',(0.,1.,0.));
#1037 = ORIENTED_EDGE('',*,*,#975,.F.);
#1038 = PLANE('',#1039);
#1039 = AXIS2_PLACEMENT_3D('',#1040,#1041,#1042);
#1040 = CARTESIAN_POINT('',(27.,27.36,9.9));
#1041 = DIRECTION('',(-1.,0.,0.));
#1042 = DIRECTION('',(0.,1.,0.));
#1043 = ADVANCED_FACE('',(#1044),#1062,.F.);
#1044 = FACE_BOUND('',#1045,.F.);
#1045 = EDGE_LOOP('',(#1046,#1047,#1048,#1056));
#1046 = ORIENTED_EDGE('',*,*,#195,.T.);
#1047 = ORIENTED_EDGE('',*,*,#1000,.T.);
#1048 = ORIENTED_EDGE('',*,*,#1049,.T.);
#1049 = EDGE_CURVE('',#1001,#1050,#1052,.T.);
#1050 = VERTEX_POINT('',#1051);
#1051 = CARTESIAN_POINT('',(26.4,27.36,20.5));
#1052 = LINE('',#1053,#1054);
#1053 = CARTESIAN_POINT('',(16.6,27.36,20.5));
#1054 = VECTOR('',#1055,1.);
#1055 = DIRECTION('',(1.,0.,0.));
#1056 = ORIENTED_EDGE('',*,*,#1057,.F.);
#1057 = EDGE_CURVE('',#187,#1050,#1058,.T.);
#1058 = LINE('',#1059,#1060);
#1059 = CARTESIAN_POINT('',(26.4,27.36,9.9));
#1060 = VECTOR('',#1061,1.);
#1061 = DIRECTION('',(0.,0.,1.));
#1062 = PLANE('',#1063);
#1063 = AXIS2_PLACEMENT_3D('',#1064,#1065,#1066);
#1064 = CARTESIAN_POINT('',(16.,27.36,9.9));
#1065 = DIRECTION('',(0.,1.,0.));
#1066 = DIRECTION('',(1.,0.,0.));
#1067 = ADVANCED_FACE('',(#1068),#1080,.T.);
#1068 = FACE_BOUND('',#1069,.T.);
#1069 = EDGE_LOOP('',(#1070,#1071,#1072,#1073));
#1070 = ORIENTED_EDGE('',*,*,#1057,.F.);
#1071 = ORIENTED_EDGE('',*,*,#186,.T.);
#1072 = ORIENTED_EDGE('',*,*,#1024,.T.);
#1073 = ORIENTED_EDGE('',*,*,#1074,.F.);
#1074 = EDGE_CURVE('',#1050,#1025,#1075,.T.);
#1075 = CIRCLE('',#1076,0.6);
#1076 = AXIS2_PLACEMENT_3D('',#1077,#1078,#1079);
#1077 = CARTESIAN_POINT('',(26.4,27.96,20.5));
#1078 = DIRECTION('',(-0.,0.,1.));
#1079 = DIRECTION('',(0.,-1.,0.));
#1080 = CYLINDRICAL_SURFACE('',#1081,0.6);
#1081 = AXIS2_PLACEMENT_3D('',#1082,#1083,#1084);
#1082 = CARTESIAN_POINT('',(26.4,27.96,9.9));
#1083 = DIRECTION('',(0.,0.,1.));
#1084 = DIRECTION('',(0.,-1.,0.));
#1085 = ADVANCED_FACE('',(#1086),#1097,.F.);
#1086 = FACE_BOUND('',#1087,.F.);
#1087 = EDGE_LOOP('',(#1088,#1089,#1095,#1096));
#1088 = ORIENTED_EDGE('',*,*,#267,.T.);
#1089 = ORIENTED_EDGE('',*,*,#1090,.T.);
#1090 = EDGE_CURVE('',#260,#284,#1091,.T.);
#1091 = LINE('',#1092,#1093);
#1092 = CARTESIAN_POINT('',(43.,0.,0.));
#1093 = VECTOR('',#1094,1.);
#1094 = DIRECTION('',(0.,1.,0.));
#1095 = ORIENTED_EDGE('',*,*,#283,.T.);
#1096 = ORIENTED_EDGE('',*,*,#275,.T.);
#1097 = PLANE('',#1098);
#1098 = AXIS2_PLACEMENT_3D('',#1099,#1100,#1101);
#1099 = CARTESIAN_POINT('',(0.,0.,0.));
#1100 = DIRECTION('',(0.,0.,1.));
#1101 = DIRECTION('',(1.,0.,0.));
#1102 = ADVANCED_FACE('',(#1103),#1128,.T.);
#1103 = FACE_BOUND('',#1104,.T.);
#1104 = EDGE_LOOP('',(#1105,#1106,#1114,#1122));
#1105 = ORIENTED_EDGE('',*,*,#349,.T.);
#1106 = ORIENTED_EDGE('',*,*,#1107,.T.);
#1107 = EDGE_CURVE('',#352,#1108,#1110,.T.);
#1108 = VERTEX_POINT('',#1109);
#1109 = CARTESIAN_POINT('',(25.346878980892,1.050270474095,
    4.639877051995));
#1110 = LINE('',#1111,#1112);
#1111 = CARTESIAN_POINT('',(25.346878980892,1.802024570724,
    4.366260937334));
#1112 = VECTOR('',#1113,1.);
#1113 = DIRECTION('',(0.,-0.939692620786,0.342020143326));
#1114 = ORIENTED_EDGE('',*,*,#1115,.T.);
#1115 = EDGE_CURVE('',#1108,#1116,#1118,.T.);
#1116 = VERTEX_POINT('',#1117);
#1117 = CARTESIAN_POINT('',(25.346878980892,0.71008024746,3.705212085995
    ));
#1118 = LINE('',#1119,#1120);
#1119 = CARTESIAN_POINT('',(25.346878980892,1.050270474095,
    4.639877051995));
#1120 = VECTOR('',#1121,1.);
#1121 = DIRECTION('',(0.,-0.342020143326,-0.939692620786));
#1122 = ORIENTED_EDGE('',*,*,#1123,.F.);
#1123 = EDGE_CURVE('',#350,#1116,#1124,.T.);
#1124 = LINE('',#1125,#1126);
#1125 = CARTESIAN_POINT('',(25.346878980892,1.461834344089,
    3.431595971335));
#1126 = VECTOR('',#1127,1.);
#1127 = DIRECTION('',(0.,-0.939692620786,0.342020143326));
#1128 = PLANE('',#1129);
#1129 = AXIS2_PLACEMENT_3D('',#1130,#1131,#1132);
#1130 = CARTESIAN_POINT('',(25.346878980892,1.802024570724,
    4.366260937334));
#1131 = DIRECTION('',(1.,0.,0.));
#1132 = DIRECTION('',(0.,-0.342020143326,-0.939692620786));
#1133 = ADVANCED_FACE('',(#1134),#1152,.T.);
#1134 = FACE_BOUND('',#1135,.T.);
#1135 = EDGE_LOOP('',(#1136,#1137,#1145,#1151));
#1136 = ORIENTED_EDGE('',*,*,#672,.T.);
#1137 = ORIENTED_EDGE('',*,*,#1138,.T.);
#1138 = EDGE_CURVE('',#662,#1139,#1141,.T.);
#1139 = VERTEX_POINT('',#1140);
#1140 = CARTESIAN_POINT('',(23.214394904459,1.050270474095,
    4.639877051995));
#1141 = LINE('',#1142,#1143);
#1142 = CARTESIAN_POINT('',(23.214394904459,1.802024570724,
    4.366260937334));
#1143 = VECTOR('',#1144,1.);
#1144 = DIRECTION('',(0.,-0.939692620786,0.342020143326));
#1145 = ORIENTED_EDGE('',*,*,#1146,.T.);
#1146 = EDGE_CURVE('',#1139,#1108,#1147,.T.);
#1147 = LINE('',#1148,#1149);
#1148 = CARTESIAN_POINT('',(23.214394904459,1.050270474095,
    4.639877051995));
#1149 = VECTOR('',#1150,1.);
#1150 = DIRECTION('',(1.,0.,0.));
#1151 = ORIENTED_EDGE('',*,*,#1107,.F.);
#1152 = PLANE('',#1153);
#1153 = AXIS2_PLACEMENT_3D('',#1154,#1155,#1156);
#1154 = CARTESIAN_POINT('',(23.214394904459,1.802024570724,
    4.366260937334));
#1155 = DIRECTION('',(0.,0.342020143326,0.939692620786));
#1156 = DIRECTION('',(1.,0.,0.));
#1157 = ADVANCED_FACE('',(#1158),#1176,.T.);
#1158 = FACE_BOUND('',#1159,.T.);
#1159 = EDGE_LOOP('',(#1160,#1161,#1169,#1175));
#1160 = ORIENTED_EDGE('',*,*,#661,.T.);
#1161 = ORIENTED_EDGE('',*,*,#1162,.T.);
#1162 = EDGE_CURVE('',#649,#1163,#1165,.T.);
#1163 = VERTEX_POINT('',#1164);
#1164 = CARTESIAN_POINT('',(23.434012738854,1.152571530978,
    4.920946895766));
#1165 = LINE('',#1166,#1167);
#1166 = CARTESIAN_POINT('',(23.434012738854,1.904325627607,
    4.647330781106));
#1167 = VECTOR('',#1168,1.);
#1168 = DIRECTION('',(0.,-0.939692620786,0.342020143326));
#1169 = ORIENTED_EDGE('',*,*,#1170,.T.);
#1170 = EDGE_CURVE('',#1163,#1139,#1171,.T.);
#1171 = B_SPLINE_CURVE_WITH_KNOTS('',2,(#1172,#1173,#1174),
  .UNSPECIFIED.,.F.,.F.,(3,3),(0.,1.),.PIECEWISE_BEZIER_KNOTS.);
#1172 = CARTESIAN_POINT('',(23.434012738854,1.152571530978,
    4.920946895766));
#1173 = CARTESIAN_POINT('',(23.29847133758,1.100113919186,4.77682079189)
  );
#1174 = CARTESIAN_POINT('',(23.214394904459,1.050270474095,
    4.639877051995));
#1175 = ORIENTED_EDGE('',*,*,#1138,.F.);
#1176 = SURFACE_OF_LINEAR_EXTRUSION('',#1177,#1181);
#1177 = B_SPLINE_CURVE_WITH_KNOTS('',2,(#1178,#1179,#1180),
  .UNSPECIFIED.,.F.,.F.,(3,3),(0.,1.),.PIECEWISE_BEZIER_KNOTS.);
#1178 = CARTESIAN_POINT('',(23.434012738854,1.904325627607,
    4.647330781106));
#1179 = CARTESIAN_POINT('',(23.29847133758,1.851868015815,4.50320467723)
  );
#1180 = CARTESIAN_POINT('',(23.214394904459,1.802024570724,
    4.366260937334));
#1181 = VECTOR('',#1182,1.);
#1182 = DIRECTION('',(-0.,0.939692620786,-0.342020143326));
#1183 = ADVANCED_FACE('',(#1184),#1202,.T.);
#1184 = FACE_BOUND('',#1185,.T.);
#1185 = EDGE_LOOP('',(#1186,#1187,#1195,#1201));
#1186 = ORIENTED_EDGE('',*,*,#648,.T.);
#1187 = ORIENTED_EDGE('',*,*,#1188,.T.);
#1188 = EDGE_CURVE('',#636,#1189,#1191,.T.);
#1189 = VERTEX_POINT('',#1190);
#1190 = CARTESIAN_POINT('',(24.078089171975,1.365190422625,
    5.505112499516));
#1191 = LINE('',#1192,#1193);
#1192 = CARTESIAN_POINT('',(24.078089171975,2.116944519254,
    5.231496384855));
#1193 = VECTOR('',#1194,1.);
#1194 = DIRECTION('',(0.,-0.939692620786,0.342020143326));
#1195 = ORIENTED_EDGE('',*,*,#1196,.T.);
#1196 = EDGE_CURVE('',#1189,#1163,#1197,.T.);
#1197 = B_SPLINE_CURVE_WITH_KNOTS('',2,(#1198,#1199,#1200),
  .UNSPECIFIED.,.F.,.F.,(3,3),(0.,1.),.PIECEWISE_BEZIER_KNOTS.);
#1198 = CARTESIAN_POINT('',(24.078089171975,1.365190422625,
    5.505112499516));
#1199 = CARTESIAN_POINT('',(23.569808917197,1.20511628166,5.065312411775
    ));
#1200 = CARTESIAN_POINT('',(23.434012738854,1.152571530978,
    4.920946895766));
#1201 = ORIENTED_EDGE('',*,*,#1162,.F.);
#1202 = SURFACE_OF_LINEAR_EXTRUSION('',#1203,#1207);
#1203 = B_SPLINE_CURVE_WITH_KNOTS('',2,(#1204,#1205,#1206),
  .UNSPECIFIED.,.F.,.F.,(3,3),(0.,1.),.PIECEWISE_BEZIER_KNOTS.);
#1204 = CARTESIAN_POINT('',(24.078089171975,2.116944519254,
    5.231496384855));
#1205 = CARTESIAN_POINT('',(23.569808917197,1.956870378288,
    4.791696297114));
#1206 = CARTESIAN_POINT('',(23.434012738854,1.904325627607,
    4.647330781106));
#1207 = VECTOR('',#1208,1.);
#1208 = DIRECTION('',(-0.,0.939692620786,-0.342020143326));
#1209 = ADVANCED_FACE('',(#1210),#1228,.T.);
#1210 = FACE_BOUND('',#1211,.T.);
#1211 = EDGE_LOOP('',(#1212,#1213,#1221,#1227));
#1212 = ORIENTED_EDGE('',*,*,#635,.T.);
#1213 = ORIENTED_EDGE('',*,*,#1214,.T.);
#1214 = EDGE_CURVE('',#624,#1215,#1217,.T.);
#1215 = VERTEX_POINT('',#1216);
#1216 = CARTESIAN_POINT('',(24.78127388535,1.610660675809,6.179536477288
    ));
#1217 = LINE('',#1218,#1219);
#1218 = CARTESIAN_POINT('',(24.78127388535,2.362414772438,5.905920362627
    ));
#1219 = VECTOR('',#1220,1.);
#1220 = DIRECTION('',(0.,-0.939692620786,0.342020143326));
#1221 = ORIENTED_EDGE('',*,*,#1222,.T.);
#1222 = EDGE_CURVE('',#1215,#1189,#1223,.T.);
#1223 = B_SPLINE_CURVE_WITH_KNOTS('',2,(#1224,#1225,#1226),
  .UNSPECIFIED.,.F.,.F.,(3,3),(0.,1.),.PIECEWISE_BEZIER_KNOTS.);
#1224 = CARTESIAN_POINT('',(24.78127388535,1.610660675809,6.179536477288
    ));
#1225 = CARTESIAN_POINT('',(24.586369426752,1.525351702481,5.94515199939
    ));
#1226 = CARTESIAN_POINT('',(24.078089171975,1.365190422625,
    5.505112499516));
#1227 = ORIENTED_EDGE('',*,*,#1188,.F.);
#1228 = SURFACE_OF_LINEAR_EXTRUSION('',#1229,#1233);
#1229 = B_SPLINE_CURVE_WITH_KNOTS('',2,(#1230,#1231,#1232),
  .UNSPECIFIED.,.F.,.F.,(3,3),(0.,1.),.PIECEWISE_BEZIER_KNOTS.);
#1230 = CARTESIAN_POINT('',(24.78127388535,2.362414772438,5.905920362627
    ));
#1231 = CARTESIAN_POINT('',(24.586369426752,2.277105799109,
    5.671535884729));
#1232 = CARTESIAN_POINT('',(24.078089171975,2.116944519254,
    5.231496384855));
#1233 = VECTOR('',#1234,1.);
#1234 = DIRECTION('',(-0.,0.939692620786,-0.342020143326));
#1235 = ADVANCED_FACE('',(#1236),#1254,.T.);
#1236 = FACE_BOUND('',#1237,.T.);
#1237 = EDGE_LOOP('',(#1238,#1239,#1247,#1253));
#1238 = ORIENTED_EDGE('',*,*,#623,.T.);
#1239 = ORIENTED_EDGE('',*,*,#1240,.T.);
#1240 = EDGE_CURVE('',#609,#1241,#1243,.T.);
#1241 = VERTEX_POINT('',#1242);
#1242 = CARTESIAN_POINT('',(25.211082802548,1.856828040114,
    6.855875752121));
#1243 = LINE('',#1244,#1245);
#1244 = CARTESIAN_POINT('',(25.211082802548,2.608582136743,6.58225963746
    ));
#1245 = VECTOR('',#1246,1.);
#1246 = DIRECTION('',(0.,-0.939692620786,0.342020143326));
#1247 = ORIENTED_EDGE('',*,*,#1248,.T.);
#1248 = EDGE_CURVE('',#1241,#1215,#1249,.T.);
#1249 = B_SPLINE_CURVE_WITH_KNOTS('',2,(#1250,#1251,#1252),
  .UNSPECIFIED.,.F.,.F.,(3,3),(0.,1.),.PIECEWISE_BEZIER_KNOTS.);
#1250 = CARTESIAN_POINT('',(25.211082802548,1.856828040114,
    6.855875752121));
#1251 = CARTESIAN_POINT('',(25.075541401274,1.739364816368,
    6.533148197262));
#1252 = CARTESIAN_POINT('',(24.78127388535,1.610660675809,6.179536477288
    ));
#1253 = ORIENTED_EDGE('',*,*,#1214,.F.);
#1254 = SURFACE_OF_LINEAR_EXTRUSION('',#1255,#1259);
#1255 = B_SPLINE_CURVE_WITH_KNOTS('',2,(#1256,#1257,#1258),
  .UNSPECIFIED.,.F.,.F.,(3,3),(0.,1.),.PIECEWISE_BEZIER_KNOTS.);
#1256 = CARTESIAN_POINT('',(25.211082802548,2.608582136743,6.58225963746
    ));
#1257 = CARTESIAN_POINT('',(25.075541401274,2.491118912997,
    6.259532082602));
#1258 = CARTESIAN_POINT('',(24.78127388535,2.362414772438,5.905920362627
    ));
#1259 = VECTOR('',#1260,1.);
#1260 = DIRECTION('',(-0.,0.939692620786,-0.342020143326));
#1261 = ADVANCED_FACE('',(#1262),#1280,.T.);
#1262 = FACE_BOUND('',#1263,.T.);
#1263 = EDGE_LOOP('',(#1264,#1265,#1273,#1279));
#1264 = ORIENTED_EDGE('',*,*,#608,.T.);
#1265 = ORIENTED_EDGE('',*,*,#1266,.T.);
#1266 = EDGE_CURVE('',#590,#1267,#1269,.T.);
#1267 = VERTEX_POINT('',#1268);
#1268 = CARTESIAN_POINT('',(25.346878980892,2.104215348879,
    7.535566796812));
#1269 = LINE('',#1270,#1271);
#1270 = CARTESIAN_POINT('',(25.346878980892,2.855969445507,
    7.261950682151));
#1271 = VECTOR('',#1272,1.);
#1272 = DIRECTION('',(0.,-0.939692620786,0.342020143326));
#1273 = ORIENTED_EDGE('',*,*,#1274,.T.);
#1274 = EDGE_CURVE('',#1267,#1241,#1275,.T.);
#1275 = B_SPLINE_CURVE_WITH_KNOTS('',2,(#1276,#1277,#1278),
  .UNSPECIFIED.,.F.,.F.,(3,3),(0.,1.),.PIECEWISE_BEZIER_KNOTS.);
#1276 = CARTESIAN_POINT('',(25.346878980892,2.104215348879,
    7.535566796812));
#1277 = CARTESIAN_POINT('',(25.346878980892,1.97429126386,7.178603306979
    ));
#1278 = CARTESIAN_POINT('',(25.211082802548,1.856828040114,
    6.855875752121));
#1279 = ORIENTED_EDGE('',*,*,#1240,.F.);
#1280 = SURFACE_OF_LINEAR_EXTRUSION('',#1281,#1285);
#1281 = B_SPLINE_CURVE_WITH_KNOTS('',2,(#1282,#1283,#1284),
  .UNSPECIFIED.,.F.,.F.,(3,3),(0.,1.),.PIECEWISE_BEZIER_KNOTS.);
#1282 = CARTESIAN_POINT('',(25.346878980892,2.855969445507,
    7.261950682151));
#1283 = CARTESIAN_POINT('',(25.346878980892,2.726045360489,
    6.904987192319));
#1284 = CARTESIAN_POINT('',(25.211082802548,2.608582136743,6.58225963746
    ));
#1285 = VECTOR('',#1286,1.);
#1286 = DIRECTION('',(-0.,0.939692620786,-0.342020143326));
#1287 = ADVANCED_FACE('',(#1288),#1306,.T.);
#1288 = FACE_BOUND('',#1289,.T.);
#1289 = EDGE_LOOP('',(#1290,#1291,#1299,#1305));
#1290 = ORIENTED_EDGE('',*,*,#589,.T.);
#1291 = ORIENTED_EDGE('',*,*,#1292,.T.);
#1292 = EDGE_CURVE('',#567,#1293,#1295,.T.);
#1293 = VERTEX_POINT('',#1294);
#1294 = CARTESIAN_POINT('',(24.872993630573,2.486145103833,
    8.584910174367));
#1295 = LINE('',#1296,#1297);
#1296 = CARTESIAN_POINT('',(24.872993630573,3.237899200462,
    8.311294059706));
#1297 = VECTOR('',#1298,1.);
#1298 = DIRECTION('',(0.,-0.939692620786,0.342020143326));
#1299 = ORIENTED_EDGE('',*,*,#1300,.T.);
#1300 = EDGE_CURVE('',#1293,#1267,#1301,.T.);
#1301 = B_SPLINE_CURVE_WITH_KNOTS('',2,(#1302,#1303,#1304),
  .UNSPECIFIED.,.F.,.F.,(3,3),(0.,1.),.PIECEWISE_BEZIER_KNOTS.);
#1302 = CARTESIAN_POINT('',(24.872993630573,2.486145103833,
    8.584910174367));
#1303 = CARTESIAN_POINT('',(25.346878980892,2.332606379619,
    8.163065996577));
#1304 = CARTESIAN_POINT('',(25.346878980892,2.104215348879,
    7.535566796812));
#1305 = ORIENTED_EDGE('',*,*,#1266,.F.);
#1306 = SURFACE_OF_LINEAR_EXTRUSION('',#1307,#1311);
#1307 = B_SPLINE_CURVE_WITH_KNOTS('',2,(#1308,#1309,#1310),
  .UNSPECIFIED.,.F.,.F.,(3,3),(0.,1.),.PIECEWISE_BEZIER_KNOTS.);
#1308 = CARTESIAN_POINT('',(24.872993630573,3.237899200462,
    8.311294059706));
#1309 = CARTESIAN_POINT('',(25.346878980892,3.084360476248,
    7.889449881917));
#1310 = CARTESIAN_POINT('',(25.346878980892,2.855969445507,
    7.261950682151));
#1311 = VECTOR('',#1312,1.);
#1312 = DIRECTION('',(-0.,0.939692620786,-0.342020143326));
#1313 = ADVANCED_FACE('',(#1314),#1332,.T.);
#1314 = FACE_BOUND('',#1315,.T.);
#1315 = EDGE_LOOP('',(#1316,#1317,#1325,#1331));
#1316 = ORIENTED_EDGE('',*,*,#566,.T.);
#1317 = ORIENTED_EDGE('',*,*,#1318,.T.);
#1318 = EDGE_CURVE('',#550,#1319,#1321,.T.);
#1319 = VERTEX_POINT('',#1320);
#1320 = CARTESIAN_POINT('',(23.569808917197,2.639683828047,
    9.006754352157));
#1321 = LINE('',#1322,#1323);
#1322 = CARTESIAN_POINT('',(23.569808917197,3.391437924676,
    8.733138237496));
#1323 = VECTOR('',#1324,1.);
#1324 = DIRECTION('',(0.,-0.939692620786,0.342020143326));
#1325 = ORIENTED_EDGE('',*,*,#1326,.T.);
#1326 = EDGE_CURVE('',#1319,#1293,#1327,.T.);
#1327 = B_SPLINE_CURVE_WITH_KNOTS('',2,(#1328,#1329,#1330),
  .UNSPECIFIED.,.F.,.F.,(3,3),(0.,1.),.PIECEWISE_BEZIER_KNOTS.);
#1328 = CARTESIAN_POINT('',(23.569808917197,2.639683828047,
    9.006754352157));
#1329 = CARTESIAN_POINT('',(24.399108280255,2.639683828047,
    9.006754352157));
#1330 = CARTESIAN_POINT('',(24.872993630573,2.486145103833,
    8.584910174367));
#1331 = ORIENTED_EDGE('',*,*,#1292,.F.);
#1332 = SURFACE_OF_LINEAR_EXTRUSION('',#1333,#1337);
#1333 = B_SPLINE_CURVE_WITH_KNOTS('',2,(#1334,#1335,#1336),
  .UNSPECIFIED.,.F.,.F.,(3,3),(0.,1.),.PIECEWISE_BEZIER_KNOTS.);
#1334 = CARTESIAN_POINT('',(23.569808917197,3.391437924676,
    8.733138237496));
#1335 = CARTESIAN_POINT('',(24.399108280255,3.391437924676,
    8.733138237496));
#1336 = CARTESIAN_POINT('',(24.872993630573,3.237899200462,
    8.311294059706));
#1337 = VECTOR('',#1338,1.);
#1338 = DIRECTION('',(-0.,0.939692620786,-0.342020143326));
#1339 = ADVANCED_FACE('',(#1340),#1358,.T.);
#1340 = FACE_BOUND('',#1341,.T.);
#1341 = EDGE_LOOP('',(#1342,#1343,#1351,#1357));
#1342 = ORIENTED_EDGE('',*,*,#549,.T.);
#1343 = ORIENTED_EDGE('',*,*,#1344,.T.);
#1344 = EDGE_CURVE('',#523,#1345,#1347,.T.);
#1345 = VERTEX_POINT('',#1346);
#1346 = CARTESIAN_POINT('',(22.308662420382,2.506797020768,
    8.641650849813));
#1347 = LINE('',#1348,#1349);
#1348 = CARTESIAN_POINT('',(22.308662420382,3.258551117396,
    8.368034735153));
#1349 = VECTOR('',#1350,1.);
#1350 = DIRECTION('',(0.,-0.939692620786,0.342020143326));
#1351 = ORIENTED_EDGE('',*,*,#1352,.T.);
#1352 = EDGE_CURVE('',#1345,#1319,#1353,.T.);
#1353 = B_SPLINE_CURVE_WITH_KNOTS('',2,(#1354,#1355,#1356),
  .UNSPECIFIED.,.F.,.F.,(3,3),(0.,1.),.PIECEWISE_BEZIER_KNOTS.);
#1354 = CARTESIAN_POINT('',(22.308662420382,2.506797020768,
    8.641650849813));
#1355 = CARTESIAN_POINT('',(22.813121019108,2.639683828047,
    9.006754352157));
#1356 = CARTESIAN_POINT('',(23.569808917197,2.639683828047,
    9.006754352157));
#1357 = ORIENTED_EDGE('',*,*,#1318,.F.);
#1358 = SURFACE_OF_LINEAR_EXTRUSION('',#1359,#1363);
#1359 = B_SPLINE_CURVE_WITH_KNOTS('',2,(#1360,#1361,#1362),
  .UNSPECIFIED.,.F.,.F.,(3,3),(0.,1.),.PIECEWISE_BEZIER_KNOTS.);
#1360 = CARTESIAN_POINT('',(22.308662420382,3.258551117396,
    8.368034735153));
#1361 = CARTESIAN_POINT('',(22.813121019108,3.391437924676,
    8.733138237496));
#1362 = CARTESIAN_POINT('',(23.569808917197,3.391437924676,
    8.733138237496));
#1363 = VECTOR('',#1364,1.);
#1364 = DIRECTION('',(-0.,0.939692620786,-0.342020143326));
#1365 = ADVANCED_FACE('',(#1366),#1384,.T.);
#1366 = FACE_BOUND('',#1367,.T.);
#1367 = EDGE_LOOP('',(#1368,#1369,#1377,#1383));
#1368 = ORIENTED_EDGE('',*,*,#522,.T.);
#1369 = ORIENTED_EDGE('',*,*,#1370,.T.);
#1370 = EDGE_CURVE('',#515,#1371,#1373,.T.);
#1371 = VERTEX_POINT('',#1372);
#1372 = CARTESIAN_POINT('',(21.708662420382,2.068662681751,
    7.437886646676));
#1373 = LINE('',#1374,#1375);
#1374 = CARTESIAN_POINT('',(21.708662420382,2.820416778379,
    7.164270532016));
#1375 = VECTOR('',#1376,1.);
#1376 = DIRECTION('',(0.,-0.939692620786,0.342020143326));
#1377 = ORIENTED_EDGE('',*,*,#1378,.T.);
#1378 = EDGE_CURVE('',#1371,#1345,#1379,.T.);
#1379 = B_SPLINE_CURVE_WITH_KNOTS('',2,(#1380,#1381,#1382),
  .UNSPECIFIED.,.F.,.F.,(3,3),(0.,1.),.PIECEWISE_BEZIER_KNOTS.);
#1380 = CARTESIAN_POINT('',(21.708662420382,2.068662681751,
    7.437886646676));
#1381 = CARTESIAN_POINT('',(21.804203821656,2.373910213488,8.27654734747
    ));
#1382 = CARTESIAN_POINT('',(22.308662420382,2.506797020768,
    8.641650849813));
#1383 = ORIENTED_EDGE('',*,*,#1344,.F.);
#1384 = SURFACE_OF_LINEAR_EXTRUSION('',#1385,#1389);
#1385 = B_SPLINE_CURVE_WITH_KNOTS('',2,(#1386,#1387,#1388),
  .UNSPECIFIED.,.F.,.F.,(3,3),(0.,1.),.PIECEWISE_BEZIER_KNOTS.);
#1386 = CARTESIAN_POINT('',(21.708662420382,2.820416778379,
    7.164270532016));
#1387 = CARTESIAN_POINT('',(21.804203821656,3.125664310117,
    8.002931232809));
#1388 = CARTESIAN_POINT('',(22.308662420382,3.258551117396,
    8.368034735153));
#1389 = VECTOR('',#1390,1.);
#1390 = DIRECTION('',(-0.,0.939692620786,-0.342020143326));
#1391 = ADVANCED_FACE('',(#1392),#1410,.T.);
#1392 = FACE_BOUND('',#1393,.T.);
#1393 = EDGE_LOOP('',(#1394,#1395,#1403,#1409));
#1394 = ORIENTED_EDGE('',*,*,#514,.T.);
#1395 = ORIENTED_EDGE('',*,*,#1396,.T.);
#1396 = EDGE_CURVE('',#498,#1397,#1399,.T.);
#1397 = VERTEX_POINT('',#1398);
#1398 = CARTESIAN_POINT('',(22.77872611465,2.031802931273,7.336615314551
    ));
#1399 = LINE('',#1400,#1401);
#1400 = CARTESIAN_POINT('',(22.77872611465,2.783557027901,7.06299919989)
  );
#1401 = VECTOR('',#1402,1.);
#1402 = DIRECTION('',(0.,-0.939692620786,0.342020143326));
#1403 = ORIENTED_EDGE('',*,*,#1404,.T.);
#1404 = EDGE_CURVE('',#1397,#1371,#1405,.T.);
#1405 = LINE('',#1406,#1407);
#1406 = CARTESIAN_POINT('',(22.77872611465,2.031802931273,7.336615314551
    ));
#1407 = VECTOR('',#1408,1.);
#1408 = DIRECTION('',(-0.994966576024,3.427293152997E-02,
    9.416410547709E-02));
#1409 = ORIENTED_EDGE('',*,*,#1370,.F.);
#1410 = PLANE('',#1411);
#1411 = AXIS2_PLACEMENT_3D('',#1412,#1413,#1414);
#1412 = CARTESIAN_POINT('',(22.77872611465,2.783557027901,7.06299919989)
  );
#1413 = DIRECTION('',(-0.100207348014,-0.340298610936,-0.934962749418));
#1414 = DIRECTION('',(-0.994966576024,3.427293152997E-02,
    9.416410547709E-02));
#1415 = ADVANCED_FACE('',(#1416),#1434,.T.);
#1416 = FACE_BOUND('',#1417,.T.);
#1417 = EDGE_LOOP('',(#1418,#1419,#1427,#1433));
#1418 = ORIENTED_EDGE('',*,*,#497,.T.);
#1419 = ORIENTED_EDGE('',*,*,#1420,.T.);
#1420 = EDGE_CURVE('',#483,#1421,#1423,.T.);
#1421 = VERTEX_POINT('',#1422);
#1422 = CARTESIAN_POINT('',(23.008025477707,2.263243823164,
    7.972493938961));
#1423 = LINE('',#1424,#1425);
#1424 = CARTESIAN_POINT('',(23.008025477707,3.014997919793,7.6988778243)
  );
#1425 = VECTOR('',#1426,1.);
#1426 = DIRECTION('',(0.,-0.939692620786,0.342020143326));
#1427 = ORIENTED_EDGE('',*,*,#1428,.T.);
#1428 = EDGE_CURVE('',#1421,#1397,#1429,.T.);
#1429 = B_SPLINE_CURVE_WITH_KNOTS('',2,(#1430,#1431,#1432),
  .UNSPECIFIED.,.F.,.F.,(3,3),(0.,1.),.PIECEWISE_BEZIER_KNOTS.);
#1430 = CARTESIAN_POINT('',(23.008025477707,2.263243823164,
    7.972493938961));
#1431 = CARTESIAN_POINT('',(22.809299363057,2.193532711148,
    7.780964232813));
#1432 = CARTESIAN_POINT('',(22.77872611465,2.031802931273,7.336615314551
    ));
#1433 = ORIENTED_EDGE('',*,*,#1396,.F.);
#1434 = SURFACE_OF_LINEAR_EXTRUSION('',#1435,#1439);
#1435 = B_SPLINE_CURVE_WITH_KNOTS('',2,(#1436,#1437,#1438),
  .UNSPECIFIED.,.F.,.F.,(3,3),(0.,1.),.PIECEWISE_BEZIER_KNOTS.);
#1436 = CARTESIAN_POINT('',(23.008025477707,3.014997919793,7.6988778243)
  );
#1437 = CARTESIAN_POINT('',(22.809299363057,2.945286807777,
    7.507348118153));
#1438 = CARTESIAN_POINT('',(22.77872611465,2.783557027901,7.06299919989)
  );
#1439 = VECTOR('',#1440,1.);
#1440 = DIRECTION('',(-0.,0.939692620786,-0.342020143326));
#1441 = ADVANCED_FACE('',(#1442),#1460,.T.);
#1442 = FACE_BOUND('',#1443,.T.);
#1443 = EDGE_LOOP('',(#1444,#1445,#1453,#1459));
#1444 = ORIENTED_EDGE('',*,*,#482,.T.);
#1445 = ORIENTED_EDGE('',*,*,#1446,.T.);
#1446 = EDGE_CURVE('',#466,#1447,#1449,.T.);
#1447 = VERTEX_POINT('',#1448);
#1448 = CARTESIAN_POINT('',(23.543057324841,2.332954935179,
    8.164023645108));
#1449 = LINE('',#1450,#1451);
#1450 = CARTESIAN_POINT('',(23.543057324841,3.084709031808,
    7.890407530447));
#1451 = VECTOR('',#1452,1.);
#1452 = DIRECTION('',(0.,-0.939692620786,0.342020143326));
#1453 = ORIENTED_EDGE('',*,*,#1454,.T.);
#1454 = EDGE_CURVE('',#1447,#1421,#1455,.T.);
#1455 = B_SPLINE_CURVE_WITH_KNOTS('',2,(#1456,#1457,#1458),
  .UNSPECIFIED.,.F.,.F.,(3,3),(0.,1.),.PIECEWISE_BEZIER_KNOTS.);
#1456 = CARTESIAN_POINT('',(23.543057324841,2.332954935179,
    8.164023645108));
#1457 = CARTESIAN_POINT('',(23.206751592357,2.332954935179,
    8.164023645108));
#1458 = CARTESIAN_POINT('',(23.008025477707,2.263243823164,
    7.972493938961));
#1459 = ORIENTED_EDGE('',*,*,#1420,.F.);
#1460 = SURFACE_OF_LINEAR_EXTRUSION('',#1461,#1465);
#1461 = B_SPLINE_CURVE_WITH_KNOTS('',2,(#1462,#1463,#1464),
  .UNSPECIFIED.,.F.,.F.,(3,3),(0.,1.),.PIECEWISE_BEZIER_KNOTS.);
#1462 = CARTESIAN_POINT('',(23.543057324841,3.084709031808,
    7.890407530447));
#1463 = CARTESIAN_POINT('',(23.206751592357,3.084709031808,
    7.890407530447));
#1464 = CARTESIAN_POINT('',(23.008025477707,3.014997919793,7.6988778243)
  );
#1465 = VECTOR('',#1466,1.);
#1466 = DIRECTION('',(-0.,0.939692620786,-0.342020143326));
#1467 = ADVANCED_FACE('',(#1468),#1486,.T.);
#1468 = FACE_BOUND('',#1469,.T.);
#1469 = EDGE_LOOP('',(#1470,#1471,#1479,#1485));
#1470 = ORIENTED_EDGE('',*,*,#465,.T.);
#1471 = ORIENTED_EDGE('',*,*,#1472,.T.);
#1472 = EDGE_CURVE('',#447,#1473,#1475,.T.);
#1473 = VERTEX_POINT('',#1474);
#1474 = CARTESIAN_POINT('',(24.076050955414,2.266816517655,
    7.982309836401));
#1475 = LINE('',#1476,#1477);
#1476 = CARTESIAN_POINT('',(24.076050955414,3.018570614283,7.70869372174
    ));
#1477 = VECTOR('',#1478,1.);
#1478 = DIRECTION('',(0.,-0.939692620786,0.342020143326));
#1479 = ORIENTED_EDGE('',*,*,#1480,.T.);
#1480 = EDGE_CURVE('',#1473,#1447,#1481,.T.);
#1481 = B_SPLINE_CURVE_WITH_KNOTS('',2,(#1482,#1483,#1484),
  .UNSPECIFIED.,.F.,.F.,(3,3),(0.,1.),.PIECEWISE_BEZIER_KNOTS.);
#1482 = CARTESIAN_POINT('',(24.076050955414,2.266816517655,
    7.982309836401));
#1483 = CARTESIAN_POINT('',(23.883184713376,2.332954935179,
    8.164023645108));
#1484 = CARTESIAN_POINT('',(23.543057324841,2.332954935179,
    8.164023645108));
#1485 = ORIENTED_EDGE('',*,*,#1446,.F.);
#1486 = SURFACE_OF_LINEAR_EXTRUSION('',#1487,#1491);
#1487 = B_SPLINE_CURVE_WITH_KNOTS('',2,(#1488,#1489,#1490),
  .UNSPECIFIED.,.F.,.F.,(3,3),(0.,1.),.PIECEWISE_BEZIER_KNOTS.);
#1488 = CARTESIAN_POINT('',(24.076050955414,3.018570614283,7.70869372174
    ));
#1489 = CARTESIAN_POINT('',(23.883184713376,3.084709031808,
    7.890407530447));
#1490 = CARTESIAN_POINT('',(23.543057324841,3.084709031808,
    7.890407530447));
#1491 = VECTOR('',#1492,1.);
#1492 = DIRECTION('',(-0.,0.939692620786,-0.342020143326));
#1493 = ADVANCED_FACE('',(#1494),#1512,.T.);
#1494 = FACE_BOUND('',#1495,.T.);
#1495 = EDGE_LOOP('',(#1496,#1497,#1505,#1511));
#1496 = ORIENTED_EDGE('',*,*,#446,.T.);
#1497 = ORIENTED_EDGE('',*,*,#1498,.T.);
#1498 = EDGE_CURVE('',#432,#1499,#1501,.T.);
#1499 = VERTEX_POINT('',#1500);
#1500 = CARTESIAN_POINT('',(24.269171974522,2.077550848533,7.46230668421
    ));
#1501 = LINE('',#1502,#1503);
#1502 = CARTESIAN_POINT('',(24.269171974522,2.829304945161,7.18869056955
    ));
#1503 = VECTOR('',#1504,1.);
#1504 = DIRECTION('',(0.,-0.939692620786,0.342020143326));
#1505 = ORIENTED_EDGE('',*,*,#1506,.T.);
#1506 = EDGE_CURVE('',#1499,#1473,#1507,.T.);
#1507 = B_SPLINE_CURVE_WITH_KNOTS('',2,(#1508,#1509,#1510),
  .UNSPECIFIED.,.F.,.F.,(3,3),(0.,1.),.PIECEWISE_BEZIER_KNOTS.);
#1508 = CARTESIAN_POINT('',(24.269171974522,2.077550848533,7.46230668421
    ));
#1509 = CARTESIAN_POINT('',(24.269171974522,2.20067810013,7.800596027693
    ));
#1510 = CARTESIAN_POINT('',(24.076050955414,2.266816517655,
    7.982309836401));
#1511 = ORIENTED_EDGE('',*,*,#1472,.F.);
#1512 = SURFACE_OF_LINEAR_EXTRUSION('',#1513,#1517);
#1513 = B_SPLINE_CURVE_WITH_KNOTS('',2,(#1514,#1515,#1516),
  .UNSPECIFIED.,.F.,.F.,(3,3),(0.,1.),.PIECEWISE_BEZIER_KNOTS.);
#1514 = CARTESIAN_POINT('',(24.269171974522,2.829304945161,7.18869056955
    ));
#1515 = CARTESIAN_POINT('',(24.269171974522,2.952432196759,
    7.526979913033));
#1516 = CARTESIAN_POINT('',(24.076050955414,3.018570614283,7.70869372174
    ));
#1517 = VECTOR('',#1518,1.);
#1518 = DIRECTION('',(-0.,0.939692620786,-0.342020143326));
#1519 = ADVANCED_FACE('',(#1520),#1538,.T.);
#1520 = FACE_BOUND('',#1521,.T.);
#1521 = EDGE_LOOP('',(#1522,#1523,#1531,#1537));
#1522 = ORIENTED_EDGE('',*,*,#431,.T.);
#1523 = ORIENTED_EDGE('',*,*,#1524,.T.);
#1524 = EDGE_CURVE('',#404,#1525,#1527,.T.);
#1525 = VERTEX_POINT('',#1526);
#1526 = CARTESIAN_POINT('',(24.047515923567,1.852209678943,
    6.843186909089));
#1527 = LINE('',#1528,#1529);
#1528 = CARTESIAN_POINT('',(24.047515923567,2.603963775572,
    6.569570794428));
#1529 = VECTOR('',#1530,1.);
#1530 = DIRECTION('',(0.,-0.939692620786,0.342020143326));
#1531 = ORIENTED_EDGE('',*,*,#1532,.T.);
#1532 = EDGE_CURVE('',#1525,#1499,#1533,.T.);
#1533 = B_SPLINE_CURVE_WITH_KNOTS('',2,(#1534,#1535,#1536),
  .UNSPECIFIED.,.F.,.F.,(3,3),(0.,1.),.PIECEWISE_BEZIER_KNOTS.);
#1534 = CARTESIAN_POINT('',(24.047515923567,1.852209678943,
    6.843186909089));
#1535 = CARTESIAN_POINT('',(24.269171974522,1.966187347088,7.15633797864
    ));
#1536 = CARTESIAN_POINT('',(24.269171974522,2.077550848533,7.46230668421
    ));
#1537 = ORIENTED_EDGE('',*,*,#1498,.F.);
#1538 = SURFACE_OF_LINEAR_EXTRUSION('',#1539,#1543);
#1539 = B_SPLINE_CURVE_WITH_KNOTS('',2,(#1540,#1541,#1542),
  .UNSPECIFIED.,.F.,.F.,(3,3),(0.,1.),.PIECEWISE_BEZIER_KNOTS.);
#1540 = CARTESIAN_POINT('',(24.047515923567,2.603963775572,
    6.569570794428));
#1541 = CARTESIAN_POINT('',(24.269171974522,2.717941443717,
    6.882721863979));
#1542 = CARTESIAN_POINT('',(24.269171974522,2.829304945161,7.18869056955
    ));
#1543 = VECTOR('',#1544,1.);
#1544 = DIRECTION('',(-0.,0.939692620786,-0.342020143326));
#1545 = ADVANCED_FACE('',(#1546),#1564,.T.);
#1546 = FACE_BOUND('',#1547,.T.);
#1547 = EDGE_LOOP('',(#1548,#1549,#1557,#1563));
#1548 = ORIENTED_EDGE('',*,*,#403,.T.);
#1549 = ORIENTED_EDGE('',*,*,#1550,.T.);
#1550 = EDGE_CURVE('',#383,#1551,#1553,.T.);
#1551 = VERTEX_POINT('',#1552);
#1552 = CARTESIAN_POINT('',(23.157070063694,1.537899702643,
    5.979627346496));
#1553 = LINE('',#1554,#1555);
#1554 = CARTESIAN_POINT('',(23.157070063694,2.289653799272,
    5.706011231836));
#1555 = VECTOR('',#1556,1.);
#1556 = DIRECTION('',(0.,-0.939692620786,0.342020143326));
#1557 = ORIENTED_EDGE('',*,*,#1558,.T.);
#1558 = EDGE_CURVE('',#1551,#1525,#1559,.T.);
#1559 = B_SPLINE_CURVE_WITH_KNOTS('',2,(#1560,#1561,#1562),
  .UNSPECIFIED.,.F.,.F.,(3,3),(0.,1.),.PIECEWISE_BEZIER_KNOTS.);
#1560 = CARTESIAN_POINT('',(23.157070063694,1.537899702643,
    5.979627346496));
#1561 = CARTESIAN_POINT('',(23.883184713376,1.769689150095,
    6.616463619437));
#1562 = CARTESIAN_POINT('',(24.047515923567,1.852209678943,
    6.843186909089));
#1563 = ORIENTED_EDGE('',*,*,#1524,.F.);
#1564 = SURFACE_OF_LINEAR_EXTRUSION('',#1565,#1569);
#1565 = B_SPLINE_CURVE_WITH_KNOTS('',2,(#1566,#1567,#1568),
  .UNSPECIFIED.,.F.,.F.,(3,3),(0.,1.),.PIECEWISE_BEZIER_KNOTS.);
#1566 = CARTESIAN_POINT('',(23.157070063694,2.289653799272,
    5.706011231836));
#1567 = CARTESIAN_POINT('',(23.883184713376,2.521443246723,
    6.342847504776));
#1568 = CARTESIAN_POINT('',(24.047515923567,2.603963775572,
    6.569570794428));
#1569 = VECTOR('',#1570,1.);
#1570 = DIRECTION('',(-0.,0.939692620786,-0.342020143326));
#1571 = ADVANCED_FACE('',(#1572),#1590,.T.);
#1572 = FACE_BOUND('',#1573,.T.);
#1573 = EDGE_LOOP('',(#1574,#1575,#1583,#1589));
#1574 = ORIENTED_EDGE('',*,*,#382,.T.);
#1575 = ORIENTED_EDGE('',*,*,#1576,.T.);
#1576 = EDGE_CURVE('',#368,#1577,#1579,.T.);
#1577 = VERTEX_POINT('',#1578);
#1578 = CARTESIAN_POINT('',(21.949426751592,1.077457807781,
    4.714573637392));
#1579 = LINE('',#1580,#1581);
#1580 = CARTESIAN_POINT('',(21.949426751592,1.82921190441,4.440957522732
    ));
#1581 = VECTOR('',#1582,1.);
#1582 = DIRECTION('',(0.,-0.939692620786,0.342020143326));
#1583 = ORIENTED_EDGE('',*,*,#1584,.T.);
#1584 = EDGE_CURVE('',#1577,#1551,#1585,.T.);
#1585 = B_SPLINE_CURVE_WITH_KNOTS('',2,(#1586,#1587,#1588),
  .UNSPECIFIED.,.F.,.F.,(3,3),(0.,1.),.PIECEWISE_BEZIER_KNOTS.);
#1586 = CARTESIAN_POINT('',(21.949426751592,1.077457807781,
    4.714573637392));
#1587 = CARTESIAN_POINT('',(22.255159235669,1.2510384767,5.1914826057));
#1588 = CARTESIAN_POINT('',(23.157070063694,1.537899702643,
    5.979627346496));
#1589 = ORIENTED_EDGE('',*,*,#1550,.F.);
#1590 = SURFACE_OF_LINEAR_EXTRUSION('',#1591,#1595);
#1591 = B_SPLINE_CURVE_WITH_KNOTS('',2,(#1592,#1593,#1594),
  .UNSPECIFIED.,.F.,.F.,(3,3),(0.,1.),.PIECEWISE_BEZIER_KNOTS.);
#1592 = CARTESIAN_POINT('',(21.949426751592,1.82921190441,4.440957522732
    ));
#1593 = CARTESIAN_POINT('',(22.255159235669,2.002792573329,
    4.917866491039));
#1594 = CARTESIAN_POINT('',(23.157070063694,2.289653799272,
    5.706011231836));
#1595 = VECTOR('',#1596,1.);
#1596 = DIRECTION('',(-0.,0.939692620786,-0.342020143326));
#1597 = ADVANCED_FACE('',(#1598),#1616,.T.);
#1598 = FACE_BOUND('',#1599,.T.);
#1599 = EDGE_LOOP('',(#1600,#1601,#1609,#1615));
#1600 = ORIENTED_EDGE('',*,*,#367,.T.);
#1601 = ORIENTED_EDGE('',*,*,#1602,.T.);
#1602 = EDGE_CURVE('',#360,#1603,#1605,.T.);
#1603 = VERTEX_POINT('',#1604);
#1604 = CARTESIAN_POINT('',(21.582547770701,0.71008024746,3.705212085995
    ));
#1605 = LINE('',#1606,#1607);
#1606 = CARTESIAN_POINT('',(21.582547770701,1.461834344089,
    3.431595971335));
#1607 = VECTOR('',#1608,1.);
#1608 = DIRECTION('',(0.,-0.939692620786,0.342020143326));
#1609 = ORIENTED_EDGE('',*,*,#1610,.T.);
#1610 = EDGE_CURVE('',#1603,#1577,#1611,.T.);
#1611 = B_SPLINE_CURVE_WITH_KNOTS('',2,(#1612,#1613,#1614),
  .UNSPECIFIED.,.F.,.F.,(3,3),(0.,1.),.PIECEWISE_BEZIER_KNOTS.);
#1612 = CARTESIAN_POINT('',(21.582547770701,0.71008024746,3.705212085995
    ));
#1613 = CARTESIAN_POINT('',(21.643694267516,0.903964277753,
    4.237904081218));
#1614 = CARTESIAN_POINT('',(21.949426751592,1.077457807781,
    4.714573637392));
#1615 = ORIENTED_EDGE('',*,*,#1576,.F.);
#1616 = SURFACE_OF_LINEAR_EXTRUSION('',#1617,#1621);
#1617 = B_SPLINE_CURVE_WITH_KNOTS('',2,(#1618,#1619,#1620),
  .UNSPECIFIED.,.F.,.F.,(3,3),(0.,1.),.PIECEWISE_BEZIER_KNOTS.);
#1618 = CARTESIAN_POINT('',(21.582547770701,1.461834344089,
    3.431595971335));
#1619 = CARTESIAN_POINT('',(21.643694267516,1.655718374382,
    3.964287966557));
#1620 = CARTESIAN_POINT('',(21.949426751592,1.82921190441,4.440957522732
    ));
#1621 = VECTOR('',#1622,1.);
#1622 = DIRECTION('',(-0.,0.939692620786,-0.342020143326));
#1623 = ADVANCED_FACE('',(#1624),#1635,.T.);
#1624 = FACE_BOUND('',#1625,.T.);
#1625 = EDGE_LOOP('',(#1626,#1627,#1628,#1634));
#1626 = ORIENTED_EDGE('',*,*,#359,.T.);
#1627 = ORIENTED_EDGE('',*,*,#1123,.T.);
#1628 = ORIENTED_EDGE('',*,*,#1629,.T.);
#1629 = EDGE_CURVE('',#1116,#1603,#1630,.T.);
#1630 = LINE('',#1631,#1632);
#1631 = CARTESIAN_POINT('',(25.346878980892,0.71008024746,3.705212085995
    ));
#1632 = VECTOR('',#1633,1.);
#1633 = DIRECTION('',(-1.,0.,0.));
#1634 = ORIENTED_EDGE('',*,*,#1602,.F.);
#1635 = PLANE('',#1636);
#1636 = AXIS2_PLACEMENT_3D('',#1637,#1638,#1639);
#1637 = CARTESIAN_POINT('',(25.346878980892,1.461834344089,
    3.431595971335));
#1638 = DIRECTION('',(0.,-0.342020143326,-0.939692620786));
#1639 = DIRECTION('',(-1.,0.,0.));
#1640 = ADVANCED_FACE('',(#1641),#1666,.T.);
#1641 = FACE_BOUND('',#1642,.T.);
#1642 = EDGE_LOOP('',(#1643,#1644,#1652,#1660));
#1643 = ORIENTED_EDGE('',*,*,#680,.T.);
#1644 = ORIENTED_EDGE('',*,*,#1645,.T.);
#1645 = EDGE_CURVE('',#683,#1646,#1648,.T.);
#1646 = VERTEX_POINT('',#1647);
#1647 = CARTESIAN_POINT('',(20.114267515924,0.71008024746,3.705212085995
    ));
#1648 = LINE('',#1649,#1650);
#1649 = CARTESIAN_POINT('',(20.114267515924,1.461834344089,
    3.431595971335));
#1650 = VECTOR('',#1651,1.);
#1651 = DIRECTION('',(0.,-0.939692620786,0.342020143326));
#1652 = ORIENTED_EDGE('',*,*,#1653,.T.);
#1653 = EDGE_CURVE('',#1646,#1654,#1656,.T.);
#1654 = VERTEX_POINT('',#1655);
#1655 = CARTESIAN_POINT('',(19.040382165605,0.71008024746,3.705212085995
    ));
#1656 = LINE('',#1657,#1658);
#1657 = CARTESIAN_POINT('',(20.114267515924,0.71008024746,3.705212085995
    ));
#1658 = VECTOR('',#1659,1.);
#1659 = DIRECTION('',(-1.,0.,0.));
#1660 = ORIENTED_EDGE('',*,*,#1661,.F.);
#1661 = EDGE_CURVE('',#681,#1654,#1662,.T.);
#1662 = LINE('',#1663,#1664);
#1663 = CARTESIAN_POINT('',(19.040382165605,1.461834344089,
    3.431595971335));
#1664 = VECTOR('',#1665,1.);
#1665 = DIRECTION('',(0.,-0.939692620786,0.342020143326));
#1666 = PLANE('',#1667);
#1667 = AXIS2_PLACEMENT_3D('',#1668,#1669,#1670);
#1668 = CARTESIAN_POINT('',(20.114267515924,1.461834344089,
    3.431595971335));
#1669 = DIRECTION('',(0.,-0.342020143326,-0.939692620786));
#1670 = DIRECTION('',(-1.,0.,0.));
#1671 = ADVANCED_FACE('',(#1672),#1690,.T.);
#1672 = FACE_BOUND('',#1673,.T.);
#1673 = EDGE_LOOP('',(#1674,#1675,#1683,#1689));
#1674 = ORIENTED_EDGE('',*,*,#760,.T.);
#1675 = ORIENTED_EDGE('',*,*,#1676,.T.);
#1676 = EDGE_CURVE('',#753,#1677,#1679,.T.);
#1677 = VERTEX_POINT('',#1678);
#1678 = CARTESIAN_POINT('',(20.114267515924,2.639683828047,
    9.006754352157));
#1679 = LINE('',#1680,#1681);
#1680 = CARTESIAN_POINT('',(20.114267515924,3.391437924676,
    8.733138237496));
#1681 = VECTOR('',#1682,1.);
#1682 = DIRECTION('',(0.,-0.939692620786,0.342020143326));
#1683 = ORIENTED_EDGE('',*,*,#1684,.T.);
#1684 = EDGE_CURVE('',#1677,#1646,#1685,.T.);
#1685 = LINE('',#1686,#1687);
#1686 = CARTESIAN_POINT('',(20.114267515924,2.639683828047,
    9.006754352157));
#1687 = VECTOR('',#1688,1.);
#1688 = DIRECTION('',(0.,-0.342020143326,-0.939692620786));
#1689 = ORIENTED_EDGE('',*,*,#1645,.F.);
#1690 = PLANE('',#1691);
#1691 = AXIS2_PLACEMENT_3D('',#1692,#1693,#1694);
#1692 = CARTESIAN_POINT('',(20.114267515924,3.391437924676,
    8.733138237496));
#1693 = DIRECTION('',(1.,0.,0.));
#1694 = DIRECTION('',(0.,-0.342020143326,-0.939692620786));
#1695 = ADVANCED_FACE('',(#1696),#1714,.T.);
#1696 = FACE_BOUND('',#1697,.T.);
#1697 = EDGE_LOOP('',(#1698,#1699,#1707,#1713));
#1698 = ORIENTED_EDGE('',*,*,#752,.T.);
#1699 = ORIENTED_EDGE('',*,*,#1700,.T.);
#1700 = EDGE_CURVE('',#734,#1701,#1703,.T.);
#1701 = VERTEX_POINT('',#1702);
#1702 = CARTESIAN_POINT('',(19.242929936306,2.639683828047,
    9.006754352157));
#1703 = LINE('',#1704,#1705);
#1704 = CARTESIAN_POINT('',(19.242929936306,3.391437924676,
    8.733138237496));
#1705 = VECTOR('',#1706,1.);
#1706 = DIRECTION('',(0.,-0.939692620786,0.342020143326));
#1707 = ORIENTED_EDGE('',*,*,#1708,.T.);
#1708 = EDGE_CURVE('',#1701,#1677,#1709,.T.);
#1709 = LINE('',#1710,#1711);
#1710 = CARTESIAN_POINT('',(19.242929936306,2.639683828047,
    9.006754352157));
#1711 = VECTOR('',#1712,1.);
#1712 = DIRECTION('',(1.,0.,0.));
#1713 = ORIENTED_EDGE('',*,*,#1676,.F.);
#1714 = PLANE('',#1715);
#1715 = AXIS2_PLACEMENT_3D('',#1716,#1717,#1718);
#1716 = CARTESIAN_POINT('',(19.242929936306,3.391437924676,
    8.733138237496));
#1717 = DIRECTION('',(0.,0.342020143326,0.939692620786));
#1718 = DIRECTION('',(1.,0.,0.));
#1719 = ADVANCED_FACE('',(#1720),#1738,.T.);
#1720 = FACE_BOUND('',#1721,.T.);
#1721 = EDGE_LOOP('',(#1722,#1723,#1731,#1737));
#1722 = ORIENTED_EDGE('',*,*,#733,.T.);
#1723 = ORIENTED_EDGE('',*,*,#1724,.T.);
#1724 = EDGE_CURVE('',#722,#1725,#1727,.T.);
#1725 = VERTEX_POINT('',#1726);
#1726 = CARTESIAN_POINT('',(18.566496815287,2.332954935179,
    8.164023645108));
#1727 = LINE('',#1728,#1729);
#1728 = CARTESIAN_POINT('',(18.566496815287,3.084709031808,
    7.890407530447));
#1729 = VECTOR('',#1730,1.);
#1730 = DIRECTION('',(0.,-0.939692620786,0.342020143326));
#1731 = ORIENTED_EDGE('',*,*,#1732,.T.);
#1732 = EDGE_CURVE('',#1725,#1701,#1733,.T.);
#1733 = B_SPLINE_CURVE_WITH_KNOTS('',2,(#1734,#1735,#1736),
  .UNSPECIFIED.,.F.,.F.,(3,3),(0.,1.),.PIECEWISE_BEZIER_KNOTS.);
#1734 = CARTESIAN_POINT('',(18.566496815287,2.332954935179,
    8.164023645108));
#1735 = CARTESIAN_POINT('',(19.05949044586,2.464447520218,8.525296553329
    ));
#1736 = CARTESIAN_POINT('',(19.242929936306,2.639683828047,
    9.006754352157));
#1737 = ORIENTED_EDGE('',*,*,#1700,.F.);
#1738 = SURFACE_OF_LINEAR_EXTRUSION('',#1739,#1743);
#1739 = B_SPLINE_CURVE_WITH_KNOTS('',2,(#1740,#1741,#1742),
  .UNSPECIFIED.,.F.,.F.,(3,3),(0.,1.),.PIECEWISE_BEZIER_KNOTS.);
#1740 = CARTESIAN_POINT('',(18.566496815287,3.084709031808,
    7.890407530447));
#1741 = CARTESIAN_POINT('',(19.05949044586,3.216201616847,8.251680438668
    ));
#1742 = CARTESIAN_POINT('',(19.242929936306,3.391437924676,
    8.733138237496));
#1743 = VECTOR('',#1744,1.);
#1744 = DIRECTION('',(-0.,0.939692620786,-0.342020143326));
#1745 = ADVANCED_FACE('',(#1746),#1764,.T.);
#1746 = FACE_BOUND('',#1747,.T.);
#1747 = EDGE_LOOP('',(#1748,#1749,#1757,#1763));
#1748 = ORIENTED_EDGE('',*,*,#721,.T.);
#1749 = ORIENTED_EDGE('',*,*,#1750,.T.);
#1750 = EDGE_CURVE('',#714,#1751,#1753,.T.);
#1751 = VERTEX_POINT('',#1752);
#1752 = CARTESIAN_POINT('',(17.653121019108,2.15449448842,7.67370759737)
  );
#1753 = LINE('',#1754,#1755);
#1754 = CARTESIAN_POINT('',(17.653121019108,2.906248585048,7.40009148271
    ));
#1755 = VECTOR('',#1756,1.);
#1756 = DIRECTION('',(0.,-0.939692620786,0.342020143326));
#1757 = ORIENTED_EDGE('',*,*,#1758,.T.);
#1758 = EDGE_CURVE('',#1751,#1725,#1759,.T.);
#1759 = B_SPLINE_CURVE_WITH_KNOTS('',2,(#1760,#1761,#1762),
  .UNSPECIFIED.,.F.,.F.,(3,3),(0.,1.),.PIECEWISE_BEZIER_KNOTS.);
#1760 = CARTESIAN_POINT('',(17.653121019108,2.15449448842,7.67370759737)
  );
#1761 = CARTESIAN_POINT('',(18.073503184713,2.20154948903,7.80299014902)
  );
#1762 = CARTESIAN_POINT('',(18.566496815287,2.332954935179,
    8.164023645108));
#1763 = ORIENTED_EDGE('',*,*,#1724,.F.);
#1764 = SURFACE_OF_LINEAR_EXTRUSION('',#1765,#1769);
#1765 = B_SPLINE_CURVE_WITH_KNOTS('',2,(#1766,#1767,#1768),
  .UNSPECIFIED.,.F.,.F.,(3,3),(0.,1.),.PIECEWISE_BEZIER_KNOTS.);
#1766 = CARTESIAN_POINT('',(17.653121019108,2.906248585048,7.40009148271
    ));
#1767 = CARTESIAN_POINT('',(18.073503184713,2.953303585659,
    7.529374034359));
#1768 = CARTESIAN_POINT('',(18.566496815287,3.084709031808,
    7.890407530447));
#1769 = VECTOR('',#1770,1.);
#1770 = DIRECTION('',(-0.,0.939692620786,-0.342020143326));
#1771 = ADVANCED_FACE('',(#1772),#1790,.T.);
#1772 = FACE_BOUND('',#1773,.T.);
#1773 = EDGE_LOOP('',(#1774,#1775,#1783,#1789));
#1774 = ORIENTED_EDGE('',*,*,#713,.T.);
#1775 = ORIENTED_EDGE('',*,*,#1776,.T.);
#1776 = EDGE_CURVE('',#699,#1777,#1779,.T.);
#1777 = VERTEX_POINT('',#1778);
#1778 = CARTESIAN_POINT('',(17.653121019108,1.819881150746,
    6.754365007863));
#1779 = LINE('',#1780,#1781);
#1780 = CARTESIAN_POINT('',(17.653121019108,2.571635247374,
    6.480748893202));
#1781 = VECTOR('',#1782,1.);
#1782 = DIRECTION('',(0.,-0.939692620786,0.342020143326));
#1783 = ORIENTED_EDGE('',*,*,#1784,.T.);
#1784 = EDGE_CURVE('',#1777,#1751,#1785,.T.);
#1785 = LINE('',#1786,#1787);
#1786 = CARTESIAN_POINT('',(17.653121019108,1.819881150746,
    6.754365007863));
#1787 = VECTOR('',#1788,1.);
#1788 = DIRECTION('',(0.,0.342020143326,0.939692620786));
#1789 = ORIENTED_EDGE('',*,*,#1750,.F.);
#1790 = PLANE('',#1791);
#1791 = AXIS2_PLACEMENT_3D('',#1792,#1793,#1794);
#1792 = CARTESIAN_POINT('',(17.653121019108,2.571635247374,
    6.480748893202));
#1793 = DIRECTION('',(-1.,0.,0.));
#1794 = DIRECTION('',(0.,0.342020143326,0.939692620786));
#1795 = ADVANCED_FACE('',(#1796),#1814,.T.);
#1796 = FACE_BOUND('',#1797,.T.);
#1797 = EDGE_LOOP('',(#1798,#1799,#1807,#1813));
#1798 = ORIENTED_EDGE('',*,*,#698,.T.);
#1799 = ORIENTED_EDGE('',*,*,#1800,.T.);
#1800 = EDGE_CURVE('',#691,#1801,#1803,.T.);
#1801 = VERTEX_POINT('',#1802);
#1802 = CARTESIAN_POINT('',(19.040382165605,2.099422709928,
    7.522399129514));
#1803 = LINE('',#1804,#1805);
#1804 = CARTESIAN_POINT('',(19.040382165605,2.851176806556,
    7.248783014853));
#1805 = VECTOR('',#1806,1.);
#1806 = DIRECTION('',(0.,-0.939692620786,0.342020143326));
#1807 = ORIENTED_EDGE('',*,*,#1808,.T.);
#1808 = EDGE_CURVE('',#1801,#1777,#1809,.T.);
#1809 = B_SPLINE_CURVE_WITH_KNOTS('',2,(#1810,#1811,#1812),
  .UNSPECIFIED.,.F.,.F.,(3,3),(0.,1.),.PIECEWISE_BEZIER_KNOTS.);
#1810 = CARTESIAN_POINT('',(19.040382165605,2.099422709928,
    7.522399129514));
#1811 = CARTESIAN_POINT('',(18.451847133758,1.910418457476,
    7.003114213722));
#1812 = CARTESIAN_POINT('',(17.653121019108,1.819881150746,
    6.754365007863));
#1813 = ORIENTED_EDGE('',*,*,#1776,.F.);
#1814 = SURFACE_OF_LINEAR_EXTRUSION('',#1815,#1819);
#1815 = B_SPLINE_CURVE_WITH_KNOTS('',2,(#1816,#1817,#1818),
  .UNSPECIFIED.,.F.,.F.,(3,3),(0.,1.),.PIECEWISE_BEZIER_KNOTS.);
#1816 = CARTESIAN_POINT('',(19.040382165605,2.851176806556,
    7.248783014853));
#1817 = CARTESIAN_POINT('',(18.451847133758,2.662172554104,
    6.729498099061));
#1818 = CARTESIAN_POINT('',(17.653121019108,2.571635247374,
    6.480748893202));
#1819 = VECTOR('',#1820,1.);
#1820 = DIRECTION('',(-0.,0.939692620786,-0.342020143326));
#1821 = ADVANCED_FACE('',(#1822),#1833,.T.);
#1822 = FACE_BOUND('',#1823,.T.);
#1823 = EDGE_LOOP('',(#1824,#1825,#1826,#1832));
#1824 = ORIENTED_EDGE('',*,*,#690,.T.);
#1825 = ORIENTED_EDGE('',*,*,#1661,.T.);
#1826 = ORIENTED_EDGE('',*,*,#1827,.T.);
#1827 = EDGE_CURVE('',#1654,#1801,#1828,.T.);
#1828 = LINE('',#1829,#1830);
#1829 = CARTESIAN_POINT('',(19.040382165605,0.71008024746,3.705212085995
    ));
#1830 = VECTOR('',#1831,1.);
#1831 = DIRECTION('',(0.,0.342020143326,0.939692620786));
#1832 = ORIENTED_EDGE('',*,*,#1800,.F.);
#1833 = PLANE('',#1834);
#1834 = AXIS2_PLACEMENT_3D('',#1835,#1836,#1837);
#1835 = CARTESIAN_POINT('',(19.040382165605,1.461834344089,
    3.431595971335));
#1836 = DIRECTION('',(-1.,0.,0.));
#1837 = DIRECTION('',(0.,0.342020143326,0.939692620786));
#1838 = ADVANCED_FACE('',(#1839),#1864,.F.);
#1839 = FACE_BOUND('',#1840,.F.);
#1840 = EDGE_LOOP('',(#1841,#1849,#1857,#1863));
#1841 = ORIENTED_EDGE('',*,*,#1842,.F.);
#1842 = EDGE_CURVE('',#1843,#284,#1845,.T.);
#1843 = VERTEX_POINT('',#1844);
#1844 = CARTESIAN_POINT('',(47.,18.9,0.));
#1845 = LINE('',#1846,#1847);
#1846 = CARTESIAN_POINT('',(47.,18.9,0.));
#1847 = VECTOR('',#1848,1.);
#1848 = DIRECTION('',(-0.971520338783,-0.236956180191,0.));
#1849 = ORIENTED_EDGE('',*,*,#1850,.T.);
#1850 = EDGE_CURVE('',#1843,#1851,#1853,.T.);
#1851 = VERTEX_POINT('',#1852);
#1852 = CARTESIAN_POINT('',(47.,18.9,10.));
#1853 = LINE('',#1854,#1855);
#1854 = CARTESIAN_POINT('',(47.,18.9,0.));
#1855 = VECTOR('',#1856,1.);
#1856 = DIRECTION('',(0.,0.,1.));
#1857 = ORIENTED_EDGE('',*,*,#1858,.T.);
#1858 = EDGE_CURVE('',#1851,#95,#1859,.T.);
#1859 = LINE('',#1860,#1861);
#1860 = CARTESIAN_POINT('',(47.,18.9,10.));
#1861 = VECTOR('',#1862,1.);
#1862 = DIRECTION('',(-0.971520338783,-0.236956180191,0.));
#1863 = ORIENTED_EDGE('',*,*,#843,.T.);
#1864 = PLANE('',#1865);
#1865 = AXIS2_PLACEMENT_3D('',#1866,#1867,#1868);
#1866 = CARTESIAN_POINT('',(47.,18.9,0.));
#1867 = DIRECTION('',(0.236956180191,-0.971520338783,0.));
#1868 = DIRECTION('',(-0.971520338783,-0.236956180191,0.));
#1869 = ADVANCED_FACE('',(#1870),#1888,.T.);
#1870 = FACE_BOUND('',#1871,.T.);
#1871 = EDGE_LOOP('',(#1872,#1873,#1881,#1887));
#1872 = ORIENTED_EDGE('',*,*,#860,.F.);
#1873 = ORIENTED_EDGE('',*,*,#1874,.T.);
#1874 = EDGE_CURVE('',#71,#1875,#1877,.T.);
#1875 = VERTEX_POINT('',#1876);
#1876 = CARTESIAN_POINT('',(47.,12.9,10.));
#1877 = LINE('',#1878,#1879);
#1878 = CARTESIAN_POINT('',(42.9,13.9,10.));
#1879 = VECTOR('',#1880,1.);
#1880 = DIRECTION('',(0.971520338783,-0.236956180191,0.));
#1881 = ORIENTED_EDGE('',*,*,#1882,.T.);
#1882 = EDGE_CURVE('',#1875,#1851,#1883,.T.);
#1883 = LINE('',#1884,#1885);
#1884 = CARTESIAN_POINT('',(47.,12.9,10.));
#1885 = VECTOR('',#1886,1.);
#1886 = DIRECTION('',(0.,1.,0.));
#1887 = ORIENTED_EDGE('',*,*,#1858,.T.);
#1888 = PLANE('',#1889);
#1889 = AXIS2_PLACEMENT_3D('',#1890,#1891,#1892);
#1890 = CARTESIAN_POINT('',(45.172338161771,15.9,10.));
#1891 = DIRECTION('',(0.,0.,1.));
#1892 = DIRECTION('',(1.,0.,0.));
#1893 = ADVANCED_FACE('',(#1894),#1912,.F.);
#1894 = FACE_BOUND('',#1895,.F.);
#1895 = EDGE_LOOP('',(#1896,#1904,#1905,#1906));
#1896 = ORIENTED_EDGE('',*,*,#1897,.F.);
#1897 = EDGE_CURVE('',#260,#1898,#1900,.T.);
#1898 = VERTEX_POINT('',#1899);
#1899 = CARTESIAN_POINT('',(47.,12.9,0.));
#1900 = LINE('',#1901,#1902);
#1901 = CARTESIAN_POINT('',(42.9,13.9,0.));
#1902 = VECTOR('',#1903,1.);
#1903 = DIRECTION('',(0.971520338783,-0.236956180191,0.));
#1904 = ORIENTED_EDGE('',*,*,#879,.T.);
#1905 = ORIENTED_EDGE('',*,*,#1874,.T.);
#1906 = ORIENTED_EDGE('',*,*,#1907,.F.);
#1907 = EDGE_CURVE('',#1898,#1875,#1908,.T.);
#1908 = LINE('',#1909,#1910);
#1909 = CARTESIAN_POINT('',(47.,12.9,0.));
#1910 = VECTOR('',#1911,1.);
#1911 = DIRECTION('',(0.,0.,1.));
#1912 = PLANE('',#1913);
#1913 = AXIS2_PLACEMENT_3D('',#1914,#1915,#1916);
#1914 = CARTESIAN_POINT('',(42.9,13.9,0.));
#1915 = DIRECTION('',(0.236956180191,0.971520338783,0.));
#1916 = DIRECTION('',(0.971520338783,-0.236956180191,0.));
#1917 = ADVANCED_FACE('',(#1918),#1944,.T.);
#1918 = FACE_BOUND('',#1919,.T.);
#1919 = EDGE_LOOP('',(#1920,#1928,#1929,#1937));
#1920 = ORIENTED_EDGE('',*,*,#1921,.F.);
#1921 = EDGE_CURVE('',#894,#1922,#1924,.T.);
#1922 = VERTEX_POINT('',#1923);
#1923 = CARTESIAN_POINT('',(16.6,37.86,21.));
#1924 = LINE('',#1925,#1926);
#1925 = CARTESIAN_POINT('',(16.6,38.11,20.75));
#1926 = VECTOR('',#1927,1.);
#1927 = DIRECTION('',(-2.90882763039E-35,-0.707106781187,0.707106781187)
  );
#1928 = ORIENTED_EDGE('',*,*,#910,.T.);
#1929 = ORIENTED_EDGE('',*,*,#1930,.T.);
#1930 = EDGE_CURVE('',#903,#1931,#1933,.T.);
#1931 = VERTEX_POINT('',#1932);
#1932 = CARTESIAN_POINT('',(16.5,37.76,21.));
#1933 = LINE('',#1934,#1935);
#1934 = CARTESIAN_POINT('',(16.,37.76,20.5));
#1935 = VECTOR('',#1936,1.);
#1936 = DIRECTION('',(0.707106781187,-4.329780281177E-17,0.707106781187)
  );
#1937 = ORIENTED_EDGE('',*,*,#1938,.F.);
#1938 = EDGE_CURVE('',#1922,#1931,#1939,.T.);
#1939 = CIRCLE('',#1940,1.E-01);
#1940 = AXIS2_PLACEMENT_3D('',#1941,#1942,#1943);
#1941 = CARTESIAN_POINT('',(16.6,37.76,21.));
#1942 = DIRECTION('',(0.,-0.,1.));
#1943 = DIRECTION('',(0.,1.,0.));
#1944 = CONICAL_SURFACE('',#1945,0.6,0.785398163397);
#1945 = AXIS2_PLACEMENT_3D('',#1946,#1947,#1948);
#1946 = CARTESIAN_POINT('',(16.6,37.76,20.5));
#1947 = DIRECTION('',(-0.,-0.,-1.));
#1948 = DIRECTION('',(0.,1.,0.));
#1949 = ADVANCED_FACE('',(#1950),#1968,.F.);
#1950 = FACE_BOUND('',#1951,.T.);
#1951 = EDGE_LOOP('',(#1952,#1960,#1961,#1962));
#1952 = ORIENTED_EDGE('',*,*,#1953,.F.);
#1953 = EDGE_CURVE('',#927,#1954,#1956,.T.);
#1954 = VERTEX_POINT('',#1955);
#1955 = CARTESIAN_POINT('',(26.4,37.86,21.));
#1956 = LINE('',#1957,#1958);
#1957 = CARTESIAN_POINT('',(26.4,38.11,20.75));
#1958 = VECTOR('',#1959,1.);
#1959 = DIRECTION('',(-2.90882763039E-35,-0.707106781187,0.707106781187)
  );
#1960 = ORIENTED_EDGE('',*,*,#934,.T.);
#1961 = ORIENTED_EDGE('',*,*,#1921,.T.);
#1962 = ORIENTED_EDGE('',*,*,#1963,.F.);
#1963 = EDGE_CURVE('',#1954,#1922,#1964,.T.);
#1964 = LINE('',#1965,#1966);
#1965 = CARTESIAN_POINT('',(26.4,37.86,21.));
#1966 = VECTOR('',#1967,1.);
#1967 = DIRECTION('',(-1.,0.,0.));
#1968 = PLANE('',#1969);
#1969 = AXIS2_PLACEMENT_3D('',#1970,#1971,#1972);
#1970 = CARTESIAN_POINT('',(26.4,38.11,20.75));
#1971 = DIRECTION('',(-1.889513820523E-18,-0.707106781187,
    -0.707106781187));
#1972 = DIRECTION('',(1.,-1.336088035637E-18,-1.336088035637E-18));
#1973 = ADVANCED_FACE('',(#1974),#1992,.F.);
#1974 = FACE_BOUND('',#1975,.T.);
#1975 = EDGE_LOOP('',(#1976,#1977,#1978,#1986));
#1976 = ORIENTED_EDGE('',*,*,#1930,.F.);
#1977 = ORIENTED_EDGE('',*,*,#951,.T.);
#1978 = ORIENTED_EDGE('',*,*,#1979,.T.);
#1979 = EDGE_CURVE('',#952,#1980,#1982,.T.);
#1980 = VERTEX_POINT('',#1981);
#1981 = CARTESIAN_POINT('',(16.5,27.96,21.));
#1982 = LINE('',#1983,#1984);
#1983 = CARTESIAN_POINT('',(16.25,27.96,20.75));
#1984 = VECTOR('',#1985,1.);
#1985 = DIRECTION('',(0.707106781187,-2.90882763039E-35,0.707106781187)
  );
#1986 = ORIENTED_EDGE('',*,*,#1987,.F.);
#1987 = EDGE_CURVE('',#1931,#1980,#1988,.T.);
#1988 = LINE('',#1989,#1990);
#1989 = CARTESIAN_POINT('',(16.5,37.76,21.));
#1990 = VECTOR('',#1991,1.);
#1991 = DIRECTION('',(0.,-1.,0.));
#1992 = PLANE('',#1993);
#1993 = AXIS2_PLACEMENT_3D('',#1994,#1995,#1996);
#1994 = CARTESIAN_POINT('',(16.25,37.76,20.75));
#1995 = DIRECTION('',(0.707106781187,1.889513820523E-18,-0.707106781187)
  );
#1996 = DIRECTION('',(-1.336088035637E-18,1.,1.336088035637E-18));
#1997 = ADVANCED_FACE('',(#1998),#2017,.T.);
#1998 = FACE_BOUND('',#1999,.T.);
#1999 = EDGE_LOOP('',(#2000,#2008,#2009,#2010));
#2000 = ORIENTED_EDGE('',*,*,#2001,.F.);
#2001 = EDGE_CURVE('',#976,#2002,#2004,.T.);
#2002 = VERTEX_POINT('',#2003);
#2003 = CARTESIAN_POINT('',(26.5,37.76,21.));
#2004 = LINE('',#2005,#2006);
#2005 = CARTESIAN_POINT('',(26.75,37.76,20.75));
#2006 = VECTOR('',#2007,1.);
#2007 = DIRECTION('',(-0.707106781187,2.90882763039E-35,0.707106781187)
  );
#2008 = ORIENTED_EDGE('',*,*,#983,.T.);
#2009 = ORIENTED_EDGE('',*,*,#1953,.T.);
#2010 = ORIENTED_EDGE('',*,*,#2011,.F.);
#2011 = EDGE_CURVE('',#2002,#1954,#2012,.T.);
#2012 = CIRCLE('',#2013,1.E-01);
#2013 = AXIS2_PLACEMENT_3D('',#2014,#2015,#2016);
#2014 = CARTESIAN_POINT('',(26.4,37.76,21.));
#2015 = DIRECTION('',(0.,0.,1.));
#2016 = DIRECTION('',(1.,0.,0.));
#2017 = CONICAL_SURFACE('',#2018,0.6,0.785398163397);
#2018 = AXIS2_PLACEMENT_3D('',#2019,#2020,#2021);
#2019 = CARTESIAN_POINT('',(26.4,37.76,20.5));
#2020 = DIRECTION('',(-0.,-0.,-1.));
#2021 = DIRECTION('',(1.,0.,0.));
#2022 = ADVANCED_FACE('',(#2023),#2042,.T.);
#2023 = FACE_BOUND('',#2024,.T.);
#2024 = EDGE_LOOP('',(#2025,#2026,#2027,#2035));
#2025 = ORIENTED_EDGE('',*,*,#1979,.F.);
#2026 = ORIENTED_EDGE('',*,*,#1008,.T.);
#2027 = ORIENTED_EDGE('',*,*,#2028,.T.);
#2028 = EDGE_CURVE('',#1001,#2029,#2031,.T.);
#2029 = VERTEX_POINT('',#2030);
#2030 = CARTESIAN_POINT('',(16.6,27.86,21.));
#2031 = LINE('',#2032,#2033);
#2032 = CARTESIAN_POINT('',(16.6,27.36,20.5));
#2033 = VECTOR('',#2034,1.);
#2034 = DIRECTION('',(4.329780281177E-17,0.707106781187,0.707106781187)
  );
#2035 = ORIENTED_EDGE('',*,*,#2036,.F.);
#2036 = EDGE_CURVE('',#1980,#2029,#2037,.T.);
#2037 = CIRCLE('',#2038,1.E-01);
#2038 = AXIS2_PLACEMENT_3D('',#2039,#2040,#2041);
#2039 = CARTESIAN_POINT('',(16.6,27.96,21.));
#2040 = DIRECTION('',(0.,0.,1.));
#2041 = DIRECTION('',(-1.,0.,0.));
#2042 = CONICAL_SURFACE('',#2043,0.6,0.785398163397);
#2043 = AXIS2_PLACEMENT_3D('',#2044,#2045,#2046);
#2044 = CARTESIAN_POINT('',(16.6,27.96,20.5));
#2045 = DIRECTION('',(-0.,-0.,-1.));
#2046 = DIRECTION('',(-1.,0.,0.));
#2047 = ADVANCED_FACE('',(#2048),#2066,.F.);
#2048 = FACE_BOUND('',#2049,.T.);
#2049 = EDGE_LOOP('',(#2050,#2058,#2059,#2060));
#2050 = ORIENTED_EDGE('',*,*,#2051,.F.);
#2051 = EDGE_CURVE('',#1025,#2052,#2054,.T.);
#2052 = VERTEX_POINT('',#2053);
#2053 = CARTESIAN_POINT('',(26.5,27.96,21.));
#2054 = LINE('',#2055,#2056);
#2055 = CARTESIAN_POINT('',(27.,27.96,20.5));
#2056 = VECTOR('',#2057,1.);
#2057 = DIRECTION('',(-0.707106781187,4.329780281177E-17,0.707106781187)
  );
#2058 = ORIENTED_EDGE('',*,*,#1032,.T.);
#2059 = ORIENTED_EDGE('',*,*,#2001,.T.);
#2060 = ORIENTED_EDGE('',*,*,#2061,.F.);
#2061 = EDGE_CURVE('',#2052,#2002,#2062,.T.);
#2062 = LINE('',#2063,#2064);
#2063 = CARTESIAN_POINT('',(26.5,27.96,21.));
#2064 = VECTOR('',#2065,1.);
#2065 = DIRECTION('',(0.,1.,0.));
#2066 = PLANE('',#2067);
#2067 = AXIS2_PLACEMENT_3D('',#2068,#2069,#2070);
#2068 = CARTESIAN_POINT('',(26.75,27.96,20.75));
#2069 = DIRECTION('',(-0.707106781187,-1.889513820523E-18,
    -0.707106781187));
#2070 = DIRECTION('',(1.336088035637E-18,-1.,1.336088035637E-18));
#2071 = ADVANCED_FACE('',(#2072),#2090,.F.);
#2072 = FACE_BOUND('',#2073,.T.);
#2073 = EDGE_LOOP('',(#2074,#2075,#2076,#2084));
#2074 = ORIENTED_EDGE('',*,*,#2028,.F.);
#2075 = ORIENTED_EDGE('',*,*,#1049,.T.);
#2076 = ORIENTED_EDGE('',*,*,#2077,.T.);
#2077 = EDGE_CURVE('',#1050,#2078,#2080,.T.);
#2078 = VERTEX_POINT('',#2079);
#2079 = CARTESIAN_POINT('',(26.4,27.86,21.));
#2080 = LINE('',#2081,#2082);
#2081 = CARTESIAN_POINT('',(26.4,27.61,20.75));
#2082 = VECTOR('',#2083,1.);
#2083 = DIRECTION('',(2.90882763039E-35,0.707106781187,0.707106781187));
#2084 = ORIENTED_EDGE('',*,*,#2085,.F.);
#2085 = EDGE_CURVE('',#2029,#2078,#2086,.T.);
#2086 = LINE('',#2087,#2088);
#2087 = CARTESIAN_POINT('',(16.6,27.86,21.));
#2088 = VECTOR('',#2089,1.);
#2089 = DIRECTION('',(1.,0.,0.));
#2090 = PLANE('',#2091);
#2091 = AXIS2_PLACEMENT_3D('',#2092,#2093,#2094);
#2092 = CARTESIAN_POINT('',(16.6,27.61,20.75));
#2093 = DIRECTION('',(1.889513820523E-18,0.707106781187,-0.707106781187)
  );
#2094 = DIRECTION('',(-1.,1.336088035637E-18,-1.336088035637E-18));
#2095 = ADVANCED_FACE('',(#2096),#2108,.T.);
#2096 = FACE_BOUND('',#2097,.T.);
#2097 = EDGE_LOOP('',(#2098,#2099,#2100,#2101));
#2098 = ORIENTED_EDGE('',*,*,#2077,.F.);
#2099 = ORIENTED_EDGE('',*,*,#1074,.T.);
#2100 = ORIENTED_EDGE('',*,*,#2051,.T.);
#2101 = ORIENTED_EDGE('',*,*,#2102,.F.);
#2102 = EDGE_CURVE('',#2078,#2052,#2103,.T.);
#2103 = CIRCLE('',#2104,1.E-01);
#2104 = AXIS2_PLACEMENT_3D('',#2105,#2106,#2107);
#2105 = CARTESIAN_POINT('',(26.4,27.96,21.));
#2106 = DIRECTION('',(-0.,0.,1.));
#2107 = DIRECTION('',(0.,-1.,0.));
#2108 = CONICAL_SURFACE('',#2109,0.6,0.785398163397);
#2109 = AXIS2_PLACEMENT_3D('',#2110,#2111,#2112);
#2110 = CARTESIAN_POINT('',(26.4,27.96,20.5));
#2111 = DIRECTION('',(-0.,-0.,-1.));
#2112 = DIRECTION('',(0.,-1.,0.));
#2113 = ADVANCED_FACE('',(#2114),#2125,.F.);
#2114 = FACE_BOUND('',#2115,.F.);
#2115 = EDGE_LOOP('',(#2116,#2117,#2118,#2124));
#2116 = ORIENTED_EDGE('',*,*,#1090,.F.);
#2117 = ORIENTED_EDGE('',*,*,#1897,.T.);
#2118 = ORIENTED_EDGE('',*,*,#2119,.T.);
#2119 = EDGE_CURVE('',#1898,#1843,#2120,.T.);
#2120 = LINE('',#2121,#2122);
#2121 = CARTESIAN_POINT('',(47.,12.9,0.));
#2122 = VECTOR('',#2123,1.);
#2123 = DIRECTION('',(0.,1.,0.));
#2124 = ORIENTED_EDGE('',*,*,#1842,.T.);
#2125 = PLANE('',#2126);
#2126 = AXIS2_PLACEMENT_3D('',#2127,#2128,#2129);
#2127 = CARTESIAN_POINT('',(45.172338161771,15.9,0.));
#2128 = DIRECTION('',(0.,0.,1.));
#2129 = DIRECTION('',(1.,0.,0.));
#2130 = ADVANCED_FACE('',(#2131),#2154,.T.);
#2131 = FACE_BOUND('',#2132,.F.);
#2132 = EDGE_LOOP('',(#2133,#2134,#2135,#2136,#2137,#2138,#2139,#2140,
    #2141,#2142,#2143,#2144,#2145,#2146,#2147,#2148,#2149,#2150,#2151,
    #2152,#2153));
#2133 = ORIENTED_EDGE('',*,*,#1115,.T.);
#2134 = ORIENTED_EDGE('',*,*,#1629,.T.);
#2135 = ORIENTED_EDGE('',*,*,#1610,.T.);
#2136 = ORIENTED_EDGE('',*,*,#1584,.T.);
#2137 = ORIENTED_EDGE('',*,*,#1558,.T.);
#2138 = ORIENTED_EDGE('',*,*,#1532,.T.);
#2139 = ORIENTED_EDGE('',*,*,#1506,.T.);
#2140 = ORIENTED_EDGE('',*,*,#1480,.T.);
#2141 = ORIENTED_EDGE('',*,*,#1454,.T.);
#2142 = ORIENTED_EDGE('',*,*,#1428,.T.);
#2143 = ORIENTED_EDGE('',*,*,#1404,.T.);
#2144 = ORIENTED_EDGE('',*,*,#1378,.T.);
#2145 = ORIENTED_EDGE('',*,*,#1352,.T.);
#2146 = ORIENTED_EDGE('',*,*,#1326,.T.);
#2147 = ORIENTED_EDGE('',*,*,#1300,.T.);
#2148 = ORIENTED_EDGE('',*,*,#1274,.T.);
#2149 = ORIENTED_EDGE('',*,*,#1248,.T.);
#2150 = ORIENTED_EDGE('',*,*,#1222,.T.);
#2151 = ORIENTED_EDGE('',*,*,#1196,.T.);
#2152 = ORIENTED_EDGE('',*,*,#1170,.T.);
#2153 = ORIENTED_EDGE('',*,*,#1146,.T.);
#2154 = PLANE('',#2155);
#2155 = AXIS2_PLACEMENT_3D('',#2156,#2157,#2158);
#2156 = CARTESIAN_POINT('',(23.608257717772,1.609944891634,6.17756987643
    ));
#2157 = DIRECTION('',(0.,-0.939692620786,0.342020143326));
#2158 = DIRECTION('',(1.,0.,0.));
#2159 = ADVANCED_FACE('',(#2160),#2170,.T.);
#2160 = FACE_BOUND('',#2161,.F.);
#2161 = EDGE_LOOP('',(#2162,#2163,#2164,#2165,#2166,#2167,#2168,#2169));
#2162 = ORIENTED_EDGE('',*,*,#1653,.T.);
#2163 = ORIENTED_EDGE('',*,*,#1827,.T.);
#2164 = ORIENTED_EDGE('',*,*,#1808,.T.);
#2165 = ORIENTED_EDGE('',*,*,#1784,.T.);
#2166 = ORIENTED_EDGE('',*,*,#1758,.T.);
#2167 = ORIENTED_EDGE('',*,*,#1732,.T.);
#2168 = ORIENTED_EDGE('',*,*,#1708,.T.);
#2169 = ORIENTED_EDGE('',*,*,#1684,.T.);
#2170 = PLANE('',#2171);
#2171 = AXIS2_PLACEMENT_3D('',#2172,#2173,#2174);
#2172 = CARTESIAN_POINT('',(19.26297866789,1.73316222789,6.516106725477)
  );
#2173 = DIRECTION('',(0.,-0.939692620786,0.342020143326));
#2174 = DIRECTION('',(1.,0.,0.));
#2175 = ADVANCED_FACE('',(#2176),#2182,.F.);
#2176 = FACE_BOUND('',#2177,.F.);
#2177 = EDGE_LOOP('',(#2178,#2179,#2180,#2181));
#2178 = ORIENTED_EDGE('',*,*,#1907,.T.);
#2179 = ORIENTED_EDGE('',*,*,#1882,.T.);
#2180 = ORIENTED_EDGE('',*,*,#1850,.F.);
#2181 = ORIENTED_EDGE('',*,*,#2119,.F.);
#2182 = PLANE('',#2183);
#2183 = AXIS2_PLACEMENT_3D('',#2184,#2185,#2186);
#2184 = CARTESIAN_POINT('',(47.,12.9,0.));
#2185 = DIRECTION('',(-1.,0.,0.));
#2186 = DIRECTION('',(0.,1.,0.));
#2187 = ADVANCED_FACE('',(#2188),#2198,.T.);
#2188 = FACE_BOUND('',#2189,.T.);
#2189 = EDGE_LOOP('',(#2190,#2191,#2192,#2193,#2194,#2195,#2196,#2197));
#2190 = ORIENTED_EDGE('',*,*,#1963,.T.);
#2191 = ORIENTED_EDGE('',*,*,#1938,.T.);
#2192 = ORIENTED_EDGE('',*,*,#1987,.T.);
#2193 = ORIENTED_EDGE('',*,*,#2036,.T.);
#2194 = ORIENTED_EDGE('',*,*,#2085,.T.);
#2195 = ORIENTED_EDGE('',*,*,#2102,.T.);
#2196 = ORIENTED_EDGE('',*,*,#2061,.T.);
#2197 = ORIENTED_EDGE('',*,*,#2011,.T.);
#2198 = PLANE('',#2199);
#2199 = AXIS2_PLACEMENT_3D('',#2200,#2201,#2202);
#2200 = CARTESIAN_POINT('',(21.5,32.86,21.));
#2201 = DIRECTION('',(0.,0.,1.));
#2202 = DIRECTION('',(1.,0.,0.));
#2203 = ( GEOMETRIC_REPRESENTATION_CONTEXT(3) 
GLOBAL_UNCERTAINTY_ASSIGNED_CONTEXT((#2207)) 
GLOBAL_UNIT_ASSIGNED_CONTEXT((#2204,#2205,#2206)) REPRESENTATION_CONTEXT
('Context #1','3D Context with UNIT and UNCERTAINTY') );
#2204 = ( LENGTH_UNIT() NAMED_UNIT(*) SI_UNIT(.MILLI.,.METRE.) );
#2205 = ( NAMED_UNIT(*) PLANE_ANGLE_UNIT() SI_UNIT($,.RADIAN.) );
#2206 = ( NAMED_UNIT(*) SI_UNIT($,.STERADIAN.) SOLID_ANGLE_UNIT() );
#2207 = UNCERTAINTY_MEASURE_WITH_UNIT(LENGTH_MEASURE(1.E-06),#2204,
  'distance_accuracy_value','confusion accuracy');
#2208 = PRODUCT_RELATED_PRODUCT_CATEGORY('part',$,(#7));
ENDSEC;
END-ISO-10303-21;
