ISO-10303-21;
HEADER;
FILE_DESCRIPTION(('FreeCAD Model'),'2;1');
FILE_NAME('Open CASCADE Shape Model','2026-08-29T16:16:45',('FreeCAD'),(
    'FreeCAD'),'Open CASCADE STEP processor 7.8','FreeCAD','Unknown');
FILE_SCHEMA(('AUTOMOTIVE_DESIGN { 1 0 10303 214 1 1 1 1 }'));
ENDSEC;
DATA;
#1 = APPLICATION_PROTOCOL_DEFINITION('international standard',
  'automotive_design',2000,#2);
#2 = APPLICATION_CONTEXT(
  'core data for automotive mechanical design processes');
#3 = SHAPE_DEFINITION_REPRESENTATION(#4,#10);
#4 = PRODUCT_DEFINITION_SHAPE('','',#5);
#5 = PRODUCT_DEFINITION('design','',#6,#9);
#6 = PRODUCT_DEFINITION_FORMATION('','',#7);
#7 = PRODUCT('Open CASCADE STEP translator 7.8 32',
  'Open CASCADE STEP translator 7.8 32','',(#8));
#8 = PRODUCT_CONTEXT('',#2,'mechanical');
#9 = PRODUCT_DEFINITION_CONTEXT('part definition',#2,'design');
#10 = ADVANCED_BREP_SHAPE_REPRESENTATION('',(#11,#15),#2700);
#11 = AXIS2_PLACEMENT_3D('',#12,#13,#14);
#12 = CARTESIAN_POINT('',(0.,0.,0.));
#13 = DIRECTION('',(0.,0.,1.));
#14 = DIRECTION('',(1.,0.,-0.));
#15 = MANIFOLD_SOLID_BREP('',#16);
#16 = CLOSED_SHELL('',(#17,#57,#222,#246,#334,#862,#879,#896,#913,#930,
    #947,#964,#981,#1013,#1037,#1061,#1086,#1111,#1135,#1159,#1177,#1194
    ,#1225,#1249,#1273,#1297,#1321,#1345,#1369,#1393,#1417,#1441,#1458,
    #1489,#1515,#1541,#1567,#1593,#1619,#1645,#1671,#1697,#1723,#1749,
    #1775,#1801,#1825,#1851,#1877,#1903,#1929,#1955,#1981,#2005,#2031,
    #2057,#2083,#2109,#2135,#2161,#2180,#2211,#2235,#2259,#2276,#2307,
    #2331,#2355,#2387,#2411,#2435,#2460,#2485,#2509,#2533,#2551,#2568,
    #2613,#2649,#2661,#2673,#2689));
#17 = ADVANCED_FACE('',(#18),#52,.F.);
#18 = FACE_BOUND('',#19,.F.);
#19 = EDGE_LOOP('',(#20,#30,#38,#46));
#20 = ORIENTED_EDGE('',*,*,#21,.F.);
#21 = EDGE_CURVE('',#22,#24,#26,.T.);
#22 = VERTEX_POINT('',#23);
#23 = CARTESIAN_POINT('',(0.,3.639702342662,10.));
#24 = VERTEX_POINT('',#25);
#25 = CARTESIAN_POINT('',(0.,7.45,10.));
#26 = LINE('',#27,#28);
#27 = CARTESIAN_POINT('',(0.,0.,10.));
#28 = VECTOR('',#29,1.);
#29 = DIRECTION('',(0.,1.,0.));
#30 = ORIENTED_EDGE('',*,*,#31,.T.);
#31 = EDGE_CURVE('',#22,#32,#34,.T.);
#32 = VERTEX_POINT('',#33);
#33 = CARTESIAN_POINT('',(0.,0.,0.));
#34 = LINE('',#35,#36);
#35 = CARTESIAN_POINT('',(0.,0.,0.));
#36 = VECTOR('',#37,1.);
#37 = DIRECTION('',(0.,-0.342020143326,-0.939692620786));
#38 = ORIENTED_EDGE('',*,*,#39,.T.);
#39 = EDGE_CURVE('',#32,#40,#42,.T.);
#40 = VERTEX_POINT('',#41);
#41 = CARTESIAN_POINT('',(0.,7.45,0.));
#42 = LINE('',#43,#44);
#43 = CARTESIAN_POINT('',(0.,0.,0.));
#44 = VECTOR('',#45,1.);
#45 = DIRECTION('',(0.,1.,0.));
#46 = ORIENTED_EDGE('',*,*,#47,.T.);
#47 = EDGE_CURVE('',#40,#24,#48,.T.);
#48 = LINE('',#49,#50);
#49 = CARTESIAN_POINT('',(0.,7.45,-1.));
#50 = VECTOR('',#51,1.);
#51 = DIRECTION('',(0.,0.,1.));
#52 = PLANE('',#53);
#53 = AXIS2_PLACEMENT_3D('',#54,#55,#56);
#54 = CARTESIAN_POINT('',(0.,0.,0.));
#55 = DIRECTION('',(1.,0.,0.));
#56 = DIRECTION('',(0.,0.,1.));
#57 = ADVANCED_FACE('',(#58,#147),#217,.T.);
#58 = FACE_BOUND('',#59,.T.);
#59 = EDGE_LOOP('',(#60,#61,#69,#77,#85,#93,#101,#109,#117,#125,#133,
    #141));
#60 = ORIENTED_EDGE('',*,*,#21,.F.);
#61 = ORIENTED_EDGE('',*,*,#62,.T.);
#62 = EDGE_CURVE('',#22,#63,#65,.T.);
#63 = VERTEX_POINT('',#64);
#64 = CARTESIAN_POINT('',(26.,3.639702342662,10.));
#65 = LINE('',#66,#67);
#66 = CARTESIAN_POINT('',(-1.,3.639702342662,10.));
#67 = VECTOR('',#68,1.);
#68 = DIRECTION('',(1.,0.,0.));
#69 = ORIENTED_EDGE('',*,*,#70,.T.);
#70 = EDGE_CURVE('',#63,#71,#73,.T.);
#71 = VERTEX_POINT('',#72);
#72 = CARTESIAN_POINT('',(26.,7.575609756098,10.));
#73 = LINE('',#74,#75);
#74 = CARTESIAN_POINT('',(26.,0.,10.));
#75 = VECTOR('',#76,1.);
#76 = DIRECTION('',(0.,1.,0.));
#77 = ORIENTED_EDGE('',*,*,#78,.F.);
#78 = EDGE_CURVE('',#79,#71,#81,.T.);
#79 = VERTEX_POINT('',#80);
#80 = CARTESIAN_POINT('',(25.9,7.6,10.));
#81 = LINE('',#82,#83);
#82 = CARTESIAN_POINT('',(25.9,7.6,10.));
#83 = VECTOR('',#84,1.);
#84 = DIRECTION('',(0.971520338783,-0.236956180191,0.));
#85 = ORIENTED_EDGE('',*,*,#86,.F.);
#86 = EDGE_CURVE('',#87,#79,#89,.T.);
#87 = VERTEX_POINT('',#88);
#88 = CARTESIAN_POINT('',(25.9,11.6,10.));
#89 = LINE('',#90,#91);
#90 = CARTESIAN_POINT('',(25.9,11.6,10.));
#91 = VECTOR('',#92,1.);
#92 = DIRECTION('',(0.,-1.,0.));
#93 = ORIENTED_EDGE('',*,*,#94,.F.);
#94 = EDGE_CURVE('',#95,#87,#97,.T.);
#95 = VERTEX_POINT('',#96);
#96 = CARTESIAN_POINT('',(26.,11.624390243902,10.));
#97 = LINE('',#98,#99);
#98 = CARTESIAN_POINT('',(30.,12.6,10.));
#99 = VECTOR('',#100,1.);
#100 = DIRECTION('',(-0.971520338783,-0.236956180191,0.));
#101 = ORIENTED_EDGE('',*,*,#102,.T.);
#102 = EDGE_CURVE('',#95,#103,#105,.T.);
#103 = VERTEX_POINT('',#104);
#104 = CARTESIAN_POINT('',(26.,32.,10.));
#105 = LINE('',#106,#107);
#106 = CARTESIAN_POINT('',(26.,0.,10.));
#107 = VECTOR('',#108,1.);
#108 = DIRECTION('',(0.,1.,0.));
#109 = ORIENTED_EDGE('',*,*,#110,.F.);
#110 = EDGE_CURVE('',#111,#103,#113,.T.);
#111 = VERTEX_POINT('',#112);
#112 = CARTESIAN_POINT('',(0.,32.,10.));
#113 = LINE('',#114,#115);
#114 = CARTESIAN_POINT('',(0.,32.,10.));
#115 = VECTOR('',#116,1.);
#116 = DIRECTION('',(1.,0.,0.));
#117 = ORIENTED_EDGE('',*,*,#118,.F.);
#118 = EDGE_CURVE('',#119,#111,#121,.T.);
#119 = VERTEX_POINT('',#120);
#120 = CARTESIAN_POINT('',(0.,11.75,10.));
#121 = LINE('',#122,#123);
#122 = CARTESIAN_POINT('',(0.,0.,10.));
#123 = VECTOR('',#124,1.);
#124 = DIRECTION('',(0.,1.,0.));
#125 = ORIENTED_EDGE('',*,*,#126,.T.);
#126 = EDGE_CURVE('',#119,#127,#129,.T.);
#127 = VERTEX_POINT('',#128);
#128 = CARTESIAN_POINT('',(4.,12.75,10.));
#129 = LINE('',#130,#131);
#130 = CARTESIAN_POINT('',(0.617647058824,11.904411764706,10.));
#131 = VECTOR('',#132,1.);
#132 = DIRECTION('',(0.970142500145,0.242535625036,0.));
#133 = ORIENTED_EDGE('',*,*,#134,.T.);
#134 = EDGE_CURVE('',#127,#135,#137,.T.);
#135 = VERTEX_POINT('',#136);
#136 = CARTESIAN_POINT('',(4.,6.45,10.));
#137 = LINE('',#138,#139);
#138 = CARTESIAN_POINT('',(4.,3.225,10.));
#139 = VECTOR('',#140,1.);
#140 = DIRECTION('',(0.,-1.,0.));
#141 = ORIENTED_EDGE('',*,*,#142,.T.);
#142 = EDGE_CURVE('',#135,#24,#143,.T.);
#143 = LINE('',#144,#145);
#144 = CARTESIAN_POINT('',(0.876470588235,7.230882352941,10.));
#145 = VECTOR('',#146,1.);
#146 = DIRECTION('',(-0.970142500145,0.242535625036,0.));
#147 = FACE_BOUND('',#148,.T.);
#148 = EDGE_LOOP('',(#149,#160,#168,#177,#185,#194,#202,#211));
#149 = ORIENTED_EDGE('',*,*,#150,.F.);
#150 = EDGE_CURVE('',#151,#153,#155,.T.);
#151 = VERTEX_POINT('',#152);
#152 = CARTESIAN_POINT('',(9.685,23.755,10.));
#153 = VERTEX_POINT('',#154);
#154 = CARTESIAN_POINT('',(9.085,23.155,10.));
#155 = CIRCLE('',#156,0.6);
#156 = AXIS2_PLACEMENT_3D('',#157,#158,#159);
#157 = CARTESIAN_POINT('',(9.685,23.155,10.));
#158 = DIRECTION('',(0.,-0.,1.));
#159 = DIRECTION('',(0.,1.,0.));
#160 = ORIENTED_EDGE('',*,*,#161,.T.);
#161 = EDGE_CURVE('',#151,#162,#164,.T.);
#162 = VERTEX_POINT('',#163);
#163 = CARTESIAN_POINT('',(16.315,23.755,10.));
#164 = LINE('',#165,#166);
#165 = CARTESIAN_POINT('',(8.4575,23.755,10.));
#166 = VECTOR('',#167,1.);
#167 = DIRECTION('',(1.,0.,0.));
#168 = ORIENTED_EDGE('',*,*,#169,.F.);
#169 = EDGE_CURVE('',#170,#162,#172,.T.);
#170 = VERTEX_POINT('',#171);
#171 = CARTESIAN_POINT('',(16.915,23.155,10.));
#172 = CIRCLE('',#173,0.6);
#173 = AXIS2_PLACEMENT_3D('',#174,#175,#176);
#174 = CARTESIAN_POINT('',(16.315,23.155,10.));
#175 = DIRECTION('',(0.,-0.,1.));
#176 = DIRECTION('',(0.,1.,0.));
#177 = ORIENTED_EDGE('',*,*,#178,.T.);
#178 = EDGE_CURVE('',#170,#179,#181,.T.);
#179 = VERTEX_POINT('',#180);
#180 = CARTESIAN_POINT('',(16.915,16.525,10.));
#181 = LINE('',#182,#183);
#182 = CARTESIAN_POINT('',(16.915,7.9625,10.));
#183 = VECTOR('',#184,1.);
#184 = DIRECTION('',(0.,-1.,0.));
#185 = ORIENTED_EDGE('',*,*,#186,.F.);
#186 = EDGE_CURVE('',#187,#179,#189,.T.);
#187 = VERTEX_POINT('',#188);
#188 = CARTESIAN_POINT('',(16.315,15.925,10.));
#189 = CIRCLE('',#190,0.6);
#190 = AXIS2_PLACEMENT_3D('',#191,#192,#193);
#191 = CARTESIAN_POINT('',(16.315,16.525,10.));
#192 = DIRECTION('',(-0.,0.,1.));
#193 = DIRECTION('',(0.,-1.,0.));
#194 = ORIENTED_EDGE('',*,*,#195,.T.);
#195 = EDGE_CURVE('',#187,#196,#198,.T.);
#196 = VERTEX_POINT('',#197);
#197 = CARTESIAN_POINT('',(9.685,15.925,10.));
#198 = LINE('',#199,#200);
#199 = CARTESIAN_POINT('',(4.5425,15.925,10.));
#200 = VECTOR('',#201,1.);
#201 = DIRECTION('',(-1.,0.,0.));
#202 = ORIENTED_EDGE('',*,*,#203,.F.);
#203 = EDGE_CURVE('',#204,#196,#206,.T.);
#204 = VERTEX_POINT('',#205);
#205 = CARTESIAN_POINT('',(9.085,16.525,10.));
#206 = CIRCLE('',#207,0.6);
#207 = AXIS2_PLACEMENT_3D('',#208,#209,#210);
#208 = CARTESIAN_POINT('',(9.685,16.525,10.));
#209 = DIRECTION('',(0.,0.,1.));
#210 = DIRECTION('',(-1.,0.,0.));
#211 = ORIENTED_EDGE('',*,*,#212,.T.);
#212 = EDGE_CURVE('',#204,#153,#213,.T.);
#213 = LINE('',#214,#215);
#214 = CARTESIAN_POINT('',(9.085,11.8775,10.));
#215 = VECTOR('',#216,1.);
#216 = DIRECTION('',(0.,1.,0.));
#217 = PLANE('',#218);
#218 = AXIS2_PLACEMENT_3D('',#219,#220,#221);
#219 = CARTESIAN_POINT('',(0.,0.,10.));
#220 = DIRECTION('',(0.,0.,1.));
#221 = DIRECTION('',(1.,0.,0.));
#222 = ADVANCED_FACE('',(#223),#241,.T.);
#223 = FACE_BOUND('',#224,.T.);
#224 = EDGE_LOOP('',(#225,#233,#234,#235));
#225 = ORIENTED_EDGE('',*,*,#226,.T.);
#226 = EDGE_CURVE('',#227,#40,#229,.T.);
#227 = VERTEX_POINT('',#228);
#228 = CARTESIAN_POINT('',(4.,6.45,0.));
#229 = LINE('',#230,#231);
#230 = CARTESIAN_POINT('',(0.876470588235,7.230882352941,0.));
#231 = VECTOR('',#232,1.);
#232 = DIRECTION('',(-0.970142500145,0.242535625036,0.));
#233 = ORIENTED_EDGE('',*,*,#47,.T.);
#234 = ORIENTED_EDGE('',*,*,#142,.F.);
#235 = ORIENTED_EDGE('',*,*,#236,.F.);
#236 = EDGE_CURVE('',#227,#135,#237,.T.);
#237 = LINE('',#238,#239);
#238 = CARTESIAN_POINT('',(4.,6.45,-1.));
#239 = VECTOR('',#240,1.);
#240 = DIRECTION('',(0.,0.,1.));
#241 = PLANE('',#242);
#242 = AXIS2_PLACEMENT_3D('',#243,#244,#245);
#243 = CARTESIAN_POINT('',(0.,7.45,-1.));
#244 = DIRECTION('',(0.242535625036,0.970142500145,0.));
#245 = DIRECTION('',(0.970142500145,-0.242535625036,0.));
#246 = ADVANCED_FACE('',(#247),#329,.F.);
#247 = FACE_BOUND('',#248,.F.);
#248 = EDGE_LOOP('',(#249,#250,#258,#266,#274,#282,#290,#298,#306,#314,
    #322,#328));
#249 = ORIENTED_EDGE('',*,*,#39,.F.);
#250 = ORIENTED_EDGE('',*,*,#251,.T.);
#251 = EDGE_CURVE('',#32,#252,#254,.T.);
#252 = VERTEX_POINT('',#253);
#253 = CARTESIAN_POINT('',(26.,0.,0.));
#254 = LINE('',#255,#256);
#255 = CARTESIAN_POINT('',(0.,0.,0.));
#256 = VECTOR('',#257,1.);
#257 = DIRECTION('',(1.,0.,0.));
#258 = ORIENTED_EDGE('',*,*,#259,.T.);
#259 = EDGE_CURVE('',#252,#260,#262,.T.);
#260 = VERTEX_POINT('',#261);
#261 = CARTESIAN_POINT('',(26.,7.575609756098,0.));
#262 = LINE('',#263,#264);
#263 = CARTESIAN_POINT('',(26.,0.,0.));
#264 = VECTOR('',#265,1.);
#265 = DIRECTION('',(0.,1.,0.));
#266 = ORIENTED_EDGE('',*,*,#267,.F.);
#267 = EDGE_CURVE('',#268,#260,#270,.T.);
#268 = VERTEX_POINT('',#269);
#269 = CARTESIAN_POINT('',(25.9,7.6,0.));
#270 = LINE('',#271,#272);
#271 = CARTESIAN_POINT('',(25.9,7.6,0.));
#272 = VECTOR('',#273,1.);
#273 = DIRECTION('',(0.971520338783,-0.236956180191,0.));
#274 = ORIENTED_EDGE('',*,*,#275,.F.);
#275 = EDGE_CURVE('',#276,#268,#278,.T.);
#276 = VERTEX_POINT('',#277);
#277 = CARTESIAN_POINT('',(25.9,11.6,0.));
#278 = LINE('',#279,#280);
#279 = CARTESIAN_POINT('',(25.9,11.6,0.));
#280 = VECTOR('',#281,1.);
#281 = DIRECTION('',(0.,-1.,0.));
#282 = ORIENTED_EDGE('',*,*,#283,.F.);
#283 = EDGE_CURVE('',#284,#276,#286,.T.);
#284 = VERTEX_POINT('',#285);
#285 = CARTESIAN_POINT('',(26.,11.624390243902,0.));
#286 = LINE('',#287,#288);
#287 = CARTESIAN_POINT('',(30.,12.6,0.));
#288 = VECTOR('',#289,1.);
#289 = DIRECTION('',(-0.971520338783,-0.236956180191,0.));
#290 = ORIENTED_EDGE('',*,*,#291,.T.);
#291 = EDGE_CURVE('',#284,#292,#294,.T.);
#292 = VERTEX_POINT('',#293);
#293 = CARTESIAN_POINT('',(26.,32.,0.));
#294 = LINE('',#295,#296);
#295 = CARTESIAN_POINT('',(26.,0.,0.));
#296 = VECTOR('',#297,1.);
#297 = DIRECTION('',(0.,1.,0.));
#298 = ORIENTED_EDGE('',*,*,#299,.F.);
#299 = EDGE_CURVE('',#300,#292,#302,.T.);
#300 = VERTEX_POINT('',#301);
#301 = CARTESIAN_POINT('',(0.,32.,0.));
#302 = LINE('',#303,#304);
#303 = CARTESIAN_POINT('',(0.,32.,0.));
#304 = VECTOR('',#305,1.);
#305 = DIRECTION('',(1.,0.,0.));
#306 = ORIENTED_EDGE('',*,*,#307,.F.);
#307 = EDGE_CURVE('',#308,#300,#310,.T.);
#308 = VERTEX_POINT('',#309);
#309 = CARTESIAN_POINT('',(0.,11.75,0.));
#310 = LINE('',#311,#312);
#311 = CARTESIAN_POINT('',(0.,0.,0.));
#312 = VECTOR('',#313,1.);
#313 = DIRECTION('',(0.,1.,0.));
#314 = ORIENTED_EDGE('',*,*,#315,.T.);
#315 = EDGE_CURVE('',#308,#316,#318,.T.);
#316 = VERTEX_POINT('',#317);
#317 = CARTESIAN_POINT('',(4.,12.75,0.));
#318 = LINE('',#319,#320);
#319 = CARTESIAN_POINT('',(0.617647058824,11.904411764706,0.));
#320 = VECTOR('',#321,1.);
#321 = DIRECTION('',(0.970142500145,0.242535625036,0.));
#322 = ORIENTED_EDGE('',*,*,#323,.T.);
#323 = EDGE_CURVE('',#316,#227,#324,.T.);
#324 = LINE('',#325,#326);
#325 = CARTESIAN_POINT('',(4.,3.225,0.));
#326 = VECTOR('',#327,1.);
#327 = DIRECTION('',(0.,-1.,0.));
#328 = ORIENTED_EDGE('',*,*,#226,.T.);
#329 = PLANE('',#330);
#330 = AXIS2_PLACEMENT_3D('',#331,#332,#333);
#331 = CARTESIAN_POINT('',(0.,0.,0.));
#332 = DIRECTION('',(0.,0.,1.));
#333 = DIRECTION('',(1.,0.,0.));
#334 = ADVANCED_FACE('',(#335,#346,#436,#823),#857,.T.);
#335 = FACE_BOUND('',#336,.T.);
#336 = EDGE_LOOP('',(#337,#338,#339,#345));
#337 = ORIENTED_EDGE('',*,*,#31,.T.);
#338 = ORIENTED_EDGE('',*,*,#251,.T.);
#339 = ORIENTED_EDGE('',*,*,#340,.F.);
#340 = EDGE_CURVE('',#63,#252,#341,.T.);
#341 = LINE('',#342,#343);
#342 = CARTESIAN_POINT('',(26.,0.,0.));
#343 = VECTOR('',#344,1.);
#344 = DIRECTION('',(0.,-0.342020143326,-0.939692620786));
#345 = ORIENTED_EDGE('',*,*,#62,.F.);
#346 = FACE_BOUND('',#347,.T.);
#347 = EDGE_LOOP('',(#348,#358,#366,#374,#382,#390,#398,#406,#414,#422,
    #430));
#348 = ORIENTED_EDGE('',*,*,#349,.F.);
#349 = EDGE_CURVE('',#350,#352,#354,.T.);
#350 = VERTEX_POINT('',#351);
#351 = CARTESIAN_POINT('',(15.310403397028,1.712417829282,4.704829318623
    ));
#352 = VERTEX_POINT('',#353);
#353 = CARTESIAN_POINT('',(15.310403397028,1.455880937065,4.));
#354 = LINE('',#355,#356);
#355 = CARTESIAN_POINT('',(15.310403397028,0.727940468532,2.));
#356 = VECTOR('',#357,1.);
#357 = DIRECTION('',(-0.,-0.342020143326,-0.939692620786));
#358 = ORIENTED_EDGE('',*,*,#359,.F.);
#359 = EDGE_CURVE('',#360,#350,#362,.T.);
#360 = VERTEX_POINT('',#361);
#361 = CARTESIAN_POINT('',(13.781740976645,1.712417829282,4.704829318623
    ));
#362 = LINE('',#363,#364);
#363 = CARTESIAN_POINT('',(7.155201698514,1.712417829282,4.704829318623)
  );
#364 = VECTOR('',#365,1.);
#365 = DIRECTION('',(1.,0.,0.));
#366 = ORIENTED_EDGE('',*,*,#367,.F.);
#367 = EDGE_CURVE('',#368,#360,#370,.T.);
#368 = VERTEX_POINT('',#369);
#369 = CARTESIAN_POINT('',(13.781740976645,1.927186146882,5.294900421645
    ));
#370 = LINE('',#371,#372);
#371 = CARTESIAN_POINT('',(13.781740976645,0.856208914641,2.352414659311
    ));
#372 = VECTOR('',#373,1.);
#373 = DIRECTION('',(-0.,-0.342020143326,-0.939692620786));
#374 = ORIENTED_EDGE('',*,*,#375,.F.);
#375 = EDGE_CURVE('',#376,#368,#378,.T.);
#376 = VERTEX_POINT('',#377);
#377 = CARTESIAN_POINT('',(15.402123142251,2.738565398149,7.524146593113
    ));
#378 = LINE('',#379,#380);
#379 = CARTESIAN_POINT('',(10.118351550772,9.280520110616E-02,
    0.254980194447));
#380 = VECTOR('',#381,1.);
#381 = DIRECTION('',(-0.564024580147,-0.282425869186,-0.77595869826));
#382 = ORIENTED_EDGE('',*,*,#383,.F.);
#383 = EDGE_CURVE('',#384,#376,#386,.T.);
#384 = VERTEX_POINT('',#385);
#385 = CARTESIAN_POINT('',(16.003397027601,2.738565398149,7.524146593113
    ));
#386 = LINE('',#387,#388);
#387 = CARTESIAN_POINT('',(7.201061571125,2.738565398149,7.524146593113)
  );
#388 = VECTOR('',#389,1.);
#389 = DIRECTION('',(-1.,0.,0.));
#390 = ORIENTED_EDGE('',*,*,#391,.F.);
#391 = EDGE_CURVE('',#392,#384,#394,.T.);
#392 = VERTEX_POINT('',#393);
#393 = CARTESIAN_POINT('',(16.003397027601,1.928057535783,5.297294542972
    ));
#394 = LINE('',#395,#396);
#395 = CARTESIAN_POINT('',(16.003397027601,1.369282699074,3.762073296557
    ));
#396 = VECTOR('',#397,1.);
#397 = DIRECTION('',(0.,0.342020143326,0.939692620786));
#398 = ORIENTED_EDGE('',*,*,#399,.F.);
#399 = EDGE_CURVE('',#400,#392,#402,.T.);
#400 = VERTEX_POINT('',#401);
#401 = CARTESIAN_POINT('',(16.467091295117,1.928057535783,5.297294542972
    ));
#402 = LINE('',#403,#404);
#403 = CARTESIAN_POINT('',(7.5016985138,1.928057535783,5.297294542972));
#404 = VECTOR('',#405,1.);
#405 = DIRECTION('',(-1.,0.,0.));
#406 = ORIENTED_EDGE('',*,*,#407,.F.);
#407 = EDGE_CURVE('',#408,#400,#410,.T.);
#408 = VERTEX_POINT('',#409);
#409 = CARTESIAN_POINT('',(16.467091295117,1.712417829282,4.704829318623
    ));
#410 = LINE('',#411,#412);
#411 = CARTESIAN_POINT('',(16.467091295117,0.964028767891,2.648647271486
    ));
#412 = VECTOR('',#413,1.);
#413 = DIRECTION('',(0.,0.342020143326,0.939692620786));
#414 = ORIENTED_EDGE('',*,*,#415,.F.);
#415 = EDGE_CURVE('',#416,#408,#418,.T.);
#416 = VERTEX_POINT('',#417);
#417 = CARTESIAN_POINT('',(16.003397027601,1.712417829282,4.704829318623
    ));
#418 = LINE('',#419,#420);
#419 = CARTESIAN_POINT('',(7.733545647558,1.712417829282,4.704829318623)
  );
#420 = VECTOR('',#421,1.);
#421 = DIRECTION('',(1.,0.,0.));
#422 = ORIENTED_EDGE('',*,*,#423,.F.);
#423 = EDGE_CURVE('',#424,#416,#426,.T.);
#424 = VERTEX_POINT('',#425);
#425 = CARTESIAN_POINT('',(16.003397027601,1.455880937065,4.));
#426 = LINE('',#427,#428);
#427 = CARTESIAN_POINT('',(16.003397027601,0.856208914641,2.352414659311
    ));
#428 = VECTOR('',#429,1.);
#429 = DIRECTION('',(0.,0.342020143326,0.939692620786));
#430 = ORIENTED_EDGE('',*,*,#431,.F.);
#431 = EDGE_CURVE('',#352,#424,#432,.T.);
#432 = LINE('',#433,#434);
#433 = CARTESIAN_POINT('',(7.5016985138,1.455880937065,4.));
#434 = VECTOR('',#435,1.);
#435 = DIRECTION('',(1.,0.,0.));
#436 = FACE_BOUND('',#437,.T.);
#437 = EDGE_LOOP('',(#438,#448,#459,#474,#489,#504,#519,#531,#542,#550,
    #562,#577,#592,#607,#620,#631,#639,#651,#666,#677,#694,#709,#731,
    #746,#761,#776,#793,#810));
#438 = ORIENTED_EDGE('',*,*,#439,.F.);
#439 = EDGE_CURVE('',#440,#442,#444,.T.);
#440 = VERTEX_POINT('',#441);
#441 = CARTESIAN_POINT('',(10.225902335456,1.823955608506,5.011276848459
    ));
#442 = VERTEX_POINT('',#443);
#443 = CARTESIAN_POINT('',(9.532908704883,1.795315959987,4.93259006085)
  );
#444 = LINE('',#445,#446);
#445 = CARTESIAN_POINT('',(4.029669162288,1.567881191085,4.307718168895)
  );
#446 = VECTOR('',#447,1.);
#447 = DIRECTION('',(-0.992778634966,-4.102899349847E-02,-0.11272623318)
  );
#448 = ORIENTED_EDGE('',*,*,#449,.F.);
#449 = EDGE_CURVE('',#450,#440,#452,.T.);
#450 = VERTEX_POINT('',#451);
#451 = CARTESIAN_POINT('',(10.404246284501,1.685811421529,4.63172881411)
  );
#452 = B_SPLINE_CURVE_WITH_KNOTS('',5,(#453,#454,#455,#456,#457,#458),
  .UNSPECIFIED.,.F.,.F.,(6,6),(0.,1.),.PIECEWISE_BEZIER_KNOTS.);
#453 = CARTESIAN_POINT('',(10.404246284501,1.685811421529,4.63172881411)
  );
#454 = CARTESIAN_POINT('',(10.345131288251,1.7052732245,4.685199678315)
  );
#455 = CARTESIAN_POINT('',(10.297670342919,1.729124545961,4.750730645453
    ));
#456 = CARTESIAN_POINT('',(10.262365714809,1.757174008573,4.827795910607
    ));
#457 = CARTESIAN_POINT('',(10.238733298196,1.788960551085,4.915128718402
    ));
#458 = CARTESIAN_POINT('',(10.225902335456,1.823955608506,5.011276848459
    ));
#459 = ORIENTED_EDGE('',*,*,#460,.F.);
#460 = EDGE_CURVE('',#461,#450,#463,.T.);
#461 = VERTEX_POINT('',#462);
#462 = CARTESIAN_POINT('',(10.755838641189,1.638059309798,4.500530965399
    ));
#463 = B_SPLINE_CURVE_WITH_KNOTS('',5,(#464,#465,#466,#467,#468,#469,
    #470,#471,#472,#473),.UNSPECIFIED.,.F.,.F.,(6,4,6),(0.,
    0.543287494925,1.),.UNSPECIFIED.);
#464 = CARTESIAN_POINT('',(10.755838641189,1.638059309798,4.500530965399
    ));
#465 = CARTESIAN_POINT('',(10.711367045282,1.638059309798,4.500530965399
    ));
#466 = CARTESIAN_POINT('',(10.668410823301,1.639445256293,4.504338822098
    ));
#467 = CARTESIAN_POINT('',(10.627091539451,1.642249493857,4.512043401483
    ));
#468 = CARTESIAN_POINT('',(10.587511984291,1.646484690037,4.523679507355
    ));
#469 = CARTESIAN_POINT('',(10.518006322064,1.656892222339,4.552273967348
    ));
#470 = CARTESIAN_POINT('',(10.487546205316,1.662648537818,4.568089314145
    ));
#471 = CARTESIAN_POINT('',(10.458415852632,1.669400722863,4.586640790086
    ));
#472 = CARTESIAN_POINT('',(10.43064478816,1.677131082296,4.607879778074)
  );
#473 = CARTESIAN_POINT('',(10.404246284501,1.685811421529,4.63172881411)
  );
#474 = ORIENTED_EDGE('',*,*,#475,.F.);
#475 = EDGE_CURVE('',#476,#461,#478,.T.);
#476 = VERTEX_POINT('',#477);
#477 = CARTESIAN_POINT('',(11.129002123142,1.696035717958,4.659819837678
    ));
#478 = B_SPLINE_CURVE_WITH_KNOTS('',5,(#479,#480,#481,#482,#483,#484,
    #485,#486,#487,#488),.UNSPECIFIED.,.F.,.F.,(6,4,6),(0.,
    0.538357165039,1.),.UNSPECIFIED.);
#479 = CARTESIAN_POINT('',(11.129002123142,1.696035717958,4.659819837678
    ));
#480 = CARTESIAN_POINT('',(11.096751271237,1.683694484652,4.625912577841
    ));
#481 = CARTESIAN_POINT('',(11.062254897533,1.672896067404,4.596244170288
    ));
#482 = CARTESIAN_POINT('',(11.025526845333,1.663722939162,4.571041207576
    ));
#483 = CARTESIAN_POINT('',(10.986627095026,1.656230029036,4.550454606198
    ));
#484 = CARTESIAN_POINT('',(10.910560373058,1.645463937024,4.5208750115)
  );
#485 = CARTESIAN_POINT('',(10.873934423206,1.641741329836,4.51064723231)
  );
#486 = CARTESIAN_POINT('',(10.835872959246,1.639276937427,4.503876369813
    ));
#487 = CARTESIAN_POINT('',(10.796470960702,1.638059309798,4.500530965399
    ));
#488 = CARTESIAN_POINT('',(10.755838641189,1.638059309798,4.500530965399
    ));
#489 = ORIENTED_EDGE('',*,*,#490,.F.);
#490 = EDGE_CURVE('',#491,#476,#493,.T.);
#491 = VERTEX_POINT('',#492);
#492 = CARTESIAN_POINT('',(11.28067940552,1.852420979246,5.089484811802)
  );
#493 = B_SPLINE_CURVE_WITH_KNOTS('',5,(#494,#495,#496,#497,#498,#499,
    #500,#501,#502,#503),.UNSPECIFIED.,.F.,.F.,(6,4,6),(0.,
    0.921221755591,1.),.UNSPECIFIED.);
#494 = CARTESIAN_POINT('',(11.28067940552,1.852420979246,5.089484811802)
  );
#495 = CARTESIAN_POINT('',(11.28067940552,1.817367675479,4.993176651226)
  );
#496 = CARTESIAN_POINT('',(11.268650948762,1.784709090907,4.903447927563
    ));
#497 = CARTESIAN_POINT('',(11.243483599308,1.754932920222,4.821638570968
    ));
#498 = CARTESIAN_POINT('',(11.204524161545,1.728479105728,4.748957312986
    ));
#499 = CARTESIAN_POINT('',(11.147833785409,1.703611700375,4.680634678298
    ));
#500 = CARTESIAN_POINT('',(11.14327072039,1.701678574481,4.675323458557)
  );
#501 = CARTESIAN_POINT('',(11.138610851489,1.699771461483,4.670083708659
    ));
#502 = CARTESIAN_POINT('',(11.13385452149,1.697890475788,4.664915742935)
  );
#503 = CARTESIAN_POINT('',(11.129002123142,1.696035717958,4.659819837678
    ));
#504 = ORIENTED_EDGE('',*,*,#505,.F.);
#505 = EDGE_CURVE('',#506,#491,#508,.T.);
#506 = VERTEX_POINT('',#507);
#507 = CARTESIAN_POINT('',(11.135456475584,1.999976166345,5.494889356481
    ));
#508 = B_SPLINE_CURVE_WITH_KNOTS('',5,(#509,#510,#511,#512,#513,#514,
    #515,#516,#517,#518),.UNSPECIFIED.,.F.,.F.,(6,4,6),(0.,
    9.073464184929E-02,1.),.UNSPECIFIED.);
#509 = CARTESIAN_POINT('',(11.135456475584,1.999976166345,5.494889356481
    ));
#510 = CARTESIAN_POINT('',(11.140798981174,1.997973677313,5.489387563082
    ));
#511 = CARTESIAN_POINT('',(11.146019927457,1.995937982678,5.48379453804)
  );
#512 = CARTESIAN_POINT('',(11.151118767175,1.993869212028,5.478110637393
    ));
#513 = CARTESIAN_POINT('',(11.156095031056,1.991767516578,5.4723362766)
  );
#514 = CARTESIAN_POINT('',(11.209583937364,1.968243453822,5.407704445365
    ));
#515 = CARTESIAN_POINT('',(11.245881359475,1.943559972593,5.339887138054
    ));
#516 = CARTESIAN_POINT('',(11.269399057861,1.915770752659,5.263536883781
    ));
#517 = CARTESIAN_POINT('',(11.28067940552,1.885249475101,5.179680362879)
  );
#518 = CARTESIAN_POINT('',(11.28067940552,1.852420979246,5.089484811802)
  );
#519 = ORIENTED_EDGE('',*,*,#520,.F.);
#520 = EDGE_CURVE('',#521,#506,#523,.T.);
#521 = VERTEX_POINT('',#522);
#522 = CARTESIAN_POINT('',(10.781316348195,2.054467018904,5.644601743453
    ));
#523 = B_SPLINE_CURVE_WITH_KNOTS('',6,(#524,#525,#526,#527,#528,#529,
    #530),.UNSPECIFIED.,.F.,.F.,(7,7),(0.,1.),.PIECEWISE_BEZIER_KNOTS.);
#524 = CARTESIAN_POINT('',(10.781316348195,2.054467018904,5.644601743453
    ));
#525 = CARTESIAN_POINT('',(10.85053294222,2.054467018904,5.644601743453)
  );
#526 = CARTESIAN_POINT('',(10.916201000004,2.050878241436,5.634741658397
    ));
#527 = CARTESIAN_POINT('',(10.977810252261,2.043574987273,5.614676132494
    ));
#528 = CARTESIAN_POINT('',(11.035002269552,2.032555292457,5.584399769819
    ));
#529 = CARTESIAN_POINT('',(11.087572775394,2.017943188827,5.544253345044
    ));
#530 = CARTESIAN_POINT('',(11.135456475584,1.999976166345,5.494889356481
    ));
#531 = ORIENTED_EDGE('',*,*,#532,.F.);
#532 = EDGE_CURVE('',#533,#521,#535,.T.);
#533 = VERTEX_POINT('',#534);
#534 = CARTESIAN_POINT('',(10.452653927813,2.036167852,5.594325195589));
#535 = B_SPLINE_CURVE_WITH_KNOTS('',5,(#536,#537,#538,#539,#540,#541),
  .UNSPECIFIED.,.F.,.F.,(6,6),(0.,1.),.PIECEWISE_BEZIER_KNOTS.);
#536 = CARTESIAN_POINT('',(10.452653927813,2.036167852,5.594325195589));
#537 = CARTESIAN_POINT('',(10.527591888235,2.04334433375,5.614042417148)
  );
#538 = CARTESIAN_POINT('',(10.59821812743,2.048841392494,5.629145461921)
  );
#539 = CARTESIAN_POINT('',(10.664233352779,2.052574232339,5.639401355107
    ));
#540 = CARTESIAN_POINT('',(10.725347334723,2.054467018904,5.644601743453
    ));
#541 = CARTESIAN_POINT('',(10.781316348195,2.054467018904,5.644601743453
    ));
#542 = ORIENTED_EDGE('',*,*,#543,.F.);
#543 = EDGE_CURVE('',#544,#533,#546,.T.);
#544 = VERTEX_POINT('',#545);
#545 = CARTESIAN_POINT('',(10.531634819533,2.232927465663,6.13491779119)
  );
#546 = LINE('',#547,#548);
#547 = CARTESIAN_POINT('',(9.945611456641,0.773008136194,2.123822399248)
  );
#548 = VECTOR('',#549,1.);
#549 = DIRECTION('',(-0.136013796445,-0.338841730685,-0.930960003826));
#550 = ORIENTED_EDGE('',*,*,#551,.F.);
#551 = EDGE_CURVE('',#552,#544,#554,.T.);
#552 = VERTEX_POINT('',#553);
#553 = CARTESIAN_POINT('',(10.974946921444,2.27591598474,6.253027776648)
  );
#554 = B_SPLINE_CURVE_WITH_KNOTS('',6,(#555,#556,#557,#558,#559,#560,
    #561),.UNSPECIFIED.,.F.,.F.,(7,7),(0.,1.),.PIECEWISE_BEZIER_KNOTS.);
#555 = CARTESIAN_POINT('',(10.974946921444,2.27591598474,6.253027776648)
  );
#556 = CARTESIAN_POINT('',(10.922694170573,2.260328071102,6.210200335913
    ));
#557 = CARTESIAN_POINT('',(10.860865656496,2.248140977244,6.176716570727
    ));
#558 = CARTESIAN_POINT('',(10.78991589158,2.239459582331,6.152864634237)
  );
#559 = CARTESIAN_POINT('',(10.710702215634,2.23418229712,6.138365412283)
  );
#560 = CARTESIAN_POINT('',(10.624257343432,2.23209381385,6.132627351658)
  );
#561 = CARTESIAN_POINT('',(10.531634819533,2.232927465663,6.13491779119)
  );
#562 = ORIENTED_EDGE('',*,*,#563,.F.);
#563 = EDGE_CURVE('',#564,#552,#566,.T.);
#564 = VERTEX_POINT('',#565);
#565 = CARTESIAN_POINT('',(11.127813163482,2.39709713446,6.585970249167)
  );
#566 = B_SPLINE_CURVE_WITH_KNOTS('',5,(#567,#568,#569,#570,#571,#572,
    #573,#574,#575,#576),.UNSPECIFIED.,.F.,.F.,(6,4,6),(0.,
    0.625030315477,1.),.UNSPECIFIED.);
#567 = CARTESIAN_POINT('',(11.127813163482,2.39709713446,6.585970249167)
  );
#568 = CARTESIAN_POINT('',(11.127813163482,2.378489419125,6.534845971457
    ));
#569 = CARTESIAN_POINT('',(11.122021806483,2.360830446669,6.486328343384
    ));
#570 = CARTESIAN_POINT('',(11.110206326407,2.344220424457,6.440692682419
    ));
#571 = CARTESIAN_POINT('',(11.092265489768,2.328741556582,6.398164842456
    ));
#572 = CARTESIAN_POINT('',(11.053907714869,2.305871471451,6.335329799977
    ));
#573 = CARTESIAN_POINT('',(11.037352288053,2.297721811795,6.312938794095
    ));
#574 = CARTESIAN_POINT('',(11.018643779493,2.290009185718,6.291748528103
    ));
#575 = CARTESIAN_POINT('',(10.997821938514,2.282740004233,6.271776616116
    ));
#576 = CARTESIAN_POINT('',(10.974946921444,2.27591598474,6.253027776648)
  );
#577 = ORIENTED_EDGE('',*,*,#578,.F.);
#578 = EDGE_CURVE('',#579,#564,#581,.T.);
#579 = VERTEX_POINT('',#580);
#580 = CARTESIAN_POINT('',(11.015711252654,2.499572469122,6.867518917204
    ));
#581 = B_SPLINE_CURVE_WITH_KNOTS('',5,(#582,#583,#584,#585,#586,#587,
    #588,#589,#590,#591),.UNSPECIFIED.,.F.,.F.,(6,4,6),(0.,
    0.220938880826,1.),.UNSPECIFIED.);
#582 = CARTESIAN_POINT('',(11.015711252654,2.499572469122,6.867518917204
    ));
#583 = CARTESIAN_POINT('',(11.025655031467,2.496181802445,6.858203137072
    ));
#584 = CARTESIAN_POINT('',(11.035055681636,2.492660374378,6.848528092973
    ));
#585 = CARTESIAN_POINT('',(11.043908692336,2.489008683246,6.838495154045
    ));
#586 = CARTESIAN_POINT('',(11.052210736433,2.485227518746,6.828106489961
    ));
#587 = CARTESIAN_POINT('',(11.087283486084,2.467532322745,6.779489338515
    ));
#588 = CARTESIAN_POINT('',(11.107731721688,2.452149525445,6.737225450285
    ));
#589 = CARTESIAN_POINT('',(11.121204684245,2.435218814907,6.690708705389
    ));
#590 = CARTESIAN_POINT('',(11.127813163482,2.416829570053,6.64018467039)
  );
#591 = CARTESIAN_POINT('',(11.127813163482,2.39709713446,6.585970249167)
  );
#592 = ORIENTED_EDGE('',*,*,#593,.F.);
#593 = EDGE_CURVE('',#594,#579,#596,.T.);
#594 = VERTEX_POINT('',#595);
#595 = CARTESIAN_POINT('',(10.717622080679,2.537797395544,6.972541039408
    ));
#596 = B_SPLINE_CURVE_WITH_KNOTS('',5,(#597,#598,#599,#600,#601,#602,
    #603,#604,#605,#606),.UNSPECIFIED.,.F.,.F.,(6,4,6),(0.,
    0.766029916429,1.),.UNSPECIFIED.);
#597 = CARTESIAN_POINT('',(10.717622080679,2.537797395544,6.972541039408
    ));
#598 = CARTESIAN_POINT('',(10.773827140879,2.537797395544,6.972541039408
    ));
#599 = CARTESIAN_POINT('',(10.826330802079,2.535615620508,6.966546661762
    ));
#600 = CARTESIAN_POINT('',(10.874826114907,2.531171950121,6.954337777715
    ));
#601 = CARTESIAN_POINT('',(10.919074969777,2.524432156566,6.935820347109
    ));
#602 = CARTESIAN_POINT('',(10.971120021101,2.512676814648,6.903522810633
    ));
#603 = CARTESIAN_POINT('',(10.982888517121,2.509715058386,6.895385452182
    ));
#604 = CARTESIAN_POINT('',(10.994244833251,2.506542779324,6.88666968709)
  );
#605 = CARTESIAN_POINT('',(11.005186296672,2.503161307752,6.877379170301
    ));
#606 = CARTESIAN_POINT('',(11.015711252654,2.499572469122,6.867518917204
    ));
#607 = ORIENTED_EDGE('',*,*,#608,.F.);
#608 = EDGE_CURVE('',#609,#594,#611,.T.);
#609 = VERTEX_POINT('',#610);
#610 = CARTESIAN_POINT('',(10.404246284501,2.494169857941,6.852675364978
    ));
#611 = B_SPLINE_CURVE_WITH_KNOTS('',4,(#612,#613,#614,#615,#616,#617,
    #618,#619),.UNSPECIFIED.,.F.,.F.,(5,3,5),(0.,0.485929649174,1.),
  .UNSPECIFIED.);
#612 = CARTESIAN_POINT('',(10.404246284501,2.494169857941,6.852675364978
    ));
#613 = CARTESIAN_POINT('',(10.435651652616,2.504714554211,6.881646679874
    ));
#614 = CARTESIAN_POINT('',(10.469307553708,2.513616372701,6.906104225166
    ));
#615 = CARTESIAN_POINT('',(10.505185686416,2.520807227208,6.925860935551
    ));
#616 = CARTESIAN_POINT('',(10.583377921728,2.532051545024,6.95675444485)
  );
#617 = CARTESIAN_POINT('',(10.625945581432,2.535899329656,6.96732614624)
  );
#618 = CARTESIAN_POINT('',(10.670758483698,2.537797395544,6.972541039408
    ));
#619 = CARTESIAN_POINT('',(10.717622080679,2.537797395544,6.972541039408
    ));
#620 = ORIENTED_EDGE('',*,*,#621,.F.);
#621 = EDGE_CURVE('',#622,#609,#624,.T.);
#622 = VERTEX_POINT('',#623);
#623 = CARTESIAN_POINT('',(10.246284501062,2.366772800733,6.502654826993
    ));
#624 = B_SPLINE_CURVE_WITH_KNOTS('',5,(#625,#626,#627,#628,#629,#630),
  .UNSPECIFIED.,.F.,.F.,(6,6),(0.,1.),.PIECEWISE_BEZIER_KNOTS.);
#625 = CARTESIAN_POINT('',(10.246284501062,2.366772800733,6.502654826993
    ));
#626 = CARTESIAN_POINT('',(10.257166472614,2.399299544392,6.592021320724
    ));
#627 = CARTESIAN_POINT('',(10.277874566184,2.428709259595,6.672823849159
    ));
#628 = CARTESIAN_POINT('',(10.309143611532,2.454546941383,6.74381229644)
  );
#629 = CARTESIAN_POINT('',(10.351388134946,2.47642215537,6.803913952916)
  );
#630 = CARTESIAN_POINT('',(10.404246284501,2.494169857941,6.852675364978
    ));
#631 = ORIENTED_EDGE('',*,*,#632,.F.);
#632 = EDGE_CURVE('',#633,#622,#635,.T.);
#633 = VERTEX_POINT('',#634);
#634 = CARTESIAN_POINT('',(9.586411889597,2.405172004935,6.608155773463)
  );
#635 = LINE('',#636,#637);
#636 = CARTESIAN_POINT('',(5.353468436221,2.651494790904,7.284922065811)
  );
#637 = VECTOR('',#638,1.);
#638 = DIRECTION('',(0.985832777796,-5.736742741817E-02,-0.157615711444)
  );
#639 = ORIENTED_EDGE('',*,*,#640,.F.);
#640 = EDGE_CURVE('',#641,#633,#643,.T.);
#641 = VERTEX_POINT('',#642);
#642 = CARTESIAN_POINT('',(9.793970276008,2.592172062916,7.121934210203)
  );
#643 = B_SPLINE_CURVE_WITH_KNOTS('',6,(#644,#645,#646,#647,#648,#649,
    #650),.UNSPECIFIED.,.F.,.F.,(7,7),(0.,1.),.PIECEWISE_BEZIER_KNOTS.);
#644 = CARTESIAN_POINT('',(9.793970276008,2.592172062916,7.121934210203)
  );
#645 = CARTESIAN_POINT('',(9.745805731941,2.567895702946,7.05523545936)
  );
#646 = CARTESIAN_POINT('',(9.703295215563,2.540514288029,6.980005640162)
  );
#647 = CARTESIAN_POINT('',(9.666369761547,2.51026949013,6.896908740879)
  );
#648 = CARTESIAN_POINT('',(9.634790406072,2.477447571679,6.806731261071)
  );
#649 = CARTESIAN_POINT('',(9.60824842136,2.442330265313,6.710247254797)
  );
#650 = CARTESIAN_POINT('',(9.586411889597,2.405172004935,6.608155773463)
  );
#651 = ORIENTED_EDGE('',*,*,#652,.F.);
#652 = EDGE_CURVE('',#653,#641,#655,.T.);
#653 = VERTEX_POINT('',#654);
#654 = CARTESIAN_POINT('',(10.181231422505,2.702199434714,7.424231929739
    ));
#655 = B_SPLINE_CURVE_WITH_KNOTS('',5,(#656,#657,#658,#659,#660,#661,
    #662,#663,#664,#665),.UNSPECIFIED.,.F.,.F.,(6,4,6),(0.,
    0.861894345674,1.),.UNSPECIFIED.);
#656 = CARTESIAN_POINT('',(10.181231422505,2.702199434714,7.424231929739
    ));
#657 = CARTESIAN_POINT('',(10.096997440866,2.688622214448,7.386928823641
    ));
#658 = CARTESIAN_POINT('',(10.019694869676,2.672738573658,7.34328887923)
  );
#659 = CARTESIAN_POINT('',(9.94994159867,2.654496060804,7.293167987091)
  );
#660 = CARTESIAN_POINT('',(9.888205646705,2.633902123781,7.236586610143)
  );
#661 = CARTESIAN_POINT('',(9.826136468627,2.607392163315,7.163751092371)
  );
#662 = CARTESIAN_POINT('',(9.817775801205,2.603673051515,7.153532916681)
  );
#663 = CARTESIAN_POINT('',(9.809627443813,2.599896377077,7.143156588942)
  );
#664 = CARTESIAN_POINT('',(9.801692094429,2.596062559272,7.13262326109)
  );
#665 = CARTESIAN_POINT('',(9.793970276008,2.592172062916,7.121934210203)
  );
#666 = ORIENTED_EDGE('',*,*,#667,.F.);
#667 = EDGE_CURVE('',#668,#653,#670,.T.);
#668 = VERTEX_POINT('',#669);
#669 = CARTESIAN_POINT('',(10.738004246285,2.742283324123,7.534361510774
    ));
#670 = B_SPLINE_CURVE_WITH_KNOTS('',5,(#671,#672,#673,#674,#675,#676),
  .UNSPECIFIED.,.F.,.F.,(6,6),(0.,1.),.PIECEWISE_BEZIER_KNOTS.);
#671 = CARTESIAN_POINT('',(10.738004246285,2.742283324123,7.534361510774
    ));
#672 = CARTESIAN_POINT('',(10.616983522641,2.742283324123,7.534361510774
    ));
#673 = CARTESIAN_POINT('',(10.500122725812,2.738422505337,7.523753998339
    ));
#674 = CARTESIAN_POINT('',(10.388133980904,2.730496952113,7.50197871982)
  );
#675 = CARTESIAN_POINT('',(10.281669810312,2.718400970419,7.468745283251
    ));
#676 = CARTESIAN_POINT('',(10.181231422505,2.702199434714,7.424231929739
    ));
#677 = ORIENTED_EDGE('',*,*,#678,.F.);
#678 = EDGE_CURVE('',#679,#668,#681,.T.);
#679 = VERTEX_POINT('',#680);
#680 = CARTESIAN_POINT('',(11.583864118896,2.627085711517,7.217858671366
    ));
#681 = B_SPLINE_CURVE_WITH_KNOTS('',6,(#682,#683,#684,#685,#686,#687,
    #688,#689,#690,#691,#692,#693),.UNSPECIFIED.,.F.,.F.,(7,5,7),(0.,
    0.293360543213,1.),.UNSPECIFIED.);
#682 = CARTESIAN_POINT('',(11.583864118896,2.627085711517,7.217858671366
    ));
#683 = CARTESIAN_POINT('',(11.552548944426,2.638413052196,7.248980284104
    ));
#684 = CARTESIAN_POINT('',(11.519834424267,2.64913988263,7.278452008503)
  );
#685 = CARTESIAN_POINT('',(11.485735723598,2.65923587306,7.306190514236)
  );
#686 = CARTESIAN_POINT('',(11.450281666249,2.668675523412,7.332125740426
    ));
#687 = CARTESIAN_POINT('',(11.413516642834,2.677439084603,7.356203426911
    ));
#688 = CARTESIAN_POINT('',(11.283935058612,2.70496287887,7.431824430159)
  );
#689 = CARTESIAN_POINT('',(11.185077658318,2.7204226687,7.474299853625)
  );
#690 = CARTESIAN_POINT('',(11.079870312807,2.731683719016,7.505239335089
    ));
#691 = CARTESIAN_POINT('',(10.969496690547,2.738871779063,7.524988367757
    ));
#692 = CARTESIAN_POINT('',(10.85517155273,2.742283324123,7.534361510774)
  );
#693 = CARTESIAN_POINT('',(10.738004246285,2.742283324123,7.534361510774
    ));
#694 = ORIENTED_EDGE('',*,*,#695,.F.);
#695 = EDGE_CURVE('',#696,#679,#698,.T.);
#696 = VERTEX_POINT('',#697);
#697 = CARTESIAN_POINT('',(11.846284501062,2.414176356903,6.632895027174
    ));
#698 = B_SPLINE_CURVE_WITH_KNOTS('',5,(#699,#700,#701,#702,#703,#704,
    #705,#706,#707,#708),.UNSPECIFIED.,.F.,.F.,(6,4,6),(0.,
    0.333570330152,1.),.UNSPECIFIED.);
#699 = CARTESIAN_POINT('',(11.846284501062,2.414176356903,6.632895027174
    ));
#700 = CARTESIAN_POINT('',(11.846284501062,2.430007181559,6.676389860446
    ));
#701 = CARTESIAN_POINT('',(11.843366364708,2.445654784604,6.719381296482
    ));
#702 = CARTESIAN_POINT('',(11.837464625441,2.461085491614,6.761776815557
    ));
#703 = CARTESIAN_POINT('',(11.828553890193,2.47626724843,6.803488349595)
  );
#704 = CARTESIAN_POINT('',(11.792892443353,2.520944789399,6.926238884564
    ));
#705 = CARTESIAN_POINT('',(11.757206378101,2.549614464269,7.005008168895
    ));
#706 = CARTESIAN_POINT('',(11.709793400044,2.576926179046,7.080046488529
    ));
#707 = CARTESIAN_POINT('',(11.651602762923,2.602763080606,7.151032792154
    ));
#708 = CARTESIAN_POINT('',(11.583864118896,2.627085711517,7.217858671366
    ));
#709 = ORIENTED_EDGE('',*,*,#710,.F.);
#710 = EDGE_CURVE('',#711,#696,#713,.T.);
#711 = VERTEX_POINT('',#712);
#712 = CARTESIAN_POINT('',(11.308704883227,2.145440020084,5.894548009975
    ));
#713 = B_SPLINE_CURVE_WITH_KNOTS('',6,(#714,#715,#716,#717,#718,#719,
    #720,#721,#722,#723,#724,#725,#726,#727,#728,#729,#730),
  .UNSPECIFIED.,.F.,.F.,(7,5,5,7),(0.,0.272207182767,0.711052178078,1.),
  .UNSPECIFIED.);
#714 = CARTESIAN_POINT('',(11.308704883227,2.145440020084,5.894548009975
    ));
#715 = CARTESIAN_POINT('',(11.352456519802,2.153605178418,5.916981598125
    ));
#716 = CARTESIAN_POINT('',(11.394859363676,2.162187963758,5.940562607041
    ));
#717 = CARTESIAN_POINT('',(11.435773477202,2.171207254631,5.965342905055
    ));
#718 = CARTESIAN_POINT('',(11.475037413573,2.180680232864,5.991369698844
    ));
#719 = CARTESIAN_POINT('',(11.512477042129,2.190620039279,6.018679092524
    ));
#720 = CARTESIAN_POINT('',(11.605045472997,2.217821612915,6.093414801863
    ));
#721 = CARTESIAN_POINT('',(11.657000662979,2.235848873531,6.14294429334)
  );
#722 = CARTESIAN_POINT('',(11.702971377801,2.25512885306,6.195915601743)
  );
#723 = CARTESIAN_POINT('',(11.742202476668,2.275633773721,6.252252408246
    ));
#724 = CARTESIAN_POINT('',(11.774125427243,2.297271094399,6.311700458226
    ));
#725 = CARTESIAN_POINT('',(11.814623995345,2.334716449457,6.414580725714
    ));
#726 = CARTESIAN_POINT('',(11.827454844918,2.349995740429,6.456560232644
    ));
#727 = CARTESIAN_POINT('',(11.836981277126,2.365636599356,6.499533139365
    ));
#728 = CARTESIAN_POINT('',(11.84322827103,2.381584473809,6.543349564315)
  );
#729 = CARTESIAN_POINT('',(11.846284501062,2.397783134339,6.587855018347
    ));
#730 = CARTESIAN_POINT('',(11.846284501062,2.414176356903,6.632895027174
    ));
#731 = ORIENTED_EDGE('',*,*,#732,.F.);
#732 = EDGE_CURVE('',#733,#711,#735,.T.);
#733 = VERTEX_POINT('',#734);
#734 = CARTESIAN_POINT('',(11.821995753716,2.039479129821,5.603422856631
    ));
#735 = B_SPLINE_CURVE_WITH_KNOTS('',5,(#736,#737,#738,#739,#740,#741,
    #742,#743,#744,#745),.UNSPECIFIED.,.F.,.F.,(6,4,6),(0.,
    0.358560768939,1.),.UNSPECIFIED.);
#736 = CARTESIAN_POINT('',(11.821995753716,2.039479129821,5.603422856631
    ));
#737 = CARTESIAN_POINT('',(11.794468400472,2.051264400563,5.635802621879
    ));
#738 = CARTESIAN_POINT('',(11.765173405509,2.062348790593,5.666256733195
    ));
#739 = CARTESIAN_POINT('',(11.734119196171,2.07270304512,5.694704813701)
  );
#740 = CARTESIAN_POINT('',(11.701335716828,2.082305769483,5.721088082056
    ));
#741 = CARTESIAN_POINT('',(11.605225682105,2.106953361857,5.788806785547
    ));
#742 = CARTESIAN_POINT('',(11.538200863056,2.120316943185,5.825522923487
    ));
#743 = CARTESIAN_POINT('',(11.46610827447,2.131153762079,5.855296838698)
  );
#744 = CARTESIAN_POINT('',(11.389423236459,2.13949495542,5.878214079053)
  );
#745 = CARTESIAN_POINT('',(11.308704883227,2.145440020084,5.894548009975
    ));
#746 = ORIENTED_EDGE('',*,*,#747,.F.);
#747 = EDGE_CURVE('',#748,#733,#750,.T.);
#748 = VERTEX_POINT('',#749);
#749 = CARTESIAN_POINT('',(12.014437367304,1.840744367983,5.057403586022
    ));
#750 = B_SPLINE_CURVE_WITH_KNOTS('',5,(#751,#752,#753,#754,#755,#756,
    #757,#758,#759,#760),.UNSPECIFIED.,.F.,.F.,(6,4,6),(0.,
    0.724002255972,1.),.UNSPECIFIED.);
#751 = CARTESIAN_POINT('',(12.014437367304,1.840744367983,5.057403586022
    ));
#752 = CARTESIAN_POINT('',(12.014437367304,1.873603010597,5.147681964636
    ));
#753 = CARTESIAN_POINT('',(12.004855618234,1.905307673309,5.23478980953)
  );
#754 = CARTESIAN_POINT('',(11.985058275651,1.935602748149,5.318024843575
    ));
#755 = CARTESIAN_POINT('',(11.954721856032,1.964250835961,5.396734817947
    ));
#756 = CARTESIAN_POINT('',(11.89864299372,2.001301157502,5.498529739764)
  );
#757 = CARTESIAN_POINT('',(11.881672665922,2.011262571564,5.525898499967
    ));
#758 = CARTESIAN_POINT('',(11.863223754931,2.020950398042,5.552515584458
    ));
#759 = CARTESIAN_POINT('',(11.843320195842,2.030357565953,5.578361565874
    ));
#760 = CARTESIAN_POINT('',(11.821995753716,2.039479129821,5.603422856631
    ));
#761 = ORIENTED_EDGE('',*,*,#762,.F.);
#762 = EDGE_CURVE('',#763,#748,#765,.T.);
#763 = VERTEX_POINT('',#764);
#764 = CARTESIAN_POINT('',(11.655201698514,1.55266319758,4.265907075368)
  );
#765 = B_SPLINE_CURVE_WITH_KNOTS('',5,(#766,#767,#768,#769,#770,#771,
    #772,#773,#774,#775),.UNSPECIFIED.,.F.,.F.,(6,4,6),(0.,
    0.520541809991,1.),.UNSPECIFIED.);
#766 = CARTESIAN_POINT('',(11.655201698514,1.55266319758,4.265907075368)
  );
#767 = CARTESIAN_POINT('',(11.72785659015,1.576748939766,4.332082108156)
  );
#768 = CARTESIAN_POINT('',(11.792784057702,1.602593390772,4.403089153712
    ));
#769 = CARTESIAN_POINT('',(11.84888754808,1.6301788158,4.478879486085));
#770 = CARTESIAN_POINT('',(11.895281270346,1.659402788302,4.559171690641
    ));
#771 = CARTESIAN_POINT('',(11.96518573944,1.718201512043,4.720719856411)
  );
#772 = CARTESIAN_POINT('',(11.990225410219,1.747576455644,4.801426850654
    ));
#773 = CARTESIAN_POINT('',(12.006548482622,1.777938772091,4.884846629492
    ));
#774 = CARTESIAN_POINT('',(12.014437367304,1.809067644241,4.970372502818
    ));
#775 = CARTESIAN_POINT('',(12.014437367304,1.840744367983,5.057403586022
    ));
#776 = ORIENTED_EDGE('',*,*,#777,.F.);
#777 = EDGE_CURVE('',#778,#763,#780,.T.);
#778 = VERTEX_POINT('',#779);
#779 = CARTESIAN_POINT('',(10.76093418259,1.43357338122,3.938710494033)
  );
#780 = B_SPLINE_CURVE_WITH_KNOTS('',6,(#781,#782,#783,#784,#785,#786,
    #787,#788,#789,#790,#791,#792),.UNSPECIFIED.,.F.,.F.,(7,5,7),(0.,
    0.62084003072,1.),.UNSPECIFIED.);
#781 = CARTESIAN_POINT('',(10.76093418259,1.43357338122,3.938710494033)
  );
#782 = CARTESIAN_POINT('',(10.86706261942,1.43357338122,3.938710494033)
  );
#783 = CARTESIAN_POINT('',(10.971298905348,1.436384849485,3.946434939606
    ));
#784 = CARTESIAN_POINT('',(11.072940517742,1.442231971478,3.962499775251
    ));
#785 = CARTESIAN_POINT('',(11.171250364389,1.451281819808,3.987364029186
    ));
#786 = CARTESIAN_POINT('',(11.26551090512,1.463594259451,4.021192179084)
  );
#787 = CARTESIAN_POINT('',(11.409802278867,1.488499839032,4.089619696603
    ));
#788 = CARTESIAN_POINT('',(11.462778674342,1.499119969062,4.118798264051
    ));
#789 = CARTESIAN_POINT('',(11.513885186547,1.510893790639,4.151146572976
    ));
#790 = CARTESIAN_POINT('',(11.563026376266,1.523780585843,4.186552751806
    ));
#791 = CARTESIAN_POINT('',(11.610142136584,1.537725552402,4.224866232543
    ));
#792 = CARTESIAN_POINT('',(11.655201698514,1.55266319758,4.265907075368)
  );
#793 = ORIENTED_EDGE('',*,*,#794,.F.);
#794 = EDGE_CURVE('',#795,#778,#797,.T.);
#795 = VERTEX_POINT('',#796);
#796 = CARTESIAN_POINT('',(9.92016985138,1.533608826962,4.213555622354)
  );
#797 = B_SPLINE_CURVE_WITH_KNOTS('',6,(#798,#799,#800,#801,#802,#803,
    #804,#805,#806,#807,#808,#809),.UNSPECIFIED.,.F.,.F.,(7,5,7),(0.,
    0.236032991131,1.),.UNSPECIFIED.);
#798 = CARTESIAN_POINT('',(9.92016985138,1.533608826962,4.213555622354)
  );
#799 = CARTESIAN_POINT('',(9.946737557713,1.525645833866,4.191677478632)
  );
#800 = CARTESIAN_POINT('',(9.974042794726,1.518039483124,4.170779201723)
  );
#801 = CARTESIAN_POINT('',(10.002074210424,1.510799735716,4.150888159197
    ));
#802 = CARTESIAN_POINT('',(10.030816504255,1.503934828048,4.132026980392
    ));
#803 = CARTESIAN_POINT('',(10.060250427109,1.49745127195,4.114213556417)
  );
#804 = CARTESIAN_POINT('',(10.187784947021,1.471618369352,4.04323823985)
  );
#805 = CARTESIAN_POINT('',(10.292255228202,1.455920536792,4.000108799357
    ));
#806 = CARTESIAN_POINT('',(10.402891458157,1.444444525185,3.9685787166)
  );
#807 = CARTESIAN_POINT('',(10.518616791081,1.437084240838,3.948356501557
    ));
#808 = CARTESIAN_POINT('',(10.638313022344,1.43357338122,3.938710494033)
  );
#809 = CARTESIAN_POINT('',(10.76093418259,1.43357338122,3.938710494033)
  );
#810 = ORIENTED_EDGE('',*,*,#811,.F.);
#811 = EDGE_CURVE('',#442,#795,#812,.T.);
#812 = B_SPLINE_CURVE_WITH_KNOTS('',5,(#813,#814,#815,#816,#817,#818,
    #819,#820,#821,#822),.UNSPECIFIED.,.F.,.F.,(6,4,6),(0.,
    0.634545049584,1.),.UNSPECIFIED.);
#813 = CARTESIAN_POINT('',(9.532908704883,1.795315959987,4.93259006085)
  );
#814 = CARTESIAN_POINT('',(9.546004885126,1.75574295946,4.823864135484)
  );
#815 = CARTESIAN_POINT('',(9.569896147823,1.71757136663,4.718988546117)
  );
#816 = CARTESIAN_POINT('',(9.605470409965,1.681225828255,4.619130000135)
  );
#817 = CARTESIAN_POINT('',(9.653193969774,1.647127184074,4.525444745214)
  );
#818 = CARTESIAN_POINT('',(9.746620346203,1.597414019198,4.388858947265)
  );
#819 = CARTESIAN_POINT('',(9.784604201168,1.58008955842,4.341260382474)
  );
#820 = CARTESIAN_POINT('',(9.826324977896,1.563664405912,4.296132646849)
  );
#821 = CARTESIAN_POINT('',(9.871595316459,1.548167806249,4.253556089196)
  );
#822 = CARTESIAN_POINT('',(9.92016985138,1.533608826962,4.213555622354)
  );
#823 = FACE_BOUND('',#824,.T.);
#824 = EDGE_LOOP('',(#825,#835,#843,#851));
#825 = ORIENTED_EDGE('',*,*,#826,.F.);
#826 = EDGE_CURVE('',#827,#829,#831,.T.);
#827 = VERTEX_POINT('',#828);
#828 = CARTESIAN_POINT('',(13.156348195329,2.753437102045,7.565006263758
    ));
#829 = VERTEX_POINT('',#830);
#830 = CARTESIAN_POINT('',(12.231507430998,1.43357338122,3.938710494033)
  );
#831 = LINE('',#832,#833);
#832 = CARTESIAN_POINT('',(11.397189664818,0.242897327902,0.667354923657
    ));
#833 = VECTOR('',#834,1.);
#834 = DIRECTION('',(-0.233057266823,-0.332601938861,-0.913816316689));
#835 = ORIENTED_EDGE('',*,*,#836,.F.);
#836 = EDGE_CURVE('',#837,#827,#839,.T.);
#837 = VERTEX_POINT('',#838);
#838 = CARTESIAN_POINT('',(13.693927813163,2.753437102045,7.565006263758
    ));
#839 = LINE('',#840,#841);
#840 = CARTESIAN_POINT('',(6.078174097665,2.753437102045,7.565006263758)
  );
#841 = VECTOR('',#842,1.);
#842 = DIRECTION('',(-1.,0.,0.));
#843 = ORIENTED_EDGE('',*,*,#844,.F.);
#844 = EDGE_CURVE('',#845,#837,#847,.T.);
#845 = VERTEX_POINT('',#846);
#846 = CARTESIAN_POINT('',(12.75889596603,1.43357338122,3.938710494033)
  );
#847 = LINE('',#848,#849);
#848 = CARTESIAN_POINT('',(12.36529359034,0.877975732118,2.412218498823)
  );
#849 = VECTOR('',#850,1.);
#850 = DIRECTION('',(0.235483715343,0.332401953666,0.913266861879));
#851 = ORIENTED_EDGE('',*,*,#852,.F.);
#852 = EDGE_CURVE('',#829,#845,#853,.T.);
#853 = LINE('',#854,#855);
#854 = CARTESIAN_POINT('',(5.879447983015,1.43357338122,3.938710494033)
  );
#855 = VECTOR('',#856,1.);
#856 = DIRECTION('',(1.,0.,0.));
#857 = PLANE('',#858);
#858 = AXIS2_PLACEMENT_3D('',#859,#860,#861);
#859 = CARTESIAN_POINT('',(-1.,0.,0.));
#860 = DIRECTION('',(0.,-0.939692620786,0.342020143326));
#861 = DIRECTION('',(0.,0.342020143326,0.939692620786));
#862 = ADVANCED_FACE('',(#863),#874,.T.);
#863 = FACE_BOUND('',#864,.T.);
#864 = EDGE_LOOP('',(#865,#866,#867,#868));
#865 = ORIENTED_EDGE('',*,*,#323,.T.);
#866 = ORIENTED_EDGE('',*,*,#236,.T.);
#867 = ORIENTED_EDGE('',*,*,#134,.F.);
#868 = ORIENTED_EDGE('',*,*,#869,.F.);
#869 = EDGE_CURVE('',#316,#127,#870,.T.);
#870 = LINE('',#871,#872);
#871 = CARTESIAN_POINT('',(4.,12.75,-1.));
#872 = VECTOR('',#873,1.);
#873 = DIRECTION('',(0.,0.,1.));
#874 = PLANE('',#875);
#875 = AXIS2_PLACEMENT_3D('',#876,#877,#878);
#876 = CARTESIAN_POINT('',(4.,6.45,-1.));
#877 = DIRECTION('',(-1.,0.,0.));
#878 = DIRECTION('',(0.,1.,0.));
#879 = ADVANCED_FACE('',(#880),#891,.T.);
#880 = FACE_BOUND('',#881,.T.);
#881 = EDGE_LOOP('',(#882,#883,#884,#885));
#882 = ORIENTED_EDGE('',*,*,#315,.T.);
#883 = ORIENTED_EDGE('',*,*,#869,.T.);
#884 = ORIENTED_EDGE('',*,*,#126,.F.);
#885 = ORIENTED_EDGE('',*,*,#886,.F.);
#886 = EDGE_CURVE('',#308,#119,#887,.T.);
#887 = LINE('',#888,#889);
#888 = CARTESIAN_POINT('',(0.,11.75,-1.));
#889 = VECTOR('',#890,1.);
#890 = DIRECTION('',(0.,0.,1.));
#891 = PLANE('',#892);
#892 = AXIS2_PLACEMENT_3D('',#893,#894,#895);
#893 = CARTESIAN_POINT('',(4.,12.75,-1.));
#894 = DIRECTION('',(0.242535625036,-0.970142500145,0.));
#895 = DIRECTION('',(-0.970142500145,-0.242535625036,0.));
#896 = ADVANCED_FACE('',(#897),#908,.F.);
#897 = FACE_BOUND('',#898,.F.);
#898 = EDGE_LOOP('',(#899,#900,#901,#902));
#899 = ORIENTED_EDGE('',*,*,#118,.F.);
#900 = ORIENTED_EDGE('',*,*,#886,.F.);
#901 = ORIENTED_EDGE('',*,*,#307,.T.);
#902 = ORIENTED_EDGE('',*,*,#903,.T.);
#903 = EDGE_CURVE('',#300,#111,#904,.T.);
#904 = LINE('',#905,#906);
#905 = CARTESIAN_POINT('',(0.,32.,0.));
#906 = VECTOR('',#907,1.);
#907 = DIRECTION('',(0.,0.,1.));
#908 = PLANE('',#909);
#909 = AXIS2_PLACEMENT_3D('',#910,#911,#912);
#910 = CARTESIAN_POINT('',(0.,0.,0.));
#911 = DIRECTION('',(1.,0.,0.));
#912 = DIRECTION('',(0.,0.,1.));
#913 = ADVANCED_FACE('',(#914),#925,.T.);
#914 = FACE_BOUND('',#915,.T.);
#915 = EDGE_LOOP('',(#916,#917,#918,#919));
#916 = ORIENTED_EDGE('',*,*,#299,.F.);
#917 = ORIENTED_EDGE('',*,*,#903,.T.);
#918 = ORIENTED_EDGE('',*,*,#110,.T.);
#919 = ORIENTED_EDGE('',*,*,#920,.F.);
#920 = EDGE_CURVE('',#292,#103,#921,.T.);
#921 = LINE('',#922,#923);
#922 = CARTESIAN_POINT('',(26.,32.,0.));
#923 = VECTOR('',#924,1.);
#924 = DIRECTION('',(0.,0.,1.));
#925 = PLANE('',#926);
#926 = AXIS2_PLACEMENT_3D('',#927,#928,#929);
#927 = CARTESIAN_POINT('',(0.,32.,0.));
#928 = DIRECTION('',(0.,1.,0.));
#929 = DIRECTION('',(0.,0.,1.));
#930 = ADVANCED_FACE('',(#931),#942,.T.);
#931 = FACE_BOUND('',#932,.T.);
#932 = EDGE_LOOP('',(#933,#934,#940,#941));
#933 = ORIENTED_EDGE('',*,*,#102,.F.);
#934 = ORIENTED_EDGE('',*,*,#935,.T.);
#935 = EDGE_CURVE('',#95,#284,#936,.T.);
#936 = LINE('',#937,#938);
#937 = CARTESIAN_POINT('',(26.,11.624390243902,0.));
#938 = VECTOR('',#939,1.);
#939 = DIRECTION('',(0.,0.,-1.));
#940 = ORIENTED_EDGE('',*,*,#291,.T.);
#941 = ORIENTED_EDGE('',*,*,#920,.T.);
#942 = PLANE('',#943);
#943 = AXIS2_PLACEMENT_3D('',#944,#945,#946);
#944 = CARTESIAN_POINT('',(26.,0.,0.));
#945 = DIRECTION('',(1.,0.,0.));
#946 = DIRECTION('',(0.,0.,1.));
#947 = ADVANCED_FACE('',(#948),#959,.T.);
#948 = FACE_BOUND('',#949,.T.);
#949 = EDGE_LOOP('',(#950,#951,#957,#958));
#950 = ORIENTED_EDGE('',*,*,#78,.T.);
#951 = ORIENTED_EDGE('',*,*,#952,.T.);
#952 = EDGE_CURVE('',#71,#95,#953,.T.);
#953 = LINE('',#954,#955);
#954 = CARTESIAN_POINT('',(26.,0.,10.));
#955 = VECTOR('',#956,1.);
#956 = DIRECTION('',(0.,1.,0.));
#957 = ORIENTED_EDGE('',*,*,#94,.T.);
#958 = ORIENTED_EDGE('',*,*,#86,.T.);
#959 = PLANE('',#960);
#960 = AXIS2_PLACEMENT_3D('',#961,#962,#963);
#961 = CARTESIAN_POINT('',(0.,0.,10.));
#962 = DIRECTION('',(0.,0.,1.));
#963 = DIRECTION('',(1.,0.,0.));
#964 = ADVANCED_FACE('',(#965),#976,.T.);
#965 = FACE_BOUND('',#966,.T.);
#966 = EDGE_LOOP('',(#967,#968,#969,#970));
#967 = ORIENTED_EDGE('',*,*,#70,.F.);
#968 = ORIENTED_EDGE('',*,*,#340,.T.);
#969 = ORIENTED_EDGE('',*,*,#259,.T.);
#970 = ORIENTED_EDGE('',*,*,#971,.T.);
#971 = EDGE_CURVE('',#260,#71,#972,.T.);
#972 = LINE('',#973,#974);
#973 = CARTESIAN_POINT('',(26.,7.575609756098,0.));
#974 = VECTOR('',#975,1.);
#975 = DIRECTION('',(0.,0.,1.));
#976 = PLANE('',#977);
#977 = AXIS2_PLACEMENT_3D('',#978,#979,#980);
#978 = CARTESIAN_POINT('',(26.,0.,0.));
#979 = DIRECTION('',(1.,0.,0.));
#980 = DIRECTION('',(0.,0.,1.));
#981 = ADVANCED_FACE('',(#982),#1008,.T.);
#982 = FACE_BOUND('',#983,.T.);
#983 = EDGE_LOOP('',(#984,#992,#993,#1001));
#984 = ORIENTED_EDGE('',*,*,#985,.F.);
#985 = EDGE_CURVE('',#151,#986,#988,.T.);
#986 = VERTEX_POINT('',#987);
#987 = CARTESIAN_POINT('',(9.685,23.755,20.5));
#988 = LINE('',#989,#990);
#989 = CARTESIAN_POINT('',(9.685,23.755,9.9));
#990 = VECTOR('',#991,1.);
#991 = DIRECTION('',(0.,0.,1.));
#992 = ORIENTED_EDGE('',*,*,#150,.T.);
#993 = ORIENTED_EDGE('',*,*,#994,.T.);
#994 = EDGE_CURVE('',#153,#995,#997,.T.);
#995 = VERTEX_POINT('',#996);
#996 = CARTESIAN_POINT('',(9.085,23.155,20.5));
#997 = LINE('',#998,#999);
#998 = CARTESIAN_POINT('',(9.085,23.155,9.9));
#999 = VECTOR('',#1000,1.);
#1000 = DIRECTION('',(0.,0.,1.));
#1001 = ORIENTED_EDGE('',*,*,#1002,.F.);
#1002 = EDGE_CURVE('',#986,#995,#1003,.T.);
#1003 = CIRCLE('',#1004,0.6);
#1004 = AXIS2_PLACEMENT_3D('',#1005,#1006,#1007);
#1005 = CARTESIAN_POINT('',(9.685,23.155,20.5));
#1006 = DIRECTION('',(0.,-0.,1.));
#1007 = DIRECTION('',(0.,1.,0.));
#1008 = CYLINDRICAL_SURFACE('',#1009,0.6);
#1009 = AXIS2_PLACEMENT_3D('',#1010,#1011,#1012);
#1010 = CARTESIAN_POINT('',(9.685,23.155,9.9));
#1011 = DIRECTION('',(0.,0.,1.));
#1012 = DIRECTION('',(0.,1.,0.));
#1013 = ADVANCED_FACE('',(#1014),#1032,.F.);
#1014 = FACE_BOUND('',#1015,.F.);
#1015 = EDGE_LOOP('',(#1016,#1017,#1025,#1031));
#1016 = ORIENTED_EDGE('',*,*,#161,.T.);
#1017 = ORIENTED_EDGE('',*,*,#1018,.T.);
#1018 = EDGE_CURVE('',#162,#1019,#1021,.T.);
#1019 = VERTEX_POINT('',#1020);
#1020 = CARTESIAN_POINT('',(16.315,23.755,20.5));
#1021 = LINE('',#1022,#1023);
#1022 = CARTESIAN_POINT('',(16.315,23.755,9.9));
#1023 = VECTOR('',#1024,1.);
#1024 = DIRECTION('',(0.,0.,1.));
#1025 = ORIENTED_EDGE('',*,*,#1026,.T.);
#1026 = EDGE_CURVE('',#1019,#986,#1027,.T.);
#1027 = LINE('',#1028,#1029);
#1028 = CARTESIAN_POINT('',(16.315,23.755,20.5));
#1029 = VECTOR('',#1030,1.);
#1030 = DIRECTION('',(-1.,0.,0.));
#1031 = ORIENTED_EDGE('',*,*,#985,.F.);
#1032 = PLANE('',#1033);
#1033 = AXIS2_PLACEMENT_3D('',#1034,#1035,#1036);
#1034 = CARTESIAN_POINT('',(16.915,23.755,9.9));
#1035 = DIRECTION('',(0.,-1.,0.));
#1036 = DIRECTION('',(-1.,0.,0.));
#1037 = ADVANCED_FACE('',(#1038),#1056,.F.);
#1038 = FACE_BOUND('',#1039,.F.);
#1039 = EDGE_LOOP('',(#1040,#1041,#1042,#1050));
#1040 = ORIENTED_EDGE('',*,*,#212,.T.);
#1041 = ORIENTED_EDGE('',*,*,#994,.T.);
#1042 = ORIENTED_EDGE('',*,*,#1043,.T.);
#1043 = EDGE_CURVE('',#995,#1044,#1046,.T.);
#1044 = VERTEX_POINT('',#1045);
#1045 = CARTESIAN_POINT('',(9.085,16.525,20.5));
#1046 = LINE('',#1047,#1048);
#1047 = CARTESIAN_POINT('',(9.085,23.155,20.5));
#1048 = VECTOR('',#1049,1.);
#1049 = DIRECTION('',(0.,-1.,0.));
#1050 = ORIENTED_EDGE('',*,*,#1051,.F.);
#1051 = EDGE_CURVE('',#204,#1044,#1052,.T.);
#1052 = LINE('',#1053,#1054);
#1053 = CARTESIAN_POINT('',(9.085,16.525,9.9));
#1054 = VECTOR('',#1055,1.);
#1055 = DIRECTION('',(0.,0.,1.));
#1056 = PLANE('',#1057);
#1057 = AXIS2_PLACEMENT_3D('',#1058,#1059,#1060);
#1058 = CARTESIAN_POINT('',(9.085,23.755,9.9));
#1059 = DIRECTION('',(1.,0.,0.));
#1060 = DIRECTION('',(0.,-1.,0.));
#1061 = ADVANCED_FACE('',(#1062),#1081,.T.);
#1062 = FACE_BOUND('',#1063,.F.);
#1063 = EDGE_LOOP('',(#1064,#1065,#1066,#1074));
#1064 = ORIENTED_EDGE('',*,*,#1018,.F.);
#1065 = ORIENTED_EDGE('',*,*,#169,.F.);
#1066 = ORIENTED_EDGE('',*,*,#1067,.T.);
#1067 = EDGE_CURVE('',#170,#1068,#1070,.T.);
#1068 = VERTEX_POINT('',#1069);
#1069 = CARTESIAN_POINT('',(16.915,23.155,20.5));
#1070 = LINE('',#1071,#1072);
#1071 = CARTESIAN_POINT('',(16.915,23.155,9.9));
#1072 = VECTOR('',#1073,1.);
#1073 = DIRECTION('',(0.,0.,1.));
#1074 = ORIENTED_EDGE('',*,*,#1075,.T.);
#1075 = EDGE_CURVE('',#1068,#1019,#1076,.T.);
#1076 = CIRCLE('',#1077,0.6);
#1077 = AXIS2_PLACEMENT_3D('',#1078,#1079,#1080);
#1078 = CARTESIAN_POINT('',(16.315,23.155,20.5));
#1079 = DIRECTION('',(0.,0.,1.));
#1080 = DIRECTION('',(1.,0.,0.));
#1081 = CYLINDRICAL_SURFACE('',#1082,0.6);
#1082 = AXIS2_PLACEMENT_3D('',#1083,#1084,#1085);
#1083 = CARTESIAN_POINT('',(16.315,23.155,9.9));
#1084 = DIRECTION('',(0.,0.,1.));
#1085 = DIRECTION('',(0.,1.,0.));
#1086 = ADVANCED_FACE('',(#1087),#1106,.T.);
#1087 = FACE_BOUND('',#1088,.T.);
#1088 = EDGE_LOOP('',(#1089,#1090,#1091,#1099));
#1089 = ORIENTED_EDGE('',*,*,#1051,.F.);
#1090 = ORIENTED_EDGE('',*,*,#203,.T.);
#1091 = ORIENTED_EDGE('',*,*,#1092,.T.);
#1092 = EDGE_CURVE('',#196,#1093,#1095,.T.);
#1093 = VERTEX_POINT('',#1094);
#1094 = CARTESIAN_POINT('',(9.685,15.925,20.5));
#1095 = LINE('',#1096,#1097);
#1096 = CARTESIAN_POINT('',(9.685,15.925,9.9));
#1097 = VECTOR('',#1098,1.);
#1098 = DIRECTION('',(0.,0.,1.));
#1099 = ORIENTED_EDGE('',*,*,#1100,.F.);
#1100 = EDGE_CURVE('',#1044,#1093,#1101,.T.);
#1101 = CIRCLE('',#1102,0.6);
#1102 = AXIS2_PLACEMENT_3D('',#1103,#1104,#1105);
#1103 = CARTESIAN_POINT('',(9.685,16.525,20.5));
#1104 = DIRECTION('',(0.,0.,1.));
#1105 = DIRECTION('',(-1.,0.,0.));
#1106 = CYLINDRICAL_SURFACE('',#1107,0.6);
#1107 = AXIS2_PLACEMENT_3D('',#1108,#1109,#1110);
#1108 = CARTESIAN_POINT('',(9.685,16.525,9.9));
#1109 = DIRECTION('',(0.,0.,1.));
#1110 = DIRECTION('',(-1.,0.,0.));
#1111 = ADVANCED_FACE('',(#1112),#1130,.F.);
#1112 = FACE_BOUND('',#1113,.F.);
#1113 = EDGE_LOOP('',(#1114,#1115,#1123,#1129));
#1114 = ORIENTED_EDGE('',*,*,#178,.T.);
#1115 = ORIENTED_EDGE('',*,*,#1116,.T.);
#1116 = EDGE_CURVE('',#179,#1117,#1119,.T.);
#1117 = VERTEX_POINT('',#1118);
#1118 = CARTESIAN_POINT('',(16.915,16.525,20.5));
#1119 = LINE('',#1120,#1121);
#1120 = CARTESIAN_POINT('',(16.915,16.525,9.9));
#1121 = VECTOR('',#1122,1.);
#1122 = DIRECTION('',(0.,0.,1.));
#1123 = ORIENTED_EDGE('',*,*,#1124,.T.);
#1124 = EDGE_CURVE('',#1117,#1068,#1125,.T.);
#1125 = LINE('',#1126,#1127);
#1126 = CARTESIAN_POINT('',(16.915,16.525,20.5));
#1127 = VECTOR('',#1128,1.);
#1128 = DIRECTION('',(0.,1.,0.));
#1129 = ORIENTED_EDGE('',*,*,#1067,.F.);
#1130 = PLANE('',#1131);
#1131 = AXIS2_PLACEMENT_3D('',#1132,#1133,#1134);
#1132 = CARTESIAN_POINT('',(16.915,15.925,9.9));
#1133 = DIRECTION('',(-1.,0.,0.));
#1134 = DIRECTION('',(0.,1.,0.));
#1135 = ADVANCED_FACE('',(#1136),#1154,.F.);
#1136 = FACE_BOUND('',#1137,.F.);
#1137 = EDGE_LOOP('',(#1138,#1139,#1140,#1148));
#1138 = ORIENTED_EDGE('',*,*,#195,.T.);
#1139 = ORIENTED_EDGE('',*,*,#1092,.T.);
#1140 = ORIENTED_EDGE('',*,*,#1141,.T.);
#1141 = EDGE_CURVE('',#1093,#1142,#1144,.T.);
#1142 = VERTEX_POINT('',#1143);
#1143 = CARTESIAN_POINT('',(16.315,15.925,20.5));
#1144 = LINE('',#1145,#1146);
#1145 = CARTESIAN_POINT('',(9.685,15.925,20.5));
#1146 = VECTOR('',#1147,1.);
#1147 = DIRECTION('',(1.,0.,0.));
#1148 = ORIENTED_EDGE('',*,*,#1149,.F.);
#1149 = EDGE_CURVE('',#187,#1142,#1150,.T.);
#1150 = LINE('',#1151,#1152);
#1151 = CARTESIAN_POINT('',(16.315,15.925,9.9));
#1152 = VECTOR('',#1153,1.);
#1153 = DIRECTION('',(0.,0.,1.));
#1154 = PLANE('',#1155);
#1155 = AXIS2_PLACEMENT_3D('',#1156,#1157,#1158);
#1156 = CARTESIAN_POINT('',(9.085,15.925,9.9));
#1157 = DIRECTION('',(0.,1.,0.));
#1158 = DIRECTION('',(1.,0.,0.));
#1159 = ADVANCED_FACE('',(#1160),#1172,.T.);
#1160 = FACE_BOUND('',#1161,.T.);
#1161 = EDGE_LOOP('',(#1162,#1163,#1164,#1165));
#1162 = ORIENTED_EDGE('',*,*,#1149,.F.);
#1163 = ORIENTED_EDGE('',*,*,#186,.T.);
#1164 = ORIENTED_EDGE('',*,*,#1116,.T.);
#1165 = ORIENTED_EDGE('',*,*,#1166,.F.);
#1166 = EDGE_CURVE('',#1142,#1117,#1167,.T.);
#1167 = CIRCLE('',#1168,0.6);
#1168 = AXIS2_PLACEMENT_3D('',#1169,#1170,#1171);
#1169 = CARTESIAN_POINT('',(16.315,16.525,20.5));
#1170 = DIRECTION('',(-0.,0.,1.));
#1171 = DIRECTION('',(0.,-1.,0.));
#1172 = CYLINDRICAL_SURFACE('',#1173,0.6);
#1173 = AXIS2_PLACEMENT_3D('',#1174,#1175,#1176);
#1174 = CARTESIAN_POINT('',(16.315,16.525,9.9));
#1175 = DIRECTION('',(0.,0.,1.));
#1176 = DIRECTION('',(0.,-1.,0.));
#1177 = ADVANCED_FACE('',(#1178),#1189,.F.);
#1178 = FACE_BOUND('',#1179,.F.);
#1179 = EDGE_LOOP('',(#1180,#1181,#1187,#1188));
#1180 = ORIENTED_EDGE('',*,*,#267,.T.);
#1181 = ORIENTED_EDGE('',*,*,#1182,.T.);
#1182 = EDGE_CURVE('',#260,#284,#1183,.T.);
#1183 = LINE('',#1184,#1185);
#1184 = CARTESIAN_POINT('',(26.,0.,0.));
#1185 = VECTOR('',#1186,1.);
#1186 = DIRECTION('',(0.,1.,0.));
#1187 = ORIENTED_EDGE('',*,*,#283,.T.);
#1188 = ORIENTED_EDGE('',*,*,#275,.T.);
#1189 = PLANE('',#1190);
#1190 = AXIS2_PLACEMENT_3D('',#1191,#1192,#1193);
#1191 = CARTESIAN_POINT('',(0.,0.,0.));
#1192 = DIRECTION('',(0.,0.,1.));
#1193 = DIRECTION('',(1.,0.,0.));
#1194 = ADVANCED_FACE('',(#1195),#1220,.T.);
#1195 = FACE_BOUND('',#1196,.T.);
#1196 = EDGE_LOOP('',(#1197,#1198,#1206,#1214));
#1197 = ORIENTED_EDGE('',*,*,#349,.T.);
#1198 = ORIENTED_EDGE('',*,*,#1199,.T.);
#1199 = EDGE_CURVE('',#352,#1200,#1202,.T.);
#1200 = VERTEX_POINT('',#1201);
#1201 = CARTESIAN_POINT('',(15.310403397028,0.892065364593,
    4.205212085995));
#1202 = LINE('',#1203,#1204);
#1203 = CARTESIAN_POINT('',(15.310403397028,1.643819461222,
    3.931595971335));
#1204 = VECTOR('',#1205,1.);
#1205 = DIRECTION('',(0.,-0.939692620786,0.342020143326));
#1206 = ORIENTED_EDGE('',*,*,#1207,.T.);
#1207 = EDGE_CURVE('',#1200,#1208,#1210,.T.);
#1208 = VERTEX_POINT('',#1209);
#1209 = CARTESIAN_POINT('',(15.310403397028,1.14860225681,4.910041404618
    ));
#1210 = LINE('',#1211,#1212);
#1211 = CARTESIAN_POINT('',(15.310403397028,0.892065364593,
    4.205212085995));
#1212 = VECTOR('',#1213,1.);
#1213 = DIRECTION('',(0.,0.342020143326,0.939692620786));
#1214 = ORIENTED_EDGE('',*,*,#1215,.F.);
#1215 = EDGE_CURVE('',#350,#1208,#1216,.T.);
#1216 = LINE('',#1217,#1218);
#1217 = CARTESIAN_POINT('',(15.310403397028,1.900356353439,
    4.636425289957));
#1218 = VECTOR('',#1219,1.);
#1219 = DIRECTION('',(0.,-0.939692620786,0.342020143326));
#1220 = PLANE('',#1221);
#1221 = AXIS2_PLACEMENT_3D('',#1222,#1223,#1224);
#1222 = CARTESIAN_POINT('',(15.310403397028,1.643819461222,
    3.931595971335));
#1223 = DIRECTION('',(-1.,0.,0.));
#1224 = DIRECTION('',(0.,0.342020143326,0.939692620786));
#1225 = ADVANCED_FACE('',(#1226),#1244,.T.);
#1226 = FACE_BOUND('',#1227,.T.);
#1227 = EDGE_LOOP('',(#1228,#1229,#1237,#1243));
#1228 = ORIENTED_EDGE('',*,*,#431,.T.);
#1229 = ORIENTED_EDGE('',*,*,#1230,.T.);
#1230 = EDGE_CURVE('',#424,#1231,#1233,.T.);
#1231 = VERTEX_POINT('',#1232);
#1232 = CARTESIAN_POINT('',(16.003397027601,0.892065364593,
    4.205212085995));
#1233 = LINE('',#1234,#1235);
#1234 = CARTESIAN_POINT('',(16.003397027601,1.643819461222,
    3.931595971335));
#1235 = VECTOR('',#1236,1.);
#1236 = DIRECTION('',(0.,-0.939692620786,0.342020143326));
#1237 = ORIENTED_EDGE('',*,*,#1238,.T.);
#1238 = EDGE_CURVE('',#1231,#1200,#1239,.T.);
#1239 = LINE('',#1240,#1241);
#1240 = CARTESIAN_POINT('',(16.003397027601,0.892065364593,
    4.205212085995));
#1241 = VECTOR('',#1242,1.);
#1242 = DIRECTION('',(-1.,0.,0.));
#1243 = ORIENTED_EDGE('',*,*,#1199,.F.);
#1244 = PLANE('',#1245);
#1245 = AXIS2_PLACEMENT_3D('',#1246,#1247,#1248);
#1246 = CARTESIAN_POINT('',(16.003397027601,1.643819461222,
    3.931595971335));
#1247 = DIRECTION('',(0.,-0.342020143326,-0.939692620786));
#1248 = DIRECTION('',(-1.,0.,0.));
#1249 = ADVANCED_FACE('',(#1250),#1268,.T.);
#1250 = FACE_BOUND('',#1251,.T.);
#1251 = EDGE_LOOP('',(#1252,#1253,#1261,#1267));
#1252 = ORIENTED_EDGE('',*,*,#423,.T.);
#1253 = ORIENTED_EDGE('',*,*,#1254,.T.);
#1254 = EDGE_CURVE('',#416,#1255,#1257,.T.);
#1255 = VERTEX_POINT('',#1256);
#1256 = CARTESIAN_POINT('',(16.003397027601,1.14860225681,4.910041404618
    ));
#1257 = LINE('',#1258,#1259);
#1258 = CARTESIAN_POINT('',(16.003397027601,1.900356353439,
    4.636425289957));
#1259 = VECTOR('',#1260,1.);
#1260 = DIRECTION('',(0.,-0.939692620786,0.342020143326));
#1261 = ORIENTED_EDGE('',*,*,#1262,.T.);
#1262 = EDGE_CURVE('',#1255,#1231,#1263,.T.);
#1263 = LINE('',#1264,#1265);
#1264 = CARTESIAN_POINT('',(16.003397027601,1.14860225681,4.910041404618
    ));
#1265 = VECTOR('',#1266,1.);
#1266 = DIRECTION('',(0.,-0.342020143326,-0.939692620786));
#1267 = ORIENTED_EDGE('',*,*,#1230,.F.);
#1268 = PLANE('',#1269);
#1269 = AXIS2_PLACEMENT_3D('',#1270,#1271,#1272);
#1270 = CARTESIAN_POINT('',(16.003397027601,1.900356353439,
    4.636425289957));
#1271 = DIRECTION('',(1.,0.,0.));
#1272 = DIRECTION('',(0.,-0.342020143326,-0.939692620786));
#1273 = ADVANCED_FACE('',(#1274),#1292,.T.);
#1274 = FACE_BOUND('',#1275,.T.);
#1275 = EDGE_LOOP('',(#1276,#1277,#1285,#1291));
#1276 = ORIENTED_EDGE('',*,*,#415,.T.);
#1277 = ORIENTED_EDGE('',*,*,#1278,.T.);
#1278 = EDGE_CURVE('',#408,#1279,#1281,.T.);
#1279 = VERTEX_POINT('',#1280);
#1280 = CARTESIAN_POINT('',(16.467091295117,1.14860225681,4.910041404618
    ));
#1281 = LINE('',#1282,#1283);
#1282 = CARTESIAN_POINT('',(16.467091295117,1.900356353439,
    4.636425289957));
#1283 = VECTOR('',#1284,1.);
#1284 = DIRECTION('',(0.,-0.939692620786,0.342020143326));
#1285 = ORIENTED_EDGE('',*,*,#1286,.T.);
#1286 = EDGE_CURVE('',#1279,#1255,#1287,.T.);
#1287 = LINE('',#1288,#1289);
#1288 = CARTESIAN_POINT('',(16.467091295117,1.14860225681,4.910041404618
    ));
#1289 = VECTOR('',#1290,1.);
#1290 = DIRECTION('',(-1.,0.,0.));
#1291 = ORIENTED_EDGE('',*,*,#1254,.F.);
#1292 = PLANE('',#1293);
#1293 = AXIS2_PLACEMENT_3D('',#1294,#1295,#1296);
#1294 = CARTESIAN_POINT('',(16.467091295117,1.900356353439,
    4.636425289957));
#1295 = DIRECTION('',(0.,-0.342020143326,-0.939692620786));
#1296 = DIRECTION('',(-1.,0.,0.));
#1297 = ADVANCED_FACE('',(#1298),#1316,.T.);
#1298 = FACE_BOUND('',#1299,.T.);
#1299 = EDGE_LOOP('',(#1300,#1301,#1309,#1315));
#1300 = ORIENTED_EDGE('',*,*,#407,.T.);
#1301 = ORIENTED_EDGE('',*,*,#1302,.T.);
#1302 = EDGE_CURVE('',#400,#1303,#1305,.T.);
#1303 = VERTEX_POINT('',#1304);
#1304 = CARTESIAN_POINT('',(16.467091295117,1.364241963311,
    5.502506628967));
#1305 = LINE('',#1306,#1307);
#1306 = CARTESIAN_POINT('',(16.467091295117,2.11599605994,5.228890514307
    ));
#1307 = VECTOR('',#1308,1.);
#1308 = DIRECTION('',(0.,-0.939692620786,0.342020143326));
#1309 = ORIENTED_EDGE('',*,*,#1310,.T.);
#1310 = EDGE_CURVE('',#1303,#1279,#1311,.T.);
#1311 = LINE('',#1312,#1313);
#1312 = CARTESIAN_POINT('',(16.467091295117,1.364241963311,
    5.502506628967));
#1313 = VECTOR('',#1314,1.);
#1314 = DIRECTION('',(0.,-0.342020143326,-0.939692620786));
#1315 = ORIENTED_EDGE('',*,*,#1278,.F.);
#1316 = PLANE('',#1317);
#1317 = AXIS2_PLACEMENT_3D('',#1318,#1319,#1320);
#1318 = CARTESIAN_POINT('',(16.467091295117,2.11599605994,5.228890514307
    ));
#1319 = DIRECTION('',(1.,0.,0.));
#1320 = DIRECTION('',(0.,-0.342020143326,-0.939692620786));
#1321 = ADVANCED_FACE('',(#1322),#1340,.T.);
#1322 = FACE_BOUND('',#1323,.T.);
#1323 = EDGE_LOOP('',(#1324,#1325,#1333,#1339));
#1324 = ORIENTED_EDGE('',*,*,#399,.T.);
#1325 = ORIENTED_EDGE('',*,*,#1326,.T.);
#1326 = EDGE_CURVE('',#392,#1327,#1329,.T.);
#1327 = VERTEX_POINT('',#1328);
#1328 = CARTESIAN_POINT('',(16.003397027601,1.364241963311,
    5.502506628967));
#1329 = LINE('',#1330,#1331);
#1330 = CARTESIAN_POINT('',(16.003397027601,2.11599605994,5.228890514307
    ));
#1331 = VECTOR('',#1332,1.);
#1332 = DIRECTION('',(0.,-0.939692620786,0.342020143326));
#1333 = ORIENTED_EDGE('',*,*,#1334,.T.);
#1334 = EDGE_CURVE('',#1327,#1303,#1335,.T.);
#1335 = LINE('',#1336,#1337);
#1336 = CARTESIAN_POINT('',(16.003397027601,1.364241963311,
    5.502506628967));
#1337 = VECTOR('',#1338,1.);
#1338 = DIRECTION('',(1.,0.,0.));
#1339 = ORIENTED_EDGE('',*,*,#1302,.F.);
#1340 = PLANE('',#1341);
#1341 = AXIS2_PLACEMENT_3D('',#1342,#1343,#1344);
#1342 = CARTESIAN_POINT('',(16.003397027601,2.11599605994,5.228890514307
    ));
#1343 = DIRECTION('',(0.,0.342020143326,0.939692620786));
#1344 = DIRECTION('',(1.,0.,0.));
#1345 = ADVANCED_FACE('',(#1346),#1364,.T.);
#1346 = FACE_BOUND('',#1347,.T.);
#1347 = EDGE_LOOP('',(#1348,#1349,#1357,#1363));
#1348 = ORIENTED_EDGE('',*,*,#391,.T.);
#1349 = ORIENTED_EDGE('',*,*,#1350,.T.);
#1350 = EDGE_CURVE('',#384,#1351,#1353,.T.);
#1351 = VERTEX_POINT('',#1352);
#1352 = CARTESIAN_POINT('',(16.003397027601,2.174749825677,
    7.729358679108));
#1353 = LINE('',#1354,#1355);
#1354 = CARTESIAN_POINT('',(16.003397027601,2.926503922306,
    7.455742564448));
#1355 = VECTOR('',#1356,1.);
#1356 = DIRECTION('',(0.,-0.939692620786,0.342020143326));
#1357 = ORIENTED_EDGE('',*,*,#1358,.T.);
#1358 = EDGE_CURVE('',#1351,#1327,#1359,.T.);
#1359 = LINE('',#1360,#1361);
#1360 = CARTESIAN_POINT('',(16.003397027601,2.174749825677,
    7.729358679108));
#1361 = VECTOR('',#1362,1.);
#1362 = DIRECTION('',(0.,-0.342020143326,-0.939692620786));
#1363 = ORIENTED_EDGE('',*,*,#1326,.F.);
#1364 = PLANE('',#1365);
#1365 = AXIS2_PLACEMENT_3D('',#1366,#1367,#1368);
#1366 = CARTESIAN_POINT('',(16.003397027601,2.926503922306,
    7.455742564448));
#1367 = DIRECTION('',(1.,0.,0.));
#1368 = DIRECTION('',(0.,-0.342020143326,-0.939692620786));
#1369 = ADVANCED_FACE('',(#1370),#1388,.T.);
#1370 = FACE_BOUND('',#1371,.T.);
#1371 = EDGE_LOOP('',(#1372,#1373,#1381,#1387));
#1372 = ORIENTED_EDGE('',*,*,#383,.T.);
#1373 = ORIENTED_EDGE('',*,*,#1374,.T.);
#1374 = EDGE_CURVE('',#376,#1375,#1377,.T.);
#1375 = VERTEX_POINT('',#1376);
#1376 = CARTESIAN_POINT('',(15.402123142251,2.174749825677,
    7.729358679108));
#1377 = LINE('',#1378,#1379);
#1378 = CARTESIAN_POINT('',(15.402123142251,2.926503922306,
    7.455742564448));
#1379 = VECTOR('',#1380,1.);
#1380 = DIRECTION('',(0.,-0.939692620786,0.342020143326));
#1381 = ORIENTED_EDGE('',*,*,#1382,.T.);
#1382 = EDGE_CURVE('',#1375,#1351,#1383,.T.);
#1383 = LINE('',#1384,#1385);
#1384 = CARTESIAN_POINT('',(15.402123142251,2.174749825677,
    7.729358679108));
#1385 = VECTOR('',#1386,1.);
#1386 = DIRECTION('',(1.,0.,0.));
#1387 = ORIENTED_EDGE('',*,*,#1350,.F.);
#1388 = PLANE('',#1389);
#1389 = AXIS2_PLACEMENT_3D('',#1390,#1391,#1392);
#1390 = CARTESIAN_POINT('',(15.402123142251,2.926503922306,
    7.455742564448));
#1391 = DIRECTION('',(0.,0.342020143326,0.939692620786));
#1392 = DIRECTION('',(1.,0.,0.));
#1393 = ADVANCED_FACE('',(#1394),#1412,.T.);
#1394 = FACE_BOUND('',#1395,.T.);
#1395 = EDGE_LOOP('',(#1396,#1397,#1405,#1411));
#1396 = ORIENTED_EDGE('',*,*,#375,.T.);
#1397 = ORIENTED_EDGE('',*,*,#1398,.T.);
#1398 = EDGE_CURVE('',#368,#1399,#1401,.T.);
#1399 = VERTEX_POINT('',#1400);
#1400 = CARTESIAN_POINT('',(13.781740976645,1.363370574411,
    5.500112507641));
#1401 = LINE('',#1402,#1403);
#1402 = CARTESIAN_POINT('',(13.781740976645,2.11512467104,5.22649639298)
  );
#1403 = VECTOR('',#1404,1.);
#1404 = DIRECTION('',(0.,-0.939692620786,0.342020143326));
#1405 = ORIENTED_EDGE('',*,*,#1406,.T.);
#1406 = EDGE_CURVE('',#1399,#1375,#1407,.T.);
#1407 = LINE('',#1408,#1409);
#1408 = CARTESIAN_POINT('',(13.781740976645,1.363370574411,
    5.500112507641));
#1409 = VECTOR('',#1410,1.);
#1410 = DIRECTION('',(0.564024580147,0.282425869186,0.77595869826));
#1411 = ORIENTED_EDGE('',*,*,#1374,.F.);
#1412 = PLANE('',#1413);
#1413 = AXIS2_PLACEMENT_3D('',#1414,#1415,#1416);
#1414 = CARTESIAN_POINT('',(13.781740976645,2.11512467104,5.22649639298)
  );
#1415 = DIRECTION('',(-0.825757999047,0.192907767741,0.530009735906));
#1416 = DIRECTION('',(0.564024580147,0.282425869186,0.77595869826));
#1417 = ADVANCED_FACE('',(#1418),#1436,.T.);
#1418 = FACE_BOUND('',#1419,.T.);
#1419 = EDGE_LOOP('',(#1420,#1421,#1429,#1435));
#1420 = ORIENTED_EDGE('',*,*,#367,.T.);
#1421 = ORIENTED_EDGE('',*,*,#1422,.T.);
#1422 = EDGE_CURVE('',#360,#1423,#1425,.T.);
#1423 = VERTEX_POINT('',#1424);
#1424 = CARTESIAN_POINT('',(13.781740976645,1.14860225681,4.910041404618
    ));
#1425 = LINE('',#1426,#1427);
#1426 = CARTESIAN_POINT('',(13.781740976645,1.900356353439,
    4.636425289957));
#1427 = VECTOR('',#1428,1.);
#1428 = DIRECTION('',(0.,-0.939692620786,0.342020143326));
#1429 = ORIENTED_EDGE('',*,*,#1430,.T.);
#1430 = EDGE_CURVE('',#1423,#1399,#1431,.T.);
#1431 = LINE('',#1432,#1433);
#1432 = CARTESIAN_POINT('',(13.781740976645,1.14860225681,4.910041404618
    ));
#1433 = VECTOR('',#1434,1.);
#1434 = DIRECTION('',(0.,0.342020143326,0.939692620786));
#1435 = ORIENTED_EDGE('',*,*,#1398,.F.);
#1436 = PLANE('',#1437);
#1437 = AXIS2_PLACEMENT_3D('',#1438,#1439,#1440);
#1438 = CARTESIAN_POINT('',(13.781740976645,1.900356353439,
    4.636425289957));
#1439 = DIRECTION('',(-1.,0.,0.));
#1440 = DIRECTION('',(0.,0.342020143326,0.939692620786));
#1441 = ADVANCED_FACE('',(#1442),#1453,.T.);
#1442 = FACE_BOUND('',#1443,.T.);
#1443 = EDGE_LOOP('',(#1444,#1445,#1446,#1452));
#1444 = ORIENTED_EDGE('',*,*,#359,.T.);
#1445 = ORIENTED_EDGE('',*,*,#1215,.T.);
#1446 = ORIENTED_EDGE('',*,*,#1447,.T.);
#1447 = EDGE_CURVE('',#1208,#1423,#1448,.T.);
#1448 = LINE('',#1449,#1450);
#1449 = CARTESIAN_POINT('',(15.310403397028,1.14860225681,4.910041404618
    ));
#1450 = VECTOR('',#1451,1.);
#1451 = DIRECTION('',(-1.,0.,0.));
#1452 = ORIENTED_EDGE('',*,*,#1422,.F.);
#1453 = PLANE('',#1454);
#1454 = AXIS2_PLACEMENT_3D('',#1455,#1456,#1457);
#1455 = CARTESIAN_POINT('',(15.310403397028,1.900356353439,
    4.636425289957));
#1456 = DIRECTION('',(0.,-0.342020143326,-0.939692620786));
#1457 = DIRECTION('',(-1.,0.,0.));
#1458 = ADVANCED_FACE('',(#1459),#1484,.T.);
#1459 = FACE_BOUND('',#1460,.T.);
#1460 = EDGE_LOOP('',(#1461,#1462,#1470,#1478));
#1461 = ORIENTED_EDGE('',*,*,#439,.T.);
#1462 = ORIENTED_EDGE('',*,*,#1463,.T.);
#1463 = EDGE_CURVE('',#442,#1464,#1466,.T.);
#1464 = VERTEX_POINT('',#1465);
#1465 = CARTESIAN_POINT('',(9.532908704883,1.231500387515,5.137802146845
    ));
#1466 = LINE('',#1467,#1468);
#1467 = CARTESIAN_POINT('',(9.532908704883,1.983254484144,4.864186032184
    ));
#1468 = VECTOR('',#1469,1.);
#1469 = DIRECTION('',(0.,-0.939692620786,0.342020143326));
#1470 = ORIENTED_EDGE('',*,*,#1471,.T.);
#1471 = EDGE_CURVE('',#1464,#1472,#1474,.T.);
#1472 = VERTEX_POINT('',#1473);
#1473 = CARTESIAN_POINT('',(10.225902335456,1.260140036035,
    5.216488934454));
#1474 = LINE('',#1475,#1476);
#1475 = CARTESIAN_POINT('',(9.532908704883,1.231500387515,5.137802146845
    ));
#1476 = VECTOR('',#1477,1.);
#1477 = DIRECTION('',(0.992778634966,4.102899349847E-02,0.11272623318));
#1478 = ORIENTED_EDGE('',*,*,#1479,.F.);
#1479 = EDGE_CURVE('',#440,#1472,#1480,.T.);
#1480 = LINE('',#1481,#1482);
#1481 = CARTESIAN_POINT('',(10.225902335456,2.011894132663,
    4.942872819793));
#1482 = VECTOR('',#1483,1.);
#1483 = DIRECTION('',(0.,-0.939692620786,0.342020143326));
#1484 = PLANE('',#1485);
#1485 = AXIS2_PLACEMENT_3D('',#1486,#1487,#1488);
#1486 = CARTESIAN_POINT('',(9.532908704883,1.983254484144,4.864186032184
    ));
#1487 = DIRECTION('',(-0.119960751725,0.339550291022,0.932906757352));
#1488 = DIRECTION('',(0.992778634966,4.102899349847E-02,0.11272623318));
#1489 = ADVANCED_FACE('',(#1490),#1508,.T.);
#1490 = FACE_BOUND('',#1491,.T.);
#1491 = EDGE_LOOP('',(#1492,#1493,#1501,#1507));
#1492 = ORIENTED_EDGE('',*,*,#811,.T.);
#1493 = ORIENTED_EDGE('',*,*,#1494,.T.);
#1494 = EDGE_CURVE('',#795,#1495,#1497,.T.);
#1495 = VERTEX_POINT('',#1496);
#1496 = CARTESIAN_POINT('',(9.92016985138,0.96979325449,4.41876770835));
#1497 = LINE('',#1498,#1499);
#1498 = CARTESIAN_POINT('',(9.92016985138,1.721547351119,4.145151593689)
  );
#1499 = VECTOR('',#1500,1.);
#1500 = DIRECTION('',(0.,-0.939692620786,0.342020143326));
#1501 = ORIENTED_EDGE('',*,*,#1502,.T.);
#1502 = EDGE_CURVE('',#1495,#1464,#1503,.T.);
#1503 = B_SPLINE_CURVE_WITH_KNOTS('',2,(#1504,#1505,#1506),
  .UNSPECIFIED.,.F.,.F.,(3,3),(0.,1.),.PIECEWISE_BEZIER_KNOTS.);
#1504 = CARTESIAN_POINT('',(9.92016985138,0.96979325449,4.41876770835));
#1505 = CARTESIAN_POINT('',(9.586411889597,1.069828700233,4.693612836671
    ));
#1506 = CARTESIAN_POINT('',(9.532908704883,1.231500387515,5.137802146845
    ));
#1507 = ORIENTED_EDGE('',*,*,#1463,.F.);
#1508 = SURFACE_OF_LINEAR_EXTRUSION('',#1509,#1513);
#1509 = B_SPLINE_CURVE_WITH_KNOTS('',2,(#1510,#1511,#1512),
  .UNSPECIFIED.,.F.,.F.,(3,3),(0.,1.),.PIECEWISE_BEZIER_KNOTS.);
#1510 = CARTESIAN_POINT('',(9.92016985138,1.721547351119,4.145151593689)
  );
#1511 = CARTESIAN_POINT('',(9.586411889597,1.821582796861,4.419996722011
    ));
#1512 = CARTESIAN_POINT('',(9.532908704883,1.983254484144,4.864186032184
    ));
#1513 = VECTOR('',#1514,1.);
#1514 = DIRECTION('',(-0.,0.939692620786,-0.342020143326));
#1515 = ADVANCED_FACE('',(#1516),#1534,.T.);
#1516 = FACE_BOUND('',#1517,.T.);
#1517 = EDGE_LOOP('',(#1518,#1519,#1527,#1533));
#1518 = ORIENTED_EDGE('',*,*,#794,.T.);
#1519 = ORIENTED_EDGE('',*,*,#1520,.T.);
#1520 = EDGE_CURVE('',#778,#1521,#1523,.T.);
#1521 = VERTEX_POINT('',#1522);
#1522 = CARTESIAN_POINT('',(10.76093418259,0.869757808748,4.143922580028
    ));
#1523 = LINE('',#1524,#1525);
#1524 = CARTESIAN_POINT('',(10.76093418259,1.621511905377,3.870306465368
    ));
#1525 = VECTOR('',#1526,1.);
#1526 = DIRECTION('',(0.,-0.939692620786,0.342020143326));
#1527 = ORIENTED_EDGE('',*,*,#1528,.T.);
#1528 = EDGE_CURVE('',#1521,#1495,#1529,.T.);
#1529 = B_SPLINE_CURVE_WITH_KNOTS('',2,(#1530,#1531,#1532),
  .UNSPECIFIED.,.F.,.F.,(3,3),(0.,1.),.PIECEWISE_BEZIER_KNOTS.);
#1530 = CARTESIAN_POINT('',(10.76093418259,0.869757808748,4.143922580028
    ));
#1531 = CARTESIAN_POINT('',(10.253927813163,0.869757808748,
    4.143922580028));
#1532 = CARTESIAN_POINT('',(9.92016985138,0.96979325449,4.41876770835));
#1533 = ORIENTED_EDGE('',*,*,#1494,.F.);
#1534 = SURFACE_OF_LINEAR_EXTRUSION('',#1535,#1539);
#1535 = B_SPLINE_CURVE_WITH_KNOTS('',2,(#1536,#1537,#1538),
  .UNSPECIFIED.,.F.,.F.,(3,3),(0.,1.),.PIECEWISE_BEZIER_KNOTS.);
#1536 = CARTESIAN_POINT('',(10.76093418259,1.621511905377,3.870306465368
    ));
#1537 = CARTESIAN_POINT('',(10.253927813163,1.621511905377,
    3.870306465368));
#1538 = CARTESIAN_POINT('',(9.92016985138,1.721547351119,4.145151593689)
  );
#1539 = VECTOR('',#1540,1.);
#1540 = DIRECTION('',(-0.,0.939692620786,-0.342020143326));
#1541 = ADVANCED_FACE('',(#1542),#1560,.T.);
#1542 = FACE_BOUND('',#1543,.T.);
#1543 = EDGE_LOOP('',(#1544,#1545,#1553,#1559));
#1544 = ORIENTED_EDGE('',*,*,#777,.T.);
#1545 = ORIENTED_EDGE('',*,*,#1546,.T.);
#1546 = EDGE_CURVE('',#763,#1547,#1549,.T.);
#1547 = VERTEX_POINT('',#1548);
#1548 = CARTESIAN_POINT('',(11.655201698514,0.988847625108,
    4.471119161363));
#1549 = LINE('',#1550,#1551);
#1550 = CARTESIAN_POINT('',(11.655201698514,1.740601721737,
    4.197503046703));
#1551 = VECTOR('',#1552,1.);
#1552 = DIRECTION('',(0.,-0.939692620786,0.342020143326));
#1553 = ORIENTED_EDGE('',*,*,#1554,.T.);
#1554 = EDGE_CURVE('',#1547,#1521,#1555,.T.);
#1555 = B_SPLINE_CURVE_WITH_KNOTS('',2,(#1556,#1557,#1558),
  .UNSPECIFIED.,.F.,.F.,(3,3),(0.,1.),.PIECEWISE_BEZIER_KNOTS.);
#1556 = CARTESIAN_POINT('',(11.655201698514,0.988847625108,
    4.471119161363));
#1557 = CARTESIAN_POINT('',(11.295966029724,0.869757808748,
    4.143922580028));
#1558 = CARTESIAN_POINT('',(10.76093418259,0.869757808748,4.143922580028
    ));
#1559 = ORIENTED_EDGE('',*,*,#1520,.F.);
#1560 = SURFACE_OF_LINEAR_EXTRUSION('',#1561,#1565);
#1561 = B_SPLINE_CURVE_WITH_KNOTS('',2,(#1562,#1563,#1564),
  .UNSPECIFIED.,.F.,.F.,(3,3),(0.,1.),.PIECEWISE_BEZIER_KNOTS.);
#1562 = CARTESIAN_POINT('',(11.655201698514,1.740601721737,
    4.197503046703));
#1563 = CARTESIAN_POINT('',(11.295966029724,1.621511905377,
    3.870306465368));
#1564 = CARTESIAN_POINT('',(10.76093418259,1.621511905377,3.870306465368
    ));
#1565 = VECTOR('',#1566,1.);
#1566 = DIRECTION('',(-0.,0.939692620786,-0.342020143326));
#1567 = ADVANCED_FACE('',(#1568),#1586,.T.);
#1568 = FACE_BOUND('',#1569,.T.);
#1569 = EDGE_LOOP('',(#1570,#1571,#1579,#1585));
#1570 = ORIENTED_EDGE('',*,*,#762,.T.);
#1571 = ORIENTED_EDGE('',*,*,#1572,.T.);
#1572 = EDGE_CURVE('',#748,#1573,#1575,.T.);
#1573 = VERTEX_POINT('',#1574);
#1574 = CARTESIAN_POINT('',(12.014437367304,1.276928795512,
    5.262615672018));
#1575 = LINE('',#1576,#1577);
#1576 = CARTESIAN_POINT('',(12.014437367304,2.02868289214,4.988999557357
    ));
#1577 = VECTOR('',#1578,1.);
#1578 = DIRECTION('',(0.,-0.939692620786,0.342020143326));
#1579 = ORIENTED_EDGE('',*,*,#1580,.T.);
#1580 = EDGE_CURVE('',#1573,#1547,#1581,.T.);
#1581 = B_SPLINE_CURVE_WITH_KNOTS('',2,(#1582,#1583,#1584),
  .UNSPECIFIED.,.F.,.F.,(3,3),(0.,1.),.PIECEWISE_BEZIER_KNOTS.);
#1582 = CARTESIAN_POINT('',(12.014437367304,1.276928795512,
    5.262615672018));
#1583 = CARTESIAN_POINT('',(12.014437367304,1.107937441468,
    4.798315742699));
#1584 = CARTESIAN_POINT('',(11.655201698514,0.988847625108,
    4.471119161363));
#1585 = ORIENTED_EDGE('',*,*,#1546,.F.);
#1586 = SURFACE_OF_LINEAR_EXTRUSION('',#1587,#1591);
#1587 = B_SPLINE_CURVE_WITH_KNOTS('',2,(#1588,#1589,#1590),
  .UNSPECIFIED.,.F.,.F.,(3,3),(0.,1.),.PIECEWISE_BEZIER_KNOTS.);
#1588 = CARTESIAN_POINT('',(12.014437367304,2.02868289214,4.988999557357
    ));
#1589 = CARTESIAN_POINT('',(12.014437367304,1.859691538096,
    4.524699628038));
#1590 = CARTESIAN_POINT('',(11.655201698514,1.740601721737,
    4.197503046703));
#1591 = VECTOR('',#1592,1.);
#1592 = DIRECTION('',(-0.,0.939692620786,-0.342020143326));
#1593 = ADVANCED_FACE('',(#1594),#1612,.T.);
#1594 = FACE_BOUND('',#1595,.T.);
#1595 = EDGE_LOOP('',(#1596,#1597,#1605,#1611));
#1596 = ORIENTED_EDGE('',*,*,#747,.T.);
#1597 = ORIENTED_EDGE('',*,*,#1598,.T.);
#1598 = EDGE_CURVE('',#733,#1599,#1601,.T.);
#1599 = VERTEX_POINT('',#1600);
#1600 = CARTESIAN_POINT('',(11.821995753716,1.475663557349,
    5.808634942626));
#1601 = LINE('',#1602,#1603);
#1602 = CARTESIAN_POINT('',(11.821995753716,2.227417653978,
    5.535018827966));
#1603 = VECTOR('',#1604,1.);
#1604 = DIRECTION('',(0.,-0.939692620786,0.342020143326));
#1605 = ORIENTED_EDGE('',*,*,#1606,.T.);
#1606 = EDGE_CURVE('',#1599,#1573,#1607,.T.);
#1607 = B_SPLINE_CURVE_WITH_KNOTS('',2,(#1608,#1609,#1610),
  .UNSPECIFIED.,.F.,.F.,(3,3),(0.,1.),.PIECEWISE_BEZIER_KNOTS.);
#1608 = CARTESIAN_POINT('',(11.821995753716,1.475663557349,
    5.808634942626));
#1609 = CARTESIAN_POINT('',(12.014437367304,1.393346352578,
    5.582470281284));
#1610 = CARTESIAN_POINT('',(12.014437367304,1.276928795512,
    5.262615672018));
#1611 = ORIENTED_EDGE('',*,*,#1572,.F.);
#1612 = SURFACE_OF_LINEAR_EXTRUSION('',#1613,#1617);
#1613 = B_SPLINE_CURVE_WITH_KNOTS('',2,(#1614,#1615,#1616),
  .UNSPECIFIED.,.F.,.F.,(3,3),(0.,1.),.PIECEWISE_BEZIER_KNOTS.);
#1614 = CARTESIAN_POINT('',(11.821995753716,2.227417653978,
    5.535018827966));
#1615 = CARTESIAN_POINT('',(12.014437367304,2.145100449206,
    5.308854166623));
#1616 = CARTESIAN_POINT('',(12.014437367304,2.02868289214,4.988999557357
    ));
#1617 = VECTOR('',#1618,1.);
#1618 = DIRECTION('',(-0.,0.939692620786,-0.342020143326));
#1619 = ADVANCED_FACE('',(#1620),#1638,.T.);
#1620 = FACE_BOUND('',#1621,.T.);
#1621 = EDGE_LOOP('',(#1622,#1623,#1631,#1637));
#1622 = ORIENTED_EDGE('',*,*,#732,.T.);
#1623 = ORIENTED_EDGE('',*,*,#1624,.T.);
#1624 = EDGE_CURVE('',#711,#1625,#1627,.T.);
#1625 = VERTEX_POINT('',#1626);
#1626 = CARTESIAN_POINT('',(11.308704883227,1.581624447612,
    6.099760095971));
#1627 = LINE('',#1628,#1629);
#1628 = CARTESIAN_POINT('',(11.308704883227,2.333378544241,5.82614398131
    ));
#1629 = VECTOR('',#1630,1.);
#1630 = DIRECTION('',(0.,-0.939692620786,0.342020143326));
#1631 = ORIENTED_EDGE('',*,*,#1632,.T.);
#1632 = EDGE_CURVE('',#1625,#1599,#1633,.T.);
#1633 = B_SPLINE_CURVE_WITH_KNOTS('',2,(#1634,#1635,#1636),
  .UNSPECIFIED.,.F.,.F.,(3,3),(0.,1.),.PIECEWISE_BEZIER_KNOTS.);
#1634 = CARTESIAN_POINT('',(11.308704883227,1.581624447612,
    6.099760095971));
#1635 = CARTESIAN_POINT('',(11.629723991507,1.557980762121,
    6.034799603969));
#1636 = CARTESIAN_POINT('',(11.821995753716,1.475663557349,
    5.808634942626));
#1637 = ORIENTED_EDGE('',*,*,#1598,.F.);
#1638 = SURFACE_OF_LINEAR_EXTRUSION('',#1639,#1643);
#1639 = B_SPLINE_CURVE_WITH_KNOTS('',2,(#1640,#1641,#1642),
  .UNSPECIFIED.,.F.,.F.,(3,3),(0.,1.),.PIECEWISE_BEZIER_KNOTS.);
#1640 = CARTESIAN_POINT('',(11.308704883227,2.333378544241,5.82614398131
    ));
#1641 = CARTESIAN_POINT('',(11.629723991507,2.309734858749,
    5.761183489308));
#1642 = CARTESIAN_POINT('',(11.821995753716,2.227417653978,
    5.535018827966));
#1643 = VECTOR('',#1644,1.);
#1644 = DIRECTION('',(-0.,0.939692620786,-0.342020143326));
#1645 = ADVANCED_FACE('',(#1646),#1664,.T.);
#1646 = FACE_BOUND('',#1647,.T.);
#1647 = EDGE_LOOP('',(#1648,#1649,#1657,#1663));
#1648 = ORIENTED_EDGE('',*,*,#710,.T.);
#1649 = ORIENTED_EDGE('',*,*,#1650,.T.);
#1650 = EDGE_CURVE('',#696,#1651,#1653,.T.);
#1651 = VERTEX_POINT('',#1652);
#1652 = CARTESIAN_POINT('',(11.846284501062,1.850360784432,
    6.838107113169));
#1653 = LINE('',#1654,#1655);
#1654 = CARTESIAN_POINT('',(11.846284501062,2.602114881061,
    6.564490998508));
#1655 = VECTOR('',#1656,1.);
#1656 = DIRECTION('',(0.,-0.939692620786,0.342020143326));
#1657 = ORIENTED_EDGE('',*,*,#1658,.T.);
#1658 = EDGE_CURVE('',#1651,#1625,#1659,.T.);
#1659 = B_SPLINE_CURVE_WITH_KNOTS('',2,(#1660,#1661,#1662),
  .UNSPECIFIED.,.F.,.F.,(3,3),(0.,1.),.PIECEWISE_BEZIER_KNOTS.);
#1660 = CARTESIAN_POINT('',(11.846284501062,1.850360784432,
    6.838107113169));
#1661 = CARTESIAN_POINT('',(11.846284501062,1.681950356321,
    6.375403264734));
#1662 = CARTESIAN_POINT('',(11.308704883227,1.581624447612,
    6.099760095971));
#1663 = ORIENTED_EDGE('',*,*,#1624,.F.);
#1664 = SURFACE_OF_LINEAR_EXTRUSION('',#1665,#1669);
#1665 = B_SPLINE_CURVE_WITH_KNOTS('',2,(#1666,#1667,#1668),
  .UNSPECIFIED.,.F.,.F.,(3,3),(0.,1.),.PIECEWISE_BEZIER_KNOTS.);
#1666 = CARTESIAN_POINT('',(11.846284501062,2.602114881061,
    6.564490998508));
#1667 = CARTESIAN_POINT('',(11.846284501062,2.43370445295,6.101787150074
    ));
#1668 = CARTESIAN_POINT('',(11.308704883227,2.333378544241,5.82614398131
    ));
#1669 = VECTOR('',#1670,1.);
#1670 = DIRECTION('',(-0.,0.939692620786,-0.342020143326));
#1671 = ADVANCED_FACE('',(#1672),#1690,.T.);
#1672 = FACE_BOUND('',#1673,.T.);
#1673 = EDGE_LOOP('',(#1674,#1675,#1683,#1689));
#1674 = ORIENTED_EDGE('',*,*,#695,.T.);
#1675 = ORIENTED_EDGE('',*,*,#1676,.T.);
#1676 = EDGE_CURVE('',#679,#1677,#1679,.T.);
#1677 = VERTEX_POINT('',#1678);
#1678 = CARTESIAN_POINT('',(11.583864118896,2.063270139046,
    7.423070757361));
#1679 = LINE('',#1680,#1681);
#1680 = CARTESIAN_POINT('',(11.583864118896,2.815024235674,7.1494546427)
  );
#1681 = VECTOR('',#1682,1.);
#1682 = DIRECTION('',(0.,-0.939692620786,0.342020143326));
#1683 = ORIENTED_EDGE('',*,*,#1684,.T.);
#1684 = EDGE_CURVE('',#1677,#1651,#1685,.T.);
#1685 = B_SPLINE_CURVE_WITH_KNOTS('',2,(#1686,#1687,#1688),
  .UNSPECIFIED.,.F.,.F.,(3,3),(0.,1.),.PIECEWISE_BEZIER_KNOTS.);
#1686 = CARTESIAN_POINT('',(11.583864118896,2.063270139046,
    7.423070757361));
#1687 = CARTESIAN_POINT('',(11.846284501062,1.969043952638,
    7.164186437885));
#1688 = CARTESIAN_POINT('',(11.846284501062,1.850360784432,
    6.838107113169));
#1689 = ORIENTED_EDGE('',*,*,#1650,.F.);
#1690 = SURFACE_OF_LINEAR_EXTRUSION('',#1691,#1695);
#1691 = B_SPLINE_CURVE_WITH_KNOTS('',2,(#1692,#1693,#1694),
  .UNSPECIFIED.,.F.,.F.,(3,3),(0.,1.),.PIECEWISE_BEZIER_KNOTS.);
#1692 = CARTESIAN_POINT('',(11.583864118896,2.815024235674,7.1494546427)
  );
#1693 = CARTESIAN_POINT('',(11.846284501062,2.720798049267,
    6.890570323224));
#1694 = CARTESIAN_POINT('',(11.846284501062,2.602114881061,
    6.564490998508));
#1695 = VECTOR('',#1696,1.);
#1696 = DIRECTION('',(-0.,0.939692620786,-0.342020143326));
#1697 = ADVANCED_FACE('',(#1698),#1716,.T.);
#1698 = FACE_BOUND('',#1699,.T.);
#1699 = EDGE_LOOP('',(#1700,#1701,#1709,#1715));
#1700 = ORIENTED_EDGE('',*,*,#678,.T.);
#1701 = ORIENTED_EDGE('',*,*,#1702,.T.);
#1702 = EDGE_CURVE('',#668,#1703,#1705,.T.);
#1703 = VERTEX_POINT('',#1704);
#1704 = CARTESIAN_POINT('',(10.738004246285,2.178467751651,7.73957359677
    ));
#1705 = LINE('',#1706,#1707);
#1706 = CARTESIAN_POINT('',(10.738004246285,2.93022184828,7.465957482109
    ));
#1707 = VECTOR('',#1708,1.);
#1708 = DIRECTION('',(0.,-0.939692620786,0.342020143326));
#1709 = ORIENTED_EDGE('',*,*,#1710,.T.);
#1710 = EDGE_CURVE('',#1703,#1677,#1711,.T.);
#1711 = B_SPLINE_CURVE_WITH_KNOTS('',2,(#1712,#1713,#1714),
  .UNSPECIFIED.,.F.,.F.,(3,3),(0.,1.),.PIECEWISE_BEZIER_KNOTS.);
#1712 = CARTESIAN_POINT('',(10.738004246285,2.178467751651,7.73957359677
    ));
#1713 = CARTESIAN_POINT('',(11.265392781316,2.178467751651,7.73957359677
    ));
#1714 = CARTESIAN_POINT('',(11.583864118896,2.063270139046,
    7.423070757361));
#1715 = ORIENTED_EDGE('',*,*,#1676,.F.);
#1716 = SURFACE_OF_LINEAR_EXTRUSION('',#1717,#1721);
#1717 = B_SPLINE_CURVE_WITH_KNOTS('',2,(#1718,#1719,#1720),
  .UNSPECIFIED.,.F.,.F.,(3,3),(0.,1.),.PIECEWISE_BEZIER_KNOTS.);
#1718 = CARTESIAN_POINT('',(10.738004246285,2.93022184828,7.465957482109
    ));
#1719 = CARTESIAN_POINT('',(11.265392781316,2.93022184828,7.465957482109
    ));
#1720 = CARTESIAN_POINT('',(11.583864118896,2.815024235674,7.1494546427)
  );
#1721 = VECTOR('',#1722,1.);
#1722 = DIRECTION('',(-0.,0.939692620786,-0.342020143326));
#1723 = ADVANCED_FACE('',(#1724),#1742,.T.);
#1724 = FACE_BOUND('',#1725,.T.);
#1725 = EDGE_LOOP('',(#1726,#1727,#1735,#1741));
#1726 = ORIENTED_EDGE('',*,*,#667,.T.);
#1727 = ORIENTED_EDGE('',*,*,#1728,.T.);
#1728 = EDGE_CURVE('',#653,#1729,#1731,.T.);
#1729 = VERTEX_POINT('',#1730);
#1730 = CARTESIAN_POINT('',(10.181231422505,2.138383862242,
    7.629444015735));
#1731 = LINE('',#1732,#1733);
#1732 = CARTESIAN_POINT('',(10.181231422505,2.890137958871,
    7.355827901074));
#1733 = VECTOR('',#1734,1.);
#1734 = DIRECTION('',(0.,-0.939692620786,0.342020143326));
#1735 = ORIENTED_EDGE('',*,*,#1736,.T.);
#1736 = EDGE_CURVE('',#1729,#1703,#1737,.T.);
#1737 = B_SPLINE_CURVE_WITH_KNOTS('',2,(#1738,#1739,#1740),
  .UNSPECIFIED.,.F.,.F.,(3,3),(0.,1.),.PIECEWISE_BEZIER_KNOTS.);
#1738 = CARTESIAN_POINT('',(10.181231422505,2.138383862242,
    7.629444015735));
#1739 = CARTESIAN_POINT('',(10.429723991507,2.178467751651,7.73957359677
    ));
#1740 = CARTESIAN_POINT('',(10.738004246285,2.178467751651,7.73957359677
    ));
#1741 = ORIENTED_EDGE('',*,*,#1702,.F.);
#1742 = SURFACE_OF_LINEAR_EXTRUSION('',#1743,#1747);
#1743 = B_SPLINE_CURVE_WITH_KNOTS('',2,(#1744,#1745,#1746),
  .UNSPECIFIED.,.F.,.F.,(3,3),(0.,1.),.PIECEWISE_BEZIER_KNOTS.);
#1744 = CARTESIAN_POINT('',(10.181231422505,2.890137958871,
    7.355827901074));
#1745 = CARTESIAN_POINT('',(10.429723991507,2.93022184828,7.465957482109
    ));
#1746 = CARTESIAN_POINT('',(10.738004246285,2.93022184828,7.465957482109
    ));
#1747 = VECTOR('',#1748,1.);
#1748 = DIRECTION('',(-0.,0.939692620786,-0.342020143326));
#1749 = ADVANCED_FACE('',(#1750),#1768,.T.);
#1750 = FACE_BOUND('',#1751,.T.);
#1751 = EDGE_LOOP('',(#1752,#1753,#1761,#1767));
#1752 = ORIENTED_EDGE('',*,*,#652,.T.);
#1753 = ORIENTED_EDGE('',*,*,#1754,.T.);
#1754 = EDGE_CURVE('',#641,#1755,#1757,.T.);
#1755 = VERTEX_POINT('',#1756);
#1756 = CARTESIAN_POINT('',(9.793970276008,2.028356490445,7.327146296199
    ));
#1757 = LINE('',#1758,#1759);
#1758 = CARTESIAN_POINT('',(9.793970276008,2.780110587073,7.053530181538
    ));
#1759 = VECTOR('',#1760,1.);
#1760 = DIRECTION('',(0.,-0.939692620786,0.342020143326));
#1761 = ORIENTED_EDGE('',*,*,#1762,.T.);
#1762 = EDGE_CURVE('',#1755,#1729,#1763,.T.);
#1763 = B_SPLINE_CURVE_WITH_KNOTS('',2,(#1764,#1765,#1766),
  .UNSPECIFIED.,.F.,.F.,(3,3),(0.,1.),.PIECEWISE_BEZIER_KNOTS.);
#1764 = CARTESIAN_POINT('',(9.793970276008,2.028356490445,7.327146296199
    ));
#1765 = CARTESIAN_POINT('',(9.932908704883,2.098358065427,7.519474042789
    ));
#1766 = CARTESIAN_POINT('',(10.181231422505,2.138383862242,
    7.629444015735));
#1767 = ORIENTED_EDGE('',*,*,#1728,.F.);
#1768 = SURFACE_OF_LINEAR_EXTRUSION('',#1769,#1773);
#1769 = B_SPLINE_CURVE_WITH_KNOTS('',2,(#1770,#1771,#1772),
  .UNSPECIFIED.,.F.,.F.,(3,3),(0.,1.),.PIECEWISE_BEZIER_KNOTS.);
#1770 = CARTESIAN_POINT('',(9.793970276008,2.780110587073,7.053530181538
    ));
#1771 = CARTESIAN_POINT('',(9.932908704883,2.850112162056,7.245857928128
    ));
#1772 = CARTESIAN_POINT('',(10.181231422505,2.890137958871,
    7.355827901074));
#1773 = VECTOR('',#1774,1.);
#1774 = DIRECTION('',(-0.,0.939692620786,-0.342020143326));
#1775 = ADVANCED_FACE('',(#1776),#1794,.T.);
#1776 = FACE_BOUND('',#1777,.T.);
#1777 = EDGE_LOOP('',(#1778,#1779,#1787,#1793));
#1778 = ORIENTED_EDGE('',*,*,#640,.T.);
#1779 = ORIENTED_EDGE('',*,*,#1780,.T.);
#1780 = EDGE_CURVE('',#633,#1781,#1783,.T.);
#1781 = VERTEX_POINT('',#1782);
#1782 = CARTESIAN_POINT('',(9.586411889597,1.841356432463,6.813367859458
    ));
#1783 = LINE('',#1784,#1785);
#1784 = CARTESIAN_POINT('',(9.586411889597,2.593110529092,6.539751744798
    ));
#1785 = VECTOR('',#1786,1.);
#1786 = DIRECTION('',(0.,-0.939692620786,0.342020143326));
#1787 = ORIENTED_EDGE('',*,*,#1788,.T.);
#1788 = EDGE_CURVE('',#1781,#1755,#1789,.T.);
#1789 = B_SPLINE_CURVE_WITH_KNOTS('',2,(#1790,#1791,#1792),
  .UNSPECIFIED.,.F.,.F.,(3,3),(0.,1.),.PIECEWISE_BEZIER_KNOTS.);
#1790 = CARTESIAN_POINT('',(9.586411889597,1.841356432463,6.813367859458
    ));
#1791 = CARTESIAN_POINT('',(9.655201698514,1.958413008056,7.134978157698
    ));
#1792 = CARTESIAN_POINT('',(9.793970276008,2.028356490445,7.327146296199
    ));
#1793 = ORIENTED_EDGE('',*,*,#1754,.F.);
#1794 = SURFACE_OF_LINEAR_EXTRUSION('',#1795,#1799);
#1795 = B_SPLINE_CURVE_WITH_KNOTS('',2,(#1796,#1797,#1798),
  .UNSPECIFIED.,.F.,.F.,(3,3),(0.,1.),.PIECEWISE_BEZIER_KNOTS.);
#1796 = CARTESIAN_POINT('',(9.586411889597,2.593110529092,6.539751744798
    ));
#1797 = CARTESIAN_POINT('',(9.655201698514,2.710167104685,6.861362043037
    ));
#1798 = CARTESIAN_POINT('',(9.793970276008,2.780110587073,7.053530181538
    ));
#1799 = VECTOR('',#1800,1.);
#1800 = DIRECTION('',(-0.,0.939692620786,-0.342020143326));
#1801 = ADVANCED_FACE('',(#1802),#1820,.T.);
#1802 = FACE_BOUND('',#1803,.T.);
#1803 = EDGE_LOOP('',(#1804,#1805,#1813,#1819));
#1804 = ORIENTED_EDGE('',*,*,#632,.T.);
#1805 = ORIENTED_EDGE('',*,*,#1806,.T.);
#1806 = EDGE_CURVE('',#622,#1807,#1809,.T.);
#1807 = VERTEX_POINT('',#1808);
#1808 = CARTESIAN_POINT('',(10.246284501062,1.802957228261,
    6.707866912989));
#1809 = LINE('',#1810,#1811);
#1810 = CARTESIAN_POINT('',(10.246284501062,2.55471132489,6.434250798328
    ));
#1811 = VECTOR('',#1812,1.);
#1812 = DIRECTION('',(0.,-0.939692620786,0.342020143326));
#1813 = ORIENTED_EDGE('',*,*,#1814,.T.);
#1814 = EDGE_CURVE('',#1807,#1781,#1815,.T.);
#1815 = LINE('',#1816,#1817);
#1816 = CARTESIAN_POINT('',(10.246284501062,1.802957228261,
    6.707866912989));
#1817 = VECTOR('',#1818,1.);
#1818 = DIRECTION('',(-0.985832777796,5.736742741817E-02,0.157615711444)
  );
#1819 = ORIENTED_EDGE('',*,*,#1780,.F.);
#1820 = PLANE('',#1821);
#1821 = AXIS2_PLACEMENT_3D('',#1822,#1823,#1824);
#1822 = CARTESIAN_POINT('',(10.246284501062,2.55471132489,6.434250798328
    ));
#1823 = DIRECTION('',(-0.167731136711,-0.337174667957,-0.926379786624));
#1824 = DIRECTION('',(-0.985832777796,5.736742741817E-02,0.157615711444)
  );
#1825 = ADVANCED_FACE('',(#1826),#1844,.T.);
#1826 = FACE_BOUND('',#1827,.T.);
#1827 = EDGE_LOOP('',(#1828,#1829,#1837,#1843));
#1828 = ORIENTED_EDGE('',*,*,#621,.T.);
#1829 = ORIENTED_EDGE('',*,*,#1830,.T.);
#1830 = EDGE_CURVE('',#609,#1831,#1833,.T.);
#1831 = VERTEX_POINT('',#1832);
#1832 = CARTESIAN_POINT('',(10.404246284501,1.93035428547,7.057887450973
    ));
#1833 = LINE('',#1834,#1835);
#1834 = CARTESIAN_POINT('',(10.404246284501,2.682108382098,
    6.784271336313));
#1835 = VECTOR('',#1836,1.);
#1836 = DIRECTION('',(0.,-0.939692620786,0.342020143326));
#1837 = ORIENTED_EDGE('',*,*,#1838,.T.);
#1838 = EDGE_CURVE('',#1831,#1807,#1839,.T.);
#1839 = B_SPLINE_CURVE_WITH_KNOTS('',2,(#1840,#1841,#1842),
  .UNSPECIFIED.,.F.,.F.,(3,3),(0.,1.),.PIECEWISE_BEZIER_KNOTS.);
#1840 = CARTESIAN_POINT('',(10.404246284501,1.93035428547,7.057887450973
    ));
#1841 = CARTESIAN_POINT('',(10.274309978769,1.886726747867,
    6.938021776543));
#1842 = CARTESIAN_POINT('',(10.246284501062,1.802957228261,
    6.707866912989));
#1843 = ORIENTED_EDGE('',*,*,#1806,.F.);
#1844 = SURFACE_OF_LINEAR_EXTRUSION('',#1845,#1849);
#1845 = B_SPLINE_CURVE_WITH_KNOTS('',2,(#1846,#1847,#1848),
  .UNSPECIFIED.,.F.,.F.,(3,3),(0.,1.),.PIECEWISE_BEZIER_KNOTS.);
#1846 = CARTESIAN_POINT('',(10.404246284501,2.682108382098,
    6.784271336313));
#1847 = CARTESIAN_POINT('',(10.274309978769,2.638480844495,
    6.664405661882));
#1848 = CARTESIAN_POINT('',(10.246284501062,2.55471132489,6.434250798328
    ));
#1849 = VECTOR('',#1850,1.);
#1850 = DIRECTION('',(-0.,0.939692620786,-0.342020143326));
#1851 = ADVANCED_FACE('',(#1852),#1870,.T.);
#1852 = FACE_BOUND('',#1853,.T.);
#1853 = EDGE_LOOP('',(#1854,#1855,#1863,#1869));
#1854 = ORIENTED_EDGE('',*,*,#608,.T.);
#1855 = ORIENTED_EDGE('',*,*,#1856,.T.);
#1856 = EDGE_CURVE('',#594,#1857,#1859,.T.);
#1857 = VERTEX_POINT('',#1858);
#1858 = CARTESIAN_POINT('',(10.717622080679,1.973981823073,
    7.177753125404));
#1859 = LINE('',#1860,#1861);
#1860 = CARTESIAN_POINT('',(10.717622080679,2.725735919701,
    6.904137010743));
#1861 = VECTOR('',#1862,1.);
#1862 = DIRECTION('',(0.,-0.939692620786,0.342020143326));
#1863 = ORIENTED_EDGE('',*,*,#1864,.T.);
#1864 = EDGE_CURVE('',#1857,#1831,#1865,.T.);
#1865 = B_SPLINE_CURVE_WITH_KNOTS('',2,(#1866,#1867,#1868),
  .UNSPECIFIED.,.F.,.F.,(3,3),(0.,1.),.PIECEWISE_BEZIER_KNOTS.);
#1866 = CARTESIAN_POINT('',(10.717622080679,1.973981823073,
    7.177753125404));
#1867 = CARTESIAN_POINT('',(10.534182590234,1.973981823073,
    7.177753125404));
#1868 = CARTESIAN_POINT('',(10.404246284501,1.93035428547,7.057887450973
    ));
#1869 = ORIENTED_EDGE('',*,*,#1830,.F.);
#1870 = SURFACE_OF_LINEAR_EXTRUSION('',#1871,#1875);
#1871 = B_SPLINE_CURVE_WITH_KNOTS('',2,(#1872,#1873,#1874),
  .UNSPECIFIED.,.F.,.F.,(3,3),(0.,1.),.PIECEWISE_BEZIER_KNOTS.);
#1872 = CARTESIAN_POINT('',(10.717622080679,2.725735919701,
    6.904137010743));
#1873 = CARTESIAN_POINT('',(10.534182590234,2.725735919701,
    6.904137010743));
#1874 = CARTESIAN_POINT('',(10.404246284501,2.682108382098,
    6.784271336313));
#1875 = VECTOR('',#1876,1.);
#1876 = DIRECTION('',(-0.,0.939692620786,-0.342020143326));
#1877 = ADVANCED_FACE('',(#1878),#1896,.T.);
#1878 = FACE_BOUND('',#1879,.T.);
#1879 = EDGE_LOOP('',(#1880,#1881,#1889,#1895));
#1880 = ORIENTED_EDGE('',*,*,#593,.T.);
#1881 = ORIENTED_EDGE('',*,*,#1882,.T.);
#1882 = EDGE_CURVE('',#579,#1883,#1885,.T.);
#1883 = VERTEX_POINT('',#1884);
#1884 = CARTESIAN_POINT('',(11.015711252654,1.935756896651,7.0727310032)
  );
#1885 = LINE('',#1886,#1887);
#1886 = CARTESIAN_POINT('',(11.015711252654,2.68751099328,6.799114888539
    ));
#1887 = VECTOR('',#1888,1.);
#1888 = DIRECTION('',(0.,-0.939692620786,0.342020143326));
#1889 = ORIENTED_EDGE('',*,*,#1890,.T.);
#1890 = EDGE_CURVE('',#1883,#1857,#1891,.T.);
#1891 = B_SPLINE_CURVE_WITH_KNOTS('',2,(#1892,#1893,#1894),
  .UNSPECIFIED.,.F.,.F.,(3,3),(0.,1.),.PIECEWISE_BEZIER_KNOTS.);
#1892 = CARTESIAN_POINT('',(11.015711252654,1.935756896651,7.0727310032)
  );
#1893 = CARTESIAN_POINT('',(10.903609341826,1.973981823073,
    7.177753125404));
#1894 = CARTESIAN_POINT('',(10.717622080679,1.973981823073,
    7.177753125404));
#1895 = ORIENTED_EDGE('',*,*,#1856,.F.);
#1896 = SURFACE_OF_LINEAR_EXTRUSION('',#1897,#1901);
#1897 = B_SPLINE_CURVE_WITH_KNOTS('',2,(#1898,#1899,#1900),
  .UNSPECIFIED.,.F.,.F.,(3,3),(0.,1.),.PIECEWISE_BEZIER_KNOTS.);
#1898 = CARTESIAN_POINT('',(11.015711252654,2.68751099328,6.799114888539
    ));
#1899 = CARTESIAN_POINT('',(10.903609341826,2.725735919701,
    6.904137010743));
#1900 = CARTESIAN_POINT('',(10.717622080679,2.725735919701,
    6.904137010743));
#1901 = VECTOR('',#1902,1.);
#1902 = DIRECTION('',(-0.,0.939692620786,-0.342020143326));
#1903 = ADVANCED_FACE('',(#1904),#1922,.T.);
#1904 = FACE_BOUND('',#1905,.T.);
#1905 = EDGE_LOOP('',(#1906,#1907,#1915,#1921));
#1906 = ORIENTED_EDGE('',*,*,#578,.T.);
#1907 = ORIENTED_EDGE('',*,*,#1908,.T.);
#1908 = EDGE_CURVE('',#564,#1909,#1911,.T.);
#1909 = VERTEX_POINT('',#1910);
#1910 = CARTESIAN_POINT('',(11.127813163482,1.833281561988,
    6.791182335163));
#1911 = LINE('',#1912,#1913);
#1912 = CARTESIAN_POINT('',(11.127813163482,2.585035658617,
    6.517566220502));
#1913 = VECTOR('',#1914,1.);
#1914 = DIRECTION('',(0.,-0.939692620786,0.342020143326));
#1915 = ORIENTED_EDGE('',*,*,#1916,.T.);
#1916 = EDGE_CURVE('',#1909,#1883,#1917,.T.);
#1917 = B_SPLINE_CURVE_WITH_KNOTS('',2,(#1918,#1919,#1920),
  .UNSPECIFIED.,.F.,.F.,(3,3),(0.,1.),.PIECEWISE_BEZIER_KNOTS.);
#1918 = CARTESIAN_POINT('',(11.127813163482,1.833281561988,
    6.791182335163));
#1919 = CARTESIAN_POINT('',(11.127813163482,1.897531970229,
    6.967708880995));
#1920 = CARTESIAN_POINT('',(11.015711252654,1.935756896651,7.0727310032)
  );
#1921 = ORIENTED_EDGE('',*,*,#1882,.F.);
#1922 = SURFACE_OF_LINEAR_EXTRUSION('',#1923,#1927);
#1923 = B_SPLINE_CURVE_WITH_KNOTS('',2,(#1924,#1925,#1926),
  .UNSPECIFIED.,.F.,.F.,(3,3),(0.,1.),.PIECEWISE_BEZIER_KNOTS.);
#1924 = CARTESIAN_POINT('',(11.127813163482,2.585035658617,
    6.517566220502));
#1925 = CARTESIAN_POINT('',(11.127813163482,2.649286066858,
    6.694092766335));
#1926 = CARTESIAN_POINT('',(11.015711252654,2.68751099328,6.799114888539
    ));
#1927 = VECTOR('',#1928,1.);
#1928 = DIRECTION('',(-0.,0.939692620786,-0.342020143326));
#1929 = ADVANCED_FACE('',(#1930),#1948,.T.);
#1930 = FACE_BOUND('',#1931,.T.);
#1931 = EDGE_LOOP('',(#1932,#1933,#1941,#1947));
#1932 = ORIENTED_EDGE('',*,*,#563,.T.);
#1933 = ORIENTED_EDGE('',*,*,#1934,.T.);
#1934 = EDGE_CURVE('',#552,#1935,#1937,.T.);
#1935 = VERTEX_POINT('',#1936);
#1936 = CARTESIAN_POINT('',(10.974946921444,1.712100412268,
    6.458239862643));
#1937 = LINE('',#1938,#1939);
#1938 = CARTESIAN_POINT('',(10.974946921444,2.463854508897,
    6.184623747983));
#1939 = VECTOR('',#1940,1.);
#1940 = DIRECTION('',(0.,-0.939692620786,0.342020143326));
#1941 = ORIENTED_EDGE('',*,*,#1942,.T.);
#1942 = EDGE_CURVE('',#1935,#1909,#1943,.T.);
#1943 = B_SPLINE_CURVE_WITH_KNOTS('',2,(#1944,#1945,#1946),
  .UNSPECIFIED.,.F.,.F.,(3,3),(0.,1.),.PIECEWISE_BEZIER_KNOTS.);
#1944 = CARTESIAN_POINT('',(10.974946921444,1.712100412268,
    6.458239862643));
#1945 = CARTESIAN_POINT('',(11.127813163482,1.757703098045,
    6.583532212081));
#1946 = CARTESIAN_POINT('',(11.127813163482,1.833281561988,
    6.791182335163));
#1947 = ORIENTED_EDGE('',*,*,#1908,.F.);
#1948 = SURFACE_OF_LINEAR_EXTRUSION('',#1949,#1953);
#1949 = B_SPLINE_CURVE_WITH_KNOTS('',2,(#1950,#1951,#1952),
  .UNSPECIFIED.,.F.,.F.,(3,3),(0.,1.),.PIECEWISE_BEZIER_KNOTS.);
#1950 = CARTESIAN_POINT('',(10.974946921444,2.463854508897,
    6.184623747983));
#1951 = CARTESIAN_POINT('',(11.127813163482,2.509457194674,
    6.309916097421));
#1952 = CARTESIAN_POINT('',(11.127813163482,2.585035658617,
    6.517566220502));
#1953 = VECTOR('',#1954,1.);
#1954 = DIRECTION('',(-0.,0.939692620786,-0.342020143326));
#1955 = ADVANCED_FACE('',(#1956),#1974,.T.);
#1956 = FACE_BOUND('',#1957,.T.);
#1957 = EDGE_LOOP('',(#1958,#1959,#1967,#1973));
#1958 = ORIENTED_EDGE('',*,*,#551,.T.);
#1959 = ORIENTED_EDGE('',*,*,#1960,.T.);
#1960 = EDGE_CURVE('',#544,#1961,#1963,.T.);
#1961 = VERTEX_POINT('',#1962);
#1962 = CARTESIAN_POINT('',(10.531634819533,1.669111893192,
    6.340129877186));
#1963 = LINE('',#1964,#1965);
#1964 = CARTESIAN_POINT('',(10.531634819533,2.420865989821,
    6.066513762525));
#1965 = VECTOR('',#1966,1.);
#1966 = DIRECTION('',(0.,-0.939692620786,0.342020143326));
#1967 = ORIENTED_EDGE('',*,*,#1968,.T.);
#1968 = EDGE_CURVE('',#1961,#1935,#1969,.T.);
#1969 = B_SPLINE_CURVE_WITH_KNOTS('',2,(#1970,#1971,#1972),
  .UNSPECIFIED.,.F.,.F.,(3,3),(0.,1.),.PIECEWISE_BEZIER_KNOTS.);
#1970 = CARTESIAN_POINT('',(10.531634819533,1.669111893192,
    6.340129877186));
#1971 = CARTESIAN_POINT('',(10.822080679406,1.666497726491,
    6.332947513205));
#1972 = CARTESIAN_POINT('',(10.974946921444,1.712100412268,
    6.458239862643));
#1973 = ORIENTED_EDGE('',*,*,#1934,.F.);
#1974 = SURFACE_OF_LINEAR_EXTRUSION('',#1975,#1979);
#1975 = B_SPLINE_CURVE_WITH_KNOTS('',2,(#1976,#1977,#1978),
  .UNSPECIFIED.,.F.,.F.,(3,3),(0.,1.),.PIECEWISE_BEZIER_KNOTS.);
#1976 = CARTESIAN_POINT('',(10.531634819533,2.420865989821,
    6.066513762525));
#1977 = CARTESIAN_POINT('',(10.822080679406,2.41825182312,6.059331398545
    ));
#1978 = CARTESIAN_POINT('',(10.974946921444,2.463854508897,
    6.184623747983));
#1979 = VECTOR('',#1980,1.);
#1980 = DIRECTION('',(-0.,0.939692620786,-0.342020143326));
#1981 = ADVANCED_FACE('',(#1982),#2000,.T.);
#1982 = FACE_BOUND('',#1983,.T.);
#1983 = EDGE_LOOP('',(#1984,#1985,#1993,#1999));
#1984 = ORIENTED_EDGE('',*,*,#543,.T.);
#1985 = ORIENTED_EDGE('',*,*,#1986,.T.);
#1986 = EDGE_CURVE('',#533,#1987,#1989,.T.);
#1987 = VERTEX_POINT('',#1988);
#1988 = CARTESIAN_POINT('',(10.452653927813,1.472352279528,
    5.799537281584));
#1989 = LINE('',#1990,#1991);
#1990 = CARTESIAN_POINT('',(10.452653927813,2.224106376157,
    5.525921166924));
#1991 = VECTOR('',#1992,1.);
#1992 = DIRECTION('',(0.,-0.939692620786,0.342020143326));
#1993 = ORIENTED_EDGE('',*,*,#1994,.T.);
#1994 = EDGE_CURVE('',#1987,#1961,#1995,.T.);
#1995 = LINE('',#1996,#1997);
#1996 = CARTESIAN_POINT('',(10.452653927813,1.472352279528,
    5.799537281584));
#1997 = VECTOR('',#1998,1.);
#1998 = DIRECTION('',(0.136013796445,0.338841730685,0.930960003826));
#1999 = ORIENTED_EDGE('',*,*,#1960,.F.);
#2000 = PLANE('',#2001);
#2001 = AXIS2_PLACEMENT_3D('',#2002,#2003,#2004);
#2002 = CARTESIAN_POINT('',(10.452653927813,2.224106376157,
    5.525921166924));
#2003 = DIRECTION('',(-0.990706943135,4.651945815426E-02,0.127811160844)
  );
#2004 = DIRECTION('',(0.136013796445,0.338841730685,0.930960003826));
#2005 = ADVANCED_FACE('',(#2006),#2024,.T.);
#2006 = FACE_BOUND('',#2007,.T.);
#2007 = EDGE_LOOP('',(#2008,#2009,#2017,#2023));
#2008 = ORIENTED_EDGE('',*,*,#532,.T.);
#2009 = ORIENTED_EDGE('',*,*,#2010,.T.);
#2010 = EDGE_CURVE('',#521,#2011,#2013,.T.);
#2011 = VERTEX_POINT('',#2012);
#2012 = CARTESIAN_POINT('',(10.781316348195,1.490651446432,
    5.849813829448));
#2013 = LINE('',#2014,#2015);
#2014 = CARTESIAN_POINT('',(10.781316348195,2.242405543061,
    5.576197714788));
#2015 = VECTOR('',#2016,1.);
#2016 = DIRECTION('',(0.,-0.939692620786,0.342020143326));
#2017 = ORIENTED_EDGE('',*,*,#2018,.T.);
#2018 = EDGE_CURVE('',#2011,#1987,#2019,.T.);
#2019 = B_SPLINE_CURVE_WITH_KNOTS('',2,(#2020,#2021,#2022),
  .UNSPECIFIED.,.F.,.F.,(3,3),(0.,1.),.PIECEWISE_BEZIER_KNOTS.);
#2020 = CARTESIAN_POINT('',(10.781316348195,1.490651446432,
    5.849813829448));
#2021 = CARTESIAN_POINT('',(10.643736730361,1.490651446432,
    5.849813829448));
#2022 = CARTESIAN_POINT('',(10.452653927813,1.472352279528,
    5.799537281584));
#2023 = ORIENTED_EDGE('',*,*,#1986,.F.);
#2024 = SURFACE_OF_LINEAR_EXTRUSION('',#2025,#2029);
#2025 = B_SPLINE_CURVE_WITH_KNOTS('',2,(#2026,#2027,#2028),
  .UNSPECIFIED.,.F.,.F.,(3,3),(0.,1.),.PIECEWISE_BEZIER_KNOTS.);
#2026 = CARTESIAN_POINT('',(10.781316348195,2.242405543061,
    5.576197714788));
#2027 = CARTESIAN_POINT('',(10.643736730361,2.242405543061,
    5.576197714788));
#2028 = CARTESIAN_POINT('',(10.452653927813,2.224106376157,
    5.525921166924));
#2029 = VECTOR('',#2030,1.);
#2030 = DIRECTION('',(-0.,0.939692620786,-0.342020143326));
#2031 = ADVANCED_FACE('',(#2032),#2050,.T.);
#2032 = FACE_BOUND('',#2033,.T.);
#2033 = EDGE_LOOP('',(#2034,#2035,#2043,#2049));
#2034 = ORIENTED_EDGE('',*,*,#520,.T.);
#2035 = ORIENTED_EDGE('',*,*,#2036,.T.);
#2036 = EDGE_CURVE('',#506,#2037,#2039,.T.);
#2037 = VERTEX_POINT('',#2038);
#2038 = CARTESIAN_POINT('',(11.135456475584,1.436160593874,
    5.700101442476));
#2039 = LINE('',#2040,#2041);
#2040 = CARTESIAN_POINT('',(11.135456475584,2.187914690502,
    5.426485327816));
#2041 = VECTOR('',#2042,1.);
#2042 = DIRECTION('',(0.,-0.939692620786,0.342020143326));
#2043 = ORIENTED_EDGE('',*,*,#2044,.T.);
#2044 = EDGE_CURVE('',#2037,#2011,#2045,.T.);
#2045 = B_SPLINE_CURVE_WITH_KNOTS('',2,(#2046,#2047,#2048),
  .UNSPECIFIED.,.F.,.F.,(3,3),(0.,1.),.PIECEWISE_BEZIER_KNOTS.);
#2046 = CARTESIAN_POINT('',(11.135456475584,1.436160593874,
    5.700101442476));
#2047 = CARTESIAN_POINT('',(10.990233545648,1.490651446432,
    5.849813829448));
#2048 = CARTESIAN_POINT('',(10.781316348195,1.490651446432,
    5.849813829448));
#2049 = ORIENTED_EDGE('',*,*,#2010,.F.);
#2050 = SURFACE_OF_LINEAR_EXTRUSION('',#2051,#2055);
#2051 = B_SPLINE_CURVE_WITH_KNOTS('',2,(#2052,#2053,#2054),
  .UNSPECIFIED.,.F.,.F.,(3,3),(0.,1.),.PIECEWISE_BEZIER_KNOTS.);
#2052 = CARTESIAN_POINT('',(11.135456475584,2.187914690502,
    5.426485327816));
#2053 = CARTESIAN_POINT('',(10.990233545648,2.242405543061,
    5.576197714788));
#2054 = CARTESIAN_POINT('',(10.781316348195,2.242405543061,
    5.576197714788));
#2055 = VECTOR('',#2056,1.);
#2056 = DIRECTION('',(-0.,0.939692620786,-0.342020143326));
#2057 = ADVANCED_FACE('',(#2058),#2076,.T.);
#2058 = FACE_BOUND('',#2059,.T.);
#2059 = EDGE_LOOP('',(#2060,#2061,#2069,#2075));
#2060 = ORIENTED_EDGE('',*,*,#505,.T.);
#2061 = ORIENTED_EDGE('',*,*,#2062,.T.);
#2062 = EDGE_CURVE('',#491,#2063,#2065,.T.);
#2063 = VERTEX_POINT('',#2064);
#2064 = CARTESIAN_POINT('',(11.28067940552,1.288605406774,5.294696897797
    ));
#2065 = LINE('',#2066,#2067);
#2066 = CARTESIAN_POINT('',(11.28067940552,2.040359503403,5.021080783137
    ));
#2067 = VECTOR('',#2068,1.);
#2068 = DIRECTION('',(0.,-0.939692620786,0.342020143326));
#2069 = ORIENTED_EDGE('',*,*,#2070,.T.);
#2070 = EDGE_CURVE('',#2063,#2037,#2071,.T.);
#2071 = B_SPLINE_CURVE_WITH_KNOTS('',2,(#2072,#2073,#2074),
  .UNSPECIFIED.,.F.,.F.,(3,3),(0.,1.),.PIECEWISE_BEZIER_KNOTS.);
#2072 = CARTESIAN_POINT('',(11.28067940552,1.288605406774,5.294696897797
    ));
#2073 = CARTESIAN_POINT('',(11.28067940552,1.381727833908,5.550548663593
    ));
#2074 = CARTESIAN_POINT('',(11.135456475584,1.436160593874,
    5.700101442476));
#2075 = ORIENTED_EDGE('',*,*,#2036,.F.);
#2076 = SURFACE_OF_LINEAR_EXTRUSION('',#2077,#2081);
#2077 = B_SPLINE_CURVE_WITH_KNOTS('',2,(#2078,#2079,#2080),
  .UNSPECIFIED.,.F.,.F.,(3,3),(0.,1.),.PIECEWISE_BEZIER_KNOTS.);
#2078 = CARTESIAN_POINT('',(11.28067940552,2.040359503403,5.021080783137
    ));
#2079 = CARTESIAN_POINT('',(11.28067940552,2.133481930537,5.276932548932
    ));
#2080 = CARTESIAN_POINT('',(11.135456475584,2.187914690502,
    5.426485327816));
#2081 = VECTOR('',#2082,1.);
#2082 = DIRECTION('',(-0.,0.939692620786,-0.342020143326));
#2083 = ADVANCED_FACE('',(#2084),#2102,.T.);
#2084 = FACE_BOUND('',#2085,.T.);
#2085 = EDGE_LOOP('',(#2086,#2087,#2095,#2101));
#2086 = ORIENTED_EDGE('',*,*,#490,.T.);
#2087 = ORIENTED_EDGE('',*,*,#2088,.T.);
#2088 = EDGE_CURVE('',#476,#2089,#2091,.T.);
#2089 = VERTEX_POINT('',#2090);
#2090 = CARTESIAN_POINT('',(11.129002123142,1.132220145486,
    4.865031923673));
#2091 = LINE('',#2092,#2093);
#2092 = CARTESIAN_POINT('',(11.129002123142,1.883974242115,
    4.591415809013));
#2093 = VECTOR('',#2094,1.);
#2094 = DIRECTION('',(0.,-0.939692620786,0.342020143326));
#2095 = ORIENTED_EDGE('',*,*,#2096,.T.);
#2096 = EDGE_CURVE('',#2089,#2063,#2097,.T.);
#2097 = B_SPLINE_CURVE_WITH_KNOTS('',2,(#2098,#2099,#2100),
  .UNSPECIFIED.,.F.,.F.,(3,3),(0.,1.),.PIECEWISE_BEZIER_KNOTS.);
#2098 = CARTESIAN_POINT('',(11.129002123142,1.132220145486,
    4.865031923673));
#2099 = CARTESIAN_POINT('',(11.28067940552,1.190196553646,5.024320795953
    ));
#2100 = CARTESIAN_POINT('',(11.28067940552,1.288605406774,5.294696897797
    ));
#2101 = ORIENTED_EDGE('',*,*,#2062,.F.);
#2102 = SURFACE_OF_LINEAR_EXTRUSION('',#2103,#2107);
#2103 = B_SPLINE_CURVE_WITH_KNOTS('',2,(#2104,#2105,#2106),
  .UNSPECIFIED.,.F.,.F.,(3,3),(0.,1.),.PIECEWISE_BEZIER_KNOTS.);
#2104 = CARTESIAN_POINT('',(11.129002123142,1.883974242115,
    4.591415809013));
#2105 = CARTESIAN_POINT('',(11.28067940552,1.941950650275,4.750704681292
    ));
#2106 = CARTESIAN_POINT('',(11.28067940552,2.040359503403,5.021080783137
    ));
#2107 = VECTOR('',#2108,1.);
#2108 = DIRECTION('',(-0.,0.939692620786,-0.342020143326));
#2109 = ADVANCED_FACE('',(#2110),#2128,.T.);
#2110 = FACE_BOUND('',#2111,.T.);
#2111 = EDGE_LOOP('',(#2112,#2113,#2121,#2127));
#2112 = ORIENTED_EDGE('',*,*,#475,.T.);
#2113 = ORIENTED_EDGE('',*,*,#2114,.T.);
#2114 = EDGE_CURVE('',#461,#2115,#2117,.T.);
#2115 = VERTEX_POINT('',#2116);
#2116 = CARTESIAN_POINT('',(10.755838641189,1.074243737327,
    4.705743051394));
#2117 = LINE('',#2118,#2119);
#2118 = CARTESIAN_POINT('',(10.755838641189,1.825997833956,
    4.432126936734));
#2119 = VECTOR('',#2120,1.);
#2120 = DIRECTION('',(0.,-0.939692620786,0.342020143326));
#2121 = ORIENTED_EDGE('',*,*,#2122,.T.);
#2122 = EDGE_CURVE('',#2115,#2089,#2123,.T.);
#2123 = B_SPLINE_CURVE_WITH_KNOTS('',2,(#2124,#2125,#2126),
  .UNSPECIFIED.,.F.,.F.,(3,3),(0.,1.),.PIECEWISE_BEZIER_KNOTS.);
#2124 = CARTESIAN_POINT('',(10.755838641189,1.074243737327,
    4.705743051394));
#2125 = CARTESIAN_POINT('',(10.977494692144,1.074243737327,
    4.705743051394));
#2126 = CARTESIAN_POINT('',(11.129002123142,1.132220145486,
    4.865031923673));
#2127 = ORIENTED_EDGE('',*,*,#2088,.F.);
#2128 = SURFACE_OF_LINEAR_EXTRUSION('',#2129,#2133);
#2129 = B_SPLINE_CURVE_WITH_KNOTS('',2,(#2130,#2131,#2132),
  .UNSPECIFIED.,.F.,.F.,(3,3),(0.,1.),.PIECEWISE_BEZIER_KNOTS.);
#2130 = CARTESIAN_POINT('',(10.755838641189,1.825997833956,
    4.432126936734));
#2131 = CARTESIAN_POINT('',(10.977494692144,1.825997833956,
    4.432126936734));
#2132 = CARTESIAN_POINT('',(11.129002123142,1.883974242115,
    4.591415809013));
#2133 = VECTOR('',#2134,1.);
#2134 = DIRECTION('',(-0.,0.939692620786,-0.342020143326));
#2135 = ADVANCED_FACE('',(#2136),#2154,.T.);
#2136 = FACE_BOUND('',#2137,.T.);
#2137 = EDGE_LOOP('',(#2138,#2139,#2147,#2153));
#2138 = ORIENTED_EDGE('',*,*,#460,.T.);
#2139 = ORIENTED_EDGE('',*,*,#2140,.T.);
#2140 = EDGE_CURVE('',#450,#2141,#2143,.T.);
#2141 = VERTEX_POINT('',#2142);
#2142 = CARTESIAN_POINT('',(10.404246284501,1.121995849057,
    4.836940900105));
#2143 = LINE('',#2144,#2145);
#2144 = CARTESIAN_POINT('',(10.404246284501,1.873749945686,
    4.563324785445));
#2145 = VECTOR('',#2146,1.);
#2146 = DIRECTION('',(0.,-0.939692620786,0.342020143326));
#2147 = ORIENTED_EDGE('',*,*,#2148,.T.);
#2148 = EDGE_CURVE('',#2141,#2115,#2149,.T.);
#2149 = B_SPLINE_CURVE_WITH_KNOTS('',2,(#2150,#2151,#2152),
  .UNSPECIFIED.,.F.,.F.,(3,3),(0.,1.),.PIECEWISE_BEZIER_KNOTS.);
#2150 = CARTESIAN_POINT('',(10.404246284501,1.121995849057,
    4.836940900105));
#2151 = CARTESIAN_POINT('',(10.549469214437,1.074243737327,
    4.705743051394));
#2152 = CARTESIAN_POINT('',(10.755838641189,1.074243737327,
    4.705743051394));
#2153 = ORIENTED_EDGE('',*,*,#2114,.F.);
#2154 = SURFACE_OF_LINEAR_EXTRUSION('',#2155,#2159);
#2155 = B_SPLINE_CURVE_WITH_KNOTS('',2,(#2156,#2157,#2158),
  .UNSPECIFIED.,.F.,.F.,(3,3),(0.,1.),.PIECEWISE_BEZIER_KNOTS.);
#2156 = CARTESIAN_POINT('',(10.404246284501,1.873749945686,
    4.563324785445));
#2157 = CARTESIAN_POINT('',(10.549469214437,1.825997833956,
    4.432126936734));
#2158 = CARTESIAN_POINT('',(10.755838641189,1.825997833956,
    4.432126936734));
#2159 = VECTOR('',#2160,1.);
#2160 = DIRECTION('',(-0.,0.939692620786,-0.342020143326));
#2161 = ADVANCED_FACE('',(#2162),#2173,.T.);
#2162 = FACE_BOUND('',#2163,.T.);
#2163 = EDGE_LOOP('',(#2164,#2165,#2166,#2172));
#2164 = ORIENTED_EDGE('',*,*,#449,.T.);
#2165 = ORIENTED_EDGE('',*,*,#1479,.T.);
#2166 = ORIENTED_EDGE('',*,*,#2167,.T.);
#2167 = EDGE_CURVE('',#1472,#2141,#2168,.T.);
#2168 = B_SPLINE_CURVE_WITH_KNOTS('',2,(#2169,#2170,#2171),
  .UNSPECIFIED.,.F.,.F.,(3,3),(0.,1.),.PIECEWISE_BEZIER_KNOTS.);
#2169 = CARTESIAN_POINT('',(10.225902335456,1.260140036035,
    5.216488934454));
#2170 = CARTESIAN_POINT('',(10.259023354565,1.169806053381,
    4.968298356905));
#2171 = CARTESIAN_POINT('',(10.404246284501,1.121995849057,
    4.836940900105));
#2172 = ORIENTED_EDGE('',*,*,#2140,.F.);
#2173 = SURFACE_OF_LINEAR_EXTRUSION('',#2174,#2178);
#2174 = B_SPLINE_CURVE_WITH_KNOTS('',2,(#2175,#2176,#2177),
  .UNSPECIFIED.,.F.,.F.,(3,3),(0.,1.),.PIECEWISE_BEZIER_KNOTS.);
#2175 = CARTESIAN_POINT('',(10.225902335456,2.011894132663,
    4.942872819793));
#2176 = CARTESIAN_POINT('',(10.259023354565,1.92156015001,4.694682242244
    ));
#2177 = CARTESIAN_POINT('',(10.404246284501,1.873749945686,
    4.563324785445));
#2178 = VECTOR('',#2179,1.);
#2179 = DIRECTION('',(-0.,0.939692620786,-0.342020143326));
#2180 = ADVANCED_FACE('',(#2181),#2206,.T.);
#2181 = FACE_BOUND('',#2182,.T.);
#2182 = EDGE_LOOP('',(#2183,#2184,#2192,#2200));
#2183 = ORIENTED_EDGE('',*,*,#826,.T.);
#2184 = ORIENTED_EDGE('',*,*,#2185,.T.);
#2185 = EDGE_CURVE('',#829,#2186,#2188,.T.);
#2186 = VERTEX_POINT('',#2187);
#2187 = CARTESIAN_POINT('',(12.231507430998,0.869757808748,
    4.143922580028));
#2188 = LINE('',#2189,#2190);
#2189 = CARTESIAN_POINT('',(12.231507430998,1.621511905377,
    3.870306465368));
#2190 = VECTOR('',#2191,1.);
#2191 = DIRECTION('',(0.,-0.939692620786,0.342020143326));
#2192 = ORIENTED_EDGE('',*,*,#2193,.T.);
#2193 = EDGE_CURVE('',#2186,#2194,#2196,.T.);
#2194 = VERTEX_POINT('',#2195);
#2195 = CARTESIAN_POINT('',(13.156348195329,2.189621529574,
    7.770218349753));
#2196 = LINE('',#2197,#2198);
#2197 = CARTESIAN_POINT('',(12.231507430998,0.869757808748,
    4.143922580028));
#2198 = VECTOR('',#2199,1.);
#2199 = DIRECTION('',(0.233057266823,0.332601938861,0.913816316689));
#2200 = ORIENTED_EDGE('',*,*,#2201,.F.);
#2201 = EDGE_CURVE('',#827,#2194,#2202,.T.);
#2202 = LINE('',#2203,#2204);
#2203 = CARTESIAN_POINT('',(13.156348195329,2.941375626202,
    7.496602235093));
#2204 = VECTOR('',#2205,1.);
#2205 = DIRECTION('',(0.,-0.939692620786,0.342020143326));
#2206 = PLANE('',#2207);
#2207 = AXIS2_PLACEMENT_3D('',#2208,#2209,#2210);
#2208 = CARTESIAN_POINT('',(12.231507430998,1.621511905377,
    3.870306465368));
#2209 = DIRECTION('',(-0.972463012346,7.971027980197E-02,0.219002193854)
  );
#2210 = DIRECTION('',(0.233057266823,0.332601938861,0.913816316689));
#2211 = ADVANCED_FACE('',(#2212),#2230,.T.);
#2212 = FACE_BOUND('',#2213,.T.);
#2213 = EDGE_LOOP('',(#2214,#2215,#2223,#2229));
#2214 = ORIENTED_EDGE('',*,*,#852,.T.);
#2215 = ORIENTED_EDGE('',*,*,#2216,.T.);
#2216 = EDGE_CURVE('',#845,#2217,#2219,.T.);
#2217 = VERTEX_POINT('',#2218);
#2218 = CARTESIAN_POINT('',(12.75889596603,0.869757808748,4.143922580028
    ));
#2219 = LINE('',#2220,#2221);
#2220 = CARTESIAN_POINT('',(12.75889596603,1.621511905377,3.870306465368
    ));
#2221 = VECTOR('',#2222,1.);
#2222 = DIRECTION('',(0.,-0.939692620786,0.342020143326));
#2223 = ORIENTED_EDGE('',*,*,#2224,.T.);
#2224 = EDGE_CURVE('',#2217,#2186,#2225,.T.);
#2225 = LINE('',#2226,#2227);
#2226 = CARTESIAN_POINT('',(12.75889596603,0.869757808748,4.143922580028
    ));
#2227 = VECTOR('',#2228,1.);
#2228 = DIRECTION('',(-1.,0.,0.));
#2229 = ORIENTED_EDGE('',*,*,#2185,.F.);
#2230 = PLANE('',#2231);
#2231 = AXIS2_PLACEMENT_3D('',#2232,#2233,#2234);
#2232 = CARTESIAN_POINT('',(12.75889596603,1.621511905377,3.870306465368
    ));
#2233 = DIRECTION('',(0.,-0.342020143326,-0.939692620786));
#2234 = DIRECTION('',(-1.,0.,0.));
#2235 = ADVANCED_FACE('',(#2236),#2254,.T.);
#2236 = FACE_BOUND('',#2237,.T.);
#2237 = EDGE_LOOP('',(#2238,#2239,#2247,#2253));
#2238 = ORIENTED_EDGE('',*,*,#844,.T.);
#2239 = ORIENTED_EDGE('',*,*,#2240,.T.);
#2240 = EDGE_CURVE('',#837,#2241,#2243,.T.);
#2241 = VERTEX_POINT('',#2242);
#2242 = CARTESIAN_POINT('',(13.693927813163,2.189621529574,
    7.770218349753));
#2243 = LINE('',#2244,#2245);
#2244 = CARTESIAN_POINT('',(13.693927813163,2.941375626202,
    7.496602235093));
#2245 = VECTOR('',#2246,1.);
#2246 = DIRECTION('',(0.,-0.939692620786,0.342020143326));
#2247 = ORIENTED_EDGE('',*,*,#2248,.T.);
#2248 = EDGE_CURVE('',#2241,#2217,#2249,.T.);
#2249 = LINE('',#2250,#2251);
#2250 = CARTESIAN_POINT('',(13.693927813163,2.189621529574,
    7.770218349753));
#2251 = VECTOR('',#2252,1.);
#2252 = DIRECTION('',(-0.235483715343,-0.332401953666,-0.913266861879));
#2253 = ORIENTED_EDGE('',*,*,#2216,.F.);
#2254 = PLANE('',#2255);
#2255 = AXIS2_PLACEMENT_3D('',#2256,#2257,#2258);
#2256 = CARTESIAN_POINT('',(13.693927813163,2.941375626202,
    7.496602235093));
#2257 = DIRECTION('',(0.971878294751,-8.054017407264E-02,-0.221282309624
    ));
#2258 = DIRECTION('',(-0.235483715343,-0.332401953666,-0.913266861879));
#2259 = ADVANCED_FACE('',(#2260),#2271,.T.);
#2260 = FACE_BOUND('',#2261,.T.);
#2261 = EDGE_LOOP('',(#2262,#2263,#2264,#2270));
#2262 = ORIENTED_EDGE('',*,*,#836,.T.);
#2263 = ORIENTED_EDGE('',*,*,#2201,.T.);
#2264 = ORIENTED_EDGE('',*,*,#2265,.T.);
#2265 = EDGE_CURVE('',#2194,#2241,#2266,.T.);
#2266 = LINE('',#2267,#2268);
#2267 = CARTESIAN_POINT('',(13.156348195329,2.189621529574,
    7.770218349753));
#2268 = VECTOR('',#2269,1.);
#2269 = DIRECTION('',(1.,0.,0.));
#2270 = ORIENTED_EDGE('',*,*,#2240,.F.);
#2271 = PLANE('',#2272);
#2272 = AXIS2_PLACEMENT_3D('',#2273,#2274,#2275);
#2273 = CARTESIAN_POINT('',(13.156348195329,2.941375626202,
    7.496602235093));
#2274 = DIRECTION('',(0.,0.342020143326,0.939692620786));
#2275 = DIRECTION('',(1.,0.,0.));
#2276 = ADVANCED_FACE('',(#2277),#2302,.F.);
#2277 = FACE_BOUND('',#2278,.F.);
#2278 = EDGE_LOOP('',(#2279,#2287,#2295,#2301));
#2279 = ORIENTED_EDGE('',*,*,#2280,.F.);
#2280 = EDGE_CURVE('',#2281,#284,#2283,.T.);
#2281 = VERTEX_POINT('',#2282);
#2282 = CARTESIAN_POINT('',(30.,12.6,0.));
#2283 = LINE('',#2284,#2285);
#2284 = CARTESIAN_POINT('',(30.,12.6,0.));
#2285 = VECTOR('',#2286,1.);
#2286 = DIRECTION('',(-0.971520338783,-0.236956180191,0.));
#2287 = ORIENTED_EDGE('',*,*,#2288,.T.);
#2288 = EDGE_CURVE('',#2281,#2289,#2291,.T.);
#2289 = VERTEX_POINT('',#2290);
#2290 = CARTESIAN_POINT('',(30.,12.6,10.));
#2291 = LINE('',#2292,#2293);
#2292 = CARTESIAN_POINT('',(30.,12.6,0.));
#2293 = VECTOR('',#2294,1.);
#2294 = DIRECTION('',(0.,0.,1.));
#2295 = ORIENTED_EDGE('',*,*,#2296,.T.);
#2296 = EDGE_CURVE('',#2289,#95,#2297,.T.);
#2297 = LINE('',#2298,#2299);
#2298 = CARTESIAN_POINT('',(30.,12.6,10.));
#2299 = VECTOR('',#2300,1.);
#2300 = DIRECTION('',(-0.971520338783,-0.236956180191,0.));
#2301 = ORIENTED_EDGE('',*,*,#935,.T.);
#2302 = PLANE('',#2303);
#2303 = AXIS2_PLACEMENT_3D('',#2304,#2305,#2306);
#2304 = CARTESIAN_POINT('',(30.,12.6,0.));
#2305 = DIRECTION('',(0.236956180191,-0.971520338783,0.));
#2306 = DIRECTION('',(-0.971520338783,-0.236956180191,0.));
#2307 = ADVANCED_FACE('',(#2308),#2326,.T.);
#2308 = FACE_BOUND('',#2309,.T.);
#2309 = EDGE_LOOP('',(#2310,#2311,#2319,#2325));
#2310 = ORIENTED_EDGE('',*,*,#952,.F.);
#2311 = ORIENTED_EDGE('',*,*,#2312,.T.);
#2312 = EDGE_CURVE('',#71,#2313,#2315,.T.);
#2313 = VERTEX_POINT('',#2314);
#2314 = CARTESIAN_POINT('',(30.,6.6,10.));
#2315 = LINE('',#2316,#2317);
#2316 = CARTESIAN_POINT('',(25.9,7.6,10.));
#2317 = VECTOR('',#2318,1.);
#2318 = DIRECTION('',(0.971520338783,-0.236956180191,0.));
#2319 = ORIENTED_EDGE('',*,*,#2320,.T.);
#2320 = EDGE_CURVE('',#2313,#2289,#2321,.T.);
#2321 = LINE('',#2322,#2323);
#2322 = CARTESIAN_POINT('',(30.,6.6,10.));
#2323 = VECTOR('',#2324,1.);
#2324 = DIRECTION('',(0.,1.,0.));
#2325 = ORIENTED_EDGE('',*,*,#2296,.T.);
#2326 = PLANE('',#2327);
#2327 = AXIS2_PLACEMENT_3D('',#2328,#2329,#2330);
#2328 = CARTESIAN_POINT('',(28.172338161771,9.6,10.));
#2329 = DIRECTION('',(0.,0.,1.));
#2330 = DIRECTION('',(1.,0.,0.));
#2331 = ADVANCED_FACE('',(#2332),#2350,.F.);
#2332 = FACE_BOUND('',#2333,.F.);
#2333 = EDGE_LOOP('',(#2334,#2342,#2343,#2344));
#2334 = ORIENTED_EDGE('',*,*,#2335,.F.);
#2335 = EDGE_CURVE('',#260,#2336,#2338,.T.);
#2336 = VERTEX_POINT('',#2337);
#2337 = CARTESIAN_POINT('',(30.,6.6,0.));
#2338 = LINE('',#2339,#2340);
#2339 = CARTESIAN_POINT('',(25.9,7.6,0.));
#2340 = VECTOR('',#2341,1.);
#2341 = DIRECTION('',(0.971520338783,-0.236956180191,0.));
#2342 = ORIENTED_EDGE('',*,*,#971,.T.);
#2343 = ORIENTED_EDGE('',*,*,#2312,.T.);
#2344 = ORIENTED_EDGE('',*,*,#2345,.F.);
#2345 = EDGE_CURVE('',#2336,#2313,#2346,.T.);
#2346 = LINE('',#2347,#2348);
#2347 = CARTESIAN_POINT('',(30.,6.6,0.));
#2348 = VECTOR('',#2349,1.);
#2349 = DIRECTION('',(0.,0.,1.));
#2350 = PLANE('',#2351);
#2351 = AXIS2_PLACEMENT_3D('',#2352,#2353,#2354);
#2352 = CARTESIAN_POINT('',(25.9,7.6,0.));
#2353 = DIRECTION('',(0.236956180191,0.971520338783,0.));
#2354 = DIRECTION('',(0.971520338783,-0.236956180191,0.));
#2355 = ADVANCED_FACE('',(#2356),#2382,.T.);
#2356 = FACE_BOUND('',#2357,.T.);
#2357 = EDGE_LOOP('',(#2358,#2366,#2367,#2375));
#2358 = ORIENTED_EDGE('',*,*,#2359,.F.);
#2359 = EDGE_CURVE('',#986,#2360,#2362,.T.);
#2360 = VERTEX_POINT('',#2361);
#2361 = CARTESIAN_POINT('',(9.685,23.255,21.));
#2362 = LINE('',#2363,#2364);
#2363 = CARTESIAN_POINT('',(9.685,23.505,20.75));
#2364 = VECTOR('',#2365,1.);
#2365 = DIRECTION('',(-2.90882763039E-35,-0.707106781187,0.707106781187)
  );
#2366 = ORIENTED_EDGE('',*,*,#1002,.T.);
#2367 = ORIENTED_EDGE('',*,*,#2368,.T.);
#2368 = EDGE_CURVE('',#995,#2369,#2371,.T.);
#2369 = VERTEX_POINT('',#2370);
#2370 = CARTESIAN_POINT('',(9.585,23.155,21.));
#2371 = LINE('',#2372,#2373);
#2372 = CARTESIAN_POINT('',(9.085,23.155,20.5));
#2373 = VECTOR('',#2374,1.);
#2374 = DIRECTION('',(0.707106781187,-4.329780281177E-17,0.707106781187)
  );
#2375 = ORIENTED_EDGE('',*,*,#2376,.F.);
#2376 = EDGE_CURVE('',#2360,#2369,#2377,.T.);
#2377 = CIRCLE('',#2378,1.E-01);
#2378 = AXIS2_PLACEMENT_3D('',#2379,#2380,#2381);
#2379 = CARTESIAN_POINT('',(9.685,23.155,21.));
#2380 = DIRECTION('',(0.,-0.,1.));
#2381 = DIRECTION('',(0.,1.,0.));
#2382 = CONICAL_SURFACE('',#2383,0.6,0.785398163397);
#2383 = AXIS2_PLACEMENT_3D('',#2384,#2385,#2386);
#2384 = CARTESIAN_POINT('',(9.685,23.155,20.5));
#2385 = DIRECTION('',(-0.,-0.,-1.));
#2386 = DIRECTION('',(0.,1.,0.));
#2387 = ADVANCED_FACE('',(#2388),#2406,.F.);
#2388 = FACE_BOUND('',#2389,.T.);
#2389 = EDGE_LOOP('',(#2390,#2398,#2399,#2400));
#2390 = ORIENTED_EDGE('',*,*,#2391,.F.);
#2391 = EDGE_CURVE('',#1019,#2392,#2394,.T.);
#2392 = VERTEX_POINT('',#2393);
#2393 = CARTESIAN_POINT('',(16.315,23.255,21.));
#2394 = LINE('',#2395,#2396);
#2395 = CARTESIAN_POINT('',(16.315,23.505,20.75));
#2396 = VECTOR('',#2397,1.);
#2397 = DIRECTION('',(-2.90882763039E-35,-0.707106781187,0.707106781187)
  );
#2398 = ORIENTED_EDGE('',*,*,#1026,.T.);
#2399 = ORIENTED_EDGE('',*,*,#2359,.T.);
#2400 = ORIENTED_EDGE('',*,*,#2401,.F.);
#2401 = EDGE_CURVE('',#2392,#2360,#2402,.T.);
#2402 = LINE('',#2403,#2404);
#2403 = CARTESIAN_POINT('',(16.315,23.255,21.));
#2404 = VECTOR('',#2405,1.);
#2405 = DIRECTION('',(-1.,0.,0.));
#2406 = PLANE('',#2407);
#2407 = AXIS2_PLACEMENT_3D('',#2408,#2409,#2410);
#2408 = CARTESIAN_POINT('',(16.315,23.505,20.75));
#2409 = DIRECTION('',(-1.889513820523E-18,-0.707106781187,
    -0.707106781187));
#2410 = DIRECTION('',(1.,-1.336088035637E-18,-1.336088035637E-18));
#2411 = ADVANCED_FACE('',(#2412),#2430,.F.);
#2412 = FACE_BOUND('',#2413,.T.);
#2413 = EDGE_LOOP('',(#2414,#2415,#2416,#2424));
#2414 = ORIENTED_EDGE('',*,*,#2368,.F.);
#2415 = ORIENTED_EDGE('',*,*,#1043,.T.);
#2416 = ORIENTED_EDGE('',*,*,#2417,.T.);
#2417 = EDGE_CURVE('',#1044,#2418,#2420,.T.);
#2418 = VERTEX_POINT('',#2419);
#2419 = CARTESIAN_POINT('',(9.585,16.525,21.));
#2420 = LINE('',#2421,#2422);
#2421 = CARTESIAN_POINT('',(9.335,16.525,20.75));
#2422 = VECTOR('',#2423,1.);
#2423 = DIRECTION('',(0.707106781187,-2.90882763039E-35,0.707106781187)
  );
#2424 = ORIENTED_EDGE('',*,*,#2425,.F.);
#2425 = EDGE_CURVE('',#2369,#2418,#2426,.T.);
#2426 = LINE('',#2427,#2428);
#2427 = CARTESIAN_POINT('',(9.585,23.155,21.));
#2428 = VECTOR('',#2429,1.);
#2429 = DIRECTION('',(0.,-1.,0.));
#2430 = PLANE('',#2431);
#2431 = AXIS2_PLACEMENT_3D('',#2432,#2433,#2434);
#2432 = CARTESIAN_POINT('',(9.335,23.155,20.75));
#2433 = DIRECTION('',(0.707106781187,1.889513820523E-18,-0.707106781187)
  );
#2434 = DIRECTION('',(-1.336088035637E-18,1.,1.336088035637E-18));
#2435 = ADVANCED_FACE('',(#2436),#2455,.T.);
#2436 = FACE_BOUND('',#2437,.T.);
#2437 = EDGE_LOOP('',(#2438,#2446,#2447,#2448));
#2438 = ORIENTED_EDGE('',*,*,#2439,.F.);
#2439 = EDGE_CURVE('',#1068,#2440,#2442,.T.);
#2440 = VERTEX_POINT('',#2441);
#2441 = CARTESIAN_POINT('',(16.415,23.155,21.));
#2442 = LINE('',#2443,#2444);
#2443 = CARTESIAN_POINT('',(16.665,23.155,20.75));
#2444 = VECTOR('',#2445,1.);
#2445 = DIRECTION('',(-0.707106781187,2.90882763039E-35,0.707106781187)
  );
#2446 = ORIENTED_EDGE('',*,*,#1075,.T.);
#2447 = ORIENTED_EDGE('',*,*,#2391,.T.);
#2448 = ORIENTED_EDGE('',*,*,#2449,.F.);
#2449 = EDGE_CURVE('',#2440,#2392,#2450,.T.);
#2450 = CIRCLE('',#2451,1.E-01);
#2451 = AXIS2_PLACEMENT_3D('',#2452,#2453,#2454);
#2452 = CARTESIAN_POINT('',(16.315,23.155,21.));
#2453 = DIRECTION('',(0.,0.,1.));
#2454 = DIRECTION('',(1.,0.,0.));
#2455 = CONICAL_SURFACE('',#2456,0.6,0.785398163397);
#2456 = AXIS2_PLACEMENT_3D('',#2457,#2458,#2459);
#2457 = CARTESIAN_POINT('',(16.315,23.155,20.5));
#2458 = DIRECTION('',(-0.,-0.,-1.));
#2459 = DIRECTION('',(1.,0.,0.));
#2460 = ADVANCED_FACE('',(#2461),#2480,.T.);
#2461 = FACE_BOUND('',#2462,.T.);
#2462 = EDGE_LOOP('',(#2463,#2464,#2465,#2473));
#2463 = ORIENTED_EDGE('',*,*,#2417,.F.);
#2464 = ORIENTED_EDGE('',*,*,#1100,.T.);
#2465 = ORIENTED_EDGE('',*,*,#2466,.T.);
#2466 = EDGE_CURVE('',#1093,#2467,#2469,.T.);
#2467 = VERTEX_POINT('',#2468);
#2468 = CARTESIAN_POINT('',(9.685,16.425,21.));
#2469 = LINE('',#2470,#2471);
#2470 = CARTESIAN_POINT('',(9.685,15.925,20.5));
#2471 = VECTOR('',#2472,1.);
#2472 = DIRECTION('',(4.329780281177E-17,0.707106781187,0.707106781187)
  );
#2473 = ORIENTED_EDGE('',*,*,#2474,.F.);
#2474 = EDGE_CURVE('',#2418,#2467,#2475,.T.);
#2475 = CIRCLE('',#2476,1.E-01);
#2476 = AXIS2_PLACEMENT_3D('',#2477,#2478,#2479);
#2477 = CARTESIAN_POINT('',(9.685,16.525,21.));
#2478 = DIRECTION('',(0.,0.,1.));
#2479 = DIRECTION('',(-1.,0.,0.));
#2480 = CONICAL_SURFACE('',#2481,0.6,0.785398163397);
#2481 = AXIS2_PLACEMENT_3D('',#2482,#2483,#2484);
#2482 = CARTESIAN_POINT('',(9.685,16.525,20.5));
#2483 = DIRECTION('',(-0.,-0.,-1.));
#2484 = DIRECTION('',(-1.,0.,0.));
#2485 = ADVANCED_FACE('',(#2486),#2504,.F.);
#2486 = FACE_BOUND('',#2487,.T.);
#2487 = EDGE_LOOP('',(#2488,#2496,#2497,#2498));
#2488 = ORIENTED_EDGE('',*,*,#2489,.F.);
#2489 = EDGE_CURVE('',#1117,#2490,#2492,.T.);
#2490 = VERTEX_POINT('',#2491);
#2491 = CARTESIAN_POINT('',(16.415,16.525,21.));
#2492 = LINE('',#2493,#2494);
#2493 = CARTESIAN_POINT('',(16.915,16.525,20.5));
#2494 = VECTOR('',#2495,1.);
#2495 = DIRECTION('',(-0.707106781187,4.329780281177E-17,0.707106781187)
  );
#2496 = ORIENTED_EDGE('',*,*,#1124,.T.);
#2497 = ORIENTED_EDGE('',*,*,#2439,.T.);
#2498 = ORIENTED_EDGE('',*,*,#2499,.F.);
#2499 = EDGE_CURVE('',#2490,#2440,#2500,.T.);
#2500 = LINE('',#2501,#2502);
#2501 = CARTESIAN_POINT('',(16.415,16.525,21.));
#2502 = VECTOR('',#2503,1.);
#2503 = DIRECTION('',(0.,1.,0.));
#2504 = PLANE('',#2505);
#2505 = AXIS2_PLACEMENT_3D('',#2506,#2507,#2508);
#2506 = CARTESIAN_POINT('',(16.665,16.525,20.75));
#2507 = DIRECTION('',(-0.707106781187,-1.889513820523E-18,
    -0.707106781187));
#2508 = DIRECTION('',(1.336088035637E-18,-1.,1.336088035637E-18));
#2509 = ADVANCED_FACE('',(#2510),#2528,.F.);
#2510 = FACE_BOUND('',#2511,.T.);
#2511 = EDGE_LOOP('',(#2512,#2513,#2514,#2522));
#2512 = ORIENTED_EDGE('',*,*,#2466,.F.);
#2513 = ORIENTED_EDGE('',*,*,#1141,.T.);
#2514 = ORIENTED_EDGE('',*,*,#2515,.T.);
#2515 = EDGE_CURVE('',#1142,#2516,#2518,.T.);
#2516 = VERTEX_POINT('',#2517);
#2517 = CARTESIAN_POINT('',(16.315,16.425,21.));
#2518 = LINE('',#2519,#2520);
#2519 = CARTESIAN_POINT('',(16.315,16.175,20.75));
#2520 = VECTOR('',#2521,1.);
#2521 = DIRECTION('',(2.26130160805E-35,0.707106781187,0.707106781187));
#2522 = ORIENTED_EDGE('',*,*,#2523,.F.);
#2523 = EDGE_CURVE('',#2467,#2516,#2524,.T.);
#2524 = LINE('',#2525,#2526);
#2525 = CARTESIAN_POINT('',(9.685,16.425,21.));
#2526 = VECTOR('',#2527,1.);
#2527 = DIRECTION('',(1.,0.,0.));
#2528 = PLANE('',#2529);
#2529 = AXIS2_PLACEMENT_3D('',#2530,#2531,#2532);
#2530 = CARTESIAN_POINT('',(9.685,16.175,20.75));
#2531 = DIRECTION('',(-3.029276165476E-18,0.707106781187,-0.707106781187
    ));
#2532 = DIRECTION('',(-1.,-2.142021718695E-18,2.142021718695E-18));
#2533 = ADVANCED_FACE('',(#2534),#2546,.T.);
#2534 = FACE_BOUND('',#2535,.T.);
#2535 = EDGE_LOOP('',(#2536,#2537,#2538,#2539));
#2536 = ORIENTED_EDGE('',*,*,#2515,.F.);
#2537 = ORIENTED_EDGE('',*,*,#1166,.T.);
#2538 = ORIENTED_EDGE('',*,*,#2489,.T.);
#2539 = ORIENTED_EDGE('',*,*,#2540,.F.);
#2540 = EDGE_CURVE('',#2516,#2490,#2541,.T.);
#2541 = CIRCLE('',#2542,1.E-01);
#2542 = AXIS2_PLACEMENT_3D('',#2543,#2544,#2545);
#2543 = CARTESIAN_POINT('',(16.315,16.525,21.));
#2544 = DIRECTION('',(-0.,0.,1.));
#2545 = DIRECTION('',(0.,-1.,0.));
#2546 = CONICAL_SURFACE('',#2547,0.6,0.785398163397);
#2547 = AXIS2_PLACEMENT_3D('',#2548,#2549,#2550);
#2548 = CARTESIAN_POINT('',(16.315,16.525,20.5));
#2549 = DIRECTION('',(-0.,-0.,-1.));
#2550 = DIRECTION('',(0.,-1.,0.));
#2551 = ADVANCED_FACE('',(#2552),#2563,.F.);
#2552 = FACE_BOUND('',#2553,.F.);
#2553 = EDGE_LOOP('',(#2554,#2555,#2556,#2562));
#2554 = ORIENTED_EDGE('',*,*,#1182,.F.);
#2555 = ORIENTED_EDGE('',*,*,#2335,.T.);
#2556 = ORIENTED_EDGE('',*,*,#2557,.T.);
#2557 = EDGE_CURVE('',#2336,#2281,#2558,.T.);
#2558 = LINE('',#2559,#2560);
#2559 = CARTESIAN_POINT('',(30.,6.6,0.));
#2560 = VECTOR('',#2561,1.);
#2561 = DIRECTION('',(0.,1.,0.));
#2562 = ORIENTED_EDGE('',*,*,#2280,.T.);
#2563 = PLANE('',#2564);
#2564 = AXIS2_PLACEMENT_3D('',#2565,#2566,#2567);
#2565 = CARTESIAN_POINT('',(28.172338161771,9.6,0.));
#2566 = DIRECTION('',(0.,0.,1.));
#2567 = DIRECTION('',(1.,0.,0.));
#2568 = ADVANCED_FACE('',(#2569,#2582),#2608,.T.);
#2569 = FACE_BOUND('',#2570,.T.);
#2570 = EDGE_LOOP('',(#2571,#2572,#2573,#2574,#2575,#2576,#2577,#2578,
    #2579,#2580,#2581));
#2571 = ORIENTED_EDGE('',*,*,#1207,.F.);
#2572 = ORIENTED_EDGE('',*,*,#1238,.F.);
#2573 = ORIENTED_EDGE('',*,*,#1262,.F.);
#2574 = ORIENTED_EDGE('',*,*,#1286,.F.);
#2575 = ORIENTED_EDGE('',*,*,#1310,.F.);
#2576 = ORIENTED_EDGE('',*,*,#1334,.F.);
#2577 = ORIENTED_EDGE('',*,*,#1358,.F.);
#2578 = ORIENTED_EDGE('',*,*,#1382,.F.);
#2579 = ORIENTED_EDGE('',*,*,#1406,.F.);
#2580 = ORIENTED_EDGE('',*,*,#1430,.F.);
#2581 = ORIENTED_EDGE('',*,*,#1447,.F.);
#2582 = FACE_BOUND('',#2583,.T.);
#2583 = EDGE_LOOP('',(#2584,#2594,#2602));
#2584 = ORIENTED_EDGE('',*,*,#2585,.F.);
#2585 = EDGE_CURVE('',#2586,#2588,#2590,.T.);
#2586 = VERTEX_POINT('',#2587);
#2587 = CARTESIAN_POINT('',(15.310403397028,1.364241963311,
    5.502506628967));
#2588 = VERTEX_POINT('',#2589);
#2589 = CARTESIAN_POINT('',(15.310403397028,1.794185246666,
    6.683766091632));
#2590 = LINE('',#2591,#2592);
#2591 = CARTESIAN_POINT('',(15.310403397028,1.364241963311,
    5.502506628967));
#2592 = VECTOR('',#2593,1.);
#2593 = DIRECTION('',(0.,0.342020143326,0.939692620786));
#2594 = ORIENTED_EDGE('',*,*,#2595,.F.);
#2595 = EDGE_CURVE('',#2596,#2586,#2598,.T.);
#2596 = VERTEX_POINT('',#2597);
#2597 = CARTESIAN_POINT('',(14.451804670913,1.364241963311,
    5.502506628967));
#2598 = LINE('',#2599,#2600);
#2599 = CARTESIAN_POINT('',(14.451804670913,1.364241963311,
    5.502506628967));
#2600 = VECTOR('',#2601,1.);
#2601 = DIRECTION('',(1.,0.,0.));
#2602 = ORIENTED_EDGE('',*,*,#2603,.F.);
#2603 = EDGE_CURVE('',#2588,#2596,#2604,.T.);
#2604 = LINE('',#2605,#2606);
#2605 = CARTESIAN_POINT('',(15.310403397028,1.794185246666,
    6.683766091632));
#2606 = VECTOR('',#2607,1.);
#2607 = DIRECTION('',(-0.564011752037,-0.282428865949,-0.775966931797));
#2608 = PLANE('',#2609);
#2609 = AXIS2_PLACEMENT_3D('',#2610,#2611,#2612);
#2610 = CARTESIAN_POINT('',(15.313178915891,1.466525116716,
    5.783527283337));
#2611 = DIRECTION('',(0.,-0.939692620786,0.342020143326));
#2612 = DIRECTION('',(1.,0.,0.));
#2613 = ADVANCED_FACE('',(#2614),#2644,.T.);
#2614 = FACE_BOUND('',#2615,.F.);
#2615 = EDGE_LOOP('',(#2616,#2617,#2618,#2619,#2620,#2621,#2622,#2623,
    #2624,#2625,#2626,#2627,#2628,#2629,#2630,#2631,#2632,#2633,#2634,
    #2635,#2636,#2637,#2638,#2639,#2640,#2641,#2642,#2643));
#2616 = ORIENTED_EDGE('',*,*,#1471,.T.);
#2617 = ORIENTED_EDGE('',*,*,#2167,.T.);
#2618 = ORIENTED_EDGE('',*,*,#2148,.T.);
#2619 = ORIENTED_EDGE('',*,*,#2122,.T.);
#2620 = ORIENTED_EDGE('',*,*,#2096,.T.);
#2621 = ORIENTED_EDGE('',*,*,#2070,.T.);
#2622 = ORIENTED_EDGE('',*,*,#2044,.T.);
#2623 = ORIENTED_EDGE('',*,*,#2018,.T.);
#2624 = ORIENTED_EDGE('',*,*,#1994,.T.);
#2625 = ORIENTED_EDGE('',*,*,#1968,.T.);
#2626 = ORIENTED_EDGE('',*,*,#1942,.T.);
#2627 = ORIENTED_EDGE('',*,*,#1916,.T.);
#2628 = ORIENTED_EDGE('',*,*,#1890,.T.);
#2629 = ORIENTED_EDGE('',*,*,#1864,.T.);
#2630 = ORIENTED_EDGE('',*,*,#1838,.T.);
#2631 = ORIENTED_EDGE('',*,*,#1814,.T.);
#2632 = ORIENTED_EDGE('',*,*,#1788,.T.);
#2633 = ORIENTED_EDGE('',*,*,#1762,.T.);
#2634 = ORIENTED_EDGE('',*,*,#1736,.T.);
#2635 = ORIENTED_EDGE('',*,*,#1710,.T.);
#2636 = ORIENTED_EDGE('',*,*,#1684,.T.);
#2637 = ORIENTED_EDGE('',*,*,#1658,.T.);
#2638 = ORIENTED_EDGE('',*,*,#1632,.T.);
#2639 = ORIENTED_EDGE('',*,*,#1606,.T.);
#2640 = ORIENTED_EDGE('',*,*,#1580,.T.);
#2641 = ORIENTED_EDGE('',*,*,#1554,.T.);
#2642 = ORIENTED_EDGE('',*,*,#1528,.T.);
#2643 = ORIENTED_EDGE('',*,*,#1502,.T.);
#2644 = PLANE('',#2645);
#2645 = AXIS2_PLACEMENT_3D('',#2646,#2647,#2648);
#2646 = CARTESIAN_POINT('',(10.827073970967,1.521127604216,
    5.933546384791));
#2647 = DIRECTION('',(0.,-0.939692620786,0.342020143326));
#2648 = DIRECTION('',(1.,0.,0.));
#2649 = ADVANCED_FACE('',(#2650),#2656,.T.);
#2650 = FACE_BOUND('',#2651,.F.);
#2651 = EDGE_LOOP('',(#2652,#2653,#2654,#2655));
#2652 = ORIENTED_EDGE('',*,*,#2193,.T.);
#2653 = ORIENTED_EDGE('',*,*,#2265,.T.);
#2654 = ORIENTED_EDGE('',*,*,#2248,.T.);
#2655 = ORIENTED_EDGE('',*,*,#2224,.T.);
#2656 = PLANE('',#2657);
#2657 = AXIS2_PLACEMENT_3D('',#2658,#2659,#2660);
#2658 = CARTESIAN_POINT('',(12.960766719803,1.530436610061,
    5.959122668147));
#2659 = DIRECTION('',(0.,-0.939692620786,0.342020143326));
#2660 = DIRECTION('',(1.,0.,0.));
#2661 = ADVANCED_FACE('',(#2662),#2668,.F.);
#2662 = FACE_BOUND('',#2663,.F.);
#2663 = EDGE_LOOP('',(#2664,#2665,#2666,#2667));
#2664 = ORIENTED_EDGE('',*,*,#2345,.T.);
#2665 = ORIENTED_EDGE('',*,*,#2320,.T.);
#2666 = ORIENTED_EDGE('',*,*,#2288,.F.);
#2667 = ORIENTED_EDGE('',*,*,#2557,.F.);
#2668 = PLANE('',#2669);
#2669 = AXIS2_PLACEMENT_3D('',#2670,#2671,#2672);
#2670 = CARTESIAN_POINT('',(30.,6.6,0.));
#2671 = DIRECTION('',(-1.,0.,0.));
#2672 = DIRECTION('',(0.,1.,0.));
#2673 = ADVANCED_FACE('',(#2674),#2684,.T.);
#2674 = FACE_BOUND('',#2675,.T.);
#2675 = EDGE_LOOP('',(#2676,#2677,#2678,#2679,#2680,#2681,#2682,#2683));
#2676 = ORIENTED_EDGE('',*,*,#2401,.T.);
#2677 = ORIENTED_EDGE('',*,*,#2376,.T.);
#2678 = ORIENTED_EDGE('',*,*,#2425,.T.);
#2679 = ORIENTED_EDGE('',*,*,#2474,.T.);
#2680 = ORIENTED_EDGE('',*,*,#2523,.T.);
#2681 = ORIENTED_EDGE('',*,*,#2540,.T.);
#2682 = ORIENTED_EDGE('',*,*,#2499,.T.);
#2683 = ORIENTED_EDGE('',*,*,#2449,.T.);
#2684 = PLANE('',#2685);
#2685 = AXIS2_PLACEMENT_3D('',#2686,#2687,#2688);
#2686 = CARTESIAN_POINT('',(13.,19.84,21.));
#2687 = DIRECTION('',(0.,0.,1.));
#2688 = DIRECTION('',(1.,0.,0.));
#2689 = ADVANCED_FACE('',(#2690),#2695,.T.);
#2690 = FACE_BOUND('',#2691,.T.);
#2691 = EDGE_LOOP('',(#2692,#2693,#2694));
#2692 = ORIENTED_EDGE('',*,*,#2595,.T.);
#2693 = ORIENTED_EDGE('',*,*,#2585,.T.);
#2694 = ORIENTED_EDGE('',*,*,#2603,.T.);
#2695 = PLANE('',#2696);
#2696 = AXIS2_PLACEMENT_3D('',#2697,#2698,#2699);
#2697 = CARTESIAN_POINT('',(15.313178915891,1.466525116716,
    5.783527283337));
#2698 = DIRECTION('',(0.,-0.939692620786,0.342020143326));
#2699 = DIRECTION('',(1.,0.,0.));
#2700 = ( GEOMETRIC_REPRESENTATION_CONTEXT(3) 
GLOBAL_UNCERTAINTY_ASSIGNED_CONTEXT((#2704)) 
GLOBAL_UNIT_ASSIGNED_CONTEXT((#2701,#2702,#2703)) REPRESENTATION_CONTEXT
('Context #1','3D Context with UNIT and UNCERTAINTY') );
#2701 = ( LENGTH_UNIT() NAMED_UNIT(*) SI_UNIT(.MILLI.,.METRE.) );
#2702 = ( NAMED_UNIT(*) PLANE_ANGLE_UNIT() SI_UNIT($,.RADIAN.) );
#2703 = ( NAMED_UNIT(*) SI_UNIT($,.STERADIAN.) SOLID_ANGLE_UNIT() );
#2704 = UNCERTAINTY_MEASURE_WITH_UNIT(LENGTH_MEASURE(1.E-06),#2701,
  'distance_accuracy_value','confusion accuracy');
#2705 = PRODUCT_RELATED_PRODUCT_CATEGORY('part',$,(#7));
ENDSEC;
END-ISO-10303-21;
