ISO-10303-21;
HEADER;
FILE_DESCRIPTION(('FreeCAD Model'),'2;1');
FILE_NAME('Open CASCADE Shape Model','2026-08-29T11:05:02',('FreeCAD'),(
    'FreeCAD'),'Open CASCADE STEP processor 7.8','FreeCAD','Unknown');
FILE_SCHEMA(('AUTOMOTIVE_DESIGN { 1 0 10303 214 1 1 1 1 }'));
ENDSEC;
DATA;
#1 = APPLICATION_PROTOCOL_DEFINITION('international standard',
  'automotive_design',2000,#2);
#2 = APPLICATION_CONTEXT(
  'core data for automotive mechanical design processes');
#3 = SHAPE_DEFINITION_REPRESENTATION(#4,#10);
#4 = PRODUCT_DEFINITION_SHAPE('','',#5);
#5 = PRODUCT_DEFINITION('design','',#6,#9);
#6 = PRODUCT_DEFINITION_FORMATION('','',#7);
#7 = PRODUCT('Open CASCADE STEP translator 7.8 34',
  'Open CASCADE STEP translator 7.8 34','',(#8));
#8 = PRODUCT_CONTEXT('',#2,'mechanical');
#9 = PRODUCT_DEFINITION_CONTEXT('part definition',#2,'design');
#10 = ADVANCED_BREP_SHAPE_REPRESENTATION('',(#11,#15),#3155);
#11 = AXIS2_PLACEMENT_3D('',#12,#13,#14);
#12 = CARTESIAN_POINT('',(0.,0.,0.));
#13 = DIRECTION('',(0.,0.,1.));
#14 = DIRECTION('',(1.,0.,-0.));
#15 = MANIFOLD_SOLID_BREP('',#16);
#16 = CLOSED_SHELL('',(#17,#57,#222,#246,#334,#1033,#1050,#1067,#1084,
    #1101,#1118,#1135,#1152,#1184,#1208,#1232,#1257,#1282,#1306,#1330,
    #1348,#1365,#1398,#1424,#1450,#1476,#1502,#1528,#1554,#1580,#1606,
    #1632,#1658,#1684,#1710,#1736,#1762,#1781,#1812,#1836,#1860,#1877,
    #1908,#1934,#1960,#1986,#2012,#2038,#2064,#2090,#2116,#2142,#2168,
    #2194,#2220,#2244,#2270,#2296,#2322,#2348,#2374,#2400,#2424,#2450,
    #2476,#2502,#2528,#2554,#2580,#2599,#2630,#2654,#2678,#2710,#2734,
    #2758,#2783,#2808,#2832,#2856,#2874,#2891,#3047,#3059,#3095,#3107,
    #3123,#3139));
#17 = ADVANCED_FACE('',(#18),#52,.F.);
#18 = FACE_BOUND('',#19,.F.);
#19 = EDGE_LOOP('',(#20,#30,#38,#46));
#20 = ORIENTED_EDGE('',*,*,#21,.F.);
#21 = EDGE_CURVE('',#22,#24,#26,.T.);
#22 = VERTEX_POINT('',#23);
#23 = CARTESIAN_POINT('',(0.,3.639702342662,10.));
#24 = VERTEX_POINT('',#25);
#25 = CARTESIAN_POINT('',(0.,7.45,10.));
#26 = LINE('',#27,#28);
#27 = CARTESIAN_POINT('',(0.,0.,10.));
#28 = VECTOR('',#29,1.);
#29 = DIRECTION('',(0.,1.,0.));
#30 = ORIENTED_EDGE('',*,*,#31,.T.);
#31 = EDGE_CURVE('',#22,#32,#34,.T.);
#32 = VERTEX_POINT('',#33);
#33 = CARTESIAN_POINT('',(0.,0.,0.));
#34 = LINE('',#35,#36);
#35 = CARTESIAN_POINT('',(0.,0.,0.));
#36 = VECTOR('',#37,1.);
#37 = DIRECTION('',(0.,-0.342020143326,-0.939692620786));
#38 = ORIENTED_EDGE('',*,*,#39,.T.);
#39 = EDGE_CURVE('',#32,#40,#42,.T.);
#40 = VERTEX_POINT('',#41);
#41 = CARTESIAN_POINT('',(0.,7.45,0.));
#42 = LINE('',#43,#44);
#43 = CARTESIAN_POINT('',(0.,0.,0.));
#44 = VECTOR('',#45,1.);
#45 = DIRECTION('',(0.,1.,0.));
#46 = ORIENTED_EDGE('',*,*,#47,.T.);
#47 = EDGE_CURVE('',#40,#24,#48,.T.);
#48 = LINE('',#49,#50);
#49 = CARTESIAN_POINT('',(0.,7.45,-1.));
#50 = VECTOR('',#51,1.);
#51 = DIRECTION('',(0.,0.,1.));
#52 = PLANE('',#53);
#53 = AXIS2_PLACEMENT_3D('',#54,#55,#56);
#54 = CARTESIAN_POINT('',(0.,0.,0.));
#55 = DIRECTION('',(1.,0.,0.));
#56 = DIRECTION('',(0.,0.,1.));
#57 = ADVANCED_FACE('',(#58,#147),#217,.T.);
#58 = FACE_BOUND('',#59,.T.);
#59 = EDGE_LOOP('',(#60,#61,#69,#77,#85,#93,#101,#109,#117,#125,#133,
    #141));
#60 = ORIENTED_EDGE('',*,*,#21,.F.);
#61 = ORIENTED_EDGE('',*,*,#62,.T.);
#62 = EDGE_CURVE('',#22,#63,#65,.T.);
#63 = VERTEX_POINT('',#64);
#64 = CARTESIAN_POINT('',(26.,3.639702342662,10.));
#65 = LINE('',#66,#67);
#66 = CARTESIAN_POINT('',(-1.,3.639702342662,10.));
#67 = VECTOR('',#68,1.);
#68 = DIRECTION('',(1.,0.,0.));
#69 = ORIENTED_EDGE('',*,*,#70,.T.);
#70 = EDGE_CURVE('',#63,#71,#73,.T.);
#71 = VERTEX_POINT('',#72);
#72 = CARTESIAN_POINT('',(26.,7.575609756098,10.));
#73 = LINE('',#74,#75);
#74 = CARTESIAN_POINT('',(26.,0.,10.));
#75 = VECTOR('',#76,1.);
#76 = DIRECTION('',(0.,1.,0.));
#77 = ORIENTED_EDGE('',*,*,#78,.F.);
#78 = EDGE_CURVE('',#79,#71,#81,.T.);
#79 = VERTEX_POINT('',#80);
#80 = CARTESIAN_POINT('',(25.9,7.6,10.));
#81 = LINE('',#82,#83);
#82 = CARTESIAN_POINT('',(25.9,7.6,10.));
#83 = VECTOR('',#84,1.);
#84 = DIRECTION('',(0.971520338783,-0.236956180191,0.));
#85 = ORIENTED_EDGE('',*,*,#86,.F.);
#86 = EDGE_CURVE('',#87,#79,#89,.T.);
#87 = VERTEX_POINT('',#88);
#88 = CARTESIAN_POINT('',(25.9,11.6,10.));
#89 = LINE('',#90,#91);
#90 = CARTESIAN_POINT('',(25.9,11.6,10.));
#91 = VECTOR('',#92,1.);
#92 = DIRECTION('',(0.,-1.,0.));
#93 = ORIENTED_EDGE('',*,*,#94,.F.);
#94 = EDGE_CURVE('',#95,#87,#97,.T.);
#95 = VERTEX_POINT('',#96);
#96 = CARTESIAN_POINT('',(26.,11.624390243902,10.));
#97 = LINE('',#98,#99);
#98 = CARTESIAN_POINT('',(30.,12.6,10.));
#99 = VECTOR('',#100,1.);
#100 = DIRECTION('',(-0.971520338783,-0.236956180191,0.));
#101 = ORIENTED_EDGE('',*,*,#102,.T.);
#102 = EDGE_CURVE('',#95,#103,#105,.T.);
#103 = VERTEX_POINT('',#104);
#104 = CARTESIAN_POINT('',(26.,32.,10.));
#105 = LINE('',#106,#107);
#106 = CARTESIAN_POINT('',(26.,0.,10.));
#107 = VECTOR('',#108,1.);
#108 = DIRECTION('',(0.,1.,0.));
#109 = ORIENTED_EDGE('',*,*,#110,.F.);
#110 = EDGE_CURVE('',#111,#103,#113,.T.);
#111 = VERTEX_POINT('',#112);
#112 = CARTESIAN_POINT('',(0.,32.,10.));
#113 = LINE('',#114,#115);
#114 = CARTESIAN_POINT('',(0.,32.,10.));
#115 = VECTOR('',#116,1.);
#116 = DIRECTION('',(1.,0.,0.));
#117 = ORIENTED_EDGE('',*,*,#118,.F.);
#118 = EDGE_CURVE('',#119,#111,#121,.T.);
#119 = VERTEX_POINT('',#120);
#120 = CARTESIAN_POINT('',(0.,11.75,10.));
#121 = LINE('',#122,#123);
#122 = CARTESIAN_POINT('',(0.,0.,10.));
#123 = VECTOR('',#124,1.);
#124 = DIRECTION('',(0.,1.,0.));
#125 = ORIENTED_EDGE('',*,*,#126,.T.);
#126 = EDGE_CURVE('',#119,#127,#129,.T.);
#127 = VERTEX_POINT('',#128);
#128 = CARTESIAN_POINT('',(4.,12.75,10.));
#129 = LINE('',#130,#131);
#130 = CARTESIAN_POINT('',(0.617647058824,11.904411764706,10.));
#131 = VECTOR('',#132,1.);
#132 = DIRECTION('',(0.970142500145,0.242535625036,0.));
#133 = ORIENTED_EDGE('',*,*,#134,.T.);
#134 = EDGE_CURVE('',#127,#135,#137,.T.);
#135 = VERTEX_POINT('',#136);
#136 = CARTESIAN_POINT('',(4.,6.45,10.));
#137 = LINE('',#138,#139);
#138 = CARTESIAN_POINT('',(4.,3.225,10.));
#139 = VECTOR('',#140,1.);
#140 = DIRECTION('',(0.,-1.,0.));
#141 = ORIENTED_EDGE('',*,*,#142,.T.);
#142 = EDGE_CURVE('',#135,#24,#143,.T.);
#143 = LINE('',#144,#145);
#144 = CARTESIAN_POINT('',(0.876470588235,7.230882352941,10.));
#145 = VECTOR('',#146,1.);
#146 = DIRECTION('',(-0.970142500145,0.242535625036,0.));
#147 = FACE_BOUND('',#148,.T.);
#148 = EDGE_LOOP('',(#149,#160,#168,#177,#185,#194,#202,#211));
#149 = ORIENTED_EDGE('',*,*,#150,.F.);
#150 = EDGE_CURVE('',#151,#153,#155,.T.);
#151 = VERTEX_POINT('',#152);
#152 = CARTESIAN_POINT('',(9.685,23.755,10.));
#153 = VERTEX_POINT('',#154);
#154 = CARTESIAN_POINT('',(9.085,23.155,10.));
#155 = CIRCLE('',#156,0.6);
#156 = AXIS2_PLACEMENT_3D('',#157,#158,#159);
#157 = CARTESIAN_POINT('',(9.685,23.155,10.));
#158 = DIRECTION('',(0.,-0.,1.));
#159 = DIRECTION('',(0.,1.,0.));
#160 = ORIENTED_EDGE('',*,*,#161,.T.);
#161 = EDGE_CURVE('',#151,#162,#164,.T.);
#162 = VERTEX_POINT('',#163);
#163 = CARTESIAN_POINT('',(16.315,23.755,10.));
#164 = LINE('',#165,#166);
#165 = CARTESIAN_POINT('',(8.4575,23.755,10.));
#166 = VECTOR('',#167,1.);
#167 = DIRECTION('',(1.,0.,0.));
#168 = ORIENTED_EDGE('',*,*,#169,.F.);
#169 = EDGE_CURVE('',#170,#162,#172,.T.);
#170 = VERTEX_POINT('',#171);
#171 = CARTESIAN_POINT('',(16.915,23.155,10.));
#172 = CIRCLE('',#173,0.6);
#173 = AXIS2_PLACEMENT_3D('',#174,#175,#176);
#174 = CARTESIAN_POINT('',(16.315,23.155,10.));
#175 = DIRECTION('',(0.,-0.,1.));
#176 = DIRECTION('',(0.,1.,0.));
#177 = ORIENTED_EDGE('',*,*,#178,.T.);
#178 = EDGE_CURVE('',#170,#179,#181,.T.);
#179 = VERTEX_POINT('',#180);
#180 = CARTESIAN_POINT('',(16.915,16.525,10.));
#181 = LINE('',#182,#183);
#182 = CARTESIAN_POINT('',(16.915,7.9625,10.));
#183 = VECTOR('',#184,1.);
#184 = DIRECTION('',(0.,-1.,0.));
#185 = ORIENTED_EDGE('',*,*,#186,.F.);
#186 = EDGE_CURVE('',#187,#179,#189,.T.);
#187 = VERTEX_POINT('',#188);
#188 = CARTESIAN_POINT('',(16.315,15.925,10.));
#189 = CIRCLE('',#190,0.6);
#190 = AXIS2_PLACEMENT_3D('',#191,#192,#193);
#191 = CARTESIAN_POINT('',(16.315,16.525,10.));
#192 = DIRECTION('',(-0.,0.,1.));
#193 = DIRECTION('',(0.,-1.,0.));
#194 = ORIENTED_EDGE('',*,*,#195,.T.);
#195 = EDGE_CURVE('',#187,#196,#198,.T.);
#196 = VERTEX_POINT('',#197);
#197 = CARTESIAN_POINT('',(9.685,15.925,10.));
#198 = LINE('',#199,#200);
#199 = CARTESIAN_POINT('',(4.5425,15.925,10.));
#200 = VECTOR('',#201,1.);
#201 = DIRECTION('',(-1.,0.,0.));
#202 = ORIENTED_EDGE('',*,*,#203,.F.);
#203 = EDGE_CURVE('',#204,#196,#206,.T.);
#204 = VERTEX_POINT('',#205);
#205 = CARTESIAN_POINT('',(9.085,16.525,10.));
#206 = CIRCLE('',#207,0.6);
#207 = AXIS2_PLACEMENT_3D('',#208,#209,#210);
#208 = CARTESIAN_POINT('',(9.685,16.525,10.));
#209 = DIRECTION('',(0.,0.,1.));
#210 = DIRECTION('',(-1.,0.,0.));
#211 = ORIENTED_EDGE('',*,*,#212,.T.);
#212 = EDGE_CURVE('',#204,#153,#213,.T.);
#213 = LINE('',#214,#215);
#214 = CARTESIAN_POINT('',(9.085,11.8775,10.));
#215 = VECTOR('',#216,1.);
#216 = DIRECTION('',(0.,1.,0.));
#217 = PLANE('',#218);
#218 = AXIS2_PLACEMENT_3D('',#219,#220,#221);
#219 = CARTESIAN_POINT('',(0.,0.,10.));
#220 = DIRECTION('',(0.,0.,1.));
#221 = DIRECTION('',(1.,0.,0.));
#222 = ADVANCED_FACE('',(#223),#241,.T.);
#223 = FACE_BOUND('',#224,.T.);
#224 = EDGE_LOOP('',(#225,#233,#234,#235));
#225 = ORIENTED_EDGE('',*,*,#226,.T.);
#226 = EDGE_CURVE('',#227,#40,#229,.T.);
#227 = VERTEX_POINT('',#228);
#228 = CARTESIAN_POINT('',(4.,6.45,0.));
#229 = LINE('',#230,#231);
#230 = CARTESIAN_POINT('',(0.876470588235,7.230882352941,0.));
#231 = VECTOR('',#232,1.);
#232 = DIRECTION('',(-0.970142500145,0.242535625036,0.));
#233 = ORIENTED_EDGE('',*,*,#47,.T.);
#234 = ORIENTED_EDGE('',*,*,#142,.F.);
#235 = ORIENTED_EDGE('',*,*,#236,.F.);
#236 = EDGE_CURVE('',#227,#135,#237,.T.);
#237 = LINE('',#238,#239);
#238 = CARTESIAN_POINT('',(4.,6.45,-1.));
#239 = VECTOR('',#240,1.);
#240 = DIRECTION('',(0.,0.,1.));
#241 = PLANE('',#242);
#242 = AXIS2_PLACEMENT_3D('',#243,#244,#245);
#243 = CARTESIAN_POINT('',(0.,7.45,-1.));
#244 = DIRECTION('',(0.242535625036,0.970142500145,0.));
#245 = DIRECTION('',(0.970142500145,-0.242535625036,0.));
#246 = ADVANCED_FACE('',(#247),#329,.F.);
#247 = FACE_BOUND('',#248,.F.);
#248 = EDGE_LOOP('',(#249,#250,#258,#266,#274,#282,#290,#298,#306,#314,
    #322,#328));
#249 = ORIENTED_EDGE('',*,*,#39,.F.);
#250 = ORIENTED_EDGE('',*,*,#251,.T.);
#251 = EDGE_CURVE('',#32,#252,#254,.T.);
#252 = VERTEX_POINT('',#253);
#253 = CARTESIAN_POINT('',(26.,0.,0.));
#254 = LINE('',#255,#256);
#255 = CARTESIAN_POINT('',(0.,0.,0.));
#256 = VECTOR('',#257,1.);
#257 = DIRECTION('',(1.,0.,0.));
#258 = ORIENTED_EDGE('',*,*,#259,.T.);
#259 = EDGE_CURVE('',#252,#260,#262,.T.);
#260 = VERTEX_POINT('',#261);
#261 = CARTESIAN_POINT('',(26.,7.575609756098,0.));
#262 = LINE('',#263,#264);
#263 = CARTESIAN_POINT('',(26.,0.,0.));
#264 = VECTOR('',#265,1.);
#265 = DIRECTION('',(0.,1.,0.));
#266 = ORIENTED_EDGE('',*,*,#267,.F.);
#267 = EDGE_CURVE('',#268,#260,#270,.T.);
#268 = VERTEX_POINT('',#269);
#269 = CARTESIAN_POINT('',(25.9,7.6,0.));
#270 = LINE('',#271,#272);
#271 = CARTESIAN_POINT('',(25.9,7.6,0.));
#272 = VECTOR('',#273,1.);
#273 = DIRECTION('',(0.971520338783,-0.236956180191,0.));
#274 = ORIENTED_EDGE('',*,*,#275,.F.);
#275 = EDGE_CURVE('',#276,#268,#278,.T.);
#276 = VERTEX_POINT('',#277);
#277 = CARTESIAN_POINT('',(25.9,11.6,0.));
#278 = LINE('',#279,#280);
#279 = CARTESIAN_POINT('',(25.9,11.6,0.));
#280 = VECTOR('',#281,1.);
#281 = DIRECTION('',(0.,-1.,0.));
#282 = ORIENTED_EDGE('',*,*,#283,.F.);
#283 = EDGE_CURVE('',#284,#276,#286,.T.);
#284 = VERTEX_POINT('',#285);
#285 = CARTESIAN_POINT('',(26.,11.624390243902,0.));
#286 = LINE('',#287,#288);
#287 = CARTESIAN_POINT('',(30.,12.6,0.));
#288 = VECTOR('',#289,1.);
#289 = DIRECTION('',(-0.971520338783,-0.236956180191,0.));
#290 = ORIENTED_EDGE('',*,*,#291,.T.);
#291 = EDGE_CURVE('',#284,#292,#294,.T.);
#292 = VERTEX_POINT('',#293);
#293 = CARTESIAN_POINT('',(26.,32.,0.));
#294 = LINE('',#295,#296);
#295 = CARTESIAN_POINT('',(26.,0.,0.));
#296 = VECTOR('',#297,1.);
#297 = DIRECTION('',(0.,1.,0.));
#298 = ORIENTED_EDGE('',*,*,#299,.F.);
#299 = EDGE_CURVE('',#300,#292,#302,.T.);
#300 = VERTEX_POINT('',#301);
#301 = CARTESIAN_POINT('',(0.,32.,0.));
#302 = LINE('',#303,#304);
#303 = CARTESIAN_POINT('',(0.,32.,0.));
#304 = VECTOR('',#305,1.);
#305 = DIRECTION('',(1.,0.,0.));
#306 = ORIENTED_EDGE('',*,*,#307,.F.);
#307 = EDGE_CURVE('',#308,#300,#310,.T.);
#308 = VERTEX_POINT('',#309);
#309 = CARTESIAN_POINT('',(0.,11.75,0.));
#310 = LINE('',#311,#312);
#311 = CARTESIAN_POINT('',(0.,0.,0.));
#312 = VECTOR('',#313,1.);
#313 = DIRECTION('',(0.,1.,0.));
#314 = ORIENTED_EDGE('',*,*,#315,.T.);
#315 = EDGE_CURVE('',#308,#316,#318,.T.);
#316 = VERTEX_POINT('',#317);
#317 = CARTESIAN_POINT('',(4.,12.75,0.));
#318 = LINE('',#319,#320);
#319 = CARTESIAN_POINT('',(0.617647058824,11.904411764706,0.));
#320 = VECTOR('',#321,1.);
#321 = DIRECTION('',(0.970142500145,0.242535625036,0.));
#322 = ORIENTED_EDGE('',*,*,#323,.T.);
#323 = EDGE_CURVE('',#316,#227,#324,.T.);
#324 = LINE('',#325,#326);
#325 = CARTESIAN_POINT('',(4.,3.225,0.));
#326 = VECTOR('',#327,1.);
#327 = DIRECTION('',(0.,-1.,0.));
#328 = ORIENTED_EDGE('',*,*,#226,.T.);
#329 = PLANE('',#330);
#330 = AXIS2_PLACEMENT_3D('',#331,#332,#333);
#331 = CARTESIAN_POINT('',(0.,0.,0.));
#332 = DIRECTION('',(0.,0.,1.));
#333 = DIRECTION('',(1.,0.,0.));
#334 = ADVANCED_FACE('',(#335,#346,#607,#641),#1028,.T.);
#335 = FACE_BOUND('',#336,.T.);
#336 = EDGE_LOOP('',(#337,#338,#339,#345));
#337 = ORIENTED_EDGE('',*,*,#31,.T.);
#338 = ORIENTED_EDGE('',*,*,#251,.T.);
#339 = ORIENTED_EDGE('',*,*,#340,.F.);
#340 = EDGE_CURVE('',#63,#252,#341,.T.);
#341 = LINE('',#342,#343);
#342 = CARTESIAN_POINT('',(26.,0.,0.));
#343 = VECTOR('',#344,1.);
#344 = DIRECTION('',(0.,-0.342020143326,-0.939692620786));
#345 = ORIENTED_EDGE('',*,*,#62,.F.);
#346 = FACE_BOUND('',#347,.T.);
#347 = EDGE_LOOP('',(#348,#361,#376,#391,#408,#430,#445,#460,#475,#490,
    #505,#522,#539,#556,#575,#590));
#348 = ORIENTED_EDGE('',*,*,#349,.F.);
#349 = EDGE_CURVE('',#350,#352,#354,.T.);
#350 = VERTEX_POINT('',#351);
#351 = CARTESIAN_POINT('',(14.174012738854,2.257093984495,6.201314755988
    ));
#352 = VERTEX_POINT('',#353);
#353 = CARTESIAN_POINT('',(14.577919320594,2.146427594171,5.897261347479
    ));
#354 = B_SPLINE_CURVE_WITH_KNOTS('',5,(#355,#356,#357,#358,#359,#360),
  .UNSPECIFIED.,.F.,.F.,(6,6),(0.,1.),.PIECEWISE_BEZIER_KNOTS.);
#355 = CARTESIAN_POINT('',(14.174012738854,2.257093984495,6.201314755988
    ));
#356 = CARTESIAN_POINT('',(14.225394907476,2.228427270024,6.122553605289
    ));
#357 = CARTESIAN_POINT('',(14.292444849941,2.202901111593,6.052421061393
    ));
#358 = CARTESIAN_POINT('',(14.374638342842,2.180778084533,5.991638544097
    ));
#359 = CARTESIAN_POINT('',(14.470411217032,2.162012650032,5.940080936539
    ));
#360 = CARTESIAN_POINT('',(14.577919320594,2.146427594171,5.897261347479
    ));
#361 = ORIENTED_EDGE('',*,*,#362,.F.);
#362 = EDGE_CURVE('',#363,#350,#365,.T.);
#363 = VERTEX_POINT('',#364);
#364 = CARTESIAN_POINT('',(14.047983014862,2.411562190203,6.625712663193
    ));
#365 = B_SPLINE_CURVE_WITH_KNOTS('',5,(#366,#367,#368,#369,#370,#371,
    #372,#373,#374,#375),.UNSPECIFIED.,.F.,.F.,(6,4,6),(0.,
    0.558263811646,1.),.UNSPECIFIED.);
#366 = CARTESIAN_POINT('',(14.047983014862,2.411562190203,6.625712663193
    ));
#367 = CARTESIAN_POINT('',(14.047983014862,2.39292254204,6.57450065076)
  );
#368 = CARTESIAN_POINT('',(14.051861389321,2.374618227021,6.524209958565
    ));
#369 = CARTESIAN_POINT('',(14.059685755048,2.356682160582,6.474931021029
    ));
#370 = CARTESIAN_POINT('',(14.071481477093,2.339144230592,6.4267459544)
  );
#371 = CARTESIAN_POINT('',(14.099680791506,2.308489083854,6.342521630946
    ));
#372 = CARTESIAN_POINT('',(14.114608913389,2.295213054968,6.306046041362
    ));
#373 = CARTESIAN_POINT('',(14.131996300113,2.282215293814,6.270334986087
    ));
#374 = CARTESIAN_POINT('',(14.151813285956,2.269506244138,6.235417159081
    ));
#375 = CARTESIAN_POINT('',(14.174012738854,2.257093984495,6.201314755988
    ));
#376 = ORIENTED_EDGE('',*,*,#377,.F.);
#377 = EDGE_CURVE('',#378,#363,#380,.T.);
#378 = VERTEX_POINT('',#379);
#379 = CARTESIAN_POINT('',(14.339617834395,2.648638063649,7.277073272183
    ));
#380 = B_SPLINE_CURVE_WITH_KNOTS('',5,(#381,#382,#383,#384,#385,#386,
    #387,#388,#389,#390),.UNSPECIFIED.,.F.,.F.,(6,4,6),(0.,
    0.422387058257,1.),.UNSPECIFIED.);
#381 = CARTESIAN_POINT('',(14.339617834395,2.648638063649,7.277073272183
    ));
#382 = CARTESIAN_POINT('',(14.290934903759,2.633015451748,7.234150498753
    ));
#383 = CARTESIAN_POINT('',(14.246767564028,2.616342885605,7.188342999751
    ));
#384 = CARTESIAN_POINT('',(14.207511483282,2.598631595219,7.139681629346
    ));
#385 = CARTESIAN_POINT('',(14.173460929141,2.579923519433,7.088281613561
    ));
#386 = CARTESIAN_POINT('',(14.105465284312,2.533476847827,6.960670432115
    ));
#387 = CARTESIAN_POINT('',(14.076145221971,2.504937545213,6.882259342616
    ));
#388 = CARTESIAN_POINT('',(14.057122376914,2.474913742156,6.799769621672
    ));
#389 = CARTESIAN_POINT('',(14.047983014862,2.44369215867,6.713989026044)
  );
#390 = CARTESIAN_POINT('',(14.047983014862,2.411562190203,6.625712663193
    ));
#391 = ORIENTED_EDGE('',*,*,#392,.F.);
#392 = EDGE_CURVE('',#393,#378,#395,.T.);
#393 = VERTEX_POINT('',#394);
#394 = CARTESIAN_POINT('',(15.169002123142,2.742283324123,7.534361510774
    ));
#395 = B_SPLINE_CURVE_WITH_KNOTS('',6,(#396,#397,#398,#399,#400,#401,
    #402,#403,#404,#405,#406,#407),.UNSPECIFIED.,.F.,.F.,(7,5,7),(0.,
    0.505903350635,1.),.UNSPECIFIED.);
#396 = CARTESIAN_POINT('',(15.169002123142,2.742283324123,7.534361510774
    ));
#397 = CARTESIAN_POINT('',(15.086064218696,2.742283324123,7.534361510774
    ));
#398 = CARTESIAN_POINT('',(15.004753417448,2.740945946669,7.530687096418
    ));
#399 = CARTESIAN_POINT('',(14.925375702971,2.738157258621,7.523025238977
    ));
#400 = CARTESIAN_POINT('',(14.848309347328,2.733800110311,7.511054072382
    ));
#401 = CARTESIAN_POINT('',(14.773987381736,2.727765750461,7.494474804953
    ));
#402 = CARTESIAN_POINT('',(14.633381203597,2.712380433802,7.45220399484)
  );
#403 = CARTESIAN_POINT('',(14.566937592796,2.703108811,7.426730420551));
#404 = CARTESIAN_POINT('',(14.503970041953,2.692102844874,7.396491777141
    ));
#405 = CARTESIAN_POINT('',(14.444887761565,2.679331951475,7.361404035901
    ));
#406 = CARTESIAN_POINT('',(14.390027389047,2.664815377949,7.321520077931
    ));
#407 = CARTESIAN_POINT('',(14.339617834395,2.648638063649,7.277073272183
    ));
#408 = ORIENTED_EDGE('',*,*,#409,.F.);
#409 = EDGE_CURVE('',#410,#393,#412,.T.);
#410 = VERTEX_POINT('',#411);
#411 = CARTESIAN_POINT('',(15.995668789809,2.648638063649,7.277073272183
    ));
#412 = B_SPLINE_CURVE_WITH_KNOTS('',6,(#413,#414,#415,#416,#417,#418,
    #419,#420,#421,#422,#423,#424,#425,#426,#427,#428,#429),
  .UNSPECIFIED.,.F.,.F.,(7,5,5,7),(0.,3.44268769921E-02,0.500939510774,
    1.),.UNSPECIFIED.);
#413 = CARTESIAN_POINT('',(15.995668789809,2.648638063649,7.277073272183
    ));
#414 = CARTESIAN_POINT('',(15.992139105485,2.649761645461,7.280160287841
    ));
#415 = CARTESIAN_POINT('',(15.988588537552,2.65087723423,7.283225342793)
  );
#416 = CARTESIAN_POINT('',(15.985017152564,2.651984804096,7.286268365992
    ));
#417 = CARTESIAN_POINT('',(15.981425019995,2.653084330298,7.289289289403
    ));
#418 = CARTESIAN_POINT('',(15.977812212233,2.65417578917,7.292288048009)
  );
#419 = CARTESIAN_POINT('',(15.924943128297,2.669939703057,7.335599045455
    ));
#420 = CARTESIAN_POINT('',(15.87191854898,2.68313659544,7.371857209283)
  );
#421 = CARTESIAN_POINT('',(15.815306379026,2.694788325037,7.403870073248
    ));
#422 = CARTESIAN_POINT('',(15.755384164827,2.704882628965,7.431603945355
    ));
#423 = CARTESIAN_POINT('',(15.692481129955,2.713445014627,7.455128906619
    ));
#424 = CARTESIAN_POINT('',(15.556854354928,2.728103669371,7.495403229527
    ));
#425 = CARTESIAN_POINT('',(15.483741928629,2.733987260454,7.511568263175
    ));
#426 = CARTESIAN_POINT('',(15.4080257125,2.738243510689,7.523262214587)
  );
#427 = CARTESIAN_POINT('',(15.330105759543,2.74097247953,7.530759994855)
  );
#428 = CARTESIAN_POINT('',(15.250334818753,2.742283324123,7.534361510774
    ));
#429 = CARTESIAN_POINT('',(15.169002123142,2.742283324123,7.534361510774
    ));
#430 = ORIENTED_EDGE('',*,*,#431,.F.);
#431 = EDGE_CURVE('',#432,#410,#434,.T.);
#432 = VERTEX_POINT('',#433);
#433 = CARTESIAN_POINT('',(16.290021231423,2.411562190203,6.625712663193
    ));
#434 = B_SPLINE_CURVE_WITH_KNOTS('',5,(#435,#436,#437,#438,#439,#440,
    #441,#442,#443,#444),.UNSPECIFIED.,.F.,.F.,(6,4,6),(0.,
    0.569451903194,1.),.UNSPECIFIED.);
#435 = CARTESIAN_POINT('',(16.290021231423,2.411562190203,6.625712663193
    ));
#436 = CARTESIAN_POINT('',(16.290021231423,2.443259301166,6.712799759827
    ));
#437 = CARTESIAN_POINT('',(16.281043593035,2.474072226606,6.797457576701
    ));
#438 = CARTESIAN_POINT('',(16.262367249966,2.50372001832,6.878914214971)
  );
#439 = CARTESIAN_POINT('',(16.233594327472,2.531924772133,6.956406139193
    ));
#440 = CARTESIAN_POINT('',(16.165918272731,2.57853301727,7.084461240269)
  );
#441 = CARTESIAN_POINT('',(16.131191140781,2.597654009965,7.136995735934
    ));
#442 = CARTESIAN_POINT('',(16.091008296934,2.615735657093,7.186674653126
    ));
#443 = CARTESIAN_POINT('',(16.045690917596,2.632733900445,7.233376942904
    ));
#444 = CARTESIAN_POINT('',(15.995668789809,2.648638063649,7.277073272183
    ));
#445 = ORIENTED_EDGE('',*,*,#446,.F.);
#446 = EDGE_CURVE('',#447,#432,#449,.T.);
#447 = VERTEX_POINT('',#448);
#448 = CARTESIAN_POINT('',(16.154989384289,2.252737039994,6.189344149354
    ));
#449 = B_SPLINE_CURVE_WITH_KNOTS('',5,(#450,#451,#452,#453,#454,#455,
    #456,#457,#458,#459),.UNSPECIFIED.,.F.,.F.,(6,4,6),(0.,
    0.299037531569,1.),.UNSPECIFIED.);
#450 = CARTESIAN_POINT('',(16.154989384289,2.252737039994,6.189344149354
    ));
#451 = CARTESIAN_POINT('',(16.171159116243,2.261063905059,6.212222023094
    ));
#452 = CARTESIAN_POINT('',(16.186144091693,2.269580867688,6.235622185599
    ));
#453 = CARTESIAN_POINT('',(16.199928367392,2.278284787845,6.259536009692
    ));
#454 = CARTESIAN_POINT('',(16.212500916049,2.287171692153,6.283952578605
    ));
#455 = CARTESIAN_POINT('',(16.250471769468,2.317485886133,6.367240142056
    ));
#456 = CARTESIAN_POINT('',(16.270397634051,2.33971494868,6.428313989458)
  );
#457 = CARTESIAN_POINT('',(16.283551204808,2.362859970318,6.491904413781
    ));
#458 = CARTESIAN_POINT('',(16.290021231423,2.386839818514,6.557788505222
    ));
#459 = CARTESIAN_POINT('',(16.290021231423,2.411562190203,6.625712663193
    ));
#460 = ORIENTED_EDGE('',*,*,#461,.F.);
#461 = EDGE_CURVE('',#462,#447,#464,.T.);
#462 = VERTEX_POINT('',#463);
#463 = CARTESIAN_POINT('',(15.775371549894,2.146427594171,5.897261347479
    ));
#464 = B_SPLINE_CURVE_WITH_KNOTS('',5,(#465,#466,#467,#468,#469,#470,
    #471,#472,#473,#474),.UNSPECIFIED.,.F.,.F.,(6,4,6),(0.,
    0.781077579952,1.),.UNSPECIFIED.);
#465 = CARTESIAN_POINT('',(15.775371549894,2.146427594171,5.897261347479
    ));
#466 = CARTESIAN_POINT('',(15.850655226387,2.157746220498,5.928359017731
    ));
#467 = CARTESIAN_POINT('',(15.920200283412,2.171117437719,5.965096135116
    ));
#468 = CARTESIAN_POINT('',(15.983529805309,2.186585516789,6.007594333085
    ));
#469 = CARTESIAN_POINT('',(16.040281831632,2.204146352515,6.055842332708
    ));
#470 = CARTESIAN_POINT('',(16.104284589897,2.229214629079,6.124716856512
    ));
#471 = CARTESIAN_POINT('',(16.117765335292,2.234861373515,6.140231159344
    ));
#472 = CARTESIAN_POINT('',(16.130711301103,2.240665321973,6.156177376675
    ));
#473 = CARTESIAN_POINT('',(16.143119808144,2.246624609732,6.172550385229
    ));
#474 = CARTESIAN_POINT('',(16.154989384289,2.252737039994,6.189344149354
    ));
#475 = ORIENTED_EDGE('',*,*,#476,.F.);
#476 = EDGE_CURVE('',#477,#462,#479,.T.);
#477 = VERTEX_POINT('',#478);
#478 = CARTESIAN_POINT('',(16.247898089172,2.021644703663,5.554423173475
    ));
#479 = B_SPLINE_CURVE_WITH_KNOTS('',5,(#480,#481,#482,#483,#484,#485,
    #486,#487,#488,#489),.UNSPECIFIED.,.F.,.F.,(6,4,6),(0.,
    9.479518382091E-02,1.),.UNSPECIFIED.);
#480 = CARTESIAN_POINT('',(16.247898089172,2.021644703663,5.554423173475
    ));
#481 = CARTESIAN_POINT('',(16.241690911885,2.024793492831,5.563074400612
    ));
#482 = CARTESIAN_POINT('',(16.235344859337,2.027906889246,5.57162838696)
  );
#483 = CARTESIAN_POINT('',(16.22886030056,2.030984601348,5.580084331464)
  );
#484 = CARTESIAN_POINT('',(16.222237695885,2.034026360363,5.588441495674
    ));
#485 = CARTESIAN_POINT('',(16.150925012375,2.065732189914,5.675552546429
    ));
#486 = CARTESIAN_POINT('',(16.073822345376,2.09113723354,5.745352330132)
  );
#487 = CARTESIAN_POINT('',(15.984684717593,2.11301105573,5.805450162675)
  );
#488 = CARTESIAN_POINT('',(15.884718594018,2.131386291278,5.855935707422
    ));
#489 = CARTESIAN_POINT('',(15.775371549894,2.146427594171,5.897261347479
    ));
#490 = ORIENTED_EDGE('',*,*,#491,.F.);
#491 = EDGE_CURVE('',#492,#477,#494,.T.);
#492 = VERTEX_POINT('',#493);
#493 = CARTESIAN_POINT('',(16.409766454352,1.832320941948,5.034260413196
    ));
#494 = B_SPLINE_CURVE_WITH_KNOTS('',5,(#495,#496,#497,#498,#499,#500,
    #501,#502,#503,#504),.UNSPECIFIED.,.F.,.F.,(6,4,6),(0.,
    0.733425617594,1.),.UNSPECIFIED.);
#495 = CARTESIAN_POINT('',(16.409766454352,1.832320941948,5.034260413196
    ));
#496 = CARTESIAN_POINT('',(16.409766454352,1.863221599344,5.119159271639
    ));
#497 = CARTESIAN_POINT('',(16.40137569297,1.893185580585,5.201484633494)
  );
#498 = CARTESIAN_POINT('',(16.384188682039,1.922043837467,5.280772042643
    ));
#499 = CARTESIAN_POINT('',(16.358020001399,1.94964313354,5.356600485396)
  );
#500 = CARTESIAN_POINT('',(16.310317138134,1.985393485631,5.454823770503
    ));
#501 = CARTESIAN_POINT('',(16.296435471736,1.994741719595,5.480507832231
    ));
#502 = CARTESIAN_POINT('',(16.281395907801,2.003902556209,5.505677023971
    ));
#503 = CARTESIAN_POINT('',(16.265210928208,2.01287142807,5.530318796889)
  );
#504 = CARTESIAN_POINT('',(16.247898089172,2.021644703663,5.554423173475
    ));
#505 = ORIENTED_EDGE('',*,*,#506,.F.);
#506 = EDGE_CURVE('',#507,#492,#509,.T.);
#507 = VERTEX_POINT('',#508);
#508 = CARTESIAN_POINT('',(16.07974522293,1.544355956731,4.243083118719)
  );
#509 = B_SPLINE_CURVE_WITH_KNOTS('',6,(#510,#511,#512,#513,#514,#515,
    #516,#517,#518,#519,#520,#521),.UNSPECIFIED.,.F.,.F.,(7,5,7),(0.,
    0.309875841319,1.),.UNSPECIFIED.);
#510 = CARTESIAN_POINT('',(16.07974522293,1.544355956731,4.243083118719)
  );
#511 = CARTESIAN_POINT('',(16.113925076722,1.55583557522,4.274623111301)
  );
#512 = CARTESIAN_POINT('',(16.146193146546,1.567813051312,4.307530956407
    ));
#513 = CARTESIAN_POINT('',(16.176452188912,1.58028227603,4.341789869758)
  );
#514 = CARTESIAN_POINT('',(16.204620834241,1.593232088232,4.377369186368
    ));
#515 = CARTESIAN_POINT('',(16.230636746514,1.606645546155,4.414222359127
    ));
#516 = CARTESIAN_POINT('',(16.307516042151,1.651352654475,4.537054129726
    ));
#517 = CARTESIAN_POINT('',(16.349718044305,1.684402384464,4.627857516589
    ));
#518 = CARTESIAN_POINT('',(16.380562477725,1.719368871671,4.723927150629
    ));
#519 = CARTESIAN_POINT('',(16.400337626962,1.755909504412,4.824321713977
    ));
#520 = CARTESIAN_POINT('',(16.409766454352,1.793670160597,4.92806826419)
  );
#521 = CARTESIAN_POINT('',(16.409766454352,1.832320941948,5.034260413196
    ));
#522 = ORIENTED_EDGE('',*,*,#523,.F.);
#523 = EDGE_CURVE('',#524,#507,#526,.T.);
#524 = VERTEX_POINT('',#525);
#525 = CARTESIAN_POINT('',(15.202123142251,1.43357338122,3.938710494033)
  );
#526 = B_SPLINE_CURVE_WITH_KNOTS('',6,(#527,#528,#529,#530,#531,#532,
    #533,#534,#535,#536,#537,#538),.UNSPECIFIED.,.F.,.F.,(7,5,7),(0.,
    0.7890282777,1.),.UNSPECIFIED.);
#527 = CARTESIAN_POINT('',(15.202123142251,1.43357338122,3.938710494033)
  );
#528 = CARTESIAN_POINT('',(15.336810472849,1.43357338122,3.938710494033)
  );
#529 = CARTESIAN_POINT('',(15.468038929523,1.43759206046,3.949751724501)
  );
#530 = CARTESIAN_POINT('',(15.594324010042,1.446126633067,3.973200270025
    ));
#531 = CARTESIAN_POINT('',(15.713976386169,1.459601902255,4.010223267838
    ));
#532 = CARTESIAN_POINT('',(15.825319987734,1.478217651658,4.061369618969
    ));
#533 = CARTESIAN_POINT('',(15.954291531685,1.507936363849,4.143021109649
    ));
#534 = CARTESIAN_POINT('',(15.980819353708,1.514552553289,4.161198940739
    ));
#535 = CARTESIAN_POINT('',(16.006644082044,1.521510040268,4.18031447911)
  );
#536 = CARTESIAN_POINT('',(16.031748228909,1.528802174803,4.200349454085
    ));
#537 = CARTESIAN_POINT('',(16.056118385687,1.536420740936,4.221281292503
    ));
#538 = CARTESIAN_POINT('',(16.07974522293,1.544355956731,4.243083118719)
  );
#539 = ORIENTED_EDGE('',*,*,#540,.F.);
#540 = EDGE_CURVE('',#541,#524,#543,.T.);
#541 = VERTEX_POINT('',#542);
#542 = CARTESIAN_POINT('',(14.353715498938,1.525185400927,4.190412449528
    ));
#543 = B_SPLINE_CURVE_WITH_KNOTS('',6,(#544,#545,#546,#547,#548,#549,
    #550,#551,#552,#553,#554,#555),.UNSPECIFIED.,.F.,.F.,(7,5,7),(0.,
    0.134831609017,1.),.UNSPECIFIED.);
#544 = CARTESIAN_POINT('',(14.353715498938,1.525185400927,4.190412449528
    ));
#545 = CARTESIAN_POINT('',(14.369279916042,1.520977424108,4.178851128236
    ));
#546 = CARTESIAN_POINT('',(14.385074089954,1.516881720347,4.167598274638
    ));
#547 = CARTESIAN_POINT('',(14.40109536053,1.512899586522,4.156657451873)
  );
#548 = CARTESIAN_POINT('',(14.417340716823,1.509032157467,4.146031777873
    ));
#549 = CARTESIAN_POINT('',(14.433806797081,1.505280405974,4.135723925361
    ));
#550 = CARTESIAN_POINT('',(14.557539590806,1.478318900363,4.061647797501
    ));
#551 = CARTESIAN_POINT('',(14.673567392087,1.459779396218,4.010710928495
    ));
#552 = CARTESIAN_POINT('',(14.797468477075,1.446277932838,3.973615962729
    ));
#553 = CARTESIAN_POINT('',(14.927821206359,1.437661807785,3.949943353702
    ));
#554 = CARTESIAN_POINT('',(15.063155348455,1.43357338122,3.938710494033)
  );
#555 = CARTESIAN_POINT('',(15.202123142251,1.43357338122,3.938710494033)
  );
#556 = ORIENTED_EDGE('',*,*,#557,.F.);
#557 = EDGE_CURVE('',#558,#541,#560,.T.);
#558 = VERTEX_POINT('',#559);
#559 = CARTESIAN_POINT('',(13.953715498938,1.821864275146,5.005530957274
    ));
#560 = B_SPLINE_CURVE_WITH_KNOTS('',5,(#561,#562,#563,#564,#565,#566,
    #567,#568,#569,#570,#571,#572,#573,#574),.UNSPECIFIED.,.F.,.F.,(6,4,
    4,6),(0.,0.204887901739,0.605476837512,1.),.UNSPECIFIED.);
#561 = CARTESIAN_POINT('',(13.953715498938,1.821864275146,5.005530957274
    ));
#562 = CARTESIAN_POINT('',(13.953715498938,1.807246148073,4.965367983227
    ));
#563 = CARTESIAN_POINT('',(13.955218834376,1.792764291366,4.925579408933
    ));
#564 = CARTESIAN_POINT('',(13.958293585916,1.778440244414,4.886224413377
    ));
#565 = CARTESIAN_POINT('',(13.963003237935,1.764298177963,4.847369405137
    ));
#566 = CARTESIAN_POINT('',(13.981898129761,1.72312002055,4.734233347471)
  );
#567 = CARTESIAN_POINT('',(14.000839845904,1.696664850367,4.661548364767
    ));
#568 = CARTESIAN_POINT('',(14.026589022929,1.671204421804,4.5915964122)
  );
#569 = CARTESIAN_POINT('',(14.059292532548,1.646935602942,4.524918380378
    ));
#570 = CARTESIAN_POINT('',(14.137465298756,1.601439394743,4.399918575682
    ));
#571 = CARTESIAN_POINT('',(14.182745455849,1.580164702582,4.341466839365
    ));
#572 = CARTESIAN_POINT('',(14.234264657902,1.560339743379,4.286998211611
    ));
#573 = CARTESIAN_POINT('',(14.291478315546,1.542015643668,4.236653161423
    ));
#574 = CARTESIAN_POINT('',(14.353715498938,1.525185400927,4.190412449528
    ));
#575 = ORIENTED_EDGE('',*,*,#576,.F.);
#576 = EDGE_CURVE('',#577,#558,#579,.T.);
#577 = VERTEX_POINT('',#578);
#578 = CARTESIAN_POINT('',(14.104033970276,2.012466073915,5.529205095499
    ));
#579 = B_SPLINE_CURVE_WITH_KNOTS('',5,(#580,#581,#582,#583,#584,#585,
    #586,#587,#588,#589),.UNSPECIFIED.,.F.,.F.,(6,4,6),(0.,
    0.398385752751,1.),.UNSPECIFIED.);
#580 = CARTESIAN_POINT('',(14.104033970276,2.012466073915,5.529205095499
    ));
#581 = CARTESIAN_POINT('',(14.080137596764,1.99866887234,5.491297595721)
  );
#582 = CARTESIAN_POINT('',(14.058545031778,1.984562207237,5.452539851887
    ));
#583 = CARTESIAN_POINT('',(14.039307355441,1.97015596417,5.41295902436)
  );
#584 = CARTESIAN_POINT('',(14.022457586255,1.955462692647,5.372589592633
    ));
#585 = CARTESIAN_POINT('',(13.986193977299,1.917898381121,5.269382494938
    ));
#586 = CARTESIAN_POINT('',(13.969855991781,1.894678534332,5.205586490204
    ));
#587 = CARTESIAN_POINT('',(13.959048680901,1.870891536579,5.140232251));
#588 = CARTESIAN_POINT('',(13.953715498938,1.846598187461,5.073486822856
    ));
#589 = CARTESIAN_POINT('',(13.953715498938,1.821864275146,5.005530957274
    ));
#590 = ORIENTED_EDGE('',*,*,#591,.F.);
#591 = EDGE_CURVE('',#352,#577,#592,.T.);
#592 = B_SPLINE_CURVE_WITH_KNOTS('',5,(#593,#594,#595,#596,#597,#598,
    #599,#600,#601,#602,#603,#604,#605,#606),.UNSPECIFIED.,.F.,.F.,(6,4,
    4,6),(0.,0.466716683163,0.921290861183,1.),.UNSPECIFIED.);
#593 = CARTESIAN_POINT('',(14.577919320594,2.146427594171,5.897261347479
    ));
#594 = CARTESIAN_POINT('',(14.519623045247,2.137939340174,5.873940061291
    ));
#595 = CARTESIAN_POINT('',(14.464136998481,2.128542339406,5.848122013872
    ));
#596 = CARTESIAN_POINT('',(14.411702613889,2.118208123591,5.819728989272
    ));
#597 = CARTESIAN_POINT('',(14.362556505679,2.106918527392,5.788711078641
    ));
#598 = CARTESIAN_POINT('',(14.272425717482,2.082751100019,5.722311617646
    ));
#599 = CARTESIAN_POINT('',(14.231260144046,2.069921764096,5.687063306891
    ));
#600 = CARTESIAN_POINT('',(14.193586010913,2.056189778052,5.649334985311
    ));
#601 = CARTESIAN_POINT('',(14.159539902089,2.041572730598,5.609174977492
    ));
#602 = CARTESIAN_POINT('',(14.123939298666,2.023429727149,5.559327485195
    ));
#603 = CARTESIAN_POINT('',(14.118795783629,2.020726497046,5.551900421526
    ));
#604 = CARTESIAN_POINT('',(14.113763533466,2.01799801045,5.544403966216)
  );
#605 = CARTESIAN_POINT('',(14.108842849297,2.01524446552,5.536838663696)
  );
#606 = CARTESIAN_POINT('',(14.104033970276,2.012466073915,5.529205095499
    ));
#607 = FACE_BOUND('',#608,.T.);
#608 = EDGE_LOOP('',(#609,#619,#627,#635));
#609 = ORIENTED_EDGE('',*,*,#610,.F.);
#610 = EDGE_CURVE('',#611,#613,#615,.T.);
#611 = VERTEX_POINT('',#612);
#612 = CARTESIAN_POINT('',(13.213673036093,2.753437102045,7.565006263758
    ));
#613 = VERTEX_POINT('',#614);
#614 = CARTESIAN_POINT('',(12.288832271762,1.43357338122,3.938710494033)
  );
#615 = LINE('',#616,#617);
#616 = CARTESIAN_POINT('',(11.452957686453,0.240675551822,0.661250644045
    ));
#617 = VECTOR('',#618,1.);
#618 = DIRECTION('',(-0.233057266823,-0.332601938861,-0.913816316689));
#619 = ORIENTED_EDGE('',*,*,#620,.F.);
#620 = EDGE_CURVE('',#621,#611,#623,.T.);
#621 = VERTEX_POINT('',#622);
#622 = CARTESIAN_POINT('',(13.751252653928,2.753437102045,7.565006263758
    ));
#623 = LINE('',#624,#625);
#624 = CARTESIAN_POINT('',(6.106836518047,2.753437102045,7.565006263758)
  );
#625 = VECTOR('',#626,1.);
#626 = DIRECTION('',(-1.,0.,0.));
#627 = ORIENTED_EDGE('',*,*,#628,.F.);
#628 = EDGE_CURVE('',#629,#621,#631,.T.);
#629 = VERTEX_POINT('',#630);
#630 = CARTESIAN_POINT('',(12.816220806794,1.43357338122,3.938710494033)
  );
#631 = LINE('',#632,#633);
#632 = CARTESIAN_POINT('',(12.42102902594,0.875732174082,2.40605437378)
  );
#633 = VECTOR('',#634,1.);
#634 = DIRECTION('',(0.235483715343,0.332401953666,0.913266861879));
#635 = ORIENTED_EDGE('',*,*,#636,.F.);
#636 = EDGE_CURVE('',#613,#629,#637,.T.);
#637 = LINE('',#638,#639);
#638 = CARTESIAN_POINT('',(5.908110403397,1.43357338122,3.938710494033)
  );
#639 = VECTOR('',#640,1.);
#640 = DIRECTION('',(1.,0.,0.));
#641 = FACE_BOUND('',#642,.T.);
#642 = EDGE_LOOP('',(#643,#653,#664,#679,#694,#709,#724,#736,#747,#755,
    #767,#782,#797,#812,#825,#836,#844,#856,#871,#882,#899,#914,#936,
    #951,#966,#981,#998,#1015));
#643 = ORIENTED_EDGE('',*,*,#644,.F.);
#644 = EDGE_CURVE('',#645,#647,#649,.T.);
#645 = VERTEX_POINT('',#646);
#646 = CARTESIAN_POINT('',(10.283227176221,1.823955608506,5.011276848459
    ));
#647 = VERTEX_POINT('',#648);
#648 = CARTESIAN_POINT('',(9.590233545648,1.795315959987,4.93259006085)
  );
#649 = LINE('',#650,#651);
#650 = CARTESIAN_POINT('',(4.05874405158,1.566713693081,4.30451049449));
#651 = VECTOR('',#652,1.);
#652 = DIRECTION('',(-0.992778634966,-4.102899349847E-02,-0.11272623318)
  );
#653 = ORIENTED_EDGE('',*,*,#654,.F.);
#654 = EDGE_CURVE('',#655,#645,#657,.T.);
#655 = VERTEX_POINT('',#656);
#656 = CARTESIAN_POINT('',(10.461571125265,1.685811421529,4.63172881411)
  );
#657 = B_SPLINE_CURVE_WITH_KNOTS('',5,(#658,#659,#660,#661,#662,#663),
  .UNSPECIFIED.,.F.,.F.,(6,6),(0.,1.),.PIECEWISE_BEZIER_KNOTS.);
#658 = CARTESIAN_POINT('',(10.461571125265,1.685811421529,4.63172881411)
  );
#659 = CARTESIAN_POINT('',(10.402456129015,1.7052732245,4.685199678315)
  );
#660 = CARTESIAN_POINT('',(10.354995183683,1.729124545961,4.750730645453
    ));
#661 = CARTESIAN_POINT('',(10.319690555573,1.757174008573,4.827795910607
    ));
#662 = CARTESIAN_POINT('',(10.29605813896,1.788960551085,4.915128718402)
  );
#663 = CARTESIAN_POINT('',(10.283227176221,1.823955608506,5.011276848459
    ));
#664 = ORIENTED_EDGE('',*,*,#665,.F.);
#665 = EDGE_CURVE('',#666,#655,#668,.T.);
#666 = VERTEX_POINT('',#667);
#667 = CARTESIAN_POINT('',(10.813163481953,1.638059309798,4.500530965399
    ));
#668 = B_SPLINE_CURVE_WITH_KNOTS('',5,(#669,#670,#671,#672,#673,#674,
    #675,#676,#677,#678),.UNSPECIFIED.,.F.,.F.,(6,4,6),(0.,
    0.543287494925,1.),.UNSPECIFIED.);
#669 = CARTESIAN_POINT('',(10.813163481953,1.638059309798,4.500530965399
    ));
#670 = CARTESIAN_POINT('',(10.768691886046,1.638059309798,4.500530965399
    ));
#671 = CARTESIAN_POINT('',(10.725735664066,1.639445256293,4.504338822098
    ));
#672 = CARTESIAN_POINT('',(10.684416380215,1.642249493857,4.512043401483
    ));
#673 = CARTESIAN_POINT('',(10.644836825055,1.646484690037,4.523679507355
    ));
#674 = CARTESIAN_POINT('',(10.575331162828,1.656892222339,4.552273967348
    ));
#675 = CARTESIAN_POINT('',(10.544871046081,1.662648537818,4.568089314145
    ));
#676 = CARTESIAN_POINT('',(10.515740693396,1.669400722863,4.586640790086
    ));
#677 = CARTESIAN_POINT('',(10.487969628924,1.677131082296,4.607879778074
    ));
#678 = CARTESIAN_POINT('',(10.461571125265,1.685811421529,4.63172881411)
  );
#679 = ORIENTED_EDGE('',*,*,#680,.F.);
#680 = EDGE_CURVE('',#681,#666,#683,.T.);
#681 = VERTEX_POINT('',#682);
#682 = CARTESIAN_POINT('',(11.186326963907,1.696035717958,4.659819837678
    ));
#683 = B_SPLINE_CURVE_WITH_KNOTS('',5,(#684,#685,#686,#687,#688,#689,
    #690,#691,#692,#693),.UNSPECIFIED.,.F.,.F.,(6,4,6),(0.,
    0.538357165039,1.),.UNSPECIFIED.);
#684 = CARTESIAN_POINT('',(11.186326963907,1.696035717958,4.659819837678
    ));
#685 = CARTESIAN_POINT('',(11.154076112001,1.683694484652,4.625912577841
    ));
#686 = CARTESIAN_POINT('',(11.119579738298,1.672896067404,4.596244170288
    ));
#687 = CARTESIAN_POINT('',(11.082851686098,1.663722939162,4.571041207576
    ));
#688 = CARTESIAN_POINT('',(11.043951935791,1.656230029036,4.550454606198
    ));
#689 = CARTESIAN_POINT('',(10.967885213822,1.645463937024,4.5208750115)
  );
#690 = CARTESIAN_POINT('',(10.931259263971,1.641741329836,4.51064723231)
  );
#691 = CARTESIAN_POINT('',(10.89319780001,1.639276937427,4.503876369813)
  );
#692 = CARTESIAN_POINT('',(10.853795801466,1.638059309798,4.500530965399
    ));
#693 = CARTESIAN_POINT('',(10.813163481953,1.638059309798,4.500530965399
    ));
#694 = ORIENTED_EDGE('',*,*,#695,.F.);
#695 = EDGE_CURVE('',#696,#681,#698,.T.);
#696 = VERTEX_POINT('',#697);
#697 = CARTESIAN_POINT('',(11.338004246285,1.852420979246,5.089484811802
    ));
#698 = B_SPLINE_CURVE_WITH_KNOTS('',5,(#699,#700,#701,#702,#703,#704,
    #705,#706,#707,#708),.UNSPECIFIED.,.F.,.F.,(6,4,6),(0.,
    0.921221755591,1.),.UNSPECIFIED.);
#699 = CARTESIAN_POINT('',(11.338004246285,1.852420979246,5.089484811802
    ));
#700 = CARTESIAN_POINT('',(11.338004246285,1.817367675479,4.993176651226
    ));
#701 = CARTESIAN_POINT('',(11.325975789527,1.784709090907,4.903447927563
    ));
#702 = CARTESIAN_POINT('',(11.300808440073,1.754932920222,4.821638570968
    ));
#703 = CARTESIAN_POINT('',(11.261849002309,1.728479105728,4.748957312986
    ));
#704 = CARTESIAN_POINT('',(11.205158626173,1.703611700375,4.680634678298
    ));
#705 = CARTESIAN_POINT('',(11.200595561155,1.701678574481,4.675323458557
    ));
#706 = CARTESIAN_POINT('',(11.195935692253,1.699771461483,4.670083708659
    ));
#707 = CARTESIAN_POINT('',(11.191179362255,1.697890475788,4.664915742935
    ));
#708 = CARTESIAN_POINT('',(11.186326963907,1.696035717958,4.659819837678
    ));
#709 = ORIENTED_EDGE('',*,*,#710,.F.);
#710 = EDGE_CURVE('',#711,#696,#713,.T.);
#711 = VERTEX_POINT('',#712);
#712 = CARTESIAN_POINT('',(11.192781316348,1.999976166345,5.494889356481
    ));
#713 = B_SPLINE_CURVE_WITH_KNOTS('',5,(#714,#715,#716,#717,#718,#719,
    #720,#721,#722,#723),.UNSPECIFIED.,.F.,.F.,(6,4,6),(0.,
    9.073464184929E-02,1.),.UNSPECIFIED.);
#714 = CARTESIAN_POINT('',(11.192781316348,1.999976166345,5.494889356481
    ));
#715 = CARTESIAN_POINT('',(11.198123821938,1.997973677313,5.489387563082
    ));
#716 = CARTESIAN_POINT('',(11.203344768221,1.995937982678,5.48379453804)
  );
#717 = CARTESIAN_POINT('',(11.20844360794,1.993869212028,5.478110637393)
  );
#718 = CARTESIAN_POINT('',(11.213419871821,1.991767516578,5.4723362766)
  );
#719 = CARTESIAN_POINT('',(11.266908778128,1.968243453822,5.407704445365
    ));
#720 = CARTESIAN_POINT('',(11.303206200239,1.943559972593,5.339887138054
    ));
#721 = CARTESIAN_POINT('',(11.326723898625,1.915770752659,5.263536883781
    ));
#722 = CARTESIAN_POINT('',(11.338004246285,1.885249475101,5.179680362879
    ));
#723 = CARTESIAN_POINT('',(11.338004246285,1.852420979246,5.089484811802
    ));
#724 = ORIENTED_EDGE('',*,*,#725,.F.);
#725 = EDGE_CURVE('',#726,#711,#728,.T.);
#726 = VERTEX_POINT('',#727);
#727 = CARTESIAN_POINT('',(10.83864118896,2.054467018904,5.644601743453)
  );
#728 = B_SPLINE_CURVE_WITH_KNOTS('',6,(#729,#730,#731,#732,#733,#734,
    #735),.UNSPECIFIED.,.F.,.F.,(7,7),(0.,1.),.PIECEWISE_BEZIER_KNOTS.);
#729 = CARTESIAN_POINT('',(10.83864118896,2.054467018904,5.644601743453)
  );
#730 = CARTESIAN_POINT('',(10.907857782984,2.054467018904,5.644601743453
    ));
#731 = CARTESIAN_POINT('',(10.973525840769,2.050878241436,5.634741658397
    ));
#732 = CARTESIAN_POINT('',(11.035135093025,2.043574987273,5.614676132494
    ));
#733 = CARTESIAN_POINT('',(11.092327110316,2.032555292457,5.584399769819
    ));
#734 = CARTESIAN_POINT('',(11.144897616159,2.017943188827,5.544253345044
    ));
#735 = CARTESIAN_POINT('',(11.192781316348,1.999976166345,5.494889356481
    ));
#736 = ORIENTED_EDGE('',*,*,#737,.F.);
#737 = EDGE_CURVE('',#738,#726,#740,.T.);
#738 = VERTEX_POINT('',#739);
#739 = CARTESIAN_POINT('',(10.509978768577,2.036167852,5.594325195589));
#740 = B_SPLINE_CURVE_WITH_KNOTS('',5,(#741,#742,#743,#744,#745,#746),
  .UNSPECIFIED.,.F.,.F.,(6,6),(0.,1.),.PIECEWISE_BEZIER_KNOTS.);
#741 = CARTESIAN_POINT('',(10.509978768577,2.036167852,5.594325195589));
#742 = CARTESIAN_POINT('',(10.584916729,2.04334433375,5.614042417148));
#743 = CARTESIAN_POINT('',(10.655542968194,2.048841392494,5.629145461921
    ));
#744 = CARTESIAN_POINT('',(10.721558193544,2.052574232339,5.639401355107
    ));
#745 = CARTESIAN_POINT('',(10.782672175487,2.054467018904,5.644601743453
    ));
#746 = CARTESIAN_POINT('',(10.83864118896,2.054467018904,5.644601743453)
  );
#747 = ORIENTED_EDGE('',*,*,#748,.F.);
#748 = EDGE_CURVE('',#749,#738,#751,.T.);
#749 = VERTEX_POINT('',#750);
#750 = CARTESIAN_POINT('',(10.588959660297,2.232927465663,6.13491779119)
  );
#751 = LINE('',#752,#753);
#752 = CARTESIAN_POINT('',(10.002406049713,0.771687166921,2.120193065999
    ));
#753 = VECTOR('',#754,1.);
#754 = DIRECTION('',(-0.136013796445,-0.338841730685,-0.930960003826));
#755 = ORIENTED_EDGE('',*,*,#756,.F.);
#756 = EDGE_CURVE('',#757,#749,#759,.T.);
#757 = VERTEX_POINT('',#758);
#758 = CARTESIAN_POINT('',(11.032271762208,2.27591598474,6.253027776648)
  );
#759 = B_SPLINE_CURVE_WITH_KNOTS('',6,(#760,#761,#762,#763,#764,#765,
    #766),.UNSPECIFIED.,.F.,.F.,(7,7),(0.,1.),.PIECEWISE_BEZIER_KNOTS.);
#760 = CARTESIAN_POINT('',(11.032271762208,2.27591598474,6.253027776648)
  );
#761 = CARTESIAN_POINT('',(10.980019011338,2.260328071102,6.210200335913
    ));
#762 = CARTESIAN_POINT('',(10.91819049726,2.248140977244,6.176716570727)
  );
#763 = CARTESIAN_POINT('',(10.847240732344,2.239459582331,6.152864634237
    ));
#764 = CARTESIAN_POINT('',(10.768027056398,2.23418229712,6.138365412283)
  );
#765 = CARTESIAN_POINT('',(10.681582184196,2.23209381385,6.132627351658)
  );
#766 = CARTESIAN_POINT('',(10.588959660297,2.232927465663,6.13491779119)
  );
#767 = ORIENTED_EDGE('',*,*,#768,.F.);
#768 = EDGE_CURVE('',#769,#757,#771,.T.);
#769 = VERTEX_POINT('',#770);
#770 = CARTESIAN_POINT('',(11.185138004246,2.39709713446,6.585970249167)
  );
#771 = B_SPLINE_CURVE_WITH_KNOTS('',5,(#772,#773,#774,#775,#776,#777,
    #778,#779,#780,#781),.UNSPECIFIED.,.F.,.F.,(6,4,6),(0.,
    0.625030315477,1.),.UNSPECIFIED.);
#772 = CARTESIAN_POINT('',(11.185138004246,2.39709713446,6.585970249167)
  );
#773 = CARTESIAN_POINT('',(11.185138004246,2.378489419125,6.534845971457
    ));
#774 = CARTESIAN_POINT('',(11.179346647248,2.360830446669,6.486328343384
    ));
#775 = CARTESIAN_POINT('',(11.167531167171,2.344220424457,6.440692682419
    ));
#776 = CARTESIAN_POINT('',(11.149590330533,2.328741556582,6.398164842456
    ));
#777 = CARTESIAN_POINT('',(11.111232555634,2.305871471451,6.335329799977
    ));
#778 = CARTESIAN_POINT('',(11.094677128817,2.297721811795,6.312938794095
    ));
#779 = CARTESIAN_POINT('',(11.075968620257,2.290009185718,6.291748528103
    ));
#780 = CARTESIAN_POINT('',(11.055146779278,2.282740004233,6.271776616116
    ));
#781 = CARTESIAN_POINT('',(11.032271762208,2.27591598474,6.253027776648)
  );
#782 = ORIENTED_EDGE('',*,*,#783,.F.);
#783 = EDGE_CURVE('',#784,#769,#786,.T.);
#784 = VERTEX_POINT('',#785);
#785 = CARTESIAN_POINT('',(11.073036093418,2.499572469122,6.867518917204
    ));
#786 = B_SPLINE_CURVE_WITH_KNOTS('',5,(#787,#788,#789,#790,#791,#792,
    #793,#794,#795,#796),.UNSPECIFIED.,.F.,.F.,(6,4,6),(0.,
    0.220938880826,1.),.UNSPECIFIED.);
#787 = CARTESIAN_POINT('',(11.073036093418,2.499572469122,6.867518917204
    ));
#788 = CARTESIAN_POINT('',(11.082979872231,2.496181802445,6.858203137072
    ));
#789 = CARTESIAN_POINT('',(11.092380522401,2.492660374378,6.848528092973
    ));
#790 = CARTESIAN_POINT('',(11.1012335331,2.489008683246,6.838495154045)
  );
#791 = CARTESIAN_POINT('',(11.109535577197,2.485227518746,6.828106489961
    ));
#792 = CARTESIAN_POINT('',(11.144608326849,2.467532322745,6.779489338515
    ));
#793 = CARTESIAN_POINT('',(11.165056562453,2.452149525445,6.737225450285
    ));
#794 = CARTESIAN_POINT('',(11.178529525009,2.435218814907,6.690708705389
    ));
#795 = CARTESIAN_POINT('',(11.185138004246,2.416829570053,6.64018467039)
  );
#796 = CARTESIAN_POINT('',(11.185138004246,2.39709713446,6.585970249167)
  );
#797 = ORIENTED_EDGE('',*,*,#798,.F.);
#798 = EDGE_CURVE('',#799,#784,#801,.T.);
#799 = VERTEX_POINT('',#800);
#800 = CARTESIAN_POINT('',(10.774946921444,2.537797395544,6.972541039408
    ));
#801 = B_SPLINE_CURVE_WITH_KNOTS('',5,(#802,#803,#804,#805,#806,#807,
    #808,#809,#810,#811),.UNSPECIFIED.,.F.,.F.,(6,4,6),(0.,
    0.766029916429,1.),.UNSPECIFIED.);
#802 = CARTESIAN_POINT('',(10.774946921444,2.537797395544,6.972541039408
    ));
#803 = CARTESIAN_POINT('',(10.831151981643,2.537797395544,6.972541039408
    ));
#804 = CARTESIAN_POINT('',(10.883655642843,2.535615620508,6.966546661762
    ));
#805 = CARTESIAN_POINT('',(10.932150955672,2.531171950121,6.954337777715
    ));
#806 = CARTESIAN_POINT('',(10.976399810541,2.524432156566,6.935820347109
    ));
#807 = CARTESIAN_POINT('',(11.028444861866,2.512676814648,6.903522810633
    ));
#808 = CARTESIAN_POINT('',(11.040213357886,2.509715058386,6.895385452182
    ));
#809 = CARTESIAN_POINT('',(11.051569674015,2.506542779324,6.88666968709)
  );
#810 = CARTESIAN_POINT('',(11.062511137436,2.503161307752,6.877379170301
    ));
#811 = CARTESIAN_POINT('',(11.073036093418,2.499572469122,6.867518917204
    ));
#812 = ORIENTED_EDGE('',*,*,#813,.F.);
#813 = EDGE_CURVE('',#814,#799,#816,.T.);
#814 = VERTEX_POINT('',#815);
#815 = CARTESIAN_POINT('',(10.461571125265,2.494169857941,6.852675364978
    ));
#816 = B_SPLINE_CURVE_WITH_KNOTS('',4,(#817,#818,#819,#820,#821,#822,
    #823,#824),.UNSPECIFIED.,.F.,.F.,(5,3,5),(0.,0.485929649174,1.),
  .UNSPECIFIED.);
#817 = CARTESIAN_POINT('',(10.461571125265,2.494169857941,6.852675364978
    ));
#818 = CARTESIAN_POINT('',(10.49297649338,2.504714554211,6.881646679874)
  );
#819 = CARTESIAN_POINT('',(10.526632394472,2.513616372701,6.906104225166
    ));
#820 = CARTESIAN_POINT('',(10.562510527181,2.520807227208,6.925860935551
    ));
#821 = CARTESIAN_POINT('',(10.640702762493,2.532051545024,6.95675444485)
  );
#822 = CARTESIAN_POINT('',(10.683270422196,2.535899329656,6.96732614624)
  );
#823 = CARTESIAN_POINT('',(10.728083324463,2.537797395544,6.972541039408
    ));
#824 = CARTESIAN_POINT('',(10.774946921444,2.537797395544,6.972541039408
    ));
#825 = ORIENTED_EDGE('',*,*,#826,.F.);
#826 = EDGE_CURVE('',#827,#814,#829,.T.);
#827 = VERTEX_POINT('',#828);
#828 = CARTESIAN_POINT('',(10.303609341826,2.366772800733,6.502654826993
    ));
#829 = B_SPLINE_CURVE_WITH_KNOTS('',5,(#830,#831,#832,#833,#834,#835),
  .UNSPECIFIED.,.F.,.F.,(6,6),(0.,1.),.PIECEWISE_BEZIER_KNOTS.);
#830 = CARTESIAN_POINT('',(10.303609341826,2.366772800733,6.502654826993
    ));
#831 = CARTESIAN_POINT('',(10.314491313378,2.399299544392,6.592021320724
    ));
#832 = CARTESIAN_POINT('',(10.335199406949,2.428709259595,6.672823849159
    ));
#833 = CARTESIAN_POINT('',(10.366468452296,2.454546941383,6.74381229644)
  );
#834 = CARTESIAN_POINT('',(10.40871297571,2.47642215537,6.803913952916)
  );
#835 = CARTESIAN_POINT('',(10.461571125265,2.494169857941,6.852675364978
    ));
#836 = ORIENTED_EDGE('',*,*,#837,.F.);
#837 = EDGE_CURVE('',#838,#827,#840,.T.);
#838 = VERTEX_POINT('',#839);
#839 = CARTESIAN_POINT('',(9.643736730361,2.405172004935,6.608155773463)
  );
#840 = LINE('',#841,#842);
#841 = CARTESIAN_POINT('',(5.38293723752,2.653115785213,7.289375711071)
  );
#842 = VECTOR('',#843,1.);
#843 = DIRECTION('',(0.985832777796,-5.736742741817E-02,-0.157615711444)
  );
#844 = ORIENTED_EDGE('',*,*,#845,.F.);
#845 = EDGE_CURVE('',#846,#838,#848,.T.);
#846 = VERTEX_POINT('',#847);
#847 = CARTESIAN_POINT('',(9.851295116773,2.592172062916,7.121934210203)
  );
#848 = B_SPLINE_CURVE_WITH_KNOTS('',6,(#849,#850,#851,#852,#853,#854,
    #855),.UNSPECIFIED.,.F.,.F.,(7,7),(0.,1.),.PIECEWISE_BEZIER_KNOTS.);
#849 = CARTESIAN_POINT('',(9.851295116773,2.592172062916,7.121934210203)
  );
#850 = CARTESIAN_POINT('',(9.803130572705,2.567895702946,7.05523545936)
  );
#851 = CARTESIAN_POINT('',(9.760620056327,2.540514288029,6.980005640162)
  );
#852 = CARTESIAN_POINT('',(9.723694602311,2.51026949013,6.896908740879)
  );
#853 = CARTESIAN_POINT('',(9.692115246836,2.477447571679,6.806731261071)
  );
#854 = CARTESIAN_POINT('',(9.665573262125,2.442330265313,6.710247254797)
  );
#855 = CARTESIAN_POINT('',(9.643736730361,2.405172004935,6.608155773463)
  );
#856 = ORIENTED_EDGE('',*,*,#857,.F.);
#857 = EDGE_CURVE('',#858,#846,#860,.T.);
#858 = VERTEX_POINT('',#859);
#859 = CARTESIAN_POINT('',(10.23855626327,2.702199434714,7.424231929739)
  );
#860 = B_SPLINE_CURVE_WITH_KNOTS('',5,(#861,#862,#863,#864,#865,#866,
    #867,#868,#869,#870),.UNSPECIFIED.,.F.,.F.,(6,4,6),(0.,
    0.861894345674,1.),.UNSPECIFIED.);
#861 = CARTESIAN_POINT('',(10.23855626327,2.702199434714,7.424231929739)
  );
#862 = CARTESIAN_POINT('',(10.15432228163,2.688622214448,7.386928823641)
  );
#863 = CARTESIAN_POINT('',(10.077019710441,2.672738573658,7.34328887923)
  );
#864 = CARTESIAN_POINT('',(10.007266439434,2.654496060804,7.293167987091
    ));
#865 = CARTESIAN_POINT('',(9.945530487469,2.633902123781,7.236586610143)
  );
#866 = CARTESIAN_POINT('',(9.883461309391,2.607392163315,7.163751092371)
  );
#867 = CARTESIAN_POINT('',(9.875100641969,2.603673051515,7.153532916681)
  );
#868 = CARTESIAN_POINT('',(9.866952284577,2.599896377077,7.143156588942)
  );
#869 = CARTESIAN_POINT('',(9.859016935193,2.596062559272,7.13262326109)
  );
#870 = CARTESIAN_POINT('',(9.851295116773,2.592172062916,7.121934210203)
  );
#871 = ORIENTED_EDGE('',*,*,#872,.F.);
#872 = EDGE_CURVE('',#873,#858,#875,.T.);
#873 = VERTEX_POINT('',#874);
#874 = CARTESIAN_POINT('',(10.795329087049,2.742283324123,7.534361510774
    ));
#875 = B_SPLINE_CURVE_WITH_KNOTS('',5,(#876,#877,#878,#879,#880,#881),
  .UNSPECIFIED.,.F.,.F.,(6,6),(0.,1.),.PIECEWISE_BEZIER_KNOTS.);
#876 = CARTESIAN_POINT('',(10.795329087049,2.742283324123,7.534361510774
    ));
#877 = CARTESIAN_POINT('',(10.674308363405,2.742283324123,7.534361510774
    ));
#878 = CARTESIAN_POINT('',(10.557447566576,2.738422505337,7.523753998339
    ));
#879 = CARTESIAN_POINT('',(10.445458821669,2.730496952113,7.50197871982)
  );
#880 = CARTESIAN_POINT('',(10.338994651077,2.718400970419,7.468745283251
    ));
#881 = CARTESIAN_POINT('',(10.23855626327,2.702199434714,7.424231929739)
  );
#882 = ORIENTED_EDGE('',*,*,#883,.F.);
#883 = EDGE_CURVE('',#884,#873,#886,.T.);
#884 = VERTEX_POINT('',#885);
#885 = CARTESIAN_POINT('',(11.64118895966,2.627085711517,7.217858671366)
  );
#886 = B_SPLINE_CURVE_WITH_KNOTS('',6,(#887,#888,#889,#890,#891,#892,
    #893,#894,#895,#896,#897,#898),.UNSPECIFIED.,.F.,.F.,(7,5,7),(0.,
    0.293360543213,1.),.UNSPECIFIED.);
#887 = CARTESIAN_POINT('',(11.64118895966,2.627085711517,7.217858671366)
  );
#888 = CARTESIAN_POINT('',(11.60987378519,2.638413052196,7.248980284104)
  );
#889 = CARTESIAN_POINT('',(11.577159265031,2.64913988263,7.278452008503)
  );
#890 = CARTESIAN_POINT('',(11.543060564363,2.65923587306,7.306190514236)
  );
#891 = CARTESIAN_POINT('',(11.507606507013,2.668675523412,7.332125740426
    ));
#892 = CARTESIAN_POINT('',(11.470841483598,2.677439084603,7.356203426911
    ));
#893 = CARTESIAN_POINT('',(11.341259899376,2.70496287887,7.431824430159)
  );
#894 = CARTESIAN_POINT('',(11.242402499083,2.7204226687,7.474299853625)
  );
#895 = CARTESIAN_POINT('',(11.137195153571,2.731683719016,7.505239335089
    ));
#896 = CARTESIAN_POINT('',(11.026821531312,2.738871779063,7.524988367757
    ));
#897 = CARTESIAN_POINT('',(10.912496393494,2.742283324123,7.534361510774
    ));
#898 = CARTESIAN_POINT('',(10.795329087049,2.742283324123,7.534361510774
    ));
#899 = ORIENTED_EDGE('',*,*,#900,.F.);
#900 = EDGE_CURVE('',#901,#884,#903,.T.);
#901 = VERTEX_POINT('',#902);
#902 = CARTESIAN_POINT('',(11.903609341826,2.414176356903,6.632895027174
    ));
#903 = B_SPLINE_CURVE_WITH_KNOTS('',5,(#904,#905,#906,#907,#908,#909,
    #910,#911,#912,#913),.UNSPECIFIED.,.F.,.F.,(6,4,6),(0.,
    0.333570330152,1.),.UNSPECIFIED.);
#904 = CARTESIAN_POINT('',(11.903609341826,2.414176356903,6.632895027174
    ));
#905 = CARTESIAN_POINT('',(11.903609341826,2.430007181559,6.676389860446
    ));
#906 = CARTESIAN_POINT('',(11.900691205472,2.445654784604,6.719381296482
    ));
#907 = CARTESIAN_POINT('',(11.894789466205,2.461085491614,6.761776815557
    ));
#908 = CARTESIAN_POINT('',(11.885878730957,2.47626724843,6.803488349595)
  );
#909 = CARTESIAN_POINT('',(11.850217284117,2.520944789399,6.926238884564
    ));
#910 = CARTESIAN_POINT('',(11.814531218866,2.549614464269,7.005008168895
    ));
#911 = CARTESIAN_POINT('',(11.767118240808,2.576926179046,7.080046488529
    ));
#912 = CARTESIAN_POINT('',(11.708927603687,2.602763080606,7.151032792154
    ));
#913 = CARTESIAN_POINT('',(11.64118895966,2.627085711517,7.217858671366)
  );
#914 = ORIENTED_EDGE('',*,*,#915,.F.);
#915 = EDGE_CURVE('',#916,#901,#918,.T.);
#916 = VERTEX_POINT('',#917);
#917 = CARTESIAN_POINT('',(11.366029723992,2.145440020084,5.894548009975
    ));
#918 = B_SPLINE_CURVE_WITH_KNOTS('',6,(#919,#920,#921,#922,#923,#924,
    #925,#926,#927,#928,#929,#930,#931,#932,#933,#934,#935),
  .UNSPECIFIED.,.F.,.F.,(7,5,5,7),(0.,0.272207182767,0.711052178078,1.),
  .UNSPECIFIED.);
#919 = CARTESIAN_POINT('',(11.366029723992,2.145440020084,5.894548009975
    ));
#920 = CARTESIAN_POINT('',(11.409781360566,2.153605178418,5.916981598125
    ));
#921 = CARTESIAN_POINT('',(11.45218420444,2.162187963758,5.940562607041)
  );
#922 = CARTESIAN_POINT('',(11.493098317966,2.171207254631,5.965342905055
    ));
#923 = CARTESIAN_POINT('',(11.532362254337,2.180680232864,5.991369698844
    ));
#924 = CARTESIAN_POINT('',(11.569801882893,2.190620039279,6.018679092524
    ));
#925 = CARTESIAN_POINT('',(11.662370313761,2.217821612915,6.093414801863
    ));
#926 = CARTESIAN_POINT('',(11.714325503744,2.235848873531,6.14294429334)
  );
#927 = CARTESIAN_POINT('',(11.760296218566,2.25512885306,6.195915601743)
  );
#928 = CARTESIAN_POINT('',(11.799527317432,2.275633773721,6.252252408246
    ));
#929 = CARTESIAN_POINT('',(11.831450268007,2.297271094399,6.311700458226
    ));
#930 = CARTESIAN_POINT('',(11.87194883611,2.334716449457,6.414580725714)
  );
#931 = CARTESIAN_POINT('',(11.884779685682,2.349995740429,6.456560232644
    ));
#932 = CARTESIAN_POINT('',(11.89430611789,2.365636599356,6.499533139365)
  );
#933 = CARTESIAN_POINT('',(11.900553111794,2.381584473809,6.543349564315
    ));
#934 = CARTESIAN_POINT('',(11.903609341826,2.397783134339,6.587855018347
    ));
#935 = CARTESIAN_POINT('',(11.903609341826,2.414176356903,6.632895027174
    ));
#936 = ORIENTED_EDGE('',*,*,#937,.F.);
#937 = EDGE_CURVE('',#938,#916,#940,.T.);
#938 = VERTEX_POINT('',#939);
#939 = CARTESIAN_POINT('',(11.87932059448,2.039479129821,5.603422856631)
  );
#940 = B_SPLINE_CURVE_WITH_KNOTS('',5,(#941,#942,#943,#944,#945,#946,
    #947,#948,#949,#950),.UNSPECIFIED.,.F.,.F.,(6,4,6),(0.,
    0.358560768939,1.),.UNSPECIFIED.);
#941 = CARTESIAN_POINT('',(11.87932059448,2.039479129821,5.603422856631)
  );
#942 = CARTESIAN_POINT('',(11.851793241236,2.051264400563,5.635802621879
    ));
#943 = CARTESIAN_POINT('',(11.822498246273,2.062348790593,5.666256733195
    ));
#944 = CARTESIAN_POINT('',(11.791444036935,2.07270304512,5.694704813701)
  );
#945 = CARTESIAN_POINT('',(11.758660557592,2.082305769483,5.721088082056
    ));
#946 = CARTESIAN_POINT('',(11.662550522869,2.106953361857,5.788806785547
    ));
#947 = CARTESIAN_POINT('',(11.59552570382,2.120316943185,5.825522923487)
  );
#948 = CARTESIAN_POINT('',(11.523433115235,2.131153762079,5.855296838698
    ));
#949 = CARTESIAN_POINT('',(11.446748077223,2.13949495542,5.878214079053)
  );
#950 = CARTESIAN_POINT('',(11.366029723992,2.145440020084,5.894548009975
    ));
#951 = ORIENTED_EDGE('',*,*,#952,.F.);
#952 = EDGE_CURVE('',#953,#938,#955,.T.);
#953 = VERTEX_POINT('',#954);
#954 = CARTESIAN_POINT('',(12.071762208068,1.840744367983,5.057403586022
    ));
#955 = B_SPLINE_CURVE_WITH_KNOTS('',5,(#956,#957,#958,#959,#960,#961,
    #962,#963,#964,#965),.UNSPECIFIED.,.F.,.F.,(6,4,6),(0.,
    0.724002255972,1.),.UNSPECIFIED.);
#956 = CARTESIAN_POINT('',(12.071762208068,1.840744367983,5.057403586022
    ));
#957 = CARTESIAN_POINT('',(12.071762208068,1.873603010597,5.147681964636
    ));
#958 = CARTESIAN_POINT('',(12.062180458999,1.905307673309,5.23478980953)
  );
#959 = CARTESIAN_POINT('',(12.042383116415,1.935602748149,5.318024843575
    ));
#960 = CARTESIAN_POINT('',(12.012046696796,1.964250835961,5.396734817947
    ));
#961 = CARTESIAN_POINT('',(11.955967834485,2.001301157502,5.498529739764
    ));
#962 = CARTESIAN_POINT('',(11.938997506686,2.011262571564,5.525898499967
    ));
#963 = CARTESIAN_POINT('',(11.920548595696,2.020950398042,5.552515584458
    ));
#964 = CARTESIAN_POINT('',(11.900645036606,2.030357565953,5.578361565874
    ));
#965 = CARTESIAN_POINT('',(11.87932059448,2.039479129821,5.603422856631)
  );
#966 = ORIENTED_EDGE('',*,*,#967,.F.);
#967 = EDGE_CURVE('',#968,#953,#970,.T.);
#968 = VERTEX_POINT('',#969);
#969 = CARTESIAN_POINT('',(11.712526539278,1.55266319758,4.265907075368)
  );
#970 = B_SPLINE_CURVE_WITH_KNOTS('',5,(#971,#972,#973,#974,#975,#976,
    #977,#978,#979,#980),.UNSPECIFIED.,.F.,.F.,(6,4,6),(0.,
    0.520541809991,1.),.UNSPECIFIED.);
#971 = CARTESIAN_POINT('',(11.712526539278,1.55266319758,4.265907075368)
  );
#972 = CARTESIAN_POINT('',(11.785181430914,1.576748939766,4.332082108156
    ));
#973 = CARTESIAN_POINT('',(11.850108898466,1.602593390772,4.403089153712
    ));
#974 = CARTESIAN_POINT('',(11.906212388844,1.6301788158,4.478879486085)
  );
#975 = CARTESIAN_POINT('',(11.95260611111,1.659402788302,4.559171690641)
  );
#976 = CARTESIAN_POINT('',(12.022510580204,1.718201512043,4.720719856411
    ));
#977 = CARTESIAN_POINT('',(12.047550250983,1.747576455644,4.801426850654
    ));
#978 = CARTESIAN_POINT('',(12.063873323386,1.777938772091,4.884846629492
    ));
#979 = CARTESIAN_POINT('',(12.071762208068,1.809067644241,4.970372502818
    ));
#980 = CARTESIAN_POINT('',(12.071762208068,1.840744367983,5.057403586022
    ));
#981 = ORIENTED_EDGE('',*,*,#982,.F.);
#982 = EDGE_CURVE('',#983,#968,#985,.T.);
#983 = VERTEX_POINT('',#984);
#984 = CARTESIAN_POINT('',(10.818259023355,1.43357338122,3.938710494033)
  );
#985 = B_SPLINE_CURVE_WITH_KNOTS('',6,(#986,#987,#988,#989,#990,#991,
    #992,#993,#994,#995,#996,#997),.UNSPECIFIED.,.F.,.F.,(7,5,7),(0.,
    0.62084003072,1.),.UNSPECIFIED.);
#986 = CARTESIAN_POINT('',(10.818259023355,1.43357338122,3.938710494033)
  );
#987 = CARTESIAN_POINT('',(10.924387460185,1.43357338122,3.938710494033)
  );
#988 = CARTESIAN_POINT('',(11.028623746112,1.436384849485,3.946434939606
    ));
#989 = CARTESIAN_POINT('',(11.130265358506,1.442231971478,3.962499775251
    ));
#990 = CARTESIAN_POINT('',(11.228575205153,1.451281819808,3.987364029186
    ));
#991 = CARTESIAN_POINT('',(11.322835745884,1.463594259451,4.021192179084
    ));
#992 = CARTESIAN_POINT('',(11.467127119631,1.488499839032,4.089619696603
    ));
#993 = CARTESIAN_POINT('',(11.520103515106,1.499119969062,4.118798264051
    ));
#994 = CARTESIAN_POINT('',(11.571210027312,1.510893790639,4.151146572976
    ));
#995 = CARTESIAN_POINT('',(11.62035121703,1.523780585843,4.186552751806)
  );
#996 = CARTESIAN_POINT('',(11.667466977348,1.537725552402,4.224866232543
    ));
#997 = CARTESIAN_POINT('',(11.712526539278,1.55266319758,4.265907075368)
  );
#998 = ORIENTED_EDGE('',*,*,#999,.F.);
#999 = EDGE_CURVE('',#1000,#983,#1002,.T.);
#1000 = VERTEX_POINT('',#1001);
#1001 = CARTESIAN_POINT('',(9.977494692144,1.533608826962,4.213555622354
    ));
#1002 = B_SPLINE_CURVE_WITH_KNOTS('',6,(#1003,#1004,#1005,#1006,#1007,
    #1008,#1009,#1010,#1011,#1012,#1013,#1014),.UNSPECIFIED.,.F.,.F.,(7,
    5,7),(0.,0.236032991131,1.),.UNSPECIFIED.);
#1003 = CARTESIAN_POINT('',(9.977494692144,1.533608826962,4.213555622354
    ));
#1004 = CARTESIAN_POINT('',(10.004062398478,1.525645833866,
    4.191677478632));
#1005 = CARTESIAN_POINT('',(10.03136763549,1.518039483124,4.170779201723
    ));
#1006 = CARTESIAN_POINT('',(10.059399051188,1.510799735716,
    4.150888159197));
#1007 = CARTESIAN_POINT('',(10.088141345019,1.503934828048,
    4.132026980392));
#1008 = CARTESIAN_POINT('',(10.117575267873,1.49745127195,4.114213556417
    ));
#1009 = CARTESIAN_POINT('',(10.245109787786,1.471618369352,4.04323823985
    ));
#1010 = CARTESIAN_POINT('',(10.349580068967,1.455920536792,
    4.000108799357));
#1011 = CARTESIAN_POINT('',(10.460216298922,1.444444525185,3.9685787166)
  );
#1012 = CARTESIAN_POINT('',(10.575941631846,1.437084240838,
    3.948356501557));
#1013 = CARTESIAN_POINT('',(10.695637863109,1.43357338122,3.938710494033
    ));
#1014 = CARTESIAN_POINT('',(10.818259023355,1.43357338122,3.938710494033
    ));
#1015 = ORIENTED_EDGE('',*,*,#1016,.F.);
#1016 = EDGE_CURVE('',#647,#1000,#1017,.T.);
#1017 = B_SPLINE_CURVE_WITH_KNOTS('',5,(#1018,#1019,#1020,#1021,#1022,
    #1023,#1024,#1025,#1026,#1027),.UNSPECIFIED.,.F.,.F.,(6,4,6),(0.,
    0.634545049584,1.),.UNSPECIFIED.);
#1018 = CARTESIAN_POINT('',(9.590233545648,1.795315959987,4.93259006085)
  );
#1019 = CARTESIAN_POINT('',(9.60332972589,1.75574295946,4.823864135484)
  );
#1020 = CARTESIAN_POINT('',(9.627220988587,1.71757136663,4.718988546117)
  );
#1021 = CARTESIAN_POINT('',(9.662795250729,1.681225828255,4.619130000135
    ));
#1022 = CARTESIAN_POINT('',(9.710518810538,1.647127184074,4.525444745214
    ));
#1023 = CARTESIAN_POINT('',(9.803945186967,1.597414019198,4.388858947265
    ));
#1024 = CARTESIAN_POINT('',(9.841929041933,1.58008955842,4.341260382474)
  );
#1025 = CARTESIAN_POINT('',(9.88364981866,1.563664405912,4.296132646849)
  );
#1026 = CARTESIAN_POINT('',(9.928920157224,1.548167806249,4.253556089196
    ));
#1027 = CARTESIAN_POINT('',(9.977494692144,1.533608826962,4.213555622354
    ));
#1028 = PLANE('',#1029);
#1029 = AXIS2_PLACEMENT_3D('',#1030,#1031,#1032);
#1030 = CARTESIAN_POINT('',(-1.,0.,0.));
#1031 = DIRECTION('',(0.,-0.939692620786,0.342020143326));
#1032 = DIRECTION('',(0.,0.342020143326,0.939692620786));
#1033 = ADVANCED_FACE('',(#1034),#1045,.T.);
#1034 = FACE_BOUND('',#1035,.T.);
#1035 = EDGE_LOOP('',(#1036,#1037,#1038,#1039));
#1036 = ORIENTED_EDGE('',*,*,#323,.T.);
#1037 = ORIENTED_EDGE('',*,*,#236,.T.);
#1038 = ORIENTED_EDGE('',*,*,#134,.F.);
#1039 = ORIENTED_EDGE('',*,*,#1040,.F.);
#1040 = EDGE_CURVE('',#316,#127,#1041,.T.);
#1041 = LINE('',#1042,#1043);
#1042 = CARTESIAN_POINT('',(4.,12.75,-1.));
#1043 = VECTOR('',#1044,1.);
#1044 = DIRECTION('',(0.,0.,1.));
#1045 = PLANE('',#1046);
#1046 = AXIS2_PLACEMENT_3D('',#1047,#1048,#1049);
#1047 = CARTESIAN_POINT('',(4.,6.45,-1.));
#1048 = DIRECTION('',(-1.,0.,0.));
#1049 = DIRECTION('',(0.,1.,0.));
#1050 = ADVANCED_FACE('',(#1051),#1062,.T.);
#1051 = FACE_BOUND('',#1052,.T.);
#1052 = EDGE_LOOP('',(#1053,#1054,#1055,#1056));
#1053 = ORIENTED_EDGE('',*,*,#315,.T.);
#1054 = ORIENTED_EDGE('',*,*,#1040,.T.);
#1055 = ORIENTED_EDGE('',*,*,#126,.F.);
#1056 = ORIENTED_EDGE('',*,*,#1057,.F.);
#1057 = EDGE_CURVE('',#308,#119,#1058,.T.);
#1058 = LINE('',#1059,#1060);
#1059 = CARTESIAN_POINT('',(0.,11.75,-1.));
#1060 = VECTOR('',#1061,1.);
#1061 = DIRECTION('',(0.,0.,1.));
#1062 = PLANE('',#1063);
#1063 = AXIS2_PLACEMENT_3D('',#1064,#1065,#1066);
#1064 = CARTESIAN_POINT('',(4.,12.75,-1.));
#1065 = DIRECTION('',(0.242535625036,-0.970142500145,0.));
#1066 = DIRECTION('',(-0.970142500145,-0.242535625036,0.));
#1067 = ADVANCED_FACE('',(#1068),#1079,.F.);
#1068 = FACE_BOUND('',#1069,.F.);
#1069 = EDGE_LOOP('',(#1070,#1071,#1072,#1073));
#1070 = ORIENTED_EDGE('',*,*,#118,.F.);
#1071 = ORIENTED_EDGE('',*,*,#1057,.F.);
#1072 = ORIENTED_EDGE('',*,*,#307,.T.);
#1073 = ORIENTED_EDGE('',*,*,#1074,.T.);
#1074 = EDGE_CURVE('',#300,#111,#1075,.T.);
#1075 = LINE('',#1076,#1077);
#1076 = CARTESIAN_POINT('',(0.,32.,0.));
#1077 = VECTOR('',#1078,1.);
#1078 = DIRECTION('',(0.,0.,1.));
#1079 = PLANE('',#1080);
#1080 = AXIS2_PLACEMENT_3D('',#1081,#1082,#1083);
#1081 = CARTESIAN_POINT('',(0.,0.,0.));
#1082 = DIRECTION('',(1.,0.,0.));
#1083 = DIRECTION('',(0.,0.,1.));
#1084 = ADVANCED_FACE('',(#1085),#1096,.T.);
#1085 = FACE_BOUND('',#1086,.T.);
#1086 = EDGE_LOOP('',(#1087,#1088,#1089,#1090));
#1087 = ORIENTED_EDGE('',*,*,#299,.F.);
#1088 = ORIENTED_EDGE('',*,*,#1074,.T.);
#1089 = ORIENTED_EDGE('',*,*,#110,.T.);
#1090 = ORIENTED_EDGE('',*,*,#1091,.F.);
#1091 = EDGE_CURVE('',#292,#103,#1092,.T.);
#1092 = LINE('',#1093,#1094);
#1093 = CARTESIAN_POINT('',(26.,32.,0.));
#1094 = VECTOR('',#1095,1.);
#1095 = DIRECTION('',(0.,0.,1.));
#1096 = PLANE('',#1097);
#1097 = AXIS2_PLACEMENT_3D('',#1098,#1099,#1100);
#1098 = CARTESIAN_POINT('',(0.,32.,0.));
#1099 = DIRECTION('',(0.,1.,0.));
#1100 = DIRECTION('',(0.,0.,1.));
#1101 = ADVANCED_FACE('',(#1102),#1113,.T.);
#1102 = FACE_BOUND('',#1103,.T.);
#1103 = EDGE_LOOP('',(#1104,#1105,#1111,#1112));
#1104 = ORIENTED_EDGE('',*,*,#102,.F.);
#1105 = ORIENTED_EDGE('',*,*,#1106,.T.);
#1106 = EDGE_CURVE('',#95,#284,#1107,.T.);
#1107 = LINE('',#1108,#1109);
#1108 = CARTESIAN_POINT('',(26.,11.624390243902,0.));
#1109 = VECTOR('',#1110,1.);
#1110 = DIRECTION('',(0.,0.,-1.));
#1111 = ORIENTED_EDGE('',*,*,#291,.T.);
#1112 = ORIENTED_EDGE('',*,*,#1091,.T.);
#1113 = PLANE('',#1114);
#1114 = AXIS2_PLACEMENT_3D('',#1115,#1116,#1117);
#1115 = CARTESIAN_POINT('',(26.,0.,0.));
#1116 = DIRECTION('',(1.,0.,0.));
#1117 = DIRECTION('',(0.,0.,1.));
#1118 = ADVANCED_FACE('',(#1119),#1130,.T.);
#1119 = FACE_BOUND('',#1120,.T.);
#1120 = EDGE_LOOP('',(#1121,#1122,#1128,#1129));
#1121 = ORIENTED_EDGE('',*,*,#78,.T.);
#1122 = ORIENTED_EDGE('',*,*,#1123,.T.);
#1123 = EDGE_CURVE('',#71,#95,#1124,.T.);
#1124 = LINE('',#1125,#1126);
#1125 = CARTESIAN_POINT('',(26.,0.,10.));
#1126 = VECTOR('',#1127,1.);
#1127 = DIRECTION('',(0.,1.,0.));
#1128 = ORIENTED_EDGE('',*,*,#94,.T.);
#1129 = ORIENTED_EDGE('',*,*,#86,.T.);
#1130 = PLANE('',#1131);
#1131 = AXIS2_PLACEMENT_3D('',#1132,#1133,#1134);
#1132 = CARTESIAN_POINT('',(0.,0.,10.));
#1133 = DIRECTION('',(0.,0.,1.));
#1134 = DIRECTION('',(1.,0.,0.));
#1135 = ADVANCED_FACE('',(#1136),#1147,.T.);
#1136 = FACE_BOUND('',#1137,.T.);
#1137 = EDGE_LOOP('',(#1138,#1139,#1140,#1141));
#1138 = ORIENTED_EDGE('',*,*,#70,.F.);
#1139 = ORIENTED_EDGE('',*,*,#340,.T.);
#1140 = ORIENTED_EDGE('',*,*,#259,.T.);
#1141 = ORIENTED_EDGE('',*,*,#1142,.T.);
#1142 = EDGE_CURVE('',#260,#71,#1143,.T.);
#1143 = LINE('',#1144,#1145);
#1144 = CARTESIAN_POINT('',(26.,7.575609756098,0.));
#1145 = VECTOR('',#1146,1.);
#1146 = DIRECTION('',(0.,0.,1.));
#1147 = PLANE('',#1148);
#1148 = AXIS2_PLACEMENT_3D('',#1149,#1150,#1151);
#1149 = CARTESIAN_POINT('',(26.,0.,0.));
#1150 = DIRECTION('',(1.,0.,0.));
#1151 = DIRECTION('',(0.,0.,1.));
#1152 = ADVANCED_FACE('',(#1153),#1179,.T.);
#1153 = FACE_BOUND('',#1154,.T.);
#1154 = EDGE_LOOP('',(#1155,#1163,#1164,#1172));
#1155 = ORIENTED_EDGE('',*,*,#1156,.F.);
#1156 = EDGE_CURVE('',#151,#1157,#1159,.T.);
#1157 = VERTEX_POINT('',#1158);
#1158 = CARTESIAN_POINT('',(9.685,23.755,20.5));
#1159 = LINE('',#1160,#1161);
#1160 = CARTESIAN_POINT('',(9.685,23.755,9.9));
#1161 = VECTOR('',#1162,1.);
#1162 = DIRECTION('',(0.,0.,1.));
#1163 = ORIENTED_EDGE('',*,*,#150,.T.);
#1164 = ORIENTED_EDGE('',*,*,#1165,.T.);
#1165 = EDGE_CURVE('',#153,#1166,#1168,.T.);
#1166 = VERTEX_POINT('',#1167);
#1167 = CARTESIAN_POINT('',(9.085,23.155,20.5));
#1168 = LINE('',#1169,#1170);
#1169 = CARTESIAN_POINT('',(9.085,23.155,9.9));
#1170 = VECTOR('',#1171,1.);
#1171 = DIRECTION('',(0.,0.,1.));
#1172 = ORIENTED_EDGE('',*,*,#1173,.F.);
#1173 = EDGE_CURVE('',#1157,#1166,#1174,.T.);
#1174 = CIRCLE('',#1175,0.6);
#1175 = AXIS2_PLACEMENT_3D('',#1176,#1177,#1178);
#1176 = CARTESIAN_POINT('',(9.685,23.155,20.5));
#1177 = DIRECTION('',(0.,-0.,1.));
#1178 = DIRECTION('',(0.,1.,0.));
#1179 = CYLINDRICAL_SURFACE('',#1180,0.6);
#1180 = AXIS2_PLACEMENT_3D('',#1181,#1182,#1183);
#1181 = CARTESIAN_POINT('',(9.685,23.155,9.9));
#1182 = DIRECTION('',(0.,0.,1.));
#1183 = DIRECTION('',(0.,1.,0.));
#1184 = ADVANCED_FACE('',(#1185),#1203,.F.);
#1185 = FACE_BOUND('',#1186,.F.);
#1186 = EDGE_LOOP('',(#1187,#1188,#1196,#1202));
#1187 = ORIENTED_EDGE('',*,*,#161,.T.);
#1188 = ORIENTED_EDGE('',*,*,#1189,.T.);
#1189 = EDGE_CURVE('',#162,#1190,#1192,.T.);
#1190 = VERTEX_POINT('',#1191);
#1191 = CARTESIAN_POINT('',(16.315,23.755,20.5));
#1192 = LINE('',#1193,#1194);
#1193 = CARTESIAN_POINT('',(16.315,23.755,9.9));
#1194 = VECTOR('',#1195,1.);
#1195 = DIRECTION('',(0.,0.,1.));
#1196 = ORIENTED_EDGE('',*,*,#1197,.T.);
#1197 = EDGE_CURVE('',#1190,#1157,#1198,.T.);
#1198 = LINE('',#1199,#1200);
#1199 = CARTESIAN_POINT('',(16.315,23.755,20.5));
#1200 = VECTOR('',#1201,1.);
#1201 = DIRECTION('',(-1.,0.,0.));
#1202 = ORIENTED_EDGE('',*,*,#1156,.F.);
#1203 = PLANE('',#1204);
#1204 = AXIS2_PLACEMENT_3D('',#1205,#1206,#1207);
#1205 = CARTESIAN_POINT('',(16.915,23.755,9.9));
#1206 = DIRECTION('',(0.,-1.,0.));
#1207 = DIRECTION('',(-1.,0.,0.));
#1208 = ADVANCED_FACE('',(#1209),#1227,.F.);
#1209 = FACE_BOUND('',#1210,.F.);
#1210 = EDGE_LOOP('',(#1211,#1212,#1213,#1221));
#1211 = ORIENTED_EDGE('',*,*,#212,.T.);
#1212 = ORIENTED_EDGE('',*,*,#1165,.T.);
#1213 = ORIENTED_EDGE('',*,*,#1214,.T.);
#1214 = EDGE_CURVE('',#1166,#1215,#1217,.T.);
#1215 = VERTEX_POINT('',#1216);
#1216 = CARTESIAN_POINT('',(9.085,16.525,20.5));
#1217 = LINE('',#1218,#1219);
#1218 = CARTESIAN_POINT('',(9.085,23.155,20.5));
#1219 = VECTOR('',#1220,1.);
#1220 = DIRECTION('',(0.,-1.,0.));
#1221 = ORIENTED_EDGE('',*,*,#1222,.F.);
#1222 = EDGE_CURVE('',#204,#1215,#1223,.T.);
#1223 = LINE('',#1224,#1225);
#1224 = CARTESIAN_POINT('',(9.085,16.525,9.9));
#1225 = VECTOR('',#1226,1.);
#1226 = DIRECTION('',(0.,0.,1.));
#1227 = PLANE('',#1228);
#1228 = AXIS2_PLACEMENT_3D('',#1229,#1230,#1231);
#1229 = CARTESIAN_POINT('',(9.085,23.755,9.9));
#1230 = DIRECTION('',(1.,0.,0.));
#1231 = DIRECTION('',(0.,-1.,0.));
#1232 = ADVANCED_FACE('',(#1233),#1252,.T.);
#1233 = FACE_BOUND('',#1234,.F.);
#1234 = EDGE_LOOP('',(#1235,#1236,#1237,#1245));
#1235 = ORIENTED_EDGE('',*,*,#1189,.F.);
#1236 = ORIENTED_EDGE('',*,*,#169,.F.);
#1237 = ORIENTED_EDGE('',*,*,#1238,.T.);
#1238 = EDGE_CURVE('',#170,#1239,#1241,.T.);
#1239 = VERTEX_POINT('',#1240);
#1240 = CARTESIAN_POINT('',(16.915,23.155,20.5));
#1241 = LINE('',#1242,#1243);
#1242 = CARTESIAN_POINT('',(16.915,23.155,9.9));
#1243 = VECTOR('',#1244,1.);
#1244 = DIRECTION('',(0.,0.,1.));
#1245 = ORIENTED_EDGE('',*,*,#1246,.T.);
#1246 = EDGE_CURVE('',#1239,#1190,#1247,.T.);
#1247 = CIRCLE('',#1248,0.6);
#1248 = AXIS2_PLACEMENT_3D('',#1249,#1250,#1251);
#1249 = CARTESIAN_POINT('',(16.315,23.155,20.5));
#1250 = DIRECTION('',(0.,0.,1.));
#1251 = DIRECTION('',(1.,0.,0.));
#1252 = CYLINDRICAL_SURFACE('',#1253,0.6);
#1253 = AXIS2_PLACEMENT_3D('',#1254,#1255,#1256);
#1254 = CARTESIAN_POINT('',(16.315,23.155,9.9));
#1255 = DIRECTION('',(0.,0.,1.));
#1256 = DIRECTION('',(0.,1.,0.));
#1257 = ADVANCED_FACE('',(#1258),#1277,.T.);
#1258 = FACE_BOUND('',#1259,.T.);
#1259 = EDGE_LOOP('',(#1260,#1261,#1262,#1270));
#1260 = ORIENTED_EDGE('',*,*,#1222,.F.);
#1261 = ORIENTED_EDGE('',*,*,#203,.T.);
#1262 = ORIENTED_EDGE('',*,*,#1263,.T.);
#1263 = EDGE_CURVE('',#196,#1264,#1266,.T.);
#1264 = VERTEX_POINT('',#1265);
#1265 = CARTESIAN_POINT('',(9.685,15.925,20.5));
#1266 = LINE('',#1267,#1268);
#1267 = CARTESIAN_POINT('',(9.685,15.925,9.9));
#1268 = VECTOR('',#1269,1.);
#1269 = DIRECTION('',(0.,0.,1.));
#1270 = ORIENTED_EDGE('',*,*,#1271,.F.);
#1271 = EDGE_CURVE('',#1215,#1264,#1272,.T.);
#1272 = CIRCLE('',#1273,0.6);
#1273 = AXIS2_PLACEMENT_3D('',#1274,#1275,#1276);
#1274 = CARTESIAN_POINT('',(9.685,16.525,20.5));
#1275 = DIRECTION('',(0.,0.,1.));
#1276 = DIRECTION('',(-1.,0.,0.));
#1277 = CYLINDRICAL_SURFACE('',#1278,0.6);
#1278 = AXIS2_PLACEMENT_3D('',#1279,#1280,#1281);
#1279 = CARTESIAN_POINT('',(9.685,16.525,9.9));
#1280 = DIRECTION('',(0.,0.,1.));
#1281 = DIRECTION('',(-1.,0.,0.));
#1282 = ADVANCED_FACE('',(#1283),#1301,.F.);
#1283 = FACE_BOUND('',#1284,.F.);
#1284 = EDGE_LOOP('',(#1285,#1286,#1294,#1300));
#1285 = ORIENTED_EDGE('',*,*,#178,.T.);
#1286 = ORIENTED_EDGE('',*,*,#1287,.T.);
#1287 = EDGE_CURVE('',#179,#1288,#1290,.T.);
#1288 = VERTEX_POINT('',#1289);
#1289 = CARTESIAN_POINT('',(16.915,16.525,20.5));
#1290 = LINE('',#1291,#1292);
#1291 = CARTESIAN_POINT('',(16.915,16.525,9.9));
#1292 = VECTOR('',#1293,1.);
#1293 = DIRECTION('',(0.,0.,1.));
#1294 = ORIENTED_EDGE('',*,*,#1295,.T.);
#1295 = EDGE_CURVE('',#1288,#1239,#1296,.T.);
#1296 = LINE('',#1297,#1298);
#1297 = CARTESIAN_POINT('',(16.915,16.525,20.5));
#1298 = VECTOR('',#1299,1.);
#1299 = DIRECTION('',(0.,1.,0.));
#1300 = ORIENTED_EDGE('',*,*,#1238,.F.);
#1301 = PLANE('',#1302);
#1302 = AXIS2_PLACEMENT_3D('',#1303,#1304,#1305);
#1303 = CARTESIAN_POINT('',(16.915,15.925,9.9));
#1304 = DIRECTION('',(-1.,0.,0.));
#1305 = DIRECTION('',(0.,1.,0.));
#1306 = ADVANCED_FACE('',(#1307),#1325,.F.);
#1307 = FACE_BOUND('',#1308,.F.);
#1308 = EDGE_LOOP('',(#1309,#1310,#1311,#1319));
#1309 = ORIENTED_EDGE('',*,*,#195,.T.);
#1310 = ORIENTED_EDGE('',*,*,#1263,.T.);
#1311 = ORIENTED_EDGE('',*,*,#1312,.T.);
#1312 = EDGE_CURVE('',#1264,#1313,#1315,.T.);
#1313 = VERTEX_POINT('',#1314);
#1314 = CARTESIAN_POINT('',(16.315,15.925,20.5));
#1315 = LINE('',#1316,#1317);
#1316 = CARTESIAN_POINT('',(9.685,15.925,20.5));
#1317 = VECTOR('',#1318,1.);
#1318 = DIRECTION('',(1.,0.,0.));
#1319 = ORIENTED_EDGE('',*,*,#1320,.F.);
#1320 = EDGE_CURVE('',#187,#1313,#1321,.T.);
#1321 = LINE('',#1322,#1323);
#1322 = CARTESIAN_POINT('',(16.315,15.925,9.9));
#1323 = VECTOR('',#1324,1.);
#1324 = DIRECTION('',(0.,0.,1.));
#1325 = PLANE('',#1326);
#1326 = AXIS2_PLACEMENT_3D('',#1327,#1328,#1329);
#1327 = CARTESIAN_POINT('',(9.085,15.925,9.9));
#1328 = DIRECTION('',(0.,1.,0.));
#1329 = DIRECTION('',(1.,0.,0.));
#1330 = ADVANCED_FACE('',(#1331),#1343,.T.);
#1331 = FACE_BOUND('',#1332,.T.);
#1332 = EDGE_LOOP('',(#1333,#1334,#1335,#1336));
#1333 = ORIENTED_EDGE('',*,*,#1320,.F.);
#1334 = ORIENTED_EDGE('',*,*,#186,.T.);
#1335 = ORIENTED_EDGE('',*,*,#1287,.T.);
#1336 = ORIENTED_EDGE('',*,*,#1337,.F.);
#1337 = EDGE_CURVE('',#1313,#1288,#1338,.T.);
#1338 = CIRCLE('',#1339,0.6);
#1339 = AXIS2_PLACEMENT_3D('',#1340,#1341,#1342);
#1340 = CARTESIAN_POINT('',(16.315,16.525,20.5));
#1341 = DIRECTION('',(-0.,0.,1.));
#1342 = DIRECTION('',(0.,-1.,0.));
#1343 = CYLINDRICAL_SURFACE('',#1344,0.6);
#1344 = AXIS2_PLACEMENT_3D('',#1345,#1346,#1347);
#1345 = CARTESIAN_POINT('',(16.315,16.525,9.9));
#1346 = DIRECTION('',(0.,0.,1.));
#1347 = DIRECTION('',(0.,-1.,0.));
#1348 = ADVANCED_FACE('',(#1349),#1360,.F.);
#1349 = FACE_BOUND('',#1350,.F.);
#1350 = EDGE_LOOP('',(#1351,#1352,#1358,#1359));
#1351 = ORIENTED_EDGE('',*,*,#267,.T.);
#1352 = ORIENTED_EDGE('',*,*,#1353,.T.);
#1353 = EDGE_CURVE('',#260,#284,#1354,.T.);
#1354 = LINE('',#1355,#1356);
#1355 = CARTESIAN_POINT('',(26.,0.,0.));
#1356 = VECTOR('',#1357,1.);
#1357 = DIRECTION('',(0.,1.,0.));
#1358 = ORIENTED_EDGE('',*,*,#283,.T.);
#1359 = ORIENTED_EDGE('',*,*,#275,.T.);
#1360 = PLANE('',#1361);
#1361 = AXIS2_PLACEMENT_3D('',#1362,#1363,#1364);
#1362 = CARTESIAN_POINT('',(0.,0.,0.));
#1363 = DIRECTION('',(0.,0.,1.));
#1364 = DIRECTION('',(1.,0.,0.));
#1365 = ADVANCED_FACE('',(#1366),#1391,.T.);
#1366 = FACE_BOUND('',#1367,.T.);
#1367 = EDGE_LOOP('',(#1368,#1369,#1377,#1385));
#1368 = ORIENTED_EDGE('',*,*,#349,.T.);
#1369 = ORIENTED_EDGE('',*,*,#1370,.T.);
#1370 = EDGE_CURVE('',#352,#1371,#1373,.T.);
#1371 = VERTEX_POINT('',#1372);
#1372 = CARTESIAN_POINT('',(14.577919320594,1.582612021699,
    6.102473433474));
#1373 = LINE('',#1374,#1375);
#1374 = CARTESIAN_POINT('',(14.577919320594,2.334366118328,
    5.828857318814));
#1375 = VECTOR('',#1376,1.);
#1376 = DIRECTION('',(0.,-0.939692620786,0.342020143326));
#1377 = ORIENTED_EDGE('',*,*,#1378,.T.);
#1378 = EDGE_CURVE('',#1371,#1379,#1381,.T.);
#1379 = VERTEX_POINT('',#1380);
#1380 = CARTESIAN_POINT('',(14.174012738854,1.693278412024,
    6.406526841983));
#1381 = B_SPLINE_CURVE_WITH_KNOTS('',2,(#1382,#1383,#1384),
  .UNSPECIFIED.,.F.,.F.,(3,3),(0.,1.),.PIECEWISE_BEZIER_KNOTS.);
#1382 = CARTESIAN_POINT('',(14.577919320594,1.582612021699,
    6.102473433474));
#1383 = CARTESIAN_POINT('',(14.300212314225,1.622870188888,
    6.213081838774));
#1384 = CARTESIAN_POINT('',(14.174012738854,1.693278412024,
    6.406526841983));
#1385 = ORIENTED_EDGE('',*,*,#1386,.F.);
#1386 = EDGE_CURVE('',#350,#1379,#1387,.T.);
#1387 = LINE('',#1388,#1389);
#1388 = CARTESIAN_POINT('',(14.174012738854,2.445032508653,
    6.132910727323));
#1389 = VECTOR('',#1390,1.);
#1390 = DIRECTION('',(0.,-0.939692620786,0.342020143326));
#1391 = SURFACE_OF_LINEAR_EXTRUSION('',#1392,#1396);
#1392 = B_SPLINE_CURVE_WITH_KNOTS('',2,(#1393,#1394,#1395),
  .UNSPECIFIED.,.F.,.F.,(3,3),(0.,1.),.PIECEWISE_BEZIER_KNOTS.);
#1393 = CARTESIAN_POINT('',(14.577919320594,2.334366118328,
    5.828857318814));
#1394 = CARTESIAN_POINT('',(14.300212314225,2.374624285517,
    5.939465724114));
#1395 = CARTESIAN_POINT('',(14.174012738854,2.445032508653,
    6.132910727323));
#1396 = VECTOR('',#1397,1.);
#1397 = DIRECTION('',(-0.,0.939692620786,-0.342020143326));
#1398 = ADVANCED_FACE('',(#1399),#1417,.T.);
#1399 = FACE_BOUND('',#1400,.T.);
#1400 = EDGE_LOOP('',(#1401,#1402,#1410,#1416));
#1401 = ORIENTED_EDGE('',*,*,#591,.T.);
#1402 = ORIENTED_EDGE('',*,*,#1403,.T.);
#1403 = EDGE_CURVE('',#577,#1404,#1406,.T.);
#1404 = VERTEX_POINT('',#1405);
#1405 = CARTESIAN_POINT('',(14.104033970276,1.448650501443,
    5.734417181494));
#1406 = LINE('',#1407,#1408);
#1407 = CARTESIAN_POINT('',(14.104033970276,2.200404598072,
    5.460801066834));
#1408 = VECTOR('',#1409,1.);
#1409 = DIRECTION('',(0.,-0.939692620786,0.342020143326));
#1410 = ORIENTED_EDGE('',*,*,#1411,.T.);
#1411 = EDGE_CURVE('',#1404,#1371,#1412,.T.);
#1412 = B_SPLINE_CURVE_WITH_KNOTS('',2,(#1413,#1414,#1415),
  .UNSPECIFIED.,.F.,.F.,(3,3),(0.,1.),.PIECEWISE_BEZIER_KNOTS.);
#1413 = CARTESIAN_POINT('',(14.104033970276,1.448650501443,
    5.734417181494));
#1414 = CARTESIAN_POINT('',(14.254352441614,1.535498928496,
    5.973031273736));
#1415 = CARTESIAN_POINT('',(14.577919320594,1.582612021699,
    6.102473433474));
#1416 = ORIENTED_EDGE('',*,*,#1370,.F.);
#1417 = SURFACE_OF_LINEAR_EXTRUSION('',#1418,#1422);
#1418 = B_SPLINE_CURVE_WITH_KNOTS('',2,(#1419,#1420,#1421),
  .UNSPECIFIED.,.F.,.F.,(3,3),(0.,1.),.PIECEWISE_BEZIER_KNOTS.);
#1419 = CARTESIAN_POINT('',(14.104033970276,2.200404598072,
    5.460801066834));
#1420 = CARTESIAN_POINT('',(14.254352441614,2.287253025124,
    5.699415159076));
#1421 = CARTESIAN_POINT('',(14.577919320594,2.334366118328,
    5.828857318814));
#1422 = VECTOR('',#1423,1.);
#1423 = DIRECTION('',(-0.,0.939692620786,-0.342020143326));
#1424 = ADVANCED_FACE('',(#1425),#1443,.T.);
#1425 = FACE_BOUND('',#1426,.T.);
#1426 = EDGE_LOOP('',(#1427,#1428,#1436,#1442));
#1427 = ORIENTED_EDGE('',*,*,#576,.T.);
#1428 = ORIENTED_EDGE('',*,*,#1429,.T.);
#1429 = EDGE_CURVE('',#558,#1430,#1432,.T.);
#1430 = VERTEX_POINT('',#1431);
#1431 = CARTESIAN_POINT('',(13.953715498938,1.258048702674,
    5.210743043269));
#1432 = LINE('',#1433,#1434);
#1433 = CARTESIAN_POINT('',(13.953715498938,2.009802799303,
    4.937126928609));
#1434 = VECTOR('',#1435,1.);
#1435 = DIRECTION('',(0.,-0.939692620786,0.342020143326));
#1436 = ORIENTED_EDGE('',*,*,#1437,.T.);
#1437 = EDGE_CURVE('',#1430,#1404,#1438,.T.);
#1438 = B_SPLINE_CURVE_WITH_KNOTS('',2,(#1439,#1440,#1441),
  .UNSPECIFIED.,.F.,.F.,(3,3),(0.,1.),.PIECEWISE_BEZIER_KNOTS.);
#1439 = CARTESIAN_POINT('',(13.953715498938,1.258048702674,
    5.210743043269));
#1440 = CARTESIAN_POINT('',(13.953715498938,1.361860166984,
    5.495962697341));
#1441 = CARTESIAN_POINT('',(14.104033970276,1.448650501443,
    5.734417181494));
#1442 = ORIENTED_EDGE('',*,*,#1403,.F.);
#1443 = SURFACE_OF_LINEAR_EXTRUSION('',#1444,#1448);
#1444 = B_SPLINE_CURVE_WITH_KNOTS('',2,(#1445,#1446,#1447),
  .UNSPECIFIED.,.F.,.F.,(3,3),(0.,1.),.PIECEWISE_BEZIER_KNOTS.);
#1445 = CARTESIAN_POINT('',(13.953715498938,2.009802799303,
    4.937126928609));
#1446 = CARTESIAN_POINT('',(13.953715498938,2.113614263613,5.22234658268
    ));
#1447 = CARTESIAN_POINT('',(14.104033970276,2.200404598072,
    5.460801066834));
#1448 = VECTOR('',#1449,1.);
#1449 = DIRECTION('',(-0.,0.939692620786,-0.342020143326));
#1450 = ADVANCED_FACE('',(#1451),#1469,.T.);
#1451 = FACE_BOUND('',#1452,.T.);
#1452 = EDGE_LOOP('',(#1453,#1454,#1462,#1468));
#1453 = ORIENTED_EDGE('',*,*,#557,.T.);
#1454 = ORIENTED_EDGE('',*,*,#1455,.T.);
#1455 = EDGE_CURVE('',#541,#1456,#1458,.T.);
#1456 = VERTEX_POINT('',#1457);
#1457 = CARTESIAN_POINT('',(14.353715498938,0.961369828455,
    4.395624535524));
#1458 = LINE('',#1459,#1460);
#1459 = CARTESIAN_POINT('',(14.353715498938,1.713123925084,
    4.122008420863));
#1460 = VECTOR('',#1461,1.);
#1461 = DIRECTION('',(0.,-0.939692620786,0.342020143326));
#1462 = ORIENTED_EDGE('',*,*,#1463,.T.);
#1463 = EDGE_CURVE('',#1456,#1430,#1464,.T.);
#1464 = B_SPLINE_CURVE_WITH_KNOTS('',2,(#1465,#1466,#1467),
  .UNSPECIFIED.,.F.,.F.,(3,3),(0.,1.),.PIECEWISE_BEZIER_KNOTS.);
#1465 = CARTESIAN_POINT('',(14.353715498938,0.961369828455,
    4.395624535524));
#1466 = CARTESIAN_POINT('',(13.953715498938,1.069538237266,
    4.692814796229));
#1467 = CARTESIAN_POINT('',(13.953715498938,1.258048702674,
    5.210743043269));
#1468 = ORIENTED_EDGE('',*,*,#1429,.F.);
#1469 = SURFACE_OF_LINEAR_EXTRUSION('',#1470,#1474);
#1470 = B_SPLINE_CURVE_WITH_KNOTS('',2,(#1471,#1472,#1473),
  .UNSPECIFIED.,.F.,.F.,(3,3),(0.,1.),.PIECEWISE_BEZIER_KNOTS.);
#1471 = CARTESIAN_POINT('',(14.353715498938,1.713123925084,
    4.122008420863));
#1472 = CARTESIAN_POINT('',(13.953715498938,1.821292333895,
    4.419198681569));
#1473 = CARTESIAN_POINT('',(13.953715498938,2.009802799303,
    4.937126928609));
#1474 = VECTOR('',#1475,1.);
#1475 = DIRECTION('',(-0.,0.939692620786,-0.342020143326));
#1476 = ADVANCED_FACE('',(#1477),#1495,.T.);
#1477 = FACE_BOUND('',#1478,.T.);
#1478 = EDGE_LOOP('',(#1479,#1480,#1488,#1494));
#1479 = ORIENTED_EDGE('',*,*,#540,.T.);
#1480 = ORIENTED_EDGE('',*,*,#1481,.T.);
#1481 = EDGE_CURVE('',#524,#1482,#1484,.T.);
#1482 = VERTEX_POINT('',#1483);
#1483 = CARTESIAN_POINT('',(15.202123142251,0.869757808748,
    4.143922580028));
#1484 = LINE('',#1485,#1486);
#1485 = CARTESIAN_POINT('',(15.202123142251,1.621511905377,
    3.870306465368));
#1486 = VECTOR('',#1487,1.);
#1487 = DIRECTION('',(0.,-0.939692620786,0.342020143326));
#1488 = ORIENTED_EDGE('',*,*,#1489,.T.);
#1489 = EDGE_CURVE('',#1482,#1456,#1490,.T.);
#1490 = B_SPLINE_CURVE_WITH_KNOTS('',2,(#1491,#1492,#1493),
  .UNSPECIFIED.,.F.,.F.,(3,3),(0.,1.),.PIECEWISE_BEZIER_KNOTS.);
#1491 = CARTESIAN_POINT('',(15.202123142251,0.869757808748,
    4.143922580028));
#1492 = CARTESIAN_POINT('',(14.692569002123,0.869757808748,
    4.143922580028));
#1493 = CARTESIAN_POINT('',(14.353715498938,0.961369828455,
    4.395624535524));
#1494 = ORIENTED_EDGE('',*,*,#1455,.F.);
#1495 = SURFACE_OF_LINEAR_EXTRUSION('',#1496,#1500);
#1496 = B_SPLINE_CURVE_WITH_KNOTS('',2,(#1497,#1498,#1499),
  .UNSPECIFIED.,.F.,.F.,(3,3),(0.,1.),.PIECEWISE_BEZIER_KNOTS.);
#1497 = CARTESIAN_POINT('',(15.202123142251,1.621511905377,
    3.870306465368));
#1498 = CARTESIAN_POINT('',(14.692569002123,1.621511905377,
    3.870306465368));
#1499 = CARTESIAN_POINT('',(14.353715498938,1.713123925084,
    4.122008420863));
#1500 = VECTOR('',#1501,1.);
#1501 = DIRECTION('',(-0.,0.939692620786,-0.342020143326));
#1502 = ADVANCED_FACE('',(#1503),#1521,.T.);
#1503 = FACE_BOUND('',#1504,.T.);
#1504 = EDGE_LOOP('',(#1505,#1506,#1514,#1520));
#1505 = ORIENTED_EDGE('',*,*,#523,.T.);
#1506 = ORIENTED_EDGE('',*,*,#1507,.T.);
#1507 = EDGE_CURVE('',#507,#1508,#1510,.T.);
#1508 = VERTEX_POINT('',#1509);
#1509 = CARTESIAN_POINT('',(16.07974522293,0.98054038426,4.448295204714)
  );
#1510 = LINE('',#1511,#1512);
#1511 = CARTESIAN_POINT('',(16.07974522293,1.732294480888,4.174679090054
    ));
#1512 = VECTOR('',#1513,1.);
#1513 = DIRECTION('',(0.,-0.939692620786,0.342020143326));
#1514 = ORIENTED_EDGE('',*,*,#1515,.T.);
#1515 = EDGE_CURVE('',#1508,#1482,#1516,.T.);
#1516 = B_SPLINE_CURVE_WITH_KNOTS('',2,(#1517,#1518,#1519),
  .UNSPECIFIED.,.F.,.F.,(3,3),(0.,1.),.PIECEWISE_BEZIER_KNOTS.);
#1517 = CARTESIAN_POINT('',(16.07974522293,0.98054038426,4.448295204714)
  );
#1518 = CARTESIAN_POINT('',(15.749893842887,0.869757808748,
    4.143922580028));
#1519 = CARTESIAN_POINT('',(15.202123142251,0.869757808748,
    4.143922580028));
#1520 = ORIENTED_EDGE('',*,*,#1481,.F.);
#1521 = SURFACE_OF_LINEAR_EXTRUSION('',#1522,#1526);
#1522 = B_SPLINE_CURVE_WITH_KNOTS('',2,(#1523,#1524,#1525),
  .UNSPECIFIED.,.F.,.F.,(3,3),(0.,1.),.PIECEWISE_BEZIER_KNOTS.);
#1523 = CARTESIAN_POINT('',(16.07974522293,1.732294480888,4.174679090054
    ));
#1524 = CARTESIAN_POINT('',(15.749893842887,1.621511905377,
    3.870306465368));
#1525 = CARTESIAN_POINT('',(15.202123142251,1.621511905377,
    3.870306465368));
#1526 = VECTOR('',#1527,1.);
#1527 = DIRECTION('',(-0.,0.939692620786,-0.342020143326));
#1528 = ADVANCED_FACE('',(#1529),#1547,.T.);
#1529 = FACE_BOUND('',#1530,.T.);
#1530 = EDGE_LOOP('',(#1531,#1532,#1540,#1546));
#1531 = ORIENTED_EDGE('',*,*,#506,.T.);
#1532 = ORIENTED_EDGE('',*,*,#1533,.T.);
#1533 = EDGE_CURVE('',#492,#1534,#1536,.T.);
#1534 = VERTEX_POINT('',#1535);
#1535 = CARTESIAN_POINT('',(16.409766454352,1.268505369477,
    5.239472499192));
#1536 = LINE('',#1537,#1538);
#1537 = CARTESIAN_POINT('',(16.409766454352,2.020259466105,
    4.965856384531));
#1538 = VECTOR('',#1539,1.);
#1539 = DIRECTION('',(0.,-0.939692620786,0.342020143326));
#1540 = ORIENTED_EDGE('',*,*,#1541,.T.);
#1541 = EDGE_CURVE('',#1534,#1508,#1542,.T.);
#1542 = B_SPLINE_CURVE_WITH_KNOTS('',2,(#1543,#1544,#1545),
  .UNSPECIFIED.,.F.,.F.,(3,3),(0.,1.),.PIECEWISE_BEZIER_KNOTS.);
#1543 = CARTESIAN_POINT('',(16.409766454352,1.268505369477,
    5.239472499192));
#1544 = CARTESIAN_POINT('',(16.409766454352,1.091381052364,
    4.752827437489));
#1545 = CARTESIAN_POINT('',(16.07974522293,0.98054038426,4.448295204714)
  );
#1546 = ORIENTED_EDGE('',*,*,#1507,.F.);
#1547 = SURFACE_OF_LINEAR_EXTRUSION('',#1548,#1552);
#1548 = B_SPLINE_CURVE_WITH_KNOTS('',2,(#1549,#1550,#1551),
  .UNSPECIFIED.,.F.,.F.,(3,3),(0.,1.),.PIECEWISE_BEZIER_KNOTS.);
#1549 = CARTESIAN_POINT('',(16.409766454352,2.020259466105,
    4.965856384531));
#1550 = CARTESIAN_POINT('',(16.409766454352,1.843135148993,
    4.479211322828));
#1551 = CARTESIAN_POINT('',(16.07974522293,1.732294480888,4.174679090054
    ));
#1552 = VECTOR('',#1553,1.);
#1553 = DIRECTION('',(-0.,0.939692620786,-0.342020143326));
#1554 = ADVANCED_FACE('',(#1555),#1573,.T.);
#1555 = FACE_BOUND('',#1556,.T.);
#1556 = EDGE_LOOP('',(#1557,#1558,#1566,#1572));
#1557 = ORIENTED_EDGE('',*,*,#491,.T.);
#1558 = ORIENTED_EDGE('',*,*,#1559,.T.);
#1559 = EDGE_CURVE('',#477,#1560,#1562,.T.);
#1560 = VERTEX_POINT('',#1561);
#1561 = CARTESIAN_POINT('',(16.247898089172,1.457829131192,5.75963525947
    ));
#1562 = LINE('',#1563,#1564);
#1563 = CARTESIAN_POINT('',(16.247898089172,2.20958322782,5.48601914481)
  );
#1564 = VECTOR('',#1565,1.);
#1565 = DIRECTION('',(0.,-0.939692620786,0.342020143326));
#1566 = ORIENTED_EDGE('',*,*,#1567,.T.);
#1567 = EDGE_CURVE('',#1560,#1534,#1568,.T.);
#1568 = B_SPLINE_CURVE_WITH_KNOTS('',2,(#1569,#1570,#1571),
  .UNSPECIFIED.,.F.,.F.,(3,3),(0.,1.),.PIECEWISE_BEZIER_KNOTS.);
#1569 = CARTESIAN_POINT('',(16.247898089172,1.457829131192,5.75963525947
    ));
#1570 = CARTESIAN_POINT('',(16.409766454352,1.375802389387,5.53426863857
    ));
#1571 = CARTESIAN_POINT('',(16.409766454352,1.268505369477,
    5.239472499192));
#1572 = ORIENTED_EDGE('',*,*,#1533,.F.);
#1573 = SURFACE_OF_LINEAR_EXTRUSION('',#1574,#1578);
#1574 = B_SPLINE_CURVE_WITH_KNOTS('',2,(#1575,#1576,#1577),
  .UNSPECIFIED.,.F.,.F.,(3,3),(0.,1.),.PIECEWISE_BEZIER_KNOTS.);
#1575 = CARTESIAN_POINT('',(16.247898089172,2.20958322782,5.48601914481)
  );
#1576 = CARTESIAN_POINT('',(16.409766454352,2.127556486016,5.26065252391
    ));
#1577 = CARTESIAN_POINT('',(16.409766454352,2.020259466105,
    4.965856384531));
#1578 = VECTOR('',#1579,1.);
#1579 = DIRECTION('',(-0.,0.939692620786,-0.342020143326));
#1580 = ADVANCED_FACE('',(#1581),#1599,.T.);
#1581 = FACE_BOUND('',#1582,.T.);
#1582 = EDGE_LOOP('',(#1583,#1584,#1592,#1598));
#1583 = ORIENTED_EDGE('',*,*,#476,.T.);
#1584 = ORIENTED_EDGE('',*,*,#1585,.T.);
#1585 = EDGE_CURVE('',#462,#1586,#1588,.T.);
#1586 = VERTEX_POINT('',#1587);
#1587 = CARTESIAN_POINT('',(15.775371549894,1.582612021699,
    6.102473433474));
#1588 = LINE('',#1589,#1590);
#1589 = CARTESIAN_POINT('',(15.775371549894,2.334366118328,
    5.828857318814));
#1590 = VECTOR('',#1591,1.);
#1591 = DIRECTION('',(0.,-0.939692620786,0.342020143326));
#1592 = ORIENTED_EDGE('',*,*,#1593,.T.);
#1593 = EDGE_CURVE('',#1586,#1560,#1594,.T.);
#1594 = B_SPLINE_CURVE_WITH_KNOTS('',2,(#1595,#1596,#1597),
  .UNSPECIFIED.,.F.,.F.,(3,3),(0.,1.),.PIECEWISE_BEZIER_KNOTS.);
#1595 = CARTESIAN_POINT('',(15.775371549894,1.582612021699,
    6.102473433474));
#1596 = CARTESIAN_POINT('',(16.086199575372,1.539855872997,
    5.985001880371));
#1597 = CARTESIAN_POINT('',(16.247898089172,1.457829131192,5.75963525947
    ));
#1598 = ORIENTED_EDGE('',*,*,#1559,.F.);
#1599 = SURFACE_OF_LINEAR_EXTRUSION('',#1600,#1604);
#1600 = B_SPLINE_CURVE_WITH_KNOTS('',2,(#1601,#1602,#1603),
  .UNSPECIFIED.,.F.,.F.,(3,3),(0.,1.),.PIECEWISE_BEZIER_KNOTS.);
#1601 = CARTESIAN_POINT('',(15.775371549894,2.334366118328,
    5.828857318814));
#1602 = CARTESIAN_POINT('',(16.086199575372,2.291609969625,5.71138576571
    ));
#1603 = CARTESIAN_POINT('',(16.247898089172,2.20958322782,5.48601914481)
  );
#1604 = VECTOR('',#1605,1.);
#1605 = DIRECTION('',(-0.,0.939692620786,-0.342020143326));
#1606 = ADVANCED_FACE('',(#1607),#1625,.T.);
#1607 = FACE_BOUND('',#1608,.T.);
#1608 = EDGE_LOOP('',(#1609,#1610,#1618,#1624));
#1609 = ORIENTED_EDGE('',*,*,#461,.T.);
#1610 = ORIENTED_EDGE('',*,*,#1611,.T.);
#1611 = EDGE_CURVE('',#447,#1612,#1614,.T.);
#1612 = VERTEX_POINT('',#1613);
#1613 = CARTESIAN_POINT('',(16.154989384289,1.688921467523,
    6.394556235349));
#1614 = LINE('',#1615,#1616);
#1615 = CARTESIAN_POINT('',(16.154989384289,2.440675564152,
    6.120940120689));
#1616 = VECTOR('',#1617,1.);
#1617 = DIRECTION('',(0.,-0.939692620786,0.342020143326));
#1618 = ORIENTED_EDGE('',*,*,#1619,.T.);
#1619 = EDGE_CURVE('',#1612,#1586,#1620,.T.);
#1620 = B_SPLINE_CURVE_WITH_KNOTS('',2,(#1621,#1622,#1623),
  .UNSPECIFIED.,.F.,.F.,(3,3),(0.,1.),.PIECEWISE_BEZIER_KNOTS.);
#1621 = CARTESIAN_POINT('',(16.154989384289,1.688921467523,
    6.394556235349));
#1622 = CARTESIAN_POINT('',(16.019957537155,1.619384633288,
    6.203505353467));
#1623 = CARTESIAN_POINT('',(15.775371549894,1.582612021699,
    6.102473433474));
#1624 = ORIENTED_EDGE('',*,*,#1585,.F.);
#1625 = SURFACE_OF_LINEAR_EXTRUSION('',#1626,#1630);
#1626 = B_SPLINE_CURVE_WITH_KNOTS('',2,(#1627,#1628,#1629),
  .UNSPECIFIED.,.F.,.F.,(3,3),(0.,1.),.PIECEWISE_BEZIER_KNOTS.);
#1627 = CARTESIAN_POINT('',(16.154989384289,2.440675564152,
    6.120940120689));
#1628 = CARTESIAN_POINT('',(16.019957537155,2.371138729916,
    5.929889238807));
#1629 = CARTESIAN_POINT('',(15.775371549894,2.334366118328,
    5.828857318814));
#1630 = VECTOR('',#1631,1.);
#1631 = DIRECTION('',(-0.,0.939692620786,-0.342020143326));
#1632 = ADVANCED_FACE('',(#1633),#1651,.T.);
#1633 = FACE_BOUND('',#1634,.T.);
#1634 = EDGE_LOOP('',(#1635,#1636,#1644,#1650));
#1635 = ORIENTED_EDGE('',*,*,#446,.T.);
#1636 = ORIENTED_EDGE('',*,*,#1637,.T.);
#1637 = EDGE_CURVE('',#432,#1638,#1640,.T.);
#1638 = VERTEX_POINT('',#1639);
#1639 = CARTESIAN_POINT('',(16.290021231423,1.847746617731,
    6.830924749188));
#1640 = LINE('',#1641,#1642);
#1641 = CARTESIAN_POINT('',(16.290021231423,2.59950071436,6.557308634528
    ));
#1642 = VECTOR('',#1643,1.);
#1643 = DIRECTION('',(0.,-0.939692620786,0.342020143326));
#1644 = ORIENTED_EDGE('',*,*,#1645,.T.);
#1645 = EDGE_CURVE('',#1638,#1612,#1646,.T.);
#1646 = B_SPLINE_CURVE_WITH_KNOTS('',2,(#1647,#1648,#1649),
  .UNSPECIFIED.,.F.,.F.,(3,3),(0.,1.),.PIECEWISE_BEZIER_KNOTS.);
#1647 = CARTESIAN_POINT('',(16.290021231423,1.847746617731,
    6.830924749188));
#1648 = CARTESIAN_POINT('',(16.290021231423,1.758458301758,
    6.585607117231));
#1649 = CARTESIAN_POINT('',(16.154989384289,1.688921467523,
    6.394556235349));
#1650 = ORIENTED_EDGE('',*,*,#1611,.F.);
#1651 = SURFACE_OF_LINEAR_EXTRUSION('',#1652,#1656);
#1652 = B_SPLINE_CURVE_WITH_KNOTS('',2,(#1653,#1654,#1655),
  .UNSPECIFIED.,.F.,.F.,(3,3),(0.,1.),.PIECEWISE_BEZIER_KNOTS.);
#1653 = CARTESIAN_POINT('',(16.290021231423,2.59950071436,6.557308634528
    ));
#1654 = CARTESIAN_POINT('',(16.290021231423,2.510212398387,
    6.311991002571));
#1655 = CARTESIAN_POINT('',(16.154989384289,2.440675564152,
    6.120940120689));
#1656 = VECTOR('',#1657,1.);
#1657 = DIRECTION('',(-0.,0.939692620786,-0.342020143326));
#1658 = ADVANCED_FACE('',(#1659),#1677,.T.);
#1659 = FACE_BOUND('',#1660,.T.);
#1660 = EDGE_LOOP('',(#1661,#1662,#1670,#1676));
#1661 = ORIENTED_EDGE('',*,*,#431,.T.);
#1662 = ORIENTED_EDGE('',*,*,#1663,.T.);
#1663 = EDGE_CURVE('',#410,#1664,#1666,.T.);
#1664 = VERTEX_POINT('',#1665);
#1665 = CARTESIAN_POINT('',(15.995668789809,2.084822491177,
    7.482285358178));
#1666 = LINE('',#1667,#1668);
#1667 = CARTESIAN_POINT('',(15.995668789809,2.836576587806,
    7.208669243518));
#1668 = VECTOR('',#1669,1.);
#1669 = DIRECTION('',(0.,-0.939692620786,0.342020143326));
#1670 = ORIENTED_EDGE('',*,*,#1671,.T.);
#1671 = EDGE_CURVE('',#1664,#1638,#1672,.T.);
#1672 = B_SPLINE_CURVE_WITH_KNOTS('',2,(#1673,#1674,#1675),
  .UNSPECIFIED.,.F.,.F.,(3,3),(0.,1.),.PIECEWISE_BEZIER_KNOTS.);
#1673 = CARTESIAN_POINT('',(15.995668789809,2.084822491177,
    7.482285358178));
#1674 = CARTESIAN_POINT('',(16.290021231423,1.991235323296,
    7.225156727675));
#1675 = CARTESIAN_POINT('',(16.290021231423,1.847746617731,
    6.830924749188));
#1676 = ORIENTED_EDGE('',*,*,#1637,.F.);
#1677 = SURFACE_OF_LINEAR_EXTRUSION('',#1678,#1682);
#1678 = B_SPLINE_CURVE_WITH_KNOTS('',2,(#1679,#1680,#1681),
  .UNSPECIFIED.,.F.,.F.,(3,3),(0.,1.),.PIECEWISE_BEZIER_KNOTS.);
#1679 = CARTESIAN_POINT('',(15.995668789809,2.836576587806,
    7.208669243518));
#1680 = CARTESIAN_POINT('',(16.290021231423,2.742989419925,
    6.951540613015));
#1681 = CARTESIAN_POINT('',(16.290021231423,2.59950071436,6.557308634528
    ));
#1682 = VECTOR('',#1683,1.);
#1683 = DIRECTION('',(-0.,0.939692620786,-0.342020143326));
#1684 = ADVANCED_FACE('',(#1685),#1703,.T.);
#1685 = FACE_BOUND('',#1686,.T.);
#1686 = EDGE_LOOP('',(#1687,#1688,#1696,#1702));
#1687 = ORIENTED_EDGE('',*,*,#409,.T.);
#1688 = ORIENTED_EDGE('',*,*,#1689,.T.);
#1689 = EDGE_CURVE('',#393,#1690,#1692,.T.);
#1690 = VERTEX_POINT('',#1691);
#1691 = CARTESIAN_POINT('',(15.169002123142,2.178467751651,7.73957359677
    ));
#1692 = LINE('',#1693,#1694);
#1693 = CARTESIAN_POINT('',(15.169002123142,2.93022184828,7.465957482109
    ));
#1694 = VECTOR('',#1695,1.);
#1695 = DIRECTION('',(0.,-0.939692620786,0.342020143326));
#1696 = ORIENTED_EDGE('',*,*,#1697,.T.);
#1697 = EDGE_CURVE('',#1690,#1664,#1698,.T.);
#1698 = B_SPLINE_CURVE_WITH_KNOTS('',2,(#1699,#1700,#1701),
  .UNSPECIFIED.,.F.,.F.,(3,3),(0.,1.),.PIECEWISE_BEZIER_KNOTS.);
#1699 = CARTESIAN_POINT('',(15.169002123142,2.178467751651,7.73957359677
    ));
#1700 = CARTESIAN_POINT('',(15.701486199575,2.178467751651,7.73957359677
    ));
#1701 = CARTESIAN_POINT('',(15.995668789809,2.084822491177,
    7.482285358178));
#1702 = ORIENTED_EDGE('',*,*,#1663,.F.);
#1703 = SURFACE_OF_LINEAR_EXTRUSION('',#1704,#1708);
#1704 = B_SPLINE_CURVE_WITH_KNOTS('',2,(#1705,#1706,#1707),
  .UNSPECIFIED.,.F.,.F.,(3,3),(0.,1.),.PIECEWISE_BEZIER_KNOTS.);
#1705 = CARTESIAN_POINT('',(15.169002123142,2.93022184828,7.465957482109
    ));
#1706 = CARTESIAN_POINT('',(15.701486199575,2.93022184828,7.465957482109
    ));
#1707 = CARTESIAN_POINT('',(15.995668789809,2.836576587806,
    7.208669243518));
#1708 = VECTOR('',#1709,1.);
#1709 = DIRECTION('',(-0.,0.939692620786,-0.342020143326));
#1710 = ADVANCED_FACE('',(#1711),#1729,.T.);
#1711 = FACE_BOUND('',#1712,.T.);
#1712 = EDGE_LOOP('',(#1713,#1714,#1722,#1728));
#1713 = ORIENTED_EDGE('',*,*,#392,.T.);
#1714 = ORIENTED_EDGE('',*,*,#1715,.T.);
#1715 = EDGE_CURVE('',#378,#1716,#1718,.T.);
#1716 = VERTEX_POINT('',#1717);
#1717 = CARTESIAN_POINT('',(14.339617834395,2.084822491177,
    7.482285358178));
#1718 = LINE('',#1719,#1720);
#1719 = CARTESIAN_POINT('',(14.339617834395,2.836576587806,
    7.208669243518));
#1720 = VECTOR('',#1721,1.);
#1721 = DIRECTION('',(0.,-0.939692620786,0.342020143326));
#1722 = ORIENTED_EDGE('',*,*,#1723,.T.);
#1723 = EDGE_CURVE('',#1716,#1690,#1724,.T.);
#1724 = B_SPLINE_CURVE_WITH_KNOTS('',2,(#1725,#1726,#1727),
  .UNSPECIFIED.,.F.,.F.,(3,3),(0.,1.),.PIECEWISE_BEZIER_KNOTS.);
#1725 = CARTESIAN_POINT('',(14.339617834395,2.084822491177,
    7.482285358178));
#1726 = CARTESIAN_POINT('',(14.631422505308,2.178467751651,7.73957359677
    ));
#1727 = CARTESIAN_POINT('',(15.169002123142,2.178467751651,7.73957359677
    ));
#1728 = ORIENTED_EDGE('',*,*,#1689,.F.);
#1729 = SURFACE_OF_LINEAR_EXTRUSION('',#1730,#1734);
#1730 = B_SPLINE_CURVE_WITH_KNOTS('',2,(#1731,#1732,#1733),
  .UNSPECIFIED.,.F.,.F.,(3,3),(0.,1.),.PIECEWISE_BEZIER_KNOTS.);
#1731 = CARTESIAN_POINT('',(14.339617834395,2.836576587806,
    7.208669243518));
#1732 = CARTESIAN_POINT('',(14.631422505308,2.93022184828,7.465957482109
    ));
#1733 = CARTESIAN_POINT('',(15.169002123142,2.93022184828,7.465957482109
    ));
#1734 = VECTOR('',#1735,1.);
#1735 = DIRECTION('',(-0.,0.939692620786,-0.342020143326));
#1736 = ADVANCED_FACE('',(#1737),#1755,.T.);
#1737 = FACE_BOUND('',#1738,.T.);
#1738 = EDGE_LOOP('',(#1739,#1740,#1748,#1754));
#1739 = ORIENTED_EDGE('',*,*,#377,.T.);
#1740 = ORIENTED_EDGE('',*,*,#1741,.T.);
#1741 = EDGE_CURVE('',#363,#1742,#1744,.T.);
#1742 = VERTEX_POINT('',#1743);
#1743 = CARTESIAN_POINT('',(14.047983014862,1.847746617731,
    6.830924749188));
#1744 = LINE('',#1745,#1746);
#1745 = CARTESIAN_POINT('',(14.047983014862,2.59950071436,6.557308634528
    ));
#1746 = VECTOR('',#1747,1.);
#1747 = DIRECTION('',(0.,-0.939692620786,0.342020143326));
#1748 = ORIENTED_EDGE('',*,*,#1749,.T.);
#1749 = EDGE_CURVE('',#1742,#1716,#1750,.T.);
#1750 = B_SPLINE_CURVE_WITH_KNOTS('',2,(#1751,#1752,#1753),
  .UNSPECIFIED.,.F.,.F.,(3,3),(0.,1.),.PIECEWISE_BEZIER_KNOTS.);
#1751 = CARTESIAN_POINT('',(14.047983014862,1.847746617731,
    6.830924749188));
#1752 = CARTESIAN_POINT('',(14.047983014862,1.991235323296,
    7.225156727675));
#1753 = CARTESIAN_POINT('',(14.339617834395,2.084822491177,
    7.482285358178));
#1754 = ORIENTED_EDGE('',*,*,#1715,.F.);
#1755 = SURFACE_OF_LINEAR_EXTRUSION('',#1756,#1760);
#1756 = B_SPLINE_CURVE_WITH_KNOTS('',2,(#1757,#1758,#1759),
  .UNSPECIFIED.,.F.,.F.,(3,3),(0.,1.),.PIECEWISE_BEZIER_KNOTS.);
#1757 = CARTESIAN_POINT('',(14.047983014862,2.59950071436,6.557308634528
    ));
#1758 = CARTESIAN_POINT('',(14.047983014862,2.742989419925,
    6.951540613015));
#1759 = CARTESIAN_POINT('',(14.339617834395,2.836576587806,
    7.208669243518));
#1760 = VECTOR('',#1761,1.);
#1761 = DIRECTION('',(-0.,0.939692620786,-0.342020143326));
#1762 = ADVANCED_FACE('',(#1763),#1774,.T.);
#1763 = FACE_BOUND('',#1764,.T.);
#1764 = EDGE_LOOP('',(#1765,#1766,#1767,#1773));
#1765 = ORIENTED_EDGE('',*,*,#362,.T.);
#1766 = ORIENTED_EDGE('',*,*,#1386,.T.);
#1767 = ORIENTED_EDGE('',*,*,#1768,.T.);
#1768 = EDGE_CURVE('',#1379,#1742,#1769,.T.);
#1769 = B_SPLINE_CURVE_WITH_KNOTS('',2,(#1770,#1771,#1772),
  .UNSPECIFIED.,.F.,.F.,(3,3),(0.,1.),.PIECEWISE_BEZIER_KNOTS.);
#1770 = CARTESIAN_POINT('',(14.174012738854,1.693278412024,
    6.406526841983));
#1771 = CARTESIAN_POINT('',(14.047983014862,1.763744727753,
    6.600131453281));
#1772 = CARTESIAN_POINT('',(14.047983014862,1.847746617731,
    6.830924749188));
#1773 = ORIENTED_EDGE('',*,*,#1741,.F.);
#1774 = SURFACE_OF_LINEAR_EXTRUSION('',#1775,#1779);
#1775 = B_SPLINE_CURVE_WITH_KNOTS('',2,(#1776,#1777,#1778),
  .UNSPECIFIED.,.F.,.F.,(3,3),(0.,1.),.PIECEWISE_BEZIER_KNOTS.);
#1776 = CARTESIAN_POINT('',(14.174012738854,2.445032508653,
    6.132910727323));
#1777 = CARTESIAN_POINT('',(14.047983014862,2.515498824382,6.32651533862
    ));
#1778 = CARTESIAN_POINT('',(14.047983014862,2.59950071436,6.557308634528
    ));
#1779 = VECTOR('',#1780,1.);
#1780 = DIRECTION('',(-0.,0.939692620786,-0.342020143326));
#1781 = ADVANCED_FACE('',(#1782),#1807,.T.);
#1782 = FACE_BOUND('',#1783,.T.);
#1783 = EDGE_LOOP('',(#1784,#1785,#1793,#1801));
#1784 = ORIENTED_EDGE('',*,*,#610,.T.);
#1785 = ORIENTED_EDGE('',*,*,#1786,.T.);
#1786 = EDGE_CURVE('',#613,#1787,#1789,.T.);
#1787 = VERTEX_POINT('',#1788);
#1788 = CARTESIAN_POINT('',(12.288832271762,0.869757808748,
    4.143922580028));
#1789 = LINE('',#1790,#1791);
#1790 = CARTESIAN_POINT('',(12.288832271762,1.621511905377,
    3.870306465368));
#1791 = VECTOR('',#1792,1.);
#1792 = DIRECTION('',(0.,-0.939692620786,0.342020143326));
#1793 = ORIENTED_EDGE('',*,*,#1794,.T.);
#1794 = EDGE_CURVE('',#1787,#1795,#1797,.T.);
#1795 = VERTEX_POINT('',#1796);
#1796 = CARTESIAN_POINT('',(13.213673036093,2.189621529574,
    7.770218349753));
#1797 = LINE('',#1798,#1799);
#1798 = CARTESIAN_POINT('',(12.288832271762,0.869757808748,
    4.143922580028));
#1799 = VECTOR('',#1800,1.);
#1800 = DIRECTION('',(0.233057266823,0.332601938861,0.913816316689));
#1801 = ORIENTED_EDGE('',*,*,#1802,.F.);
#1802 = EDGE_CURVE('',#611,#1795,#1803,.T.);
#1803 = LINE('',#1804,#1805);
#1804 = CARTESIAN_POINT('',(13.213673036093,2.941375626202,
    7.496602235093));
#1805 = VECTOR('',#1806,1.);
#1806 = DIRECTION('',(0.,-0.939692620786,0.342020143326));
#1807 = PLANE('',#1808);
#1808 = AXIS2_PLACEMENT_3D('',#1809,#1810,#1811);
#1809 = CARTESIAN_POINT('',(12.288832271762,1.621511905377,
    3.870306465368));
#1810 = DIRECTION('',(-0.972463012346,7.971027980197E-02,0.219002193854)
  );
#1811 = DIRECTION('',(0.233057266823,0.332601938861,0.913816316689));
#1812 = ADVANCED_FACE('',(#1813),#1831,.T.);
#1813 = FACE_BOUND('',#1814,.T.);
#1814 = EDGE_LOOP('',(#1815,#1816,#1824,#1830));
#1815 = ORIENTED_EDGE('',*,*,#636,.T.);
#1816 = ORIENTED_EDGE('',*,*,#1817,.T.);
#1817 = EDGE_CURVE('',#629,#1818,#1820,.T.);
#1818 = VERTEX_POINT('',#1819);
#1819 = CARTESIAN_POINT('',(12.816220806794,0.869757808748,
    4.143922580028));
#1820 = LINE('',#1821,#1822);
#1821 = CARTESIAN_POINT('',(12.816220806794,1.621511905377,
    3.870306465368));
#1822 = VECTOR('',#1823,1.);
#1823 = DIRECTION('',(0.,-0.939692620786,0.342020143326));
#1824 = ORIENTED_EDGE('',*,*,#1825,.T.);
#1825 = EDGE_CURVE('',#1818,#1787,#1826,.T.);
#1826 = LINE('',#1827,#1828);
#1827 = CARTESIAN_POINT('',(12.816220806794,0.869757808748,
    4.143922580028));
#1828 = VECTOR('',#1829,1.);
#1829 = DIRECTION('',(-1.,0.,0.));
#1830 = ORIENTED_EDGE('',*,*,#1786,.F.);
#1831 = PLANE('',#1832);
#1832 = AXIS2_PLACEMENT_3D('',#1833,#1834,#1835);
#1833 = CARTESIAN_POINT('',(12.816220806794,1.621511905377,
    3.870306465368));
#1834 = DIRECTION('',(0.,-0.342020143326,-0.939692620786));
#1835 = DIRECTION('',(-1.,0.,0.));
#1836 = ADVANCED_FACE('',(#1837),#1855,.T.);
#1837 = FACE_BOUND('',#1838,.T.);
#1838 = EDGE_LOOP('',(#1839,#1840,#1848,#1854));
#1839 = ORIENTED_EDGE('',*,*,#628,.T.);
#1840 = ORIENTED_EDGE('',*,*,#1841,.T.);
#1841 = EDGE_CURVE('',#621,#1842,#1844,.T.);
#1842 = VERTEX_POINT('',#1843);
#1843 = CARTESIAN_POINT('',(13.751252653928,2.189621529574,
    7.770218349753));
#1844 = LINE('',#1845,#1846);
#1845 = CARTESIAN_POINT('',(13.751252653928,2.941375626202,
    7.496602235093));
#1846 = VECTOR('',#1847,1.);
#1847 = DIRECTION('',(0.,-0.939692620786,0.342020143326));
#1848 = ORIENTED_EDGE('',*,*,#1849,.T.);
#1849 = EDGE_CURVE('',#1842,#1818,#1850,.T.);
#1850 = LINE('',#1851,#1852);
#1851 = CARTESIAN_POINT('',(13.751252653928,2.189621529574,
    7.770218349753));
#1852 = VECTOR('',#1853,1.);
#1853 = DIRECTION('',(-0.235483715343,-0.332401953666,-0.913266861879));
#1854 = ORIENTED_EDGE('',*,*,#1817,.F.);
#1855 = PLANE('',#1856);
#1856 = AXIS2_PLACEMENT_3D('',#1857,#1858,#1859);
#1857 = CARTESIAN_POINT('',(13.751252653928,2.941375626202,
    7.496602235093));
#1858 = DIRECTION('',(0.971878294751,-8.054017407264E-02,-0.221282309624
    ));
#1859 = DIRECTION('',(-0.235483715343,-0.332401953666,-0.913266861879));
#1860 = ADVANCED_FACE('',(#1861),#1872,.T.);
#1861 = FACE_BOUND('',#1862,.T.);
#1862 = EDGE_LOOP('',(#1863,#1864,#1865,#1871));
#1863 = ORIENTED_EDGE('',*,*,#620,.T.);
#1864 = ORIENTED_EDGE('',*,*,#1802,.T.);
#1865 = ORIENTED_EDGE('',*,*,#1866,.T.);
#1866 = EDGE_CURVE('',#1795,#1842,#1867,.T.);
#1867 = LINE('',#1868,#1869);
#1868 = CARTESIAN_POINT('',(13.213673036093,2.189621529574,
    7.770218349753));
#1869 = VECTOR('',#1870,1.);
#1870 = DIRECTION('',(1.,0.,0.));
#1871 = ORIENTED_EDGE('',*,*,#1841,.F.);
#1872 = PLANE('',#1873);
#1873 = AXIS2_PLACEMENT_3D('',#1874,#1875,#1876);
#1874 = CARTESIAN_POINT('',(13.213673036093,2.941375626202,
    7.496602235093));
#1875 = DIRECTION('',(0.,0.342020143326,0.939692620786));
#1876 = DIRECTION('',(1.,0.,0.));
#1877 = ADVANCED_FACE('',(#1878),#1903,.T.);
#1878 = FACE_BOUND('',#1879,.T.);
#1879 = EDGE_LOOP('',(#1880,#1881,#1889,#1897));
#1880 = ORIENTED_EDGE('',*,*,#644,.T.);
#1881 = ORIENTED_EDGE('',*,*,#1882,.T.);
#1882 = EDGE_CURVE('',#647,#1883,#1885,.T.);
#1883 = VERTEX_POINT('',#1884);
#1884 = CARTESIAN_POINT('',(9.590233545648,1.231500387515,5.137802146845
    ));
#1885 = LINE('',#1886,#1887);
#1886 = CARTESIAN_POINT('',(9.590233545648,1.983254484144,4.864186032184
    ));
#1887 = VECTOR('',#1888,1.);
#1888 = DIRECTION('',(0.,-0.939692620786,0.342020143326));
#1889 = ORIENTED_EDGE('',*,*,#1890,.T.);
#1890 = EDGE_CURVE('',#1883,#1891,#1893,.T.);
#1891 = VERTEX_POINT('',#1892);
#1892 = CARTESIAN_POINT('',(10.283227176221,1.260140036035,
    5.216488934454));
#1893 = LINE('',#1894,#1895);
#1894 = CARTESIAN_POINT('',(9.590233545648,1.231500387515,5.137802146845
    ));
#1895 = VECTOR('',#1896,1.);
#1896 = DIRECTION('',(0.992778634966,4.102899349847E-02,0.11272623318));
#1897 = ORIENTED_EDGE('',*,*,#1898,.F.);
#1898 = EDGE_CURVE('',#645,#1891,#1899,.T.);
#1899 = LINE('',#1900,#1901);
#1900 = CARTESIAN_POINT('',(10.283227176221,2.011894132663,
    4.942872819793));
#1901 = VECTOR('',#1902,1.);
#1902 = DIRECTION('',(0.,-0.939692620786,0.342020143326));
#1903 = PLANE('',#1904);
#1904 = AXIS2_PLACEMENT_3D('',#1905,#1906,#1907);
#1905 = CARTESIAN_POINT('',(9.590233545648,1.983254484144,4.864186032184
    ));
#1906 = DIRECTION('',(-0.119960751725,0.339550291022,0.932906757352));
#1907 = DIRECTION('',(0.992778634966,4.102899349847E-02,0.11272623318));
#1908 = ADVANCED_FACE('',(#1909),#1927,.T.);
#1909 = FACE_BOUND('',#1910,.T.);
#1910 = EDGE_LOOP('',(#1911,#1912,#1920,#1926));
#1911 = ORIENTED_EDGE('',*,*,#1016,.T.);
#1912 = ORIENTED_EDGE('',*,*,#1913,.T.);
#1913 = EDGE_CURVE('',#1000,#1914,#1916,.T.);
#1914 = VERTEX_POINT('',#1915);
#1915 = CARTESIAN_POINT('',(9.977494692144,0.96979325449,4.41876770835)
  );
#1916 = LINE('',#1917,#1918);
#1917 = CARTESIAN_POINT('',(9.977494692144,1.721547351119,4.145151593689
    ));
#1918 = VECTOR('',#1919,1.);
#1919 = DIRECTION('',(0.,-0.939692620786,0.342020143326));
#1920 = ORIENTED_EDGE('',*,*,#1921,.T.);
#1921 = EDGE_CURVE('',#1914,#1883,#1922,.T.);
#1922 = B_SPLINE_CURVE_WITH_KNOTS('',2,(#1923,#1924,#1925),
  .UNSPECIFIED.,.F.,.F.,(3,3),(0.,1.),.PIECEWISE_BEZIER_KNOTS.);
#1923 = CARTESIAN_POINT('',(9.977494692144,0.96979325449,4.41876770835)
  );
#1924 = CARTESIAN_POINT('',(9.643736730361,1.069828700233,4.693612836671
    ));
#1925 = CARTESIAN_POINT('',(9.590233545648,1.231500387515,5.137802146845
    ));
#1926 = ORIENTED_EDGE('',*,*,#1882,.F.);
#1927 = SURFACE_OF_LINEAR_EXTRUSION('',#1928,#1932);
#1928 = B_SPLINE_CURVE_WITH_KNOTS('',2,(#1929,#1930,#1931),
  .UNSPECIFIED.,.F.,.F.,(3,3),(0.,1.),.PIECEWISE_BEZIER_KNOTS.);
#1929 = CARTESIAN_POINT('',(9.977494692144,1.721547351119,4.145151593689
    ));
#1930 = CARTESIAN_POINT('',(9.643736730361,1.821582796861,4.419996722011
    ));
#1931 = CARTESIAN_POINT('',(9.590233545648,1.983254484144,4.864186032184
    ));
#1932 = VECTOR('',#1933,1.);
#1933 = DIRECTION('',(-0.,0.939692620786,-0.342020143326));
#1934 = ADVANCED_FACE('',(#1935),#1953,.T.);
#1935 = FACE_BOUND('',#1936,.T.);
#1936 = EDGE_LOOP('',(#1937,#1938,#1946,#1952));
#1937 = ORIENTED_EDGE('',*,*,#999,.T.);
#1938 = ORIENTED_EDGE('',*,*,#1939,.T.);
#1939 = EDGE_CURVE('',#983,#1940,#1942,.T.);
#1940 = VERTEX_POINT('',#1941);
#1941 = CARTESIAN_POINT('',(10.818259023355,0.869757808748,
    4.143922580028));
#1942 = LINE('',#1943,#1944);
#1943 = CARTESIAN_POINT('',(10.818259023355,1.621511905377,
    3.870306465368));
#1944 = VECTOR('',#1945,1.);
#1945 = DIRECTION('',(0.,-0.939692620786,0.342020143326));
#1946 = ORIENTED_EDGE('',*,*,#1947,.T.);
#1947 = EDGE_CURVE('',#1940,#1914,#1948,.T.);
#1948 = B_SPLINE_CURVE_WITH_KNOTS('',2,(#1949,#1950,#1951),
  .UNSPECIFIED.,.F.,.F.,(3,3),(0.,1.),.PIECEWISE_BEZIER_KNOTS.);
#1949 = CARTESIAN_POINT('',(10.818259023355,0.869757808748,
    4.143922580028));
#1950 = CARTESIAN_POINT('',(10.311252653928,0.869757808748,
    4.143922580028));
#1951 = CARTESIAN_POINT('',(9.977494692144,0.96979325449,4.41876770835)
  );
#1952 = ORIENTED_EDGE('',*,*,#1913,.F.);
#1953 = SURFACE_OF_LINEAR_EXTRUSION('',#1954,#1958);
#1954 = B_SPLINE_CURVE_WITH_KNOTS('',2,(#1955,#1956,#1957),
  .UNSPECIFIED.,.F.,.F.,(3,3),(0.,1.),.PIECEWISE_BEZIER_KNOTS.);
#1955 = CARTESIAN_POINT('',(10.818259023355,1.621511905377,
    3.870306465368));
#1956 = CARTESIAN_POINT('',(10.311252653928,1.621511905377,
    3.870306465368));
#1957 = CARTESIAN_POINT('',(9.977494692144,1.721547351119,4.145151593689
    ));
#1958 = VECTOR('',#1959,1.);
#1959 = DIRECTION('',(-0.,0.939692620786,-0.342020143326));
#1960 = ADVANCED_FACE('',(#1961),#1979,.T.);
#1961 = FACE_BOUND('',#1962,.T.);
#1962 = EDGE_LOOP('',(#1963,#1964,#1972,#1978));
#1963 = ORIENTED_EDGE('',*,*,#982,.T.);
#1964 = ORIENTED_EDGE('',*,*,#1965,.T.);
#1965 = EDGE_CURVE('',#968,#1966,#1968,.T.);
#1966 = VERTEX_POINT('',#1967);
#1967 = CARTESIAN_POINT('',(11.712526539278,0.988847625108,
    4.471119161363));
#1968 = LINE('',#1969,#1970);
#1969 = CARTESIAN_POINT('',(11.712526539278,1.740601721737,
    4.197503046703));
#1970 = VECTOR('',#1971,1.);
#1971 = DIRECTION('',(0.,-0.939692620786,0.342020143326));
#1972 = ORIENTED_EDGE('',*,*,#1973,.T.);
#1973 = EDGE_CURVE('',#1966,#1940,#1974,.T.);
#1974 = B_SPLINE_CURVE_WITH_KNOTS('',2,(#1975,#1976,#1977),
  .UNSPECIFIED.,.F.,.F.,(3,3),(0.,1.),.PIECEWISE_BEZIER_KNOTS.);
#1975 = CARTESIAN_POINT('',(11.712526539278,0.988847625108,
    4.471119161363));
#1976 = CARTESIAN_POINT('',(11.353290870488,0.869757808748,
    4.143922580028));
#1977 = CARTESIAN_POINT('',(10.818259023355,0.869757808748,
    4.143922580028));
#1978 = ORIENTED_EDGE('',*,*,#1939,.F.);
#1979 = SURFACE_OF_LINEAR_EXTRUSION('',#1980,#1984);
#1980 = B_SPLINE_CURVE_WITH_KNOTS('',2,(#1981,#1982,#1983),
  .UNSPECIFIED.,.F.,.F.,(3,3),(0.,1.),.PIECEWISE_BEZIER_KNOTS.);
#1981 = CARTESIAN_POINT('',(11.712526539278,1.740601721737,
    4.197503046703));
#1982 = CARTESIAN_POINT('',(11.353290870488,1.621511905377,
    3.870306465368));
#1983 = CARTESIAN_POINT('',(10.818259023355,1.621511905377,
    3.870306465368));
#1984 = VECTOR('',#1985,1.);
#1985 = DIRECTION('',(-0.,0.939692620786,-0.342020143326));
#1986 = ADVANCED_FACE('',(#1987),#2005,.T.);
#1987 = FACE_BOUND('',#1988,.T.);
#1988 = EDGE_LOOP('',(#1989,#1990,#1998,#2004));
#1989 = ORIENTED_EDGE('',*,*,#967,.T.);
#1990 = ORIENTED_EDGE('',*,*,#1991,.T.);
#1991 = EDGE_CURVE('',#953,#1992,#1994,.T.);
#1992 = VERTEX_POINT('',#1993);
#1993 = CARTESIAN_POINT('',(12.071762208068,1.276928795512,
    5.262615672018));
#1994 = LINE('',#1995,#1996);
#1995 = CARTESIAN_POINT('',(12.071762208068,2.02868289214,4.988999557357
    ));
#1996 = VECTOR('',#1997,1.);
#1997 = DIRECTION('',(0.,-0.939692620786,0.342020143326));
#1998 = ORIENTED_EDGE('',*,*,#1999,.T.);
#1999 = EDGE_CURVE('',#1992,#1966,#2000,.T.);
#2000 = B_SPLINE_CURVE_WITH_KNOTS('',2,(#2001,#2002,#2003),
  .UNSPECIFIED.,.F.,.F.,(3,3),(0.,1.),.PIECEWISE_BEZIER_KNOTS.);
#2001 = CARTESIAN_POINT('',(12.071762208068,1.276928795512,
    5.262615672018));
#2002 = CARTESIAN_POINT('',(12.071762208068,1.107937441468,
    4.798315742699));
#2003 = CARTESIAN_POINT('',(11.712526539278,0.988847625108,
    4.471119161363));
#2004 = ORIENTED_EDGE('',*,*,#1965,.F.);
#2005 = SURFACE_OF_LINEAR_EXTRUSION('',#2006,#2010);
#2006 = B_SPLINE_CURVE_WITH_KNOTS('',2,(#2007,#2008,#2009),
  .UNSPECIFIED.,.F.,.F.,(3,3),(0.,1.),.PIECEWISE_BEZIER_KNOTS.);
#2007 = CARTESIAN_POINT('',(12.071762208068,2.02868289214,4.988999557357
    ));
#2008 = CARTESIAN_POINT('',(12.071762208068,1.859691538096,
    4.524699628038));
#2009 = CARTESIAN_POINT('',(11.712526539278,1.740601721737,
    4.197503046703));
#2010 = VECTOR('',#2011,1.);
#2011 = DIRECTION('',(-0.,0.939692620786,-0.342020143326));
#2012 = ADVANCED_FACE('',(#2013),#2031,.T.);
#2013 = FACE_BOUND('',#2014,.T.);
#2014 = EDGE_LOOP('',(#2015,#2016,#2024,#2030));
#2015 = ORIENTED_EDGE('',*,*,#952,.T.);
#2016 = ORIENTED_EDGE('',*,*,#2017,.T.);
#2017 = EDGE_CURVE('',#938,#2018,#2020,.T.);
#2018 = VERTEX_POINT('',#2019);
#2019 = CARTESIAN_POINT('',(11.87932059448,1.475663557349,5.808634942626
    ));
#2020 = LINE('',#2021,#2022);
#2021 = CARTESIAN_POINT('',(11.87932059448,2.227417653978,5.535018827966
    ));
#2022 = VECTOR('',#2023,1.);
#2023 = DIRECTION('',(0.,-0.939692620786,0.342020143326));
#2024 = ORIENTED_EDGE('',*,*,#2025,.T.);
#2025 = EDGE_CURVE('',#2018,#1992,#2026,.T.);
#2026 = B_SPLINE_CURVE_WITH_KNOTS('',2,(#2027,#2028,#2029),
  .UNSPECIFIED.,.F.,.F.,(3,3),(0.,1.),.PIECEWISE_BEZIER_KNOTS.);
#2027 = CARTESIAN_POINT('',(11.87932059448,1.475663557349,5.808634942626
    ));
#2028 = CARTESIAN_POINT('',(12.071762208068,1.393346352578,
    5.582470281284));
#2029 = CARTESIAN_POINT('',(12.071762208068,1.276928795512,
    5.262615672018));
#2030 = ORIENTED_EDGE('',*,*,#1991,.F.);
#2031 = SURFACE_OF_LINEAR_EXTRUSION('',#2032,#2036);
#2032 = B_SPLINE_CURVE_WITH_KNOTS('',2,(#2033,#2034,#2035),
  .UNSPECIFIED.,.F.,.F.,(3,3),(0.,1.),.PIECEWISE_BEZIER_KNOTS.);
#2033 = CARTESIAN_POINT('',(11.87932059448,2.227417653978,5.535018827966
    ));
#2034 = CARTESIAN_POINT('',(12.071762208068,2.145100449206,
    5.308854166623));
#2035 = CARTESIAN_POINT('',(12.071762208068,2.02868289214,4.988999557357
    ));
#2036 = VECTOR('',#2037,1.);
#2037 = DIRECTION('',(-0.,0.939692620786,-0.342020143326));
#2038 = ADVANCED_FACE('',(#2039),#2057,.T.);
#2039 = FACE_BOUND('',#2040,.T.);
#2040 = EDGE_LOOP('',(#2041,#2042,#2050,#2056));
#2041 = ORIENTED_EDGE('',*,*,#937,.T.);
#2042 = ORIENTED_EDGE('',*,*,#2043,.T.);
#2043 = EDGE_CURVE('',#916,#2044,#2046,.T.);
#2044 = VERTEX_POINT('',#2045);
#2045 = CARTESIAN_POINT('',(11.366029723992,1.581624447612,
    6.099760095971));
#2046 = LINE('',#2047,#2048);
#2047 = CARTESIAN_POINT('',(11.366029723992,2.333378544241,5.82614398131
    ));
#2048 = VECTOR('',#2049,1.);
#2049 = DIRECTION('',(0.,-0.939692620786,0.342020143326));
#2050 = ORIENTED_EDGE('',*,*,#2051,.T.);
#2051 = EDGE_CURVE('',#2044,#2018,#2052,.T.);
#2052 = B_SPLINE_CURVE_WITH_KNOTS('',2,(#2053,#2054,#2055),
  .UNSPECIFIED.,.F.,.F.,(3,3),(0.,1.),.PIECEWISE_BEZIER_KNOTS.);
#2053 = CARTESIAN_POINT('',(11.366029723992,1.581624447612,
    6.099760095971));
#2054 = CARTESIAN_POINT('',(11.687048832272,1.557980762121,
    6.034799603969));
#2055 = CARTESIAN_POINT('',(11.87932059448,1.475663557349,5.808634942626
    ));
#2056 = ORIENTED_EDGE('',*,*,#2017,.F.);
#2057 = SURFACE_OF_LINEAR_EXTRUSION('',#2058,#2062);
#2058 = B_SPLINE_CURVE_WITH_KNOTS('',2,(#2059,#2060,#2061),
  .UNSPECIFIED.,.F.,.F.,(3,3),(0.,1.),.PIECEWISE_BEZIER_KNOTS.);
#2059 = CARTESIAN_POINT('',(11.366029723992,2.333378544241,5.82614398131
    ));
#2060 = CARTESIAN_POINT('',(11.687048832272,2.309734858749,
    5.761183489308));
#2061 = CARTESIAN_POINT('',(11.87932059448,2.227417653978,5.535018827966
    ));
#2062 = VECTOR('',#2063,1.);
#2063 = DIRECTION('',(-0.,0.939692620786,-0.342020143326));
#2064 = ADVANCED_FACE('',(#2065),#2083,.T.);
#2065 = FACE_BOUND('',#2066,.T.);
#2066 = EDGE_LOOP('',(#2067,#2068,#2076,#2082));
#2067 = ORIENTED_EDGE('',*,*,#915,.T.);
#2068 = ORIENTED_EDGE('',*,*,#2069,.T.);
#2069 = EDGE_CURVE('',#901,#2070,#2072,.T.);
#2070 = VERTEX_POINT('',#2071);
#2071 = CARTESIAN_POINT('',(11.903609341826,1.850360784432,
    6.838107113169));
#2072 = LINE('',#2073,#2074);
#2073 = CARTESIAN_POINT('',(11.903609341826,2.602114881061,
    6.564490998508));
#2074 = VECTOR('',#2075,1.);
#2075 = DIRECTION('',(0.,-0.939692620786,0.342020143326));
#2076 = ORIENTED_EDGE('',*,*,#2077,.T.);
#2077 = EDGE_CURVE('',#2070,#2044,#2078,.T.);
#2078 = B_SPLINE_CURVE_WITH_KNOTS('',2,(#2079,#2080,#2081),
  .UNSPECIFIED.,.F.,.F.,(3,3),(0.,1.),.PIECEWISE_BEZIER_KNOTS.);
#2079 = CARTESIAN_POINT('',(11.903609341826,1.850360784432,
    6.838107113169));
#2080 = CARTESIAN_POINT('',(11.903609341826,1.681950356321,
    6.375403264734));
#2081 = CARTESIAN_POINT('',(11.366029723992,1.581624447612,
    6.099760095971));
#2082 = ORIENTED_EDGE('',*,*,#2043,.F.);
#2083 = SURFACE_OF_LINEAR_EXTRUSION('',#2084,#2088);
#2084 = B_SPLINE_CURVE_WITH_KNOTS('',2,(#2085,#2086,#2087),
  .UNSPECIFIED.,.F.,.F.,(3,3),(0.,1.),.PIECEWISE_BEZIER_KNOTS.);
#2085 = CARTESIAN_POINT('',(11.903609341826,2.602114881061,
    6.564490998508));
#2086 = CARTESIAN_POINT('',(11.903609341826,2.43370445295,6.101787150074
    ));
#2087 = CARTESIAN_POINT('',(11.366029723992,2.333378544241,5.82614398131
    ));
#2088 = VECTOR('',#2089,1.);
#2089 = DIRECTION('',(-0.,0.939692620786,-0.342020143326));
#2090 = ADVANCED_FACE('',(#2091),#2109,.T.);
#2091 = FACE_BOUND('',#2092,.T.);
#2092 = EDGE_LOOP('',(#2093,#2094,#2102,#2108));
#2093 = ORIENTED_EDGE('',*,*,#900,.T.);
#2094 = ORIENTED_EDGE('',*,*,#2095,.T.);
#2095 = EDGE_CURVE('',#884,#2096,#2098,.T.);
#2096 = VERTEX_POINT('',#2097);
#2097 = CARTESIAN_POINT('',(11.64118895966,2.063270139046,7.423070757361
    ));
#2098 = LINE('',#2099,#2100);
#2099 = CARTESIAN_POINT('',(11.64118895966,2.815024235674,7.1494546427)
  );
#2100 = VECTOR('',#2101,1.);
#2101 = DIRECTION('',(0.,-0.939692620786,0.342020143326));
#2102 = ORIENTED_EDGE('',*,*,#2103,.T.);
#2103 = EDGE_CURVE('',#2096,#2070,#2104,.T.);
#2104 = B_SPLINE_CURVE_WITH_KNOTS('',2,(#2105,#2106,#2107),
  .UNSPECIFIED.,.F.,.F.,(3,3),(0.,1.),.PIECEWISE_BEZIER_KNOTS.);
#2105 = CARTESIAN_POINT('',(11.64118895966,2.063270139046,7.423070757361
    ));
#2106 = CARTESIAN_POINT('',(11.903609341826,1.969043952638,
    7.164186437885));
#2107 = CARTESIAN_POINT('',(11.903609341826,1.850360784432,
    6.838107113169));
#2108 = ORIENTED_EDGE('',*,*,#2069,.F.);
#2109 = SURFACE_OF_LINEAR_EXTRUSION('',#2110,#2114);
#2110 = B_SPLINE_CURVE_WITH_KNOTS('',2,(#2111,#2112,#2113),
  .UNSPECIFIED.,.F.,.F.,(3,3),(0.,1.),.PIECEWISE_BEZIER_KNOTS.);
#2111 = CARTESIAN_POINT('',(11.64118895966,2.815024235674,7.1494546427)
  );
#2112 = CARTESIAN_POINT('',(11.903609341826,2.720798049267,
    6.890570323224));
#2113 = CARTESIAN_POINT('',(11.903609341826,2.602114881061,
    6.564490998508));
#2114 = VECTOR('',#2115,1.);
#2115 = DIRECTION('',(-0.,0.939692620786,-0.342020143326));
#2116 = ADVANCED_FACE('',(#2117),#2135,.T.);
#2117 = FACE_BOUND('',#2118,.T.);
#2118 = EDGE_LOOP('',(#2119,#2120,#2128,#2134));
#2119 = ORIENTED_EDGE('',*,*,#883,.T.);
#2120 = ORIENTED_EDGE('',*,*,#2121,.T.);
#2121 = EDGE_CURVE('',#873,#2122,#2124,.T.);
#2122 = VERTEX_POINT('',#2123);
#2123 = CARTESIAN_POINT('',(10.795329087049,2.178467751651,7.73957359677
    ));
#2124 = LINE('',#2125,#2126);
#2125 = CARTESIAN_POINT('',(10.795329087049,2.93022184828,7.465957482109
    ));
#2126 = VECTOR('',#2127,1.);
#2127 = DIRECTION('',(0.,-0.939692620786,0.342020143326));
#2128 = ORIENTED_EDGE('',*,*,#2129,.T.);
#2129 = EDGE_CURVE('',#2122,#2096,#2130,.T.);
#2130 = B_SPLINE_CURVE_WITH_KNOTS('',2,(#2131,#2132,#2133),
  .UNSPECIFIED.,.F.,.F.,(3,3),(0.,1.),.PIECEWISE_BEZIER_KNOTS.);
#2131 = CARTESIAN_POINT('',(10.795329087049,2.178467751651,7.73957359677
    ));
#2132 = CARTESIAN_POINT('',(11.322717622081,2.178467751651,7.73957359677
    ));
#2133 = CARTESIAN_POINT('',(11.64118895966,2.063270139046,7.423070757361
    ));
#2134 = ORIENTED_EDGE('',*,*,#2095,.F.);
#2135 = SURFACE_OF_LINEAR_EXTRUSION('',#2136,#2140);
#2136 = B_SPLINE_CURVE_WITH_KNOTS('',2,(#2137,#2138,#2139),
  .UNSPECIFIED.,.F.,.F.,(3,3),(0.,1.),.PIECEWISE_BEZIER_KNOTS.);
#2137 = CARTESIAN_POINT('',(10.795329087049,2.93022184828,7.465957482109
    ));
#2138 = CARTESIAN_POINT('',(11.322717622081,2.93022184828,7.465957482109
    ));
#2139 = CARTESIAN_POINT('',(11.64118895966,2.815024235674,7.1494546427)
  );
#2140 = VECTOR('',#2141,1.);
#2141 = DIRECTION('',(-0.,0.939692620786,-0.342020143326));
#2142 = ADVANCED_FACE('',(#2143),#2161,.T.);
#2143 = FACE_BOUND('',#2144,.T.);
#2144 = EDGE_LOOP('',(#2145,#2146,#2154,#2160));
#2145 = ORIENTED_EDGE('',*,*,#872,.T.);
#2146 = ORIENTED_EDGE('',*,*,#2147,.T.);
#2147 = EDGE_CURVE('',#858,#2148,#2150,.T.);
#2148 = VERTEX_POINT('',#2149);
#2149 = CARTESIAN_POINT('',(10.23855626327,2.138383862242,7.629444015735
    ));
#2150 = LINE('',#2151,#2152);
#2151 = CARTESIAN_POINT('',(10.23855626327,2.890137958871,7.355827901074
    ));
#2152 = VECTOR('',#2153,1.);
#2153 = DIRECTION('',(0.,-0.939692620786,0.342020143326));
#2154 = ORIENTED_EDGE('',*,*,#2155,.T.);
#2155 = EDGE_CURVE('',#2148,#2122,#2156,.T.);
#2156 = B_SPLINE_CURVE_WITH_KNOTS('',2,(#2157,#2158,#2159),
  .UNSPECIFIED.,.F.,.F.,(3,3),(0.,1.),.PIECEWISE_BEZIER_KNOTS.);
#2157 = CARTESIAN_POINT('',(10.23855626327,2.138383862242,7.629444015735
    ));
#2158 = CARTESIAN_POINT('',(10.487048832272,2.178467751651,7.73957359677
    ));
#2159 = CARTESIAN_POINT('',(10.795329087049,2.178467751651,7.73957359677
    ));
#2160 = ORIENTED_EDGE('',*,*,#2121,.F.);
#2161 = SURFACE_OF_LINEAR_EXTRUSION('',#2162,#2166);
#2162 = B_SPLINE_CURVE_WITH_KNOTS('',2,(#2163,#2164,#2165),
  .UNSPECIFIED.,.F.,.F.,(3,3),(0.,1.),.PIECEWISE_BEZIER_KNOTS.);
#2163 = CARTESIAN_POINT('',(10.23855626327,2.890137958871,7.355827901074
    ));
#2164 = CARTESIAN_POINT('',(10.487048832272,2.93022184828,7.465957482109
    ));
#2165 = CARTESIAN_POINT('',(10.795329087049,2.93022184828,7.465957482109
    ));
#2166 = VECTOR('',#2167,1.);
#2167 = DIRECTION('',(-0.,0.939692620786,-0.342020143326));
#2168 = ADVANCED_FACE('',(#2169),#2187,.T.);
#2169 = FACE_BOUND('',#2170,.T.);
#2170 = EDGE_LOOP('',(#2171,#2172,#2180,#2186));
#2171 = ORIENTED_EDGE('',*,*,#857,.T.);
#2172 = ORIENTED_EDGE('',*,*,#2173,.T.);
#2173 = EDGE_CURVE('',#846,#2174,#2176,.T.);
#2174 = VERTEX_POINT('',#2175);
#2175 = CARTESIAN_POINT('',(9.851295116773,2.028356490445,7.327146296199
    ));
#2176 = LINE('',#2177,#2178);
#2177 = CARTESIAN_POINT('',(9.851295116773,2.780110587073,7.053530181538
    ));
#2178 = VECTOR('',#2179,1.);
#2179 = DIRECTION('',(0.,-0.939692620786,0.342020143326));
#2180 = ORIENTED_EDGE('',*,*,#2181,.T.);
#2181 = EDGE_CURVE('',#2174,#2148,#2182,.T.);
#2182 = B_SPLINE_CURVE_WITH_KNOTS('',2,(#2183,#2184,#2185),
  .UNSPECIFIED.,.F.,.F.,(3,3),(0.,1.),.PIECEWISE_BEZIER_KNOTS.);
#2183 = CARTESIAN_POINT('',(9.851295116773,2.028356490445,7.327146296199
    ));
#2184 = CARTESIAN_POINT('',(9.990233545648,2.098358065427,7.519474042789
    ));
#2185 = CARTESIAN_POINT('',(10.23855626327,2.138383862242,7.629444015735
    ));
#2186 = ORIENTED_EDGE('',*,*,#2147,.F.);
#2187 = SURFACE_OF_LINEAR_EXTRUSION('',#2188,#2192);
#2188 = B_SPLINE_CURVE_WITH_KNOTS('',2,(#2189,#2190,#2191),
  .UNSPECIFIED.,.F.,.F.,(3,3),(0.,1.),.PIECEWISE_BEZIER_KNOTS.);
#2189 = CARTESIAN_POINT('',(9.851295116773,2.780110587073,7.053530181538
    ));
#2190 = CARTESIAN_POINT('',(9.990233545648,2.850112162056,7.245857928128
    ));
#2191 = CARTESIAN_POINT('',(10.23855626327,2.890137958871,7.355827901074
    ));
#2192 = VECTOR('',#2193,1.);
#2193 = DIRECTION('',(-0.,0.939692620786,-0.342020143326));
#2194 = ADVANCED_FACE('',(#2195),#2213,.T.);
#2195 = FACE_BOUND('',#2196,.T.);
#2196 = EDGE_LOOP('',(#2197,#2198,#2206,#2212));
#2197 = ORIENTED_EDGE('',*,*,#845,.T.);
#2198 = ORIENTED_EDGE('',*,*,#2199,.T.);
#2199 = EDGE_CURVE('',#838,#2200,#2202,.T.);
#2200 = VERTEX_POINT('',#2201);
#2201 = CARTESIAN_POINT('',(9.643736730361,1.841356432463,6.813367859458
    ));
#2202 = LINE('',#2203,#2204);
#2203 = CARTESIAN_POINT('',(9.643736730361,2.593110529092,6.539751744798
    ));
#2204 = VECTOR('',#2205,1.);
#2205 = DIRECTION('',(0.,-0.939692620786,0.342020143326));
#2206 = ORIENTED_EDGE('',*,*,#2207,.T.);
#2207 = EDGE_CURVE('',#2200,#2174,#2208,.T.);
#2208 = B_SPLINE_CURVE_WITH_KNOTS('',2,(#2209,#2210,#2211),
  .UNSPECIFIED.,.F.,.F.,(3,3),(0.,1.),.PIECEWISE_BEZIER_KNOTS.);
#2209 = CARTESIAN_POINT('',(9.643736730361,1.841356432463,6.813367859458
    ));
#2210 = CARTESIAN_POINT('',(9.712526539278,1.958413008056,7.134978157698
    ));
#2211 = CARTESIAN_POINT('',(9.851295116773,2.028356490445,7.327146296199
    ));
#2212 = ORIENTED_EDGE('',*,*,#2173,.F.);
#2213 = SURFACE_OF_LINEAR_EXTRUSION('',#2214,#2218);
#2214 = B_SPLINE_CURVE_WITH_KNOTS('',2,(#2215,#2216,#2217),
  .UNSPECIFIED.,.F.,.F.,(3,3),(0.,1.),.PIECEWISE_BEZIER_KNOTS.);
#2215 = CARTESIAN_POINT('',(9.643736730361,2.593110529092,6.539751744798
    ));
#2216 = CARTESIAN_POINT('',(9.712526539278,2.710167104685,6.861362043037
    ));
#2217 = CARTESIAN_POINT('',(9.851295116773,2.780110587073,7.053530181538
    ));
#2218 = VECTOR('',#2219,1.);
#2219 = DIRECTION('',(-0.,0.939692620786,-0.342020143326));
#2220 = ADVANCED_FACE('',(#2221),#2239,.T.);
#2221 = FACE_BOUND('',#2222,.T.);
#2222 = EDGE_LOOP('',(#2223,#2224,#2232,#2238));
#2223 = ORIENTED_EDGE('',*,*,#837,.T.);
#2224 = ORIENTED_EDGE('',*,*,#2225,.T.);
#2225 = EDGE_CURVE('',#827,#2226,#2228,.T.);
#2226 = VERTEX_POINT('',#2227);
#2227 = CARTESIAN_POINT('',(10.303609341826,1.802957228261,
    6.707866912989));
#2228 = LINE('',#2229,#2230);
#2229 = CARTESIAN_POINT('',(10.303609341826,2.55471132489,6.434250798328
    ));
#2230 = VECTOR('',#2231,1.);
#2231 = DIRECTION('',(0.,-0.939692620786,0.342020143326));
#2232 = ORIENTED_EDGE('',*,*,#2233,.T.);
#2233 = EDGE_CURVE('',#2226,#2200,#2234,.T.);
#2234 = LINE('',#2235,#2236);
#2235 = CARTESIAN_POINT('',(10.303609341826,1.802957228261,
    6.707866912989));
#2236 = VECTOR('',#2237,1.);
#2237 = DIRECTION('',(-0.985832777796,5.736742741817E-02,0.157615711444)
  );
#2238 = ORIENTED_EDGE('',*,*,#2199,.F.);
#2239 = PLANE('',#2240);
#2240 = AXIS2_PLACEMENT_3D('',#2241,#2242,#2243);
#2241 = CARTESIAN_POINT('',(10.303609341826,2.55471132489,6.434250798328
    ));
#2242 = DIRECTION('',(-0.167731136711,-0.337174667957,-0.926379786624));
#2243 = DIRECTION('',(-0.985832777796,5.736742741817E-02,0.157615711444)
  );
#2244 = ADVANCED_FACE('',(#2245),#2263,.T.);
#2245 = FACE_BOUND('',#2246,.T.);
#2246 = EDGE_LOOP('',(#2247,#2248,#2256,#2262));
#2247 = ORIENTED_EDGE('',*,*,#826,.T.);
#2248 = ORIENTED_EDGE('',*,*,#2249,.T.);
#2249 = EDGE_CURVE('',#814,#2250,#2252,.T.);
#2250 = VERTEX_POINT('',#2251);
#2251 = CARTESIAN_POINT('',(10.461571125265,1.93035428547,7.057887450973
    ));
#2252 = LINE('',#2253,#2254);
#2253 = CARTESIAN_POINT('',(10.461571125265,2.682108382098,
    6.784271336313));
#2254 = VECTOR('',#2255,1.);
#2255 = DIRECTION('',(0.,-0.939692620786,0.342020143326));
#2256 = ORIENTED_EDGE('',*,*,#2257,.T.);
#2257 = EDGE_CURVE('',#2250,#2226,#2258,.T.);
#2258 = B_SPLINE_CURVE_WITH_KNOTS('',2,(#2259,#2260,#2261),
  .UNSPECIFIED.,.F.,.F.,(3,3),(0.,1.),.PIECEWISE_BEZIER_KNOTS.);
#2259 = CARTESIAN_POINT('',(10.461571125265,1.93035428547,7.057887450973
    ));
#2260 = CARTESIAN_POINT('',(10.331634819533,1.886726747867,
    6.938021776543));
#2261 = CARTESIAN_POINT('',(10.303609341826,1.802957228261,
    6.707866912989));
#2262 = ORIENTED_EDGE('',*,*,#2225,.F.);
#2263 = SURFACE_OF_LINEAR_EXTRUSION('',#2264,#2268);
#2264 = B_SPLINE_CURVE_WITH_KNOTS('',2,(#2265,#2266,#2267),
  .UNSPECIFIED.,.F.,.F.,(3,3),(0.,1.),.PIECEWISE_BEZIER_KNOTS.);
#2265 = CARTESIAN_POINT('',(10.461571125265,2.682108382098,
    6.784271336313));
#2266 = CARTESIAN_POINT('',(10.331634819533,2.638480844495,
    6.664405661882));
#2267 = CARTESIAN_POINT('',(10.303609341826,2.55471132489,6.434250798328
    ));
#2268 = VECTOR('',#2269,1.);
#2269 = DIRECTION('',(-0.,0.939692620786,-0.342020143326));
#2270 = ADVANCED_FACE('',(#2271),#2289,.T.);
#2271 = FACE_BOUND('',#2272,.T.);
#2272 = EDGE_LOOP('',(#2273,#2274,#2282,#2288));
#2273 = ORIENTED_EDGE('',*,*,#813,.T.);
#2274 = ORIENTED_EDGE('',*,*,#2275,.T.);
#2275 = EDGE_CURVE('',#799,#2276,#2278,.T.);
#2276 = VERTEX_POINT('',#2277);
#2277 = CARTESIAN_POINT('',(10.774946921444,1.973981823073,
    7.177753125404));
#2278 = LINE('',#2279,#2280);
#2279 = CARTESIAN_POINT('',(10.774946921444,2.725735919701,
    6.904137010743));
#2280 = VECTOR('',#2281,1.);
#2281 = DIRECTION('',(0.,-0.939692620786,0.342020143326));
#2282 = ORIENTED_EDGE('',*,*,#2283,.T.);
#2283 = EDGE_CURVE('',#2276,#2250,#2284,.T.);
#2284 = B_SPLINE_CURVE_WITH_KNOTS('',2,(#2285,#2286,#2287),
  .UNSPECIFIED.,.F.,.F.,(3,3),(0.,1.),.PIECEWISE_BEZIER_KNOTS.);
#2285 = CARTESIAN_POINT('',(10.774946921444,1.973981823073,
    7.177753125404));
#2286 = CARTESIAN_POINT('',(10.591507430998,1.973981823073,
    7.177753125404));
#2287 = CARTESIAN_POINT('',(10.461571125265,1.93035428547,7.057887450973
    ));
#2288 = ORIENTED_EDGE('',*,*,#2249,.F.);
#2289 = SURFACE_OF_LINEAR_EXTRUSION('',#2290,#2294);
#2290 = B_SPLINE_CURVE_WITH_KNOTS('',2,(#2291,#2292,#2293),
  .UNSPECIFIED.,.F.,.F.,(3,3),(0.,1.),.PIECEWISE_BEZIER_KNOTS.);
#2291 = CARTESIAN_POINT('',(10.774946921444,2.725735919701,
    6.904137010743));
#2292 = CARTESIAN_POINT('',(10.591507430998,2.725735919701,
    6.904137010743));
#2293 = CARTESIAN_POINT('',(10.461571125265,2.682108382098,
    6.784271336313));
#2294 = VECTOR('',#2295,1.);
#2295 = DIRECTION('',(-0.,0.939692620786,-0.342020143326));
#2296 = ADVANCED_FACE('',(#2297),#2315,.T.);
#2297 = FACE_BOUND('',#2298,.T.);
#2298 = EDGE_LOOP('',(#2299,#2300,#2308,#2314));
#2299 = ORIENTED_EDGE('',*,*,#798,.T.);
#2300 = ORIENTED_EDGE('',*,*,#2301,.T.);
#2301 = EDGE_CURVE('',#784,#2302,#2304,.T.);
#2302 = VERTEX_POINT('',#2303);
#2303 = CARTESIAN_POINT('',(11.073036093418,1.935756896651,7.0727310032)
  );
#2304 = LINE('',#2305,#2306);
#2305 = CARTESIAN_POINT('',(11.073036093418,2.68751099328,6.799114888539
    ));
#2306 = VECTOR('',#2307,1.);
#2307 = DIRECTION('',(0.,-0.939692620786,0.342020143326));
#2308 = ORIENTED_EDGE('',*,*,#2309,.T.);
#2309 = EDGE_CURVE('',#2302,#2276,#2310,.T.);
#2310 = B_SPLINE_CURVE_WITH_KNOTS('',2,(#2311,#2312,#2313),
  .UNSPECIFIED.,.F.,.F.,(3,3),(0.,1.),.PIECEWISE_BEZIER_KNOTS.);
#2311 = CARTESIAN_POINT('',(11.073036093418,1.935756896651,7.0727310032)
  );
#2312 = CARTESIAN_POINT('',(10.96093418259,1.973981823073,7.177753125404
    ));
#2313 = CARTESIAN_POINT('',(10.774946921444,1.973981823073,
    7.177753125404));
#2314 = ORIENTED_EDGE('',*,*,#2275,.F.);
#2315 = SURFACE_OF_LINEAR_EXTRUSION('',#2316,#2320);
#2316 = B_SPLINE_CURVE_WITH_KNOTS('',2,(#2317,#2318,#2319),
  .UNSPECIFIED.,.F.,.F.,(3,3),(0.,1.),.PIECEWISE_BEZIER_KNOTS.);
#2317 = CARTESIAN_POINT('',(11.073036093418,2.68751099328,6.799114888539
    ));
#2318 = CARTESIAN_POINT('',(10.96093418259,2.725735919701,6.904137010743
    ));
#2319 = CARTESIAN_POINT('',(10.774946921444,2.725735919701,
    6.904137010743));
#2320 = VECTOR('',#2321,1.);
#2321 = DIRECTION('',(-0.,0.939692620786,-0.342020143326));
#2322 = ADVANCED_FACE('',(#2323),#2341,.T.);
#2323 = FACE_BOUND('',#2324,.T.);
#2324 = EDGE_LOOP('',(#2325,#2326,#2334,#2340));
#2325 = ORIENTED_EDGE('',*,*,#783,.T.);
#2326 = ORIENTED_EDGE('',*,*,#2327,.T.);
#2327 = EDGE_CURVE('',#769,#2328,#2330,.T.);
#2328 = VERTEX_POINT('',#2329);
#2329 = CARTESIAN_POINT('',(11.185138004246,1.833281561988,
    6.791182335163));
#2330 = LINE('',#2331,#2332);
#2331 = CARTESIAN_POINT('',(11.185138004246,2.585035658617,
    6.517566220502));
#2332 = VECTOR('',#2333,1.);
#2333 = DIRECTION('',(0.,-0.939692620786,0.342020143326));
#2334 = ORIENTED_EDGE('',*,*,#2335,.T.);
#2335 = EDGE_CURVE('',#2328,#2302,#2336,.T.);
#2336 = B_SPLINE_CURVE_WITH_KNOTS('',2,(#2337,#2338,#2339),
  .UNSPECIFIED.,.F.,.F.,(3,3),(0.,1.),.PIECEWISE_BEZIER_KNOTS.);
#2337 = CARTESIAN_POINT('',(11.185138004246,1.833281561988,
    6.791182335163));
#2338 = CARTESIAN_POINT('',(11.185138004246,1.897531970229,
    6.967708880995));
#2339 = CARTESIAN_POINT('',(11.073036093418,1.935756896651,7.0727310032)
  );
#2340 = ORIENTED_EDGE('',*,*,#2301,.F.);
#2341 = SURFACE_OF_LINEAR_EXTRUSION('',#2342,#2346);
#2342 = B_SPLINE_CURVE_WITH_KNOTS('',2,(#2343,#2344,#2345),
  .UNSPECIFIED.,.F.,.F.,(3,3),(0.,1.),.PIECEWISE_BEZIER_KNOTS.);
#2343 = CARTESIAN_POINT('',(11.185138004246,2.585035658617,
    6.517566220502));
#2344 = CARTESIAN_POINT('',(11.185138004246,2.649286066858,
    6.694092766335));
#2345 = CARTESIAN_POINT('',(11.073036093418,2.68751099328,6.799114888539
    ));
#2346 = VECTOR('',#2347,1.);
#2347 = DIRECTION('',(-0.,0.939692620786,-0.342020143326));
#2348 = ADVANCED_FACE('',(#2349),#2367,.T.);
#2349 = FACE_BOUND('',#2350,.T.);
#2350 = EDGE_LOOP('',(#2351,#2352,#2360,#2366));
#2351 = ORIENTED_EDGE('',*,*,#768,.T.);
#2352 = ORIENTED_EDGE('',*,*,#2353,.T.);
#2353 = EDGE_CURVE('',#757,#2354,#2356,.T.);
#2354 = VERTEX_POINT('',#2355);
#2355 = CARTESIAN_POINT('',(11.032271762208,1.712100412268,
    6.458239862643));
#2356 = LINE('',#2357,#2358);
#2357 = CARTESIAN_POINT('',(11.032271762208,2.463854508897,
    6.184623747983));
#2358 = VECTOR('',#2359,1.);
#2359 = DIRECTION('',(0.,-0.939692620786,0.342020143326));
#2360 = ORIENTED_EDGE('',*,*,#2361,.T.);
#2361 = EDGE_CURVE('',#2354,#2328,#2362,.T.);
#2362 = B_SPLINE_CURVE_WITH_KNOTS('',2,(#2363,#2364,#2365),
  .UNSPECIFIED.,.F.,.F.,(3,3),(0.,1.),.PIECEWISE_BEZIER_KNOTS.);
#2363 = CARTESIAN_POINT('',(11.032271762208,1.712100412268,
    6.458239862643));
#2364 = CARTESIAN_POINT('',(11.185138004246,1.757703098045,
    6.583532212081));
#2365 = CARTESIAN_POINT('',(11.185138004246,1.833281561988,
    6.791182335163));
#2366 = ORIENTED_EDGE('',*,*,#2327,.F.);
#2367 = SURFACE_OF_LINEAR_EXTRUSION('',#2368,#2372);
#2368 = B_SPLINE_CURVE_WITH_KNOTS('',2,(#2369,#2370,#2371),
  .UNSPECIFIED.,.F.,.F.,(3,3),(0.,1.),.PIECEWISE_BEZIER_KNOTS.);
#2369 = CARTESIAN_POINT('',(11.032271762208,2.463854508897,
    6.184623747983));
#2370 = CARTESIAN_POINT('',(11.185138004246,2.509457194674,
    6.309916097421));
#2371 = CARTESIAN_POINT('',(11.185138004246,2.585035658617,
    6.517566220502));
#2372 = VECTOR('',#2373,1.);
#2373 = DIRECTION('',(-0.,0.939692620786,-0.342020143326));
#2374 = ADVANCED_FACE('',(#2375),#2393,.T.);
#2375 = FACE_BOUND('',#2376,.T.);
#2376 = EDGE_LOOP('',(#2377,#2378,#2386,#2392));
#2377 = ORIENTED_EDGE('',*,*,#756,.T.);
#2378 = ORIENTED_EDGE('',*,*,#2379,.T.);
#2379 = EDGE_CURVE('',#749,#2380,#2382,.T.);
#2380 = VERTEX_POINT('',#2381);
#2381 = CARTESIAN_POINT('',(10.588959660297,1.669111893192,
    6.340129877186));
#2382 = LINE('',#2383,#2384);
#2383 = CARTESIAN_POINT('',(10.588959660297,2.420865989821,
    6.066513762525));
#2384 = VECTOR('',#2385,1.);
#2385 = DIRECTION('',(0.,-0.939692620786,0.342020143326));
#2386 = ORIENTED_EDGE('',*,*,#2387,.T.);
#2387 = EDGE_CURVE('',#2380,#2354,#2388,.T.);
#2388 = B_SPLINE_CURVE_WITH_KNOTS('',2,(#2389,#2390,#2391),
  .UNSPECIFIED.,.F.,.F.,(3,3),(0.,1.),.PIECEWISE_BEZIER_KNOTS.);
#2389 = CARTESIAN_POINT('',(10.588959660297,1.669111893192,
    6.340129877186));
#2390 = CARTESIAN_POINT('',(10.87940552017,1.666497726491,6.332947513205
    ));
#2391 = CARTESIAN_POINT('',(11.032271762208,1.712100412268,
    6.458239862643));
#2392 = ORIENTED_EDGE('',*,*,#2353,.F.);
#2393 = SURFACE_OF_LINEAR_EXTRUSION('',#2394,#2398);
#2394 = B_SPLINE_CURVE_WITH_KNOTS('',2,(#2395,#2396,#2397),
  .UNSPECIFIED.,.F.,.F.,(3,3),(0.,1.),.PIECEWISE_BEZIER_KNOTS.);
#2395 = CARTESIAN_POINT('',(10.588959660297,2.420865989821,
    6.066513762525));
#2396 = CARTESIAN_POINT('',(10.87940552017,2.41825182312,6.059331398545)
  );
#2397 = CARTESIAN_POINT('',(11.032271762208,2.463854508897,
    6.184623747983));
#2398 = VECTOR('',#2399,1.);
#2399 = DIRECTION('',(-0.,0.939692620786,-0.342020143326));
#2400 = ADVANCED_FACE('',(#2401),#2419,.T.);
#2401 = FACE_BOUND('',#2402,.T.);
#2402 = EDGE_LOOP('',(#2403,#2404,#2412,#2418));
#2403 = ORIENTED_EDGE('',*,*,#748,.T.);
#2404 = ORIENTED_EDGE('',*,*,#2405,.T.);
#2405 = EDGE_CURVE('',#738,#2406,#2408,.T.);
#2406 = VERTEX_POINT('',#2407);
#2407 = CARTESIAN_POINT('',(10.509978768577,1.472352279528,
    5.799537281584));
#2408 = LINE('',#2409,#2410);
#2409 = CARTESIAN_POINT('',(10.509978768577,2.224106376157,
    5.525921166924));
#2410 = VECTOR('',#2411,1.);
#2411 = DIRECTION('',(0.,-0.939692620786,0.342020143326));
#2412 = ORIENTED_EDGE('',*,*,#2413,.T.);
#2413 = EDGE_CURVE('',#2406,#2380,#2414,.T.);
#2414 = LINE('',#2415,#2416);
#2415 = CARTESIAN_POINT('',(10.509978768577,1.472352279528,
    5.799537281584));
#2416 = VECTOR('',#2417,1.);
#2417 = DIRECTION('',(0.136013796445,0.338841730685,0.930960003826));
#2418 = ORIENTED_EDGE('',*,*,#2379,.F.);
#2419 = PLANE('',#2420);
#2420 = AXIS2_PLACEMENT_3D('',#2421,#2422,#2423);
#2421 = CARTESIAN_POINT('',(10.509978768577,2.224106376157,
    5.525921166924));
#2422 = DIRECTION('',(-0.990706943135,4.651945815426E-02,0.127811160844)
  );
#2423 = DIRECTION('',(0.136013796445,0.338841730685,0.930960003826));
#2424 = ADVANCED_FACE('',(#2425),#2443,.T.);
#2425 = FACE_BOUND('',#2426,.T.);
#2426 = EDGE_LOOP('',(#2427,#2428,#2436,#2442));
#2427 = ORIENTED_EDGE('',*,*,#737,.T.);
#2428 = ORIENTED_EDGE('',*,*,#2429,.T.);
#2429 = EDGE_CURVE('',#726,#2430,#2432,.T.);
#2430 = VERTEX_POINT('',#2431);
#2431 = CARTESIAN_POINT('',(10.83864118896,1.490651446432,5.849813829448
    ));
#2432 = LINE('',#2433,#2434);
#2433 = CARTESIAN_POINT('',(10.83864118896,2.242405543061,5.576197714788
    ));
#2434 = VECTOR('',#2435,1.);
#2435 = DIRECTION('',(0.,-0.939692620786,0.342020143326));
#2436 = ORIENTED_EDGE('',*,*,#2437,.T.);
#2437 = EDGE_CURVE('',#2430,#2406,#2438,.T.);
#2438 = B_SPLINE_CURVE_WITH_KNOTS('',2,(#2439,#2440,#2441),
  .UNSPECIFIED.,.F.,.F.,(3,3),(0.,1.),.PIECEWISE_BEZIER_KNOTS.);
#2439 = CARTESIAN_POINT('',(10.83864118896,1.490651446432,5.849813829448
    ));
#2440 = CARTESIAN_POINT('',(10.701061571125,1.490651446432,
    5.849813829448));
#2441 = CARTESIAN_POINT('',(10.509978768577,1.472352279528,
    5.799537281584));
#2442 = ORIENTED_EDGE('',*,*,#2405,.F.);
#2443 = SURFACE_OF_LINEAR_EXTRUSION('',#2444,#2448);
#2444 = B_SPLINE_CURVE_WITH_KNOTS('',2,(#2445,#2446,#2447),
  .UNSPECIFIED.,.F.,.F.,(3,3),(0.,1.),.PIECEWISE_BEZIER_KNOTS.);
#2445 = CARTESIAN_POINT('',(10.83864118896,2.242405543061,5.576197714788
    ));
#2446 = CARTESIAN_POINT('',(10.701061571125,2.242405543061,
    5.576197714788));
#2447 = CARTESIAN_POINT('',(10.509978768577,2.224106376157,
    5.525921166924));
#2448 = VECTOR('',#2449,1.);
#2449 = DIRECTION('',(-0.,0.939692620786,-0.342020143326));
#2450 = ADVANCED_FACE('',(#2451),#2469,.T.);
#2451 = FACE_BOUND('',#2452,.T.);
#2452 = EDGE_LOOP('',(#2453,#2454,#2462,#2468));
#2453 = ORIENTED_EDGE('',*,*,#725,.T.);
#2454 = ORIENTED_EDGE('',*,*,#2455,.T.);
#2455 = EDGE_CURVE('',#711,#2456,#2458,.T.);
#2456 = VERTEX_POINT('',#2457);
#2457 = CARTESIAN_POINT('',(11.192781316348,1.436160593874,
    5.700101442476));
#2458 = LINE('',#2459,#2460);
#2459 = CARTESIAN_POINT('',(11.192781316348,2.187914690502,
    5.426485327816));
#2460 = VECTOR('',#2461,1.);
#2461 = DIRECTION('',(0.,-0.939692620786,0.342020143326));
#2462 = ORIENTED_EDGE('',*,*,#2463,.T.);
#2463 = EDGE_CURVE('',#2456,#2430,#2464,.T.);
#2464 = B_SPLINE_CURVE_WITH_KNOTS('',2,(#2465,#2466,#2467),
  .UNSPECIFIED.,.F.,.F.,(3,3),(0.,1.),.PIECEWISE_BEZIER_KNOTS.);
#2465 = CARTESIAN_POINT('',(11.192781316348,1.436160593874,
    5.700101442476));
#2466 = CARTESIAN_POINT('',(11.047558386412,1.490651446432,
    5.849813829448));
#2467 = CARTESIAN_POINT('',(10.83864118896,1.490651446432,5.849813829448
    ));
#2468 = ORIENTED_EDGE('',*,*,#2429,.F.);
#2469 = SURFACE_OF_LINEAR_EXTRUSION('',#2470,#2474);
#2470 = B_SPLINE_CURVE_WITH_KNOTS('',2,(#2471,#2472,#2473),
  .UNSPECIFIED.,.F.,.F.,(3,3),(0.,1.),.PIECEWISE_BEZIER_KNOTS.);
#2471 = CARTESIAN_POINT('',(11.192781316348,2.187914690502,
    5.426485327816));
#2472 = CARTESIAN_POINT('',(11.047558386412,2.242405543061,
    5.576197714788));
#2473 = CARTESIAN_POINT('',(10.83864118896,2.242405543061,5.576197714788
    ));
#2474 = VECTOR('',#2475,1.);
#2475 = DIRECTION('',(-0.,0.939692620786,-0.342020143326));
#2476 = ADVANCED_FACE('',(#2477),#2495,.T.);
#2477 = FACE_BOUND('',#2478,.T.);
#2478 = EDGE_LOOP('',(#2479,#2480,#2488,#2494));
#2479 = ORIENTED_EDGE('',*,*,#710,.T.);
#2480 = ORIENTED_EDGE('',*,*,#2481,.T.);
#2481 = EDGE_CURVE('',#696,#2482,#2484,.T.);
#2482 = VERTEX_POINT('',#2483);
#2483 = CARTESIAN_POINT('',(11.338004246285,1.288605406774,
    5.294696897797));
#2484 = LINE('',#2485,#2486);
#2485 = CARTESIAN_POINT('',(11.338004246285,2.040359503403,
    5.021080783137));
#2486 = VECTOR('',#2487,1.);
#2487 = DIRECTION('',(0.,-0.939692620786,0.342020143326));
#2488 = ORIENTED_EDGE('',*,*,#2489,.T.);
#2489 = EDGE_CURVE('',#2482,#2456,#2490,.T.);
#2490 = B_SPLINE_CURVE_WITH_KNOTS('',2,(#2491,#2492,#2493),
  .UNSPECIFIED.,.F.,.F.,(3,3),(0.,1.),.PIECEWISE_BEZIER_KNOTS.);
#2491 = CARTESIAN_POINT('',(11.338004246285,1.288605406774,
    5.294696897797));
#2492 = CARTESIAN_POINT('',(11.338004246285,1.381727833908,
    5.550548663593));
#2493 = CARTESIAN_POINT('',(11.192781316348,1.436160593874,
    5.700101442476));
#2494 = ORIENTED_EDGE('',*,*,#2455,.F.);
#2495 = SURFACE_OF_LINEAR_EXTRUSION('',#2496,#2500);
#2496 = B_SPLINE_CURVE_WITH_KNOTS('',2,(#2497,#2498,#2499),
  .UNSPECIFIED.,.F.,.F.,(3,3),(0.,1.),.PIECEWISE_BEZIER_KNOTS.);
#2497 = CARTESIAN_POINT('',(11.338004246285,2.040359503403,
    5.021080783137));
#2498 = CARTESIAN_POINT('',(11.338004246285,2.133481930537,
    5.276932548932));
#2499 = CARTESIAN_POINT('',(11.192781316348,2.187914690502,
    5.426485327816));
#2500 = VECTOR('',#2501,1.);
#2501 = DIRECTION('',(-0.,0.939692620786,-0.342020143326));
#2502 = ADVANCED_FACE('',(#2503),#2521,.T.);
#2503 = FACE_BOUND('',#2504,.T.);
#2504 = EDGE_LOOP('',(#2505,#2506,#2514,#2520));
#2505 = ORIENTED_EDGE('',*,*,#695,.T.);
#2506 = ORIENTED_EDGE('',*,*,#2507,.T.);
#2507 = EDGE_CURVE('',#681,#2508,#2510,.T.);
#2508 = VERTEX_POINT('',#2509);
#2509 = CARTESIAN_POINT('',(11.186326963907,1.132220145486,
    4.865031923673));
#2510 = LINE('',#2511,#2512);
#2511 = CARTESIAN_POINT('',(11.186326963907,1.883974242115,
    4.591415809013));
#2512 = VECTOR('',#2513,1.);
#2513 = DIRECTION('',(0.,-0.939692620786,0.342020143326));
#2514 = ORIENTED_EDGE('',*,*,#2515,.T.);
#2515 = EDGE_CURVE('',#2508,#2482,#2516,.T.);
#2516 = B_SPLINE_CURVE_WITH_KNOTS('',2,(#2517,#2518,#2519),
  .UNSPECIFIED.,.F.,.F.,(3,3),(0.,1.),.PIECEWISE_BEZIER_KNOTS.);
#2517 = CARTESIAN_POINT('',(11.186326963907,1.132220145486,
    4.865031923673));
#2518 = CARTESIAN_POINT('',(11.338004246285,1.190196553646,
    5.024320795953));
#2519 = CARTESIAN_POINT('',(11.338004246285,1.288605406774,
    5.294696897797));
#2520 = ORIENTED_EDGE('',*,*,#2481,.F.);
#2521 = SURFACE_OF_LINEAR_EXTRUSION('',#2522,#2526);
#2522 = B_SPLINE_CURVE_WITH_KNOTS('',2,(#2523,#2524,#2525),
  .UNSPECIFIED.,.F.,.F.,(3,3),(0.,1.),.PIECEWISE_BEZIER_KNOTS.);
#2523 = CARTESIAN_POINT('',(11.186326963907,1.883974242115,
    4.591415809013));
#2524 = CARTESIAN_POINT('',(11.338004246285,1.941950650275,
    4.750704681292));
#2525 = CARTESIAN_POINT('',(11.338004246285,2.040359503403,
    5.021080783137));
#2526 = VECTOR('',#2527,1.);
#2527 = DIRECTION('',(-0.,0.939692620786,-0.342020143326));
#2528 = ADVANCED_FACE('',(#2529),#2547,.T.);
#2529 = FACE_BOUND('',#2530,.T.);
#2530 = EDGE_LOOP('',(#2531,#2532,#2540,#2546));
#2531 = ORIENTED_EDGE('',*,*,#680,.T.);
#2532 = ORIENTED_EDGE('',*,*,#2533,.T.);
#2533 = EDGE_CURVE('',#666,#2534,#2536,.T.);
#2534 = VERTEX_POINT('',#2535);
#2535 = CARTESIAN_POINT('',(10.813163481953,1.074243737327,
    4.705743051394));
#2536 = LINE('',#2537,#2538);
#2537 = CARTESIAN_POINT('',(10.813163481953,1.825997833956,
    4.432126936734));
#2538 = VECTOR('',#2539,1.);
#2539 = DIRECTION('',(0.,-0.939692620786,0.342020143326));
#2540 = ORIENTED_EDGE('',*,*,#2541,.T.);
#2541 = EDGE_CURVE('',#2534,#2508,#2542,.T.);
#2542 = B_SPLINE_CURVE_WITH_KNOTS('',2,(#2543,#2544,#2545),
  .UNSPECIFIED.,.F.,.F.,(3,3),(0.,1.),.PIECEWISE_BEZIER_KNOTS.);
#2543 = CARTESIAN_POINT('',(10.813163481953,1.074243737327,
    4.705743051394));
#2544 = CARTESIAN_POINT('',(11.034819532909,1.074243737327,
    4.705743051394));
#2545 = CARTESIAN_POINT('',(11.186326963907,1.132220145486,
    4.865031923673));
#2546 = ORIENTED_EDGE('',*,*,#2507,.F.);
#2547 = SURFACE_OF_LINEAR_EXTRUSION('',#2548,#2552);
#2548 = B_SPLINE_CURVE_WITH_KNOTS('',2,(#2549,#2550,#2551),
  .UNSPECIFIED.,.F.,.F.,(3,3),(0.,1.),.PIECEWISE_BEZIER_KNOTS.);
#2549 = CARTESIAN_POINT('',(10.813163481953,1.825997833956,
    4.432126936734));
#2550 = CARTESIAN_POINT('',(11.034819532909,1.825997833956,
    4.432126936734));
#2551 = CARTESIAN_POINT('',(11.186326963907,1.883974242115,
    4.591415809013));
#2552 = VECTOR('',#2553,1.);
#2553 = DIRECTION('',(-0.,0.939692620786,-0.342020143326));
#2554 = ADVANCED_FACE('',(#2555),#2573,.T.);
#2555 = FACE_BOUND('',#2556,.T.);
#2556 = EDGE_LOOP('',(#2557,#2558,#2566,#2572));
#2557 = ORIENTED_EDGE('',*,*,#665,.T.);
#2558 = ORIENTED_EDGE('',*,*,#2559,.T.);
#2559 = EDGE_CURVE('',#655,#2560,#2562,.T.);
#2560 = VERTEX_POINT('',#2561);
#2561 = CARTESIAN_POINT('',(10.461571125265,1.121995849057,
    4.836940900105));
#2562 = LINE('',#2563,#2564);
#2563 = CARTESIAN_POINT('',(10.461571125265,1.873749945686,
    4.563324785445));
#2564 = VECTOR('',#2565,1.);
#2565 = DIRECTION('',(0.,-0.939692620786,0.342020143326));
#2566 = ORIENTED_EDGE('',*,*,#2567,.T.);
#2567 = EDGE_CURVE('',#2560,#2534,#2568,.T.);
#2568 = B_SPLINE_CURVE_WITH_KNOTS('',2,(#2569,#2570,#2571),
  .UNSPECIFIED.,.F.,.F.,(3,3),(0.,1.),.PIECEWISE_BEZIER_KNOTS.);
#2569 = CARTESIAN_POINT('',(10.461571125265,1.121995849057,
    4.836940900105));
#2570 = CARTESIAN_POINT('',(10.606794055202,1.074243737327,
    4.705743051394));
#2571 = CARTESIAN_POINT('',(10.813163481953,1.074243737327,
    4.705743051394));
#2572 = ORIENTED_EDGE('',*,*,#2533,.F.);
#2573 = SURFACE_OF_LINEAR_EXTRUSION('',#2574,#2578);
#2574 = B_SPLINE_CURVE_WITH_KNOTS('',2,(#2575,#2576,#2577),
  .UNSPECIFIED.,.F.,.F.,(3,3),(0.,1.),.PIECEWISE_BEZIER_KNOTS.);
#2575 = CARTESIAN_POINT('',(10.461571125265,1.873749945686,
    4.563324785445));
#2576 = CARTESIAN_POINT('',(10.606794055202,1.825997833956,
    4.432126936734));
#2577 = CARTESIAN_POINT('',(10.813163481953,1.825997833956,
    4.432126936734));
#2578 = VECTOR('',#2579,1.);
#2579 = DIRECTION('',(-0.,0.939692620786,-0.342020143326));
#2580 = ADVANCED_FACE('',(#2581),#2592,.T.);
#2581 = FACE_BOUND('',#2582,.T.);
#2582 = EDGE_LOOP('',(#2583,#2584,#2585,#2591));
#2583 = ORIENTED_EDGE('',*,*,#654,.T.);
#2584 = ORIENTED_EDGE('',*,*,#1898,.T.);
#2585 = ORIENTED_EDGE('',*,*,#2586,.T.);
#2586 = EDGE_CURVE('',#1891,#2560,#2587,.T.);
#2587 = B_SPLINE_CURVE_WITH_KNOTS('',2,(#2588,#2589,#2590),
  .UNSPECIFIED.,.F.,.F.,(3,3),(0.,1.),.PIECEWISE_BEZIER_KNOTS.);
#2588 = CARTESIAN_POINT('',(10.283227176221,1.260140036035,
    5.216488934454));
#2589 = CARTESIAN_POINT('',(10.316348195329,1.169806053381,
    4.968298356905));
#2590 = CARTESIAN_POINT('',(10.461571125265,1.121995849057,
    4.836940900105));
#2591 = ORIENTED_EDGE('',*,*,#2559,.F.);
#2592 = SURFACE_OF_LINEAR_EXTRUSION('',#2593,#2597);
#2593 = B_SPLINE_CURVE_WITH_KNOTS('',2,(#2594,#2595,#2596),
  .UNSPECIFIED.,.F.,.F.,(3,3),(0.,1.),.PIECEWISE_BEZIER_KNOTS.);
#2594 = CARTESIAN_POINT('',(10.283227176221,2.011894132663,
    4.942872819793));
#2595 = CARTESIAN_POINT('',(10.316348195329,1.92156015001,4.694682242244
    ));
#2596 = CARTESIAN_POINT('',(10.461571125265,1.873749945686,
    4.563324785445));
#2597 = VECTOR('',#2598,1.);
#2598 = DIRECTION('',(-0.,0.939692620786,-0.342020143326));
#2599 = ADVANCED_FACE('',(#2600),#2625,.F.);
#2600 = FACE_BOUND('',#2601,.F.);
#2601 = EDGE_LOOP('',(#2602,#2610,#2618,#2624));
#2602 = ORIENTED_EDGE('',*,*,#2603,.F.);
#2603 = EDGE_CURVE('',#2604,#284,#2606,.T.);
#2604 = VERTEX_POINT('',#2605);
#2605 = CARTESIAN_POINT('',(30.,12.6,0.));
#2606 = LINE('',#2607,#2608);
#2607 = CARTESIAN_POINT('',(30.,12.6,0.));
#2608 = VECTOR('',#2609,1.);
#2609 = DIRECTION('',(-0.971520338783,-0.236956180191,0.));
#2610 = ORIENTED_EDGE('',*,*,#2611,.T.);
#2611 = EDGE_CURVE('',#2604,#2612,#2614,.T.);
#2612 = VERTEX_POINT('',#2613);
#2613 = CARTESIAN_POINT('',(30.,12.6,10.));
#2614 = LINE('',#2615,#2616);
#2615 = CARTESIAN_POINT('',(30.,12.6,0.));
#2616 = VECTOR('',#2617,1.);
#2617 = DIRECTION('',(0.,0.,1.));
#2618 = ORIENTED_EDGE('',*,*,#2619,.T.);
#2619 = EDGE_CURVE('',#2612,#95,#2620,.T.);
#2620 = LINE('',#2621,#2622);
#2621 = CARTESIAN_POINT('',(30.,12.6,10.));
#2622 = VECTOR('',#2623,1.);
#2623 = DIRECTION('',(-0.971520338783,-0.236956180191,0.));
#2624 = ORIENTED_EDGE('',*,*,#1106,.T.);
#2625 = PLANE('',#2626);
#2626 = AXIS2_PLACEMENT_3D('',#2627,#2628,#2629);
#2627 = CARTESIAN_POINT('',(30.,12.6,0.));
#2628 = DIRECTION('',(0.236956180191,-0.971520338783,0.));
#2629 = DIRECTION('',(-0.971520338783,-0.236956180191,0.));
#2630 = ADVANCED_FACE('',(#2631),#2649,.T.);
#2631 = FACE_BOUND('',#2632,.T.);
#2632 = EDGE_LOOP('',(#2633,#2634,#2642,#2648));
#2633 = ORIENTED_EDGE('',*,*,#1123,.F.);
#2634 = ORIENTED_EDGE('',*,*,#2635,.T.);
#2635 = EDGE_CURVE('',#71,#2636,#2638,.T.);
#2636 = VERTEX_POINT('',#2637);
#2637 = CARTESIAN_POINT('',(30.,6.6,10.));
#2638 = LINE('',#2639,#2640);
#2639 = CARTESIAN_POINT('',(25.9,7.6,10.));
#2640 = VECTOR('',#2641,1.);
#2641 = DIRECTION('',(0.971520338783,-0.236956180191,0.));
#2642 = ORIENTED_EDGE('',*,*,#2643,.T.);
#2643 = EDGE_CURVE('',#2636,#2612,#2644,.T.);
#2644 = LINE('',#2645,#2646);
#2645 = CARTESIAN_POINT('',(30.,6.6,10.));
#2646 = VECTOR('',#2647,1.);
#2647 = DIRECTION('',(0.,1.,0.));
#2648 = ORIENTED_EDGE('',*,*,#2619,.T.);
#2649 = PLANE('',#2650);
#2650 = AXIS2_PLACEMENT_3D('',#2651,#2652,#2653);
#2651 = CARTESIAN_POINT('',(28.172338161771,9.6,10.));
#2652 = DIRECTION('',(0.,0.,1.));
#2653 = DIRECTION('',(1.,0.,0.));
#2654 = ADVANCED_FACE('',(#2655),#2673,.F.);
#2655 = FACE_BOUND('',#2656,.F.);
#2656 = EDGE_LOOP('',(#2657,#2665,#2666,#2667));
#2657 = ORIENTED_EDGE('',*,*,#2658,.F.);
#2658 = EDGE_CURVE('',#260,#2659,#2661,.T.);
#2659 = VERTEX_POINT('',#2660);
#2660 = CARTESIAN_POINT('',(30.,6.6,0.));
#2661 = LINE('',#2662,#2663);
#2662 = CARTESIAN_POINT('',(25.9,7.6,0.));
#2663 = VECTOR('',#2664,1.);
#2664 = DIRECTION('',(0.971520338783,-0.236956180191,0.));
#2665 = ORIENTED_EDGE('',*,*,#1142,.T.);
#2666 = ORIENTED_EDGE('',*,*,#2635,.T.);
#2667 = ORIENTED_EDGE('',*,*,#2668,.F.);
#2668 = EDGE_CURVE('',#2659,#2636,#2669,.T.);
#2669 = LINE('',#2670,#2671);
#2670 = CARTESIAN_POINT('',(30.,6.6,0.));
#2671 = VECTOR('',#2672,1.);
#2672 = DIRECTION('',(0.,0.,1.));
#2673 = PLANE('',#2674);
#2674 = AXIS2_PLACEMENT_3D('',#2675,#2676,#2677);
#2675 = CARTESIAN_POINT('',(25.9,7.6,0.));
#2676 = DIRECTION('',(0.236956180191,0.971520338783,0.));
#2677 = DIRECTION('',(0.971520338783,-0.236956180191,0.));
#2678 = ADVANCED_FACE('',(#2679),#2705,.T.);
#2679 = FACE_BOUND('',#2680,.T.);
#2680 = EDGE_LOOP('',(#2681,#2689,#2690,#2698));
#2681 = ORIENTED_EDGE('',*,*,#2682,.F.);
#2682 = EDGE_CURVE('',#1157,#2683,#2685,.T.);
#2683 = VERTEX_POINT('',#2684);
#2684 = CARTESIAN_POINT('',(9.685,23.255,21.));
#2685 = LINE('',#2686,#2687);
#2686 = CARTESIAN_POINT('',(9.685,23.505,20.75));
#2687 = VECTOR('',#2688,1.);
#2688 = DIRECTION('',(-2.90882763039E-35,-0.707106781187,0.707106781187)
  );
#2689 = ORIENTED_EDGE('',*,*,#1173,.T.);
#2690 = ORIENTED_EDGE('',*,*,#2691,.T.);
#2691 = EDGE_CURVE('',#1166,#2692,#2694,.T.);
#2692 = VERTEX_POINT('',#2693);
#2693 = CARTESIAN_POINT('',(9.585,23.155,21.));
#2694 = LINE('',#2695,#2696);
#2695 = CARTESIAN_POINT('',(9.085,23.155,20.5));
#2696 = VECTOR('',#2697,1.);
#2697 = DIRECTION('',(0.707106781187,-4.329780281177E-17,0.707106781187)
  );
#2698 = ORIENTED_EDGE('',*,*,#2699,.F.);
#2699 = EDGE_CURVE('',#2683,#2692,#2700,.T.);
#2700 = CIRCLE('',#2701,1.E-01);
#2701 = AXIS2_PLACEMENT_3D('',#2702,#2703,#2704);
#2702 = CARTESIAN_POINT('',(9.685,23.155,21.));
#2703 = DIRECTION('',(0.,-0.,1.));
#2704 = DIRECTION('',(0.,1.,0.));
#2705 = CONICAL_SURFACE('',#2706,0.6,0.785398163397);
#2706 = AXIS2_PLACEMENT_3D('',#2707,#2708,#2709);
#2707 = CARTESIAN_POINT('',(9.685,23.155,20.5));
#2708 = DIRECTION('',(-0.,-0.,-1.));
#2709 = DIRECTION('',(0.,1.,0.));
#2710 = ADVANCED_FACE('',(#2711),#2729,.F.);
#2711 = FACE_BOUND('',#2712,.T.);
#2712 = EDGE_LOOP('',(#2713,#2721,#2722,#2723));
#2713 = ORIENTED_EDGE('',*,*,#2714,.F.);
#2714 = EDGE_CURVE('',#1190,#2715,#2717,.T.);
#2715 = VERTEX_POINT('',#2716);
#2716 = CARTESIAN_POINT('',(16.315,23.255,21.));
#2717 = LINE('',#2718,#2719);
#2718 = CARTESIAN_POINT('',(16.315,23.505,20.75));
#2719 = VECTOR('',#2720,1.);
#2720 = DIRECTION('',(-2.90882763039E-35,-0.707106781187,0.707106781187)
  );
#2721 = ORIENTED_EDGE('',*,*,#1197,.T.);
#2722 = ORIENTED_EDGE('',*,*,#2682,.T.);
#2723 = ORIENTED_EDGE('',*,*,#2724,.F.);
#2724 = EDGE_CURVE('',#2715,#2683,#2725,.T.);
#2725 = LINE('',#2726,#2727);
#2726 = CARTESIAN_POINT('',(16.315,23.255,21.));
#2727 = VECTOR('',#2728,1.);
#2728 = DIRECTION('',(-1.,0.,0.));
#2729 = PLANE('',#2730);
#2730 = AXIS2_PLACEMENT_3D('',#2731,#2732,#2733);
#2731 = CARTESIAN_POINT('',(16.315,23.505,20.75));
#2732 = DIRECTION('',(-1.889513820523E-18,-0.707106781187,
    -0.707106781187));
#2733 = DIRECTION('',(1.,-1.336088035637E-18,-1.336088035637E-18));
#2734 = ADVANCED_FACE('',(#2735),#2753,.F.);
#2735 = FACE_BOUND('',#2736,.T.);
#2736 = EDGE_LOOP('',(#2737,#2738,#2739,#2747));
#2737 = ORIENTED_EDGE('',*,*,#2691,.F.);
#2738 = ORIENTED_EDGE('',*,*,#1214,.T.);
#2739 = ORIENTED_EDGE('',*,*,#2740,.T.);
#2740 = EDGE_CURVE('',#1215,#2741,#2743,.T.);
#2741 = VERTEX_POINT('',#2742);
#2742 = CARTESIAN_POINT('',(9.585,16.525,21.));
#2743 = LINE('',#2744,#2745);
#2744 = CARTESIAN_POINT('',(9.335,16.525,20.75));
#2745 = VECTOR('',#2746,1.);
#2746 = DIRECTION('',(0.707106781187,-2.90882763039E-35,0.707106781187)
  );
#2747 = ORIENTED_EDGE('',*,*,#2748,.F.);
#2748 = EDGE_CURVE('',#2692,#2741,#2749,.T.);
#2749 = LINE('',#2750,#2751);
#2750 = CARTESIAN_POINT('',(9.585,23.155,21.));
#2751 = VECTOR('',#2752,1.);
#2752 = DIRECTION('',(0.,-1.,0.));
#2753 = PLANE('',#2754);
#2754 = AXIS2_PLACEMENT_3D('',#2755,#2756,#2757);
#2755 = CARTESIAN_POINT('',(9.335,23.155,20.75));
#2756 = DIRECTION('',(0.707106781187,1.889513820523E-18,-0.707106781187)
  );
#2757 = DIRECTION('',(-1.336088035637E-18,1.,1.336088035637E-18));
#2758 = ADVANCED_FACE('',(#2759),#2778,.T.);
#2759 = FACE_BOUND('',#2760,.T.);
#2760 = EDGE_LOOP('',(#2761,#2769,#2770,#2771));
#2761 = ORIENTED_EDGE('',*,*,#2762,.F.);
#2762 = EDGE_CURVE('',#1239,#2763,#2765,.T.);
#2763 = VERTEX_POINT('',#2764);
#2764 = CARTESIAN_POINT('',(16.415,23.155,21.));
#2765 = LINE('',#2766,#2767);
#2766 = CARTESIAN_POINT('',(16.665,23.155,20.75));
#2767 = VECTOR('',#2768,1.);
#2768 = DIRECTION('',(-0.707106781187,2.90882763039E-35,0.707106781187)
  );
#2769 = ORIENTED_EDGE('',*,*,#1246,.T.);
#2770 = ORIENTED_EDGE('',*,*,#2714,.T.);
#2771 = ORIENTED_EDGE('',*,*,#2772,.F.);
#2772 = EDGE_CURVE('',#2763,#2715,#2773,.T.);
#2773 = CIRCLE('',#2774,1.E-01);
#2774 = AXIS2_PLACEMENT_3D('',#2775,#2776,#2777);
#2775 = CARTESIAN_POINT('',(16.315,23.155,21.));
#2776 = DIRECTION('',(0.,0.,1.));
#2777 = DIRECTION('',(1.,0.,0.));
#2778 = CONICAL_SURFACE('',#2779,0.6,0.785398163397);
#2779 = AXIS2_PLACEMENT_3D('',#2780,#2781,#2782);
#2780 = CARTESIAN_POINT('',(16.315,23.155,20.5));
#2781 = DIRECTION('',(-0.,-0.,-1.));
#2782 = DIRECTION('',(1.,0.,0.));
#2783 = ADVANCED_FACE('',(#2784),#2803,.T.);
#2784 = FACE_BOUND('',#2785,.T.);
#2785 = EDGE_LOOP('',(#2786,#2787,#2788,#2796));
#2786 = ORIENTED_EDGE('',*,*,#2740,.F.);
#2787 = ORIENTED_EDGE('',*,*,#1271,.T.);
#2788 = ORIENTED_EDGE('',*,*,#2789,.T.);
#2789 = EDGE_CURVE('',#1264,#2790,#2792,.T.);
#2790 = VERTEX_POINT('',#2791);
#2791 = CARTESIAN_POINT('',(9.685,16.425,21.));
#2792 = LINE('',#2793,#2794);
#2793 = CARTESIAN_POINT('',(9.685,15.925,20.5));
#2794 = VECTOR('',#2795,1.);
#2795 = DIRECTION('',(4.329780281177E-17,0.707106781187,0.707106781187)
  );
#2796 = ORIENTED_EDGE('',*,*,#2797,.F.);
#2797 = EDGE_CURVE('',#2741,#2790,#2798,.T.);
#2798 = CIRCLE('',#2799,1.E-01);
#2799 = AXIS2_PLACEMENT_3D('',#2800,#2801,#2802);
#2800 = CARTESIAN_POINT('',(9.685,16.525,21.));
#2801 = DIRECTION('',(0.,0.,1.));
#2802 = DIRECTION('',(-1.,0.,0.));
#2803 = CONICAL_SURFACE('',#2804,0.6,0.785398163397);
#2804 = AXIS2_PLACEMENT_3D('',#2805,#2806,#2807);
#2805 = CARTESIAN_POINT('',(9.685,16.525,20.5));
#2806 = DIRECTION('',(-0.,-0.,-1.));
#2807 = DIRECTION('',(-1.,0.,0.));
#2808 = ADVANCED_FACE('',(#2809),#2827,.F.);
#2809 = FACE_BOUND('',#2810,.T.);
#2810 = EDGE_LOOP('',(#2811,#2819,#2820,#2821));
#2811 = ORIENTED_EDGE('',*,*,#2812,.F.);
#2812 = EDGE_CURVE('',#1288,#2813,#2815,.T.);
#2813 = VERTEX_POINT('',#2814);
#2814 = CARTESIAN_POINT('',(16.415,16.525,21.));
#2815 = LINE('',#2816,#2817);
#2816 = CARTESIAN_POINT('',(16.915,16.525,20.5));
#2817 = VECTOR('',#2818,1.);
#2818 = DIRECTION('',(-0.707106781187,4.329780281177E-17,0.707106781187)
  );
#2819 = ORIENTED_EDGE('',*,*,#1295,.T.);
#2820 = ORIENTED_EDGE('',*,*,#2762,.T.);
#2821 = ORIENTED_EDGE('',*,*,#2822,.F.);
#2822 = EDGE_CURVE('',#2813,#2763,#2823,.T.);
#2823 = LINE('',#2824,#2825);
#2824 = CARTESIAN_POINT('',(16.415,16.525,21.));
#2825 = VECTOR('',#2826,1.);
#2826 = DIRECTION('',(0.,1.,0.));
#2827 = PLANE('',#2828);
#2828 = AXIS2_PLACEMENT_3D('',#2829,#2830,#2831);
#2829 = CARTESIAN_POINT('',(16.665,16.525,20.75));
#2830 = DIRECTION('',(-0.707106781187,-1.889513820523E-18,
    -0.707106781187));
#2831 = DIRECTION('',(1.336088035637E-18,-1.,1.336088035637E-18));
#2832 = ADVANCED_FACE('',(#2833),#2851,.F.);
#2833 = FACE_BOUND('',#2834,.T.);
#2834 = EDGE_LOOP('',(#2835,#2836,#2837,#2845));
#2835 = ORIENTED_EDGE('',*,*,#2789,.F.);
#2836 = ORIENTED_EDGE('',*,*,#1312,.T.);
#2837 = ORIENTED_EDGE('',*,*,#2838,.T.);
#2838 = EDGE_CURVE('',#1313,#2839,#2841,.T.);
#2839 = VERTEX_POINT('',#2840);
#2840 = CARTESIAN_POINT('',(16.315,16.425,21.));
#2841 = LINE('',#2842,#2843);
#2842 = CARTESIAN_POINT('',(16.315,16.175,20.75));
#2843 = VECTOR('',#2844,1.);
#2844 = DIRECTION('',(2.26130160805E-35,0.707106781187,0.707106781187));
#2845 = ORIENTED_EDGE('',*,*,#2846,.F.);
#2846 = EDGE_CURVE('',#2790,#2839,#2847,.T.);
#2847 = LINE('',#2848,#2849);
#2848 = CARTESIAN_POINT('',(9.685,16.425,21.));
#2849 = VECTOR('',#2850,1.);
#2850 = DIRECTION('',(1.,0.,0.));
#2851 = PLANE('',#2852);
#2852 = AXIS2_PLACEMENT_3D('',#2853,#2854,#2855);
#2853 = CARTESIAN_POINT('',(9.685,16.175,20.75));
#2854 = DIRECTION('',(-3.029276165476E-18,0.707106781187,-0.707106781187
    ));
#2855 = DIRECTION('',(-1.,-2.142021718695E-18,2.142021718695E-18));
#2856 = ADVANCED_FACE('',(#2857),#2869,.T.);
#2857 = FACE_BOUND('',#2858,.T.);
#2858 = EDGE_LOOP('',(#2859,#2860,#2861,#2862));
#2859 = ORIENTED_EDGE('',*,*,#2838,.F.);
#2860 = ORIENTED_EDGE('',*,*,#1337,.T.);
#2861 = ORIENTED_EDGE('',*,*,#2812,.T.);
#2862 = ORIENTED_EDGE('',*,*,#2863,.F.);
#2863 = EDGE_CURVE('',#2839,#2813,#2864,.T.);
#2864 = CIRCLE('',#2865,1.E-01);
#2865 = AXIS2_PLACEMENT_3D('',#2866,#2867,#2868);
#2866 = CARTESIAN_POINT('',(16.315,16.525,21.));
#2867 = DIRECTION('',(-0.,0.,1.));
#2868 = DIRECTION('',(0.,-1.,0.));
#2869 = CONICAL_SURFACE('',#2870,0.6,0.785398163397);
#2870 = AXIS2_PLACEMENT_3D('',#2871,#2872,#2873);
#2871 = CARTESIAN_POINT('',(16.315,16.525,20.5));
#2872 = DIRECTION('',(-0.,-0.,-1.));
#2873 = DIRECTION('',(0.,-1.,0.));
#2874 = ADVANCED_FACE('',(#2875),#2886,.F.);
#2875 = FACE_BOUND('',#2876,.F.);
#2876 = EDGE_LOOP('',(#2877,#2878,#2879,#2885));
#2877 = ORIENTED_EDGE('',*,*,#1353,.F.);
#2878 = ORIENTED_EDGE('',*,*,#2658,.T.);
#2879 = ORIENTED_EDGE('',*,*,#2880,.T.);
#2880 = EDGE_CURVE('',#2659,#2604,#2881,.T.);
#2881 = LINE('',#2882,#2883);
#2882 = CARTESIAN_POINT('',(30.,6.6,0.));
#2883 = VECTOR('',#2884,1.);
#2884 = DIRECTION('',(0.,1.,0.));
#2885 = ORIENTED_EDGE('',*,*,#2603,.T.);
#2886 = PLANE('',#2887);
#2887 = AXIS2_PLACEMENT_3D('',#2888,#2889,#2890);
#2888 = CARTESIAN_POINT('',(28.172338161771,9.6,0.));
#2889 = DIRECTION('',(0.,0.,1.));
#2890 = DIRECTION('',(1.,0.,0.));
#2891 = ADVANCED_FACE('',(#2892,#2910,#2976),#3042,.T.);
#2892 = FACE_BOUND('',#2893,.T.);
#2893 = EDGE_LOOP('',(#2894,#2895,#2896,#2897,#2898,#2899,#2900,#2901,
    #2902,#2903,#2904,#2905,#2906,#2907,#2908,#2909));
#2894 = ORIENTED_EDGE('',*,*,#1378,.F.);
#2895 = ORIENTED_EDGE('',*,*,#1411,.F.);
#2896 = ORIENTED_EDGE('',*,*,#1437,.F.);
#2897 = ORIENTED_EDGE('',*,*,#1463,.F.);
#2898 = ORIENTED_EDGE('',*,*,#1489,.F.);
#2899 = ORIENTED_EDGE('',*,*,#1515,.F.);
#2900 = ORIENTED_EDGE('',*,*,#1541,.F.);
#2901 = ORIENTED_EDGE('',*,*,#1567,.F.);
#2902 = ORIENTED_EDGE('',*,*,#1593,.F.);
#2903 = ORIENTED_EDGE('',*,*,#1619,.F.);
#2904 = ORIENTED_EDGE('',*,*,#1645,.F.);
#2905 = ORIENTED_EDGE('',*,*,#1671,.F.);
#2906 = ORIENTED_EDGE('',*,*,#1697,.F.);
#2907 = ORIENTED_EDGE('',*,*,#1723,.F.);
#2908 = ORIENTED_EDGE('',*,*,#1749,.F.);
#2909 = ORIENTED_EDGE('',*,*,#1768,.F.);
#2910 = FACE_BOUND('',#2911,.T.);
#2911 = EDGE_LOOP('',(#2912,#2922,#2930,#2938,#2946,#2954,#2962,#2970));
#2912 = ORIENTED_EDGE('',*,*,#2913,.F.);
#2913 = EDGE_CURVE('',#2914,#2916,#2918,.T.);
#2914 = VERTEX_POINT('',#2915);
#2915 = CARTESIAN_POINT('',(14.659447983015,1.280588628893,
    5.272670981591));
#2916 = VERTEX_POINT('',#2917);
#2917 = CARTESIAN_POINT('',(14.810955414013,1.120543534224,
    4.832950697894));
#2918 = B_SPLINE_CURVE_WITH_KNOTS('',2,(#2919,#2920,#2921),
  .UNSPECIFIED.,.F.,.F.,(3,3),(0.,1.),.PIECEWISE_BEZIER_KNOTS.);
#2919 = CARTESIAN_POINT('',(14.659447983015,1.280588628893,
    5.272670981591));
#2920 = CARTESIAN_POINT('',(14.659447983015,1.177997109043,
    4.990803097377));
#2921 = CARTESIAN_POINT('',(14.810955414013,1.120543534224,
    4.832950697894));
#2922 = ORIENTED_EDGE('',*,*,#2923,.F.);
#2923 = EDGE_CURVE('',#2924,#2914,#2926,.T.);
#2924 = VERTEX_POINT('',#2925);
#2925 = CARTESIAN_POINT('',(14.788025477707,1.416699575103,
    5.646632732843));
#2926 = B_SPLINE_CURVE_WITH_KNOTS('',2,(#2927,#2928,#2929),
  .UNSPECIFIED.,.F.,.F.,(3,3),(0.,1.),.PIECEWISE_BEZIER_KNOTS.);
#2927 = CARTESIAN_POINT('',(14.788025477707,1.416699575103,
    5.646632732843));
#2928 = CARTESIAN_POINT('',(14.659447983015,1.353959574289,
    5.474255997311));
#2929 = CARTESIAN_POINT('',(14.659447983015,1.280588628893,
    5.272670981591));
#2930 = ORIENTED_EDGE('',*,*,#2931,.F.);
#2931 = EDGE_CURVE('',#2932,#2924,#2934,.T.);
#2932 = VERTEX_POINT('',#2933);
#2933 = CARTESIAN_POINT('',(15.179193205945,1.47949766851,5.819169076465
    ));
#2934 = B_SPLINE_CURVE_WITH_KNOTS('',2,(#2935,#2936,#2937),
  .UNSPECIFIED.,.F.,.F.,(3,3),(0.,1.),.PIECEWISE_BEZIER_KNOTS.);
#2935 = CARTESIAN_POINT('',(15.179193205945,1.47949766851,5.819169076465
    ));
#2936 = CARTESIAN_POINT('',(14.916772823779,1.47949766851,5.819169076465
    ));
#2937 = CARTESIAN_POINT('',(14.788025477707,1.416699575103,
    5.646632732843));
#2938 = ORIENTED_EDGE('',*,*,#2939,.F.);
#2939 = EDGE_CURVE('',#2940,#2932,#2942,.T.);
#2940 = VERTEX_POINT('',#2941);
#2941 = CARTESIAN_POINT('',(15.553715498938,1.424251612238,
    5.667381784343));
#2942 = B_SPLINE_CURVE_WITH_KNOTS('',2,(#2943,#2944,#2945),
  .UNSPECIFIED.,.F.,.F.,(3,3),(0.,1.),.PIECEWISE_BEZIER_KNOTS.);
#2943 = CARTESIAN_POINT('',(15.553715498938,1.424251612238,
    5.667381784343));
#2944 = CARTESIAN_POINT('',(15.405944798301,1.47949766851,5.819169076465
    ));
#2945 = CARTESIAN_POINT('',(15.179193205945,1.47949766851,5.819169076465
    ));
#2946 = ORIENTED_EDGE('',*,*,#2947,.F.);
#2947 = EDGE_CURVE('',#2948,#2940,#2950,.T.);
#2948 = VERTEX_POINT('',#2949);
#2949 = CARTESIAN_POINT('',(15.701486199575,1.277916369599,
    5.265329009522));
#2950 = B_SPLINE_CURVE_WITH_KNOTS('',2,(#2951,#2952,#2953),
  .UNSPECIFIED.,.F.,.F.,(3,3),(0.,1.),.PIECEWISE_BEZIER_KNOTS.);
#2951 = CARTESIAN_POINT('',(15.701486199575,1.277916369599,
    5.265329009522));
#2952 = CARTESIAN_POINT('',(15.701486199575,1.369005555965,
    5.515594492221));
#2953 = CARTESIAN_POINT('',(15.553715498938,1.424251612238,
    5.667381784343));
#2954 = ORIENTED_EDGE('',*,*,#2955,.F.);
#2955 = EDGE_CURVE('',#2956,#2948,#2958,.T.);
#2956 = VERTEX_POINT('',#2957);
#2957 = CARTESIAN_POINT('',(15.556263269639,1.118336015677,
    4.826885590532));
#2958 = B_SPLINE_CURVE_WITH_KNOTS('',2,(#2959,#2960,#2961),
  .UNSPECIFIED.,.F.,.F.,(3,3),(0.,1.),.PIECEWISE_BEZIER_KNOTS.);
#2959 = CARTESIAN_POINT('',(15.556263269639,1.118336015677,
    4.826885590532));
#2960 = CARTESIAN_POINT('',(15.701486199575,1.173582071949,
    4.978672882654));
#2961 = CARTESIAN_POINT('',(15.701486199575,1.277916369599,
    5.265329009522));
#2962 = ORIENTED_EDGE('',*,*,#2963,.F.);
#2963 = EDGE_CURVE('',#2964,#2956,#2966,.T.);
#2964 = VERTEX_POINT('',#2965);
#2965 = CARTESIAN_POINT('',(15.189384288747,1.063089959404,4.67509829841
    ));
#2966 = B_SPLINE_CURVE_WITH_KNOTS('',2,(#2967,#2968,#2969),
  .UNSPECIFIED.,.F.,.F.,(3,3),(0.,1.),.PIECEWISE_BEZIER_KNOTS.);
#2967 = CARTESIAN_POINT('',(15.189384288747,1.063089959404,4.67509829841
    ));
#2968 = CARTESIAN_POINT('',(15.411040339703,1.063089959404,4.67509829841
    ));
#2969 = CARTESIAN_POINT('',(15.556263269639,1.118336015677,
    4.826885590532));
#2970 = ORIENTED_EDGE('',*,*,#2971,.F.);
#2971 = EDGE_CURVE('',#2916,#2964,#2972,.T.);
#2972 = B_SPLINE_CURVE_WITH_KNOTS('',2,(#2973,#2974,#2975),
  .UNSPECIFIED.,.F.,.F.,(3,3),(0.,1.),.PIECEWISE_BEZIER_KNOTS.);
#2973 = CARTESIAN_POINT('',(14.810955414013,1.120543534224,
    4.832950697894));
#2974 = CARTESIAN_POINT('',(14.962632696391,1.063089959404,4.67509829841
    ));
#2975 = CARTESIAN_POINT('',(15.189384288747,1.063089959404,4.67509829841
    ));
#2976 = FACE_BOUND('',#2977,.T.);
#2977 = EDGE_LOOP('',(#2978,#2988,#2996,#3004,#3012,#3020,#3028,#3036));
#2978 = ORIENTED_EDGE('',*,*,#2979,.F.);
#2979 = EDGE_CURVE('',#2980,#2982,#2984,.T.);
#2980 = VERTEX_POINT('',#2981);
#2981 = CARTESIAN_POINT('',(14.725690021231,1.830318839728,
    6.783042322652));
#2982 = VERTEX_POINT('',#2983);
#2983 = CARTESIAN_POINT('',(14.846624203822,1.714424116002,
    6.464624186181));
#2984 = B_SPLINE_CURVE_WITH_KNOTS('',2,(#2985,#2986,#2987),
  .UNSPECIFIED.,.F.,.F.,(3,3),(0.,1.),.PIECEWISE_BEZIER_KNOTS.);
#2985 = CARTESIAN_POINT('',(14.725690021231,1.830318839728,
    6.783042322652));
#2986 = CARTESIAN_POINT('',(14.725690021231,1.756018412838,
    6.578903577516));
#2987 = CARTESIAN_POINT('',(14.846624203822,1.714424116002,
    6.464624186181));
#2988 = ORIENTED_EDGE('',*,*,#2989,.F.);
#2989 = EDGE_CURVE('',#2990,#2980,#2992,.T.);
#2990 = VERTEX_POINT('',#2991);
#2991 = CARTESIAN_POINT('',(14.847983014862,1.942669915259,
    7.091724365726));
#2992 = B_SPLINE_CURVE_WITH_KNOTS('',2,(#2993,#2994,#2995),
  .UNSPECIFIED.,.F.,.F.,(3,3),(0.,1.),.PIECEWISE_BEZIER_KNOTS.);
#2993 = CARTESIAN_POINT('',(14.847983014862,1.942669915259,
    7.091724365726));
#2994 = CARTESIAN_POINT('',(14.725690021231,1.900204229523,
    6.975050853064));
#2995 = CARTESIAN_POINT('',(14.725690021231,1.830318839728,
    6.783042322652));
#2996 = ORIENTED_EDGE('',*,*,#2997,.F.);
#2997 = EDGE_CURVE('',#2998,#2990,#3000,.T.);
#2998 = VERTEX_POINT('',#2999);
#2999 = CARTESIAN_POINT('',(15.176645435244,1.985135600995,
    7.208397878387));
#3000 = B_SPLINE_CURVE_WITH_KNOTS('',2,(#3001,#3002,#3003),
  .UNSPECIFIED.,.F.,.F.,(3,3),(0.,1.),.PIECEWISE_BEZIER_KNOTS.);
#3001 = CARTESIAN_POINT('',(15.176645435244,1.985135600995,
    7.208397878387));
#3002 = CARTESIAN_POINT('',(14.970276008493,1.985135600995,
    7.208397878387));
#3003 = CARTESIAN_POINT('',(14.847983014862,1.942669915259,
    7.091724365726));
#3004 = ORIENTED_EDGE('',*,*,#3005,.F.);
#3005 = EDGE_CURVE('',#3006,#2998,#3008,.T.);
#3006 = VERTEX_POINT('',#3007);
#3007 = CARTESIAN_POINT('',(15.496305732484,1.943076563412,
    7.092841622345));
#3008 = B_SPLINE_CURVE_WITH_KNOTS('',2,(#3009,#3010,#3011),
  .UNSPECIFIED.,.F.,.F.,(3,3),(0.,1.),.PIECEWISE_BEZIER_KNOTS.);
#3009 = CARTESIAN_POINT('',(15.496305732484,1.943076563412,
    7.092841622345));
#3010 = CARTESIAN_POINT('',(15.375371549894,1.985135600995,
    7.208397878387));
#3011 = CARTESIAN_POINT('',(15.176645435244,1.985135600995,
    7.208397878387));
#3012 = ORIENTED_EDGE('',*,*,#3013,.F.);
#3013 = EDGE_CURVE('',#3014,#3006,#3016,.T.);
#3014 = VERTEX_POINT('',#3015);
#3015 = CARTESIAN_POINT('',(15.617409766454,1.831190228628,
    6.785436443978));
#3016 = B_SPLINE_CURVE_WITH_KNOTS('',2,(#3017,#3018,#3019),
  .UNSPECIFIED.,.F.,.F.,(3,3),(0.,1.),.PIECEWISE_BEZIER_KNOTS.);
#3017 = CARTESIAN_POINT('',(15.617409766454,1.831190228628,
    6.785436443978));
#3018 = CARTESIAN_POINT('',(15.617409766454,1.901075618423,
    6.977444974391));
#3019 = CARTESIAN_POINT('',(15.496305732484,1.943076563412,
    7.092841622345));
#3020 = ORIENTED_EDGE('',*,*,#3021,.F.);
#3021 = EDGE_CURVE('',#3022,#3014,#3024,.T.);
#3022 = VERTEX_POINT('',#3023);
#3023 = CARTESIAN_POINT('',(15.495116772824,1.714830764155,
    6.465741442801));
#3024 = B_SPLINE_CURVE_WITH_KNOTS('',2,(#3025,#3026,#3027),
  .UNSPECIFIED.,.F.,.F.,(3,3),(0.,1.),.PIECEWISE_BEZIER_KNOTS.);
#3025 = CARTESIAN_POINT('',(15.495116772824,1.714830764155,
    6.465741442801));
#3026 = CARTESIAN_POINT('',(15.617409766454,1.756889801738,
    6.581297698843));
#3027 = CARTESIAN_POINT('',(15.617409766454,1.831190228628,
    6.785436443978));
#3028 = ORIENTED_EDGE('',*,*,#3029,.F.);
#3029 = EDGE_CURVE('',#3030,#3022,#3032,.T.);
#3030 = VERTEX_POINT('',#3031);
#3031 = CARTESIAN_POINT('',(15.169002123142,1.672829819166,
    6.350344794847));
#3032 = B_SPLINE_CURVE_WITH_KNOTS('',2,(#3033,#3034,#3035),
  .UNSPECIFIED.,.F.,.F.,(3,3),(0.,1.),.PIECEWISE_BEZIER_KNOTS.);
#3033 = CARTESIAN_POINT('',(15.169002123142,1.672829819166,
    6.350344794847));
#3034 = CARTESIAN_POINT('',(15.372823779193,1.672829819166,
    6.350344794847));
#3035 = CARTESIAN_POINT('',(15.495116772824,1.714830764155,
    6.465741442801));
#3036 = ORIENTED_EDGE('',*,*,#3037,.F.);
#3037 = EDGE_CURVE('',#2982,#3030,#3038,.T.);
#3038 = B_SPLINE_CURVE_WITH_KNOTS('',2,(#3039,#3040,#3041),
  .UNSPECIFIED.,.F.,.F.,(3,3),(0.,1.),.PIECEWISE_BEZIER_KNOTS.);
#3039 = CARTESIAN_POINT('',(14.846624203822,1.714424116002,
    6.464624186181));
#3040 = CARTESIAN_POINT('',(14.967728237792,1.672829819166,
    6.350344794847));
#3041 = CARTESIAN_POINT('',(15.169002123142,1.672829819166,
    6.350344794847));
#3042 = PLANE('',#3043);
#3043 = AXIS2_PLACEMENT_3D('',#3044,#3045,#3046);
#3044 = CARTESIAN_POINT('',(15.176397735878,1.524910708493,
    5.943940378368));
#3045 = DIRECTION('',(0.,-0.939692620786,0.342020143326));
#3046 = DIRECTION('',(1.,0.,0.));
#3047 = ADVANCED_FACE('',(#3048),#3054,.T.);
#3048 = FACE_BOUND('',#3049,.F.);
#3049 = EDGE_LOOP('',(#3050,#3051,#3052,#3053));
#3050 = ORIENTED_EDGE('',*,*,#1794,.T.);
#3051 = ORIENTED_EDGE('',*,*,#1866,.T.);
#3052 = ORIENTED_EDGE('',*,*,#1849,.T.);
#3053 = ORIENTED_EDGE('',*,*,#1825,.T.);
#3054 = PLANE('',#3055);
#3055 = AXIS2_PLACEMENT_3D('',#3056,#3057,#3058);
#3056 = CARTESIAN_POINT('',(13.018091560567,1.530436610061,
    5.959122668147));
#3057 = DIRECTION('',(0.,-0.939692620786,0.342020143326));
#3058 = DIRECTION('',(1.,0.,0.));
#3059 = ADVANCED_FACE('',(#3060),#3090,.T.);
#3060 = FACE_BOUND('',#3061,.F.);
#3061 = EDGE_LOOP('',(#3062,#3063,#3064,#3065,#3066,#3067,#3068,#3069,
    #3070,#3071,#3072,#3073,#3074,#3075,#3076,#3077,#3078,#3079,#3080,
    #3081,#3082,#3083,#3084,#3085,#3086,#3087,#3088,#3089));
#3062 = ORIENTED_EDGE('',*,*,#1890,.T.);
#3063 = ORIENTED_EDGE('',*,*,#2586,.T.);
#3064 = ORIENTED_EDGE('',*,*,#2567,.T.);
#3065 = ORIENTED_EDGE('',*,*,#2541,.T.);
#3066 = ORIENTED_EDGE('',*,*,#2515,.T.);
#3067 = ORIENTED_EDGE('',*,*,#2489,.T.);
#3068 = ORIENTED_EDGE('',*,*,#2463,.T.);
#3069 = ORIENTED_EDGE('',*,*,#2437,.T.);
#3070 = ORIENTED_EDGE('',*,*,#2413,.T.);
#3071 = ORIENTED_EDGE('',*,*,#2387,.T.);
#3072 = ORIENTED_EDGE('',*,*,#2361,.T.);
#3073 = ORIENTED_EDGE('',*,*,#2335,.T.);
#3074 = ORIENTED_EDGE('',*,*,#2309,.T.);
#3075 = ORIENTED_EDGE('',*,*,#2283,.T.);
#3076 = ORIENTED_EDGE('',*,*,#2257,.T.);
#3077 = ORIENTED_EDGE('',*,*,#2233,.T.);
#3078 = ORIENTED_EDGE('',*,*,#2207,.T.);
#3079 = ORIENTED_EDGE('',*,*,#2181,.T.);
#3080 = ORIENTED_EDGE('',*,*,#2155,.T.);
#3081 = ORIENTED_EDGE('',*,*,#2129,.T.);
#3082 = ORIENTED_EDGE('',*,*,#2103,.T.);
#3083 = ORIENTED_EDGE('',*,*,#2077,.T.);
#3084 = ORIENTED_EDGE('',*,*,#2051,.T.);
#3085 = ORIENTED_EDGE('',*,*,#2025,.T.);
#3086 = ORIENTED_EDGE('',*,*,#1999,.T.);
#3087 = ORIENTED_EDGE('',*,*,#1973,.T.);
#3088 = ORIENTED_EDGE('',*,*,#1947,.T.);
#3089 = ORIENTED_EDGE('',*,*,#1921,.T.);
#3090 = PLANE('',#3091);
#3091 = AXIS2_PLACEMENT_3D('',#3092,#3093,#3094);
#3092 = CARTESIAN_POINT('',(10.884398811731,1.521127604216,
    5.933546384791));
#3093 = DIRECTION('',(0.,-0.939692620786,0.342020143326));
#3094 = DIRECTION('',(1.,0.,0.));
#3095 = ADVANCED_FACE('',(#3096),#3102,.F.);
#3096 = FACE_BOUND('',#3097,.F.);
#3097 = EDGE_LOOP('',(#3098,#3099,#3100,#3101));
#3098 = ORIENTED_EDGE('',*,*,#2668,.T.);
#3099 = ORIENTED_EDGE('',*,*,#2643,.T.);
#3100 = ORIENTED_EDGE('',*,*,#2611,.F.);
#3101 = ORIENTED_EDGE('',*,*,#2880,.F.);
#3102 = PLANE('',#3103);
#3103 = AXIS2_PLACEMENT_3D('',#3104,#3105,#3106);
#3104 = CARTESIAN_POINT('',(30.,6.6,0.));
#3105 = DIRECTION('',(-1.,0.,0.));
#3106 = DIRECTION('',(0.,1.,0.));
#3107 = ADVANCED_FACE('',(#3108),#3118,.T.);
#3108 = FACE_BOUND('',#3109,.T.);
#3109 = EDGE_LOOP('',(#3110,#3111,#3112,#3113,#3114,#3115,#3116,#3117));
#3110 = ORIENTED_EDGE('',*,*,#2724,.T.);
#3111 = ORIENTED_EDGE('',*,*,#2699,.T.);
#3112 = ORIENTED_EDGE('',*,*,#2748,.T.);
#3113 = ORIENTED_EDGE('',*,*,#2797,.T.);
#3114 = ORIENTED_EDGE('',*,*,#2846,.T.);
#3115 = ORIENTED_EDGE('',*,*,#2863,.T.);
#3116 = ORIENTED_EDGE('',*,*,#2822,.T.);
#3117 = ORIENTED_EDGE('',*,*,#2772,.T.);
#3118 = PLANE('',#3119);
#3119 = AXIS2_PLACEMENT_3D('',#3120,#3121,#3122);
#3120 = CARTESIAN_POINT('',(13.,19.84,21.));
#3121 = DIRECTION('',(0.,0.,1.));
#3122 = DIRECTION('',(1.,0.,0.));
#3123 = ADVANCED_FACE('',(#3124),#3134,.T.);
#3124 = FACE_BOUND('',#3125,.T.);
#3125 = EDGE_LOOP('',(#3126,#3127,#3128,#3129,#3130,#3131,#3132,#3133));
#3126 = ORIENTED_EDGE('',*,*,#2923,.T.);
#3127 = ORIENTED_EDGE('',*,*,#2913,.T.);
#3128 = ORIENTED_EDGE('',*,*,#2971,.T.);
#3129 = ORIENTED_EDGE('',*,*,#2963,.T.);
#3130 = ORIENTED_EDGE('',*,*,#2955,.T.);
#3131 = ORIENTED_EDGE('',*,*,#2947,.T.);
#3132 = ORIENTED_EDGE('',*,*,#2939,.T.);
#3133 = ORIENTED_EDGE('',*,*,#2931,.T.);
#3134 = PLANE('',#3135);
#3135 = AXIS2_PLACEMENT_3D('',#3136,#3137,#3138);
#3136 = CARTESIAN_POINT('',(15.176397735878,1.524910708493,
    5.943940378368));
#3137 = DIRECTION('',(0.,-0.939692620786,0.342020143326));
#3138 = DIRECTION('',(1.,0.,0.));
#3139 = ADVANCED_FACE('',(#3140),#3150,.T.);
#3140 = FACE_BOUND('',#3141,.T.);
#3141 = EDGE_LOOP('',(#3142,#3143,#3144,#3145,#3146,#3147,#3148,#3149));
#3142 = ORIENTED_EDGE('',*,*,#2989,.T.);
#3143 = ORIENTED_EDGE('',*,*,#2979,.T.);
#3144 = ORIENTED_EDGE('',*,*,#3037,.T.);
#3145 = ORIENTED_EDGE('',*,*,#3029,.T.);
#3146 = ORIENTED_EDGE('',*,*,#3021,.T.);
#3147 = ORIENTED_EDGE('',*,*,#3013,.T.);
#3148 = ORIENTED_EDGE('',*,*,#3005,.T.);
#3149 = ORIENTED_EDGE('',*,*,#2997,.T.);
#3150 = PLANE('',#3151);
#3151 = AXIS2_PLACEMENT_3D('',#3152,#3153,#3154);
#3152 = CARTESIAN_POINT('',(15.176397735878,1.524910708493,
    5.943940378368));
#3153 = DIRECTION('',(0.,-0.939692620786,0.342020143326));
#3154 = DIRECTION('',(1.,0.,0.));
#3155 = ( GEOMETRIC_REPRESENTATION_CONTEXT(3) 
GLOBAL_UNCERTAINTY_ASSIGNED_CONTEXT((#3159)) 
GLOBAL_UNIT_ASSIGNED_CONTEXT((#3156,#3157,#3158)) REPRESENTATION_CONTEXT
('Context #1','3D Context with UNIT and UNCERTAINTY') );
#3156 = ( LENGTH_UNIT() NAMED_UNIT(*) SI_UNIT(.MILLI.,.METRE.) );
#3157 = ( NAMED_UNIT(*) PLANE_ANGLE_UNIT() SI_UNIT($,.RADIAN.) );
#3158 = ( NAMED_UNIT(*) SI_UNIT($,.STERADIAN.) SOLID_ANGLE_UNIT() );
#3159 = UNCERTAINTY_MEASURE_WITH_UNIT(LENGTH_MEASURE(1.E-06),#3156,
  'distance_accuracy_value','confusion accuracy');
#3160 = PRODUCT_RELATED_PRODUCT_CATEGORY('part',$,(#7));
ENDSEC;
END-ISO-10303-21;
