ISO-10303-21;
HEADER;
FILE_DESCRIPTION(('FreeCAD Model'),'2;1');
FILE_NAME('Open CASCADE Shape Model','2026-08-29T07:19:26',('FreeCAD'),(
    'FreeCAD'),'Open CASCADE STEP processor 7.8','FreeCAD','Unknown');
FILE_SCHEMA(('AUTOMOTIVE_DESIGN { 1 0 10303 214 1 1 1 1 }'));
ENDSEC;
DATA;
#1 = APPLICATION_PROTOCOL_DEFINITION('international standard',
  'automotive_design',2000,#2);
#2 = APPLICATION_CONTEXT(
  'core data for automotive mechanical design processes');
#3 = SHAPE_DEFINITION_REPRESENTATION(#4,#10);
#4 = PRODUCT_DEFINITION_SHAPE('','',#5);
#5 = PRODUCT_DEFINITION('design','',#6,#9);
#6 = PRODUCT_DEFINITION_FORMATION('','',#7);
#7 = PRODUCT('Open CASCADE STEP translator 7.8 37',
  'Open CASCADE STEP translator 7.8 37','',(#8));
#8 = PRODUCT_CONTEXT('',#2,'mechanical');
#9 = PRODUCT_DEFINITION_CONTEXT('part definition',#2,'design');
#10 = ADVANCED_BREP_SHAPE_REPRESENTATION('',(#11,#15),#2851);
#11 = AXIS2_PLACEMENT_3D('',#12,#13,#14);
#12 = CARTESIAN_POINT('',(0.,0.,0.));
#13 = DIRECTION('',(0.,0.,1.));
#14 = DIRECTION('',(1.,0.,-0.));
#15 = MANIFOLD_SOLID_BREP('',#16);
#16 = CLOSED_SHELL('',(#17,#57,#222,#246,#334,#926,#943,#960,#977,#994,
    #1011,#1028,#1045,#1077,#1101,#1125,#1150,#1175,#1199,#1223,#1241,
    #1258,#1291,#1317,#1343,#1369,#1395,#1421,#1447,#1473,#1499,#1525,
    #1551,#1577,#1603,#1629,#1655,#1674,#1705,#1729,#1753,#1770,#1801,
    #1827,#1853,#1879,#1905,#1931,#1957,#1983,#2007,#2031,#2055,#2079,
    #2103,#2127,#2153,#2179,#2205,#2231,#2257,#2283,#2302,#2333,#2357,
    #2381,#2413,#2437,#2461,#2486,#2511,#2535,#2559,#2577,#2594,#2750,
    #2762,#2791,#2803,#2819,#2835));
#17 = ADVANCED_FACE('',(#18),#52,.F.);
#18 = FACE_BOUND('',#19,.F.);
#19 = EDGE_LOOP('',(#20,#30,#38,#46));
#20 = ORIENTED_EDGE('',*,*,#21,.F.);
#21 = EDGE_CURVE('',#22,#24,#26,.T.);
#22 = VERTEX_POINT('',#23);
#23 = CARTESIAN_POINT('',(0.,3.639702342662,10.));
#24 = VERTEX_POINT('',#25);
#25 = CARTESIAN_POINT('',(0.,7.45,10.));
#26 = LINE('',#27,#28);
#27 = CARTESIAN_POINT('',(0.,0.,10.));
#28 = VECTOR('',#29,1.);
#29 = DIRECTION('',(0.,1.,0.));
#30 = ORIENTED_EDGE('',*,*,#31,.T.);
#31 = EDGE_CURVE('',#22,#32,#34,.T.);
#32 = VERTEX_POINT('',#33);
#33 = CARTESIAN_POINT('',(0.,0.,0.));
#34 = LINE('',#35,#36);
#35 = CARTESIAN_POINT('',(0.,0.,0.));
#36 = VECTOR('',#37,1.);
#37 = DIRECTION('',(0.,-0.342020143326,-0.939692620786));
#38 = ORIENTED_EDGE('',*,*,#39,.T.);
#39 = EDGE_CURVE('',#32,#40,#42,.T.);
#40 = VERTEX_POINT('',#41);
#41 = CARTESIAN_POINT('',(0.,7.45,0.));
#42 = LINE('',#43,#44);
#43 = CARTESIAN_POINT('',(0.,0.,0.));
#44 = VECTOR('',#45,1.);
#45 = DIRECTION('',(0.,1.,0.));
#46 = ORIENTED_EDGE('',*,*,#47,.T.);
#47 = EDGE_CURVE('',#40,#24,#48,.T.);
#48 = LINE('',#49,#50);
#49 = CARTESIAN_POINT('',(0.,7.45,-1.));
#50 = VECTOR('',#51,1.);
#51 = DIRECTION('',(0.,0.,1.));
#52 = PLANE('',#53);
#53 = AXIS2_PLACEMENT_3D('',#54,#55,#56);
#54 = CARTESIAN_POINT('',(0.,0.,0.));
#55 = DIRECTION('',(1.,0.,0.));
#56 = DIRECTION('',(0.,0.,1.));
#57 = ADVANCED_FACE('',(#58,#147),#217,.T.);
#58 = FACE_BOUND('',#59,.T.);
#59 = EDGE_LOOP('',(#60,#61,#69,#77,#85,#93,#101,#109,#117,#125,#133,
    #141));
#60 = ORIENTED_EDGE('',*,*,#21,.F.);
#61 = ORIENTED_EDGE('',*,*,#62,.T.);
#62 = EDGE_CURVE('',#22,#63,#65,.T.);
#63 = VERTEX_POINT('',#64);
#64 = CARTESIAN_POINT('',(26.,3.639702342662,10.));
#65 = LINE('',#66,#67);
#66 = CARTESIAN_POINT('',(-1.,3.639702342662,10.));
#67 = VECTOR('',#68,1.);
#68 = DIRECTION('',(1.,0.,0.));
#69 = ORIENTED_EDGE('',*,*,#70,.T.);
#70 = EDGE_CURVE('',#63,#71,#73,.T.);
#71 = VERTEX_POINT('',#72);
#72 = CARTESIAN_POINT('',(26.,7.575609756098,10.));
#73 = LINE('',#74,#75);
#74 = CARTESIAN_POINT('',(26.,0.,10.));
#75 = VECTOR('',#76,1.);
#76 = DIRECTION('',(0.,1.,0.));
#77 = ORIENTED_EDGE('',*,*,#78,.F.);
#78 = EDGE_CURVE('',#79,#71,#81,.T.);
#79 = VERTEX_POINT('',#80);
#80 = CARTESIAN_POINT('',(25.9,7.6,10.));
#81 = LINE('',#82,#83);
#82 = CARTESIAN_POINT('',(25.9,7.6,10.));
#83 = VECTOR('',#84,1.);
#84 = DIRECTION('',(0.971520338783,-0.236956180191,0.));
#85 = ORIENTED_EDGE('',*,*,#86,.F.);
#86 = EDGE_CURVE('',#87,#79,#89,.T.);
#87 = VERTEX_POINT('',#88);
#88 = CARTESIAN_POINT('',(25.9,11.6,10.));
#89 = LINE('',#90,#91);
#90 = CARTESIAN_POINT('',(25.9,11.6,10.));
#91 = VECTOR('',#92,1.);
#92 = DIRECTION('',(0.,-1.,0.));
#93 = ORIENTED_EDGE('',*,*,#94,.F.);
#94 = EDGE_CURVE('',#95,#87,#97,.T.);
#95 = VERTEX_POINT('',#96);
#96 = CARTESIAN_POINT('',(26.,11.624390243902,10.));
#97 = LINE('',#98,#99);
#98 = CARTESIAN_POINT('',(30.,12.6,10.));
#99 = VECTOR('',#100,1.);
#100 = DIRECTION('',(-0.971520338783,-0.236956180191,0.));
#101 = ORIENTED_EDGE('',*,*,#102,.T.);
#102 = EDGE_CURVE('',#95,#103,#105,.T.);
#103 = VERTEX_POINT('',#104);
#104 = CARTESIAN_POINT('',(26.,32.,10.));
#105 = LINE('',#106,#107);
#106 = CARTESIAN_POINT('',(26.,0.,10.));
#107 = VECTOR('',#108,1.);
#108 = DIRECTION('',(0.,1.,0.));
#109 = ORIENTED_EDGE('',*,*,#110,.F.);
#110 = EDGE_CURVE('',#111,#103,#113,.T.);
#111 = VERTEX_POINT('',#112);
#112 = CARTESIAN_POINT('',(0.,32.,10.));
#113 = LINE('',#114,#115);
#114 = CARTESIAN_POINT('',(0.,32.,10.));
#115 = VECTOR('',#116,1.);
#116 = DIRECTION('',(1.,0.,0.));
#117 = ORIENTED_EDGE('',*,*,#118,.F.);
#118 = EDGE_CURVE('',#119,#111,#121,.T.);
#119 = VERTEX_POINT('',#120);
#120 = CARTESIAN_POINT('',(0.,11.75,10.));
#121 = LINE('',#122,#123);
#122 = CARTESIAN_POINT('',(0.,0.,10.));
#123 = VECTOR('',#124,1.);
#124 = DIRECTION('',(0.,1.,0.));
#125 = ORIENTED_EDGE('',*,*,#126,.T.);
#126 = EDGE_CURVE('',#119,#127,#129,.T.);
#127 = VERTEX_POINT('',#128);
#128 = CARTESIAN_POINT('',(4.,12.75,10.));
#129 = LINE('',#130,#131);
#130 = CARTESIAN_POINT('',(0.617647058824,11.904411764706,10.));
#131 = VECTOR('',#132,1.);
#132 = DIRECTION('',(0.970142500145,0.242535625036,0.));
#133 = ORIENTED_EDGE('',*,*,#134,.T.);
#134 = EDGE_CURVE('',#127,#135,#137,.T.);
#135 = VERTEX_POINT('',#136);
#136 = CARTESIAN_POINT('',(4.,6.45,10.));
#137 = LINE('',#138,#139);
#138 = CARTESIAN_POINT('',(4.,3.225,10.));
#139 = VECTOR('',#140,1.);
#140 = DIRECTION('',(0.,-1.,0.));
#141 = ORIENTED_EDGE('',*,*,#142,.T.);
#142 = EDGE_CURVE('',#135,#24,#143,.T.);
#143 = LINE('',#144,#145);
#144 = CARTESIAN_POINT('',(0.876470588235,7.230882352941,10.));
#145 = VECTOR('',#146,1.);
#146 = DIRECTION('',(-0.970142500145,0.242535625036,0.));
#147 = FACE_BOUND('',#148,.T.);
#148 = EDGE_LOOP('',(#149,#160,#168,#177,#185,#194,#202,#211));
#149 = ORIENTED_EDGE('',*,*,#150,.F.);
#150 = EDGE_CURVE('',#151,#153,#155,.T.);
#151 = VERTEX_POINT('',#152);
#152 = CARTESIAN_POINT('',(8.1,25.34,10.));
#153 = VERTEX_POINT('',#154);
#154 = CARTESIAN_POINT('',(7.5,24.74,10.));
#155 = CIRCLE('',#156,0.6);
#156 = AXIS2_PLACEMENT_3D('',#157,#158,#159);
#157 = CARTESIAN_POINT('',(8.1,24.74,10.));
#158 = DIRECTION('',(0.,-0.,1.));
#159 = DIRECTION('',(0.,1.,0.));
#160 = ORIENTED_EDGE('',*,*,#161,.T.);
#161 = EDGE_CURVE('',#151,#162,#164,.T.);
#162 = VERTEX_POINT('',#163);
#163 = CARTESIAN_POINT('',(17.9,25.34,10.));
#164 = LINE('',#165,#166);
#165 = CARTESIAN_POINT('',(9.25,25.34,10.));
#166 = VECTOR('',#167,1.);
#167 = DIRECTION('',(1.,0.,0.));
#168 = ORIENTED_EDGE('',*,*,#169,.F.);
#169 = EDGE_CURVE('',#170,#162,#172,.T.);
#170 = VERTEX_POINT('',#171);
#171 = CARTESIAN_POINT('',(18.5,24.74,10.));
#172 = CIRCLE('',#173,0.6);
#173 = AXIS2_PLACEMENT_3D('',#174,#175,#176);
#174 = CARTESIAN_POINT('',(17.9,24.74,10.));
#175 = DIRECTION('',(0.,-0.,1.));
#176 = DIRECTION('',(0.,1.,0.));
#177 = ORIENTED_EDGE('',*,*,#178,.T.);
#178 = EDGE_CURVE('',#170,#179,#181,.T.);
#179 = VERTEX_POINT('',#180);
#180 = CARTESIAN_POINT('',(18.5,14.94,10.));
#181 = LINE('',#182,#183);
#182 = CARTESIAN_POINT('',(18.5,7.17,10.));
#183 = VECTOR('',#184,1.);
#184 = DIRECTION('',(0.,-1.,0.));
#185 = ORIENTED_EDGE('',*,*,#186,.F.);
#186 = EDGE_CURVE('',#187,#179,#189,.T.);
#187 = VERTEX_POINT('',#188);
#188 = CARTESIAN_POINT('',(17.9,14.34,10.));
#189 = CIRCLE('',#190,0.6);
#190 = AXIS2_PLACEMENT_3D('',#191,#192,#193);
#191 = CARTESIAN_POINT('',(17.9,14.94,10.));
#192 = DIRECTION('',(-0.,0.,1.));
#193 = DIRECTION('',(0.,-1.,0.));
#194 = ORIENTED_EDGE('',*,*,#195,.T.);
#195 = EDGE_CURVE('',#187,#196,#198,.T.);
#196 = VERTEX_POINT('',#197);
#197 = CARTESIAN_POINT('',(8.1,14.34,10.));
#198 = LINE('',#199,#200);
#199 = CARTESIAN_POINT('',(3.75,14.34,10.));
#200 = VECTOR('',#201,1.);
#201 = DIRECTION('',(-1.,0.,0.));
#202 = ORIENTED_EDGE('',*,*,#203,.F.);
#203 = EDGE_CURVE('',#204,#196,#206,.T.);
#204 = VERTEX_POINT('',#205);
#205 = CARTESIAN_POINT('',(7.5,14.94,10.));
#206 = CIRCLE('',#207,0.6);
#207 = AXIS2_PLACEMENT_3D('',#208,#209,#210);
#208 = CARTESIAN_POINT('',(8.1,14.94,10.));
#209 = DIRECTION('',(0.,0.,1.));
#210 = DIRECTION('',(-1.,0.,0.));
#211 = ORIENTED_EDGE('',*,*,#212,.T.);
#212 = EDGE_CURVE('',#204,#153,#213,.T.);
#213 = LINE('',#214,#215);
#214 = CARTESIAN_POINT('',(7.5,12.67,10.));
#215 = VECTOR('',#216,1.);
#216 = DIRECTION('',(0.,1.,0.));
#217 = PLANE('',#218);
#218 = AXIS2_PLACEMENT_3D('',#219,#220,#221);
#219 = CARTESIAN_POINT('',(0.,0.,10.));
#220 = DIRECTION('',(0.,0.,1.));
#221 = DIRECTION('',(1.,0.,0.));
#222 = ADVANCED_FACE('',(#223),#241,.T.);
#223 = FACE_BOUND('',#224,.T.);
#224 = EDGE_LOOP('',(#225,#233,#234,#235));
#225 = ORIENTED_EDGE('',*,*,#226,.T.);
#226 = EDGE_CURVE('',#227,#40,#229,.T.);
#227 = VERTEX_POINT('',#228);
#228 = CARTESIAN_POINT('',(4.,6.45,0.));
#229 = LINE('',#230,#231);
#230 = CARTESIAN_POINT('',(0.876470588235,7.230882352941,0.));
#231 = VECTOR('',#232,1.);
#232 = DIRECTION('',(-0.970142500145,0.242535625036,0.));
#233 = ORIENTED_EDGE('',*,*,#47,.T.);
#234 = ORIENTED_EDGE('',*,*,#142,.F.);
#235 = ORIENTED_EDGE('',*,*,#236,.F.);
#236 = EDGE_CURVE('',#227,#135,#237,.T.);
#237 = LINE('',#238,#239);
#238 = CARTESIAN_POINT('',(4.,6.45,-1.));
#239 = VECTOR('',#240,1.);
#240 = DIRECTION('',(0.,0.,1.));
#241 = PLANE('',#242);
#242 = AXIS2_PLACEMENT_3D('',#243,#244,#245);
#243 = CARTESIAN_POINT('',(0.,7.45,-1.));
#244 = DIRECTION('',(0.242535625036,0.970142500145,0.));
#245 = DIRECTION('',(0.970142500145,-0.242535625036,0.));
#246 = ADVANCED_FACE('',(#247),#329,.F.);
#247 = FACE_BOUND('',#248,.F.);
#248 = EDGE_LOOP('',(#249,#250,#258,#266,#274,#282,#290,#298,#306,#314,
    #322,#328));
#249 = ORIENTED_EDGE('',*,*,#39,.F.);
#250 = ORIENTED_EDGE('',*,*,#251,.T.);
#251 = EDGE_CURVE('',#32,#252,#254,.T.);
#252 = VERTEX_POINT('',#253);
#253 = CARTESIAN_POINT('',(26.,0.,0.));
#254 = LINE('',#255,#256);
#255 = CARTESIAN_POINT('',(0.,0.,0.));
#256 = VECTOR('',#257,1.);
#257 = DIRECTION('',(1.,0.,0.));
#258 = ORIENTED_EDGE('',*,*,#259,.T.);
#259 = EDGE_CURVE('',#252,#260,#262,.T.);
#260 = VERTEX_POINT('',#261);
#261 = CARTESIAN_POINT('',(26.,7.575609756098,0.));
#262 = LINE('',#263,#264);
#263 = CARTESIAN_POINT('',(26.,0.,0.));
#264 = VECTOR('',#265,1.);
#265 = DIRECTION('',(0.,1.,0.));
#266 = ORIENTED_EDGE('',*,*,#267,.F.);
#267 = EDGE_CURVE('',#268,#260,#270,.T.);
#268 = VERTEX_POINT('',#269);
#269 = CARTESIAN_POINT('',(25.9,7.6,0.));
#270 = LINE('',#271,#272);
#271 = CARTESIAN_POINT('',(25.9,7.6,0.));
#272 = VECTOR('',#273,1.);
#273 = DIRECTION('',(0.971520338783,-0.236956180191,0.));
#274 = ORIENTED_EDGE('',*,*,#275,.F.);
#275 = EDGE_CURVE('',#276,#268,#278,.T.);
#276 = VERTEX_POINT('',#277);
#277 = CARTESIAN_POINT('',(25.9,11.6,0.));
#278 = LINE('',#279,#280);
#279 = CARTESIAN_POINT('',(25.9,11.6,0.));
#280 = VECTOR('',#281,1.);
#281 = DIRECTION('',(0.,-1.,0.));
#282 = ORIENTED_EDGE('',*,*,#283,.F.);
#283 = EDGE_CURVE('',#284,#276,#286,.T.);
#284 = VERTEX_POINT('',#285);
#285 = CARTESIAN_POINT('',(26.,11.624390243902,0.));
#286 = LINE('',#287,#288);
#287 = CARTESIAN_POINT('',(30.,12.6,0.));
#288 = VECTOR('',#289,1.);
#289 = DIRECTION('',(-0.971520338783,-0.236956180191,0.));
#290 = ORIENTED_EDGE('',*,*,#291,.T.);
#291 = EDGE_CURVE('',#284,#292,#294,.T.);
#292 = VERTEX_POINT('',#293);
#293 = CARTESIAN_POINT('',(26.,32.,0.));
#294 = LINE('',#295,#296);
#295 = CARTESIAN_POINT('',(26.,0.,0.));
#296 = VECTOR('',#297,1.);
#297 = DIRECTION('',(0.,1.,0.));
#298 = ORIENTED_EDGE('',*,*,#299,.F.);
#299 = EDGE_CURVE('',#300,#292,#302,.T.);
#300 = VERTEX_POINT('',#301);
#301 = CARTESIAN_POINT('',(0.,32.,0.));
#302 = LINE('',#303,#304);
#303 = CARTESIAN_POINT('',(0.,32.,0.));
#304 = VECTOR('',#305,1.);
#305 = DIRECTION('',(1.,0.,0.));
#306 = ORIENTED_EDGE('',*,*,#307,.F.);
#307 = EDGE_CURVE('',#308,#300,#310,.T.);
#308 = VERTEX_POINT('',#309);
#309 = CARTESIAN_POINT('',(0.,11.75,0.));
#310 = LINE('',#311,#312);
#311 = CARTESIAN_POINT('',(0.,0.,0.));
#312 = VECTOR('',#313,1.);
#313 = DIRECTION('',(0.,1.,0.));
#314 = ORIENTED_EDGE('',*,*,#315,.T.);
#315 = EDGE_CURVE('',#308,#316,#318,.T.);
#316 = VERTEX_POINT('',#317);
#317 = CARTESIAN_POINT('',(4.,12.75,0.));
#318 = LINE('',#319,#320);
#319 = CARTESIAN_POINT('',(0.617647058824,11.904411764706,0.));
#320 = VECTOR('',#321,1.);
#321 = DIRECTION('',(0.970142500145,0.242535625036,0.));
#322 = ORIENTED_EDGE('',*,*,#323,.T.);
#323 = EDGE_CURVE('',#316,#227,#324,.T.);
#324 = LINE('',#325,#326);
#325 = CARTESIAN_POINT('',(4.,3.225,0.));
#326 = VECTOR('',#327,1.);
#327 = DIRECTION('',(0.,-1.,0.));
#328 = ORIENTED_EDGE('',*,*,#226,.T.);
#329 = PLANE('',#330);
#330 = AXIS2_PLACEMENT_3D('',#331,#332,#333);
#331 = CARTESIAN_POINT('',(0.,0.,0.));
#332 = DIRECTION('',(0.,0.,1.));
#333 = DIRECTION('',(1.,0.,0.));
#334 = ADVANCED_FACE('',(#335,#346,#607,#641),#921,.T.);
#335 = FACE_BOUND('',#336,.T.);
#336 = EDGE_LOOP('',(#337,#338,#339,#345));
#337 = ORIENTED_EDGE('',*,*,#31,.T.);
#338 = ORIENTED_EDGE('',*,*,#251,.T.);
#339 = ORIENTED_EDGE('',*,*,#340,.F.);
#340 = EDGE_CURVE('',#63,#252,#341,.T.);
#341 = LINE('',#342,#343);
#342 = CARTESIAN_POINT('',(26.,0.,0.));
#343 = VECTOR('',#344,1.);
#344 = DIRECTION('',(0.,-0.342020143326,-0.939692620786));
#345 = ORIENTED_EDGE('',*,*,#62,.F.);
#346 = FACE_BOUND('',#347,.T.);
#347 = EDGE_LOOP('',(#348,#361,#376,#391,#408,#430,#445,#460,#475,#490,
    #505,#522,#539,#556,#575,#590));
#348 = ORIENTED_EDGE('',*,*,#349,.F.);
#349 = EDGE_CURVE('',#350,#352,#354,.T.);
#350 = VERTEX_POINT('',#351);
#351 = CARTESIAN_POINT('',(14.156178343949,2.257093984495,6.201314755988
    ));
#352 = VERTEX_POINT('',#353);
#353 = CARTESIAN_POINT('',(14.56008492569,2.146427594171,5.897261347479)
  );
#354 = B_SPLINE_CURVE_WITH_KNOTS('',5,(#355,#356,#357,#358,#359,#360),
  .UNSPECIFIED.,.F.,.F.,(6,6),(0.,1.),.PIECEWISE_BEZIER_KNOTS.);
#355 = CARTESIAN_POINT('',(14.156178343949,2.257093984495,6.201314755988
    ));
#356 = CARTESIAN_POINT('',(14.207560512571,2.228427270024,6.122553605289
    ));
#357 = CARTESIAN_POINT('',(14.274610455036,2.202901111593,6.052421061393
    ));
#358 = CARTESIAN_POINT('',(14.356803947938,2.180778084533,5.991638544097
    ));
#359 = CARTESIAN_POINT('',(14.452576822128,2.162012650032,5.940080936539
    ));
#360 = CARTESIAN_POINT('',(14.56008492569,2.146427594171,5.897261347479)
  );
#361 = ORIENTED_EDGE('',*,*,#362,.F.);
#362 = EDGE_CURVE('',#363,#350,#365,.T.);
#363 = VERTEX_POINT('',#364);
#364 = CARTESIAN_POINT('',(14.030148619958,2.411562190203,6.625712663193
    ));
#365 = B_SPLINE_CURVE_WITH_KNOTS('',5,(#366,#367,#368,#369,#370,#371,
    #372,#373,#374,#375),.UNSPECIFIED.,.F.,.F.,(6,4,6),(0.,
    0.558263811646,1.),.UNSPECIFIED.);
#366 = CARTESIAN_POINT('',(14.030148619958,2.411562190203,6.625712663193
    ));
#367 = CARTESIAN_POINT('',(14.030148619958,2.39292254204,6.57450065076)
  );
#368 = CARTESIAN_POINT('',(14.034026994417,2.374618227021,6.524209958565
    ));
#369 = CARTESIAN_POINT('',(14.041851360143,2.356682160582,6.474931021029
    ));
#370 = CARTESIAN_POINT('',(14.053647082188,2.339144230592,6.4267459544)
  );
#371 = CARTESIAN_POINT('',(14.081846396601,2.308489083854,6.342521630946
    ));
#372 = CARTESIAN_POINT('',(14.096774518485,2.295213054968,6.306046041362
    ));
#373 = CARTESIAN_POINT('',(14.114161905209,2.282215293814,6.270334986087
    ));
#374 = CARTESIAN_POINT('',(14.133978891051,2.269506244138,6.235417159081
    ));
#375 = CARTESIAN_POINT('',(14.156178343949,2.257093984495,6.201314755988
    ));
#376 = ORIENTED_EDGE('',*,*,#377,.F.);
#377 = EDGE_CURVE('',#378,#363,#380,.T.);
#378 = VERTEX_POINT('',#379);
#379 = CARTESIAN_POINT('',(14.32178343949,2.648638063649,7.277073272183)
  );
#380 = B_SPLINE_CURVE_WITH_KNOTS('',5,(#381,#382,#383,#384,#385,#386,
    #387,#388,#389,#390),.UNSPECIFIED.,.F.,.F.,(6,4,6),(0.,
    0.422387058257,1.),.UNSPECIFIED.);
#381 = CARTESIAN_POINT('',(14.32178343949,2.648638063649,7.277073272183)
  );
#382 = CARTESIAN_POINT('',(14.273100508855,2.633015451748,7.234150498753
    ));
#383 = CARTESIAN_POINT('',(14.228933169124,2.616342885605,7.188342999751
    ));
#384 = CARTESIAN_POINT('',(14.189677088378,2.598631595219,7.139681629346
    ));
#385 = CARTESIAN_POINT('',(14.155626534236,2.579923519433,7.088281613561
    ));
#386 = CARTESIAN_POINT('',(14.087630889408,2.533476847827,6.960670432115
    ));
#387 = CARTESIAN_POINT('',(14.058310827067,2.504937545213,6.882259342616
    ));
#388 = CARTESIAN_POINT('',(14.03928798201,2.474913742156,6.799769621672)
  );
#389 = CARTESIAN_POINT('',(14.030148619958,2.44369215867,6.713989026044)
  );
#390 = CARTESIAN_POINT('',(14.030148619958,2.411562190203,6.625712663193
    ));
#391 = ORIENTED_EDGE('',*,*,#392,.F.);
#392 = EDGE_CURVE('',#393,#378,#395,.T.);
#393 = VERTEX_POINT('',#394);
#394 = CARTESIAN_POINT('',(15.151167728238,2.742283324123,7.534361510774
    ));
#395 = B_SPLINE_CURVE_WITH_KNOTS('',6,(#396,#397,#398,#399,#400,#401,
    #402,#403,#404,#405,#406,#407),.UNSPECIFIED.,.F.,.F.,(7,5,7),(0.,
    0.505903350635,1.),.UNSPECIFIED.);
#396 = CARTESIAN_POINT('',(15.151167728238,2.742283324123,7.534361510774
    ));
#397 = CARTESIAN_POINT('',(15.068229823792,2.742283324123,7.534361510774
    ));
#398 = CARTESIAN_POINT('',(14.986919022543,2.740945946669,7.530687096418
    ));
#399 = CARTESIAN_POINT('',(14.907541308067,2.738157258621,7.523025238977
    ));
#400 = CARTESIAN_POINT('',(14.830474952424,2.733800110311,7.511054072382
    ));
#401 = CARTESIAN_POINT('',(14.756152986832,2.727765750461,7.494474804953
    ));
#402 = CARTESIAN_POINT('',(14.615546808692,2.712380433802,7.45220399484)
  );
#403 = CARTESIAN_POINT('',(14.549103197892,2.703108811,7.426730420551));
#404 = CARTESIAN_POINT('',(14.486135647048,2.692102844874,7.396491777141
    ));
#405 = CARTESIAN_POINT('',(14.42705336666,2.679331951475,7.361404035901)
  );
#406 = CARTESIAN_POINT('',(14.372192994142,2.664815377949,7.321520077931
    ));
#407 = CARTESIAN_POINT('',(14.32178343949,2.648638063649,7.277073272183)
  );
#408 = ORIENTED_EDGE('',*,*,#409,.F.);
#409 = EDGE_CURVE('',#410,#393,#412,.T.);
#410 = VERTEX_POINT('',#411);
#411 = CARTESIAN_POINT('',(15.977834394904,2.648638063649,7.277073272183
    ));
#412 = B_SPLINE_CURVE_WITH_KNOTS('',6,(#413,#414,#415,#416,#417,#418,
    #419,#420,#421,#422,#423,#424,#425,#426,#427,#428,#429),
  .UNSPECIFIED.,.F.,.F.,(7,5,5,7),(0.,3.442687699209E-02,0.500939510774,
    1.),.UNSPECIFIED.);
#413 = CARTESIAN_POINT('',(15.977834394904,2.648638063649,7.277073272183
    ));
#414 = CARTESIAN_POINT('',(15.974304710581,2.649761645461,7.280160287841
    ));
#415 = CARTESIAN_POINT('',(15.970754142647,2.65087723423,7.283225342793)
  );
#416 = CARTESIAN_POINT('',(15.96718275766,2.651984804096,7.286268365992)
  );
#417 = CARTESIAN_POINT('',(15.963590625091,2.653084330298,7.289289289403
    ));
#418 = CARTESIAN_POINT('',(15.959977817329,2.65417578917,7.292288048009)
  );
#419 = CARTESIAN_POINT('',(15.907108733392,2.669939703057,7.335599045455
    ));
#420 = CARTESIAN_POINT('',(15.854084154076,2.68313659544,7.371857209283)
  );
#421 = CARTESIAN_POINT('',(15.797471984122,2.694788325037,7.403870073248
    ));
#422 = CARTESIAN_POINT('',(15.737549769922,2.704882628965,7.431603945355
    ));
#423 = CARTESIAN_POINT('',(15.674646735051,2.713445014627,7.455128906619
    ));
#424 = CARTESIAN_POINT('',(15.539019960023,2.728103669371,7.495403229527
    ));
#425 = CARTESIAN_POINT('',(15.465907533724,2.733987260454,7.511568263175
    ));
#426 = CARTESIAN_POINT('',(15.390191317595,2.738243510689,7.523262214587
    ));
#427 = CARTESIAN_POINT('',(15.312271364639,2.74097247953,7.530759994855)
  );
#428 = CARTESIAN_POINT('',(15.232500423848,2.742283324123,7.534361510774
    ));
#429 = CARTESIAN_POINT('',(15.151167728238,2.742283324123,7.534361510774
    ));
#430 = ORIENTED_EDGE('',*,*,#431,.F.);
#431 = EDGE_CURVE('',#432,#410,#434,.T.);
#432 = VERTEX_POINT('',#433);
#433 = CARTESIAN_POINT('',(16.272186836518,2.411562190203,6.625712663193
    ));
#434 = B_SPLINE_CURVE_WITH_KNOTS('',5,(#435,#436,#437,#438,#439,#440,
    #441,#442,#443,#444),.UNSPECIFIED.,.F.,.F.,(6,4,6),(0.,
    0.569451903194,1.),.UNSPECIFIED.);
#435 = CARTESIAN_POINT('',(16.272186836518,2.411562190203,6.625712663193
    ));
#436 = CARTESIAN_POINT('',(16.272186836518,2.443259301166,6.712799759827
    ));
#437 = CARTESIAN_POINT('',(16.26320919813,2.474072226606,6.797457576701)
  );
#438 = CARTESIAN_POINT('',(16.244532855061,2.50372001832,6.878914214971)
  );
#439 = CARTESIAN_POINT('',(16.215759932568,2.531924772133,6.956406139193
    ));
#440 = CARTESIAN_POINT('',(16.148083877827,2.57853301727,7.084461240269)
  );
#441 = CARTESIAN_POINT('',(16.113356745876,2.597654009965,7.136995735934
    ));
#442 = CARTESIAN_POINT('',(16.073173902029,2.615735657093,7.186674653126
    ));
#443 = CARTESIAN_POINT('',(16.027856522692,2.632733900445,7.233376942904
    ));
#444 = CARTESIAN_POINT('',(15.977834394904,2.648638063649,7.277073272183
    ));
#445 = ORIENTED_EDGE('',*,*,#446,.F.);
#446 = EDGE_CURVE('',#447,#432,#449,.T.);
#447 = VERTEX_POINT('',#448);
#448 = CARTESIAN_POINT('',(16.137154989384,2.252737039994,6.189344149354
    ));
#449 = B_SPLINE_CURVE_WITH_KNOTS('',5,(#450,#451,#452,#453,#454,#455,
    #456,#457,#458,#459),.UNSPECIFIED.,.F.,.F.,(6,4,6),(0.,
    0.299037531569,1.),.UNSPECIFIED.);
#450 = CARTESIAN_POINT('',(16.137154989384,2.252737039994,6.189344149354
    ));
#451 = CARTESIAN_POINT('',(16.153324721338,2.261063905059,6.212222023094
    ));
#452 = CARTESIAN_POINT('',(16.168309696788,2.269580867688,6.235622185599
    ));
#453 = CARTESIAN_POINT('',(16.182093972488,2.278284787845,6.259536009692
    ));
#454 = CARTESIAN_POINT('',(16.194666521145,2.287171692153,6.283952578605
    ));
#455 = CARTESIAN_POINT('',(16.232637374563,2.317485886133,6.367240142056
    ));
#456 = CARTESIAN_POINT('',(16.252563239147,2.33971494868,6.428313989458)
  );
#457 = CARTESIAN_POINT('',(16.265716809904,2.362859970318,6.491904413781
    ));
#458 = CARTESIAN_POINT('',(16.272186836518,2.386839818514,6.557788505222
    ));
#459 = CARTESIAN_POINT('',(16.272186836518,2.411562190203,6.625712663193
    ));
#460 = ORIENTED_EDGE('',*,*,#461,.F.);
#461 = EDGE_CURVE('',#462,#447,#464,.T.);
#462 = VERTEX_POINT('',#463);
#463 = CARTESIAN_POINT('',(15.757537154989,2.146427594171,5.897261347479
    ));
#464 = B_SPLINE_CURVE_WITH_KNOTS('',5,(#465,#466,#467,#468,#469,#470,
    #471,#472,#473,#474),.UNSPECIFIED.,.F.,.F.,(6,4,6),(0.,
    0.781077579952,1.),.UNSPECIFIED.);
#465 = CARTESIAN_POINT('',(15.757537154989,2.146427594171,5.897261347479
    ));
#466 = CARTESIAN_POINT('',(15.832820831482,2.157746220498,5.928359017731
    ));
#467 = CARTESIAN_POINT('',(15.902365888507,2.171117437719,5.965096135116
    ));
#468 = CARTESIAN_POINT('',(15.965695410404,2.186585516789,6.007594333085
    ));
#469 = CARTESIAN_POINT('',(16.022447436728,2.204146352515,6.055842332708
    ));
#470 = CARTESIAN_POINT('',(16.086450194992,2.229214629079,6.124716856512
    ));
#471 = CARTESIAN_POINT('',(16.099930940387,2.234861373515,6.140231159344
    ));
#472 = CARTESIAN_POINT('',(16.112876906199,2.240665321973,6.156177376675
    ));
#473 = CARTESIAN_POINT('',(16.125285413239,2.246624609732,6.172550385229
    ));
#474 = CARTESIAN_POINT('',(16.137154989384,2.252737039994,6.189344149354
    ));
#475 = ORIENTED_EDGE('',*,*,#476,.F.);
#476 = EDGE_CURVE('',#477,#462,#479,.T.);
#477 = VERTEX_POINT('',#478);
#478 = CARTESIAN_POINT('',(16.230063694268,2.021644703663,5.554423173475
    ));
#479 = B_SPLINE_CURVE_WITH_KNOTS('',5,(#480,#481,#482,#483,#484,#485,
    #486,#487,#488,#489),.UNSPECIFIED.,.F.,.F.,(6,4,6),(0.,
    9.479518382092E-02,1.),.UNSPECIFIED.);
#480 = CARTESIAN_POINT('',(16.230063694268,2.021644703663,5.554423173475
    ));
#481 = CARTESIAN_POINT('',(16.22385651698,2.024793492831,5.563074400612)
  );
#482 = CARTESIAN_POINT('',(16.217510464432,2.027906889246,5.57162838696)
  );
#483 = CARTESIAN_POINT('',(16.211025905655,2.030984601348,5.580084331464
    ));
#484 = CARTESIAN_POINT('',(16.20440330098,2.034026360363,5.588441495674)
  );
#485 = CARTESIAN_POINT('',(16.133090617471,2.065732189914,5.675552546429
    ));
#486 = CARTESIAN_POINT('',(16.055987950472,2.09113723354,5.745352330132)
  );
#487 = CARTESIAN_POINT('',(15.966850322689,2.11301105573,5.805450162675)
  );
#488 = CARTESIAN_POINT('',(15.866884199113,2.131386291278,5.855935707422
    ));
#489 = CARTESIAN_POINT('',(15.757537154989,2.146427594171,5.897261347479
    ));
#490 = ORIENTED_EDGE('',*,*,#491,.F.);
#491 = EDGE_CURVE('',#492,#477,#494,.T.);
#492 = VERTEX_POINT('',#493);
#493 = CARTESIAN_POINT('',(16.391932059448,1.832320941948,5.034260413196
    ));
#494 = B_SPLINE_CURVE_WITH_KNOTS('',5,(#495,#496,#497,#498,#499,#500,
    #501,#502,#503,#504),.UNSPECIFIED.,.F.,.F.,(6,4,6),(0.,
    0.733425617594,1.),.UNSPECIFIED.);
#495 = CARTESIAN_POINT('',(16.391932059448,1.832320941948,5.034260413196
    ));
#496 = CARTESIAN_POINT('',(16.391932059448,1.863221599344,5.119159271639
    ));
#497 = CARTESIAN_POINT('',(16.383541298065,1.893185580585,5.201484633494
    ));
#498 = CARTESIAN_POINT('',(16.366354287134,1.922043837467,5.280772042643
    ));
#499 = CARTESIAN_POINT('',(16.340185606494,1.94964313354,5.356600485396)
  );
#500 = CARTESIAN_POINT('',(16.29248274323,1.985393485631,5.454823770503)
  );
#501 = CARTESIAN_POINT('',(16.278601076832,1.994741719595,5.480507832231
    ));
#502 = CARTESIAN_POINT('',(16.263561512896,2.003902556209,5.505677023971
    ));
#503 = CARTESIAN_POINT('',(16.247376533303,2.01287142807,5.530318796889)
  );
#504 = CARTESIAN_POINT('',(16.230063694268,2.021644703663,5.554423173475
    ));
#505 = ORIENTED_EDGE('',*,*,#506,.F.);
#506 = EDGE_CURVE('',#507,#492,#509,.T.);
#507 = VERTEX_POINT('',#508);
#508 = CARTESIAN_POINT('',(16.061910828025,1.544355956731,4.243083118719
    ));
#509 = B_SPLINE_CURVE_WITH_KNOTS('',6,(#510,#511,#512,#513,#514,#515,
    #516,#517,#518,#519,#520,#521),.UNSPECIFIED.,.F.,.F.,(7,5,7),(0.,
    0.309875841319,1.),.UNSPECIFIED.);
#510 = CARTESIAN_POINT('',(16.061910828025,1.544355956731,4.243083118719
    ));
#511 = CARTESIAN_POINT('',(16.096090681817,1.55583557522,4.274623111301)
  );
#512 = CARTESIAN_POINT('',(16.128358751641,1.567813051312,4.307530956407
    ));
#513 = CARTESIAN_POINT('',(16.158617794008,1.58028227603,4.341789869758)
  );
#514 = CARTESIAN_POINT('',(16.186786439337,1.593232088232,4.377369186368
    ));
#515 = CARTESIAN_POINT('',(16.21280235161,1.606645546155,4.414222359127)
  );
#516 = CARTESIAN_POINT('',(16.289681647247,1.651352654475,4.537054129726
    ));
#517 = CARTESIAN_POINT('',(16.3318836494,1.684402384464,4.627857516589)
  );
#518 = CARTESIAN_POINT('',(16.36272808282,1.719368871671,4.723927150629)
  );
#519 = CARTESIAN_POINT('',(16.382503232058,1.755909504412,4.824321713977
    ));
#520 = CARTESIAN_POINT('',(16.391932059448,1.793670160597,4.92806826419)
  );
#521 = CARTESIAN_POINT('',(16.391932059448,1.832320941948,5.034260413196
    ));
#522 = ORIENTED_EDGE('',*,*,#523,.F.);
#523 = EDGE_CURVE('',#524,#507,#526,.T.);
#524 = VERTEX_POINT('',#525);
#525 = CARTESIAN_POINT('',(15.184288747346,1.43357338122,3.938710494033)
  );
#526 = B_SPLINE_CURVE_WITH_KNOTS('',6,(#527,#528,#529,#530,#531,#532,
    #533,#534,#535,#536,#537,#538),.UNSPECIFIED.,.F.,.F.,(7,5,7),(0.,
    0.7890282777,1.),.UNSPECIFIED.);
#527 = CARTESIAN_POINT('',(15.184288747346,1.43357338122,3.938710494033)
  );
#528 = CARTESIAN_POINT('',(15.318976077945,1.43357338122,3.938710494033)
  );
#529 = CARTESIAN_POINT('',(15.450204534618,1.43759206046,3.949751724501)
  );
#530 = CARTESIAN_POINT('',(15.576489615138,1.446126633067,3.973200270025
    ));
#531 = CARTESIAN_POINT('',(15.696141991264,1.459601902255,4.010223267838
    ));
#532 = CARTESIAN_POINT('',(15.80748559283,1.478217651658,4.061369618969)
  );
#533 = CARTESIAN_POINT('',(15.93645713678,1.507936363849,4.143021109649)
  );
#534 = CARTESIAN_POINT('',(15.962984958803,1.514552553289,4.161198940739
    ));
#535 = CARTESIAN_POINT('',(15.988809687139,1.521510040268,4.18031447911)
  );
#536 = CARTESIAN_POINT('',(16.013913834004,1.528802174803,4.200349454085
    ));
#537 = CARTESIAN_POINT('',(16.038283990782,1.536420740936,4.221281292503
    ));
#538 = CARTESIAN_POINT('',(16.061910828025,1.544355956731,4.243083118719
    ));
#539 = ORIENTED_EDGE('',*,*,#540,.F.);
#540 = EDGE_CURVE('',#541,#524,#543,.T.);
#541 = VERTEX_POINT('',#542);
#542 = CARTESIAN_POINT('',(14.335881104034,1.525185400927,4.190412449528
    ));
#543 = B_SPLINE_CURVE_WITH_KNOTS('',6,(#544,#545,#546,#547,#548,#549,
    #550,#551,#552,#553,#554,#555),.UNSPECIFIED.,.F.,.F.,(7,5,7),(0.,
    0.134831609017,1.),.UNSPECIFIED.);
#544 = CARTESIAN_POINT('',(14.335881104034,1.525185400927,4.190412449528
    ));
#545 = CARTESIAN_POINT('',(14.351445521138,1.520977424108,4.178851128236
    ));
#546 = CARTESIAN_POINT('',(14.367239695049,1.516881720347,4.167598274638
    ));
#547 = CARTESIAN_POINT('',(14.383260965625,1.512899586522,4.156657451873
    ));
#548 = CARTESIAN_POINT('',(14.399506321918,1.509032157467,4.146031777873
    ));
#549 = CARTESIAN_POINT('',(14.415972402177,1.505280405974,4.135723925361
    ));
#550 = CARTESIAN_POINT('',(14.539705195902,1.478318900363,4.061647797501
    ));
#551 = CARTESIAN_POINT('',(14.655732997182,1.459779396218,4.010710928495
    ));
#552 = CARTESIAN_POINT('',(14.779634082171,1.446277932838,3.973615962729
    ));
#553 = CARTESIAN_POINT('',(14.909986811455,1.437661807785,3.949943353702
    ));
#554 = CARTESIAN_POINT('',(15.045320953551,1.43357338122,3.938710494033)
  );
#555 = CARTESIAN_POINT('',(15.184288747346,1.43357338122,3.938710494033)
  );
#556 = ORIENTED_EDGE('',*,*,#557,.F.);
#557 = EDGE_CURVE('',#558,#541,#560,.T.);
#558 = VERTEX_POINT('',#559);
#559 = CARTESIAN_POINT('',(13.935881104034,1.821864275146,5.005530957274
    ));
#560 = B_SPLINE_CURVE_WITH_KNOTS('',5,(#561,#562,#563,#564,#565,#566,
    #567,#568,#569,#570,#571,#572,#573,#574),.UNSPECIFIED.,.F.,.F.,(6,4,
    4,6),(0.,0.204887901739,0.605476837512,1.),.UNSPECIFIED.);
#561 = CARTESIAN_POINT('',(13.935881104034,1.821864275146,5.005530957274
    ));
#562 = CARTESIAN_POINT('',(13.935881104034,1.807246148073,4.965367983227
    ));
#563 = CARTESIAN_POINT('',(13.937384439472,1.792764291366,4.925579408933
    ));
#564 = CARTESIAN_POINT('',(13.940459191012,1.778440244414,4.886224413377
    ));
#565 = CARTESIAN_POINT('',(13.945168843031,1.764298177963,4.847369405137
    ));
#566 = CARTESIAN_POINT('',(13.964063734856,1.72312002055,4.734233347471)
  );
#567 = CARTESIAN_POINT('',(13.983005451,1.696664850367,4.661548364767));
#568 = CARTESIAN_POINT('',(14.008754628024,1.671204421804,4.5915964122)
  );
#569 = CARTESIAN_POINT('',(14.041458137644,1.646935602942,4.524918380378
    ));
#570 = CARTESIAN_POINT('',(14.119630903851,1.601439394743,4.399918575682
    ));
#571 = CARTESIAN_POINT('',(14.164911060944,1.580164702582,4.341466839365
    ));
#572 = CARTESIAN_POINT('',(14.216430262997,1.560339743379,4.286998211611
    ));
#573 = CARTESIAN_POINT('',(14.273643920642,1.542015643668,4.236653161423
    ));
#574 = CARTESIAN_POINT('',(14.335881104034,1.525185400927,4.190412449528
    ));
#575 = ORIENTED_EDGE('',*,*,#576,.F.);
#576 = EDGE_CURVE('',#577,#558,#579,.T.);
#577 = VERTEX_POINT('',#578);
#578 = CARTESIAN_POINT('',(14.086199575372,2.012466073915,5.529205095499
    ));
#579 = B_SPLINE_CURVE_WITH_KNOTS('',5,(#580,#581,#582,#583,#584,#585,
    #586,#587,#588,#589),.UNSPECIFIED.,.F.,.F.,(6,4,6),(0.,
    0.398385752751,1.),.UNSPECIFIED.);
#580 = CARTESIAN_POINT('',(14.086199575372,2.012466073915,5.529205095499
    ));
#581 = CARTESIAN_POINT('',(14.06230320186,1.99866887234,5.491297595721)
  );
#582 = CARTESIAN_POINT('',(14.040710636874,1.984562207237,5.452539851887
    ));
#583 = CARTESIAN_POINT('',(14.021472960536,1.97015596417,5.41295902436)
  );
#584 = CARTESIAN_POINT('',(14.004623191351,1.955462692647,5.372589592633
    ));
#585 = CARTESIAN_POINT('',(13.968359582395,1.917898381121,5.269382494938
    ));
#586 = CARTESIAN_POINT('',(13.952021596876,1.894678534332,5.205586490204
    ));
#587 = CARTESIAN_POINT('',(13.941214285997,1.870891536579,5.140232251));
#588 = CARTESIAN_POINT('',(13.935881104034,1.846598187461,5.073486822856
    ));
#589 = CARTESIAN_POINT('',(13.935881104034,1.821864275146,5.005530957274
    ));
#590 = ORIENTED_EDGE('',*,*,#591,.F.);
#591 = EDGE_CURVE('',#352,#577,#592,.T.);
#592 = B_SPLINE_CURVE_WITH_KNOTS('',5,(#593,#594,#595,#596,#597,#598,
    #599,#600,#601,#602,#603,#604,#605,#606),.UNSPECIFIED.,.F.,.F.,(6,4,
    4,6),(0.,0.466716683163,0.921290861183,1.),.UNSPECIFIED.);
#593 = CARTESIAN_POINT('',(14.56008492569,2.146427594171,5.897261347479)
  );
#594 = CARTESIAN_POINT('',(14.501788650342,2.137939340174,5.873940061291
    ));
#595 = CARTESIAN_POINT('',(14.446302603577,2.128542339406,5.848122013872
    ));
#596 = CARTESIAN_POINT('',(14.393868218985,2.118208123591,5.819728989272
    ));
#597 = CARTESIAN_POINT('',(14.344722110775,2.106918527392,5.788711078641
    ));
#598 = CARTESIAN_POINT('',(14.254591322578,2.082751100019,5.722311617646
    ));
#599 = CARTESIAN_POINT('',(14.213425749141,2.069921764096,5.687063306891
    ));
#600 = CARTESIAN_POINT('',(14.175751616009,2.056189778052,5.649334985311
    ));
#601 = CARTESIAN_POINT('',(14.141705507185,2.041572730598,5.609174977492
    ));
#602 = CARTESIAN_POINT('',(14.106104903761,2.023429727149,5.559327485195
    ));
#603 = CARTESIAN_POINT('',(14.100961388724,2.020726497046,5.551900421526
    ));
#604 = CARTESIAN_POINT('',(14.095929138562,2.01799801045,5.544403966216)
  );
#605 = CARTESIAN_POINT('',(14.091008454392,2.01524446552,5.536838663696)
  );
#606 = CARTESIAN_POINT('',(14.086199575372,2.012466073915,5.529205095499
    ));
#607 = FACE_BOUND('',#608,.T.);
#608 = EDGE_LOOP('',(#609,#619,#627,#635));
#609 = ORIENTED_EDGE('',*,*,#610,.F.);
#610 = EDGE_CURVE('',#611,#613,#615,.T.);
#611 = VERTEX_POINT('',#612);
#612 = CARTESIAN_POINT('',(13.195838641189,2.753437102045,7.565006263758
    ));
#613 = VERTEX_POINT('',#614);
#614 = CARTESIAN_POINT('',(12.270997876858,1.43357338122,3.938710494033)
  );
#615 = LINE('',#616,#617);
#616 = CARTESIAN_POINT('',(11.435607635278,0.241366771047,0.663149753258
    ));
#617 = VECTOR('',#618,1.);
#618 = DIRECTION('',(-0.233057266823,-0.332601938861,-0.913816316689));
#619 = ORIENTED_EDGE('',*,*,#620,.F.);
#620 = EDGE_CURVE('',#621,#611,#623,.T.);
#621 = VERTEX_POINT('',#622);
#622 = CARTESIAN_POINT('',(13.733418259023,2.753437102045,7.565006263758
    ));
#623 = LINE('',#624,#625);
#624 = CARTESIAN_POINT('',(6.097919320594,2.753437102045,7.565006263758)
  );
#625 = VECTOR('',#626,1.);
#626 = DIRECTION('',(-1.,0.,0.));
#627 = ORIENTED_EDGE('',*,*,#628,.F.);
#628 = EDGE_CURVE('',#629,#621,#631,.T.);
#629 = VERTEX_POINT('',#630);
#630 = CARTESIAN_POINT('',(12.79838641189,1.43357338122,3.938710494033)
  );
#631 = LINE('',#632,#633);
#632 = CARTESIAN_POINT('',(12.403689112642,0.876430169915,2.407972101571
    ));
#633 = VECTOR('',#634,1.);
#634 = DIRECTION('',(0.235483715343,0.332401953666,0.913266861879));
#635 = ORIENTED_EDGE('',*,*,#636,.F.);
#636 = EDGE_CURVE('',#613,#629,#637,.T.);
#637 = LINE('',#638,#639);
#638 = CARTESIAN_POINT('',(5.899193205945,1.43357338122,3.938710494033)
  );
#639 = VECTOR('',#640,1.);
#640 = DIRECTION('',(1.,0.,0.));
#641 = FACE_BOUND('',#642,.T.);
#642 = EDGE_LOOP('',(#643,#653,#668,#683,#698,#713,#728,#743,#760,#768,
    #776,#784,#792,#800,#808,#823,#838,#855,#870,#889,#906));
#643 = ORIENTED_EDGE('',*,*,#644,.F.);
#644 = EDGE_CURVE('',#645,#647,#649,.T.);
#645 = VERTEX_POINT('',#646);
#646 = CARTESIAN_POINT('',(10.32144373673,1.80908390461,4.970417177814)
  );
#647 = VERTEX_POINT('',#648);
#648 = CARTESIAN_POINT('',(9.608067940552,1.783987904284,4.901466483601)
  );
#649 = LINE('',#650,#651);
#650 = CARTESIAN_POINT('',(4.094116270301,1.590011414399,4.368520457736)
  );
#651 = VECTOR('',#652,1.);
#652 = DIRECTION('',(-0.994751810339,-3.499458755099E-02,
    -9.614683909947E-02));
#653 = ORIENTED_EDGE('',*,*,#654,.F.);
#654 = EDGE_CURVE('',#655,#645,#657,.T.);
#655 = VERTEX_POINT('',#656);
#656 = CARTESIAN_POINT('',(10.502335456476,1.678666032547,4.61209701923)
  );
#657 = B_SPLINE_CURVE_WITH_KNOTS('',5,(#658,#659,#660,#661,#662,#663,
    #664,#665,#666,#667),.UNSPECIFIED.,.F.,.F.,(6,4,6),(0.,
    0.160744724578,1.),.UNSPECIFIED.);
#658 = CARTESIAN_POINT('',(10.502335456476,1.678666032547,4.61209701923)
  );
#659 = CARTESIAN_POINT('',(10.492601881111,1.681780696141,4.620654487123
    ));
#660 = CARTESIAN_POINT('',(10.483176811908,1.684986722401,4.629462971878
    ));
#661 = CARTESIAN_POINT('',(10.474062694113,1.68828374382,4.638521463779)
  );
#662 = CARTESIAN_POINT('',(10.465261527304,1.691671257982,4.647828582447
    ));
#663 = CARTESIAN_POINT('',(10.41246563037,1.71330412703,4.707264401672)
  );
#664 = CARTESIAN_POINT('',(10.3767248136,1.733910956033,4.763881199047)
  );
#665 = CARTESIAN_POINT('',(10.349791735422,1.756873426558,4.826970068309
    ));
#666 = CARTESIAN_POINT('',(10.331500118147,1.782007514255,4.896025406713
    ));
#667 = CARTESIAN_POINT('',(10.32144373673,1.80908390461,4.970417177814)
  );
#668 = ORIENTED_EDGE('',*,*,#669,.F.);
#669 = EDGE_CURVE('',#670,#655,#672,.T.);
#670 = VERTEX_POINT('',#671);
#671 = CARTESIAN_POINT('',(10.848832271762,1.63062345785,4.480101130076)
  );
#672 = B_SPLINE_CURVE_WITH_KNOTS('',5,(#673,#674,#675,#676,#677,#678,
    #679,#680,#681,#682),.UNSPECIFIED.,.F.,.F.,(6,4,6),(0.,
    0.410465127989,1.),.UNSPECIFIED.);
#673 = CARTESIAN_POINT('',(10.848832271762,1.63062345785,4.480101130076)
  );
#674 = CARTESIAN_POINT('',(10.81671893092,1.63062345785,4.480101130076)
  );
#675 = CARTESIAN_POINT('',(10.785270902987,1.631428006709,4.4823116099)
  );
#676 = CARTESIAN_POINT('',(10.754530957403,1.633047565307,4.486761310575
    ));
#677 = CARTESIAN_POINT('',(10.724536659116,1.635485654997,4.493459906946
    ));
#678 = CARTESIAN_POINT('',(10.653358162951,1.643411304198,4.51523544916)
  );
#679 = CARTESIAN_POINT('',(10.61299935002,1.649765273812,4.532692837199)
  );
#680 = CARTESIAN_POINT('',(10.574341277652,1.657790234593,4.554741235737
    ));
#681 = CARTESIAN_POINT('',(10.537443592044,1.667445287615,4.581268275898
    ));
#682 = CARTESIAN_POINT('',(10.502335456476,1.678666032547,4.61209701923)
  );
#683 = ORIENTED_EDGE('',*,*,#684,.F.);
#684 = EDGE_CURVE('',#685,#670,#687,.T.);
#685 = VERTEX_POINT('',#686);
#686 = CARTESIAN_POINT('',(11.228450106157,1.693131088291,4.651839433255
    ));
#687 = B_SPLINE_CURVE_WITH_KNOTS('',5,(#688,#689,#690,#691,#692,#693,
    #694,#695,#696,#697),.UNSPECIFIED.,.F.,.F.,(6,4,6),(0.,
    0.596974161032,1.),.UNSPECIFIED.);
#688 = CARTESIAN_POINT('',(11.228450106157,1.693131088291,4.651839433255
    ));
#689 = CARTESIAN_POINT('',(11.191948323586,1.678450044444,4.611503596793
    ));
#690 = CARTESIAN_POINT('',(11.152676270535,1.665763738852,4.576648258643
    ));
#691 = CARTESIAN_POINT('',(11.110645139416,1.655212514549,4.547659008121
    ));
#692 = CARTESIAN_POINT('',(11.065941788026,1.646891761917,4.524797928154
    ));
#693 = CARTESIAN_POINT('',(10.986909178413,1.636730419847,4.496879870265
    ));
#694 = CARTESIAN_POINT('',(10.953925968635,1.633662520893,4.488450887163
    ));
#695 = CARTESIAN_POINT('',(10.919869840546,1.631629540877,4.482865320474
    ));
#696 = CARTESIAN_POINT('',(10.884811658568,1.63062345785,4.480101130076)
  );
#697 = CARTESIAN_POINT('',(10.848832271762,1.63062345785,4.480101130076)
  );
#698 = ORIENTED_EDGE('',*,*,#699,.F.);
#699 = EDGE_CURVE('',#700,#685,#702,.T.);
#700 = VERTEX_POINT('',#701);
#701 = CARTESIAN_POINT('',(11.383864118896,1.881583461106,5.169608072207
    ));
#702 = B_SPLINE_CURVE_WITH_KNOTS('',5,(#703,#704,#705,#706,#707,#708,
    #709,#710,#711,#712),.UNSPECIFIED.,.F.,.F.,(6,4,6),(0.,
    0.536280968923,1.),.UNSPECIFIED.);
#703 = CARTESIAN_POINT('',(11.383864118896,1.881583461106,5.169608072207
    ));
#704 = CARTESIAN_POINT('',(11.383864118896,1.85634830907,5.100275061812)
  );
#705 = CARTESIAN_POINT('',(11.379964189801,1.832144954837,5.033776892583
    ));
#706 = CARTESIAN_POINT('',(11.371820080528,1.809127873821,4.970537982229
    ));
#707 = CARTESIAN_POINT('',(11.359080936341,1.787481533918,4.911065152132
    ));
#708 = CARTESIAN_POINT('',(11.326328237085,1.750003444991,4.80809494908)
  );
#709 = CARTESIAN_POINT('',(11.307531663039,1.733780395521,4.763522486987
    ));
#710 = CARTESIAN_POINT('',(11.284980878325,1.71883040848,4.722447735171)
  );
#711 = CARTESIAN_POINT('',(11.25860061565,1.705257645425,4.685156875158)
  );
#712 = CARTESIAN_POINT('',(11.228450106157,1.693131088291,4.651839433255
    ));
#713 = ORIENTED_EDGE('',*,*,#714,.F.);
#714 = EDGE_CURVE('',#715,#700,#717,.T.);
#715 = VERTEX_POINT('',#716);
#716 = CARTESIAN_POINT('',(11.229639065817,2.058649685625,5.656093525822
    ));
#717 = B_SPLINE_CURVE_WITH_KNOTS('',5,(#718,#719,#720,#721,#722,#723,
    #724,#725,#726,#727),.UNSPECIFIED.,.F.,.F.,(6,4,6),(0.,
    0.463693229156,1.),.UNSPECIFIED.);
#718 = CARTESIAN_POINT('',(11.229639065817,2.058649685625,5.656093525822
    ));
#719 = CARTESIAN_POINT('',(11.259334015503,2.047285400071,5.624870407875
    ));
#720 = CARTESIAN_POINT('',(11.285386264303,2.0345800289,5.589962687475)
  );
#721 = CARTESIAN_POINT('',(11.307724470201,2.020586430456,5.551515591733
    ));
#722 = CARTESIAN_POINT('',(11.326395641692,2.005389022511,5.509761056571
    ));
#723 = CARTESIAN_POINT('',(11.359007674991,1.97023358625,5.413172289272)
  );
#724 = CARTESIAN_POINT('',(11.371750749253,1.949901537157,5.357310443499
    ));
#725 = CARTESIAN_POINT('',(11.379932673477,1.928243068811,5.297804290778
    ));
#726 = CARTESIAN_POINT('',(11.383864118896,1.905422521875,5.235105353372
    ));
#727 = CARTESIAN_POINT('',(11.383864118896,1.881583461106,5.169608072207
    ));
#728 = ORIENTED_EDGE('',*,*,#729,.F.);
#729 = EDGE_CURVE('',#730,#715,#732,.T.);
#730 = VERTEX_POINT('',#731);
#731 = CARTESIAN_POINT('',(10.828450106157,2.117671760465,5.818255343693
    ));
#732 = B_SPLINE_CURVE_WITH_KNOTS('',5,(#733,#734,#735,#736,#737,#738,
    #739,#740,#741,#742),.UNSPECIFIED.,.F.,.F.,(6,4,6),(0.,
    0.599002291367,1.),.UNSPECIFIED.);
#733 = CARTESIAN_POINT('',(10.828450106157,2.117671760465,5.818255343693
    ));
#734 = CARTESIAN_POINT('',(10.88668388084,2.117671760465,5.818255343693)
  );
#735 = CARTESIAN_POINT('',(10.942326504292,2.115623527547,5.812627870003
    ));
#736 = CARTESIAN_POINT('',(10.995052592757,2.11143714638,5.801125882276)
  );
#737 = CARTESIAN_POINT('',(11.044585993276,2.105072458253,5.783639045367
    ));
#738 = CARTESIAN_POINT('',(11.121632148248,2.090870128876,5.744618466099
    ));
#739 = CARTESIAN_POINT('',(11.15101351124,2.084214480088,5.726332221342)
  );
#740 = CARTESIAN_POINT('',(11.178825090363,2.076608455847,5.705434841489
    ));
#741 = CARTESIAN_POINT('',(11.205036583339,2.068075459932,5.681990627892
    ));
#742 = CARTESIAN_POINT('',(11.229639065817,2.058649685625,5.656093525822
    ));
#743 = ORIENTED_EDGE('',*,*,#744,.F.);
#744 = EDGE_CURVE('',#745,#730,#747,.T.);
#745 = VERTEX_POINT('',#746);
#746 = CARTESIAN_POINT('',(10.275583864119,2.024723611111,5.562882402163
    ));
#747 = B_SPLINE_CURVE_WITH_KNOTS('',6,(#748,#749,#750,#751,#752,#753,
    #754,#755,#756,#757,#758,#759),.UNSPECIFIED.,.F.,.F.,(7,5,7),(0.,
    0.751431258756,1.),.UNSPECIFIED.);
#748 = CARTESIAN_POINT('',(10.275583864119,2.024723611111,5.562882402163
    ));
#749 = CARTESIAN_POINT('',(10.334193712042,2.046996665096,5.624077115051
    ));
#750 = CARTESIAN_POINT('',(10.396303899718,2.06656358855,5.677836795409)
  );
#751 = CARTESIAN_POINT('',(10.461888140931,2.083077358181,5.723208004579
    ));
#752 = CARTESIAN_POINT('',(10.530803430561,2.096229395565,5.759342930311
    ));
#753 = CARTESIAN_POINT('',(10.602735065782,2.105806900316,5.785656908349
    ));
#754 = CARTESIAN_POINT('',(10.701728329457,2.113741466256,5.807456949104
    ));
#755 = CARTESIAN_POINT('',(10.726606079842,2.115318327004,5.811789338403
    ));
#756 = CARTESIAN_POINT('',(10.751736583891,2.116498359207,5.815031450233
    ));
#757 = CARTESIAN_POINT('',(10.77710075222,2.117282046516,5.817184613419)
  );
#758 = CARTESIAN_POINT('',(10.802678771841,2.117671760465,5.818255343693
    ));
#759 = CARTESIAN_POINT('',(10.828450106157,2.117671760465,5.818255343693
    ));
#760 = ORIENTED_EDGE('',*,*,#761,.F.);
#761 = EDGE_CURVE('',#762,#745,#764,.T.);
#762 = VERTEX_POINT('',#763);
#763 = CARTESIAN_POINT('',(9.694692144374,2.05336325963,5.641569189772)
  );
#764 = LINE('',#765,#766);
#765 = CARTESIAN_POINT('',(5.170556002691,2.276416308157,6.254402403939)
  );
#766 = VECTOR('',#767,1.);
#767 = DIRECTION('',(0.989769265001,-4.879849875915E-02,-0.134072773444)
  );
#768 = ORIENTED_EDGE('',*,*,#769,.F.);
#769 = EDGE_CURVE('',#770,#762,#772,.T.);
#770 = VERTEX_POINT('',#771);
#771 = CARTESIAN_POINT('',(10.061571125265,2.719975768278,7.473072004807
    ));
#772 = LINE('',#773,#774);
#773 = CARTESIAN_POINT('',(8.965994013461,0.729331864009,2.003822827653)
  );
#774 = VECTOR('',#775,1.);
#775 = DIRECTION('',(-0.184986551027,-0.336117235571,-0.92347451502));
#776 = ORIENTED_EDGE('',*,*,#777,.F.);
#777 = EDGE_CURVE('',#778,#770,#780,.T.);
#778 = VERTEX_POINT('',#779);
#779 = CARTESIAN_POINT('',(11.954564755839,2.719975768278,7.473072004807
    ));
#780 = LINE('',#781,#782);
#781 = CARTESIAN_POINT('',(4.530785562633,2.719975768278,7.473072004807)
  );
#782 = VECTOR('',#783,1.);
#783 = DIRECTION('',(-1.,0.,0.));
#784 = ORIENTED_EDGE('',*,*,#785,.F.);
#785 = EDGE_CURVE('',#786,#778,#788,.T.);
#786 = VERTEX_POINT('',#787);
#787 = CARTESIAN_POINT('',(11.954564755839,2.48946435788,6.839747109813)
  );
#788 = LINE('',#789,#790);
#789 = CARTESIAN_POINT('',(11.954564755839,1.359987884139,3.736536002404
    ));
#790 = VECTOR('',#791,1.);
#791 = DIRECTION('',(0.,0.342020143326,0.939692620786));
#792 = ORIENTED_EDGE('',*,*,#793,.F.);
#793 = EDGE_CURVE('',#794,#786,#796,.T.);
#794 = VERTEX_POINT('',#795);
#795 = CARTESIAN_POINT('',(10.604246284501,2.48946435788,6.839747109813)
  );
#796 = LINE('',#797,#798);
#797 = CARTESIAN_POINT('',(5.477282377919,2.48946435788,6.839747109813)
  );
#798 = VECTOR('',#799,1.);
#799 = DIRECTION('',(1.,0.,0.));
#800 = ORIENTED_EDGE('',*,*,#801,.F.);
#801 = EDGE_CURVE('',#802,#794,#804,.T.);
#802 = VERTEX_POINT('',#803);
#803 = CARTESIAN_POINT('',(10.492144373673,2.273766558786,6.247122277375
    ));
#804 = LINE('',#805,#806);
#805 = CARTESIAN_POINT('',(9.799439893123,0.940918342606,2.58515189986)
  );
#806 = VECTOR('',#807,1.);
#807 = DIRECTION('',(0.175010486354,0.336741599195,0.925189939979));
#808 = ORIENTED_EDGE('',*,*,#809,.F.);
#809 = EDGE_CURVE('',#810,#802,#812,.T.);
#810 = VERTEX_POINT('',#811);
#811 = CARTESIAN_POINT('',(10.981316348195,2.314721837095,6.359645979737
    ));
#812 = B_SPLINE_CURVE_WITH_KNOTS('',5,(#813,#814,#815,#816,#817,#818,
    #819,#820,#821,#822),.UNSPECIFIED.,.F.,.F.,(6,4,6),(0.,0.17627867966
    ,1.),.UNSPECIFIED.);
#813 = CARTESIAN_POINT('',(10.981316348195,2.314721837095,6.359645979737
    ));
#814 = CARTESIAN_POINT('',(10.963647375653,2.314721837095,6.359645979737
    ));
#815 = CARTESIAN_POINT('',(10.946003932192,2.314593651456,6.359293792587
    ));
#816 = CARTESIAN_POINT('',(10.928388186985,2.31433709504,6.358588909629)
  );
#817 = CARTESIAN_POINT('',(10.910802288295,2.313952106681,6.357531162806
    ));
#818 = CARTESIAN_POINT('',(10.81122175566,2.311039913888,6.349529978867)
  );
#819 = CARTESIAN_POINT('',(10.729890437179,2.305838013733,6.335237875652
    ));
#820 = CARTESIAN_POINT('',(10.649479859164,2.297839285746,6.313261551124
    ));
#821 = CARTESIAN_POINT('',(10.570178624127,2.287111201548,6.283786382035
    ));
#822 = CARTESIAN_POINT('',(10.492144373673,2.273766558786,6.247122277375
    ));
#823 = ORIENTED_EDGE('',*,*,#824,.F.);
#824 = EDGE_CURVE('',#825,#810,#827,.T.);
#825 = VERTEX_POINT('',#826);
#826 = CARTESIAN_POINT('',(11.788959660297,2.195573928142,6.032289790313
    ));
#827 = B_SPLINE_CURVE_WITH_KNOTS('',5,(#828,#829,#830,#831,#832,#833,
    #834,#835,#836,#837),.UNSPECIFIED.,.F.,.F.,(6,4,6),(0.,
    0.514371084152,1.),.UNSPECIFIED.);
#828 = CARTESIAN_POINT('',(11.788959660297,2.195573928142,6.032289790313
    ));
#829 = CARTESIAN_POINT('',(11.722673380625,2.219419425134,6.097804754854
    ));
#830 = CARTESIAN_POINT('',(11.651471746571,2.240742594431,6.15638968101)
  );
#831 = CARTESIAN_POINT('',(11.575396421808,2.25919767471,6.20709459735)
  );
#832 = CARTESIAN_POINT('',(11.494716949313,2.274507918421,6.249159146232
    ));
#833 = CARTESIAN_POINT('',(11.33022737116,2.297976693286,6.313639075235)
  );
#834 = CARTESIAN_POINT('',(11.246816442552,2.306491013837,6.337031978694
    ));
#835 = CARTESIAN_POINT('',(11.160435052283,2.312040416271,6.352278836571
    ));
#836 = CARTESIAN_POINT('',(11.071722672117,2.314721837095,6.359645979737
    ));
#837 = CARTESIAN_POINT('',(10.981316348195,2.314721837095,6.359645979737
    ));
#838 = ORIENTED_EDGE('',*,*,#839,.F.);
#839 = EDGE_CURVE('',#840,#825,#842,.T.);
#840 = VERTEX_POINT('',#841);
#841 = CARTESIAN_POINT('',(12.12016985138,1.886405146353,5.182855543549)
  );
#842 = B_SPLINE_CURVE_WITH_KNOTS('',6,(#843,#844,#845,#846,#847,#848,
    #849,#850,#851,#852,#853,#854),.UNSPECIFIED.,.F.,.F.,(7,5,7),(0.,
    0.760803090256,1.),.UNSPECIFIED.);
#843 = CARTESIAN_POINT('',(12.12016985138,1.886405146353,5.182855543549)
  );
#844 = CARTESIAN_POINT('',(12.12016985138,1.931717859673,5.30735120021)
  );
#845 = CARTESIAN_POINT('',(12.108876262439,1.975985774703,5.428976297161
    ));
#846 = CARTESIAN_POINT('',(12.085004061187,2.01876022925,5.546498145157)
  );
#847 = CARTESIAN_POINT('',(12.04748779328,2.059539843496,5.658539214472)
  );
#848 = CARTESIAN_POINT('',(11.995856701113,2.097828674914,5.76373691421)
  );
#849 = CARTESIAN_POINT('',(11.910439858916,2.144362414483,5.89158731292)
  );
#850 = CARTESIAN_POINT('',(11.888685256602,2.155209458393,5.92138932113)
  );
#851 = CARTESIAN_POINT('',(11.865628248855,2.165761857956,5.950381800651
    ));
#852 = CARTESIAN_POINT('',(11.841296877557,2.176010808493,5.978540560824
    ));
#853 = CARTESIAN_POINT('',(11.815726474282,2.185949662199,6.005847336956
    ));
#854 = CARTESIAN_POINT('',(11.788959660297,2.195573928142,6.032289790313
    ));
#855 = ORIENTED_EDGE('',*,*,#856,.F.);
#856 = EDGE_CURVE('',#857,#840,#859,.T.);
#857 = VERTEX_POINT('',#858);
#858 = CARTESIAN_POINT('',(11.852653927813,1.603494216757,4.405564152767
    ));
#859 = B_SPLINE_CURVE_WITH_KNOTS('',5,(#860,#861,#862,#863,#864,#865,
    #866,#867,#868,#869),.UNSPECIFIED.,.F.,.F.,(6,4,6),(0.,
    0.430997240881,1.),.UNSPECIFIED.);
#860 = CARTESIAN_POINT('',(11.852653927813,1.603494216757,4.405564152767
    ));
#861 = CARTESIAN_POINT('',(11.898359490539,1.624744114972,4.463947768277
    ));
#862 = CARTESIAN_POINT('',(11.939565713407,1.646794425232,4.524530497809
    ));
#863 = CARTESIAN_POINT('',(11.975995936343,1.669613055779,4.587224169979
    ));
#864 = CARTESIAN_POINT('',(12.007454897151,1.693149589753,4.651890265604
    ));
#865 = CARTESIAN_POINT('',(12.068726511907,1.749253164727,4.806033570997
    ));
#866 = CARTESIAN_POINT('',(12.094792333154,1.782303897759,4.896839713698
    ));
#867 = CARTESIAN_POINT('',(12.11186571692,1.816308571777,4.99026678772)
  );
#868 = CARTESIAN_POINT('',(12.12016985138,1.851074113515,5.085784328619)
  );
#869 = CARTESIAN_POINT('',(12.12016985138,1.886405146353,5.182855543549)
  );
#870 = ORIENTED_EDGE('',*,*,#871,.F.);
#871 = EDGE_CURVE('',#872,#857,#874,.T.);
#872 = VERTEX_POINT('',#873);
#873 = CARTESIAN_POINT('',(10.84118895966,1.43357338122,3.938710494033)
  );
#874 = B_SPLINE_CURVE_WITH_KNOTS('',5,(#875,#876,#877,#878,#879,#880,
    #881,#882,#883,#884,#885,#886,#887,#888),.UNSPECIFIED.,.F.,.F.,(6,4,
    4,6),(0.,0.192771531119,0.562671437193,1.),.UNSPECIFIED.);
#875 = CARTESIAN_POINT('',(10.84118895966,1.43357338122,3.938710494033)
  );
#876 = CARTESIAN_POINT('',(10.888229525127,1.43357338122,3.938710494033)
  );
#877 = CARTESIAN_POINT('',(10.93492110112,1.43413454297,3.940252273269)
  );
#878 = CARTESIAN_POINT('',(10.981192574871,1.435284742278,3.943412419897
    ));
#879 = CARTESIAN_POINT('',(11.026961776861,1.437050353036,3.948263395586
    ));
#880 = CARTESIAN_POINT('',(11.15882702577,1.444060293822,3.967523049607)
  );
#881 = CARTESIAN_POINT('',(11.243355530987,1.451011469332,3.986621247359
    ));
#882 = CARTESIAN_POINT('',(11.325039265311,1.460450039062,4.012553504563
    ));
#883 = CARTESIAN_POINT('',(11.403202925498,1.472436456732,4.045485916452
    ));
#884 = CARTESIAN_POINT('',(11.564886451414,1.503914007189,4.131969775552
    ));
#885 = CARTESIAN_POINT('',(11.646829366719,1.524383579039,4.188209461997
    ));
#886 = CARTESIAN_POINT('',(11.722174905302,1.548089356573,4.253340550482
    ));
#887 = CARTESIAN_POINT('',(11.790731947111,1.574614355783,4.326217386862
    ));
#888 = CARTESIAN_POINT('',(11.852653927813,1.603494216757,4.405564152767
    ));
#889 = ORIENTED_EDGE('',*,*,#890,.F.);
#890 = EDGE_CURVE('',#891,#872,#893,.T.);
#891 = VERTEX_POINT('',#892);
#892 = CARTESIAN_POINT('',(9.997876857749,1.528554771341,4.199669718659)
  );
#893 = B_SPLINE_CURVE_WITH_KNOTS('',6,(#894,#895,#896,#897,#898,#899,
    #900,#901,#902,#903,#904,#905),.UNSPECIFIED.,.F.,.F.,(7,5,7),(0.,
    0.12653697173,1.),.UNSPECIFIED.);
#894 = CARTESIAN_POINT('',(9.997876857749,1.528554771341,4.199669718659)
  );
#895 = CARTESIAN_POINT('',(10.011987530371,1.524445016374,4.188378259689
    ));
#896 = CARTESIAN_POINT('',(10.026325372179,1.520438308776,4.177369921036
    ));
#897 = CARTESIAN_POINT('',(10.040888021199,1.516535902809,4.166648148759
    ));
#898 = CARTESIAN_POINT('',(10.055672767071,1.512738903274,4.156215978277
    ));
#899 = CARTESIAN_POINT('',(10.070676551055,1.509048265513,4.146076034364
    ));
#900 = CARTESIAN_POINT('',(10.190952979095,1.480728715411,4.068268709931
    ));
#901 = CARTESIAN_POINT('',(10.3063321733,1.461087709944,4.014305490915)
  );
#902 = CARTESIAN_POINT('',(10.43076184998,1.446855188062,3.975201958422)
  );
#903 = CARTESIAN_POINT('',(10.562522755802,1.437829134265,3.950403079426
    ));
#904 = CARTESIAN_POINT('',(10.699854755945,1.43357338122,3.938710494033)
  );
#905 = CARTESIAN_POINT('',(10.84118895966,1.43357338122,3.938710494033)
  );
#906 = ORIENTED_EDGE('',*,*,#907,.F.);
#907 = EDGE_CURVE('',#647,#891,#908,.T.);
#908 = B_SPLINE_CURVE_WITH_KNOTS('',6,(#909,#910,#911,#912,#913,#914,
    #915,#916,#917,#918,#919,#920),.UNSPECIFIED.,.F.,.F.,(7,5,7),(0.,
    0.695260627786,1.),.UNSPECIFIED.);
#909 = CARTESIAN_POINT('',(9.608067940552,1.783987904284,4.901466483601)
  );
#910 = CARTESIAN_POINT('',(9.622225471339,1.748336689038,4.803515574737)
  );
#911 = CARTESIAN_POINT('',(9.644457915623,1.713877736584,4.708840380969)
  );
#912 = CARTESIAN_POINT('',(9.675325335083,1.680886741675,4.618198367411)
  );
#913 = CARTESIAN_POINT('',(9.715214884098,1.649638741771,4.532345193275)
  );
#914 = CARTESIAN_POINT('',(9.764204109984,1.620381030806,4.451960293052)
  );
#915 = CARTESIAN_POINT('',(9.847166337946,1.581428472177,4.34493901779)
  );
#916 = CARTESIAN_POINT('',(9.874121177577,1.569974512134,4.313469521209)
  );
#917 = CARTESIAN_POINT('',(9.902718093457,1.558951550096,4.283184181914)
  );
#918 = CARTESIAN_POINT('',(9.932913958468,1.548370040703,4.254111723793)
  );
#919 = CARTESIAN_POINT('',(9.964654747049,1.538236679893,4.226270543782)
  );
#920 = CARTESIAN_POINT('',(9.997876857749,1.528554771341,4.199669718659)
  );
#921 = PLANE('',#922);
#922 = AXIS2_PLACEMENT_3D('',#923,#924,#925);
#923 = CARTESIAN_POINT('',(-1.,0.,0.));
#924 = DIRECTION('',(0.,-0.939692620786,0.342020143326));
#925 = DIRECTION('',(0.,0.342020143326,0.939692620786));
#926 = ADVANCED_FACE('',(#927),#938,.T.);
#927 = FACE_BOUND('',#928,.T.);
#928 = EDGE_LOOP('',(#929,#930,#931,#932));
#929 = ORIENTED_EDGE('',*,*,#323,.T.);
#930 = ORIENTED_EDGE('',*,*,#236,.T.);
#931 = ORIENTED_EDGE('',*,*,#134,.F.);
#932 = ORIENTED_EDGE('',*,*,#933,.F.);
#933 = EDGE_CURVE('',#316,#127,#934,.T.);
#934 = LINE('',#935,#936);
#935 = CARTESIAN_POINT('',(4.,12.75,-1.));
#936 = VECTOR('',#937,1.);
#937 = DIRECTION('',(0.,0.,1.));
#938 = PLANE('',#939);
#939 = AXIS2_PLACEMENT_3D('',#940,#941,#942);
#940 = CARTESIAN_POINT('',(4.,6.45,-1.));
#941 = DIRECTION('',(-1.,0.,0.));
#942 = DIRECTION('',(0.,1.,0.));
#943 = ADVANCED_FACE('',(#944),#955,.T.);
#944 = FACE_BOUND('',#945,.T.);
#945 = EDGE_LOOP('',(#946,#947,#948,#949));
#946 = ORIENTED_EDGE('',*,*,#315,.T.);
#947 = ORIENTED_EDGE('',*,*,#933,.T.);
#948 = ORIENTED_EDGE('',*,*,#126,.F.);
#949 = ORIENTED_EDGE('',*,*,#950,.F.);
#950 = EDGE_CURVE('',#308,#119,#951,.T.);
#951 = LINE('',#952,#953);
#952 = CARTESIAN_POINT('',(0.,11.75,-1.));
#953 = VECTOR('',#954,1.);
#954 = DIRECTION('',(0.,0.,1.));
#955 = PLANE('',#956);
#956 = AXIS2_PLACEMENT_3D('',#957,#958,#959);
#957 = CARTESIAN_POINT('',(4.,12.75,-1.));
#958 = DIRECTION('',(0.242535625036,-0.970142500145,0.));
#959 = DIRECTION('',(-0.970142500145,-0.242535625036,0.));
#960 = ADVANCED_FACE('',(#961),#972,.F.);
#961 = FACE_BOUND('',#962,.F.);
#962 = EDGE_LOOP('',(#963,#964,#965,#966));
#963 = ORIENTED_EDGE('',*,*,#118,.F.);
#964 = ORIENTED_EDGE('',*,*,#950,.F.);
#965 = ORIENTED_EDGE('',*,*,#307,.T.);
#966 = ORIENTED_EDGE('',*,*,#967,.T.);
#967 = EDGE_CURVE('',#300,#111,#968,.T.);
#968 = LINE('',#969,#970);
#969 = CARTESIAN_POINT('',(0.,32.,0.));
#970 = VECTOR('',#971,1.);
#971 = DIRECTION('',(0.,0.,1.));
#972 = PLANE('',#973);
#973 = AXIS2_PLACEMENT_3D('',#974,#975,#976);
#974 = CARTESIAN_POINT('',(0.,0.,0.));
#975 = DIRECTION('',(1.,0.,0.));
#976 = DIRECTION('',(0.,0.,1.));
#977 = ADVANCED_FACE('',(#978),#989,.T.);
#978 = FACE_BOUND('',#979,.T.);
#979 = EDGE_LOOP('',(#980,#981,#982,#983));
#980 = ORIENTED_EDGE('',*,*,#299,.F.);
#981 = ORIENTED_EDGE('',*,*,#967,.T.);
#982 = ORIENTED_EDGE('',*,*,#110,.T.);
#983 = ORIENTED_EDGE('',*,*,#984,.F.);
#984 = EDGE_CURVE('',#292,#103,#985,.T.);
#985 = LINE('',#986,#987);
#986 = CARTESIAN_POINT('',(26.,32.,0.));
#987 = VECTOR('',#988,1.);
#988 = DIRECTION('',(0.,0.,1.));
#989 = PLANE('',#990);
#990 = AXIS2_PLACEMENT_3D('',#991,#992,#993);
#991 = CARTESIAN_POINT('',(0.,32.,0.));
#992 = DIRECTION('',(0.,1.,0.));
#993 = DIRECTION('',(0.,0.,1.));
#994 = ADVANCED_FACE('',(#995),#1006,.T.);
#995 = FACE_BOUND('',#996,.T.);
#996 = EDGE_LOOP('',(#997,#998,#1004,#1005));
#997 = ORIENTED_EDGE('',*,*,#102,.F.);
#998 = ORIENTED_EDGE('',*,*,#999,.T.);
#999 = EDGE_CURVE('',#95,#284,#1000,.T.);
#1000 = LINE('',#1001,#1002);
#1001 = CARTESIAN_POINT('',(26.,11.624390243902,0.));
#1002 = VECTOR('',#1003,1.);
#1003 = DIRECTION('',(0.,0.,-1.));
#1004 = ORIENTED_EDGE('',*,*,#291,.T.);
#1005 = ORIENTED_EDGE('',*,*,#984,.T.);
#1006 = PLANE('',#1007);
#1007 = AXIS2_PLACEMENT_3D('',#1008,#1009,#1010);
#1008 = CARTESIAN_POINT('',(26.,0.,0.));
#1009 = DIRECTION('',(1.,0.,0.));
#1010 = DIRECTION('',(0.,0.,1.));
#1011 = ADVANCED_FACE('',(#1012),#1023,.T.);
#1012 = FACE_BOUND('',#1013,.T.);
#1013 = EDGE_LOOP('',(#1014,#1015,#1021,#1022));
#1014 = ORIENTED_EDGE('',*,*,#78,.T.);
#1015 = ORIENTED_EDGE('',*,*,#1016,.T.);
#1016 = EDGE_CURVE('',#71,#95,#1017,.T.);
#1017 = LINE('',#1018,#1019);
#1018 = CARTESIAN_POINT('',(26.,0.,10.));
#1019 = VECTOR('',#1020,1.);
#1020 = DIRECTION('',(0.,1.,0.));
#1021 = ORIENTED_EDGE('',*,*,#94,.T.);
#1022 = ORIENTED_EDGE('',*,*,#86,.T.);
#1023 = PLANE('',#1024);
#1024 = AXIS2_PLACEMENT_3D('',#1025,#1026,#1027);
#1025 = CARTESIAN_POINT('',(0.,0.,10.));
#1026 = DIRECTION('',(0.,0.,1.));
#1027 = DIRECTION('',(1.,0.,0.));
#1028 = ADVANCED_FACE('',(#1029),#1040,.T.);
#1029 = FACE_BOUND('',#1030,.T.);
#1030 = EDGE_LOOP('',(#1031,#1032,#1033,#1034));
#1031 = ORIENTED_EDGE('',*,*,#70,.F.);
#1032 = ORIENTED_EDGE('',*,*,#340,.T.);
#1033 = ORIENTED_EDGE('',*,*,#259,.T.);
#1034 = ORIENTED_EDGE('',*,*,#1035,.T.);
#1035 = EDGE_CURVE('',#260,#71,#1036,.T.);
#1036 = LINE('',#1037,#1038);
#1037 = CARTESIAN_POINT('',(26.,7.575609756098,0.));
#1038 = VECTOR('',#1039,1.);
#1039 = DIRECTION('',(0.,0.,1.));
#1040 = PLANE('',#1041);
#1041 = AXIS2_PLACEMENT_3D('',#1042,#1043,#1044);
#1042 = CARTESIAN_POINT('',(26.,0.,0.));
#1043 = DIRECTION('',(1.,0.,0.));
#1044 = DIRECTION('',(0.,0.,1.));
#1045 = ADVANCED_FACE('',(#1046),#1072,.T.);
#1046 = FACE_BOUND('',#1047,.T.);
#1047 = EDGE_LOOP('',(#1048,#1056,#1057,#1065));
#1048 = ORIENTED_EDGE('',*,*,#1049,.F.);
#1049 = EDGE_CURVE('',#151,#1050,#1052,.T.);
#1050 = VERTEX_POINT('',#1051);
#1051 = CARTESIAN_POINT('',(8.1,25.34,20.5));
#1052 = LINE('',#1053,#1054);
#1053 = CARTESIAN_POINT('',(8.1,25.34,9.9));
#1054 = VECTOR('',#1055,1.);
#1055 = DIRECTION('',(0.,0.,1.));
#1056 = ORIENTED_EDGE('',*,*,#150,.T.);
#1057 = ORIENTED_EDGE('',*,*,#1058,.T.);
#1058 = EDGE_CURVE('',#153,#1059,#1061,.T.);
#1059 = VERTEX_POINT('',#1060);
#1060 = CARTESIAN_POINT('',(7.5,24.74,20.5));
#1061 = LINE('',#1062,#1063);
#1062 = CARTESIAN_POINT('',(7.5,24.74,9.9));
#1063 = VECTOR('',#1064,1.);
#1064 = DIRECTION('',(0.,0.,1.));
#1065 = ORIENTED_EDGE('',*,*,#1066,.F.);
#1066 = EDGE_CURVE('',#1050,#1059,#1067,.T.);
#1067 = CIRCLE('',#1068,0.6);
#1068 = AXIS2_PLACEMENT_3D('',#1069,#1070,#1071);
#1069 = CARTESIAN_POINT('',(8.1,24.74,20.5));
#1070 = DIRECTION('',(0.,-0.,1.));
#1071 = DIRECTION('',(0.,1.,0.));
#1072 = CYLINDRICAL_SURFACE('',#1073,0.6);
#1073 = AXIS2_PLACEMENT_3D('',#1074,#1075,#1076);
#1074 = CARTESIAN_POINT('',(8.1,24.74,9.9));
#1075 = DIRECTION('',(0.,0.,1.));
#1076 = DIRECTION('',(0.,1.,0.));
#1077 = ADVANCED_FACE('',(#1078),#1096,.F.);
#1078 = FACE_BOUND('',#1079,.F.);
#1079 = EDGE_LOOP('',(#1080,#1081,#1089,#1095));
#1080 = ORIENTED_EDGE('',*,*,#161,.T.);
#1081 = ORIENTED_EDGE('',*,*,#1082,.T.);
#1082 = EDGE_CURVE('',#162,#1083,#1085,.T.);
#1083 = VERTEX_POINT('',#1084);
#1084 = CARTESIAN_POINT('',(17.9,25.34,20.5));
#1085 = LINE('',#1086,#1087);
#1086 = CARTESIAN_POINT('',(17.9,25.34,9.9));
#1087 = VECTOR('',#1088,1.);
#1088 = DIRECTION('',(0.,0.,1.));
#1089 = ORIENTED_EDGE('',*,*,#1090,.T.);
#1090 = EDGE_CURVE('',#1083,#1050,#1091,.T.);
#1091 = LINE('',#1092,#1093);
#1092 = CARTESIAN_POINT('',(17.9,25.34,20.5));
#1093 = VECTOR('',#1094,1.);
#1094 = DIRECTION('',(-1.,0.,0.));
#1095 = ORIENTED_EDGE('',*,*,#1049,.F.);
#1096 = PLANE('',#1097);
#1097 = AXIS2_PLACEMENT_3D('',#1098,#1099,#1100);
#1098 = CARTESIAN_POINT('',(18.5,25.34,9.9));
#1099 = DIRECTION('',(0.,-1.,0.));
#1100 = DIRECTION('',(-1.,0.,0.));
#1101 = ADVANCED_FACE('',(#1102),#1120,.F.);
#1102 = FACE_BOUND('',#1103,.F.);
#1103 = EDGE_LOOP('',(#1104,#1105,#1106,#1114));
#1104 = ORIENTED_EDGE('',*,*,#212,.T.);
#1105 = ORIENTED_EDGE('',*,*,#1058,.T.);
#1106 = ORIENTED_EDGE('',*,*,#1107,.T.);
#1107 = EDGE_CURVE('',#1059,#1108,#1110,.T.);
#1108 = VERTEX_POINT('',#1109);
#1109 = CARTESIAN_POINT('',(7.5,14.94,20.5));
#1110 = LINE('',#1111,#1112);
#1111 = CARTESIAN_POINT('',(7.5,24.74,20.5));
#1112 = VECTOR('',#1113,1.);
#1113 = DIRECTION('',(0.,-1.,0.));
#1114 = ORIENTED_EDGE('',*,*,#1115,.F.);
#1115 = EDGE_CURVE('',#204,#1108,#1116,.T.);
#1116 = LINE('',#1117,#1118);
#1117 = CARTESIAN_POINT('',(7.5,14.94,9.9));
#1118 = VECTOR('',#1119,1.);
#1119 = DIRECTION('',(0.,0.,1.));
#1120 = PLANE('',#1121);
#1121 = AXIS2_PLACEMENT_3D('',#1122,#1123,#1124);
#1122 = CARTESIAN_POINT('',(7.5,25.34,9.9));
#1123 = DIRECTION('',(1.,0.,0.));
#1124 = DIRECTION('',(0.,-1.,0.));
#1125 = ADVANCED_FACE('',(#1126),#1145,.T.);
#1126 = FACE_BOUND('',#1127,.F.);
#1127 = EDGE_LOOP('',(#1128,#1129,#1130,#1138));
#1128 = ORIENTED_EDGE('',*,*,#1082,.F.);
#1129 = ORIENTED_EDGE('',*,*,#169,.F.);
#1130 = ORIENTED_EDGE('',*,*,#1131,.T.);
#1131 = EDGE_CURVE('',#170,#1132,#1134,.T.);
#1132 = VERTEX_POINT('',#1133);
#1133 = CARTESIAN_POINT('',(18.5,24.74,20.5));
#1134 = LINE('',#1135,#1136);
#1135 = CARTESIAN_POINT('',(18.5,24.74,9.9));
#1136 = VECTOR('',#1137,1.);
#1137 = DIRECTION('',(0.,0.,1.));
#1138 = ORIENTED_EDGE('',*,*,#1139,.T.);
#1139 = EDGE_CURVE('',#1132,#1083,#1140,.T.);
#1140 = CIRCLE('',#1141,0.6);
#1141 = AXIS2_PLACEMENT_3D('',#1142,#1143,#1144);
#1142 = CARTESIAN_POINT('',(17.9,24.74,20.5));
#1143 = DIRECTION('',(0.,0.,1.));
#1144 = DIRECTION('',(1.,0.,0.));
#1145 = CYLINDRICAL_SURFACE('',#1146,0.6);
#1146 = AXIS2_PLACEMENT_3D('',#1147,#1148,#1149);
#1147 = CARTESIAN_POINT('',(17.9,24.74,9.9));
#1148 = DIRECTION('',(0.,0.,1.));
#1149 = DIRECTION('',(0.,1.,0.));
#1150 = ADVANCED_FACE('',(#1151),#1170,.T.);
#1151 = FACE_BOUND('',#1152,.T.);
#1152 = EDGE_LOOP('',(#1153,#1154,#1155,#1163));
#1153 = ORIENTED_EDGE('',*,*,#1115,.F.);
#1154 = ORIENTED_EDGE('',*,*,#203,.T.);
#1155 = ORIENTED_EDGE('',*,*,#1156,.T.);
#1156 = EDGE_CURVE('',#196,#1157,#1159,.T.);
#1157 = VERTEX_POINT('',#1158);
#1158 = CARTESIAN_POINT('',(8.1,14.34,20.5));
#1159 = LINE('',#1160,#1161);
#1160 = CARTESIAN_POINT('',(8.1,14.34,9.9));
#1161 = VECTOR('',#1162,1.);
#1162 = DIRECTION('',(0.,0.,1.));
#1163 = ORIENTED_EDGE('',*,*,#1164,.F.);
#1164 = EDGE_CURVE('',#1108,#1157,#1165,.T.);
#1165 = CIRCLE('',#1166,0.6);
#1166 = AXIS2_PLACEMENT_3D('',#1167,#1168,#1169);
#1167 = CARTESIAN_POINT('',(8.1,14.94,20.5));
#1168 = DIRECTION('',(0.,0.,1.));
#1169 = DIRECTION('',(-1.,0.,0.));
#1170 = CYLINDRICAL_SURFACE('',#1171,0.6);
#1171 = AXIS2_PLACEMENT_3D('',#1172,#1173,#1174);
#1172 = CARTESIAN_POINT('',(8.1,14.94,9.9));
#1173 = DIRECTION('',(0.,0.,1.));
#1174 = DIRECTION('',(-1.,0.,0.));
#1175 = ADVANCED_FACE('',(#1176),#1194,.F.);
#1176 = FACE_BOUND('',#1177,.F.);
#1177 = EDGE_LOOP('',(#1178,#1179,#1187,#1193));
#1178 = ORIENTED_EDGE('',*,*,#178,.T.);
#1179 = ORIENTED_EDGE('',*,*,#1180,.T.);
#1180 = EDGE_CURVE('',#179,#1181,#1183,.T.);
#1181 = VERTEX_POINT('',#1182);
#1182 = CARTESIAN_POINT('',(18.5,14.94,20.5));
#1183 = LINE('',#1184,#1185);
#1184 = CARTESIAN_POINT('',(18.5,14.94,9.9));
#1185 = VECTOR('',#1186,1.);
#1186 = DIRECTION('',(0.,0.,1.));
#1187 = ORIENTED_EDGE('',*,*,#1188,.T.);
#1188 = EDGE_CURVE('',#1181,#1132,#1189,.T.);
#1189 = LINE('',#1190,#1191);
#1190 = CARTESIAN_POINT('',(18.5,14.94,20.5));
#1191 = VECTOR('',#1192,1.);
#1192 = DIRECTION('',(0.,1.,0.));
#1193 = ORIENTED_EDGE('',*,*,#1131,.F.);
#1194 = PLANE('',#1195);
#1195 = AXIS2_PLACEMENT_3D('',#1196,#1197,#1198);
#1196 = CARTESIAN_POINT('',(18.5,14.34,9.9));
#1197 = DIRECTION('',(-1.,0.,0.));
#1198 = DIRECTION('',(0.,1.,0.));
#1199 = ADVANCED_FACE('',(#1200),#1218,.F.);
#1200 = FACE_BOUND('',#1201,.F.);
#1201 = EDGE_LOOP('',(#1202,#1203,#1204,#1212));
#1202 = ORIENTED_EDGE('',*,*,#195,.T.);
#1203 = ORIENTED_EDGE('',*,*,#1156,.T.);
#1204 = ORIENTED_EDGE('',*,*,#1205,.T.);
#1205 = EDGE_CURVE('',#1157,#1206,#1208,.T.);
#1206 = VERTEX_POINT('',#1207);
#1207 = CARTESIAN_POINT('',(17.9,14.34,20.5));
#1208 = LINE('',#1209,#1210);
#1209 = CARTESIAN_POINT('',(8.1,14.34,20.5));
#1210 = VECTOR('',#1211,1.);
#1211 = DIRECTION('',(1.,0.,0.));
#1212 = ORIENTED_EDGE('',*,*,#1213,.F.);
#1213 = EDGE_CURVE('',#187,#1206,#1214,.T.);
#1214 = LINE('',#1215,#1216);
#1215 = CARTESIAN_POINT('',(17.9,14.34,9.9));
#1216 = VECTOR('',#1217,1.);
#1217 = DIRECTION('',(0.,0.,1.));
#1218 = PLANE('',#1219);
#1219 = AXIS2_PLACEMENT_3D('',#1220,#1221,#1222);
#1220 = CARTESIAN_POINT('',(7.5,14.34,9.9));
#1221 = DIRECTION('',(0.,1.,0.));
#1222 = DIRECTION('',(1.,0.,0.));
#1223 = ADVANCED_FACE('',(#1224),#1236,.T.);
#1224 = FACE_BOUND('',#1225,.T.);
#1225 = EDGE_LOOP('',(#1226,#1227,#1228,#1229));
#1226 = ORIENTED_EDGE('',*,*,#1213,.F.);
#1227 = ORIENTED_EDGE('',*,*,#186,.T.);
#1228 = ORIENTED_EDGE('',*,*,#1180,.T.);
#1229 = ORIENTED_EDGE('',*,*,#1230,.F.);
#1230 = EDGE_CURVE('',#1206,#1181,#1231,.T.);
#1231 = CIRCLE('',#1232,0.6);
#1232 = AXIS2_PLACEMENT_3D('',#1233,#1234,#1235);
#1233 = CARTESIAN_POINT('',(17.9,14.94,20.5));
#1234 = DIRECTION('',(-0.,0.,1.));
#1235 = DIRECTION('',(0.,-1.,0.));
#1236 = CYLINDRICAL_SURFACE('',#1237,0.6);
#1237 = AXIS2_PLACEMENT_3D('',#1238,#1239,#1240);
#1238 = CARTESIAN_POINT('',(17.9,14.94,9.9));
#1239 = DIRECTION('',(0.,0.,1.));
#1240 = DIRECTION('',(0.,-1.,0.));
#1241 = ADVANCED_FACE('',(#1242),#1253,.F.);
#1242 = FACE_BOUND('',#1243,.F.);
#1243 = EDGE_LOOP('',(#1244,#1245,#1251,#1252));
#1244 = ORIENTED_EDGE('',*,*,#267,.T.);
#1245 = ORIENTED_EDGE('',*,*,#1246,.T.);
#1246 = EDGE_CURVE('',#260,#284,#1247,.T.);
#1247 = LINE('',#1248,#1249);
#1248 = CARTESIAN_POINT('',(26.,0.,0.));
#1249 = VECTOR('',#1250,1.);
#1250 = DIRECTION('',(0.,1.,0.));
#1251 = ORIENTED_EDGE('',*,*,#283,.T.);
#1252 = ORIENTED_EDGE('',*,*,#275,.T.);
#1253 = PLANE('',#1254);
#1254 = AXIS2_PLACEMENT_3D('',#1255,#1256,#1257);
#1255 = CARTESIAN_POINT('',(0.,0.,0.));
#1256 = DIRECTION('',(0.,0.,1.));
#1257 = DIRECTION('',(1.,0.,0.));
#1258 = ADVANCED_FACE('',(#1259),#1284,.T.);
#1259 = FACE_BOUND('',#1260,.T.);
#1260 = EDGE_LOOP('',(#1261,#1262,#1270,#1278));
#1261 = ORIENTED_EDGE('',*,*,#349,.T.);
#1262 = ORIENTED_EDGE('',*,*,#1263,.T.);
#1263 = EDGE_CURVE('',#352,#1264,#1266,.T.);
#1264 = VERTEX_POINT('',#1265);
#1265 = CARTESIAN_POINT('',(14.56008492569,1.582612021699,6.102473433474
    ));
#1266 = LINE('',#1267,#1268);
#1267 = CARTESIAN_POINT('',(14.56008492569,2.334366118328,5.828857318814
    ));
#1268 = VECTOR('',#1269,1.);
#1269 = DIRECTION('',(0.,-0.939692620786,0.342020143326));
#1270 = ORIENTED_EDGE('',*,*,#1271,.T.);
#1271 = EDGE_CURVE('',#1264,#1272,#1274,.T.);
#1272 = VERTEX_POINT('',#1273);
#1273 = CARTESIAN_POINT('',(14.156178343949,1.693278412024,
    6.406526841983));
#1274 = B_SPLINE_CURVE_WITH_KNOTS('',2,(#1275,#1276,#1277),
  .UNSPECIFIED.,.F.,.F.,(3,3),(0.,1.),.PIECEWISE_BEZIER_KNOTS.);
#1275 = CARTESIAN_POINT('',(14.56008492569,1.582612021699,6.102473433474
    ));
#1276 = CARTESIAN_POINT('',(14.282377919321,1.622870188888,
    6.213081838774));
#1277 = CARTESIAN_POINT('',(14.156178343949,1.693278412024,
    6.406526841983));
#1278 = ORIENTED_EDGE('',*,*,#1279,.F.);
#1279 = EDGE_CURVE('',#350,#1272,#1280,.T.);
#1280 = LINE('',#1281,#1282);
#1281 = CARTESIAN_POINT('',(14.156178343949,2.445032508653,
    6.132910727323));
#1282 = VECTOR('',#1283,1.);
#1283 = DIRECTION('',(0.,-0.939692620786,0.342020143326));
#1284 = SURFACE_OF_LINEAR_EXTRUSION('',#1285,#1289);
#1285 = B_SPLINE_CURVE_WITH_KNOTS('',2,(#1286,#1287,#1288),
  .UNSPECIFIED.,.F.,.F.,(3,3),(0.,1.),.PIECEWISE_BEZIER_KNOTS.);
#1286 = CARTESIAN_POINT('',(14.56008492569,2.334366118328,5.828857318814
    ));
#1287 = CARTESIAN_POINT('',(14.282377919321,2.374624285517,
    5.939465724114));
#1288 = CARTESIAN_POINT('',(14.156178343949,2.445032508653,
    6.132910727323));
#1289 = VECTOR('',#1290,1.);
#1290 = DIRECTION('',(-0.,0.939692620786,-0.342020143326));
#1291 = ADVANCED_FACE('',(#1292),#1310,.T.);
#1292 = FACE_BOUND('',#1293,.T.);
#1293 = EDGE_LOOP('',(#1294,#1295,#1303,#1309));
#1294 = ORIENTED_EDGE('',*,*,#591,.T.);
#1295 = ORIENTED_EDGE('',*,*,#1296,.T.);
#1296 = EDGE_CURVE('',#577,#1297,#1299,.T.);
#1297 = VERTEX_POINT('',#1298);
#1298 = CARTESIAN_POINT('',(14.086199575372,1.448650501443,
    5.734417181494));
#1299 = LINE('',#1300,#1301);
#1300 = CARTESIAN_POINT('',(14.086199575372,2.200404598072,
    5.460801066834));
#1301 = VECTOR('',#1302,1.);
#1302 = DIRECTION('',(0.,-0.939692620786,0.342020143326));
#1303 = ORIENTED_EDGE('',*,*,#1304,.T.);
#1304 = EDGE_CURVE('',#1297,#1264,#1305,.T.);
#1305 = B_SPLINE_CURVE_WITH_KNOTS('',2,(#1306,#1307,#1308),
  .UNSPECIFIED.,.F.,.F.,(3,3),(0.,1.),.PIECEWISE_BEZIER_KNOTS.);
#1306 = CARTESIAN_POINT('',(14.086199575372,1.448650501443,
    5.734417181494));
#1307 = CARTESIAN_POINT('',(14.236518046709,1.535498928496,
    5.973031273736));
#1308 = CARTESIAN_POINT('',(14.56008492569,1.582612021699,6.102473433474
    ));
#1309 = ORIENTED_EDGE('',*,*,#1263,.F.);
#1310 = SURFACE_OF_LINEAR_EXTRUSION('',#1311,#1315);
#1311 = B_SPLINE_CURVE_WITH_KNOTS('',2,(#1312,#1313,#1314),
  .UNSPECIFIED.,.F.,.F.,(3,3),(0.,1.),.PIECEWISE_BEZIER_KNOTS.);
#1312 = CARTESIAN_POINT('',(14.086199575372,2.200404598072,
    5.460801066834));
#1313 = CARTESIAN_POINT('',(14.236518046709,2.287253025124,
    5.699415159076));
#1314 = CARTESIAN_POINT('',(14.56008492569,2.334366118328,5.828857318814
    ));
#1315 = VECTOR('',#1316,1.);
#1316 = DIRECTION('',(-0.,0.939692620786,-0.342020143326));
#1317 = ADVANCED_FACE('',(#1318),#1336,.T.);
#1318 = FACE_BOUND('',#1319,.T.);
#1319 = EDGE_LOOP('',(#1320,#1321,#1329,#1335));
#1320 = ORIENTED_EDGE('',*,*,#576,.T.);
#1321 = ORIENTED_EDGE('',*,*,#1322,.T.);
#1322 = EDGE_CURVE('',#558,#1323,#1325,.T.);
#1323 = VERTEX_POINT('',#1324);
#1324 = CARTESIAN_POINT('',(13.935881104034,1.258048702674,
    5.210743043269));
#1325 = LINE('',#1326,#1327);
#1326 = CARTESIAN_POINT('',(13.935881104034,2.009802799303,
    4.937126928609));
#1327 = VECTOR('',#1328,1.);
#1328 = DIRECTION('',(0.,-0.939692620786,0.342020143326));
#1329 = ORIENTED_EDGE('',*,*,#1330,.T.);
#1330 = EDGE_CURVE('',#1323,#1297,#1331,.T.);
#1331 = B_SPLINE_CURVE_WITH_KNOTS('',2,(#1332,#1333,#1334),
  .UNSPECIFIED.,.F.,.F.,(3,3),(0.,1.),.PIECEWISE_BEZIER_KNOTS.);
#1332 = CARTESIAN_POINT('',(13.935881104034,1.258048702674,
    5.210743043269));
#1333 = CARTESIAN_POINT('',(13.935881104034,1.361860166984,
    5.495962697341));
#1334 = CARTESIAN_POINT('',(14.086199575372,1.448650501443,
    5.734417181494));
#1335 = ORIENTED_EDGE('',*,*,#1296,.F.);
#1336 = SURFACE_OF_LINEAR_EXTRUSION('',#1337,#1341);
#1337 = B_SPLINE_CURVE_WITH_KNOTS('',2,(#1338,#1339,#1340),
  .UNSPECIFIED.,.F.,.F.,(3,3),(0.,1.),.PIECEWISE_BEZIER_KNOTS.);
#1338 = CARTESIAN_POINT('',(13.935881104034,2.009802799303,
    4.937126928609));
#1339 = CARTESIAN_POINT('',(13.935881104034,2.113614263613,5.22234658268
    ));
#1340 = CARTESIAN_POINT('',(14.086199575372,2.200404598072,
    5.460801066834));
#1341 = VECTOR('',#1342,1.);
#1342 = DIRECTION('',(-0.,0.939692620786,-0.342020143326));
#1343 = ADVANCED_FACE('',(#1344),#1362,.T.);
#1344 = FACE_BOUND('',#1345,.T.);
#1345 = EDGE_LOOP('',(#1346,#1347,#1355,#1361));
#1346 = ORIENTED_EDGE('',*,*,#557,.T.);
#1347 = ORIENTED_EDGE('',*,*,#1348,.T.);
#1348 = EDGE_CURVE('',#541,#1349,#1351,.T.);
#1349 = VERTEX_POINT('',#1350);
#1350 = CARTESIAN_POINT('',(14.335881104034,0.961369828455,
    4.395624535524));
#1351 = LINE('',#1352,#1353);
#1352 = CARTESIAN_POINT('',(14.335881104034,1.713123925084,
    4.122008420863));
#1353 = VECTOR('',#1354,1.);
#1354 = DIRECTION('',(0.,-0.939692620786,0.342020143326));
#1355 = ORIENTED_EDGE('',*,*,#1356,.T.);
#1356 = EDGE_CURVE('',#1349,#1323,#1357,.T.);
#1357 = B_SPLINE_CURVE_WITH_KNOTS('',2,(#1358,#1359,#1360),
  .UNSPECIFIED.,.F.,.F.,(3,3),(0.,1.),.PIECEWISE_BEZIER_KNOTS.);
#1358 = CARTESIAN_POINT('',(14.335881104034,0.961369828455,
    4.395624535524));
#1359 = CARTESIAN_POINT('',(13.935881104034,1.069538237266,
    4.692814796229));
#1360 = CARTESIAN_POINT('',(13.935881104034,1.258048702674,
    5.210743043269));
#1361 = ORIENTED_EDGE('',*,*,#1322,.F.);
#1362 = SURFACE_OF_LINEAR_EXTRUSION('',#1363,#1367);
#1363 = B_SPLINE_CURVE_WITH_KNOTS('',2,(#1364,#1365,#1366),
  .UNSPECIFIED.,.F.,.F.,(3,3),(0.,1.),.PIECEWISE_BEZIER_KNOTS.);
#1364 = CARTESIAN_POINT('',(14.335881104034,1.713123925084,
    4.122008420863));
#1365 = CARTESIAN_POINT('',(13.935881104034,1.821292333895,
    4.419198681569));
#1366 = CARTESIAN_POINT('',(13.935881104034,2.009802799303,
    4.937126928609));
#1367 = VECTOR('',#1368,1.);
#1368 = DIRECTION('',(-0.,0.939692620786,-0.342020143326));
#1369 = ADVANCED_FACE('',(#1370),#1388,.T.);
#1370 = FACE_BOUND('',#1371,.T.);
#1371 = EDGE_LOOP('',(#1372,#1373,#1381,#1387));
#1372 = ORIENTED_EDGE('',*,*,#540,.T.);
#1373 = ORIENTED_EDGE('',*,*,#1374,.T.);
#1374 = EDGE_CURVE('',#524,#1375,#1377,.T.);
#1375 = VERTEX_POINT('',#1376);
#1376 = CARTESIAN_POINT('',(15.184288747346,0.869757808748,
    4.143922580028));
#1377 = LINE('',#1378,#1379);
#1378 = CARTESIAN_POINT('',(15.184288747346,1.621511905377,
    3.870306465368));
#1379 = VECTOR('',#1380,1.);
#1380 = DIRECTION('',(0.,-0.939692620786,0.342020143326));
#1381 = ORIENTED_EDGE('',*,*,#1382,.T.);
#1382 = EDGE_CURVE('',#1375,#1349,#1383,.T.);
#1383 = B_SPLINE_CURVE_WITH_KNOTS('',2,(#1384,#1385,#1386),
  .UNSPECIFIED.,.F.,.F.,(3,3),(0.,1.),.PIECEWISE_BEZIER_KNOTS.);
#1384 = CARTESIAN_POINT('',(15.184288747346,0.869757808748,
    4.143922580028));
#1385 = CARTESIAN_POINT('',(14.674734607219,0.869757808748,
    4.143922580028));
#1386 = CARTESIAN_POINT('',(14.335881104034,0.961369828455,
    4.395624535524));
#1387 = ORIENTED_EDGE('',*,*,#1348,.F.);
#1388 = SURFACE_OF_LINEAR_EXTRUSION('',#1389,#1393);
#1389 = B_SPLINE_CURVE_WITH_KNOTS('',2,(#1390,#1391,#1392),
  .UNSPECIFIED.,.F.,.F.,(3,3),(0.,1.),.PIECEWISE_BEZIER_KNOTS.);
#1390 = CARTESIAN_POINT('',(15.184288747346,1.621511905377,
    3.870306465368));
#1391 = CARTESIAN_POINT('',(14.674734607219,1.621511905377,
    3.870306465368));
#1392 = CARTESIAN_POINT('',(14.335881104034,1.713123925084,
    4.122008420863));
#1393 = VECTOR('',#1394,1.);
#1394 = DIRECTION('',(-0.,0.939692620786,-0.342020143326));
#1395 = ADVANCED_FACE('',(#1396),#1414,.T.);
#1396 = FACE_BOUND('',#1397,.T.);
#1397 = EDGE_LOOP('',(#1398,#1399,#1407,#1413));
#1398 = ORIENTED_EDGE('',*,*,#523,.T.);
#1399 = ORIENTED_EDGE('',*,*,#1400,.T.);
#1400 = EDGE_CURVE('',#507,#1401,#1403,.T.);
#1401 = VERTEX_POINT('',#1402);
#1402 = CARTESIAN_POINT('',(16.061910828025,0.98054038426,4.448295204714
    ));
#1403 = LINE('',#1404,#1405);
#1404 = CARTESIAN_POINT('',(16.061910828025,1.732294480888,
    4.174679090054));
#1405 = VECTOR('',#1406,1.);
#1406 = DIRECTION('',(0.,-0.939692620786,0.342020143326));
#1407 = ORIENTED_EDGE('',*,*,#1408,.T.);
#1408 = EDGE_CURVE('',#1401,#1375,#1409,.T.);
#1409 = B_SPLINE_CURVE_WITH_KNOTS('',2,(#1410,#1411,#1412),
  .UNSPECIFIED.,.F.,.F.,(3,3),(0.,1.),.PIECEWISE_BEZIER_KNOTS.);
#1410 = CARTESIAN_POINT('',(16.061910828025,0.98054038426,4.448295204714
    ));
#1411 = CARTESIAN_POINT('',(15.732059447983,0.869757808748,
    4.143922580028));
#1412 = CARTESIAN_POINT('',(15.184288747346,0.869757808748,
    4.143922580028));
#1413 = ORIENTED_EDGE('',*,*,#1374,.F.);
#1414 = SURFACE_OF_LINEAR_EXTRUSION('',#1415,#1419);
#1415 = B_SPLINE_CURVE_WITH_KNOTS('',2,(#1416,#1417,#1418),
  .UNSPECIFIED.,.F.,.F.,(3,3),(0.,1.),.PIECEWISE_BEZIER_KNOTS.);
#1416 = CARTESIAN_POINT('',(16.061910828025,1.732294480888,
    4.174679090054));
#1417 = CARTESIAN_POINT('',(15.732059447983,1.621511905377,
    3.870306465368));
#1418 = CARTESIAN_POINT('',(15.184288747346,1.621511905377,
    3.870306465368));
#1419 = VECTOR('',#1420,1.);
#1420 = DIRECTION('',(-0.,0.939692620786,-0.342020143326));
#1421 = ADVANCED_FACE('',(#1422),#1440,.T.);
#1422 = FACE_BOUND('',#1423,.T.);
#1423 = EDGE_LOOP('',(#1424,#1425,#1433,#1439));
#1424 = ORIENTED_EDGE('',*,*,#506,.T.);
#1425 = ORIENTED_EDGE('',*,*,#1426,.T.);
#1426 = EDGE_CURVE('',#492,#1427,#1429,.T.);
#1427 = VERTEX_POINT('',#1428);
#1428 = CARTESIAN_POINT('',(16.391932059448,1.268505369477,
    5.239472499192));
#1429 = LINE('',#1430,#1431);
#1430 = CARTESIAN_POINT('',(16.391932059448,2.020259466105,
    4.965856384531));
#1431 = VECTOR('',#1432,1.);
#1432 = DIRECTION('',(0.,-0.939692620786,0.342020143326));
#1433 = ORIENTED_EDGE('',*,*,#1434,.T.);
#1434 = EDGE_CURVE('',#1427,#1401,#1435,.T.);
#1435 = B_SPLINE_CURVE_WITH_KNOTS('',2,(#1436,#1437,#1438),
  .UNSPECIFIED.,.F.,.F.,(3,3),(0.,1.),.PIECEWISE_BEZIER_KNOTS.);
#1436 = CARTESIAN_POINT('',(16.391932059448,1.268505369477,
    5.239472499192));
#1437 = CARTESIAN_POINT('',(16.391932059448,1.091381052364,
    4.752827437489));
#1438 = CARTESIAN_POINT('',(16.061910828025,0.98054038426,4.448295204714
    ));
#1439 = ORIENTED_EDGE('',*,*,#1400,.F.);
#1440 = SURFACE_OF_LINEAR_EXTRUSION('',#1441,#1445);
#1441 = B_SPLINE_CURVE_WITH_KNOTS('',2,(#1442,#1443,#1444),
  .UNSPECIFIED.,.F.,.F.,(3,3),(0.,1.),.PIECEWISE_BEZIER_KNOTS.);
#1442 = CARTESIAN_POINT('',(16.391932059448,2.020259466105,
    4.965856384531));
#1443 = CARTESIAN_POINT('',(16.391932059448,1.843135148993,
    4.479211322828));
#1444 = CARTESIAN_POINT('',(16.061910828025,1.732294480888,
    4.174679090054));
#1445 = VECTOR('',#1446,1.);
#1446 = DIRECTION('',(-0.,0.939692620786,-0.342020143326));
#1447 = ADVANCED_FACE('',(#1448),#1466,.T.);
#1448 = FACE_BOUND('',#1449,.T.);
#1449 = EDGE_LOOP('',(#1450,#1451,#1459,#1465));
#1450 = ORIENTED_EDGE('',*,*,#491,.T.);
#1451 = ORIENTED_EDGE('',*,*,#1452,.T.);
#1452 = EDGE_CURVE('',#477,#1453,#1455,.T.);
#1453 = VERTEX_POINT('',#1454);
#1454 = CARTESIAN_POINT('',(16.230063694268,1.457829131192,5.75963525947
    ));
#1455 = LINE('',#1456,#1457);
#1456 = CARTESIAN_POINT('',(16.230063694268,2.20958322782,5.48601914481)
  );
#1457 = VECTOR('',#1458,1.);
#1458 = DIRECTION('',(0.,-0.939692620786,0.342020143326));
#1459 = ORIENTED_EDGE('',*,*,#1460,.T.);
#1460 = EDGE_CURVE('',#1453,#1427,#1461,.T.);
#1461 = B_SPLINE_CURVE_WITH_KNOTS('',2,(#1462,#1463,#1464),
  .UNSPECIFIED.,.F.,.F.,(3,3),(0.,1.),.PIECEWISE_BEZIER_KNOTS.);
#1462 = CARTESIAN_POINT('',(16.230063694268,1.457829131192,5.75963525947
    ));
#1463 = CARTESIAN_POINT('',(16.391932059448,1.375802389387,5.53426863857
    ));
#1464 = CARTESIAN_POINT('',(16.391932059448,1.268505369477,
    5.239472499192));
#1465 = ORIENTED_EDGE('',*,*,#1426,.F.);
#1466 = SURFACE_OF_LINEAR_EXTRUSION('',#1467,#1471);
#1467 = B_SPLINE_CURVE_WITH_KNOTS('',2,(#1468,#1469,#1470),
  .UNSPECIFIED.,.F.,.F.,(3,3),(0.,1.),.PIECEWISE_BEZIER_KNOTS.);
#1468 = CARTESIAN_POINT('',(16.230063694268,2.20958322782,5.48601914481)
  );
#1469 = CARTESIAN_POINT('',(16.391932059448,2.127556486016,5.26065252391
    ));
#1470 = CARTESIAN_POINT('',(16.391932059448,2.020259466105,
    4.965856384531));
#1471 = VECTOR('',#1472,1.);
#1472 = DIRECTION('',(-0.,0.939692620786,-0.342020143326));
#1473 = ADVANCED_FACE('',(#1474),#1492,.T.);
#1474 = FACE_BOUND('',#1475,.T.);
#1475 = EDGE_LOOP('',(#1476,#1477,#1485,#1491));
#1476 = ORIENTED_EDGE('',*,*,#476,.T.);
#1477 = ORIENTED_EDGE('',*,*,#1478,.T.);
#1478 = EDGE_CURVE('',#462,#1479,#1481,.T.);
#1479 = VERTEX_POINT('',#1480);
#1480 = CARTESIAN_POINT('',(15.757537154989,1.582612021699,
    6.102473433474));
#1481 = LINE('',#1482,#1483);
#1482 = CARTESIAN_POINT('',(15.757537154989,2.334366118328,
    5.828857318814));
#1483 = VECTOR('',#1484,1.);
#1484 = DIRECTION('',(0.,-0.939692620786,0.342020143326));
#1485 = ORIENTED_EDGE('',*,*,#1486,.T.);
#1486 = EDGE_CURVE('',#1479,#1453,#1487,.T.);
#1487 = B_SPLINE_CURVE_WITH_KNOTS('',2,(#1488,#1489,#1490),
  .UNSPECIFIED.,.F.,.F.,(3,3),(0.,1.),.PIECEWISE_BEZIER_KNOTS.);
#1488 = CARTESIAN_POINT('',(15.757537154989,1.582612021699,
    6.102473433474));
#1489 = CARTESIAN_POINT('',(16.068365180467,1.539855872997,
    5.985001880371));
#1490 = CARTESIAN_POINT('',(16.230063694268,1.457829131192,5.75963525947
    ));
#1491 = ORIENTED_EDGE('',*,*,#1452,.F.);
#1492 = SURFACE_OF_LINEAR_EXTRUSION('',#1493,#1497);
#1493 = B_SPLINE_CURVE_WITH_KNOTS('',2,(#1494,#1495,#1496),
  .UNSPECIFIED.,.F.,.F.,(3,3),(0.,1.),.PIECEWISE_BEZIER_KNOTS.);
#1494 = CARTESIAN_POINT('',(15.757537154989,2.334366118328,
    5.828857318814));
#1495 = CARTESIAN_POINT('',(16.068365180467,2.291609969625,5.71138576571
    ));
#1496 = CARTESIAN_POINT('',(16.230063694268,2.20958322782,5.48601914481)
  );
#1497 = VECTOR('',#1498,1.);
#1498 = DIRECTION('',(-0.,0.939692620786,-0.342020143326));
#1499 = ADVANCED_FACE('',(#1500),#1518,.T.);
#1500 = FACE_BOUND('',#1501,.T.);
#1501 = EDGE_LOOP('',(#1502,#1503,#1511,#1517));
#1502 = ORIENTED_EDGE('',*,*,#461,.T.);
#1503 = ORIENTED_EDGE('',*,*,#1504,.T.);
#1504 = EDGE_CURVE('',#447,#1505,#1507,.T.);
#1505 = VERTEX_POINT('',#1506);
#1506 = CARTESIAN_POINT('',(16.137154989384,1.688921467523,
    6.394556235349));
#1507 = LINE('',#1508,#1509);
#1508 = CARTESIAN_POINT('',(16.137154989384,2.440675564152,
    6.120940120689));
#1509 = VECTOR('',#1510,1.);
#1510 = DIRECTION('',(0.,-0.939692620786,0.342020143326));
#1511 = ORIENTED_EDGE('',*,*,#1512,.T.);
#1512 = EDGE_CURVE('',#1505,#1479,#1513,.T.);
#1513 = B_SPLINE_CURVE_WITH_KNOTS('',2,(#1514,#1515,#1516),
  .UNSPECIFIED.,.F.,.F.,(3,3),(0.,1.),.PIECEWISE_BEZIER_KNOTS.);
#1514 = CARTESIAN_POINT('',(16.137154989384,1.688921467523,
    6.394556235349));
#1515 = CARTESIAN_POINT('',(16.002123142251,1.619384633288,
    6.203505353467));
#1516 = CARTESIAN_POINT('',(15.757537154989,1.582612021699,
    6.102473433474));
#1517 = ORIENTED_EDGE('',*,*,#1478,.F.);
#1518 = SURFACE_OF_LINEAR_EXTRUSION('',#1519,#1523);
#1519 = B_SPLINE_CURVE_WITH_KNOTS('',2,(#1520,#1521,#1522),
  .UNSPECIFIED.,.F.,.F.,(3,3),(0.,1.),.PIECEWISE_BEZIER_KNOTS.);
#1520 = CARTESIAN_POINT('',(16.137154989384,2.440675564152,
    6.120940120689));
#1521 = CARTESIAN_POINT('',(16.002123142251,2.371138729916,
    5.929889238807));
#1522 = CARTESIAN_POINT('',(15.757537154989,2.334366118328,
    5.828857318814));
#1523 = VECTOR('',#1524,1.);
#1524 = DIRECTION('',(-0.,0.939692620786,-0.342020143326));
#1525 = ADVANCED_FACE('',(#1526),#1544,.T.);
#1526 = FACE_BOUND('',#1527,.T.);
#1527 = EDGE_LOOP('',(#1528,#1529,#1537,#1543));
#1528 = ORIENTED_EDGE('',*,*,#446,.T.);
#1529 = ORIENTED_EDGE('',*,*,#1530,.T.);
#1530 = EDGE_CURVE('',#432,#1531,#1533,.T.);
#1531 = VERTEX_POINT('',#1532);
#1532 = CARTESIAN_POINT('',(16.272186836518,1.847746617731,
    6.830924749188));
#1533 = LINE('',#1534,#1535);
#1534 = CARTESIAN_POINT('',(16.272186836518,2.59950071436,6.557308634528
    ));
#1535 = VECTOR('',#1536,1.);
#1536 = DIRECTION('',(0.,-0.939692620786,0.342020143326));
#1537 = ORIENTED_EDGE('',*,*,#1538,.T.);
#1538 = EDGE_CURVE('',#1531,#1505,#1539,.T.);
#1539 = B_SPLINE_CURVE_WITH_KNOTS('',2,(#1540,#1541,#1542),
  .UNSPECIFIED.,.F.,.F.,(3,3),(0.,1.),.PIECEWISE_BEZIER_KNOTS.);
#1540 = CARTESIAN_POINT('',(16.272186836518,1.847746617731,
    6.830924749188));
#1541 = CARTESIAN_POINT('',(16.272186836518,1.758458301758,
    6.585607117231));
#1542 = CARTESIAN_POINT('',(16.137154989384,1.688921467523,
    6.394556235349));
#1543 = ORIENTED_EDGE('',*,*,#1504,.F.);
#1544 = SURFACE_OF_LINEAR_EXTRUSION('',#1545,#1549);
#1545 = B_SPLINE_CURVE_WITH_KNOTS('',2,(#1546,#1547,#1548),
  .UNSPECIFIED.,.F.,.F.,(3,3),(0.,1.),.PIECEWISE_BEZIER_KNOTS.);
#1546 = CARTESIAN_POINT('',(16.272186836518,2.59950071436,6.557308634528
    ));
#1547 = CARTESIAN_POINT('',(16.272186836518,2.510212398387,
    6.311991002571));
#1548 = CARTESIAN_POINT('',(16.137154989384,2.440675564152,
    6.120940120689));
#1549 = VECTOR('',#1550,1.);
#1550 = DIRECTION('',(-0.,0.939692620786,-0.342020143326));
#1551 = ADVANCED_FACE('',(#1552),#1570,.T.);
#1552 = FACE_BOUND('',#1553,.T.);
#1553 = EDGE_LOOP('',(#1554,#1555,#1563,#1569));
#1554 = ORIENTED_EDGE('',*,*,#431,.T.);
#1555 = ORIENTED_EDGE('',*,*,#1556,.T.);
#1556 = EDGE_CURVE('',#410,#1557,#1559,.T.);
#1557 = VERTEX_POINT('',#1558);
#1558 = CARTESIAN_POINT('',(15.977834394904,2.084822491177,
    7.482285358178));
#1559 = LINE('',#1560,#1561);
#1560 = CARTESIAN_POINT('',(15.977834394904,2.836576587806,
    7.208669243518));
#1561 = VECTOR('',#1562,1.);
#1562 = DIRECTION('',(0.,-0.939692620786,0.342020143326));
#1563 = ORIENTED_EDGE('',*,*,#1564,.T.);
#1564 = EDGE_CURVE('',#1557,#1531,#1565,.T.);
#1565 = B_SPLINE_CURVE_WITH_KNOTS('',2,(#1566,#1567,#1568),
  .UNSPECIFIED.,.F.,.F.,(3,3),(0.,1.),.PIECEWISE_BEZIER_KNOTS.);
#1566 = CARTESIAN_POINT('',(15.977834394904,2.084822491177,
    7.482285358178));
#1567 = CARTESIAN_POINT('',(16.272186836518,1.991235323296,
    7.225156727675));
#1568 = CARTESIAN_POINT('',(16.272186836518,1.847746617731,
    6.830924749188));
#1569 = ORIENTED_EDGE('',*,*,#1530,.F.);
#1570 = SURFACE_OF_LINEAR_EXTRUSION('',#1571,#1575);
#1571 = B_SPLINE_CURVE_WITH_KNOTS('',2,(#1572,#1573,#1574),
  .UNSPECIFIED.,.F.,.F.,(3,3),(0.,1.),.PIECEWISE_BEZIER_KNOTS.);
#1572 = CARTESIAN_POINT('',(15.977834394904,2.836576587806,
    7.208669243518));
#1573 = CARTESIAN_POINT('',(16.272186836518,2.742989419925,
    6.951540613015));
#1574 = CARTESIAN_POINT('',(16.272186836518,2.59950071436,6.557308634528
    ));
#1575 = VECTOR('',#1576,1.);
#1576 = DIRECTION('',(-0.,0.939692620786,-0.342020143326));
#1577 = ADVANCED_FACE('',(#1578),#1596,.T.);
#1578 = FACE_BOUND('',#1579,.T.);
#1579 = EDGE_LOOP('',(#1580,#1581,#1589,#1595));
#1580 = ORIENTED_EDGE('',*,*,#409,.T.);
#1581 = ORIENTED_EDGE('',*,*,#1582,.T.);
#1582 = EDGE_CURVE('',#393,#1583,#1585,.T.);
#1583 = VERTEX_POINT('',#1584);
#1584 = CARTESIAN_POINT('',(15.151167728238,2.178467751651,7.73957359677
    ));
#1585 = LINE('',#1586,#1587);
#1586 = CARTESIAN_POINT('',(15.151167728238,2.93022184828,7.465957482109
    ));
#1587 = VECTOR('',#1588,1.);
#1588 = DIRECTION('',(0.,-0.939692620786,0.342020143326));
#1589 = ORIENTED_EDGE('',*,*,#1590,.T.);
#1590 = EDGE_CURVE('',#1583,#1557,#1591,.T.);
#1591 = B_SPLINE_CURVE_WITH_KNOTS('',2,(#1592,#1593,#1594),
  .UNSPECIFIED.,.F.,.F.,(3,3),(0.,1.),.PIECEWISE_BEZIER_KNOTS.);
#1592 = CARTESIAN_POINT('',(15.151167728238,2.178467751651,7.73957359677
    ));
#1593 = CARTESIAN_POINT('',(15.683651804671,2.178467751651,7.73957359677
    ));
#1594 = CARTESIAN_POINT('',(15.977834394904,2.084822491177,
    7.482285358178));
#1595 = ORIENTED_EDGE('',*,*,#1556,.F.);
#1596 = SURFACE_OF_LINEAR_EXTRUSION('',#1597,#1601);
#1597 = B_SPLINE_CURVE_WITH_KNOTS('',2,(#1598,#1599,#1600),
  .UNSPECIFIED.,.F.,.F.,(3,3),(0.,1.),.PIECEWISE_BEZIER_KNOTS.);
#1598 = CARTESIAN_POINT('',(15.151167728238,2.93022184828,7.465957482109
    ));
#1599 = CARTESIAN_POINT('',(15.683651804671,2.93022184828,7.465957482109
    ));
#1600 = CARTESIAN_POINT('',(15.977834394904,2.836576587806,
    7.208669243518));
#1601 = VECTOR('',#1602,1.);
#1602 = DIRECTION('',(-0.,0.939692620786,-0.342020143326));
#1603 = ADVANCED_FACE('',(#1604),#1622,.T.);
#1604 = FACE_BOUND('',#1605,.T.);
#1605 = EDGE_LOOP('',(#1606,#1607,#1615,#1621));
#1606 = ORIENTED_EDGE('',*,*,#392,.T.);
#1607 = ORIENTED_EDGE('',*,*,#1608,.T.);
#1608 = EDGE_CURVE('',#378,#1609,#1611,.T.);
#1609 = VERTEX_POINT('',#1610);
#1610 = CARTESIAN_POINT('',(14.32178343949,2.084822491177,7.482285358178
    ));
#1611 = LINE('',#1612,#1613);
#1612 = CARTESIAN_POINT('',(14.32178343949,2.836576587806,7.208669243518
    ));
#1613 = VECTOR('',#1614,1.);
#1614 = DIRECTION('',(0.,-0.939692620786,0.342020143326));
#1615 = ORIENTED_EDGE('',*,*,#1616,.T.);
#1616 = EDGE_CURVE('',#1609,#1583,#1617,.T.);
#1617 = B_SPLINE_CURVE_WITH_KNOTS('',2,(#1618,#1619,#1620),
  .UNSPECIFIED.,.F.,.F.,(3,3),(0.,1.),.PIECEWISE_BEZIER_KNOTS.);
#1618 = CARTESIAN_POINT('',(14.32178343949,2.084822491177,7.482285358178
    ));
#1619 = CARTESIAN_POINT('',(14.613588110403,2.178467751651,7.73957359677
    ));
#1620 = CARTESIAN_POINT('',(15.151167728238,2.178467751651,7.73957359677
    ));
#1621 = ORIENTED_EDGE('',*,*,#1582,.F.);
#1622 = SURFACE_OF_LINEAR_EXTRUSION('',#1623,#1627);
#1623 = B_SPLINE_CURVE_WITH_KNOTS('',2,(#1624,#1625,#1626),
  .UNSPECIFIED.,.F.,.F.,(3,3),(0.,1.),.PIECEWISE_BEZIER_KNOTS.);
#1624 = CARTESIAN_POINT('',(14.32178343949,2.836576587806,7.208669243518
    ));
#1625 = CARTESIAN_POINT('',(14.613588110403,2.93022184828,7.465957482109
    ));
#1626 = CARTESIAN_POINT('',(15.151167728238,2.93022184828,7.465957482109
    ));
#1627 = VECTOR('',#1628,1.);
#1628 = DIRECTION('',(-0.,0.939692620786,-0.342020143326));
#1629 = ADVANCED_FACE('',(#1630),#1648,.T.);
#1630 = FACE_BOUND('',#1631,.T.);
#1631 = EDGE_LOOP('',(#1632,#1633,#1641,#1647));
#1632 = ORIENTED_EDGE('',*,*,#377,.T.);
#1633 = ORIENTED_EDGE('',*,*,#1634,.T.);
#1634 = EDGE_CURVE('',#363,#1635,#1637,.T.);
#1635 = VERTEX_POINT('',#1636);
#1636 = CARTESIAN_POINT('',(14.030148619958,1.847746617731,
    6.830924749188));
#1637 = LINE('',#1638,#1639);
#1638 = CARTESIAN_POINT('',(14.030148619958,2.59950071436,6.557308634528
    ));
#1639 = VECTOR('',#1640,1.);
#1640 = DIRECTION('',(0.,-0.939692620786,0.342020143326));
#1641 = ORIENTED_EDGE('',*,*,#1642,.T.);
#1642 = EDGE_CURVE('',#1635,#1609,#1643,.T.);
#1643 = B_SPLINE_CURVE_WITH_KNOTS('',2,(#1644,#1645,#1646),
  .UNSPECIFIED.,.F.,.F.,(3,3),(0.,1.),.PIECEWISE_BEZIER_KNOTS.);
#1644 = CARTESIAN_POINT('',(14.030148619958,1.847746617731,
    6.830924749188));
#1645 = CARTESIAN_POINT('',(14.030148619958,1.991235323296,
    7.225156727675));
#1646 = CARTESIAN_POINT('',(14.32178343949,2.084822491177,7.482285358178
    ));
#1647 = ORIENTED_EDGE('',*,*,#1608,.F.);
#1648 = SURFACE_OF_LINEAR_EXTRUSION('',#1649,#1653);
#1649 = B_SPLINE_CURVE_WITH_KNOTS('',2,(#1650,#1651,#1652),
  .UNSPECIFIED.,.F.,.F.,(3,3),(0.,1.),.PIECEWISE_BEZIER_KNOTS.);
#1650 = CARTESIAN_POINT('',(14.030148619958,2.59950071436,6.557308634528
    ));
#1651 = CARTESIAN_POINT('',(14.030148619958,2.742989419925,
    6.951540613015));
#1652 = CARTESIAN_POINT('',(14.32178343949,2.836576587806,7.208669243518
    ));
#1653 = VECTOR('',#1654,1.);
#1654 = DIRECTION('',(-0.,0.939692620786,-0.342020143326));
#1655 = ADVANCED_FACE('',(#1656),#1667,.T.);
#1656 = FACE_BOUND('',#1657,.T.);
#1657 = EDGE_LOOP('',(#1658,#1659,#1660,#1666));
#1658 = ORIENTED_EDGE('',*,*,#362,.T.);
#1659 = ORIENTED_EDGE('',*,*,#1279,.T.);
#1660 = ORIENTED_EDGE('',*,*,#1661,.T.);
#1661 = EDGE_CURVE('',#1272,#1635,#1662,.T.);
#1662 = B_SPLINE_CURVE_WITH_KNOTS('',2,(#1663,#1664,#1665),
  .UNSPECIFIED.,.F.,.F.,(3,3),(0.,1.),.PIECEWISE_BEZIER_KNOTS.);
#1663 = CARTESIAN_POINT('',(14.156178343949,1.693278412024,
    6.406526841983));
#1664 = CARTESIAN_POINT('',(14.030148619958,1.763744727753,
    6.600131453281));
#1665 = CARTESIAN_POINT('',(14.030148619958,1.847746617731,
    6.830924749188));
#1666 = ORIENTED_EDGE('',*,*,#1634,.F.);
#1667 = SURFACE_OF_LINEAR_EXTRUSION('',#1668,#1672);
#1668 = B_SPLINE_CURVE_WITH_KNOTS('',2,(#1669,#1670,#1671),
  .UNSPECIFIED.,.F.,.F.,(3,3),(0.,1.),.PIECEWISE_BEZIER_KNOTS.);
#1669 = CARTESIAN_POINT('',(14.156178343949,2.445032508653,
    6.132910727323));
#1670 = CARTESIAN_POINT('',(14.030148619958,2.515498824382,6.32651533862
    ));
#1671 = CARTESIAN_POINT('',(14.030148619958,2.59950071436,6.557308634528
    ));
#1672 = VECTOR('',#1673,1.);
#1673 = DIRECTION('',(-0.,0.939692620786,-0.342020143326));
#1674 = ADVANCED_FACE('',(#1675),#1700,.T.);
#1675 = FACE_BOUND('',#1676,.T.);
#1676 = EDGE_LOOP('',(#1677,#1678,#1686,#1694));
#1677 = ORIENTED_EDGE('',*,*,#610,.T.);
#1678 = ORIENTED_EDGE('',*,*,#1679,.T.);
#1679 = EDGE_CURVE('',#613,#1680,#1682,.T.);
#1680 = VERTEX_POINT('',#1681);
#1681 = CARTESIAN_POINT('',(12.270997876858,0.869757808748,
    4.143922580028));
#1682 = LINE('',#1683,#1684);
#1683 = CARTESIAN_POINT('',(12.270997876858,1.621511905377,
    3.870306465368));
#1684 = VECTOR('',#1685,1.);
#1685 = DIRECTION('',(0.,-0.939692620786,0.342020143326));
#1686 = ORIENTED_EDGE('',*,*,#1687,.T.);
#1687 = EDGE_CURVE('',#1680,#1688,#1690,.T.);
#1688 = VERTEX_POINT('',#1689);
#1689 = CARTESIAN_POINT('',(13.195838641189,2.189621529574,
    7.770218349753));
#1690 = LINE('',#1691,#1692);
#1691 = CARTESIAN_POINT('',(12.270997876858,0.869757808748,
    4.143922580028));
#1692 = VECTOR('',#1693,1.);
#1693 = DIRECTION('',(0.233057266823,0.332601938861,0.913816316689));
#1694 = ORIENTED_EDGE('',*,*,#1695,.F.);
#1695 = EDGE_CURVE('',#611,#1688,#1696,.T.);
#1696 = LINE('',#1697,#1698);
#1697 = CARTESIAN_POINT('',(13.195838641189,2.941375626202,
    7.496602235093));
#1698 = VECTOR('',#1699,1.);
#1699 = DIRECTION('',(0.,-0.939692620786,0.342020143326));
#1700 = PLANE('',#1701);
#1701 = AXIS2_PLACEMENT_3D('',#1702,#1703,#1704);
#1702 = CARTESIAN_POINT('',(12.270997876858,1.621511905377,
    3.870306465368));
#1703 = DIRECTION('',(-0.972463012346,7.971027980197E-02,0.219002193854)
  );
#1704 = DIRECTION('',(0.233057266823,0.332601938861,0.913816316689));
#1705 = ADVANCED_FACE('',(#1706),#1724,.T.);
#1706 = FACE_BOUND('',#1707,.T.);
#1707 = EDGE_LOOP('',(#1708,#1709,#1717,#1723));
#1708 = ORIENTED_EDGE('',*,*,#636,.T.);
#1709 = ORIENTED_EDGE('',*,*,#1710,.T.);
#1710 = EDGE_CURVE('',#629,#1711,#1713,.T.);
#1711 = VERTEX_POINT('',#1712);
#1712 = CARTESIAN_POINT('',(12.79838641189,0.869757808748,4.143922580028
    ));
#1713 = LINE('',#1714,#1715);
#1714 = CARTESIAN_POINT('',(12.79838641189,1.621511905377,3.870306465368
    ));
#1715 = VECTOR('',#1716,1.);
#1716 = DIRECTION('',(0.,-0.939692620786,0.342020143326));
#1717 = ORIENTED_EDGE('',*,*,#1718,.T.);
#1718 = EDGE_CURVE('',#1711,#1680,#1719,.T.);
#1719 = LINE('',#1720,#1721);
#1720 = CARTESIAN_POINT('',(12.79838641189,0.869757808748,4.143922580028
    ));
#1721 = VECTOR('',#1722,1.);
#1722 = DIRECTION('',(-1.,0.,0.));
#1723 = ORIENTED_EDGE('',*,*,#1679,.F.);
#1724 = PLANE('',#1725);
#1725 = AXIS2_PLACEMENT_3D('',#1726,#1727,#1728);
#1726 = CARTESIAN_POINT('',(12.79838641189,1.621511905377,3.870306465368
    ));
#1727 = DIRECTION('',(0.,-0.342020143326,-0.939692620786));
#1728 = DIRECTION('',(-1.,0.,0.));
#1729 = ADVANCED_FACE('',(#1730),#1748,.T.);
#1730 = FACE_BOUND('',#1731,.T.);
#1731 = EDGE_LOOP('',(#1732,#1733,#1741,#1747));
#1732 = ORIENTED_EDGE('',*,*,#628,.T.);
#1733 = ORIENTED_EDGE('',*,*,#1734,.T.);
#1734 = EDGE_CURVE('',#621,#1735,#1737,.T.);
#1735 = VERTEX_POINT('',#1736);
#1736 = CARTESIAN_POINT('',(13.733418259023,2.189621529574,
    7.770218349753));
#1737 = LINE('',#1738,#1739);
#1738 = CARTESIAN_POINT('',(13.733418259023,2.941375626202,
    7.496602235093));
#1739 = VECTOR('',#1740,1.);
#1740 = DIRECTION('',(0.,-0.939692620786,0.342020143326));
#1741 = ORIENTED_EDGE('',*,*,#1742,.T.);
#1742 = EDGE_CURVE('',#1735,#1711,#1743,.T.);
#1743 = LINE('',#1744,#1745);
#1744 = CARTESIAN_POINT('',(13.733418259023,2.189621529574,
    7.770218349753));
#1745 = VECTOR('',#1746,1.);
#1746 = DIRECTION('',(-0.235483715343,-0.332401953666,-0.913266861879));
#1747 = ORIENTED_EDGE('',*,*,#1710,.F.);
#1748 = PLANE('',#1749);
#1749 = AXIS2_PLACEMENT_3D('',#1750,#1751,#1752);
#1750 = CARTESIAN_POINT('',(13.733418259023,2.941375626202,
    7.496602235093));
#1751 = DIRECTION('',(0.971878294751,-8.054017407264E-02,-0.221282309624
    ));
#1752 = DIRECTION('',(-0.235483715343,-0.332401953666,-0.913266861879));
#1753 = ADVANCED_FACE('',(#1754),#1765,.T.);
#1754 = FACE_BOUND('',#1755,.T.);
#1755 = EDGE_LOOP('',(#1756,#1757,#1758,#1764));
#1756 = ORIENTED_EDGE('',*,*,#620,.T.);
#1757 = ORIENTED_EDGE('',*,*,#1695,.T.);
#1758 = ORIENTED_EDGE('',*,*,#1759,.T.);
#1759 = EDGE_CURVE('',#1688,#1735,#1760,.T.);
#1760 = LINE('',#1761,#1762);
#1761 = CARTESIAN_POINT('',(13.195838641189,2.189621529574,
    7.770218349753));
#1762 = VECTOR('',#1763,1.);
#1763 = DIRECTION('',(1.,0.,0.));
#1764 = ORIENTED_EDGE('',*,*,#1734,.F.);
#1765 = PLANE('',#1766);
#1766 = AXIS2_PLACEMENT_3D('',#1767,#1768,#1769);
#1767 = CARTESIAN_POINT('',(13.195838641189,2.941375626202,
    7.496602235093));
#1768 = DIRECTION('',(0.,0.342020143326,0.939692620786));
#1769 = DIRECTION('',(1.,0.,0.));
#1770 = ADVANCED_FACE('',(#1771),#1796,.T.);
#1771 = FACE_BOUND('',#1772,.T.);
#1772 = EDGE_LOOP('',(#1773,#1774,#1782,#1790));
#1773 = ORIENTED_EDGE('',*,*,#644,.T.);
#1774 = ORIENTED_EDGE('',*,*,#1775,.T.);
#1775 = EDGE_CURVE('',#647,#1776,#1778,.T.);
#1776 = VERTEX_POINT('',#1777);
#1777 = CARTESIAN_POINT('',(9.608067940552,1.220172331813,5.106678569596
    ));
#1778 = LINE('',#1779,#1780);
#1779 = CARTESIAN_POINT('',(9.608067940552,1.971926428441,4.833062454936
    ));
#1780 = VECTOR('',#1781,1.);
#1781 = DIRECTION('',(0.,-0.939692620786,0.342020143326));
#1782 = ORIENTED_EDGE('',*,*,#1783,.T.);
#1783 = EDGE_CURVE('',#1776,#1784,#1786,.T.);
#1784 = VERTEX_POINT('',#1785);
#1785 = CARTESIAN_POINT('',(10.32144373673,1.245268332138,5.175629263809
    ));
#1786 = LINE('',#1787,#1788);
#1787 = CARTESIAN_POINT('',(9.608067940552,1.220172331813,5.106678569596
    ));
#1788 = VECTOR('',#1789,1.);
#1789 = DIRECTION('',(0.994751810339,3.499458755099E-02,
    9.614683909947E-02));
#1790 = ORIENTED_EDGE('',*,*,#1791,.F.);
#1791 = EDGE_CURVE('',#645,#1784,#1792,.T.);
#1792 = LINE('',#1793,#1794);
#1793 = CARTESIAN_POINT('',(10.32144373673,1.997022428767,4.902013149149
    ));
#1794 = VECTOR('',#1795,1.);
#1795 = DIRECTION('',(0.,-0.939692620786,0.342020143326));
#1796 = PLANE('',#1797);
#1797 = AXIS2_PLACEMENT_3D('',#1798,#1799,#1800);
#1798 = CARTESIAN_POINT('',(9.608067940552,1.971926428441,4.833062454936
    ));
#1799 = DIRECTION('',(-0.102317329063,0.340225156746,0.934760935689));
#1800 = DIRECTION('',(0.994751810339,3.499458755099E-02,
    9.614683909947E-02));
#1801 = ADVANCED_FACE('',(#1802),#1820,.T.);
#1802 = FACE_BOUND('',#1803,.T.);
#1803 = EDGE_LOOP('',(#1804,#1805,#1813,#1819));
#1804 = ORIENTED_EDGE('',*,*,#907,.T.);
#1805 = ORIENTED_EDGE('',*,*,#1806,.T.);
#1806 = EDGE_CURVE('',#891,#1807,#1809,.T.);
#1807 = VERTEX_POINT('',#1808);
#1808 = CARTESIAN_POINT('',(9.997876857749,0.964739198869,4.404881804654
    ));
#1809 = LINE('',#1810,#1811);
#1810 = CARTESIAN_POINT('',(9.997876857749,1.716493295498,4.131265689994
    ));
#1811 = VECTOR('',#1812,1.);
#1812 = DIRECTION('',(0.,-0.939692620786,0.342020143326));
#1813 = ORIENTED_EDGE('',*,*,#1814,.T.);
#1814 = EDGE_CURVE('',#1807,#1776,#1815,.T.);
#1815 = B_SPLINE_CURVE_WITH_KNOTS('',2,(#1816,#1817,#1818),
  .UNSPECIFIED.,.F.,.F.,(3,3),(0.,1.),.PIECEWISE_BEZIER_KNOTS.);
#1816 = CARTESIAN_POINT('',(9.997876857749,0.964739198869,4.404881804654
    ));
#1817 = CARTESIAN_POINT('',(9.671762208068,1.059778681584,4.666000637368
    ));
#1818 = CARTESIAN_POINT('',(9.608067940552,1.220172331813,5.106678569596
    ));
#1819 = ORIENTED_EDGE('',*,*,#1775,.F.);
#1820 = SURFACE_OF_LINEAR_EXTRUSION('',#1821,#1825);
#1821 = B_SPLINE_CURVE_WITH_KNOTS('',2,(#1822,#1823,#1824),
  .UNSPECIFIED.,.F.,.F.,(3,3),(0.,1.),.PIECEWISE_BEZIER_KNOTS.);
#1822 = CARTESIAN_POINT('',(9.997876857749,1.716493295498,4.131265689994
    ));
#1823 = CARTESIAN_POINT('',(9.671762208068,1.811532778212,4.392384522708
    ));
#1824 = CARTESIAN_POINT('',(9.608067940552,1.971926428441,4.833062454936
    ));
#1825 = VECTOR('',#1826,1.);
#1826 = DIRECTION('',(-0.,0.939692620786,-0.342020143326));
#1827 = ADVANCED_FACE('',(#1828),#1846,.T.);
#1828 = FACE_BOUND('',#1829,.T.);
#1829 = EDGE_LOOP('',(#1830,#1831,#1839,#1845));
#1830 = ORIENTED_EDGE('',*,*,#890,.T.);
#1831 = ORIENTED_EDGE('',*,*,#1832,.T.);
#1832 = EDGE_CURVE('',#872,#1833,#1835,.T.);
#1833 = VERTEX_POINT('',#1834);
#1834 = CARTESIAN_POINT('',(10.84118895966,0.869757808748,4.143922580028
    ));
#1835 = LINE('',#1836,#1837);
#1836 = CARTESIAN_POINT('',(10.84118895966,1.621511905377,3.870306465368
    ));
#1837 = VECTOR('',#1838,1.);
#1838 = DIRECTION('',(0.,-0.939692620786,0.342020143326));
#1839 = ORIENTED_EDGE('',*,*,#1840,.T.);
#1840 = EDGE_CURVE('',#1833,#1807,#1841,.T.);
#1841 = B_SPLINE_CURVE_WITH_KNOTS('',2,(#1842,#1843,#1844),
  .UNSPECIFIED.,.F.,.F.,(3,3),(0.,1.),.PIECEWISE_BEZIER_KNOTS.);
#1842 = CARTESIAN_POINT('',(10.84118895966,0.869757808748,4.143922580028
    ));
#1843 = CARTESIAN_POINT('',(10.323991507431,0.869757808748,
    4.143922580028));
#1844 = CARTESIAN_POINT('',(9.997876857749,0.964739198869,4.404881804654
    ));
#1845 = ORIENTED_EDGE('',*,*,#1806,.F.);
#1846 = SURFACE_OF_LINEAR_EXTRUSION('',#1847,#1851);
#1847 = B_SPLINE_CURVE_WITH_KNOTS('',2,(#1848,#1849,#1850),
  .UNSPECIFIED.,.F.,.F.,(3,3),(0.,1.),.PIECEWISE_BEZIER_KNOTS.);
#1848 = CARTESIAN_POINT('',(10.84118895966,1.621511905377,3.870306465368
    ));
#1849 = CARTESIAN_POINT('',(10.323991507431,1.621511905377,
    3.870306465368));
#1850 = CARTESIAN_POINT('',(9.997876857749,1.716493295498,4.131265689994
    ));
#1851 = VECTOR('',#1852,1.);
#1852 = DIRECTION('',(-0.,0.939692620786,-0.342020143326));
#1853 = ADVANCED_FACE('',(#1854),#1872,.T.);
#1854 = FACE_BOUND('',#1855,.T.);
#1855 = EDGE_LOOP('',(#1856,#1857,#1865,#1871));
#1856 = ORIENTED_EDGE('',*,*,#871,.T.);
#1857 = ORIENTED_EDGE('',*,*,#1858,.T.);
#1858 = EDGE_CURVE('',#857,#1859,#1861,.T.);
#1859 = VERTEX_POINT('',#1860);
#1860 = CARTESIAN_POINT('',(11.852653927813,1.039678644286,
    4.610776238763));
#1861 = LINE('',#1862,#1863);
#1862 = CARTESIAN_POINT('',(11.852653927813,1.791432740915,
    4.337160124102));
#1863 = VECTOR('',#1864,1.);
#1864 = DIRECTION('',(0.,-0.939692620786,0.342020143326));
#1865 = ORIENTED_EDGE('',*,*,#1866,.T.);
#1866 = EDGE_CURVE('',#1859,#1833,#1867,.T.);
#1867 = B_SPLINE_CURVE_WITH_KNOTS('',2,(#1868,#1869,#1870),
  .UNSPECIFIED.,.F.,.F.,(3,3),(0.,1.),.PIECEWISE_BEZIER_KNOTS.);
#1868 = CARTESIAN_POINT('',(11.852653927813,1.039678644286,
    4.610776238763));
#1869 = CARTESIAN_POINT('',(11.488322717622,0.869757808748,
    4.143922580028));
#1870 = CARTESIAN_POINT('',(10.84118895966,0.869757808748,4.143922580028
    ));
#1871 = ORIENTED_EDGE('',*,*,#1832,.F.);
#1872 = SURFACE_OF_LINEAR_EXTRUSION('',#1873,#1877);
#1873 = B_SPLINE_CURVE_WITH_KNOTS('',2,(#1874,#1875,#1876),
  .UNSPECIFIED.,.F.,.F.,(3,3),(0.,1.),.PIECEWISE_BEZIER_KNOTS.);
#1874 = CARTESIAN_POINT('',(11.852653927813,1.791432740915,
    4.337160124102));
#1875 = CARTESIAN_POINT('',(11.488322717622,1.621511905377,
    3.870306465368));
#1876 = CARTESIAN_POINT('',(10.84118895966,1.621511905377,3.870306465368
    ));
#1877 = VECTOR('',#1878,1.);
#1878 = DIRECTION('',(-0.,0.939692620786,-0.342020143326));
#1879 = ADVANCED_FACE('',(#1880),#1898,.T.);
#1880 = FACE_BOUND('',#1881,.T.);
#1881 = EDGE_LOOP('',(#1882,#1883,#1891,#1897));
#1882 = ORIENTED_EDGE('',*,*,#856,.T.);
#1883 = ORIENTED_EDGE('',*,*,#1884,.T.);
#1884 = EDGE_CURVE('',#840,#1885,#1887,.T.);
#1885 = VERTEX_POINT('',#1886);
#1886 = CARTESIAN_POINT('',(12.12016985138,1.322589573882,5.388067629544
    ));
#1887 = LINE('',#1888,#1889);
#1888 = CARTESIAN_POINT('',(12.12016985138,2.074343670511,5.114451514884
    ));
#1889 = VECTOR('',#1890,1.);
#1890 = DIRECTION('',(0.,-0.939692620786,0.342020143326));
#1891 = ORIENTED_EDGE('',*,*,#1892,.T.);
#1892 = EDGE_CURVE('',#1885,#1859,#1893,.T.);
#1893 = B_SPLINE_CURVE_WITH_KNOTS('',2,(#1894,#1895,#1896),
  .UNSPECIFIED.,.F.,.F.,(3,3),(0.,1.),.PIECEWISE_BEZIER_KNOTS.);
#1894 = CARTESIAN_POINT('',(12.12016985138,1.322589573882,5.388067629544
    ));
#1895 = CARTESIAN_POINT('',(12.12016985138,1.16405488664,4.952497156147)
  );
#1896 = CARTESIAN_POINT('',(11.852653927813,1.039678644286,
    4.610776238763));
#1897 = ORIENTED_EDGE('',*,*,#1858,.F.);
#1898 = SURFACE_OF_LINEAR_EXTRUSION('',#1899,#1903);
#1899 = B_SPLINE_CURVE_WITH_KNOTS('',2,(#1900,#1901,#1902),
  .UNSPECIFIED.,.F.,.F.,(3,3),(0.,1.),.PIECEWISE_BEZIER_KNOTS.);
#1900 = CARTESIAN_POINT('',(12.12016985138,2.074343670511,5.114451514884
    ));
#1901 = CARTESIAN_POINT('',(12.12016985138,1.915808983269,4.678881041487
    ));
#1902 = CARTESIAN_POINT('',(11.852653927813,1.791432740915,
    4.337160124102));
#1903 = VECTOR('',#1904,1.);
#1904 = DIRECTION('',(-0.,0.939692620786,-0.342020143326));
#1905 = ADVANCED_FACE('',(#1906),#1924,.T.);
#1906 = FACE_BOUND('',#1907,.T.);
#1907 = EDGE_LOOP('',(#1908,#1909,#1917,#1923));
#1908 = ORIENTED_EDGE('',*,*,#839,.T.);
#1909 = ORIENTED_EDGE('',*,*,#1910,.T.);
#1910 = EDGE_CURVE('',#825,#1911,#1913,.T.);
#1911 = VERTEX_POINT('',#1912);
#1912 = CARTESIAN_POINT('',(11.788959660297,1.63175835567,6.237501876308
    ));
#1913 = LINE('',#1914,#1915);
#1914 = CARTESIAN_POINT('',(11.788959660297,2.383512452299,
    5.963885761648));
#1915 = VECTOR('',#1916,1.);
#1916 = DIRECTION('',(0.,-0.939692620786,0.342020143326));
#1917 = ORIENTED_EDGE('',*,*,#1918,.T.);
#1918 = EDGE_CURVE('',#1911,#1885,#1919,.T.);
#1919 = B_SPLINE_CURVE_WITH_KNOTS('',2,(#1920,#1921,#1922),
  .UNSPECIFIED.,.F.,.F.,(3,3),(0.,1.),.PIECEWISE_BEZIER_KNOTS.);
#1920 = CARTESIAN_POINT('',(11.788959660297,1.63175835567,6.237501876308
    ));
#1921 = CARTESIAN_POINT('',(12.12016985138,1.512668539311,5.910305294973
    ));
#1922 = CARTESIAN_POINT('',(12.12016985138,1.322589573882,5.388067629544
    ));
#1923 = ORIENTED_EDGE('',*,*,#1884,.F.);
#1924 = SURFACE_OF_LINEAR_EXTRUSION('',#1925,#1929);
#1925 = B_SPLINE_CURVE_WITH_KNOTS('',2,(#1926,#1927,#1928),
  .UNSPECIFIED.,.F.,.F.,(3,3),(0.,1.),.PIECEWISE_BEZIER_KNOTS.);
#1926 = CARTESIAN_POINT('',(11.788959660297,2.383512452299,
    5.963885761648));
#1927 = CARTESIAN_POINT('',(12.12016985138,2.264422635939,5.636689180313
    ));
#1928 = CARTESIAN_POINT('',(12.12016985138,2.074343670511,5.114451514884
    ));
#1929 = VECTOR('',#1930,1.);
#1930 = DIRECTION('',(-0.,0.939692620786,-0.342020143326));
#1931 = ADVANCED_FACE('',(#1932),#1950,.T.);
#1932 = FACE_BOUND('',#1933,.T.);
#1933 = EDGE_LOOP('',(#1934,#1935,#1943,#1949));
#1934 = ORIENTED_EDGE('',*,*,#824,.T.);
#1935 = ORIENTED_EDGE('',*,*,#1936,.T.);
#1936 = EDGE_CURVE('',#810,#1937,#1939,.T.);
#1937 = VERTEX_POINT('',#1938);
#1938 = CARTESIAN_POINT('',(10.981316348195,1.750906264623,
    6.564858065732));
#1939 = LINE('',#1940,#1941);
#1940 = CARTESIAN_POINT('',(10.981316348195,2.502660361252,
    6.291241951071));
#1941 = VECTOR('',#1942,1.);
#1942 = DIRECTION('',(0.,-0.939692620786,0.342020143326));
#1943 = ORIENTED_EDGE('',*,*,#1944,.T.);
#1944 = EDGE_CURVE('',#1937,#1911,#1945,.T.);
#1945 = B_SPLINE_CURVE_WITH_KNOTS('',2,(#1946,#1947,#1948),
  .UNSPECIFIED.,.F.,.F.,(3,3),(0.,1.),.PIECEWISE_BEZIER_KNOTS.);
#1946 = CARTESIAN_POINT('',(10.981316348195,1.750906264623,
    6.564858065732));
#1947 = CARTESIAN_POINT('',(11.457749469214,1.750906264623,
    6.564858065732));
#1948 = CARTESIAN_POINT('',(11.788959660297,1.63175835567,6.237501876308
    ));
#1949 = ORIENTED_EDGE('',*,*,#1910,.F.);
#1950 = SURFACE_OF_LINEAR_EXTRUSION('',#1951,#1955);
#1951 = B_SPLINE_CURVE_WITH_KNOTS('',2,(#1952,#1953,#1954),
  .UNSPECIFIED.,.F.,.F.,(3,3),(0.,1.),.PIECEWISE_BEZIER_KNOTS.);
#1952 = CARTESIAN_POINT('',(10.981316348195,2.502660361252,
    6.291241951071));
#1953 = CARTESIAN_POINT('',(11.457749469214,2.502660361252,
    6.291241951071));
#1954 = CARTESIAN_POINT('',(11.788959660297,2.383512452299,
    5.963885761648));
#1955 = VECTOR('',#1956,1.);
#1956 = DIRECTION('',(-0.,0.939692620786,-0.342020143326));
#1957 = ADVANCED_FACE('',(#1958),#1976,.T.);
#1958 = FACE_BOUND('',#1959,.T.);
#1959 = EDGE_LOOP('',(#1960,#1961,#1969,#1975));
#1960 = ORIENTED_EDGE('',*,*,#809,.T.);
#1961 = ORIENTED_EDGE('',*,*,#1962,.T.);
#1962 = EDGE_CURVE('',#802,#1963,#1965,.T.);
#1963 = VERTEX_POINT('',#1964);
#1964 = CARTESIAN_POINT('',(10.492144373673,1.709950986314,6.45233436337
    ));
#1965 = LINE('',#1966,#1967);
#1966 = CARTESIAN_POINT('',(10.492144373673,2.461705082943,6.17871824871
    ));
#1967 = VECTOR('',#1968,1.);
#1968 = DIRECTION('',(0.,-0.939692620786,0.342020143326));
#1969 = ORIENTED_EDGE('',*,*,#1970,.T.);
#1970 = EDGE_CURVE('',#1963,#1937,#1971,.T.);
#1971 = B_SPLINE_CURVE_WITH_KNOTS('',2,(#1972,#1973,#1974),
  .UNSPECIFIED.,.F.,.F.,(3,3),(0.,1.),.PIECEWISE_BEZIER_KNOTS.);
#1972 = CARTESIAN_POINT('',(10.492144373673,1.709950986314,6.45233436337
    ));
#1973 = CARTESIAN_POINT('',(10.731634819533,1.750906264623,
    6.564858065732));
#1974 = CARTESIAN_POINT('',(10.981316348195,1.750906264623,
    6.564858065732));
#1975 = ORIENTED_EDGE('',*,*,#1936,.F.);
#1976 = SURFACE_OF_LINEAR_EXTRUSION('',#1977,#1981);
#1977 = B_SPLINE_CURVE_WITH_KNOTS('',2,(#1978,#1979,#1980),
  .UNSPECIFIED.,.F.,.F.,(3,3),(0.,1.),.PIECEWISE_BEZIER_KNOTS.);
#1978 = CARTESIAN_POINT('',(10.492144373673,2.461705082943,6.17871824871
    ));
#1979 = CARTESIAN_POINT('',(10.731634819533,2.502660361252,
    6.291241951071));
#1980 = CARTESIAN_POINT('',(10.981316348195,2.502660361252,
    6.291241951071));
#1981 = VECTOR('',#1982,1.);
#1982 = DIRECTION('',(-0.,0.939692620786,-0.342020143326));
#1983 = ADVANCED_FACE('',(#1984),#2002,.T.);
#1984 = FACE_BOUND('',#1985,.T.);
#1985 = EDGE_LOOP('',(#1986,#1987,#1995,#2001));
#1986 = ORIENTED_EDGE('',*,*,#801,.T.);
#1987 = ORIENTED_EDGE('',*,*,#1988,.T.);
#1988 = EDGE_CURVE('',#794,#1989,#1991,.T.);
#1989 = VERTEX_POINT('',#1990);
#1990 = CARTESIAN_POINT('',(10.604246284501,1.925648785409,
    7.044959195808));
#1991 = LINE('',#1992,#1993);
#1992 = CARTESIAN_POINT('',(10.604246284501,2.677402882037,
    6.771343081148));
#1993 = VECTOR('',#1994,1.);
#1994 = DIRECTION('',(0.,-0.939692620786,0.342020143326));
#1995 = ORIENTED_EDGE('',*,*,#1996,.T.);
#1996 = EDGE_CURVE('',#1989,#1963,#1997,.T.);
#1997 = LINE('',#1998,#1999);
#1998 = CARTESIAN_POINT('',(10.604246284501,1.925648785409,
    7.044959195808));
#1999 = VECTOR('',#2000,1.);
#2000 = DIRECTION('',(-0.175010486354,-0.336741599195,-0.925189939979));
#2001 = ORIENTED_EDGE('',*,*,#1962,.F.);
#2002 = PLANE('',#2003);
#2003 = AXIS2_PLACEMENT_3D('',#2004,#2005,#2006);
#2004 = CARTESIAN_POINT('',(10.604246284501,2.677402882037,
    6.771343081148));
#2005 = DIRECTION('',(0.984566569444,-5.985711162633E-02,-0.164456062587
    ));
#2006 = DIRECTION('',(-0.175010486354,-0.336741599195,-0.925189939979));
#2007 = ADVANCED_FACE('',(#2008),#2026,.T.);
#2008 = FACE_BOUND('',#2009,.T.);
#2009 = EDGE_LOOP('',(#2010,#2011,#2019,#2025));
#2010 = ORIENTED_EDGE('',*,*,#793,.T.);
#2011 = ORIENTED_EDGE('',*,*,#2012,.T.);
#2012 = EDGE_CURVE('',#786,#2013,#2015,.T.);
#2013 = VERTEX_POINT('',#2014);
#2014 = CARTESIAN_POINT('',(11.954564755839,1.925648785409,
    7.044959195808));
#2015 = LINE('',#2016,#2017);
#2016 = CARTESIAN_POINT('',(11.954564755839,2.677402882037,
    6.771343081148));
#2017 = VECTOR('',#2018,1.);
#2018 = DIRECTION('',(0.,-0.939692620786,0.342020143326));
#2019 = ORIENTED_EDGE('',*,*,#2020,.T.);
#2020 = EDGE_CURVE('',#2013,#1989,#2021,.T.);
#2021 = LINE('',#2022,#2023);
#2022 = CARTESIAN_POINT('',(11.954564755839,1.925648785409,
    7.044959195808));
#2023 = VECTOR('',#2024,1.);
#2024 = DIRECTION('',(-1.,0.,0.));
#2025 = ORIENTED_EDGE('',*,*,#1988,.F.);
#2026 = PLANE('',#2027);
#2027 = AXIS2_PLACEMENT_3D('',#2028,#2029,#2030);
#2028 = CARTESIAN_POINT('',(11.954564755839,2.677402882037,
    6.771343081148));
#2029 = DIRECTION('',(0.,-0.342020143326,-0.939692620786));
#2030 = DIRECTION('',(-1.,0.,0.));
#2031 = ADVANCED_FACE('',(#2032),#2050,.T.);
#2032 = FACE_BOUND('',#2033,.T.);
#2033 = EDGE_LOOP('',(#2034,#2035,#2043,#2049));
#2034 = ORIENTED_EDGE('',*,*,#785,.T.);
#2035 = ORIENTED_EDGE('',*,*,#2036,.T.);
#2036 = EDGE_CURVE('',#778,#2037,#2039,.T.);
#2037 = VERTEX_POINT('',#2038);
#2038 = CARTESIAN_POINT('',(11.954564755839,2.156160195806,
    7.678284090802));
#2039 = LINE('',#2040,#2041);
#2040 = CARTESIAN_POINT('',(11.954564755839,2.907914292435,
    7.404667976142));
#2041 = VECTOR('',#2042,1.);
#2042 = DIRECTION('',(0.,-0.939692620786,0.342020143326));
#2043 = ORIENTED_EDGE('',*,*,#2044,.T.);
#2044 = EDGE_CURVE('',#2037,#2013,#2045,.T.);
#2045 = LINE('',#2046,#2047);
#2046 = CARTESIAN_POINT('',(11.954564755839,2.156160195806,
    7.678284090802));
#2047 = VECTOR('',#2048,1.);
#2048 = DIRECTION('',(0.,-0.342020143326,-0.939692620786));
#2049 = ORIENTED_EDGE('',*,*,#2012,.F.);
#2050 = PLANE('',#2051);
#2051 = AXIS2_PLACEMENT_3D('',#2052,#2053,#2054);
#2052 = CARTESIAN_POINT('',(11.954564755839,2.907914292435,
    7.404667976142));
#2053 = DIRECTION('',(1.,0.,0.));
#2054 = DIRECTION('',(0.,-0.342020143326,-0.939692620786));
#2055 = ADVANCED_FACE('',(#2056),#2074,.T.);
#2056 = FACE_BOUND('',#2057,.T.);
#2057 = EDGE_LOOP('',(#2058,#2059,#2067,#2073));
#2058 = ORIENTED_EDGE('',*,*,#777,.T.);
#2059 = ORIENTED_EDGE('',*,*,#2060,.T.);
#2060 = EDGE_CURVE('',#770,#2061,#2063,.T.);
#2061 = VERTEX_POINT('',#2062);
#2062 = CARTESIAN_POINT('',(10.061571125265,2.156160195806,
    7.678284090802));
#2063 = LINE('',#2064,#2065);
#2064 = CARTESIAN_POINT('',(10.061571125265,2.907914292435,
    7.404667976142));
#2065 = VECTOR('',#2066,1.);
#2066 = DIRECTION('',(0.,-0.939692620786,0.342020143326));
#2067 = ORIENTED_EDGE('',*,*,#2068,.T.);
#2068 = EDGE_CURVE('',#2061,#2037,#2069,.T.);
#2069 = LINE('',#2070,#2071);
#2070 = CARTESIAN_POINT('',(10.061571125265,2.156160195806,
    7.678284090802));
#2071 = VECTOR('',#2072,1.);
#2072 = DIRECTION('',(1.,0.,0.));
#2073 = ORIENTED_EDGE('',*,*,#2036,.F.);
#2074 = PLANE('',#2075);
#2075 = AXIS2_PLACEMENT_3D('',#2076,#2077,#2078);
#2076 = CARTESIAN_POINT('',(10.061571125265,2.907914292435,
    7.404667976142));
#2077 = DIRECTION('',(0.,0.342020143326,0.939692620786));
#2078 = DIRECTION('',(1.,0.,0.));
#2079 = ADVANCED_FACE('',(#2080),#2098,.T.);
#2080 = FACE_BOUND('',#2081,.T.);
#2081 = EDGE_LOOP('',(#2082,#2083,#2091,#2097));
#2082 = ORIENTED_EDGE('',*,*,#769,.T.);
#2083 = ORIENTED_EDGE('',*,*,#2084,.T.);
#2084 = EDGE_CURVE('',#762,#2085,#2087,.T.);
#2085 = VERTEX_POINT('',#2086);
#2086 = CARTESIAN_POINT('',(9.694692144374,1.489547687159,5.846781275767
    ));
#2087 = LINE('',#2088,#2089);
#2088 = CARTESIAN_POINT('',(9.694692144374,2.241301783788,5.573165161107
    ));
#2089 = VECTOR('',#2090,1.);
#2090 = DIRECTION('',(0.,-0.939692620786,0.342020143326));
#2091 = ORIENTED_EDGE('',*,*,#2092,.T.);
#2092 = EDGE_CURVE('',#2085,#2061,#2093,.T.);
#2093 = LINE('',#2094,#2095);
#2094 = CARTESIAN_POINT('',(9.694692144374,1.489547687159,5.846781275767
    ));
#2095 = VECTOR('',#2096,1.);
#2096 = DIRECTION('',(0.184986551027,0.336117235571,0.92347451502));
#2097 = ORIENTED_EDGE('',*,*,#2060,.F.);
#2098 = PLANE('',#2099);
#2099 = AXIS2_PLACEMENT_3D('',#2100,#2101,#2102);
#2100 = CARTESIAN_POINT('',(9.694692144374,2.241301783788,5.573165161107
    ));
#2101 = DIRECTION('',(-0.982741052332,6.326912669566E-02,0.173830496945)
  );
#2102 = DIRECTION('',(0.184986551027,0.336117235571,0.92347451502));
#2103 = ADVANCED_FACE('',(#2104),#2122,.T.);
#2104 = FACE_BOUND('',#2105,.T.);
#2105 = EDGE_LOOP('',(#2106,#2107,#2115,#2121));
#2106 = ORIENTED_EDGE('',*,*,#761,.T.);
#2107 = ORIENTED_EDGE('',*,*,#2108,.T.);
#2108 = EDGE_CURVE('',#745,#2109,#2111,.T.);
#2109 = VERTEX_POINT('',#2110);
#2110 = CARTESIAN_POINT('',(10.275583864119,1.460908038639,
    5.768094488159));
#2111 = LINE('',#2112,#2113);
#2112 = CARTESIAN_POINT('',(10.275583864119,2.212662135268,
    5.494478373498));
#2113 = VECTOR('',#2114,1.);
#2114 = DIRECTION('',(0.,-0.939692620786,0.342020143326));
#2115 = ORIENTED_EDGE('',*,*,#2116,.T.);
#2116 = EDGE_CURVE('',#2109,#2085,#2117,.T.);
#2117 = LINE('',#2118,#2119);
#2118 = CARTESIAN_POINT('',(10.275583864119,1.460908038639,
    5.768094488159));
#2119 = VECTOR('',#2120,1.);
#2120 = DIRECTION('',(-0.989769265001,4.879849875915E-02,0.134072773444)
  );
#2121 = ORIENTED_EDGE('',*,*,#2084,.F.);
#2122 = PLANE('',#2123);
#2123 = AXIS2_PLACEMENT_3D('',#2124,#2125,#2126);
#2124 = CARTESIAN_POINT('',(10.275583864119,2.212662135268,
    5.494478373498));
#2125 = DIRECTION('',(-0.142677265393,-0.338521025875,-0.930078874602));
#2126 = DIRECTION('',(-0.989769265001,4.879849875915E-02,0.134072773444)
  );
#2127 = ADVANCED_FACE('',(#2128),#2146,.T.);
#2128 = FACE_BOUND('',#2129,.T.);
#2129 = EDGE_LOOP('',(#2130,#2131,#2139,#2145));
#2130 = ORIENTED_EDGE('',*,*,#744,.T.);
#2131 = ORIENTED_EDGE('',*,*,#2132,.T.);
#2132 = EDGE_CURVE('',#730,#2133,#2135,.T.);
#2133 = VERTEX_POINT('',#2134);
#2134 = CARTESIAN_POINT('',(10.828450106157,1.553856187993,
    6.023467429688));
#2135 = LINE('',#2136,#2137);
#2136 = CARTESIAN_POINT('',(10.828450106157,2.305610284622,
    5.749851315028));
#2137 = VECTOR('',#2138,1.);
#2138 = DIRECTION('',(0.,-0.939692620786,0.342020143326));
#2139 = ORIENTED_EDGE('',*,*,#2140,.T.);
#2140 = EDGE_CURVE('',#2133,#2109,#2141,.T.);
#2141 = B_SPLINE_CURVE_WITH_KNOTS('',2,(#2142,#2143,#2144),
  .UNSPECIFIED.,.F.,.F.,(3,3),(0.,1.),.PIECEWISE_BEZIER_KNOTS.);
#2142 = CARTESIAN_POINT('',(10.828450106157,1.553856187993,
    6.023467429688));
#2143 = CARTESIAN_POINT('',(10.52016985138,1.553856187993,6.023467429688
    ));
#2144 = CARTESIAN_POINT('',(10.275583864119,1.460908038639,
    5.768094488159));
#2145 = ORIENTED_EDGE('',*,*,#2108,.F.);
#2146 = SURFACE_OF_LINEAR_EXTRUSION('',#2147,#2151);
#2147 = B_SPLINE_CURVE_WITH_KNOTS('',2,(#2148,#2149,#2150),
  .UNSPECIFIED.,.F.,.F.,(3,3),(0.,1.),.PIECEWISE_BEZIER_KNOTS.);
#2148 = CARTESIAN_POINT('',(10.828450106157,2.305610284622,
    5.749851315028));
#2149 = CARTESIAN_POINT('',(10.52016985138,2.305610284622,5.749851315028
    ));
#2150 = CARTESIAN_POINT('',(10.275583864119,2.212662135268,
    5.494478373498));
#2151 = VECTOR('',#2152,1.);
#2152 = DIRECTION('',(-0.,0.939692620786,-0.342020143326));
#2153 = ADVANCED_FACE('',(#2154),#2172,.T.);
#2154 = FACE_BOUND('',#2155,.T.);
#2155 = EDGE_LOOP('',(#2156,#2157,#2165,#2171));
#2156 = ORIENTED_EDGE('',*,*,#729,.T.);
#2157 = ORIENTED_EDGE('',*,*,#2158,.T.);
#2158 = EDGE_CURVE('',#715,#2159,#2161,.T.);
#2159 = VERTEX_POINT('',#2160);
#2160 = CARTESIAN_POINT('',(11.229639065817,1.494834113153,
    5.861305611817));
#2161 = LINE('',#2162,#2163);
#2162 = CARTESIAN_POINT('',(11.229639065817,2.246588209782,
    5.587689497156));
#2163 = VECTOR('',#2164,1.);
#2164 = DIRECTION('',(0.,-0.939692620786,0.342020143326));
#2165 = ORIENTED_EDGE('',*,*,#2166,.T.);
#2166 = EDGE_CURVE('',#2159,#2133,#2167,.T.);
#2167 = B_SPLINE_CURVE_WITH_KNOTS('',2,(#2168,#2169,#2170),
  .UNSPECIFIED.,.F.,.F.,(3,3),(0.,1.),.PIECEWISE_BEZIER_KNOTS.);
#2168 = CARTESIAN_POINT('',(11.229639065817,1.494834113153,
    5.861305611817));
#2169 = CARTESIAN_POINT('',(11.075583864119,1.553856187993,
    6.023467429688));
#2170 = CARTESIAN_POINT('',(10.828450106157,1.553856187993,
    6.023467429688));
#2171 = ORIENTED_EDGE('',*,*,#2132,.F.);
#2172 = SURFACE_OF_LINEAR_EXTRUSION('',#2173,#2177);
#2173 = B_SPLINE_CURVE_WITH_KNOTS('',2,(#2174,#2175,#2176),
  .UNSPECIFIED.,.F.,.F.,(3,3),(0.,1.),.PIECEWISE_BEZIER_KNOTS.);
#2174 = CARTESIAN_POINT('',(11.229639065817,2.246588209782,
    5.587689497156));
#2175 = CARTESIAN_POINT('',(11.075583864119,2.305610284622,
    5.749851315028));
#2176 = CARTESIAN_POINT('',(10.828450106157,2.305610284622,
    5.749851315028));
#2177 = VECTOR('',#2178,1.);
#2178 = DIRECTION('',(-0.,0.939692620786,-0.342020143326));
#2179 = ADVANCED_FACE('',(#2180),#2198,.T.);
#2180 = FACE_BOUND('',#2181,.T.);
#2181 = EDGE_LOOP('',(#2182,#2183,#2191,#2197));
#2182 = ORIENTED_EDGE('',*,*,#714,.T.);
#2183 = ORIENTED_EDGE('',*,*,#2184,.T.);
#2184 = EDGE_CURVE('',#700,#2185,#2187,.T.);
#2185 = VERTEX_POINT('',#2186);
#2186 = CARTESIAN_POINT('',(11.383864118896,1.317767888634,
    5.374820158202));
#2187 = LINE('',#2188,#2189);
#2188 = CARTESIAN_POINT('',(11.383864118896,2.069521985263,
    5.101204043542));
#2189 = VECTOR('',#2190,1.);
#2190 = DIRECTION('',(0.,-0.939692620786,0.342020143326));
#2191 = ORIENTED_EDGE('',*,*,#2192,.T.);
#2192 = EDGE_CURVE('',#2185,#2159,#2193,.T.);
#2193 = B_SPLINE_CURVE_WITH_KNOTS('',2,(#2194,#2195,#2196),
  .UNSPECIFIED.,.F.,.F.,(3,3),(0.,1.),.PIECEWISE_BEZIER_KNOTS.);
#2194 = CARTESIAN_POINT('',(11.383864118896,1.317767888634,
    5.374820158202));
#2195 = CARTESIAN_POINT('',(11.383864118896,1.435812038314,
    5.699143793945));
#2196 = CARTESIAN_POINT('',(11.229639065817,1.494834113153,
    5.861305611817));
#2197 = ORIENTED_EDGE('',*,*,#2158,.F.);
#2198 = SURFACE_OF_LINEAR_EXTRUSION('',#2199,#2203);
#2199 = B_SPLINE_CURVE_WITH_KNOTS('',2,(#2200,#2201,#2202),
  .UNSPECIFIED.,.F.,.F.,(3,3),(0.,1.),.PIECEWISE_BEZIER_KNOTS.);
#2200 = CARTESIAN_POINT('',(11.383864118896,2.069521985263,
    5.101204043542));
#2201 = CARTESIAN_POINT('',(11.383864118896,2.187566134942,
    5.425527679285));
#2202 = CARTESIAN_POINT('',(11.229639065817,2.246588209782,
    5.587689497156));
#2203 = VECTOR('',#2204,1.);
#2204 = DIRECTION('',(-0.,0.939692620786,-0.342020143326));
#2205 = ADVANCED_FACE('',(#2206),#2224,.T.);
#2206 = FACE_BOUND('',#2207,.T.);
#2207 = EDGE_LOOP('',(#2208,#2209,#2217,#2223));
#2208 = ORIENTED_EDGE('',*,*,#699,.T.);
#2209 = ORIENTED_EDGE('',*,*,#2210,.T.);
#2210 = EDGE_CURVE('',#685,#2211,#2213,.T.);
#2211 = VERTEX_POINT('',#2212);
#2212 = CARTESIAN_POINT('',(11.228450106157,1.129315515819,
    4.857051519251));
#2213 = LINE('',#2214,#2215);
#2214 = CARTESIAN_POINT('',(11.228450106157,1.881069612448,4.58343540459
    ));
#2215 = VECTOR('',#2216,1.);
#2216 = DIRECTION('',(0.,-0.939692620786,0.342020143326));
#2217 = ORIENTED_EDGE('',*,*,#2218,.T.);
#2218 = EDGE_CURVE('',#2211,#2185,#2219,.T.);
#2219 = B_SPLINE_CURVE_WITH_KNOTS('',2,(#2220,#2221,#2222),
  .UNSPECIFIED.,.F.,.F.,(3,3),(0.,1.),.PIECEWISE_BEZIER_KNOTS.);
#2220 = CARTESIAN_POINT('',(11.228450106157,1.129315515819,
    4.857051519251));
#2221 = CARTESIAN_POINT('',(11.383864118896,1.19182314626,5.028789822429
    ));
#2222 = CARTESIAN_POINT('',(11.383864118896,1.317767888634,
    5.374820158202));
#2223 = ORIENTED_EDGE('',*,*,#2184,.F.);
#2224 = SURFACE_OF_LINEAR_EXTRUSION('',#2225,#2229);
#2225 = B_SPLINE_CURVE_WITH_KNOTS('',2,(#2226,#2227,#2228),
  .UNSPECIFIED.,.F.,.F.,(3,3),(0.,1.),.PIECEWISE_BEZIER_KNOTS.);
#2226 = CARTESIAN_POINT('',(11.228450106157,1.881069612448,4.58343540459
    ));
#2227 = CARTESIAN_POINT('',(11.383864118896,1.943577242888,
    4.755173707769));
#2228 = CARTESIAN_POINT('',(11.383864118896,2.069521985263,
    5.101204043542));
#2229 = VECTOR('',#2230,1.);
#2230 = DIRECTION('',(-0.,0.939692620786,-0.342020143326));
#2231 = ADVANCED_FACE('',(#2232),#2250,.T.);
#2232 = FACE_BOUND('',#2233,.T.);
#2233 = EDGE_LOOP('',(#2234,#2235,#2243,#2249));
#2234 = ORIENTED_EDGE('',*,*,#684,.T.);
#2235 = ORIENTED_EDGE('',*,*,#2236,.T.);
#2236 = EDGE_CURVE('',#670,#2237,#2239,.T.);
#2237 = VERTEX_POINT('',#2238);
#2238 = CARTESIAN_POINT('',(10.848832271762,1.066807885379,
    4.685313216072));
#2239 = LINE('',#2240,#2241);
#2240 = CARTESIAN_POINT('',(10.848832271762,1.818561982007,
    4.411697101411));
#2241 = VECTOR('',#2242,1.);
#2242 = DIRECTION('',(0.,-0.939692620786,0.342020143326));
#2243 = ORIENTED_EDGE('',*,*,#2244,.T.);
#2244 = EDGE_CURVE('',#2237,#2211,#2245,.T.);
#2245 = B_SPLINE_CURVE_WITH_KNOTS('',2,(#2246,#2247,#2248),
  .UNSPECIFIED.,.F.,.F.,(3,3),(0.,1.),.PIECEWISE_BEZIER_KNOTS.);
#2246 = CARTESIAN_POINT('',(10.848832271762,1.066807885379,
    4.685313216072));
#2247 = CARTESIAN_POINT('',(11.073036093418,1.066807885379,
    4.685313216072));
#2248 = CARTESIAN_POINT('',(11.228450106157,1.129315515819,
    4.857051519251));
#2249 = ORIENTED_EDGE('',*,*,#2210,.F.);
#2250 = SURFACE_OF_LINEAR_EXTRUSION('',#2251,#2255);
#2251 = B_SPLINE_CURVE_WITH_KNOTS('',2,(#2252,#2253,#2254),
  .UNSPECIFIED.,.F.,.F.,(3,3),(0.,1.),.PIECEWISE_BEZIER_KNOTS.);
#2252 = CARTESIAN_POINT('',(10.848832271762,1.818561982007,
    4.411697101411));
#2253 = CARTESIAN_POINT('',(11.073036093418,1.818561982007,
    4.411697101411));
#2254 = CARTESIAN_POINT('',(11.228450106157,1.881069612448,4.58343540459
    ));
#2255 = VECTOR('',#2256,1.);
#2256 = DIRECTION('',(-0.,0.939692620786,-0.342020143326));
#2257 = ADVANCED_FACE('',(#2258),#2276,.T.);
#2258 = FACE_BOUND('',#2259,.T.);
#2259 = EDGE_LOOP('',(#2260,#2261,#2269,#2275));
#2260 = ORIENTED_EDGE('',*,*,#669,.T.);
#2261 = ORIENTED_EDGE('',*,*,#2262,.T.);
#2262 = EDGE_CURVE('',#655,#2263,#2265,.T.);
#2263 = VERTEX_POINT('',#2264);
#2264 = CARTESIAN_POINT('',(10.502335456476,1.114850460076,
    4.817309105225));
#2265 = LINE('',#2266,#2267);
#2266 = CARTESIAN_POINT('',(10.502335456476,1.866604556705,
    4.543692990564));
#2267 = VECTOR('',#2268,1.);
#2268 = DIRECTION('',(0.,-0.939692620786,0.342020143326));
#2269 = ORIENTED_EDGE('',*,*,#2270,.T.);
#2270 = EDGE_CURVE('',#2263,#2237,#2271,.T.);
#2271 = B_SPLINE_CURVE_WITH_KNOTS('',2,(#2272,#2273,#2274),
  .UNSPECIFIED.,.F.,.F.,(3,3),(0.,1.),.PIECEWISE_BEZIER_KNOTS.);
#2272 = CARTESIAN_POINT('',(10.502335456476,1.114850460076,
    4.817309105225));
#2273 = CARTESIAN_POINT('',(10.652653927813,1.066807885379,
    4.685313216072));
#2274 = CARTESIAN_POINT('',(10.848832271762,1.066807885379,
    4.685313216072));
#2275 = ORIENTED_EDGE('',*,*,#2236,.F.);
#2276 = SURFACE_OF_LINEAR_EXTRUSION('',#2277,#2281);
#2277 = B_SPLINE_CURVE_WITH_KNOTS('',2,(#2278,#2279,#2280),
  .UNSPECIFIED.,.F.,.F.,(3,3),(0.,1.),.PIECEWISE_BEZIER_KNOTS.);
#2278 = CARTESIAN_POINT('',(10.502335456476,1.866604556705,
    4.543692990564));
#2279 = CARTESIAN_POINT('',(10.652653927813,1.818561982007,
    4.411697101411));
#2280 = CARTESIAN_POINT('',(10.848832271762,1.818561982007,
    4.411697101411));
#2281 = VECTOR('',#2282,1.);
#2282 = DIRECTION('',(-0.,0.939692620786,-0.342020143326));
#2283 = ADVANCED_FACE('',(#2284),#2295,.T.);
#2284 = FACE_BOUND('',#2285,.T.);
#2285 = EDGE_LOOP('',(#2286,#2287,#2288,#2294));
#2286 = ORIENTED_EDGE('',*,*,#654,.T.);
#2287 = ORIENTED_EDGE('',*,*,#1791,.T.);
#2288 = ORIENTED_EDGE('',*,*,#2289,.T.);
#2289 = EDGE_CURVE('',#1784,#2263,#2290,.T.);
#2290 = B_SPLINE_CURVE_WITH_KNOTS('',2,(#2291,#2292,#2293),
  .UNSPECIFIED.,.F.,.F.,(3,3),(0.,1.),.PIECEWISE_BEZIER_KNOTS.);
#2291 = CARTESIAN_POINT('',(10.32144373673,1.245268332138,5.175629263809
    ));
#2292 = CARTESIAN_POINT('',(10.352016985138,1.162951127367,
    4.949464602467));
#2293 = CARTESIAN_POINT('',(10.502335456476,1.114850460076,
    4.817309105225));
#2294 = ORIENTED_EDGE('',*,*,#2262,.F.);
#2295 = SURFACE_OF_LINEAR_EXTRUSION('',#2296,#2300);
#2296 = B_SPLINE_CURVE_WITH_KNOTS('',2,(#2297,#2298,#2299),
  .UNSPECIFIED.,.F.,.F.,(3,3),(0.,1.),.PIECEWISE_BEZIER_KNOTS.);
#2297 = CARTESIAN_POINT('',(10.32144373673,1.997022428767,4.902013149149
    ));
#2298 = CARTESIAN_POINT('',(10.352016985138,1.914705223995,
    4.675848487806));
#2299 = CARTESIAN_POINT('',(10.502335456476,1.866604556705,
    4.543692990564));
#2300 = VECTOR('',#2301,1.);
#2301 = DIRECTION('',(-0.,0.939692620786,-0.342020143326));
#2302 = ADVANCED_FACE('',(#2303),#2328,.F.);
#2303 = FACE_BOUND('',#2304,.F.);
#2304 = EDGE_LOOP('',(#2305,#2313,#2321,#2327));
#2305 = ORIENTED_EDGE('',*,*,#2306,.F.);
#2306 = EDGE_CURVE('',#2307,#284,#2309,.T.);
#2307 = VERTEX_POINT('',#2308);
#2308 = CARTESIAN_POINT('',(30.,12.6,0.));
#2309 = LINE('',#2310,#2311);
#2310 = CARTESIAN_POINT('',(30.,12.6,0.));
#2311 = VECTOR('',#2312,1.);
#2312 = DIRECTION('',(-0.971520338783,-0.236956180191,0.));
#2313 = ORIENTED_EDGE('',*,*,#2314,.T.);
#2314 = EDGE_CURVE('',#2307,#2315,#2317,.T.);
#2315 = VERTEX_POINT('',#2316);
#2316 = CARTESIAN_POINT('',(30.,12.6,10.));
#2317 = LINE('',#2318,#2319);
#2318 = CARTESIAN_POINT('',(30.,12.6,0.));
#2319 = VECTOR('',#2320,1.);
#2320 = DIRECTION('',(0.,0.,1.));
#2321 = ORIENTED_EDGE('',*,*,#2322,.T.);
#2322 = EDGE_CURVE('',#2315,#95,#2323,.T.);
#2323 = LINE('',#2324,#2325);
#2324 = CARTESIAN_POINT('',(30.,12.6,10.));
#2325 = VECTOR('',#2326,1.);
#2326 = DIRECTION('',(-0.971520338783,-0.236956180191,0.));
#2327 = ORIENTED_EDGE('',*,*,#999,.T.);
#2328 = PLANE('',#2329);
#2329 = AXIS2_PLACEMENT_3D('',#2330,#2331,#2332);
#2330 = CARTESIAN_POINT('',(30.,12.6,0.));
#2331 = DIRECTION('',(0.236956180191,-0.971520338783,0.));
#2332 = DIRECTION('',(-0.971520338783,-0.236956180191,0.));
#2333 = ADVANCED_FACE('',(#2334),#2352,.T.);
#2334 = FACE_BOUND('',#2335,.T.);
#2335 = EDGE_LOOP('',(#2336,#2337,#2345,#2351));
#2336 = ORIENTED_EDGE('',*,*,#1016,.F.);
#2337 = ORIENTED_EDGE('',*,*,#2338,.T.);
#2338 = EDGE_CURVE('',#71,#2339,#2341,.T.);
#2339 = VERTEX_POINT('',#2340);
#2340 = CARTESIAN_POINT('',(30.,6.6,10.));
#2341 = LINE('',#2342,#2343);
#2342 = CARTESIAN_POINT('',(25.9,7.6,10.));
#2343 = VECTOR('',#2344,1.);
#2344 = DIRECTION('',(0.971520338783,-0.236956180191,0.));
#2345 = ORIENTED_EDGE('',*,*,#2346,.T.);
#2346 = EDGE_CURVE('',#2339,#2315,#2347,.T.);
#2347 = LINE('',#2348,#2349);
#2348 = CARTESIAN_POINT('',(30.,6.6,10.));
#2349 = VECTOR('',#2350,1.);
#2350 = DIRECTION('',(0.,1.,0.));
#2351 = ORIENTED_EDGE('',*,*,#2322,.T.);
#2352 = PLANE('',#2353);
#2353 = AXIS2_PLACEMENT_3D('',#2354,#2355,#2356);
#2354 = CARTESIAN_POINT('',(28.172338161771,9.6,10.));
#2355 = DIRECTION('',(0.,0.,1.));
#2356 = DIRECTION('',(1.,0.,0.));
#2357 = ADVANCED_FACE('',(#2358),#2376,.F.);
#2358 = FACE_BOUND('',#2359,.F.);
#2359 = EDGE_LOOP('',(#2360,#2368,#2369,#2370));
#2360 = ORIENTED_EDGE('',*,*,#2361,.F.);
#2361 = EDGE_CURVE('',#260,#2362,#2364,.T.);
#2362 = VERTEX_POINT('',#2363);
#2363 = CARTESIAN_POINT('',(30.,6.6,0.));
#2364 = LINE('',#2365,#2366);
#2365 = CARTESIAN_POINT('',(25.9,7.6,0.));
#2366 = VECTOR('',#2367,1.);
#2367 = DIRECTION('',(0.971520338783,-0.236956180191,0.));
#2368 = ORIENTED_EDGE('',*,*,#1035,.T.);
#2369 = ORIENTED_EDGE('',*,*,#2338,.T.);
#2370 = ORIENTED_EDGE('',*,*,#2371,.F.);
#2371 = EDGE_CURVE('',#2362,#2339,#2372,.T.);
#2372 = LINE('',#2373,#2374);
#2373 = CARTESIAN_POINT('',(30.,6.6,0.));
#2374 = VECTOR('',#2375,1.);
#2375 = DIRECTION('',(0.,0.,1.));
#2376 = PLANE('',#2377);
#2377 = AXIS2_PLACEMENT_3D('',#2378,#2379,#2380);
#2378 = CARTESIAN_POINT('',(25.9,7.6,0.));
#2379 = DIRECTION('',(0.236956180191,0.971520338783,0.));
#2380 = DIRECTION('',(0.971520338783,-0.236956180191,0.));
#2381 = ADVANCED_FACE('',(#2382),#2408,.T.);
#2382 = FACE_BOUND('',#2383,.T.);
#2383 = EDGE_LOOP('',(#2384,#2392,#2393,#2401));
#2384 = ORIENTED_EDGE('',*,*,#2385,.F.);
#2385 = EDGE_CURVE('',#1050,#2386,#2388,.T.);
#2386 = VERTEX_POINT('',#2387);
#2387 = CARTESIAN_POINT('',(8.1,24.84,21.));
#2388 = LINE('',#2389,#2390);
#2389 = CARTESIAN_POINT('',(8.1,25.09,20.75));
#2390 = VECTOR('',#2391,1.);
#2391 = DIRECTION('',(-2.90882763039E-35,-0.707106781187,0.707106781187)
  );
#2392 = ORIENTED_EDGE('',*,*,#1066,.T.);
#2393 = ORIENTED_EDGE('',*,*,#2394,.T.);
#2394 = EDGE_CURVE('',#1059,#2395,#2397,.T.);
#2395 = VERTEX_POINT('',#2396);
#2396 = CARTESIAN_POINT('',(8.,24.74,21.));
#2397 = LINE('',#2398,#2399);
#2398 = CARTESIAN_POINT('',(7.5,24.74,20.5));
#2399 = VECTOR('',#2400,1.);
#2400 = DIRECTION('',(0.707106781187,-4.329780281177E-17,0.707106781187)
  );
#2401 = ORIENTED_EDGE('',*,*,#2402,.F.);
#2402 = EDGE_CURVE('',#2386,#2395,#2403,.T.);
#2403 = CIRCLE('',#2404,1.E-01);
#2404 = AXIS2_PLACEMENT_3D('',#2405,#2406,#2407);
#2405 = CARTESIAN_POINT('',(8.1,24.74,21.));
#2406 = DIRECTION('',(0.,-0.,1.));
#2407 = DIRECTION('',(0.,1.,0.));
#2408 = CONICAL_SURFACE('',#2409,0.6,0.785398163397);
#2409 = AXIS2_PLACEMENT_3D('',#2410,#2411,#2412);
#2410 = CARTESIAN_POINT('',(8.1,24.74,20.5));
#2411 = DIRECTION('',(-0.,-0.,-1.));
#2412 = DIRECTION('',(0.,1.,0.));
#2413 = ADVANCED_FACE('',(#2414),#2432,.F.);
#2414 = FACE_BOUND('',#2415,.T.);
#2415 = EDGE_LOOP('',(#2416,#2424,#2425,#2426));
#2416 = ORIENTED_EDGE('',*,*,#2417,.F.);
#2417 = EDGE_CURVE('',#1083,#2418,#2420,.T.);
#2418 = VERTEX_POINT('',#2419);
#2419 = CARTESIAN_POINT('',(17.9,24.84,21.));
#2420 = LINE('',#2421,#2422);
#2421 = CARTESIAN_POINT('',(17.9,25.09,20.75));
#2422 = VECTOR('',#2423,1.);
#2423 = DIRECTION('',(-2.90882763039E-35,-0.707106781187,0.707106781187)
  );
#2424 = ORIENTED_EDGE('',*,*,#1090,.T.);
#2425 = ORIENTED_EDGE('',*,*,#2385,.T.);
#2426 = ORIENTED_EDGE('',*,*,#2427,.F.);
#2427 = EDGE_CURVE('',#2418,#2386,#2428,.T.);
#2428 = LINE('',#2429,#2430);
#2429 = CARTESIAN_POINT('',(17.9,24.84,21.));
#2430 = VECTOR('',#2431,1.);
#2431 = DIRECTION('',(-1.,0.,0.));
#2432 = PLANE('',#2433);
#2433 = AXIS2_PLACEMENT_3D('',#2434,#2435,#2436);
#2434 = CARTESIAN_POINT('',(17.9,25.09,20.75));
#2435 = DIRECTION('',(-1.889513820523E-18,-0.707106781187,
    -0.707106781187));
#2436 = DIRECTION('',(1.,-1.336088035637E-18,-1.336088035637E-18));
#2437 = ADVANCED_FACE('',(#2438),#2456,.F.);
#2438 = FACE_BOUND('',#2439,.T.);
#2439 = EDGE_LOOP('',(#2440,#2441,#2442,#2450));
#2440 = ORIENTED_EDGE('',*,*,#2394,.F.);
#2441 = ORIENTED_EDGE('',*,*,#1107,.T.);
#2442 = ORIENTED_EDGE('',*,*,#2443,.T.);
#2443 = EDGE_CURVE('',#1108,#2444,#2446,.T.);
#2444 = VERTEX_POINT('',#2445);
#2445 = CARTESIAN_POINT('',(8.,14.94,21.));
#2446 = LINE('',#2447,#2448);
#2447 = CARTESIAN_POINT('',(7.75,14.94,20.75));
#2448 = VECTOR('',#2449,1.);
#2449 = DIRECTION('',(0.707106781187,-2.90882763039E-35,0.707106781187)
  );
#2450 = ORIENTED_EDGE('',*,*,#2451,.F.);
#2451 = EDGE_CURVE('',#2395,#2444,#2452,.T.);
#2452 = LINE('',#2453,#2454);
#2453 = CARTESIAN_POINT('',(8.,24.74,21.));
#2454 = VECTOR('',#2455,1.);
#2455 = DIRECTION('',(0.,-1.,0.));
#2456 = PLANE('',#2457);
#2457 = AXIS2_PLACEMENT_3D('',#2458,#2459,#2460);
#2458 = CARTESIAN_POINT('',(7.75,24.74,20.75));
#2459 = DIRECTION('',(0.707106781187,1.889513820523E-18,-0.707106781187)
  );
#2460 = DIRECTION('',(-1.336088035637E-18,1.,1.336088035637E-18));
#2461 = ADVANCED_FACE('',(#2462),#2481,.T.);
#2462 = FACE_BOUND('',#2463,.T.);
#2463 = EDGE_LOOP('',(#2464,#2472,#2473,#2474));
#2464 = ORIENTED_EDGE('',*,*,#2465,.F.);
#2465 = EDGE_CURVE('',#1132,#2466,#2468,.T.);
#2466 = VERTEX_POINT('',#2467);
#2467 = CARTESIAN_POINT('',(18.,24.74,21.));
#2468 = LINE('',#2469,#2470);
#2469 = CARTESIAN_POINT('',(18.25,24.74,20.75));
#2470 = VECTOR('',#2471,1.);
#2471 = DIRECTION('',(-0.707106781187,5.615430530155E-36,0.707106781187)
  );
#2472 = ORIENTED_EDGE('',*,*,#1139,.T.);
#2473 = ORIENTED_EDGE('',*,*,#2417,.T.);
#2474 = ORIENTED_EDGE('',*,*,#2475,.F.);
#2475 = EDGE_CURVE('',#2466,#2418,#2476,.T.);
#2476 = CIRCLE('',#2477,1.E-01);
#2477 = AXIS2_PLACEMENT_3D('',#2478,#2479,#2480);
#2478 = CARTESIAN_POINT('',(17.9,24.74,21.));
#2479 = DIRECTION('',(0.,0.,1.));
#2480 = DIRECTION('',(1.,0.,0.));
#2481 = CONICAL_SURFACE('',#2482,0.6,0.785398163397);
#2482 = AXIS2_PLACEMENT_3D('',#2483,#2484,#2485);
#2483 = CARTESIAN_POINT('',(17.9,24.74,20.5));
#2484 = DIRECTION('',(-0.,-0.,-1.));
#2485 = DIRECTION('',(1.,0.,0.));
#2486 = ADVANCED_FACE('',(#2487),#2506,.T.);
#2487 = FACE_BOUND('',#2488,.T.);
#2488 = EDGE_LOOP('',(#2489,#2490,#2491,#2499));
#2489 = ORIENTED_EDGE('',*,*,#2443,.F.);
#2490 = ORIENTED_EDGE('',*,*,#1164,.T.);
#2491 = ORIENTED_EDGE('',*,*,#2492,.T.);
#2492 = EDGE_CURVE('',#1157,#2493,#2495,.T.);
#2493 = VERTEX_POINT('',#2494);
#2494 = CARTESIAN_POINT('',(8.1,14.84,21.));
#2495 = LINE('',#2496,#2497);
#2496 = CARTESIAN_POINT('',(8.1,14.34,20.5));
#2497 = VECTOR('',#2498,1.);
#2498 = DIRECTION('',(4.329780281177E-17,0.707106781187,0.707106781187)
  );
#2499 = ORIENTED_EDGE('',*,*,#2500,.F.);
#2500 = EDGE_CURVE('',#2444,#2493,#2501,.T.);
#2501 = CIRCLE('',#2502,1.E-01);
#2502 = AXIS2_PLACEMENT_3D('',#2503,#2504,#2505);
#2503 = CARTESIAN_POINT('',(8.1,14.94,21.));
#2504 = DIRECTION('',(0.,0.,1.));
#2505 = DIRECTION('',(-1.,0.,0.));
#2506 = CONICAL_SURFACE('',#2507,0.6,0.785398163397);
#2507 = AXIS2_PLACEMENT_3D('',#2508,#2509,#2510);
#2508 = CARTESIAN_POINT('',(8.1,14.94,20.5));
#2509 = DIRECTION('',(-0.,-0.,-1.));
#2510 = DIRECTION('',(-1.,0.,0.));
#2511 = ADVANCED_FACE('',(#2512),#2530,.F.);
#2512 = FACE_BOUND('',#2513,.T.);
#2513 = EDGE_LOOP('',(#2514,#2522,#2523,#2524));
#2514 = ORIENTED_EDGE('',*,*,#2515,.F.);
#2515 = EDGE_CURVE('',#1181,#2516,#2518,.T.);
#2516 = VERTEX_POINT('',#2517);
#2517 = CARTESIAN_POINT('',(18.,14.94,21.));
#2518 = LINE('',#2519,#2520);
#2519 = CARTESIAN_POINT('',(18.5,14.94,20.5));
#2520 = VECTOR('',#2521,1.);
#2521 = DIRECTION('',(-0.707106781187,4.329780281177E-17,0.707106781187)
  );
#2522 = ORIENTED_EDGE('',*,*,#1188,.T.);
#2523 = ORIENTED_EDGE('',*,*,#2465,.T.);
#2524 = ORIENTED_EDGE('',*,*,#2525,.F.);
#2525 = EDGE_CURVE('',#2516,#2466,#2526,.T.);
#2526 = LINE('',#2527,#2528);
#2527 = CARTESIAN_POINT('',(18.,14.94,21.));
#2528 = VECTOR('',#2529,1.);
#2529 = DIRECTION('',(0.,1.,0.));
#2530 = PLANE('',#2531);
#2531 = AXIS2_PLACEMENT_3D('',#2532,#2533,#2534);
#2532 = CARTESIAN_POINT('',(18.25,14.94,20.75));
#2533 = DIRECTION('',(-0.707106781187,1.479157021432E-19,-0.707106781187
    ));
#2534 = DIRECTION('',(-1.045921960294E-19,-1.,-1.045921960294E-19));
#2535 = ADVANCED_FACE('',(#2536),#2554,.F.);
#2536 = FACE_BOUND('',#2537,.T.);
#2537 = EDGE_LOOP('',(#2538,#2539,#2540,#2548));
#2538 = ORIENTED_EDGE('',*,*,#2492,.F.);
#2539 = ORIENTED_EDGE('',*,*,#1205,.T.);
#2540 = ORIENTED_EDGE('',*,*,#2541,.T.);
#2541 = EDGE_CURVE('',#1206,#2542,#2544,.T.);
#2542 = VERTEX_POINT('',#2543);
#2543 = CARTESIAN_POINT('',(17.9,14.84,21.));
#2544 = LINE('',#2545,#2546);
#2545 = CARTESIAN_POINT('',(17.9,14.59,20.75));
#2546 = VECTOR('',#2547,1.);
#2547 = DIRECTION('',(2.26130160805E-35,0.707106781187,0.707106781187));
#2548 = ORIENTED_EDGE('',*,*,#2549,.F.);
#2549 = EDGE_CURVE('',#2493,#2542,#2550,.T.);
#2550 = LINE('',#2551,#2552);
#2551 = CARTESIAN_POINT('',(8.1,14.84,21.));
#2552 = VECTOR('',#2553,1.);
#2553 = DIRECTION('',(1.,0.,0.));
#2554 = PLANE('',#2555);
#2555 = AXIS2_PLACEMENT_3D('',#2556,#2557,#2558);
#2556 = CARTESIAN_POINT('',(8.1,14.59,20.75));
#2557 = DIRECTION('',(-3.029276165476E-18,0.707106781187,-0.707106781187
    ));
#2558 = DIRECTION('',(-1.,-2.142021718695E-18,2.142021718695E-18));
#2559 = ADVANCED_FACE('',(#2560),#2572,.T.);
#2560 = FACE_BOUND('',#2561,.T.);
#2561 = EDGE_LOOP('',(#2562,#2563,#2564,#2565));
#2562 = ORIENTED_EDGE('',*,*,#2541,.F.);
#2563 = ORIENTED_EDGE('',*,*,#1230,.T.);
#2564 = ORIENTED_EDGE('',*,*,#2515,.T.);
#2565 = ORIENTED_EDGE('',*,*,#2566,.F.);
#2566 = EDGE_CURVE('',#2542,#2516,#2567,.T.);
#2567 = CIRCLE('',#2568,1.E-01);
#2568 = AXIS2_PLACEMENT_3D('',#2569,#2570,#2571);
#2569 = CARTESIAN_POINT('',(17.9,14.94,21.));
#2570 = DIRECTION('',(-0.,0.,1.));
#2571 = DIRECTION('',(0.,-1.,0.));
#2572 = CONICAL_SURFACE('',#2573,0.6,0.785398163397);
#2573 = AXIS2_PLACEMENT_3D('',#2574,#2575,#2576);
#2574 = CARTESIAN_POINT('',(17.9,14.94,20.5));
#2575 = DIRECTION('',(-0.,-0.,-1.));
#2576 = DIRECTION('',(0.,-1.,0.));
#2577 = ADVANCED_FACE('',(#2578),#2589,.F.);
#2578 = FACE_BOUND('',#2579,.F.);
#2579 = EDGE_LOOP('',(#2580,#2581,#2582,#2588));
#2580 = ORIENTED_EDGE('',*,*,#1246,.F.);
#2581 = ORIENTED_EDGE('',*,*,#2361,.T.);
#2582 = ORIENTED_EDGE('',*,*,#2583,.T.);
#2583 = EDGE_CURVE('',#2362,#2307,#2584,.T.);
#2584 = LINE('',#2585,#2586);
#2585 = CARTESIAN_POINT('',(30.,6.6,0.));
#2586 = VECTOR('',#2587,1.);
#2587 = DIRECTION('',(0.,1.,0.));
#2588 = ORIENTED_EDGE('',*,*,#2306,.T.);
#2589 = PLANE('',#2590);
#2590 = AXIS2_PLACEMENT_3D('',#2591,#2592,#2593);
#2591 = CARTESIAN_POINT('',(28.172338161771,9.6,0.));
#2592 = DIRECTION('',(0.,0.,1.));
#2593 = DIRECTION('',(1.,0.,0.));
#2594 = ADVANCED_FACE('',(#2595,#2613,#2679),#2745,.T.);
#2595 = FACE_BOUND('',#2596,.T.);
#2596 = EDGE_LOOP('',(#2597,#2598,#2599,#2600,#2601,#2602,#2603,#2604,
    #2605,#2606,#2607,#2608,#2609,#2610,#2611,#2612));
#2597 = ORIENTED_EDGE('',*,*,#1271,.F.);
#2598 = ORIENTED_EDGE('',*,*,#1304,.F.);
#2599 = ORIENTED_EDGE('',*,*,#1330,.F.);
#2600 = ORIENTED_EDGE('',*,*,#1356,.F.);
#2601 = ORIENTED_EDGE('',*,*,#1382,.F.);
#2602 = ORIENTED_EDGE('',*,*,#1408,.F.);
#2603 = ORIENTED_EDGE('',*,*,#1434,.F.);
#2604 = ORIENTED_EDGE('',*,*,#1460,.F.);
#2605 = ORIENTED_EDGE('',*,*,#1486,.F.);
#2606 = ORIENTED_EDGE('',*,*,#1512,.F.);
#2607 = ORIENTED_EDGE('',*,*,#1538,.F.);
#2608 = ORIENTED_EDGE('',*,*,#1564,.F.);
#2609 = ORIENTED_EDGE('',*,*,#1590,.F.);
#2610 = ORIENTED_EDGE('',*,*,#1616,.F.);
#2611 = ORIENTED_EDGE('',*,*,#1642,.F.);
#2612 = ORIENTED_EDGE('',*,*,#1661,.F.);
#2613 = FACE_BOUND('',#2614,.T.);
#2614 = EDGE_LOOP('',(#2615,#2625,#2633,#2641,#2649,#2657,#2665,#2673));
#2615 = ORIENTED_EDGE('',*,*,#2616,.F.);
#2616 = EDGE_CURVE('',#2617,#2619,#2621,.T.);
#2617 = VERTEX_POINT('',#2618);
#2618 = CARTESIAN_POINT('',(14.64161358811,1.280588628893,5.272670981591
    ));
#2619 = VERTEX_POINT('',#2620);
#2620 = CARTESIAN_POINT('',(14.793121019108,1.120543534224,
    4.832950697894));
#2621 = B_SPLINE_CURVE_WITH_KNOTS('',2,(#2622,#2623,#2624),
  .UNSPECIFIED.,.F.,.F.,(3,3),(0.,1.),.PIECEWISE_BEZIER_KNOTS.);
#2622 = CARTESIAN_POINT('',(14.64161358811,1.280588628893,5.272670981591
    ));
#2623 = CARTESIAN_POINT('',(14.64161358811,1.177997109043,4.990803097377
    ));
#2624 = CARTESIAN_POINT('',(14.793121019108,1.120543534224,
    4.832950697894));
#2625 = ORIENTED_EDGE('',*,*,#2626,.F.);
#2626 = EDGE_CURVE('',#2627,#2617,#2629,.T.);
#2627 = VERTEX_POINT('',#2628);
#2628 = CARTESIAN_POINT('',(14.770191082803,1.416699575103,
    5.646632732843));
#2629 = B_SPLINE_CURVE_WITH_KNOTS('',2,(#2630,#2631,#2632),
  .UNSPECIFIED.,.F.,.F.,(3,3),(0.,1.),.PIECEWISE_BEZIER_KNOTS.);
#2630 = CARTESIAN_POINT('',(14.770191082803,1.416699575103,
    5.646632732843));
#2631 = CARTESIAN_POINT('',(14.64161358811,1.353959574289,5.474255997311
    ));
#2632 = CARTESIAN_POINT('',(14.64161358811,1.280588628893,5.272670981591
    ));
#2633 = ORIENTED_EDGE('',*,*,#2634,.F.);
#2634 = EDGE_CURVE('',#2635,#2627,#2637,.T.);
#2635 = VERTEX_POINT('',#2636);
#2636 = CARTESIAN_POINT('',(15.16135881104,1.47949766851,5.819169076465)
  );
#2637 = B_SPLINE_CURVE_WITH_KNOTS('',2,(#2638,#2639,#2640),
  .UNSPECIFIED.,.F.,.F.,(3,3),(0.,1.),.PIECEWISE_BEZIER_KNOTS.);
#2638 = CARTESIAN_POINT('',(15.16135881104,1.47949766851,5.819169076465)
  );
#2639 = CARTESIAN_POINT('',(14.898938428875,1.47949766851,5.819169076465
    ));
#2640 = CARTESIAN_POINT('',(14.770191082803,1.416699575103,
    5.646632732843));
#2641 = ORIENTED_EDGE('',*,*,#2642,.F.);
#2642 = EDGE_CURVE('',#2643,#2635,#2645,.T.);
#2643 = VERTEX_POINT('',#2644);
#2644 = CARTESIAN_POINT('',(15.535881104034,1.424251612238,
    5.667381784343));
#2645 = B_SPLINE_CURVE_WITH_KNOTS('',2,(#2646,#2647,#2648),
  .UNSPECIFIED.,.F.,.F.,(3,3),(0.,1.),.PIECEWISE_BEZIER_KNOTS.);
#2646 = CARTESIAN_POINT('',(15.535881104034,1.424251612238,
    5.667381784343));
#2647 = CARTESIAN_POINT('',(15.388110403397,1.47949766851,5.819169076465
    ));
#2648 = CARTESIAN_POINT('',(15.16135881104,1.47949766851,5.819169076465)
  );
#2649 = ORIENTED_EDGE('',*,*,#2650,.F.);
#2650 = EDGE_CURVE('',#2651,#2643,#2653,.T.);
#2651 = VERTEX_POINT('',#2652);
#2652 = CARTESIAN_POINT('',(15.683651804671,1.277916369599,
    5.265329009522));
#2653 = B_SPLINE_CURVE_WITH_KNOTS('',2,(#2654,#2655,#2656),
  .UNSPECIFIED.,.F.,.F.,(3,3),(0.,1.),.PIECEWISE_BEZIER_KNOTS.);
#2654 = CARTESIAN_POINT('',(15.683651804671,1.277916369599,
    5.265329009522));
#2655 = CARTESIAN_POINT('',(15.683651804671,1.369005555965,
    5.515594492221));
#2656 = CARTESIAN_POINT('',(15.535881104034,1.424251612238,
    5.667381784343));
#2657 = ORIENTED_EDGE('',*,*,#2658,.F.);
#2658 = EDGE_CURVE('',#2659,#2651,#2661,.T.);
#2659 = VERTEX_POINT('',#2660);
#2660 = CARTESIAN_POINT('',(15.538428874735,1.118336015677,
    4.826885590532));
#2661 = B_SPLINE_CURVE_WITH_KNOTS('',2,(#2662,#2663,#2664),
  .UNSPECIFIED.,.F.,.F.,(3,3),(0.,1.),.PIECEWISE_BEZIER_KNOTS.);
#2662 = CARTESIAN_POINT('',(15.538428874735,1.118336015677,
    4.826885590532));
#2663 = CARTESIAN_POINT('',(15.683651804671,1.173582071949,
    4.978672882654));
#2664 = CARTESIAN_POINT('',(15.683651804671,1.277916369599,
    5.265329009522));
#2665 = ORIENTED_EDGE('',*,*,#2666,.F.);
#2666 = EDGE_CURVE('',#2667,#2659,#2669,.T.);
#2667 = VERTEX_POINT('',#2668);
#2668 = CARTESIAN_POINT('',(15.171549893843,1.063089959404,4.67509829841
    ));
#2669 = B_SPLINE_CURVE_WITH_KNOTS('',2,(#2670,#2671,#2672),
  .UNSPECIFIED.,.F.,.F.,(3,3),(0.,1.),.PIECEWISE_BEZIER_KNOTS.);
#2670 = CARTESIAN_POINT('',(15.171549893843,1.063089959404,4.67509829841
    ));
#2671 = CARTESIAN_POINT('',(15.393205944798,1.063089959404,4.67509829841
    ));
#2672 = CARTESIAN_POINT('',(15.538428874735,1.118336015677,
    4.826885590532));
#2673 = ORIENTED_EDGE('',*,*,#2674,.F.);
#2674 = EDGE_CURVE('',#2619,#2667,#2675,.T.);
#2675 = B_SPLINE_CURVE_WITH_KNOTS('',2,(#2676,#2677,#2678),
  .UNSPECIFIED.,.F.,.F.,(3,3),(0.,1.),.PIECEWISE_BEZIER_KNOTS.);
#2676 = CARTESIAN_POINT('',(14.793121019108,1.120543534224,
    4.832950697894));
#2677 = CARTESIAN_POINT('',(14.944798301486,1.063089959404,4.67509829841
    ));
#2678 = CARTESIAN_POINT('',(15.171549893843,1.063089959404,4.67509829841
    ));
#2679 = FACE_BOUND('',#2680,.T.);
#2680 = EDGE_LOOP('',(#2681,#2691,#2699,#2707,#2715,#2723,#2731,#2739));
#2681 = ORIENTED_EDGE('',*,*,#2682,.F.);
#2682 = EDGE_CURVE('',#2683,#2685,#2687,.T.);
#2683 = VERTEX_POINT('',#2684);
#2684 = CARTESIAN_POINT('',(14.707855626327,1.830318839728,
    6.783042322652));
#2685 = VERTEX_POINT('',#2686);
#2686 = CARTESIAN_POINT('',(14.828789808917,1.714424116002,
    6.464624186181));
#2687 = B_SPLINE_CURVE_WITH_KNOTS('',2,(#2688,#2689,#2690),
  .UNSPECIFIED.,.F.,.F.,(3,3),(0.,1.),.PIECEWISE_BEZIER_KNOTS.);
#2688 = CARTESIAN_POINT('',(14.707855626327,1.830318839728,
    6.783042322652));
#2689 = CARTESIAN_POINT('',(14.707855626327,1.756018412838,
    6.578903577516));
#2690 = CARTESIAN_POINT('',(14.828789808917,1.714424116002,
    6.464624186181));
#2691 = ORIENTED_EDGE('',*,*,#2692,.F.);
#2692 = EDGE_CURVE('',#2693,#2683,#2695,.T.);
#2693 = VERTEX_POINT('',#2694);
#2694 = CARTESIAN_POINT('',(14.830148619958,1.942669915259,
    7.091724365726));
#2695 = B_SPLINE_CURVE_WITH_KNOTS('',2,(#2696,#2697,#2698),
  .UNSPECIFIED.,.F.,.F.,(3,3),(0.,1.),.PIECEWISE_BEZIER_KNOTS.);
#2696 = CARTESIAN_POINT('',(14.830148619958,1.942669915259,
    7.091724365726));
#2697 = CARTESIAN_POINT('',(14.707855626327,1.900204229523,
    6.975050853064));
#2698 = CARTESIAN_POINT('',(14.707855626327,1.830318839728,
    6.783042322652));
#2699 = ORIENTED_EDGE('',*,*,#2700,.F.);
#2700 = EDGE_CURVE('',#2701,#2693,#2703,.T.);
#2701 = VERTEX_POINT('',#2702);
#2702 = CARTESIAN_POINT('',(15.15881104034,1.985135600995,7.208397878387
    ));
#2703 = B_SPLINE_CURVE_WITH_KNOTS('',2,(#2704,#2705,#2706),
  .UNSPECIFIED.,.F.,.F.,(3,3),(0.,1.),.PIECEWISE_BEZIER_KNOTS.);
#2704 = CARTESIAN_POINT('',(15.15881104034,1.985135600995,7.208397878387
    ));
#2705 = CARTESIAN_POINT('',(14.952441613588,1.985135600995,
    7.208397878387));
#2706 = CARTESIAN_POINT('',(14.830148619958,1.942669915259,
    7.091724365726));
#2707 = ORIENTED_EDGE('',*,*,#2708,.F.);
#2708 = EDGE_CURVE('',#2709,#2701,#2711,.T.);
#2709 = VERTEX_POINT('',#2710);
#2710 = CARTESIAN_POINT('',(15.47847133758,1.943076563412,7.092841622345
    ));
#2711 = B_SPLINE_CURVE_WITH_KNOTS('',2,(#2712,#2713,#2714),
  .UNSPECIFIED.,.F.,.F.,(3,3),(0.,1.),.PIECEWISE_BEZIER_KNOTS.);
#2712 = CARTESIAN_POINT('',(15.47847133758,1.943076563412,7.092841622345
    ));
#2713 = CARTESIAN_POINT('',(15.357537154989,1.985135600995,
    7.208397878387));
#2714 = CARTESIAN_POINT('',(15.15881104034,1.985135600995,7.208397878387
    ));
#2715 = ORIENTED_EDGE('',*,*,#2716,.F.);
#2716 = EDGE_CURVE('',#2717,#2709,#2719,.T.);
#2717 = VERTEX_POINT('',#2718);
#2718 = CARTESIAN_POINT('',(15.59957537155,1.831190228628,6.785436443978
    ));
#2719 = B_SPLINE_CURVE_WITH_KNOTS('',2,(#2720,#2721,#2722),
  .UNSPECIFIED.,.F.,.F.,(3,3),(0.,1.),.PIECEWISE_BEZIER_KNOTS.);
#2720 = CARTESIAN_POINT('',(15.59957537155,1.831190228628,6.785436443978
    ));
#2721 = CARTESIAN_POINT('',(15.59957537155,1.901075618423,6.977444974391
    ));
#2722 = CARTESIAN_POINT('',(15.47847133758,1.943076563412,7.092841622345
    ));
#2723 = ORIENTED_EDGE('',*,*,#2724,.F.);
#2724 = EDGE_CURVE('',#2725,#2717,#2727,.T.);
#2725 = VERTEX_POINT('',#2726);
#2726 = CARTESIAN_POINT('',(15.477282377919,1.714830764155,
    6.465741442801));
#2727 = B_SPLINE_CURVE_WITH_KNOTS('',2,(#2728,#2729,#2730),
  .UNSPECIFIED.,.F.,.F.,(3,3),(0.,1.),.PIECEWISE_BEZIER_KNOTS.);
#2728 = CARTESIAN_POINT('',(15.477282377919,1.714830764155,
    6.465741442801));
#2729 = CARTESIAN_POINT('',(15.59957537155,1.756889801738,6.581297698843
    ));
#2730 = CARTESIAN_POINT('',(15.59957537155,1.831190228628,6.785436443978
    ));
#2731 = ORIENTED_EDGE('',*,*,#2732,.F.);
#2732 = EDGE_CURVE('',#2733,#2725,#2735,.T.);
#2733 = VERTEX_POINT('',#2734);
#2734 = CARTESIAN_POINT('',(15.151167728238,1.672829819166,
    6.350344794847));
#2735 = B_SPLINE_CURVE_WITH_KNOTS('',2,(#2736,#2737,#2738),
  .UNSPECIFIED.,.F.,.F.,(3,3),(0.,1.),.PIECEWISE_BEZIER_KNOTS.);
#2736 = CARTESIAN_POINT('',(15.151167728238,1.672829819166,
    6.350344794847));
#2737 = CARTESIAN_POINT('',(15.354989384289,1.672829819166,
    6.350344794847));
#2738 = CARTESIAN_POINT('',(15.477282377919,1.714830764155,
    6.465741442801));
#2739 = ORIENTED_EDGE('',*,*,#2740,.F.);
#2740 = EDGE_CURVE('',#2685,#2733,#2741,.T.);
#2741 = B_SPLINE_CURVE_WITH_KNOTS('',2,(#2742,#2743,#2744),
  .UNSPECIFIED.,.F.,.F.,(3,3),(0.,1.),.PIECEWISE_BEZIER_KNOTS.);
#2742 = CARTESIAN_POINT('',(14.828789808917,1.714424116002,
    6.464624186181));
#2743 = CARTESIAN_POINT('',(14.949893842887,1.672829819166,
    6.350344794847));
#2744 = CARTESIAN_POINT('',(15.151167728238,1.672829819166,
    6.350344794847));
#2745 = PLANE('',#2746);
#2746 = AXIS2_PLACEMENT_3D('',#2747,#2748,#2749);
#2747 = CARTESIAN_POINT('',(15.158563340974,1.524910708493,
    5.943940378368));
#2748 = DIRECTION('',(0.,-0.939692620786,0.342020143326));
#2749 = DIRECTION('',(1.,0.,0.));
#2750 = ADVANCED_FACE('',(#2751),#2757,.T.);
#2751 = FACE_BOUND('',#2752,.F.);
#2752 = EDGE_LOOP('',(#2753,#2754,#2755,#2756));
#2753 = ORIENTED_EDGE('',*,*,#1687,.T.);
#2754 = ORIENTED_EDGE('',*,*,#1759,.T.);
#2755 = ORIENTED_EDGE('',*,*,#1742,.T.);
#2756 = ORIENTED_EDGE('',*,*,#1718,.T.);
#2757 = PLANE('',#2758);
#2758 = AXIS2_PLACEMENT_3D('',#2759,#2760,#2761);
#2759 = CARTESIAN_POINT('',(13.000257165663,1.530436610061,
    5.959122668147));
#2760 = DIRECTION('',(0.,-0.939692620786,0.342020143326));
#2761 = DIRECTION('',(1.,0.,0.));
#2762 = ADVANCED_FACE('',(#2763),#2786,.T.);
#2763 = FACE_BOUND('',#2764,.F.);
#2764 = EDGE_LOOP('',(#2765,#2766,#2767,#2768,#2769,#2770,#2771,#2772,
    #2773,#2774,#2775,#2776,#2777,#2778,#2779,#2780,#2781,#2782,#2783,
    #2784,#2785));
#2765 = ORIENTED_EDGE('',*,*,#1783,.T.);
#2766 = ORIENTED_EDGE('',*,*,#2289,.T.);
#2767 = ORIENTED_EDGE('',*,*,#2270,.T.);
#2768 = ORIENTED_EDGE('',*,*,#2244,.T.);
#2769 = ORIENTED_EDGE('',*,*,#2218,.T.);
#2770 = ORIENTED_EDGE('',*,*,#2192,.T.);
#2771 = ORIENTED_EDGE('',*,*,#2166,.T.);
#2772 = ORIENTED_EDGE('',*,*,#2140,.T.);
#2773 = ORIENTED_EDGE('',*,*,#2116,.T.);
#2774 = ORIENTED_EDGE('',*,*,#2092,.T.);
#2775 = ORIENTED_EDGE('',*,*,#2068,.T.);
#2776 = ORIENTED_EDGE('',*,*,#2044,.T.);
#2777 = ORIENTED_EDGE('',*,*,#2020,.T.);
#2778 = ORIENTED_EDGE('',*,*,#1996,.T.);
#2779 = ORIENTED_EDGE('',*,*,#1970,.T.);
#2780 = ORIENTED_EDGE('',*,*,#1944,.T.);
#2781 = ORIENTED_EDGE('',*,*,#1918,.T.);
#2782 = ORIENTED_EDGE('',*,*,#1892,.T.);
#2783 = ORIENTED_EDGE('',*,*,#1866,.T.);
#2784 = ORIENTED_EDGE('',*,*,#1840,.T.);
#2785 = ORIENTED_EDGE('',*,*,#1814,.T.);
#2786 = PLANE('',#2787);
#2787 = AXIS2_PLACEMENT_3D('',#2788,#2789,#2790);
#2788 = CARTESIAN_POINT('',(10.878370095662,1.534917511585,
    5.971433843904));
#2789 = DIRECTION('',(0.,-0.939692620786,0.342020143326));
#2790 = DIRECTION('',(1.,0.,0.));
#2791 = ADVANCED_FACE('',(#2792),#2798,.F.);
#2792 = FACE_BOUND('',#2793,.F.);
#2793 = EDGE_LOOP('',(#2794,#2795,#2796,#2797));
#2794 = ORIENTED_EDGE('',*,*,#2371,.T.);
#2795 = ORIENTED_EDGE('',*,*,#2346,.T.);
#2796 = ORIENTED_EDGE('',*,*,#2314,.F.);
#2797 = ORIENTED_EDGE('',*,*,#2583,.F.);
#2798 = PLANE('',#2799);
#2799 = AXIS2_PLACEMENT_3D('',#2800,#2801,#2802);
#2800 = CARTESIAN_POINT('',(30.,6.6,0.));
#2801 = DIRECTION('',(-1.,0.,0.));
#2802 = DIRECTION('',(0.,1.,0.));
#2803 = ADVANCED_FACE('',(#2804),#2814,.T.);
#2804 = FACE_BOUND('',#2805,.T.);
#2805 = EDGE_LOOP('',(#2806,#2807,#2808,#2809,#2810,#2811,#2812,#2813));
#2806 = ORIENTED_EDGE('',*,*,#2427,.T.);
#2807 = ORIENTED_EDGE('',*,*,#2402,.T.);
#2808 = ORIENTED_EDGE('',*,*,#2451,.T.);
#2809 = ORIENTED_EDGE('',*,*,#2500,.T.);
#2810 = ORIENTED_EDGE('',*,*,#2549,.T.);
#2811 = ORIENTED_EDGE('',*,*,#2566,.T.);
#2812 = ORIENTED_EDGE('',*,*,#2525,.T.);
#2813 = ORIENTED_EDGE('',*,*,#2475,.T.);
#2814 = PLANE('',#2815);
#2815 = AXIS2_PLACEMENT_3D('',#2816,#2817,#2818);
#2816 = CARTESIAN_POINT('',(13.,19.84,21.));
#2817 = DIRECTION('',(0.,0.,1.));
#2818 = DIRECTION('',(1.,0.,0.));
#2819 = ADVANCED_FACE('',(#2820),#2830,.T.);
#2820 = FACE_BOUND('',#2821,.T.);
#2821 = EDGE_LOOP('',(#2822,#2823,#2824,#2825,#2826,#2827,#2828,#2829));
#2822 = ORIENTED_EDGE('',*,*,#2626,.T.);
#2823 = ORIENTED_EDGE('',*,*,#2616,.T.);
#2824 = ORIENTED_EDGE('',*,*,#2674,.T.);
#2825 = ORIENTED_EDGE('',*,*,#2666,.T.);
#2826 = ORIENTED_EDGE('',*,*,#2658,.T.);
#2827 = ORIENTED_EDGE('',*,*,#2650,.T.);
#2828 = ORIENTED_EDGE('',*,*,#2642,.T.);
#2829 = ORIENTED_EDGE('',*,*,#2634,.T.);
#2830 = PLANE('',#2831);
#2831 = AXIS2_PLACEMENT_3D('',#2832,#2833,#2834);
#2832 = CARTESIAN_POINT('',(15.158563340974,1.524910708493,
    5.943940378368));
#2833 = DIRECTION('',(0.,-0.939692620786,0.342020143326));
#2834 = DIRECTION('',(1.,0.,0.));
#2835 = ADVANCED_FACE('',(#2836),#2846,.T.);
#2836 = FACE_BOUND('',#2837,.T.);
#2837 = EDGE_LOOP('',(#2838,#2839,#2840,#2841,#2842,#2843,#2844,#2845));
#2838 = ORIENTED_EDGE('',*,*,#2692,.T.);
#2839 = ORIENTED_EDGE('',*,*,#2682,.T.);
#2840 = ORIENTED_EDGE('',*,*,#2740,.T.);
#2841 = ORIENTED_EDGE('',*,*,#2732,.T.);
#2842 = ORIENTED_EDGE('',*,*,#2724,.T.);
#2843 = ORIENTED_EDGE('',*,*,#2716,.T.);
#2844 = ORIENTED_EDGE('',*,*,#2708,.T.);
#2845 = ORIENTED_EDGE('',*,*,#2700,.T.);
#2846 = PLANE('',#2847);
#2847 = AXIS2_PLACEMENT_3D('',#2848,#2849,#2850);
#2848 = CARTESIAN_POINT('',(15.158563340974,1.524910708493,
    5.943940378368));
#2849 = DIRECTION('',(0.,-0.939692620786,0.342020143326));
#2850 = DIRECTION('',(1.,0.,0.));
#2851 = ( GEOMETRIC_REPRESENTATION_CONTEXT(3) 
GLOBAL_UNCERTAINTY_ASSIGNED_CONTEXT((#2855)) 
GLOBAL_UNIT_ASSIGNED_CONTEXT((#2852,#2853,#2854)) REPRESENTATION_CONTEXT
('Context #1','3D Context with UNIT and UNCERTAINTY') );
#2852 = ( LENGTH_UNIT() NAMED_UNIT(*) SI_UNIT(.MILLI.,.METRE.) );
#2853 = ( NAMED_UNIT(*) PLANE_ANGLE_UNIT() SI_UNIT($,.RADIAN.) );
#2854 = ( NAMED_UNIT(*) SI_UNIT($,.STERADIAN.) SOLID_ANGLE_UNIT() );
#2855 = UNCERTAINTY_MEASURE_WITH_UNIT(LENGTH_MEASURE(1.E-06),#2852,
  'distance_accuracy_value','confusion accuracy');
#2856 = PRODUCT_RELATED_PRODUCT_CATEGORY('part',$,(#7));
ENDSEC;
END-ISO-10303-21;
