ISO-10303-21;
HEADER;
FILE_DESCRIPTION(('FreeCAD Model'),'2;1');
FILE_NAME('Open CASCADE Shape Model','2026-08-30T15:30:46',('FreeCAD'),(
    'FreeCAD'),'Open CASCADE STEP processor 7.8','FreeCAD','Unknown');
FILE_SCHEMA(('AUTOMOTIVE_DESIGN { 1 0 10303 214 1 1 1 1 }'));
ENDSEC;
DATA;
#1 = APPLICATION_PROTOCOL_DEFINITION('international standard',
  'automotive_design',2000,#2);
#2 = APPLICATION_CONTEXT(
  'core data for automotive mechanical design processes');
#3 = SHAPE_DEFINITION_REPRESENTATION(#4,#10);
#4 = PRODUCT_DEFINITION_SHAPE('','',#5);
#5 = PRODUCT_DEFINITION('design','',#6,#9);
#6 = PRODUCT_DEFINITION_FORMATION('','',#7);
#7 = PRODUCT('Open CASCADE STEP translator 7.8 145',
  'Open CASCADE STEP translator 7.8 145','',(#8));
#8 = PRODUCT_CONTEXT('',#2,'mechanical');
#9 = PRODUCT_DEFINITION_CONTEXT('part definition',#2,'design');
#10 = SHAPE_REPRESENTATION('',(#11,#15,#303,#1042,#1192,#1480,#2056),
  #2354);
#11 = AXIS2_PLACEMENT_3D('',#12,#13,#14);
#12 = CARTESIAN_POINT('',(0.,0.,0.));
#13 = DIRECTION('',(0.,0.,1.));
#14 = DIRECTION('',(1.,0.,-0.));
#15 = MANIFOLD_SOLID_BREP('',#16);
#16 = CLOSED_SHELL('',(#17,#57,#88,#121,#152,#185,#218,#249,#271,#287));
#17 = ADVANCED_FACE('',(#18),#52,.T.);
#18 = FACE_BOUND('',#19,.T.);
#19 = EDGE_LOOP('',(#20,#30,#38,#46));
#20 = ORIENTED_EDGE('',*,*,#21,.T.);
#21 = EDGE_CURVE('',#22,#24,#26,.T.);
#22 = VERTEX_POINT('',#23);
#23 = CARTESIAN_POINT('',(14.61898089172,1.461834344089,3.431595971335)
  );
#24 = VERTEX_POINT('',#25);
#25 = CARTESIAN_POINT('',(14.61898089172,0.71008024746,3.705212085995));
#26 = LINE('',#27,#28);
#27 = CARTESIAN_POINT('',(14.61898089172,1.461834344089,3.431595971335)
  );
#28 = VECTOR('',#29,1.);
#29 = DIRECTION('',(0.,-0.939692620786,0.342020143326));
#30 = ORIENTED_EDGE('',*,*,#31,.T.);
#31 = EDGE_CURVE('',#24,#32,#34,.T.);
#32 = VERTEX_POINT('',#33);
#33 = CARTESIAN_POINT('',(13.545095541401,0.71008024746,3.705212085995)
  );
#34 = LINE('',#35,#36);
#35 = CARTESIAN_POINT('',(14.61898089172,0.71008024746,3.705212085995));
#36 = VECTOR('',#37,1.);
#37 = DIRECTION('',(-1.,0.,0.));
#38 = ORIENTED_EDGE('',*,*,#39,.F.);
#39 = EDGE_CURVE('',#40,#32,#42,.T.);
#40 = VERTEX_POINT('',#41);
#41 = CARTESIAN_POINT('',(13.545095541401,1.461834344089,3.431595971335)
  );
#42 = LINE('',#43,#44);
#43 = CARTESIAN_POINT('',(13.545095541401,1.461834344089,3.431595971335)
  );
#44 = VECTOR('',#45,1.);
#45 = DIRECTION('',(0.,-0.939692620786,0.342020143326));
#46 = ORIENTED_EDGE('',*,*,#47,.F.);
#47 = EDGE_CURVE('',#22,#40,#48,.T.);
#48 = LINE('',#49,#50);
#49 = CARTESIAN_POINT('',(14.61898089172,1.461834344089,3.431595971335)
  );
#50 = VECTOR('',#51,1.);
#51 = DIRECTION('',(-1.,0.,0.));
#52 = PLANE('',#53);
#53 = AXIS2_PLACEMENT_3D('',#54,#55,#56);
#54 = CARTESIAN_POINT('',(14.61898089172,1.461834344089,3.431595971335)
  );
#55 = DIRECTION('',(0.,-0.342020143326,-0.939692620786));
#56 = DIRECTION('',(-1.,0.,0.));
#57 = ADVANCED_FACE('',(#58),#83,.T.);
#58 = FACE_BOUND('',#59,.T.);
#59 = EDGE_LOOP('',(#60,#61,#69,#77));
#60 = ORIENTED_EDGE('',*,*,#39,.T.);
#61 = ORIENTED_EDGE('',*,*,#62,.T.);
#62 = EDGE_CURVE('',#32,#63,#65,.T.);
#63 = VERTEX_POINT('',#64);
#64 = CARTESIAN_POINT('',(13.545095541401,2.099422709928,7.522399129514)
  );
#65 = LINE('',#66,#67);
#66 = CARTESIAN_POINT('',(13.545095541401,0.71008024746,3.705212085995)
  );
#67 = VECTOR('',#68,1.);
#68 = DIRECTION('',(0.,0.342020143326,0.939692620786));
#69 = ORIENTED_EDGE('',*,*,#70,.F.);
#70 = EDGE_CURVE('',#71,#63,#73,.T.);
#71 = VERTEX_POINT('',#72);
#72 = CARTESIAN_POINT('',(13.545095541401,2.851176806556,7.248783014853)
  );
#73 = LINE('',#74,#75);
#74 = CARTESIAN_POINT('',(13.545095541401,2.851176806556,7.248783014853)
  );
#75 = VECTOR('',#76,1.);
#76 = DIRECTION('',(0.,-0.939692620786,0.342020143326));
#77 = ORIENTED_EDGE('',*,*,#78,.F.);
#78 = EDGE_CURVE('',#40,#71,#79,.T.);
#79 = LINE('',#80,#81);
#80 = CARTESIAN_POINT('',(13.545095541401,1.461834344089,3.431595971335)
  );
#81 = VECTOR('',#82,1.);
#82 = DIRECTION('',(0.,0.342020143326,0.939692620786));
#83 = PLANE('',#84);
#84 = AXIS2_PLACEMENT_3D('',#85,#86,#87);
#85 = CARTESIAN_POINT('',(13.545095541401,1.461834344089,3.431595971335)
  );
#86 = DIRECTION('',(-1.,0.,0.));
#87 = DIRECTION('',(0.,0.342020143326,0.939692620786));
#88 = ADVANCED_FACE('',(#89),#114,.T.);
#89 = FACE_BOUND('',#90,.T.);
#90 = EDGE_LOOP('',(#91,#92,#100,#108));
#91 = ORIENTED_EDGE('',*,*,#70,.T.);
#92 = ORIENTED_EDGE('',*,*,#93,.T.);
#93 = EDGE_CURVE('',#63,#94,#96,.T.);
#94 = VERTEX_POINT('',#95);
#95 = CARTESIAN_POINT('',(12.157834394904,1.819881150746,6.754365007863)
  );
#96 = B_SPLINE_CURVE_WITH_KNOTS('',2,(#97,#98,#99),.UNSPECIFIED.,.F.,.F.
  ,(3,3),(0.,1.),.PIECEWISE_BEZIER_KNOTS.);
#97 = CARTESIAN_POINT('',(13.545095541401,2.099422709928,7.522399129514)
  );
#98 = CARTESIAN_POINT('',(12.956560509554,1.910418457476,7.003114213722)
  );
#99 = CARTESIAN_POINT('',(12.157834394904,1.819881150746,6.754365007863)
  );
#100 = ORIENTED_EDGE('',*,*,#101,.F.);
#101 = EDGE_CURVE('',#102,#94,#104,.T.);
#102 = VERTEX_POINT('',#103);
#103 = CARTESIAN_POINT('',(12.157834394904,2.571635247374,6.480748893202
    ));
#104 = LINE('',#105,#106);
#105 = CARTESIAN_POINT('',(12.157834394904,2.571635247374,6.480748893202
    ));
#106 = VECTOR('',#107,1.);
#107 = DIRECTION('',(0.,-0.939692620786,0.342020143326));
#108 = ORIENTED_EDGE('',*,*,#109,.F.);
#109 = EDGE_CURVE('',#71,#102,#110,.T.);
#110 = B_SPLINE_CURVE_WITH_KNOTS('',2,(#111,#112,#113),.UNSPECIFIED.,.F.
  ,.F.,(3,3),(0.,1.),.PIECEWISE_BEZIER_KNOTS.);
#111 = CARTESIAN_POINT('',(13.545095541401,2.851176806556,7.248783014853
    ));
#112 = CARTESIAN_POINT('',(12.956560509554,2.662172554104,6.729498099061
    ));
#113 = CARTESIAN_POINT('',(12.157834394904,2.571635247374,6.480748893202
    ));
#114 = SURFACE_OF_LINEAR_EXTRUSION('',#115,#119);
#115 = B_SPLINE_CURVE_WITH_KNOTS('',2,(#116,#117,#118),.UNSPECIFIED.,.F.
  ,.F.,(3,3),(0.,1.),.PIECEWISE_BEZIER_KNOTS.);
#116 = CARTESIAN_POINT('',(13.545095541401,2.851176806556,7.248783014853
    ));
#117 = CARTESIAN_POINT('',(12.956560509554,2.662172554104,6.729498099061
    ));
#118 = CARTESIAN_POINT('',(12.157834394904,2.571635247374,6.480748893202
    ));
#119 = VECTOR('',#120,1.);
#120 = DIRECTION('',(-0.,0.939692620786,-0.342020143326));
#121 = ADVANCED_FACE('',(#122),#147,.T.);
#122 = FACE_BOUND('',#123,.T.);
#123 = EDGE_LOOP('',(#124,#125,#133,#141));
#124 = ORIENTED_EDGE('',*,*,#101,.T.);
#125 = ORIENTED_EDGE('',*,*,#126,.T.);
#126 = EDGE_CURVE('',#94,#127,#129,.T.);
#127 = VERTEX_POINT('',#128);
#128 = CARTESIAN_POINT('',(12.157834394904,2.15449448842,7.67370759737)
  );
#129 = LINE('',#130,#131);
#130 = CARTESIAN_POINT('',(12.157834394904,1.819881150746,6.754365007863
    ));
#131 = VECTOR('',#132,1.);
#132 = DIRECTION('',(0.,0.342020143326,0.939692620786));
#133 = ORIENTED_EDGE('',*,*,#134,.F.);
#134 = EDGE_CURVE('',#135,#127,#137,.T.);
#135 = VERTEX_POINT('',#136);
#136 = CARTESIAN_POINT('',(12.157834394904,2.906248585048,7.40009148271)
  );
#137 = LINE('',#138,#139);
#138 = CARTESIAN_POINT('',(12.157834394904,2.906248585048,7.40009148271)
  );
#139 = VECTOR('',#140,1.);
#140 = DIRECTION('',(0.,-0.939692620786,0.342020143326));
#141 = ORIENTED_EDGE('',*,*,#142,.F.);
#142 = EDGE_CURVE('',#102,#135,#143,.T.);
#143 = LINE('',#144,#145);
#144 = CARTESIAN_POINT('',(12.157834394904,2.571635247374,6.480748893202
    ));
#145 = VECTOR('',#146,1.);
#146 = DIRECTION('',(0.,0.342020143326,0.939692620786));
#147 = PLANE('',#148);
#148 = AXIS2_PLACEMENT_3D('',#149,#150,#151);
#149 = CARTESIAN_POINT('',(12.157834394904,2.571635247374,6.480748893202
    ));
#150 = DIRECTION('',(-1.,0.,0.));
#151 = DIRECTION('',(0.,0.342020143326,0.939692620786));
#152 = ADVANCED_FACE('',(#153),#178,.T.);
#153 = FACE_BOUND('',#154,.T.);
#154 = EDGE_LOOP('',(#155,#156,#164,#172));
#155 = ORIENTED_EDGE('',*,*,#134,.T.);
#156 = ORIENTED_EDGE('',*,*,#157,.T.);
#157 = EDGE_CURVE('',#127,#158,#160,.T.);
#158 = VERTEX_POINT('',#159);
#159 = CARTESIAN_POINT('',(13.071210191083,2.332954935179,8.164023645108
    ));
#160 = B_SPLINE_CURVE_WITH_KNOTS('',2,(#161,#162,#163),.UNSPECIFIED.,.F.
  ,.F.,(3,3),(0.,1.),.PIECEWISE_BEZIER_KNOTS.);
#161 = CARTESIAN_POINT('',(12.157834394904,2.15449448842,7.67370759737)
  );
#162 = CARTESIAN_POINT('',(12.57821656051,2.20154948903,7.80299014902));
#163 = CARTESIAN_POINT('',(13.071210191083,2.332954935179,8.164023645108
    ));
#164 = ORIENTED_EDGE('',*,*,#165,.F.);
#165 = EDGE_CURVE('',#166,#158,#168,.T.);
#166 = VERTEX_POINT('',#167);
#167 = CARTESIAN_POINT('',(13.071210191083,3.084709031808,7.890407530447
    ));
#168 = LINE('',#169,#170);
#169 = CARTESIAN_POINT('',(13.071210191083,3.084709031808,7.890407530447
    ));
#170 = VECTOR('',#171,1.);
#171 = DIRECTION('',(0.,-0.939692620786,0.342020143326));
#172 = ORIENTED_EDGE('',*,*,#173,.F.);
#173 = EDGE_CURVE('',#135,#166,#174,.T.);
#174 = B_SPLINE_CURVE_WITH_KNOTS('',2,(#175,#176,#177),.UNSPECIFIED.,.F.
  ,.F.,(3,3),(0.,1.),.PIECEWISE_BEZIER_KNOTS.);
#175 = CARTESIAN_POINT('',(12.157834394904,2.906248585048,7.40009148271)
  );
#176 = CARTESIAN_POINT('',(12.57821656051,2.953303585659,7.529374034359)
  );
#177 = CARTESIAN_POINT('',(13.071210191083,3.084709031808,7.890407530447
    ));
#178 = SURFACE_OF_LINEAR_EXTRUSION('',#179,#183);
#179 = B_SPLINE_CURVE_WITH_KNOTS('',2,(#180,#181,#182),.UNSPECIFIED.,.F.
  ,.F.,(3,3),(0.,1.),.PIECEWISE_BEZIER_KNOTS.);
#180 = CARTESIAN_POINT('',(12.157834394904,2.906248585048,7.40009148271)
  );
#181 = CARTESIAN_POINT('',(12.57821656051,2.953303585659,7.529374034359)
  );
#182 = CARTESIAN_POINT('',(13.071210191083,3.084709031808,7.890407530447
    ));
#183 = VECTOR('',#184,1.);
#184 = DIRECTION('',(-0.,0.939692620786,-0.342020143326));
#185 = ADVANCED_FACE('',(#186),#211,.T.);
#186 = FACE_BOUND('',#187,.T.);
#187 = EDGE_LOOP('',(#188,#189,#197,#205));
#188 = ORIENTED_EDGE('',*,*,#165,.T.);
#189 = ORIENTED_EDGE('',*,*,#190,.T.);
#190 = EDGE_CURVE('',#158,#191,#193,.T.);
#191 = VERTEX_POINT('',#192);
#192 = CARTESIAN_POINT('',(13.747643312102,2.639683828047,9.006754352157
    ));
#193 = B_SPLINE_CURVE_WITH_KNOTS('',2,(#194,#195,#196),.UNSPECIFIED.,.F.
  ,.F.,(3,3),(0.,1.),.PIECEWISE_BEZIER_KNOTS.);
#194 = CARTESIAN_POINT('',(13.071210191083,2.332954935179,8.164023645108
    ));
#195 = CARTESIAN_POINT('',(13.564203821656,2.464447520218,8.525296553329
    ));
#196 = CARTESIAN_POINT('',(13.747643312102,2.639683828047,9.006754352157
    ));
#197 = ORIENTED_EDGE('',*,*,#198,.F.);
#198 = EDGE_CURVE('',#199,#191,#201,.T.);
#199 = VERTEX_POINT('',#200);
#200 = CARTESIAN_POINT('',(13.747643312102,3.391437924676,8.733138237496
    ));
#201 = LINE('',#202,#203);
#202 = CARTESIAN_POINT('',(13.747643312102,3.391437924676,8.733138237496
    ));
#203 = VECTOR('',#204,1.);
#204 = DIRECTION('',(0.,-0.939692620786,0.342020143326));
#205 = ORIENTED_EDGE('',*,*,#206,.F.);
#206 = EDGE_CURVE('',#166,#199,#207,.T.);
#207 = B_SPLINE_CURVE_WITH_KNOTS('',2,(#208,#209,#210),.UNSPECIFIED.,.F.
  ,.F.,(3,3),(0.,1.),.PIECEWISE_BEZIER_KNOTS.);
#208 = CARTESIAN_POINT('',(13.071210191083,3.084709031808,7.890407530447
    ));
#209 = CARTESIAN_POINT('',(13.564203821656,3.216201616847,8.251680438668
    ));
#210 = CARTESIAN_POINT('',(13.747643312102,3.391437924676,8.733138237496
    ));
#211 = SURFACE_OF_LINEAR_EXTRUSION('',#212,#216);
#212 = B_SPLINE_CURVE_WITH_KNOTS('',2,(#213,#214,#215),.UNSPECIFIED.,.F.
  ,.F.,(3,3),(0.,1.),.PIECEWISE_BEZIER_KNOTS.);
#213 = CARTESIAN_POINT('',(13.071210191083,3.084709031808,7.890407530447
    ));
#214 = CARTESIAN_POINT('',(13.564203821656,3.216201616847,8.251680438668
    ));
#215 = CARTESIAN_POINT('',(13.747643312102,3.391437924676,8.733138237496
    ));
#216 = VECTOR('',#217,1.);
#217 = DIRECTION('',(-0.,0.939692620786,-0.342020143326));
#218 = ADVANCED_FACE('',(#219),#244,.T.);
#219 = FACE_BOUND('',#220,.T.);
#220 = EDGE_LOOP('',(#221,#222,#230,#238));
#221 = ORIENTED_EDGE('',*,*,#198,.T.);
#222 = ORIENTED_EDGE('',*,*,#223,.T.);
#223 = EDGE_CURVE('',#191,#224,#226,.T.);
#224 = VERTEX_POINT('',#225);
#225 = CARTESIAN_POINT('',(14.61898089172,2.639683828047,9.006754352157)
  );
#226 = LINE('',#227,#228);
#227 = CARTESIAN_POINT('',(13.747643312102,2.639683828047,9.006754352157
    ));
#228 = VECTOR('',#229,1.);
#229 = DIRECTION('',(1.,0.,0.));
#230 = ORIENTED_EDGE('',*,*,#231,.F.);
#231 = EDGE_CURVE('',#232,#224,#234,.T.);
#232 = VERTEX_POINT('',#233);
#233 = CARTESIAN_POINT('',(14.61898089172,3.391437924676,8.733138237496)
  );
#234 = LINE('',#235,#236);
#235 = CARTESIAN_POINT('',(14.61898089172,3.391437924676,8.733138237496)
  );
#236 = VECTOR('',#237,1.);
#237 = DIRECTION('',(0.,-0.939692620786,0.342020143326));
#238 = ORIENTED_EDGE('',*,*,#239,.F.);
#239 = EDGE_CURVE('',#199,#232,#240,.T.);
#240 = LINE('',#241,#242);
#241 = CARTESIAN_POINT('',(13.747643312102,3.391437924676,8.733138237496
    ));
#242 = VECTOR('',#243,1.);
#243 = DIRECTION('',(1.,0.,0.));
#244 = PLANE('',#245);
#245 = AXIS2_PLACEMENT_3D('',#246,#247,#248);
#246 = CARTESIAN_POINT('',(13.747643312102,3.391437924676,8.733138237496
    ));
#247 = DIRECTION('',(0.,0.342020143326,0.939692620786));
#248 = DIRECTION('',(1.,0.,0.));
#249 = ADVANCED_FACE('',(#250),#266,.T.);
#250 = FACE_BOUND('',#251,.T.);
#251 = EDGE_LOOP('',(#252,#253,#259,#260));
#252 = ORIENTED_EDGE('',*,*,#231,.T.);
#253 = ORIENTED_EDGE('',*,*,#254,.T.);
#254 = EDGE_CURVE('',#224,#24,#255,.T.);
#255 = LINE('',#256,#257);
#256 = CARTESIAN_POINT('',(14.61898089172,2.639683828047,9.006754352157)
  );
#257 = VECTOR('',#258,1.);
#258 = DIRECTION('',(0.,-0.342020143326,-0.939692620786));
#259 = ORIENTED_EDGE('',*,*,#21,.F.);
#260 = ORIENTED_EDGE('',*,*,#261,.F.);
#261 = EDGE_CURVE('',#232,#22,#262,.T.);
#262 = LINE('',#263,#264);
#263 = CARTESIAN_POINT('',(14.61898089172,3.391437924676,8.733138237496)
  );
#264 = VECTOR('',#265,1.);
#265 = DIRECTION('',(0.,-0.342020143326,-0.939692620786));
#266 = PLANE('',#267);
#267 = AXIS2_PLACEMENT_3D('',#268,#269,#270);
#268 = CARTESIAN_POINT('',(14.61898089172,3.391437924676,8.733138237496)
  );
#269 = DIRECTION('',(1.,0.,0.));
#270 = DIRECTION('',(0.,-0.342020143326,-0.939692620786));
#271 = ADVANCED_FACE('',(#272),#282,.F.);
#272 = FACE_BOUND('',#273,.T.);
#273 = EDGE_LOOP('',(#274,#275,#276,#277,#278,#279,#280,#281));
#274 = ORIENTED_EDGE('',*,*,#47,.T.);
#275 = ORIENTED_EDGE('',*,*,#78,.T.);
#276 = ORIENTED_EDGE('',*,*,#109,.T.);
#277 = ORIENTED_EDGE('',*,*,#142,.T.);
#278 = ORIENTED_EDGE('',*,*,#173,.T.);
#279 = ORIENTED_EDGE('',*,*,#206,.T.);
#280 = ORIENTED_EDGE('',*,*,#239,.T.);
#281 = ORIENTED_EDGE('',*,*,#261,.T.);
#282 = PLANE('',#283);
#283 = AXIS2_PLACEMENT_3D('',#284,#285,#286);
#284 = CARTESIAN_POINT('',(13.767692043686,2.484916324519,6.242490610816
    ));
#285 = DIRECTION('',(0.,-0.939692620786,0.342020143326));
#286 = DIRECTION('',(1.,0.,0.));
#287 = ADVANCED_FACE('',(#288),#298,.T.);
#288 = FACE_BOUND('',#289,.F.);
#289 = EDGE_LOOP('',(#290,#291,#292,#293,#294,#295,#296,#297));
#290 = ORIENTED_EDGE('',*,*,#31,.T.);
#291 = ORIENTED_EDGE('',*,*,#62,.T.);
#292 = ORIENTED_EDGE('',*,*,#93,.T.);
#293 = ORIENTED_EDGE('',*,*,#126,.T.);
#294 = ORIENTED_EDGE('',*,*,#157,.T.);
#295 = ORIENTED_EDGE('',*,*,#190,.T.);
#296 = ORIENTED_EDGE('',*,*,#223,.T.);
#297 = ORIENTED_EDGE('',*,*,#254,.T.);
#298 = PLANE('',#299);
#299 = AXIS2_PLACEMENT_3D('',#300,#301,#302);
#300 = CARTESIAN_POINT('',(13.767692043686,1.73316222789,6.516106725477)
  );
#301 = DIRECTION('',(0.,-0.939692620786,0.342020143326));
#302 = DIRECTION('',(1.,0.,0.));
#303 = MANIFOLD_SOLID_BREP('',#304);
#304 = CLOSED_SHELL('',(#305,#345,#378,#411,#444,#477,#510,#543,#576,
    #607,#638,#669,#700,#731,#762,#795,#828,#861,#894,#927,#960,#984,
    #1013));
#305 = ADVANCED_FACE('',(#306),#340,.T.);
#306 = FACE_BOUND('',#307,.T.);
#307 = EDGE_LOOP('',(#308,#318,#326,#334));
#308 = ORIENTED_EDGE('',*,*,#309,.T.);
#309 = EDGE_CURVE('',#310,#312,#314,.T.);
#310 = VERTEX_POINT('',#311);
#311 = CARTESIAN_POINT('',(16.240127388535,1.953994794918,4.783795696736
    ));
#312 = VERTEX_POINT('',#313);
#313 = CARTESIAN_POINT('',(16.240127388535,1.202240698289,5.057411811396
    ));
#314 = LINE('',#315,#316);
#315 = CARTESIAN_POINT('',(16.240127388535,1.953994794918,4.783795696736
    ));
#316 = VECTOR('',#317,1.);
#317 = DIRECTION('',(0.,-0.939692620786,0.342020143326));
#318 = ORIENTED_EDGE('',*,*,#319,.T.);
#319 = EDGE_CURVE('',#312,#320,#322,.T.);
#320 = VERTEX_POINT('',#321);
#321 = CARTESIAN_POINT('',(17.310191082803,1.239884698777,5.160837852716
    ));
#322 = LINE('',#323,#324);
#323 = CARTESIAN_POINT('',(16.240127388535,1.202240698289,5.057411811396
    ));
#324 = VECTOR('',#325,1.);
#325 = DIRECTION('',(0.994751810339,3.499458755099E-02,
    9.614683909947E-02));
#326 = ORIENTED_EDGE('',*,*,#327,.F.);
#327 = EDGE_CURVE('',#328,#320,#330,.T.);
#328 = VERTEX_POINT('',#329);
#329 = CARTESIAN_POINT('',(17.310191082803,1.991638795406,4.887221738055
    ));
#330 = LINE('',#331,#332);
#331 = CARTESIAN_POINT('',(17.310191082803,1.991638795406,4.887221738055
    ));
#332 = VECTOR('',#333,1.);
#333 = DIRECTION('',(0.,-0.939692620786,0.342020143326));
#334 = ORIENTED_EDGE('',*,*,#335,.F.);
#335 = EDGE_CURVE('',#310,#328,#336,.T.);
#336 = LINE('',#337,#338);
#337 = CARTESIAN_POINT('',(16.240127388535,1.953994794918,4.783795696736
    ));
#338 = VECTOR('',#339,1.);
#339 = DIRECTION('',(0.994751810339,3.499458755099E-02,
    9.614683909947E-02));
#340 = PLANE('',#341);
#341 = AXIS2_PLACEMENT_3D('',#342,#343,#344);
#342 = CARTESIAN_POINT('',(16.240127388535,1.953994794918,4.783795696736
    ));
#343 = DIRECTION('',(-0.102317329063,0.340225156746,0.934760935689));
#344 = DIRECTION('',(0.994751810339,3.499458755099E-02,
    9.614683909947E-02));
#345 = ADVANCED_FACE('',(#346),#371,.T.);
#346 = FACE_BOUND('',#347,.T.);
#347 = EDGE_LOOP('',(#348,#349,#357,#365));
#348 = ORIENTED_EDGE('',*,*,#327,.T.);
#349 = ORIENTED_EDGE('',*,*,#350,.T.);
#350 = EDGE_CURVE('',#320,#351,#353,.T.);
#351 = VERTEX_POINT('',#352);
#352 = CARTESIAN_POINT('',(17.58152866242,1.044257890684,4.62335761484)
  );
#353 = B_SPLINE_CURVE_WITH_KNOTS('',2,(#354,#355,#356),.UNSPECIFIED.,.F.
  ,.F.,(3,3),(0.,1.),.PIECEWISE_BEZIER_KNOTS.);
#354 = CARTESIAN_POINT('',(17.310191082803,1.239884698777,5.160837852716
    ));
#355 = CARTESIAN_POINT('',(17.356050955414,1.11640889162,4.821590860702)
  );
#356 = CARTESIAN_POINT('',(17.58152866242,1.044257890684,4.62335761484)
  );
#357 = ORIENTED_EDGE('',*,*,#358,.F.);
#358 = EDGE_CURVE('',#359,#351,#361,.T.);
#359 = VERTEX_POINT('',#360);
#360 = CARTESIAN_POINT('',(17.58152866242,1.796011987313,4.349741500179)
  );
#361 = LINE('',#362,#363);
#362 = CARTESIAN_POINT('',(17.58152866242,1.796011987313,4.349741500179)
  );
#363 = VECTOR('',#364,1.);
#364 = DIRECTION('',(0.,-0.939692620786,0.342020143326));
#365 = ORIENTED_EDGE('',*,*,#366,.F.);
#366 = EDGE_CURVE('',#328,#359,#367,.T.);
#367 = B_SPLINE_CURVE_WITH_KNOTS('',2,(#368,#369,#370),.UNSPECIFIED.,.F.
  ,.F.,(3,3),(0.,1.),.PIECEWISE_BEZIER_KNOTS.);
#368 = CARTESIAN_POINT('',(17.310191082803,1.991638795406,4.887221738055
    ));
#369 = CARTESIAN_POINT('',(17.356050955414,1.868162988249,4.547974746042
    ));
#370 = CARTESIAN_POINT('',(17.58152866242,1.796011987313,4.349741500179)
  );
#371 = SURFACE_OF_LINEAR_EXTRUSION('',#372,#376);
#372 = B_SPLINE_CURVE_WITH_KNOTS('',2,(#373,#374,#375),.UNSPECIFIED.,.F.
  ,.F.,(3,3),(0.,1.),.PIECEWISE_BEZIER_KNOTS.);
#373 = CARTESIAN_POINT('',(17.310191082803,1.991638795406,4.887221738055
    ));
#374 = CARTESIAN_POINT('',(17.356050955414,1.868162988249,4.547974746042
    ));
#375 = CARTESIAN_POINT('',(17.58152866242,1.796011987313,4.349741500179)
  );
#376 = VECTOR('',#377,1.);
#377 = DIRECTION('',(-0.,0.939692620786,-0.342020143326));
#378 = ADVANCED_FACE('',(#379),#404,.T.);
#379 = FACE_BOUND('',#380,.T.);
#380 = EDGE_LOOP('',(#381,#382,#390,#398));
#381 = ORIENTED_EDGE('',*,*,#358,.T.);
#382 = ORIENTED_EDGE('',*,*,#383,.T.);
#383 = EDGE_CURVE('',#351,#384,#386,.T.);
#384 = VERTEX_POINT('',#385);
#385 = CARTESIAN_POINT('',(18.10127388535,0.972194028638,4.42536378111)
  );
#386 = B_SPLINE_CURVE_WITH_KNOTS('',2,(#387,#388,#389),.UNSPECIFIED.,.F.
  ,.F.,(3,3),(0.,1.),.PIECEWISE_BEZIER_KNOTS.);
#387 = CARTESIAN_POINT('',(17.58152866242,1.044257890684,4.62335761484)
  );
#388 = CARTESIAN_POINT('',(17.807006369427,0.972194028638,4.42536378111)
  );
#389 = CARTESIAN_POINT('',(18.10127388535,0.972194028638,4.42536378111)
  );
#390 = ORIENTED_EDGE('',*,*,#391,.F.);
#391 = EDGE_CURVE('',#392,#384,#394,.T.);
#392 = VERTEX_POINT('',#393);
#393 = CARTESIAN_POINT('',(18.10127388535,1.723948125267,4.151747666449)
  );
#394 = LINE('',#395,#396);
#395 = CARTESIAN_POINT('',(18.10127388535,1.723948125267,4.151747666449)
  );
#396 = VECTOR('',#397,1.);
#397 = DIRECTION('',(0.,-0.939692620786,0.342020143326));
#398 = ORIENTED_EDGE('',*,*,#399,.F.);
#399 = EDGE_CURVE('',#359,#392,#400,.T.);
#400 = B_SPLINE_CURVE_WITH_KNOTS('',2,(#401,#402,#403),.UNSPECIFIED.,.F.
  ,.F.,(3,3),(0.,1.),.PIECEWISE_BEZIER_KNOTS.);
#401 = CARTESIAN_POINT('',(17.58152866242,1.796011987313,4.349741500179)
  );
#402 = CARTESIAN_POINT('',(17.807006369427,1.723948125267,4.151747666449
    ));
#403 = CARTESIAN_POINT('',(18.10127388535,1.723948125267,4.151747666449)
  );
#404 = SURFACE_OF_LINEAR_EXTRUSION('',#405,#409);
#405 = B_SPLINE_CURVE_WITH_KNOTS('',2,(#406,#407,#408),.UNSPECIFIED.,.F.
  ,.F.,(3,3),(0.,1.),.PIECEWISE_BEZIER_KNOTS.);
#406 = CARTESIAN_POINT('',(17.58152866242,1.796011987313,4.349741500179)
  );
#407 = CARTESIAN_POINT('',(17.807006369427,1.723948125267,4.151747666449
    ));
#408 = CARTESIAN_POINT('',(18.10127388535,1.723948125267,4.151747666449)
  );
#409 = VECTOR('',#410,1.);
#410 = DIRECTION('',(-0.,0.939692620786,-0.342020143326));
#411 = ADVANCED_FACE('',(#412),#437,.T.);
#412 = FACE_BOUND('',#413,.T.);
#413 = EDGE_LOOP('',(#414,#415,#423,#431));
#414 = ORIENTED_EDGE('',*,*,#391,.T.);
#415 = ORIENTED_EDGE('',*,*,#416,.T.);
#416 = EDGE_CURVE('',#384,#417,#419,.T.);
#417 = VERTEX_POINT('',#418);
#418 = CARTESIAN_POINT('',(18.670700636943,1.065955474299,4.682971235878
    ));
#419 = B_SPLINE_CURVE_WITH_KNOTS('',2,(#420,#421,#422),.UNSPECIFIED.,.F.
  ,.F.,(3,3),(0.,1.),.PIECEWISE_BEZIER_KNOTS.);
#420 = CARTESIAN_POINT('',(18.10127388535,0.972194028638,4.42536378111)
  );
#421 = CARTESIAN_POINT('',(18.437579617834,0.972194028638,4.42536378111)
  );
#422 = CARTESIAN_POINT('',(18.670700636943,1.065955474299,4.682971235878
    ));
#423 = ORIENTED_EDGE('',*,*,#424,.F.);
#424 = EDGE_CURVE('',#425,#417,#427,.T.);
#425 = VERTEX_POINT('',#426);
#426 = CARTESIAN_POINT('',(18.670700636943,1.817709570928,4.409355121218
    ));
#427 = LINE('',#428,#429);
#428 = CARTESIAN_POINT('',(18.670700636943,1.817709570928,4.409355121218
    ));
#429 = VECTOR('',#430,1.);
#430 = DIRECTION('',(0.,-0.939692620786,0.342020143326));
#431 = ORIENTED_EDGE('',*,*,#432,.F.);
#432 = EDGE_CURVE('',#392,#425,#433,.T.);
#433 = B_SPLINE_CURVE_WITH_KNOTS('',2,(#434,#435,#436),.UNSPECIFIED.,.F.
  ,.F.,(3,3),(0.,1.),.PIECEWISE_BEZIER_KNOTS.);
#434 = CARTESIAN_POINT('',(18.10127388535,1.723948125267,4.151747666449)
  );
#435 = CARTESIAN_POINT('',(18.437579617834,1.723948125267,4.151747666449
    ));
#436 = CARTESIAN_POINT('',(18.670700636943,1.817709570928,4.409355121218
    ));
#437 = SURFACE_OF_LINEAR_EXTRUSION('',#438,#442);
#438 = B_SPLINE_CURVE_WITH_KNOTS('',2,(#439,#440,#441),.UNSPECIFIED.,.F.
  ,.F.,(3,3),(0.,1.),.PIECEWISE_BEZIER_KNOTS.);
#439 = CARTESIAN_POINT('',(18.10127388535,1.723948125267,4.151747666449)
  );
#440 = CARTESIAN_POINT('',(18.437579617834,1.723948125267,4.151747666449
    ));
#441 = CARTESIAN_POINT('',(18.670700636943,1.817709570928,4.409355121218
    ));
#442 = VECTOR('',#443,1.);
#443 = DIRECTION('',(-0.,0.939692620786,-0.342020143326));
#444 = ADVANCED_FACE('',(#445),#470,.T.);
#445 = FACE_BOUND('',#446,.T.);
#446 = EDGE_LOOP('',(#447,#448,#456,#464));
#447 = ORIENTED_EDGE('',*,*,#424,.T.);
#448 = ORIENTED_EDGE('',*,*,#449,.T.);
#449 = EDGE_CURVE('',#417,#450,#452,.T.);
#450 = VERTEX_POINT('',#451);
#451 = CARTESIAN_POINT('',(18.903821656051,1.348634033521,5.459624194306
    ));
#452 = B_SPLINE_CURVE_WITH_KNOTS('',2,(#453,#454,#455),.UNSPECIFIED.,.F.
  ,.F.,(3,3),(0.,1.),.PIECEWISE_BEZIER_KNOTS.);
#453 = CARTESIAN_POINT('',(18.670700636943,1.065955474299,4.682971235878
    ));
#454 = CARTESIAN_POINT('',(18.903821656051,1.15971691996,4.940578690646)
  );
#455 = CARTESIAN_POINT('',(18.903821656051,1.348634033521,5.459624194306
    ));
#456 = ORIENTED_EDGE('',*,*,#457,.F.);
#457 = EDGE_CURVE('',#458,#450,#460,.T.);
#458 = VERTEX_POINT('',#459);
#459 = CARTESIAN_POINT('',(18.903821656051,2.10038813015,5.186008079645)
  );
#460 = LINE('',#461,#462);
#461 = CARTESIAN_POINT('',(18.903821656051,2.10038813015,5.186008079645)
  );
#462 = VECTOR('',#463,1.);
#463 = DIRECTION('',(0.,-0.939692620786,0.342020143326));
#464 = ORIENTED_EDGE('',*,*,#465,.F.);
#465 = EDGE_CURVE('',#425,#458,#466,.T.);
#466 = B_SPLINE_CURVE_WITH_KNOTS('',2,(#467,#468,#469),.UNSPECIFIED.,.F.
  ,.F.,(3,3),(0.,1.),.PIECEWISE_BEZIER_KNOTS.);
#467 = CARTESIAN_POINT('',(18.670700636943,1.817709570928,4.409355121218
    ));
#468 = CARTESIAN_POINT('',(18.903821656051,1.911471016588,4.666962575986
    ));
#469 = CARTESIAN_POINT('',(18.903821656051,2.10038813015,5.186008079645)
  );
#470 = SURFACE_OF_LINEAR_EXTRUSION('',#471,#475);
#471 = B_SPLINE_CURVE_WITH_KNOTS('',2,(#472,#473,#474),.UNSPECIFIED.,.F.
  ,.F.,(3,3),(0.,1.),.PIECEWISE_BEZIER_KNOTS.);
#472 = CARTESIAN_POINT('',(18.670700636943,1.817709570928,4.409355121218
    ));
#473 = CARTESIAN_POINT('',(18.903821656051,1.911471016588,4.666962575986
    ));
#474 = CARTESIAN_POINT('',(18.903821656051,2.10038813015,5.186008079645)
  );
#475 = VECTOR('',#476,1.);
#476 = DIRECTION('',(-0.,0.939692620786,-0.342020143326));
#477 = ADVANCED_FACE('',(#478),#503,.T.);
#478 = FACE_BOUND('',#479,.T.);
#479 = EDGE_LOOP('',(#480,#481,#489,#497));
#480 = ORIENTED_EDGE('',*,*,#457,.T.);
#481 = ORIENTED_EDGE('',*,*,#482,.T.);
#482 = EDGE_CURVE('',#450,#483,#485,.T.);
#483 = VERTEX_POINT('',#484);
#484 = CARTESIAN_POINT('',(18.672484076433,1.6142333703,6.189352374728)
  );
#485 = B_SPLINE_CURVE_WITH_KNOTS('',2,(#486,#487,#488),.UNSPECIFIED.,.F.
  ,.F.,(3,3),(0.,1.),.PIECEWISE_BEZIER_KNOTS.);
#486 = CARTESIAN_POINT('',(18.903821656051,1.348634033521,5.459624194306
    ));
#487 = CARTESIAN_POINT('',(18.903821656051,1.525700258041,5.946109647921
    ));
#488 = CARTESIAN_POINT('',(18.672484076433,1.6142333703,6.189352374728)
  );
#489 = ORIENTED_EDGE('',*,*,#490,.F.);
#490 = EDGE_CURVE('',#491,#483,#493,.T.);
#491 = VERTEX_POINT('',#492);
#492 = CARTESIAN_POINT('',(18.672484076433,2.365987466929,5.915736260067
    ));
#493 = LINE('',#494,#495);
#494 = CARTESIAN_POINT('',(18.672484076433,2.365987466929,5.915736260067
    ));
#495 = VECTOR('',#496,1.);
#496 = DIRECTION('',(0.,-0.939692620786,0.342020143326));
#497 = ORIENTED_EDGE('',*,*,#498,.F.);
#498 = EDGE_CURVE('',#458,#491,#499,.T.);
#499 = B_SPLINE_CURVE_WITH_KNOTS('',2,(#500,#501,#502),.UNSPECIFIED.,.F.
  ,.F.,(3,3),(0.,1.),.PIECEWISE_BEZIER_KNOTS.);
#500 = CARTESIAN_POINT('',(18.903821656051,2.10038813015,5.186008079645)
  );
#501 = CARTESIAN_POINT('',(18.903821656051,2.277454354669,5.67249353326)
  );
#502 = CARTESIAN_POINT('',(18.672484076433,2.365987466929,5.915736260067
    ));
#503 = SURFACE_OF_LINEAR_EXTRUSION('',#504,#508);
#504 = B_SPLINE_CURVE_WITH_KNOTS('',2,(#505,#506,#507),.UNSPECIFIED.,.F.
  ,.F.,(3,3),(0.,1.),.PIECEWISE_BEZIER_KNOTS.);
#505 = CARTESIAN_POINT('',(18.903821656051,2.10038813015,5.186008079645)
  );
#506 = CARTESIAN_POINT('',(18.903821656051,2.277454354669,5.67249353326)
  );
#507 = CARTESIAN_POINT('',(18.672484076433,2.365987466929,5.915736260067
    ));
#508 = VECTOR('',#509,1.);
#509 = DIRECTION('',(-0.,0.939692620786,-0.342020143326));
#510 = ADVANCED_FACE('',(#511),#536,.T.);
#511 = FACE_BOUND('',#512,.T.);
#512 = EDGE_LOOP('',(#513,#514,#522,#530));
#513 = ORIENTED_EDGE('',*,*,#490,.T.);
#514 = ORIENTED_EDGE('',*,*,#515,.T.);
#515 = EDGE_CURVE('',#483,#516,#518,.T.);
#516 = VERTEX_POINT('',#517);
#517 = CARTESIAN_POINT('',(18.070700636943,1.70276648256,6.432595101535)
  );
#518 = B_SPLINE_CURVE_WITH_KNOTS('',2,(#519,#520,#521),.UNSPECIFIED.,.F.
  ,.F.,(3,3),(0.,1.),.PIECEWISE_BEZIER_KNOTS.);
#519 = CARTESIAN_POINT('',(18.672484076433,1.6142333703,6.189352374728)
  );
#520 = CARTESIAN_POINT('',(18.441401273885,1.70276648256,6.432595101535)
  );
#521 = CARTESIAN_POINT('',(18.070700636943,1.70276648256,6.432595101535)
  );
#522 = ORIENTED_EDGE('',*,*,#523,.F.);
#523 = EDGE_CURVE('',#524,#516,#526,.T.);
#524 = VERTEX_POINT('',#525);
#525 = CARTESIAN_POINT('',(18.070700636943,2.454520579189,6.158978986875
    ));
#526 = LINE('',#527,#528);
#527 = CARTESIAN_POINT('',(18.070700636943,2.454520579189,6.158978986875
    ));
#528 = VECTOR('',#529,1.);
#529 = DIRECTION('',(0.,-0.939692620786,0.342020143326));
#530 = ORIENTED_EDGE('',*,*,#531,.F.);
#531 = EDGE_CURVE('',#491,#524,#532,.T.);
#532 = B_SPLINE_CURVE_WITH_KNOTS('',2,(#533,#534,#535),.UNSPECIFIED.,.F.
  ,.F.,(3,3),(0.,1.),.PIECEWISE_BEZIER_KNOTS.);
#533 = CARTESIAN_POINT('',(18.672484076433,2.365987466929,5.915736260067
    ));
#534 = CARTESIAN_POINT('',(18.441401273885,2.454520579189,6.158978986875
    ));
#535 = CARTESIAN_POINT('',(18.070700636943,2.454520579189,6.158978986875
    ));
#536 = SURFACE_OF_LINEAR_EXTRUSION('',#537,#541);
#537 = B_SPLINE_CURVE_WITH_KNOTS('',2,(#538,#539,#540),.UNSPECIFIED.,.F.
  ,.F.,(3,3),(0.,1.),.PIECEWISE_BEZIER_KNOTS.);
#538 = CARTESIAN_POINT('',(18.672484076433,2.365987466929,5.915736260067
    ));
#539 = CARTESIAN_POINT('',(18.441401273885,2.454520579189,6.158978986875
    ));
#540 = CARTESIAN_POINT('',(18.070700636943,2.454520579189,6.158978986875
    ));
#541 = VECTOR('',#542,1.);
#542 = DIRECTION('',(-0.,0.939692620786,-0.342020143326));
#543 = ADVANCED_FACE('',(#544),#569,.T.);
#544 = FACE_BOUND('',#545,.T.);
#545 = EDGE_LOOP('',(#546,#547,#555,#563));
#546 = ORIENTED_EDGE('',*,*,#523,.T.);
#547 = ORIENTED_EDGE('',*,*,#548,.T.);
#548 = EDGE_CURVE('',#516,#549,#551,.T.);
#549 = VERTEX_POINT('',#550);
#550 = CARTESIAN_POINT('',(17.241401273885,1.563344258529,6.04953568924)
  );
#551 = B_SPLINE_CURVE_WITH_KNOTS('',2,(#552,#553,#554),.UNSPECIFIED.,.F.
  ,.F.,(3,3),(0.,1.),.PIECEWISE_BEZIER_KNOTS.);
#552 = CARTESIAN_POINT('',(18.070700636943,1.70276648256,6.432595101535)
  );
#553 = CARTESIAN_POINT('',(17.608280254777,1.70276648256,6.432595101535)
  );
#554 = CARTESIAN_POINT('',(17.241401273885,1.563344258529,6.04953568924)
  );
#555 = ORIENTED_EDGE('',*,*,#556,.F.);
#556 = EDGE_CURVE('',#557,#549,#559,.T.);
#557 = VERTEX_POINT('',#558);
#558 = CARTESIAN_POINT('',(17.241401273885,2.315098355158,5.77591957458)
  );
#559 = LINE('',#560,#561);
#560 = CARTESIAN_POINT('',(17.241401273885,2.315098355158,5.77591957458)
  );
#561 = VECTOR('',#562,1.);
#562 = DIRECTION('',(0.,-0.939692620786,0.342020143326));
#563 = ORIENTED_EDGE('',*,*,#564,.F.);
#564 = EDGE_CURVE('',#524,#557,#565,.T.);
#565 = B_SPLINE_CURVE_WITH_KNOTS('',2,(#566,#567,#568),.UNSPECIFIED.,.F.
  ,.F.,(3,3),(0.,1.),.PIECEWISE_BEZIER_KNOTS.);
#566 = CARTESIAN_POINT('',(18.070700636943,2.454520579189,6.158978986875
    ));
#567 = CARTESIAN_POINT('',(17.608280254777,2.454520579189,6.158978986875
    ));
#568 = CARTESIAN_POINT('',(17.241401273885,2.315098355158,5.77591957458)
  );
#569 = SURFACE_OF_LINEAR_EXTRUSION('',#570,#574);
#570 = B_SPLINE_CURVE_WITH_KNOTS('',2,(#571,#572,#573),.UNSPECIFIED.,.F.
  ,.F.,(3,3),(0.,1.),.PIECEWISE_BEZIER_KNOTS.);
#571 = CARTESIAN_POINT('',(18.070700636943,2.454520579189,6.158978986875
    ));
#572 = CARTESIAN_POINT('',(17.608280254777,2.454520579189,6.158978986875
    ));
#573 = CARTESIAN_POINT('',(17.241401273885,2.315098355158,5.77591957458)
  );
#574 = VECTOR('',#575,1.);
#575 = DIRECTION('',(-0.,0.939692620786,-0.342020143326));
#576 = ADVANCED_FACE('',(#577),#602,.T.);
#577 = FACE_BOUND('',#578,.T.);
#578 = EDGE_LOOP('',(#579,#580,#588,#596));
#579 = ORIENTED_EDGE('',*,*,#556,.T.);
#580 = ORIENTED_EDGE('',*,*,#581,.T.);
#581 = EDGE_CURVE('',#549,#582,#584,.T.);
#582 = VERTEX_POINT('',#583);
#583 = CARTESIAN_POINT('',(16.370063694268,1.606303731308,6.167565870654
    ));
#584 = LINE('',#585,#586);
#585 = CARTESIAN_POINT('',(17.241401273885,1.563344258529,6.04953568924)
  );
#586 = VECTOR('',#587,1.);
#587 = DIRECTION('',(-0.989769265001,4.879849875915E-02,0.134072773444)
  );
#588 = ORIENTED_EDGE('',*,*,#589,.F.);
#589 = EDGE_CURVE('',#590,#582,#592,.T.);
#590 = VERTEX_POINT('',#591);
#591 = CARTESIAN_POINT('',(16.370063694268,2.358057827937,5.893949755993
    ));
#592 = LINE('',#593,#594);
#593 = CARTESIAN_POINT('',(16.370063694268,2.358057827937,5.893949755993
    ));
#594 = VECTOR('',#595,1.);
#595 = DIRECTION('',(0.,-0.939692620786,0.342020143326));
#596 = ORIENTED_EDGE('',*,*,#597,.F.);
#597 = EDGE_CURVE('',#557,#590,#598,.T.);
#598 = LINE('',#599,#600);
#599 = CARTESIAN_POINT('',(17.241401273885,2.315098355158,5.77591957458)
  );
#600 = VECTOR('',#601,1.);
#601 = DIRECTION('',(-0.989769265001,4.879849875915E-02,0.134072773444)
  );
#602 = PLANE('',#603);
#603 = AXIS2_PLACEMENT_3D('',#604,#605,#606);
#604 = CARTESIAN_POINT('',(17.241401273885,2.315098355158,5.77591957458)
  );
#605 = DIRECTION('',(-0.142677265393,-0.338521025875,-0.930078874602));
#606 = DIRECTION('',(-0.989769265001,4.879849875915E-02,0.134072773444)
  );
#607 = ADVANCED_FACE('',(#608),#633,.T.);
#608 = FACE_BOUND('',#609,.T.);
#609 = EDGE_LOOP('',(#610,#611,#619,#627));
#610 = ORIENTED_EDGE('',*,*,#589,.T.);
#611 = ORIENTED_EDGE('',*,*,#612,.T.);
#612 = EDGE_CURVE('',#582,#613,#615,.T.);
#613 = VERTEX_POINT('',#614);
#614 = CARTESIAN_POINT('',(16.920382165605,2.60622249428,8.914820093206)
  );
#615 = LINE('',#616,#617);
#616 = CARTESIAN_POINT('',(16.370063694268,1.606303731308,6.167565870654
    ));
#617 = VECTOR('',#618,1.);
#618 = DIRECTION('',(0.184986551027,0.336117235571,0.92347451502));
#619 = ORIENTED_EDGE('',*,*,#620,.F.);
#620 = EDGE_CURVE('',#621,#613,#623,.T.);
#621 = VERTEX_POINT('',#622);
#622 = CARTESIAN_POINT('',(16.920382165605,3.357976590908,8.641203978545
    ));
#623 = LINE('',#624,#625);
#624 = CARTESIAN_POINT('',(16.920382165605,3.357976590908,8.641203978545
    ));
#625 = VECTOR('',#626,1.);
#626 = DIRECTION('',(0.,-0.939692620786,0.342020143326));
#627 = ORIENTED_EDGE('',*,*,#628,.F.);
#628 = EDGE_CURVE('',#590,#621,#629,.T.);
#629 = LINE('',#630,#631);
#630 = CARTESIAN_POINT('',(16.370063694268,2.358057827937,5.893949755993
    ));
#631 = VECTOR('',#632,1.);
#632 = DIRECTION('',(0.184986551027,0.336117235571,0.92347451502));
#633 = PLANE('',#634);
#634 = AXIS2_PLACEMENT_3D('',#635,#636,#637);
#635 = CARTESIAN_POINT('',(16.370063694268,2.358057827937,5.893949755993
    ));
#636 = DIRECTION('',(-0.982741052332,6.326912669566E-02,0.173830496945)
  );
#637 = DIRECTION('',(0.184986551027,0.336117235571,0.92347451502));
#638 = ADVANCED_FACE('',(#639),#664,.T.);
#639 = FACE_BOUND('',#640,.T.);
#640 = EDGE_LOOP('',(#641,#642,#650,#658));
#641 = ORIENTED_EDGE('',*,*,#620,.T.);
#642 = ORIENTED_EDGE('',*,*,#643,.T.);
#643 = EDGE_CURVE('',#613,#644,#646,.T.);
#644 = VERTEX_POINT('',#645);
#645 = CARTESIAN_POINT('',(19.759872611465,2.60622249428,8.914820093206)
  );
#646 = LINE('',#647,#648);
#647 = CARTESIAN_POINT('',(16.920382165605,2.60622249428,8.914820093206)
  );
#648 = VECTOR('',#649,1.);
#649 = DIRECTION('',(1.,0.,0.));
#650 = ORIENTED_EDGE('',*,*,#651,.F.);
#651 = EDGE_CURVE('',#652,#644,#654,.T.);
#652 = VERTEX_POINT('',#653);
#653 = CARTESIAN_POINT('',(19.759872611465,3.357976590908,8.641203978545
    ));
#654 = LINE('',#655,#656);
#655 = CARTESIAN_POINT('',(19.759872611465,3.357976590908,8.641203978545
    ));
#656 = VECTOR('',#657,1.);
#657 = DIRECTION('',(0.,-0.939692620786,0.342020143326));
#658 = ORIENTED_EDGE('',*,*,#659,.F.);
#659 = EDGE_CURVE('',#621,#652,#660,.T.);
#660 = LINE('',#661,#662);
#661 = CARTESIAN_POINT('',(16.920382165605,3.357976590908,8.641203978545
    ));
#662 = VECTOR('',#663,1.);
#663 = DIRECTION('',(1.,0.,0.));
#664 = PLANE('',#665);
#665 = AXIS2_PLACEMENT_3D('',#666,#667,#668);
#666 = CARTESIAN_POINT('',(16.920382165605,3.357976590908,8.641203978545
    ));
#667 = DIRECTION('',(0.,0.342020143326,0.939692620786));
#668 = DIRECTION('',(1.,0.,0.));
#669 = ADVANCED_FACE('',(#670),#695,.T.);
#670 = FACE_BOUND('',#671,.T.);
#671 = EDGE_LOOP('',(#672,#673,#681,#689));
#672 = ORIENTED_EDGE('',*,*,#651,.T.);
#673 = ORIENTED_EDGE('',*,*,#674,.T.);
#674 = EDGE_CURVE('',#644,#675,#677,.T.);
#675 = VERTEX_POINT('',#676);
#676 = CARTESIAN_POINT('',(19.759872611465,2.260455378683,7.964832750715
    ));
#677 = LINE('',#678,#679);
#678 = CARTESIAN_POINT('',(19.759872611465,2.60622249428,8.914820093206)
  );
#679 = VECTOR('',#680,1.);
#680 = DIRECTION('',(0.,-0.342020143326,-0.939692620786));
#681 = ORIENTED_EDGE('',*,*,#682,.F.);
#682 = EDGE_CURVE('',#683,#675,#685,.T.);
#683 = VERTEX_POINT('',#684);
#684 = CARTESIAN_POINT('',(19.759872611465,3.012209475312,7.691216636054
    ));
#685 = LINE('',#686,#687);
#686 = CARTESIAN_POINT('',(19.759872611465,3.012209475312,7.691216636054
    ));
#687 = VECTOR('',#688,1.);
#688 = DIRECTION('',(0.,-0.939692620786,0.342020143326));
#689 = ORIENTED_EDGE('',*,*,#690,.F.);
#690 = EDGE_CURVE('',#652,#683,#691,.T.);
#691 = LINE('',#692,#693);
#692 = CARTESIAN_POINT('',(19.759872611465,3.357976590908,8.641203978545
    ));
#693 = VECTOR('',#694,1.);
#694 = DIRECTION('',(0.,-0.342020143326,-0.939692620786));
#695 = PLANE('',#696);
#696 = AXIS2_PLACEMENT_3D('',#697,#698,#699);
#697 = CARTESIAN_POINT('',(19.759872611465,3.357976590908,8.641203978545
    ));
#698 = DIRECTION('',(1.,0.,0.));
#699 = DIRECTION('',(0.,-0.342020143326,-0.939692620786));
#700 = ADVANCED_FACE('',(#701),#726,.T.);
#701 = FACE_BOUND('',#702,.T.);
#702 = EDGE_LOOP('',(#703,#704,#712,#720));
#703 = ORIENTED_EDGE('',*,*,#682,.T.);
#704 = ORIENTED_EDGE('',*,*,#705,.T.);
#705 = EDGE_CURVE('',#675,#706,#708,.T.);
#706 = VERTEX_POINT('',#707);
#707 = CARTESIAN_POINT('',(17.734394904459,2.260455378683,7.964832750715
    ));
#708 = LINE('',#709,#710);
#709 = CARTESIAN_POINT('',(19.759872611465,2.260455378683,7.964832750715
    ));
#710 = VECTOR('',#711,1.);
#711 = DIRECTION('',(-1.,0.,0.));
#712 = ORIENTED_EDGE('',*,*,#713,.F.);
#713 = EDGE_CURVE('',#714,#706,#716,.T.);
#714 = VERTEX_POINT('',#715);
#715 = CARTESIAN_POINT('',(17.734394904459,3.012209475312,7.691216636054
    ));
#716 = LINE('',#717,#718);
#717 = CARTESIAN_POINT('',(17.734394904459,3.012209475312,7.691216636054
    ));
#718 = VECTOR('',#719,1.);
#719 = DIRECTION('',(0.,-0.939692620786,0.342020143326));
#720 = ORIENTED_EDGE('',*,*,#721,.F.);
#721 = EDGE_CURVE('',#683,#714,#722,.T.);
#722 = LINE('',#723,#724);
#723 = CARTESIAN_POINT('',(19.759872611465,3.012209475312,7.691216636054
    ));
#724 = VECTOR('',#725,1.);
#725 = DIRECTION('',(-1.,0.,0.));
#726 = PLANE('',#727);
#727 = AXIS2_PLACEMENT_3D('',#728,#729,#730);
#728 = CARTESIAN_POINT('',(19.759872611465,3.012209475312,7.691216636054
    ));
#729 = DIRECTION('',(0.,-0.342020143326,-0.939692620786));
#730 = DIRECTION('',(-1.,0.,0.));
#731 = ADVANCED_FACE('',(#732),#757,.T.);
#732 = FACE_BOUND('',#733,.T.);
#733 = EDGE_LOOP('',(#734,#735,#743,#751));
#734 = ORIENTED_EDGE('',*,*,#713,.T.);
#735 = ORIENTED_EDGE('',*,*,#736,.T.);
#736 = EDGE_CURVE('',#706,#737,#739,.T.);
#737 = VERTEX_POINT('',#738);
#738 = CARTESIAN_POINT('',(17.566242038217,1.936908680042,7.075895502058
    ));
#739 = LINE('',#740,#741);
#740 = CARTESIAN_POINT('',(17.734394904459,2.260455378683,7.964832750715
    ));
#741 = VECTOR('',#742,1.);
#742 = DIRECTION('',(-0.175010486354,-0.336741599195,-0.925189939979));
#743 = ORIENTED_EDGE('',*,*,#744,.F.);
#744 = EDGE_CURVE('',#745,#737,#747,.T.);
#745 = VERTEX_POINT('',#746);
#746 = CARTESIAN_POINT('',(17.566242038217,2.68866277667,6.802279387397)
  );
#747 = LINE('',#748,#749);
#748 = CARTESIAN_POINT('',(17.566242038217,2.68866277667,6.802279387397)
  );
#749 = VECTOR('',#750,1.);
#750 = DIRECTION('',(0.,-0.939692620786,0.342020143326));
#751 = ORIENTED_EDGE('',*,*,#752,.F.);
#752 = EDGE_CURVE('',#714,#745,#753,.T.);
#753 = LINE('',#754,#755);
#754 = CARTESIAN_POINT('',(17.734394904459,3.012209475312,7.691216636054
    ));
#755 = VECTOR('',#756,1.);
#756 = DIRECTION('',(-0.175010486354,-0.336741599195,-0.925189939979));
#757 = PLANE('',#758);
#758 = AXIS2_PLACEMENT_3D('',#759,#760,#761);
#759 = CARTESIAN_POINT('',(17.734394904459,3.012209475312,7.691216636054
    ));
#760 = DIRECTION('',(0.984566569444,-5.985711162633E-02,-0.164456062587)
  );
#761 = DIRECTION('',(-0.175010486354,-0.336741599195,-0.925189939979));
#762 = ADVANCED_FACE('',(#763),#788,.T.);
#763 = FACE_BOUND('',#764,.T.);
#764 = EDGE_LOOP('',(#765,#766,#774,#782));
#765 = ORIENTED_EDGE('',*,*,#744,.T.);
#766 = ORIENTED_EDGE('',*,*,#767,.T.);
#767 = EDGE_CURVE('',#737,#768,#770,.T.);
#768 = VERTEX_POINT('',#769);
#769 = CARTESIAN_POINT('',(18.3,1.998341597505,7.2446810556));
#770 = B_SPLINE_CURVE_WITH_KNOTS('',2,(#771,#772,#773),.UNSPECIFIED.,.F.
  ,.F.,(3,3),(0.,1.),.PIECEWISE_BEZIER_KNOTS.);
#771 = CARTESIAN_POINT('',(17.566242038217,1.936908680042,7.075895502058
    ));
#772 = CARTESIAN_POINT('',(17.925477707006,1.998341597505,7.2446810556)
  );
#773 = CARTESIAN_POINT('',(18.3,1.998341597505,7.2446810556));
#774 = ORIENTED_EDGE('',*,*,#775,.F.);
#775 = EDGE_CURVE('',#776,#768,#778,.T.);
#776 = VERTEX_POINT('',#777);
#777 = CARTESIAN_POINT('',(18.3,2.750095694134,6.97106494094));
#778 = LINE('',#779,#780);
#779 = CARTESIAN_POINT('',(18.3,2.750095694134,6.97106494094));
#780 = VECTOR('',#781,1.);
#781 = DIRECTION('',(0.,-0.939692620786,0.342020143326));
#782 = ORIENTED_EDGE('',*,*,#783,.F.);
#783 = EDGE_CURVE('',#745,#776,#784,.T.);
#784 = B_SPLINE_CURVE_WITH_KNOTS('',2,(#785,#786,#787),.UNSPECIFIED.,.F.
  ,.F.,(3,3),(0.,1.),.PIECEWISE_BEZIER_KNOTS.);
#785 = CARTESIAN_POINT('',(17.566242038217,2.68866277667,6.802279387397)
  );
#786 = CARTESIAN_POINT('',(17.925477707006,2.750095694134,6.97106494094)
  );
#787 = CARTESIAN_POINT('',(18.3,2.750095694134,6.97106494094));
#788 = SURFACE_OF_LINEAR_EXTRUSION('',#789,#793);
#789 = B_SPLINE_CURVE_WITH_KNOTS('',2,(#790,#791,#792),.UNSPECIFIED.,.F.
  ,.F.,(3,3),(0.,1.),.PIECEWISE_BEZIER_KNOTS.);
#790 = CARTESIAN_POINT('',(17.566242038217,2.68866277667,6.802279387397)
  );
#791 = CARTESIAN_POINT('',(17.925477707006,2.750095694134,6.97106494094)
  );
#792 = CARTESIAN_POINT('',(18.3,2.750095694134,6.97106494094));
#793 = VECTOR('',#794,1.);
#794 = DIRECTION('',(-0.,0.939692620786,-0.342020143326));
#795 = ADVANCED_FACE('',(#796),#821,.T.);
#796 = FACE_BOUND('',#797,.T.);
#797 = EDGE_LOOP('',(#798,#799,#807,#815));
#798 = ORIENTED_EDGE('',*,*,#775,.T.);
#799 = ORIENTED_EDGE('',*,*,#800,.T.);
#800 = EDGE_CURVE('',#768,#801,#803,.T.);
#801 = VERTEX_POINT('',#802);
#802 = CARTESIAN_POINT('',(19.511464968153,1.819619734076,6.753646771465
    ));
#803 = B_SPLINE_CURVE_WITH_KNOTS('',2,(#804,#805,#806),.UNSPECIFIED.,.F.
  ,.F.,(3,3),(0.,1.),.PIECEWISE_BEZIER_KNOTS.);
#804 = CARTESIAN_POINT('',(18.3,1.998341597505,7.2446810556));
#805 = CARTESIAN_POINT('',(19.014649681529,1.998341597505,7.2446810556)
  );
#806 = CARTESIAN_POINT('',(19.511464968153,1.819619734076,6.753646771465
    ));
#807 = ORIENTED_EDGE('',*,*,#808,.F.);
#808 = EDGE_CURVE('',#809,#801,#811,.T.);
#809 = VERTEX_POINT('',#810);
#810 = CARTESIAN_POINT('',(19.511464968153,2.571373830704,6.480030656804
    ));
#811 = LINE('',#812,#813);
#812 = CARTESIAN_POINT('',(19.511464968153,2.571373830704,6.480030656804
    ));
#813 = VECTOR('',#814,1.);
#814 = DIRECTION('',(0.,-0.939692620786,0.342020143326));
#815 = ORIENTED_EDGE('',*,*,#816,.F.);
#816 = EDGE_CURVE('',#776,#809,#817,.T.);
#817 = B_SPLINE_CURVE_WITH_KNOTS('',2,(#818,#819,#820),.UNSPECIFIED.,.F.
  ,.F.,(3,3),(0.,1.),.PIECEWISE_BEZIER_KNOTS.);
#818 = CARTESIAN_POINT('',(18.3,2.750095694134,6.97106494094));
#819 = CARTESIAN_POINT('',(19.014649681529,2.750095694134,6.97106494094)
  );
#820 = CARTESIAN_POINT('',(19.511464968153,2.571373830704,6.480030656804
    ));
#821 = SURFACE_OF_LINEAR_EXTRUSION('',#822,#826);
#822 = B_SPLINE_CURVE_WITH_KNOTS('',2,(#823,#824,#825),.UNSPECIFIED.,.F.
  ,.F.,(3,3),(0.,1.),.PIECEWISE_BEZIER_KNOTS.);
#823 = CARTESIAN_POINT('',(18.3,2.750095694134,6.97106494094));
#824 = CARTESIAN_POINT('',(19.014649681529,2.750095694134,6.97106494094)
  );
#825 = CARTESIAN_POINT('',(19.511464968153,2.571373830704,6.480030656804
    ));
#826 = VECTOR('',#827,1.);
#827 = DIRECTION('',(-0.,0.939692620786,-0.342020143326));
#828 = ADVANCED_FACE('',(#829),#854,.T.);
#829 = FACE_BOUND('',#830,.T.);
#830 = EDGE_LOOP('',(#831,#832,#840,#848));
#831 = ORIENTED_EDGE('',*,*,#808,.T.);
#832 = ORIENTED_EDGE('',*,*,#833,.T.);
#833 = EDGE_CURVE('',#801,#834,#836,.T.);
#834 = VERTEX_POINT('',#835);
#835 = CARTESIAN_POINT('',(20.008280254777,1.355866561393,5.479495401319
    ));
#836 = B_SPLINE_CURVE_WITH_KNOTS('',2,(#837,#838,#839),.UNSPECIFIED.,.F.
  ,.F.,(3,3),(0.,1.),.PIECEWISE_BEZIER_KNOTS.);
#837 = CARTESIAN_POINT('',(19.511464968153,1.819619734076,6.753646771465
    ));
#838 = CARTESIAN_POINT('',(20.008280254777,1.640985009536,6.262851899462
    ));
#839 = CARTESIAN_POINT('',(20.008280254777,1.355866561393,5.479495401319
    ));
#840 = ORIENTED_EDGE('',*,*,#841,.F.);
#841 = EDGE_CURVE('',#842,#834,#844,.T.);
#842 = VERTEX_POINT('',#843);
#843 = CARTESIAN_POINT('',(20.008280254777,2.107620658022,5.205879286658
    ));
#844 = LINE('',#845,#846);
#845 = CARTESIAN_POINT('',(20.008280254777,2.107620658022,5.205879286658
    ));
#846 = VECTOR('',#847,1.);
#847 = DIRECTION('',(0.,-0.939692620786,0.342020143326));
#848 = ORIENTED_EDGE('',*,*,#849,.F.);
#849 = EDGE_CURVE('',#809,#842,#850,.T.);
#850 = B_SPLINE_CURVE_WITH_KNOTS('',2,(#851,#852,#853),.UNSPECIFIED.,.F.
  ,.F.,(3,3),(0.,1.),.PIECEWISE_BEZIER_KNOTS.);
#851 = CARTESIAN_POINT('',(19.511464968153,2.571373830704,6.480030656804
    ));
#852 = CARTESIAN_POINT('',(20.008280254777,2.392739106165,5.989235784801
    ));
#853 = CARTESIAN_POINT('',(20.008280254777,2.107620658022,5.205879286658
    ));
#854 = SURFACE_OF_LINEAR_EXTRUSION('',#855,#859);
#855 = B_SPLINE_CURVE_WITH_KNOTS('',2,(#856,#857,#858),.UNSPECIFIED.,.F.
  ,.F.,(3,3),(0.,1.),.PIECEWISE_BEZIER_KNOTS.);
#856 = CARTESIAN_POINT('',(19.511464968153,2.571373830704,6.480030656804
    ));
#857 = CARTESIAN_POINT('',(20.008280254777,2.392739106165,5.989235784801
    ));
#858 = CARTESIAN_POINT('',(20.008280254777,2.107620658022,5.205879286658
    ));
#859 = VECTOR('',#860,1.);
#860 = DIRECTION('',(-0.,0.939692620786,-0.342020143326));
#861 = ADVANCED_FACE('',(#862),#887,.T.);
#862 = FACE_BOUND('',#863,.T.);
#863 = EDGE_LOOP('',(#864,#865,#873,#881));
#864 = ORIENTED_EDGE('',*,*,#841,.T.);
#865 = ORIENTED_EDGE('',*,*,#866,.T.);
#866 = EDGE_CURVE('',#834,#867,#869,.T.);
#867 = VERTEX_POINT('',#868);
#868 = CARTESIAN_POINT('',(19.607006369427,0.931500166999,4.313558315146
    ));
#869 = B_SPLINE_CURVE_WITH_KNOTS('',2,(#870,#871,#872),.UNSPECIFIED.,.F.
  ,.F.,(3,3),(0.,1.),.PIECEWISE_BEZIER_KNOTS.);
#870 = CARTESIAN_POINT('',(20.008280254777,1.355866561393,5.479495401319
    ));
#871 = CARTESIAN_POINT('',(20.008280254777,1.11806453053,4.826139691223)
  );
#872 = CARTESIAN_POINT('',(19.607006369427,0.931500166999,4.313558315146
    ));
#873 = ORIENTED_EDGE('',*,*,#874,.F.);
#874 = EDGE_CURVE('',#875,#867,#877,.T.);
#875 = VERTEX_POINT('',#876);
#876 = CARTESIAN_POINT('',(19.607006369427,1.683254263628,4.039942200486
    ));
#877 = LINE('',#878,#879);
#878 = CARTESIAN_POINT('',(19.607006369427,1.683254263628,4.039942200486
    ));
#879 = VECTOR('',#880,1.);
#880 = DIRECTION('',(0.,-0.939692620786,0.342020143326));
#881 = ORIENTED_EDGE('',*,*,#882,.F.);
#882 = EDGE_CURVE('',#842,#875,#883,.T.);
#883 = B_SPLINE_CURVE_WITH_KNOTS('',2,(#884,#885,#886),.UNSPECIFIED.,.F.
  ,.F.,(3,3),(0.,1.),.PIECEWISE_BEZIER_KNOTS.);
#884 = CARTESIAN_POINT('',(20.008280254777,2.107620658022,5.205879286658
    ));
#885 = CARTESIAN_POINT('',(20.008280254777,1.869818627159,4.552523576563
    ));
#886 = CARTESIAN_POINT('',(19.607006369427,1.683254263628,4.039942200486
    ));
#887 = SURFACE_OF_LINEAR_EXTRUSION('',#888,#892);
#888 = B_SPLINE_CURVE_WITH_KNOTS('',2,(#889,#890,#891),.UNSPECIFIED.,.F.
  ,.F.,(3,3),(0.,1.),.PIECEWISE_BEZIER_KNOTS.);
#889 = CARTESIAN_POINT('',(20.008280254777,2.107620658022,5.205879286658
    ));
#890 = CARTESIAN_POINT('',(20.008280254777,1.869818627159,4.552523576563
    ));
#891 = CARTESIAN_POINT('',(19.607006369427,1.683254263628,4.039942200486
    ));
#892 = VECTOR('',#893,1.);
#893 = DIRECTION('',(-0.,0.939692620786,-0.342020143326));
#894 = ADVANCED_FACE('',(#895),#920,.T.);
#895 = FACE_BOUND('',#896,.T.);
#896 = EDGE_LOOP('',(#897,#898,#906,#914));
#897 = ORIENTED_EDGE('',*,*,#874,.T.);
#898 = ORIENTED_EDGE('',*,*,#899,.T.);
#899 = EDGE_CURVE('',#867,#900,#902,.T.);
#900 = VERTEX_POINT('',#901);
#901 = CARTESIAN_POINT('',(18.089808917197,0.676618913693,3.613277827045
    ));
#902 = B_SPLINE_CURVE_WITH_KNOTS('',2,(#903,#904,#905),.UNSPECIFIED.,.F.
  ,.F.,(3,3),(0.,1.),.PIECEWISE_BEZIER_KNOTS.);
#903 = CARTESIAN_POINT('',(19.607006369427,0.931500166999,4.313558315146
    ));
#904 = CARTESIAN_POINT('',(19.06050955414,0.676618913693,3.613277827045)
  );
#905 = CARTESIAN_POINT('',(18.089808917197,0.676618913693,3.613277827045
    ));
#906 = ORIENTED_EDGE('',*,*,#907,.F.);
#907 = EDGE_CURVE('',#908,#900,#910,.T.);
#908 = VERTEX_POINT('',#909);
#909 = CARTESIAN_POINT('',(18.089808917197,1.428373010321,3.339661712384
    ));
#910 = LINE('',#911,#912);
#911 = CARTESIAN_POINT('',(18.089808917197,1.428373010321,3.339661712384
    ));
#912 = VECTOR('',#913,1.);
#913 = DIRECTION('',(0.,-0.939692620786,0.342020143326));
#914 = ORIENTED_EDGE('',*,*,#915,.F.);
#915 = EDGE_CURVE('',#875,#908,#916,.T.);
#916 = B_SPLINE_CURVE_WITH_KNOTS('',2,(#917,#918,#919),.UNSPECIFIED.,.F.
  ,.F.,(3,3),(0.,1.),.PIECEWISE_BEZIER_KNOTS.);
#917 = CARTESIAN_POINT('',(19.607006369427,1.683254263628,4.039942200486
    ));
#918 = CARTESIAN_POINT('',(19.06050955414,1.428373010321,3.339661712384)
  );
#919 = CARTESIAN_POINT('',(18.089808917197,1.428373010321,3.339661712384
    ));
#920 = SURFACE_OF_LINEAR_EXTRUSION('',#921,#925);
#921 = B_SPLINE_CURVE_WITH_KNOTS('',2,(#922,#923,#924),.UNSPECIFIED.,.F.
  ,.F.,(3,3),(0.,1.),.PIECEWISE_BEZIER_KNOTS.);
#922 = CARTESIAN_POINT('',(19.607006369427,1.683254263628,4.039942200486
    ));
#923 = CARTESIAN_POINT('',(19.06050955414,1.428373010321,3.339661712384)
  );
#924 = CARTESIAN_POINT('',(18.089808917197,1.428373010321,3.339661712384
    ));
#925 = VECTOR('',#926,1.);
#926 = DIRECTION('',(-0.,0.939692620786,-0.342020143326));
#927 = ADVANCED_FACE('',(#928),#953,.T.);
#928 = FACE_BOUND('',#929,.T.);
#929 = EDGE_LOOP('',(#930,#931,#939,#947));
#930 = ORIENTED_EDGE('',*,*,#907,.T.);
#931 = ORIENTED_EDGE('',*,*,#932,.T.);
#932 = EDGE_CURVE('',#900,#933,#935,.T.);
#933 = VERTEX_POINT('',#934);
#934 = CARTESIAN_POINT('',(16.824840764331,0.819090998874,4.004716663983
    ));
#935 = B_SPLINE_CURVE_WITH_KNOTS('',2,(#936,#937,#938),.UNSPECIFIED.,.F.
  ,.F.,(3,3),(0.,1.),.PIECEWISE_BEZIER_KNOTS.);
#936 = CARTESIAN_POINT('',(18.089808917197,0.676618913693,3.613277827045
    ));
#937 = CARTESIAN_POINT('',(17.314012738854,0.676618913693,3.613277827045
    ));
#938 = CARTESIAN_POINT('',(16.824840764331,0.819090998874,4.004716663983
    ));
#939 = ORIENTED_EDGE('',*,*,#940,.F.);
#940 = EDGE_CURVE('',#941,#933,#943,.T.);
#941 = VERTEX_POINT('',#942);
#942 = CARTESIAN_POINT('',(16.824840764331,1.570845095503,3.731100549323
    ));
#943 = LINE('',#944,#945);
#944 = CARTESIAN_POINT('',(16.824840764331,1.570845095503,3.731100549323
    ));
#945 = VECTOR('',#946,1.);
#946 = DIRECTION('',(0.,-0.939692620786,0.342020143326));
#947 = ORIENTED_EDGE('',*,*,#948,.F.);
#948 = EDGE_CURVE('',#908,#941,#949,.T.);
#949 = B_SPLINE_CURVE_WITH_KNOTS('',2,(#950,#951,#952),.UNSPECIFIED.,.F.
  ,.F.,(3,3),(0.,1.),.PIECEWISE_BEZIER_KNOTS.);
#950 = CARTESIAN_POINT('',(18.089808917197,1.428373010321,3.339661712384
    ));
#951 = CARTESIAN_POINT('',(17.314012738854,1.428373010321,3.339661712384
    ));
#952 = CARTESIAN_POINT('',(16.824840764331,1.570845095503,3.731100549323
    ));
#953 = SURFACE_OF_LINEAR_EXTRUSION('',#954,#958);
#954 = B_SPLINE_CURVE_WITH_KNOTS('',2,(#955,#956,#957),.UNSPECIFIED.,.F.
  ,.F.,(3,3),(0.,1.),.PIECEWISE_BEZIER_KNOTS.);
#955 = CARTESIAN_POINT('',(18.089808917197,1.428373010321,3.339661712384
    ));
#956 = CARTESIAN_POINT('',(17.314012738854,1.428373010321,3.339661712384
    ));
#957 = CARTESIAN_POINT('',(16.824840764331,1.570845095503,3.731100549323
    ));
#958 = VECTOR('',#959,1.);
#959 = DIRECTION('',(-0.,0.939692620786,-0.342020143326));
#960 = ADVANCED_FACE('',(#961),#977,.T.);
#961 = FACE_BOUND('',#962,.T.);
#962 = EDGE_LOOP('',(#963,#964,#970,#971));
#963 = ORIENTED_EDGE('',*,*,#940,.T.);
#964 = ORIENTED_EDGE('',*,*,#965,.T.);
#965 = EDGE_CURVE('',#933,#312,#966,.T.);
#966 = B_SPLINE_CURVE_WITH_KNOTS('',2,(#967,#968,#969),.UNSPECIFIED.,.F.
  ,.F.,(3,3),(0.,1.),.PIECEWISE_BEZIER_KNOTS.);
#967 = CARTESIAN_POINT('',(16.824840764331,0.819090998874,4.004716663983
    ));
#968 = CARTESIAN_POINT('',(16.335668789809,0.961650222946,4.396394913055
    ));
#969 = CARTESIAN_POINT('',(16.240127388535,1.202240698289,5.057411811396
    ));
#970 = ORIENTED_EDGE('',*,*,#309,.F.);
#971 = ORIENTED_EDGE('',*,*,#972,.F.);
#972 = EDGE_CURVE('',#941,#310,#973,.T.);
#973 = B_SPLINE_CURVE_WITH_KNOTS('',2,(#974,#975,#976),.UNSPECIFIED.,.F.
  ,.F.,(3,3),(0.,1.),.PIECEWISE_BEZIER_KNOTS.);
#974 = CARTESIAN_POINT('',(16.824840764331,1.570845095503,3.731100549323
    ));
#975 = CARTESIAN_POINT('',(16.335668789809,1.713404319575,4.122778798394
    ));
#976 = CARTESIAN_POINT('',(16.240127388535,1.953994794918,4.783795696736
    ));
#977 = SURFACE_OF_LINEAR_EXTRUSION('',#978,#982);
#978 = B_SPLINE_CURVE_WITH_KNOTS('',2,(#979,#980,#981),.UNSPECIFIED.,.F.
  ,.F.,(3,3),(0.,1.),.PIECEWISE_BEZIER_KNOTS.);
#979 = CARTESIAN_POINT('',(16.824840764331,1.570845095503,3.731100549323
    ));
#980 = CARTESIAN_POINT('',(16.335668789809,1.713404319575,4.122778798394
    ));
#981 = CARTESIAN_POINT('',(16.240127388535,1.953994794918,4.783795696736
    ));
#982 = VECTOR('',#983,1.);
#983 = DIRECTION('',(-0.,0.939692620786,-0.342020143326));
#984 = ADVANCED_FACE('',(#985),#1008,.F.);
#985 = FACE_BOUND('',#986,.T.);
#986 = EDGE_LOOP('',(#987,#988,#989,#990,#991,#992,#993,#994,#995,#996,
    #997,#998,#999,#1000,#1001,#1002,#1003,#1004,#1005,#1006,#1007));
#987 = ORIENTED_EDGE('',*,*,#335,.T.);
#988 = ORIENTED_EDGE('',*,*,#366,.T.);
#989 = ORIENTED_EDGE('',*,*,#399,.T.);
#990 = ORIENTED_EDGE('',*,*,#432,.T.);
#991 = ORIENTED_EDGE('',*,*,#465,.T.);
#992 = ORIENTED_EDGE('',*,*,#498,.T.);
#993 = ORIENTED_EDGE('',*,*,#531,.T.);
#994 = ORIENTED_EDGE('',*,*,#564,.T.);
#995 = ORIENTED_EDGE('',*,*,#597,.T.);
#996 = ORIENTED_EDGE('',*,*,#628,.T.);
#997 = ORIENTED_EDGE('',*,*,#659,.T.);
#998 = ORIENTED_EDGE('',*,*,#690,.T.);
#999 = ORIENTED_EDGE('',*,*,#721,.T.);
#1000 = ORIENTED_EDGE('',*,*,#752,.T.);
#1001 = ORIENTED_EDGE('',*,*,#783,.T.);
#1002 = ORIENTED_EDGE('',*,*,#816,.T.);
#1003 = ORIENTED_EDGE('',*,*,#849,.T.);
#1004 = ORIENTED_EDGE('',*,*,#882,.T.);
#1005 = ORIENTED_EDGE('',*,*,#915,.T.);
#1006 = ORIENTED_EDGE('',*,*,#948,.T.);
#1007 = ORIENTED_EDGE('',*,*,#972,.T.);
#1008 = PLANE('',#1009);
#1009 = AXIS2_PLACEMENT_3D('',#1010,#1011,#1012);
#1010 = CARTESIAN_POINT('',(18.1455806212,2.426112564577,6.080928608198)
  );
#1011 = DIRECTION('',(0.,-0.939692620786,0.342020143326));
#1012 = DIRECTION('',(1.,0.,0.));
#1013 = ADVANCED_FACE('',(#1014),#1037,.T.);
#1014 = FACE_BOUND('',#1015,.F.);
#1015 = EDGE_LOOP('',(#1016,#1017,#1018,#1019,#1020,#1021,#1022,#1023,
    #1024,#1025,#1026,#1027,#1028,#1029,#1030,#1031,#1032,#1033,#1034,
    #1035,#1036));
#1016 = ORIENTED_EDGE('',*,*,#319,.T.);
#1017 = ORIENTED_EDGE('',*,*,#350,.T.);
#1018 = ORIENTED_EDGE('',*,*,#383,.T.);
#1019 = ORIENTED_EDGE('',*,*,#416,.T.);
#1020 = ORIENTED_EDGE('',*,*,#449,.T.);
#1021 = ORIENTED_EDGE('',*,*,#482,.T.);
#1022 = ORIENTED_EDGE('',*,*,#515,.T.);
#1023 = ORIENTED_EDGE('',*,*,#548,.T.);
#1024 = ORIENTED_EDGE('',*,*,#581,.T.);
#1025 = ORIENTED_EDGE('',*,*,#612,.T.);
#1026 = ORIENTED_EDGE('',*,*,#643,.T.);
#1027 = ORIENTED_EDGE('',*,*,#674,.T.);
#1028 = ORIENTED_EDGE('',*,*,#705,.T.);
#1029 = ORIENTED_EDGE('',*,*,#736,.T.);
#1030 = ORIENTED_EDGE('',*,*,#767,.T.);
#1031 = ORIENTED_EDGE('',*,*,#800,.T.);
#1032 = ORIENTED_EDGE('',*,*,#833,.T.);
#1033 = ORIENTED_EDGE('',*,*,#866,.T.);
#1034 = ORIENTED_EDGE('',*,*,#899,.T.);
#1035 = ORIENTED_EDGE('',*,*,#932,.T.);
#1036 = ORIENTED_EDGE('',*,*,#965,.T.);
#1037 = PLANE('',#1038);
#1038 = AXIS2_PLACEMENT_3D('',#1039,#1040,#1041);
#1039 = CARTESIAN_POINT('',(18.1455806212,1.674358467948,6.354544722858)
  );
#1040 = DIRECTION('',(0.,-0.939692620786,0.342020143326));
#1041 = DIRECTION('',(1.,0.,0.));
#1042 = MANIFOLD_SOLID_BREP('',#1043);
#1043 = CLOSED_SHELL('',(#1044,#1084,#1115,#1146,#1168,#1180));
#1044 = ADVANCED_FACE('',(#1045),#1079,.T.);
#1045 = FACE_BOUND('',#1046,.T.);
#1046 = EDGE_LOOP('',(#1047,#1057,#1065,#1073));
#1047 = ORIENTED_EDGE('',*,*,#1048,.T.);
#1048 = EDGE_CURVE('',#1049,#1051,#1053,.T.);
#1049 = VERTEX_POINT('',#1050);
#1050 = CARTESIAN_POINT('',(20.234522292994,1.428373010321,
    3.339661712384));
#1051 = VERTEX_POINT('',#1052);
#1052 = CARTESIAN_POINT('',(20.234522292994,0.676618913693,
    3.613277827045));
#1053 = LINE('',#1054,#1055);
#1054 = CARTESIAN_POINT('',(20.234522292994,1.428373010321,
    3.339661712384));
#1055 = VECTOR('',#1056,1.);
#1056 = DIRECTION('',(0.,-0.939692620786,0.342020143326));
#1057 = ORIENTED_EDGE('',*,*,#1058,.T.);
#1058 = EDGE_CURVE('',#1051,#1059,#1061,.T.);
#1059 = VERTEX_POINT('',#1060);
#1060 = CARTESIAN_POINT('',(21.62178343949,2.656414494931,9.052721481632
    ));
#1061 = LINE('',#1062,#1063);
#1062 = CARTESIAN_POINT('',(20.234522292994,0.676618913693,
    3.613277827045));
#1063 = VECTOR('',#1064,1.);
#1064 = DIRECTION('',(0.233057266823,0.332601938861,0.913816316689));
#1065 = ORIENTED_EDGE('',*,*,#1066,.F.);
#1066 = EDGE_CURVE('',#1067,#1059,#1069,.T.);
#1067 = VERTEX_POINT('',#1068);
#1068 = CARTESIAN_POINT('',(21.62178343949,3.408168591559,8.779105366972
    ));
#1069 = LINE('',#1070,#1071);
#1070 = CARTESIAN_POINT('',(21.62178343949,3.408168591559,8.779105366972
    ));
#1071 = VECTOR('',#1072,1.);
#1072 = DIRECTION('',(0.,-0.939692620786,0.342020143326));
#1073 = ORIENTED_EDGE('',*,*,#1074,.F.);
#1074 = EDGE_CURVE('',#1049,#1067,#1075,.T.);
#1075 = LINE('',#1076,#1077);
#1076 = CARTESIAN_POINT('',(20.234522292994,1.428373010321,
    3.339661712384));
#1077 = VECTOR('',#1078,1.);
#1078 = DIRECTION('',(0.233057266823,0.332601938861,0.913816316689));
#1079 = PLANE('',#1080);
#1080 = AXIS2_PLACEMENT_3D('',#1081,#1082,#1083);
#1081 = CARTESIAN_POINT('',(20.234522292994,1.428373010321,
    3.339661712384));
#1082 = DIRECTION('',(-0.972463012346,7.971027980197E-02,0.219002193854)
  );
#1083 = DIRECTION('',(0.233057266823,0.332601938861,0.913816316689));
#1084 = ADVANCED_FACE('',(#1085),#1110,.T.);
#1085 = FACE_BOUND('',#1086,.T.);
#1086 = EDGE_LOOP('',(#1087,#1088,#1096,#1104));
#1087 = ORIENTED_EDGE('',*,*,#1066,.T.);
#1088 = ORIENTED_EDGE('',*,*,#1089,.T.);
#1089 = EDGE_CURVE('',#1059,#1090,#1092,.T.);
#1090 = VERTEX_POINT('',#1091);
#1091 = CARTESIAN_POINT('',(22.428152866242,2.656414494931,
    9.052721481632));
#1092 = LINE('',#1093,#1094);
#1093 = CARTESIAN_POINT('',(21.62178343949,2.656414494931,9.052721481632
    ));
#1094 = VECTOR('',#1095,1.);
#1095 = DIRECTION('',(1.,0.,0.));
#1096 = ORIENTED_EDGE('',*,*,#1097,.F.);
#1097 = EDGE_CURVE('',#1098,#1090,#1100,.T.);
#1098 = VERTEX_POINT('',#1099);
#1099 = CARTESIAN_POINT('',(22.428152866242,3.408168591559,
    8.779105366972));
#1100 = LINE('',#1101,#1102);
#1101 = CARTESIAN_POINT('',(22.428152866242,3.408168591559,
    8.779105366972));
#1102 = VECTOR('',#1103,1.);
#1103 = DIRECTION('',(0.,-0.939692620786,0.342020143326));
#1104 = ORIENTED_EDGE('',*,*,#1105,.F.);
#1105 = EDGE_CURVE('',#1067,#1098,#1106,.T.);
#1106 = LINE('',#1107,#1108);
#1107 = CARTESIAN_POINT('',(21.62178343949,3.408168591559,8.779105366972
    ));
#1108 = VECTOR('',#1109,1.);
#1109 = DIRECTION('',(1.,0.,0.));
#1110 = PLANE('',#1111);
#1111 = AXIS2_PLACEMENT_3D('',#1112,#1113,#1114);
#1112 = CARTESIAN_POINT('',(21.62178343949,3.408168591559,8.779105366972
    ));
#1113 = DIRECTION('',(0.,0.342020143326,0.939692620786));
#1114 = DIRECTION('',(1.,0.,0.));
#1115 = ADVANCED_FACE('',(#1116),#1141,.T.);
#1116 = FACE_BOUND('',#1117,.T.);
#1117 = EDGE_LOOP('',(#1118,#1119,#1127,#1135));
#1118 = ORIENTED_EDGE('',*,*,#1097,.T.);
#1119 = ORIENTED_EDGE('',*,*,#1120,.T.);
#1120 = EDGE_CURVE('',#1090,#1121,#1123,.T.);
#1121 = VERTEX_POINT('',#1122);
#1122 = CARTESIAN_POINT('',(21.025605095541,0.676618913693,
    3.613277827045));
#1123 = LINE('',#1124,#1125);
#1124 = CARTESIAN_POINT('',(22.428152866242,2.656414494931,
    9.052721481632));
#1125 = VECTOR('',#1126,1.);
#1126 = DIRECTION('',(-0.235483715343,-0.332401953666,-0.913266861879));
#1127 = ORIENTED_EDGE('',*,*,#1128,.F.);
#1128 = EDGE_CURVE('',#1129,#1121,#1131,.T.);
#1129 = VERTEX_POINT('',#1130);
#1130 = CARTESIAN_POINT('',(21.025605095541,1.428373010321,
    3.339661712384));
#1131 = LINE('',#1132,#1133);
#1132 = CARTESIAN_POINT('',(21.025605095541,1.428373010321,
    3.339661712384));
#1133 = VECTOR('',#1134,1.);
#1134 = DIRECTION('',(0.,-0.939692620786,0.342020143326));
#1135 = ORIENTED_EDGE('',*,*,#1136,.F.);
#1136 = EDGE_CURVE('',#1098,#1129,#1137,.T.);
#1137 = LINE('',#1138,#1139);
#1138 = CARTESIAN_POINT('',(22.428152866242,3.408168591559,
    8.779105366972));
#1139 = VECTOR('',#1140,1.);
#1140 = DIRECTION('',(-0.235483715343,-0.332401953666,-0.913266861879));
#1141 = PLANE('',#1142);
#1142 = AXIS2_PLACEMENT_3D('',#1143,#1144,#1145);
#1143 = CARTESIAN_POINT('',(22.428152866242,3.408168591559,
    8.779105366972));
#1144 = DIRECTION('',(0.971878294751,-8.054017407264E-02,-0.221282309624
    ));
#1145 = DIRECTION('',(-0.235483715343,-0.332401953666,-0.913266861879));
#1146 = ADVANCED_FACE('',(#1147),#1163,.T.);
#1147 = FACE_BOUND('',#1148,.T.);
#1148 = EDGE_LOOP('',(#1149,#1150,#1156,#1157));
#1149 = ORIENTED_EDGE('',*,*,#1128,.T.);
#1150 = ORIENTED_EDGE('',*,*,#1151,.T.);
#1151 = EDGE_CURVE('',#1121,#1051,#1152,.T.);
#1152 = LINE('',#1153,#1154);
#1153 = CARTESIAN_POINT('',(21.025605095541,0.676618913693,
    3.613277827045));
#1154 = VECTOR('',#1155,1.);
#1155 = DIRECTION('',(-1.,0.,0.));
#1156 = ORIENTED_EDGE('',*,*,#1048,.F.);
#1157 = ORIENTED_EDGE('',*,*,#1158,.F.);
#1158 = EDGE_CURVE('',#1129,#1049,#1159,.T.);
#1159 = LINE('',#1160,#1161);
#1160 = CARTESIAN_POINT('',(21.025605095541,1.428373010321,
    3.339661712384));
#1161 = VECTOR('',#1162,1.);
#1162 = DIRECTION('',(-1.,0.,0.));
#1163 = PLANE('',#1164);
#1164 = AXIS2_PLACEMENT_3D('',#1165,#1166,#1167);
#1165 = CARTESIAN_POINT('',(21.025605095541,1.428373010321,
    3.339661712384));
#1166 = DIRECTION('',(0.,-0.342020143326,-0.939692620786));
#1167 = DIRECTION('',(-1.,0.,0.));
#1168 = ADVANCED_FACE('',(#1169),#1175,.F.);
#1169 = FACE_BOUND('',#1170,.T.);
#1170 = EDGE_LOOP('',(#1171,#1172,#1173,#1174));
#1171 = ORIENTED_EDGE('',*,*,#1074,.T.);
#1172 = ORIENTED_EDGE('',*,*,#1105,.T.);
#1173 = ORIENTED_EDGE('',*,*,#1136,.T.);
#1174 = ORIENTED_EDGE('',*,*,#1158,.T.);
#1175 = PLANE('',#1176);
#1176 = AXIS2_PLACEMENT_3D('',#1177,#1178,#1179);
#1177 = CARTESIAN_POINT('',(21.328411226201,2.41939121229,6.062461844562
    ));
#1178 = DIRECTION('',(0.,-0.939692620786,0.342020143326));
#1179 = DIRECTION('',(1.,0.,0.));
#1180 = ADVANCED_FACE('',(#1181),#1187,.T.);
#1181 = FACE_BOUND('',#1182,.F.);
#1182 = EDGE_LOOP('',(#1183,#1184,#1185,#1186));
#1183 = ORIENTED_EDGE('',*,*,#1058,.T.);
#1184 = ORIENTED_EDGE('',*,*,#1089,.T.);
#1185 = ORIENTED_EDGE('',*,*,#1120,.T.);
#1186 = ORIENTED_EDGE('',*,*,#1151,.T.);
#1187 = PLANE('',#1188);
#1188 = AXIS2_PLACEMENT_3D('',#1189,#1190,#1191);
#1189 = CARTESIAN_POINT('',(21.328411226201,1.667637115662,
    6.336077959222));
#1190 = DIRECTION('',(0.,-0.939692620786,0.342020143326));
#1191 = DIRECTION('',(1.,0.,0.));
#1192 = MANIFOLD_SOLID_BREP('',#1193);
#1193 = CLOSED_SHELL('',(#1194,#1234,#1265,#1298,#1329,#1362,#1395,#1426
    ,#1448,#1464));
#1194 = ADVANCED_FACE('',(#1195),#1229,.T.);
#1195 = FACE_BOUND('',#1196,.T.);
#1196 = EDGE_LOOP('',(#1197,#1207,#1215,#1223));
#1197 = ORIENTED_EDGE('',*,*,#1198,.T.);
#1198 = EDGE_CURVE('',#1199,#1201,#1203,.T.);
#1199 = VERTEX_POINT('',#1200);
#1200 = CARTESIAN_POINT('',(25.494904458599,1.461834344089,
    3.431595971335));
#1201 = VERTEX_POINT('',#1202);
#1202 = CARTESIAN_POINT('',(25.494904458599,0.71008024746,3.705212085995
    ));
#1203 = LINE('',#1204,#1205);
#1204 = CARTESIAN_POINT('',(25.494904458599,1.461834344089,
    3.431595971335));
#1205 = VECTOR('',#1206,1.);
#1206 = DIRECTION('',(0.,-0.939692620786,0.342020143326));
#1207 = ORIENTED_EDGE('',*,*,#1208,.T.);
#1208 = EDGE_CURVE('',#1201,#1209,#1211,.T.);
#1209 = VERTEX_POINT('',#1210);
#1210 = CARTESIAN_POINT('',(24.42101910828,0.71008024746,3.705212085995)
  );
#1211 = LINE('',#1212,#1213);
#1212 = CARTESIAN_POINT('',(25.494904458599,0.71008024746,3.705212085995
    ));
#1213 = VECTOR('',#1214,1.);
#1214 = DIRECTION('',(-1.,0.,0.));
#1215 = ORIENTED_EDGE('',*,*,#1216,.F.);
#1216 = EDGE_CURVE('',#1217,#1209,#1219,.T.);
#1217 = VERTEX_POINT('',#1218);
#1218 = CARTESIAN_POINT('',(24.42101910828,1.461834344089,3.431595971335
    ));
#1219 = LINE('',#1220,#1221);
#1220 = CARTESIAN_POINT('',(24.42101910828,1.461834344089,3.431595971335
    ));
#1221 = VECTOR('',#1222,1.);
#1222 = DIRECTION('',(0.,-0.939692620786,0.342020143326));
#1223 = ORIENTED_EDGE('',*,*,#1224,.F.);
#1224 = EDGE_CURVE('',#1199,#1217,#1225,.T.);
#1225 = LINE('',#1226,#1227);
#1226 = CARTESIAN_POINT('',(25.494904458599,1.461834344089,
    3.431595971335));
#1227 = VECTOR('',#1228,1.);
#1228 = DIRECTION('',(-1.,0.,0.));
#1229 = PLANE('',#1230);
#1230 = AXIS2_PLACEMENT_3D('',#1231,#1232,#1233);
#1231 = CARTESIAN_POINT('',(25.494904458599,1.461834344089,
    3.431595971335));
#1232 = DIRECTION('',(0.,-0.342020143326,-0.939692620786));
#1233 = DIRECTION('',(-1.,0.,0.));
#1234 = ADVANCED_FACE('',(#1235),#1260,.T.);
#1235 = FACE_BOUND('',#1236,.T.);
#1236 = EDGE_LOOP('',(#1237,#1238,#1246,#1254));
#1237 = ORIENTED_EDGE('',*,*,#1216,.T.);
#1238 = ORIENTED_EDGE('',*,*,#1239,.T.);
#1239 = EDGE_CURVE('',#1209,#1240,#1242,.T.);
#1240 = VERTEX_POINT('',#1241);
#1241 = CARTESIAN_POINT('',(24.42101910828,2.099422709928,7.522399129514
    ));
#1242 = LINE('',#1243,#1244);
#1243 = CARTESIAN_POINT('',(24.42101910828,0.71008024746,3.705212085995)
  );
#1244 = VECTOR('',#1245,1.);
#1245 = DIRECTION('',(0.,0.342020143326,0.939692620786));
#1246 = ORIENTED_EDGE('',*,*,#1247,.F.);
#1247 = EDGE_CURVE('',#1248,#1240,#1250,.T.);
#1248 = VERTEX_POINT('',#1249);
#1249 = CARTESIAN_POINT('',(24.42101910828,2.851176806556,7.248783014853
    ));
#1250 = LINE('',#1251,#1252);
#1251 = CARTESIAN_POINT('',(24.42101910828,2.851176806556,7.248783014853
    ));
#1252 = VECTOR('',#1253,1.);
#1253 = DIRECTION('',(0.,-0.939692620786,0.342020143326));
#1254 = ORIENTED_EDGE('',*,*,#1255,.F.);
#1255 = EDGE_CURVE('',#1217,#1248,#1256,.T.);
#1256 = LINE('',#1257,#1258);
#1257 = CARTESIAN_POINT('',(24.42101910828,1.461834344089,3.431595971335
    ));
#1258 = VECTOR('',#1259,1.);
#1259 = DIRECTION('',(0.,0.342020143326,0.939692620786));
#1260 = PLANE('',#1261);
#1261 = AXIS2_PLACEMENT_3D('',#1262,#1263,#1264);
#1262 = CARTESIAN_POINT('',(24.42101910828,1.461834344089,3.431595971335
    ));
#1263 = DIRECTION('',(-1.,0.,0.));
#1264 = DIRECTION('',(0.,0.342020143326,0.939692620786));
#1265 = ADVANCED_FACE('',(#1266),#1291,.T.);
#1266 = FACE_BOUND('',#1267,.T.);
#1267 = EDGE_LOOP('',(#1268,#1269,#1277,#1285));
#1268 = ORIENTED_EDGE('',*,*,#1247,.T.);
#1269 = ORIENTED_EDGE('',*,*,#1270,.T.);
#1270 = EDGE_CURVE('',#1240,#1271,#1273,.T.);
#1271 = VERTEX_POINT('',#1272);
#1272 = CARTESIAN_POINT('',(23.033757961783,1.819881150746,
    6.754365007863));
#1273 = B_SPLINE_CURVE_WITH_KNOTS('',2,(#1274,#1275,#1276),
  .UNSPECIFIED.,.F.,.F.,(3,3),(0.,1.),.PIECEWISE_BEZIER_KNOTS.);
#1274 = CARTESIAN_POINT('',(24.42101910828,2.099422709928,7.522399129514
    ));
#1275 = CARTESIAN_POINT('',(23.832484076433,1.910418457476,
    7.003114213722));
#1276 = CARTESIAN_POINT('',(23.033757961783,1.819881150746,
    6.754365007863));
#1277 = ORIENTED_EDGE('',*,*,#1278,.F.);
#1278 = EDGE_CURVE('',#1279,#1271,#1281,.T.);
#1279 = VERTEX_POINT('',#1280);
#1280 = CARTESIAN_POINT('',(23.033757961783,2.571635247374,
    6.480748893202));
#1281 = LINE('',#1282,#1283);
#1282 = CARTESIAN_POINT('',(23.033757961783,2.571635247374,
    6.480748893202));
#1283 = VECTOR('',#1284,1.);
#1284 = DIRECTION('',(0.,-0.939692620786,0.342020143326));
#1285 = ORIENTED_EDGE('',*,*,#1286,.F.);
#1286 = EDGE_CURVE('',#1248,#1279,#1287,.T.);
#1287 = B_SPLINE_CURVE_WITH_KNOTS('',2,(#1288,#1289,#1290),
  .UNSPECIFIED.,.F.,.F.,(3,3),(0.,1.),.PIECEWISE_BEZIER_KNOTS.);
#1288 = CARTESIAN_POINT('',(24.42101910828,2.851176806556,7.248783014853
    ));
#1289 = CARTESIAN_POINT('',(23.832484076433,2.662172554104,
    6.729498099061));
#1290 = CARTESIAN_POINT('',(23.033757961783,2.571635247374,
    6.480748893202));
#1291 = SURFACE_OF_LINEAR_EXTRUSION('',#1292,#1296);
#1292 = B_SPLINE_CURVE_WITH_KNOTS('',2,(#1293,#1294,#1295),
  .UNSPECIFIED.,.F.,.F.,(3,3),(0.,1.),.PIECEWISE_BEZIER_KNOTS.);
#1293 = CARTESIAN_POINT('',(24.42101910828,2.851176806556,7.248783014853
    ));
#1294 = CARTESIAN_POINT('',(23.832484076433,2.662172554104,
    6.729498099061));
#1295 = CARTESIAN_POINT('',(23.033757961783,2.571635247374,
    6.480748893202));
#1296 = VECTOR('',#1297,1.);
#1297 = DIRECTION('',(-0.,0.939692620786,-0.342020143326));
#1298 = ADVANCED_FACE('',(#1299),#1324,.T.);
#1299 = FACE_BOUND('',#1300,.T.);
#1300 = EDGE_LOOP('',(#1301,#1302,#1310,#1318));
#1301 = ORIENTED_EDGE('',*,*,#1278,.T.);
#1302 = ORIENTED_EDGE('',*,*,#1303,.T.);
#1303 = EDGE_CURVE('',#1271,#1304,#1306,.T.);
#1304 = VERTEX_POINT('',#1305);
#1305 = CARTESIAN_POINT('',(23.033757961783,2.15449448842,7.67370759737)
  );
#1306 = LINE('',#1307,#1308);
#1307 = CARTESIAN_POINT('',(23.033757961783,1.819881150746,
    6.754365007863));
#1308 = VECTOR('',#1309,1.);
#1309 = DIRECTION('',(0.,0.342020143326,0.939692620786));
#1310 = ORIENTED_EDGE('',*,*,#1311,.F.);
#1311 = EDGE_CURVE('',#1312,#1304,#1314,.T.);
#1312 = VERTEX_POINT('',#1313);
#1313 = CARTESIAN_POINT('',(23.033757961783,2.906248585048,7.40009148271
    ));
#1314 = LINE('',#1315,#1316);
#1315 = CARTESIAN_POINT('',(23.033757961783,2.906248585048,7.40009148271
    ));
#1316 = VECTOR('',#1317,1.);
#1317 = DIRECTION('',(0.,-0.939692620786,0.342020143326));
#1318 = ORIENTED_EDGE('',*,*,#1319,.F.);
#1319 = EDGE_CURVE('',#1279,#1312,#1320,.T.);
#1320 = LINE('',#1321,#1322);
#1321 = CARTESIAN_POINT('',(23.033757961783,2.571635247374,
    6.480748893202));
#1322 = VECTOR('',#1323,1.);
#1323 = DIRECTION('',(0.,0.342020143326,0.939692620786));
#1324 = PLANE('',#1325);
#1325 = AXIS2_PLACEMENT_3D('',#1326,#1327,#1328);
#1326 = CARTESIAN_POINT('',(23.033757961783,2.571635247374,
    6.480748893202));
#1327 = DIRECTION('',(-1.,0.,0.));
#1328 = DIRECTION('',(0.,0.342020143326,0.939692620786));
#1329 = ADVANCED_FACE('',(#1330),#1355,.T.);
#1330 = FACE_BOUND('',#1331,.T.);
#1331 = EDGE_LOOP('',(#1332,#1333,#1341,#1349));
#1332 = ORIENTED_EDGE('',*,*,#1311,.T.);
#1333 = ORIENTED_EDGE('',*,*,#1334,.T.);
#1334 = EDGE_CURVE('',#1304,#1335,#1337,.T.);
#1335 = VERTEX_POINT('',#1336);
#1336 = CARTESIAN_POINT('',(23.947133757962,2.332954935179,
    8.164023645108));
#1337 = B_SPLINE_CURVE_WITH_KNOTS('',2,(#1338,#1339,#1340),
  .UNSPECIFIED.,.F.,.F.,(3,3),(0.,1.),.PIECEWISE_BEZIER_KNOTS.);
#1338 = CARTESIAN_POINT('',(23.033757961783,2.15449448842,7.67370759737)
  );
#1339 = CARTESIAN_POINT('',(23.454140127389,2.20154948903,7.80299014902)
  );
#1340 = CARTESIAN_POINT('',(23.947133757962,2.332954935179,
    8.164023645108));
#1341 = ORIENTED_EDGE('',*,*,#1342,.F.);
#1342 = EDGE_CURVE('',#1343,#1335,#1345,.T.);
#1343 = VERTEX_POINT('',#1344);
#1344 = CARTESIAN_POINT('',(23.947133757962,3.084709031808,
    7.890407530447));
#1345 = LINE('',#1346,#1347);
#1346 = CARTESIAN_POINT('',(23.947133757962,3.084709031808,
    7.890407530447));
#1347 = VECTOR('',#1348,1.);
#1348 = DIRECTION('',(0.,-0.939692620786,0.342020143326));
#1349 = ORIENTED_EDGE('',*,*,#1350,.F.);
#1350 = EDGE_CURVE('',#1312,#1343,#1351,.T.);
#1351 = B_SPLINE_CURVE_WITH_KNOTS('',2,(#1352,#1353,#1354),
  .UNSPECIFIED.,.F.,.F.,(3,3),(0.,1.),.PIECEWISE_BEZIER_KNOTS.);
#1352 = CARTESIAN_POINT('',(23.033757961783,2.906248585048,7.40009148271
    ));
#1353 = CARTESIAN_POINT('',(23.454140127389,2.953303585659,
    7.529374034359));
#1354 = CARTESIAN_POINT('',(23.947133757962,3.084709031808,
    7.890407530447));
#1355 = SURFACE_OF_LINEAR_EXTRUSION('',#1356,#1360);
#1356 = B_SPLINE_CURVE_WITH_KNOTS('',2,(#1357,#1358,#1359),
  .UNSPECIFIED.,.F.,.F.,(3,3),(0.,1.),.PIECEWISE_BEZIER_KNOTS.);
#1357 = CARTESIAN_POINT('',(23.033757961783,2.906248585048,7.40009148271
    ));
#1358 = CARTESIAN_POINT('',(23.454140127389,2.953303585659,
    7.529374034359));
#1359 = CARTESIAN_POINT('',(23.947133757962,3.084709031808,
    7.890407530447));
#1360 = VECTOR('',#1361,1.);
#1361 = DIRECTION('',(-0.,0.939692620786,-0.342020143326));
#1362 = ADVANCED_FACE('',(#1363),#1388,.T.);
#1363 = FACE_BOUND('',#1364,.T.);
#1364 = EDGE_LOOP('',(#1365,#1366,#1374,#1382));
#1365 = ORIENTED_EDGE('',*,*,#1342,.T.);
#1366 = ORIENTED_EDGE('',*,*,#1367,.T.);
#1367 = EDGE_CURVE('',#1335,#1368,#1370,.T.);
#1368 = VERTEX_POINT('',#1369);
#1369 = CARTESIAN_POINT('',(24.623566878981,2.639683828047,
    9.006754352157));
#1370 = B_SPLINE_CURVE_WITH_KNOTS('',2,(#1371,#1372,#1373),
  .UNSPECIFIED.,.F.,.F.,(3,3),(0.,1.),.PIECEWISE_BEZIER_KNOTS.);
#1371 = CARTESIAN_POINT('',(23.947133757962,2.332954935179,
    8.164023645108));
#1372 = CARTESIAN_POINT('',(24.440127388535,2.464447520218,
    8.525296553329));
#1373 = CARTESIAN_POINT('',(24.623566878981,2.639683828047,
    9.006754352157));
#1374 = ORIENTED_EDGE('',*,*,#1375,.F.);
#1375 = EDGE_CURVE('',#1376,#1368,#1378,.T.);
#1376 = VERTEX_POINT('',#1377);
#1377 = CARTESIAN_POINT('',(24.623566878981,3.391437924676,
    8.733138237496));
#1378 = LINE('',#1379,#1380);
#1379 = CARTESIAN_POINT('',(24.623566878981,3.391437924676,
    8.733138237496));
#1380 = VECTOR('',#1381,1.);
#1381 = DIRECTION('',(0.,-0.939692620786,0.342020143326));
#1382 = ORIENTED_EDGE('',*,*,#1383,.F.);
#1383 = EDGE_CURVE('',#1343,#1376,#1384,.T.);
#1384 = B_SPLINE_CURVE_WITH_KNOTS('',2,(#1385,#1386,#1387),
  .UNSPECIFIED.,.F.,.F.,(3,3),(0.,1.),.PIECEWISE_BEZIER_KNOTS.);
#1385 = CARTESIAN_POINT('',(23.947133757962,3.084709031808,
    7.890407530447));
#1386 = CARTESIAN_POINT('',(24.440127388535,3.216201616847,
    8.251680438668));
#1387 = CARTESIAN_POINT('',(24.623566878981,3.391437924676,
    8.733138237496));
#1388 = SURFACE_OF_LINEAR_EXTRUSION('',#1389,#1393);
#1389 = B_SPLINE_CURVE_WITH_KNOTS('',2,(#1390,#1391,#1392),
  .UNSPECIFIED.,.F.,.F.,(3,3),(0.,1.),.PIECEWISE_BEZIER_KNOTS.);
#1390 = CARTESIAN_POINT('',(23.947133757962,3.084709031808,
    7.890407530447));
#1391 = CARTESIAN_POINT('',(24.440127388535,3.216201616847,
    8.251680438668));
#1392 = CARTESIAN_POINT('',(24.623566878981,3.391437924676,
    8.733138237496));
#1393 = VECTOR('',#1394,1.);
#1394 = DIRECTION('',(-0.,0.939692620786,-0.342020143326));
#1395 = ADVANCED_FACE('',(#1396),#1421,.T.);
#1396 = FACE_BOUND('',#1397,.T.);
#1397 = EDGE_LOOP('',(#1398,#1399,#1407,#1415));
#1398 = ORIENTED_EDGE('',*,*,#1375,.T.);
#1399 = ORIENTED_EDGE('',*,*,#1400,.T.);
#1400 = EDGE_CURVE('',#1368,#1401,#1403,.T.);
#1401 = VERTEX_POINT('',#1402);
#1402 = CARTESIAN_POINT('',(25.494904458599,2.639683828047,
    9.006754352157));
#1403 = LINE('',#1404,#1405);
#1404 = CARTESIAN_POINT('',(24.623566878981,2.639683828047,
    9.006754352157));
#1405 = VECTOR('',#1406,1.);
#1406 = DIRECTION('',(1.,0.,0.));
#1407 = ORIENTED_EDGE('',*,*,#1408,.F.);
#1408 = EDGE_CURVE('',#1409,#1401,#1411,.T.);
#1409 = VERTEX_POINT('',#1410);
#1410 = CARTESIAN_POINT('',(25.494904458599,3.391437924676,
    8.733138237496));
#1411 = LINE('',#1412,#1413);
#1412 = CARTESIAN_POINT('',(25.494904458599,3.391437924676,
    8.733138237496));
#1413 = VECTOR('',#1414,1.);
#1414 = DIRECTION('',(0.,-0.939692620786,0.342020143326));
#1415 = ORIENTED_EDGE('',*,*,#1416,.F.);
#1416 = EDGE_CURVE('',#1376,#1409,#1417,.T.);
#1417 = LINE('',#1418,#1419);
#1418 = CARTESIAN_POINT('',(24.623566878981,3.391437924676,
    8.733138237496));
#1419 = VECTOR('',#1420,1.);
#1420 = DIRECTION('',(1.,0.,0.));
#1421 = PLANE('',#1422);
#1422 = AXIS2_PLACEMENT_3D('',#1423,#1424,#1425);
#1423 = CARTESIAN_POINT('',(24.623566878981,3.391437924676,
    8.733138237496));
#1424 = DIRECTION('',(0.,0.342020143326,0.939692620786));
#1425 = DIRECTION('',(1.,0.,0.));
#1426 = ADVANCED_FACE('',(#1427),#1443,.T.);
#1427 = FACE_BOUND('',#1428,.T.);
#1428 = EDGE_LOOP('',(#1429,#1430,#1436,#1437));
#1429 = ORIENTED_EDGE('',*,*,#1408,.T.);
#1430 = ORIENTED_EDGE('',*,*,#1431,.T.);
#1431 = EDGE_CURVE('',#1401,#1201,#1432,.T.);
#1432 = LINE('',#1433,#1434);
#1433 = CARTESIAN_POINT('',(25.494904458599,2.639683828047,
    9.006754352157));
#1434 = VECTOR('',#1435,1.);
#1435 = DIRECTION('',(0.,-0.342020143326,-0.939692620786));
#1436 = ORIENTED_EDGE('',*,*,#1198,.F.);
#1437 = ORIENTED_EDGE('',*,*,#1438,.F.);
#1438 = EDGE_CURVE('',#1409,#1199,#1439,.T.);
#1439 = LINE('',#1440,#1441);
#1440 = CARTESIAN_POINT('',(25.494904458599,3.391437924676,
    8.733138237496));
#1441 = VECTOR('',#1442,1.);
#1442 = DIRECTION('',(0.,-0.342020143326,-0.939692620786));
#1443 = PLANE('',#1444);
#1444 = AXIS2_PLACEMENT_3D('',#1445,#1446,#1447);
#1445 = CARTESIAN_POINT('',(25.494904458599,3.391437924676,
    8.733138237496));
#1446 = DIRECTION('',(1.,0.,0.));
#1447 = DIRECTION('',(0.,-0.342020143326,-0.939692620786));
#1448 = ADVANCED_FACE('',(#1449),#1459,.F.);
#1449 = FACE_BOUND('',#1450,.T.);
#1450 = EDGE_LOOP('',(#1451,#1452,#1453,#1454,#1455,#1456,#1457,#1458));
#1451 = ORIENTED_EDGE('',*,*,#1224,.T.);
#1452 = ORIENTED_EDGE('',*,*,#1255,.T.);
#1453 = ORIENTED_EDGE('',*,*,#1286,.T.);
#1454 = ORIENTED_EDGE('',*,*,#1319,.T.);
#1455 = ORIENTED_EDGE('',*,*,#1350,.T.);
#1456 = ORIENTED_EDGE('',*,*,#1383,.T.);
#1457 = ORIENTED_EDGE('',*,*,#1416,.T.);
#1458 = ORIENTED_EDGE('',*,*,#1438,.T.);
#1459 = PLANE('',#1460);
#1460 = AXIS2_PLACEMENT_3D('',#1461,#1462,#1463);
#1461 = CARTESIAN_POINT('',(24.643615610565,2.484916324519,
    6.242490610816));
#1462 = DIRECTION('',(0.,-0.939692620786,0.342020143326));
#1463 = DIRECTION('',(1.,0.,0.));
#1464 = ADVANCED_FACE('',(#1465),#1475,.T.);
#1465 = FACE_BOUND('',#1466,.F.);
#1466 = EDGE_LOOP('',(#1467,#1468,#1469,#1470,#1471,#1472,#1473,#1474));
#1467 = ORIENTED_EDGE('',*,*,#1208,.T.);
#1468 = ORIENTED_EDGE('',*,*,#1239,.T.);
#1469 = ORIENTED_EDGE('',*,*,#1270,.T.);
#1470 = ORIENTED_EDGE('',*,*,#1303,.T.);
#1471 = ORIENTED_EDGE('',*,*,#1334,.T.);
#1472 = ORIENTED_EDGE('',*,*,#1367,.T.);
#1473 = ORIENTED_EDGE('',*,*,#1400,.T.);
#1474 = ORIENTED_EDGE('',*,*,#1431,.T.);
#1475 = PLANE('',#1476);
#1476 = AXIS2_PLACEMENT_3D('',#1477,#1478,#1479);
#1477 = CARTESIAN_POINT('',(24.643615610565,1.73316222789,6.516106725477
    ));
#1478 = DIRECTION('',(0.,-0.939692620786,0.342020143326));
#1479 = DIRECTION('',(1.,0.,0.));
#1480 = MANIFOLD_SOLID_BREP('',#1481);
#1481 = CLOSED_SHELL('',(#1482,#1522,#1555,#1588,#1621,#1654,#1687,#1720
    ,#1753,#1786,#1819,#1852,#1885,#1918,#1951,#1984,#2008,#2032));
#1482 = ADVANCED_FACE('',(#1483),#1517,.T.);
#1483 = FACE_BOUND('',#1484,.T.);
#1484 = EDGE_LOOP('',(#1485,#1495,#1503,#1511));
#1485 = ORIENTED_EDGE('',*,*,#1486,.T.);
#1486 = EDGE_CURVE('',#1487,#1489,#1491,.T.);
#1487 = VERTEX_POINT('',#1488);
#1488 = CARTESIAN_POINT('',(30.73898089172,2.91156405734,7.414695622804)
  );
#1489 = VERTEX_POINT('',#1490);
#1490 = CARTESIAN_POINT('',(30.73898089172,2.159809960711,7.688311737464
    ));
#1491 = LINE('',#1492,#1493);
#1492 = CARTESIAN_POINT('',(30.73898089172,2.91156405734,7.414695622804)
  );
#1493 = VECTOR('',#1494,1.);
#1494 = DIRECTION('',(0.,-0.939692620786,0.342020143326));
#1495 = ORIENTED_EDGE('',*,*,#1496,.T.);
#1496 = EDGE_CURVE('',#1489,#1497,#1499,.T.);
#1497 = VERTEX_POINT('',#1498);
#1498 = CARTESIAN_POINT('',(29.69949044586,2.121033154652,7.58177333842)
  );
#1499 = LINE('',#1500,#1501);
#1500 = CARTESIAN_POINT('',(30.73898089172,2.159809960711,7.688311737464
    ));
#1501 = VECTOR('',#1502,1.);
#1502 = DIRECTION('',(-0.994104564342,-3.708374622103E-02,
    -0.101886755371));
#1503 = ORIENTED_EDGE('',*,*,#1504,.F.);
#1504 = EDGE_CURVE('',#1505,#1497,#1507,.T.);
#1505 = VERTEX_POINT('',#1506);
#1506 = CARTESIAN_POINT('',(29.69949044586,2.872787251281,7.308157223759
    ));
#1507 = LINE('',#1508,#1509);
#1508 = CARTESIAN_POINT('',(29.69949044586,2.872787251281,7.308157223759
    ));
#1509 = VECTOR('',#1510,1.);
#1510 = DIRECTION('',(0.,-0.939692620786,0.342020143326));
#1511 = ORIENTED_EDGE('',*,*,#1512,.F.);
#1512 = EDGE_CURVE('',#1487,#1505,#1513,.T.);
#1513 = LINE('',#1514,#1515);
#1514 = CARTESIAN_POINT('',(30.73898089172,2.91156405734,7.414695622804)
  );
#1515 = VECTOR('',#1516,1.);
#1516 = DIRECTION('',(-0.994104564342,-3.708374622103E-02,
    -0.101886755371));
#1517 = PLANE('',#1518);
#1518 = AXIS2_PLACEMENT_3D('',#1519,#1520,#1521);
#1519 = CARTESIAN_POINT('',(30.73898089172,2.91156405734,7.414695622804)
  );
#1520 = DIRECTION('',(0.108425620376,-0.340003785577,-0.934152723402));
#1521 = DIRECTION('',(-0.994104564342,-3.708374622103E-02,
    -0.101886755371));
#1522 = ADVANCED_FACE('',(#1523),#1548,.T.);
#1523 = FACE_BOUND('',#1524,.T.);
#1524 = EDGE_LOOP('',(#1525,#1526,#1534,#1542));
#1525 = ORIENTED_EDGE('',*,*,#1504,.T.);
#1526 = ORIENTED_EDGE('',*,*,#1527,.T.);
#1527 = EDGE_CURVE('',#1497,#1528,#1530,.T.);
#1528 = VERTEX_POINT('',#1529);
#1529 = CARTESIAN_POINT('',(29.50076433121,2.281281573398,8.022052250426
    ));
#1530 = B_SPLINE_CURVE_WITH_KNOTS('',2,(#1531,#1532,#1533),
  .UNSPECIFIED.,.F.,.F.,(3,3),(0.,1.),.PIECEWISE_BEZIER_KNOTS.);
#1531 = CARTESIAN_POINT('',(29.69949044586,2.121033154652,7.58177333842)
  );
#1532 = CARTESIAN_POINT('',(29.66127388535,2.229608211616,7.880080855744
    ));
#1533 = CARTESIAN_POINT('',(29.50076433121,2.281281573398,8.022052250426
    ));
#1534 = ORIENTED_EDGE('',*,*,#1535,.F.);
#1535 = EDGE_CURVE('',#1536,#1528,#1538,.T.);
#1536 = VERTEX_POINT('',#1537);
#1537 = CARTESIAN_POINT('',(29.50076433121,3.033035670027,7.748436135766
    ));
#1538 = LINE('',#1539,#1540);
#1539 = CARTESIAN_POINT('',(29.50076433121,3.033035670027,7.748436135766
    ));
#1540 = VECTOR('',#1541,1.);
#1541 = DIRECTION('',(0.,-0.939692620786,0.342020143326));
#1542 = ORIENTED_EDGE('',*,*,#1543,.F.);
#1543 = EDGE_CURVE('',#1505,#1536,#1544,.T.);
#1544 = B_SPLINE_CURVE_WITH_KNOTS('',2,(#1545,#1546,#1547),
  .UNSPECIFIED.,.F.,.F.,(3,3),(0.,1.),.PIECEWISE_BEZIER_KNOTS.);
#1545 = CARTESIAN_POINT('',(29.69949044586,2.872787251281,7.308157223759
    ));
#1546 = CARTESIAN_POINT('',(29.66127388535,2.981362308245,7.606464741084
    ));
#1547 = CARTESIAN_POINT('',(29.50076433121,3.033035670027,7.748436135766
    ));
#1548 = SURFACE_OF_LINEAR_EXTRUSION('',#1549,#1553);
#1549 = B_SPLINE_CURVE_WITH_KNOTS('',2,(#1550,#1551,#1552),
  .UNSPECIFIED.,.F.,.F.,(3,3),(0.,1.),.PIECEWISE_BEZIER_KNOTS.);
#1550 = CARTESIAN_POINT('',(29.69949044586,2.872787251281,7.308157223759
    ));
#1551 = CARTESIAN_POINT('',(29.66127388535,2.981362308245,7.606464741084
    ));
#1552 = CARTESIAN_POINT('',(29.50076433121,3.033035670027,7.748436135766
    ));
#1553 = VECTOR('',#1554,1.);
#1554 = DIRECTION('',(-0.,0.939692620786,-0.342020143326));
#1555 = ADVANCED_FACE('',(#1556),#1581,.T.);
#1556 = FACE_BOUND('',#1557,.T.);
#1557 = EDGE_LOOP('',(#1558,#1559,#1567,#1575));
#1558 = ORIENTED_EDGE('',*,*,#1535,.T.);
#1559 = ORIENTED_EDGE('',*,*,#1560,.T.);
#1560 = EDGE_CURVE('',#1528,#1561,#1563,.T.);
#1561 = VERTEX_POINT('',#1562);
#1562 = CARTESIAN_POINT('',(29.084203821656,2.332954935179,
    8.164023645108));
#1563 = B_SPLINE_CURVE_WITH_KNOTS('',2,(#1564,#1565,#1566),
  .UNSPECIFIED.,.F.,.F.,(3,3),(0.,1.),.PIECEWISE_BEZIER_KNOTS.);
#1564 = CARTESIAN_POINT('',(29.50076433121,2.281281573398,8.022052250426
    ));
#1565 = CARTESIAN_POINT('',(29.34025477707,2.332954935179,8.164023645108
    ));
#1566 = CARTESIAN_POINT('',(29.084203821656,2.332954935179,
    8.164023645108));
#1567 = ORIENTED_EDGE('',*,*,#1568,.F.);
#1568 = EDGE_CURVE('',#1569,#1561,#1571,.T.);
#1569 = VERTEX_POINT('',#1570);
#1570 = CARTESIAN_POINT('',(29.084203821656,3.084709031808,
    7.890407530447));
#1571 = LINE('',#1572,#1573);
#1572 = CARTESIAN_POINT('',(29.084203821656,3.084709031808,
    7.890407530447));
#1573 = VECTOR('',#1574,1.);
#1574 = DIRECTION('',(0.,-0.939692620786,0.342020143326));
#1575 = ORIENTED_EDGE('',*,*,#1576,.F.);
#1576 = EDGE_CURVE('',#1536,#1569,#1577,.T.);
#1577 = B_SPLINE_CURVE_WITH_KNOTS('',2,(#1578,#1579,#1580),
  .UNSPECIFIED.,.F.,.F.,(3,3),(0.,1.),.PIECEWISE_BEZIER_KNOTS.);
#1578 = CARTESIAN_POINT('',(29.50076433121,3.033035670027,7.748436135766
    ));
#1579 = CARTESIAN_POINT('',(29.34025477707,3.084709031808,7.890407530447
    ));
#1580 = CARTESIAN_POINT('',(29.084203821656,3.084709031808,
    7.890407530447));
#1581 = SURFACE_OF_LINEAR_EXTRUSION('',#1582,#1586);
#1582 = B_SPLINE_CURVE_WITH_KNOTS('',2,(#1583,#1584,#1585),
  .UNSPECIFIED.,.F.,.F.,(3,3),(0.,1.),.PIECEWISE_BEZIER_KNOTS.);
#1583 = CARTESIAN_POINT('',(29.50076433121,3.033035670027,7.748436135766
    ));
#1584 = CARTESIAN_POINT('',(29.34025477707,3.084709031808,7.890407530447
    ));
#1585 = CARTESIAN_POINT('',(29.084203821656,3.084709031808,
    7.890407530447));
#1586 = VECTOR('',#1587,1.);
#1587 = DIRECTION('',(-0.,0.939692620786,-0.342020143326));
#1588 = ADVANCED_FACE('',(#1589),#1614,.T.);
#1589 = FACE_BOUND('',#1590,.T.);
#1590 = EDGE_LOOP('',(#1591,#1592,#1600,#1608));
#1591 = ORIENTED_EDGE('',*,*,#1568,.T.);
#1592 = ORIENTED_EDGE('',*,*,#1593,.T.);
#1593 = EDGE_CURVE('',#1561,#1594,#1596,.T.);
#1594 = VERTEX_POINT('',#1595);
#1595 = CARTESIAN_POINT('',(28.508917197452,2.227952572706,
    7.875532025223));
#1596 = B_SPLINE_CURVE_WITH_KNOTS('',2,(#1597,#1598,#1599),
  .UNSPECIFIED.,.F.,.F.,(3,3),(0.,1.),.PIECEWISE_BEZIER_KNOTS.);
#1597 = CARTESIAN_POINT('',(29.084203821656,2.332954935179,
    8.164023645108));
#1598 = CARTESIAN_POINT('',(28.744076433121,2.332954935179,
    8.164023645108));
#1599 = CARTESIAN_POINT('',(28.508917197452,2.227952572706,
    7.875532025223));
#1600 = ORIENTED_EDGE('',*,*,#1601,.F.);
#1601 = EDGE_CURVE('',#1602,#1594,#1604,.T.);
#1602 = VERTEX_POINT('',#1603);
#1603 = CARTESIAN_POINT('',(28.508917197452,2.979706669335,
    7.601915910563));
#1604 = LINE('',#1605,#1606);
#1605 = CARTESIAN_POINT('',(28.508917197452,2.979706669335,
    7.601915910563));
#1606 = VECTOR('',#1607,1.);
#1607 = DIRECTION('',(0.,-0.939692620786,0.342020143326));
#1608 = ORIENTED_EDGE('',*,*,#1609,.F.);
#1609 = EDGE_CURVE('',#1569,#1602,#1610,.T.);
#1610 = B_SPLINE_CURVE_WITH_KNOTS('',2,(#1611,#1612,#1613),
  .UNSPECIFIED.,.F.,.F.,(3,3),(0.,1.),.PIECEWISE_BEZIER_KNOTS.);
#1611 = CARTESIAN_POINT('',(29.084203821656,3.084709031808,
    7.890407530447));
#1612 = CARTESIAN_POINT('',(28.744076433121,3.084709031808,
    7.890407530447));
#1613 = CARTESIAN_POINT('',(28.508917197452,2.979706669335,
    7.601915910563));
#1614 = SURFACE_OF_LINEAR_EXTRUSION('',#1615,#1619);
#1615 = B_SPLINE_CURVE_WITH_KNOTS('',2,(#1616,#1617,#1618),
  .UNSPECIFIED.,.F.,.F.,(3,3),(0.,1.),.PIECEWISE_BEZIER_KNOTS.);
#1616 = CARTESIAN_POINT('',(29.084203821656,3.084709031808,
    7.890407530447));
#1617 = CARTESIAN_POINT('',(28.744076433121,3.084709031808,
    7.890407530447));
#1618 = CARTESIAN_POINT('',(28.508917197452,2.979706669335,
    7.601915910563));
#1619 = VECTOR('',#1620,1.);
#1620 = DIRECTION('',(-0.,0.939692620786,-0.342020143326));
#1621 = ADVANCED_FACE('',(#1622),#1647,.T.);
#1622 = FACE_BOUND('',#1623,.T.);
#1623 = EDGE_LOOP('',(#1624,#1625,#1633,#1641));
#1624 = ORIENTED_EDGE('',*,*,#1601,.T.);
#1625 = ORIENTED_EDGE('',*,*,#1626,.T.);
#1626 = EDGE_CURVE('',#1594,#1627,#1629,.T.);
#1627 = VERTEX_POINT('',#1628);
#1628 = CARTESIAN_POINT('',(28.212866242038,1.791648150379,
    6.676795476873));
#1629 = B_SPLINE_CURVE_WITH_KNOTS('',2,(#1630,#1631,#1632),
  .UNSPECIFIED.,.F.,.F.,(3,3),(0.,1.),.PIECEWISE_BEZIER_KNOTS.);
#1630 = CARTESIAN_POINT('',(28.508917197452,2.227952572706,
    7.875532025223));
#1631 = CARTESIAN_POINT('',(28.274012738854,2.123037349123,
    7.587279817471));
#1632 = CARTESIAN_POINT('',(28.212866242038,1.791648150379,
    6.676795476873));
#1633 = ORIENTED_EDGE('',*,*,#1634,.F.);
#1634 = EDGE_CURVE('',#1635,#1627,#1637,.T.);
#1635 = VERTEX_POINT('',#1636);
#1636 = CARTESIAN_POINT('',(28.212866242038,2.543402247008,
    6.403179362212));
#1637 = LINE('',#1638,#1639);
#1638 = CARTESIAN_POINT('',(28.212866242038,2.543402247008,
    6.403179362212));
#1639 = VECTOR('',#1640,1.);
#1640 = DIRECTION('',(0.,-0.939692620786,0.342020143326));
#1641 = ORIENTED_EDGE('',*,*,#1642,.F.);
#1642 = EDGE_CURVE('',#1602,#1635,#1643,.T.);
#1643 = B_SPLINE_CURVE_WITH_KNOTS('',2,(#1644,#1645,#1646),
  .UNSPECIFIED.,.F.,.F.,(3,3),(0.,1.),.PIECEWISE_BEZIER_KNOTS.);
#1644 = CARTESIAN_POINT('',(28.508917197452,2.979706669335,
    7.601915910563));
#1645 = CARTESIAN_POINT('',(28.274012738854,2.874791445751,
    7.313663702811));
#1646 = CARTESIAN_POINT('',(28.212866242038,2.543402247008,
    6.403179362212));
#1647 = SURFACE_OF_LINEAR_EXTRUSION('',#1648,#1652);
#1648 = B_SPLINE_CURVE_WITH_KNOTS('',2,(#1649,#1650,#1651),
  .UNSPECIFIED.,.F.,.F.,(3,3),(0.,1.),.PIECEWISE_BEZIER_KNOTS.);
#1649 = CARTESIAN_POINT('',(28.508917197452,2.979706669335,
    7.601915910563));
#1650 = CARTESIAN_POINT('',(28.274012738854,2.874791445751,
    7.313663702811));
#1651 = CARTESIAN_POINT('',(28.212866242038,2.543402247008,
    6.403179362212));
#1652 = VECTOR('',#1653,1.);
#1653 = DIRECTION('',(-0.,0.939692620786,-0.342020143326));
#1654 = ADVANCED_FACE('',(#1655),#1680,.T.);
#1655 = FACE_BOUND('',#1656,.T.);
#1656 = EDGE_LOOP('',(#1657,#1658,#1666,#1674));
#1657 = ORIENTED_EDGE('',*,*,#1634,.T.);
#1658 = ORIENTED_EDGE('',*,*,#1659,.T.);
#1659 = EDGE_CURVE('',#1627,#1660,#1662,.T.);
#1660 = VERTEX_POINT('',#1661);
#1661 = CARTESIAN_POINT('',(29.210318471338,1.953726485815,
    7.122102043666));
#1662 = B_SPLINE_CURVE_WITH_KNOTS('',2,(#1663,#1664,#1665),
  .UNSPECIFIED.,.F.,.F.,(3,3),(0.,1.),.PIECEWISE_BEZIER_KNOTS.);
#1663 = CARTESIAN_POINT('',(28.212866242038,1.791648150379,
    6.676795476873));
#1664 = CARTESIAN_POINT('',(28.614140127389,1.953726485815,
    7.122102043666));
#1665 = CARTESIAN_POINT('',(29.210318471338,1.953726485815,
    7.122102043666));
#1666 = ORIENTED_EDGE('',*,*,#1667,.F.);
#1667 = EDGE_CURVE('',#1668,#1660,#1670,.T.);
#1668 = VERTEX_POINT('',#1669);
#1669 = CARTESIAN_POINT('',(29.210318471338,2.705480582444,
    6.848485929005));
#1670 = LINE('',#1671,#1672);
#1671 = CARTESIAN_POINT('',(29.210318471338,2.705480582444,
    6.848485929005));
#1672 = VECTOR('',#1673,1.);
#1673 = DIRECTION('',(0.,-0.939692620786,0.342020143326));
#1674 = ORIENTED_EDGE('',*,*,#1675,.F.);
#1675 = EDGE_CURVE('',#1635,#1668,#1676,.T.);
#1676 = B_SPLINE_CURVE_WITH_KNOTS('',2,(#1677,#1678,#1679),
  .UNSPECIFIED.,.F.,.F.,(3,3),(0.,1.),.PIECEWISE_BEZIER_KNOTS.);
#1677 = CARTESIAN_POINT('',(28.212866242038,2.543402247008,
    6.403179362212));
#1678 = CARTESIAN_POINT('',(28.614140127389,2.705480582444,
    6.848485929005));
#1679 = CARTESIAN_POINT('',(29.210318471338,2.705480582444,
    6.848485929005));
#1680 = SURFACE_OF_LINEAR_EXTRUSION('',#1681,#1685);
#1681 = B_SPLINE_CURVE_WITH_KNOTS('',2,(#1682,#1683,#1684),
  .UNSPECIFIED.,.F.,.F.,(3,3),(0.,1.),.PIECEWISE_BEZIER_KNOTS.);
#1682 = CARTESIAN_POINT('',(28.212866242038,2.543402247008,
    6.403179362212));
#1683 = CARTESIAN_POINT('',(28.614140127389,2.705480582444,
    6.848485929005));
#1684 = CARTESIAN_POINT('',(29.210318471338,2.705480582444,
    6.848485929005));
#1685 = VECTOR('',#1686,1.);
#1686 = DIRECTION('',(-0.,0.939692620786,-0.342020143326));
#1687 = ADVANCED_FACE('',(#1688),#1713,.T.);
#1688 = FACE_BOUND('',#1689,.T.);
#1689 = EDGE_LOOP('',(#1690,#1691,#1699,#1707));
#1690 = ORIENTED_EDGE('',*,*,#1667,.T.);
#1691 = ORIENTED_EDGE('',*,*,#1692,.T.);
#1692 = EDGE_CURVE('',#1660,#1693,#1695,.T.);
#1693 = VERTEX_POINT('',#1694);
#1694 = CARTESIAN_POINT('',(30.362420382166,1.778577316877,6.64088365697
    ));
#1695 = B_SPLINE_CURVE_WITH_KNOTS('',2,(#1696,#1697,#1698),
  .UNSPECIFIED.,.F.,.F.,(3,3),(0.,1.),.PIECEWISE_BEZIER_KNOTS.);
#1696 = CARTESIAN_POINT('',(29.210318471338,1.953726485815,
    7.122102043666));
#1697 = CARTESIAN_POINT('',(29.882929936306,1.953726485815,
    7.122102043666));
#1698 = CARTESIAN_POINT('',(30.362420382166,1.778577316877,6.64088365697
    ));
#1699 = ORIENTED_EDGE('',*,*,#1700,.F.);
#1700 = EDGE_CURVE('',#1701,#1693,#1703,.T.);
#1701 = VERTEX_POINT('',#1702);
#1702 = CARTESIAN_POINT('',(30.362420382166,2.530331413505,6.36726754231
    ));
#1703 = LINE('',#1704,#1705);
#1704 = CARTESIAN_POINT('',(30.362420382166,2.530331413505,6.36726754231
    ));
#1705 = VECTOR('',#1706,1.);
#1706 = DIRECTION('',(0.,-0.939692620786,0.342020143326));
#1707 = ORIENTED_EDGE('',*,*,#1708,.F.);
#1708 = EDGE_CURVE('',#1668,#1701,#1709,.T.);
#1709 = B_SPLINE_CURVE_WITH_KNOTS('',2,(#1710,#1711,#1712),
  .UNSPECIFIED.,.F.,.F.,(3,3),(0.,1.),.PIECEWISE_BEZIER_KNOTS.);
#1710 = CARTESIAN_POINT('',(29.210318471338,2.705480582444,
    6.848485929005));
#1711 = CARTESIAN_POINT('',(29.882929936306,2.705480582444,
    6.848485929005));
#1712 = CARTESIAN_POINT('',(30.362420382166,2.530331413505,6.36726754231
    ));
#1713 = SURFACE_OF_LINEAR_EXTRUSION('',#1714,#1718);
#1714 = B_SPLINE_CURVE_WITH_KNOTS('',2,(#1715,#1716,#1717),
  .UNSPECIFIED.,.F.,.F.,(3,3),(0.,1.),.PIECEWISE_BEZIER_KNOTS.);
#1715 = CARTESIAN_POINT('',(29.210318471338,2.705480582444,
    6.848485929005));
#1716 = CARTESIAN_POINT('',(29.882929936306,2.705480582444,
    6.848485929005));
#1717 = CARTESIAN_POINT('',(30.362420382166,2.530331413505,6.36726754231
    ));
#1718 = VECTOR('',#1719,1.);
#1719 = DIRECTION('',(-0.,0.939692620786,-0.342020143326));
#1720 = ADVANCED_FACE('',(#1721),#1746,.T.);
#1721 = FACE_BOUND('',#1722,.T.);
#1722 = EDGE_LOOP('',(#1723,#1724,#1732,#1740));
#1723 = ORIENTED_EDGE('',*,*,#1700,.T.);
#1724 = ORIENTED_EDGE('',*,*,#1725,.T.);
#1725 = EDGE_CURVE('',#1693,#1726,#1728,.T.);
#1726 = VERTEX_POINT('',#1727);
#1727 = CARTESIAN_POINT('',(30.842165605096,1.326326477677,
    5.398334688339));
#1728 = B_SPLINE_CURVE_WITH_KNOTS('',2,(#1729,#1730,#1731),
  .UNSPECIFIED.,.F.,.F.,(3,3),(0.,1.),.PIECEWISE_BEZIER_KNOTS.);
#1729 = CARTESIAN_POINT('',(30.362420382166,1.778577316877,6.64088365697
    ));
#1730 = CARTESIAN_POINT('',(30.842165605096,1.603428147938,
    6.159665270275));
#1731 = CARTESIAN_POINT('',(30.842165605096,1.326326477677,
    5.398334688339));
#1732 = ORIENTED_EDGE('',*,*,#1733,.F.);
#1733 = EDGE_CURVE('',#1734,#1726,#1736,.T.);
#1734 = VERTEX_POINT('',#1735);
#1735 = CARTESIAN_POINT('',(30.842165605096,2.078080574305,
    5.124718573678));
#1736 = LINE('',#1737,#1738);
#1737 = CARTESIAN_POINT('',(30.842165605096,2.078080574305,
    5.124718573678));
#1738 = VECTOR('',#1739,1.);
#1739 = DIRECTION('',(0.,-0.939692620786,0.342020143326));
#1740 = ORIENTED_EDGE('',*,*,#1741,.F.);
#1741 = EDGE_CURVE('',#1701,#1734,#1742,.T.);
#1742 = B_SPLINE_CURVE_WITH_KNOTS('',2,(#1743,#1744,#1745),
  .UNSPECIFIED.,.F.,.F.,(3,3),(0.,1.),.PIECEWISE_BEZIER_KNOTS.);
#1743 = CARTESIAN_POINT('',(30.362420382166,2.530331413505,6.36726754231
    ));
#1744 = CARTESIAN_POINT('',(30.842165605096,2.355182244567,
    5.886049155614));
#1745 = CARTESIAN_POINT('',(30.842165605096,2.078080574305,
    5.124718573678));
#1746 = SURFACE_OF_LINEAR_EXTRUSION('',#1747,#1751);
#1747 = B_SPLINE_CURVE_WITH_KNOTS('',2,(#1748,#1749,#1750),
  .UNSPECIFIED.,.F.,.F.,(3,3),(0.,1.),.PIECEWISE_BEZIER_KNOTS.);
#1748 = CARTESIAN_POINT('',(30.362420382166,2.530331413505,6.36726754231
    ));
#1749 = CARTESIAN_POINT('',(30.842165605096,2.355182244567,
    5.886049155614));
#1750 = CARTESIAN_POINT('',(30.842165605096,2.078080574305,
    5.124718573678));
#1751 = VECTOR('',#1752,1.);
#1752 = DIRECTION('',(-0.,0.939692620786,-0.342020143326));
#1753 = ADVANCED_FACE('',(#1754),#1779,.T.);
#1754 = FACE_BOUND('',#1755,.T.);
#1755 = EDGE_LOOP('',(#1756,#1757,#1765,#1773));
#1756 = ORIENTED_EDGE('',*,*,#1733,.T.);
#1757 = ORIENTED_EDGE('',*,*,#1758,.T.);
#1758 = EDGE_CURVE('',#1726,#1759,#1761,.T.);
#1759 = VERTEX_POINT('',#1760);
#1760 = CARTESIAN_POINT('',(30.337707006369,0.854382249332,
    4.101678577721));
#1761 = B_SPLINE_CURVE_WITH_KNOTS('',2,(#1762,#1763,#1764),
  .UNSPECIFIED.,.F.,.F.,(3,3),(0.,1.),.PIECEWISE_BEZIER_KNOTS.);
#1762 = CARTESIAN_POINT('',(30.842165605096,1.326326477677,
    5.398334688339));
#1763 = CARTESIAN_POINT('',(30.842165605096,1.032145584971,
    4.590079328397));
#1764 = CARTESIAN_POINT('',(30.337707006369,0.854382249332,
    4.101678577721));
#1765 = ORIENTED_EDGE('',*,*,#1766,.F.);
#1766 = EDGE_CURVE('',#1767,#1759,#1769,.T.);
#1767 = VERTEX_POINT('',#1768);
#1768 = CARTESIAN_POINT('',(30.337707006369,1.606136345961,3.82806246306
    ));
#1769 = LINE('',#1770,#1771);
#1770 = CARTESIAN_POINT('',(30.337707006369,1.606136345961,3.82806246306
    ));
#1771 = VECTOR('',#1772,1.);
#1772 = DIRECTION('',(0.,-0.939692620786,0.342020143326));
#1773 = ORIENTED_EDGE('',*,*,#1774,.F.);
#1774 = EDGE_CURVE('',#1734,#1767,#1775,.T.);
#1775 = B_SPLINE_CURVE_WITH_KNOTS('',2,(#1776,#1777,#1778),
  .UNSPECIFIED.,.F.,.F.,(3,3),(0.,1.),.PIECEWISE_BEZIER_KNOTS.);
#1776 = CARTESIAN_POINT('',(30.842165605096,2.078080574305,
    5.124718573678));
#1777 = CARTESIAN_POINT('',(30.842165605096,1.7838996816,4.316463213736)
  );
#1778 = CARTESIAN_POINT('',(30.337707006369,1.606136345961,3.82806246306
    ));
#1779 = SURFACE_OF_LINEAR_EXTRUSION('',#1780,#1784);
#1780 = B_SPLINE_CURVE_WITH_KNOTS('',2,(#1781,#1782,#1783),
  .UNSPECIFIED.,.F.,.F.,(3,3),(0.,1.),.PIECEWISE_BEZIER_KNOTS.);
#1781 = CARTESIAN_POINT('',(30.842165605096,2.078080574305,
    5.124718573678));
#1782 = CARTESIAN_POINT('',(30.842165605096,1.7838996816,4.316463213736)
  );
#1783 = CARTESIAN_POINT('',(30.337707006369,1.606136345961,3.82806246306
    ));
#1784 = VECTOR('',#1785,1.);
#1785 = DIRECTION('',(-0.,0.939692620786,-0.342020143326));
#1786 = ADVANCED_FACE('',(#1787),#1812,.T.);
#1787 = FACE_BOUND('',#1788,.T.);
#1788 = EDGE_LOOP('',(#1789,#1790,#1798,#1806));
#1789 = ORIENTED_EDGE('',*,*,#1766,.T.);
#1790 = ORIENTED_EDGE('',*,*,#1791,.T.);
#1791 = EDGE_CURVE('',#1759,#1792,#1794,.T.);
#1792 = VERTEX_POINT('',#1793);
#1793 = CARTESIAN_POINT('',(29.042165605096,0.676618913693,
    3.613277827045));
#1794 = B_SPLINE_CURVE_WITH_KNOTS('',2,(#1795,#1796,#1797),
  .UNSPECIFIED.,.F.,.F.,(3,3),(0.,1.),.PIECEWISE_BEZIER_KNOTS.);
#1795 = CARTESIAN_POINT('',(30.337707006369,0.854382249332,
    4.101678577721));
#1796 = CARTESIAN_POINT('',(29.833248407643,0.676618913693,
    3.613277827045));
#1797 = CARTESIAN_POINT('',(29.042165605096,0.676618913693,
    3.613277827045));
#1798 = ORIENTED_EDGE('',*,*,#1799,.F.);
#1799 = EDGE_CURVE('',#1800,#1792,#1802,.T.);
#1800 = VERTEX_POINT('',#1801);
#1801 = CARTESIAN_POINT('',(29.042165605096,1.428373010321,
    3.339661712384));
#1802 = LINE('',#1803,#1804);
#1803 = CARTESIAN_POINT('',(29.042165605096,1.428373010321,
    3.339661712384));
#1804 = VECTOR('',#1805,1.);
#1805 = DIRECTION('',(0.,-0.939692620786,0.342020143326));
#1806 = ORIENTED_EDGE('',*,*,#1807,.F.);
#1807 = EDGE_CURVE('',#1767,#1800,#1808,.T.);
#1808 = B_SPLINE_CURVE_WITH_KNOTS('',2,(#1809,#1810,#1811),
  .UNSPECIFIED.,.F.,.F.,(3,3),(0.,1.),.PIECEWISE_BEZIER_KNOTS.);
#1809 = CARTESIAN_POINT('',(30.337707006369,1.606136345961,3.82806246306
    ));
#1810 = CARTESIAN_POINT('',(29.833248407643,1.428373010321,
    3.339661712384));
#1811 = CARTESIAN_POINT('',(29.042165605096,1.428373010321,
    3.339661712384));
#1812 = SURFACE_OF_LINEAR_EXTRUSION('',#1813,#1817);
#1813 = B_SPLINE_CURVE_WITH_KNOTS('',2,(#1814,#1815,#1816),
  .UNSPECIFIED.,.F.,.F.,(3,3),(0.,1.),.PIECEWISE_BEZIER_KNOTS.);
#1814 = CARTESIAN_POINT('',(30.337707006369,1.606136345961,3.82806246306
    ));
#1815 = CARTESIAN_POINT('',(29.833248407643,1.428373010321,
    3.339661712384));
#1816 = CARTESIAN_POINT('',(29.042165605096,1.428373010321,
    3.339661712384));
#1817 = VECTOR('',#1818,1.);
#1818 = DIRECTION('',(-0.,0.939692620786,-0.342020143326));
#1819 = ADVANCED_FACE('',(#1820),#1845,.T.);
#1820 = FACE_BOUND('',#1821,.T.);
#1821 = EDGE_LOOP('',(#1822,#1823,#1831,#1839));
#1822 = ORIENTED_EDGE('',*,*,#1799,.T.);
#1823 = ORIENTED_EDGE('',*,*,#1824,.T.);
#1824 = EDGE_CURVE('',#1792,#1825,#1827,.T.);
#1825 = VERTEX_POINT('',#1826);
#1826 = CARTESIAN_POINT('',(27.647261146497,0.902831472183,
    4.234791723493));
#1827 = B_SPLINE_CURVE_WITH_KNOTS('',2,(#1828,#1829,#1830),
  .UNSPECIFIED.,.F.,.F.,(3,3),(0.,1.),.PIECEWISE_BEZIER_KNOTS.);
#1828 = CARTESIAN_POINT('',(29.042165605096,0.676618913693,
    3.613277827045));
#1829 = CARTESIAN_POINT('',(28.193757961783,0.676618913693,
    3.613277827045));
#1830 = CARTESIAN_POINT('',(27.647261146497,0.902831472183,
    4.234791723493));
#1831 = ORIENTED_EDGE('',*,*,#1832,.F.);
#1832 = EDGE_CURVE('',#1833,#1825,#1835,.T.);
#1833 = VERTEX_POINT('',#1834);
#1834 = CARTESIAN_POINT('',(27.647261146497,1.654585568812,
    3.961175608833));
#1835 = LINE('',#1836,#1837);
#1836 = CARTESIAN_POINT('',(27.647261146497,1.654585568812,
    3.961175608833));
#1837 = VECTOR('',#1838,1.);
#1838 = DIRECTION('',(0.,-0.939692620786,0.342020143326));
#1839 = ORIENTED_EDGE('',*,*,#1840,.F.);
#1840 = EDGE_CURVE('',#1800,#1833,#1841,.T.);
#1841 = B_SPLINE_CURVE_WITH_KNOTS('',2,(#1842,#1843,#1844),
  .UNSPECIFIED.,.F.,.F.,(3,3),(0.,1.),.PIECEWISE_BEZIER_KNOTS.);
#1842 = CARTESIAN_POINT('',(29.042165605096,1.428373010321,
    3.339661712384));
#1843 = CARTESIAN_POINT('',(28.193757961783,1.428373010321,
    3.339661712384));
#1844 = CARTESIAN_POINT('',(27.647261146497,1.654585568812,
    3.961175608833));
#1845 = SURFACE_OF_LINEAR_EXTRUSION('',#1846,#1850);
#1846 = B_SPLINE_CURVE_WITH_KNOTS('',2,(#1847,#1848,#1849),
  .UNSPECIFIED.,.F.,.F.,(3,3),(0.,1.),.PIECEWISE_BEZIER_KNOTS.);
#1847 = CARTESIAN_POINT('',(29.042165605096,1.428373010321,
    3.339661712384));
#1848 = CARTESIAN_POINT('',(28.193757961783,1.428373010321,
    3.339661712384));
#1849 = CARTESIAN_POINT('',(27.647261146497,1.654585568812,
    3.961175608833));
#1850 = VECTOR('',#1851,1.);
#1851 = DIRECTION('',(-0.,0.939692620786,-0.342020143326));
#1852 = ADVANCED_FACE('',(#1853),#1878,.T.);
#1853 = FACE_BOUND('',#1854,.T.);
#1854 = EDGE_LOOP('',(#1855,#1856,#1864,#1872));
#1855 = ORIENTED_EDGE('',*,*,#1832,.T.);
#1856 = ORIENTED_EDGE('',*,*,#1857,.T.);
#1857 = EDGE_CURVE('',#1825,#1858,#1860,.T.);
#1858 = VERTEX_POINT('',#1859);
#1859 = CARTESIAN_POINT('',(27.10076433121,1.644383426247,6.272188972637
    ));
#1860 = B_SPLINE_CURVE_WITH_KNOTS('',2,(#1861,#1862,#1863),
  .UNSPECIFIED.,.F.,.F.,(3,3),(0.,1.),.PIECEWISE_BEZIER_KNOTS.);
#1861 = CARTESIAN_POINT('',(27.647261146497,0.902831472183,
    4.234791723493));
#1862 = CARTESIAN_POINT('',(27.10076433121,1.129044030673,4.856305619942
    ));
#1863 = CARTESIAN_POINT('',(27.10076433121,1.644383426247,6.272188972637
    ));
#1864 = ORIENTED_EDGE('',*,*,#1865,.F.);
#1865 = EDGE_CURVE('',#1866,#1858,#1868,.T.);
#1866 = VERTEX_POINT('',#1867);
#1867 = CARTESIAN_POINT('',(27.10076433121,2.396137522876,5.998572857976
    ));
#1868 = LINE('',#1869,#1870);
#1869 = CARTESIAN_POINT('',(27.10076433121,2.396137522876,5.998572857976
    ));
#1870 = VECTOR('',#1871,1.);
#1871 = DIRECTION('',(0.,-0.939692620786,0.342020143326));
#1872 = ORIENTED_EDGE('',*,*,#1873,.F.);
#1873 = EDGE_CURVE('',#1833,#1866,#1874,.T.);
#1874 = B_SPLINE_CURVE_WITH_KNOTS('',2,(#1875,#1876,#1877),
  .UNSPECIFIED.,.F.,.F.,(3,3),(0.,1.),.PIECEWISE_BEZIER_KNOTS.);
#1875 = CARTESIAN_POINT('',(27.647261146497,1.654585568812,
    3.961175608833));
#1876 = CARTESIAN_POINT('',(27.10076433121,1.880798127302,4.582689505281
    ));
#1877 = CARTESIAN_POINT('',(27.10076433121,2.396137522876,5.998572857976
    ));
#1878 = SURFACE_OF_LINEAR_EXTRUSION('',#1879,#1883);
#1879 = B_SPLINE_CURVE_WITH_KNOTS('',2,(#1880,#1881,#1882),
  .UNSPECIFIED.,.F.,.F.,(3,3),(0.,1.),.PIECEWISE_BEZIER_KNOTS.);
#1880 = CARTESIAN_POINT('',(27.647261146497,1.654585568812,
    3.961175608833));
#1881 = CARTESIAN_POINT('',(27.10076433121,1.880798127302,4.582689505281
    ));
#1882 = CARTESIAN_POINT('',(27.10076433121,2.396137522876,5.998572857976
    ));
#1883 = VECTOR('',#1884,1.);
#1884 = DIRECTION('',(-0.,0.939692620786,-0.342020143326));
#1885 = ADVANCED_FACE('',(#1886),#1911,.T.);
#1886 = FACE_BOUND('',#1887,.T.);
#1887 = EDGE_LOOP('',(#1888,#1889,#1897,#1905));
#1888 = ORIENTED_EDGE('',*,*,#1865,.T.);
#1889 = ORIENTED_EDGE('',*,*,#1890,.T.);
#1890 = EDGE_CURVE('',#1858,#1891,#1893,.T.);
#1891 = VERTEX_POINT('',#1892);
#1892 = CARTESIAN_POINT('',(27.670191082803,2.406238741685,
    8.365369248695));
#1893 = B_SPLINE_CURVE_WITH_KNOTS('',2,(#1894,#1895,#1896),
  .UNSPECIFIED.,.F.,.F.,(3,3),(0.,1.),.PIECEWISE_BEZIER_KNOTS.);
#1894 = CARTESIAN_POINT('',(27.10076433121,1.644383426247,6.272188972637
    ));
#1895 = CARTESIAN_POINT('',(27.10076433121,2.172880794214,7.724223557367
    ));
#1896 = CARTESIAN_POINT('',(27.670191082803,2.406238741685,
    8.365369248695));
#1897 = ORIENTED_EDGE('',*,*,#1898,.F.);
#1898 = EDGE_CURVE('',#1899,#1891,#1901,.T.);
#1899 = VERTEX_POINT('',#1900);
#1900 = CARTESIAN_POINT('',(27.670191082803,3.157992838314,
    8.091753134035));
#1901 = LINE('',#1902,#1903);
#1902 = CARTESIAN_POINT('',(27.670191082803,3.157992838314,
    8.091753134035));
#1903 = VECTOR('',#1904,1.);
#1904 = DIRECTION('',(0.,-0.939692620786,0.342020143326));
#1905 = ORIENTED_EDGE('',*,*,#1906,.F.);
#1906 = EDGE_CURVE('',#1866,#1899,#1907,.T.);
#1907 = B_SPLINE_CURVE_WITH_KNOTS('',2,(#1908,#1909,#1910),
  .UNSPECIFIED.,.F.,.F.,(3,3),(0.,1.),.PIECEWISE_BEZIER_KNOTS.);
#1908 = CARTESIAN_POINT('',(27.10076433121,2.396137522876,5.998572857976
    ));
#1909 = CARTESIAN_POINT('',(27.10076433121,2.924634890843,7.450607442706
    ));
#1910 = CARTESIAN_POINT('',(27.670191082803,3.157992838314,
    8.091753134035));
#1911 = SURFACE_OF_LINEAR_EXTRUSION('',#1912,#1916);
#1912 = B_SPLINE_CURVE_WITH_KNOTS('',2,(#1913,#1914,#1915),
  .UNSPECIFIED.,.F.,.F.,(3,3),(0.,1.),.PIECEWISE_BEZIER_KNOTS.);
#1913 = CARTESIAN_POINT('',(27.10076433121,2.396137522876,5.998572857976
    ));
#1914 = CARTESIAN_POINT('',(27.10076433121,2.924634890843,7.450607442706
    ));
#1915 = CARTESIAN_POINT('',(27.670191082803,3.157992838314,
    8.091753134035));
#1916 = VECTOR('',#1917,1.);
#1917 = DIRECTION('',(-0.,0.939692620786,-0.342020143326));
#1918 = ADVANCED_FACE('',(#1919),#1944,.T.);
#1919 = FACE_BOUND('',#1920,.T.);
#1920 = EDGE_LOOP('',(#1921,#1922,#1930,#1938));
#1921 = ORIENTED_EDGE('',*,*,#1898,.T.);
#1922 = ORIENTED_EDGE('',*,*,#1923,.T.);
#1923 = EDGE_CURVE('',#1891,#1924,#1926,.T.);
#1924 = VERTEX_POINT('',#1925);
#1925 = CARTESIAN_POINT('',(29.149171974522,2.639683828047,
    9.006754352157));
#1926 = B_SPLINE_CURVE_WITH_KNOTS('',2,(#1927,#1928,#1929),
  .UNSPECIFIED.,.F.,.F.,(3,3),(0.,1.),.PIECEWISE_BEZIER_KNOTS.);
#1927 = CARTESIAN_POINT('',(27.670191082803,2.406238741685,
    8.365369248695));
#1928 = CARTESIAN_POINT('',(28.239617834395,2.639683828047,
    9.006754352157));
#1929 = CARTESIAN_POINT('',(29.149171974522,2.639683828047,
    9.006754352157));
#1930 = ORIENTED_EDGE('',*,*,#1931,.F.);
#1931 = EDGE_CURVE('',#1932,#1924,#1934,.T.);
#1932 = VERTEX_POINT('',#1933);
#1933 = CARTESIAN_POINT('',(29.149171974522,3.391437924676,
    8.733138237496));
#1934 = LINE('',#1935,#1936);
#1935 = CARTESIAN_POINT('',(29.149171974522,3.391437924676,
    8.733138237496));
#1936 = VECTOR('',#1937,1.);
#1937 = DIRECTION('',(0.,-0.939692620786,0.342020143326));
#1938 = ORIENTED_EDGE('',*,*,#1939,.F.);
#1939 = EDGE_CURVE('',#1899,#1932,#1940,.T.);
#1940 = B_SPLINE_CURVE_WITH_KNOTS('',2,(#1941,#1942,#1943),
  .UNSPECIFIED.,.F.,.F.,(3,3),(0.,1.),.PIECEWISE_BEZIER_KNOTS.);
#1941 = CARTESIAN_POINT('',(27.670191082803,3.157992838314,
    8.091753134035));
#1942 = CARTESIAN_POINT('',(28.239617834395,3.391437924676,
    8.733138237496));
#1943 = CARTESIAN_POINT('',(29.149171974522,3.391437924676,
    8.733138237496));
#1944 = SURFACE_OF_LINEAR_EXTRUSION('',#1945,#1949);
#1945 = B_SPLINE_CURVE_WITH_KNOTS('',2,(#1946,#1947,#1948),
  .UNSPECIFIED.,.F.,.F.,(3,3),(0.,1.),.PIECEWISE_BEZIER_KNOTS.);
#1946 = CARTESIAN_POINT('',(27.670191082803,3.157992838314,
    8.091753134035));
#1947 = CARTESIAN_POINT('',(28.239617834395,3.391437924676,
    8.733138237496));
#1948 = CARTESIAN_POINT('',(29.149171974522,3.391437924676,
    8.733138237496));
#1949 = VECTOR('',#1950,1.);
#1950 = DIRECTION('',(-0.,0.939692620786,-0.342020143326));
#1951 = ADVANCED_FACE('',(#1952),#1977,.T.);
#1952 = FACE_BOUND('',#1953,.T.);
#1953 = EDGE_LOOP('',(#1954,#1955,#1963,#1971));
#1954 = ORIENTED_EDGE('',*,*,#1931,.T.);
#1955 = ORIENTED_EDGE('',*,*,#1956,.T.);
#1956 = EDGE_CURVE('',#1924,#1957,#1959,.T.);
#1957 = VERTEX_POINT('',#1958);
#1958 = CARTESIAN_POINT('',(30.205732484076,2.51673085423,8.668943832939
    ));
#1959 = B_SPLINE_CURVE_WITH_KNOTS('',2,(#1960,#1961,#1962),
  .UNSPECIFIED.,.F.,.F.,(3,3),(0.,1.),.PIECEWISE_BEZIER_KNOTS.);
#1960 = CARTESIAN_POINT('',(29.149171974522,2.639683828047,
    9.006754352157));
#1961 = CARTESIAN_POINT('',(29.787388535032,2.639683828047,
    9.006754352157));
#1962 = CARTESIAN_POINT('',(30.205732484076,2.51673085423,8.668943832939
    ));
#1963 = ORIENTED_EDGE('',*,*,#1964,.F.);
#1964 = EDGE_CURVE('',#1965,#1957,#1967,.T.);
#1965 = VERTEX_POINT('',#1966);
#1966 = CARTESIAN_POINT('',(30.205732484076,3.268484950859,
    8.395327718279));
#1967 = LINE('',#1968,#1969);
#1968 = CARTESIAN_POINT('',(30.205732484076,3.268484950859,
    8.395327718279));
#1969 = VECTOR('',#1970,1.);
#1970 = DIRECTION('',(0.,-0.939692620786,0.342020143326));
#1971 = ORIENTED_EDGE('',*,*,#1972,.F.);
#1972 = EDGE_CURVE('',#1932,#1965,#1973,.T.);
#1973 = B_SPLINE_CURVE_WITH_KNOTS('',2,(#1974,#1975,#1976),
  .UNSPECIFIED.,.F.,.F.,(3,3),(0.,1.),.PIECEWISE_BEZIER_KNOTS.);
#1974 = CARTESIAN_POINT('',(29.149171974522,3.391437924676,
    8.733138237496));
#1975 = CARTESIAN_POINT('',(29.787388535032,3.391437924676,
    8.733138237496));
#1976 = CARTESIAN_POINT('',(30.205732484076,3.268484950859,
    8.395327718279));
#1977 = SURFACE_OF_LINEAR_EXTRUSION('',#1978,#1982);
#1978 = B_SPLINE_CURVE_WITH_KNOTS('',2,(#1979,#1980,#1981),
  .UNSPECIFIED.,.F.,.F.,(3,3),(0.,1.),.PIECEWISE_BEZIER_KNOTS.);
#1979 = CARTESIAN_POINT('',(29.149171974522,3.391437924676,
    8.733138237496));
#1980 = CARTESIAN_POINT('',(29.787388535032,3.391437924676,
    8.733138237496));
#1981 = CARTESIAN_POINT('',(30.205732484076,3.268484950859,
    8.395327718279));
#1982 = VECTOR('',#1983,1.);
#1983 = DIRECTION('',(-0.,0.939692620786,-0.342020143326));
#1984 = ADVANCED_FACE('',(#1985),#2001,.T.);
#1985 = FACE_BOUND('',#1986,.T.);
#1986 = EDGE_LOOP('',(#1987,#1988,#1994,#1995));
#1987 = ORIENTED_EDGE('',*,*,#1964,.T.);
#1988 = ORIENTED_EDGE('',*,*,#1989,.T.);
#1989 = EDGE_CURVE('',#1957,#1489,#1990,.T.);
#1990 = B_SPLINE_CURVE_WITH_KNOTS('',2,(#1991,#1992,#1993),
  .UNSPECIFIED.,.F.,.F.,(3,3),(0.,1.),.PIECEWISE_BEZIER_KNOTS.);
#1991 = CARTESIAN_POINT('',(30.205732484076,2.51673085423,8.668943832939
    ));
#1992 = CARTESIAN_POINT('',(30.624331210191,2.393865019303,
    8.331372725854));
#1993 = CARTESIAN_POINT('',(30.73898089172,2.159809960711,7.688311737464
    ));
#1994 = ORIENTED_EDGE('',*,*,#1486,.F.);
#1995 = ORIENTED_EDGE('',*,*,#1996,.F.);
#1996 = EDGE_CURVE('',#1965,#1487,#1997,.T.);
#1997 = B_SPLINE_CURVE_WITH_KNOTS('',2,(#1998,#1999,#2000),
  .UNSPECIFIED.,.F.,.F.,(3,3),(0.,1.),.PIECEWISE_BEZIER_KNOTS.);
#1998 = CARTESIAN_POINT('',(30.205732484076,3.268484950859,
    8.395327718279));
#1999 = CARTESIAN_POINT('',(30.624331210191,3.145619115931,
    8.057756611194));
#2000 = CARTESIAN_POINT('',(30.73898089172,2.91156405734,7.414695622804)
  );
#2001 = SURFACE_OF_LINEAR_EXTRUSION('',#2002,#2006);
#2002 = B_SPLINE_CURVE_WITH_KNOTS('',2,(#2003,#2004,#2005),
  .UNSPECIFIED.,.F.,.F.,(3,3),(0.,1.),.PIECEWISE_BEZIER_KNOTS.);
#2003 = CARTESIAN_POINT('',(30.205732484076,3.268484950859,
    8.395327718279));
#2004 = CARTESIAN_POINT('',(30.624331210191,3.145619115931,
    8.057756611194));
#2005 = CARTESIAN_POINT('',(30.73898089172,2.91156405734,7.414695622804)
  );
#2006 = VECTOR('',#2007,1.);
#2007 = DIRECTION('',(-0.,0.939692620786,-0.342020143326));
#2008 = ADVANCED_FACE('',(#2009),#2027,.F.);
#2009 = FACE_BOUND('',#2010,.T.);
#2010 = EDGE_LOOP('',(#2011,#2012,#2013,#2014,#2015,#2016,#2017,#2018,
    #2019,#2020,#2021,#2022,#2023,#2024,#2025,#2026));
#2011 = ORIENTED_EDGE('',*,*,#1512,.T.);
#2012 = ORIENTED_EDGE('',*,*,#1543,.T.);
#2013 = ORIENTED_EDGE('',*,*,#1576,.T.);
#2014 = ORIENTED_EDGE('',*,*,#1609,.T.);
#2015 = ORIENTED_EDGE('',*,*,#1642,.T.);
#2016 = ORIENTED_EDGE('',*,*,#1675,.T.);
#2017 = ORIENTED_EDGE('',*,*,#1708,.T.);
#2018 = ORIENTED_EDGE('',*,*,#1741,.T.);
#2019 = ORIENTED_EDGE('',*,*,#1774,.T.);
#2020 = ORIENTED_EDGE('',*,*,#1807,.T.);
#2021 = ORIENTED_EDGE('',*,*,#1840,.T.);
#2022 = ORIENTED_EDGE('',*,*,#1873,.T.);
#2023 = ORIENTED_EDGE('',*,*,#1906,.T.);
#2024 = ORIENTED_EDGE('',*,*,#1939,.T.);
#2025 = ORIENTED_EDGE('',*,*,#1972,.T.);
#2026 = ORIENTED_EDGE('',*,*,#1996,.T.);
#2027 = PLANE('',#2028);
#2028 = AXIS2_PLACEMENT_3D('',#2029,#2030,#2031);
#2029 = CARTESIAN_POINT('',(28.993063646923,2.51343073308,6.320833304469
    ));
#2030 = DIRECTION('',(0.,-0.939692620786,0.342020143326));
#2031 = DIRECTION('',(1.,0.,0.));
#2032 = ADVANCED_FACE('',(#2033),#2051,.T.);
#2033 = FACE_BOUND('',#2034,.F.);
#2034 = EDGE_LOOP('',(#2035,#2036,#2037,#2038,#2039,#2040,#2041,#2042,
    #2043,#2044,#2045,#2046,#2047,#2048,#2049,#2050));
#2035 = ORIENTED_EDGE('',*,*,#1496,.T.);
#2036 = ORIENTED_EDGE('',*,*,#1527,.T.);
#2037 = ORIENTED_EDGE('',*,*,#1560,.T.);
#2038 = ORIENTED_EDGE('',*,*,#1593,.T.);
#2039 = ORIENTED_EDGE('',*,*,#1626,.T.);
#2040 = ORIENTED_EDGE('',*,*,#1659,.T.);
#2041 = ORIENTED_EDGE('',*,*,#1692,.T.);
#2042 = ORIENTED_EDGE('',*,*,#1725,.T.);
#2043 = ORIENTED_EDGE('',*,*,#1758,.T.);
#2044 = ORIENTED_EDGE('',*,*,#1791,.T.);
#2045 = ORIENTED_EDGE('',*,*,#1824,.T.);
#2046 = ORIENTED_EDGE('',*,*,#1857,.T.);
#2047 = ORIENTED_EDGE('',*,*,#1890,.T.);
#2048 = ORIENTED_EDGE('',*,*,#1923,.T.);
#2049 = ORIENTED_EDGE('',*,*,#1956,.T.);
#2050 = ORIENTED_EDGE('',*,*,#1989,.T.);
#2051 = PLANE('',#2052);
#2052 = AXIS2_PLACEMENT_3D('',#2053,#2054,#2055);
#2053 = CARTESIAN_POINT('',(28.993063646923,1.761676636452,
    6.594449419129));
#2054 = DIRECTION('',(0.,-0.939692620786,0.342020143326));
#2055 = DIRECTION('',(1.,0.,0.));
#2056 = MANIFOLD_SOLID_BREP('',#2057);
#2057 = CLOSED_SHELL('',(#2058,#2100,#2133,#2166,#2199,#2232,#2265,#2298
    ,#2322,#2338));
#2058 = ADVANCED_FACE('',(#2059),#2093,.F.);
#2059 = FACE_BOUND('',#2060,.F.);
#2060 = EDGE_LOOP('',(#2061,#2071,#2079,#2087));
#2061 = ORIENTED_EDGE('',*,*,#2062,.T.);
#2062 = EDGE_CURVE('',#2063,#2065,#2067,.T.);
#2063 = VERTEX_POINT('',#2064);
#2064 = CARTESIAN_POINT('',(28.304585987261,2.106400713561,
    5.202527516801));
#2065 = VERTEX_POINT('',#2066);
#2066 = CARTESIAN_POINT('',(28.304585987261,1.354646616933,
    5.476143631461));
#2067 = LINE('',#2068,#2069);
#2068 = CARTESIAN_POINT('',(28.304585987261,2.106400713561,
    5.202527516801));
#2069 = VECTOR('',#2070,1.);
#2070 = DIRECTION('',(0.,-0.939692620786,0.342020143326));
#2071 = ORIENTED_EDGE('',*,*,#2072,.T.);
#2072 = EDGE_CURVE('',#2065,#2073,#2075,.T.);
#2073 = VERTEX_POINT('',#2074);
#2074 = CARTESIAN_POINT('',(28.545350318471,1.080071974482,
    4.721756001373));
#2075 = B_SPLINE_CURVE_WITH_KNOTS('',2,(#2076,#2077,#2078),
  .UNSPECIFIED.,.F.,.F.,(3,3),(0.,1.),.PIECEWISE_BEZIER_KNOTS.);
#2076 = CARTESIAN_POINT('',(28.304585987261,1.354646616933,
    5.476143631461));
#2077 = CARTESIAN_POINT('',(28.304585987261,1.176796142403,
    4.987503468653));
#2078 = CARTESIAN_POINT('',(28.545350318471,1.080071974482,
    4.721756001373));
#2079 = ORIENTED_EDGE('',*,*,#2080,.F.);
#2080 = EDGE_CURVE('',#2081,#2073,#2083,.T.);
#2081 = VERTEX_POINT('',#2082);
#2082 = CARTESIAN_POINT('',(28.545350318471,1.831826071111,
    4.448139886712));
#2083 = LINE('',#2084,#2085);
#2084 = CARTESIAN_POINT('',(28.545350318471,1.831826071111,
    4.448139886712));
#2085 = VECTOR('',#2086,1.);
#2086 = DIRECTION('',(0.,-0.939692620786,0.342020143326));
#2087 = ORIENTED_EDGE('',*,*,#2088,.F.);
#2088 = EDGE_CURVE('',#2063,#2081,#2089,.T.);
#2089 = B_SPLINE_CURVE_WITH_KNOTS('',2,(#2090,#2091,#2092),
  .UNSPECIFIED.,.F.,.F.,(3,3),(0.,1.),.PIECEWISE_BEZIER_KNOTS.);
#2090 = CARTESIAN_POINT('',(28.304585987261,2.106400713561,
    5.202527516801));
#2091 = CARTESIAN_POINT('',(28.304585987261,1.928550239032,
    4.713887353992));
#2092 = CARTESIAN_POINT('',(28.545350318471,1.831826071111,
    4.448139886712));
#2093 = SURFACE_OF_LINEAR_EXTRUSION('',#2094,#2098);
#2094 = B_SPLINE_CURVE_WITH_KNOTS('',2,(#2095,#2096,#2097),
  .UNSPECIFIED.,.F.,.F.,(3,3),(0.,1.),.PIECEWISE_BEZIER_KNOTS.);
#2095 = CARTESIAN_POINT('',(28.304585987261,2.106400713561,
    5.202527516801));
#2096 = CARTESIAN_POINT('',(28.304585987261,1.928550239032,
    4.713887353992));
#2097 = CARTESIAN_POINT('',(28.545350318471,1.831826071111,
    4.448139886712));
#2098 = VECTOR('',#2099,1.);
#2099 = DIRECTION('',(-0.,0.939692620786,-0.342020143326));
#2100 = ADVANCED_FACE('',(#2101),#2126,.F.);
#2101 = FACE_BOUND('',#2102,.F.);
#2102 = EDGE_LOOP('',(#2103,#2104,#2112,#2120));
#2103 = ORIENTED_EDGE('',*,*,#2080,.T.);
#2104 = ORIENTED_EDGE('',*,*,#2105,.T.);
#2105 = EDGE_CURVE('',#2073,#2106,#2108,.T.);
#2106 = VERTEX_POINT('',#2107);
#2107 = CARTESIAN_POINT('',(29.095668789809,0.983347806561,
    4.456008534093));
#2108 = B_SPLINE_CURVE_WITH_KNOTS('',2,(#2109,#2110,#2111),
  .UNSPECIFIED.,.F.,.F.,(3,3),(0.,1.),.PIECEWISE_BEZIER_KNOTS.);
#2109 = CARTESIAN_POINT('',(28.545350318471,1.080071974482,
    4.721756001373));
#2110 = CARTESIAN_POINT('',(28.786114649682,0.983347806561,
    4.456008534093));
#2111 = CARTESIAN_POINT('',(29.095668789809,0.983347806561,
    4.456008534093));
#2112 = ORIENTED_EDGE('',*,*,#2113,.F.);
#2113 = EDGE_CURVE('',#2114,#2106,#2116,.T.);
#2114 = VERTEX_POINT('',#2115);
#2115 = CARTESIAN_POINT('',(29.095668789809,1.735101903189,
    4.182392419433));
#2116 = LINE('',#2117,#2118);
#2117 = CARTESIAN_POINT('',(29.095668789809,1.735101903189,
    4.182392419433));
#2118 = VECTOR('',#2119,1.);
#2119 = DIRECTION('',(0.,-0.939692620786,0.342020143326));
#2120 = ORIENTED_EDGE('',*,*,#2121,.F.);
#2121 = EDGE_CURVE('',#2081,#2114,#2122,.T.);
#2122 = B_SPLINE_CURVE_WITH_KNOTS('',2,(#2123,#2124,#2125),
  .UNSPECIFIED.,.F.,.F.,(3,3),(0.,1.),.PIECEWISE_BEZIER_KNOTS.);
#2123 = CARTESIAN_POINT('',(28.545350318471,1.831826071111,
    4.448139886712));
#2124 = CARTESIAN_POINT('',(28.786114649682,1.735101903189,
    4.182392419433));
#2125 = CARTESIAN_POINT('',(29.095668789809,1.735101903189,
    4.182392419433));
#2126 = SURFACE_OF_LINEAR_EXTRUSION('',#2127,#2131);
#2127 = B_SPLINE_CURVE_WITH_KNOTS('',2,(#2128,#2129,#2130),
  .UNSPECIFIED.,.F.,.F.,(3,3),(0.,1.),.PIECEWISE_BEZIER_KNOTS.);
#2128 = CARTESIAN_POINT('',(28.545350318471,1.831826071111,
    4.448139886712));
#2129 = CARTESIAN_POINT('',(28.786114649682,1.735101903189,
    4.182392419433));
#2130 = CARTESIAN_POINT('',(29.095668789809,1.735101903189,
    4.182392419433));
#2131 = VECTOR('',#2132,1.);
#2132 = DIRECTION('',(-0.,0.939692620786,-0.342020143326));
#2133 = ADVANCED_FACE('',(#2134),#2159,.F.);
#2134 = FACE_BOUND('',#2135,.F.);
#2135 = EDGE_LOOP('',(#2136,#2137,#2145,#2153));
#2136 = ORIENTED_EDGE('',*,*,#2113,.T.);
#2137 = ORIENTED_EDGE('',*,*,#2138,.T.);
#2138 = EDGE_CURVE('',#2106,#2139,#2141,.T.);
#2139 = VERTEX_POINT('',#2140);
#2140 = CARTESIAN_POINT('',(29.592484076433,1.062557057588,
    4.673634162703));
#2141 = B_SPLINE_CURVE_WITH_KNOTS('',2,(#2142,#2143,#2144),
  .UNSPECIFIED.,.F.,.F.,(3,3),(0.,1.),.PIECEWISE_BEZIER_KNOTS.);
#2142 = CARTESIAN_POINT('',(29.095668789809,0.983347806561,
    4.456008534093));
#2143 = CARTESIAN_POINT('',(29.393757961783,0.983347806561,
    4.456008534093));
#2144 = CARTESIAN_POINT('',(29.592484076433,1.062557057588,
    4.673634162703));
#2145 = ORIENTED_EDGE('',*,*,#2146,.F.);
#2146 = EDGE_CURVE('',#2147,#2139,#2149,.T.);
#2147 = VERTEX_POINT('',#2148);
#2148 = CARTESIAN_POINT('',(29.592484076433,1.814311154217,
    4.400018048043));
#2149 = LINE('',#2150,#2151);
#2150 = CARTESIAN_POINT('',(29.592484076433,1.814311154217,
    4.400018048043));
#2151 = VECTOR('',#2152,1.);
#2152 = DIRECTION('',(0.,-0.939692620786,0.342020143326));
#2153 = ORIENTED_EDGE('',*,*,#2154,.F.);
#2154 = EDGE_CURVE('',#2114,#2147,#2155,.T.);
#2155 = B_SPLINE_CURVE_WITH_KNOTS('',2,(#2156,#2157,#2158),
  .UNSPECIFIED.,.F.,.F.,(3,3),(0.,1.),.PIECEWISE_BEZIER_KNOTS.);
#2156 = CARTESIAN_POINT('',(29.095668789809,1.735101903189,
    4.182392419433));
#2157 = CARTESIAN_POINT('',(29.393757961783,1.735101903189,
    4.182392419433));
#2158 = CARTESIAN_POINT('',(29.592484076433,1.814311154217,
    4.400018048043));
#2159 = SURFACE_OF_LINEAR_EXTRUSION('',#2160,#2164);
#2160 = B_SPLINE_CURVE_WITH_KNOTS('',2,(#2161,#2162,#2163),
  .UNSPECIFIED.,.F.,.F.,(3,3),(0.,1.),.PIECEWISE_BEZIER_KNOTS.);
#2161 = CARTESIAN_POINT('',(29.095668789809,1.735101903189,
    4.182392419433));
#2162 = CARTESIAN_POINT('',(29.393757961783,1.735101903189,
    4.182392419433));
#2163 = CARTESIAN_POINT('',(29.592484076433,1.814311154217,
    4.400018048043));
#2164 = VECTOR('',#2165,1.);
#2165 = DIRECTION('',(-0.,0.939692620786,-0.342020143326));
#2166 = ADVANCED_FACE('',(#2167),#2192,.F.);
#2167 = FACE_BOUND('',#2168,.F.);
#2168 = EDGE_LOOP('',(#2169,#2170,#2178,#2186));
#2169 = ORIENTED_EDGE('',*,*,#2146,.T.);
#2170 = ORIENTED_EDGE('',*,*,#2171,.T.);
#2171 = EDGE_CURVE('',#2139,#2172,#2174,.T.);
#2172 = VERTEX_POINT('',#2173);
#2173 = CARTESIAN_POINT('',(29.791210191083,1.322143810956,5.38684290597
    ));
#2174 = B_SPLINE_CURVE_WITH_KNOTS('',2,(#2175,#2176,#2177),
  .UNSPECIFIED.,.F.,.F.,(3,3),(0.,1.),.PIECEWISE_BEZIER_KNOTS.);
#2175 = CARTESIAN_POINT('',(29.592484076433,1.062557057588,
    4.673634162703));
#2176 = CARTESIAN_POINT('',(29.791210191083,1.141766308616,
    4.891259791313));
#2177 = CARTESIAN_POINT('',(29.791210191083,1.322143810956,5.38684290597
    ));
#2178 = ORIENTED_EDGE('',*,*,#2179,.F.);
#2179 = EDGE_CURVE('',#2180,#2172,#2182,.T.);
#2180 = VERTEX_POINT('',#2181);
#2181 = CARTESIAN_POINT('',(29.791210191083,2.073897907584,
    5.113226791309));
#2182 = LINE('',#2183,#2184);
#2183 = CARTESIAN_POINT('',(29.791210191083,2.073897907584,
    5.113226791309));
#2184 = VECTOR('',#2185,1.);
#2185 = DIRECTION('',(0.,-0.939692620786,0.342020143326));
#2186 = ORIENTED_EDGE('',*,*,#2187,.F.);
#2187 = EDGE_CURVE('',#2147,#2180,#2188,.T.);
#2188 = B_SPLINE_CURVE_WITH_KNOTS('',2,(#2189,#2190,#2191),
  .UNSPECIFIED.,.F.,.F.,(3,3),(0.,1.),.PIECEWISE_BEZIER_KNOTS.);
#2189 = CARTESIAN_POINT('',(29.592484076433,1.814311154217,
    4.400018048043));
#2190 = CARTESIAN_POINT('',(29.791210191083,1.893520405244,
    4.617643676653));
#2191 = CARTESIAN_POINT('',(29.791210191083,2.073897907584,
    5.113226791309));
#2192 = SURFACE_OF_LINEAR_EXTRUSION('',#2193,#2197);
#2193 = B_SPLINE_CURVE_WITH_KNOTS('',2,(#2194,#2195,#2196),
  .UNSPECIFIED.,.F.,.F.,(3,3),(0.,1.),.PIECEWISE_BEZIER_KNOTS.);
#2194 = CARTESIAN_POINT('',(29.592484076433,1.814311154217,
    4.400018048043));
#2195 = CARTESIAN_POINT('',(29.791210191083,1.893520405244,
    4.617643676653));
#2196 = CARTESIAN_POINT('',(29.791210191083,2.073897907584,
    5.113226791309));
#2197 = VECTOR('',#2198,1.);
#2198 = DIRECTION('',(-0.,0.939692620786,-0.342020143326));
#2199 = ADVANCED_FACE('',(#2200),#2225,.F.);
#2200 = FACE_BOUND('',#2201,.F.);
#2201 = EDGE_LOOP('',(#2202,#2203,#2211,#2219));
#2202 = ORIENTED_EDGE('',*,*,#2179,.T.);
#2203 = ORIENTED_EDGE('',*,*,#2204,.T.);
#2204 = EDGE_CURVE('',#2172,#2205,#2207,.T.);
#2205 = VERTEX_POINT('',#2206);
#2206 = CARTESIAN_POINT('',(29.577197452229,1.594104286706,
    6.134048172078));
#2207 = B_SPLINE_CURVE_WITH_KNOTS('',2,(#2208,#2209,#2210),
  .UNSPECIFIED.,.F.,.F.,(3,3),(0.,1.),.PIECEWISE_BEZIER_KNOTS.);
#2208 = CARTESIAN_POINT('',(29.791210191083,1.322143810956,5.38684290597
    ));
#2209 = CARTESIAN_POINT('',(29.791210191083,1.507836785587,5.89703016072
    ));
#2210 = CARTESIAN_POINT('',(29.577197452229,1.594104286706,
    6.134048172078));
#2211 = ORIENTED_EDGE('',*,*,#2212,.F.);
#2212 = EDGE_CURVE('',#2213,#2205,#2215,.T.);
#2213 = VERTEX_POINT('',#2214);
#2214 = CARTESIAN_POINT('',(29.577197452229,2.345858383334,
    5.860432057417));
#2215 = LINE('',#2216,#2217);
#2216 = CARTESIAN_POINT('',(29.577197452229,2.345858383334,
    5.860432057417));
#2217 = VECTOR('',#2218,1.);
#2218 = DIRECTION('',(0.,-0.939692620786,0.342020143326));
#2219 = ORIENTED_EDGE('',*,*,#2220,.F.);
#2220 = EDGE_CURVE('',#2180,#2213,#2221,.T.);
#2221 = B_SPLINE_CURVE_WITH_KNOTS('',2,(#2222,#2223,#2224),
  .UNSPECIFIED.,.F.,.F.,(3,3),(0.,1.),.PIECEWISE_BEZIER_KNOTS.);
#2222 = CARTESIAN_POINT('',(29.791210191083,2.073897907584,
    5.113226791309));
#2223 = CARTESIAN_POINT('',(29.791210191083,2.259590882215,5.62341404606
    ));
#2224 = CARTESIAN_POINT('',(29.577197452229,2.345858383334,
    5.860432057417));
#2225 = SURFACE_OF_LINEAR_EXTRUSION('',#2226,#2230);
#2226 = B_SPLINE_CURVE_WITH_KNOTS('',2,(#2227,#2228,#2229),
  .UNSPECIFIED.,.F.,.F.,(3,3),(0.,1.),.PIECEWISE_BEZIER_KNOTS.);
#2227 = CARTESIAN_POINT('',(29.791210191083,2.073897907584,
    5.113226791309));
#2228 = CARTESIAN_POINT('',(29.791210191083,2.259590882215,5.62341404606
    ));
#2229 = CARTESIAN_POINT('',(29.577197452229,2.345858383334,
    5.860432057417));
#2230 = VECTOR('',#2231,1.);
#2231 = DIRECTION('',(-0.,0.939692620786,-0.342020143326));
#2232 = ADVANCED_FACE('',(#2233),#2258,.F.);
#2233 = FACE_BOUND('',#2234,.F.);
#2234 = EDGE_LOOP('',(#2235,#2236,#2244,#2252));
#2235 = ORIENTED_EDGE('',*,*,#2212,.T.);
#2236 = ORIENTED_EDGE('',*,*,#2237,.T.);
#2237 = EDGE_CURVE('',#2205,#2238,#2240,.T.);
#2238 = VERTEX_POINT('',#2239);
#2239 = CARTESIAN_POINT('',(29.042165605096,1.680458926715,
    6.371305595568));
#2240 = B_SPLINE_CURVE_WITH_KNOTS('',2,(#2241,#2242,#2243),
  .UNSPECIFIED.,.F.,.F.,(3,3),(0.,1.),.PIECEWISE_BEZIER_KNOTS.);
#2241 = CARTESIAN_POINT('',(29.577197452229,1.594104286706,
    6.134048172078));
#2242 = CARTESIAN_POINT('',(29.363184713376,1.680458926715,
    6.371305595568));
#2243 = CARTESIAN_POINT('',(29.042165605096,1.680458926715,
    6.371305595568));
#2244 = ORIENTED_EDGE('',*,*,#2245,.F.);
#2245 = EDGE_CURVE('',#2246,#2238,#2248,.T.);
#2246 = VERTEX_POINT('',#2247);
#2247 = CARTESIAN_POINT('',(29.042165605096,2.432213023344,
    6.097689480907));
#2248 = LINE('',#2249,#2250);
#2249 = CARTESIAN_POINT('',(29.042165605096,2.432213023344,
    6.097689480907));
#2250 = VECTOR('',#2251,1.);
#2251 = DIRECTION('',(0.,-0.939692620786,0.342020143326));
#2252 = ORIENTED_EDGE('',*,*,#2253,.F.);
#2253 = EDGE_CURVE('',#2213,#2246,#2254,.T.);
#2254 = B_SPLINE_CURVE_WITH_KNOTS('',2,(#2255,#2256,#2257),
  .UNSPECIFIED.,.F.,.F.,(3,3),(0.,1.),.PIECEWISE_BEZIER_KNOTS.);
#2255 = CARTESIAN_POINT('',(29.577197452229,2.345858383334,
    5.860432057417));
#2256 = CARTESIAN_POINT('',(29.363184713376,2.432213023344,
    6.097689480907));
#2257 = CARTESIAN_POINT('',(29.042165605096,2.432213023344,
    6.097689480907));
#2258 = SURFACE_OF_LINEAR_EXTRUSION('',#2259,#2263);
#2259 = B_SPLINE_CURVE_WITH_KNOTS('',2,(#2260,#2261,#2262),
  .UNSPECIFIED.,.F.,.F.,(3,3),(0.,1.),.PIECEWISE_BEZIER_KNOTS.);
#2260 = CARTESIAN_POINT('',(29.577197452229,2.345858383334,
    5.860432057417));
#2261 = CARTESIAN_POINT('',(29.363184713376,2.432213023344,
    6.097689480907));
#2262 = CARTESIAN_POINT('',(29.042165605096,2.432213023344,
    6.097689480907));
#2263 = VECTOR('',#2264,1.);
#2264 = DIRECTION('',(-0.,0.939692620786,-0.342020143326));
#2265 = ADVANCED_FACE('',(#2266),#2291,.F.);
#2266 = FACE_BOUND('',#2267,.F.);
#2267 = EDGE_LOOP('',(#2268,#2269,#2277,#2285));
#2268 = ORIENTED_EDGE('',*,*,#2245,.T.);
#2269 = ORIENTED_EDGE('',*,*,#2270,.T.);
#2270 = EDGE_CURVE('',#2238,#2271,#2273,.T.);
#2271 = VERTEX_POINT('',#2272);
#2272 = CARTESIAN_POINT('',(28.518598726115,1.598025536757,
    6.144821718048));
#2273 = B_SPLINE_CURVE_WITH_KNOTS('',2,(#2274,#2275,#2276),
  .UNSPECIFIED.,.F.,.F.,(3,3),(0.,1.),.PIECEWISE_BEZIER_KNOTS.);
#2274 = CARTESIAN_POINT('',(29.042165605096,1.680458926715,
    6.371305595568));
#2275 = CARTESIAN_POINT('',(28.732611464968,1.680458926715,
    6.371305595568));
#2276 = CARTESIAN_POINT('',(28.518598726115,1.598025536757,
    6.144821718048));
#2277 = ORIENTED_EDGE('',*,*,#2278,.F.);
#2278 = EDGE_CURVE('',#2279,#2271,#2281,.T.);
#2279 = VERTEX_POINT('',#2280);
#2280 = CARTESIAN_POINT('',(28.518598726115,2.349779633385,
    5.871205603388));
#2281 = LINE('',#2282,#2283);
#2282 = CARTESIAN_POINT('',(28.518598726115,2.349779633385,
    5.871205603388));
#2283 = VECTOR('',#2284,1.);
#2284 = DIRECTION('',(0.,-0.939692620786,0.342020143326));
#2285 = ORIENTED_EDGE('',*,*,#2286,.F.);
#2286 = EDGE_CURVE('',#2246,#2279,#2287,.T.);
#2287 = B_SPLINE_CURVE_WITH_KNOTS('',2,(#2288,#2289,#2290),
  .UNSPECIFIED.,.F.,.F.,(3,3),(0.,1.),.PIECEWISE_BEZIER_KNOTS.);
#2288 = CARTESIAN_POINT('',(29.042165605096,2.432213023344,
    6.097689480907));
#2289 = CARTESIAN_POINT('',(28.732611464968,2.432213023344,
    6.097689480907));
#2290 = CARTESIAN_POINT('',(28.518598726115,2.349779633385,
    5.871205603388));
#2291 = SURFACE_OF_LINEAR_EXTRUSION('',#2292,#2296);
#2292 = B_SPLINE_CURVE_WITH_KNOTS('',2,(#2293,#2294,#2295),
  .UNSPECIFIED.,.F.,.F.,(3,3),(0.,1.),.PIECEWISE_BEZIER_KNOTS.);
#2293 = CARTESIAN_POINT('',(29.042165605096,2.432213023344,
    6.097689480907));
#2294 = CARTESIAN_POINT('',(28.732611464968,2.432213023344,
    6.097689480907));
#2295 = CARTESIAN_POINT('',(28.518598726115,2.349779633385,
    5.871205603388));
#2296 = VECTOR('',#2297,1.);
#2297 = DIRECTION('',(-0.,0.939692620786,-0.342020143326));
#2298 = ADVANCED_FACE('',(#2299),#2315,.F.);
#2299 = FACE_BOUND('',#2300,.F.);
#2300 = EDGE_LOOP('',(#2301,#2302,#2308,#2309));
#2301 = ORIENTED_EDGE('',*,*,#2278,.T.);
#2302 = ORIENTED_EDGE('',*,*,#2303,.T.);
#2303 = EDGE_CURVE('',#2271,#2065,#2304,.T.);
#2304 = B_SPLINE_CURVE_WITH_KNOTS('',2,(#2305,#2306,#2307),
  .UNSPECIFIED.,.F.,.F.,(3,3),(0.,1.),.PIECEWISE_BEZIER_KNOTS.);
#2305 = CARTESIAN_POINT('',(28.518598726115,1.598025536757,
    6.144821718048));
#2306 = CARTESIAN_POINT('',(28.304585987261,1.515592146798,
    5.918337840529));
#2307 = CARTESIAN_POINT('',(28.304585987261,1.354646616933,
    5.476143631461));
#2308 = ORIENTED_EDGE('',*,*,#2062,.F.);
#2309 = ORIENTED_EDGE('',*,*,#2310,.F.);
#2310 = EDGE_CURVE('',#2279,#2063,#2311,.T.);
#2311 = B_SPLINE_CURVE_WITH_KNOTS('',2,(#2312,#2313,#2314),
  .UNSPECIFIED.,.F.,.F.,(3,3),(0.,1.),.PIECEWISE_BEZIER_KNOTS.);
#2312 = CARTESIAN_POINT('',(28.518598726115,2.349779633385,
    5.871205603388));
#2313 = CARTESIAN_POINT('',(28.304585987261,2.267346243427,
    5.644721725869));
#2314 = CARTESIAN_POINT('',(28.304585987261,2.106400713561,
    5.202527516801));
#2315 = SURFACE_OF_LINEAR_EXTRUSION('',#2316,#2320);
#2316 = B_SPLINE_CURVE_WITH_KNOTS('',2,(#2317,#2318,#2319),
  .UNSPECIFIED.,.F.,.F.,(3,3),(0.,1.),.PIECEWISE_BEZIER_KNOTS.);
#2317 = CARTESIAN_POINT('',(28.518598726115,2.349779633385,
    5.871205603388));
#2318 = CARTESIAN_POINT('',(28.304585987261,2.267346243427,
    5.644721725869));
#2319 = CARTESIAN_POINT('',(28.304585987261,2.106400713561,
    5.202527516801));
#2320 = VECTOR('',#2321,1.);
#2321 = DIRECTION('',(-0.,0.939692620786,-0.342020143326));
#2322 = ADVANCED_FACE('',(#2323),#2333,.T.);
#2323 = FACE_BOUND('',#2324,.F.);
#2324 = EDGE_LOOP('',(#2325,#2326,#2327,#2328,#2329,#2330,#2331,#2332));
#2325 = ORIENTED_EDGE('',*,*,#2088,.T.);
#2326 = ORIENTED_EDGE('',*,*,#2121,.T.);
#2327 = ORIENTED_EDGE('',*,*,#2154,.T.);
#2328 = ORIENTED_EDGE('',*,*,#2187,.T.);
#2329 = ORIENTED_EDGE('',*,*,#2220,.T.);
#2330 = ORIENTED_EDGE('',*,*,#2253,.T.);
#2331 = ORIENTED_EDGE('',*,*,#2286,.T.);
#2332 = ORIENTED_EDGE('',*,*,#2310,.T.);
#2333 = PLANE('',#2334);
#2334 = AXIS2_PLACEMENT_3D('',#2335,#2336,#2337);
#2335 = CARTESIAN_POINT('',(29.057476652354,2.085146071037,
    5.144130866405));
#2336 = DIRECTION('',(-0.,0.939692620786,-0.342020143326));
#2337 = DIRECTION('',(-1.,0.,0.));
#2338 = ADVANCED_FACE('',(#2339),#2349,.F.);
#2339 = FACE_BOUND('',#2340,.T.);
#2340 = EDGE_LOOP('',(#2341,#2342,#2343,#2344,#2345,#2346,#2347,#2348));
#2341 = ORIENTED_EDGE('',*,*,#2072,.T.);
#2342 = ORIENTED_EDGE('',*,*,#2105,.T.);
#2343 = ORIENTED_EDGE('',*,*,#2138,.T.);
#2344 = ORIENTED_EDGE('',*,*,#2171,.T.);
#2345 = ORIENTED_EDGE('',*,*,#2204,.T.);
#2346 = ORIENTED_EDGE('',*,*,#2237,.T.);
#2347 = ORIENTED_EDGE('',*,*,#2270,.T.);
#2348 = ORIENTED_EDGE('',*,*,#2303,.T.);
#2349 = PLANE('',#2350);
#2350 = AXIS2_PLACEMENT_3D('',#2351,#2352,#2353);
#2351 = CARTESIAN_POINT('',(29.057476652354,1.333391974408,
    5.417746981066));
#2352 = DIRECTION('',(-0.,0.939692620786,-0.342020143326));
#2353 = DIRECTION('',(-1.,0.,0.));
#2354 = ( GEOMETRIC_REPRESENTATION_CONTEXT(3) 
GLOBAL_UNCERTAINTY_ASSIGNED_CONTEXT((#2358)) 
GLOBAL_UNIT_ASSIGNED_CONTEXT((#2355,#2356,#2357)) REPRESENTATION_CONTEXT
('Context #1','3D Context with UNIT and UNCERTAINTY') );
#2355 = ( LENGTH_UNIT() NAMED_UNIT(*) SI_UNIT(.MILLI.,.METRE.) );
#2356 = ( NAMED_UNIT(*) PLANE_ANGLE_UNIT() SI_UNIT($,.RADIAN.) );
#2357 = ( NAMED_UNIT(*) SI_UNIT($,.STERADIAN.) SOLID_ANGLE_UNIT() );
#2358 = UNCERTAINTY_MEASURE_WITH_UNIT(LENGTH_MEASURE(1.E-07),#2355,
  'distance_accuracy_value','confusion accuracy');
#2359 = PRODUCT_RELATED_PRODUCT_CATEGORY('part',$,(#7));
ENDSEC;
END-ISO-10303-21;
