ISO-10303-21;
HEADER;
FILE_DESCRIPTION(('FreeCAD Model'),'2;1');
FILE_NAME('Open CASCADE Shape Model','2026-08-30T15:43:49',('FreeCAD'),(
    'FreeCAD'),'Open CASCADE STEP processor 7.8','FreeCAD','Unknown');
FILE_SCHEMA(('AUTOMOTIVE_DESIGN { 1 0 10303 214 1 1 1 1 }'));
ENDSEC;
DATA;
#1 = APPLICATION_PROTOCOL_DEFINITION('international standard',
  'automotive_design',2000,#2);
#2 = APPLICATION_CONTEXT(
  'core data for automotive mechanical design processes');
#3 = SHAPE_DEFINITION_REPRESENTATION(#4,#10);
#4 = PRODUCT_DEFINITION_SHAPE('','',#5);
#5 = PRODUCT_DEFINITION('design','',#6,#9);
#6 = PRODUCT_DEFINITION_FORMATION('','',#7);
#7 = PRODUCT('Open CASCADE STEP translator 7.8 141',
  'Open CASCADE STEP translator 7.8 141','',(#8));
#8 = PRODUCT_CONTEXT('',#2,'mechanical');
#9 = PRODUCT_DEFINITION_CONTEXT('part definition',#2,'design');
#10 = SHAPE_REPRESENTATION('',(#11,#15,#303,#1295,#1445,#1733,#2309),
  #2607);
#11 = AXIS2_PLACEMENT_3D('',#12,#13,#14);
#12 = CARTESIAN_POINT('',(0.,0.,0.));
#13 = DIRECTION('',(0.,0.,1.));
#14 = DIRECTION('',(1.,0.,-0.));
#15 = MANIFOLD_SOLID_BREP('',#16);
#16 = CLOSED_SHELL('',(#17,#57,#88,#121,#152,#185,#218,#249,#271,#287));
#17 = ADVANCED_FACE('',(#18),#52,.T.);
#18 = FACE_BOUND('',#19,.T.);
#19 = EDGE_LOOP('',(#20,#30,#38,#46));
#20 = ORIENTED_EDGE('',*,*,#21,.T.);
#21 = EDGE_CURVE('',#22,#24,#26,.T.);
#22 = VERTEX_POINT('',#23);
#23 = CARTESIAN_POINT('',(14.61898089172,1.461834344089,3.431595971335)
  );
#24 = VERTEX_POINT('',#25);
#25 = CARTESIAN_POINT('',(14.61898089172,0.71008024746,3.705212085995));
#26 = LINE('',#27,#28);
#27 = CARTESIAN_POINT('',(14.61898089172,1.461834344089,3.431595971335)
  );
#28 = VECTOR('',#29,1.);
#29 = DIRECTION('',(0.,-0.939692620786,0.342020143326));
#30 = ORIENTED_EDGE('',*,*,#31,.T.);
#31 = EDGE_CURVE('',#24,#32,#34,.T.);
#32 = VERTEX_POINT('',#33);
#33 = CARTESIAN_POINT('',(13.545095541401,0.71008024746,3.705212085995)
  );
#34 = LINE('',#35,#36);
#35 = CARTESIAN_POINT('',(14.61898089172,0.71008024746,3.705212085995));
#36 = VECTOR('',#37,1.);
#37 = DIRECTION('',(-1.,0.,0.));
#38 = ORIENTED_EDGE('',*,*,#39,.F.);
#39 = EDGE_CURVE('',#40,#32,#42,.T.);
#40 = VERTEX_POINT('',#41);
#41 = CARTESIAN_POINT('',(13.545095541401,1.461834344089,3.431595971335)
  );
#42 = LINE('',#43,#44);
#43 = CARTESIAN_POINT('',(13.545095541401,1.461834344089,3.431595971335)
  );
#44 = VECTOR('',#45,1.);
#45 = DIRECTION('',(0.,-0.939692620786,0.342020143326));
#46 = ORIENTED_EDGE('',*,*,#47,.F.);
#47 = EDGE_CURVE('',#22,#40,#48,.T.);
#48 = LINE('',#49,#50);
#49 = CARTESIAN_POINT('',(14.61898089172,1.461834344089,3.431595971335)
  );
#50 = VECTOR('',#51,1.);
#51 = DIRECTION('',(-1.,0.,0.));
#52 = PLANE('',#53);
#53 = AXIS2_PLACEMENT_3D('',#54,#55,#56);
#54 = CARTESIAN_POINT('',(14.61898089172,1.461834344089,3.431595971335)
  );
#55 = DIRECTION('',(0.,-0.342020143326,-0.939692620786));
#56 = DIRECTION('',(-1.,0.,0.));
#57 = ADVANCED_FACE('',(#58),#83,.T.);
#58 = FACE_BOUND('',#59,.T.);
#59 = EDGE_LOOP('',(#60,#61,#69,#77));
#60 = ORIENTED_EDGE('',*,*,#39,.T.);
#61 = ORIENTED_EDGE('',*,*,#62,.T.);
#62 = EDGE_CURVE('',#32,#63,#65,.T.);
#63 = VERTEX_POINT('',#64);
#64 = CARTESIAN_POINT('',(13.545095541401,2.099422709928,7.522399129514)
  );
#65 = LINE('',#66,#67);
#66 = CARTESIAN_POINT('',(13.545095541401,0.71008024746,3.705212085995)
  );
#67 = VECTOR('',#68,1.);
#68 = DIRECTION('',(0.,0.342020143326,0.939692620786));
#69 = ORIENTED_EDGE('',*,*,#70,.F.);
#70 = EDGE_CURVE('',#71,#63,#73,.T.);
#71 = VERTEX_POINT('',#72);
#72 = CARTESIAN_POINT('',(13.545095541401,2.851176806556,7.248783014853)
  );
#73 = LINE('',#74,#75);
#74 = CARTESIAN_POINT('',(13.545095541401,2.851176806556,7.248783014853)
  );
#75 = VECTOR('',#76,1.);
#76 = DIRECTION('',(0.,-0.939692620786,0.342020143326));
#77 = ORIENTED_EDGE('',*,*,#78,.F.);
#78 = EDGE_CURVE('',#40,#71,#79,.T.);
#79 = LINE('',#80,#81);
#80 = CARTESIAN_POINT('',(13.545095541401,1.461834344089,3.431595971335)
  );
#81 = VECTOR('',#82,1.);
#82 = DIRECTION('',(0.,0.342020143326,0.939692620786));
#83 = PLANE('',#84);
#84 = AXIS2_PLACEMENT_3D('',#85,#86,#87);
#85 = CARTESIAN_POINT('',(13.545095541401,1.461834344089,3.431595971335)
  );
#86 = DIRECTION('',(-1.,0.,0.));
#87 = DIRECTION('',(0.,0.342020143326,0.939692620786));
#88 = ADVANCED_FACE('',(#89),#114,.T.);
#89 = FACE_BOUND('',#90,.T.);
#90 = EDGE_LOOP('',(#91,#92,#100,#108));
#91 = ORIENTED_EDGE('',*,*,#70,.T.);
#92 = ORIENTED_EDGE('',*,*,#93,.T.);
#93 = EDGE_CURVE('',#63,#94,#96,.T.);
#94 = VERTEX_POINT('',#95);
#95 = CARTESIAN_POINT('',(12.157834394904,1.819881150746,6.754365007863)
  );
#96 = B_SPLINE_CURVE_WITH_KNOTS('',2,(#97,#98,#99),.UNSPECIFIED.,.F.,.F.
  ,(3,3),(0.,1.),.PIECEWISE_BEZIER_KNOTS.);
#97 = CARTESIAN_POINT('',(13.545095541401,2.099422709928,7.522399129514)
  );
#98 = CARTESIAN_POINT('',(12.956560509554,1.910418457476,7.003114213722)
  );
#99 = CARTESIAN_POINT('',(12.157834394904,1.819881150746,6.754365007863)
  );
#100 = ORIENTED_EDGE('',*,*,#101,.F.);
#101 = EDGE_CURVE('',#102,#94,#104,.T.);
#102 = VERTEX_POINT('',#103);
#103 = CARTESIAN_POINT('',(12.157834394904,2.571635247374,6.480748893202
    ));
#104 = LINE('',#105,#106);
#105 = CARTESIAN_POINT('',(12.157834394904,2.571635247374,6.480748893202
    ));
#106 = VECTOR('',#107,1.);
#107 = DIRECTION('',(0.,-0.939692620786,0.342020143326));
#108 = ORIENTED_EDGE('',*,*,#109,.F.);
#109 = EDGE_CURVE('',#71,#102,#110,.T.);
#110 = B_SPLINE_CURVE_WITH_KNOTS('',2,(#111,#112,#113),.UNSPECIFIED.,.F.
  ,.F.,(3,3),(0.,1.),.PIECEWISE_BEZIER_KNOTS.);
#111 = CARTESIAN_POINT('',(13.545095541401,2.851176806556,7.248783014853
    ));
#112 = CARTESIAN_POINT('',(12.956560509554,2.662172554104,6.729498099061
    ));
#113 = CARTESIAN_POINT('',(12.157834394904,2.571635247374,6.480748893202
    ));
#114 = SURFACE_OF_LINEAR_EXTRUSION('',#115,#119);
#115 = B_SPLINE_CURVE_WITH_KNOTS('',2,(#116,#117,#118),.UNSPECIFIED.,.F.
  ,.F.,(3,3),(0.,1.),.PIECEWISE_BEZIER_KNOTS.);
#116 = CARTESIAN_POINT('',(13.545095541401,2.851176806556,7.248783014853
    ));
#117 = CARTESIAN_POINT('',(12.956560509554,2.662172554104,6.729498099061
    ));
#118 = CARTESIAN_POINT('',(12.157834394904,2.571635247374,6.480748893202
    ));
#119 = VECTOR('',#120,1.);
#120 = DIRECTION('',(-0.,0.939692620786,-0.342020143326));
#121 = ADVANCED_FACE('',(#122),#147,.T.);
#122 = FACE_BOUND('',#123,.T.);
#123 = EDGE_LOOP('',(#124,#125,#133,#141));
#124 = ORIENTED_EDGE('',*,*,#101,.T.);
#125 = ORIENTED_EDGE('',*,*,#126,.T.);
#126 = EDGE_CURVE('',#94,#127,#129,.T.);
#127 = VERTEX_POINT('',#128);
#128 = CARTESIAN_POINT('',(12.157834394904,2.15449448842,7.67370759737)
  );
#129 = LINE('',#130,#131);
#130 = CARTESIAN_POINT('',(12.157834394904,1.819881150746,6.754365007863
    ));
#131 = VECTOR('',#132,1.);
#132 = DIRECTION('',(0.,0.342020143326,0.939692620786));
#133 = ORIENTED_EDGE('',*,*,#134,.F.);
#134 = EDGE_CURVE('',#135,#127,#137,.T.);
#135 = VERTEX_POINT('',#136);
#136 = CARTESIAN_POINT('',(12.157834394904,2.906248585048,7.40009148271)
  );
#137 = LINE('',#138,#139);
#138 = CARTESIAN_POINT('',(12.157834394904,2.906248585048,7.40009148271)
  );
#139 = VECTOR('',#140,1.);
#140 = DIRECTION('',(0.,-0.939692620786,0.342020143326));
#141 = ORIENTED_EDGE('',*,*,#142,.F.);
#142 = EDGE_CURVE('',#102,#135,#143,.T.);
#143 = LINE('',#144,#145);
#144 = CARTESIAN_POINT('',(12.157834394904,2.571635247374,6.480748893202
    ));
#145 = VECTOR('',#146,1.);
#146 = DIRECTION('',(0.,0.342020143326,0.939692620786));
#147 = PLANE('',#148);
#148 = AXIS2_PLACEMENT_3D('',#149,#150,#151);
#149 = CARTESIAN_POINT('',(12.157834394904,2.571635247374,6.480748893202
    ));
#150 = DIRECTION('',(-1.,0.,0.));
#151 = DIRECTION('',(0.,0.342020143326,0.939692620786));
#152 = ADVANCED_FACE('',(#153),#178,.T.);
#153 = FACE_BOUND('',#154,.T.);
#154 = EDGE_LOOP('',(#155,#156,#164,#172));
#155 = ORIENTED_EDGE('',*,*,#134,.T.);
#156 = ORIENTED_EDGE('',*,*,#157,.T.);
#157 = EDGE_CURVE('',#127,#158,#160,.T.);
#158 = VERTEX_POINT('',#159);
#159 = CARTESIAN_POINT('',(13.071210191083,2.332954935179,8.164023645108
    ));
#160 = B_SPLINE_CURVE_WITH_KNOTS('',2,(#161,#162,#163),.UNSPECIFIED.,.F.
  ,.F.,(3,3),(0.,1.),.PIECEWISE_BEZIER_KNOTS.);
#161 = CARTESIAN_POINT('',(12.157834394904,2.15449448842,7.67370759737)
  );
#162 = CARTESIAN_POINT('',(12.57821656051,2.20154948903,7.80299014902));
#163 = CARTESIAN_POINT('',(13.071210191083,2.332954935179,8.164023645108
    ));
#164 = ORIENTED_EDGE('',*,*,#165,.F.);
#165 = EDGE_CURVE('',#166,#158,#168,.T.);
#166 = VERTEX_POINT('',#167);
#167 = CARTESIAN_POINT('',(13.071210191083,3.084709031808,7.890407530447
    ));
#168 = LINE('',#169,#170);
#169 = CARTESIAN_POINT('',(13.071210191083,3.084709031808,7.890407530447
    ));
#170 = VECTOR('',#171,1.);
#171 = DIRECTION('',(0.,-0.939692620786,0.342020143326));
#172 = ORIENTED_EDGE('',*,*,#173,.F.);
#173 = EDGE_CURVE('',#135,#166,#174,.T.);
#174 = B_SPLINE_CURVE_WITH_KNOTS('',2,(#175,#176,#177),.UNSPECIFIED.,.F.
  ,.F.,(3,3),(0.,1.),.PIECEWISE_BEZIER_KNOTS.);
#175 = CARTESIAN_POINT('',(12.157834394904,2.906248585048,7.40009148271)
  );
#176 = CARTESIAN_POINT('',(12.57821656051,2.953303585659,7.529374034359)
  );
#177 = CARTESIAN_POINT('',(13.071210191083,3.084709031808,7.890407530447
    ));
#178 = SURFACE_OF_LINEAR_EXTRUSION('',#179,#183);
#179 = B_SPLINE_CURVE_WITH_KNOTS('',2,(#180,#181,#182),.UNSPECIFIED.,.F.
  ,.F.,(3,3),(0.,1.),.PIECEWISE_BEZIER_KNOTS.);
#180 = CARTESIAN_POINT('',(12.157834394904,2.906248585048,7.40009148271)
  );
#181 = CARTESIAN_POINT('',(12.57821656051,2.953303585659,7.529374034359)
  );
#182 = CARTESIAN_POINT('',(13.071210191083,3.084709031808,7.890407530447
    ));
#183 = VECTOR('',#184,1.);
#184 = DIRECTION('',(-0.,0.939692620786,-0.342020143326));
#185 = ADVANCED_FACE('',(#186),#211,.T.);
#186 = FACE_BOUND('',#187,.T.);
#187 = EDGE_LOOP('',(#188,#189,#197,#205));
#188 = ORIENTED_EDGE('',*,*,#165,.T.);
#189 = ORIENTED_EDGE('',*,*,#190,.T.);
#190 = EDGE_CURVE('',#158,#191,#193,.T.);
#191 = VERTEX_POINT('',#192);
#192 = CARTESIAN_POINT('',(13.747643312102,2.639683828047,9.006754352157
    ));
#193 = B_SPLINE_CURVE_WITH_KNOTS('',2,(#194,#195,#196),.UNSPECIFIED.,.F.
  ,.F.,(3,3),(0.,1.),.PIECEWISE_BEZIER_KNOTS.);
#194 = CARTESIAN_POINT('',(13.071210191083,2.332954935179,8.164023645108
    ));
#195 = CARTESIAN_POINT('',(13.564203821656,2.464447520218,8.525296553329
    ));
#196 = CARTESIAN_POINT('',(13.747643312102,2.639683828047,9.006754352157
    ));
#197 = ORIENTED_EDGE('',*,*,#198,.F.);
#198 = EDGE_CURVE('',#199,#191,#201,.T.);
#199 = VERTEX_POINT('',#200);
#200 = CARTESIAN_POINT('',(13.747643312102,3.391437924676,8.733138237496
    ));
#201 = LINE('',#202,#203);
#202 = CARTESIAN_POINT('',(13.747643312102,3.391437924676,8.733138237496
    ));
#203 = VECTOR('',#204,1.);
#204 = DIRECTION('',(0.,-0.939692620786,0.342020143326));
#205 = ORIENTED_EDGE('',*,*,#206,.F.);
#206 = EDGE_CURVE('',#166,#199,#207,.T.);
#207 = B_SPLINE_CURVE_WITH_KNOTS('',2,(#208,#209,#210),.UNSPECIFIED.,.F.
  ,.F.,(3,3),(0.,1.),.PIECEWISE_BEZIER_KNOTS.);
#208 = CARTESIAN_POINT('',(13.071210191083,3.084709031808,7.890407530447
    ));
#209 = CARTESIAN_POINT('',(13.564203821656,3.216201616847,8.251680438668
    ));
#210 = CARTESIAN_POINT('',(13.747643312102,3.391437924676,8.733138237496
    ));
#211 = SURFACE_OF_LINEAR_EXTRUSION('',#212,#216);
#212 = B_SPLINE_CURVE_WITH_KNOTS('',2,(#213,#214,#215),.UNSPECIFIED.,.F.
  ,.F.,(3,3),(0.,1.),.PIECEWISE_BEZIER_KNOTS.);
#213 = CARTESIAN_POINT('',(13.071210191083,3.084709031808,7.890407530447
    ));
#214 = CARTESIAN_POINT('',(13.564203821656,3.216201616847,8.251680438668
    ));
#215 = CARTESIAN_POINT('',(13.747643312102,3.391437924676,8.733138237496
    ));
#216 = VECTOR('',#217,1.);
#217 = DIRECTION('',(-0.,0.939692620786,-0.342020143326));
#218 = ADVANCED_FACE('',(#219),#244,.T.);
#219 = FACE_BOUND('',#220,.T.);
#220 = EDGE_LOOP('',(#221,#222,#230,#238));
#221 = ORIENTED_EDGE('',*,*,#198,.T.);
#222 = ORIENTED_EDGE('',*,*,#223,.T.);
#223 = EDGE_CURVE('',#191,#224,#226,.T.);
#224 = VERTEX_POINT('',#225);
#225 = CARTESIAN_POINT('',(14.61898089172,2.639683828047,9.006754352157)
  );
#226 = LINE('',#227,#228);
#227 = CARTESIAN_POINT('',(13.747643312102,2.639683828047,9.006754352157
    ));
#228 = VECTOR('',#229,1.);
#229 = DIRECTION('',(1.,0.,0.));
#230 = ORIENTED_EDGE('',*,*,#231,.F.);
#231 = EDGE_CURVE('',#232,#224,#234,.T.);
#232 = VERTEX_POINT('',#233);
#233 = CARTESIAN_POINT('',(14.61898089172,3.391437924676,8.733138237496)
  );
#234 = LINE('',#235,#236);
#235 = CARTESIAN_POINT('',(14.61898089172,3.391437924676,8.733138237496)
  );
#236 = VECTOR('',#237,1.);
#237 = DIRECTION('',(0.,-0.939692620786,0.342020143326));
#238 = ORIENTED_EDGE('',*,*,#239,.F.);
#239 = EDGE_CURVE('',#199,#232,#240,.T.);
#240 = LINE('',#241,#242);
#241 = CARTESIAN_POINT('',(13.747643312102,3.391437924676,8.733138237496
    ));
#242 = VECTOR('',#243,1.);
#243 = DIRECTION('',(1.,0.,0.));
#244 = PLANE('',#245);
#245 = AXIS2_PLACEMENT_3D('',#246,#247,#248);
#246 = CARTESIAN_POINT('',(13.747643312102,3.391437924676,8.733138237496
    ));
#247 = DIRECTION('',(0.,0.342020143326,0.939692620786));
#248 = DIRECTION('',(1.,0.,0.));
#249 = ADVANCED_FACE('',(#250),#266,.T.);
#250 = FACE_BOUND('',#251,.T.);
#251 = EDGE_LOOP('',(#252,#253,#259,#260));
#252 = ORIENTED_EDGE('',*,*,#231,.T.);
#253 = ORIENTED_EDGE('',*,*,#254,.T.);
#254 = EDGE_CURVE('',#224,#24,#255,.T.);
#255 = LINE('',#256,#257);
#256 = CARTESIAN_POINT('',(14.61898089172,2.639683828047,9.006754352157)
  );
#257 = VECTOR('',#258,1.);
#258 = DIRECTION('',(0.,-0.342020143326,-0.939692620786));
#259 = ORIENTED_EDGE('',*,*,#21,.F.);
#260 = ORIENTED_EDGE('',*,*,#261,.F.);
#261 = EDGE_CURVE('',#232,#22,#262,.T.);
#262 = LINE('',#263,#264);
#263 = CARTESIAN_POINT('',(14.61898089172,3.391437924676,8.733138237496)
  );
#264 = VECTOR('',#265,1.);
#265 = DIRECTION('',(0.,-0.342020143326,-0.939692620786));
#266 = PLANE('',#267);
#267 = AXIS2_PLACEMENT_3D('',#268,#269,#270);
#268 = CARTESIAN_POINT('',(14.61898089172,3.391437924676,8.733138237496)
  );
#269 = DIRECTION('',(1.,0.,0.));
#270 = DIRECTION('',(0.,-0.342020143326,-0.939692620786));
#271 = ADVANCED_FACE('',(#272),#282,.F.);
#272 = FACE_BOUND('',#273,.T.);
#273 = EDGE_LOOP('',(#274,#275,#276,#277,#278,#279,#280,#281));
#274 = ORIENTED_EDGE('',*,*,#47,.T.);
#275 = ORIENTED_EDGE('',*,*,#78,.T.);
#276 = ORIENTED_EDGE('',*,*,#109,.T.);
#277 = ORIENTED_EDGE('',*,*,#142,.T.);
#278 = ORIENTED_EDGE('',*,*,#173,.T.);
#279 = ORIENTED_EDGE('',*,*,#206,.T.);
#280 = ORIENTED_EDGE('',*,*,#239,.T.);
#281 = ORIENTED_EDGE('',*,*,#261,.T.);
#282 = PLANE('',#283);
#283 = AXIS2_PLACEMENT_3D('',#284,#285,#286);
#284 = CARTESIAN_POINT('',(13.767692043686,2.484916324519,6.242490610816
    ));
#285 = DIRECTION('',(0.,-0.939692620786,0.342020143326));
#286 = DIRECTION('',(1.,0.,0.));
#287 = ADVANCED_FACE('',(#288),#298,.T.);
#288 = FACE_BOUND('',#289,.F.);
#289 = EDGE_LOOP('',(#290,#291,#292,#293,#294,#295,#296,#297));
#290 = ORIENTED_EDGE('',*,*,#31,.T.);
#291 = ORIENTED_EDGE('',*,*,#62,.T.);
#292 = ORIENTED_EDGE('',*,*,#93,.T.);
#293 = ORIENTED_EDGE('',*,*,#126,.T.);
#294 = ORIENTED_EDGE('',*,*,#157,.T.);
#295 = ORIENTED_EDGE('',*,*,#190,.T.);
#296 = ORIENTED_EDGE('',*,*,#223,.T.);
#297 = ORIENTED_EDGE('',*,*,#254,.T.);
#298 = PLANE('',#299);
#299 = AXIS2_PLACEMENT_3D('',#300,#301,#302);
#300 = CARTESIAN_POINT('',(13.767692043686,1.73316222789,6.516106725477)
  );
#301 = DIRECTION('',(0.,-0.939692620786,0.342020143326));
#302 = DIRECTION('',(1.,0.,0.));
#303 = MANIFOLD_SOLID_BREP('',#304);
#304 = CLOSED_SHELL('',(#305,#345,#378,#411,#444,#477,#510,#543,#576,
    #607,#640,#673,#706,#739,#772,#805,#836,#869,#902,#935,#968,#1001,
    #1034,#1067,#1100,#1133,#1166,#1199,#1223,#1259));
#305 = ADVANCED_FACE('',(#306),#340,.T.);
#306 = FACE_BOUND('',#307,.T.);
#307 = EDGE_LOOP('',(#308,#318,#326,#334));
#308 = ORIENTED_EDGE('',*,*,#309,.T.);
#309 = EDGE_CURVE('',#310,#312,#314,.T.);
#310 = VERTEX_POINT('',#311);
#311 = CARTESIAN_POINT('',(16.186624203822,1.970986878472,4.830481062609
    ));
#312 = VERTEX_POINT('',#313);
#313 = CARTESIAN_POINT('',(16.186624203822,1.219232781843,5.10409717727)
  );
#314 = LINE('',#315,#316);
#315 = CARTESIAN_POINT('',(16.186624203822,1.970986878472,4.830481062609
    ));
#316 = VECTOR('',#317,1.);
#317 = DIRECTION('',(0.,-0.939692620786,0.342020143326));
#318 = ORIENTED_EDGE('',*,*,#319,.T.);
#319 = EDGE_CURVE('',#312,#320,#322,.T.);
#320 = VERTEX_POINT('',#321);
#321 = CARTESIAN_POINT('',(17.226114649682,1.262192254622,5.222127358683
    ));
#322 = LINE('',#323,#324);
#323 = CARTESIAN_POINT('',(16.186624203822,1.219232781843,5.10409717727)
  );
#324 = VECTOR('',#325,1.);
#325 = DIRECTION('',(0.992778634966,4.102899349847E-02,0.11272623318));
#326 = ORIENTED_EDGE('',*,*,#327,.F.);
#327 = EDGE_CURVE('',#328,#320,#330,.T.);
#328 = VERTEX_POINT('',#329);
#329 = CARTESIAN_POINT('',(17.226114649682,2.013946351251,4.948511244023
    ));
#330 = LINE('',#331,#332);
#331 = CARTESIAN_POINT('',(17.226114649682,2.013946351251,4.948511244023
    ));
#332 = VECTOR('',#333,1.);
#333 = DIRECTION('',(0.,-0.939692620786,0.342020143326));
#334 = ORIENTED_EDGE('',*,*,#335,.F.);
#335 = EDGE_CURVE('',#310,#328,#336,.T.);
#336 = LINE('',#337,#338);
#337 = CARTESIAN_POINT('',(16.186624203822,1.970986878472,4.830481062609
    ));
#338 = VECTOR('',#339,1.);
#339 = DIRECTION('',(0.992778634966,4.102899349847E-02,0.11272623318));
#340 = PLANE('',#341);
#341 = AXIS2_PLACEMENT_3D('',#342,#343,#344);
#342 = CARTESIAN_POINT('',(16.186624203822,1.970986878472,4.830481062609
    ));
#343 = DIRECTION('',(-0.119960751725,0.339550291022,0.932906757352));
#344 = DIRECTION('',(0.992778634966,4.102899349847E-02,0.11272623318));
#345 = ADVANCED_FACE('',(#346),#371,.T.);
#346 = FACE_BOUND('',#347,.T.);
#347 = EDGE_LOOP('',(#348,#349,#357,#365));
#348 = ORIENTED_EDGE('',*,*,#327,.T.);
#349 = ORIENTED_EDGE('',*,*,#350,.T.);
#350 = EDGE_CURVE('',#320,#351,#353,.T.);
#351 = VERTEX_POINT('',#352);
#352 = CARTESIAN_POINT('',(17.493630573248,1.054975974156,4.65280530716)
  );
#353 = B_SPLINE_CURVE_WITH_KNOTS('',2,(#354,#355,#356),.UNSPECIFIED.,.F.
  ,.F.,(3,3),(0.,1.),.PIECEWISE_BEZIER_KNOTS.);
#354 = CARTESIAN_POINT('',(17.226114649682,1.262192254622,5.222127358683
    ));
#355 = CARTESIAN_POINT('',(17.275796178344,1.126691280642,4.849841492359
    ));
#356 = CARTESIAN_POINT('',(17.493630573248,1.054975974156,4.65280530716)
  );
#357 = ORIENTED_EDGE('',*,*,#358,.F.);
#358 = EDGE_CURVE('',#359,#351,#361,.T.);
#359 = VERTEX_POINT('',#360);
#360 = CARTESIAN_POINT('',(17.493630573248,1.806730070785,4.379189192499
    ));
#361 = LINE('',#362,#363);
#362 = CARTESIAN_POINT('',(17.493630573248,1.806730070785,4.379189192499
    ));
#363 = VECTOR('',#364,1.);
#364 = DIRECTION('',(0.,-0.939692620786,0.342020143326));
#365 = ORIENTED_EDGE('',*,*,#366,.F.);
#366 = EDGE_CURVE('',#328,#359,#367,.T.);
#367 = B_SPLINE_CURVE_WITH_KNOTS('',2,(#368,#369,#370),.UNSPECIFIED.,.F.
  ,.F.,(3,3),(0.,1.),.PIECEWISE_BEZIER_KNOTS.);
#368 = CARTESIAN_POINT('',(17.226114649682,2.013946351251,4.948511244023
    ));
#369 = CARTESIAN_POINT('',(17.275796178344,1.878445377271,4.576225377699
    ));
#370 = CARTESIAN_POINT('',(17.493630573248,1.806730070785,4.379189192499
    ));
#371 = SURFACE_OF_LINEAR_EXTRUSION('',#372,#376);
#372 = B_SPLINE_CURVE_WITH_KNOTS('',2,(#373,#374,#375),.UNSPECIFIED.,.F.
  ,.F.,(3,3),(0.,1.),.PIECEWISE_BEZIER_KNOTS.);
#373 = CARTESIAN_POINT('',(17.226114649682,2.013946351251,4.948511244023
    ));
#374 = CARTESIAN_POINT('',(17.275796178344,1.878445377271,4.576225377699
    ));
#375 = CARTESIAN_POINT('',(17.493630573248,1.806730070785,4.379189192499
    ));
#376 = VECTOR('',#377,1.);
#377 = DIRECTION('',(-0.,0.939692620786,-0.342020143326));
#378 = ADVANCED_FACE('',(#379),#404,.T.);
#379 = FACE_BOUND('',#380,.T.);
#380 = EDGE_LOOP('',(#381,#382,#390,#398));
#381 = ORIENTED_EDGE('',*,*,#358,.T.);
#382 = ORIENTED_EDGE('',*,*,#383,.T.);
#383 = EDGE_CURVE('',#351,#384,#386,.T.);
#384 = VERTEX_POINT('',#385);
#385 = CARTESIAN_POINT('',(18.02101910828,0.983347806561,4.456008534093)
  );
#386 = B_SPLINE_CURVE_WITH_KNOTS('',2,(#387,#388,#389),.UNSPECIFIED.,.F.
  ,.F.,(3,3),(0.,1.),.PIECEWISE_BEZIER_KNOTS.);
#387 = CARTESIAN_POINT('',(17.493630573248,1.054975974156,4.65280530716)
  );
#388 = CARTESIAN_POINT('',(17.711464968153,0.983347806561,4.456008534093
    ));
#389 = CARTESIAN_POINT('',(18.02101910828,0.983347806561,4.456008534093)
  );
#390 = ORIENTED_EDGE('',*,*,#391,.F.);
#391 = EDGE_CURVE('',#392,#384,#394,.T.);
#392 = VERTEX_POINT('',#393);
#393 = CARTESIAN_POINT('',(18.02101910828,1.735101903189,4.182392419433)
  );
#394 = LINE('',#395,#396);
#395 = CARTESIAN_POINT('',(18.02101910828,1.735101903189,4.182392419433)
  );
#396 = VECTOR('',#397,1.);
#397 = DIRECTION('',(0.,-0.939692620786,0.342020143326));
#398 = ORIENTED_EDGE('',*,*,#399,.F.);
#399 = EDGE_CURVE('',#359,#392,#400,.T.);
#400 = B_SPLINE_CURVE_WITH_KNOTS('',2,(#401,#402,#403),.UNSPECIFIED.,.F.
  ,.F.,(3,3),(0.,1.),.PIECEWISE_BEZIER_KNOTS.);
#401 = CARTESIAN_POINT('',(17.493630573248,1.806730070785,4.379189192499
    ));
#402 = CARTESIAN_POINT('',(17.711464968153,1.735101903189,4.182392419433
    ));
#403 = CARTESIAN_POINT('',(18.02101910828,1.735101903189,4.182392419433)
  );
#404 = SURFACE_OF_LINEAR_EXTRUSION('',#405,#409);
#405 = B_SPLINE_CURVE_WITH_KNOTS('',2,(#406,#407,#408),.UNSPECIFIED.,.F.
  ,.F.,(3,3),(0.,1.),.PIECEWISE_BEZIER_KNOTS.);
#406 = CARTESIAN_POINT('',(17.493630573248,1.806730070785,4.379189192499
    ));
#407 = CARTESIAN_POINT('',(17.711464968153,1.735101903189,4.182392419433
    ));
#408 = CARTESIAN_POINT('',(18.02101910828,1.735101903189,4.182392419433)
  );
#409 = VECTOR('',#410,1.);
#410 = DIRECTION('',(-0.,0.939692620786,-0.342020143326));
#411 = ADVANCED_FACE('',(#412),#437,.T.);
#412 = FACE_BOUND('',#413,.T.);
#413 = EDGE_LOOP('',(#414,#415,#423,#431));
#414 = ORIENTED_EDGE('',*,*,#391,.T.);
#415 = ORIENTED_EDGE('',*,*,#416,.T.);
#416 = EDGE_CURVE('',#384,#417,#419,.T.);
#417 = VERTEX_POINT('',#418);
#418 = CARTESIAN_POINT('',(18.58076433121,1.0703124188,4.694941842512));
#419 = B_SPLINE_CURVE_WITH_KNOTS('',2,(#420,#421,#422),.UNSPECIFIED.,.F.
  ,.F.,(3,3),(0.,1.),.PIECEWISE_BEZIER_KNOTS.);
#420 = CARTESIAN_POINT('',(18.02101910828,0.983347806561,4.456008534093)
  );
#421 = CARTESIAN_POINT('',(18.353503184713,0.983347806561,4.456008534093
    ));
#422 = CARTESIAN_POINT('',(18.58076433121,1.0703124188,4.694941842512));
#423 = ORIENTED_EDGE('',*,*,#424,.F.);
#424 = EDGE_CURVE('',#425,#417,#427,.T.);
#425 = VERTEX_POINT('',#426);
#426 = CARTESIAN_POINT('',(18.58076433121,1.822066515429,4.421325727852)
  );
#427 = LINE('',#428,#429);
#428 = CARTESIAN_POINT('',(18.58076433121,1.822066515429,4.421325727852)
  );
#429 = VECTOR('',#430,1.);
#430 = DIRECTION('',(0.,-0.939692620786,0.342020143326));
#431 = ORIENTED_EDGE('',*,*,#432,.F.);
#432 = EDGE_CURVE('',#392,#425,#433,.T.);
#433 = B_SPLINE_CURVE_WITH_KNOTS('',2,(#434,#435,#436),.UNSPECIFIED.,.F.
  ,.F.,(3,3),(0.,1.),.PIECEWISE_BEZIER_KNOTS.);
#434 = CARTESIAN_POINT('',(18.02101910828,1.735101903189,4.182392419433)
  );
#435 = CARTESIAN_POINT('',(18.353503184713,1.735101903189,4.182392419433
    ));
#436 = CARTESIAN_POINT('',(18.58076433121,1.822066515429,4.421325727852)
  );
#437 = SURFACE_OF_LINEAR_EXTRUSION('',#438,#442);
#438 = B_SPLINE_CURVE_WITH_KNOTS('',2,(#439,#440,#441),.UNSPECIFIED.,.F.
  ,.F.,(3,3),(0.,1.),.PIECEWISE_BEZIER_KNOTS.);
#439 = CARTESIAN_POINT('',(18.02101910828,1.735101903189,4.182392419433)
  );
#440 = CARTESIAN_POINT('',(18.353503184713,1.735101903189,4.182392419433
    ));
#441 = CARTESIAN_POINT('',(18.58076433121,1.822066515429,4.421325727852)
  );
#442 = VECTOR('',#443,1.);
#443 = DIRECTION('',(-0.,0.939692620786,-0.342020143326));
#444 = ADVANCED_FACE('',(#445),#470,.T.);
#445 = FACE_BOUND('',#446,.T.);
#446 = EDGE_LOOP('',(#447,#448,#456,#464));
#447 = ORIENTED_EDGE('',*,*,#424,.T.);
#448 = ORIENTED_EDGE('',*,*,#449,.T.);
#449 = EDGE_CURVE('',#417,#450,#452,.T.);
#450 = VERTEX_POINT('',#451);
#451 = CARTESIAN_POINT('',(18.808280254777,1.304890310732,5.339439303698
    ));
#452 = B_SPLINE_CURVE_WITH_KNOTS('',2,(#453,#454,#455),.UNSPECIFIED.,.F.
  ,.F.,(3,3),(0.,1.),.PIECEWISE_BEZIER_KNOTS.);
#453 = CARTESIAN_POINT('',(18.58076433121,1.0703124188,4.694941842512));
#454 = CARTESIAN_POINT('',(18.808280254777,1.157277031039,4.933875150931
    ));
#455 = CARTESIAN_POINT('',(18.808280254777,1.304890310732,5.339439303698
    ));
#456 = ORIENTED_EDGE('',*,*,#457,.F.);
#457 = EDGE_CURVE('',#458,#450,#460,.T.);
#458 = VERTEX_POINT('',#459);
#459 = CARTESIAN_POINT('',(18.808280254777,2.05664440736,5.065823189038)
  );
#460 = LINE('',#461,#462);
#461 = CARTESIAN_POINT('',(18.808280254777,2.05664440736,5.065823189038)
  );
#462 = VECTOR('',#463,1.);
#463 = DIRECTION('',(0.,-0.939692620786,0.342020143326));
#464 = ORIENTED_EDGE('',*,*,#465,.F.);
#465 = EDGE_CURVE('',#425,#458,#466,.T.);
#466 = B_SPLINE_CURVE_WITH_KNOTS('',2,(#467,#468,#469),.UNSPECIFIED.,.F.
  ,.F.,(3,3),(0.,1.),.PIECEWISE_BEZIER_KNOTS.);
#467 = CARTESIAN_POINT('',(18.58076433121,1.822066515429,4.421325727852)
  );
#468 = CARTESIAN_POINT('',(18.808280254777,1.909031127668,4.660259036271
    ));
#469 = CARTESIAN_POINT('',(18.808280254777,2.05664440736,5.065823189038)
  );
#470 = SURFACE_OF_LINEAR_EXTRUSION('',#471,#475);
#471 = B_SPLINE_CURVE_WITH_KNOTS('',2,(#472,#473,#474),.UNSPECIFIED.,.F.
  ,.F.,(3,3),(0.,1.),.PIECEWISE_BEZIER_KNOTS.);
#472 = CARTESIAN_POINT('',(18.58076433121,1.822066515429,4.421325727852)
  );
#473 = CARTESIAN_POINT('',(18.808280254777,1.909031127668,4.660259036271
    ));
#474 = CARTESIAN_POINT('',(18.808280254777,2.05664440736,5.065823189038)
  );
#475 = VECTOR('',#476,1.);
#476 = DIRECTION('',(-0.,0.939692620786,-0.342020143326));
#477 = ADVANCED_FACE('',(#478),#503,.T.);
#478 = FACE_BOUND('',#479,.T.);
#479 = EDGE_LOOP('',(#480,#481,#489,#497));
#480 = ORIENTED_EDGE('',*,*,#457,.T.);
#481 = ORIENTED_EDGE('',*,*,#482,.T.);
#482 = EDGE_CURVE('',#450,#483,#485,.T.);
#483 = VERTEX_POINT('',#484);
#484 = CARTESIAN_POINT('',(18.590445859873,1.526223091381,5.947546120717
    ));
#485 = B_SPLINE_CURVE_WITH_KNOTS('',2,(#486,#487,#488),.UNSPECIFIED.,.F.
  ,.F.,(3,3),(0.,1.),.PIECEWISE_BEZIER_KNOTS.);
#486 = CARTESIAN_POINT('',(18.808280254777,1.304890310732,5.339439303698
    ));
#487 = CARTESIAN_POINT('',(18.808280254777,1.444573951433,5.723216952391
    ));
#488 = CARTESIAN_POINT('',(18.590445859873,1.526223091381,5.947546120717
    ));
#489 = ORIENTED_EDGE('',*,*,#490,.F.);
#490 = EDGE_CURVE('',#491,#483,#493,.T.);
#491 = VERTEX_POINT('',#492);
#492 = CARTESIAN_POINT('',(18.590445859873,2.277977188009,5.673930006056
    ));
#493 = LINE('',#494,#495);
#494 = CARTESIAN_POINT('',(18.590445859873,2.277977188009,5.673930006056
    ));
#495 = VECTOR('',#496,1.);
#496 = DIRECTION('',(0.,-0.939692620786,0.342020143326));
#497 = ORIENTED_EDGE('',*,*,#498,.F.);
#498 = EDGE_CURVE('',#458,#491,#499,.T.);
#499 = B_SPLINE_CURVE_WITH_KNOTS('',2,(#500,#501,#502),.UNSPECIFIED.,.F.
  ,.F.,(3,3),(0.,1.),.PIECEWISE_BEZIER_KNOTS.);
#500 = CARTESIAN_POINT('',(18.808280254777,2.05664440736,5.065823189038)
  );
#501 = CARTESIAN_POINT('',(18.808280254777,2.196328048061,5.449600837731
    ));
#502 = CARTESIAN_POINT('',(18.590445859873,2.277977188009,5.673930006056
    ));
#503 = SURFACE_OF_LINEAR_EXTRUSION('',#504,#508);
#504 = B_SPLINE_CURVE_WITH_KNOTS('',2,(#505,#506,#507),.UNSPECIFIED.,.F.
  ,.F.,(3,3),(0.,1.),.PIECEWISE_BEZIER_KNOTS.);
#505 = CARTESIAN_POINT('',(18.808280254777,2.05664440736,5.065823189038)
  );
#506 = CARTESIAN_POINT('',(18.808280254777,2.196328048061,5.449600837731
    ));
#507 = CARTESIAN_POINT('',(18.590445859873,2.277977188009,5.673930006056
    ));
#508 = VECTOR('',#509,1.);
#509 = DIRECTION('',(-0.,0.939692620786,-0.342020143326));
#510 = ADVANCED_FACE('',(#511),#536,.T.);
#511 = FACE_BOUND('',#512,.T.);
#512 = EDGE_LOOP('',(#513,#514,#522,#530));
#513 = ORIENTED_EDGE('',*,*,#490,.T.);
#514 = ORIENTED_EDGE('',*,*,#515,.T.);
#515 = EDGE_CURVE('',#483,#516,#518,.T.);
#516 = VERTEX_POINT('',#517);
#517 = CARTESIAN_POINT('',(18.05923566879,1.607959370219,6.172114701175)
  );
#518 = B_SPLINE_CURVE_WITH_KNOTS('',2,(#519,#520,#521),.UNSPECIFIED.,.F.
  ,.F.,(3,3),(0.,1.),.PIECEWISE_BEZIER_KNOTS.);
#519 = CARTESIAN_POINT('',(18.590445859873,1.526223091381,5.947546120717
    ));
#520 = CARTESIAN_POINT('',(18.372611464968,1.607959370219,6.172114701175
    ));
#521 = CARTESIAN_POINT('',(18.05923566879,1.607959370219,6.172114701175)
  );
#522 = ORIENTED_EDGE('',*,*,#523,.F.);
#523 = EDGE_CURVE('',#524,#516,#526,.T.);
#524 = VERTEX_POINT('',#525);
#525 = CARTESIAN_POINT('',(18.05923566879,2.359713466848,5.898498586514)
  );
#526 = LINE('',#527,#528);
#527 = CARTESIAN_POINT('',(18.05923566879,2.359713466848,5.898498586514)
  );
#528 = VECTOR('',#529,1.);
#529 = DIRECTION('',(0.,-0.939692620786,0.342020143326));
#530 = ORIENTED_EDGE('',*,*,#531,.F.);
#531 = EDGE_CURVE('',#491,#524,#532,.T.);
#532 = B_SPLINE_CURVE_WITH_KNOTS('',2,(#533,#534,#535),.UNSPECIFIED.,.F.
  ,.F.,(3,3),(0.,1.),.PIECEWISE_BEZIER_KNOTS.);
#533 = CARTESIAN_POINT('',(18.590445859873,2.277977188009,5.673930006056
    ));
#534 = CARTESIAN_POINT('',(18.372611464968,2.359713466848,5.898498586514
    ));
#535 = CARTESIAN_POINT('',(18.05923566879,2.359713466848,5.898498586514)
  );
#536 = SURFACE_OF_LINEAR_EXTRUSION('',#537,#541);
#537 = B_SPLINE_CURVE_WITH_KNOTS('',2,(#538,#539,#540),.UNSPECIFIED.,.F.
  ,.F.,(3,3),(0.,1.),.PIECEWISE_BEZIER_KNOTS.);
#538 = CARTESIAN_POINT('',(18.590445859873,2.277977188009,5.673930006056
    ));
#539 = CARTESIAN_POINT('',(18.372611464968,2.359713466848,5.898498586514
    ));
#540 = CARTESIAN_POINT('',(18.05923566879,2.359713466848,5.898498586514)
  );
#541 = VECTOR('',#542,1.);
#542 = DIRECTION('',(-0.,0.939692620786,-0.342020143326));
#543 = ADVANCED_FACE('',(#544),#569,.T.);
#544 = FACE_BOUND('',#545,.T.);
#545 = EDGE_LOOP('',(#546,#547,#555,#563));
#546 = ORIENTED_EDGE('',*,*,#523,.T.);
#547 = ORIENTED_EDGE('',*,*,#548,.T.);
#548 = EDGE_CURVE('',#516,#549,#551,.T.);
#549 = VERTEX_POINT('',#550);
#550 = CARTESIAN_POINT('',(17.566242038217,1.580510619863,6.096699879379
    ));
#551 = B_SPLINE_CURVE_WITH_KNOTS('',2,(#552,#553,#554),.UNSPECIFIED.,.F.
  ,.F.,(3,3),(0.,1.),.PIECEWISE_BEZIER_KNOTS.);
#552 = CARTESIAN_POINT('',(18.05923566879,1.607959370219,6.172114701175)
  );
#553 = CARTESIAN_POINT('',(17.852866242038,1.607959370219,6.172114701175
    ));
#554 = CARTESIAN_POINT('',(17.566242038217,1.580510619863,6.096699879379
    ));
#555 = ORIENTED_EDGE('',*,*,#556,.F.);
#556 = EDGE_CURVE('',#557,#549,#559,.T.);
#557 = VERTEX_POINT('',#558);
#558 = CARTESIAN_POINT('',(17.566242038217,2.332264716491,5.823083764718
    ));
#559 = LINE('',#560,#561);
#560 = CARTESIAN_POINT('',(17.566242038217,2.332264716491,5.823083764718
    ));
#561 = VECTOR('',#562,1.);
#562 = DIRECTION('',(0.,-0.939692620786,0.342020143326));
#563 = ORIENTED_EDGE('',*,*,#564,.F.);
#564 = EDGE_CURVE('',#524,#557,#565,.T.);
#565 = B_SPLINE_CURVE_WITH_KNOTS('',2,(#566,#567,#568),.UNSPECIFIED.,.F.
  ,.F.,(3,3),(0.,1.),.PIECEWISE_BEZIER_KNOTS.);
#566 = CARTESIAN_POINT('',(18.05923566879,2.359713466848,5.898498586514)
  );
#567 = CARTESIAN_POINT('',(17.852866242038,2.359713466848,5.898498586514
    ));
#568 = CARTESIAN_POINT('',(17.566242038217,2.332264716491,5.823083764718
    ));
#569 = SURFACE_OF_LINEAR_EXTRUSION('',#570,#574);
#570 = B_SPLINE_CURVE_WITH_KNOTS('',2,(#571,#572,#573),.UNSPECIFIED.,.F.
  ,.F.,(3,3),(0.,1.),.PIECEWISE_BEZIER_KNOTS.);
#571 = CARTESIAN_POINT('',(18.05923566879,2.359713466848,5.898498586514)
  );
#572 = CARTESIAN_POINT('',(17.852866242038,2.359713466848,5.898498586514
    ));
#573 = CARTESIAN_POINT('',(17.566242038217,2.332264716491,5.823083764718
    ));
#574 = VECTOR('',#575,1.);
#575 = DIRECTION('',(-0.,0.939692620786,-0.342020143326));
#576 = ADVANCED_FACE('',(#577),#602,.T.);
#577 = FACE_BOUND('',#578,.T.);
#578 = EDGE_LOOP('',(#579,#580,#588,#596));
#579 = ORIENTED_EDGE('',*,*,#556,.T.);
#580 = ORIENTED_EDGE('',*,*,#581,.T.);
#581 = EDGE_CURVE('',#549,#582,#584,.T.);
#582 = VERTEX_POINT('',#583);
#583 = CARTESIAN_POINT('',(17.684713375796,1.875650040358,6.907588772781
    ));
#584 = LINE('',#585,#586);
#585 = CARTESIAN_POINT('',(17.566242038217,1.580510619863,6.096699879379
    ));
#586 = VECTOR('',#587,1.);
#587 = DIRECTION('',(0.136013796445,0.338841730685,0.930960003826));
#588 = ORIENTED_EDGE('',*,*,#589,.F.);
#589 = EDGE_CURVE('',#590,#582,#592,.T.);
#590 = VERTEX_POINT('',#591);
#591 = CARTESIAN_POINT('',(17.684713375796,2.627404136987,6.63397265812)
  );
#592 = LINE('',#593,#594);
#593 = CARTESIAN_POINT('',(17.684713375796,2.627404136987,6.63397265812)
  );
#594 = VECTOR('',#595,1.);
#595 = DIRECTION('',(0.,-0.939692620786,0.342020143326));
#596 = ORIENTED_EDGE('',*,*,#597,.F.);
#597 = EDGE_CURVE('',#557,#590,#598,.T.);
#598 = LINE('',#599,#600);
#599 = CARTESIAN_POINT('',(17.566242038217,2.332264716491,5.823083764718
    ));
#600 = VECTOR('',#601,1.);
#601 = DIRECTION('',(0.136013796445,0.338841730685,0.930960003826));
#602 = PLANE('',#603);
#603 = AXIS2_PLACEMENT_3D('',#604,#605,#606);
#604 = CARTESIAN_POINT('',(17.566242038217,2.332264716491,5.823083764718
    ));
#605 = DIRECTION('',(-0.990706943135,4.651945815426E-02,0.127811160844)
  );
#606 = DIRECTION('',(0.136013796445,0.338841730685,0.930960003826));
#607 = ADVANCED_FACE('',(#608),#633,.T.);
#608 = FACE_BOUND('',#609,.T.);
#609 = EDGE_LOOP('',(#610,#611,#619,#627));
#610 = ORIENTED_EDGE('',*,*,#589,.T.);
#611 = ORIENTED_EDGE('',*,*,#612,.T.);
#612 = EDGE_CURVE('',#582,#613,#615,.T.);
#613 = VERTEX_POINT('',#614);
#614 = CARTESIAN_POINT('',(18.349681528662,1.940132818972,7.084753750967
    ));
#615 = B_SPLINE_CURVE_WITH_KNOTS('',2,(#616,#617,#618),.UNSPECIFIED.,.F.
  ,.F.,(3,3),(0.,1.),.PIECEWISE_BEZIER_KNOTS.);
#616 = CARTESIAN_POINT('',(17.684713375796,1.875650040358,6.907588772781
    ));
#617 = CARTESIAN_POINT('',(18.120382165605,1.871728790307,6.89681522681)
  );
#618 = CARTESIAN_POINT('',(18.349681528662,1.940132818972,7.084753750967
    ));
#619 = ORIENTED_EDGE('',*,*,#620,.F.);
#620 = EDGE_CURVE('',#621,#613,#623,.T.);
#621 = VERTEX_POINT('',#622);
#622 = CARTESIAN_POINT('',(18.349681528662,2.691886915601,6.811137636307
    ));
#623 = LINE('',#624,#625);
#624 = CARTESIAN_POINT('',(18.349681528662,2.691886915601,6.811137636307
    ));
#625 = VECTOR('',#626,1.);
#626 = DIRECTION('',(0.,-0.939692620786,0.342020143326));
#627 = ORIENTED_EDGE('',*,*,#628,.F.);
#628 = EDGE_CURVE('',#590,#621,#629,.T.);
#629 = B_SPLINE_CURVE_WITH_KNOTS('',2,(#630,#631,#632),.UNSPECIFIED.,.F.
  ,.F.,(3,3),(0.,1.),.PIECEWISE_BEZIER_KNOTS.);
#630 = CARTESIAN_POINT('',(17.684713375796,2.627404136987,6.63397265812)
  );
#631 = CARTESIAN_POINT('',(18.120382165605,2.623482886936,6.623199112149
    ));
#632 = CARTESIAN_POINT('',(18.349681528662,2.691886915601,6.811137636307
    ));
#633 = SURFACE_OF_LINEAR_EXTRUSION('',#634,#638);
#634 = B_SPLINE_CURVE_WITH_KNOTS('',2,(#635,#636,#637),.UNSPECIFIED.,.F.
  ,.F.,(3,3),(0.,1.),.PIECEWISE_BEZIER_KNOTS.);
#635 = CARTESIAN_POINT('',(17.684713375796,2.627404136987,6.63397265812)
  );
#636 = CARTESIAN_POINT('',(18.120382165605,2.623482886936,6.623199112149
    ));
#637 = CARTESIAN_POINT('',(18.349681528662,2.691886915601,6.811137636307
    ));
#638 = VECTOR('',#639,1.);
#639 = DIRECTION('',(-0.,0.939692620786,-0.342020143326));
#640 = ADVANCED_FACE('',(#641),#666,.T.);
#641 = FACE_BOUND('',#642,.T.);
#642 = EDGE_LOOP('',(#643,#644,#652,#660));
#643 = ORIENTED_EDGE('',*,*,#620,.T.);
#644 = ORIENTED_EDGE('',*,*,#645,.T.);
#645 = EDGE_CURVE('',#613,#646,#648,.T.);
#646 = VERTEX_POINT('',#647);
#647 = CARTESIAN_POINT('',(18.57898089172,2.121904543553,7.584167459747)
  );
#648 = B_SPLINE_CURVE_WITH_KNOTS('',2,(#649,#650,#651),.UNSPECIFIED.,.F.
  ,.F.,(3,3),(0.,1.),.PIECEWISE_BEZIER_KNOTS.);
#649 = CARTESIAN_POINT('',(18.349681528662,1.940132818972,7.084753750967
    ));
#650 = CARTESIAN_POINT('',(18.57898089172,2.008536847637,7.272692275124)
  );
#651 = CARTESIAN_POINT('',(18.57898089172,2.121904543553,7.584167459747)
  );
#652 = ORIENTED_EDGE('',*,*,#653,.F.);
#653 = EDGE_CURVE('',#654,#646,#656,.T.);
#654 = VERTEX_POINT('',#655);
#655 = CARTESIAN_POINT('',(18.57898089172,2.873658640181,7.310551345086)
  );
#656 = LINE('',#657,#658);
#657 = CARTESIAN_POINT('',(18.57898089172,2.873658640181,7.310551345086)
  );
#658 = VECTOR('',#659,1.);
#659 = DIRECTION('',(0.,-0.939692620786,0.342020143326));
#660 = ORIENTED_EDGE('',*,*,#661,.F.);
#661 = EDGE_CURVE('',#621,#654,#662,.T.);
#662 = B_SPLINE_CURVE_WITH_KNOTS('',2,(#663,#664,#665),.UNSPECIFIED.,.F.
  ,.F.,(3,3),(0.,1.),.PIECEWISE_BEZIER_KNOTS.);
#663 = CARTESIAN_POINT('',(18.349681528662,2.691886915601,6.811137636307
    ));
#664 = CARTESIAN_POINT('',(18.57898089172,2.760290944266,6.999076160464)
  );
#665 = CARTESIAN_POINT('',(18.57898089172,2.873658640181,7.310551345086)
  );
#666 = SURFACE_OF_LINEAR_EXTRUSION('',#667,#671);
#667 = B_SPLINE_CURVE_WITH_KNOTS('',2,(#668,#669,#670),.UNSPECIFIED.,.F.
  ,.F.,(3,3),(0.,1.),.PIECEWISE_BEZIER_KNOTS.);
#668 = CARTESIAN_POINT('',(18.349681528662,2.691886915601,6.811137636307
    ));
#669 = CARTESIAN_POINT('',(18.57898089172,2.760290944266,6.999076160464)
  );
#670 = CARTESIAN_POINT('',(18.57898089172,2.873658640181,7.310551345086)
  );
#671 = VECTOR('',#672,1.);
#672 = DIRECTION('',(-0.,0.939692620786,-0.342020143326));
#673 = ADVANCED_FACE('',(#674),#699,.T.);
#674 = FACE_BOUND('',#675,.T.);
#675 = EDGE_LOOP('',(#676,#677,#685,#693));
#676 = ORIENTED_EDGE('',*,*,#653,.T.);
#677 = ORIENTED_EDGE('',*,*,#678,.T.);
#678 = EDGE_CURVE('',#646,#679,#681,.T.);
#679 = VERTEX_POINT('',#680);
#680 = CARTESIAN_POINT('',(18.410828025478,2.275617545547,8.006490461802
    ));
#681 = B_SPLINE_CURVE_WITH_KNOTS('',2,(#682,#683,#684),.UNSPECIFIED.,.F.
  ,.F.,(3,3),(0.,1.),.PIECEWISE_BEZIER_KNOTS.);
#682 = CARTESIAN_POINT('',(18.57898089172,2.121904543553,7.584167459747)
  );
#683 = CARTESIAN_POINT('',(18.57898089172,2.218280155914,7.848957278495)
  );
#684 = CARTESIAN_POINT('',(18.410828025478,2.275617545547,8.006490461802
    ));
#685 = ORIENTED_EDGE('',*,*,#686,.F.);
#686 = EDGE_CURVE('',#687,#679,#689,.T.);
#687 = VERTEX_POINT('',#688);
#688 = CARTESIAN_POINT('',(18.410828025478,3.027371642175,7.732874347141
    ));
#689 = LINE('',#690,#691);
#690 = CARTESIAN_POINT('',(18.410828025478,3.027371642175,7.732874347141
    ));
#691 = VECTOR('',#692,1.);
#692 = DIRECTION('',(0.,-0.939692620786,0.342020143326));
#693 = ORIENTED_EDGE('',*,*,#694,.F.);
#694 = EDGE_CURVE('',#654,#687,#695,.T.);
#695 = B_SPLINE_CURVE_WITH_KNOTS('',2,(#696,#697,#698),.UNSPECIFIED.,.F.
  ,.F.,(3,3),(0.,1.),.PIECEWISE_BEZIER_KNOTS.);
#696 = CARTESIAN_POINT('',(18.57898089172,2.873658640181,7.310551345086)
  );
#697 = CARTESIAN_POINT('',(18.57898089172,2.970034252543,7.575341163835)
  );
#698 = CARTESIAN_POINT('',(18.410828025478,3.027371642175,7.732874347141
    ));
#699 = SURFACE_OF_LINEAR_EXTRUSION('',#700,#704);
#700 = B_SPLINE_CURVE_WITH_KNOTS('',2,(#701,#702,#703),.UNSPECIFIED.,.F.
  ,.F.,(3,3),(0.,1.),.PIECEWISE_BEZIER_KNOTS.);
#701 = CARTESIAN_POINT('',(18.57898089172,2.873658640181,7.310551345086)
  );
#702 = CARTESIAN_POINT('',(18.57898089172,2.970034252543,7.575341163835)
  );
#703 = CARTESIAN_POINT('',(18.410828025478,3.027371642175,7.732874347141
    ));
#704 = VECTOR('',#705,1.);
#705 = DIRECTION('',(-0.,0.939692620786,-0.342020143326));
#706 = ADVANCED_FACE('',(#707),#732,.T.);
#707 = FACE_BOUND('',#708,.T.);
#708 = EDGE_LOOP('',(#709,#710,#718,#726));
#709 = ORIENTED_EDGE('',*,*,#686,.T.);
#710 = ORIENTED_EDGE('',*,*,#711,.T.);
#711 = EDGE_CURVE('',#679,#712,#714,.T.);
#712 = VERTEX_POINT('',#713);
#713 = CARTESIAN_POINT('',(17.963694267516,2.332954935179,8.164023645108
    ));
#714 = B_SPLINE_CURVE_WITH_KNOTS('',2,(#715,#716,#717),.UNSPECIFIED.,.F.
  ,.F.,(3,3),(0.,1.),.PIECEWISE_BEZIER_KNOTS.);
#715 = CARTESIAN_POINT('',(18.410828025478,2.275617545547,8.006490461802
    ));
#716 = CARTESIAN_POINT('',(18.242675159236,2.332954935179,8.164023645108
    ));
#717 = CARTESIAN_POINT('',(17.963694267516,2.332954935179,8.164023645108
    ));
#718 = ORIENTED_EDGE('',*,*,#719,.F.);
#719 = EDGE_CURVE('',#720,#712,#722,.T.);
#720 = VERTEX_POINT('',#721);
#721 = CARTESIAN_POINT('',(17.963694267516,3.084709031808,7.890407530447
    ));
#722 = LINE('',#723,#724);
#723 = CARTESIAN_POINT('',(17.963694267516,3.084709031808,7.890407530447
    ));
#724 = VECTOR('',#725,1.);
#725 = DIRECTION('',(0.,-0.939692620786,0.342020143326));
#726 = ORIENTED_EDGE('',*,*,#727,.F.);
#727 = EDGE_CURVE('',#687,#720,#728,.T.);
#728 = B_SPLINE_CURVE_WITH_KNOTS('',2,(#729,#730,#731),.UNSPECIFIED.,.F.
  ,.F.,(3,3),(0.,1.),.PIECEWISE_BEZIER_KNOTS.);
#729 = CARTESIAN_POINT('',(18.410828025478,3.027371642175,7.732874347141
    ));
#730 = CARTESIAN_POINT('',(18.242675159236,3.084709031808,7.890407530447
    ));
#731 = CARTESIAN_POINT('',(17.963694267516,3.084709031808,7.890407530447
    ));
#732 = SURFACE_OF_LINEAR_EXTRUSION('',#733,#737);
#733 = B_SPLINE_CURVE_WITH_KNOTS('',2,(#734,#735,#736),.UNSPECIFIED.,.F.
  ,.F.,(3,3),(0.,1.),.PIECEWISE_BEZIER_KNOTS.);
#734 = CARTESIAN_POINT('',(18.410828025478,3.027371642175,7.732874347141
    ));
#735 = CARTESIAN_POINT('',(18.242675159236,3.084709031808,7.890407530447
    ));
#736 = CARTESIAN_POINT('',(17.963694267516,3.084709031808,7.890407530447
    ));
#737 = VECTOR('',#738,1.);
#738 = DIRECTION('',(-0.,0.939692620786,-0.342020143326));
#739 = ADVANCED_FACE('',(#740),#765,.T.);
#740 = FACE_BOUND('',#741,.T.);
#741 = EDGE_LOOP('',(#742,#743,#751,#759));
#742 = ORIENTED_EDGE('',*,*,#719,.T.);
#743 = ORIENTED_EDGE('',*,*,#744,.T.);
#744 = EDGE_CURVE('',#712,#745,#747,.T.);
#745 = VERTEX_POINT('',#746);
#746 = CARTESIAN_POINT('',(17.493630573248,2.267513628775,7.984225133462
    ));
#747 = B_SPLINE_CURVE_WITH_KNOTS('',2,(#748,#749,#750),.UNSPECIFIED.,.F.
  ,.F.,(3,3),(0.,1.),.PIECEWISE_BEZIER_KNOTS.);
#748 = CARTESIAN_POINT('',(17.963694267516,2.332954935179,8.164023645108
    ));
#749 = CARTESIAN_POINT('',(17.688535031847,2.332954935179,8.164023645108
    ));
#750 = CARTESIAN_POINT('',(17.493630573248,2.267513628775,7.984225133462
    ));
#751 = ORIENTED_EDGE('',*,*,#752,.F.);
#752 = EDGE_CURVE('',#753,#745,#755,.T.);
#753 = VERTEX_POINT('',#754);
#754 = CARTESIAN_POINT('',(17.493630573248,3.019267725403,7.710609018802
    ));
#755 = LINE('',#756,#757);
#756 = CARTESIAN_POINT('',(17.493630573248,3.019267725403,7.710609018802
    ));
#757 = VECTOR('',#758,1.);
#758 = DIRECTION('',(0.,-0.939692620786,0.342020143326));
#759 = ORIENTED_EDGE('',*,*,#760,.F.);
#760 = EDGE_CURVE('',#720,#753,#761,.T.);
#761 = B_SPLINE_CURVE_WITH_KNOTS('',2,(#762,#763,#764),.UNSPECIFIED.,.F.
  ,.F.,(3,3),(0.,1.),.PIECEWISE_BEZIER_KNOTS.);
#762 = CARTESIAN_POINT('',(17.963694267516,3.084709031808,7.890407530447
    ));
#763 = CARTESIAN_POINT('',(17.688535031847,3.084709031808,7.890407530447
    ));
#764 = CARTESIAN_POINT('',(17.493630573248,3.019267725403,7.710609018802
    ));
#765 = SURFACE_OF_LINEAR_EXTRUSION('',#766,#770);
#766 = B_SPLINE_CURVE_WITH_KNOTS('',2,(#767,#768,#769),.UNSPECIFIED.,.F.
  ,.F.,(3,3),(0.,1.),.PIECEWISE_BEZIER_KNOTS.);
#767 = CARTESIAN_POINT('',(17.963694267516,3.084709031808,7.890407530447
    ));
#768 = CARTESIAN_POINT('',(17.688535031847,3.084709031808,7.890407530447
    ));
#769 = CARTESIAN_POINT('',(17.493630573248,3.019267725403,7.710609018802
    ));
#770 = VECTOR('',#771,1.);
#771 = DIRECTION('',(-0.,0.939692620786,-0.342020143326));
#772 = ADVANCED_FACE('',(#773),#798,.T.);
#773 = FACE_BOUND('',#774,.T.);
#774 = EDGE_LOOP('',(#775,#776,#784,#792));
#775 = ORIENTED_EDGE('',*,*,#752,.T.);
#776 = ORIENTED_EDGE('',*,*,#777,.T.);
#777 = EDGE_CURVE('',#745,#778,#780,.T.);
#778 = VERTEX_POINT('',#779);
#779 = CARTESIAN_POINT('',(17.256687898089,2.076418042962,7.459194326485
    ));
#780 = B_SPLINE_CURVE_WITH_KNOTS('',2,(#781,#782,#783),.UNSPECIFIED.,.F.
  ,.F.,(3,3),(0.,1.),.PIECEWISE_BEZIER_KNOTS.);
#781 = CARTESIAN_POINT('',(17.493630573248,2.267513628775,7.984225133462
    ));
#782 = CARTESIAN_POINT('',(17.29872611465,2.20207232237,7.804426621816)
  );
#783 = CARTESIAN_POINT('',(17.256687898089,2.076418042962,7.459194326485
    ));
#784 = ORIENTED_EDGE('',*,*,#785,.F.);
#785 = EDGE_CURVE('',#786,#778,#788,.T.);
#786 = VERTEX_POINT('',#787);
#787 = CARTESIAN_POINT('',(17.256687898089,2.828172139591,7.185578211825
    ));
#788 = LINE('',#789,#790);
#789 = CARTESIAN_POINT('',(17.256687898089,2.828172139591,7.185578211825
    ));
#790 = VECTOR('',#791,1.);
#791 = DIRECTION('',(0.,-0.939692620786,0.342020143326));
#792 = ORIENTED_EDGE('',*,*,#793,.F.);
#793 = EDGE_CURVE('',#753,#786,#794,.T.);
#794 = B_SPLINE_CURVE_WITH_KNOTS('',2,(#795,#796,#797),.UNSPECIFIED.,.F.
  ,.F.,(3,3),(0.,1.),.PIECEWISE_BEZIER_KNOTS.);
#795 = CARTESIAN_POINT('',(17.493630573248,3.019267725403,7.710609018802
    ));
#796 = CARTESIAN_POINT('',(17.29872611465,2.953826418999,7.530810507156)
  );
#797 = CARTESIAN_POINT('',(17.256687898089,2.828172139591,7.185578211825
    ));
#798 = SURFACE_OF_LINEAR_EXTRUSION('',#799,#803);
#799 = B_SPLINE_CURVE_WITH_KNOTS('',2,(#800,#801,#802),.UNSPECIFIED.,.F.
  ,.F.,(3,3),(0.,1.),.PIECEWISE_BEZIER_KNOTS.);
#800 = CARTESIAN_POINT('',(17.493630573248,3.019267725403,7.710609018802
    ));
#801 = CARTESIAN_POINT('',(17.29872611465,2.953826418999,7.530810507156)
  );
#802 = CARTESIAN_POINT('',(17.256687898089,2.828172139591,7.185578211825
    ));
#803 = VECTOR('',#804,1.);
#804 = DIRECTION('',(-0.,0.939692620786,-0.342020143326));
#805 = ADVANCED_FACE('',(#806),#831,.T.);
#806 = FACE_BOUND('',#807,.T.);
#807 = EDGE_LOOP('',(#808,#809,#817,#825));
#808 = ORIENTED_EDGE('',*,*,#785,.T.);
#809 = ORIENTED_EDGE('',*,*,#810,.T.);
#810 = EDGE_CURVE('',#778,#811,#813,.T.);
#811 = VERTEX_POINT('',#812);
#812 = CARTESIAN_POINT('',(16.266878980892,2.134016849265,7.61744574619)
  );
#813 = LINE('',#814,#815);
#814 = CARTESIAN_POINT('',(17.256687898089,2.076418042962,7.459194326485
    ));
#815 = VECTOR('',#816,1.);
#816 = DIRECTION('',(-0.985832777796,5.736742741817E-02,0.157615711444)
  );
#817 = ORIENTED_EDGE('',*,*,#818,.F.);
#818 = EDGE_CURVE('',#819,#811,#821,.T.);
#819 = VERTEX_POINT('',#820);
#820 = CARTESIAN_POINT('',(16.266878980892,2.885770945894,7.343829631529
    ));
#821 = LINE('',#822,#823);
#822 = CARTESIAN_POINT('',(16.266878980892,2.885770945894,7.343829631529
    ));
#823 = VECTOR('',#824,1.);
#824 = DIRECTION('',(0.,-0.939692620786,0.342020143326));
#825 = ORIENTED_EDGE('',*,*,#826,.F.);
#826 = EDGE_CURVE('',#786,#819,#827,.T.);
#827 = LINE('',#828,#829);
#828 = CARTESIAN_POINT('',(17.256687898089,2.828172139591,7.185578211825
    ));
#829 = VECTOR('',#830,1.);
#830 = DIRECTION('',(-0.985832777796,5.736742741817E-02,0.157615711444)
  );
#831 = PLANE('',#832);
#832 = AXIS2_PLACEMENT_3D('',#833,#834,#835);
#833 = CARTESIAN_POINT('',(17.256687898089,2.828172139591,7.185578211825
    ));
#834 = DIRECTION('',(-0.167731136711,-0.337174667957,-0.926379786624));
#835 = DIRECTION('',(-0.985832777796,5.736742741817E-02,0.157615711444)
  );
#836 = ADVANCED_FACE('',(#837),#862,.T.);
#837 = FACE_BOUND('',#838,.T.);
#838 = EDGE_LOOP('',(#839,#840,#848,#856));
#839 = ORIENTED_EDGE('',*,*,#818,.T.);
#840 = ORIENTED_EDGE('',*,*,#841,.T.);
#841 = EDGE_CURVE('',#811,#842,#844,.T.);
#842 = VERTEX_POINT('',#843);
#843 = CARTESIAN_POINT('',(16.57821656051,2.414516936237,8.3881134013));
#844 = B_SPLINE_CURVE_WITH_KNOTS('',2,(#845,#846,#847),.UNSPECIFIED.,.F.
  ,.F.,(3,3),(0.,1.),.PIECEWISE_BEZIER_KNOTS.);
#845 = CARTESIAN_POINT('',(16.266878980892,2.134016849265,7.61744574619)
  );
#846 = CARTESIAN_POINT('',(16.370063694268,2.309601712654,8.099861193549
    ));
#847 = CARTESIAN_POINT('',(16.57821656051,2.414516936237,8.3881134013));
#848 = ORIENTED_EDGE('',*,*,#849,.F.);
#849 = EDGE_CURVE('',#850,#842,#852,.T.);
#850 = VERTEX_POINT('',#851);
#851 = CARTESIAN_POINT('',(16.57821656051,3.166271032866,8.11449728664)
  );
#852 = LINE('',#853,#854);
#853 = CARTESIAN_POINT('',(16.57821656051,3.166271032866,8.11449728664)
  );
#854 = VECTOR('',#855,1.);
#855 = DIRECTION('',(0.,-0.939692620786,0.342020143326));
#856 = ORIENTED_EDGE('',*,*,#857,.F.);
#857 = EDGE_CURVE('',#819,#850,#858,.T.);
#858 = B_SPLINE_CURVE_WITH_KNOTS('',2,(#859,#860,#861),.UNSPECIFIED.,.F.
  ,.F.,(3,3),(0.,1.),.PIECEWISE_BEZIER_KNOTS.);
#859 = CARTESIAN_POINT('',(16.266878980892,2.885770945894,7.343829631529
    ));
#860 = CARTESIAN_POINT('',(16.370063694268,3.061355809283,7.826245078888
    ));
#861 = CARTESIAN_POINT('',(16.57821656051,3.166271032866,8.11449728664)
  );
#862 = SURFACE_OF_LINEAR_EXTRUSION('',#863,#867);
#863 = B_SPLINE_CURVE_WITH_KNOTS('',2,(#864,#865,#866),.UNSPECIFIED.,.F.
  ,.F.,(3,3),(0.,1.),.PIECEWISE_BEZIER_KNOTS.);
#864 = CARTESIAN_POINT('',(16.266878980892,2.885770945894,7.343829631529
    ));
#865 = CARTESIAN_POINT('',(16.370063694268,3.061355809283,7.826245078888
    ));
#866 = CARTESIAN_POINT('',(16.57821656051,3.166271032866,8.11449728664)
  );
#867 = VECTOR('',#868,1.);
#868 = DIRECTION('',(-0.,0.939692620786,-0.342020143326));
#869 = ADVANCED_FACE('',(#870),#895,.T.);
#870 = FACE_BOUND('',#871,.T.);
#871 = EDGE_LOOP('',(#872,#873,#881,#889));
#872 = ORIENTED_EDGE('',*,*,#849,.T.);
#873 = ORIENTED_EDGE('',*,*,#874,.T.);
#874 = EDGE_CURVE('',#842,#875,#877,.T.);
#875 = VERTEX_POINT('',#876);
#876 = CARTESIAN_POINT('',(17.159108280255,2.579557993934,8.841559980605
    ));
#877 = B_SPLINE_CURVE_WITH_KNOTS('',2,(#878,#879,#880),.UNSPECIFIED.,.F.
  ,.F.,(3,3),(0.,1.),.PIECEWISE_BEZIER_KNOTS.);
#878 = CARTESIAN_POINT('',(16.57821656051,2.414516936237,8.3881134013));
#879 = CARTESIAN_POINT('',(16.786624203822,2.51951929871,8.676605021185)
  );
#880 = CARTESIAN_POINT('',(17.159108280255,2.579557993934,8.841559980605
    ));
#881 = ORIENTED_EDGE('',*,*,#882,.F.);
#882 = EDGE_CURVE('',#883,#875,#885,.T.);
#883 = VERTEX_POINT('',#884);
#884 = CARTESIAN_POINT('',(17.159108280255,3.331312090562,8.567943865944
    ));
#885 = LINE('',#886,#887);
#886 = CARTESIAN_POINT('',(17.159108280255,3.331312090562,8.567943865944
    ));
#887 = VECTOR('',#888,1.);
#888 = DIRECTION('',(0.,-0.939692620786,0.342020143326));
#889 = ORIENTED_EDGE('',*,*,#890,.F.);
#890 = EDGE_CURVE('',#850,#883,#891,.T.);
#891 = B_SPLINE_CURVE_WITH_KNOTS('',2,(#892,#893,#894),.UNSPECIFIED.,.F.
  ,.F.,(3,3),(0.,1.),.PIECEWISE_BEZIER_KNOTS.);
#892 = CARTESIAN_POINT('',(16.57821656051,3.166271032866,8.11449728664)
  );
#893 = CARTESIAN_POINT('',(16.786624203822,3.271273395339,8.402988906525
    ));
#894 = CARTESIAN_POINT('',(17.159108280255,3.331312090562,8.567943865944
    ));
#895 = SURFACE_OF_LINEAR_EXTRUSION('',#896,#900);
#896 = B_SPLINE_CURVE_WITH_KNOTS('',2,(#897,#898,#899),.UNSPECIFIED.,.F.
  ,.F.,(3,3),(0.,1.),.PIECEWISE_BEZIER_KNOTS.);
#897 = CARTESIAN_POINT('',(16.57821656051,3.166271032866,8.11449728664)
  );
#898 = CARTESIAN_POINT('',(16.786624203822,3.271273395339,8.402988906525
    ));
#899 = CARTESIAN_POINT('',(17.159108280255,3.331312090562,8.567943865944
    ));
#900 = VECTOR('',#901,1.);
#901 = DIRECTION('',(-0.,0.939692620786,-0.342020143326));
#902 = ADVANCED_FACE('',(#903),#928,.T.);
#903 = FACE_BOUND('',#904,.T.);
#904 = EDGE_LOOP('',(#905,#906,#914,#922));
#905 = ORIENTED_EDGE('',*,*,#882,.T.);
#906 = ORIENTED_EDGE('',*,*,#907,.T.);
#907 = EDGE_CURVE('',#875,#908,#910,.T.);
#908 = VERTEX_POINT('',#909);
#909 = CARTESIAN_POINT('',(17.994267515924,2.639683828047,9.006754352157
    ));
#910 = B_SPLINE_CURVE_WITH_KNOTS('',2,(#911,#912,#913),.UNSPECIFIED.,.F.
  ,.F.,(3,3),(0.,1.),.PIECEWISE_BEZIER_KNOTS.);
#911 = CARTESIAN_POINT('',(17.159108280255,2.579557993934,8.841559980605
    ));
#912 = CARTESIAN_POINT('',(17.531847133758,2.639683828047,9.006754352157
    ));
#913 = CARTESIAN_POINT('',(17.994267515924,2.639683828047,9.006754352157
    ));
#914 = ORIENTED_EDGE('',*,*,#915,.F.);
#915 = EDGE_CURVE('',#916,#908,#918,.T.);
#916 = VERTEX_POINT('',#917);
#917 = CARTESIAN_POINT('',(17.994267515924,3.391437924676,8.733138237496
    ));
#918 = LINE('',#919,#920);
#919 = CARTESIAN_POINT('',(17.994267515924,3.391437924676,8.733138237496
    ));
#920 = VECTOR('',#921,1.);
#921 = DIRECTION('',(0.,-0.939692620786,0.342020143326));
#922 = ORIENTED_EDGE('',*,*,#923,.F.);
#923 = EDGE_CURVE('',#883,#916,#924,.T.);
#924 = B_SPLINE_CURVE_WITH_KNOTS('',2,(#925,#926,#927),.UNSPECIFIED.,.F.
  ,.F.,(3,3),(0.,1.),.PIECEWISE_BEZIER_KNOTS.);
#925 = CARTESIAN_POINT('',(17.159108280255,3.331312090562,8.567943865944
    ));
#926 = CARTESIAN_POINT('',(17.531847133758,3.391437924676,8.733138237496
    ));
#927 = CARTESIAN_POINT('',(17.994267515924,3.391437924676,8.733138237496
    ));
#928 = SURFACE_OF_LINEAR_EXTRUSION('',#929,#933);
#929 = B_SPLINE_CURVE_WITH_KNOTS('',2,(#930,#931,#932),.UNSPECIFIED.,.F.
  ,.F.,(3,3),(0.,1.),.PIECEWISE_BEZIER_KNOTS.);
#930 = CARTESIAN_POINT('',(17.159108280255,3.331312090562,8.567943865944
    ));
#931 = CARTESIAN_POINT('',(17.531847133758,3.391437924676,8.733138237496
    ));
#932 = CARTESIAN_POINT('',(17.994267515924,3.391437924676,8.733138237496
    ));
#933 = VECTOR('',#934,1.);
#934 = DIRECTION('',(-0.,0.939692620786,-0.342020143326));
#935 = ADVANCED_FACE('',(#936),#961,.T.);
#936 = FACE_BOUND('',#937,.T.);
#937 = EDGE_LOOP('',(#938,#939,#947,#955));
#938 = ORIENTED_EDGE('',*,*,#915,.T.);
#939 = ORIENTED_EDGE('',*,*,#940,.T.);
#940 = EDGE_CURVE('',#908,#941,#943,.T.);
#941 = VERTEX_POINT('',#942);
#942 = CARTESIAN_POINT('',(19.263057324841,2.466887409139,8.532000093044
    ));
#943 = B_SPLINE_CURVE_WITH_KNOTS('',2,(#944,#945,#946),.UNSPECIFIED.,.F.
  ,.F.,(3,3),(0.,1.),.PIECEWISE_BEZIER_KNOTS.);
#944 = CARTESIAN_POINT('',(17.994267515924,2.639683828047,9.006754352157
    ));
#945 = CARTESIAN_POINT('',(18.785350318471,2.639683828047,9.006754352157
    ));
#946 = CARTESIAN_POINT('',(19.263057324841,2.466887409139,8.532000093044
    ));
#947 = ORIENTED_EDGE('',*,*,#948,.F.);
#948 = EDGE_CURVE('',#949,#941,#951,.T.);
#949 = VERTEX_POINT('',#950);
#950 = CARTESIAN_POINT('',(19.263057324841,3.218641505768,8.258383978383
    ));
#951 = LINE('',#952,#953);
#952 = CARTESIAN_POINT('',(19.263057324841,3.218641505768,8.258383978383
    ));
#953 = VECTOR('',#954,1.);
#954 = DIRECTION('',(0.,-0.939692620786,0.342020143326));
#955 = ORIENTED_EDGE('',*,*,#956,.F.);
#956 = EDGE_CURVE('',#916,#949,#957,.T.);
#957 = B_SPLINE_CURVE_WITH_KNOTS('',2,(#958,#959,#960),.UNSPECIFIED.,.F.
  ,.F.,(3,3),(0.,1.),.PIECEWISE_BEZIER_KNOTS.);
#958 = CARTESIAN_POINT('',(17.994267515924,3.391437924676,8.733138237496
    ));
#959 = CARTESIAN_POINT('',(18.785350318471,3.391437924676,8.733138237496
    ));
#960 = CARTESIAN_POINT('',(19.263057324841,3.218641505768,8.258383978383
    ));
#961 = SURFACE_OF_LINEAR_EXTRUSION('',#962,#966);
#962 = B_SPLINE_CURVE_WITH_KNOTS('',2,(#963,#964,#965),.UNSPECIFIED.,.F.
  ,.F.,(3,3),(0.,1.),.PIECEWISE_BEZIER_KNOTS.);
#963 = CARTESIAN_POINT('',(17.994267515924,3.391437924676,8.733138237496
    ));
#964 = CARTESIAN_POINT('',(18.785350318471,3.391437924676,8.733138237496
    ));
#965 = CARTESIAN_POINT('',(19.263057324841,3.218641505768,8.258383978383
    ));
#966 = VECTOR('',#967,1.);
#967 = DIRECTION('',(-0.,0.939692620786,-0.342020143326));
#968 = ADVANCED_FACE('',(#969),#994,.T.);
#969 = FACE_BOUND('',#970,.T.);
#970 = EDGE_LOOP('',(#971,#972,#980,#988));
#971 = ORIENTED_EDGE('',*,*,#948,.T.);
#972 = ORIENTED_EDGE('',*,*,#973,.T.);
#973 = EDGE_CURVE('',#941,#974,#976,.T.);
#974 = VERTEX_POINT('',#975);
#975 = CARTESIAN_POINT('',(19.656687898089,2.147523377218,7.654554626756
    ));
#976 = B_SPLINE_CURVE_WITH_KNOTS('',2,(#977,#978,#979),.UNSPECIFIED.,.F.
  ,.F.,(3,3),(0.,1.),.PIECEWISE_BEZIER_KNOTS.);
#977 = CARTESIAN_POINT('',(19.263057324841,2.466887409139,8.532000093044
    ));
#978 = CARTESIAN_POINT('',(19.656687898089,2.325548129528,8.14367361383)
  );
#979 = CARTESIAN_POINT('',(19.656687898089,2.147523377218,7.654554626756
    ));
#980 = ORIENTED_EDGE('',*,*,#981,.F.);
#981 = EDGE_CURVE('',#982,#974,#984,.T.);
#982 = VERTEX_POINT('',#983);
#983 = CARTESIAN_POINT('',(19.656687898089,2.899277473847,7.380938512095
    ));
#984 = LINE('',#985,#986);
#985 = CARTESIAN_POINT('',(19.656687898089,2.899277473847,7.380938512095
    ));
#986 = VECTOR('',#987,1.);
#987 = DIRECTION('',(0.,-0.939692620786,0.342020143326));
#988 = ORIENTED_EDGE('',*,*,#989,.F.);
#989 = EDGE_CURVE('',#949,#982,#990,.T.);
#990 = B_SPLINE_CURVE_WITH_KNOTS('',2,(#991,#992,#993),.UNSPECIFIED.,.F.
  ,.F.,(3,3),(0.,1.),.PIECEWISE_BEZIER_KNOTS.);
#991 = CARTESIAN_POINT('',(19.263057324841,3.218641505768,8.258383978383
    ));
#992 = CARTESIAN_POINT('',(19.656687898089,3.077302226156,7.870057499169
    ));
#993 = CARTESIAN_POINT('',(19.656687898089,2.899277473847,7.380938512095
    ));
#994 = SURFACE_OF_LINEAR_EXTRUSION('',#995,#999);
#995 = B_SPLINE_CURVE_WITH_KNOTS('',2,(#996,#997,#998),.UNSPECIFIED.,.F.
  ,.F.,(3,3),(0.,1.),.PIECEWISE_BEZIER_KNOTS.);
#996 = CARTESIAN_POINT('',(19.263057324841,3.218641505768,8.258383978383
    ));
#997 = CARTESIAN_POINT('',(19.656687898089,3.077302226156,7.870057499169
    ));
#998 = CARTESIAN_POINT('',(19.656687898089,2.899277473847,7.380938512095
    ));
#999 = VECTOR('',#1000,1.);
#1000 = DIRECTION('',(-0.,0.939692620786,-0.342020143326));
#1001 = ADVANCED_FACE('',(#1002),#1027,.T.);
#1002 = FACE_BOUND('',#1003,.T.);
#1003 = EDGE_LOOP('',(#1004,#1005,#1013,#1021));
#1004 = ORIENTED_EDGE('',*,*,#981,.T.);
#1005 = ORIENTED_EDGE('',*,*,#1006,.T.);
#1006 = EDGE_CURVE('',#974,#1007,#1009,.T.);
#1007 = VERTEX_POINT('',#1008);
#1008 = CARTESIAN_POINT('',(18.850318471338,1.744418871989,
    6.547034100958));
#1009 = B_SPLINE_CURVE_WITH_KNOTS('',2,(#1010,#1011,#1012),
  .UNSPECIFIED.,.F.,.F.,(3,3),(0.,1.),.PIECEWISE_BEZIER_KNOTS.);
#1010 = CARTESIAN_POINT('',(19.656687898089,2.147523377218,
    7.654554626756));
#1011 = CARTESIAN_POINT('',(19.656687898089,1.894907735052,
    6.960498854104));
#1012 = CARTESIAN_POINT('',(18.850318471338,1.744418871989,
    6.547034100958));
#1013 = ORIENTED_EDGE('',*,*,#1014,.F.);
#1014 = EDGE_CURVE('',#1015,#1007,#1017,.T.);
#1015 = VERTEX_POINT('',#1016);
#1016 = CARTESIAN_POINT('',(18.850318471338,2.496172968618,
    6.273417986298));
#1017 = LINE('',#1018,#1019);
#1018 = CARTESIAN_POINT('',(18.850318471338,2.496172968618,
    6.273417986298));
#1019 = VECTOR('',#1020,1.);
#1020 = DIRECTION('',(0.,-0.939692620786,0.342020143326));
#1021 = ORIENTED_EDGE('',*,*,#1022,.F.);
#1022 = EDGE_CURVE('',#982,#1015,#1023,.T.);
#1023 = B_SPLINE_CURVE_WITH_KNOTS('',2,(#1024,#1025,#1026),
  .UNSPECIFIED.,.F.,.F.,(3,3),(0.,1.),.PIECEWISE_BEZIER_KNOTS.);
#1024 = CARTESIAN_POINT('',(19.656687898089,2.899277473847,
    7.380938512095));
#1025 = CARTESIAN_POINT('',(19.656687898089,2.646661831681,
    6.686882739443));
#1026 = CARTESIAN_POINT('',(18.850318471338,2.496172968618,
    6.273417986298));
#1027 = SURFACE_OF_LINEAR_EXTRUSION('',#1028,#1032);
#1028 = B_SPLINE_CURVE_WITH_KNOTS('',2,(#1029,#1030,#1031),
  .UNSPECIFIED.,.F.,.F.,(3,3),(0.,1.),.PIECEWISE_BEZIER_KNOTS.);
#1029 = CARTESIAN_POINT('',(19.656687898089,2.899277473847,
    7.380938512095));
#1030 = CARTESIAN_POINT('',(19.656687898089,2.646661831681,
    6.686882739443));
#1031 = CARTESIAN_POINT('',(18.850318471338,2.496172968618,
    6.273417986298));
#1032 = VECTOR('',#1033,1.);
#1033 = DIRECTION('',(-0.,0.939692620786,-0.342020143326));
#1034 = ADVANCED_FACE('',(#1035),#1060,.T.);
#1035 = FACE_BOUND('',#1036,.T.);
#1036 = EDGE_LOOP('',(#1037,#1038,#1046,#1054));
#1037 = ORIENTED_EDGE('',*,*,#1014,.T.);
#1038 = ORIENTED_EDGE('',*,*,#1039,.T.);
#1039 = EDGE_CURVE('',#1007,#1040,#1042,.T.);
#1040 = VERTEX_POINT('',#1041);
#1041 = CARTESIAN_POINT('',(19.62025477707,1.585477536594,6.110346370942
    ));
#1042 = B_SPLINE_CURVE_WITH_KNOTS('',2,(#1043,#1044,#1045),
  .UNSPECIFIED.,.F.,.F.,(3,3),(0.,1.),.PIECEWISE_BEZIER_KNOTS.);
#1043 = CARTESIAN_POINT('',(18.850318471338,1.744418871989,
    6.547034100958));
#1044 = CARTESIAN_POINT('',(19.331847133758,1.708953343751,
    6.449593362956));
#1045 = CARTESIAN_POINT('',(19.62025477707,1.585477536594,6.110346370942
    ));
#1046 = ORIENTED_EDGE('',*,*,#1047,.F.);
#1047 = EDGE_CURVE('',#1048,#1040,#1050,.T.);
#1048 = VERTEX_POINT('',#1049);
#1049 = CARTESIAN_POINT('',(19.62025477707,2.337231633223,5.836730256281
    ));
#1050 = LINE('',#1051,#1052);
#1051 = CARTESIAN_POINT('',(19.62025477707,2.337231633223,5.836730256281
    ));
#1052 = VECTOR('',#1053,1.);
#1053 = DIRECTION('',(0.,-0.939692620786,0.342020143326));
#1054 = ORIENTED_EDGE('',*,*,#1055,.F.);
#1055 = EDGE_CURVE('',#1015,#1048,#1056,.T.);
#1056 = B_SPLINE_CURVE_WITH_KNOTS('',2,(#1057,#1058,#1059),
  .UNSPECIFIED.,.F.,.F.,(3,3),(0.,1.),.PIECEWISE_BEZIER_KNOTS.);
#1057 = CARTESIAN_POINT('',(18.850318471338,2.496172968618,
    6.273417986298));
#1058 = CARTESIAN_POINT('',(19.331847133758,2.46070744038,6.175977248295
    ));
#1059 = CARTESIAN_POINT('',(19.62025477707,2.337231633223,5.836730256281
    ));
#1060 = SURFACE_OF_LINEAR_EXTRUSION('',#1061,#1065);
#1061 = B_SPLINE_CURVE_WITH_KNOTS('',2,(#1062,#1063,#1064),
  .UNSPECIFIED.,.F.,.F.,(3,3),(0.,1.),.PIECEWISE_BEZIER_KNOTS.);
#1062 = CARTESIAN_POINT('',(18.850318471338,2.496172968618,
    6.273417986298));
#1063 = CARTESIAN_POINT('',(19.331847133758,2.46070744038,6.175977248295
    ));
#1064 = CARTESIAN_POINT('',(19.62025477707,2.337231633223,5.836730256281
    ));
#1065 = VECTOR('',#1066,1.);
#1066 = DIRECTION('',(-0.,0.939692620786,-0.342020143326));
#1067 = ADVANCED_FACE('',(#1068),#1093,.T.);
#1068 = FACE_BOUND('',#1069,.T.);
#1069 = EDGE_LOOP('',(#1070,#1071,#1079,#1087));
#1070 = ORIENTED_EDGE('',*,*,#1047,.T.);
#1071 = ORIENTED_EDGE('',*,*,#1072,.T.);
#1072 = EDGE_CURVE('',#1040,#1073,#1075,.T.);
#1073 = VERTEX_POINT('',#1074);
#1074 = CARTESIAN_POINT('',(19.908917197452,1.287375393838,
    5.291317465029));
#1075 = B_SPLINE_CURVE_WITH_KNOTS('',2,(#1076,#1077,#1078),
  .UNSPECIFIED.,.F.,.F.,(3,3),(0.,1.),.PIECEWISE_BEZIER_KNOTS.);
#1076 = CARTESIAN_POINT('',(19.62025477707,1.585477536594,6.110346370942
    ));
#1077 = CARTESIAN_POINT('',(19.908917197452,1.462001729437,
    5.771099378928));
#1078 = CARTESIAN_POINT('',(19.908917197452,1.287375393838,
    5.291317465029));
#1079 = ORIENTED_EDGE('',*,*,#1080,.F.);
#1080 = EDGE_CURVE('',#1081,#1073,#1083,.T.);
#1081 = VERTEX_POINT('',#1082);
#1082 = CARTESIAN_POINT('',(19.908917197452,2.039129490467,
    5.017701350368));
#1083 = LINE('',#1084,#1085);
#1084 = CARTESIAN_POINT('',(19.908917197452,2.039129490467,
    5.017701350368));
#1085 = VECTOR('',#1086,1.);
#1086 = DIRECTION('',(0.,-0.939692620786,0.342020143326));
#1087 = ORIENTED_EDGE('',*,*,#1088,.F.);
#1088 = EDGE_CURVE('',#1048,#1081,#1089,.T.);
#1089 = B_SPLINE_CURVE_WITH_KNOTS('',2,(#1090,#1091,#1092),
  .UNSPECIFIED.,.F.,.F.,(3,3),(0.,1.),.PIECEWISE_BEZIER_KNOTS.);
#1090 = CARTESIAN_POINT('',(19.62025477707,2.337231633223,5.836730256281
    ));
#1091 = CARTESIAN_POINT('',(19.908917197452,2.213755826065,
    5.497483264268));
#1092 = CARTESIAN_POINT('',(19.908917197452,2.039129490467,
    5.017701350368));
#1093 = SURFACE_OF_LINEAR_EXTRUSION('',#1094,#1098);
#1094 = B_SPLINE_CURVE_WITH_KNOTS('',2,(#1095,#1096,#1097),
  .UNSPECIFIED.,.F.,.F.,(3,3),(0.,1.),.PIECEWISE_BEZIER_KNOTS.);
#1095 = CARTESIAN_POINT('',(19.62025477707,2.337231633223,5.836730256281
    ));
#1096 = CARTESIAN_POINT('',(19.908917197452,2.213755826065,
    5.497483264268));
#1097 = CARTESIAN_POINT('',(19.908917197452,2.039129490467,
    5.017701350368));
#1098 = VECTOR('',#1099,1.);
#1099 = DIRECTION('',(-0.,0.939692620786,-0.342020143326));
#1100 = ADVANCED_FACE('',(#1101),#1126,.T.);
#1101 = FACE_BOUND('',#1102,.T.);
#1102 = EDGE_LOOP('',(#1103,#1104,#1112,#1120));
#1103 = ORIENTED_EDGE('',*,*,#1080,.T.);
#1104 = ORIENTED_EDGE('',*,*,#1105,.T.);
#1105 = EDGE_CURVE('',#1073,#1106,#1108,.T.);
#1106 = VERTEX_POINT('',#1107);
#1107 = CARTESIAN_POINT('',(19.370063694268,0.855253638232,
    4.104072699047));
#1108 = B_SPLINE_CURVE_WITH_KNOTS('',2,(#1109,#1110,#1111),
  .UNSPECIFIED.,.F.,.F.,(3,3),(0.,1.),.PIECEWISE_BEZIER_KNOTS.);
#1109 = CARTESIAN_POINT('',(19.908917197452,1.287375393838,
    5.291317465029));
#1110 = CARTESIAN_POINT('',(19.908917197452,1.033888362772,4.59486757105
    ));
#1111 = CARTESIAN_POINT('',(19.370063694268,0.855253638232,
    4.104072699047));
#1112 = ORIENTED_EDGE('',*,*,#1113,.F.);
#1113 = EDGE_CURVE('',#1114,#1106,#1116,.T.);
#1114 = VERTEX_POINT('',#1115);
#1115 = CARTESIAN_POINT('',(19.370063694268,1.607007734861,
    3.830456584387));
#1116 = LINE('',#1117,#1118);
#1117 = CARTESIAN_POINT('',(19.370063694268,1.607007734861,
    3.830456584387));
#1118 = VECTOR('',#1119,1.);
#1119 = DIRECTION('',(0.,-0.939692620786,0.342020143326));
#1120 = ORIENTED_EDGE('',*,*,#1121,.F.);
#1121 = EDGE_CURVE('',#1081,#1114,#1122,.T.);
#1122 = B_SPLINE_CURVE_WITH_KNOTS('',2,(#1123,#1124,#1125),
  .UNSPECIFIED.,.F.,.F.,(3,3),(0.,1.),.PIECEWISE_BEZIER_KNOTS.);
#1123 = CARTESIAN_POINT('',(19.908917197452,2.039129490467,
    5.017701350368));
#1124 = CARTESIAN_POINT('',(19.908917197452,1.785642459401,4.32125145639
    ));
#1125 = CARTESIAN_POINT('',(19.370063694268,1.607007734861,
    3.830456584387));
#1126 = SURFACE_OF_LINEAR_EXTRUSION('',#1127,#1131);
#1127 = B_SPLINE_CURVE_WITH_KNOTS('',2,(#1128,#1129,#1130),
  .UNSPECIFIED.,.F.,.F.,(3,3),(0.,1.),.PIECEWISE_BEZIER_KNOTS.);
#1128 = CARTESIAN_POINT('',(19.908917197452,2.039129490467,
    5.017701350368));
#1129 = CARTESIAN_POINT('',(19.908917197452,1.785642459401,4.32125145639
    ));
#1130 = CARTESIAN_POINT('',(19.370063694268,1.607007734861,
    3.830456584387));
#1131 = VECTOR('',#1132,1.);
#1132 = DIRECTION('',(-0.,0.939692620786,-0.342020143326));
#1133 = ADVANCED_FACE('',(#1134),#1159,.T.);
#1134 = FACE_BOUND('',#1135,.T.);
#1135 = EDGE_LOOP('',(#1136,#1137,#1145,#1153));
#1136 = ORIENTED_EDGE('',*,*,#1113,.T.);
#1137 = ORIENTED_EDGE('',*,*,#1138,.T.);
#1138 = EDGE_CURVE('',#1106,#1139,#1141,.T.);
#1139 = VERTEX_POINT('',#1140);
#1140 = CARTESIAN_POINT('',(18.028662420382,0.676618913693,
    3.613277827045));
#1141 = B_SPLINE_CURVE_WITH_KNOTS('',2,(#1142,#1143,#1144),
  .UNSPECIFIED.,.F.,.F.,(3,3),(0.,1.),.PIECEWISE_BEZIER_KNOTS.);
#1142 = CARTESIAN_POINT('',(19.370063694268,0.855253638232,
    4.104072699047));
#1143 = CARTESIAN_POINT('',(18.831210191083,0.676618913693,
    3.613277827045));
#1144 = CARTESIAN_POINT('',(18.028662420382,0.676618913693,
    3.613277827045));
#1145 = ORIENTED_EDGE('',*,*,#1146,.F.);
#1146 = EDGE_CURVE('',#1147,#1139,#1149,.T.);
#1147 = VERTEX_POINT('',#1148);
#1148 = CARTESIAN_POINT('',(18.028662420382,1.428373010321,
    3.339661712384));
#1149 = LINE('',#1150,#1151);
#1150 = CARTESIAN_POINT('',(18.028662420382,1.428373010321,
    3.339661712384));
#1151 = VECTOR('',#1152,1.);
#1152 = DIRECTION('',(0.,-0.939692620786,0.342020143326));
#1153 = ORIENTED_EDGE('',*,*,#1154,.F.);
#1154 = EDGE_CURVE('',#1114,#1147,#1155,.T.);
#1155 = B_SPLINE_CURVE_WITH_KNOTS('',2,(#1156,#1157,#1158),
  .UNSPECIFIED.,.F.,.F.,(3,3),(0.,1.),.PIECEWISE_BEZIER_KNOTS.);
#1156 = CARTESIAN_POINT('',(19.370063694268,1.607007734861,
    3.830456584387));
#1157 = CARTESIAN_POINT('',(18.831210191083,1.428373010321,
    3.339661712384));
#1158 = CARTESIAN_POINT('',(18.028662420382,1.428373010321,
    3.339661712384));
#1159 = SURFACE_OF_LINEAR_EXTRUSION('',#1160,#1164);
#1160 = B_SPLINE_CURVE_WITH_KNOTS('',2,(#1161,#1162,#1163),
  .UNSPECIFIED.,.F.,.F.,(3,3),(0.,1.),.PIECEWISE_BEZIER_KNOTS.);
#1161 = CARTESIAN_POINT('',(19.370063694268,1.607007734861,
    3.830456584387));
#1162 = CARTESIAN_POINT('',(18.831210191083,1.428373010321,
    3.339661712384));
#1163 = CARTESIAN_POINT('',(18.028662420382,1.428373010321,
    3.339661712384));
#1164 = VECTOR('',#1165,1.);
#1165 = DIRECTION('',(-0.,0.939692620786,-0.342020143326));
#1166 = ADVANCED_FACE('',(#1167),#1192,.T.);
#1167 = FACE_BOUND('',#1168,.T.);
#1168 = EDGE_LOOP('',(#1169,#1170,#1178,#1186));
#1169 = ORIENTED_EDGE('',*,*,#1146,.T.);
#1170 = ORIENTED_EDGE('',*,*,#1171,.T.);
#1171 = EDGE_CURVE('',#1139,#1172,#1174,.T.);
#1172 = VERTEX_POINT('',#1173);
#1173 = CARTESIAN_POINT('',(16.767515923567,0.826672082306,
    4.025545519527));
#1174 = B_SPLINE_CURVE_WITH_KNOTS('',2,(#1175,#1176,#1177),
  .UNSPECIFIED.,.F.,.F.,(3,3),(0.,1.),.PIECEWISE_BEZIER_KNOTS.);
#1175 = CARTESIAN_POINT('',(18.028662420382,0.676618913693,
    3.613277827045));
#1176 = CARTESIAN_POINT('',(17.268152866242,0.676618913693,
    3.613277827045));
#1177 = CARTESIAN_POINT('',(16.767515923567,0.826672082306,
    4.025545519527));
#1178 = ORIENTED_EDGE('',*,*,#1179,.F.);
#1179 = EDGE_CURVE('',#1180,#1172,#1182,.T.);
#1180 = VERTEX_POINT('',#1181);
#1181 = CARTESIAN_POINT('',(16.767515923567,1.578426178935,
    3.751929404866));
#1182 = LINE('',#1183,#1184);
#1183 = CARTESIAN_POINT('',(16.767515923567,1.578426178935,
    3.751929404866));
#1184 = VECTOR('',#1185,1.);
#1185 = DIRECTION('',(0.,-0.939692620786,0.342020143326));
#1186 = ORIENTED_EDGE('',*,*,#1187,.F.);
#1187 = EDGE_CURVE('',#1147,#1180,#1188,.T.);
#1188 = B_SPLINE_CURVE_WITH_KNOTS('',2,(#1189,#1190,#1191),
  .UNSPECIFIED.,.F.,.F.,(3,3),(0.,1.),.PIECEWISE_BEZIER_KNOTS.);
#1189 = CARTESIAN_POINT('',(18.028662420382,1.428373010321,
    3.339661712384));
#1190 = CARTESIAN_POINT('',(17.268152866242,1.428373010321,
    3.339661712384));
#1191 = CARTESIAN_POINT('',(16.767515923567,1.578426178935,
    3.751929404866));
#1192 = SURFACE_OF_LINEAR_EXTRUSION('',#1193,#1197);
#1193 = B_SPLINE_CURVE_WITH_KNOTS('',2,(#1194,#1195,#1196),
  .UNSPECIFIED.,.F.,.F.,(3,3),(0.,1.),.PIECEWISE_BEZIER_KNOTS.);
#1194 = CARTESIAN_POINT('',(18.028662420382,1.428373010321,
    3.339661712384));
#1195 = CARTESIAN_POINT('',(17.268152866242,1.428373010321,
    3.339661712384));
#1196 = CARTESIAN_POINT('',(16.767515923567,1.578426178935,
    3.751929404866));
#1197 = VECTOR('',#1198,1.);
#1198 = DIRECTION('',(-0.,0.939692620786,-0.342020143326));
#1199 = ADVANCED_FACE('',(#1200),#1216,.T.);
#1200 = FACE_BOUND('',#1201,.T.);
#1201 = EDGE_LOOP('',(#1202,#1203,#1209,#1210));
#1202 = ORIENTED_EDGE('',*,*,#1179,.T.);
#1203 = ORIENTED_EDGE('',*,*,#1204,.T.);
#1204 = EDGE_CURVE('',#1172,#312,#1205,.T.);
#1205 = B_SPLINE_CURVE_WITH_KNOTS('',2,(#1206,#1207,#1208),
  .UNSPECIFIED.,.F.,.F.,(3,3),(0.,1.),.PIECEWISE_BEZIER_KNOTS.);
#1206 = CARTESIAN_POINT('',(16.767515923567,0.826672082306,
    4.025545519527));
#1207 = CARTESIAN_POINT('',(16.266878980892,0.976725250919,
    4.437813212009));
#1208 = CARTESIAN_POINT('',(16.186624203822,1.219232781843,5.10409717727
    ));
#1209 = ORIENTED_EDGE('',*,*,#309,.F.);
#1210 = ORIENTED_EDGE('',*,*,#1211,.F.);
#1211 = EDGE_CURVE('',#1180,#310,#1212,.T.);
#1212 = B_SPLINE_CURVE_WITH_KNOTS('',2,(#1213,#1214,#1215),
  .UNSPECIFIED.,.F.,.F.,(3,3),(0.,1.),.PIECEWISE_BEZIER_KNOTS.);
#1213 = CARTESIAN_POINT('',(16.767515923567,1.578426178935,
    3.751929404866));
#1214 = CARTESIAN_POINT('',(16.266878980892,1.728479347548,
    4.164197097349));
#1215 = CARTESIAN_POINT('',(16.186624203822,1.970986878472,
    4.830481062609));
#1216 = SURFACE_OF_LINEAR_EXTRUSION('',#1217,#1221);
#1217 = B_SPLINE_CURVE_WITH_KNOTS('',2,(#1218,#1219,#1220),
  .UNSPECIFIED.,.F.,.F.,(3,3),(0.,1.),.PIECEWISE_BEZIER_KNOTS.);
#1218 = CARTESIAN_POINT('',(16.767515923567,1.578426178935,
    3.751929404866));
#1219 = CARTESIAN_POINT('',(16.266878980892,1.728479347548,
    4.164197097349));
#1220 = CARTESIAN_POINT('',(16.186624203822,1.970986878472,
    4.830481062609));
#1221 = VECTOR('',#1222,1.);
#1222 = DIRECTION('',(-0.,0.939692620786,-0.342020143326));
#1223 = ADVANCED_FACE('',(#1224),#1254,.F.);
#1224 = FACE_BOUND('',#1225,.T.);
#1225 = EDGE_LOOP('',(#1226,#1227,#1228,#1229,#1230,#1231,#1232,#1233,
    #1234,#1235,#1236,#1237,#1238,#1239,#1240,#1241,#1242,#1243,#1244,
    #1245,#1246,#1247,#1248,#1249,#1250,#1251,#1252,#1253));
#1226 = ORIENTED_EDGE('',*,*,#335,.T.);
#1227 = ORIENTED_EDGE('',*,*,#366,.T.);
#1228 = ORIENTED_EDGE('',*,*,#399,.T.);
#1229 = ORIENTED_EDGE('',*,*,#432,.T.);
#1230 = ORIENTED_EDGE('',*,*,#465,.T.);
#1231 = ORIENTED_EDGE('',*,*,#498,.T.);
#1232 = ORIENTED_EDGE('',*,*,#531,.T.);
#1233 = ORIENTED_EDGE('',*,*,#564,.T.);
#1234 = ORIENTED_EDGE('',*,*,#597,.T.);
#1235 = ORIENTED_EDGE('',*,*,#628,.T.);
#1236 = ORIENTED_EDGE('',*,*,#661,.T.);
#1237 = ORIENTED_EDGE('',*,*,#694,.T.);
#1238 = ORIENTED_EDGE('',*,*,#727,.T.);
#1239 = ORIENTED_EDGE('',*,*,#760,.T.);
#1240 = ORIENTED_EDGE('',*,*,#793,.T.);
#1241 = ORIENTED_EDGE('',*,*,#826,.T.);
#1242 = ORIENTED_EDGE('',*,*,#857,.T.);
#1243 = ORIENTED_EDGE('',*,*,#890,.T.);
#1244 = ORIENTED_EDGE('',*,*,#923,.T.);
#1245 = ORIENTED_EDGE('',*,*,#956,.T.);
#1246 = ORIENTED_EDGE('',*,*,#989,.T.);
#1247 = ORIENTED_EDGE('',*,*,#1022,.T.);
#1248 = ORIENTED_EDGE('',*,*,#1055,.T.);
#1249 = ORIENTED_EDGE('',*,*,#1088,.T.);
#1250 = ORIENTED_EDGE('',*,*,#1121,.T.);
#1251 = ORIENTED_EDGE('',*,*,#1154,.T.);
#1252 = ORIENTED_EDGE('',*,*,#1187,.T.);
#1253 = ORIENTED_EDGE('',*,*,#1211,.T.);
#1254 = PLANE('',#1255);
#1255 = AXIS2_PLACEMENT_3D('',#1256,#1257,#1258);
#1256 = CARTESIAN_POINT('',(18.127872102947,2.405427703523,
    6.024097419528));
#1257 = DIRECTION('',(0.,-0.939692620786,0.342020143326));
#1258 = DIRECTION('',(1.,0.,0.));
#1259 = ADVANCED_FACE('',(#1260),#1290,.T.);
#1260 = FACE_BOUND('',#1261,.F.);
#1261 = EDGE_LOOP('',(#1262,#1263,#1264,#1265,#1266,#1267,#1268,#1269,
    #1270,#1271,#1272,#1273,#1274,#1275,#1276,#1277,#1278,#1279,#1280,
    #1281,#1282,#1283,#1284,#1285,#1286,#1287,#1288,#1289));
#1262 = ORIENTED_EDGE('',*,*,#319,.T.);
#1263 = ORIENTED_EDGE('',*,*,#350,.T.);
#1264 = ORIENTED_EDGE('',*,*,#383,.T.);
#1265 = ORIENTED_EDGE('',*,*,#416,.T.);
#1266 = ORIENTED_EDGE('',*,*,#449,.T.);
#1267 = ORIENTED_EDGE('',*,*,#482,.T.);
#1268 = ORIENTED_EDGE('',*,*,#515,.T.);
#1269 = ORIENTED_EDGE('',*,*,#548,.T.);
#1270 = ORIENTED_EDGE('',*,*,#581,.T.);
#1271 = ORIENTED_EDGE('',*,*,#612,.T.);
#1272 = ORIENTED_EDGE('',*,*,#645,.T.);
#1273 = ORIENTED_EDGE('',*,*,#678,.T.);
#1274 = ORIENTED_EDGE('',*,*,#711,.T.);
#1275 = ORIENTED_EDGE('',*,*,#744,.T.);
#1276 = ORIENTED_EDGE('',*,*,#777,.T.);
#1277 = ORIENTED_EDGE('',*,*,#810,.T.);
#1278 = ORIENTED_EDGE('',*,*,#841,.T.);
#1279 = ORIENTED_EDGE('',*,*,#874,.T.);
#1280 = ORIENTED_EDGE('',*,*,#907,.T.);
#1281 = ORIENTED_EDGE('',*,*,#940,.T.);
#1282 = ORIENTED_EDGE('',*,*,#973,.T.);
#1283 = ORIENTED_EDGE('',*,*,#1006,.T.);
#1284 = ORIENTED_EDGE('',*,*,#1039,.T.);
#1285 = ORIENTED_EDGE('',*,*,#1072,.T.);
#1286 = ORIENTED_EDGE('',*,*,#1105,.T.);
#1287 = ORIENTED_EDGE('',*,*,#1138,.T.);
#1288 = ORIENTED_EDGE('',*,*,#1171,.T.);
#1289 = ORIENTED_EDGE('',*,*,#1204,.T.);
#1290 = PLANE('',#1291);
#1291 = AXIS2_PLACEMENT_3D('',#1292,#1293,#1294);
#1292 = CARTESIAN_POINT('',(18.127872102947,1.653673606895,
    6.297713534189));
#1293 = DIRECTION('',(0.,-0.939692620786,0.342020143326));
#1294 = DIRECTION('',(1.,0.,0.));
#1295 = MANIFOLD_SOLID_BREP('',#1296);
#1296 = CLOSED_SHELL('',(#1297,#1337,#1368,#1399,#1421,#1433));
#1297 = ADVANCED_FACE('',(#1298),#1332,.T.);
#1298 = FACE_BOUND('',#1299,.T.);
#1299 = EDGE_LOOP('',(#1300,#1310,#1318,#1326));
#1300 = ORIENTED_EDGE('',*,*,#1301,.T.);
#1301 = EDGE_CURVE('',#1302,#1304,#1306,.T.);
#1302 = VERTEX_POINT('',#1303);
#1303 = CARTESIAN_POINT('',(20.234522292994,1.428373010321,
    3.339661712384));
#1304 = VERTEX_POINT('',#1305);
#1305 = CARTESIAN_POINT('',(20.234522292994,0.676618913693,
    3.613277827045));
#1306 = LINE('',#1307,#1308);
#1307 = CARTESIAN_POINT('',(20.234522292994,1.428373010321,
    3.339661712384));
#1308 = VECTOR('',#1309,1.);
#1309 = DIRECTION('',(0.,-0.939692620786,0.342020143326));
#1310 = ORIENTED_EDGE('',*,*,#1311,.T.);
#1311 = EDGE_CURVE('',#1304,#1312,#1314,.T.);
#1312 = VERTEX_POINT('',#1313);
#1313 = CARTESIAN_POINT('',(21.62178343949,2.656414494931,9.052721481632
    ));
#1314 = LINE('',#1315,#1316);
#1315 = CARTESIAN_POINT('',(20.234522292994,0.676618913693,
    3.613277827045));
#1316 = VECTOR('',#1317,1.);
#1317 = DIRECTION('',(0.233057266823,0.332601938861,0.913816316689));
#1318 = ORIENTED_EDGE('',*,*,#1319,.F.);
#1319 = EDGE_CURVE('',#1320,#1312,#1322,.T.);
#1320 = VERTEX_POINT('',#1321);
#1321 = CARTESIAN_POINT('',(21.62178343949,3.408168591559,8.779105366972
    ));
#1322 = LINE('',#1323,#1324);
#1323 = CARTESIAN_POINT('',(21.62178343949,3.408168591559,8.779105366972
    ));
#1324 = VECTOR('',#1325,1.);
#1325 = DIRECTION('',(0.,-0.939692620786,0.342020143326));
#1326 = ORIENTED_EDGE('',*,*,#1327,.F.);
#1327 = EDGE_CURVE('',#1302,#1320,#1328,.T.);
#1328 = LINE('',#1329,#1330);
#1329 = CARTESIAN_POINT('',(20.234522292994,1.428373010321,
    3.339661712384));
#1330 = VECTOR('',#1331,1.);
#1331 = DIRECTION('',(0.233057266823,0.332601938861,0.913816316689));
#1332 = PLANE('',#1333);
#1333 = AXIS2_PLACEMENT_3D('',#1334,#1335,#1336);
#1334 = CARTESIAN_POINT('',(20.234522292994,1.428373010321,
    3.339661712384));
#1335 = DIRECTION('',(-0.972463012346,7.971027980197E-02,0.219002193854)
  );
#1336 = DIRECTION('',(0.233057266823,0.332601938861,0.913816316689));
#1337 = ADVANCED_FACE('',(#1338),#1363,.T.);
#1338 = FACE_BOUND('',#1339,.T.);
#1339 = EDGE_LOOP('',(#1340,#1341,#1349,#1357));
#1340 = ORIENTED_EDGE('',*,*,#1319,.T.);
#1341 = ORIENTED_EDGE('',*,*,#1342,.T.);
#1342 = EDGE_CURVE('',#1312,#1343,#1345,.T.);
#1343 = VERTEX_POINT('',#1344);
#1344 = CARTESIAN_POINT('',(22.428152866242,2.656414494931,
    9.052721481632));
#1345 = LINE('',#1346,#1347);
#1346 = CARTESIAN_POINT('',(21.62178343949,2.656414494931,9.052721481632
    ));
#1347 = VECTOR('',#1348,1.);
#1348 = DIRECTION('',(1.,0.,0.));
#1349 = ORIENTED_EDGE('',*,*,#1350,.F.);
#1350 = EDGE_CURVE('',#1351,#1343,#1353,.T.);
#1351 = VERTEX_POINT('',#1352);
#1352 = CARTESIAN_POINT('',(22.428152866242,3.408168591559,
    8.779105366972));
#1353 = LINE('',#1354,#1355);
#1354 = CARTESIAN_POINT('',(22.428152866242,3.408168591559,
    8.779105366972));
#1355 = VECTOR('',#1356,1.);
#1356 = DIRECTION('',(0.,-0.939692620786,0.342020143326));
#1357 = ORIENTED_EDGE('',*,*,#1358,.F.);
#1358 = EDGE_CURVE('',#1320,#1351,#1359,.T.);
#1359 = LINE('',#1360,#1361);
#1360 = CARTESIAN_POINT('',(21.62178343949,3.408168591559,8.779105366972
    ));
#1361 = VECTOR('',#1362,1.);
#1362 = DIRECTION('',(1.,0.,0.));
#1363 = PLANE('',#1364);
#1364 = AXIS2_PLACEMENT_3D('',#1365,#1366,#1367);
#1365 = CARTESIAN_POINT('',(21.62178343949,3.408168591559,8.779105366972
    ));
#1366 = DIRECTION('',(0.,0.342020143326,0.939692620786));
#1367 = DIRECTION('',(1.,0.,0.));
#1368 = ADVANCED_FACE('',(#1369),#1394,.T.);
#1369 = FACE_BOUND('',#1370,.T.);
#1370 = EDGE_LOOP('',(#1371,#1372,#1380,#1388));
#1371 = ORIENTED_EDGE('',*,*,#1350,.T.);
#1372 = ORIENTED_EDGE('',*,*,#1373,.T.);
#1373 = EDGE_CURVE('',#1343,#1374,#1376,.T.);
#1374 = VERTEX_POINT('',#1375);
#1375 = CARTESIAN_POINT('',(21.025605095541,0.676618913693,
    3.613277827045));
#1376 = LINE('',#1377,#1378);
#1377 = CARTESIAN_POINT('',(22.428152866242,2.656414494931,
    9.052721481632));
#1378 = VECTOR('',#1379,1.);
#1379 = DIRECTION('',(-0.235483715343,-0.332401953666,-0.913266861879));
#1380 = ORIENTED_EDGE('',*,*,#1381,.F.);
#1381 = EDGE_CURVE('',#1382,#1374,#1384,.T.);
#1382 = VERTEX_POINT('',#1383);
#1383 = CARTESIAN_POINT('',(21.025605095541,1.428373010321,
    3.339661712384));
#1384 = LINE('',#1385,#1386);
#1385 = CARTESIAN_POINT('',(21.025605095541,1.428373010321,
    3.339661712384));
#1386 = VECTOR('',#1387,1.);
#1387 = DIRECTION('',(0.,-0.939692620786,0.342020143326));
#1388 = ORIENTED_EDGE('',*,*,#1389,.F.);
#1389 = EDGE_CURVE('',#1351,#1382,#1390,.T.);
#1390 = LINE('',#1391,#1392);
#1391 = CARTESIAN_POINT('',(22.428152866242,3.408168591559,
    8.779105366972));
#1392 = VECTOR('',#1393,1.);
#1393 = DIRECTION('',(-0.235483715343,-0.332401953666,-0.913266861879));
#1394 = PLANE('',#1395);
#1395 = AXIS2_PLACEMENT_3D('',#1396,#1397,#1398);
#1396 = CARTESIAN_POINT('',(22.428152866242,3.408168591559,
    8.779105366972));
#1397 = DIRECTION('',(0.971878294751,-8.054017407264E-02,-0.221282309624
    ));
#1398 = DIRECTION('',(-0.235483715343,-0.332401953666,-0.913266861879));
#1399 = ADVANCED_FACE('',(#1400),#1416,.T.);
#1400 = FACE_BOUND('',#1401,.T.);
#1401 = EDGE_LOOP('',(#1402,#1403,#1409,#1410));
#1402 = ORIENTED_EDGE('',*,*,#1381,.T.);
#1403 = ORIENTED_EDGE('',*,*,#1404,.T.);
#1404 = EDGE_CURVE('',#1374,#1304,#1405,.T.);
#1405 = LINE('',#1406,#1407);
#1406 = CARTESIAN_POINT('',(21.025605095541,0.676618913693,
    3.613277827045));
#1407 = VECTOR('',#1408,1.);
#1408 = DIRECTION('',(-1.,0.,0.));
#1409 = ORIENTED_EDGE('',*,*,#1301,.F.);
#1410 = ORIENTED_EDGE('',*,*,#1411,.F.);
#1411 = EDGE_CURVE('',#1382,#1302,#1412,.T.);
#1412 = LINE('',#1413,#1414);
#1413 = CARTESIAN_POINT('',(21.025605095541,1.428373010321,
    3.339661712384));
#1414 = VECTOR('',#1415,1.);
#1415 = DIRECTION('',(-1.,0.,0.));
#1416 = PLANE('',#1417);
#1417 = AXIS2_PLACEMENT_3D('',#1418,#1419,#1420);
#1418 = CARTESIAN_POINT('',(21.025605095541,1.428373010321,
    3.339661712384));
#1419 = DIRECTION('',(0.,-0.342020143326,-0.939692620786));
#1420 = DIRECTION('',(-1.,0.,0.));
#1421 = ADVANCED_FACE('',(#1422),#1428,.F.);
#1422 = FACE_BOUND('',#1423,.T.);
#1423 = EDGE_LOOP('',(#1424,#1425,#1426,#1427));
#1424 = ORIENTED_EDGE('',*,*,#1327,.T.);
#1425 = ORIENTED_EDGE('',*,*,#1358,.T.);
#1426 = ORIENTED_EDGE('',*,*,#1389,.T.);
#1427 = ORIENTED_EDGE('',*,*,#1411,.T.);
#1428 = PLANE('',#1429);
#1429 = AXIS2_PLACEMENT_3D('',#1430,#1431,#1432);
#1430 = CARTESIAN_POINT('',(21.328411226201,2.41939121229,6.062461844562
    ));
#1431 = DIRECTION('',(0.,-0.939692620786,0.342020143326));
#1432 = DIRECTION('',(1.,0.,0.));
#1433 = ADVANCED_FACE('',(#1434),#1440,.T.);
#1434 = FACE_BOUND('',#1435,.F.);
#1435 = EDGE_LOOP('',(#1436,#1437,#1438,#1439));
#1436 = ORIENTED_EDGE('',*,*,#1311,.T.);
#1437 = ORIENTED_EDGE('',*,*,#1342,.T.);
#1438 = ORIENTED_EDGE('',*,*,#1373,.T.);
#1439 = ORIENTED_EDGE('',*,*,#1404,.T.);
#1440 = PLANE('',#1441);
#1441 = AXIS2_PLACEMENT_3D('',#1442,#1443,#1444);
#1442 = CARTESIAN_POINT('',(21.328411226201,1.667637115662,
    6.336077959222));
#1443 = DIRECTION('',(0.,-0.939692620786,0.342020143326));
#1444 = DIRECTION('',(1.,0.,0.));
#1445 = MANIFOLD_SOLID_BREP('',#1446);
#1446 = CLOSED_SHELL('',(#1447,#1487,#1518,#1551,#1582,#1615,#1648,#1679
    ,#1701,#1717));
#1447 = ADVANCED_FACE('',(#1448),#1482,.T.);
#1448 = FACE_BOUND('',#1449,.T.);
#1449 = EDGE_LOOP('',(#1450,#1460,#1468,#1476));
#1450 = ORIENTED_EDGE('',*,*,#1451,.T.);
#1451 = EDGE_CURVE('',#1452,#1454,#1456,.T.);
#1452 = VERTEX_POINT('',#1453);
#1453 = CARTESIAN_POINT('',(25.494904458599,1.461834344089,
    3.431595971335));
#1454 = VERTEX_POINT('',#1455);
#1455 = CARTESIAN_POINT('',(25.494904458599,0.71008024746,3.705212085995
    ));
#1456 = LINE('',#1457,#1458);
#1457 = CARTESIAN_POINT('',(25.494904458599,1.461834344089,
    3.431595971335));
#1458 = VECTOR('',#1459,1.);
#1459 = DIRECTION('',(0.,-0.939692620786,0.342020143326));
#1460 = ORIENTED_EDGE('',*,*,#1461,.T.);
#1461 = EDGE_CURVE('',#1454,#1462,#1464,.T.);
#1462 = VERTEX_POINT('',#1463);
#1463 = CARTESIAN_POINT('',(24.42101910828,0.71008024746,3.705212085995)
  );
#1464 = LINE('',#1465,#1466);
#1465 = CARTESIAN_POINT('',(25.494904458599,0.71008024746,3.705212085995
    ));
#1466 = VECTOR('',#1467,1.);
#1467 = DIRECTION('',(-1.,0.,0.));
#1468 = ORIENTED_EDGE('',*,*,#1469,.F.);
#1469 = EDGE_CURVE('',#1470,#1462,#1472,.T.);
#1470 = VERTEX_POINT('',#1471);
#1471 = CARTESIAN_POINT('',(24.42101910828,1.461834344089,3.431595971335
    ));
#1472 = LINE('',#1473,#1474);
#1473 = CARTESIAN_POINT('',(24.42101910828,1.461834344089,3.431595971335
    ));
#1474 = VECTOR('',#1475,1.);
#1475 = DIRECTION('',(0.,-0.939692620786,0.342020143326));
#1476 = ORIENTED_EDGE('',*,*,#1477,.F.);
#1477 = EDGE_CURVE('',#1452,#1470,#1478,.T.);
#1478 = LINE('',#1479,#1480);
#1479 = CARTESIAN_POINT('',(25.494904458599,1.461834344089,
    3.431595971335));
#1480 = VECTOR('',#1481,1.);
#1481 = DIRECTION('',(-1.,0.,0.));
#1482 = PLANE('',#1483);
#1483 = AXIS2_PLACEMENT_3D('',#1484,#1485,#1486);
#1484 = CARTESIAN_POINT('',(25.494904458599,1.461834344089,
    3.431595971335));
#1485 = DIRECTION('',(0.,-0.342020143326,-0.939692620786));
#1486 = DIRECTION('',(-1.,0.,0.));
#1487 = ADVANCED_FACE('',(#1488),#1513,.T.);
#1488 = FACE_BOUND('',#1489,.T.);
#1489 = EDGE_LOOP('',(#1490,#1491,#1499,#1507));
#1490 = ORIENTED_EDGE('',*,*,#1469,.T.);
#1491 = ORIENTED_EDGE('',*,*,#1492,.T.);
#1492 = EDGE_CURVE('',#1462,#1493,#1495,.T.);
#1493 = VERTEX_POINT('',#1494);
#1494 = CARTESIAN_POINT('',(24.42101910828,2.099422709928,7.522399129514
    ));
#1495 = LINE('',#1496,#1497);
#1496 = CARTESIAN_POINT('',(24.42101910828,0.71008024746,3.705212085995)
  );
#1497 = VECTOR('',#1498,1.);
#1498 = DIRECTION('',(0.,0.342020143326,0.939692620786));
#1499 = ORIENTED_EDGE('',*,*,#1500,.F.);
#1500 = EDGE_CURVE('',#1501,#1493,#1503,.T.);
#1501 = VERTEX_POINT('',#1502);
#1502 = CARTESIAN_POINT('',(24.42101910828,2.851176806556,7.248783014853
    ));
#1503 = LINE('',#1504,#1505);
#1504 = CARTESIAN_POINT('',(24.42101910828,2.851176806556,7.248783014853
    ));
#1505 = VECTOR('',#1506,1.);
#1506 = DIRECTION('',(0.,-0.939692620786,0.342020143326));
#1507 = ORIENTED_EDGE('',*,*,#1508,.F.);
#1508 = EDGE_CURVE('',#1470,#1501,#1509,.T.);
#1509 = LINE('',#1510,#1511);
#1510 = CARTESIAN_POINT('',(24.42101910828,1.461834344089,3.431595971335
    ));
#1511 = VECTOR('',#1512,1.);
#1512 = DIRECTION('',(0.,0.342020143326,0.939692620786));
#1513 = PLANE('',#1514);
#1514 = AXIS2_PLACEMENT_3D('',#1515,#1516,#1517);
#1515 = CARTESIAN_POINT('',(24.42101910828,1.461834344089,3.431595971335
    ));
#1516 = DIRECTION('',(-1.,0.,0.));
#1517 = DIRECTION('',(0.,0.342020143326,0.939692620786));
#1518 = ADVANCED_FACE('',(#1519),#1544,.T.);
#1519 = FACE_BOUND('',#1520,.T.);
#1520 = EDGE_LOOP('',(#1521,#1522,#1530,#1538));
#1521 = ORIENTED_EDGE('',*,*,#1500,.T.);
#1522 = ORIENTED_EDGE('',*,*,#1523,.T.);
#1523 = EDGE_CURVE('',#1493,#1524,#1526,.T.);
#1524 = VERTEX_POINT('',#1525);
#1525 = CARTESIAN_POINT('',(23.033757961783,1.819881150746,
    6.754365007863));
#1526 = B_SPLINE_CURVE_WITH_KNOTS('',2,(#1527,#1528,#1529),
  .UNSPECIFIED.,.F.,.F.,(3,3),(0.,1.),.PIECEWISE_BEZIER_KNOTS.);
#1527 = CARTESIAN_POINT('',(24.42101910828,2.099422709928,7.522399129514
    ));
#1528 = CARTESIAN_POINT('',(23.832484076433,1.910418457476,
    7.003114213722));
#1529 = CARTESIAN_POINT('',(23.033757961783,1.819881150746,
    6.754365007863));
#1530 = ORIENTED_EDGE('',*,*,#1531,.F.);
#1531 = EDGE_CURVE('',#1532,#1524,#1534,.T.);
#1532 = VERTEX_POINT('',#1533);
#1533 = CARTESIAN_POINT('',(23.033757961783,2.571635247374,
    6.480748893202));
#1534 = LINE('',#1535,#1536);
#1535 = CARTESIAN_POINT('',(23.033757961783,2.571635247374,
    6.480748893202));
#1536 = VECTOR('',#1537,1.);
#1537 = DIRECTION('',(0.,-0.939692620786,0.342020143326));
#1538 = ORIENTED_EDGE('',*,*,#1539,.F.);
#1539 = EDGE_CURVE('',#1501,#1532,#1540,.T.);
#1540 = B_SPLINE_CURVE_WITH_KNOTS('',2,(#1541,#1542,#1543),
  .UNSPECIFIED.,.F.,.F.,(3,3),(0.,1.),.PIECEWISE_BEZIER_KNOTS.);
#1541 = CARTESIAN_POINT('',(24.42101910828,2.851176806556,7.248783014853
    ));
#1542 = CARTESIAN_POINT('',(23.832484076433,2.662172554104,
    6.729498099061));
#1543 = CARTESIAN_POINT('',(23.033757961783,2.571635247374,
    6.480748893202));
#1544 = SURFACE_OF_LINEAR_EXTRUSION('',#1545,#1549);
#1545 = B_SPLINE_CURVE_WITH_KNOTS('',2,(#1546,#1547,#1548),
  .UNSPECIFIED.,.F.,.F.,(3,3),(0.,1.),.PIECEWISE_BEZIER_KNOTS.);
#1546 = CARTESIAN_POINT('',(24.42101910828,2.851176806556,7.248783014853
    ));
#1547 = CARTESIAN_POINT('',(23.832484076433,2.662172554104,
    6.729498099061));
#1548 = CARTESIAN_POINT('',(23.033757961783,2.571635247374,
    6.480748893202));
#1549 = VECTOR('',#1550,1.);
#1550 = DIRECTION('',(-0.,0.939692620786,-0.342020143326));
#1551 = ADVANCED_FACE('',(#1552),#1577,.T.);
#1552 = FACE_BOUND('',#1553,.T.);
#1553 = EDGE_LOOP('',(#1554,#1555,#1563,#1571));
#1554 = ORIENTED_EDGE('',*,*,#1531,.T.);
#1555 = ORIENTED_EDGE('',*,*,#1556,.T.);
#1556 = EDGE_CURVE('',#1524,#1557,#1559,.T.);
#1557 = VERTEX_POINT('',#1558);
#1558 = CARTESIAN_POINT('',(23.033757961783,2.15449448842,7.67370759737)
  );
#1559 = LINE('',#1560,#1561);
#1560 = CARTESIAN_POINT('',(23.033757961783,1.819881150746,
    6.754365007863));
#1561 = VECTOR('',#1562,1.);
#1562 = DIRECTION('',(0.,0.342020143326,0.939692620786));
#1563 = ORIENTED_EDGE('',*,*,#1564,.F.);
#1564 = EDGE_CURVE('',#1565,#1557,#1567,.T.);
#1565 = VERTEX_POINT('',#1566);
#1566 = CARTESIAN_POINT('',(23.033757961783,2.906248585048,7.40009148271
    ));
#1567 = LINE('',#1568,#1569);
#1568 = CARTESIAN_POINT('',(23.033757961783,2.906248585048,7.40009148271
    ));
#1569 = VECTOR('',#1570,1.);
#1570 = DIRECTION('',(0.,-0.939692620786,0.342020143326));
#1571 = ORIENTED_EDGE('',*,*,#1572,.F.);
#1572 = EDGE_CURVE('',#1532,#1565,#1573,.T.);
#1573 = LINE('',#1574,#1575);
#1574 = CARTESIAN_POINT('',(23.033757961783,2.571635247374,
    6.480748893202));
#1575 = VECTOR('',#1576,1.);
#1576 = DIRECTION('',(0.,0.342020143326,0.939692620786));
#1577 = PLANE('',#1578);
#1578 = AXIS2_PLACEMENT_3D('',#1579,#1580,#1581);
#1579 = CARTESIAN_POINT('',(23.033757961783,2.571635247374,
    6.480748893202));
#1580 = DIRECTION('',(-1.,0.,0.));
#1581 = DIRECTION('',(0.,0.342020143326,0.939692620786));
#1582 = ADVANCED_FACE('',(#1583),#1608,.T.);
#1583 = FACE_BOUND('',#1584,.T.);
#1584 = EDGE_LOOP('',(#1585,#1586,#1594,#1602));
#1585 = ORIENTED_EDGE('',*,*,#1564,.T.);
#1586 = ORIENTED_EDGE('',*,*,#1587,.T.);
#1587 = EDGE_CURVE('',#1557,#1588,#1590,.T.);
#1588 = VERTEX_POINT('',#1589);
#1589 = CARTESIAN_POINT('',(23.947133757962,2.332954935179,
    8.164023645108));
#1590 = B_SPLINE_CURVE_WITH_KNOTS('',2,(#1591,#1592,#1593),
  .UNSPECIFIED.,.F.,.F.,(3,3),(0.,1.),.PIECEWISE_BEZIER_KNOTS.);
#1591 = CARTESIAN_POINT('',(23.033757961783,2.15449448842,7.67370759737)
  );
#1592 = CARTESIAN_POINT('',(23.454140127389,2.20154948903,7.80299014902)
  );
#1593 = CARTESIAN_POINT('',(23.947133757962,2.332954935179,
    8.164023645108));
#1594 = ORIENTED_EDGE('',*,*,#1595,.F.);
#1595 = EDGE_CURVE('',#1596,#1588,#1598,.T.);
#1596 = VERTEX_POINT('',#1597);
#1597 = CARTESIAN_POINT('',(23.947133757962,3.084709031808,
    7.890407530447));
#1598 = LINE('',#1599,#1600);
#1599 = CARTESIAN_POINT('',(23.947133757962,3.084709031808,
    7.890407530447));
#1600 = VECTOR('',#1601,1.);
#1601 = DIRECTION('',(0.,-0.939692620786,0.342020143326));
#1602 = ORIENTED_EDGE('',*,*,#1603,.F.);
#1603 = EDGE_CURVE('',#1565,#1596,#1604,.T.);
#1604 = B_SPLINE_CURVE_WITH_KNOTS('',2,(#1605,#1606,#1607),
  .UNSPECIFIED.,.F.,.F.,(3,3),(0.,1.),.PIECEWISE_BEZIER_KNOTS.);
#1605 = CARTESIAN_POINT('',(23.033757961783,2.906248585048,7.40009148271
    ));
#1606 = CARTESIAN_POINT('',(23.454140127389,2.953303585659,
    7.529374034359));
#1607 = CARTESIAN_POINT('',(23.947133757962,3.084709031808,
    7.890407530447));
#1608 = SURFACE_OF_LINEAR_EXTRUSION('',#1609,#1613);
#1609 = B_SPLINE_CURVE_WITH_KNOTS('',2,(#1610,#1611,#1612),
  .UNSPECIFIED.,.F.,.F.,(3,3),(0.,1.),.PIECEWISE_BEZIER_KNOTS.);
#1610 = CARTESIAN_POINT('',(23.033757961783,2.906248585048,7.40009148271
    ));
#1611 = CARTESIAN_POINT('',(23.454140127389,2.953303585659,
    7.529374034359));
#1612 = CARTESIAN_POINT('',(23.947133757962,3.084709031808,
    7.890407530447));
#1613 = VECTOR('',#1614,1.);
#1614 = DIRECTION('',(-0.,0.939692620786,-0.342020143326));
#1615 = ADVANCED_FACE('',(#1616),#1641,.T.);
#1616 = FACE_BOUND('',#1617,.T.);
#1617 = EDGE_LOOP('',(#1618,#1619,#1627,#1635));
#1618 = ORIENTED_EDGE('',*,*,#1595,.T.);
#1619 = ORIENTED_EDGE('',*,*,#1620,.T.);
#1620 = EDGE_CURVE('',#1588,#1621,#1623,.T.);
#1621 = VERTEX_POINT('',#1622);
#1622 = CARTESIAN_POINT('',(24.623566878981,2.639683828047,
    9.006754352157));
#1623 = B_SPLINE_CURVE_WITH_KNOTS('',2,(#1624,#1625,#1626),
  .UNSPECIFIED.,.F.,.F.,(3,3),(0.,1.),.PIECEWISE_BEZIER_KNOTS.);
#1624 = CARTESIAN_POINT('',(23.947133757962,2.332954935179,
    8.164023645108));
#1625 = CARTESIAN_POINT('',(24.440127388535,2.464447520218,
    8.525296553329));
#1626 = CARTESIAN_POINT('',(24.623566878981,2.639683828047,
    9.006754352157));
#1627 = ORIENTED_EDGE('',*,*,#1628,.F.);
#1628 = EDGE_CURVE('',#1629,#1621,#1631,.T.);
#1629 = VERTEX_POINT('',#1630);
#1630 = CARTESIAN_POINT('',(24.623566878981,3.391437924676,
    8.733138237496));
#1631 = LINE('',#1632,#1633);
#1632 = CARTESIAN_POINT('',(24.623566878981,3.391437924676,
    8.733138237496));
#1633 = VECTOR('',#1634,1.);
#1634 = DIRECTION('',(0.,-0.939692620786,0.342020143326));
#1635 = ORIENTED_EDGE('',*,*,#1636,.F.);
#1636 = EDGE_CURVE('',#1596,#1629,#1637,.T.);
#1637 = B_SPLINE_CURVE_WITH_KNOTS('',2,(#1638,#1639,#1640),
  .UNSPECIFIED.,.F.,.F.,(3,3),(0.,1.),.PIECEWISE_BEZIER_KNOTS.);
#1638 = CARTESIAN_POINT('',(23.947133757962,3.084709031808,
    7.890407530447));
#1639 = CARTESIAN_POINT('',(24.440127388535,3.216201616847,
    8.251680438668));
#1640 = CARTESIAN_POINT('',(24.623566878981,3.391437924676,
    8.733138237496));
#1641 = SURFACE_OF_LINEAR_EXTRUSION('',#1642,#1646);
#1642 = B_SPLINE_CURVE_WITH_KNOTS('',2,(#1643,#1644,#1645),
  .UNSPECIFIED.,.F.,.F.,(3,3),(0.,1.),.PIECEWISE_BEZIER_KNOTS.);
#1643 = CARTESIAN_POINT('',(23.947133757962,3.084709031808,
    7.890407530447));
#1644 = CARTESIAN_POINT('',(24.440127388535,3.216201616847,
    8.251680438668));
#1645 = CARTESIAN_POINT('',(24.623566878981,3.391437924676,
    8.733138237496));
#1646 = VECTOR('',#1647,1.);
#1647 = DIRECTION('',(-0.,0.939692620786,-0.342020143326));
#1648 = ADVANCED_FACE('',(#1649),#1674,.T.);
#1649 = FACE_BOUND('',#1650,.T.);
#1650 = EDGE_LOOP('',(#1651,#1652,#1660,#1668));
#1651 = ORIENTED_EDGE('',*,*,#1628,.T.);
#1652 = ORIENTED_EDGE('',*,*,#1653,.T.);
#1653 = EDGE_CURVE('',#1621,#1654,#1656,.T.);
#1654 = VERTEX_POINT('',#1655);
#1655 = CARTESIAN_POINT('',(25.494904458599,2.639683828047,
    9.006754352157));
#1656 = LINE('',#1657,#1658);
#1657 = CARTESIAN_POINT('',(24.623566878981,2.639683828047,
    9.006754352157));
#1658 = VECTOR('',#1659,1.);
#1659 = DIRECTION('',(1.,0.,0.));
#1660 = ORIENTED_EDGE('',*,*,#1661,.F.);
#1661 = EDGE_CURVE('',#1662,#1654,#1664,.T.);
#1662 = VERTEX_POINT('',#1663);
#1663 = CARTESIAN_POINT('',(25.494904458599,3.391437924676,
    8.733138237496));
#1664 = LINE('',#1665,#1666);
#1665 = CARTESIAN_POINT('',(25.494904458599,3.391437924676,
    8.733138237496));
#1666 = VECTOR('',#1667,1.);
#1667 = DIRECTION('',(0.,-0.939692620786,0.342020143326));
#1668 = ORIENTED_EDGE('',*,*,#1669,.F.);
#1669 = EDGE_CURVE('',#1629,#1662,#1670,.T.);
#1670 = LINE('',#1671,#1672);
#1671 = CARTESIAN_POINT('',(24.623566878981,3.391437924676,
    8.733138237496));
#1672 = VECTOR('',#1673,1.);
#1673 = DIRECTION('',(1.,0.,0.));
#1674 = PLANE('',#1675);
#1675 = AXIS2_PLACEMENT_3D('',#1676,#1677,#1678);
#1676 = CARTESIAN_POINT('',(24.623566878981,3.391437924676,
    8.733138237496));
#1677 = DIRECTION('',(0.,0.342020143326,0.939692620786));
#1678 = DIRECTION('',(1.,0.,0.));
#1679 = ADVANCED_FACE('',(#1680),#1696,.T.);
#1680 = FACE_BOUND('',#1681,.T.);
#1681 = EDGE_LOOP('',(#1682,#1683,#1689,#1690));
#1682 = ORIENTED_EDGE('',*,*,#1661,.T.);
#1683 = ORIENTED_EDGE('',*,*,#1684,.T.);
#1684 = EDGE_CURVE('',#1654,#1454,#1685,.T.);
#1685 = LINE('',#1686,#1687);
#1686 = CARTESIAN_POINT('',(25.494904458599,2.639683828047,
    9.006754352157));
#1687 = VECTOR('',#1688,1.);
#1688 = DIRECTION('',(0.,-0.342020143326,-0.939692620786));
#1689 = ORIENTED_EDGE('',*,*,#1451,.F.);
#1690 = ORIENTED_EDGE('',*,*,#1691,.F.);
#1691 = EDGE_CURVE('',#1662,#1452,#1692,.T.);
#1692 = LINE('',#1693,#1694);
#1693 = CARTESIAN_POINT('',(25.494904458599,3.391437924676,
    8.733138237496));
#1694 = VECTOR('',#1695,1.);
#1695 = DIRECTION('',(0.,-0.342020143326,-0.939692620786));
#1696 = PLANE('',#1697);
#1697 = AXIS2_PLACEMENT_3D('',#1698,#1699,#1700);
#1698 = CARTESIAN_POINT('',(25.494904458599,3.391437924676,
    8.733138237496));
#1699 = DIRECTION('',(1.,0.,0.));
#1700 = DIRECTION('',(0.,-0.342020143326,-0.939692620786));
#1701 = ADVANCED_FACE('',(#1702),#1712,.F.);
#1702 = FACE_BOUND('',#1703,.T.);
#1703 = EDGE_LOOP('',(#1704,#1705,#1706,#1707,#1708,#1709,#1710,#1711));
#1704 = ORIENTED_EDGE('',*,*,#1477,.T.);
#1705 = ORIENTED_EDGE('',*,*,#1508,.T.);
#1706 = ORIENTED_EDGE('',*,*,#1539,.T.);
#1707 = ORIENTED_EDGE('',*,*,#1572,.T.);
#1708 = ORIENTED_EDGE('',*,*,#1603,.T.);
#1709 = ORIENTED_EDGE('',*,*,#1636,.T.);
#1710 = ORIENTED_EDGE('',*,*,#1669,.T.);
#1711 = ORIENTED_EDGE('',*,*,#1691,.T.);
#1712 = PLANE('',#1713);
#1713 = AXIS2_PLACEMENT_3D('',#1714,#1715,#1716);
#1714 = CARTESIAN_POINT('',(24.643615610565,2.484916324519,
    6.242490610816));
#1715 = DIRECTION('',(0.,-0.939692620786,0.342020143326));
#1716 = DIRECTION('',(1.,0.,0.));
#1717 = ADVANCED_FACE('',(#1718),#1728,.T.);
#1718 = FACE_BOUND('',#1719,.F.);
#1719 = EDGE_LOOP('',(#1720,#1721,#1722,#1723,#1724,#1725,#1726,#1727));
#1720 = ORIENTED_EDGE('',*,*,#1461,.T.);
#1721 = ORIENTED_EDGE('',*,*,#1492,.T.);
#1722 = ORIENTED_EDGE('',*,*,#1523,.T.);
#1723 = ORIENTED_EDGE('',*,*,#1556,.T.);
#1724 = ORIENTED_EDGE('',*,*,#1587,.T.);
#1725 = ORIENTED_EDGE('',*,*,#1620,.T.);
#1726 = ORIENTED_EDGE('',*,*,#1653,.T.);
#1727 = ORIENTED_EDGE('',*,*,#1684,.T.);
#1728 = PLANE('',#1729);
#1729 = AXIS2_PLACEMENT_3D('',#1730,#1731,#1732);
#1730 = CARTESIAN_POINT('',(24.643615610565,1.73316222789,6.516106725477
    ));
#1731 = DIRECTION('',(0.,-0.939692620786,0.342020143326));
#1732 = DIRECTION('',(1.,0.,0.));
#1733 = MANIFOLD_SOLID_BREP('',#1734);
#1734 = CLOSED_SHELL('',(#1735,#1775,#1808,#1841,#1874,#1907,#1940,#1973
    ,#2006,#2039,#2072,#2105,#2138,#2171,#2204,#2237,#2261,#2285));
#1735 = ADVANCED_FACE('',(#1736),#1770,.T.);
#1736 = FACE_BOUND('',#1737,.T.);
#1737 = EDGE_LOOP('',(#1738,#1748,#1756,#1764));
#1738 = ORIENTED_EDGE('',*,*,#1739,.T.);
#1739 = EDGE_CURVE('',#1740,#1742,#1744,.T.);
#1740 = VERTEX_POINT('',#1741);
#1741 = CARTESIAN_POINT('',(30.73898089172,2.91156405734,7.414695622804)
  );
#1742 = VERTEX_POINT('',#1743);
#1743 = CARTESIAN_POINT('',(30.73898089172,2.159809960711,7.688311737464
    ));
#1744 = LINE('',#1745,#1746);
#1745 = CARTESIAN_POINT('',(30.73898089172,2.91156405734,7.414695622804)
  );
#1746 = VECTOR('',#1747,1.);
#1747 = DIRECTION('',(0.,-0.939692620786,0.342020143326));
#1748 = ORIENTED_EDGE('',*,*,#1749,.T.);
#1749 = EDGE_CURVE('',#1742,#1750,#1752,.T.);
#1750 = VERTEX_POINT('',#1751);
#1751 = CARTESIAN_POINT('',(29.69949044586,2.121033154652,7.58177333842)
  );
#1752 = LINE('',#1753,#1754);
#1753 = CARTESIAN_POINT('',(30.73898089172,2.159809960711,7.688311737464
    ));
#1754 = VECTOR('',#1755,1.);
#1755 = DIRECTION('',(-0.994104564342,-3.708374622103E-02,
    -0.101886755371));
#1756 = ORIENTED_EDGE('',*,*,#1757,.F.);
#1757 = EDGE_CURVE('',#1758,#1750,#1760,.T.);
#1758 = VERTEX_POINT('',#1759);
#1759 = CARTESIAN_POINT('',(29.69949044586,2.872787251281,7.308157223759
    ));
#1760 = LINE('',#1761,#1762);
#1761 = CARTESIAN_POINT('',(29.69949044586,2.872787251281,7.308157223759
    ));
#1762 = VECTOR('',#1763,1.);
#1763 = DIRECTION('',(0.,-0.939692620786,0.342020143326));
#1764 = ORIENTED_EDGE('',*,*,#1765,.F.);
#1765 = EDGE_CURVE('',#1740,#1758,#1766,.T.);
#1766 = LINE('',#1767,#1768);
#1767 = CARTESIAN_POINT('',(30.73898089172,2.91156405734,7.414695622804)
  );
#1768 = VECTOR('',#1769,1.);
#1769 = DIRECTION('',(-0.994104564342,-3.708374622103E-02,
    -0.101886755371));
#1770 = PLANE('',#1771);
#1771 = AXIS2_PLACEMENT_3D('',#1772,#1773,#1774);
#1772 = CARTESIAN_POINT('',(30.73898089172,2.91156405734,7.414695622804)
  );
#1773 = DIRECTION('',(0.108425620376,-0.340003785577,-0.934152723402));
#1774 = DIRECTION('',(-0.994104564342,-3.708374622103E-02,
    -0.101886755371));
#1775 = ADVANCED_FACE('',(#1776),#1801,.T.);
#1776 = FACE_BOUND('',#1777,.T.);
#1777 = EDGE_LOOP('',(#1778,#1779,#1787,#1795));
#1778 = ORIENTED_EDGE('',*,*,#1757,.T.);
#1779 = ORIENTED_EDGE('',*,*,#1780,.T.);
#1780 = EDGE_CURVE('',#1750,#1781,#1783,.T.);
#1781 = VERTEX_POINT('',#1782);
#1782 = CARTESIAN_POINT('',(29.50076433121,2.281281573398,8.022052250426
    ));
#1783 = B_SPLINE_CURVE_WITH_KNOTS('',2,(#1784,#1785,#1786),
  .UNSPECIFIED.,.F.,.F.,(3,3),(0.,1.),.PIECEWISE_BEZIER_KNOTS.);
#1784 = CARTESIAN_POINT('',(29.69949044586,2.121033154652,7.58177333842)
  );
#1785 = CARTESIAN_POINT('',(29.66127388535,2.229608211616,7.880080855744
    ));
#1786 = CARTESIAN_POINT('',(29.50076433121,2.281281573398,8.022052250426
    ));
#1787 = ORIENTED_EDGE('',*,*,#1788,.F.);
#1788 = EDGE_CURVE('',#1789,#1781,#1791,.T.);
#1789 = VERTEX_POINT('',#1790);
#1790 = CARTESIAN_POINT('',(29.50076433121,3.033035670027,7.748436135766
    ));
#1791 = LINE('',#1792,#1793);
#1792 = CARTESIAN_POINT('',(29.50076433121,3.033035670027,7.748436135766
    ));
#1793 = VECTOR('',#1794,1.);
#1794 = DIRECTION('',(0.,-0.939692620786,0.342020143326));
#1795 = ORIENTED_EDGE('',*,*,#1796,.F.);
#1796 = EDGE_CURVE('',#1758,#1789,#1797,.T.);
#1797 = B_SPLINE_CURVE_WITH_KNOTS('',2,(#1798,#1799,#1800),
  .UNSPECIFIED.,.F.,.F.,(3,3),(0.,1.),.PIECEWISE_BEZIER_KNOTS.);
#1798 = CARTESIAN_POINT('',(29.69949044586,2.872787251281,7.308157223759
    ));
#1799 = CARTESIAN_POINT('',(29.66127388535,2.981362308245,7.606464741084
    ));
#1800 = CARTESIAN_POINT('',(29.50076433121,3.033035670027,7.748436135766
    ));
#1801 = SURFACE_OF_LINEAR_EXTRUSION('',#1802,#1806);
#1802 = B_SPLINE_CURVE_WITH_KNOTS('',2,(#1803,#1804,#1805),
  .UNSPECIFIED.,.F.,.F.,(3,3),(0.,1.),.PIECEWISE_BEZIER_KNOTS.);
#1803 = CARTESIAN_POINT('',(29.69949044586,2.872787251281,7.308157223759
    ));
#1804 = CARTESIAN_POINT('',(29.66127388535,2.981362308245,7.606464741084
    ));
#1805 = CARTESIAN_POINT('',(29.50076433121,3.033035670027,7.748436135766
    ));
#1806 = VECTOR('',#1807,1.);
#1807 = DIRECTION('',(-0.,0.939692620786,-0.342020143326));
#1808 = ADVANCED_FACE('',(#1809),#1834,.T.);
#1809 = FACE_BOUND('',#1810,.T.);
#1810 = EDGE_LOOP('',(#1811,#1812,#1820,#1828));
#1811 = ORIENTED_EDGE('',*,*,#1788,.T.);
#1812 = ORIENTED_EDGE('',*,*,#1813,.T.);
#1813 = EDGE_CURVE('',#1781,#1814,#1816,.T.);
#1814 = VERTEX_POINT('',#1815);
#1815 = CARTESIAN_POINT('',(29.084203821656,2.332954935179,
    8.164023645108));
#1816 = B_SPLINE_CURVE_WITH_KNOTS('',2,(#1817,#1818,#1819),
  .UNSPECIFIED.,.F.,.F.,(3,3),(0.,1.),.PIECEWISE_BEZIER_KNOTS.);
#1817 = CARTESIAN_POINT('',(29.50076433121,2.281281573398,8.022052250426
    ));
#1818 = CARTESIAN_POINT('',(29.34025477707,2.332954935179,8.164023645108
    ));
#1819 = CARTESIAN_POINT('',(29.084203821656,2.332954935179,
    8.164023645108));
#1820 = ORIENTED_EDGE('',*,*,#1821,.F.);
#1821 = EDGE_CURVE('',#1822,#1814,#1824,.T.);
#1822 = VERTEX_POINT('',#1823);
#1823 = CARTESIAN_POINT('',(29.084203821656,3.084709031808,
    7.890407530447));
#1824 = LINE('',#1825,#1826);
#1825 = CARTESIAN_POINT('',(29.084203821656,3.084709031808,
    7.890407530447));
#1826 = VECTOR('',#1827,1.);
#1827 = DIRECTION('',(0.,-0.939692620786,0.342020143326));
#1828 = ORIENTED_EDGE('',*,*,#1829,.F.);
#1829 = EDGE_CURVE('',#1789,#1822,#1830,.T.);
#1830 = B_SPLINE_CURVE_WITH_KNOTS('',2,(#1831,#1832,#1833),
  .UNSPECIFIED.,.F.,.F.,(3,3),(0.,1.),.PIECEWISE_BEZIER_KNOTS.);
#1831 = CARTESIAN_POINT('',(29.50076433121,3.033035670027,7.748436135766
    ));
#1832 = CARTESIAN_POINT('',(29.34025477707,3.084709031808,7.890407530447
    ));
#1833 = CARTESIAN_POINT('',(29.084203821656,3.084709031808,
    7.890407530447));
#1834 = SURFACE_OF_LINEAR_EXTRUSION('',#1835,#1839);
#1835 = B_SPLINE_CURVE_WITH_KNOTS('',2,(#1836,#1837,#1838),
  .UNSPECIFIED.,.F.,.F.,(3,3),(0.,1.),.PIECEWISE_BEZIER_KNOTS.);
#1836 = CARTESIAN_POINT('',(29.50076433121,3.033035670027,7.748436135766
    ));
#1837 = CARTESIAN_POINT('',(29.34025477707,3.084709031808,7.890407530447
    ));
#1838 = CARTESIAN_POINT('',(29.084203821656,3.084709031808,
    7.890407530447));
#1839 = VECTOR('',#1840,1.);
#1840 = DIRECTION('',(-0.,0.939692620786,-0.342020143326));
#1841 = ADVANCED_FACE('',(#1842),#1867,.T.);
#1842 = FACE_BOUND('',#1843,.T.);
#1843 = EDGE_LOOP('',(#1844,#1845,#1853,#1861));
#1844 = ORIENTED_EDGE('',*,*,#1821,.T.);
#1845 = ORIENTED_EDGE('',*,*,#1846,.T.);
#1846 = EDGE_CURVE('',#1814,#1847,#1849,.T.);
#1847 = VERTEX_POINT('',#1848);
#1848 = CARTESIAN_POINT('',(28.508917197452,2.227952572706,
    7.875532025223));
#1849 = B_SPLINE_CURVE_WITH_KNOTS('',2,(#1850,#1851,#1852),
  .UNSPECIFIED.,.F.,.F.,(3,3),(0.,1.),.PIECEWISE_BEZIER_KNOTS.);
#1850 = CARTESIAN_POINT('',(29.084203821656,2.332954935179,
    8.164023645108));
#1851 = CARTESIAN_POINT('',(28.744076433121,2.332954935179,
    8.164023645108));
#1852 = CARTESIAN_POINT('',(28.508917197452,2.227952572706,
    7.875532025223));
#1853 = ORIENTED_EDGE('',*,*,#1854,.F.);
#1854 = EDGE_CURVE('',#1855,#1847,#1857,.T.);
#1855 = VERTEX_POINT('',#1856);
#1856 = CARTESIAN_POINT('',(28.508917197452,2.979706669335,
    7.601915910563));
#1857 = LINE('',#1858,#1859);
#1858 = CARTESIAN_POINT('',(28.508917197452,2.979706669335,
    7.601915910563));
#1859 = VECTOR('',#1860,1.);
#1860 = DIRECTION('',(0.,-0.939692620786,0.342020143326));
#1861 = ORIENTED_EDGE('',*,*,#1862,.F.);
#1862 = EDGE_CURVE('',#1822,#1855,#1863,.T.);
#1863 = B_SPLINE_CURVE_WITH_KNOTS('',2,(#1864,#1865,#1866),
  .UNSPECIFIED.,.F.,.F.,(3,3),(0.,1.),.PIECEWISE_BEZIER_KNOTS.);
#1864 = CARTESIAN_POINT('',(29.084203821656,3.084709031808,
    7.890407530447));
#1865 = CARTESIAN_POINT('',(28.744076433121,3.084709031808,
    7.890407530447));
#1866 = CARTESIAN_POINT('',(28.508917197452,2.979706669335,
    7.601915910563));
#1867 = SURFACE_OF_LINEAR_EXTRUSION('',#1868,#1872);
#1868 = B_SPLINE_CURVE_WITH_KNOTS('',2,(#1869,#1870,#1871),
  .UNSPECIFIED.,.F.,.F.,(3,3),(0.,1.),.PIECEWISE_BEZIER_KNOTS.);
#1869 = CARTESIAN_POINT('',(29.084203821656,3.084709031808,
    7.890407530447));
#1870 = CARTESIAN_POINT('',(28.744076433121,3.084709031808,
    7.890407530447));
#1871 = CARTESIAN_POINT('',(28.508917197452,2.979706669335,
    7.601915910563));
#1872 = VECTOR('',#1873,1.);
#1873 = DIRECTION('',(-0.,0.939692620786,-0.342020143326));
#1874 = ADVANCED_FACE('',(#1875),#1900,.T.);
#1875 = FACE_BOUND('',#1876,.T.);
#1876 = EDGE_LOOP('',(#1877,#1878,#1886,#1894));
#1877 = ORIENTED_EDGE('',*,*,#1854,.T.);
#1878 = ORIENTED_EDGE('',*,*,#1879,.T.);
#1879 = EDGE_CURVE('',#1847,#1880,#1882,.T.);
#1880 = VERTEX_POINT('',#1881);
#1881 = CARTESIAN_POINT('',(28.212866242038,1.791648150379,
    6.676795476873));
#1882 = B_SPLINE_CURVE_WITH_KNOTS('',2,(#1883,#1884,#1885),
  .UNSPECIFIED.,.F.,.F.,(3,3),(0.,1.),.PIECEWISE_BEZIER_KNOTS.);
#1883 = CARTESIAN_POINT('',(28.508917197452,2.227952572706,
    7.875532025223));
#1884 = CARTESIAN_POINT('',(28.274012738854,2.123037349123,
    7.587279817471));
#1885 = CARTESIAN_POINT('',(28.212866242038,1.791648150379,
    6.676795476873));
#1886 = ORIENTED_EDGE('',*,*,#1887,.F.);
#1887 = EDGE_CURVE('',#1888,#1880,#1890,.T.);
#1888 = VERTEX_POINT('',#1889);
#1889 = CARTESIAN_POINT('',(28.212866242038,2.543402247008,
    6.403179362212));
#1890 = LINE('',#1891,#1892);
#1891 = CARTESIAN_POINT('',(28.212866242038,2.543402247008,
    6.403179362212));
#1892 = VECTOR('',#1893,1.);
#1893 = DIRECTION('',(0.,-0.939692620786,0.342020143326));
#1894 = ORIENTED_EDGE('',*,*,#1895,.F.);
#1895 = EDGE_CURVE('',#1855,#1888,#1896,.T.);
#1896 = B_SPLINE_CURVE_WITH_KNOTS('',2,(#1897,#1898,#1899),
  .UNSPECIFIED.,.F.,.F.,(3,3),(0.,1.),.PIECEWISE_BEZIER_KNOTS.);
#1897 = CARTESIAN_POINT('',(28.508917197452,2.979706669335,
    7.601915910563));
#1898 = CARTESIAN_POINT('',(28.274012738854,2.874791445751,
    7.313663702811));
#1899 = CARTESIAN_POINT('',(28.212866242038,2.543402247008,
    6.403179362212));
#1900 = SURFACE_OF_LINEAR_EXTRUSION('',#1901,#1905);
#1901 = B_SPLINE_CURVE_WITH_KNOTS('',2,(#1902,#1903,#1904),
  .UNSPECIFIED.,.F.,.F.,(3,3),(0.,1.),.PIECEWISE_BEZIER_KNOTS.);
#1902 = CARTESIAN_POINT('',(28.508917197452,2.979706669335,
    7.601915910563));
#1903 = CARTESIAN_POINT('',(28.274012738854,2.874791445751,
    7.313663702811));
#1904 = CARTESIAN_POINT('',(28.212866242038,2.543402247008,
    6.403179362212));
#1905 = VECTOR('',#1906,1.);
#1906 = DIRECTION('',(-0.,0.939692620786,-0.342020143326));
#1907 = ADVANCED_FACE('',(#1908),#1933,.T.);
#1908 = FACE_BOUND('',#1909,.T.);
#1909 = EDGE_LOOP('',(#1910,#1911,#1919,#1927));
#1910 = ORIENTED_EDGE('',*,*,#1887,.T.);
#1911 = ORIENTED_EDGE('',*,*,#1912,.T.);
#1912 = EDGE_CURVE('',#1880,#1913,#1915,.T.);
#1913 = VERTEX_POINT('',#1914);
#1914 = CARTESIAN_POINT('',(29.210318471338,1.953726485815,
    7.122102043666));
#1915 = B_SPLINE_CURVE_WITH_KNOTS('',2,(#1916,#1917,#1918),
  .UNSPECIFIED.,.F.,.F.,(3,3),(0.,1.),.PIECEWISE_BEZIER_KNOTS.);
#1916 = CARTESIAN_POINT('',(28.212866242038,1.791648150379,
    6.676795476873));
#1917 = CARTESIAN_POINT('',(28.614140127389,1.953726485815,
    7.122102043666));
#1918 = CARTESIAN_POINT('',(29.210318471338,1.953726485815,
    7.122102043666));
#1919 = ORIENTED_EDGE('',*,*,#1920,.F.);
#1920 = EDGE_CURVE('',#1921,#1913,#1923,.T.);
#1921 = VERTEX_POINT('',#1922);
#1922 = CARTESIAN_POINT('',(29.210318471338,2.705480582444,
    6.848485929005));
#1923 = LINE('',#1924,#1925);
#1924 = CARTESIAN_POINT('',(29.210318471338,2.705480582444,
    6.848485929005));
#1925 = VECTOR('',#1926,1.);
#1926 = DIRECTION('',(0.,-0.939692620786,0.342020143326));
#1927 = ORIENTED_EDGE('',*,*,#1928,.F.);
#1928 = EDGE_CURVE('',#1888,#1921,#1929,.T.);
#1929 = B_SPLINE_CURVE_WITH_KNOTS('',2,(#1930,#1931,#1932),
  .UNSPECIFIED.,.F.,.F.,(3,3),(0.,1.),.PIECEWISE_BEZIER_KNOTS.);
#1930 = CARTESIAN_POINT('',(28.212866242038,2.543402247008,
    6.403179362212));
#1931 = CARTESIAN_POINT('',(28.614140127389,2.705480582444,
    6.848485929005));
#1932 = CARTESIAN_POINT('',(29.210318471338,2.705480582444,
    6.848485929005));
#1933 = SURFACE_OF_LINEAR_EXTRUSION('',#1934,#1938);
#1934 = B_SPLINE_CURVE_WITH_KNOTS('',2,(#1935,#1936,#1937),
  .UNSPECIFIED.,.F.,.F.,(3,3),(0.,1.),.PIECEWISE_BEZIER_KNOTS.);
#1935 = CARTESIAN_POINT('',(28.212866242038,2.543402247008,
    6.403179362212));
#1936 = CARTESIAN_POINT('',(28.614140127389,2.705480582444,
    6.848485929005));
#1937 = CARTESIAN_POINT('',(29.210318471338,2.705480582444,
    6.848485929005));
#1938 = VECTOR('',#1939,1.);
#1939 = DIRECTION('',(-0.,0.939692620786,-0.342020143326));
#1940 = ADVANCED_FACE('',(#1941),#1966,.T.);
#1941 = FACE_BOUND('',#1942,.T.);
#1942 = EDGE_LOOP('',(#1943,#1944,#1952,#1960));
#1943 = ORIENTED_EDGE('',*,*,#1920,.T.);
#1944 = ORIENTED_EDGE('',*,*,#1945,.T.);
#1945 = EDGE_CURVE('',#1913,#1946,#1948,.T.);
#1946 = VERTEX_POINT('',#1947);
#1947 = CARTESIAN_POINT('',(30.362420382166,1.778577316877,6.64088365697
    ));
#1948 = B_SPLINE_CURVE_WITH_KNOTS('',2,(#1949,#1950,#1951),
  .UNSPECIFIED.,.F.,.F.,(3,3),(0.,1.),.PIECEWISE_BEZIER_KNOTS.);
#1949 = CARTESIAN_POINT('',(29.210318471338,1.953726485815,
    7.122102043666));
#1950 = CARTESIAN_POINT('',(29.882929936306,1.953726485815,
    7.122102043666));
#1951 = CARTESIAN_POINT('',(30.362420382166,1.778577316877,6.64088365697
    ));
#1952 = ORIENTED_EDGE('',*,*,#1953,.F.);
#1953 = EDGE_CURVE('',#1954,#1946,#1956,.T.);
#1954 = VERTEX_POINT('',#1955);
#1955 = CARTESIAN_POINT('',(30.362420382166,2.530331413505,6.36726754231
    ));
#1956 = LINE('',#1957,#1958);
#1957 = CARTESIAN_POINT('',(30.362420382166,2.530331413505,6.36726754231
    ));
#1958 = VECTOR('',#1959,1.);
#1959 = DIRECTION('',(0.,-0.939692620786,0.342020143326));
#1960 = ORIENTED_EDGE('',*,*,#1961,.F.);
#1961 = EDGE_CURVE('',#1921,#1954,#1962,.T.);
#1962 = B_SPLINE_CURVE_WITH_KNOTS('',2,(#1963,#1964,#1965),
  .UNSPECIFIED.,.F.,.F.,(3,3),(0.,1.),.PIECEWISE_BEZIER_KNOTS.);
#1963 = CARTESIAN_POINT('',(29.210318471338,2.705480582444,
    6.848485929005));
#1964 = CARTESIAN_POINT('',(29.882929936306,2.705480582444,
    6.848485929005));
#1965 = CARTESIAN_POINT('',(30.362420382166,2.530331413505,6.36726754231
    ));
#1966 = SURFACE_OF_LINEAR_EXTRUSION('',#1967,#1971);
#1967 = B_SPLINE_CURVE_WITH_KNOTS('',2,(#1968,#1969,#1970),
  .UNSPECIFIED.,.F.,.F.,(3,3),(0.,1.),.PIECEWISE_BEZIER_KNOTS.);
#1968 = CARTESIAN_POINT('',(29.210318471338,2.705480582444,
    6.848485929005));
#1969 = CARTESIAN_POINT('',(29.882929936306,2.705480582444,
    6.848485929005));
#1970 = CARTESIAN_POINT('',(30.362420382166,2.530331413505,6.36726754231
    ));
#1971 = VECTOR('',#1972,1.);
#1972 = DIRECTION('',(-0.,0.939692620786,-0.342020143326));
#1973 = ADVANCED_FACE('',(#1974),#1999,.T.);
#1974 = FACE_BOUND('',#1975,.T.);
#1975 = EDGE_LOOP('',(#1976,#1977,#1985,#1993));
#1976 = ORIENTED_EDGE('',*,*,#1953,.T.);
#1977 = ORIENTED_EDGE('',*,*,#1978,.T.);
#1978 = EDGE_CURVE('',#1946,#1979,#1981,.T.);
#1979 = VERTEX_POINT('',#1980);
#1980 = CARTESIAN_POINT('',(30.842165605096,1.326326477677,
    5.398334688339));
#1981 = B_SPLINE_CURVE_WITH_KNOTS('',2,(#1982,#1983,#1984),
  .UNSPECIFIED.,.F.,.F.,(3,3),(0.,1.),.PIECEWISE_BEZIER_KNOTS.);
#1982 = CARTESIAN_POINT('',(30.362420382166,1.778577316877,6.64088365697
    ));
#1983 = CARTESIAN_POINT('',(30.842165605096,1.603428147938,
    6.159665270275));
#1984 = CARTESIAN_POINT('',(30.842165605096,1.326326477677,
    5.398334688339));
#1985 = ORIENTED_EDGE('',*,*,#1986,.F.);
#1986 = EDGE_CURVE('',#1987,#1979,#1989,.T.);
#1987 = VERTEX_POINT('',#1988);
#1988 = CARTESIAN_POINT('',(30.842165605096,2.078080574305,
    5.124718573678));
#1989 = LINE('',#1990,#1991);
#1990 = CARTESIAN_POINT('',(30.842165605096,2.078080574305,
    5.124718573678));
#1991 = VECTOR('',#1992,1.);
#1992 = DIRECTION('',(0.,-0.939692620786,0.342020143326));
#1993 = ORIENTED_EDGE('',*,*,#1994,.F.);
#1994 = EDGE_CURVE('',#1954,#1987,#1995,.T.);
#1995 = B_SPLINE_CURVE_WITH_KNOTS('',2,(#1996,#1997,#1998),
  .UNSPECIFIED.,.F.,.F.,(3,3),(0.,1.),.PIECEWISE_BEZIER_KNOTS.);
#1996 = CARTESIAN_POINT('',(30.362420382166,2.530331413505,6.36726754231
    ));
#1997 = CARTESIAN_POINT('',(30.842165605096,2.355182244567,
    5.886049155614));
#1998 = CARTESIAN_POINT('',(30.842165605096,2.078080574305,
    5.124718573678));
#1999 = SURFACE_OF_LINEAR_EXTRUSION('',#2000,#2004);
#2000 = B_SPLINE_CURVE_WITH_KNOTS('',2,(#2001,#2002,#2003),
  .UNSPECIFIED.,.F.,.F.,(3,3),(0.,1.),.PIECEWISE_BEZIER_KNOTS.);
#2001 = CARTESIAN_POINT('',(30.362420382166,2.530331413505,6.36726754231
    ));
#2002 = CARTESIAN_POINT('',(30.842165605096,2.355182244567,
    5.886049155614));
#2003 = CARTESIAN_POINT('',(30.842165605096,2.078080574305,
    5.124718573678));
#2004 = VECTOR('',#2005,1.);
#2005 = DIRECTION('',(-0.,0.939692620786,-0.342020143326));
#2006 = ADVANCED_FACE('',(#2007),#2032,.T.);
#2007 = FACE_BOUND('',#2008,.T.);
#2008 = EDGE_LOOP('',(#2009,#2010,#2018,#2026));
#2009 = ORIENTED_EDGE('',*,*,#1986,.T.);
#2010 = ORIENTED_EDGE('',*,*,#2011,.T.);
#2011 = EDGE_CURVE('',#1979,#2012,#2014,.T.);
#2012 = VERTEX_POINT('',#2013);
#2013 = CARTESIAN_POINT('',(30.337707006369,0.854382249332,
    4.101678577721));
#2014 = B_SPLINE_CURVE_WITH_KNOTS('',2,(#2015,#2016,#2017),
  .UNSPECIFIED.,.F.,.F.,(3,3),(0.,1.),.PIECEWISE_BEZIER_KNOTS.);
#2015 = CARTESIAN_POINT('',(30.842165605096,1.326326477677,
    5.398334688339));
#2016 = CARTESIAN_POINT('',(30.842165605096,1.032145584971,
    4.590079328397));
#2017 = CARTESIAN_POINT('',(30.337707006369,0.854382249332,
    4.101678577721));
#2018 = ORIENTED_EDGE('',*,*,#2019,.F.);
#2019 = EDGE_CURVE('',#2020,#2012,#2022,.T.);
#2020 = VERTEX_POINT('',#2021);
#2021 = CARTESIAN_POINT('',(30.337707006369,1.606136345961,3.82806246306
    ));
#2022 = LINE('',#2023,#2024);
#2023 = CARTESIAN_POINT('',(30.337707006369,1.606136345961,3.82806246306
    ));
#2024 = VECTOR('',#2025,1.);
#2025 = DIRECTION('',(0.,-0.939692620786,0.342020143326));
#2026 = ORIENTED_EDGE('',*,*,#2027,.F.);
#2027 = EDGE_CURVE('',#1987,#2020,#2028,.T.);
#2028 = B_SPLINE_CURVE_WITH_KNOTS('',2,(#2029,#2030,#2031),
  .UNSPECIFIED.,.F.,.F.,(3,3),(0.,1.),.PIECEWISE_BEZIER_KNOTS.);
#2029 = CARTESIAN_POINT('',(30.842165605096,2.078080574305,
    5.124718573678));
#2030 = CARTESIAN_POINT('',(30.842165605096,1.7838996816,4.316463213736)
  );
#2031 = CARTESIAN_POINT('',(30.337707006369,1.606136345961,3.82806246306
    ));
#2032 = SURFACE_OF_LINEAR_EXTRUSION('',#2033,#2037);
#2033 = B_SPLINE_CURVE_WITH_KNOTS('',2,(#2034,#2035,#2036),
  .UNSPECIFIED.,.F.,.F.,(3,3),(0.,1.),.PIECEWISE_BEZIER_KNOTS.);
#2034 = CARTESIAN_POINT('',(30.842165605096,2.078080574305,
    5.124718573678));
#2035 = CARTESIAN_POINT('',(30.842165605096,1.7838996816,4.316463213736)
  );
#2036 = CARTESIAN_POINT('',(30.337707006369,1.606136345961,3.82806246306
    ));
#2037 = VECTOR('',#2038,1.);
#2038 = DIRECTION('',(-0.,0.939692620786,-0.342020143326));
#2039 = ADVANCED_FACE('',(#2040),#2065,.T.);
#2040 = FACE_BOUND('',#2041,.T.);
#2041 = EDGE_LOOP('',(#2042,#2043,#2051,#2059));
#2042 = ORIENTED_EDGE('',*,*,#2019,.T.);
#2043 = ORIENTED_EDGE('',*,*,#2044,.T.);
#2044 = EDGE_CURVE('',#2012,#2045,#2047,.T.);
#2045 = VERTEX_POINT('',#2046);
#2046 = CARTESIAN_POINT('',(29.042165605096,0.676618913693,
    3.613277827045));
#2047 = B_SPLINE_CURVE_WITH_KNOTS('',2,(#2048,#2049,#2050),
  .UNSPECIFIED.,.F.,.F.,(3,3),(0.,1.),.PIECEWISE_BEZIER_KNOTS.);
#2048 = CARTESIAN_POINT('',(30.337707006369,0.854382249332,
    4.101678577721));
#2049 = CARTESIAN_POINT('',(29.833248407643,0.676618913693,
    3.613277827045));
#2050 = CARTESIAN_POINT('',(29.042165605096,0.676618913693,
    3.613277827045));
#2051 = ORIENTED_EDGE('',*,*,#2052,.F.);
#2052 = EDGE_CURVE('',#2053,#2045,#2055,.T.);
#2053 = VERTEX_POINT('',#2054);
#2054 = CARTESIAN_POINT('',(29.042165605096,1.428373010321,
    3.339661712384));
#2055 = LINE('',#2056,#2057);
#2056 = CARTESIAN_POINT('',(29.042165605096,1.428373010321,
    3.339661712384));
#2057 = VECTOR('',#2058,1.);
#2058 = DIRECTION('',(0.,-0.939692620786,0.342020143326));
#2059 = ORIENTED_EDGE('',*,*,#2060,.F.);
#2060 = EDGE_CURVE('',#2020,#2053,#2061,.T.);
#2061 = B_SPLINE_CURVE_WITH_KNOTS('',2,(#2062,#2063,#2064),
  .UNSPECIFIED.,.F.,.F.,(3,3),(0.,1.),.PIECEWISE_BEZIER_KNOTS.);
#2062 = CARTESIAN_POINT('',(30.337707006369,1.606136345961,3.82806246306
    ));
#2063 = CARTESIAN_POINT('',(29.833248407643,1.428373010321,
    3.339661712384));
#2064 = CARTESIAN_POINT('',(29.042165605096,1.428373010321,
    3.339661712384));
#2065 = SURFACE_OF_LINEAR_EXTRUSION('',#2066,#2070);
#2066 = B_SPLINE_CURVE_WITH_KNOTS('',2,(#2067,#2068,#2069),
  .UNSPECIFIED.,.F.,.F.,(3,3),(0.,1.),.PIECEWISE_BEZIER_KNOTS.);
#2067 = CARTESIAN_POINT('',(30.337707006369,1.606136345961,3.82806246306
    ));
#2068 = CARTESIAN_POINT('',(29.833248407643,1.428373010321,
    3.339661712384));
#2069 = CARTESIAN_POINT('',(29.042165605096,1.428373010321,
    3.339661712384));
#2070 = VECTOR('',#2071,1.);
#2071 = DIRECTION('',(-0.,0.939692620786,-0.342020143326));
#2072 = ADVANCED_FACE('',(#2073),#2098,.T.);
#2073 = FACE_BOUND('',#2074,.T.);
#2074 = EDGE_LOOP('',(#2075,#2076,#2084,#2092));
#2075 = ORIENTED_EDGE('',*,*,#2052,.T.);
#2076 = ORIENTED_EDGE('',*,*,#2077,.T.);
#2077 = EDGE_CURVE('',#2045,#2078,#2080,.T.);
#2078 = VERTEX_POINT('',#2079);
#2079 = CARTESIAN_POINT('',(27.647261146497,0.902831472183,
    4.234791723493));
#2080 = B_SPLINE_CURVE_WITH_KNOTS('',2,(#2081,#2082,#2083),
  .UNSPECIFIED.,.F.,.F.,(3,3),(0.,1.),.PIECEWISE_BEZIER_KNOTS.);
#2081 = CARTESIAN_POINT('',(29.042165605096,0.676618913693,
    3.613277827045));
#2082 = CARTESIAN_POINT('',(28.193757961783,0.676618913693,
    3.613277827045));
#2083 = CARTESIAN_POINT('',(27.647261146497,0.902831472183,
    4.234791723493));
#2084 = ORIENTED_EDGE('',*,*,#2085,.F.);
#2085 = EDGE_CURVE('',#2086,#2078,#2088,.T.);
#2086 = VERTEX_POINT('',#2087);
#2087 = CARTESIAN_POINT('',(27.647261146497,1.654585568812,
    3.961175608833));
#2088 = LINE('',#2089,#2090);
#2089 = CARTESIAN_POINT('',(27.647261146497,1.654585568812,
    3.961175608833));
#2090 = VECTOR('',#2091,1.);
#2091 = DIRECTION('',(0.,-0.939692620786,0.342020143326));
#2092 = ORIENTED_EDGE('',*,*,#2093,.F.);
#2093 = EDGE_CURVE('',#2053,#2086,#2094,.T.);
#2094 = B_SPLINE_CURVE_WITH_KNOTS('',2,(#2095,#2096,#2097),
  .UNSPECIFIED.,.F.,.F.,(3,3),(0.,1.),.PIECEWISE_BEZIER_KNOTS.);
#2095 = CARTESIAN_POINT('',(29.042165605096,1.428373010321,
    3.339661712384));
#2096 = CARTESIAN_POINT('',(28.193757961783,1.428373010321,
    3.339661712384));
#2097 = CARTESIAN_POINT('',(27.647261146497,1.654585568812,
    3.961175608833));
#2098 = SURFACE_OF_LINEAR_EXTRUSION('',#2099,#2103);
#2099 = B_SPLINE_CURVE_WITH_KNOTS('',2,(#2100,#2101,#2102),
  .UNSPECIFIED.,.F.,.F.,(3,3),(0.,1.),.PIECEWISE_BEZIER_KNOTS.);
#2100 = CARTESIAN_POINT('',(29.042165605096,1.428373010321,
    3.339661712384));
#2101 = CARTESIAN_POINT('',(28.193757961783,1.428373010321,
    3.339661712384));
#2102 = CARTESIAN_POINT('',(27.647261146497,1.654585568812,
    3.961175608833));
#2103 = VECTOR('',#2104,1.);
#2104 = DIRECTION('',(-0.,0.939692620786,-0.342020143326));
#2105 = ADVANCED_FACE('',(#2106),#2131,.T.);
#2106 = FACE_BOUND('',#2107,.T.);
#2107 = EDGE_LOOP('',(#2108,#2109,#2117,#2125));
#2108 = ORIENTED_EDGE('',*,*,#2085,.T.);
#2109 = ORIENTED_EDGE('',*,*,#2110,.T.);
#2110 = EDGE_CURVE('',#2078,#2111,#2113,.T.);
#2111 = VERTEX_POINT('',#2112);
#2112 = CARTESIAN_POINT('',(27.10076433121,1.644383426247,6.272188972637
    ));
#2113 = B_SPLINE_CURVE_WITH_KNOTS('',2,(#2114,#2115,#2116),
  .UNSPECIFIED.,.F.,.F.,(3,3),(0.,1.),.PIECEWISE_BEZIER_KNOTS.);
#2114 = CARTESIAN_POINT('',(27.647261146497,0.902831472183,
    4.234791723493));
#2115 = CARTESIAN_POINT('',(27.10076433121,1.129044030673,4.856305619942
    ));
#2116 = CARTESIAN_POINT('',(27.10076433121,1.644383426247,6.272188972637
    ));
#2117 = ORIENTED_EDGE('',*,*,#2118,.F.);
#2118 = EDGE_CURVE('',#2119,#2111,#2121,.T.);
#2119 = VERTEX_POINT('',#2120);
#2120 = CARTESIAN_POINT('',(27.10076433121,2.396137522876,5.998572857976
    ));
#2121 = LINE('',#2122,#2123);
#2122 = CARTESIAN_POINT('',(27.10076433121,2.396137522876,5.998572857976
    ));
#2123 = VECTOR('',#2124,1.);
#2124 = DIRECTION('',(0.,-0.939692620786,0.342020143326));
#2125 = ORIENTED_EDGE('',*,*,#2126,.F.);
#2126 = EDGE_CURVE('',#2086,#2119,#2127,.T.);
#2127 = B_SPLINE_CURVE_WITH_KNOTS('',2,(#2128,#2129,#2130),
  .UNSPECIFIED.,.F.,.F.,(3,3),(0.,1.),.PIECEWISE_BEZIER_KNOTS.);
#2128 = CARTESIAN_POINT('',(27.647261146497,1.654585568812,
    3.961175608833));
#2129 = CARTESIAN_POINT('',(27.10076433121,1.880798127302,4.582689505281
    ));
#2130 = CARTESIAN_POINT('',(27.10076433121,2.396137522876,5.998572857976
    ));
#2131 = SURFACE_OF_LINEAR_EXTRUSION('',#2132,#2136);
#2132 = B_SPLINE_CURVE_WITH_KNOTS('',2,(#2133,#2134,#2135),
  .UNSPECIFIED.,.F.,.F.,(3,3),(0.,1.),.PIECEWISE_BEZIER_KNOTS.);
#2133 = CARTESIAN_POINT('',(27.647261146497,1.654585568812,
    3.961175608833));
#2134 = CARTESIAN_POINT('',(27.10076433121,1.880798127302,4.582689505281
    ));
#2135 = CARTESIAN_POINT('',(27.10076433121,2.396137522876,5.998572857976
    ));
#2136 = VECTOR('',#2137,1.);
#2137 = DIRECTION('',(-0.,0.939692620786,-0.342020143326));
#2138 = ADVANCED_FACE('',(#2139),#2164,.T.);
#2139 = FACE_BOUND('',#2140,.T.);
#2140 = EDGE_LOOP('',(#2141,#2142,#2150,#2158));
#2141 = ORIENTED_EDGE('',*,*,#2118,.T.);
#2142 = ORIENTED_EDGE('',*,*,#2143,.T.);
#2143 = EDGE_CURVE('',#2111,#2144,#2146,.T.);
#2144 = VERTEX_POINT('',#2145);
#2145 = CARTESIAN_POINT('',(27.670191082803,2.406238741685,
    8.365369248695));
#2146 = B_SPLINE_CURVE_WITH_KNOTS('',2,(#2147,#2148,#2149),
  .UNSPECIFIED.,.F.,.F.,(3,3),(0.,1.),.PIECEWISE_BEZIER_KNOTS.);
#2147 = CARTESIAN_POINT('',(27.10076433121,1.644383426247,6.272188972637
    ));
#2148 = CARTESIAN_POINT('',(27.10076433121,2.172880794214,7.724223557367
    ));
#2149 = CARTESIAN_POINT('',(27.670191082803,2.406238741685,
    8.365369248695));
#2150 = ORIENTED_EDGE('',*,*,#2151,.F.);
#2151 = EDGE_CURVE('',#2152,#2144,#2154,.T.);
#2152 = VERTEX_POINT('',#2153);
#2153 = CARTESIAN_POINT('',(27.670191082803,3.157992838314,
    8.091753134035));
#2154 = LINE('',#2155,#2156);
#2155 = CARTESIAN_POINT('',(27.670191082803,3.157992838314,
    8.091753134035));
#2156 = VECTOR('',#2157,1.);
#2157 = DIRECTION('',(0.,-0.939692620786,0.342020143326));
#2158 = ORIENTED_EDGE('',*,*,#2159,.F.);
#2159 = EDGE_CURVE('',#2119,#2152,#2160,.T.);
#2160 = B_SPLINE_CURVE_WITH_KNOTS('',2,(#2161,#2162,#2163),
  .UNSPECIFIED.,.F.,.F.,(3,3),(0.,1.),.PIECEWISE_BEZIER_KNOTS.);
#2161 = CARTESIAN_POINT('',(27.10076433121,2.396137522876,5.998572857976
    ));
#2162 = CARTESIAN_POINT('',(27.10076433121,2.924634890843,7.450607442706
    ));
#2163 = CARTESIAN_POINT('',(27.670191082803,3.157992838314,
    8.091753134035));
#2164 = SURFACE_OF_LINEAR_EXTRUSION('',#2165,#2169);
#2165 = B_SPLINE_CURVE_WITH_KNOTS('',2,(#2166,#2167,#2168),
  .UNSPECIFIED.,.F.,.F.,(3,3),(0.,1.),.PIECEWISE_BEZIER_KNOTS.);
#2166 = CARTESIAN_POINT('',(27.10076433121,2.396137522876,5.998572857976
    ));
#2167 = CARTESIAN_POINT('',(27.10076433121,2.924634890843,7.450607442706
    ));
#2168 = CARTESIAN_POINT('',(27.670191082803,3.157992838314,
    8.091753134035));
#2169 = VECTOR('',#2170,1.);
#2170 = DIRECTION('',(-0.,0.939692620786,-0.342020143326));
#2171 = ADVANCED_FACE('',(#2172),#2197,.T.);
#2172 = FACE_BOUND('',#2173,.T.);
#2173 = EDGE_LOOP('',(#2174,#2175,#2183,#2191));
#2174 = ORIENTED_EDGE('',*,*,#2151,.T.);
#2175 = ORIENTED_EDGE('',*,*,#2176,.T.);
#2176 = EDGE_CURVE('',#2144,#2177,#2179,.T.);
#2177 = VERTEX_POINT('',#2178);
#2178 = CARTESIAN_POINT('',(29.149171974522,2.639683828047,
    9.006754352157));
#2179 = B_SPLINE_CURVE_WITH_KNOTS('',2,(#2180,#2181,#2182),
  .UNSPECIFIED.,.F.,.F.,(3,3),(0.,1.),.PIECEWISE_BEZIER_KNOTS.);
#2180 = CARTESIAN_POINT('',(27.670191082803,2.406238741685,
    8.365369248695));
#2181 = CARTESIAN_POINT('',(28.239617834395,2.639683828047,
    9.006754352157));
#2182 = CARTESIAN_POINT('',(29.149171974522,2.639683828047,
    9.006754352157));
#2183 = ORIENTED_EDGE('',*,*,#2184,.F.);
#2184 = EDGE_CURVE('',#2185,#2177,#2187,.T.);
#2185 = VERTEX_POINT('',#2186);
#2186 = CARTESIAN_POINT('',(29.149171974522,3.391437924676,
    8.733138237496));
#2187 = LINE('',#2188,#2189);
#2188 = CARTESIAN_POINT('',(29.149171974522,3.391437924676,
    8.733138237496));
#2189 = VECTOR('',#2190,1.);
#2190 = DIRECTION('',(0.,-0.939692620786,0.342020143326));
#2191 = ORIENTED_EDGE('',*,*,#2192,.F.);
#2192 = EDGE_CURVE('',#2152,#2185,#2193,.T.);
#2193 = B_SPLINE_CURVE_WITH_KNOTS('',2,(#2194,#2195,#2196),
  .UNSPECIFIED.,.F.,.F.,(3,3),(0.,1.),.PIECEWISE_BEZIER_KNOTS.);
#2194 = CARTESIAN_POINT('',(27.670191082803,3.157992838314,
    8.091753134035));
#2195 = CARTESIAN_POINT('',(28.239617834395,3.391437924676,
    8.733138237496));
#2196 = CARTESIAN_POINT('',(29.149171974522,3.391437924676,
    8.733138237496));
#2197 = SURFACE_OF_LINEAR_EXTRUSION('',#2198,#2202);
#2198 = B_SPLINE_CURVE_WITH_KNOTS('',2,(#2199,#2200,#2201),
  .UNSPECIFIED.,.F.,.F.,(3,3),(0.,1.),.PIECEWISE_BEZIER_KNOTS.);
#2199 = CARTESIAN_POINT('',(27.670191082803,3.157992838314,
    8.091753134035));
#2200 = CARTESIAN_POINT('',(28.239617834395,3.391437924676,
    8.733138237496));
#2201 = CARTESIAN_POINT('',(29.149171974522,3.391437924676,
    8.733138237496));
#2202 = VECTOR('',#2203,1.);
#2203 = DIRECTION('',(-0.,0.939692620786,-0.342020143326));
#2204 = ADVANCED_FACE('',(#2205),#2230,.T.);
#2205 = FACE_BOUND('',#2206,.T.);
#2206 = EDGE_LOOP('',(#2207,#2208,#2216,#2224));
#2207 = ORIENTED_EDGE('',*,*,#2184,.T.);
#2208 = ORIENTED_EDGE('',*,*,#2209,.T.);
#2209 = EDGE_CURVE('',#2177,#2210,#2212,.T.);
#2210 = VERTEX_POINT('',#2211);
#2211 = CARTESIAN_POINT('',(30.205732484076,2.51673085423,8.668943832939
    ));
#2212 = B_SPLINE_CURVE_WITH_KNOTS('',2,(#2213,#2214,#2215),
  .UNSPECIFIED.,.F.,.F.,(3,3),(0.,1.),.PIECEWISE_BEZIER_KNOTS.);
#2213 = CARTESIAN_POINT('',(29.149171974522,2.639683828047,
    9.006754352157));
#2214 = CARTESIAN_POINT('',(29.787388535032,2.639683828047,
    9.006754352157));
#2215 = CARTESIAN_POINT('',(30.205732484076,2.51673085423,8.668943832939
    ));
#2216 = ORIENTED_EDGE('',*,*,#2217,.F.);
#2217 = EDGE_CURVE('',#2218,#2210,#2220,.T.);
#2218 = VERTEX_POINT('',#2219);
#2219 = CARTESIAN_POINT('',(30.205732484076,3.268484950859,
    8.395327718279));
#2220 = LINE('',#2221,#2222);
#2221 = CARTESIAN_POINT('',(30.205732484076,3.268484950859,
    8.395327718279));
#2222 = VECTOR('',#2223,1.);
#2223 = DIRECTION('',(0.,-0.939692620786,0.342020143326));
#2224 = ORIENTED_EDGE('',*,*,#2225,.F.);
#2225 = EDGE_CURVE('',#2185,#2218,#2226,.T.);
#2226 = B_SPLINE_CURVE_WITH_KNOTS('',2,(#2227,#2228,#2229),
  .UNSPECIFIED.,.F.,.F.,(3,3),(0.,1.),.PIECEWISE_BEZIER_KNOTS.);
#2227 = CARTESIAN_POINT('',(29.149171974522,3.391437924676,
    8.733138237496));
#2228 = CARTESIAN_POINT('',(29.787388535032,3.391437924676,
    8.733138237496));
#2229 = CARTESIAN_POINT('',(30.205732484076,3.268484950859,
    8.395327718279));
#2230 = SURFACE_OF_LINEAR_EXTRUSION('',#2231,#2235);
#2231 = B_SPLINE_CURVE_WITH_KNOTS('',2,(#2232,#2233,#2234),
  .UNSPECIFIED.,.F.,.F.,(3,3),(0.,1.),.PIECEWISE_BEZIER_KNOTS.);
#2232 = CARTESIAN_POINT('',(29.149171974522,3.391437924676,
    8.733138237496));
#2233 = CARTESIAN_POINT('',(29.787388535032,3.391437924676,
    8.733138237496));
#2234 = CARTESIAN_POINT('',(30.205732484076,3.268484950859,
    8.395327718279));
#2235 = VECTOR('',#2236,1.);
#2236 = DIRECTION('',(-0.,0.939692620786,-0.342020143326));
#2237 = ADVANCED_FACE('',(#2238),#2254,.T.);
#2238 = FACE_BOUND('',#2239,.T.);
#2239 = EDGE_LOOP('',(#2240,#2241,#2247,#2248));
#2240 = ORIENTED_EDGE('',*,*,#2217,.T.);
#2241 = ORIENTED_EDGE('',*,*,#2242,.T.);
#2242 = EDGE_CURVE('',#2210,#1742,#2243,.T.);
#2243 = B_SPLINE_CURVE_WITH_KNOTS('',2,(#2244,#2245,#2246),
  .UNSPECIFIED.,.F.,.F.,(3,3),(0.,1.),.PIECEWISE_BEZIER_KNOTS.);
#2244 = CARTESIAN_POINT('',(30.205732484076,2.51673085423,8.668943832939
    ));
#2245 = CARTESIAN_POINT('',(30.624331210191,2.393865019303,
    8.331372725854));
#2246 = CARTESIAN_POINT('',(30.73898089172,2.159809960711,7.688311737464
    ));
#2247 = ORIENTED_EDGE('',*,*,#1739,.F.);
#2248 = ORIENTED_EDGE('',*,*,#2249,.F.);
#2249 = EDGE_CURVE('',#2218,#1740,#2250,.T.);
#2250 = B_SPLINE_CURVE_WITH_KNOTS('',2,(#2251,#2252,#2253),
  .UNSPECIFIED.,.F.,.F.,(3,3),(0.,1.),.PIECEWISE_BEZIER_KNOTS.);
#2251 = CARTESIAN_POINT('',(30.205732484076,3.268484950859,
    8.395327718279));
#2252 = CARTESIAN_POINT('',(30.624331210191,3.145619115931,
    8.057756611194));
#2253 = CARTESIAN_POINT('',(30.73898089172,2.91156405734,7.414695622804)
  );
#2254 = SURFACE_OF_LINEAR_EXTRUSION('',#2255,#2259);
#2255 = B_SPLINE_CURVE_WITH_KNOTS('',2,(#2256,#2257,#2258),
  .UNSPECIFIED.,.F.,.F.,(3,3),(0.,1.),.PIECEWISE_BEZIER_KNOTS.);
#2256 = CARTESIAN_POINT('',(30.205732484076,3.268484950859,
    8.395327718279));
#2257 = CARTESIAN_POINT('',(30.624331210191,3.145619115931,
    8.057756611194));
#2258 = CARTESIAN_POINT('',(30.73898089172,2.91156405734,7.414695622804)
  );
#2259 = VECTOR('',#2260,1.);
#2260 = DIRECTION('',(-0.,0.939692620786,-0.342020143326));
#2261 = ADVANCED_FACE('',(#2262),#2280,.F.);
#2262 = FACE_BOUND('',#2263,.T.);
#2263 = EDGE_LOOP('',(#2264,#2265,#2266,#2267,#2268,#2269,#2270,#2271,
    #2272,#2273,#2274,#2275,#2276,#2277,#2278,#2279));
#2264 = ORIENTED_EDGE('',*,*,#1765,.T.);
#2265 = ORIENTED_EDGE('',*,*,#1796,.T.);
#2266 = ORIENTED_EDGE('',*,*,#1829,.T.);
#2267 = ORIENTED_EDGE('',*,*,#1862,.T.);
#2268 = ORIENTED_EDGE('',*,*,#1895,.T.);
#2269 = ORIENTED_EDGE('',*,*,#1928,.T.);
#2270 = ORIENTED_EDGE('',*,*,#1961,.T.);
#2271 = ORIENTED_EDGE('',*,*,#1994,.T.);
#2272 = ORIENTED_EDGE('',*,*,#2027,.T.);
#2273 = ORIENTED_EDGE('',*,*,#2060,.T.);
#2274 = ORIENTED_EDGE('',*,*,#2093,.T.);
#2275 = ORIENTED_EDGE('',*,*,#2126,.T.);
#2276 = ORIENTED_EDGE('',*,*,#2159,.T.);
#2277 = ORIENTED_EDGE('',*,*,#2192,.T.);
#2278 = ORIENTED_EDGE('',*,*,#2225,.T.);
#2279 = ORIENTED_EDGE('',*,*,#2249,.T.);
#2280 = PLANE('',#2281);
#2281 = AXIS2_PLACEMENT_3D('',#2282,#2283,#2284);
#2282 = CARTESIAN_POINT('',(28.993063646923,2.51343073308,6.320833304469
    ));
#2283 = DIRECTION('',(0.,-0.939692620786,0.342020143326));
#2284 = DIRECTION('',(1.,0.,0.));
#2285 = ADVANCED_FACE('',(#2286),#2304,.T.);
#2286 = FACE_BOUND('',#2287,.F.);
#2287 = EDGE_LOOP('',(#2288,#2289,#2290,#2291,#2292,#2293,#2294,#2295,
    #2296,#2297,#2298,#2299,#2300,#2301,#2302,#2303));
#2288 = ORIENTED_EDGE('',*,*,#1749,.T.);
#2289 = ORIENTED_EDGE('',*,*,#1780,.T.);
#2290 = ORIENTED_EDGE('',*,*,#1813,.T.);
#2291 = ORIENTED_EDGE('',*,*,#1846,.T.);
#2292 = ORIENTED_EDGE('',*,*,#1879,.T.);
#2293 = ORIENTED_EDGE('',*,*,#1912,.T.);
#2294 = ORIENTED_EDGE('',*,*,#1945,.T.);
#2295 = ORIENTED_EDGE('',*,*,#1978,.T.);
#2296 = ORIENTED_EDGE('',*,*,#2011,.T.);
#2297 = ORIENTED_EDGE('',*,*,#2044,.T.);
#2298 = ORIENTED_EDGE('',*,*,#2077,.T.);
#2299 = ORIENTED_EDGE('',*,*,#2110,.T.);
#2300 = ORIENTED_EDGE('',*,*,#2143,.T.);
#2301 = ORIENTED_EDGE('',*,*,#2176,.T.);
#2302 = ORIENTED_EDGE('',*,*,#2209,.T.);
#2303 = ORIENTED_EDGE('',*,*,#2242,.T.);
#2304 = PLANE('',#2305);
#2305 = AXIS2_PLACEMENT_3D('',#2306,#2307,#2308);
#2306 = CARTESIAN_POINT('',(28.993063646923,1.761676636452,
    6.594449419129));
#2307 = DIRECTION('',(0.,-0.939692620786,0.342020143326));
#2308 = DIRECTION('',(1.,0.,0.));
#2309 = MANIFOLD_SOLID_BREP('',#2310);
#2310 = CLOSED_SHELL('',(#2311,#2353,#2386,#2419,#2452,#2485,#2518,#2551
    ,#2575,#2591));
#2311 = ADVANCED_FACE('',(#2312),#2346,.F.);
#2312 = FACE_BOUND('',#2313,.F.);
#2313 = EDGE_LOOP('',(#2314,#2324,#2332,#2340));
#2314 = ORIENTED_EDGE('',*,*,#2315,.T.);
#2315 = EDGE_CURVE('',#2316,#2318,#2320,.T.);
#2316 = VERTEX_POINT('',#2317);
#2317 = CARTESIAN_POINT('',(28.304585987261,2.106400713561,
    5.202527516801));
#2318 = VERTEX_POINT('',#2319);
#2319 = CARTESIAN_POINT('',(28.304585987261,1.354646616933,
    5.476143631461));
#2320 = LINE('',#2321,#2322);
#2321 = CARTESIAN_POINT('',(28.304585987261,2.106400713561,
    5.202527516801));
#2322 = VECTOR('',#2323,1.);
#2323 = DIRECTION('',(0.,-0.939692620786,0.342020143326));
#2324 = ORIENTED_EDGE('',*,*,#2325,.T.);
#2325 = EDGE_CURVE('',#2318,#2326,#2328,.T.);
#2326 = VERTEX_POINT('',#2327);
#2327 = CARTESIAN_POINT('',(28.545350318471,1.080071974482,
    4.721756001373));
#2328 = B_SPLINE_CURVE_WITH_KNOTS('',2,(#2329,#2330,#2331),
  .UNSPECIFIED.,.F.,.F.,(3,3),(0.,1.),.PIECEWISE_BEZIER_KNOTS.);
#2329 = CARTESIAN_POINT('',(28.304585987261,1.354646616933,
    5.476143631461));
#2330 = CARTESIAN_POINT('',(28.304585987261,1.176796142403,
    4.987503468653));
#2331 = CARTESIAN_POINT('',(28.545350318471,1.080071974482,
    4.721756001373));
#2332 = ORIENTED_EDGE('',*,*,#2333,.F.);
#2333 = EDGE_CURVE('',#2334,#2326,#2336,.T.);
#2334 = VERTEX_POINT('',#2335);
#2335 = CARTESIAN_POINT('',(28.545350318471,1.831826071111,
    4.448139886712));
#2336 = LINE('',#2337,#2338);
#2337 = CARTESIAN_POINT('',(28.545350318471,1.831826071111,
    4.448139886712));
#2338 = VECTOR('',#2339,1.);
#2339 = DIRECTION('',(0.,-0.939692620786,0.342020143326));
#2340 = ORIENTED_EDGE('',*,*,#2341,.F.);
#2341 = EDGE_CURVE('',#2316,#2334,#2342,.T.);
#2342 = B_SPLINE_CURVE_WITH_KNOTS('',2,(#2343,#2344,#2345),
  .UNSPECIFIED.,.F.,.F.,(3,3),(0.,1.),.PIECEWISE_BEZIER_KNOTS.);
#2343 = CARTESIAN_POINT('',(28.304585987261,2.106400713561,
    5.202527516801));
#2344 = CARTESIAN_POINT('',(28.304585987261,1.928550239032,
    4.713887353992));
#2345 = CARTESIAN_POINT('',(28.545350318471,1.831826071111,
    4.448139886712));
#2346 = SURFACE_OF_LINEAR_EXTRUSION('',#2347,#2351);
#2347 = B_SPLINE_CURVE_WITH_KNOTS('',2,(#2348,#2349,#2350),
  .UNSPECIFIED.,.F.,.F.,(3,3),(0.,1.),.PIECEWISE_BEZIER_KNOTS.);
#2348 = CARTESIAN_POINT('',(28.304585987261,2.106400713561,
    5.202527516801));
#2349 = CARTESIAN_POINT('',(28.304585987261,1.928550239032,
    4.713887353992));
#2350 = CARTESIAN_POINT('',(28.545350318471,1.831826071111,
    4.448139886712));
#2351 = VECTOR('',#2352,1.);
#2352 = DIRECTION('',(-0.,0.939692620786,-0.342020143326));
#2353 = ADVANCED_FACE('',(#2354),#2379,.F.);
#2354 = FACE_BOUND('',#2355,.F.);
#2355 = EDGE_LOOP('',(#2356,#2357,#2365,#2373));
#2356 = ORIENTED_EDGE('',*,*,#2333,.T.);
#2357 = ORIENTED_EDGE('',*,*,#2358,.T.);
#2358 = EDGE_CURVE('',#2326,#2359,#2361,.T.);
#2359 = VERTEX_POINT('',#2360);
#2360 = CARTESIAN_POINT('',(29.095668789809,0.983347806561,
    4.456008534093));
#2361 = B_SPLINE_CURVE_WITH_KNOTS('',2,(#2362,#2363,#2364),
  .UNSPECIFIED.,.F.,.F.,(3,3),(0.,1.),.PIECEWISE_BEZIER_KNOTS.);
#2362 = CARTESIAN_POINT('',(28.545350318471,1.080071974482,
    4.721756001373));
#2363 = CARTESIAN_POINT('',(28.786114649682,0.983347806561,
    4.456008534093));
#2364 = CARTESIAN_POINT('',(29.095668789809,0.983347806561,
    4.456008534093));
#2365 = ORIENTED_EDGE('',*,*,#2366,.F.);
#2366 = EDGE_CURVE('',#2367,#2359,#2369,.T.);
#2367 = VERTEX_POINT('',#2368);
#2368 = CARTESIAN_POINT('',(29.095668789809,1.735101903189,
    4.182392419433));
#2369 = LINE('',#2370,#2371);
#2370 = CARTESIAN_POINT('',(29.095668789809,1.735101903189,
    4.182392419433));
#2371 = VECTOR('',#2372,1.);
#2372 = DIRECTION('',(0.,-0.939692620786,0.342020143326));
#2373 = ORIENTED_EDGE('',*,*,#2374,.F.);
#2374 = EDGE_CURVE('',#2334,#2367,#2375,.T.);
#2375 = B_SPLINE_CURVE_WITH_KNOTS('',2,(#2376,#2377,#2378),
  .UNSPECIFIED.,.F.,.F.,(3,3),(0.,1.),.PIECEWISE_BEZIER_KNOTS.);
#2376 = CARTESIAN_POINT('',(28.545350318471,1.831826071111,
    4.448139886712));
#2377 = CARTESIAN_POINT('',(28.786114649682,1.735101903189,
    4.182392419433));
#2378 = CARTESIAN_POINT('',(29.095668789809,1.735101903189,
    4.182392419433));
#2379 = SURFACE_OF_LINEAR_EXTRUSION('',#2380,#2384);
#2380 = B_SPLINE_CURVE_WITH_KNOTS('',2,(#2381,#2382,#2383),
  .UNSPECIFIED.,.F.,.F.,(3,3),(0.,1.),.PIECEWISE_BEZIER_KNOTS.);
#2381 = CARTESIAN_POINT('',(28.545350318471,1.831826071111,
    4.448139886712));
#2382 = CARTESIAN_POINT('',(28.786114649682,1.735101903189,
    4.182392419433));
#2383 = CARTESIAN_POINT('',(29.095668789809,1.735101903189,
    4.182392419433));
#2384 = VECTOR('',#2385,1.);
#2385 = DIRECTION('',(-0.,0.939692620786,-0.342020143326));
#2386 = ADVANCED_FACE('',(#2387),#2412,.F.);
#2387 = FACE_BOUND('',#2388,.F.);
#2388 = EDGE_LOOP('',(#2389,#2390,#2398,#2406));
#2389 = ORIENTED_EDGE('',*,*,#2366,.T.);
#2390 = ORIENTED_EDGE('',*,*,#2391,.T.);
#2391 = EDGE_CURVE('',#2359,#2392,#2394,.T.);
#2392 = VERTEX_POINT('',#2393);
#2393 = CARTESIAN_POINT('',(29.592484076433,1.062557057588,
    4.673634162703));
#2394 = B_SPLINE_CURVE_WITH_KNOTS('',2,(#2395,#2396,#2397),
  .UNSPECIFIED.,.F.,.F.,(3,3),(0.,1.),.PIECEWISE_BEZIER_KNOTS.);
#2395 = CARTESIAN_POINT('',(29.095668789809,0.983347806561,
    4.456008534093));
#2396 = CARTESIAN_POINT('',(29.393757961783,0.983347806561,
    4.456008534093));
#2397 = CARTESIAN_POINT('',(29.592484076433,1.062557057588,
    4.673634162703));
#2398 = ORIENTED_EDGE('',*,*,#2399,.F.);
#2399 = EDGE_CURVE('',#2400,#2392,#2402,.T.);
#2400 = VERTEX_POINT('',#2401);
#2401 = CARTESIAN_POINT('',(29.592484076433,1.814311154217,
    4.400018048043));
#2402 = LINE('',#2403,#2404);
#2403 = CARTESIAN_POINT('',(29.592484076433,1.814311154217,
    4.400018048043));
#2404 = VECTOR('',#2405,1.);
#2405 = DIRECTION('',(0.,-0.939692620786,0.342020143326));
#2406 = ORIENTED_EDGE('',*,*,#2407,.F.);
#2407 = EDGE_CURVE('',#2367,#2400,#2408,.T.);
#2408 = B_SPLINE_CURVE_WITH_KNOTS('',2,(#2409,#2410,#2411),
  .UNSPECIFIED.,.F.,.F.,(3,3),(0.,1.),.PIECEWISE_BEZIER_KNOTS.);
#2409 = CARTESIAN_POINT('',(29.095668789809,1.735101903189,
    4.182392419433));
#2410 = CARTESIAN_POINT('',(29.393757961783,1.735101903189,
    4.182392419433));
#2411 = CARTESIAN_POINT('',(29.592484076433,1.814311154217,
    4.400018048043));
#2412 = SURFACE_OF_LINEAR_EXTRUSION('',#2413,#2417);
#2413 = B_SPLINE_CURVE_WITH_KNOTS('',2,(#2414,#2415,#2416),
  .UNSPECIFIED.,.F.,.F.,(3,3),(0.,1.),.PIECEWISE_BEZIER_KNOTS.);
#2414 = CARTESIAN_POINT('',(29.095668789809,1.735101903189,
    4.182392419433));
#2415 = CARTESIAN_POINT('',(29.393757961783,1.735101903189,
    4.182392419433));
#2416 = CARTESIAN_POINT('',(29.592484076433,1.814311154217,
    4.400018048043));
#2417 = VECTOR('',#2418,1.);
#2418 = DIRECTION('',(-0.,0.939692620786,-0.342020143326));
#2419 = ADVANCED_FACE('',(#2420),#2445,.F.);
#2420 = FACE_BOUND('',#2421,.F.);
#2421 = EDGE_LOOP('',(#2422,#2423,#2431,#2439));
#2422 = ORIENTED_EDGE('',*,*,#2399,.T.);
#2423 = ORIENTED_EDGE('',*,*,#2424,.T.);
#2424 = EDGE_CURVE('',#2392,#2425,#2427,.T.);
#2425 = VERTEX_POINT('',#2426);
#2426 = CARTESIAN_POINT('',(29.791210191083,1.322143810956,5.38684290597
    ));
#2427 = B_SPLINE_CURVE_WITH_KNOTS('',2,(#2428,#2429,#2430),
  .UNSPECIFIED.,.F.,.F.,(3,3),(0.,1.),.PIECEWISE_BEZIER_KNOTS.);
#2428 = CARTESIAN_POINT('',(29.592484076433,1.062557057588,
    4.673634162703));
#2429 = CARTESIAN_POINT('',(29.791210191083,1.141766308616,
    4.891259791313));
#2430 = CARTESIAN_POINT('',(29.791210191083,1.322143810956,5.38684290597
    ));
#2431 = ORIENTED_EDGE('',*,*,#2432,.F.);
#2432 = EDGE_CURVE('',#2433,#2425,#2435,.T.);
#2433 = VERTEX_POINT('',#2434);
#2434 = CARTESIAN_POINT('',(29.791210191083,2.073897907584,
    5.113226791309));
#2435 = LINE('',#2436,#2437);
#2436 = CARTESIAN_POINT('',(29.791210191083,2.073897907584,
    5.113226791309));
#2437 = VECTOR('',#2438,1.);
#2438 = DIRECTION('',(0.,-0.939692620786,0.342020143326));
#2439 = ORIENTED_EDGE('',*,*,#2440,.F.);
#2440 = EDGE_CURVE('',#2400,#2433,#2441,.T.);
#2441 = B_SPLINE_CURVE_WITH_KNOTS('',2,(#2442,#2443,#2444),
  .UNSPECIFIED.,.F.,.F.,(3,3),(0.,1.),.PIECEWISE_BEZIER_KNOTS.);
#2442 = CARTESIAN_POINT('',(29.592484076433,1.814311154217,
    4.400018048043));
#2443 = CARTESIAN_POINT('',(29.791210191083,1.893520405244,
    4.617643676653));
#2444 = CARTESIAN_POINT('',(29.791210191083,2.073897907584,
    5.113226791309));
#2445 = SURFACE_OF_LINEAR_EXTRUSION('',#2446,#2450);
#2446 = B_SPLINE_CURVE_WITH_KNOTS('',2,(#2447,#2448,#2449),
  .UNSPECIFIED.,.F.,.F.,(3,3),(0.,1.),.PIECEWISE_BEZIER_KNOTS.);
#2447 = CARTESIAN_POINT('',(29.592484076433,1.814311154217,
    4.400018048043));
#2448 = CARTESIAN_POINT('',(29.791210191083,1.893520405244,
    4.617643676653));
#2449 = CARTESIAN_POINT('',(29.791210191083,2.073897907584,
    5.113226791309));
#2450 = VECTOR('',#2451,1.);
#2451 = DIRECTION('',(-0.,0.939692620786,-0.342020143326));
#2452 = ADVANCED_FACE('',(#2453),#2478,.F.);
#2453 = FACE_BOUND('',#2454,.F.);
#2454 = EDGE_LOOP('',(#2455,#2456,#2464,#2472));
#2455 = ORIENTED_EDGE('',*,*,#2432,.T.);
#2456 = ORIENTED_EDGE('',*,*,#2457,.T.);
#2457 = EDGE_CURVE('',#2425,#2458,#2460,.T.);
#2458 = VERTEX_POINT('',#2459);
#2459 = CARTESIAN_POINT('',(29.577197452229,1.594104286706,
    6.134048172078));
#2460 = B_SPLINE_CURVE_WITH_KNOTS('',2,(#2461,#2462,#2463),
  .UNSPECIFIED.,.F.,.F.,(3,3),(0.,1.),.PIECEWISE_BEZIER_KNOTS.);
#2461 = CARTESIAN_POINT('',(29.791210191083,1.322143810956,5.38684290597
    ));
#2462 = CARTESIAN_POINT('',(29.791210191083,1.507836785587,5.89703016072
    ));
#2463 = CARTESIAN_POINT('',(29.577197452229,1.594104286706,
    6.134048172078));
#2464 = ORIENTED_EDGE('',*,*,#2465,.F.);
#2465 = EDGE_CURVE('',#2466,#2458,#2468,.T.);
#2466 = VERTEX_POINT('',#2467);
#2467 = CARTESIAN_POINT('',(29.577197452229,2.345858383334,
    5.860432057417));
#2468 = LINE('',#2469,#2470);
#2469 = CARTESIAN_POINT('',(29.577197452229,2.345858383334,
    5.860432057417));
#2470 = VECTOR('',#2471,1.);
#2471 = DIRECTION('',(0.,-0.939692620786,0.342020143326));
#2472 = ORIENTED_EDGE('',*,*,#2473,.F.);
#2473 = EDGE_CURVE('',#2433,#2466,#2474,.T.);
#2474 = B_SPLINE_CURVE_WITH_KNOTS('',2,(#2475,#2476,#2477),
  .UNSPECIFIED.,.F.,.F.,(3,3),(0.,1.),.PIECEWISE_BEZIER_KNOTS.);
#2475 = CARTESIAN_POINT('',(29.791210191083,2.073897907584,
    5.113226791309));
#2476 = CARTESIAN_POINT('',(29.791210191083,2.259590882215,5.62341404606
    ));
#2477 = CARTESIAN_POINT('',(29.577197452229,2.345858383334,
    5.860432057417));
#2478 = SURFACE_OF_LINEAR_EXTRUSION('',#2479,#2483);
#2479 = B_SPLINE_CURVE_WITH_KNOTS('',2,(#2480,#2481,#2482),
  .UNSPECIFIED.,.F.,.F.,(3,3),(0.,1.),.PIECEWISE_BEZIER_KNOTS.);
#2480 = CARTESIAN_POINT('',(29.791210191083,2.073897907584,
    5.113226791309));
#2481 = CARTESIAN_POINT('',(29.791210191083,2.259590882215,5.62341404606
    ));
#2482 = CARTESIAN_POINT('',(29.577197452229,2.345858383334,
    5.860432057417));
#2483 = VECTOR('',#2484,1.);
#2484 = DIRECTION('',(-0.,0.939692620786,-0.342020143326));
#2485 = ADVANCED_FACE('',(#2486),#2511,.F.);
#2486 = FACE_BOUND('',#2487,.F.);
#2487 = EDGE_LOOP('',(#2488,#2489,#2497,#2505));
#2488 = ORIENTED_EDGE('',*,*,#2465,.T.);
#2489 = ORIENTED_EDGE('',*,*,#2490,.T.);
#2490 = EDGE_CURVE('',#2458,#2491,#2493,.T.);
#2491 = VERTEX_POINT('',#2492);
#2492 = CARTESIAN_POINT('',(29.042165605096,1.680458926715,
    6.371305595568));
#2493 = B_SPLINE_CURVE_WITH_KNOTS('',2,(#2494,#2495,#2496),
  .UNSPECIFIED.,.F.,.F.,(3,3),(0.,1.),.PIECEWISE_BEZIER_KNOTS.);
#2494 = CARTESIAN_POINT('',(29.577197452229,1.594104286706,
    6.134048172078));
#2495 = CARTESIAN_POINT('',(29.363184713376,1.680458926715,
    6.371305595568));
#2496 = CARTESIAN_POINT('',(29.042165605096,1.680458926715,
    6.371305595568));
#2497 = ORIENTED_EDGE('',*,*,#2498,.F.);
#2498 = EDGE_CURVE('',#2499,#2491,#2501,.T.);
#2499 = VERTEX_POINT('',#2500);
#2500 = CARTESIAN_POINT('',(29.042165605096,2.432213023344,
    6.097689480907));
#2501 = LINE('',#2502,#2503);
#2502 = CARTESIAN_POINT('',(29.042165605096,2.432213023344,
    6.097689480907));
#2503 = VECTOR('',#2504,1.);
#2504 = DIRECTION('',(0.,-0.939692620786,0.342020143326));
#2505 = ORIENTED_EDGE('',*,*,#2506,.F.);
#2506 = EDGE_CURVE('',#2466,#2499,#2507,.T.);
#2507 = B_SPLINE_CURVE_WITH_KNOTS('',2,(#2508,#2509,#2510),
  .UNSPECIFIED.,.F.,.F.,(3,3),(0.,1.),.PIECEWISE_BEZIER_KNOTS.);
#2508 = CARTESIAN_POINT('',(29.577197452229,2.345858383334,
    5.860432057417));
#2509 = CARTESIAN_POINT('',(29.363184713376,2.432213023344,
    6.097689480907));
#2510 = CARTESIAN_POINT('',(29.042165605096,2.432213023344,
    6.097689480907));
#2511 = SURFACE_OF_LINEAR_EXTRUSION('',#2512,#2516);
#2512 = B_SPLINE_CURVE_WITH_KNOTS('',2,(#2513,#2514,#2515),
  .UNSPECIFIED.,.F.,.F.,(3,3),(0.,1.),.PIECEWISE_BEZIER_KNOTS.);
#2513 = CARTESIAN_POINT('',(29.577197452229,2.345858383334,
    5.860432057417));
#2514 = CARTESIAN_POINT('',(29.363184713376,2.432213023344,
    6.097689480907));
#2515 = CARTESIAN_POINT('',(29.042165605096,2.432213023344,
    6.097689480907));
#2516 = VECTOR('',#2517,1.);
#2517 = DIRECTION('',(-0.,0.939692620786,-0.342020143326));
#2518 = ADVANCED_FACE('',(#2519),#2544,.F.);
#2519 = FACE_BOUND('',#2520,.F.);
#2520 = EDGE_LOOP('',(#2521,#2522,#2530,#2538));
#2521 = ORIENTED_EDGE('',*,*,#2498,.T.);
#2522 = ORIENTED_EDGE('',*,*,#2523,.T.);
#2523 = EDGE_CURVE('',#2491,#2524,#2526,.T.);
#2524 = VERTEX_POINT('',#2525);
#2525 = CARTESIAN_POINT('',(28.518598726115,1.598025536757,
    6.144821718048));
#2526 = B_SPLINE_CURVE_WITH_KNOTS('',2,(#2527,#2528,#2529),
  .UNSPECIFIED.,.F.,.F.,(3,3),(0.,1.),.PIECEWISE_BEZIER_KNOTS.);
#2527 = CARTESIAN_POINT('',(29.042165605096,1.680458926715,
    6.371305595568));
#2528 = CARTESIAN_POINT('',(28.732611464968,1.680458926715,
    6.371305595568));
#2529 = CARTESIAN_POINT('',(28.518598726115,1.598025536757,
    6.144821718048));
#2530 = ORIENTED_EDGE('',*,*,#2531,.F.);
#2531 = EDGE_CURVE('',#2532,#2524,#2534,.T.);
#2532 = VERTEX_POINT('',#2533);
#2533 = CARTESIAN_POINT('',(28.518598726115,2.349779633385,
    5.871205603388));
#2534 = LINE('',#2535,#2536);
#2535 = CARTESIAN_POINT('',(28.518598726115,2.349779633385,
    5.871205603388));
#2536 = VECTOR('',#2537,1.);
#2537 = DIRECTION('',(0.,-0.939692620786,0.342020143326));
#2538 = ORIENTED_EDGE('',*,*,#2539,.F.);
#2539 = EDGE_CURVE('',#2499,#2532,#2540,.T.);
#2540 = B_SPLINE_CURVE_WITH_KNOTS('',2,(#2541,#2542,#2543),
  .UNSPECIFIED.,.F.,.F.,(3,3),(0.,1.),.PIECEWISE_BEZIER_KNOTS.);
#2541 = CARTESIAN_POINT('',(29.042165605096,2.432213023344,
    6.097689480907));
#2542 = CARTESIAN_POINT('',(28.732611464968,2.432213023344,
    6.097689480907));
#2543 = CARTESIAN_POINT('',(28.518598726115,2.349779633385,
    5.871205603388));
#2544 = SURFACE_OF_LINEAR_EXTRUSION('',#2545,#2549);
#2545 = B_SPLINE_CURVE_WITH_KNOTS('',2,(#2546,#2547,#2548),
  .UNSPECIFIED.,.F.,.F.,(3,3),(0.,1.),.PIECEWISE_BEZIER_KNOTS.);
#2546 = CARTESIAN_POINT('',(29.042165605096,2.432213023344,
    6.097689480907));
#2547 = CARTESIAN_POINT('',(28.732611464968,2.432213023344,
    6.097689480907));
#2548 = CARTESIAN_POINT('',(28.518598726115,2.349779633385,
    5.871205603388));
#2549 = VECTOR('',#2550,1.);
#2550 = DIRECTION('',(-0.,0.939692620786,-0.342020143326));
#2551 = ADVANCED_FACE('',(#2552),#2568,.F.);
#2552 = FACE_BOUND('',#2553,.F.);
#2553 = EDGE_LOOP('',(#2554,#2555,#2561,#2562));
#2554 = ORIENTED_EDGE('',*,*,#2531,.T.);
#2555 = ORIENTED_EDGE('',*,*,#2556,.T.);
#2556 = EDGE_CURVE('',#2524,#2318,#2557,.T.);
#2557 = B_SPLINE_CURVE_WITH_KNOTS('',2,(#2558,#2559,#2560),
  .UNSPECIFIED.,.F.,.F.,(3,3),(0.,1.),.PIECEWISE_BEZIER_KNOTS.);
#2558 = CARTESIAN_POINT('',(28.518598726115,1.598025536757,
    6.144821718048));
#2559 = CARTESIAN_POINT('',(28.304585987261,1.515592146798,
    5.918337840529));
#2560 = CARTESIAN_POINT('',(28.304585987261,1.354646616933,
    5.476143631461));
#2561 = ORIENTED_EDGE('',*,*,#2315,.F.);
#2562 = ORIENTED_EDGE('',*,*,#2563,.F.);
#2563 = EDGE_CURVE('',#2532,#2316,#2564,.T.);
#2564 = B_SPLINE_CURVE_WITH_KNOTS('',2,(#2565,#2566,#2567),
  .UNSPECIFIED.,.F.,.F.,(3,3),(0.,1.),.PIECEWISE_BEZIER_KNOTS.);
#2565 = CARTESIAN_POINT('',(28.518598726115,2.349779633385,
    5.871205603388));
#2566 = CARTESIAN_POINT('',(28.304585987261,2.267346243427,
    5.644721725869));
#2567 = CARTESIAN_POINT('',(28.304585987261,2.106400713561,
    5.202527516801));
#2568 = SURFACE_OF_LINEAR_EXTRUSION('',#2569,#2573);
#2569 = B_SPLINE_CURVE_WITH_KNOTS('',2,(#2570,#2571,#2572),
  .UNSPECIFIED.,.F.,.F.,(3,3),(0.,1.),.PIECEWISE_BEZIER_KNOTS.);
#2570 = CARTESIAN_POINT('',(28.518598726115,2.349779633385,
    5.871205603388));
#2571 = CARTESIAN_POINT('',(28.304585987261,2.267346243427,
    5.644721725869));
#2572 = CARTESIAN_POINT('',(28.304585987261,2.106400713561,
    5.202527516801));
#2573 = VECTOR('',#2574,1.);
#2574 = DIRECTION('',(-0.,0.939692620786,-0.342020143326));
#2575 = ADVANCED_FACE('',(#2576),#2586,.T.);
#2576 = FACE_BOUND('',#2577,.F.);
#2577 = EDGE_LOOP('',(#2578,#2579,#2580,#2581,#2582,#2583,#2584,#2585));
#2578 = ORIENTED_EDGE('',*,*,#2341,.T.);
#2579 = ORIENTED_EDGE('',*,*,#2374,.T.);
#2580 = ORIENTED_EDGE('',*,*,#2407,.T.);
#2581 = ORIENTED_EDGE('',*,*,#2440,.T.);
#2582 = ORIENTED_EDGE('',*,*,#2473,.T.);
#2583 = ORIENTED_EDGE('',*,*,#2506,.T.);
#2584 = ORIENTED_EDGE('',*,*,#2539,.T.);
#2585 = ORIENTED_EDGE('',*,*,#2563,.T.);
#2586 = PLANE('',#2587);
#2587 = AXIS2_PLACEMENT_3D('',#2588,#2589,#2590);
#2588 = CARTESIAN_POINT('',(29.057476652354,2.085146071037,
    5.144130866405));
#2589 = DIRECTION('',(-0.,0.939692620786,-0.342020143326));
#2590 = DIRECTION('',(-1.,0.,0.));
#2591 = ADVANCED_FACE('',(#2592),#2602,.F.);
#2592 = FACE_BOUND('',#2593,.T.);
#2593 = EDGE_LOOP('',(#2594,#2595,#2596,#2597,#2598,#2599,#2600,#2601));
#2594 = ORIENTED_EDGE('',*,*,#2325,.T.);
#2595 = ORIENTED_EDGE('',*,*,#2358,.T.);
#2596 = ORIENTED_EDGE('',*,*,#2391,.T.);
#2597 = ORIENTED_EDGE('',*,*,#2424,.T.);
#2598 = ORIENTED_EDGE('',*,*,#2457,.T.);
#2599 = ORIENTED_EDGE('',*,*,#2490,.T.);
#2600 = ORIENTED_EDGE('',*,*,#2523,.T.);
#2601 = ORIENTED_EDGE('',*,*,#2556,.T.);
#2602 = PLANE('',#2603);
#2603 = AXIS2_PLACEMENT_3D('',#2604,#2605,#2606);
#2604 = CARTESIAN_POINT('',(29.057476652354,1.333391974408,
    5.417746981066));
#2605 = DIRECTION('',(-0.,0.939692620786,-0.342020143326));
#2606 = DIRECTION('',(-1.,0.,0.));
#2607 = ( GEOMETRIC_REPRESENTATION_CONTEXT(3) 
GLOBAL_UNCERTAINTY_ASSIGNED_CONTEXT((#2611)) 
GLOBAL_UNIT_ASSIGNED_CONTEXT((#2608,#2609,#2610)) REPRESENTATION_CONTEXT
('Context #1','3D Context with UNIT and UNCERTAINTY') );
#2608 = ( LENGTH_UNIT() NAMED_UNIT(*) SI_UNIT(.MILLI.,.METRE.) );
#2609 = ( NAMED_UNIT(*) PLANE_ANGLE_UNIT() SI_UNIT($,.RADIAN.) );
#2610 = ( NAMED_UNIT(*) SI_UNIT($,.STERADIAN.) SOLID_ANGLE_UNIT() );
#2611 = UNCERTAINTY_MEASURE_WITH_UNIT(LENGTH_MEASURE(1.E-07),#2608,
  'distance_accuracy_value','confusion accuracy');
#2612 = PRODUCT_RELATED_PRODUCT_CATEGORY('part',$,(#7));
ENDSEC;
END-ISO-10303-21;
