ISO-10303-21;
HEADER;
FILE_DESCRIPTION(('FreeCAD Model'),'2;1');
FILE_NAME('Open CASCADE Shape Model','2026-08-31T21:04:18',('FreeCAD'),(
    'FreeCAD'),'Open CASCADE STEP processor 7.8','FreeCAD','Unknown');
FILE_SCHEMA(('AUTOMOTIVE_DESIGN { 1 0 10303 214 1 1 1 1 }'));
ENDSEC;
DATA;
#1 = APPLICATION_PROTOCOL_DEFINITION('international standard',
  'automotive_design',2000,#2);
#2 = APPLICATION_CONTEXT(
  'core data for automotive mechanical design processes');
#3 = SHAPE_DEFINITION_REPRESENTATION(#4,#10);
#4 = PRODUCT_DEFINITION_SHAPE('','',#5);
#5 = PRODUCT_DEFINITION('design','',#6,#9);
#6 = PRODUCT_DEFINITION_FORMATION('','',#7);
#7 = PRODUCT('Open CASCADE STEP translator 7.8 56',
  'Open CASCADE STEP translator 7.8 56','',(#8));
#8 = PRODUCT_CONTEXT('',#2,'mechanical');
#9 = PRODUCT_DEFINITION_CONTEXT('part definition',#2,'design');
#10 = ADVANCED_BREP_SHAPE_REPRESENTATION('',(#11,#15),#2430);
#11 = AXIS2_PLACEMENT_3D('',#12,#13,#14);
#12 = CARTESIAN_POINT('',(0.,0.,0.));
#13 = DIRECTION('',(0.,0.,1.));
#14 = DIRECTION('',(1.,0.,-0.));
#15 = MANIFOLD_SOLID_BREP('',#16);
#16 = CLOSED_SHELL('',(#17,#57,#222,#246,#334,#798,#815,#832,#849,#866,
    #883,#900,#917,#949,#973,#997,#1022,#1047,#1071,#1095,#1113,#1130,
    #1163,#1189,#1215,#1241,#1267,#1293,#1319,#1345,#1371,#1397,#1423,
    #1449,#1475,#1501,#1527,#1546,#1577,#1601,#1625,#1642,#1673,#1697,
    #1723,#1749,#1773,#1799,#1825,#1851,#1875,#1892,#1923,#1947,#1971,
    #2003,#2027,#2051,#2076,#2101,#2125,#2149,#2167,#2184,#2340,#2352,
    #2370,#2382,#2398,#2414));
#17 = ADVANCED_FACE('',(#18),#52,.F.);
#18 = FACE_BOUND('',#19,.F.);
#19 = EDGE_LOOP('',(#20,#30,#38,#46));
#20 = ORIENTED_EDGE('',*,*,#21,.F.);
#21 = EDGE_CURVE('',#22,#24,#26,.T.);
#22 = VERTEX_POINT('',#23);
#23 = CARTESIAN_POINT('',(0.,3.639702342662,10.));
#24 = VERTEX_POINT('',#25);
#25 = CARTESIAN_POINT('',(0.,13.75,10.));
#26 = LINE('',#27,#28);
#27 = CARTESIAN_POINT('',(0.,0.,10.));
#28 = VECTOR('',#29,1.);
#29 = DIRECTION('',(0.,1.,0.));
#30 = ORIENTED_EDGE('',*,*,#31,.T.);
#31 = EDGE_CURVE('',#22,#32,#34,.T.);
#32 = VERTEX_POINT('',#33);
#33 = CARTESIAN_POINT('',(0.,0.,0.));
#34 = LINE('',#35,#36);
#35 = CARTESIAN_POINT('',(0.,0.,0.));
#36 = VECTOR('',#37,1.);
#37 = DIRECTION('',(0.,-0.342020143326,-0.939692620786));
#38 = ORIENTED_EDGE('',*,*,#39,.T.);
#39 = EDGE_CURVE('',#32,#40,#42,.T.);
#40 = VERTEX_POINT('',#41);
#41 = CARTESIAN_POINT('',(0.,13.75,0.));
#42 = LINE('',#43,#44);
#43 = CARTESIAN_POINT('',(0.,0.,0.));
#44 = VECTOR('',#45,1.);
#45 = DIRECTION('',(0.,1.,0.));
#46 = ORIENTED_EDGE('',*,*,#47,.T.);
#47 = EDGE_CURVE('',#40,#24,#48,.T.);
#48 = LINE('',#49,#50);
#49 = CARTESIAN_POINT('',(0.,13.75,-1.));
#50 = VECTOR('',#51,1.);
#51 = DIRECTION('',(0.,0.,1.));
#52 = PLANE('',#53);
#53 = AXIS2_PLACEMENT_3D('',#54,#55,#56);
#54 = CARTESIAN_POINT('',(0.,0.,0.));
#55 = DIRECTION('',(1.,0.,0.));
#56 = DIRECTION('',(0.,0.,1.));
#57 = ADVANCED_FACE('',(#58,#147),#217,.T.);
#58 = FACE_BOUND('',#59,.T.);
#59 = EDGE_LOOP('',(#60,#61,#69,#77,#85,#93,#101,#109,#117,#125,#133,
    #141));
#60 = ORIENTED_EDGE('',*,*,#21,.F.);
#61 = ORIENTED_EDGE('',*,*,#62,.T.);
#62 = EDGE_CURVE('',#22,#63,#65,.T.);
#63 = VERTEX_POINT('',#64);
#64 = CARTESIAN_POINT('',(43.,3.639702342662,10.));
#65 = LINE('',#66,#67);
#66 = CARTESIAN_POINT('',(-1.,3.639702342662,10.));
#67 = VECTOR('',#68,1.);
#68 = DIRECTION('',(1.,0.,0.));
#69 = ORIENTED_EDGE('',*,*,#70,.T.);
#70 = EDGE_CURVE('',#63,#71,#73,.T.);
#71 = VERTEX_POINT('',#72);
#72 = CARTESIAN_POINT('',(43.,13.875609756098,10.));
#73 = LINE('',#74,#75);
#74 = CARTESIAN_POINT('',(43.,0.,10.));
#75 = VECTOR('',#76,1.);
#76 = DIRECTION('',(0.,1.,0.));
#77 = ORIENTED_EDGE('',*,*,#78,.F.);
#78 = EDGE_CURVE('',#79,#71,#81,.T.);
#79 = VERTEX_POINT('',#80);
#80 = CARTESIAN_POINT('',(42.9,13.9,10.));
#81 = LINE('',#82,#83);
#82 = CARTESIAN_POINT('',(42.9,13.9,10.));
#83 = VECTOR('',#84,1.);
#84 = DIRECTION('',(0.971520338783,-0.236956180191,0.));
#85 = ORIENTED_EDGE('',*,*,#86,.F.);
#86 = EDGE_CURVE('',#87,#79,#89,.T.);
#87 = VERTEX_POINT('',#88);
#88 = CARTESIAN_POINT('',(42.9,17.9,10.));
#89 = LINE('',#90,#91);
#90 = CARTESIAN_POINT('',(42.9,17.9,10.));
#91 = VECTOR('',#92,1.);
#92 = DIRECTION('',(0.,-1.,0.));
#93 = ORIENTED_EDGE('',*,*,#94,.F.);
#94 = EDGE_CURVE('',#95,#87,#97,.T.);
#95 = VERTEX_POINT('',#96);
#96 = CARTESIAN_POINT('',(43.,17.924390243902,10.));
#97 = LINE('',#98,#99);
#98 = CARTESIAN_POINT('',(47.,18.9,10.));
#99 = VECTOR('',#100,1.);
#100 = DIRECTION('',(-0.971520338783,-0.236956180191,0.));
#101 = ORIENTED_EDGE('',*,*,#102,.T.);
#102 = EDGE_CURVE('',#95,#103,#105,.T.);
#103 = VERTEX_POINT('',#104);
#104 = CARTESIAN_POINT('',(43.,53.,10.));
#105 = LINE('',#106,#107);
#106 = CARTESIAN_POINT('',(43.,0.,10.));
#107 = VECTOR('',#108,1.);
#108 = DIRECTION('',(0.,1.,0.));
#109 = ORIENTED_EDGE('',*,*,#110,.F.);
#110 = EDGE_CURVE('',#111,#103,#113,.T.);
#111 = VERTEX_POINT('',#112);
#112 = CARTESIAN_POINT('',(0.,53.,10.));
#113 = LINE('',#114,#115);
#114 = CARTESIAN_POINT('',(0.,53.,10.));
#115 = VECTOR('',#116,1.);
#116 = DIRECTION('',(1.,0.,0.));
#117 = ORIENTED_EDGE('',*,*,#118,.F.);
#118 = EDGE_CURVE('',#119,#111,#121,.T.);
#119 = VERTEX_POINT('',#120);
#120 = CARTESIAN_POINT('',(0.,18.05,10.));
#121 = LINE('',#122,#123);
#122 = CARTESIAN_POINT('',(0.,0.,10.));
#123 = VECTOR('',#124,1.);
#124 = DIRECTION('',(0.,1.,0.));
#125 = ORIENTED_EDGE('',*,*,#126,.T.);
#126 = EDGE_CURVE('',#119,#127,#129,.T.);
#127 = VERTEX_POINT('',#128);
#128 = CARTESIAN_POINT('',(4.,19.05,10.));
#129 = LINE('',#130,#131);
#130 = CARTESIAN_POINT('',(-0.123529411765,18.019117647059,10.));
#131 = VECTOR('',#132,1.);
#132 = DIRECTION('',(0.970142500145,0.242535625036,0.));
#133 = ORIENTED_EDGE('',*,*,#134,.T.);
#134 = EDGE_CURVE('',#127,#135,#137,.T.);
#135 = VERTEX_POINT('',#136);
#136 = CARTESIAN_POINT('',(4.,12.75,10.));
#137 = LINE('',#138,#139);
#138 = CARTESIAN_POINT('',(4.,6.375,10.));
#139 = VECTOR('',#140,1.);
#140 = DIRECTION('',(0.,-1.,0.));
#141 = ORIENTED_EDGE('',*,*,#142,.T.);
#142 = EDGE_CURVE('',#135,#24,#143,.T.);
#143 = LINE('',#144,#145);
#144 = CARTESIAN_POINT('',(1.617647058824,13.345588235294,10.));
#145 = VECTOR('',#146,1.);
#146 = DIRECTION('',(-0.970142500145,0.242535625036,0.));
#147 = FACE_BOUND('',#148,.T.);
#148 = EDGE_LOOP('',(#149,#160,#168,#177,#185,#194,#202,#211));
#149 = ORIENTED_EDGE('',*,*,#150,.F.);
#150 = EDGE_CURVE('',#151,#153,#155,.T.);
#151 = VERTEX_POINT('',#152);
#152 = CARTESIAN_POINT('',(16.6,38.36,10.));
#153 = VERTEX_POINT('',#154);
#154 = CARTESIAN_POINT('',(16.,37.76,10.));
#155 = CIRCLE('',#156,0.6);
#156 = AXIS2_PLACEMENT_3D('',#157,#158,#159);
#157 = CARTESIAN_POINT('',(16.6,37.76,10.));
#158 = DIRECTION('',(0.,-0.,1.));
#159 = DIRECTION('',(0.,1.,0.));
#160 = ORIENTED_EDGE('',*,*,#161,.T.);
#161 = EDGE_CURVE('',#151,#162,#164,.T.);
#162 = VERTEX_POINT('',#163);
#163 = CARTESIAN_POINT('',(26.4,38.36,10.));
#164 = LINE('',#165,#166);
#165 = CARTESIAN_POINT('',(13.5,38.36,10.));
#166 = VECTOR('',#167,1.);
#167 = DIRECTION('',(1.,0.,0.));
#168 = ORIENTED_EDGE('',*,*,#169,.F.);
#169 = EDGE_CURVE('',#170,#162,#172,.T.);
#170 = VERTEX_POINT('',#171);
#171 = CARTESIAN_POINT('',(27.,37.76,10.));
#172 = CIRCLE('',#173,0.6);
#173 = AXIS2_PLACEMENT_3D('',#174,#175,#176);
#174 = CARTESIAN_POINT('',(26.4,37.76,10.));
#175 = DIRECTION('',(0.,-0.,1.));
#176 = DIRECTION('',(0.,1.,0.));
#177 = ORIENTED_EDGE('',*,*,#178,.T.);
#178 = EDGE_CURVE('',#170,#179,#181,.T.);
#179 = VERTEX_POINT('',#180);
#180 = CARTESIAN_POINT('',(27.,27.96,10.));
#181 = LINE('',#182,#183);
#182 = CARTESIAN_POINT('',(27.,13.68,10.));
#183 = VECTOR('',#184,1.);
#184 = DIRECTION('',(0.,-1.,0.));
#185 = ORIENTED_EDGE('',*,*,#186,.F.);
#186 = EDGE_CURVE('',#187,#179,#189,.T.);
#187 = VERTEX_POINT('',#188);
#188 = CARTESIAN_POINT('',(26.4,27.36,10.));
#189 = CIRCLE('',#190,0.6);
#190 = AXIS2_PLACEMENT_3D('',#191,#192,#193);
#191 = CARTESIAN_POINT('',(26.4,27.96,10.));
#192 = DIRECTION('',(-0.,0.,1.));
#193 = DIRECTION('',(0.,-1.,0.));
#194 = ORIENTED_EDGE('',*,*,#195,.T.);
#195 = EDGE_CURVE('',#187,#196,#198,.T.);
#196 = VERTEX_POINT('',#197);
#197 = CARTESIAN_POINT('',(16.6,27.36,10.));
#198 = LINE('',#199,#200);
#199 = CARTESIAN_POINT('',(8.,27.36,10.));
#200 = VECTOR('',#201,1.);
#201 = DIRECTION('',(-1.,0.,0.));
#202 = ORIENTED_EDGE('',*,*,#203,.F.);
#203 = EDGE_CURVE('',#204,#196,#206,.T.);
#204 = VERTEX_POINT('',#205);
#205 = CARTESIAN_POINT('',(16.,27.96,10.));
#206 = CIRCLE('',#207,0.6);
#207 = AXIS2_PLACEMENT_3D('',#208,#209,#210);
#208 = CARTESIAN_POINT('',(16.6,27.96,10.));
#209 = DIRECTION('',(0.,0.,1.));
#210 = DIRECTION('',(-1.,0.,0.));
#211 = ORIENTED_EDGE('',*,*,#212,.T.);
#212 = EDGE_CURVE('',#204,#153,#213,.T.);
#213 = LINE('',#214,#215);
#214 = CARTESIAN_POINT('',(16.,19.18,10.));
#215 = VECTOR('',#216,1.);
#216 = DIRECTION('',(0.,1.,0.));
#217 = PLANE('',#218);
#218 = AXIS2_PLACEMENT_3D('',#219,#220,#221);
#219 = CARTESIAN_POINT('',(0.,0.,10.));
#220 = DIRECTION('',(0.,0.,1.));
#221 = DIRECTION('',(1.,0.,0.));
#222 = ADVANCED_FACE('',(#223),#241,.T.);
#223 = FACE_BOUND('',#224,.T.);
#224 = EDGE_LOOP('',(#225,#233,#234,#235));
#225 = ORIENTED_EDGE('',*,*,#226,.T.);
#226 = EDGE_CURVE('',#227,#40,#229,.T.);
#227 = VERTEX_POINT('',#228);
#228 = CARTESIAN_POINT('',(4.,12.75,0.));
#229 = LINE('',#230,#231);
#230 = CARTESIAN_POINT('',(1.617647058824,13.345588235294,0.));
#231 = VECTOR('',#232,1.);
#232 = DIRECTION('',(-0.970142500145,0.242535625036,0.));
#233 = ORIENTED_EDGE('',*,*,#47,.T.);
#234 = ORIENTED_EDGE('',*,*,#142,.F.);
#235 = ORIENTED_EDGE('',*,*,#236,.F.);
#236 = EDGE_CURVE('',#227,#135,#237,.T.);
#237 = LINE('',#238,#239);
#238 = CARTESIAN_POINT('',(4.,12.75,-1.));
#239 = VECTOR('',#240,1.);
#240 = DIRECTION('',(0.,0.,1.));
#241 = PLANE('',#242);
#242 = AXIS2_PLACEMENT_3D('',#243,#244,#245);
#243 = CARTESIAN_POINT('',(0.,13.75,-1.));
#244 = DIRECTION('',(0.242535625036,0.970142500145,0.));
#245 = DIRECTION('',(0.970142500145,-0.242535625036,0.));
#246 = ADVANCED_FACE('',(#247),#329,.F.);
#247 = FACE_BOUND('',#248,.F.);
#248 = EDGE_LOOP('',(#249,#250,#258,#266,#274,#282,#290,#298,#306,#314,
    #322,#328));
#249 = ORIENTED_EDGE('',*,*,#39,.F.);
#250 = ORIENTED_EDGE('',*,*,#251,.T.);
#251 = EDGE_CURVE('',#32,#252,#254,.T.);
#252 = VERTEX_POINT('',#253);
#253 = CARTESIAN_POINT('',(43.,0.,0.));
#254 = LINE('',#255,#256);
#255 = CARTESIAN_POINT('',(0.,0.,0.));
#256 = VECTOR('',#257,1.);
#257 = DIRECTION('',(1.,0.,0.));
#258 = ORIENTED_EDGE('',*,*,#259,.T.);
#259 = EDGE_CURVE('',#252,#260,#262,.T.);
#260 = VERTEX_POINT('',#261);
#261 = CARTESIAN_POINT('',(43.,13.875609756098,0.));
#262 = LINE('',#263,#264);
#263 = CARTESIAN_POINT('',(43.,0.,0.));
#264 = VECTOR('',#265,1.);
#265 = DIRECTION('',(0.,1.,0.));
#266 = ORIENTED_EDGE('',*,*,#267,.F.);
#267 = EDGE_CURVE('',#268,#260,#270,.T.);
#268 = VERTEX_POINT('',#269);
#269 = CARTESIAN_POINT('',(42.9,13.9,0.));
#270 = LINE('',#271,#272);
#271 = CARTESIAN_POINT('',(42.9,13.9,0.));
#272 = VECTOR('',#273,1.);
#273 = DIRECTION('',(0.971520338783,-0.236956180191,0.));
#274 = ORIENTED_EDGE('',*,*,#275,.F.);
#275 = EDGE_CURVE('',#276,#268,#278,.T.);
#276 = VERTEX_POINT('',#277);
#277 = CARTESIAN_POINT('',(42.9,17.9,0.));
#278 = LINE('',#279,#280);
#279 = CARTESIAN_POINT('',(42.9,17.9,0.));
#280 = VECTOR('',#281,1.);
#281 = DIRECTION('',(0.,-1.,0.));
#282 = ORIENTED_EDGE('',*,*,#283,.F.);
#283 = EDGE_CURVE('',#284,#276,#286,.T.);
#284 = VERTEX_POINT('',#285);
#285 = CARTESIAN_POINT('',(43.,17.924390243902,0.));
#286 = LINE('',#287,#288);
#287 = CARTESIAN_POINT('',(47.,18.9,0.));
#288 = VECTOR('',#289,1.);
#289 = DIRECTION('',(-0.971520338783,-0.236956180191,0.));
#290 = ORIENTED_EDGE('',*,*,#291,.T.);
#291 = EDGE_CURVE('',#284,#292,#294,.T.);
#292 = VERTEX_POINT('',#293);
#293 = CARTESIAN_POINT('',(43.,53.,0.));
#294 = LINE('',#295,#296);
#295 = CARTESIAN_POINT('',(43.,0.,0.));
#296 = VECTOR('',#297,1.);
#297 = DIRECTION('',(0.,1.,0.));
#298 = ORIENTED_EDGE('',*,*,#299,.F.);
#299 = EDGE_CURVE('',#300,#292,#302,.T.);
#300 = VERTEX_POINT('',#301);
#301 = CARTESIAN_POINT('',(0.,53.,0.));
#302 = LINE('',#303,#304);
#303 = CARTESIAN_POINT('',(0.,53.,0.));
#304 = VECTOR('',#305,1.);
#305 = DIRECTION('',(1.,0.,0.));
#306 = ORIENTED_EDGE('',*,*,#307,.F.);
#307 = EDGE_CURVE('',#308,#300,#310,.T.);
#308 = VERTEX_POINT('',#309);
#309 = CARTESIAN_POINT('',(0.,18.05,0.));
#310 = LINE('',#311,#312);
#311 = CARTESIAN_POINT('',(0.,0.,0.));
#312 = VECTOR('',#313,1.);
#313 = DIRECTION('',(0.,1.,0.));
#314 = ORIENTED_EDGE('',*,*,#315,.T.);
#315 = EDGE_CURVE('',#308,#316,#318,.T.);
#316 = VERTEX_POINT('',#317);
#317 = CARTESIAN_POINT('',(4.,19.05,0.));
#318 = LINE('',#319,#320);
#319 = CARTESIAN_POINT('',(-0.123529411765,18.019117647059,0.));
#320 = VECTOR('',#321,1.);
#321 = DIRECTION('',(0.970142500145,0.242535625036,0.));
#322 = ORIENTED_EDGE('',*,*,#323,.T.);
#323 = EDGE_CURVE('',#316,#227,#324,.T.);
#324 = LINE('',#325,#326);
#325 = CARTESIAN_POINT('',(4.,6.375,0.));
#326 = VECTOR('',#327,1.);
#327 = DIRECTION('',(0.,-1.,0.));
#328 = ORIENTED_EDGE('',*,*,#226,.T.);
#329 = PLANE('',#330);
#330 = AXIS2_PLACEMENT_3D('',#331,#332,#333);
#331 = CARTESIAN_POINT('',(0.,0.,0.));
#332 = DIRECTION('',(0.,0.,1.));
#333 = DIRECTION('',(1.,0.,0.));
#334 = ADVANCED_FACE('',(#335,#346,#642,#676),#793,.T.);
#335 = FACE_BOUND('',#336,.T.);
#336 = EDGE_LOOP('',(#337,#338,#339,#345));
#337 = ORIENTED_EDGE('',*,*,#31,.T.);
#338 = ORIENTED_EDGE('',*,*,#251,.T.);
#339 = ORIENTED_EDGE('',*,*,#340,.F.);
#340 = EDGE_CURVE('',#63,#252,#341,.T.);
#341 = LINE('',#342,#343);
#342 = CARTESIAN_POINT('',(43.,0.,0.));
#343 = VECTOR('',#344,1.);
#344 = DIRECTION('',(0.,-0.342020143326,-0.939692620786));
#345 = ORIENTED_EDGE('',*,*,#62,.F.);
#346 = FACE_BOUND('',#347,.T.);
#347 = EDGE_LOOP('',(#348,#365,#380,#399,#418,#441,#460,#475,#490,#509,
    #524,#547,#570,#587,#610,#625));
#348 = ORIENTED_EDGE('',*,*,#349,.F.);
#349 = EDGE_CURVE('',#350,#352,#354,.T.);
#350 = VERTEX_POINT('',#351);
#351 = CARTESIAN_POINT('',(23.241910828025,2.475715391078,6.801972133982
    ));
#352 = VERTEX_POINT('',#353);
#353 = CARTESIAN_POINT('',(23.847770700637,2.309715805591,6.345892021218
    ));
#354 = B_SPLINE_CURVE_WITH_KNOTS('',5,(#355,#356,#357,#358,#359,#360,
    #361,#362,#363,#364),.UNSPECIFIED.,.F.,.F.,(6,4,6),(0.,
    0.490706336349,1.),.UNSPECIFIED.);
#355 = CARTESIAN_POINT('',(23.241910828025,2.475715391078,6.801972133982
    ));
#356 = CARTESIAN_POINT('',(23.280263376655,2.454318054409,6.743183434648
    ));
#357 = CARTESIAN_POINT('',(23.324420899296,2.434095120956,6.687621381631
    ));
#358 = CARTESIAN_POINT('',(23.374211331956,2.415130943856,6.63551773327)
  );
#359 = CARTESIAN_POINT('',(23.429295293128,2.397458767608,6.586963828076
    ));
#360 = CARTESIAN_POINT('',(23.551451476834,2.364075749475,6.495244739563
    ));
#361 = CARTESIAN_POINT('',(23.618904218997,2.348463181643,6.452349561986
    ));
#362 = CARTESIAN_POINT('',(23.69112174878,2.334235666645,6.413259785793)
  );
#363 = CARTESIAN_POINT('',(23.767571470802,2.321341994088,6.377834711589
    ));
#364 = CARTESIAN_POINT('',(23.847770700637,2.309715805591,6.345892021218
    ));
#365 = ORIENTED_EDGE('',*,*,#366,.F.);
#366 = EDGE_CURVE('',#367,#350,#369,.T.);
#367 = VERTEX_POINT('',#368);
#368 = CARTESIAN_POINT('',(23.052866242038,2.707417699639,7.43856899479)
  );
#369 = B_SPLINE_CURVE_WITH_KNOTS('',5,(#370,#371,#372,#373,#374,#375,
    #376,#377,#378,#379),.UNSPECIFIED.,.F.,.F.,(6,4,6),(0.,0.55848140517
    ,1.),.UNSPECIFIED.);
#370 = CARTESIAN_POINT('',(23.052866242038,2.707417699639,7.43856899479)
  );
#371 = CARTESIAN_POINT('',(23.052866242038,2.679592371197,7.362119533208
    ));
#372 = CARTESIAN_POINT('',(23.058628107209,2.652166960343,7.286768836166
    ));
#373 = CARTESIAN_POINT('',(23.070333247894,2.625226899196,7.212751626486
    ));
#374 = CARTESIAN_POINT('',(23.088056300331,2.59885341462,7.140291073141)
  );
#375 = CARTESIAN_POINT('',(23.13044199117,2.552776423057,7.013695579265)
  );
#376 = CARTESIAN_POINT('',(23.152874772632,2.532831869026,6.958898367425
    ));
#377 = CARTESIAN_POINT('',(23.178993247962,2.513322626034,6.905297162834
    ));
#378 = CARTESIAN_POINT('',(23.208713679759,2.494276732458,6.852969000298
    ));
#379 = CARTESIAN_POINT('',(23.241910828025,2.475715391078,6.801972133982
    ));
#380 = ORIENTED_EDGE('',*,*,#381,.F.);
#381 = EDGE_CURVE('',#382,#367,#384,.T.);
#382 = VERTEX_POINT('',#383);
#383 = CARTESIAN_POINT('',(23.490318471338,3.063031509808,8.415609908274
    ));
#384 = B_SPLINE_CURVE_WITH_KNOTS('',5,(#385,#386,#387,#388,#389,#390,
    #391,#392,#393,#394,#395,#396,#397,#398),.UNSPECIFIED.,.F.,.F.,(6,4,
    4,6),(0.,0.421527828333,0.808501276271,1.),.UNSPECIFIED.);
#385 = CARTESIAN_POINT('',(23.490318471338,3.063031509808,8.415609908274
    ));
#386 = CARTESIAN_POINT('',(23.417902586189,3.039792866317,8.351762260025
    ));
#387 = CARTESIAN_POINT('',(23.351716410241,3.014866987788,8.283278971608
    ));
#388 = CARTESIAN_POINT('',(23.292609635904,2.988269725413,8.210203593812
    ));
#389 = CARTESIAN_POINT('',(23.241271650779,2.96008848013,8.132776258745)
  );
#390 = CARTESIAN_POINT('',(23.158280095076,2.903398356174,7.97702142327)
  );
#391 = CARTESIAN_POINT('',(23.125346996355,2.875098295427,7.899267645397
    ));
#392 = CARTESIAN_POINT('',(23.099440231306,2.845790503335,7.818745148411
    ));
#393 = CARTESIAN_POINT('',(23.08043486865,2.815659477027,7.735960834004)
  );
#394 = CARTESIAN_POINT('',(23.061846954676,2.769670519371,7.6096072113)
  );
#395 = CARTESIAN_POINT('',(23.057302568384,2.754289872796,7.56734923214)
  );
#396 = CARTESIAN_POINT('',(23.054325621798,2.738774521491,7.524721154775
    ));
#397 = CARTESIAN_POINT('',(23.052866242038,2.723144395299,7.481777735999
    ));
#398 = CARTESIAN_POINT('',(23.052866242038,2.707417699639,7.43856899479)
  );
#399 = ORIENTED_EDGE('',*,*,#400,.F.);
#400 = EDGE_CURVE('',#401,#382,#403,.T.);
#401 = VERTEX_POINT('',#402);
#402 = CARTESIAN_POINT('',(24.734394904459,3.203499400519,8.801542266161
    ));
#403 = B_SPLINE_CURVE_WITH_KNOTS('',5,(#404,#405,#406,#407,#408,#409,
    #410,#411,#412,#413,#414,#415,#416,#417),.UNSPECIFIED.,.F.,.F.,(6,4,
    4,6),(0.,0.399894894789,0.717744277033,1.),.UNSPECIFIED.);
#404 = CARTESIAN_POINT('',(24.734394904459,3.203499400519,8.801542266161
    ));
#405 = CARTESIAN_POINT('',(24.620503444102,3.203499400519,8.801542266161
    ));
#406 = CARTESIAN_POINT('',(24.507894836185,3.2017478283,8.796729861042)
  );
#407 = CARTESIAN_POINT('',(24.396965960797,3.198042274929,8.786548936827
    ));
#408 = CARTESIAN_POINT('',(24.288340008747,3.192145637246,8.770348057945
    ));
#409 = CARTESIAN_POINT('',(24.098909079989,3.177258717618,8.729446582421
    ));
#410 = CARTESIAN_POINT('',(24.016970704149,3.169151591799,8.707172437298
    ));
#411 = CARTESIAN_POINT('',(23.937391189119,3.159429253156,8.68046053141)
  );
#412 = CARTESIAN_POINT('',(23.860650347542,3.148007376656,8.649079183638
    ));
#413 = CARTESIAN_POINT('',(23.722011214975,3.123197455972,8.580914486782
    ));
#414 = CARTESIAN_POINT('',(23.659407262452,3.110171860921,8.545126958504
    ));
#415 = CARTESIAN_POINT('',(23.599747742299,3.095778005497,8.505580165748
    ));
#416 = CARTESIAN_POINT('',(23.543318109203,3.080040027449,8.462340426431
    ));
#417 = CARTESIAN_POINT('',(23.490318471338,3.063031509808,8.415609908274
    ));
#418 = ORIENTED_EDGE('',*,*,#419,.F.);
#419 = EDGE_CURVE('',#420,#401,#422,.T.);
#420 = VERTEX_POINT('',#421);
#421 = CARTESIAN_POINT('',(25.974394904459,3.063031509808,8.415609908274
    ));
#422 = B_SPLINE_CURVE_WITH_KNOTS('',5,(#423,#424,#425,#426,#427,#428,
    #429,#430,#431,#432,#433,#434,#435,#436,#437,#438,#439,#440),
  .UNSPECIFIED.,.F.,.F.,(6,4,4,4,6),(0.,3.46539184538E-02,0.288030671769
    ,0.60941354855,1.),.UNSPECIFIED.);
#423 = CARTESIAN_POINT('',(25.974394904459,3.063031509808,8.415609908274
    ));
#424 = CARTESIAN_POINT('',(25.967865485996,3.065109977783,8.421320452103
    ));
#425 = CARTESIAN_POINT('',(25.961286076699,3.067169567033,8.426979127063
    ));
#426 = CARTESIAN_POINT('',(25.954657003493,3.069210150515,8.4325855841)
  );
#427 = CARTESIAN_POINT('',(25.947978615659,3.071231609419,8.438139496793
    ));
#428 = CARTESIAN_POINT('',(25.892063507029,3.087873359618,8.483862329686
    ));
#429 = CARTESIAN_POINT('',(25.84025715709,3.101485200775,8.521260555903)
  );
#430 = CARTESIAN_POINT('',(25.785983329528,3.114024064741,8.555710801514
    ));
#431 = CARTESIAN_POINT('',(25.729441931521,3.125474859425,8.587171601343
    ));
#432 = CARTESIAN_POINT('',(25.596565815385,3.148998495269,8.651802259648
    ));
#433 = CARTESIAN_POINT('',(25.518986008118,3.160414304785,8.683166938519
    ));
#434 = CARTESIAN_POINT('',(25.438589819053,3.170109081061,8.709803117424
    ));
#435 = CARTESIAN_POINT('',(25.355851850216,3.178165264674,8.731937299988
    ));
#436 = CARTESIAN_POINT('',(25.168274709748,3.192603945795,8.771607250333
    ));
#437 = CARTESIAN_POINT('',(25.062514671626,3.198252284507,8.787125933403
    ));
#438 = CARTESIAN_POINT('',(24.954602415737,3.201812502765,8.796907552673
    ));
#439 = CARTESIAN_POINT('',(24.845105348223,3.203499400519,8.801542266161
    ));
#440 = CARTESIAN_POINT('',(24.734394904459,3.203499400519,8.801542266161
    ));
#441 = ORIENTED_EDGE('',*,*,#442,.F.);
#442 = EDGE_CURVE('',#443,#420,#445,.T.);
#443 = VERTEX_POINT('',#444);
#444 = CARTESIAN_POINT('',(26.415923566879,2.707417699639,7.43856899479)
  );
#445 = B_SPLINE_CURVE_WITH_KNOTS('',5,(#446,#447,#448,#449,#450,#451,
    #452,#453,#454,#455,#456,#457,#458,#459),.UNSPECIFIED.,.F.,.F.,(6,4,
    4,6),(0.,0.189285920135,0.570224671646,1.),.UNSPECIFIED.);
#446 = CARTESIAN_POINT('',(26.415923566879,2.707417699639,7.43856899479)
  );
#447 = CARTESIAN_POINT('',(26.415923566879,2.722978515491,7.481321984971
    ));
#448 = CARTESIAN_POINT('',(26.414481491992,2.738444788728,7.523815221453
    ));
#449 = CARTESIAN_POINT('',(26.411540456705,2.753798645249,7.565999595548
    ));
#450 = CARTESIAN_POINT('',(26.407051817427,2.76902054169,7.6078214123));
#451 = CARTESIAN_POINT('',(26.388745897659,2.814415138581,7.732542042221
    ));
#452 = CARTESIAN_POINT('',(26.370084452465,2.844125258728,7.814169926456
    ));
#453 = CARTESIAN_POINT('',(26.344673381145,2.873036339019,7.893602466728
    ));
#454 = CARTESIAN_POINT('',(26.312394386013,2.900970235444,7.970350216391
    ));
#455 = CARTESIAN_POINT('',(26.229567878301,2.958012540733,8.127072662129
    ));
#456 = CARTESIAN_POINT('',(26.177195084806,2.986821836901,8.206225552821
    ));
#457 = CARTESIAN_POINT('',(26.116679429545,3.013975792074,8.280830431507
    ));
#458 = CARTESIAN_POINT('',(26.048773105161,3.039383514508,8.350637575172
    ));
#459 = CARTESIAN_POINT('',(25.974394904459,3.063031509808,8.415609908274
    ));
#460 = ORIENTED_EDGE('',*,*,#461,.F.);
#461 = EDGE_CURVE('',#462,#443,#464,.T.);
#462 = VERTEX_POINT('',#463);
#463 = CARTESIAN_POINT('',(26.213375796178,2.469179974326,6.784016224031
    ));
#464 = B_SPLINE_CURVE_WITH_KNOTS('',5,(#465,#466,#467,#468,#469,#470,
    #471,#472,#473,#474),.UNSPECIFIED.,.F.,.F.,(6,4,6),(0.,
    0.300245790372,1.),.UNSPECIFIED.);
#465 = CARTESIAN_POINT('',(26.213375796178,2.469179974326,6.784016224031
    ));
#466 = CARTESIAN_POINT('',(26.237749780531,2.481731751892,6.818501949468
    ));
#467 = CARTESIAN_POINT('',(26.260360527784,2.49458764243,6.853823218427)
  );
#468 = CARTESIAN_POINT('',(26.281164165506,2.507739157821,6.889956709996
    ));
#469 = CARTESIAN_POINT('',(26.300130193301,2.52117528128,6.926872155804)
  );
#470 = CARTESIAN_POINT('',(26.357121132226,2.56682849779,7.05230333729)
  );
#471 = CARTESIAN_POINT('',(26.386931918545,2.600250923393,7.144130696938
    ));
#472 = CARTESIAN_POINT('',(26.406443265314,2.634968757086,7.239517161062
    ));
#473 = CARTESIAN_POINT('',(26.415923566879,2.670766124243,7.337869619003
    ));
#474 = CARTESIAN_POINT('',(26.415923566879,2.707417699639,7.43856899479)
  );
#475 = ORIENTED_EDGE('',*,*,#476,.F.);
#476 = EDGE_CURVE('',#477,#462,#479,.T.);
#477 = VERTEX_POINT('',#478);
#478 = CARTESIAN_POINT('',(25.643949044586,2.309715805591,6.345892021218
    ));
#479 = B_SPLINE_CURVE_WITH_KNOTS('',5,(#480,#481,#482,#483,#484,#485,
    #486,#487,#488,#489),.UNSPECIFIED.,.F.,.F.,(6,4,6),(0.,
    0.779959099697,1.),.UNSPECIFIED.);
#480 = CARTESIAN_POINT('',(25.643949044586,2.309715805591,6.345892021218
    ));
#481 = CARTESIAN_POINT('',(25.755399083053,2.326471912602,6.39192904687)
  );
#482 = CARTESIAN_POINT('',(25.85930699415,2.346353673929,6.446553737175)
  );
#483 = CARTESIAN_POINT('',(25.954512150496,2.36948222117,6.510098898463)
  );
#484 = CARTESIAN_POINT('',(26.040032356861,2.395863756575,6.58258157128)
  );
#485 = CARTESIAN_POINT('',(26.136592971119,2.433592419636,6.686240221106
    ));
#486 = CARTESIAN_POINT('',(26.157028876049,2.44213703711,6.709716364674)
  );
#487 = CARTESIAN_POINT('',(26.176642406002,2.45092011875,6.733847683152)
  );
#488 = CARTESIAN_POINT('',(26.195426052935,2.459936463651,6.758619887174
    ));
#489 = CARTESIAN_POINT('',(26.213375796178,2.469179974326,6.784016224031
    ));
#490 = ORIENTED_EDGE('',*,*,#491,.F.);
#491 = EDGE_CURVE('',#492,#477,#494,.T.);
#492 = VERTEX_POINT('',#493);
#493 = CARTESIAN_POINT('',(26.352738853503,2.122541469829,5.831634760212
    ));
#494 = B_SPLINE_CURVE_WITH_KNOTS('',5,(#495,#496,#497,#498,#499,#500,
    #501,#502,#503,#504,#505,#506,#507,#508),.UNSPECIFIED.,.F.,.F.,(6,4,
    4,6),(0.,9.396641296749E-02,0.538978201809,1.),.UNSPECIFIED.);
#495 = CARTESIAN_POINT('',(26.352738853503,2.122541469829,5.831634760212
    ));
#496 = CARTESIAN_POINT('',(26.343430276444,2.127263543206,5.844608550188
    ));
#497 = CARTESIAN_POINT('',(26.333911850421,2.131933381408,5.857438825201
    ));
#498 = CARTESIAN_POINT('',(26.32418452028,2.136550236894,5.870123531395)
  );
#499 = CARTESIAN_POINT('',(26.314249468492,2.141113419169,5.882660771657
    ));
#500 = CARTESIAN_POINT('',(26.256080084233,2.166975699083,5.953716801738
    ));
#501 = CARTESIAN_POINT('',(26.203422760462,2.187112123391,6.009041172833
    ));
#502 = CARTESIAN_POINT('',(26.146292803591,2.205961048319,6.060828168452
    ));
#503 = CARTESIAN_POINT('',(26.084951509295,2.223491921829,6.108993847565
    ));
#504 = CARTESIAN_POINT('',(25.952162477501,2.256498843031,6.199679618252
    ));
#505 = CARTESIAN_POINT('',(25.8804259049,2.271879361805,6.241937246285)
  );
#506 = CARTESIAN_POINT('',(25.804881519922,2.285845729005,6.280309524798
    ));
#507 = CARTESIAN_POINT('',(25.725930227514,2.298438831313,6.31490878903)
  );
#508 = CARTESIAN_POINT('',(25.643949044586,2.309715805591,6.345892021218
    ));
#509 = ORIENTED_EDGE('',*,*,#510,.F.);
#510 = EDGE_CURVE('',#511,#492,#513,.T.);
#511 = VERTEX_POINT('',#512);
#512 = CARTESIAN_POINT('',(26.595541401274,1.838555827257,5.051390619794
    ));
#513 = B_SPLINE_CURVE_WITH_KNOTS('',5,(#514,#515,#516,#517,#518,#519,
    #520,#521,#522,#523),.UNSPECIFIED.,.F.,.F.,(6,4,6),(0.,
    0.734426191343,1.),.UNSPECIFIED.);
#514 = CARTESIAN_POINT('',(26.595541401274,1.838555827257,5.051390619794
    ));
#515 = CARTESIAN_POINT('',(26.595541401274,1.884383894959,5.177302200985
    ));
#516 = CARTESIAN_POINT('',(26.583237332647,1.929206070108,5.300450115095
    ));
#517 = CARTESIAN_POINT('',(26.557648585245,1.972641585565,5.419788213016
    ));
#518 = CARTESIAN_POINT('',(26.518234552913,2.014304667063,5.534256588659
    ));
#519 = CARTESIAN_POINT('',(26.446351789719,2.068176361918,5.682267853819
    ));
#520 = CARTESIAN_POINT('',(26.425510665818,2.082210031436,5.720825043933
    ));
#521 = CARTESIAN_POINT('',(26.402937989483,2.09595614406,5.758592177973)
  );
#522 = CARTESIAN_POINT('',(26.378665813965,2.109402990984,5.79553708626)
  );
#523 = CARTESIAN_POINT('',(26.352738853503,2.122541469829,5.831634760212
    ));
#524 = ORIENTED_EDGE('',*,*,#525,.F.);
#525 = EDGE_CURVE('',#526,#511,#528,.T.);
#526 = VERTEX_POINT('',#527);
#527 = CARTESIAN_POINT('',(26.10050955414,1.406608349431,3.864624678078)
  );
#528 = B_SPLINE_CURVE_WITH_KNOTS('',5,(#529,#530,#531,#532,#533,#534,
    #535,#536,#537,#538,#539,#540,#541,#542,#543,#544,#545,#546),
  .UNSPECIFIED.,.F.,.F.,(6,4,4,4,6),(0.,0.309103011166,0.530055897942,
    0.7562236746,1.),.UNSPECIFIED.);
#529 = CARTESIAN_POINT('',(26.10050955414,1.406608349431,3.864624678078)
  );
#530 = CARTESIAN_POINT('',(26.161945165303,1.427242064896,3.921315345398
    ));
#531 = CARTESIAN_POINT('',(26.21929660145,1.449061614023,3.981264063927)
  );
#532 = CARTESIAN_POINT('',(26.272156814669,1.472043726885,4.044406900067
    ));
#533 = CARTESIAN_POINT('',(26.320204180343,1.496131083082,4.110586367312
    ));
#534 = CARTESIAN_POINT('',(26.394037285216,1.53915108842,4.228782860562)
  );
#535 = CARTESIAN_POINT('',(26.422266237643,1.557596083541,4.279460068161
    ));
#536 = CARTESIAN_POINT('',(26.447882493089,1.576515859002,4.33144172402)
  );
#537 = CARTESIAN_POINT('',(26.470869109311,1.595867213472,4.384609133463
    ));
#538 = CARTESIAN_POINT('',(26.512107053421,1.635803981468,4.494334501738
    ));
#539 = CARTESIAN_POINT('',(26.530234488998,1.656408420742,4.550944733384
    ));
#540 = CARTESIAN_POINT('',(26.545653321475,1.677365783684,4.608524614838
    ));
#541 = CARTESIAN_POINT('',(26.55843301024,1.698626335564,4.666937501053)
  );
#542 = CARTESIAN_POINT('',(26.579696973494,1.74333619676,4.789776835116)
  );
#543 = CARTESIAN_POINT('',(26.587769467658,1.766827324457,4.854318178022
    ));
#544 = CARTESIAN_POINT('',(26.59300141047,1.790559798272,4.919522613936)
  );
#545 = CARTESIAN_POINT('',(26.595541401274,1.814483117837,4.98525139424)
  );
#546 = CARTESIAN_POINT('',(26.595541401274,1.838555827257,5.051390619794
    ));
#547 = ORIENTED_EDGE('',*,*,#548,.F.);
#548 = EDGE_CURVE('',#549,#526,#551,.T.);
#549 = VERTEX_POINT('',#550);
#550 = CARTESIAN_POINT('',(24.784076433121,1.240434486164,3.408065741049
    ));
#551 = B_SPLINE_CURVE_WITH_KNOTS('',5,(#552,#553,#554,#555,#556,#557,
    #558,#559,#560,#561,#562,#563,#564,#565,#566,#567,#568,#569),
  .UNSPECIFIED.,.F.,.F.,(6,4,4,4,6),(0.,0.292661844399,0.545046838153,
    0.790101001805,1.),.UNSPECIFIED.);
#552 = CARTESIAN_POINT('',(24.784076433121,1.240434486164,3.408065741049
    ));
#553 = CARTESIAN_POINT('',(24.871808773141,1.240434486164,3.408065741049
    ));
#554 = CARTESIAN_POINT('',(24.958911348006,1.241618619832,3.411319121563
    ));
#555 = CARTESIAN_POINT('',(25.045188515052,1.244078324197,3.418077103764
    ));
#556 = CARTESIAN_POINT('',(25.130383047628,1.247908243638,3.428599720946
    ));
#557 = CARTESIAN_POINT('',(25.286468423581,1.257735259018,3.455599223805
    ));
#558 = CARTESIAN_POINT('',(25.357714705313,1.263361577925,3.471057407955
    ));
#559 = CARTESIAN_POINT('',(25.427733447484,1.270112264697,3.489604767427
    ));
#560 = CARTESIAN_POINT('',(25.496306185711,1.27802511525,3.511345145645)
  );
#561 = CARTESIAN_POINT('',(25.628173549398,1.295936372767,3.560555921227
    ));
#562 = CARTESIAN_POINT('',(25.691566787927,1.305867933406,3.587842659824
    ));
#563 = CARTESIAN_POINT('',(25.753184778218,1.316918574422,3.618204046484
    ));
#564 = CARTESIAN_POINT('',(25.812841943012,1.329079113994,3.651614854367
    ));
#565 = CARTESIAN_POINT('',(25.919670962025,1.353649954337,3.719122683386
    ));
#566 = CARTESIAN_POINT('',(25.967408499801,1.365774691625,3.752435125302
    ));
#567 = CARTESIAN_POINT('',(26.013500070893,1.378666013073,3.787853739888
    ));
#568 = CARTESIAN_POINT('',(26.057880255478,1.392291042354,3.825288200175
    ));
#569 = CARTESIAN_POINT('',(26.10050955414,1.406608349431,3.864624678078)
  );
#570 = ORIENTED_EDGE('',*,*,#571,.F.);
#571 = EDGE_CURVE('',#572,#549,#574,.T.);
#572 = VERTEX_POINT('',#573);
#573 = CARTESIAN_POINT('',(23.511464968153,1.377852515725,3.785618674292
    ));
#574 = B_SPLINE_CURVE_WITH_KNOTS('',6,(#575,#576,#577,#578,#579,#580,
    #581,#582,#583,#584,#585,#586),.UNSPECIFIED.,.F.,.F.,(7,5,7),(0.,
    0.133432147779,1.),.UNSPECIFIED.);
#575 = CARTESIAN_POINT('',(23.511464968153,1.377852515725,3.785618674292
    ));
#576 = CARTESIAN_POINT('',(23.534795582501,1.371544879294,3.768288585628
    ));
#577 = CARTESIAN_POINT('',(23.558479922545,1.365402834237,3.751413455527
    ));
#578 = CARTESIAN_POINT('',(23.582512192905,1.359429219374,3.735001083577
    ));
#579 = CARTESIAN_POINT('',(23.606885792921,1.353626525815,3.719058314052
    ));
#580 = CARTESIAN_POINT('',(23.63159331665,1.347996896965,3.703591035906)
  );
#581 = CARTESIAN_POINT('',(23.819203548766,1.30711643049,3.591272877368)
  );
#582 = CARTESIAN_POINT('',(23.995598328397,1.279048265643,3.514156228248
    ));
#583 = CARTESIAN_POINT('',(24.183225451014,1.258920691038,3.458856171512
    ));
#584 = CARTESIAN_POINT('',(24.378990372108,1.24631034466,3.424209529587)
  );
#585 = CARTESIAN_POINT('',(24.580034487753,1.240434486164,3.408065741049
    ));
#586 = CARTESIAN_POINT('',(24.784076433121,1.240434486164,3.408065741049
    ));
#587 = ORIENTED_EDGE('',*,*,#588,.F.);
#588 = EDGE_CURVE('',#589,#572,#591,.T.);
#589 = VERTEX_POINT('',#590);
#590 = CARTESIAN_POINT('',(22.911464968153,1.822870827053,5.008296435911
    ));
#591 = B_SPLINE_CURVE_WITH_KNOTS('',5,(#592,#593,#594,#595,#596,#597,
    #598,#599,#600,#601,#602,#603,#604,#605,#606,#607,#608,#609),
  .UNSPECIFIED.,.F.,.F.,(6,4,4,4,6),(0.,0.214665840423,0.606801834634,
    0.873191397051,1.),.UNSPECIFIED.);
#592 = CARTESIAN_POINT('',(22.911464968153,1.822870827053,5.008296435911
    ));
#593 = CARTESIAN_POINT('',(22.911464968153,1.800354051122,4.946432102481
    ));
#594 = CARTESIAN_POINT('',(22.913842898359,1.777965150996,4.884919104938
    ));
#595 = CARTESIAN_POINT('',(22.918746187593,1.755743315208,4.823865112892
    ));
#596 = CARTESIAN_POINT('',(22.926320132997,1.733736936172,4.763403083406
    ));
#597 = CARTESIAN_POINT('',(22.955604563938,1.672296648765,4.594597281112
    ));
#598 = CARTESIAN_POINT('',(22.983832291339,1.633482007798,4.487954931509
    ));
#599 = CARTESIAN_POINT('',(23.022057888774,1.595930081814,4.384781862811
    ));
#600 = CARTESIAN_POINT('',(23.070605330963,1.56002688132,4.286138630169)
  );
#601 = CARTESIAN_POINT('',(23.168513663939,1.503044659537,4.12958126251)
  );
#602 = CARTESIAN_POINT('',(23.212631123279,1.480898223687,4.068734430089
    ));
#603 = CARTESIAN_POINT('',(23.261093386889,1.459753780309,4.010640549363
    ));
#604 = CARTESIAN_POINT('',(23.313604219904,1.439664789705,3.955446501299
    ));
#605 = CARTESIAN_POINT('',(23.396536782462,1.411603525739,3.878348812191
    ));
#606 = CARTESIAN_POINT('',(23.424117080447,1.402797462888,3.854154353354
    ));
#607 = CARTESIAN_POINT('',(23.452492219683,1.394237141268,3.830635062999
    ));
#608 = CARTESIAN_POINT('',(23.481621940936,1.385922697645,3.807791316889
    ));
#609 = CARTESIAN_POINT('',(23.511464968153,1.377852515725,3.785618674292
    ));
#610 = ORIENTED_EDGE('',*,*,#611,.F.);
#611 = EDGE_CURVE('',#612,#589,#614,.T.);
#612 = VERTEX_POINT('',#613);
#613 = CARTESIAN_POINT('',(23.136942675159,2.108773525206,5.793807643248
    ));
#614 = B_SPLINE_CURVE_WITH_KNOTS('',5,(#615,#616,#617,#618,#619,#620,
    #621,#622,#623,#624),.UNSPECIFIED.,.F.,.F.,(6,4,6),(0.,0.39696001981
    ,1.),.UNSPECIFIED.);
#615 = CARTESIAN_POINT('',(23.136942675159,2.108773525206,5.793807643248
    ));
#616 = CARTESIAN_POINT('',(23.101287187634,2.088186888979,5.737246325072
    ));
#617 = CARTESIAN_POINT('',(23.068977748557,2.067098513492,5.679306489608
    ));
#618 = CARTESIAN_POINT('',(23.040140414787,2.045532588533,5.620054597752
    ));
#619 = CARTESIAN_POINT('',(23.014861537258,2.023520410897,5.559576636746
    ));
#620 = CARTESIAN_POINT('',(22.960240051231,1.967044024118,5.404409039339
    ));
#621 = CARTESIAN_POINT('',(22.93559758813,1.932044706617,5.308249204806)
  );
#622 = CARTESIAN_POINT('',(22.919391823023,1.896245977783,5.209893005689
    ));
#623 = CARTESIAN_POINT('',(22.911464968153,1.859802215885,5.109764592796
    ));
#624 = CARTESIAN_POINT('',(22.911464968153,1.822870827053,5.008296435911
    ));
#625 = ORIENTED_EDGE('',*,*,#626,.F.);
#626 = EDGE_CURVE('',#352,#612,#627,.T.);
#627 = B_SPLINE_CURVE_WITH_KNOTS('',5,(#628,#629,#630,#631,#632,#633,
    #634,#635,#636,#637,#638,#639,#640,#641),.UNSPECIFIED.,.F.,.F.,(6,4,
    4,6),(0.,0.471160775132,0.92214953907,1.),.UNSPECIFIED.);
#628 = CARTESIAN_POINT('',(23.847770700637,2.309715805591,6.345892021218
    ));
#629 = CARTESIAN_POINT('',(23.761451182927,2.297147215456,6.311360103628
    ));
#630 = CARTESIAN_POINT('',(23.678629988889,2.283161563125,6.272934839654
    ));
#631 = CARTESIAN_POINT('',(23.599798177131,2.267684628809,6.230412312098
    ));
#632 = CARTESIAN_POINT('',(23.525502392728,2.250660257043,6.183638235089
    ));
#633 = CARTESIAN_POINT('',(23.389937981754,2.214310380134,6.083767769081
    ));
#634 = CARTESIAN_POINT('',(23.328241728186,2.195113090063,6.031023648097
    ));
#635 = CARTESIAN_POINT('',(23.271594330541,2.174498118299,5.974384478674
    ));
#636 = CARTESIAN_POINT('',(23.220344981089,2.152506594825,5.913963264508
    ));
#637 = CARTESIAN_POINT('',(23.166799920749,2.12521862437,5.83899018186)
  );
#638 = CARTESIAN_POINT('',(23.159083924991,2.121163387299,5.827848509578
    ));
#639 = CARTESIAN_POINT('',(23.151535233406,2.117070449187,5.816603254535
    ));
#640 = CARTESIAN_POINT('',(23.144154614012,2.112940315487,5.805255805456
    ));
#641 = CARTESIAN_POINT('',(23.136942675159,2.108773525206,5.793807643248
    ));
#642 = FACE_BOUND('',#643,.T.);
#643 = EDGE_LOOP('',(#644,#654,#662,#670));
#644 = ORIENTED_EDGE('',*,*,#645,.F.);
#645 = EDGE_CURVE('',#646,#648,#650,.T.);
#646 = VERTEX_POINT('',#647);
#647 = CARTESIAN_POINT('',(21.801401273885,3.220230067402,8.847509395637
    ));
#648 = VERTEX_POINT('',#649);
#649 = CARTESIAN_POINT('',(20.414140127389,1.240434486164,3.408065741049
    ));
#650 = LINE('',#651,#652);
#651 = CARTESIAN_POINT('',(19.421591415187,-0.176056965025,
    -0.483712535945));
#652 = VECTOR('',#653,1.);
#653 = DIRECTION('',(-0.233057266823,-0.332601938861,-0.913816316689));
#654 = ORIENTED_EDGE('',*,*,#655,.F.);
#655 = EDGE_CURVE('',#656,#646,#658,.T.);
#656 = VERTEX_POINT('',#657);
#657 = CARTESIAN_POINT('',(22.607770700637,3.220230067402,8.847509395637
    ));
#658 = LINE('',#659,#660);
#659 = CARTESIAN_POINT('',(10.400700636943,3.220230067402,8.847509395637
    ));
#660 = VECTOR('',#661,1.);
#661 = DIRECTION('',(-1.,0.,0.));
#662 = ORIENTED_EDGE('',*,*,#663,.F.);
#663 = EDGE_CURVE('',#664,#656,#666,.T.);
#664 = VERTEX_POINT('',#665);
#665 = CARTESIAN_POINT('',(21.205222929936,1.240434486164,3.408065741049
    ));
#666 = LINE('',#667,#668);
#667 = CARTESIAN_POINT('',(20.875812292404,0.775448024937,2.130525938475
    ));
#668 = VECTOR('',#669,1.);
#669 = DIRECTION('',(0.235483715343,0.332401953666,0.913266861879));
#670 = ORIENTED_EDGE('',*,*,#671,.F.);
#671 = EDGE_CURVE('',#648,#664,#672,.T.);
#672 = LINE('',#673,#674);
#673 = CARTESIAN_POINT('',(10.102611464968,1.240434486164,3.408065741049
    ));
#674 = VECTOR('',#675,1.);
#675 = DIRECTION('',(1.,0.,0.));
#676 = FACE_BOUND('',#677,.T.);
#677 = EDGE_LOOP('',(#678,#688,#696,#704,#719,#734,#749,#757,#772,#787)
  );
#678 = ORIENTED_EDGE('',*,*,#679,.F.);
#679 = EDGE_CURVE('',#680,#682,#684,.T.);
#680 = VERTEX_POINT('',#681);
#681 = CARTESIAN_POINT('',(16.404458598726,3.170038066751,8.709608007211
    ));
#682 = VERTEX_POINT('',#683);
#683 = CARTESIAN_POINT('',(16.404458598726,2.829847840116,7.774943041211
    ));
#684 = LINE('',#685,#686);
#685 = CARTESIAN_POINT('',(16.404458598726,1.414923920058,3.887471520606
    ));
#686 = VECTOR('',#687,1.);
#687 = DIRECTION('',(-0.,-0.342020143326,-0.939692620786));
#688 = ORIENTED_EDGE('',*,*,#689,.F.);
#689 = EDGE_CURVE('',#690,#680,#692,.T.);
#690 = VERTEX_POINT('',#691);
#691 = CARTESIAN_POINT('',(20.077070063694,3.170038066751,8.709608007211
    ));
#692 = LINE('',#693,#694);
#693 = CARTESIAN_POINT('',(7.702229299363,3.170038066751,8.709608007211)
  );
#694 = VECTOR('',#695,1.);
#695 = DIRECTION('',(-1.,0.,0.));
#696 = ORIENTED_EDGE('',*,*,#697,.F.);
#697 = EDGE_CURVE('',#698,#690,#700,.T.);
#698 = VERTEX_POINT('',#699);
#699 = CARTESIAN_POINT('',(20.077070063694,2.902347396612,7.974133935604
    ));
#700 = LINE('',#701,#702);
#701 = CARTESIAN_POINT('',(20.077070063694,1.585019033376,4.354804003605
    ));
#702 = VECTOR('',#703,1.);
#703 = DIRECTION('',(0.,0.342020143326,0.939692620786));
#704 = ORIENTED_EDGE('',*,*,#705,.F.);
#705 = EDGE_CURVE('',#706,#698,#708,.T.);
#706 = VERTEX_POINT('',#707);
#707 = CARTESIAN_POINT('',(19.152229299363,2.461773168675,6.763666192752
    ));
#708 = B_SPLINE_CURVE_WITH_KNOTS('',5,(#709,#710,#711,#712,#713,#714,
    #715,#716,#717,#718),.UNSPECIFIED.,.F.,.F.,(6,4,6),(0.,0.53652263867
    ,1.),.UNSPECIFIED.);
#709 = CARTESIAN_POINT('',(19.152229299363,2.461773168675,6.763666192752
    ));
#710 = CARTESIAN_POINT('',(19.239747312071,2.515246835358,6.910583884502
    ));
#711 = CARTESIAN_POINT('',(19.329834302544,2.567593086098,7.054404026402
    ));
#712 = CARTESIAN_POINT('',(19.422775592934,2.61862647929,7.194617121836)
  );
#713 = CARTESIAN_POINT('',(19.51886382422,2.668070741635,7.330464116151)
  );
#714 = CARTESIAN_POINT('',(19.704517711271,2.756512256224,7.573455180426
    ));
#715 = CARTESIAN_POINT('',(19.793173658735,2.796007086745,7.681966335466
    ));
#716 = CARTESIAN_POINT('',(19.884690965524,2.833751872901,7.785669283133
    ));
#717 = CARTESIAN_POINT('',(19.97927207007,2.869366984577,7.883520998255)
  );
#718 = CARTESIAN_POINT('',(20.077070063694,2.902347396612,7.974133935604
    ));
#719 = ORIENTED_EDGE('',*,*,#720,.F.);
#720 = EDGE_CURVE('',#721,#706,#723,.T.);
#721 = VERTEX_POINT('',#722);
#722 = CARTESIAN_POINT('',(18.435541401274,1.851452382979,5.086823615432
    ));
#723 = B_SPLINE_CURVE_WITH_KNOTS('',5,(#724,#725,#726,#727,#728,#729,
    #730,#731,#732,#733),.UNSPECIFIED.,.F.,.F.,(6,4,6),(0.,
    0.730780123927,1.),.UNSPECIFIED.);
#724 = CARTESIAN_POINT('',(18.435541401274,1.851452382979,5.086823615432
    ));
#725 = CARTESIAN_POINT('',(18.506902843091,1.944970720293,5.343763135507
    ));
#726 = CARTESIAN_POINT('',(18.590436397211,2.037230266001,5.597244154067
    ));
#727 = CARTESIAN_POINT('',(18.686310192844,2.127988107752,5.846599274916
    ));
#728 = CARTESIAN_POINT('',(18.794490087638,2.217013873978,6.091195557373
    ));
#729 = CARTESIAN_POINT('',(18.958963027909,2.336178532197,6.418597765026
    ));
#730 = CARTESIAN_POINT('',(19.004873381799,2.36799672122,6.506017520894)
  );
#731 = CARTESIAN_POINT('',(19.052400568298,2.399541383909,6.592685769338
    ));
#732 = CARTESIAN_POINT('',(19.101526532117,2.430803083775,6.678576583813
    ));
#733 = CARTESIAN_POINT('',(19.152229299363,2.461773168675,6.763666192752
    ));
#734 = ORIENTED_EDGE('',*,*,#735,.F.);
#735 = EDGE_CURVE('',#736,#721,#738,.T.);
#736 = VERTEX_POINT('',#737);
#737 = CARTESIAN_POINT('',(18.192993630573,1.273895819932,3.5));
#738 = B_SPLINE_CURVE_WITH_KNOTS('',5,(#739,#740,#741,#742,#743,#744,
    #745,#746,#747,#748),.UNSPECIFIED.,.F.,.F.,(6,4,6),(0.,
    0.476555297456,1.),.UNSPECIFIED.);
#739 = CARTESIAN_POINT('',(18.192993630573,1.273895819932,3.5));
#740 = CARTESIAN_POINT('',(18.192187736094,1.32753383539,3.647369236296)
  );
#741 = CARTESIAN_POINT('',(18.198355227935,1.381773758835,3.796392201194
    ));
#742 = CARTESIAN_POINT('',(18.210814794199,1.436445639815,3.946601959666
    ));
#743 = CARTESIAN_POINT('',(18.228940694672,1.491421754254,4.097647592697
    ));
#744 = CARTESIAN_POINT('',(18.277760101319,1.607248406905,4.415878705426
    ));
#745 = CARTESIAN_POINT('',(18.309512717976,1.668140557502,4.583178514212
    ));
#746 = CARTESIAN_POINT('',(18.346762084505,1.72918514035,4.750897127169)
  );
#747 = CARTESIAN_POINT('',(18.388929011693,1.790304220418,4.918820419554
    ));
#748 = CARTESIAN_POINT('',(18.435541401274,1.851452382979,5.086823615432
    ));
#749 = ORIENTED_EDGE('',*,*,#750,.F.);
#750 = EDGE_CURVE('',#751,#736,#753,.T.);
#751 = VERTEX_POINT('',#752);
#752 = CARTESIAN_POINT('',(17.157324840764,1.273895819932,3.5));
#753 = LINE('',#754,#755);
#754 = CARTESIAN_POINT('',(8.596496815287,1.273895819932,3.5));
#755 = VECTOR('',#756,1.);
#756 = DIRECTION('',(1.,0.,0.));
#757 = ORIENTED_EDGE('',*,*,#758,.F.);
#758 = EDGE_CURVE('',#759,#751,#761,.T.);
#759 = VERTEX_POINT('',#760);
#760 = CARTESIAN_POINT('',(17.636815286624,2.087947330492,5.736588143537
    ));
#761 = B_SPLINE_CURVE_WITH_KNOTS('',5,(#762,#763,#764,#765,#766,#767,
    #768,#769,#770,#771),.UNSPECIFIED.,.F.,.F.,(6,4,6),(0.,
    0.511250671703,1.),.UNSPECIFIED.);
#762 = CARTESIAN_POINT('',(17.636815286624,2.087947330492,5.736588143537
    ));
#763 = CARTESIAN_POINT('',(17.548876888195,2.0073647835,5.515189415275)
  );
#764 = CARTESIAN_POINT('',(17.469605937571,1.925889812661,5.291338772645
    ));
#765 = CARTESIAN_POINT('',(17.399680462493,1.843591446234,5.065225869227
    ));
#766 = CARTESIAN_POINT('',(17.339801276121,1.760576860769,4.837145170177
    ));
#767 = CARTESIAN_POINT('',(17.24351186187,1.597102189274,4.388002201593)
  );
#768 = CARTESIAN_POINT('',(17.206183585535,1.516688783534,4.167068185099
    ));
#769 = CARTESIAN_POINT('',(17.179118580215,1.435899301712,3.945100908064
    ));
#770 = CARTESIAN_POINT('',(17.162753520872,1.354901771564,3.722562022951
    ));
#771 = CARTESIAN_POINT('',(17.157324840764,1.273895819932,3.5));
#772 = ORIENTED_EDGE('',*,*,#773,.F.);
#773 = EDGE_CURVE('',#774,#759,#776,.T.);
#774 = VERTEX_POINT('',#775);
#775 = CARTESIAN_POINT('',(18.846496815287,2.829847840116,7.774943041211
    ));
#776 = B_SPLINE_CURVE_WITH_KNOTS('',5,(#777,#778,#779,#780,#781,#782,
    #783,#784,#785,#786),.UNSPECIFIED.,.F.,.F.,(6,4,6),(0.,
    0.495396503647,1.),.UNSPECIFIED.);
#777 = CARTESIAN_POINT('',(18.846496815287,2.829847840116,7.774943041211
    ));
#778 = CARTESIAN_POINT('',(18.693621255756,2.763794296017,7.593462420325
    ));
#779 = CARTESIAN_POINT('',(18.548670302715,2.695572093458,7.406023459288
    ));
#780 = CARTESIAN_POINT('',(18.411911977768,2.625322930596,7.213015470588
    ));
#781 = CARTESIAN_POINT('',(18.283460970843,2.553211285302,7.014890353463
    ));
#782 = CARTESIAN_POINT('',(18.040934763729,2.404249226052,6.60562045932)
  );
#783 = CARTESIAN_POINT('',(17.927167822588,2.327333575362,6.394296445846
    ));
#784 = CARTESIAN_POINT('',(17.822007331839,2.248855709349,6.178680281048
    ));
#785 = CARTESIAN_POINT('',(17.725300267247,2.169002156748,5.959284448415
    ));
#786 = CARTESIAN_POINT('',(17.636815286624,2.087947330492,5.736588143537
    ));
#787 = ORIENTED_EDGE('',*,*,#788,.F.);
#788 = EDGE_CURVE('',#682,#774,#789,.T.);
#789 = LINE('',#790,#791);
#790 = CARTESIAN_POINT('',(8.923248407643,2.829847840116,7.774943041211)
  );
#791 = VECTOR('',#792,1.);
#792 = DIRECTION('',(1.,0.,0.));
#793 = PLANE('',#794);
#794 = AXIS2_PLACEMENT_3D('',#795,#796,#797);
#795 = CARTESIAN_POINT('',(-1.,0.,0.));
#796 = DIRECTION('',(0.,-0.939692620786,0.342020143326));
#797 = DIRECTION('',(0.,0.342020143326,0.939692620786));
#798 = ADVANCED_FACE('',(#799),#810,.T.);
#799 = FACE_BOUND('',#800,.T.);
#800 = EDGE_LOOP('',(#801,#802,#803,#804));
#801 = ORIENTED_EDGE('',*,*,#323,.T.);
#802 = ORIENTED_EDGE('',*,*,#236,.T.);
#803 = ORIENTED_EDGE('',*,*,#134,.F.);
#804 = ORIENTED_EDGE('',*,*,#805,.F.);
#805 = EDGE_CURVE('',#316,#127,#806,.T.);
#806 = LINE('',#807,#808);
#807 = CARTESIAN_POINT('',(4.,19.05,-1.));
#808 = VECTOR('',#809,1.);
#809 = DIRECTION('',(0.,0.,1.));
#810 = PLANE('',#811);
#811 = AXIS2_PLACEMENT_3D('',#812,#813,#814);
#812 = CARTESIAN_POINT('',(4.,12.75,-1.));
#813 = DIRECTION('',(-1.,0.,0.));
#814 = DIRECTION('',(0.,1.,0.));
#815 = ADVANCED_FACE('',(#816),#827,.T.);
#816 = FACE_BOUND('',#817,.T.);
#817 = EDGE_LOOP('',(#818,#819,#820,#821));
#818 = ORIENTED_EDGE('',*,*,#315,.T.);
#819 = ORIENTED_EDGE('',*,*,#805,.T.);
#820 = ORIENTED_EDGE('',*,*,#126,.F.);
#821 = ORIENTED_EDGE('',*,*,#822,.F.);
#822 = EDGE_CURVE('',#308,#119,#823,.T.);
#823 = LINE('',#824,#825);
#824 = CARTESIAN_POINT('',(0.,18.05,-1.));
#825 = VECTOR('',#826,1.);
#826 = DIRECTION('',(0.,0.,1.));
#827 = PLANE('',#828);
#828 = AXIS2_PLACEMENT_3D('',#829,#830,#831);
#829 = CARTESIAN_POINT('',(4.,19.05,-1.));
#830 = DIRECTION('',(0.242535625036,-0.970142500145,0.));
#831 = DIRECTION('',(-0.970142500145,-0.242535625036,0.));
#832 = ADVANCED_FACE('',(#833),#844,.F.);
#833 = FACE_BOUND('',#834,.F.);
#834 = EDGE_LOOP('',(#835,#836,#837,#838));
#835 = ORIENTED_EDGE('',*,*,#118,.F.);
#836 = ORIENTED_EDGE('',*,*,#822,.F.);
#837 = ORIENTED_EDGE('',*,*,#307,.T.);
#838 = ORIENTED_EDGE('',*,*,#839,.T.);
#839 = EDGE_CURVE('',#300,#111,#840,.T.);
#840 = LINE('',#841,#842);
#841 = CARTESIAN_POINT('',(0.,53.,0.));
#842 = VECTOR('',#843,1.);
#843 = DIRECTION('',(0.,0.,1.));
#844 = PLANE('',#845);
#845 = AXIS2_PLACEMENT_3D('',#846,#847,#848);
#846 = CARTESIAN_POINT('',(0.,0.,0.));
#847 = DIRECTION('',(1.,0.,0.));
#848 = DIRECTION('',(0.,0.,1.));
#849 = ADVANCED_FACE('',(#850),#861,.T.);
#850 = FACE_BOUND('',#851,.T.);
#851 = EDGE_LOOP('',(#852,#853,#854,#855));
#852 = ORIENTED_EDGE('',*,*,#299,.F.);
#853 = ORIENTED_EDGE('',*,*,#839,.T.);
#854 = ORIENTED_EDGE('',*,*,#110,.T.);
#855 = ORIENTED_EDGE('',*,*,#856,.F.);
#856 = EDGE_CURVE('',#292,#103,#857,.T.);
#857 = LINE('',#858,#859);
#858 = CARTESIAN_POINT('',(43.,53.,0.));
#859 = VECTOR('',#860,1.);
#860 = DIRECTION('',(0.,0.,1.));
#861 = PLANE('',#862);
#862 = AXIS2_PLACEMENT_3D('',#863,#864,#865);
#863 = CARTESIAN_POINT('',(0.,53.,0.));
#864 = DIRECTION('',(0.,1.,0.));
#865 = DIRECTION('',(0.,0.,1.));
#866 = ADVANCED_FACE('',(#867),#878,.T.);
#867 = FACE_BOUND('',#868,.T.);
#868 = EDGE_LOOP('',(#869,#870,#876,#877));
#869 = ORIENTED_EDGE('',*,*,#102,.F.);
#870 = ORIENTED_EDGE('',*,*,#871,.T.);
#871 = EDGE_CURVE('',#95,#284,#872,.T.);
#872 = LINE('',#873,#874);
#873 = CARTESIAN_POINT('',(43.,17.924390243902,0.));
#874 = VECTOR('',#875,1.);
#875 = DIRECTION('',(0.,0.,-1.));
#876 = ORIENTED_EDGE('',*,*,#291,.T.);
#877 = ORIENTED_EDGE('',*,*,#856,.T.);
#878 = PLANE('',#879);
#879 = AXIS2_PLACEMENT_3D('',#880,#881,#882);
#880 = CARTESIAN_POINT('',(43.,0.,0.));
#881 = DIRECTION('',(1.,0.,0.));
#882 = DIRECTION('',(0.,0.,1.));
#883 = ADVANCED_FACE('',(#884),#895,.T.);
#884 = FACE_BOUND('',#885,.T.);
#885 = EDGE_LOOP('',(#886,#887,#893,#894));
#886 = ORIENTED_EDGE('',*,*,#78,.T.);
#887 = ORIENTED_EDGE('',*,*,#888,.T.);
#888 = EDGE_CURVE('',#71,#95,#889,.T.);
#889 = LINE('',#890,#891);
#890 = CARTESIAN_POINT('',(43.,0.,10.));
#891 = VECTOR('',#892,1.);
#892 = DIRECTION('',(0.,1.,0.));
#893 = ORIENTED_EDGE('',*,*,#94,.T.);
#894 = ORIENTED_EDGE('',*,*,#86,.T.);
#895 = PLANE('',#896);
#896 = AXIS2_PLACEMENT_3D('',#897,#898,#899);
#897 = CARTESIAN_POINT('',(0.,0.,10.));
#898 = DIRECTION('',(0.,0.,1.));
#899 = DIRECTION('',(1.,0.,0.));
#900 = ADVANCED_FACE('',(#901),#912,.T.);
#901 = FACE_BOUND('',#902,.T.);
#902 = EDGE_LOOP('',(#903,#904,#905,#906));
#903 = ORIENTED_EDGE('',*,*,#70,.F.);
#904 = ORIENTED_EDGE('',*,*,#340,.T.);
#905 = ORIENTED_EDGE('',*,*,#259,.T.);
#906 = ORIENTED_EDGE('',*,*,#907,.T.);
#907 = EDGE_CURVE('',#260,#71,#908,.T.);
#908 = LINE('',#909,#910);
#909 = CARTESIAN_POINT('',(43.,13.875609756098,0.));
#910 = VECTOR('',#911,1.);
#911 = DIRECTION('',(0.,0.,1.));
#912 = PLANE('',#913);
#913 = AXIS2_PLACEMENT_3D('',#914,#915,#916);
#914 = CARTESIAN_POINT('',(43.,0.,0.));
#915 = DIRECTION('',(1.,0.,0.));
#916 = DIRECTION('',(0.,0.,1.));
#917 = ADVANCED_FACE('',(#918),#944,.T.);
#918 = FACE_BOUND('',#919,.T.);
#919 = EDGE_LOOP('',(#920,#928,#929,#937));
#920 = ORIENTED_EDGE('',*,*,#921,.F.);
#921 = EDGE_CURVE('',#151,#922,#924,.T.);
#922 = VERTEX_POINT('',#923);
#923 = CARTESIAN_POINT('',(16.6,38.36,20.5));
#924 = LINE('',#925,#926);
#925 = CARTESIAN_POINT('',(16.6,38.36,9.9));
#926 = VECTOR('',#927,1.);
#927 = DIRECTION('',(0.,0.,1.));
#928 = ORIENTED_EDGE('',*,*,#150,.T.);
#929 = ORIENTED_EDGE('',*,*,#930,.T.);
#930 = EDGE_CURVE('',#153,#931,#933,.T.);
#931 = VERTEX_POINT('',#932);
#932 = CARTESIAN_POINT('',(16.,37.76,20.5));
#933 = LINE('',#934,#935);
#934 = CARTESIAN_POINT('',(16.,37.76,9.9));
#935 = VECTOR('',#936,1.);
#936 = DIRECTION('',(0.,0.,1.));
#937 = ORIENTED_EDGE('',*,*,#938,.F.);
#938 = EDGE_CURVE('',#922,#931,#939,.T.);
#939 = CIRCLE('',#940,0.6);
#940 = AXIS2_PLACEMENT_3D('',#941,#942,#943);
#941 = CARTESIAN_POINT('',(16.6,37.76,20.5));
#942 = DIRECTION('',(0.,-0.,1.));
#943 = DIRECTION('',(0.,1.,0.));
#944 = CYLINDRICAL_SURFACE('',#945,0.6);
#945 = AXIS2_PLACEMENT_3D('',#946,#947,#948);
#946 = CARTESIAN_POINT('',(16.6,37.76,9.9));
#947 = DIRECTION('',(0.,0.,1.));
#948 = DIRECTION('',(0.,1.,0.));
#949 = ADVANCED_FACE('',(#950),#968,.F.);
#950 = FACE_BOUND('',#951,.F.);
#951 = EDGE_LOOP('',(#952,#953,#961,#967));
#952 = ORIENTED_EDGE('',*,*,#161,.T.);
#953 = ORIENTED_EDGE('',*,*,#954,.T.);
#954 = EDGE_CURVE('',#162,#955,#957,.T.);
#955 = VERTEX_POINT('',#956);
#956 = CARTESIAN_POINT('',(26.4,38.36,20.5));
#957 = LINE('',#958,#959);
#958 = CARTESIAN_POINT('',(26.4,38.36,9.9));
#959 = VECTOR('',#960,1.);
#960 = DIRECTION('',(0.,0.,1.));
#961 = ORIENTED_EDGE('',*,*,#962,.T.);
#962 = EDGE_CURVE('',#955,#922,#963,.T.);
#963 = LINE('',#964,#965);
#964 = CARTESIAN_POINT('',(26.4,38.36,20.5));
#965 = VECTOR('',#966,1.);
#966 = DIRECTION('',(-1.,0.,0.));
#967 = ORIENTED_EDGE('',*,*,#921,.F.);
#968 = PLANE('',#969);
#969 = AXIS2_PLACEMENT_3D('',#970,#971,#972);
#970 = CARTESIAN_POINT('',(27.,38.36,9.9));
#971 = DIRECTION('',(0.,-1.,0.));
#972 = DIRECTION('',(-1.,0.,0.));
#973 = ADVANCED_FACE('',(#974),#992,.F.);
#974 = FACE_BOUND('',#975,.F.);
#975 = EDGE_LOOP('',(#976,#977,#978,#986));
#976 = ORIENTED_EDGE('',*,*,#212,.T.);
#977 = ORIENTED_EDGE('',*,*,#930,.T.);
#978 = ORIENTED_EDGE('',*,*,#979,.T.);
#979 = EDGE_CURVE('',#931,#980,#982,.T.);
#980 = VERTEX_POINT('',#981);
#981 = CARTESIAN_POINT('',(16.,27.96,20.5));
#982 = LINE('',#983,#984);
#983 = CARTESIAN_POINT('',(16.,37.76,20.5));
#984 = VECTOR('',#985,1.);
#985 = DIRECTION('',(0.,-1.,0.));
#986 = ORIENTED_EDGE('',*,*,#987,.F.);
#987 = EDGE_CURVE('',#204,#980,#988,.T.);
#988 = LINE('',#989,#990);
#989 = CARTESIAN_POINT('',(16.,27.96,9.9));
#990 = VECTOR('',#991,1.);
#991 = DIRECTION('',(0.,0.,1.));
#992 = PLANE('',#993);
#993 = AXIS2_PLACEMENT_3D('',#994,#995,#996);
#994 = CARTESIAN_POINT('',(16.,38.36,9.9));
#995 = DIRECTION('',(1.,0.,0.));
#996 = DIRECTION('',(0.,-1.,0.));
#997 = ADVANCED_FACE('',(#998),#1017,.T.);
#998 = FACE_BOUND('',#999,.F.);
#999 = EDGE_LOOP('',(#1000,#1001,#1002,#1010));
#1000 = ORIENTED_EDGE('',*,*,#954,.F.);
#1001 = ORIENTED_EDGE('',*,*,#169,.F.);
#1002 = ORIENTED_EDGE('',*,*,#1003,.T.);
#1003 = EDGE_CURVE('',#170,#1004,#1006,.T.);
#1004 = VERTEX_POINT('',#1005);
#1005 = CARTESIAN_POINT('',(27.,37.76,20.5));
#1006 = LINE('',#1007,#1008);
#1007 = CARTESIAN_POINT('',(27.,37.76,9.9));
#1008 = VECTOR('',#1009,1.);
#1009 = DIRECTION('',(0.,0.,1.));
#1010 = ORIENTED_EDGE('',*,*,#1011,.T.);
#1011 = EDGE_CURVE('',#1004,#955,#1012,.T.);
#1012 = CIRCLE('',#1013,0.6);
#1013 = AXIS2_PLACEMENT_3D('',#1014,#1015,#1016);
#1014 = CARTESIAN_POINT('',(26.4,37.76,20.5));
#1015 = DIRECTION('',(0.,0.,1.));
#1016 = DIRECTION('',(1.,0.,0.));
#1017 = CYLINDRICAL_SURFACE('',#1018,0.6);
#1018 = AXIS2_PLACEMENT_3D('',#1019,#1020,#1021);
#1019 = CARTESIAN_POINT('',(26.4,37.76,9.9));
#1020 = DIRECTION('',(0.,0.,1.));
#1021 = DIRECTION('',(0.,1.,0.));
#1022 = ADVANCED_FACE('',(#1023),#1042,.T.);
#1023 = FACE_BOUND('',#1024,.T.);
#1024 = EDGE_LOOP('',(#1025,#1026,#1027,#1035));
#1025 = ORIENTED_EDGE('',*,*,#987,.F.);
#1026 = ORIENTED_EDGE('',*,*,#203,.T.);
#1027 = ORIENTED_EDGE('',*,*,#1028,.T.);
#1028 = EDGE_CURVE('',#196,#1029,#1031,.T.);
#1029 = VERTEX_POINT('',#1030);
#1030 = CARTESIAN_POINT('',(16.6,27.36,20.5));
#1031 = LINE('',#1032,#1033);
#1032 = CARTESIAN_POINT('',(16.6,27.36,9.9));
#1033 = VECTOR('',#1034,1.);
#1034 = DIRECTION('',(0.,0.,1.));
#1035 = ORIENTED_EDGE('',*,*,#1036,.F.);
#1036 = EDGE_CURVE('',#980,#1029,#1037,.T.);
#1037 = CIRCLE('',#1038,0.6);
#1038 = AXIS2_PLACEMENT_3D('',#1039,#1040,#1041);
#1039 = CARTESIAN_POINT('',(16.6,27.96,20.5));
#1040 = DIRECTION('',(0.,0.,1.));
#1041 = DIRECTION('',(-1.,0.,0.));
#1042 = CYLINDRICAL_SURFACE('',#1043,0.6);
#1043 = AXIS2_PLACEMENT_3D('',#1044,#1045,#1046);
#1044 = CARTESIAN_POINT('',(16.6,27.96,9.9));
#1045 = DIRECTION('',(0.,0.,1.));
#1046 = DIRECTION('',(-1.,0.,0.));
#1047 = ADVANCED_FACE('',(#1048),#1066,.F.);
#1048 = FACE_BOUND('',#1049,.F.);
#1049 = EDGE_LOOP('',(#1050,#1051,#1059,#1065));
#1050 = ORIENTED_EDGE('',*,*,#178,.T.);
#1051 = ORIENTED_EDGE('',*,*,#1052,.T.);
#1052 = EDGE_CURVE('',#179,#1053,#1055,.T.);
#1053 = VERTEX_POINT('',#1054);
#1054 = CARTESIAN_POINT('',(27.,27.96,20.5));
#1055 = LINE('',#1056,#1057);
#1056 = CARTESIAN_POINT('',(27.,27.96,9.9));
#1057 = VECTOR('',#1058,1.);
#1058 = DIRECTION('',(0.,0.,1.));
#1059 = ORIENTED_EDGE('',*,*,#1060,.T.);
#1060 = EDGE_CURVE('',#1053,#1004,#1061,.T.);
#1061 = LINE('',#1062,#1063);
#1062 = CARTESIAN_POINT('',(27.,27.96,20.5));
#1063 = VECTOR('',#1064,1.);
#1064 = DIRECTION('',(0.,1.,0.));
#1065 = ORIENTED_EDGE('',*,*,#1003,.F.);
#1066 = PLANE('',#1067);
#1067 = AXIS2_PLACEMENT_3D('',#1068,#1069,#1070);
#1068 = CARTESIAN_POINT('',(27.,27.36,9.9));
#1069 = DIRECTION('',(-1.,0.,0.));
#1070 = DIRECTION('',(0.,1.,0.));
#1071 = ADVANCED_FACE('',(#1072),#1090,.F.);
#1072 = FACE_BOUND('',#1073,.F.);
#1073 = EDGE_LOOP('',(#1074,#1075,#1076,#1084));
#1074 = ORIENTED_EDGE('',*,*,#195,.T.);
#1075 = ORIENTED_EDGE('',*,*,#1028,.T.);
#1076 = ORIENTED_EDGE('',*,*,#1077,.T.);
#1077 = EDGE_CURVE('',#1029,#1078,#1080,.T.);
#1078 = VERTEX_POINT('',#1079);
#1079 = CARTESIAN_POINT('',(26.4,27.36,20.5));
#1080 = LINE('',#1081,#1082);
#1081 = CARTESIAN_POINT('',(16.6,27.36,20.5));
#1082 = VECTOR('',#1083,1.);
#1083 = DIRECTION('',(1.,0.,0.));
#1084 = ORIENTED_EDGE('',*,*,#1085,.F.);
#1085 = EDGE_CURVE('',#187,#1078,#1086,.T.);
#1086 = LINE('',#1087,#1088);
#1087 = CARTESIAN_POINT('',(26.4,27.36,9.9));
#1088 = VECTOR('',#1089,1.);
#1089 = DIRECTION('',(0.,0.,1.));
#1090 = PLANE('',#1091);
#1091 = AXIS2_PLACEMENT_3D('',#1092,#1093,#1094);
#1092 = CARTESIAN_POINT('',(16.,27.36,9.9));
#1093 = DIRECTION('',(0.,1.,0.));
#1094 = DIRECTION('',(1.,0.,0.));
#1095 = ADVANCED_FACE('',(#1096),#1108,.T.);
#1096 = FACE_BOUND('',#1097,.T.);
#1097 = EDGE_LOOP('',(#1098,#1099,#1100,#1101));
#1098 = ORIENTED_EDGE('',*,*,#1085,.F.);
#1099 = ORIENTED_EDGE('',*,*,#186,.T.);
#1100 = ORIENTED_EDGE('',*,*,#1052,.T.);
#1101 = ORIENTED_EDGE('',*,*,#1102,.F.);
#1102 = EDGE_CURVE('',#1078,#1053,#1103,.T.);
#1103 = CIRCLE('',#1104,0.6);
#1104 = AXIS2_PLACEMENT_3D('',#1105,#1106,#1107);
#1105 = CARTESIAN_POINT('',(26.4,27.96,20.5));
#1106 = DIRECTION('',(-0.,0.,1.));
#1107 = DIRECTION('',(0.,-1.,0.));
#1108 = CYLINDRICAL_SURFACE('',#1109,0.6);
#1109 = AXIS2_PLACEMENT_3D('',#1110,#1111,#1112);
#1110 = CARTESIAN_POINT('',(26.4,27.96,9.9));
#1111 = DIRECTION('',(0.,0.,1.));
#1112 = DIRECTION('',(0.,-1.,0.));
#1113 = ADVANCED_FACE('',(#1114),#1125,.F.);
#1114 = FACE_BOUND('',#1115,.F.);
#1115 = EDGE_LOOP('',(#1116,#1117,#1123,#1124));
#1116 = ORIENTED_EDGE('',*,*,#267,.T.);
#1117 = ORIENTED_EDGE('',*,*,#1118,.T.);
#1118 = EDGE_CURVE('',#260,#284,#1119,.T.);
#1119 = LINE('',#1120,#1121);
#1120 = CARTESIAN_POINT('',(43.,0.,0.));
#1121 = VECTOR('',#1122,1.);
#1122 = DIRECTION('',(0.,1.,0.));
#1123 = ORIENTED_EDGE('',*,*,#283,.T.);
#1124 = ORIENTED_EDGE('',*,*,#275,.T.);
#1125 = PLANE('',#1126);
#1126 = AXIS2_PLACEMENT_3D('',#1127,#1128,#1129);
#1127 = CARTESIAN_POINT('',(0.,0.,0.));
#1128 = DIRECTION('',(0.,0.,1.));
#1129 = DIRECTION('',(1.,0.,0.));
#1130 = ADVANCED_FACE('',(#1131),#1156,.T.);
#1131 = FACE_BOUND('',#1132,.T.);
#1132 = EDGE_LOOP('',(#1133,#1134,#1142,#1150));
#1133 = ORIENTED_EDGE('',*,*,#349,.T.);
#1134 = ORIENTED_EDGE('',*,*,#1135,.T.);
#1135 = EDGE_CURVE('',#352,#1136,#1138,.T.);
#1136 = VERTEX_POINT('',#1137);
#1137 = CARTESIAN_POINT('',(23.847770700637,1.745900233119,
    6.551104107214));
#1138 = LINE('',#1139,#1140);
#1139 = CARTESIAN_POINT('',(23.847770700637,2.497654329748,
    6.277487992553));
#1140 = VECTOR('',#1141,1.);
#1141 = DIRECTION('',(0.,-0.939692620786,0.342020143326));
#1142 = ORIENTED_EDGE('',*,*,#1143,.T.);
#1143 = EDGE_CURVE('',#1136,#1144,#1146,.T.);
#1144 = VERTEX_POINT('',#1145);
#1145 = CARTESIAN_POINT('',(23.241910828025,1.911899818606,
    7.007184219977));
#1146 = B_SPLINE_CURVE_WITH_KNOTS('',2,(#1147,#1148,#1149),
  .UNSPECIFIED.,.F.,.F.,(3,3),(0.,1.),.PIECEWISE_BEZIER_KNOTS.);
#1147 = CARTESIAN_POINT('',(23.847770700637,1.745900233119,
    6.551104107214));
#1148 = CARTESIAN_POINT('',(23.431210191083,1.806287483903,
    6.717016715164));
#1149 = CARTESIAN_POINT('',(23.241910828025,1.911899818606,
    7.007184219977));
#1150 = ORIENTED_EDGE('',*,*,#1151,.F.);
#1151 = EDGE_CURVE('',#350,#1144,#1152,.T.);
#1152 = LINE('',#1153,#1154);
#1153 = CARTESIAN_POINT('',(23.241910828025,2.663653915235,
    6.733568105317));
#1154 = VECTOR('',#1155,1.);
#1155 = DIRECTION('',(0.,-0.939692620786,0.342020143326));
#1156 = SURFACE_OF_LINEAR_EXTRUSION('',#1157,#1161);
#1157 = B_SPLINE_CURVE_WITH_KNOTS('',2,(#1158,#1159,#1160),
  .UNSPECIFIED.,.F.,.F.,(3,3),(0.,1.),.PIECEWISE_BEZIER_KNOTS.);
#1158 = CARTESIAN_POINT('',(23.847770700637,2.497654329748,
    6.277487992553));
#1159 = CARTESIAN_POINT('',(23.431210191083,2.558041580531,
    6.443400600503));
#1160 = CARTESIAN_POINT('',(23.241910828025,2.663653915235,
    6.733568105317));
#1161 = VECTOR('',#1162,1.);
#1162 = DIRECTION('',(-0.,0.939692620786,-0.342020143326));
#1163 = ADVANCED_FACE('',(#1164),#1182,.T.);
#1164 = FACE_BOUND('',#1165,.T.);
#1165 = EDGE_LOOP('',(#1166,#1167,#1175,#1181));
#1166 = ORIENTED_EDGE('',*,*,#626,.T.);
#1167 = ORIENTED_EDGE('',*,*,#1168,.T.);
#1168 = EDGE_CURVE('',#612,#1169,#1171,.T.);
#1169 = VERTEX_POINT('',#1170);
#1170 = CARTESIAN_POINT('',(23.136942675159,1.544957952735,
    5.999019729244));
#1171 = LINE('',#1172,#1173);
#1172 = CARTESIAN_POINT('',(23.136942675159,2.296712049364,
    5.725403614583));
#1173 = VECTOR('',#1174,1.);
#1174 = DIRECTION('',(0.,-0.939692620786,0.342020143326));
#1175 = ORIENTED_EDGE('',*,*,#1176,.T.);
#1176 = EDGE_CURVE('',#1169,#1136,#1177,.T.);
#1177 = B_SPLINE_CURVE_WITH_KNOTS('',2,(#1178,#1179,#1180),
  .UNSPECIFIED.,.F.,.F.,(3,3),(0.,1.),.PIECEWISE_BEZIER_KNOTS.);
#1178 = CARTESIAN_POINT('',(23.136942675159,1.544957952735,
    5.999019729244));
#1179 = CARTESIAN_POINT('',(23.362420382166,1.675230593314,
    6.356940867607));
#1180 = CARTESIAN_POINT('',(23.847770700637,1.745900233119,
    6.551104107214));
#1181 = ORIENTED_EDGE('',*,*,#1135,.F.);
#1182 = SURFACE_OF_LINEAR_EXTRUSION('',#1183,#1187);
#1183 = B_SPLINE_CURVE_WITH_KNOTS('',2,(#1184,#1185,#1186),
  .UNSPECIFIED.,.F.,.F.,(3,3),(0.,1.),.PIECEWISE_BEZIER_KNOTS.);
#1184 = CARTESIAN_POINT('',(23.136942675159,2.296712049364,
    5.725403614583));
#1185 = CARTESIAN_POINT('',(23.362420382166,2.426984689942,
    6.083324752946));
#1186 = CARTESIAN_POINT('',(23.847770700637,2.497654329748,
    6.277487992553));
#1187 = VECTOR('',#1188,1.);
#1188 = DIRECTION('',(-0.,0.939692620786,-0.342020143326));
#1189 = ADVANCED_FACE('',(#1190),#1208,.T.);
#1190 = FACE_BOUND('',#1191,.T.);
#1191 = EDGE_LOOP('',(#1192,#1193,#1201,#1207));
#1192 = ORIENTED_EDGE('',*,*,#611,.T.);
#1193 = ORIENTED_EDGE('',*,*,#1194,.T.);
#1194 = EDGE_CURVE('',#589,#1195,#1197,.T.);
#1195 = VERTEX_POINT('',#1196);
#1196 = CARTESIAN_POINT('',(22.911464968153,1.259055254582,
    5.213508521907));
#1197 = LINE('',#1198,#1199);
#1198 = CARTESIAN_POINT('',(22.911464968153,2.01080935121,4.939892407246
    ));
#1199 = VECTOR('',#1200,1.);
#1200 = DIRECTION('',(0.,-0.939692620786,0.342020143326));
#1201 = ORIENTED_EDGE('',*,*,#1202,.T.);
#1202 = EDGE_CURVE('',#1195,#1169,#1203,.T.);
#1203 = B_SPLINE_CURVE_WITH_KNOTS('',2,(#1204,#1205,#1206),
  .UNSPECIFIED.,.F.,.F.,(3,3),(0.,1.),.PIECEWISE_BEZIER_KNOTS.);
#1204 = CARTESIAN_POINT('',(22.911464968153,1.259055254582,
    5.213508521907));
#1205 = CARTESIAN_POINT('',(22.911464968153,1.414772451046,
    5.641338003013));
#1206 = CARTESIAN_POINT('',(23.136942675159,1.544957952735,
    5.999019729244));
#1207 = ORIENTED_EDGE('',*,*,#1168,.F.);
#1208 = SURFACE_OF_LINEAR_EXTRUSION('',#1209,#1213);
#1209 = B_SPLINE_CURVE_WITH_KNOTS('',2,(#1210,#1211,#1212),
  .UNSPECIFIED.,.F.,.F.,(3,3),(0.,1.),.PIECEWISE_BEZIER_KNOTS.);
#1210 = CARTESIAN_POINT('',(22.911464968153,2.01080935121,4.939892407246
    ));
#1211 = CARTESIAN_POINT('',(22.911464968153,2.166526547675,
    5.367721888353));
#1212 = CARTESIAN_POINT('',(23.136942675159,2.296712049364,
    5.725403614583));
#1213 = VECTOR('',#1214,1.);
#1214 = DIRECTION('',(-0.,0.939692620786,-0.342020143326));
#1215 = ADVANCED_FACE('',(#1216),#1234,.T.);
#1216 = FACE_BOUND('',#1217,.T.);
#1217 = EDGE_LOOP('',(#1218,#1219,#1227,#1233));
#1218 = ORIENTED_EDGE('',*,*,#588,.T.);
#1219 = ORIENTED_EDGE('',*,*,#1220,.T.);
#1220 = EDGE_CURVE('',#572,#1221,#1223,.T.);
#1221 = VERTEX_POINT('',#1222);
#1222 = CARTESIAN_POINT('',(23.511464968153,0.814036943253,
    3.990830760288));
#1223 = LINE('',#1224,#1225);
#1224 = CARTESIAN_POINT('',(23.511464968153,1.565791039882,
    3.717214645627));
#1225 = VECTOR('',#1226,1.);
#1226 = DIRECTION('',(0.,-0.939692620786,0.342020143326));
#1227 = ORIENTED_EDGE('',*,*,#1228,.T.);
#1228 = EDGE_CURVE('',#1221,#1195,#1229,.T.);
#1229 = B_SPLINE_CURVE_WITH_KNOTS('',2,(#1230,#1231,#1232),
  .UNSPECIFIED.,.F.,.F.,(3,3),(0.,1.),.PIECEWISE_BEZIER_KNOTS.);
#1230 = CARTESIAN_POINT('',(23.511464968153,0.814036943253,
    3.990830760288));
#1231 = CARTESIAN_POINT('',(22.911464968153,0.976289556469,
    4.436616151346));
#1232 = CARTESIAN_POINT('',(22.911464968153,1.259055254582,
    5.213508521907));
#1233 = ORIENTED_EDGE('',*,*,#1194,.F.);
#1234 = SURFACE_OF_LINEAR_EXTRUSION('',#1235,#1239);
#1235 = B_SPLINE_CURVE_WITH_KNOTS('',2,(#1236,#1237,#1238),
  .UNSPECIFIED.,.F.,.F.,(3,3),(0.,1.),.PIECEWISE_BEZIER_KNOTS.);
#1236 = CARTESIAN_POINT('',(23.511464968153,1.565791039882,
    3.717214645627));
#1237 = CARTESIAN_POINT('',(22.911464968153,1.728043653098,
    4.163000036685));
#1238 = CARTESIAN_POINT('',(22.911464968153,2.01080935121,4.939892407246
    ));
#1239 = VECTOR('',#1240,1.);
#1240 = DIRECTION('',(-0.,0.939692620786,-0.342020143326));
#1241 = ADVANCED_FACE('',(#1242),#1260,.T.);
#1242 = FACE_BOUND('',#1243,.T.);
#1243 = EDGE_LOOP('',(#1244,#1245,#1253,#1259));
#1244 = ORIENTED_EDGE('',*,*,#571,.T.);
#1245 = ORIENTED_EDGE('',*,*,#1246,.T.);
#1246 = EDGE_CURVE('',#549,#1247,#1249,.T.);
#1247 = VERTEX_POINT('',#1248);
#1248 = CARTESIAN_POINT('',(24.784076433121,0.676618913693,
    3.613277827045));
#1249 = LINE('',#1250,#1251);
#1250 = CARTESIAN_POINT('',(24.784076433121,1.428373010321,
    3.339661712384));
#1251 = VECTOR('',#1252,1.);
#1252 = DIRECTION('',(0.,-0.939692620786,0.342020143326));
#1253 = ORIENTED_EDGE('',*,*,#1254,.T.);
#1254 = EDGE_CURVE('',#1247,#1221,#1255,.T.);
#1255 = B_SPLINE_CURVE_WITH_KNOTS('',2,(#1256,#1257,#1258),
  .UNSPECIFIED.,.F.,.F.,(3,3),(0.,1.),.PIECEWISE_BEZIER_KNOTS.);
#1256 = CARTESIAN_POINT('',(24.784076433121,0.676618913693,
    3.613277827045));
#1257 = CARTESIAN_POINT('',(24.01974522293,0.676618913693,3.613277827045
    ));
#1258 = CARTESIAN_POINT('',(23.511464968153,0.814036943253,
    3.990830760288));
#1259 = ORIENTED_EDGE('',*,*,#1220,.F.);
#1260 = SURFACE_OF_LINEAR_EXTRUSION('',#1261,#1265);
#1261 = B_SPLINE_CURVE_WITH_KNOTS('',2,(#1262,#1263,#1264),
  .UNSPECIFIED.,.F.,.F.,(3,3),(0.,1.),.PIECEWISE_BEZIER_KNOTS.);
#1262 = CARTESIAN_POINT('',(24.784076433121,1.428373010321,
    3.339661712384));
#1263 = CARTESIAN_POINT('',(24.01974522293,1.428373010321,3.339661712384
    ));
#1264 = CARTESIAN_POINT('',(23.511464968153,1.565791039882,
    3.717214645627));
#1265 = VECTOR('',#1266,1.);
#1266 = DIRECTION('',(-0.,0.939692620786,-0.342020143326));
#1267 = ADVANCED_FACE('',(#1268),#1286,.T.);
#1268 = FACE_BOUND('',#1269,.T.);
#1269 = EDGE_LOOP('',(#1270,#1271,#1279,#1285));
#1270 = ORIENTED_EDGE('',*,*,#548,.T.);
#1271 = ORIENTED_EDGE('',*,*,#1272,.T.);
#1272 = EDGE_CURVE('',#526,#1273,#1275,.T.);
#1273 = VERTEX_POINT('',#1274);
#1274 = CARTESIAN_POINT('',(26.10050955414,0.84279277696,4.069836764074)
  );
#1275 = LINE('',#1276,#1277);
#1276 = CARTESIAN_POINT('',(26.10050955414,1.594546873588,3.796220649413
    ));
#1277 = VECTOR('',#1278,1.);
#1278 = DIRECTION('',(0.,-0.939692620786,0.342020143326));
#1279 = ORIENTED_EDGE('',*,*,#1280,.T.);
#1280 = EDGE_CURVE('',#1273,#1247,#1281,.T.);
#1281 = B_SPLINE_CURVE_WITH_KNOTS('',2,(#1282,#1283,#1284),
  .UNSPECIFIED.,.F.,.F.,(3,3),(0.,1.),.PIECEWISE_BEZIER_KNOTS.);
#1282 = CARTESIAN_POINT('',(26.10050955414,0.84279277696,4.069836764074)
  );
#1283 = CARTESIAN_POINT('',(25.605732484076,0.676618913693,
    3.613277827045));
#1284 = CARTESIAN_POINT('',(24.784076433121,0.676618913693,
    3.613277827045));
#1285 = ORIENTED_EDGE('',*,*,#1246,.F.);
#1286 = SURFACE_OF_LINEAR_EXTRUSION('',#1287,#1291);
#1287 = B_SPLINE_CURVE_WITH_KNOTS('',2,(#1288,#1289,#1290),
  .UNSPECIFIED.,.F.,.F.,(3,3),(0.,1.),.PIECEWISE_BEZIER_KNOTS.);
#1288 = CARTESIAN_POINT('',(26.10050955414,1.594546873588,3.796220649413
    ));
#1289 = CARTESIAN_POINT('',(25.605732484076,1.428373010321,
    3.339661712384));
#1290 = CARTESIAN_POINT('',(24.784076433121,1.428373010321,
    3.339661712384));
#1291 = VECTOR('',#1292,1.);
#1292 = DIRECTION('',(-0.,0.939692620786,-0.342020143326));
#1293 = ADVANCED_FACE('',(#1294),#1312,.T.);
#1294 = FACE_BOUND('',#1295,.T.);
#1295 = EDGE_LOOP('',(#1296,#1297,#1305,#1311));
#1296 = ORIENTED_EDGE('',*,*,#525,.T.);
#1297 = ORIENTED_EDGE('',*,*,#1298,.T.);
#1298 = EDGE_CURVE('',#511,#1299,#1301,.T.);
#1299 = VERTEX_POINT('',#1300);
#1300 = CARTESIAN_POINT('',(26.595541401274,1.274740254785,5.25660270579
    ));
#1301 = LINE('',#1302,#1303);
#1302 = CARTESIAN_POINT('',(26.595541401274,2.026494351414,
    4.982986591129));
#1303 = VECTOR('',#1304,1.);
#1304 = DIRECTION('',(0.,-0.939692620786,0.342020143326));
#1305 = ORIENTED_EDGE('',*,*,#1306,.T.);
#1306 = EDGE_CURVE('',#1299,#1273,#1307,.T.);
#1307 = B_SPLINE_CURVE_WITH_KNOTS('',2,(#1308,#1309,#1310),
  .UNSPECIFIED.,.F.,.F.,(3,3),(0.,1.),.PIECEWISE_BEZIER_KNOTS.);
#1308 = CARTESIAN_POINT('',(26.595541401274,1.274740254785,5.25660270579
    ));
#1309 = CARTESIAN_POINT('',(26.595541401274,1.009053779116,
    4.526635113235));
#1310 = CARTESIAN_POINT('',(26.10050955414,0.84279277696,4.069836764074)
  );
#1311 = ORIENTED_EDGE('',*,*,#1272,.F.);
#1312 = SURFACE_OF_LINEAR_EXTRUSION('',#1313,#1317);
#1313 = B_SPLINE_CURVE_WITH_KNOTS('',2,(#1314,#1315,#1316),
  .UNSPECIFIED.,.F.,.F.,(3,3),(0.,1.),.PIECEWISE_BEZIER_KNOTS.);
#1314 = CARTESIAN_POINT('',(26.595541401274,2.026494351414,
    4.982986591129));
#1315 = CARTESIAN_POINT('',(26.595541401274,1.760807875745,
    4.253018998575));
#1316 = CARTESIAN_POINT('',(26.10050955414,1.594546873588,3.796220649413
    ));
#1317 = VECTOR('',#1318,1.);
#1318 = DIRECTION('',(-0.,0.939692620786,-0.342020143326));
#1319 = ADVANCED_FACE('',(#1320),#1338,.T.);
#1320 = FACE_BOUND('',#1321,.T.);
#1321 = EDGE_LOOP('',(#1322,#1323,#1331,#1337));
#1322 = ORIENTED_EDGE('',*,*,#510,.T.);
#1323 = ORIENTED_EDGE('',*,*,#1324,.T.);
#1324 = EDGE_CURVE('',#492,#1325,#1327,.T.);
#1325 = VERTEX_POINT('',#1326);
#1326 = CARTESIAN_POINT('',(26.352738853503,1.558725897358,
    6.036846846208));
#1327 = LINE('',#1328,#1329);
#1328 = CARTESIAN_POINT('',(26.352738853503,2.310479993987,
    5.763230731547));
#1329 = VECTOR('',#1330,1.);
#1330 = DIRECTION('',(0.,-0.939692620786,0.342020143326));
#1331 = ORIENTED_EDGE('',*,*,#1332,.T.);
#1332 = EDGE_CURVE('',#1325,#1299,#1333,.T.);
#1333 = B_SPLINE_CURVE_WITH_KNOTS('',2,(#1334,#1335,#1336),
  .UNSPECIFIED.,.F.,.F.,(3,3),(0.,1.),.PIECEWISE_BEZIER_KNOTS.);
#1334 = CARTESIAN_POINT('',(26.352738853503,1.558725897358,
    6.036846846208));
#1335 = CARTESIAN_POINT('',(26.595541401274,1.435685784651,
    5.698796914858));
#1336 = CARTESIAN_POINT('',(26.595541401274,1.274740254785,5.25660270579
    ));
#1337 = ORIENTED_EDGE('',*,*,#1298,.F.);
#1338 = SURFACE_OF_LINEAR_EXTRUSION('',#1339,#1343);
#1339 = B_SPLINE_CURVE_WITH_KNOTS('',2,(#1340,#1341,#1342),
  .UNSPECIFIED.,.F.,.F.,(3,3),(0.,1.),.PIECEWISE_BEZIER_KNOTS.);
#1340 = CARTESIAN_POINT('',(26.352738853503,2.310479993987,
    5.763230731547));
#1341 = CARTESIAN_POINT('',(26.595541401274,2.187439881279,
    5.425180800197));
#1342 = CARTESIAN_POINT('',(26.595541401274,2.026494351414,
    4.982986591129));
#1343 = VECTOR('',#1344,1.);
#1344 = DIRECTION('',(-0.,0.939692620786,-0.342020143326));
#1345 = ADVANCED_FACE('',(#1346),#1364,.T.);
#1346 = FACE_BOUND('',#1347,.T.);
#1347 = EDGE_LOOP('',(#1348,#1349,#1357,#1363));
#1348 = ORIENTED_EDGE('',*,*,#491,.T.);
#1349 = ORIENTED_EDGE('',*,*,#1350,.T.);
#1350 = EDGE_CURVE('',#477,#1351,#1353,.T.);
#1351 = VERTEX_POINT('',#1352);
#1352 = CARTESIAN_POINT('',(25.643949044586,1.745900233119,
    6.551104107214));
#1353 = LINE('',#1354,#1355);
#1354 = CARTESIAN_POINT('',(25.643949044586,2.497654329748,
    6.277487992553));
#1355 = VECTOR('',#1356,1.);
#1356 = DIRECTION('',(0.,-0.939692620786,0.342020143326));
#1357 = ORIENTED_EDGE('',*,*,#1358,.T.);
#1358 = EDGE_CURVE('',#1351,#1325,#1359,.T.);
#1359 = B_SPLINE_CURVE_WITH_KNOTS('',2,(#1360,#1361,#1362),
  .UNSPECIFIED.,.F.,.F.,(3,3),(0.,1.),.PIECEWISE_BEZIER_KNOTS.);
#1360 = CARTESIAN_POINT('',(25.643949044586,1.745900233119,
    6.551104107214));
#1361 = CARTESIAN_POINT('',(26.110191082803,1.681766010065,
    6.374896777558));
#1362 = CARTESIAN_POINT('',(26.352738853503,1.558725897358,
    6.036846846208));
#1363 = ORIENTED_EDGE('',*,*,#1324,.F.);
#1364 = SURFACE_OF_LINEAR_EXTRUSION('',#1365,#1369);
#1365 = B_SPLINE_CURVE_WITH_KNOTS('',2,(#1366,#1367,#1368),
  .UNSPECIFIED.,.F.,.F.,(3,3),(0.,1.),.PIECEWISE_BEZIER_KNOTS.);
#1366 = CARTESIAN_POINT('',(25.643949044586,2.497654329748,
    6.277487992553));
#1367 = CARTESIAN_POINT('',(26.110191082803,2.433520106694,
    6.101280662898));
#1368 = CARTESIAN_POINT('',(26.352738853503,2.310479993987,
    5.763230731547));
#1369 = VECTOR('',#1370,1.);
#1370 = DIRECTION('',(-0.,0.939692620786,-0.342020143326));
#1371 = ADVANCED_FACE('',(#1372),#1390,.T.);
#1372 = FACE_BOUND('',#1373,.T.);
#1373 = EDGE_LOOP('',(#1374,#1375,#1383,#1389));
#1374 = ORIENTED_EDGE('',*,*,#476,.T.);
#1375 = ORIENTED_EDGE('',*,*,#1376,.T.);
#1376 = EDGE_CURVE('',#462,#1377,#1379,.T.);
#1377 = VERTEX_POINT('',#1378);
#1378 = CARTESIAN_POINT('',(26.213375796178,1.905364401855,
    6.989228310026));
#1379 = LINE('',#1380,#1381);
#1380 = CARTESIAN_POINT('',(26.213375796178,2.657118498483,
    6.715612195366));
#1381 = VECTOR('',#1382,1.);
#1382 = DIRECTION('',(0.,-0.939692620786,0.342020143326));
#1383 = ORIENTED_EDGE('',*,*,#1384,.T.);
#1384 = EDGE_CURVE('',#1377,#1351,#1385,.T.);
#1385 = B_SPLINE_CURVE_WITH_KNOTS('',2,(#1386,#1387,#1388),
  .UNSPECIFIED.,.F.,.F.,(3,3),(0.,1.),.PIECEWISE_BEZIER_KNOTS.);
#1386 = CARTESIAN_POINT('',(26.213375796178,1.905364401855,
    6.989228310026));
#1387 = CARTESIAN_POINT('',(26.010828025478,1.801059150502,
    6.702651987203));
#1388 = CARTESIAN_POINT('',(25.643949044586,1.745900233119,
    6.551104107214));
#1389 = ORIENTED_EDGE('',*,*,#1350,.F.);
#1390 = SURFACE_OF_LINEAR_EXTRUSION('',#1391,#1395);
#1391 = B_SPLINE_CURVE_WITH_KNOTS('',2,(#1392,#1393,#1394),
  .UNSPECIFIED.,.F.,.F.,(3,3),(0.,1.),.PIECEWISE_BEZIER_KNOTS.);
#1392 = CARTESIAN_POINT('',(26.213375796178,2.657118498483,
    6.715612195366));
#1393 = CARTESIAN_POINT('',(26.010828025478,2.55281324713,6.429035872542
    ));
#1394 = CARTESIAN_POINT('',(25.643949044586,2.497654329748,
    6.277487992553));
#1395 = VECTOR('',#1396,1.);
#1396 = DIRECTION('',(-0.,0.939692620786,-0.342020143326));
#1397 = ADVANCED_FACE('',(#1398),#1416,.T.);
#1398 = FACE_BOUND('',#1399,.T.);
#1399 = EDGE_LOOP('',(#1400,#1401,#1409,#1415));
#1400 = ORIENTED_EDGE('',*,*,#461,.T.);
#1401 = ORIENTED_EDGE('',*,*,#1402,.T.);
#1402 = EDGE_CURVE('',#443,#1403,#1405,.T.);
#1403 = VERTEX_POINT('',#1404);
#1404 = CARTESIAN_POINT('',(26.415923566879,2.143602127167,
    7.643781080785));
#1405 = LINE('',#1406,#1407);
#1406 = CARTESIAN_POINT('',(26.415923566879,2.895356223796,
    7.370164966124));
#1407 = VECTOR('',#1408,1.);
#1408 = DIRECTION('',(0.,-0.939692620786,0.342020143326));
#1409 = ORIENTED_EDGE('',*,*,#1410,.T.);
#1410 = EDGE_CURVE('',#1403,#1377,#1411,.T.);
#1411 = B_SPLINE_CURVE_WITH_KNOTS('',2,(#1412,#1413,#1414),
  .UNSPECIFIED.,.F.,.F.,(3,3),(0.,1.),.PIECEWISE_BEZIER_KNOTS.);
#1412 = CARTESIAN_POINT('',(26.415923566879,2.143602127167,
    7.643781080785));
#1413 = CARTESIAN_POINT('',(26.415923566879,2.009669653208,
    7.275804632849));
#1414 = CARTESIAN_POINT('',(26.213375796178,1.905364401855,
    6.989228310026));
#1415 = ORIENTED_EDGE('',*,*,#1376,.F.);
#1416 = SURFACE_OF_LINEAR_EXTRUSION('',#1417,#1421);
#1417 = B_SPLINE_CURVE_WITH_KNOTS('',2,(#1418,#1419,#1420),
  .UNSPECIFIED.,.F.,.F.,(3,3),(0.,1.),.PIECEWISE_BEZIER_KNOTS.);
#1418 = CARTESIAN_POINT('',(26.415923566879,2.895356223796,
    7.370164966124));
#1419 = CARTESIAN_POINT('',(26.415923566879,2.761423749836,
    7.002188518189));
#1420 = CARTESIAN_POINT('',(26.213375796178,2.657118498483,
    6.715612195366));
#1421 = VECTOR('',#1422,1.);
#1422 = DIRECTION('',(-0.,0.939692620786,-0.342020143326));
#1423 = ADVANCED_FACE('',(#1424),#1442,.T.);
#1424 = FACE_BOUND('',#1425,.T.);
#1425 = EDGE_LOOP('',(#1426,#1427,#1435,#1441));
#1426 = ORIENTED_EDGE('',*,*,#442,.T.);
#1427 = ORIENTED_EDGE('',*,*,#1428,.T.);
#1428 = EDGE_CURVE('',#420,#1429,#1431,.T.);
#1429 = VERTEX_POINT('',#1430);
#1430 = CARTESIAN_POINT('',(25.974394904459,2.499215937336,8.62082199427
    ));
#1431 = LINE('',#1432,#1433);
#1432 = CARTESIAN_POINT('',(25.974394904459,3.250970033965,
    8.347205879609));
#1433 = VECTOR('',#1434,1.);
#1434 = DIRECTION('',(0.,-0.939692620786,0.342020143326));
#1435 = ORIENTED_EDGE('',*,*,#1436,.T.);
#1436 = EDGE_CURVE('',#1429,#1403,#1437,.T.);
#1437 = B_SPLINE_CURVE_WITH_KNOTS('',2,(#1438,#1439,#1440),
  .UNSPECIFIED.,.F.,.F.,(3,3),(0.,1.),.PIECEWISE_BEZIER_KNOTS.);
#1438 = CARTESIAN_POINT('',(25.974394904459,2.499215937336,8.62082199427
    ));
#1439 = CARTESIAN_POINT('',(26.415923566879,2.358835185515,
    8.235129048515));
#1440 = CARTESIAN_POINT('',(26.415923566879,2.143602127167,
    7.643781080785));
#1441 = ORIENTED_EDGE('',*,*,#1402,.F.);
#1442 = SURFACE_OF_LINEAR_EXTRUSION('',#1443,#1447);
#1443 = B_SPLINE_CURVE_WITH_KNOTS('',2,(#1444,#1445,#1446),
  .UNSPECIFIED.,.F.,.F.,(3,3),(0.,1.),.PIECEWISE_BEZIER_KNOTS.);
#1444 = CARTESIAN_POINT('',(25.974394904459,3.250970033965,
    8.347205879609));
#1445 = CARTESIAN_POINT('',(26.415923566879,3.110589282144,
    7.961512933855));
#1446 = CARTESIAN_POINT('',(26.415923566879,2.895356223796,
    7.370164966124));
#1447 = VECTOR('',#1448,1.);
#1448 = DIRECTION('',(-0.,0.939692620786,-0.342020143326));
#1449 = ADVANCED_FACE('',(#1450),#1468,.T.);
#1450 = FACE_BOUND('',#1451,.T.);
#1451 = EDGE_LOOP('',(#1452,#1453,#1461,#1467));
#1452 = ORIENTED_EDGE('',*,*,#419,.T.);
#1453 = ORIENTED_EDGE('',*,*,#1454,.T.);
#1454 = EDGE_CURVE('',#401,#1455,#1457,.T.);
#1455 = VERTEX_POINT('',#1456);
#1456 = CARTESIAN_POINT('',(24.734394904459,2.639683828047,
    9.006754352157));
#1457 = LINE('',#1458,#1459);
#1458 = CARTESIAN_POINT('',(24.734394904459,3.391437924676,
    8.733138237496));
#1459 = VECTOR('',#1460,1.);
#1460 = DIRECTION('',(0.,-0.939692620786,0.342020143326));
#1461 = ORIENTED_EDGE('',*,*,#1462,.T.);
#1462 = EDGE_CURVE('',#1455,#1429,#1463,.T.);
#1463 = B_SPLINE_CURVE_WITH_KNOTS('',2,(#1464,#1465,#1466),
  .UNSPECIFIED.,.F.,.F.,(3,3),(0.,1.),.PIECEWISE_BEZIER_KNOTS.);
#1464 = CARTESIAN_POINT('',(24.734394904459,2.639683828047,
    9.006754352157));
#1465 = CARTESIAN_POINT('',(25.533121019108,2.639683828047,
    9.006754352157));
#1466 = CARTESIAN_POINT('',(25.974394904459,2.499215937336,8.62082199427
    ));
#1467 = ORIENTED_EDGE('',*,*,#1428,.F.);
#1468 = SURFACE_OF_LINEAR_EXTRUSION('',#1469,#1473);
#1469 = B_SPLINE_CURVE_WITH_KNOTS('',2,(#1470,#1471,#1472),
  .UNSPECIFIED.,.F.,.F.,(3,3),(0.,1.),.PIECEWISE_BEZIER_KNOTS.);
#1470 = CARTESIAN_POINT('',(24.734394904459,3.391437924676,
    8.733138237496));
#1471 = CARTESIAN_POINT('',(25.533121019108,3.391437924676,
    8.733138237496));
#1472 = CARTESIAN_POINT('',(25.974394904459,3.250970033965,
    8.347205879609));
#1473 = VECTOR('',#1474,1.);
#1474 = DIRECTION('',(-0.,0.939692620786,-0.342020143326));
#1475 = ADVANCED_FACE('',(#1476),#1494,.T.);
#1476 = FACE_BOUND('',#1477,.T.);
#1477 = EDGE_LOOP('',(#1478,#1479,#1487,#1493));
#1478 = ORIENTED_EDGE('',*,*,#400,.T.);
#1479 = ORIENTED_EDGE('',*,*,#1480,.T.);
#1480 = EDGE_CURVE('',#382,#1481,#1483,.T.);
#1481 = VERTEX_POINT('',#1482);
#1482 = CARTESIAN_POINT('',(23.490318471338,2.499215937336,8.62082199427
    ));
#1483 = LINE('',#1484,#1485);
#1484 = CARTESIAN_POINT('',(23.490318471338,3.250970033965,
    8.347205879609));
#1485 = VECTOR('',#1486,1.);
#1486 = DIRECTION('',(0.,-0.939692620786,0.342020143326));
#1487 = ORIENTED_EDGE('',*,*,#1488,.T.);
#1488 = EDGE_CURVE('',#1481,#1455,#1489,.T.);
#1489 = B_SPLINE_CURVE_WITH_KNOTS('',2,(#1490,#1491,#1492),
  .UNSPECIFIED.,.F.,.F.,(3,3),(0.,1.),.PIECEWISE_BEZIER_KNOTS.);
#1490 = CARTESIAN_POINT('',(23.490318471338,2.499215937336,8.62082199427
    ));
#1491 = CARTESIAN_POINT('',(23.928025477707,2.639683828047,
    9.006754352157));
#1492 = CARTESIAN_POINT('',(24.734394904459,2.639683828047,
    9.006754352157));
#1493 = ORIENTED_EDGE('',*,*,#1454,.F.);
#1494 = SURFACE_OF_LINEAR_EXTRUSION('',#1495,#1499);
#1495 = B_SPLINE_CURVE_WITH_KNOTS('',2,(#1496,#1497,#1498),
  .UNSPECIFIED.,.F.,.F.,(3,3),(0.,1.),.PIECEWISE_BEZIER_KNOTS.);
#1496 = CARTESIAN_POINT('',(23.490318471338,3.250970033965,
    8.347205879609));
#1497 = CARTESIAN_POINT('',(23.928025477707,3.391437924676,
    8.733138237496));
#1498 = CARTESIAN_POINT('',(24.734394904459,3.391437924676,
    8.733138237496));
#1499 = VECTOR('',#1500,1.);
#1500 = DIRECTION('',(-0.,0.939692620786,-0.342020143326));
#1501 = ADVANCED_FACE('',(#1502),#1520,.T.);
#1502 = FACE_BOUND('',#1503,.T.);
#1503 = EDGE_LOOP('',(#1504,#1505,#1513,#1519));
#1504 = ORIENTED_EDGE('',*,*,#381,.T.);
#1505 = ORIENTED_EDGE('',*,*,#1506,.T.);
#1506 = EDGE_CURVE('',#367,#1507,#1509,.T.);
#1507 = VERTEX_POINT('',#1508);
#1508 = CARTESIAN_POINT('',(23.052866242038,2.143602127167,
    7.643781080785));
#1509 = LINE('',#1510,#1511);
#1510 = CARTESIAN_POINT('',(23.052866242038,2.895356223796,
    7.370164966124));
#1511 = VECTOR('',#1512,1.);
#1512 = DIRECTION('',(0.,-0.939692620786,0.342020143326));
#1513 = ORIENTED_EDGE('',*,*,#1514,.T.);
#1514 = EDGE_CURVE('',#1507,#1481,#1515,.T.);
#1515 = B_SPLINE_CURVE_WITH_KNOTS('',2,(#1516,#1517,#1518),
  .UNSPECIFIED.,.F.,.F.,(3,3),(0.,1.),.PIECEWISE_BEZIER_KNOTS.);
#1516 = CARTESIAN_POINT('',(23.052866242038,2.143602127167,
    7.643781080785));
#1517 = CARTESIAN_POINT('',(23.052866242038,2.358835185515,
    8.235129048515));
#1518 = CARTESIAN_POINT('',(23.490318471338,2.499215937336,8.62082199427
    ));
#1519 = ORIENTED_EDGE('',*,*,#1480,.F.);
#1520 = SURFACE_OF_LINEAR_EXTRUSION('',#1521,#1525);
#1521 = B_SPLINE_CURVE_WITH_KNOTS('',2,(#1522,#1523,#1524),
  .UNSPECIFIED.,.F.,.F.,(3,3),(0.,1.),.PIECEWISE_BEZIER_KNOTS.);
#1522 = CARTESIAN_POINT('',(23.052866242038,2.895356223796,
    7.370164966124));
#1523 = CARTESIAN_POINT('',(23.052866242038,3.110589282144,
    7.961512933855));
#1524 = CARTESIAN_POINT('',(23.490318471338,3.250970033965,
    8.347205879609));
#1525 = VECTOR('',#1526,1.);
#1526 = DIRECTION('',(-0.,0.939692620786,-0.342020143326));
#1527 = ADVANCED_FACE('',(#1528),#1539,.T.);
#1528 = FACE_BOUND('',#1529,.T.);
#1529 = EDGE_LOOP('',(#1530,#1531,#1532,#1538));
#1530 = ORIENTED_EDGE('',*,*,#366,.T.);
#1531 = ORIENTED_EDGE('',*,*,#1151,.T.);
#1532 = ORIENTED_EDGE('',*,*,#1533,.T.);
#1533 = EDGE_CURVE('',#1144,#1507,#1534,.T.);
#1534 = B_SPLINE_CURVE_WITH_KNOTS('',2,(#1535,#1536,#1537),
  .UNSPECIFIED.,.F.,.F.,(3,3),(0.,1.),.PIECEWISE_BEZIER_KNOTS.);
#1535 = CARTESIAN_POINT('',(23.241910828025,1.911899818606,
    7.007184219977));
#1536 = CARTESIAN_POINT('',(23.052866242038,2.017599292199,
    7.297591136923));
#1537 = CARTESIAN_POINT('',(23.052866242038,2.143602127167,
    7.643781080785));
#1538 = ORIENTED_EDGE('',*,*,#1506,.F.);
#1539 = SURFACE_OF_LINEAR_EXTRUSION('',#1540,#1544);
#1540 = B_SPLINE_CURVE_WITH_KNOTS('',2,(#1541,#1542,#1543),
  .UNSPECIFIED.,.F.,.F.,(3,3),(0.,1.),.PIECEWISE_BEZIER_KNOTS.);
#1541 = CARTESIAN_POINT('',(23.241910828025,2.663653915235,
    6.733568105317));
#1542 = CARTESIAN_POINT('',(23.052866242038,2.769353388828,
    7.023975022263));
#1543 = CARTESIAN_POINT('',(23.052866242038,2.895356223796,
    7.370164966124));
#1544 = VECTOR('',#1545,1.);
#1545 = DIRECTION('',(-0.,0.939692620786,-0.342020143326));
#1546 = ADVANCED_FACE('',(#1547),#1572,.T.);
#1547 = FACE_BOUND('',#1548,.T.);
#1548 = EDGE_LOOP('',(#1549,#1550,#1558,#1566));
#1549 = ORIENTED_EDGE('',*,*,#645,.T.);
#1550 = ORIENTED_EDGE('',*,*,#1551,.T.);
#1551 = EDGE_CURVE('',#648,#1552,#1554,.T.);
#1552 = VERTEX_POINT('',#1553);
#1553 = CARTESIAN_POINT('',(20.414140127389,0.676618913693,
    3.613277827045));
#1554 = LINE('',#1555,#1556);
#1555 = CARTESIAN_POINT('',(20.414140127389,1.428373010321,
    3.339661712384));
#1556 = VECTOR('',#1557,1.);
#1557 = DIRECTION('',(0.,-0.939692620786,0.342020143326));
#1558 = ORIENTED_EDGE('',*,*,#1559,.T.);
#1559 = EDGE_CURVE('',#1552,#1560,#1562,.T.);
#1560 = VERTEX_POINT('',#1561);
#1561 = CARTESIAN_POINT('',(21.801401273885,2.656414494931,
    9.052721481632));
#1562 = LINE('',#1563,#1564);
#1563 = CARTESIAN_POINT('',(20.414140127389,0.676618913693,
    3.613277827045));
#1564 = VECTOR('',#1565,1.);
#1565 = DIRECTION('',(0.233057266823,0.332601938861,0.913816316689));
#1566 = ORIENTED_EDGE('',*,*,#1567,.F.);
#1567 = EDGE_CURVE('',#646,#1560,#1568,.T.);
#1568 = LINE('',#1569,#1570);
#1569 = CARTESIAN_POINT('',(21.801401273885,3.408168591559,
    8.779105366972));
#1570 = VECTOR('',#1571,1.);
#1571 = DIRECTION('',(0.,-0.939692620786,0.342020143326));
#1572 = PLANE('',#1573);
#1573 = AXIS2_PLACEMENT_3D('',#1574,#1575,#1576);
#1574 = CARTESIAN_POINT('',(20.414140127389,1.428373010321,
    3.339661712384));
#1575 = DIRECTION('',(-0.972463012346,7.971027980197E-02,0.219002193854)
  );
#1576 = DIRECTION('',(0.233057266823,0.332601938861,0.913816316689));
#1577 = ADVANCED_FACE('',(#1578),#1596,.T.);
#1578 = FACE_BOUND('',#1579,.T.);
#1579 = EDGE_LOOP('',(#1580,#1581,#1589,#1595));
#1580 = ORIENTED_EDGE('',*,*,#671,.T.);
#1581 = ORIENTED_EDGE('',*,*,#1582,.T.);
#1582 = EDGE_CURVE('',#664,#1583,#1585,.T.);
#1583 = VERTEX_POINT('',#1584);
#1584 = CARTESIAN_POINT('',(21.205222929936,0.676618913693,
    3.613277827045));
#1585 = LINE('',#1586,#1587);
#1586 = CARTESIAN_POINT('',(21.205222929936,1.428373010321,
    3.339661712384));
#1587 = VECTOR('',#1588,1.);
#1588 = DIRECTION('',(0.,-0.939692620786,0.342020143326));
#1589 = ORIENTED_EDGE('',*,*,#1590,.T.);
#1590 = EDGE_CURVE('',#1583,#1552,#1591,.T.);
#1591 = LINE('',#1592,#1593);
#1592 = CARTESIAN_POINT('',(21.205222929936,0.676618913693,
    3.613277827045));
#1593 = VECTOR('',#1594,1.);
#1594 = DIRECTION('',(-1.,0.,0.));
#1595 = ORIENTED_EDGE('',*,*,#1551,.F.);
#1596 = PLANE('',#1597);
#1597 = AXIS2_PLACEMENT_3D('',#1598,#1599,#1600);
#1598 = CARTESIAN_POINT('',(21.205222929936,1.428373010321,
    3.339661712384));
#1599 = DIRECTION('',(0.,-0.342020143326,-0.939692620786));
#1600 = DIRECTION('',(-1.,0.,0.));
#1601 = ADVANCED_FACE('',(#1602),#1620,.T.);
#1602 = FACE_BOUND('',#1603,.T.);
#1603 = EDGE_LOOP('',(#1604,#1605,#1613,#1619));
#1604 = ORIENTED_EDGE('',*,*,#663,.T.);
#1605 = ORIENTED_EDGE('',*,*,#1606,.T.);
#1606 = EDGE_CURVE('',#656,#1607,#1609,.T.);
#1607 = VERTEX_POINT('',#1608);
#1608 = CARTESIAN_POINT('',(22.607770700637,2.656414494931,
    9.052721481632));
#1609 = LINE('',#1610,#1611);
#1610 = CARTESIAN_POINT('',(22.607770700637,3.408168591559,
    8.779105366972));
#1611 = VECTOR('',#1612,1.);
#1612 = DIRECTION('',(0.,-0.939692620786,0.342020143326));
#1613 = ORIENTED_EDGE('',*,*,#1614,.T.);
#1614 = EDGE_CURVE('',#1607,#1583,#1615,.T.);
#1615 = LINE('',#1616,#1617);
#1616 = CARTESIAN_POINT('',(22.607770700637,2.656414494931,
    9.052721481632));
#1617 = VECTOR('',#1618,1.);
#1618 = DIRECTION('',(-0.235483715343,-0.332401953666,-0.913266861879));
#1619 = ORIENTED_EDGE('',*,*,#1582,.F.);
#1620 = PLANE('',#1621);
#1621 = AXIS2_PLACEMENT_3D('',#1622,#1623,#1624);
#1622 = CARTESIAN_POINT('',(22.607770700637,3.408168591559,
    8.779105366972));
#1623 = DIRECTION('',(0.971878294751,-8.054017407264E-02,-0.221282309624
    ));
#1624 = DIRECTION('',(-0.235483715343,-0.332401953666,-0.913266861879));
#1625 = ADVANCED_FACE('',(#1626),#1637,.T.);
#1626 = FACE_BOUND('',#1627,.T.);
#1627 = EDGE_LOOP('',(#1628,#1629,#1630,#1636));
#1628 = ORIENTED_EDGE('',*,*,#655,.T.);
#1629 = ORIENTED_EDGE('',*,*,#1567,.T.);
#1630 = ORIENTED_EDGE('',*,*,#1631,.T.);
#1631 = EDGE_CURVE('',#1560,#1607,#1632,.T.);
#1632 = LINE('',#1633,#1634);
#1633 = CARTESIAN_POINT('',(21.801401273885,2.656414494931,
    9.052721481632));
#1634 = VECTOR('',#1635,1.);
#1635 = DIRECTION('',(1.,0.,0.));
#1636 = ORIENTED_EDGE('',*,*,#1606,.F.);
#1637 = PLANE('',#1638);
#1638 = AXIS2_PLACEMENT_3D('',#1639,#1640,#1641);
#1639 = CARTESIAN_POINT('',(21.801401273885,3.408168591559,
    8.779105366972));
#1640 = DIRECTION('',(0.,0.342020143326,0.939692620786));
#1641 = DIRECTION('',(1.,0.,0.));
#1642 = ADVANCED_FACE('',(#1643),#1668,.T.);
#1643 = FACE_BOUND('',#1644,.T.);
#1644 = EDGE_LOOP('',(#1645,#1646,#1654,#1662));
#1645 = ORIENTED_EDGE('',*,*,#679,.T.);
#1646 = ORIENTED_EDGE('',*,*,#1647,.T.);
#1647 = EDGE_CURVE('',#682,#1648,#1650,.T.);
#1648 = VERTEX_POINT('',#1649);
#1649 = CARTESIAN_POINT('',(16.404458598726,2.266032267644,
    7.980155127206));
#1650 = LINE('',#1651,#1652);
#1651 = CARTESIAN_POINT('',(16.404458598726,3.017786364273,
    7.706539012546));
#1652 = VECTOR('',#1653,1.);
#1653 = DIRECTION('',(0.,-0.939692620786,0.342020143326));
#1654 = ORIENTED_EDGE('',*,*,#1655,.T.);
#1655 = EDGE_CURVE('',#1648,#1656,#1658,.T.);
#1656 = VERTEX_POINT('',#1657);
#1657 = CARTESIAN_POINT('',(16.404458598726,2.60622249428,8.914820093206
    ));
#1658 = LINE('',#1659,#1660);
#1659 = CARTESIAN_POINT('',(16.404458598726,2.266032267644,
    7.980155127206));
#1660 = VECTOR('',#1661,1.);
#1661 = DIRECTION('',(0.,0.342020143326,0.939692620786));
#1662 = ORIENTED_EDGE('',*,*,#1663,.F.);
#1663 = EDGE_CURVE('',#680,#1656,#1664,.T.);
#1664 = LINE('',#1665,#1666);
#1665 = CARTESIAN_POINT('',(16.404458598726,3.357976590908,
    8.641203978545));
#1666 = VECTOR('',#1667,1.);
#1667 = DIRECTION('',(0.,-0.939692620786,0.342020143326));
#1668 = PLANE('',#1669);
#1669 = AXIS2_PLACEMENT_3D('',#1670,#1671,#1672);
#1670 = CARTESIAN_POINT('',(16.404458598726,3.017786364273,
    7.706539012546));
#1671 = DIRECTION('',(-1.,0.,0.));
#1672 = DIRECTION('',(0.,0.342020143326,0.939692620786));
#1673 = ADVANCED_FACE('',(#1674),#1692,.T.);
#1674 = FACE_BOUND('',#1675,.T.);
#1675 = EDGE_LOOP('',(#1676,#1677,#1685,#1691));
#1676 = ORIENTED_EDGE('',*,*,#788,.T.);
#1677 = ORIENTED_EDGE('',*,*,#1678,.T.);
#1678 = EDGE_CURVE('',#774,#1679,#1681,.T.);
#1679 = VERTEX_POINT('',#1680);
#1680 = CARTESIAN_POINT('',(18.846496815287,2.266032267644,
    7.980155127206));
#1681 = LINE('',#1682,#1683);
#1682 = CARTESIAN_POINT('',(18.846496815287,3.017786364273,
    7.706539012546));
#1683 = VECTOR('',#1684,1.);
#1684 = DIRECTION('',(0.,-0.939692620786,0.342020143326));
#1685 = ORIENTED_EDGE('',*,*,#1686,.T.);
#1686 = EDGE_CURVE('',#1679,#1648,#1687,.T.);
#1687 = LINE('',#1688,#1689);
#1688 = CARTESIAN_POINT('',(18.846496815287,2.266032267644,
    7.980155127206));
#1689 = VECTOR('',#1690,1.);
#1690 = DIRECTION('',(-1.,0.,0.));
#1691 = ORIENTED_EDGE('',*,*,#1647,.F.);
#1692 = PLANE('',#1693);
#1693 = AXIS2_PLACEMENT_3D('',#1694,#1695,#1696);
#1694 = CARTESIAN_POINT('',(18.846496815287,3.017786364273,
    7.706539012546));
#1695 = DIRECTION('',(0.,-0.342020143326,-0.939692620786));
#1696 = DIRECTION('',(-1.,0.,0.));
#1697 = ADVANCED_FACE('',(#1698),#1716,.T.);
#1698 = FACE_BOUND('',#1699,.T.);
#1699 = EDGE_LOOP('',(#1700,#1701,#1709,#1715));
#1700 = ORIENTED_EDGE('',*,*,#773,.T.);
#1701 = ORIENTED_EDGE('',*,*,#1702,.T.);
#1702 = EDGE_CURVE('',#759,#1703,#1705,.T.);
#1703 = VERTEX_POINT('',#1704);
#1704 = CARTESIAN_POINT('',(17.636815286624,1.52413175802,5.941800229532
    ));
#1705 = LINE('',#1706,#1707);
#1706 = CARTESIAN_POINT('',(17.636815286624,2.275885854649,
    5.668184114872));
#1707 = VECTOR('',#1708,1.);
#1708 = DIRECTION('',(0.,-0.939692620786,0.342020143326));
#1709 = ORIENTED_EDGE('',*,*,#1710,.T.);
#1710 = EDGE_CURVE('',#1703,#1679,#1711,.T.);
#1711 = B_SPLINE_CURVE_WITH_KNOTS('',2,(#1712,#1713,#1714),
  .UNSPECIFIED.,.F.,.F.,(3,3),(0.,1.),.PIECEWISE_BEZIER_KNOTS.);
#1712 = CARTESIAN_POINT('',(17.636815286624,1.52413175802,5.941800229532
    ));
#1713 = CARTESIAN_POINT('',(18.089808917197,1.939087152292,
    7.081880805375));
#1714 = CARTESIAN_POINT('',(18.846496815287,2.266032267644,
    7.980155127206));
#1715 = ORIENTED_EDGE('',*,*,#1678,.F.);
#1716 = SURFACE_OF_LINEAR_EXTRUSION('',#1717,#1721);
#1717 = B_SPLINE_CURVE_WITH_KNOTS('',2,(#1718,#1719,#1720),
  .UNSPECIFIED.,.F.,.F.,(3,3),(0.,1.),.PIECEWISE_BEZIER_KNOTS.);
#1718 = CARTESIAN_POINT('',(17.636815286624,2.275885854649,
    5.668184114872));
#1719 = CARTESIAN_POINT('',(18.089808917197,2.690841248921,
    6.808264690714));
#1720 = CARTESIAN_POINT('',(18.846496815287,3.017786364273,
    7.706539012546));
#1721 = VECTOR('',#1722,1.);
#1722 = DIRECTION('',(-0.,0.939692620786,-0.342020143326));
#1723 = ADVANCED_FACE('',(#1724),#1742,.T.);
#1724 = FACE_BOUND('',#1725,.T.);
#1725 = EDGE_LOOP('',(#1726,#1727,#1735,#1741));
#1726 = ORIENTED_EDGE('',*,*,#758,.T.);
#1727 = ORIENTED_EDGE('',*,*,#1728,.T.);
#1728 = EDGE_CURVE('',#751,#1729,#1731,.T.);
#1729 = VERTEX_POINT('',#1730);
#1730 = CARTESIAN_POINT('',(17.157324840764,0.71008024746,3.705212085995
    ));
#1731 = LINE('',#1732,#1733);
#1732 = CARTESIAN_POINT('',(17.157324840764,1.461834344089,
    3.431595971335));
#1733 = VECTOR('',#1734,1.);
#1734 = DIRECTION('',(0.,-0.939692620786,0.342020143326));
#1735 = ORIENTED_EDGE('',*,*,#1736,.T.);
#1736 = EDGE_CURVE('',#1729,#1703,#1737,.T.);
#1737 = B_SPLINE_CURVE_WITH_KNOTS('',2,(#1738,#1739,#1740),
  .UNSPECIFIED.,.F.,.F.,(3,3),(0.,1.),.PIECEWISE_BEZIER_KNOTS.);
#1738 = CARTESIAN_POINT('',(17.157324840764,0.71008024746,3.705212085995
    ));
#1739 = CARTESIAN_POINT('',(17.184076433121,1.109263502638,
    4.801959065822));
#1740 = CARTESIAN_POINT('',(17.636815286624,1.52413175802,5.941800229532
    ));
#1741 = ORIENTED_EDGE('',*,*,#1702,.F.);
#1742 = SURFACE_OF_LINEAR_EXTRUSION('',#1743,#1747);
#1743 = B_SPLINE_CURVE_WITH_KNOTS('',2,(#1744,#1745,#1746),
  .UNSPECIFIED.,.F.,.F.,(3,3),(0.,1.),.PIECEWISE_BEZIER_KNOTS.);
#1744 = CARTESIAN_POINT('',(17.157324840764,1.461834344089,
    3.431595971335));
#1745 = CARTESIAN_POINT('',(17.184076433121,1.861017599267,
    4.528342951162));
#1746 = CARTESIAN_POINT('',(17.636815286624,2.275885854649,
    5.668184114872));
#1747 = VECTOR('',#1748,1.);
#1748 = DIRECTION('',(-0.,0.939692620786,-0.342020143326));
#1749 = ADVANCED_FACE('',(#1750),#1768,.T.);
#1750 = FACE_BOUND('',#1751,.T.);
#1751 = EDGE_LOOP('',(#1752,#1753,#1761,#1767));
#1752 = ORIENTED_EDGE('',*,*,#750,.T.);
#1753 = ORIENTED_EDGE('',*,*,#1754,.T.);
#1754 = EDGE_CURVE('',#736,#1755,#1757,.T.);
#1755 = VERTEX_POINT('',#1756);
#1756 = CARTESIAN_POINT('',(18.192993630573,0.71008024746,3.705212085995
    ));
#1757 = LINE('',#1758,#1759);
#1758 = CARTESIAN_POINT('',(18.192993630573,1.461834344089,
    3.431595971335));
#1759 = VECTOR('',#1760,1.);
#1760 = DIRECTION('',(0.,-0.939692620786,0.342020143326));
#1761 = ORIENTED_EDGE('',*,*,#1762,.T.);
#1762 = EDGE_CURVE('',#1755,#1729,#1763,.T.);
#1763 = LINE('',#1764,#1765);
#1764 = CARTESIAN_POINT('',(18.192993630573,0.71008024746,3.705212085995
    ));
#1765 = VECTOR('',#1766,1.);
#1766 = DIRECTION('',(-1.,0.,0.));
#1767 = ORIENTED_EDGE('',*,*,#1728,.F.);
#1768 = PLANE('',#1769);
#1769 = AXIS2_PLACEMENT_3D('',#1770,#1771,#1772);
#1770 = CARTESIAN_POINT('',(18.192993630573,1.461834344089,
    3.431595971335));
#1771 = DIRECTION('',(0.,-0.342020143326,-0.939692620786));
#1772 = DIRECTION('',(-1.,0.,0.));
#1773 = ADVANCED_FACE('',(#1774),#1792,.T.);
#1774 = FACE_BOUND('',#1775,.T.);
#1775 = EDGE_LOOP('',(#1776,#1777,#1785,#1791));
#1776 = ORIENTED_EDGE('',*,*,#735,.T.);
#1777 = ORIENTED_EDGE('',*,*,#1778,.T.);
#1778 = EDGE_CURVE('',#721,#1779,#1781,.T.);
#1779 = VERTEX_POINT('',#1780);
#1780 = CARTESIAN_POINT('',(18.435541401274,1.287636810508,
    5.292035701427));
#1781 = LINE('',#1782,#1783);
#1782 = CARTESIAN_POINT('',(18.435541401274,2.039390907137,
    5.018419586766));
#1783 = VECTOR('',#1784,1.);
#1784 = DIRECTION('',(0.,-0.939692620786,0.342020143326));
#1785 = ORIENTED_EDGE('',*,*,#1786,.T.);
#1786 = EDGE_CURVE('',#1779,#1755,#1787,.T.);
#1787 = B_SPLINE_CURVE_WITH_KNOTS('',2,(#1788,#1789,#1790),
  .UNSPECIFIED.,.F.,.F.,(3,3),(0.,1.),.PIECEWISE_BEZIER_KNOTS.);
#1788 = CARTESIAN_POINT('',(18.435541401274,1.287636810508,
    5.292035701427));
#1789 = CARTESIAN_POINT('',(18.189171974522,0.964438667426,
    4.404056101301));
#1790 = CARTESIAN_POINT('',(18.192993630573,0.71008024746,3.705212085995
    ));
#1791 = ORIENTED_EDGE('',*,*,#1754,.F.);
#1792 = SURFACE_OF_LINEAR_EXTRUSION('',#1793,#1797);
#1793 = B_SPLINE_CURVE_WITH_KNOTS('',2,(#1794,#1795,#1796),
  .UNSPECIFIED.,.F.,.F.,(3,3),(0.,1.),.PIECEWISE_BEZIER_KNOTS.);
#1794 = CARTESIAN_POINT('',(18.435541401274,2.039390907137,
    5.018419586766));
#1795 = CARTESIAN_POINT('',(18.189171974522,1.716192764055,4.13043998664
    ));
#1796 = CARTESIAN_POINT('',(18.192993630573,1.461834344089,
    3.431595971335));
#1797 = VECTOR('',#1798,1.);
#1798 = DIRECTION('',(-0.,0.939692620786,-0.342020143326));
#1799 = ADVANCED_FACE('',(#1800),#1818,.T.);
#1800 = FACE_BOUND('',#1801,.T.);
#1801 = EDGE_LOOP('',(#1802,#1803,#1811,#1817));
#1802 = ORIENTED_EDGE('',*,*,#720,.T.);
#1803 = ORIENTED_EDGE('',*,*,#1804,.T.);
#1804 = EDGE_CURVE('',#706,#1805,#1807,.T.);
#1805 = VERTEX_POINT('',#1806);
#1806 = CARTESIAN_POINT('',(19.152229299363,1.897957596203,
    6.968878278748));
#1807 = LINE('',#1808,#1809);
#1808 = CARTESIAN_POINT('',(19.152229299363,2.649711692832,
    6.695262164087));
#1809 = VECTOR('',#1810,1.);
#1810 = DIRECTION('',(0.,-0.939692620786,0.342020143326));
#1811 = ORIENTED_EDGE('',*,*,#1812,.T.);
#1812 = EDGE_CURVE('',#1805,#1779,#1813,.T.);
#1813 = B_SPLINE_CURVE_WITH_KNOTS('',2,(#1814,#1815,#1816),
  .UNSPECIFIED.,.F.,.F.,(3,3),(0.,1.),.PIECEWISE_BEZIER_KNOTS.);
#1814 = CARTESIAN_POINT('',(19.152229299363,1.897957596203,
    6.968878278748));
#1815 = CARTESIAN_POINT('',(18.682165605096,1.610834953589,
    6.180015301553));
#1816 = CARTESIAN_POINT('',(18.435541401274,1.287636810508,
    5.292035701427));
#1817 = ORIENTED_EDGE('',*,*,#1778,.F.);
#1818 = SURFACE_OF_LINEAR_EXTRUSION('',#1819,#1823);
#1819 = B_SPLINE_CURVE_WITH_KNOTS('',2,(#1820,#1821,#1822),
  .UNSPECIFIED.,.F.,.F.,(3,3),(0.,1.),.PIECEWISE_BEZIER_KNOTS.);
#1820 = CARTESIAN_POINT('',(19.152229299363,2.649711692832,
    6.695262164087));
#1821 = CARTESIAN_POINT('',(18.682165605096,2.362589050218,
    5.906399186893));
#1822 = CARTESIAN_POINT('',(18.435541401274,2.039390907137,
    5.018419586766));
#1823 = VECTOR('',#1824,1.);
#1824 = DIRECTION('',(-0.,0.939692620786,-0.342020143326));
#1825 = ADVANCED_FACE('',(#1826),#1844,.T.);
#1826 = FACE_BOUND('',#1827,.T.);
#1827 = EDGE_LOOP('',(#1828,#1829,#1837,#1843));
#1828 = ORIENTED_EDGE('',*,*,#705,.T.);
#1829 = ORIENTED_EDGE('',*,*,#1830,.T.);
#1830 = EDGE_CURVE('',#698,#1831,#1833,.T.);
#1831 = VERTEX_POINT('',#1832);
#1832 = CARTESIAN_POINT('',(20.077070063694,2.33853182414,8.1793460216)
  );
#1833 = LINE('',#1834,#1835);
#1834 = CARTESIAN_POINT('',(20.077070063694,3.090285920769,
    7.905729906939));
#1835 = VECTOR('',#1836,1.);
#1836 = DIRECTION('',(0.,-0.939692620786,0.342020143326));
#1837 = ORIENTED_EDGE('',*,*,#1838,.T.);
#1838 = EDGE_CURVE('',#1831,#1805,#1839,.T.);
#1839 = B_SPLINE_CURVE_WITH_KNOTS('',2,(#1840,#1841,#1842),
  .UNSPECIFIED.,.F.,.F.,(3,3),(0.,1.),.PIECEWISE_BEZIER_KNOTS.);
#1840 = CARTESIAN_POINT('',(20.077070063694,2.33853182414,8.1793460216)
  );
#1841 = CARTESIAN_POINT('',(19.622292993631,2.185167377707,
    7.757980668075));
#1842 = CARTESIAN_POINT('',(19.152229299363,1.897957596203,
    6.968878278748));
#1843 = ORIENTED_EDGE('',*,*,#1804,.F.);
#1844 = SURFACE_OF_LINEAR_EXTRUSION('',#1845,#1849);
#1845 = B_SPLINE_CURVE_WITH_KNOTS('',2,(#1846,#1847,#1848),
  .UNSPECIFIED.,.F.,.F.,(3,3),(0.,1.),.PIECEWISE_BEZIER_KNOTS.);
#1846 = CARTESIAN_POINT('',(20.077070063694,3.090285920769,
    7.905729906939));
#1847 = CARTESIAN_POINT('',(19.622292993631,2.936921474335,
    7.484364553415));
#1848 = CARTESIAN_POINT('',(19.152229299363,2.649711692832,
    6.695262164087));
#1849 = VECTOR('',#1850,1.);
#1850 = DIRECTION('',(-0.,0.939692620786,-0.342020143326));
#1851 = ADVANCED_FACE('',(#1852),#1870,.T.);
#1852 = FACE_BOUND('',#1853,.T.);
#1853 = EDGE_LOOP('',(#1854,#1855,#1863,#1869));
#1854 = ORIENTED_EDGE('',*,*,#697,.T.);
#1855 = ORIENTED_EDGE('',*,*,#1856,.T.);
#1856 = EDGE_CURVE('',#690,#1857,#1859,.T.);
#1857 = VERTEX_POINT('',#1858);
#1858 = CARTESIAN_POINT('',(20.077070063694,2.60622249428,8.914820093206
    ));
#1859 = LINE('',#1860,#1861);
#1860 = CARTESIAN_POINT('',(20.077070063694,3.357976590908,
    8.641203978545));
#1861 = VECTOR('',#1862,1.);
#1862 = DIRECTION('',(0.,-0.939692620786,0.342020143326));
#1863 = ORIENTED_EDGE('',*,*,#1864,.T.);
#1864 = EDGE_CURVE('',#1857,#1831,#1865,.T.);
#1865 = LINE('',#1866,#1867);
#1866 = CARTESIAN_POINT('',(20.077070063694,2.60622249428,8.914820093206
    ));
#1867 = VECTOR('',#1868,1.);
#1868 = DIRECTION('',(0.,-0.342020143326,-0.939692620786));
#1869 = ORIENTED_EDGE('',*,*,#1830,.F.);
#1870 = PLANE('',#1871);
#1871 = AXIS2_PLACEMENT_3D('',#1872,#1873,#1874);
#1872 = CARTESIAN_POINT('',(20.077070063694,3.357976590908,
    8.641203978545));
#1873 = DIRECTION('',(1.,0.,0.));
#1874 = DIRECTION('',(0.,-0.342020143326,-0.939692620786));
#1875 = ADVANCED_FACE('',(#1876),#1887,.T.);
#1876 = FACE_BOUND('',#1877,.T.);
#1877 = EDGE_LOOP('',(#1878,#1879,#1880,#1886));
#1878 = ORIENTED_EDGE('',*,*,#689,.T.);
#1879 = ORIENTED_EDGE('',*,*,#1663,.T.);
#1880 = ORIENTED_EDGE('',*,*,#1881,.T.);
#1881 = EDGE_CURVE('',#1656,#1857,#1882,.T.);
#1882 = LINE('',#1883,#1884);
#1883 = CARTESIAN_POINT('',(16.404458598726,2.60622249428,8.914820093206
    ));
#1884 = VECTOR('',#1885,1.);
#1885 = DIRECTION('',(1.,0.,0.));
#1886 = ORIENTED_EDGE('',*,*,#1856,.F.);
#1887 = PLANE('',#1888);
#1888 = AXIS2_PLACEMENT_3D('',#1889,#1890,#1891);
#1889 = CARTESIAN_POINT('',(16.404458598726,3.357976590908,
    8.641203978545));
#1890 = DIRECTION('',(0.,0.342020143326,0.939692620786));
#1891 = DIRECTION('',(1.,0.,0.));
#1892 = ADVANCED_FACE('',(#1893),#1918,.F.);
#1893 = FACE_BOUND('',#1894,.F.);
#1894 = EDGE_LOOP('',(#1895,#1903,#1911,#1917));
#1895 = ORIENTED_EDGE('',*,*,#1896,.F.);
#1896 = EDGE_CURVE('',#1897,#284,#1899,.T.);
#1897 = VERTEX_POINT('',#1898);
#1898 = CARTESIAN_POINT('',(47.,18.9,0.));
#1899 = LINE('',#1900,#1901);
#1900 = CARTESIAN_POINT('',(47.,18.9,0.));
#1901 = VECTOR('',#1902,1.);
#1902 = DIRECTION('',(-0.971520338783,-0.236956180191,0.));
#1903 = ORIENTED_EDGE('',*,*,#1904,.T.);
#1904 = EDGE_CURVE('',#1897,#1905,#1907,.T.);
#1905 = VERTEX_POINT('',#1906);
#1906 = CARTESIAN_POINT('',(47.,18.9,10.));
#1907 = LINE('',#1908,#1909);
#1908 = CARTESIAN_POINT('',(47.,18.9,0.));
#1909 = VECTOR('',#1910,1.);
#1910 = DIRECTION('',(0.,0.,1.));
#1911 = ORIENTED_EDGE('',*,*,#1912,.T.);
#1912 = EDGE_CURVE('',#1905,#95,#1913,.T.);
#1913 = LINE('',#1914,#1915);
#1914 = CARTESIAN_POINT('',(47.,18.9,10.));
#1915 = VECTOR('',#1916,1.);
#1916 = DIRECTION('',(-0.971520338783,-0.236956180191,0.));
#1917 = ORIENTED_EDGE('',*,*,#871,.T.);
#1918 = PLANE('',#1919);
#1919 = AXIS2_PLACEMENT_3D('',#1920,#1921,#1922);
#1920 = CARTESIAN_POINT('',(47.,18.9,0.));
#1921 = DIRECTION('',(0.236956180191,-0.971520338783,0.));
#1922 = DIRECTION('',(-0.971520338783,-0.236956180191,0.));
#1923 = ADVANCED_FACE('',(#1924),#1942,.T.);
#1924 = FACE_BOUND('',#1925,.T.);
#1925 = EDGE_LOOP('',(#1926,#1927,#1935,#1941));
#1926 = ORIENTED_EDGE('',*,*,#888,.F.);
#1927 = ORIENTED_EDGE('',*,*,#1928,.T.);
#1928 = EDGE_CURVE('',#71,#1929,#1931,.T.);
#1929 = VERTEX_POINT('',#1930);
#1930 = CARTESIAN_POINT('',(47.,12.9,10.));
#1931 = LINE('',#1932,#1933);
#1932 = CARTESIAN_POINT('',(42.9,13.9,10.));
#1933 = VECTOR('',#1934,1.);
#1934 = DIRECTION('',(0.971520338783,-0.236956180191,0.));
#1935 = ORIENTED_EDGE('',*,*,#1936,.T.);
#1936 = EDGE_CURVE('',#1929,#1905,#1937,.T.);
#1937 = LINE('',#1938,#1939);
#1938 = CARTESIAN_POINT('',(47.,12.9,10.));
#1939 = VECTOR('',#1940,1.);
#1940 = DIRECTION('',(0.,1.,0.));
#1941 = ORIENTED_EDGE('',*,*,#1912,.T.);
#1942 = PLANE('',#1943);
#1943 = AXIS2_PLACEMENT_3D('',#1944,#1945,#1946);
#1944 = CARTESIAN_POINT('',(45.172338161771,15.9,10.));
#1945 = DIRECTION('',(0.,0.,1.));
#1946 = DIRECTION('',(1.,0.,0.));
#1947 = ADVANCED_FACE('',(#1948),#1966,.F.);
#1948 = FACE_BOUND('',#1949,.F.);
#1949 = EDGE_LOOP('',(#1950,#1958,#1959,#1960));
#1950 = ORIENTED_EDGE('',*,*,#1951,.F.);
#1951 = EDGE_CURVE('',#260,#1952,#1954,.T.);
#1952 = VERTEX_POINT('',#1953);
#1953 = CARTESIAN_POINT('',(47.,12.9,0.));
#1954 = LINE('',#1955,#1956);
#1955 = CARTESIAN_POINT('',(42.9,13.9,0.));
#1956 = VECTOR('',#1957,1.);
#1957 = DIRECTION('',(0.971520338783,-0.236956180191,0.));
#1958 = ORIENTED_EDGE('',*,*,#907,.T.);
#1959 = ORIENTED_EDGE('',*,*,#1928,.T.);
#1960 = ORIENTED_EDGE('',*,*,#1961,.F.);
#1961 = EDGE_CURVE('',#1952,#1929,#1962,.T.);
#1962 = LINE('',#1963,#1964);
#1963 = CARTESIAN_POINT('',(47.,12.9,0.));
#1964 = VECTOR('',#1965,1.);
#1965 = DIRECTION('',(0.,0.,1.));
#1966 = PLANE('',#1967);
#1967 = AXIS2_PLACEMENT_3D('',#1968,#1969,#1970);
#1968 = CARTESIAN_POINT('',(42.9,13.9,0.));
#1969 = DIRECTION('',(0.236956180191,0.971520338783,0.));
#1970 = DIRECTION('',(0.971520338783,-0.236956180191,0.));
#1971 = ADVANCED_FACE('',(#1972),#1998,.T.);
#1972 = FACE_BOUND('',#1973,.T.);
#1973 = EDGE_LOOP('',(#1974,#1982,#1983,#1991));
#1974 = ORIENTED_EDGE('',*,*,#1975,.F.);
#1975 = EDGE_CURVE('',#922,#1976,#1978,.T.);
#1976 = VERTEX_POINT('',#1977);
#1977 = CARTESIAN_POINT('',(16.6,37.86,21.));
#1978 = LINE('',#1979,#1980);
#1979 = CARTESIAN_POINT('',(16.6,38.11,20.75));
#1980 = VECTOR('',#1981,1.);
#1981 = DIRECTION('',(-2.90882763039E-35,-0.707106781187,0.707106781187)
  );
#1982 = ORIENTED_EDGE('',*,*,#938,.T.);
#1983 = ORIENTED_EDGE('',*,*,#1984,.T.);
#1984 = EDGE_CURVE('',#931,#1985,#1987,.T.);
#1985 = VERTEX_POINT('',#1986);
#1986 = CARTESIAN_POINT('',(16.5,37.76,21.));
#1987 = LINE('',#1988,#1989);
#1988 = CARTESIAN_POINT('',(16.,37.76,20.5));
#1989 = VECTOR('',#1990,1.);
#1990 = DIRECTION('',(0.707106781187,-4.329780281177E-17,0.707106781187)
  );
#1991 = ORIENTED_EDGE('',*,*,#1992,.F.);
#1992 = EDGE_CURVE('',#1976,#1985,#1993,.T.);
#1993 = CIRCLE('',#1994,1.E-01);
#1994 = AXIS2_PLACEMENT_3D('',#1995,#1996,#1997);
#1995 = CARTESIAN_POINT('',(16.6,37.76,21.));
#1996 = DIRECTION('',(0.,-0.,1.));
#1997 = DIRECTION('',(0.,1.,0.));
#1998 = CONICAL_SURFACE('',#1999,0.6,0.785398163397);
#1999 = AXIS2_PLACEMENT_3D('',#2000,#2001,#2002);
#2000 = CARTESIAN_POINT('',(16.6,37.76,20.5));
#2001 = DIRECTION('',(-0.,-0.,-1.));
#2002 = DIRECTION('',(0.,1.,0.));
#2003 = ADVANCED_FACE('',(#2004),#2022,.F.);
#2004 = FACE_BOUND('',#2005,.T.);
#2005 = EDGE_LOOP('',(#2006,#2014,#2015,#2016));
#2006 = ORIENTED_EDGE('',*,*,#2007,.F.);
#2007 = EDGE_CURVE('',#955,#2008,#2010,.T.);
#2008 = VERTEX_POINT('',#2009);
#2009 = CARTESIAN_POINT('',(26.4,37.86,21.));
#2010 = LINE('',#2011,#2012);
#2011 = CARTESIAN_POINT('',(26.4,38.11,20.75));
#2012 = VECTOR('',#2013,1.);
#2013 = DIRECTION('',(-2.90882763039E-35,-0.707106781187,0.707106781187)
  );
#2014 = ORIENTED_EDGE('',*,*,#962,.T.);
#2015 = ORIENTED_EDGE('',*,*,#1975,.T.);
#2016 = ORIENTED_EDGE('',*,*,#2017,.F.);
#2017 = EDGE_CURVE('',#2008,#1976,#2018,.T.);
#2018 = LINE('',#2019,#2020);
#2019 = CARTESIAN_POINT('',(26.4,37.86,21.));
#2020 = VECTOR('',#2021,1.);
#2021 = DIRECTION('',(-1.,0.,0.));
#2022 = PLANE('',#2023);
#2023 = AXIS2_PLACEMENT_3D('',#2024,#2025,#2026);
#2024 = CARTESIAN_POINT('',(26.4,38.11,20.75));
#2025 = DIRECTION('',(-1.889513820523E-18,-0.707106781187,
    -0.707106781187));
#2026 = DIRECTION('',(1.,-1.336088035637E-18,-1.336088035637E-18));
#2027 = ADVANCED_FACE('',(#2028),#2046,.F.);
#2028 = FACE_BOUND('',#2029,.T.);
#2029 = EDGE_LOOP('',(#2030,#2031,#2032,#2040));
#2030 = ORIENTED_EDGE('',*,*,#1984,.F.);
#2031 = ORIENTED_EDGE('',*,*,#979,.T.);
#2032 = ORIENTED_EDGE('',*,*,#2033,.T.);
#2033 = EDGE_CURVE('',#980,#2034,#2036,.T.);
#2034 = VERTEX_POINT('',#2035);
#2035 = CARTESIAN_POINT('',(16.5,27.96,21.));
#2036 = LINE('',#2037,#2038);
#2037 = CARTESIAN_POINT('',(16.25,27.96,20.75));
#2038 = VECTOR('',#2039,1.);
#2039 = DIRECTION('',(0.707106781187,-2.90882763039E-35,0.707106781187)
  );
#2040 = ORIENTED_EDGE('',*,*,#2041,.F.);
#2041 = EDGE_CURVE('',#1985,#2034,#2042,.T.);
#2042 = LINE('',#2043,#2044);
#2043 = CARTESIAN_POINT('',(16.5,37.76,21.));
#2044 = VECTOR('',#2045,1.);
#2045 = DIRECTION('',(0.,-1.,0.));
#2046 = PLANE('',#2047);
#2047 = AXIS2_PLACEMENT_3D('',#2048,#2049,#2050);
#2048 = CARTESIAN_POINT('',(16.25,37.76,20.75));
#2049 = DIRECTION('',(0.707106781187,1.889513820523E-18,-0.707106781187)
  );
#2050 = DIRECTION('',(-1.336088035637E-18,1.,1.336088035637E-18));
#2051 = ADVANCED_FACE('',(#2052),#2071,.T.);
#2052 = FACE_BOUND('',#2053,.T.);
#2053 = EDGE_LOOP('',(#2054,#2062,#2063,#2064));
#2054 = ORIENTED_EDGE('',*,*,#2055,.F.);
#2055 = EDGE_CURVE('',#1004,#2056,#2058,.T.);
#2056 = VERTEX_POINT('',#2057);
#2057 = CARTESIAN_POINT('',(26.5,37.76,21.));
#2058 = LINE('',#2059,#2060);
#2059 = CARTESIAN_POINT('',(26.75,37.76,20.75));
#2060 = VECTOR('',#2061,1.);
#2061 = DIRECTION('',(-0.707106781187,2.90882763039E-35,0.707106781187)
  );
#2062 = ORIENTED_EDGE('',*,*,#1011,.T.);
#2063 = ORIENTED_EDGE('',*,*,#2007,.T.);
#2064 = ORIENTED_EDGE('',*,*,#2065,.F.);
#2065 = EDGE_CURVE('',#2056,#2008,#2066,.T.);
#2066 = CIRCLE('',#2067,1.E-01);
#2067 = AXIS2_PLACEMENT_3D('',#2068,#2069,#2070);
#2068 = CARTESIAN_POINT('',(26.4,37.76,21.));
#2069 = DIRECTION('',(0.,0.,1.));
#2070 = DIRECTION('',(1.,0.,0.));
#2071 = CONICAL_SURFACE('',#2072,0.6,0.785398163397);
#2072 = AXIS2_PLACEMENT_3D('',#2073,#2074,#2075);
#2073 = CARTESIAN_POINT('',(26.4,37.76,20.5));
#2074 = DIRECTION('',(-0.,-0.,-1.));
#2075 = DIRECTION('',(1.,0.,0.));
#2076 = ADVANCED_FACE('',(#2077),#2096,.T.);
#2077 = FACE_BOUND('',#2078,.T.);
#2078 = EDGE_LOOP('',(#2079,#2080,#2081,#2089));
#2079 = ORIENTED_EDGE('',*,*,#2033,.F.);
#2080 = ORIENTED_EDGE('',*,*,#1036,.T.);
#2081 = ORIENTED_EDGE('',*,*,#2082,.T.);
#2082 = EDGE_CURVE('',#1029,#2083,#2085,.T.);
#2083 = VERTEX_POINT('',#2084);
#2084 = CARTESIAN_POINT('',(16.6,27.86,21.));
#2085 = LINE('',#2086,#2087);
#2086 = CARTESIAN_POINT('',(16.6,27.36,20.5));
#2087 = VECTOR('',#2088,1.);
#2088 = DIRECTION('',(4.329780281177E-17,0.707106781187,0.707106781187)
  );
#2089 = ORIENTED_EDGE('',*,*,#2090,.F.);
#2090 = EDGE_CURVE('',#2034,#2083,#2091,.T.);
#2091 = CIRCLE('',#2092,1.E-01);
#2092 = AXIS2_PLACEMENT_3D('',#2093,#2094,#2095);
#2093 = CARTESIAN_POINT('',(16.6,27.96,21.));
#2094 = DIRECTION('',(0.,0.,1.));
#2095 = DIRECTION('',(-1.,0.,0.));
#2096 = CONICAL_SURFACE('',#2097,0.6,0.785398163397);
#2097 = AXIS2_PLACEMENT_3D('',#2098,#2099,#2100);
#2098 = CARTESIAN_POINT('',(16.6,27.96,20.5));
#2099 = DIRECTION('',(-0.,-0.,-1.));
#2100 = DIRECTION('',(-1.,0.,0.));
#2101 = ADVANCED_FACE('',(#2102),#2120,.F.);
#2102 = FACE_BOUND('',#2103,.T.);
#2103 = EDGE_LOOP('',(#2104,#2112,#2113,#2114));
#2104 = ORIENTED_EDGE('',*,*,#2105,.F.);
#2105 = EDGE_CURVE('',#1053,#2106,#2108,.T.);
#2106 = VERTEX_POINT('',#2107);
#2107 = CARTESIAN_POINT('',(26.5,27.96,21.));
#2108 = LINE('',#2109,#2110);
#2109 = CARTESIAN_POINT('',(27.,27.96,20.5));
#2110 = VECTOR('',#2111,1.);
#2111 = DIRECTION('',(-0.707106781187,4.329780281177E-17,0.707106781187)
  );
#2112 = ORIENTED_EDGE('',*,*,#1060,.T.);
#2113 = ORIENTED_EDGE('',*,*,#2055,.T.);
#2114 = ORIENTED_EDGE('',*,*,#2115,.F.);
#2115 = EDGE_CURVE('',#2106,#2056,#2116,.T.);
#2116 = LINE('',#2117,#2118);
#2117 = CARTESIAN_POINT('',(26.5,27.96,21.));
#2118 = VECTOR('',#2119,1.);
#2119 = DIRECTION('',(0.,1.,0.));
#2120 = PLANE('',#2121);
#2121 = AXIS2_PLACEMENT_3D('',#2122,#2123,#2124);
#2122 = CARTESIAN_POINT('',(26.75,27.96,20.75));
#2123 = DIRECTION('',(-0.707106781187,-1.889513820523E-18,
    -0.707106781187));
#2124 = DIRECTION('',(1.336088035637E-18,-1.,1.336088035637E-18));
#2125 = ADVANCED_FACE('',(#2126),#2144,.F.);
#2126 = FACE_BOUND('',#2127,.T.);
#2127 = EDGE_LOOP('',(#2128,#2129,#2130,#2138));
#2128 = ORIENTED_EDGE('',*,*,#2082,.F.);
#2129 = ORIENTED_EDGE('',*,*,#1077,.T.);
#2130 = ORIENTED_EDGE('',*,*,#2131,.T.);
#2131 = EDGE_CURVE('',#1078,#2132,#2134,.T.);
#2132 = VERTEX_POINT('',#2133);
#2133 = CARTESIAN_POINT('',(26.4,27.86,21.));
#2134 = LINE('',#2135,#2136);
#2135 = CARTESIAN_POINT('',(26.4,27.61,20.75));
#2136 = VECTOR('',#2137,1.);
#2137 = DIRECTION('',(2.90882763039E-35,0.707106781187,0.707106781187));
#2138 = ORIENTED_EDGE('',*,*,#2139,.F.);
#2139 = EDGE_CURVE('',#2083,#2132,#2140,.T.);
#2140 = LINE('',#2141,#2142);
#2141 = CARTESIAN_POINT('',(16.6,27.86,21.));
#2142 = VECTOR('',#2143,1.);
#2143 = DIRECTION('',(1.,0.,0.));
#2144 = PLANE('',#2145);
#2145 = AXIS2_PLACEMENT_3D('',#2146,#2147,#2148);
#2146 = CARTESIAN_POINT('',(16.6,27.61,20.75));
#2147 = DIRECTION('',(1.889513820523E-18,0.707106781187,-0.707106781187)
  );
#2148 = DIRECTION('',(-1.,1.336088035637E-18,-1.336088035637E-18));
#2149 = ADVANCED_FACE('',(#2150),#2162,.T.);
#2150 = FACE_BOUND('',#2151,.T.);
#2151 = EDGE_LOOP('',(#2152,#2153,#2154,#2155));
#2152 = ORIENTED_EDGE('',*,*,#2131,.F.);
#2153 = ORIENTED_EDGE('',*,*,#1102,.T.);
#2154 = ORIENTED_EDGE('',*,*,#2105,.T.);
#2155 = ORIENTED_EDGE('',*,*,#2156,.F.);
#2156 = EDGE_CURVE('',#2132,#2106,#2157,.T.);
#2157 = CIRCLE('',#2158,1.E-01);
#2158 = AXIS2_PLACEMENT_3D('',#2159,#2160,#2161);
#2159 = CARTESIAN_POINT('',(26.4,27.96,21.));
#2160 = DIRECTION('',(-0.,0.,1.));
#2161 = DIRECTION('',(0.,-1.,0.));
#2162 = CONICAL_SURFACE('',#2163,0.6,0.785398163397);
#2163 = AXIS2_PLACEMENT_3D('',#2164,#2165,#2166);
#2164 = CARTESIAN_POINT('',(26.4,27.96,20.5));
#2165 = DIRECTION('',(-0.,-0.,-1.));
#2166 = DIRECTION('',(0.,-1.,0.));
#2167 = ADVANCED_FACE('',(#2168),#2179,.F.);
#2168 = FACE_BOUND('',#2169,.F.);
#2169 = EDGE_LOOP('',(#2170,#2171,#2172,#2178));
#2170 = ORIENTED_EDGE('',*,*,#1118,.F.);
#2171 = ORIENTED_EDGE('',*,*,#1951,.T.);
#2172 = ORIENTED_EDGE('',*,*,#2173,.T.);
#2173 = EDGE_CURVE('',#1952,#1897,#2174,.T.);
#2174 = LINE('',#2175,#2176);
#2175 = CARTESIAN_POINT('',(47.,12.9,0.));
#2176 = VECTOR('',#2177,1.);
#2177 = DIRECTION('',(0.,1.,0.));
#2178 = ORIENTED_EDGE('',*,*,#1896,.T.);
#2179 = PLANE('',#2180);
#2180 = AXIS2_PLACEMENT_3D('',#2181,#2182,#2183);
#2181 = CARTESIAN_POINT('',(45.172338161771,15.9,0.));
#2182 = DIRECTION('',(0.,0.,1.));
#2183 = DIRECTION('',(1.,0.,0.));
#2184 = ADVANCED_FACE('',(#2185,#2203,#2269),#2335,.T.);
#2185 = FACE_BOUND('',#2186,.T.);
#2186 = EDGE_LOOP('',(#2187,#2188,#2189,#2190,#2191,#2192,#2193,#2194,
    #2195,#2196,#2197,#2198,#2199,#2200,#2201,#2202));
#2187 = ORIENTED_EDGE('',*,*,#1143,.F.);
#2188 = ORIENTED_EDGE('',*,*,#1176,.F.);
#2189 = ORIENTED_EDGE('',*,*,#1202,.F.);
#2190 = ORIENTED_EDGE('',*,*,#1228,.F.);
#2191 = ORIENTED_EDGE('',*,*,#1254,.F.);
#2192 = ORIENTED_EDGE('',*,*,#1280,.F.);
#2193 = ORIENTED_EDGE('',*,*,#1306,.F.);
#2194 = ORIENTED_EDGE('',*,*,#1332,.F.);
#2195 = ORIENTED_EDGE('',*,*,#1358,.F.);
#2196 = ORIENTED_EDGE('',*,*,#1384,.F.);
#2197 = ORIENTED_EDGE('',*,*,#1410,.F.);
#2198 = ORIENTED_EDGE('',*,*,#1436,.F.);
#2199 = ORIENTED_EDGE('',*,*,#1462,.F.);
#2200 = ORIENTED_EDGE('',*,*,#1488,.F.);
#2201 = ORIENTED_EDGE('',*,*,#1514,.F.);
#2202 = ORIENTED_EDGE('',*,*,#1533,.F.);
#2203 = FACE_BOUND('',#2204,.T.);
#2204 = EDGE_LOOP('',(#2205,#2215,#2223,#2231,#2239,#2247,#2255,#2263));
#2205 = ORIENTED_EDGE('',*,*,#2206,.F.);
#2206 = EDGE_CURVE('',#2207,#2209,#2211,.T.);
#2207 = VERTEX_POINT('',#2208);
#2208 = CARTESIAN_POINT('',(23.970063694268,1.292865143909,
    5.306400429388));
#2209 = VERTEX_POINT('',#2210);
#2210 = CARTESIAN_POINT('',(24.197324840764,1.052797501906,
    4.646820003843));
#2211 = B_SPLINE_CURVE_WITH_KNOTS('',2,(#2212,#2213,#2214),
  .UNSPECIFIED.,.F.,.F.,(3,3),(0.,1.),.PIECEWISE_BEZIER_KNOTS.);
#2212 = CARTESIAN_POINT('',(23.970063694268,1.292865143909,
    5.306400429388));
#2213 = CARTESIAN_POINT('',(23.970063694268,1.138977864135,
    4.883598603068));
#2214 = CARTESIAN_POINT('',(24.197324840764,1.052797501906,
    4.646820003843));
#2215 = ORIENTED_EDGE('',*,*,#2216,.F.);
#2216 = EDGE_CURVE('',#2217,#2207,#2219,.T.);
#2217 = VERTEX_POINT('',#2218);
#2218 = CARTESIAN_POINT('',(24.162929936306,1.497031563224,
    5.867343056267));
#2219 = B_SPLINE_CURVE_WITH_KNOTS('',2,(#2220,#2221,#2222),
  .UNSPECIFIED.,.F.,.F.,(3,3),(0.,1.),.PIECEWISE_BEZIER_KNOTS.);
#2220 = CARTESIAN_POINT('',(24.162929936306,1.497031563224,
    5.867343056267));
#2221 = CARTESIAN_POINT('',(23.970063694268,1.402921562003,
    5.608777952968));
#2222 = CARTESIAN_POINT('',(23.970063694268,1.292865143909,
    5.306400429388));
#2223 = ORIENTED_EDGE('',*,*,#2224,.F.);
#2224 = EDGE_CURVE('',#2225,#2217,#2227,.T.);
#2225 = VERTEX_POINT('',#2226);
#2226 = CARTESIAN_POINT('',(24.749681528662,1.591228703335,
    6.126147571699));
#2227 = B_SPLINE_CURVE_WITH_KNOTS('',2,(#2228,#2229,#2230),
  .UNSPECIFIED.,.F.,.F.,(3,3),(0.,1.),.PIECEWISE_BEZIER_KNOTS.);
#2228 = CARTESIAN_POINT('',(24.749681528662,1.591228703335,
    6.126147571699));
#2229 = CARTESIAN_POINT('',(24.356050955414,1.591228703335,
    6.126147571699));
#2230 = CARTESIAN_POINT('',(24.162929936306,1.497031563224,
    5.867343056267));
#2231 = ORIENTED_EDGE('',*,*,#2232,.F.);
#2232 = EDGE_CURVE('',#2233,#2225,#2235,.T.);
#2233 = VERTEX_POINT('',#2234);
#2234 = CARTESIAN_POINT('',(25.311464968153,1.508359618927,
    5.898466633516));
#2235 = B_SPLINE_CURVE_WITH_KNOTS('',2,(#2236,#2237,#2238),
  .UNSPECIFIED.,.F.,.F.,(3,3),(0.,1.),.PIECEWISE_BEZIER_KNOTS.);
#2236 = CARTESIAN_POINT('',(25.311464968153,1.508359618927,
    5.898466633516));
#2237 = CARTESIAN_POINT('',(25.089808917197,1.591228703335,
    6.126147571699));
#2238 = CARTESIAN_POINT('',(24.749681528662,1.591228703335,
    6.126147571699));
#2239 = ORIENTED_EDGE('',*,*,#2240,.F.);
#2240 = EDGE_CURVE('',#2241,#2233,#2243,.T.);
#2241 = VERTEX_POINT('',#2242);
#2242 = CARTESIAN_POINT('',(25.533121019108,1.288856754968,
    5.295387471285));
#2243 = B_SPLINE_CURVE_WITH_KNOTS('',2,(#2244,#2245,#2246),
  .UNSPECIFIED.,.F.,.F.,(3,3),(0.,1.),.PIECEWISE_BEZIER_KNOTS.);
#2244 = CARTESIAN_POINT('',(25.533121019108,1.288856754968,
    5.295387471285));
#2245 = CARTESIAN_POINT('',(25.533121019108,1.425490534518,
    5.670785695334));
#2246 = CARTESIAN_POINT('',(25.311464968153,1.508359618927,
    5.898466633516));
#2247 = ORIENTED_EDGE('',*,*,#2248,.F.);
#2248 = EDGE_CURVE('',#2249,#2241,#2251,.T.);
#2249 = VERTEX_POINT('',#2250);
#2250 = CARTESIAN_POINT('',(25.315286624204,1.049486224085,
    4.637722342801));
#2251 = B_SPLINE_CURVE_WITH_KNOTS('',2,(#2252,#2253,#2254),
  .UNSPECIFIED.,.F.,.F.,(3,3),(0.,1.),.PIECEWISE_BEZIER_KNOTS.);
#2252 = CARTESIAN_POINT('',(25.315286624204,1.049486224085,
    4.637722342801));
#2253 = CARTESIAN_POINT('',(25.533121019108,1.132355308494,
    4.865403280984));
#2254 = CARTESIAN_POINT('',(25.533121019108,1.288856754968,
    5.295387471285));
#2255 = ORIENTED_EDGE('',*,*,#2256,.F.);
#2256 = EDGE_CURVE('',#2257,#2249,#2259,.T.);
#2257 = VERTEX_POINT('',#2258);
#2258 = CARTESIAN_POINT('',(24.764968152866,0.966617139677,
    4.410041404618));
#2259 = B_SPLINE_CURVE_WITH_KNOTS('',2,(#2260,#2261,#2262),
  .UNSPECIFIED.,.F.,.F.,(3,3),(0.,1.),.PIECEWISE_BEZIER_KNOTS.);
#2260 = CARTESIAN_POINT('',(24.764968152866,0.966617139677,
    4.410041404618));
#2261 = CARTESIAN_POINT('',(25.097452229299,0.966617139677,
    4.410041404618));
#2262 = CARTESIAN_POINT('',(25.315286624204,1.049486224085,
    4.637722342801));
#2263 = ORIENTED_EDGE('',*,*,#2264,.F.);
#2264 = EDGE_CURVE('',#2209,#2257,#2265,.T.);
#2265 = B_SPLINE_CURVE_WITH_KNOTS('',2,(#2266,#2267,#2268),
  .UNSPECIFIED.,.F.,.F.,(3,3),(0.,1.),.PIECEWISE_BEZIER_KNOTS.);
#2266 = CARTESIAN_POINT('',(24.197324840764,1.052797501906,
    4.646820003843));
#2267 = CARTESIAN_POINT('',(24.424840764331,0.966617139677,
    4.410041404618));
#2268 = CARTESIAN_POINT('',(24.764968152866,0.966617139677,
    4.410041404618));
#2269 = FACE_BOUND('',#2270,.T.);
#2270 = EDGE_LOOP('',(#2271,#2281,#2289,#2297,#2305,#2313,#2321,#2329));
#2271 = ORIENTED_EDGE('',*,*,#2272,.F.);
#2272 = EDGE_CURVE('',#2273,#2275,#2277,.T.);
#2273 = VERTEX_POINT('',#2274);
#2274 = CARTESIAN_POINT('',(24.069426751592,2.117460460162,7.57195744098
    ));
#2275 = VERTEX_POINT('',#2276);
#2276 = CARTESIAN_POINT('',(24.250828025478,1.943618374573,
    7.094330236274));
#2277 = B_SPLINE_CURVE_WITH_KNOTS('',2,(#2278,#2279,#2280),
  .UNSPECIFIED.,.F.,.F.,(3,3),(0.,1.),.PIECEWISE_BEZIER_KNOTS.);
#2278 = CARTESIAN_POINT('',(24.069426751592,2.117460460162,7.57195744098
    ));
#2279 = CARTESIAN_POINT('',(24.069426751592,2.006009819827,
    7.265749323276));
#2280 = CARTESIAN_POINT('',(24.250828025478,1.943618374573,
    7.094330236274));
#2281 = ORIENTED_EDGE('',*,*,#2282,.F.);
#2282 = EDGE_CURVE('',#2283,#2273,#2285,.T.);
#2283 = VERTEX_POINT('',#2284);
#2284 = CARTESIAN_POINT('',(24.252866242038,2.285987073459,
    8.034980505591));
#2285 = B_SPLINE_CURVE_WITH_KNOTS('',2,(#2286,#2287,#2288),
  .UNSPECIFIED.,.F.,.F.,(3,3),(0.,1.),.PIECEWISE_BEZIER_KNOTS.);
#2286 = CARTESIAN_POINT('',(24.252866242038,2.285987073459,
    8.034980505591));
#2287 = CARTESIAN_POINT('',(24.069426751592,2.222288544855,
    7.859970236599));
#2288 = CARTESIAN_POINT('',(24.069426751592,2.117460460162,7.57195744098
    ));
#2289 = ORIENTED_EDGE('',*,*,#2290,.F.);
#2290 = EDGE_CURVE('',#2291,#2283,#2293,.T.);
#2291 = VERTEX_POINT('',#2292);
#2292 = CARTESIAN_POINT('',(24.745859872611,2.349685602063,
    8.209990774583));
#2293 = B_SPLINE_CURVE_WITH_KNOTS('',2,(#2294,#2295,#2296),
  .UNSPECIFIED.,.F.,.F.,(3,3),(0.,1.),.PIECEWISE_BEZIER_KNOTS.);
#2294 = CARTESIAN_POINT('',(24.745859872611,2.349685602063,
    8.209990774583));
#2295 = CARTESIAN_POINT('',(24.436305732484,2.349685602063,
    8.209990774583));
#2296 = CARTESIAN_POINT('',(24.252866242038,2.285987073459,
    8.034980505591));
#2297 = ORIENTED_EDGE('',*,*,#2298,.F.);
#2298 = EDGE_CURVE('',#2299,#2291,#2301,.T.);
#2299 = VERTEX_POINT('',#2300);
#2300 = CARTESIAN_POINT('',(25.225350318471,2.286597045689,8.03665639052
    ));
#2301 = B_SPLINE_CURVE_WITH_KNOTS('',2,(#2302,#2303,#2304),
  .UNSPECIFIED.,.F.,.F.,(3,3),(0.,1.),.PIECEWISE_BEZIER_KNOTS.);
#2302 = CARTESIAN_POINT('',(25.225350318471,2.286597045689,8.03665639052
    ));
#2303 = CARTESIAN_POINT('',(25.043949044586,2.349685602063,
    8.209990774583));
#2304 = CARTESIAN_POINT('',(24.745859872611,2.349685602063,
    8.209990774583));
#2305 = ORIENTED_EDGE('',*,*,#2306,.F.);
#2306 = EDGE_CURVE('',#2307,#2299,#2309,.T.);
#2307 = VERTEX_POINT('',#2308);
#2308 = CARTESIAN_POINT('',(25.407006369427,2.118767543512,7.57554862297
    ));
#2309 = B_SPLINE_CURVE_WITH_KNOTS('',2,(#2310,#2311,#2312),
  .UNSPECIFIED.,.F.,.F.,(3,3),(0.,1.),.PIECEWISE_BEZIER_KNOTS.);
#2310 = CARTESIAN_POINT('',(25.407006369427,2.118767543512,7.57554862297
    ));
#2311 = CARTESIAN_POINT('',(25.407006369427,2.223595628205,
    7.863561418589));
#2312 = CARTESIAN_POINT('',(25.225350318471,2.286597045689,8.03665639052
    ));
#2313 = ORIENTED_EDGE('',*,*,#2314,.F.);
#2314 = EDGE_CURVE('',#2315,#2307,#2317,.T.);
#2315 = VERTEX_POINT('',#2316);
#2316 = CARTESIAN_POINT('',(25.223566878981,1.944228346803,
    7.096006121203));
#2317 = B_SPLINE_CURVE_WITH_KNOTS('',2,(#2318,#2319,#2320),
  .UNSPECIFIED.,.F.,.F.,(3,3),(0.,1.),.PIECEWISE_BEZIER_KNOTS.);
#2318 = CARTESIAN_POINT('',(25.223566878981,1.944228346803,
    7.096006121203));
#2319 = CARTESIAN_POINT('',(25.407006369427,2.007316903177,
    7.269340505267));
#2320 = CARTESIAN_POINT('',(25.407006369427,2.118767543512,7.57554862297
    ));
#2321 = ORIENTED_EDGE('',*,*,#2322,.F.);
#2322 = EDGE_CURVE('',#2323,#2315,#2325,.T.);
#2323 = VERTEX_POINT('',#2324);
#2324 = CARTESIAN_POINT('',(24.734394904459,1.881226929319,
    6.922911149272));
#2325 = B_SPLINE_CURVE_WITH_KNOTS('',2,(#2326,#2327,#2328),
  .UNSPECIFIED.,.F.,.F.,(3,3),(0.,1.),.PIECEWISE_BEZIER_KNOTS.);
#2326 = CARTESIAN_POINT('',(24.734394904459,1.881226929319,
    6.922911149272));
#2327 = CARTESIAN_POINT('',(25.040127388535,1.881226929319,
    6.922911149272));
#2328 = CARTESIAN_POINT('',(25.223566878981,1.944228346803,
    7.096006121203));
#2329 = ORIENTED_EDGE('',*,*,#2330,.F.);
#2330 = EDGE_CURVE('',#2275,#2323,#2331,.T.);
#2331 = B_SPLINE_CURVE_WITH_KNOTS('',2,(#2332,#2333,#2334),
  .UNSPECIFIED.,.F.,.F.,(3,3),(0.,1.),.PIECEWISE_BEZIER_KNOTS.);
#2332 = CARTESIAN_POINT('',(24.250828025478,1.943618374573,
    7.094330236274));
#2333 = CARTESIAN_POINT('',(24.432484076433,1.881226929319,
    6.922911149272));
#2334 = CARTESIAN_POINT('',(24.734394904459,1.881226929319,
    6.922911149272));
#2335 = PLANE('',#2336);
#2336 = AXIS2_PLACEMENT_3D('',#2337,#2338,#2339);
#2337 = CARTESIAN_POINT('',(24.745488323563,1.65934826331,6.313304524554
    ));
#2338 = DIRECTION('',(0.,-0.939692620786,0.342020143326));
#2339 = DIRECTION('',(1.,0.,0.));
#2340 = ADVANCED_FACE('',(#2341),#2347,.T.);
#2341 = FACE_BOUND('',#2342,.F.);
#2342 = EDGE_LOOP('',(#2343,#2344,#2345,#2346));
#2343 = ORIENTED_EDGE('',*,*,#1559,.T.);
#2344 = ORIENTED_EDGE('',*,*,#1631,.T.);
#2345 = ORIENTED_EDGE('',*,*,#1614,.T.);
#2346 = ORIENTED_EDGE('',*,*,#1590,.T.);
#2347 = PLANE('',#2348);
#2348 = AXIS2_PLACEMENT_3D('',#2349,#2350,#2351);
#2349 = CARTESIAN_POINT('',(21.508029060596,1.667637115662,
    6.336077959222));
#2350 = DIRECTION('',(0.,-0.939692620786,0.342020143326));
#2351 = DIRECTION('',(1.,0.,0.));
#2352 = ADVANCED_FACE('',(#2353),#2365,.T.);
#2353 = FACE_BOUND('',#2354,.F.);
#2354 = EDGE_LOOP('',(#2355,#2356,#2357,#2358,#2359,#2360,#2361,#2362,
    #2363,#2364));
#2355 = ORIENTED_EDGE('',*,*,#1655,.T.);
#2356 = ORIENTED_EDGE('',*,*,#1881,.T.);
#2357 = ORIENTED_EDGE('',*,*,#1864,.T.);
#2358 = ORIENTED_EDGE('',*,*,#1838,.T.);
#2359 = ORIENTED_EDGE('',*,*,#1812,.T.);
#2360 = ORIENTED_EDGE('',*,*,#1786,.T.);
#2361 = ORIENTED_EDGE('',*,*,#1762,.T.);
#2362 = ORIENTED_EDGE('',*,*,#1736,.T.);
#2363 = ORIENTED_EDGE('',*,*,#1710,.T.);
#2364 = ORIENTED_EDGE('',*,*,#1686,.T.);
#2365 = PLANE('',#2366);
#2366 = AXIS2_PLACEMENT_3D('',#2367,#2368,#2369);
#2367 = CARTESIAN_POINT('',(18.16109940255,1.877888413251,6.913738651761
    ));
#2368 = DIRECTION('',(0.,-0.939692620786,0.342020143326));
#2369 = DIRECTION('',(1.,0.,0.));
#2370 = ADVANCED_FACE('',(#2371),#2377,.F.);
#2371 = FACE_BOUND('',#2372,.F.);
#2372 = EDGE_LOOP('',(#2373,#2374,#2375,#2376));
#2373 = ORIENTED_EDGE('',*,*,#1961,.T.);
#2374 = ORIENTED_EDGE('',*,*,#1936,.T.);
#2375 = ORIENTED_EDGE('',*,*,#1904,.F.);
#2376 = ORIENTED_EDGE('',*,*,#2173,.F.);
#2377 = PLANE('',#2378);
#2378 = AXIS2_PLACEMENT_3D('',#2379,#2380,#2381);
#2379 = CARTESIAN_POINT('',(47.,12.9,0.));
#2380 = DIRECTION('',(-1.,0.,0.));
#2381 = DIRECTION('',(0.,1.,0.));
#2382 = ADVANCED_FACE('',(#2383),#2393,.T.);
#2383 = FACE_BOUND('',#2384,.T.);
#2384 = EDGE_LOOP('',(#2385,#2386,#2387,#2388,#2389,#2390,#2391,#2392));
#2385 = ORIENTED_EDGE('',*,*,#2017,.T.);
#2386 = ORIENTED_EDGE('',*,*,#1992,.T.);
#2387 = ORIENTED_EDGE('',*,*,#2041,.T.);
#2388 = ORIENTED_EDGE('',*,*,#2090,.T.);
#2389 = ORIENTED_EDGE('',*,*,#2139,.T.);
#2390 = ORIENTED_EDGE('',*,*,#2156,.T.);
#2391 = ORIENTED_EDGE('',*,*,#2115,.T.);
#2392 = ORIENTED_EDGE('',*,*,#2065,.T.);
#2393 = PLANE('',#2394);
#2394 = AXIS2_PLACEMENT_3D('',#2395,#2396,#2397);
#2395 = CARTESIAN_POINT('',(21.5,32.86,21.));
#2396 = DIRECTION('',(0.,0.,1.));
#2397 = DIRECTION('',(1.,0.,0.));
#2398 = ADVANCED_FACE('',(#2399),#2409,.T.);
#2399 = FACE_BOUND('',#2400,.T.);
#2400 = EDGE_LOOP('',(#2401,#2402,#2403,#2404,#2405,#2406,#2407,#2408));
#2401 = ORIENTED_EDGE('',*,*,#2216,.T.);
#2402 = ORIENTED_EDGE('',*,*,#2206,.T.);
#2403 = ORIENTED_EDGE('',*,*,#2264,.T.);
#2404 = ORIENTED_EDGE('',*,*,#2256,.T.);
#2405 = ORIENTED_EDGE('',*,*,#2248,.T.);
#2406 = ORIENTED_EDGE('',*,*,#2240,.T.);
#2407 = ORIENTED_EDGE('',*,*,#2232,.T.);
#2408 = ORIENTED_EDGE('',*,*,#2224,.T.);
#2409 = PLANE('',#2410);
#2410 = AXIS2_PLACEMENT_3D('',#2411,#2412,#2413);
#2411 = CARTESIAN_POINT('',(24.745488323563,1.65934826331,6.313304524554
    ));
#2412 = DIRECTION('',(0.,-0.939692620786,0.342020143326));
#2413 = DIRECTION('',(1.,0.,0.));
#2414 = ADVANCED_FACE('',(#2415),#2425,.T.);
#2415 = FACE_BOUND('',#2416,.T.);
#2416 = EDGE_LOOP('',(#2417,#2418,#2419,#2420,#2421,#2422,#2423,#2424));
#2417 = ORIENTED_EDGE('',*,*,#2282,.T.);
#2418 = ORIENTED_EDGE('',*,*,#2272,.T.);
#2419 = ORIENTED_EDGE('',*,*,#2330,.T.);
#2420 = ORIENTED_EDGE('',*,*,#2322,.T.);
#2421 = ORIENTED_EDGE('',*,*,#2314,.T.);
#2422 = ORIENTED_EDGE('',*,*,#2306,.T.);
#2423 = ORIENTED_EDGE('',*,*,#2298,.T.);
#2424 = ORIENTED_EDGE('',*,*,#2290,.T.);
#2425 = PLANE('',#2426);
#2426 = AXIS2_PLACEMENT_3D('',#2427,#2428,#2429);
#2427 = CARTESIAN_POINT('',(24.745488323563,1.65934826331,6.313304524554
    ));
#2428 = DIRECTION('',(0.,-0.939692620786,0.342020143326));
#2429 = DIRECTION('',(1.,0.,0.));
#2430 = ( GEOMETRIC_REPRESENTATION_CONTEXT(3) 
GLOBAL_UNCERTAINTY_ASSIGNED_CONTEXT((#2434)) 
GLOBAL_UNIT_ASSIGNED_CONTEXT((#2431,#2432,#2433)) REPRESENTATION_CONTEXT
('Context #1','3D Context with UNIT and UNCERTAINTY') );
#2431 = ( LENGTH_UNIT() NAMED_UNIT(*) SI_UNIT(.MILLI.,.METRE.) );
#2432 = ( NAMED_UNIT(*) PLANE_ANGLE_UNIT() SI_UNIT($,.RADIAN.) );
#2433 = ( NAMED_UNIT(*) SI_UNIT($,.STERADIAN.) SOLID_ANGLE_UNIT() );
#2434 = UNCERTAINTY_MEASURE_WITH_UNIT(LENGTH_MEASURE(1.E-06),#2431,
  'distance_accuracy_value','confusion accuracy');
#2435 = PRODUCT_RELATED_PRODUCT_CATEGORY('part',$,(#7));
ENDSEC;
END-ISO-10303-21;
