ISO-10303-21;
HEADER;
FILE_DESCRIPTION(('FreeCAD Model'),'2;1');
FILE_NAME('Open CASCADE Shape Model','2026-08-29T11:05:03',('FreeCAD'),(
    'FreeCAD'),'Open CASCADE STEP processor 7.8','FreeCAD','Unknown');
FILE_SCHEMA(('AUTOMOTIVE_DESIGN { 1 0 10303 214 1 1 1 1 }'));
ENDSEC;
DATA;
#1 = APPLICATION_PROTOCOL_DEFINITION('international standard',
  'automotive_design',2000,#2);
#2 = APPLICATION_CONTEXT(
  'core data for automotive mechanical design processes');
#3 = SHAPE_DEFINITION_REPRESENTATION(#4,#10);
#4 = PRODUCT_DEFINITION_SHAPE('','',#5);
#5 = PRODUCT_DEFINITION('design','',#6,#9);
#6 = PRODUCT_DEFINITION_FORMATION('','',#7);
#7 = PRODUCT('Open CASCADE STEP translator 7.8 39',
  'Open CASCADE STEP translator 7.8 39','',(#8));
#8 = PRODUCT_CONTEXT('',#2,'mechanical');
#9 = PRODUCT_DEFINITION_CONTEXT('part definition',#2,'design');
#10 = ADVANCED_BREP_SHAPE_REPRESENTATION('',(#11,#15),#2604);
#11 = AXIS2_PLACEMENT_3D('',#12,#13,#14);
#12 = CARTESIAN_POINT('',(0.,0.,0.));
#13 = DIRECTION('',(0.,0.,1.));
#14 = DIRECTION('',(1.,0.,-0.));
#15 = MANIFOLD_SOLID_BREP('',#16);
#16 = CLOSED_SHELL('',(#17,#57,#222,#246,#334,#842,#859,#876,#893,#910,
    #927,#944,#961,#993,#1017,#1041,#1066,#1091,#1115,#1139,#1157,#1174,
    #1205,#1231,#1257,#1283,#1309,#1335,#1361,#1387,#1413,#1439,#1465,
    #1491,#1517,#1543,#1569,#1588,#1619,#1643,#1667,#1693,#1719,#1743,
    #1769,#1786,#1817,#1841,#1867,#1893,#1917,#1943,#1969,#1995,#2019,
    #2036,#2067,#2091,#2115,#2132,#2163,#2187,#2211,#2243,#2267,#2291,
    #2316,#2341,#2365,#2389,#2407,#2424,#2514,#2530,#2548,#2560,#2572,
    #2588));
#17 = ADVANCED_FACE('',(#18),#52,.F.);
#18 = FACE_BOUND('',#19,.F.);
#19 = EDGE_LOOP('',(#20,#30,#38,#46));
#20 = ORIENTED_EDGE('',*,*,#21,.F.);
#21 = EDGE_CURVE('',#22,#24,#26,.T.);
#22 = VERTEX_POINT('',#23);
#23 = CARTESIAN_POINT('',(0.,3.639702342662,10.));
#24 = VERTEX_POINT('',#25);
#25 = CARTESIAN_POINT('',(0.,7.45,10.));
#26 = LINE('',#27,#28);
#27 = CARTESIAN_POINT('',(0.,0.,10.));
#28 = VECTOR('',#29,1.);
#29 = DIRECTION('',(0.,1.,0.));
#30 = ORIENTED_EDGE('',*,*,#31,.T.);
#31 = EDGE_CURVE('',#22,#32,#34,.T.);
#32 = VERTEX_POINT('',#33);
#33 = CARTESIAN_POINT('',(0.,0.,0.));
#34 = LINE('',#35,#36);
#35 = CARTESIAN_POINT('',(0.,0.,0.));
#36 = VECTOR('',#37,1.);
#37 = DIRECTION('',(0.,-0.342020143326,-0.939692620786));
#38 = ORIENTED_EDGE('',*,*,#39,.T.);
#39 = EDGE_CURVE('',#32,#40,#42,.T.);
#40 = VERTEX_POINT('',#41);
#41 = CARTESIAN_POINT('',(0.,7.45,0.));
#42 = LINE('',#43,#44);
#43 = CARTESIAN_POINT('',(0.,0.,0.));
#44 = VECTOR('',#45,1.);
#45 = DIRECTION('',(0.,1.,0.));
#46 = ORIENTED_EDGE('',*,*,#47,.T.);
#47 = EDGE_CURVE('',#40,#24,#48,.T.);
#48 = LINE('',#49,#50);
#49 = CARTESIAN_POINT('',(0.,7.45,-1.));
#50 = VECTOR('',#51,1.);
#51 = DIRECTION('',(0.,0.,1.));
#52 = PLANE('',#53);
#53 = AXIS2_PLACEMENT_3D('',#54,#55,#56);
#54 = CARTESIAN_POINT('',(0.,0.,0.));
#55 = DIRECTION('',(1.,0.,0.));
#56 = DIRECTION('',(0.,0.,1.));
#57 = ADVANCED_FACE('',(#58,#147),#217,.T.);
#58 = FACE_BOUND('',#59,.T.);
#59 = EDGE_LOOP('',(#60,#61,#69,#77,#85,#93,#101,#109,#117,#125,#133,
    #141));
#60 = ORIENTED_EDGE('',*,*,#21,.F.);
#61 = ORIENTED_EDGE('',*,*,#62,.T.);
#62 = EDGE_CURVE('',#22,#63,#65,.T.);
#63 = VERTEX_POINT('',#64);
#64 = CARTESIAN_POINT('',(26.,3.639702342662,10.));
#65 = LINE('',#66,#67);
#66 = CARTESIAN_POINT('',(-1.,3.639702342662,10.));
#67 = VECTOR('',#68,1.);
#68 = DIRECTION('',(1.,0.,0.));
#69 = ORIENTED_EDGE('',*,*,#70,.T.);
#70 = EDGE_CURVE('',#63,#71,#73,.T.);
#71 = VERTEX_POINT('',#72);
#72 = CARTESIAN_POINT('',(26.,7.575609756098,10.));
#73 = LINE('',#74,#75);
#74 = CARTESIAN_POINT('',(26.,0.,10.));
#75 = VECTOR('',#76,1.);
#76 = DIRECTION('',(0.,1.,0.));
#77 = ORIENTED_EDGE('',*,*,#78,.F.);
#78 = EDGE_CURVE('',#79,#71,#81,.T.);
#79 = VERTEX_POINT('',#80);
#80 = CARTESIAN_POINT('',(25.9,7.6,10.));
#81 = LINE('',#82,#83);
#82 = CARTESIAN_POINT('',(25.9,7.6,10.));
#83 = VECTOR('',#84,1.);
#84 = DIRECTION('',(0.971520338783,-0.236956180191,0.));
#85 = ORIENTED_EDGE('',*,*,#86,.F.);
#86 = EDGE_CURVE('',#87,#79,#89,.T.);
#87 = VERTEX_POINT('',#88);
#88 = CARTESIAN_POINT('',(25.9,11.6,10.));
#89 = LINE('',#90,#91);
#90 = CARTESIAN_POINT('',(25.9,11.6,10.));
#91 = VECTOR('',#92,1.);
#92 = DIRECTION('',(0.,-1.,0.));
#93 = ORIENTED_EDGE('',*,*,#94,.F.);
#94 = EDGE_CURVE('',#95,#87,#97,.T.);
#95 = VERTEX_POINT('',#96);
#96 = CARTESIAN_POINT('',(26.,11.624390243902,10.));
#97 = LINE('',#98,#99);
#98 = CARTESIAN_POINT('',(30.,12.6,10.));
#99 = VECTOR('',#100,1.);
#100 = DIRECTION('',(-0.971520338783,-0.236956180191,0.));
#101 = ORIENTED_EDGE('',*,*,#102,.T.);
#102 = EDGE_CURVE('',#95,#103,#105,.T.);
#103 = VERTEX_POINT('',#104);
#104 = CARTESIAN_POINT('',(26.,32.,10.));
#105 = LINE('',#106,#107);
#106 = CARTESIAN_POINT('',(26.,0.,10.));
#107 = VECTOR('',#108,1.);
#108 = DIRECTION('',(0.,1.,0.));
#109 = ORIENTED_EDGE('',*,*,#110,.F.);
#110 = EDGE_CURVE('',#111,#103,#113,.T.);
#111 = VERTEX_POINT('',#112);
#112 = CARTESIAN_POINT('',(0.,32.,10.));
#113 = LINE('',#114,#115);
#114 = CARTESIAN_POINT('',(0.,32.,10.));
#115 = VECTOR('',#116,1.);
#116 = DIRECTION('',(1.,0.,0.));
#117 = ORIENTED_EDGE('',*,*,#118,.F.);
#118 = EDGE_CURVE('',#119,#111,#121,.T.);
#119 = VERTEX_POINT('',#120);
#120 = CARTESIAN_POINT('',(0.,11.75,10.));
#121 = LINE('',#122,#123);
#122 = CARTESIAN_POINT('',(0.,0.,10.));
#123 = VECTOR('',#124,1.);
#124 = DIRECTION('',(0.,1.,0.));
#125 = ORIENTED_EDGE('',*,*,#126,.T.);
#126 = EDGE_CURVE('',#119,#127,#129,.T.);
#127 = VERTEX_POINT('',#128);
#128 = CARTESIAN_POINT('',(4.,12.75,10.));
#129 = LINE('',#130,#131);
#130 = CARTESIAN_POINT('',(0.617647058824,11.904411764706,10.));
#131 = VECTOR('',#132,1.);
#132 = DIRECTION('',(0.970142500145,0.242535625036,0.));
#133 = ORIENTED_EDGE('',*,*,#134,.T.);
#134 = EDGE_CURVE('',#127,#135,#137,.T.);
#135 = VERTEX_POINT('',#136);
#136 = CARTESIAN_POINT('',(4.,6.45,10.));
#137 = LINE('',#138,#139);
#138 = CARTESIAN_POINT('',(4.,3.225,10.));
#139 = VECTOR('',#140,1.);
#140 = DIRECTION('',(0.,-1.,0.));
#141 = ORIENTED_EDGE('',*,*,#142,.T.);
#142 = EDGE_CURVE('',#135,#24,#143,.T.);
#143 = LINE('',#144,#145);
#144 = CARTESIAN_POINT('',(0.876470588235,7.230882352941,10.));
#145 = VECTOR('',#146,1.);
#146 = DIRECTION('',(-0.970142500145,0.242535625036,0.));
#147 = FACE_BOUND('',#148,.T.);
#148 = EDGE_LOOP('',(#149,#160,#168,#177,#185,#194,#202,#211));
#149 = ORIENTED_EDGE('',*,*,#150,.F.);
#150 = EDGE_CURVE('',#151,#153,#155,.T.);
#151 = VERTEX_POINT('',#152);
#152 = CARTESIAN_POINT('',(8.1,25.34,10.));
#153 = VERTEX_POINT('',#154);
#154 = CARTESIAN_POINT('',(7.5,24.74,10.));
#155 = CIRCLE('',#156,0.6);
#156 = AXIS2_PLACEMENT_3D('',#157,#158,#159);
#157 = CARTESIAN_POINT('',(8.1,24.74,10.));
#158 = DIRECTION('',(0.,-0.,1.));
#159 = DIRECTION('',(0.,1.,0.));
#160 = ORIENTED_EDGE('',*,*,#161,.T.);
#161 = EDGE_CURVE('',#151,#162,#164,.T.);
#162 = VERTEX_POINT('',#163);
#163 = CARTESIAN_POINT('',(17.9,25.34,10.));
#164 = LINE('',#165,#166);
#165 = CARTESIAN_POINT('',(9.25,25.34,10.));
#166 = VECTOR('',#167,1.);
#167 = DIRECTION('',(1.,0.,0.));
#168 = ORIENTED_EDGE('',*,*,#169,.F.);
#169 = EDGE_CURVE('',#170,#162,#172,.T.);
#170 = VERTEX_POINT('',#171);
#171 = CARTESIAN_POINT('',(18.5,24.74,10.));
#172 = CIRCLE('',#173,0.6);
#173 = AXIS2_PLACEMENT_3D('',#174,#175,#176);
#174 = CARTESIAN_POINT('',(17.9,24.74,10.));
#175 = DIRECTION('',(0.,-0.,1.));
#176 = DIRECTION('',(0.,1.,0.));
#177 = ORIENTED_EDGE('',*,*,#178,.T.);
#178 = EDGE_CURVE('',#170,#179,#181,.T.);
#179 = VERTEX_POINT('',#180);
#180 = CARTESIAN_POINT('',(18.5,14.94,10.));
#181 = LINE('',#182,#183);
#182 = CARTESIAN_POINT('',(18.5,7.17,10.));
#183 = VECTOR('',#184,1.);
#184 = DIRECTION('',(0.,-1.,0.));
#185 = ORIENTED_EDGE('',*,*,#186,.F.);
#186 = EDGE_CURVE('',#187,#179,#189,.T.);
#187 = VERTEX_POINT('',#188);
#188 = CARTESIAN_POINT('',(17.9,14.34,10.));
#189 = CIRCLE('',#190,0.6);
#190 = AXIS2_PLACEMENT_3D('',#191,#192,#193);
#191 = CARTESIAN_POINT('',(17.9,14.94,10.));
#192 = DIRECTION('',(-0.,0.,1.));
#193 = DIRECTION('',(0.,-1.,0.));
#194 = ORIENTED_EDGE('',*,*,#195,.T.);
#195 = EDGE_CURVE('',#187,#196,#198,.T.);
#196 = VERTEX_POINT('',#197);
#197 = CARTESIAN_POINT('',(8.1,14.34,10.));
#198 = LINE('',#199,#200);
#199 = CARTESIAN_POINT('',(3.75,14.34,10.));
#200 = VECTOR('',#201,1.);
#201 = DIRECTION('',(-1.,0.,0.));
#202 = ORIENTED_EDGE('',*,*,#203,.F.);
#203 = EDGE_CURVE('',#204,#196,#206,.T.);
#204 = VERTEX_POINT('',#205);
#205 = CARTESIAN_POINT('',(7.5,14.94,10.));
#206 = CIRCLE('',#207,0.6);
#207 = AXIS2_PLACEMENT_3D('',#208,#209,#210);
#208 = CARTESIAN_POINT('',(8.1,14.94,10.));
#209 = DIRECTION('',(0.,0.,1.));
#210 = DIRECTION('',(-1.,0.,0.));
#211 = ORIENTED_EDGE('',*,*,#212,.T.);
#212 = EDGE_CURVE('',#204,#153,#213,.T.);
#213 = LINE('',#214,#215);
#214 = CARTESIAN_POINT('',(7.5,12.67,10.));
#215 = VECTOR('',#216,1.);
#216 = DIRECTION('',(0.,1.,0.));
#217 = PLANE('',#218);
#218 = AXIS2_PLACEMENT_3D('',#219,#220,#221);
#219 = CARTESIAN_POINT('',(0.,0.,10.));
#220 = DIRECTION('',(0.,0.,1.));
#221 = DIRECTION('',(1.,0.,0.));
#222 = ADVANCED_FACE('',(#223),#241,.T.);
#223 = FACE_BOUND('',#224,.T.);
#224 = EDGE_LOOP('',(#225,#233,#234,#235));
#225 = ORIENTED_EDGE('',*,*,#226,.T.);
#226 = EDGE_CURVE('',#227,#40,#229,.T.);
#227 = VERTEX_POINT('',#228);
#228 = CARTESIAN_POINT('',(4.,6.45,0.));
#229 = LINE('',#230,#231);
#230 = CARTESIAN_POINT('',(0.876470588235,7.230882352941,0.));
#231 = VECTOR('',#232,1.);
#232 = DIRECTION('',(-0.970142500145,0.242535625036,0.));
#233 = ORIENTED_EDGE('',*,*,#47,.T.);
#234 = ORIENTED_EDGE('',*,*,#142,.F.);
#235 = ORIENTED_EDGE('',*,*,#236,.F.);
#236 = EDGE_CURVE('',#227,#135,#237,.T.);
#237 = LINE('',#238,#239);
#238 = CARTESIAN_POINT('',(4.,6.45,-1.));
#239 = VECTOR('',#240,1.);
#240 = DIRECTION('',(0.,0.,1.));
#241 = PLANE('',#242);
#242 = AXIS2_PLACEMENT_3D('',#243,#244,#245);
#243 = CARTESIAN_POINT('',(0.,7.45,-1.));
#244 = DIRECTION('',(0.242535625036,0.970142500145,0.));
#245 = DIRECTION('',(0.970142500145,-0.242535625036,0.));
#246 = ADVANCED_FACE('',(#247),#329,.F.);
#247 = FACE_BOUND('',#248,.F.);
#248 = EDGE_LOOP('',(#249,#250,#258,#266,#274,#282,#290,#298,#306,#314,
    #322,#328));
#249 = ORIENTED_EDGE('',*,*,#39,.F.);
#250 = ORIENTED_EDGE('',*,*,#251,.T.);
#251 = EDGE_CURVE('',#32,#252,#254,.T.);
#252 = VERTEX_POINT('',#253);
#253 = CARTESIAN_POINT('',(26.,0.,0.));
#254 = LINE('',#255,#256);
#255 = CARTESIAN_POINT('',(0.,0.,0.));
#256 = VECTOR('',#257,1.);
#257 = DIRECTION('',(1.,0.,0.));
#258 = ORIENTED_EDGE('',*,*,#259,.T.);
#259 = EDGE_CURVE('',#252,#260,#262,.T.);
#260 = VERTEX_POINT('',#261);
#261 = CARTESIAN_POINT('',(26.,7.575609756098,0.));
#262 = LINE('',#263,#264);
#263 = CARTESIAN_POINT('',(26.,0.,0.));
#264 = VECTOR('',#265,1.);
#265 = DIRECTION('',(0.,1.,0.));
#266 = ORIENTED_EDGE('',*,*,#267,.F.);
#267 = EDGE_CURVE('',#268,#260,#270,.T.);
#268 = VERTEX_POINT('',#269);
#269 = CARTESIAN_POINT('',(25.9,7.6,0.));
#270 = LINE('',#271,#272);
#271 = CARTESIAN_POINT('',(25.9,7.6,0.));
#272 = VECTOR('',#273,1.);
#273 = DIRECTION('',(0.971520338783,-0.236956180191,0.));
#274 = ORIENTED_EDGE('',*,*,#275,.F.);
#275 = EDGE_CURVE('',#276,#268,#278,.T.);
#276 = VERTEX_POINT('',#277);
#277 = CARTESIAN_POINT('',(25.9,11.6,0.));
#278 = LINE('',#279,#280);
#279 = CARTESIAN_POINT('',(25.9,11.6,0.));
#280 = VECTOR('',#281,1.);
#281 = DIRECTION('',(0.,-1.,0.));
#282 = ORIENTED_EDGE('',*,*,#283,.F.);
#283 = EDGE_CURVE('',#284,#276,#286,.T.);
#284 = VERTEX_POINT('',#285);
#285 = CARTESIAN_POINT('',(26.,11.624390243902,0.));
#286 = LINE('',#287,#288);
#287 = CARTESIAN_POINT('',(30.,12.6,0.));
#288 = VECTOR('',#289,1.);
#289 = DIRECTION('',(-0.971520338783,-0.236956180191,0.));
#290 = ORIENTED_EDGE('',*,*,#291,.T.);
#291 = EDGE_CURVE('',#284,#292,#294,.T.);
#292 = VERTEX_POINT('',#293);
#293 = CARTESIAN_POINT('',(26.,32.,0.));
#294 = LINE('',#295,#296);
#295 = CARTESIAN_POINT('',(26.,0.,0.));
#296 = VECTOR('',#297,1.);
#297 = DIRECTION('',(0.,1.,0.));
#298 = ORIENTED_EDGE('',*,*,#299,.F.);
#299 = EDGE_CURVE('',#300,#292,#302,.T.);
#300 = VERTEX_POINT('',#301);
#301 = CARTESIAN_POINT('',(0.,32.,0.));
#302 = LINE('',#303,#304);
#303 = CARTESIAN_POINT('',(0.,32.,0.));
#304 = VECTOR('',#305,1.);
#305 = DIRECTION('',(1.,0.,0.));
#306 = ORIENTED_EDGE('',*,*,#307,.F.);
#307 = EDGE_CURVE('',#308,#300,#310,.T.);
#308 = VERTEX_POINT('',#309);
#309 = CARTESIAN_POINT('',(0.,11.75,0.));
#310 = LINE('',#311,#312);
#311 = CARTESIAN_POINT('',(0.,0.,0.));
#312 = VECTOR('',#313,1.);
#313 = DIRECTION('',(0.,1.,0.));
#314 = ORIENTED_EDGE('',*,*,#315,.T.);
#315 = EDGE_CURVE('',#308,#316,#318,.T.);
#316 = VERTEX_POINT('',#317);
#317 = CARTESIAN_POINT('',(4.,12.75,0.));
#318 = LINE('',#319,#320);
#319 = CARTESIAN_POINT('',(0.617647058824,11.904411764706,0.));
#320 = VECTOR('',#321,1.);
#321 = DIRECTION('',(0.970142500145,0.242535625036,0.));
#322 = ORIENTED_EDGE('',*,*,#323,.T.);
#323 = EDGE_CURVE('',#316,#227,#324,.T.);
#324 = LINE('',#325,#326);
#325 = CARTESIAN_POINT('',(4.,3.225,0.));
#326 = VECTOR('',#327,1.);
#327 = DIRECTION('',(0.,-1.,0.));
#328 = ORIENTED_EDGE('',*,*,#226,.T.);
#329 = PLANE('',#330);
#330 = AXIS2_PLACEMENT_3D('',#331,#332,#333);
#331 = CARTESIAN_POINT('',(0.,0.,0.));
#332 = DIRECTION('',(0.,0.,1.));
#333 = DIRECTION('',(1.,0.,0.));
#334 = ADVANCED_FACE('',(#335,#346,#604,#692,#803),#837,.T.);
#335 = FACE_BOUND('',#336,.T.);
#336 = EDGE_LOOP('',(#337,#338,#339,#345));
#337 = ORIENTED_EDGE('',*,*,#31,.T.);
#338 = ORIENTED_EDGE('',*,*,#251,.T.);
#339 = ORIENTED_EDGE('',*,*,#340,.F.);
#340 = EDGE_CURVE('',#63,#252,#341,.T.);
#341 = LINE('',#342,#343);
#342 = CARTESIAN_POINT('',(26.,0.,0.));
#343 = VECTOR('',#344,1.);
#344 = DIRECTION('',(0.,-0.342020143326,-0.939692620786));
#345 = ORIENTED_EDGE('',*,*,#62,.F.);
#346 = FACE_BOUND('',#347,.T.);
#347 = EDGE_LOOP('',(#348,#358,#369,#384,#399,#421,#436,#451,#468,#485,
    #502,#521,#538,#555,#574,#591));
#348 = ORIENTED_EDGE('',*,*,#349,.F.);
#349 = EDGE_CURVE('',#350,#352,#354,.T.);
#350 = VERTEX_POINT('',#351);
#351 = CARTESIAN_POINT('',(17.110658174098,2.396516208526,6.584374168283
    ));
#352 = VERTEX_POINT('',#353);
#353 = CARTESIAN_POINT('',(17.803651804671,2.422367412565,6.655399767646
    ));
#354 = LINE('',#355,#356);
#355 = CARTESIAN_POINT('',(8.130654710817,2.061529144347,5.664004773641)
  );
#356 = VECTOR('',#357,1.);
#357 = DIRECTION('',(0.994104564342,3.708374622103E-02,0.101886755371));
#358 = ORIENTED_EDGE('',*,*,#359,.F.);
#359 = EDGE_CURVE('',#360,#350,#362,.T.);
#360 = VERTEX_POINT('',#361);
#361 = CARTESIAN_POINT('',(16.978174097665,2.50334848769,6.877893442954)
  );
#362 = B_SPLINE_CURVE_WITH_KNOTS('',5,(#363,#364,#365,#366,#367,#368),
  .UNSPECIFIED.,.F.,.F.,(6,6),(0.,1.),.PIECEWISE_BEZIER_KNOTS.);
#363 = CARTESIAN_POINT('',(16.978174097665,2.50334848769,6.877893442954)
  );
#364 = CARTESIAN_POINT('',(17.021657441689,2.4893497536,6.839432237141)
  );
#365 = CARTESIAN_POINT('',(17.056632070899,2.471466224391,6.790297644459
    ));
#366 = CARTESIAN_POINT('',(17.082893661847,2.449821834914,6.730830173113
    ));
#367 = CARTESIAN_POINT('',(17.100731786633,2.424717545068,6.661856703629
    ));
#368 = CARTESIAN_POINT('',(17.110658174098,2.396516208526,6.584374168283
    ));
#369 = ORIENTED_EDGE('',*,*,#370,.F.);
#370 = EDGE_CURVE('',#371,#360,#373,.T.);
#371 = VERTEX_POINT('',#372);
#372 = CARTESIAN_POINT('',(16.700467091295,2.537797395544,6.972541039408
    ));
#373 = B_SPLINE_CURVE_WITH_KNOTS('',5,(#374,#375,#376,#377,#378,#379,
    #380,#381,#382,#383),.UNSPECIFIED.,.F.,.F.,(6,4,6),(0.,
    0.765826795785,1.),.UNSPECIFIED.);
#374 = CARTESIAN_POINT('',(16.700467091295,2.537797395544,6.972541039408
    ));
#375 = CARTESIAN_POINT('',(16.752178890145,2.537797395544,6.972541039408
    ));
#376 = CARTESIAN_POINT('',(16.800620629386,2.535821502621,6.96711231822)
  );
#377 = CARTESIAN_POINT('',(16.84556809225,2.531811108673,6.956093851404)
  );
#378 = CARTESIAN_POINT('',(16.886849167747,2.525742275846,6.939419870248
    ));
#379 = CARTESIAN_POINT('',(16.935834683232,2.515158626324,6.910341532173
    ));
#380 = CARTESIAN_POINT('',(16.946953713232,2.512489787147,6.903008956797
    ));
#381 = CARTESIAN_POINT('',(16.957717896494,2.509631117307,6.895154825962
    ));
#382 = CARTESIAN_POINT('',(16.968125151667,2.506583577494,6.88678177914)
  );
#383 = CARTESIAN_POINT('',(16.978174097665,2.50334848769,6.877893442954)
  );
#384 = ORIENTED_EDGE('',*,*,#385,.F.);
#385 = EDGE_CURVE('',#386,#371,#388,.T.);
#386 = VERTEX_POINT('',#387);
#387 = CARTESIAN_POINT('',(16.316942675159,2.467795820562,6.780213292819
    ));
#388 = B_SPLINE_CURVE_WITH_KNOTS('',5,(#389,#390,#391,#392,#393,#394,
    #395,#396,#397,#398),.UNSPECIFIED.,.F.,.F.,(6,4,6),(0.,
    0.661861180013,1.),.UNSPECIFIED.);
#389 = CARTESIAN_POINT('',(16.316942675159,2.467795820562,6.780213292819
    ));
#390 = CARTESIAN_POINT('',(16.357426906936,2.485872678004,6.829879050456
    ));
#391 = CARTESIAN_POINT('',(16.401473222258,2.501320180386,6.872320714435
    ));
#392 = CARTESIAN_POINT('',(16.449095910786,2.5138757805,6.906816942238)
  );
#393 = CARTESIAN_POINT('',(16.500174868794,2.523350390429,6.932848219076
    ));
#394 = CARTESIAN_POINT('',(16.582051079369,2.532951834416,6.959227969625
    ));
#395 = CARTESIAN_POINT('',(16.610551151584,2.535384351686,6.965911255897
    ));
#396 = CARTESIAN_POINT('',(16.639822157967,2.536997914043,6.970344482038
    ));
#397 = CARTESIAN_POINT('',(16.669813399567,2.537797395544,6.972541039408
    ));
#398 = CARTESIAN_POINT('',(16.700467091295,2.537797395544,6.972541039408
    ));
#399 = ORIENTED_EDGE('',*,*,#400,.F.);
#400 = EDGE_CURVE('',#401,#386,#403,.T.);
#401 = VERTEX_POINT('',#402);
#402 = CARTESIAN_POINT('',(16.11957537155,2.176926205678,5.981055593918)
  );
#403 = B_SPLINE_CURVE_WITH_KNOTS('',6,(#404,#405,#406,#407,#408,#409,
    #410,#411,#412,#413,#414,#415,#416,#417,#418,#419,#420),
  .UNSPECIFIED.,.F.,.F.,(7,5,5,7),(0.,0.570065639624,0.949463979938,1.),
  .UNSPECIFIED.);
#404 = CARTESIAN_POINT('',(16.11957537155,2.176926205678,5.981055593918)
  );
#405 = CARTESIAN_POINT('',(16.125945157996,2.211447863278,6.075903068658
    ));
#406 = CARTESIAN_POINT('',(16.13425932471,2.245097794297,6.168355494298)
  );
#407 = CARTESIAN_POINT('',(16.144797581927,2.277732628621,6.258018964691
    ));
#408 = CARTESIAN_POINT('',(16.15791294196,2.309098471893,6.344195910824)
  );
#409 = CARTESIAN_POINT('',(16.174034774872,2.338829492162,6.42588121767)
  );
#410 = CARTESIAN_POINT('',(16.206783737642,2.38480363922,6.55219414859)
  );
#411 = CARTESIAN_POINT('',(16.22143288654,2.40222445949,6.60005745891));
#412 = CARTESIAN_POINT('',(16.237796989054,2.418546096584,6.644900788273
    ));
#413 = CARTESIAN_POINT('',(16.256028192316,2.43357539903,6.686193457375)
  );
#414 = CARTESIAN_POINT('',(16.276264380163,2.447085213887,6.723311368635
    ));
#415 = CARTESIAN_POINT('',(16.30153810098,2.460427347122,6.759968578425)
  );
#416 = CARTESIAN_POINT('',(16.304545445644,2.4619647846,6.764192653182)
  );
#417 = CARTESIAN_POINT('',(16.307589496258,2.463470858824,6.768330558104
    ));
#418 = CARTESIAN_POINT('',(16.31067034714,2.464945058117,6.772380887373)
  );
#419 = CARTESIAN_POINT('',(16.313788062245,2.466386877874,6.776342254599
    ));
#420 = CARTESIAN_POINT('',(16.316942675159,2.467795820562,6.780213292819
    ));
#421 = ORIENTED_EDGE('',*,*,#422,.F.);
#422 = EDGE_CURVE('',#423,#401,#425,.T.);
#423 = VERTEX_POINT('',#424);
#424 = CARTESIAN_POINT('',(16.784543524416,2.284978429302,6.277926638447
    ));
#425 = B_SPLINE_CURVE_WITH_KNOTS('',5,(#426,#427,#428,#429,#430,#431,
    #432,#433,#434,#435),.UNSPECIFIED.,.F.,.F.,(6,4,6),(0.,
    0.440630024256,1.),.UNSPECIFIED.);
#426 = CARTESIAN_POINT('',(16.784543524416,2.284978429302,6.277926638447
    ));
#427 = CARTESIAN_POINT('',(16.715602673979,2.284978429302,6.277926638447
    ));
#428 = CARTESIAN_POINT('',(16.648150072999,2.282946550955,6.27234409857)
  );
#429 = CARTESIAN_POINT('',(16.582583575403,2.278770215714,6.260869711799
    ));
#430 = CARTESIAN_POINT('',(16.5192851809,2.272395443742,6.243355169752)
  );
#431 = CARTESIAN_POINT('',(16.38151755861,2.253044676461,6.1901893736));
#432 = CARTESIAN_POINT('',(16.308606550463,2.238748692991,6.150911481827
    ));
#433 = CARTESIAN_POINT('',(16.240538660414,2.221074350529,6.10235162501)
  );
#434 = CARTESIAN_POINT('',(16.17753589463,2.200337011725,6.045376254905)
  );
#435 = CARTESIAN_POINT('',(16.11957537155,2.176926205678,5.981055593918)
  );
#436 = ORIENTED_EDGE('',*,*,#437,.F.);
#437 = EDGE_CURVE('',#438,#423,#440,.T.);
#438 = VERTEX_POINT('',#439);
#439 = CARTESIAN_POINT('',(17.552611464968,2.168212316676,5.95711438065)
  );
#440 = B_SPLINE_CURVE_WITH_KNOTS('',5,(#441,#442,#443,#444,#445,#446,
    #447,#448,#449,#450),.UNSPECIFIED.,.F.,.F.,(6,4,6),(0.,
    0.567636438559,1.),.UNSPECIFIED.);
#441 = CARTESIAN_POINT('',(17.552611464968,2.168212316676,5.95711438065)
  );
#442 = CARTESIAN_POINT('',(17.482485612196,2.193828019637,6.027492946121
    ));
#443 = CARTESIAN_POINT('',(17.406915734802,2.216505380281,6.089798482422
    ));
#444 = CARTESIAN_POINT('',(17.325929669139,2.235794012972,6.142793565192
    ));
#445 = CARTESIAN_POINT('',(17.239840442927,2.251323141668,6.185459495628
    ));
#446 = CARTESIAN_POINT('',(17.080707918838,2.271867435395,6.241904478742
    ));
#447 = CARTESIAN_POINT('',(17.009424413469,2.278508952608,6.260151897316
    ));
#448 = CARTESIAN_POINT('',(16.936027296707,2.282860771092,6.272108420334
    ));
#449 = CARTESIAN_POINT('',(16.860927506677,2.284978429302,6.277926638447
    ));
#450 = CARTESIAN_POINT('',(16.784543524416,2.284978429302,6.277926638447
    ));
#451 = ORIENTED_EDGE('',*,*,#452,.F.);
#452 = EDGE_CURVE('',#453,#438,#455,.T.);
#453 = VERTEX_POINT('',#454);
#454 = CARTESIAN_POINT('',(17.872441613588,1.866711757209,5.128748401562
    ));
#455 = B_SPLINE_CURVE_WITH_KNOTS('',6,(#456,#457,#458,#459,#460,#461,
    #462,#463,#464,#465,#466,#467),.UNSPECIFIED.,.F.,.F.,(7,5,7),(0.,
    0.762587155306,1.),.UNSPECIFIED.);
#456 = CARTESIAN_POINT('',(17.872441613588,1.866711757209,5.128748401562
    ));
#457 = CARTESIAN_POINT('',(17.872441613588,1.910965146577,5.250333589585
    ));
#458 = CARTESIAN_POINT('',(17.861429443482,1.954172968265,5.369046104016
    ));
#459 = CARTESIAN_POINT('',(17.838197778807,1.995909313872,5.483715771143
    ));
#460 = CARTESIAN_POINT('',(17.801758117427,2.035703931276,5.593050583876
    ));
#461 = CARTESIAN_POINT('',(17.751684733079,2.073095614724,5.695783389825
    ));
#462 = CARTESIAN_POINT('',(17.669063345393,2.118495547932,5.820518681157
    ));
#463 = CARTESIAN_POINT('',(17.648191669474,2.129007015908,5.849398702068
    ));
#464 = CARTESIAN_POINT('',(17.626082270158,2.139241507288,5.877517736034
    ));
#465 = CARTESIAN_POINT('',(17.602760254268,2.149190995966,5.904853731511
    ));
#466 = CARTESIAN_POINT('',(17.578257261609,2.158849347012,5.931389832921
    ));
#467 = CARTESIAN_POINT('',(17.552611464968,2.168212316676,5.95711438065)
  );
#468 = ORIENTED_EDGE('',*,*,#469,.F.);
#469 = EDGE_CURVE('',#470,#453,#472,.T.);
#470 = VERTEX_POINT('',#471);
#471 = CARTESIAN_POINT('',(17.536135881104,1.552082271646,4.264310994483
    ));
#472 = B_SPLINE_CURVE_WITH_KNOTS('',6,(#473,#474,#475,#476,#477,#478,
    #479,#480,#481,#482,#483,#484),.UNSPECIFIED.,.F.,.F.,(7,5,7),(0.,
    0.204766540924,1.),.UNSPECIFIED.);
#473 = CARTESIAN_POINT('',(17.536135881104,1.552082271646,4.264310994483
    ));
#474 = CARTESIAN_POINT('',(17.559559451014,1.560336372043,4.286988948941
    ));
#475 = CARTESIAN_POINT('',(17.582074248126,1.568841031245,4.310355308059
    ));
#476 = CARTESIAN_POINT('',(17.603652343176,1.577592930359,4.334400953253
    ));
#477 = CARTESIAN_POINT('',(17.62427021241,1.586587404063,4.359113066656)
  );
#478 = CARTESIAN_POINT('',(17.64390873758,1.595818440605,4.384475131112)
  );
#479 = CARTESIAN_POINT('',(17.734961056385,1.642018572496,4.511408950258
    ));
#480 = CARTESIAN_POINT('',(17.792413201109,1.682233319793,4.621898060385
    ));
#481 = CARTESIAN_POINT('',(17.833910893847,1.725435676149,4.74059555894)
  );
#482 = CARTESIAN_POINT('',(17.860127305627,1.770989356922,4.865753268237
    ));
#483 = CARTESIAN_POINT('',(17.872441613588,1.818262920415,4.995636316472
    ));
#484 = CARTESIAN_POINT('',(17.872441613588,1.866711757209,5.128748401562
    ));
#485 = ORIENTED_EDGE('',*,*,#486,.F.);
#486 = EDGE_CURVE('',#487,#470,#489,.T.);
#487 = VERTEX_POINT('',#488);
#488 = CARTESIAN_POINT('',(16.672441613588,1.43357338122,3.938710494033)
  );
#489 = B_SPLINE_CURVE_WITH_KNOTS('',6,(#490,#491,#492,#493,#494,#495,
    #496,#497,#498,#499,#500,#501),.UNSPECIFIED.,.F.,.F.,(7,5,7),(0.,
    0.647538355015,1.),.UNSPECIFIED.);
#490 = CARTESIAN_POINT('',(16.672441613588,1.43357338122,3.938710494033)
  );
#491 = CARTESIAN_POINT('',(16.780878368657,1.43357338122,3.938710494033)
  );
#492 = CARTESIAN_POINT('',(16.887077022435,1.436579441646,3.946969577176
    ));
#493 = CARTESIAN_POINT('',(16.990201202432,1.442862590938,3.964232387977
    ));
#494 = CARTESIAN_POINT('',(17.089361230793,1.452631663516,3.991072694295
    ));
#495 = CARTESIAN_POINT('',(17.183693517101,1.465966402433,4.027709588365
    ));
#496 = CARTESIAN_POINT('',(17.320790588994,1.491844223935,4.098808318604
    ));
#497 = CARTESIAN_POINT('',(17.367476493535,1.501981089067,4.126659126659
    ));
#498 = CARTESIAN_POINT('',(17.412416028569,1.513113184497,4.157244307485
    ));
#499 = CARTESIAN_POINT('',(17.455532799511,1.525206032565,4.190469134488
    ));
#500 = CARTESIAN_POINT('',(17.496780050159,1.538213891162,4.226207932258
    ));
#501 = CARTESIAN_POINT('',(17.536135881104,1.552082271646,4.264310994483
    ));
#502 = ORIENTED_EDGE('',*,*,#503,.F.);
#503 = EDGE_CURVE('',#504,#487,#506,.T.);
#504 = VERTEX_POINT('',#505);
#505 = CARTESIAN_POINT('',(15.742505307856,1.584381753547,4.353053091665
    ));
#506 = B_SPLINE_CURVE_WITH_KNOTS('',5,(#507,#508,#509,#510,#511,#512,
    #513,#514,#515,#516,#517,#518,#519,#520),.UNSPECIFIED.,.F.,.F.,(6,4,
    4,6),(0.,0.169836526531,0.516554893855,1.),.UNSPECIFIED.);
#507 = CARTESIAN_POINT('',(15.742505307856,1.584381753547,4.353053091665
    ));
#508 = CARTESIAN_POINT('',(15.766316956342,1.574525348577,4.325972841575
    ));
#509 = CARTESIAN_POINT('',(15.790869972545,1.564986996411,4.299766434378
    ));
#510 = CARTESIAN_POINT('',(15.816170888799,1.555785873031,4.27448655566)
  );
#511 = CARTESIAN_POINT('',(15.842219641844,1.546940560998,4.250184260579
    ));
#512 = CARTESIAN_POINT('',(15.923700759224,1.521174603333,4.179392873707
    ));
#513 = CARTESIAN_POINT('',(15.981486889938,1.505435708977,4.136150616855
    ));
#514 = CARTESIAN_POINT('',(16.042292614642,1.491408983579,4.097612505556
    ));
#515 = CARTESIAN_POINT('',(16.105937517953,1.479213710317,4.064106267643
    ));
#516 = CARTESIAN_POINT('',(16.264318615461,1.454521874085,3.99626600515)
  );
#517 = CARTESIAN_POINT('',(16.361456227464,1.443797198145,3.966800200176
    ));
#518 = CARTESIAN_POINT('',(16.46255862721,1.436877018049,3.947787161622)
  );
#519 = CARTESIAN_POINT('',(16.566553993787,1.43357338122,3.938710494033)
  );
#520 = CARTESIAN_POINT('',(16.672441613588,1.43357338122,3.938710494033)
  );
#521 = ORIENTED_EDGE('',*,*,#522,.F.);
#522 = EDGE_CURVE('',#523,#504,#525,.T.);
#523 = VERTEX_POINT('',#524);
#524 = CARTESIAN_POINT('',(15.378174097665,2.078749722923,5.711317924427
    ));
#525 = B_SPLINE_CURVE_WITH_KNOTS('',6,(#526,#527,#528,#529,#530,#531,
    #532,#533,#534,#535,#536,#537),.UNSPECIFIED.,.F.,.F.,(7,5,7),(0.,
    0.61117065494,1.),.UNSPECIFIED.);
#526 = CARTESIAN_POINT('',(15.378174097665,2.078749722923,5.711317924427
    ));
#527 = CARTESIAN_POINT('',(15.378174097665,2.021862542661,5.555021681203
    ));
#528 = CARTESIAN_POINT('',(15.384167570005,1.96565249989,5.400585857943)
  );
#529 = CARTESIAN_POINT('',(15.397139182112,1.910238387328,5.248336834958
    ));
#530 = CARTESIAN_POINT('',(15.418430454553,1.85597167094,5.099240257054)
  );
#531 = CARTESIAN_POINT('',(15.449750667115,1.803437923053,4.954904970975
    ));
#532 = CARTESIAN_POINT('',(15.520917790323,1.721677012269,4.730268714803
    ));
#533 = CARTESIAN_POINT('',(15.553502002086,1.690941345643,4.645823164775
    ));
#534 = CARTESIAN_POINT('',(15.591520145294,1.661499209019,4.564931559222
    ));
#535 = CARTESIAN_POINT('',(15.635483105963,1.633673644385,4.488481448706
    ));
#536 = CARTESIAN_POINT('',(15.68580980759,1.607849839382,4.417531127576)
  );
#537 = CARTESIAN_POINT('',(15.742505307856,1.584381753547,4.353053091665
    ));
#538 = ORIENTED_EDGE('',*,*,#539,.F.);
#539 = EDGE_CURVE('',#540,#523,#542,.T.);
#540 = VERTEX_POINT('',#541);
#541 = CARTESIAN_POINT('',(15.757791932059,2.586653266548,7.1067714418)
  );
#542 = B_SPLINE_CURVE_WITH_KNOTS('',6,(#543,#544,#545,#546,#547,#548,
    #549,#550,#551,#552,#553,#554),.UNSPECIFIED.,.F.,.F.,(7,5,7),(0.,
    0.390711467859,1.),.UNSPECIFIED.);
#543 = CARTESIAN_POINT('',(15.757791932059,2.586653266548,7.1067714418)
  );
#544 = CARTESIAN_POINT('',(15.698465031656,2.562340387553,7.039972355759
    ));
#545 = CARTESIAN_POINT('',(15.645803352376,2.535595698069,6.966491925311
    ));
#546 = CARTESIAN_POINT('',(15.599824636236,2.506787295132,6.887341488751
    ));
#547 = CARTESIAN_POINT('',(15.560094838029,2.476317730848,6.803627048899
    ));
#548 = CARTESIAN_POINT('',(15.52607745244,2.444524811025,6.716276719587)
  );
#549 = CARTESIAN_POINT('',(15.452224483477,2.360402542883,6.485152687396
    ));
#550 = CARTESIAN_POINT('',(15.419816891904,2.306575472003,6.337264025596
    ));
#551 = CARTESIAN_POINT('',(15.397790846163,2.251021796722,6.184631557194
    ));
#552 = CARTESIAN_POINT('',(15.384373254683,2.194337162556,6.028891804792
    ));
#553 = CARTESIAN_POINT('',(15.378174097665,2.136875293126,5.871016616055
    ));
#554 = CARTESIAN_POINT('',(15.378174097665,2.078749722923,5.711317924427
    ));
#555 = ORIENTED_EDGE('',*,*,#556,.F.);
#556 = EDGE_CURVE('',#557,#540,#559,.T.);
#557 = VERTEX_POINT('',#558);
#558 = CARTESIAN_POINT('',(16.743779193206,2.742283324123,7.534361510774
    ));
#559 = B_SPLINE_CURVE_WITH_KNOTS('',5,(#560,#561,#562,#563,#564,#565,
    #566,#567,#568,#569,#570,#571,#572,#573),.UNSPECIFIED.,.F.,.F.,(6,4,
    4,6),(0.,0.176557703039,0.533199595664,1.),.UNSPECIFIED.);
#560 = CARTESIAN_POINT('',(16.743779193206,2.742283324123,7.534361510774
    ));
#561 = CARTESIAN_POINT('',(16.702781659492,2.742283324123,7.534361510774
    ));
#562 = CARTESIAN_POINT('',(16.662046111006,2.741838773658,7.533140118411
    ));
#563 = CARTESIAN_POINT('',(16.62161901259,2.740932558808,7.530650313572)
  );
#564 = CARTESIAN_POINT('',(16.581550889921,2.739550062498,7.526851936177
    ));
#565 = CARTESIAN_POINT('',(16.461795165801,2.733900000003,7.511328517055
    ));
#566 = CARTESIAN_POINT('',(16.383368976019,2.728127839457,7.495469636293
    ));
#567 = CARTESIAN_POINT('',(16.307095008747,2.720266260123,7.473870124593
    ));
#568 = CARTESIAN_POINT('',(16.233433489955,2.71027964315,7.446432119961)
  );
#569 = CARTESIAN_POINT('',(16.070299261309,2.68247300408,7.370034007006)
  );
#570 = CARTESIAN_POINT('',(15.982935599382,2.663180127779,7.317027265014
    ));
#571 = CARTESIAN_POINT('',(15.901604072736,2.640510419915,7.254742754552
    ));
#572 = CARTESIAN_POINT('',(15.826573729785,2.614851402068,7.184245182412
    ));
#573 = CARTESIAN_POINT('',(15.757791932059,2.586653266548,7.1067714418)
  );
#574 = ORIENTED_EDGE('',*,*,#575,.F.);
#575 = EDGE_CURVE('',#576,#557,#578,.T.);
#576 = VERTEX_POINT('',#577);
#577 = CARTESIAN_POINT('',(17.448152866242,2.660314674911,7.309154497963
    ));
#578 = B_SPLINE_CURVE_WITH_KNOTS('',6,(#579,#580,#581,#582,#583,#584,
    #585,#586,#587,#588,#589,#590),.UNSPECIFIED.,.F.,.F.,(7,5,7),(0.,
    0.206808744163,1.),.UNSPECIFIED.);
#579 = CARTESIAN_POINT('',(17.448152866242,2.660314674911,7.309154497963
    ));
#580 = CARTESIAN_POINT('',(17.428688972047,2.666035191914,7.324871489254
    ));
#581 = CARTESIAN_POINT('',(17.408761650577,2.67152648783,7.339958700788)
  );
#582 = CARTESIAN_POINT('',(17.38837650849,2.67678441616,7.354404740148)
  );
#583 = CARTESIAN_POINT('',(17.367540624487,2.681805507705,7.368200075789
    ));
#584 = CARTESIAN_POINT('',(17.346262549306,2.686586970567,7.381337037035
    ));
#585 = CARTESIAN_POINT('',(17.241285152622,2.708538264749,7.441647722127
    ));
#586 = CARTESIAN_POINT('',(17.151636263462,2.722399027597,7.479729855069
    ));
#587 = CARTESIAN_POINT('',(17.056228434235,2.732573345333,7.507683563305
    ));
#588 = CARTESIAN_POINT('',(16.955868484415,2.739134820723,7.525711068777
    ));
#589 = CARTESIAN_POINT('',(16.851432577997,2.742283324123,7.534361510774
    ));
#590 = CARTESIAN_POINT('',(16.743779193206,2.742283324123,7.534361510774
    ));
#591 = ORIENTED_EDGE('',*,*,#592,.F.);
#592 = EDGE_CURVE('',#352,#576,#593,.T.);
#593 = B_SPLINE_CURVE_WITH_KNOTS('',5,(#594,#595,#596,#597,#598,#599,
    #600,#601,#602,#603),.UNSPECIFIED.,.F.,.F.,(6,4,6),(0.,
    0.486165280091,1.),.UNSPECIFIED.);
#594 = CARTESIAN_POINT('',(17.803651804671,2.422367412565,6.655399767646
    ));
#595 = CARTESIAN_POINT('',(17.7896867663,2.450876762357,6.733728562443)
  );
#596 = CARTESIAN_POINT('',(17.771206660349,2.478425397706,6.809417816001
    ));
#597 = CARTESIAN_POINT('',(17.747881026001,2.504855438911,6.882033757407
    ));
#598 = CARTESIAN_POINT('',(17.719409802937,2.529983409648,6.951072289601
    ));
#599 = CARTESIAN_POINT('',(17.650002747212,2.578634422459,7.084739848736
    ));
#600 = CARTESIAN_POINT('',(17.608444490691,2.601988752435,7.148905342989
    ));
#601 = CARTESIAN_POINT('',(17.560853304914,2.623484698909,7.207964970538
    ));
#602 = CARTESIAN_POINT('',(17.507296116651,2.642955126522,7.26145953075)
  );
#603 = CARTESIAN_POINT('',(17.448152866242,2.660314674911,7.309154497963
    ));
#604 = FACE_BOUND('',#605,.T.);
#605 = EDGE_LOOP('',(#606,#616,#624,#639,#647,#659,#678,#686));
#606 = ORIENTED_EDGE('',*,*,#607,.F.);
#607 = EDGE_CURVE('',#608,#610,#612,.T.);
#608 = VERTEX_POINT('',#609);
#609 = CARTESIAN_POINT('',(13.591677282378,1.455880937065,4.));
#610 = VERTEX_POINT('',#611);
#611 = CARTESIAN_POINT('',(14.307600849257,1.455880937065,4.));
#612 = LINE('',#613,#614);
#613 = CARTESIAN_POINT('',(6.653800424628,1.455880937065,4.));
#614 = VECTOR('',#615,1.);
#615 = DIRECTION('',(1.,0.,0.));
#616 = ORIENTED_EDGE('',*,*,#617,.F.);
#617 = EDGE_CURVE('',#618,#608,#620,.T.);
#618 = VERTEX_POINT('',#619);
#619 = CARTESIAN_POINT('',(13.591677282378,2.382109245376,6.544791362346
    ));
#620 = LINE('',#621,#622);
#621 = CARTESIAN_POINT('',(13.591677282378,0.727940468532,2.));
#622 = VECTOR('',#623,1.);
#623 = DIRECTION('',(-0.,-0.342020143326,-0.939692620786));
#624 = ORIENTED_EDGE('',*,*,#625,.F.);
#625 = EDGE_CURVE('',#626,#618,#628,.T.);
#626 = VERTEX_POINT('',#627);
#627 = CARTESIAN_POINT('',(12.666836518047,2.195748205922,6.032768614578
    ));
#628 = B_SPLINE_CURVE_WITH_KNOTS('',5,(#629,#630,#631,#632,#633,#634,
    #635,#636,#637,#638),.UNSPECIFIED.,.F.,.F.,(6,4,6),(0.,
    0.723532752039,1.),.UNSPECIFIED.);
#629 = CARTESIAN_POINT('',(12.666836518047,2.195748205922,6.032768614578
    ));
#630 = CARTESIAN_POINT('',(12.817915754774,2.212873359269,6.079819586705
    ));
#631 = CARTESIAN_POINT('',(12.963895124765,2.233522330948,6.136552170127
    ));
#632 = CARTESIAN_POINT('',(13.103865306266,2.257803848753,6.203265092008
    ));
#633 = CARTESIAN_POINT('',(13.237006674075,2.28572395818,6.279974962205)
  );
#634 = CARTESIAN_POINT('',(13.410724704643,2.329123500893,6.399214225825
    ));
#635 = CARTESIAN_POINT('',(13.457666046147,2.341630760276,6.433577638559
    ));
#636 = CARTESIAN_POINT('',(13.503488396127,2.354638420102,6.469315890211
    ));
#637 = CARTESIAN_POINT('',(13.548165389318,2.368135679869,6.506399306646
    ));
#638 = CARTESIAN_POINT('',(13.591677282378,2.382109245376,6.544791362346
    ));
#639 = ORIENTED_EDGE('',*,*,#640,.F.);
#640 = EDGE_CURVE('',#641,#626,#643,.T.);
#641 = VERTEX_POINT('',#642);
#642 = CARTESIAN_POINT('',(12.666836518047,2.418823764371,6.64566367425)
  );
#643 = LINE('',#644,#645);
#644 = CARTESIAN_POINT('',(12.666836518047,1.097874102961,3.016384307289
    ));
#645 = VECTOR('',#646,1.);
#646 = DIRECTION('',(-0.,-0.342020143326,-0.939692620786));
#647 = ORIENTED_EDGE('',*,*,#648,.F.);
#648 = EDGE_CURVE('',#649,#641,#651,.T.);
#649 = VERTEX_POINT('',#650);
#650 = CARTESIAN_POINT('',(13.275753715499,2.537797395544,6.972541039408
    ));
#651 = B_SPLINE_CURVE_WITH_KNOTS('',6,(#652,#653,#654,#655,#656,#657,
    #658),.UNSPECIFIED.,.F.,.F.,(7,7),(0.,1.),.PIECEWISE_BEZIER_KNOTS.);
#652 = CARTESIAN_POINT('',(13.275753715499,2.537797395544,6.972541039408
    ));
#653 = CARTESIAN_POINT('',(13.17268285653,2.5103242775,6.89705926794));
#654 = CARTESIAN_POINT('',(13.069812867486,2.485461594455,6.828749607688
    ));
#655 = CARTESIAN_POINT('',(12.967384629426,2.463520866936,6.768467954263
    ));
#656 = CARTESIAN_POINT('',(12.865754701014,2.444859708824,6.717196843729
    ));
#657 = CARTESIAN_POINT('',(12.76538820969,2.429855036128,6.675971844309)
  );
#658 = CARTESIAN_POINT('',(12.666836518047,2.418823764371,6.64566367425)
  );
#659 = ORIENTED_EDGE('',*,*,#660,.F.);
#660 = EDGE_CURVE('',#661,#649,#663,.T.);
#661 = VERTEX_POINT('',#662);
#662 = CARTESIAN_POINT('',(13.726709129512,2.742283324123,7.534361510774
    ));
#663 = B_SPLINE_CURVE_WITH_KNOTS('',5,(#664,#665,#666,#667,#668,#669,
    #670,#671,#672,#673,#674,#675,#676,#677),.UNSPECIFIED.,.F.,.F.,(6,4,
    4,6),(0.,7.672019752048E-02,0.533182313786,1.),.UNSPECIFIED.);
#664 = CARTESIAN_POINT('',(13.726709129512,2.742283324123,7.534361510774
    ));
#665 = CARTESIAN_POINT('',(13.722894598334,2.738639373968,7.524349840005
    ));
#666 = CARTESIAN_POINT('',(13.718953821046,2.735012433289,7.514384902388
    ));
#667 = CARTESIAN_POINT('',(13.714886949888,2.731402756931,7.504467398103
    ));
#668 = CARTESIAN_POINT('',(13.710694204298,2.727810590957,7.494598003202
    ));
#669 = CARTESIAN_POINT('',(13.680683085188,2.702969458038,7.426347551436
    ));
#670 = CARTESIAN_POINT('',(13.650543919484,2.682330394408,7.369642190152
    ));
#671 = CARTESIAN_POINT('',(13.616020307509,2.662370786818,7.314803618997
    ));
#672 = CARTESIAN_POINT('',(13.577255713133,2.643125759746,7.261928341682
    ));
#673 = CARTESIAN_POINT('',(13.490684036065,2.605688263102,7.15906966501)
  );
#674 = CARTESIAN_POINT('',(13.442689854659,2.587528785844,7.109176911294
    ));
#675 = CARTESIAN_POINT('',(13.39068986579,2.570160917499,7.061459085194)
  );
#676 = CARTESIAN_POINT('',(13.33495203542,2.553586930406,7.015922429904)
  );
#677 = CARTESIAN_POINT('',(13.275753715499,2.537797395544,6.972541039408
    ));
#678 = ORIENTED_EDGE('',*,*,#679,.F.);
#679 = EDGE_CURVE('',#680,#661,#682,.T.);
#680 = VERTEX_POINT('',#681);
#681 = CARTESIAN_POINT('',(14.307600849257,2.742283324123,7.534361510774
    ));
#682 = LINE('',#683,#684);
#683 = CARTESIAN_POINT('',(6.363354564756,2.742283324123,7.534361510774)
  );
#684 = VECTOR('',#685,1.);
#685 = DIRECTION('',(-1.,0.,0.));
#686 = ORIENTED_EDGE('',*,*,#687,.F.);
#687 = EDGE_CURVE('',#610,#680,#688,.T.);
#688 = LINE('',#689,#690);
#689 = CARTESIAN_POINT('',(14.307600849257,1.371141662061,3.767180755387
    ));
#690 = VECTOR('',#691,1.);
#691 = DIRECTION('',(0.,0.342020143326,0.939692620786));
#692 = FACE_BOUND('',#693,.T.);
#693 = EDGE_LOOP('',(#694,#704,#712,#720,#732,#747,#759,#767,#782,#797)
  );
#694 = ORIENTED_EDGE('',*,*,#695,.F.);
#695 = EDGE_CURVE('',#696,#698,#700,.T.);
#696 = VERTEX_POINT('',#697);
#697 = CARTESIAN_POINT('',(8.127558386412,2.719975768278,7.473072004807)
  );
#698 = VERTEX_POINT('',#699);
#699 = CARTESIAN_POINT('',(8.127558386412,2.493182283854,6.849962027474)
  );
#700 = LINE('',#701,#702);
#701 = CARTESIAN_POINT('',(8.127558386412,1.246591141927,3.424981013737)
  );
#702 = VECTOR('',#703,1.);
#703 = DIRECTION('',(-0.,-0.342020143326,-0.939692620786));
#704 = ORIENTED_EDGE('',*,*,#705,.F.);
#705 = EDGE_CURVE('',#706,#696,#708,.T.);
#706 = VERTEX_POINT('',#707);
#707 = CARTESIAN_POINT('',(10.575966029724,2.719975768278,7.473072004807
    ));
#708 = LINE('',#709,#710);
#709 = CARTESIAN_POINT('',(3.563779193206,2.719975768278,7.473072004807)
  );
#710 = VECTOR('',#711,1.);
#711 = DIRECTION('',(-1.,0.,0.));
#712 = ORIENTED_EDGE('',*,*,#713,.F.);
#713 = EDGE_CURVE('',#714,#706,#716,.T.);
#714 = VERTEX_POINT('',#715);
#715 = CARTESIAN_POINT('',(10.575966029724,2.541515321518,6.98275595707)
  );
#716 = LINE('',#717,#718);
#717 = CARTESIAN_POINT('',(10.575966029724,1.359987884139,3.736536002404
    ));
#718 = VECTOR('',#719,1.);
#719 = DIRECTION('',(0.,0.342020143326,0.939692620786));
#720 = ORIENTED_EDGE('',*,*,#721,.F.);
#721 = EDGE_CURVE('',#722,#714,#724,.T.);
#722 = VERTEX_POINT('',#723);
#723 = CARTESIAN_POINT('',(9.95940552017,2.24779916956,6.175777461835));
#724 = B_SPLINE_CURVE_WITH_KNOTS('',6,(#725,#726,#727,#728,#729,#730,
    #731),.UNSPECIFIED.,.F.,.F.,(7,7),(0.,1.),.PIECEWISE_BEZIER_KNOTS.);
#725 = CARTESIAN_POINT('',(9.95940552017,2.24779916956,6.175777461835));
#726 = CARTESIAN_POINT('',(10.053178780053,2.30509480377,6.333195923059)
  );
#727 = CARTESIAN_POINT('',(10.15015169586,2.359886309749,6.483734348516)
  );
#728 = CARTESIAN_POINT('',(10.250721839411,2.411746650359,6.626219463306
    ));
#729 = CARTESIAN_POINT('',(10.355156909034,2.45998032297,6.758740389662)
  );
#730 = CARTESIAN_POINT('',(10.463594985115,2.503620440298,6.878640626605
    ));
#731 = CARTESIAN_POINT('',(10.575966029724,2.541515321518,6.98275595707)
  );
#732 = ORIENTED_EDGE('',*,*,#733,.F.);
#733 = EDGE_CURVE('',#734,#722,#736,.T.);
#734 = VERTEX_POINT('',#735);
#735 = CARTESIAN_POINT('',(9.48161358811,1.840918645763,5.057882410288)
  );
#736 = B_SPLINE_CURVE_WITH_KNOTS('',5,(#737,#738,#739,#740,#741,#742,
    #743,#744,#745,#746),.UNSPECIFIED.,.F.,.F.,(6,4,6),(0.,
    0.729619825337,1.),.UNSPECIFIED.);
#737 = CARTESIAN_POINT('',(9.48161358811,1.840918645763,5.057882410288)
  );
#738 = CARTESIAN_POINT('',(9.529212972156,1.903297083472,5.229265759353)
  );
#739 = CARTESIAN_POINT('',(9.584869405517,1.964748610592,5.398102442506)
  );
#740 = CARTESIAN_POINT('',(9.648670615115,2.025142863708,5.564034289208)
  );
#741 = CARTESIAN_POINT('',(9.720596444573,2.084358406519,5.726727655961)
  );
#742 = CARTESIAN_POINT('',(9.83010435226,2.163752494981,5.94486112125));
#743 = CARTESIAN_POINT('',(9.860808280218,2.185042346121,6.003354506519)
  );
#744 = CARTESIAN_POINT('',(9.892599876338,2.206150026943,6.061347382956)
  );
#745 = CARTESIAN_POINT('',(9.925469531524,2.227070509043,6.11882593513)
  );
#746 = CARTESIAN_POINT('',(9.95940552017,2.24779916956,6.175777461835));
#747 = ORIENTED_EDGE('',*,*,#748,.F.);
#748 = EDGE_CURVE('',#749,#734,#751,.T.);
#749 = VERTEX_POINT('',#750);
#750 = CARTESIAN_POINT('',(9.31991507431,1.455880937065,4.));
#751 = B_SPLINE_CURVE_WITH_KNOTS('',6,(#752,#753,#754,#755,#756,#757,
    #758),.UNSPECIFIED.,.F.,.F.,(7,7),(0.,1.),.PIECEWISE_BEZIER_KNOTS.);
#752 = CARTESIAN_POINT('',(9.31991507431,1.455880937065,4.));
#753 = CARTESIAN_POINT('',(9.318999618454,1.516811042195,4.167404088011)
  );
#754 = CARTESIAN_POINT('',(9.331031594018,1.579531513582,4.339727166883)
  );
#755 = CARTESIAN_POINT('',(9.3546067726,1.643609082209,4.51577883978));
#756 = CARTESIAN_POINT('',(9.388328475563,1.70868805856,4.694581857785)
  );
#757 = CARTESIAN_POINT('',(9.430991491415,1.774510374791,4.875427185327)
  );
#758 = CARTESIAN_POINT('',(9.48161358811,1.840918645763,5.057882410288)
  );
#759 = ORIENTED_EDGE('',*,*,#760,.F.);
#760 = EDGE_CURVE('',#761,#749,#763,.T.);
#761 = VERTEX_POINT('',#762);
#762 = CARTESIAN_POINT('',(8.629469214437,1.455880937065,4.));
#763 = LINE('',#764,#765);
#764 = CARTESIAN_POINT('',(4.159957537155,1.455880937065,4.));
#765 = VECTOR('',#766,1.);
#766 = DIRECTION('',(1.,0.,0.));
#767 = ORIENTED_EDGE('',*,*,#768,.F.);
#768 = EDGE_CURVE('',#769,#761,#771,.T.);
#769 = VERTEX_POINT('',#770);
#770 = CARTESIAN_POINT('',(8.949129511677,1.998581944105,5.491058762358)
  );
#771 = B_SPLINE_CURVE_WITH_KNOTS('',5,(#772,#773,#774,#775,#776,#777,
    #778,#779,#780,#781),.UNSPECIFIED.,.F.,.F.,(6,4,6),(0.,
    0.509537405266,1.),.UNSPECIFIED.);
#772 = CARTESIAN_POINT('',(8.949129511677,1.998581944105,5.491058762358)
  );
#773 = CARTESIAN_POINT('',(8.890257070428,1.944634051623,5.342838145938)
  );
#774 = CARTESIAN_POINT('',(8.837340812121,1.890204559753,5.19329434607)
  );
#775 = CARTESIAN_POINT('',(8.790784498693,1.835342416094,5.042561845185)
  );
#776 = CARTESIAN_POINT('',(8.750991263365,1.780116111685,4.890828820861)
  );
#777 = CARTESIAN_POINT('',(8.686835468662,1.671196065331,4.591573452979)
  );
#778 = CARTESIAN_POINT('',(8.66195038561,1.617521364221,4.444103423683)
  );
#779 = CARTESIAN_POINT('',(8.64395068699,1.563676791211,4.296166675179)
  );
#780 = CARTESIAN_POINT('',(8.633079929515,1.509759486754,4.148030098664)
  );
#781 = CARTESIAN_POINT('',(8.629469214437,1.455880937065,4.));
#782 = ORIENTED_EDGE('',*,*,#783,.F.);
#783 = EDGE_CURVE('',#784,#769,#786,.T.);
#784 = VERTEX_POINT('',#785);
#785 = CARTESIAN_POINT('',(9.755583864119,2.493182283854,6.849962027474)
  );
#786 = B_SPLINE_CURVE_WITH_KNOTS('',5,(#787,#788,#789,#790,#791,#792,
    #793,#794,#795,#796),.UNSPECIFIED.,.F.,.F.,(6,4,6),(0.,
    0.496370005955,1.),.UNSPECIFIED.);
#787 = CARTESIAN_POINT('',(9.755583864119,2.493182283854,6.849962027474)
  );
#788 = CARTESIAN_POINT('',(9.653761230799,2.449187378319,6.729087017944)
  );
#789 = CARTESIAN_POINT('',(9.557194100577,2.403741693385,6.604226024778)
  );
#790 = CARTESIAN_POINT('',(9.466032897616,2.356924837213,6.475597769595)
  );
#791 = CARTESIAN_POINT('',(9.380344409168,2.308830252381,6.343458983771)
  );
#792 = CARTESIAN_POINT('',(9.218740101064,2.209571245261,6.070747103032)
  );
#793 = CARTESIAN_POINT('',(9.142983869505,2.158371155449,5.930076012398)
  );
#794 = CARTESIAN_POINT('',(9.072859240409,2.106067489419,5.786372871027)
  );
#795 = CARTESIAN_POINT('',(9.008284207145,2.052769372634,5.639937498661)
  );
#796 = CARTESIAN_POINT('',(8.949129511677,1.998581944105,5.491058762358)
  );
#797 = ORIENTED_EDGE('',*,*,#798,.F.);
#798 = EDGE_CURVE('',#698,#784,#799,.T.);
#799 = LINE('',#800,#801);
#800 = CARTESIAN_POINT('',(4.377791932059,2.493182283854,6.849962027474)
  );
#801 = VECTOR('',#802,1.);
#802 = DIRECTION('',(1.,0.,0.));
#803 = FACE_BOUND('',#804,.T.);
#804 = EDGE_LOOP('',(#805,#815,#823,#831));
#805 = ORIENTED_EDGE('',*,*,#806,.F.);
#806 = EDGE_CURVE('',#807,#809,#811,.T.);
#807 = VERTEX_POINT('',#808);
#808 = CARTESIAN_POINT('',(11.725520169851,2.753437102045,7.565006263758
    ));
#809 = VERTEX_POINT('',#810);
#810 = CARTESIAN_POINT('',(10.80067940552,1.43357338122,3.938710494033)
  );
#811 = LINE('',#812,#813);
#812 = CARTESIAN_POINT('',(10.005219844805,0.298352858873,0.819717742785
    ));
#813 = VECTOR('',#814,1.);
#814 = DIRECTION('',(-0.233057266823,-0.332601938861,-0.913816316689));
#815 = ORIENTED_EDGE('',*,*,#816,.F.);
#816 = EDGE_CURVE('',#817,#807,#819,.T.);
#817 = VERTEX_POINT('',#818);
#818 = CARTESIAN_POINT('',(12.263099787686,2.753437102045,7.565006263758
    ));
#819 = LINE('',#820,#821);
#820 = CARTESIAN_POINT('',(5.362760084926,2.753437102045,7.565006263758)
  );
#821 = VECTOR('',#822,1.);
#822 = DIRECTION('',(-1.,0.,0.));
#823 = ORIENTED_EDGE('',*,*,#824,.F.);
#824 = EDGE_CURVE('',#825,#817,#827,.T.);
#825 = VERTEX_POINT('',#826);
#826 = CARTESIAN_POINT('',(11.328067940552,1.43357338122,3.938710494033)
  );
#827 = LINE('',#828,#829);
#828 = CARTESIAN_POINT('',(10.974137117775,0.933974940698,2.566075059905
    ));
#829 = VECTOR('',#830,1.);
#830 = DIRECTION('',(0.235483715343,0.332401953666,0.913266861879));
#831 = ORIENTED_EDGE('',*,*,#832,.F.);
#832 = EDGE_CURVE('',#809,#825,#833,.T.);
#833 = LINE('',#834,#835);
#834 = CARTESIAN_POINT('',(5.164033970276,1.43357338122,3.938710494033)
  );
#835 = VECTOR('',#836,1.);
#836 = DIRECTION('',(1.,0.,0.));
#837 = PLANE('',#838);
#838 = AXIS2_PLACEMENT_3D('',#839,#840,#841);
#839 = CARTESIAN_POINT('',(-1.,0.,0.));
#840 = DIRECTION('',(0.,-0.939692620786,0.342020143326));
#841 = DIRECTION('',(0.,0.342020143326,0.939692620786));
#842 = ADVANCED_FACE('',(#843),#854,.T.);
#843 = FACE_BOUND('',#844,.T.);
#844 = EDGE_LOOP('',(#845,#846,#847,#848));
#845 = ORIENTED_EDGE('',*,*,#323,.T.);
#846 = ORIENTED_EDGE('',*,*,#236,.T.);
#847 = ORIENTED_EDGE('',*,*,#134,.F.);
#848 = ORIENTED_EDGE('',*,*,#849,.F.);
#849 = EDGE_CURVE('',#316,#127,#850,.T.);
#850 = LINE('',#851,#852);
#851 = CARTESIAN_POINT('',(4.,12.75,-1.));
#852 = VECTOR('',#853,1.);
#853 = DIRECTION('',(0.,0.,1.));
#854 = PLANE('',#855);
#855 = AXIS2_PLACEMENT_3D('',#856,#857,#858);
#856 = CARTESIAN_POINT('',(4.,6.45,-1.));
#857 = DIRECTION('',(-1.,0.,0.));
#858 = DIRECTION('',(0.,1.,0.));
#859 = ADVANCED_FACE('',(#860),#871,.T.);
#860 = FACE_BOUND('',#861,.T.);
#861 = EDGE_LOOP('',(#862,#863,#864,#865));
#862 = ORIENTED_EDGE('',*,*,#315,.T.);
#863 = ORIENTED_EDGE('',*,*,#849,.T.);
#864 = ORIENTED_EDGE('',*,*,#126,.F.);
#865 = ORIENTED_EDGE('',*,*,#866,.F.);
#866 = EDGE_CURVE('',#308,#119,#867,.T.);
#867 = LINE('',#868,#869);
#868 = CARTESIAN_POINT('',(0.,11.75,-1.));
#869 = VECTOR('',#870,1.);
#870 = DIRECTION('',(0.,0.,1.));
#871 = PLANE('',#872);
#872 = AXIS2_PLACEMENT_3D('',#873,#874,#875);
#873 = CARTESIAN_POINT('',(4.,12.75,-1.));
#874 = DIRECTION('',(0.242535625036,-0.970142500145,0.));
#875 = DIRECTION('',(-0.970142500145,-0.242535625036,0.));
#876 = ADVANCED_FACE('',(#877),#888,.F.);
#877 = FACE_BOUND('',#878,.F.);
#878 = EDGE_LOOP('',(#879,#880,#881,#882));
#879 = ORIENTED_EDGE('',*,*,#118,.F.);
#880 = ORIENTED_EDGE('',*,*,#866,.F.);
#881 = ORIENTED_EDGE('',*,*,#307,.T.);
#882 = ORIENTED_EDGE('',*,*,#883,.T.);
#883 = EDGE_CURVE('',#300,#111,#884,.T.);
#884 = LINE('',#885,#886);
#885 = CARTESIAN_POINT('',(0.,32.,0.));
#886 = VECTOR('',#887,1.);
#887 = DIRECTION('',(0.,0.,1.));
#888 = PLANE('',#889);
#889 = AXIS2_PLACEMENT_3D('',#890,#891,#892);
#890 = CARTESIAN_POINT('',(0.,0.,0.));
#891 = DIRECTION('',(1.,0.,0.));
#892 = DIRECTION('',(0.,0.,1.));
#893 = ADVANCED_FACE('',(#894),#905,.T.);
#894 = FACE_BOUND('',#895,.T.);
#895 = EDGE_LOOP('',(#896,#897,#898,#899));
#896 = ORIENTED_EDGE('',*,*,#299,.F.);
#897 = ORIENTED_EDGE('',*,*,#883,.T.);
#898 = ORIENTED_EDGE('',*,*,#110,.T.);
#899 = ORIENTED_EDGE('',*,*,#900,.F.);
#900 = EDGE_CURVE('',#292,#103,#901,.T.);
#901 = LINE('',#902,#903);
#902 = CARTESIAN_POINT('',(26.,32.,0.));
#903 = VECTOR('',#904,1.);
#904 = DIRECTION('',(0.,0.,1.));
#905 = PLANE('',#906);
#906 = AXIS2_PLACEMENT_3D('',#907,#908,#909);
#907 = CARTESIAN_POINT('',(0.,32.,0.));
#908 = DIRECTION('',(0.,1.,0.));
#909 = DIRECTION('',(0.,0.,1.));
#910 = ADVANCED_FACE('',(#911),#922,.T.);
#911 = FACE_BOUND('',#912,.T.);
#912 = EDGE_LOOP('',(#913,#914,#920,#921));
#913 = ORIENTED_EDGE('',*,*,#102,.F.);
#914 = ORIENTED_EDGE('',*,*,#915,.T.);
#915 = EDGE_CURVE('',#95,#284,#916,.T.);
#916 = LINE('',#917,#918);
#917 = CARTESIAN_POINT('',(26.,11.624390243902,0.));
#918 = VECTOR('',#919,1.);
#919 = DIRECTION('',(0.,0.,-1.));
#920 = ORIENTED_EDGE('',*,*,#291,.T.);
#921 = ORIENTED_EDGE('',*,*,#900,.T.);
#922 = PLANE('',#923);
#923 = AXIS2_PLACEMENT_3D('',#924,#925,#926);
#924 = CARTESIAN_POINT('',(26.,0.,0.));
#925 = DIRECTION('',(1.,0.,0.));
#926 = DIRECTION('',(0.,0.,1.));
#927 = ADVANCED_FACE('',(#928),#939,.T.);
#928 = FACE_BOUND('',#929,.T.);
#929 = EDGE_LOOP('',(#930,#931,#937,#938));
#930 = ORIENTED_EDGE('',*,*,#78,.T.);
#931 = ORIENTED_EDGE('',*,*,#932,.T.);
#932 = EDGE_CURVE('',#71,#95,#933,.T.);
#933 = LINE('',#934,#935);
#934 = CARTESIAN_POINT('',(26.,0.,10.));
#935 = VECTOR('',#936,1.);
#936 = DIRECTION('',(0.,1.,0.));
#937 = ORIENTED_EDGE('',*,*,#94,.T.);
#938 = ORIENTED_EDGE('',*,*,#86,.T.);
#939 = PLANE('',#940);
#940 = AXIS2_PLACEMENT_3D('',#941,#942,#943);
#941 = CARTESIAN_POINT('',(0.,0.,10.));
#942 = DIRECTION('',(0.,0.,1.));
#943 = DIRECTION('',(1.,0.,0.));
#944 = ADVANCED_FACE('',(#945),#956,.T.);
#945 = FACE_BOUND('',#946,.T.);
#946 = EDGE_LOOP('',(#947,#948,#949,#950));
#947 = ORIENTED_EDGE('',*,*,#70,.F.);
#948 = ORIENTED_EDGE('',*,*,#340,.T.);
#949 = ORIENTED_EDGE('',*,*,#259,.T.);
#950 = ORIENTED_EDGE('',*,*,#951,.T.);
#951 = EDGE_CURVE('',#260,#71,#952,.T.);
#952 = LINE('',#953,#954);
#953 = CARTESIAN_POINT('',(26.,7.575609756098,0.));
#954 = VECTOR('',#955,1.);
#955 = DIRECTION('',(0.,0.,1.));
#956 = PLANE('',#957);
#957 = AXIS2_PLACEMENT_3D('',#958,#959,#960);
#958 = CARTESIAN_POINT('',(26.,0.,0.));
#959 = DIRECTION('',(1.,0.,0.));
#960 = DIRECTION('',(0.,0.,1.));
#961 = ADVANCED_FACE('',(#962),#988,.T.);
#962 = FACE_BOUND('',#963,.T.);
#963 = EDGE_LOOP('',(#964,#972,#973,#981));
#964 = ORIENTED_EDGE('',*,*,#965,.F.);
#965 = EDGE_CURVE('',#151,#966,#968,.T.);
#966 = VERTEX_POINT('',#967);
#967 = CARTESIAN_POINT('',(8.1,25.34,20.5));
#968 = LINE('',#969,#970);
#969 = CARTESIAN_POINT('',(8.1,25.34,9.9));
#970 = VECTOR('',#971,1.);
#971 = DIRECTION('',(0.,0.,1.));
#972 = ORIENTED_EDGE('',*,*,#150,.T.);
#973 = ORIENTED_EDGE('',*,*,#974,.T.);
#974 = EDGE_CURVE('',#153,#975,#977,.T.);
#975 = VERTEX_POINT('',#976);
#976 = CARTESIAN_POINT('',(7.5,24.74,20.5));
#977 = LINE('',#978,#979);
#978 = CARTESIAN_POINT('',(7.5,24.74,9.9));
#979 = VECTOR('',#980,1.);
#980 = DIRECTION('',(0.,0.,1.));
#981 = ORIENTED_EDGE('',*,*,#982,.F.);
#982 = EDGE_CURVE('',#966,#975,#983,.T.);
#983 = CIRCLE('',#984,0.6);
#984 = AXIS2_PLACEMENT_3D('',#985,#986,#987);
#985 = CARTESIAN_POINT('',(8.1,24.74,20.5));
#986 = DIRECTION('',(0.,-0.,1.));
#987 = DIRECTION('',(0.,1.,0.));
#988 = CYLINDRICAL_SURFACE('',#989,0.6);
#989 = AXIS2_PLACEMENT_3D('',#990,#991,#992);
#990 = CARTESIAN_POINT('',(8.1,24.74,9.9));
#991 = DIRECTION('',(0.,0.,1.));
#992 = DIRECTION('',(0.,1.,0.));
#993 = ADVANCED_FACE('',(#994),#1012,.F.);
#994 = FACE_BOUND('',#995,.F.);
#995 = EDGE_LOOP('',(#996,#997,#1005,#1011));
#996 = ORIENTED_EDGE('',*,*,#161,.T.);
#997 = ORIENTED_EDGE('',*,*,#998,.T.);
#998 = EDGE_CURVE('',#162,#999,#1001,.T.);
#999 = VERTEX_POINT('',#1000);
#1000 = CARTESIAN_POINT('',(17.9,25.34,20.5));
#1001 = LINE('',#1002,#1003);
#1002 = CARTESIAN_POINT('',(17.9,25.34,9.9));
#1003 = VECTOR('',#1004,1.);
#1004 = DIRECTION('',(0.,0.,1.));
#1005 = ORIENTED_EDGE('',*,*,#1006,.T.);
#1006 = EDGE_CURVE('',#999,#966,#1007,.T.);
#1007 = LINE('',#1008,#1009);
#1008 = CARTESIAN_POINT('',(17.9,25.34,20.5));
#1009 = VECTOR('',#1010,1.);
#1010 = DIRECTION('',(-1.,0.,0.));
#1011 = ORIENTED_EDGE('',*,*,#965,.F.);
#1012 = PLANE('',#1013);
#1013 = AXIS2_PLACEMENT_3D('',#1014,#1015,#1016);
#1014 = CARTESIAN_POINT('',(18.5,25.34,9.9));
#1015 = DIRECTION('',(0.,-1.,0.));
#1016 = DIRECTION('',(-1.,0.,0.));
#1017 = ADVANCED_FACE('',(#1018),#1036,.F.);
#1018 = FACE_BOUND('',#1019,.F.);
#1019 = EDGE_LOOP('',(#1020,#1021,#1022,#1030));
#1020 = ORIENTED_EDGE('',*,*,#212,.T.);
#1021 = ORIENTED_EDGE('',*,*,#974,.T.);
#1022 = ORIENTED_EDGE('',*,*,#1023,.T.);
#1023 = EDGE_CURVE('',#975,#1024,#1026,.T.);
#1024 = VERTEX_POINT('',#1025);
#1025 = CARTESIAN_POINT('',(7.5,14.94,20.5));
#1026 = LINE('',#1027,#1028);
#1027 = CARTESIAN_POINT('',(7.5,24.74,20.5));
#1028 = VECTOR('',#1029,1.);
#1029 = DIRECTION('',(0.,-1.,0.));
#1030 = ORIENTED_EDGE('',*,*,#1031,.F.);
#1031 = EDGE_CURVE('',#204,#1024,#1032,.T.);
#1032 = LINE('',#1033,#1034);
#1033 = CARTESIAN_POINT('',(7.5,14.94,9.9));
#1034 = VECTOR('',#1035,1.);
#1035 = DIRECTION('',(0.,0.,1.));
#1036 = PLANE('',#1037);
#1037 = AXIS2_PLACEMENT_3D('',#1038,#1039,#1040);
#1038 = CARTESIAN_POINT('',(7.5,25.34,9.9));
#1039 = DIRECTION('',(1.,0.,0.));
#1040 = DIRECTION('',(0.,-1.,0.));
#1041 = ADVANCED_FACE('',(#1042),#1061,.T.);
#1042 = FACE_BOUND('',#1043,.F.);
#1043 = EDGE_LOOP('',(#1044,#1045,#1046,#1054));
#1044 = ORIENTED_EDGE('',*,*,#998,.F.);
#1045 = ORIENTED_EDGE('',*,*,#169,.F.);
#1046 = ORIENTED_EDGE('',*,*,#1047,.T.);
#1047 = EDGE_CURVE('',#170,#1048,#1050,.T.);
#1048 = VERTEX_POINT('',#1049);
#1049 = CARTESIAN_POINT('',(18.5,24.74,20.5));
#1050 = LINE('',#1051,#1052);
#1051 = CARTESIAN_POINT('',(18.5,24.74,9.9));
#1052 = VECTOR('',#1053,1.);
#1053 = DIRECTION('',(0.,0.,1.));
#1054 = ORIENTED_EDGE('',*,*,#1055,.T.);
#1055 = EDGE_CURVE('',#1048,#999,#1056,.T.);
#1056 = CIRCLE('',#1057,0.6);
#1057 = AXIS2_PLACEMENT_3D('',#1058,#1059,#1060);
#1058 = CARTESIAN_POINT('',(17.9,24.74,20.5));
#1059 = DIRECTION('',(0.,0.,1.));
#1060 = DIRECTION('',(1.,0.,0.));
#1061 = CYLINDRICAL_SURFACE('',#1062,0.6);
#1062 = AXIS2_PLACEMENT_3D('',#1063,#1064,#1065);
#1063 = CARTESIAN_POINT('',(17.9,24.74,9.9));
#1064 = DIRECTION('',(0.,0.,1.));
#1065 = DIRECTION('',(0.,1.,0.));
#1066 = ADVANCED_FACE('',(#1067),#1086,.T.);
#1067 = FACE_BOUND('',#1068,.T.);
#1068 = EDGE_LOOP('',(#1069,#1070,#1071,#1079));
#1069 = ORIENTED_EDGE('',*,*,#1031,.F.);
#1070 = ORIENTED_EDGE('',*,*,#203,.T.);
#1071 = ORIENTED_EDGE('',*,*,#1072,.T.);
#1072 = EDGE_CURVE('',#196,#1073,#1075,.T.);
#1073 = VERTEX_POINT('',#1074);
#1074 = CARTESIAN_POINT('',(8.1,14.34,20.5));
#1075 = LINE('',#1076,#1077);
#1076 = CARTESIAN_POINT('',(8.1,14.34,9.9));
#1077 = VECTOR('',#1078,1.);
#1078 = DIRECTION('',(0.,0.,1.));
#1079 = ORIENTED_EDGE('',*,*,#1080,.F.);
#1080 = EDGE_CURVE('',#1024,#1073,#1081,.T.);
#1081 = CIRCLE('',#1082,0.6);
#1082 = AXIS2_PLACEMENT_3D('',#1083,#1084,#1085);
#1083 = CARTESIAN_POINT('',(8.1,14.94,20.5));
#1084 = DIRECTION('',(0.,0.,1.));
#1085 = DIRECTION('',(-1.,0.,0.));
#1086 = CYLINDRICAL_SURFACE('',#1087,0.6);
#1087 = AXIS2_PLACEMENT_3D('',#1088,#1089,#1090);
#1088 = CARTESIAN_POINT('',(8.1,14.94,9.9));
#1089 = DIRECTION('',(0.,0.,1.));
#1090 = DIRECTION('',(-1.,0.,0.));
#1091 = ADVANCED_FACE('',(#1092),#1110,.F.);
#1092 = FACE_BOUND('',#1093,.F.);
#1093 = EDGE_LOOP('',(#1094,#1095,#1103,#1109));
#1094 = ORIENTED_EDGE('',*,*,#178,.T.);
#1095 = ORIENTED_EDGE('',*,*,#1096,.T.);
#1096 = EDGE_CURVE('',#179,#1097,#1099,.T.);
#1097 = VERTEX_POINT('',#1098);
#1098 = CARTESIAN_POINT('',(18.5,14.94,20.5));
#1099 = LINE('',#1100,#1101);
#1100 = CARTESIAN_POINT('',(18.5,14.94,9.9));
#1101 = VECTOR('',#1102,1.);
#1102 = DIRECTION('',(0.,0.,1.));
#1103 = ORIENTED_EDGE('',*,*,#1104,.T.);
#1104 = EDGE_CURVE('',#1097,#1048,#1105,.T.);
#1105 = LINE('',#1106,#1107);
#1106 = CARTESIAN_POINT('',(18.5,14.94,20.5));
#1107 = VECTOR('',#1108,1.);
#1108 = DIRECTION('',(0.,1.,0.));
#1109 = ORIENTED_EDGE('',*,*,#1047,.F.);
#1110 = PLANE('',#1111);
#1111 = AXIS2_PLACEMENT_3D('',#1112,#1113,#1114);
#1112 = CARTESIAN_POINT('',(18.5,14.34,9.9));
#1113 = DIRECTION('',(-1.,0.,0.));
#1114 = DIRECTION('',(0.,1.,0.));
#1115 = ADVANCED_FACE('',(#1116),#1134,.F.);
#1116 = FACE_BOUND('',#1117,.F.);
#1117 = EDGE_LOOP('',(#1118,#1119,#1120,#1128));
#1118 = ORIENTED_EDGE('',*,*,#195,.T.);
#1119 = ORIENTED_EDGE('',*,*,#1072,.T.);
#1120 = ORIENTED_EDGE('',*,*,#1121,.T.);
#1121 = EDGE_CURVE('',#1073,#1122,#1124,.T.);
#1122 = VERTEX_POINT('',#1123);
#1123 = CARTESIAN_POINT('',(17.9,14.34,20.5));
#1124 = LINE('',#1125,#1126);
#1125 = CARTESIAN_POINT('',(8.1,14.34,20.5));
#1126 = VECTOR('',#1127,1.);
#1127 = DIRECTION('',(1.,0.,0.));
#1128 = ORIENTED_EDGE('',*,*,#1129,.F.);
#1129 = EDGE_CURVE('',#187,#1122,#1130,.T.);
#1130 = LINE('',#1131,#1132);
#1131 = CARTESIAN_POINT('',(17.9,14.34,9.9));
#1132 = VECTOR('',#1133,1.);
#1133 = DIRECTION('',(0.,0.,1.));
#1134 = PLANE('',#1135);
#1135 = AXIS2_PLACEMENT_3D('',#1136,#1137,#1138);
#1136 = CARTESIAN_POINT('',(7.5,14.34,9.9));
#1137 = DIRECTION('',(0.,1.,0.));
#1138 = DIRECTION('',(1.,0.,0.));
#1139 = ADVANCED_FACE('',(#1140),#1152,.T.);
#1140 = FACE_BOUND('',#1141,.T.);
#1141 = EDGE_LOOP('',(#1142,#1143,#1144,#1145));
#1142 = ORIENTED_EDGE('',*,*,#1129,.F.);
#1143 = ORIENTED_EDGE('',*,*,#186,.T.);
#1144 = ORIENTED_EDGE('',*,*,#1096,.T.);
#1145 = ORIENTED_EDGE('',*,*,#1146,.F.);
#1146 = EDGE_CURVE('',#1122,#1097,#1147,.T.);
#1147 = CIRCLE('',#1148,0.6);
#1148 = AXIS2_PLACEMENT_3D('',#1149,#1150,#1151);
#1149 = CARTESIAN_POINT('',(17.9,14.94,20.5));
#1150 = DIRECTION('',(-0.,0.,1.));
#1151 = DIRECTION('',(0.,-1.,0.));
#1152 = CYLINDRICAL_SURFACE('',#1153,0.6);
#1153 = AXIS2_PLACEMENT_3D('',#1154,#1155,#1156);
#1154 = CARTESIAN_POINT('',(17.9,14.94,9.9));
#1155 = DIRECTION('',(0.,0.,1.));
#1156 = DIRECTION('',(0.,-1.,0.));
#1157 = ADVANCED_FACE('',(#1158),#1169,.F.);
#1158 = FACE_BOUND('',#1159,.F.);
#1159 = EDGE_LOOP('',(#1160,#1161,#1167,#1168));
#1160 = ORIENTED_EDGE('',*,*,#267,.T.);
#1161 = ORIENTED_EDGE('',*,*,#1162,.T.);
#1162 = EDGE_CURVE('',#260,#284,#1163,.T.);
#1163 = LINE('',#1164,#1165);
#1164 = CARTESIAN_POINT('',(26.,0.,0.));
#1165 = VECTOR('',#1166,1.);
#1166 = DIRECTION('',(0.,1.,0.));
#1167 = ORIENTED_EDGE('',*,*,#283,.T.);
#1168 = ORIENTED_EDGE('',*,*,#275,.T.);
#1169 = PLANE('',#1170);
#1170 = AXIS2_PLACEMENT_3D('',#1171,#1172,#1173);
#1171 = CARTESIAN_POINT('',(0.,0.,0.));
#1172 = DIRECTION('',(0.,0.,1.));
#1173 = DIRECTION('',(1.,0.,0.));
#1174 = ADVANCED_FACE('',(#1175),#1200,.T.);
#1175 = FACE_BOUND('',#1176,.T.);
#1176 = EDGE_LOOP('',(#1177,#1178,#1186,#1194));
#1177 = ORIENTED_EDGE('',*,*,#349,.T.);
#1178 = ORIENTED_EDGE('',*,*,#1179,.T.);
#1179 = EDGE_CURVE('',#352,#1180,#1182,.T.);
#1180 = VERTEX_POINT('',#1181);
#1181 = CARTESIAN_POINT('',(17.803651804671,1.858551840094,
    6.860611853641));
#1182 = LINE('',#1183,#1184);
#1183 = CARTESIAN_POINT('',(17.803651804671,2.610305936722,
    6.586995738981));
#1184 = VECTOR('',#1185,1.);
#1185 = DIRECTION('',(0.,-0.939692620786,0.342020143326));
#1186 = ORIENTED_EDGE('',*,*,#1187,.T.);
#1187 = EDGE_CURVE('',#1180,#1188,#1190,.T.);
#1188 = VERTEX_POINT('',#1189);
#1189 = CARTESIAN_POINT('',(17.110658174098,1.832700636055,
    6.789586254278));
#1190 = LINE('',#1191,#1192);
#1191 = CARTESIAN_POINT('',(17.803651804671,1.858551840094,
    6.860611853641));
#1192 = VECTOR('',#1193,1.);
#1193 = DIRECTION('',(-0.994104564342,-3.708374622103E-02,
    -0.101886755371));
#1194 = ORIENTED_EDGE('',*,*,#1195,.F.);
#1195 = EDGE_CURVE('',#350,#1188,#1196,.T.);
#1196 = LINE('',#1197,#1198);
#1197 = CARTESIAN_POINT('',(17.110658174098,2.584454732683,
    6.515970139618));
#1198 = VECTOR('',#1199,1.);
#1199 = DIRECTION('',(0.,-0.939692620786,0.342020143326));
#1200 = PLANE('',#1201);
#1201 = AXIS2_PLACEMENT_3D('',#1202,#1203,#1204);
#1202 = CARTESIAN_POINT('',(17.803651804671,2.610305936722,
    6.586995738981));
#1203 = DIRECTION('',(0.108425620376,-0.340003785577,-0.934152723402));
#1204 = DIRECTION('',(-0.994104564342,-3.708374622103E-02,
    -0.101886755371));
#1205 = ADVANCED_FACE('',(#1206),#1224,.T.);
#1206 = FACE_BOUND('',#1207,.T.);
#1207 = EDGE_LOOP('',(#1208,#1209,#1217,#1223));
#1208 = ORIENTED_EDGE('',*,*,#592,.T.);
#1209 = ORIENTED_EDGE('',*,*,#1210,.T.);
#1210 = EDGE_CURVE('',#576,#1211,#1213,.T.);
#1211 = VERTEX_POINT('',#1212);
#1212 = CARTESIAN_POINT('',(17.448152866242,2.09649910244,7.514366583958
    ));
#1213 = LINE('',#1214,#1215);
#1214 = CARTESIAN_POINT('',(17.448152866242,2.848253199068,
    7.240750469297));
#1215 = VECTOR('',#1216,1.);
#1216 = DIRECTION('',(0.,-0.939692620786,0.342020143326));
#1217 = ORIENTED_EDGE('',*,*,#1218,.T.);
#1218 = EDGE_CURVE('',#1211,#1180,#1219,.T.);
#1219 = B_SPLINE_CURVE_WITH_KNOTS('',2,(#1220,#1221,#1222),
  .UNSPECIFIED.,.F.,.F.,(3,3),(0.,1.),.PIECEWISE_BEZIER_KNOTS.);
#1220 = CARTESIAN_POINT('',(17.448152866242,2.09649910244,7.514366583958
    ));
#1221 = CARTESIAN_POINT('',(17.727218683652,2.014588545822,
    7.289319179235));
#1222 = CARTESIAN_POINT('',(17.803651804671,1.858551840094,
    6.860611853641));
#1223 = ORIENTED_EDGE('',*,*,#1179,.F.);
#1224 = SURFACE_OF_LINEAR_EXTRUSION('',#1225,#1229);
#1225 = B_SPLINE_CURVE_WITH_KNOTS('',2,(#1226,#1227,#1228),
  .UNSPECIFIED.,.F.,.F.,(3,3),(0.,1.),.PIECEWISE_BEZIER_KNOTS.);
#1226 = CARTESIAN_POINT('',(17.448152866242,2.848253199068,
    7.240750469297));
#1227 = CARTESIAN_POINT('',(17.727218683652,2.76634264245,7.015703064574
    ));
#1228 = CARTESIAN_POINT('',(17.803651804671,2.610305936722,
    6.586995738981));
#1229 = VECTOR('',#1230,1.);
#1230 = DIRECTION('',(-0.,0.939692620786,-0.342020143326));
#1231 = ADVANCED_FACE('',(#1232),#1250,.T.);
#1232 = FACE_BOUND('',#1233,.T.);
#1233 = EDGE_LOOP('',(#1234,#1235,#1243,#1249));
#1234 = ORIENTED_EDGE('',*,*,#575,.T.);
#1235 = ORIENTED_EDGE('',*,*,#1236,.T.);
#1236 = EDGE_CURVE('',#557,#1237,#1239,.T.);
#1237 = VERTEX_POINT('',#1238);
#1238 = CARTESIAN_POINT('',(16.743779193206,2.178467751651,7.73957359677
    ));
#1239 = LINE('',#1240,#1241);
#1240 = CARTESIAN_POINT('',(16.743779193206,2.93022184828,7.465957482109
    ));
#1241 = VECTOR('',#1242,1.);
#1242 = DIRECTION('',(0.,-0.939692620786,0.342020143326));
#1243 = ORIENTED_EDGE('',*,*,#1244,.T.);
#1244 = EDGE_CURVE('',#1237,#1211,#1245,.T.);
#1245 = B_SPLINE_CURVE_WITH_KNOTS('',2,(#1246,#1247,#1248),
  .UNSPECIFIED.,.F.,.F.,(3,3),(0.,1.),.PIECEWISE_BEZIER_KNOTS.);
#1246 = CARTESIAN_POINT('',(16.743779193206,2.178467751651,7.73957359677
    ));
#1247 = CARTESIAN_POINT('',(17.169256900212,2.178467751651,7.73957359677
    ));
#1248 = CARTESIAN_POINT('',(17.448152866242,2.09649910244,7.514366583958
    ));
#1249 = ORIENTED_EDGE('',*,*,#1210,.F.);
#1250 = SURFACE_OF_LINEAR_EXTRUSION('',#1251,#1255);
#1251 = B_SPLINE_CURVE_WITH_KNOTS('',2,(#1252,#1253,#1254),
  .UNSPECIFIED.,.F.,.F.,(3,3),(0.,1.),.PIECEWISE_BEZIER_KNOTS.);
#1252 = CARTESIAN_POINT('',(16.743779193206,2.93022184828,7.465957482109
    ));
#1253 = CARTESIAN_POINT('',(17.169256900212,2.93022184828,7.465957482109
    ));
#1254 = CARTESIAN_POINT('',(17.448152866242,2.848253199068,
    7.240750469297));
#1255 = VECTOR('',#1256,1.);
#1256 = DIRECTION('',(-0.,0.939692620786,-0.342020143326));
#1257 = ADVANCED_FACE('',(#1258),#1276,.T.);
#1258 = FACE_BOUND('',#1259,.T.);
#1259 = EDGE_LOOP('',(#1260,#1261,#1269,#1275));
#1260 = ORIENTED_EDGE('',*,*,#556,.T.);
#1261 = ORIENTED_EDGE('',*,*,#1262,.T.);
#1262 = EDGE_CURVE('',#540,#1263,#1265,.T.);
#1263 = VERTEX_POINT('',#1264);
#1264 = CARTESIAN_POINT('',(15.757791932059,2.022837694077,
    7.311983527795));
#1265 = LINE('',#1266,#1267);
#1266 = CARTESIAN_POINT('',(15.757791932059,2.774591790705,
    7.038367413135));
#1267 = VECTOR('',#1268,1.);
#1268 = DIRECTION('',(0.,-0.939692620786,0.342020143326));
#1269 = ORIENTED_EDGE('',*,*,#1270,.T.);
#1270 = EDGE_CURVE('',#1263,#1237,#1271,.T.);
#1271 = B_SPLINE_CURVE_WITH_KNOTS('',2,(#1272,#1273,#1274),
  .UNSPECIFIED.,.F.,.F.,(3,3),(0.,1.),.PIECEWISE_BEZIER_KNOTS.);
#1272 = CARTESIAN_POINT('',(15.757791932059,2.022837694077,
    7.311983527795));
#1273 = CARTESIAN_POINT('',(16.137409766454,2.178467751651,7.73957359677
    ));
#1274 = CARTESIAN_POINT('',(16.743779193206,2.178467751651,7.73957359677
    ));
#1275 = ORIENTED_EDGE('',*,*,#1236,.F.);
#1276 = SURFACE_OF_LINEAR_EXTRUSION('',#1277,#1281);
#1277 = B_SPLINE_CURVE_WITH_KNOTS('',2,(#1278,#1279,#1280),
  .UNSPECIFIED.,.F.,.F.,(3,3),(0.,1.),.PIECEWISE_BEZIER_KNOTS.);
#1278 = CARTESIAN_POINT('',(15.757791932059,2.774591790705,
    7.038367413135));
#1279 = CARTESIAN_POINT('',(16.137409766454,2.93022184828,7.465957482109
    ));
#1280 = CARTESIAN_POINT('',(16.743779193206,2.93022184828,7.465957482109
    ));
#1281 = VECTOR('',#1282,1.);
#1282 = DIRECTION('',(-0.,0.939692620786,-0.342020143326));
#1283 = ADVANCED_FACE('',(#1284),#1302,.T.);
#1284 = FACE_BOUND('',#1285,.T.);
#1285 = EDGE_LOOP('',(#1286,#1287,#1295,#1301));
#1286 = ORIENTED_EDGE('',*,*,#539,.T.);
#1287 = ORIENTED_EDGE('',*,*,#1288,.T.);
#1288 = EDGE_CURVE('',#523,#1289,#1291,.T.);
#1289 = VERTEX_POINT('',#1290);
#1290 = CARTESIAN_POINT('',(15.378174097665,1.514934150451,
    5.916530010423));
#1291 = LINE('',#1292,#1293);
#1292 = CARTESIAN_POINT('',(15.378174097665,2.26668824708,5.642913895762
    ));
#1293 = VECTOR('',#1294,1.);
#1294 = DIRECTION('',(0.,-0.939692620786,0.342020143326));
#1295 = ORIENTED_EDGE('',*,*,#1296,.T.);
#1296 = EDGE_CURVE('',#1289,#1263,#1297,.T.);
#1297 = B_SPLINE_CURVE_WITH_KNOTS('',2,(#1298,#1299,#1300),
  .UNSPECIFIED.,.F.,.F.,(3,3),(0.,1.),.PIECEWISE_BEZIER_KNOTS.);
#1298 = CARTESIAN_POINT('',(15.378174097665,1.514934150451,
    5.916530010423));
#1299 = CARTESIAN_POINT('',(15.378174097665,1.867265729096,6.88455306691
    ));
#1300 = CARTESIAN_POINT('',(15.757791932059,2.022837694077,
    7.311983527795));
#1301 = ORIENTED_EDGE('',*,*,#1262,.F.);
#1302 = SURFACE_OF_LINEAR_EXTRUSION('',#1303,#1307);
#1303 = B_SPLINE_CURVE_WITH_KNOTS('',2,(#1304,#1305,#1306),
  .UNSPECIFIED.,.F.,.F.,(3,3),(0.,1.),.PIECEWISE_BEZIER_KNOTS.);
#1304 = CARTESIAN_POINT('',(15.378174097665,2.26668824708,5.642913895762
    ));
#1305 = CARTESIAN_POINT('',(15.378174097665,2.619019825724,
    6.610936952249));
#1306 = CARTESIAN_POINT('',(15.757791932059,2.774591790705,
    7.038367413135));
#1307 = VECTOR('',#1308,1.);
#1308 = DIRECTION('',(-0.,0.939692620786,-0.342020143326));
#1309 = ADVANCED_FACE('',(#1310),#1328,.T.);
#1310 = FACE_BOUND('',#1311,.T.);
#1311 = EDGE_LOOP('',(#1312,#1313,#1321,#1327));
#1312 = ORIENTED_EDGE('',*,*,#522,.T.);
#1313 = ORIENTED_EDGE('',*,*,#1314,.T.);
#1314 = EDGE_CURVE('',#504,#1315,#1317,.T.);
#1315 = VERTEX_POINT('',#1316);
#1316 = CARTESIAN_POINT('',(15.742505307856,1.020566181075,
    4.558265177661));
#1317 = LINE('',#1318,#1319);
#1318 = CARTESIAN_POINT('',(15.742505307856,1.772320277704,4.284649063)
  );
#1319 = VECTOR('',#1320,1.);
#1320 = DIRECTION('',(0.,-0.939692620786,0.342020143326));
#1321 = ORIENTED_EDGE('',*,*,#1322,.T.);
#1322 = EDGE_CURVE('',#1315,#1289,#1323,.T.);
#1323 = B_SPLINE_CURVE_WITH_KNOTS('',2,(#1324,#1325,#1326),
  .UNSPECIFIED.,.F.,.F.,(3,3),(0.,1.),.PIECEWISE_BEZIER_KNOTS.);
#1324 = CARTESIAN_POINT('',(15.742505307856,1.020566181075,
    4.558265177661));
#1325 = CARTESIAN_POINT('',(15.378174097665,1.171374553402,
    4.972607775293));
#1326 = CARTESIAN_POINT('',(15.378174097665,1.514934150451,
    5.916530010423));
#1327 = ORIENTED_EDGE('',*,*,#1288,.F.);
#1328 = SURFACE_OF_LINEAR_EXTRUSION('',#1329,#1333);
#1329 = B_SPLINE_CURVE_WITH_KNOTS('',2,(#1330,#1331,#1332),
  .UNSPECIFIED.,.F.,.F.,(3,3),(0.,1.),.PIECEWISE_BEZIER_KNOTS.);
#1330 = CARTESIAN_POINT('',(15.742505307856,1.772320277704,4.284649063)
  );
#1331 = CARTESIAN_POINT('',(15.378174097665,1.92312865003,4.698991660632
    ));
#1332 = CARTESIAN_POINT('',(15.378174097665,2.26668824708,5.642913895762
    ));
#1333 = VECTOR('',#1334,1.);
#1334 = DIRECTION('',(-0.,0.939692620786,-0.342020143326));
#1335 = ADVANCED_FACE('',(#1336),#1354,.T.);
#1336 = FACE_BOUND('',#1337,.T.);
#1337 = EDGE_LOOP('',(#1338,#1339,#1347,#1353));
#1338 = ORIENTED_EDGE('',*,*,#503,.T.);
#1339 = ORIENTED_EDGE('',*,*,#1340,.T.);
#1340 = EDGE_CURVE('',#487,#1341,#1343,.T.);
#1341 = VERTEX_POINT('',#1342);
#1342 = CARTESIAN_POINT('',(16.672441613588,0.869757808748,
    4.143922580028));
#1343 = LINE('',#1344,#1345);
#1344 = CARTESIAN_POINT('',(16.672441613588,1.621511905377,
    3.870306465368));
#1345 = VECTOR('',#1346,1.);
#1346 = DIRECTION('',(0.,-0.939692620786,0.342020143326));
#1347 = ORIENTED_EDGE('',*,*,#1348,.T.);
#1348 = EDGE_CURVE('',#1341,#1315,#1349,.T.);
#1349 = B_SPLINE_CURVE_WITH_KNOTS('',2,(#1350,#1351,#1352),
  .UNSPECIFIED.,.F.,.F.,(3,3),(0.,1.),.PIECEWISE_BEZIER_KNOTS.);
#1350 = CARTESIAN_POINT('',(16.672441613588,0.869757808748,
    4.143922580028));
#1351 = CARTESIAN_POINT('',(16.106836518047,0.869757808748,
    4.143922580028));
#1352 = CARTESIAN_POINT('',(15.742505307856,1.020566181075,
    4.558265177661));
#1353 = ORIENTED_EDGE('',*,*,#1314,.F.);
#1354 = SURFACE_OF_LINEAR_EXTRUSION('',#1355,#1359);
#1355 = B_SPLINE_CURVE_WITH_KNOTS('',2,(#1356,#1357,#1358),
  .UNSPECIFIED.,.F.,.F.,(3,3),(0.,1.),.PIECEWISE_BEZIER_KNOTS.);
#1356 = CARTESIAN_POINT('',(16.672441613588,1.621511905377,
    3.870306465368));
#1357 = CARTESIAN_POINT('',(16.106836518047,1.621511905377,
    3.870306465368));
#1358 = CARTESIAN_POINT('',(15.742505307856,1.772320277704,4.284649063)
  );
#1359 = VECTOR('',#1360,1.);
#1360 = DIRECTION('',(-0.,0.939692620786,-0.342020143326));
#1361 = ADVANCED_FACE('',(#1362),#1380,.T.);
#1362 = FACE_BOUND('',#1363,.T.);
#1363 = EDGE_LOOP('',(#1364,#1365,#1373,#1379));
#1364 = ORIENTED_EDGE('',*,*,#486,.T.);
#1365 = ORIENTED_EDGE('',*,*,#1366,.T.);
#1366 = EDGE_CURVE('',#470,#1367,#1369,.T.);
#1367 = VERTEX_POINT('',#1368);
#1368 = CARTESIAN_POINT('',(17.536135881104,0.988266699175,
    4.469523080479));
#1369 = LINE('',#1370,#1371);
#1370 = CARTESIAN_POINT('',(17.536135881104,1.740020795803,
    4.195906965818));
#1371 = VECTOR('',#1372,1.);
#1372 = DIRECTION('',(0.,-0.939692620786,0.342020143326));
#1373 = ORIENTED_EDGE('',*,*,#1374,.T.);
#1374 = EDGE_CURVE('',#1367,#1341,#1375,.T.);
#1375 = B_SPLINE_CURVE_WITH_KNOTS('',2,(#1376,#1377,#1378),
  .UNSPECIFIED.,.F.,.F.,(3,3),(0.,1.),.PIECEWISE_BEZIER_KNOTS.);
#1376 = CARTESIAN_POINT('',(17.536135881104,0.988266699175,
    4.469523080479));
#1377 = CARTESIAN_POINT('',(17.19983014862,0.869757808748,4.143922580028
    ));
#1378 = CARTESIAN_POINT('',(16.672441613588,0.869757808748,
    4.143922580028));
#1379 = ORIENTED_EDGE('',*,*,#1340,.F.);
#1380 = SURFACE_OF_LINEAR_EXTRUSION('',#1381,#1385);
#1381 = B_SPLINE_CURVE_WITH_KNOTS('',2,(#1382,#1383,#1384),
  .UNSPECIFIED.,.F.,.F.,(3,3),(0.,1.),.PIECEWISE_BEZIER_KNOTS.);
#1382 = CARTESIAN_POINT('',(17.536135881104,1.740020795803,
    4.195906965818));
#1383 = CARTESIAN_POINT('',(17.19983014862,1.621511905377,3.870306465368
    ));
#1384 = CARTESIAN_POINT('',(16.672441613588,1.621511905377,
    3.870306465368));
#1385 = VECTOR('',#1386,1.);
#1386 = DIRECTION('',(-0.,0.939692620786,-0.342020143326));
#1387 = ADVANCED_FACE('',(#1388),#1406,.T.);
#1388 = FACE_BOUND('',#1389,.T.);
#1389 = EDGE_LOOP('',(#1390,#1391,#1399,#1405));
#1390 = ORIENTED_EDGE('',*,*,#469,.T.);
#1391 = ORIENTED_EDGE('',*,*,#1392,.T.);
#1392 = EDGE_CURVE('',#453,#1393,#1395,.T.);
#1393 = VERTEX_POINT('',#1394);
#1394 = CARTESIAN_POINT('',(17.872441613588,1.302896184737,
    5.333960487558));
#1395 = LINE('',#1396,#1397);
#1396 = CARTESIAN_POINT('',(17.872441613588,2.054650281366,
    5.060344372897));
#1397 = VECTOR('',#1398,1.);
#1398 = DIRECTION('',(0.,-0.939692620786,0.342020143326));
#1399 = ORIENTED_EDGE('',*,*,#1400,.T.);
#1400 = EDGE_CURVE('',#1393,#1367,#1401,.T.);
#1401 = B_SPLINE_CURVE_WITH_KNOTS('',2,(#1402,#1403,#1404),
  .UNSPECIFIED.,.F.,.F.,(3,3),(0.,1.),.PIECEWISE_BEZIER_KNOTS.);
#1402 = CARTESIAN_POINT('',(17.872441613588,1.302896184737,
    5.333960487558));
#1403 = CARTESIAN_POINT('',(17.872441613588,1.106775589601,4.79512358093
    ));
#1404 = CARTESIAN_POINT('',(17.536135881104,0.988266699175,
    4.469523080479));
#1405 = ORIENTED_EDGE('',*,*,#1366,.F.);
#1406 = SURFACE_OF_LINEAR_EXTRUSION('',#1407,#1411);
#1407 = B_SPLINE_CURVE_WITH_KNOTS('',2,(#1408,#1409,#1410),
  .UNSPECIFIED.,.F.,.F.,(3,3),(0.,1.),.PIECEWISE_BEZIER_KNOTS.);
#1408 = CARTESIAN_POINT('',(17.872441613588,2.054650281366,
    5.060344372897));
#1409 = CARTESIAN_POINT('',(17.872441613588,1.858529686229,
    4.521507466269));
#1410 = CARTESIAN_POINT('',(17.536135881104,1.740020795803,
    4.195906965818));
#1411 = VECTOR('',#1412,1.);
#1412 = DIRECTION('',(-0.,0.939692620786,-0.342020143326));
#1413 = ADVANCED_FACE('',(#1414),#1432,.T.);
#1414 = FACE_BOUND('',#1415,.T.);
#1415 = EDGE_LOOP('',(#1416,#1417,#1425,#1431));
#1416 = ORIENTED_EDGE('',*,*,#452,.T.);
#1417 = ORIENTED_EDGE('',*,*,#1418,.T.);
#1418 = EDGE_CURVE('',#438,#1419,#1421,.T.);
#1419 = VERTEX_POINT('',#1420);
#1420 = CARTESIAN_POINT('',(17.552611464968,1.604396744204,
    6.162326466645));
#1421 = LINE('',#1422,#1423);
#1422 = CARTESIAN_POINT('',(17.552611464968,2.356150840833,
    5.888710351985));
#1423 = VECTOR('',#1424,1.);
#1424 = DIRECTION('',(0.,-0.939692620786,0.342020143326));
#1425 = ORIENTED_EDGE('',*,*,#1426,.T.);
#1426 = EDGE_CURVE('',#1419,#1393,#1427,.T.);
#1427 = B_SPLINE_CURVE_WITH_KNOTS('',2,(#1428,#1429,#1430),
  .UNSPECIFIED.,.F.,.F.,(3,3),(0.,1.),.PIECEWISE_BEZIER_KNOTS.);
#1428 = CARTESIAN_POINT('',(17.552611464968,1.604396744204,
    6.162326466645));
#1429 = CARTESIAN_POINT('',(17.872441613588,1.487630631578,
    5.841514208848));
#1430 = CARTESIAN_POINT('',(17.872441613588,1.302896184737,
    5.333960487558));
#1431 = ORIENTED_EDGE('',*,*,#1392,.F.);
#1432 = SURFACE_OF_LINEAR_EXTRUSION('',#1433,#1437);
#1433 = B_SPLINE_CURVE_WITH_KNOTS('',2,(#1434,#1435,#1436),
  .UNSPECIFIED.,.F.,.F.,(3,3),(0.,1.),.PIECEWISE_BEZIER_KNOTS.);
#1434 = CARTESIAN_POINT('',(17.552611464968,2.356150840833,
    5.888710351985));
#1435 = CARTESIAN_POINT('',(17.872441613588,2.239384728207,
    5.567898094188));
#1436 = CARTESIAN_POINT('',(17.872441613588,2.054650281366,
    5.060344372897));
#1437 = VECTOR('',#1438,1.);
#1438 = DIRECTION('',(-0.,0.939692620786,-0.342020143326));
#1439 = ADVANCED_FACE('',(#1440),#1458,.T.);
#1440 = FACE_BOUND('',#1441,.T.);
#1441 = EDGE_LOOP('',(#1442,#1443,#1451,#1457));
#1442 = ORIENTED_EDGE('',*,*,#437,.T.);
#1443 = ORIENTED_EDGE('',*,*,#1444,.T.);
#1444 = EDGE_CURVE('',#423,#1445,#1447,.T.);
#1445 = VERTEX_POINT('',#1446);
#1446 = CARTESIAN_POINT('',(16.784543524416,1.72116285683,6.483138724442
    ));
#1447 = LINE('',#1448,#1449);
#1448 = CARTESIAN_POINT('',(16.784543524416,2.472916953459,
    6.209522609782));
#1449 = VECTOR('',#1450,1.);
#1450 = DIRECTION('',(0.,-0.939692620786,0.342020143326));
#1451 = ORIENTED_EDGE('',*,*,#1452,.T.);
#1452 = EDGE_CURVE('',#1445,#1419,#1453,.T.);
#1453 = B_SPLINE_CURVE_WITH_KNOTS('',2,(#1454,#1455,#1456),
  .UNSPECIFIED.,.F.,.F.,(3,3),(0.,1.),.PIECEWISE_BEZIER_KNOTS.);
#1454 = CARTESIAN_POINT('',(16.784543524416,1.72116285683,6.483138724442
    ));
#1455 = CARTESIAN_POINT('',(17.232951167728,1.72116285683,6.483138724442
    ));
#1456 = CARTESIAN_POINT('',(17.552611464968,1.604396744204,
    6.162326466645));
#1457 = ORIENTED_EDGE('',*,*,#1418,.F.);
#1458 = SURFACE_OF_LINEAR_EXTRUSION('',#1459,#1463);
#1459 = B_SPLINE_CURVE_WITH_KNOTS('',2,(#1460,#1461,#1462),
  .UNSPECIFIED.,.F.,.F.,(3,3),(0.,1.),.PIECEWISE_BEZIER_KNOTS.);
#1460 = CARTESIAN_POINT('',(16.784543524416,2.472916953459,
    6.209522609782));
#1461 = CARTESIAN_POINT('',(17.232951167728,2.472916953459,
    6.209522609782));
#1462 = CARTESIAN_POINT('',(17.552611464968,2.356150840833,
    5.888710351985));
#1463 = VECTOR('',#1464,1.);
#1464 = DIRECTION('',(-0.,0.939692620786,-0.342020143326));
#1465 = ADVANCED_FACE('',(#1466),#1484,.T.);
#1466 = FACE_BOUND('',#1467,.T.);
#1467 = EDGE_LOOP('',(#1468,#1469,#1477,#1483));
#1468 = ORIENTED_EDGE('',*,*,#422,.T.);
#1469 = ORIENTED_EDGE('',*,*,#1470,.T.);
#1470 = EDGE_CURVE('',#401,#1471,#1473,.T.);
#1471 = VERTEX_POINT('',#1472);
#1472 = CARTESIAN_POINT('',(16.11957537155,1.613110633206,6.186267679914
    ));
#1473 = LINE('',#1474,#1475);
#1474 = CARTESIAN_POINT('',(16.11957537155,2.364864729835,5.912651565253
    ));
#1475 = VECTOR('',#1476,1.);
#1476 = DIRECTION('',(0.,-0.939692620786,0.342020143326));
#1477 = ORIENTED_EDGE('',*,*,#1478,.T.);
#1478 = EDGE_CURVE('',#1471,#1445,#1479,.T.);
#1479 = B_SPLINE_CURVE_WITH_KNOTS('',2,(#1480,#1481,#1482),
  .UNSPECIFIED.,.F.,.F.,(3,3),(0.,1.),.PIECEWISE_BEZIER_KNOTS.);
#1480 = CARTESIAN_POINT('',(16.11957537155,1.613110633206,6.186267679914
    ));
#1481 = CARTESIAN_POINT('',(16.387091295117,1.72116285683,6.483138724442
    ));
#1482 = CARTESIAN_POINT('',(16.784543524416,1.72116285683,6.483138724442
    ));
#1483 = ORIENTED_EDGE('',*,*,#1444,.F.);
#1484 = SURFACE_OF_LINEAR_EXTRUSION('',#1485,#1489);
#1485 = B_SPLINE_CURVE_WITH_KNOTS('',2,(#1486,#1487,#1488),
  .UNSPECIFIED.,.F.,.F.,(3,3),(0.,1.),.PIECEWISE_BEZIER_KNOTS.);
#1486 = CARTESIAN_POINT('',(16.11957537155,2.364864729835,5.912651565253
    ));
#1487 = CARTESIAN_POINT('',(16.387091295117,2.472916953459,
    6.209522609782));
#1488 = CARTESIAN_POINT('',(16.784543524416,2.472916953459,
    6.209522609782));
#1489 = VECTOR('',#1490,1.);
#1490 = DIRECTION('',(-0.,0.939692620786,-0.342020143326));
#1491 = ADVANCED_FACE('',(#1492),#1510,.T.);
#1492 = FACE_BOUND('',#1493,.T.);
#1493 = EDGE_LOOP('',(#1494,#1495,#1503,#1509));
#1494 = ORIENTED_EDGE('',*,*,#400,.T.);
#1495 = ORIENTED_EDGE('',*,*,#1496,.T.);
#1496 = EDGE_CURVE('',#386,#1497,#1499,.T.);
#1497 = VERTEX_POINT('',#1498);
#1498 = CARTESIAN_POINT('',(16.316942675159,1.90398024809,6.985425378814
    ));
#1499 = LINE('',#1500,#1501);
#1500 = CARTESIAN_POINT('',(16.316942675159,2.655734344719,
    6.711809264154));
#1501 = VECTOR('',#1502,1.);
#1502 = DIRECTION('',(0.,-0.939692620786,0.342020143326));
#1503 = ORIENTED_EDGE('',*,*,#1504,.T.);
#1504 = EDGE_CURVE('',#1497,#1471,#1505,.T.);
#1505 = B_SPLINE_CURVE_WITH_KNOTS('',2,(#1506,#1507,#1508),
  .UNSPECIFIED.,.F.,.F.,(3,3),(0.,1.),.PIECEWISE_BEZIER_KNOTS.);
#1506 = CARTESIAN_POINT('',(16.316942675159,1.90398024809,6.985425378814
    ));
#1507 = CARTESIAN_POINT('',(16.16033970276,1.834036765702,6.793257240313
    ));
#1508 = CARTESIAN_POINT('',(16.11957537155,1.613110633206,6.186267679914
    ));
#1509 = ORIENTED_EDGE('',*,*,#1470,.F.);
#1510 = SURFACE_OF_LINEAR_EXTRUSION('',#1511,#1515);
#1511 = B_SPLINE_CURVE_WITH_KNOTS('',2,(#1512,#1513,#1514),
  .UNSPECIFIED.,.F.,.F.,(3,3),(0.,1.),.PIECEWISE_BEZIER_KNOTS.);
#1512 = CARTESIAN_POINT('',(16.316942675159,2.655734344719,
    6.711809264154));
#1513 = CARTESIAN_POINT('',(16.16033970276,2.58579086233,6.519641125652)
  );
#1514 = CARTESIAN_POINT('',(16.11957537155,2.364864729835,5.912651565253
    ));
#1515 = VECTOR('',#1516,1.);
#1516 = DIRECTION('',(-0.,0.939692620786,-0.342020143326));
#1517 = ADVANCED_FACE('',(#1518),#1536,.T.);
#1518 = FACE_BOUND('',#1519,.T.);
#1519 = EDGE_LOOP('',(#1520,#1521,#1529,#1535));
#1520 = ORIENTED_EDGE('',*,*,#385,.T.);
#1521 = ORIENTED_EDGE('',*,*,#1522,.T.);
#1522 = EDGE_CURVE('',#371,#1523,#1525,.T.);
#1523 = VERTEX_POINT('',#1524);
#1524 = CARTESIAN_POINT('',(16.700467091295,1.973981823073,
    7.177753125404));
#1525 = LINE('',#1526,#1527);
#1526 = CARTESIAN_POINT('',(16.700467091295,2.725735919701,
    6.904137010743));
#1527 = VECTOR('',#1528,1.);
#1528 = DIRECTION('',(0.,-0.939692620786,0.342020143326));
#1529 = ORIENTED_EDGE('',*,*,#1530,.T.);
#1530 = EDGE_CURVE('',#1523,#1497,#1531,.T.);
#1531 = B_SPLINE_CURVE_WITH_KNOTS('',2,(#1532,#1533,#1534),
  .UNSPECIFIED.,.F.,.F.,(3,3),(0.,1.),.PIECEWISE_BEZIER_KNOTS.);
#1532 = CARTESIAN_POINT('',(16.700467091295,1.973981823073,
    7.177753125404));
#1533 = CARTESIAN_POINT('',(16.473715498938,1.973981823073,
    7.177753125404));
#1534 = CARTESIAN_POINT('',(16.316942675159,1.90398024809,6.985425378814
    ));
#1535 = ORIENTED_EDGE('',*,*,#1496,.F.);
#1536 = SURFACE_OF_LINEAR_EXTRUSION('',#1537,#1541);
#1537 = B_SPLINE_CURVE_WITH_KNOTS('',2,(#1538,#1539,#1540),
  .UNSPECIFIED.,.F.,.F.,(3,3),(0.,1.),.PIECEWISE_BEZIER_KNOTS.);
#1538 = CARTESIAN_POINT('',(16.700467091295,2.725735919701,
    6.904137010743));
#1539 = CARTESIAN_POINT('',(16.473715498938,2.725735919701,
    6.904137010743));
#1540 = CARTESIAN_POINT('',(16.316942675159,2.655734344719,
    6.711809264154));
#1541 = VECTOR('',#1542,1.);
#1542 = DIRECTION('',(-0.,0.939692620786,-0.342020143326));
#1543 = ADVANCED_FACE('',(#1544),#1562,.T.);
#1544 = FACE_BOUND('',#1545,.T.);
#1545 = EDGE_LOOP('',(#1546,#1547,#1555,#1561));
#1546 = ORIENTED_EDGE('',*,*,#370,.T.);
#1547 = ORIENTED_EDGE('',*,*,#1548,.T.);
#1548 = EDGE_CURVE('',#360,#1549,#1551,.T.);
#1549 = VERTEX_POINT('',#1550);
#1550 = CARTESIAN_POINT('',(16.978174097665,1.939532915218,
    7.083105528949));
#1551 = LINE('',#1552,#1553);
#1552 = CARTESIAN_POINT('',(16.978174097665,2.691287011847,
    6.809489414289));
#1553 = VECTOR('',#1554,1.);
#1554 = DIRECTION('',(0.,-0.939692620786,0.342020143326));
#1555 = ORIENTED_EDGE('',*,*,#1556,.T.);
#1556 = EDGE_CURVE('',#1549,#1523,#1557,.T.);
#1557 = B_SPLINE_CURVE_WITH_KNOTS('',2,(#1558,#1559,#1560),
  .UNSPECIFIED.,.F.,.F.,(3,3),(0.,1.),.PIECEWISE_BEZIER_KNOTS.);
#1558 = CARTESIAN_POINT('',(16.978174097665,1.939532915218,
    7.083105528949));
#1559 = CARTESIAN_POINT('',(16.871167728238,1.973981823073,
    7.177753125404));
#1560 = CARTESIAN_POINT('',(16.700467091295,1.973981823073,
    7.177753125404));
#1561 = ORIENTED_EDGE('',*,*,#1522,.F.);
#1562 = SURFACE_OF_LINEAR_EXTRUSION('',#1563,#1567);
#1563 = B_SPLINE_CURVE_WITH_KNOTS('',2,(#1564,#1565,#1566),
  .UNSPECIFIED.,.F.,.F.,(3,3),(0.,1.),.PIECEWISE_BEZIER_KNOTS.);
#1564 = CARTESIAN_POINT('',(16.978174097665,2.691287011847,
    6.809489414289));
#1565 = CARTESIAN_POINT('',(16.871167728238,2.725735919701,
    6.904137010743));
#1566 = CARTESIAN_POINT('',(16.700467091295,2.725735919701,
    6.904137010743));
#1567 = VECTOR('',#1568,1.);
#1568 = DIRECTION('',(-0.,0.939692620786,-0.342020143326));
#1569 = ADVANCED_FACE('',(#1570),#1581,.T.);
#1570 = FACE_BOUND('',#1571,.T.);
#1571 = EDGE_LOOP('',(#1572,#1573,#1574,#1580));
#1572 = ORIENTED_EDGE('',*,*,#359,.T.);
#1573 = ORIENTED_EDGE('',*,*,#1195,.T.);
#1574 = ORIENTED_EDGE('',*,*,#1575,.T.);
#1575 = EDGE_CURVE('',#1188,#1549,#1576,.T.);
#1576 = B_SPLINE_CURVE_WITH_KNOTS('',2,(#1577,#1578,#1579),
  .UNSPECIFIED.,.F.,.F.,(3,3),(0.,1.),.PIECEWISE_BEZIER_KNOTS.);
#1577 = CARTESIAN_POINT('',(17.110658174098,1.832700636055,
    6.789586254278));
#1578 = CARTESIAN_POINT('',(17.085180467091,1.905084007364,
    6.988457932495));
#1579 = CARTESIAN_POINT('',(16.978174097665,1.939532915218,
    7.083105528949));
#1580 = ORIENTED_EDGE('',*,*,#1548,.F.);
#1581 = SURFACE_OF_LINEAR_EXTRUSION('',#1582,#1586);
#1582 = B_SPLINE_CURVE_WITH_KNOTS('',2,(#1583,#1584,#1585),
  .UNSPECIFIED.,.F.,.F.,(3,3),(0.,1.),.PIECEWISE_BEZIER_KNOTS.);
#1583 = CARTESIAN_POINT('',(17.110658174098,2.584454732683,
    6.515970139618));
#1584 = CARTESIAN_POINT('',(17.085180467091,2.656838103993,
    6.714841817834));
#1585 = CARTESIAN_POINT('',(16.978174097665,2.691287011847,
    6.809489414289));
#1586 = VECTOR('',#1587,1.);
#1587 = DIRECTION('',(-0.,0.939692620786,-0.342020143326));
#1588 = ADVANCED_FACE('',(#1589),#1614,.T.);
#1589 = FACE_BOUND('',#1590,.T.);
#1590 = EDGE_LOOP('',(#1591,#1592,#1600,#1608));
#1591 = ORIENTED_EDGE('',*,*,#607,.T.);
#1592 = ORIENTED_EDGE('',*,*,#1593,.T.);
#1593 = EDGE_CURVE('',#610,#1594,#1596,.T.);
#1594 = VERTEX_POINT('',#1595);
#1595 = CARTESIAN_POINT('',(14.307600849257,0.892065364593,
    4.205212085995));
#1596 = LINE('',#1597,#1598);
#1597 = CARTESIAN_POINT('',(14.307600849257,1.643819461222,
    3.931595971335));
#1598 = VECTOR('',#1599,1.);
#1599 = DIRECTION('',(0.,-0.939692620786,0.342020143326));
#1600 = ORIENTED_EDGE('',*,*,#1601,.T.);
#1601 = EDGE_CURVE('',#1594,#1602,#1604,.T.);
#1602 = VERTEX_POINT('',#1603);
#1603 = CARTESIAN_POINT('',(13.591677282378,0.892065364593,
    4.205212085995));
#1604 = LINE('',#1605,#1606);
#1605 = CARTESIAN_POINT('',(14.307600849257,0.892065364593,
    4.205212085995));
#1606 = VECTOR('',#1607,1.);
#1607 = DIRECTION('',(-1.,0.,0.));
#1608 = ORIENTED_EDGE('',*,*,#1609,.F.);
#1609 = EDGE_CURVE('',#608,#1602,#1610,.T.);
#1610 = LINE('',#1611,#1612);
#1611 = CARTESIAN_POINT('',(13.591677282378,1.643819461222,
    3.931595971335));
#1612 = VECTOR('',#1613,1.);
#1613 = DIRECTION('',(0.,-0.939692620786,0.342020143326));
#1614 = PLANE('',#1615);
#1615 = AXIS2_PLACEMENT_3D('',#1616,#1617,#1618);
#1616 = CARTESIAN_POINT('',(14.307600849257,1.643819461222,
    3.931595971335));
#1617 = DIRECTION('',(0.,-0.342020143326,-0.939692620786));
#1618 = DIRECTION('',(-1.,0.,0.));
#1619 = ADVANCED_FACE('',(#1620),#1638,.T.);
#1620 = FACE_BOUND('',#1621,.T.);
#1621 = EDGE_LOOP('',(#1622,#1623,#1631,#1637));
#1622 = ORIENTED_EDGE('',*,*,#687,.T.);
#1623 = ORIENTED_EDGE('',*,*,#1624,.T.);
#1624 = EDGE_CURVE('',#680,#1625,#1627,.T.);
#1625 = VERTEX_POINT('',#1626);
#1626 = CARTESIAN_POINT('',(14.307600849257,2.178467751651,7.73957359677
    ));
#1627 = LINE('',#1628,#1629);
#1628 = CARTESIAN_POINT('',(14.307600849257,2.93022184828,7.465957482109
    ));
#1629 = VECTOR('',#1630,1.);
#1630 = DIRECTION('',(0.,-0.939692620786,0.342020143326));
#1631 = ORIENTED_EDGE('',*,*,#1632,.T.);
#1632 = EDGE_CURVE('',#1625,#1594,#1633,.T.);
#1633 = LINE('',#1634,#1635);
#1634 = CARTESIAN_POINT('',(14.307600849257,2.178467751651,7.73957359677
    ));
#1635 = VECTOR('',#1636,1.);
#1636 = DIRECTION('',(0.,-0.342020143326,-0.939692620786));
#1637 = ORIENTED_EDGE('',*,*,#1593,.F.);
#1638 = PLANE('',#1639);
#1639 = AXIS2_PLACEMENT_3D('',#1640,#1641,#1642);
#1640 = CARTESIAN_POINT('',(14.307600849257,2.93022184828,7.465957482109
    ));
#1641 = DIRECTION('',(1.,0.,0.));
#1642 = DIRECTION('',(0.,-0.342020143326,-0.939692620786));
#1643 = ADVANCED_FACE('',(#1644),#1662,.T.);
#1644 = FACE_BOUND('',#1645,.T.);
#1645 = EDGE_LOOP('',(#1646,#1647,#1655,#1661));
#1646 = ORIENTED_EDGE('',*,*,#679,.T.);
#1647 = ORIENTED_EDGE('',*,*,#1648,.T.);
#1648 = EDGE_CURVE('',#661,#1649,#1651,.T.);
#1649 = VERTEX_POINT('',#1650);
#1650 = CARTESIAN_POINT('',(13.726709129512,2.178467751651,7.73957359677
    ));
#1651 = LINE('',#1652,#1653);
#1652 = CARTESIAN_POINT('',(13.726709129512,2.93022184828,7.465957482109
    ));
#1653 = VECTOR('',#1654,1.);
#1654 = DIRECTION('',(0.,-0.939692620786,0.342020143326));
#1655 = ORIENTED_EDGE('',*,*,#1656,.T.);
#1656 = EDGE_CURVE('',#1649,#1625,#1657,.T.);
#1657 = LINE('',#1658,#1659);
#1658 = CARTESIAN_POINT('',(13.726709129512,2.178467751651,7.73957359677
    ));
#1659 = VECTOR('',#1660,1.);
#1660 = DIRECTION('',(1.,0.,0.));
#1661 = ORIENTED_EDGE('',*,*,#1624,.F.);
#1662 = PLANE('',#1663);
#1663 = AXIS2_PLACEMENT_3D('',#1664,#1665,#1666);
#1664 = CARTESIAN_POINT('',(13.726709129512,2.93022184828,7.465957482109
    ));
#1665 = DIRECTION('',(0.,0.342020143326,0.939692620786));
#1666 = DIRECTION('',(1.,0.,0.));
#1667 = ADVANCED_FACE('',(#1668),#1686,.T.);
#1668 = FACE_BOUND('',#1669,.T.);
#1669 = EDGE_LOOP('',(#1670,#1671,#1679,#1685));
#1670 = ORIENTED_EDGE('',*,*,#660,.T.);
#1671 = ORIENTED_EDGE('',*,*,#1672,.T.);
#1672 = EDGE_CURVE('',#649,#1673,#1675,.T.);
#1673 = VERTEX_POINT('',#1674);
#1674 = CARTESIAN_POINT('',(13.275753715499,1.973981823073,
    7.177753125404));
#1675 = LINE('',#1676,#1677);
#1676 = CARTESIAN_POINT('',(13.275753715499,2.725735919701,
    6.904137010743));
#1677 = VECTOR('',#1678,1.);
#1678 = DIRECTION('',(0.,-0.939692620786,0.342020143326));
#1679 = ORIENTED_EDGE('',*,*,#1680,.T.);
#1680 = EDGE_CURVE('',#1673,#1649,#1681,.T.);
#1681 = B_SPLINE_CURVE_WITH_KNOTS('',2,(#1682,#1683,#1684),
  .UNSPECIFIED.,.F.,.F.,(3,3),(0.,1.),.PIECEWISE_BEZIER_KNOTS.);
#1682 = CARTESIAN_POINT('',(13.275753715499,1.973981823073,
    7.177753125404));
#1683 = CARTESIAN_POINT('',(13.604416135881,2.061643546432,
    7.418601730884));
#1684 = CARTESIAN_POINT('',(13.726709129512,2.178467751651,7.73957359677
    ));
#1685 = ORIENTED_EDGE('',*,*,#1648,.F.);
#1686 = SURFACE_OF_LINEAR_EXTRUSION('',#1687,#1691);
#1687 = B_SPLINE_CURVE_WITH_KNOTS('',2,(#1688,#1689,#1690),
  .UNSPECIFIED.,.F.,.F.,(3,3),(0.,1.),.PIECEWISE_BEZIER_KNOTS.);
#1688 = CARTESIAN_POINT('',(13.275753715499,2.725735919701,
    6.904137010743));
#1689 = CARTESIAN_POINT('',(13.604416135881,2.813397643061,
    7.144985616224));
#1690 = CARTESIAN_POINT('',(13.726709129512,2.93022184828,7.465957482109
    ));
#1691 = VECTOR('',#1692,1.);
#1692 = DIRECTION('',(-0.,0.939692620786,-0.342020143326));
#1693 = ADVANCED_FACE('',(#1694),#1712,.T.);
#1694 = FACE_BOUND('',#1695,.T.);
#1695 = EDGE_LOOP('',(#1696,#1697,#1705,#1711));
#1696 = ORIENTED_EDGE('',*,*,#648,.T.);
#1697 = ORIENTED_EDGE('',*,*,#1698,.T.);
#1698 = EDGE_CURVE('',#641,#1699,#1701,.T.);
#1699 = VERTEX_POINT('',#1700);
#1700 = CARTESIAN_POINT('',(12.666836518047,1.8550081919,6.850875760245)
  );
#1701 = LINE('',#1702,#1703);
#1702 = CARTESIAN_POINT('',(12.666836518047,2.606762288528,
    6.577259645585));
#1703 = VECTOR('',#1704,1.);
#1704 = DIRECTION('',(0.,-0.939692620786,0.342020143326));
#1705 = ORIENTED_EDGE('',*,*,#1706,.T.);
#1706 = EDGE_CURVE('',#1699,#1673,#1707,.T.);
#1707 = B_SPLINE_CURVE_WITH_KNOTS('',2,(#1708,#1709,#1710),
  .UNSPECIFIED.,.F.,.F.,(3,3),(0.,1.),.PIECEWISE_BEZIER_KNOTS.);
#1708 = CARTESIAN_POINT('',(12.666836518047,1.8550081919,6.850875760245)
  );
#1709 = CARTESIAN_POINT('',(12.947091295117,1.886378192307,
    6.937064128012));
#1710 = CARTESIAN_POINT('',(13.275753715499,1.973981823073,
    7.177753125404));
#1711 = ORIENTED_EDGE('',*,*,#1672,.F.);
#1712 = SURFACE_OF_LINEAR_EXTRUSION('',#1713,#1717);
#1713 = B_SPLINE_CURVE_WITH_KNOTS('',2,(#1714,#1715,#1716),
  .UNSPECIFIED.,.F.,.F.,(3,3),(0.,1.),.PIECEWISE_BEZIER_KNOTS.);
#1714 = CARTESIAN_POINT('',(12.666836518047,2.606762288528,
    6.577259645585));
#1715 = CARTESIAN_POINT('',(12.947091295117,2.638132288935,
    6.663448013351));
#1716 = CARTESIAN_POINT('',(13.275753715499,2.725735919701,
    6.904137010743));
#1717 = VECTOR('',#1718,1.);
#1718 = DIRECTION('',(-0.,0.939692620786,-0.342020143326));
#1719 = ADVANCED_FACE('',(#1720),#1738,.T.);
#1720 = FACE_BOUND('',#1721,.T.);
#1721 = EDGE_LOOP('',(#1722,#1723,#1731,#1737));
#1722 = ORIENTED_EDGE('',*,*,#640,.T.);
#1723 = ORIENTED_EDGE('',*,*,#1724,.T.);
#1724 = EDGE_CURVE('',#626,#1725,#1727,.T.);
#1725 = VERTEX_POINT('',#1726);
#1726 = CARTESIAN_POINT('',(12.666836518047,1.63193263345,6.237980700574
    ));
#1727 = LINE('',#1728,#1729);
#1728 = CARTESIAN_POINT('',(12.666836518047,2.383686730079,
    5.964364585913));
#1729 = VECTOR('',#1730,1.);
#1730 = DIRECTION('',(0.,-0.939692620786,0.342020143326));
#1731 = ORIENTED_EDGE('',*,*,#1732,.T.);
#1732 = EDGE_CURVE('',#1725,#1699,#1733,.T.);
#1733 = LINE('',#1734,#1735);
#1734 = CARTESIAN_POINT('',(12.666836518047,1.63193263345,6.237980700574
    ));
#1735 = VECTOR('',#1736,1.);
#1736 = DIRECTION('',(0.,0.342020143326,0.939692620786));
#1737 = ORIENTED_EDGE('',*,*,#1698,.F.);
#1738 = PLANE('',#1739);
#1739 = AXIS2_PLACEMENT_3D('',#1740,#1741,#1742);
#1740 = CARTESIAN_POINT('',(12.666836518047,2.383686730079,
    5.964364585913));
#1741 = DIRECTION('',(-1.,0.,0.));
#1742 = DIRECTION('',(0.,0.342020143326,0.939692620786));
#1743 = ADVANCED_FACE('',(#1744),#1762,.T.);
#1744 = FACE_BOUND('',#1745,.T.);
#1745 = EDGE_LOOP('',(#1746,#1747,#1755,#1761));
#1746 = ORIENTED_EDGE('',*,*,#625,.T.);
#1747 = ORIENTED_EDGE('',*,*,#1748,.T.);
#1748 = EDGE_CURVE('',#618,#1749,#1751,.T.);
#1749 = VERTEX_POINT('',#1750);
#1750 = CARTESIAN_POINT('',(13.591677282378,1.818293672905,
    6.750003448341));
#1751 = LINE('',#1752,#1753);
#1752 = CARTESIAN_POINT('',(13.591677282378,2.570047769534,
    6.476387333681));
#1753 = VECTOR('',#1754,1.);
#1754 = DIRECTION('',(0.,-0.939692620786,0.342020143326));
#1755 = ORIENTED_EDGE('',*,*,#1756,.T.);
#1756 = EDGE_CURVE('',#1749,#1725,#1757,.T.);
#1757 = B_SPLINE_CURVE_WITH_KNOTS('',2,(#1758,#1759,#1760),
  .UNSPECIFIED.,.F.,.F.,(3,3),(0.,1.),.PIECEWISE_BEZIER_KNOTS.);
#1758 = CARTESIAN_POINT('',(13.591677282378,1.818293672905,
    6.750003448341));
#1759 = CARTESIAN_POINT('',(13.19932059448,1.692290837937,6.40381350448)
  );
#1760 = CARTESIAN_POINT('',(12.666836518047,1.63193263345,6.237980700574
    ));
#1761 = ORIENTED_EDGE('',*,*,#1724,.F.);
#1762 = SURFACE_OF_LINEAR_EXTRUSION('',#1763,#1767);
#1763 = B_SPLINE_CURVE_WITH_KNOTS('',2,(#1764,#1765,#1766),
  .UNSPECIFIED.,.F.,.F.,(3,3),(0.,1.),.PIECEWISE_BEZIER_KNOTS.);
#1764 = CARTESIAN_POINT('',(13.591677282378,2.570047769534,
    6.476387333681));
#1765 = CARTESIAN_POINT('',(13.19932059448,2.444044934566,6.130197389819
    ));
#1766 = CARTESIAN_POINT('',(12.666836518047,2.383686730079,
    5.964364585913));
#1767 = VECTOR('',#1768,1.);
#1768 = DIRECTION('',(-0.,0.939692620786,-0.342020143326));
#1769 = ADVANCED_FACE('',(#1770),#1781,.T.);
#1770 = FACE_BOUND('',#1771,.T.);
#1771 = EDGE_LOOP('',(#1772,#1773,#1774,#1780));
#1772 = ORIENTED_EDGE('',*,*,#617,.T.);
#1773 = ORIENTED_EDGE('',*,*,#1609,.T.);
#1774 = ORIENTED_EDGE('',*,*,#1775,.T.);
#1775 = EDGE_CURVE('',#1602,#1749,#1776,.T.);
#1776 = LINE('',#1777,#1778);
#1777 = CARTESIAN_POINT('',(13.591677282378,0.892065364593,
    4.205212085995));
#1778 = VECTOR('',#1779,1.);
#1779 = DIRECTION('',(0.,0.342020143326,0.939692620786));
#1780 = ORIENTED_EDGE('',*,*,#1748,.F.);
#1781 = PLANE('',#1782);
#1782 = AXIS2_PLACEMENT_3D('',#1783,#1784,#1785);
#1783 = CARTESIAN_POINT('',(13.591677282378,1.643819461222,
    3.931595971335));
#1784 = DIRECTION('',(-1.,0.,0.));
#1785 = DIRECTION('',(0.,0.342020143326,0.939692620786));
#1786 = ADVANCED_FACE('',(#1787),#1812,.T.);
#1787 = FACE_BOUND('',#1788,.T.);
#1788 = EDGE_LOOP('',(#1789,#1790,#1798,#1806));
#1789 = ORIENTED_EDGE('',*,*,#695,.T.);
#1790 = ORIENTED_EDGE('',*,*,#1791,.T.);
#1791 = EDGE_CURVE('',#698,#1792,#1794,.T.);
#1792 = VERTEX_POINT('',#1793);
#1793 = CARTESIAN_POINT('',(8.127558386412,1.929366711383,7.055174113469
    ));
#1794 = LINE('',#1795,#1796);
#1795 = CARTESIAN_POINT('',(8.127558386412,2.681120808011,6.781557998809
    ));
#1796 = VECTOR('',#1797,1.);
#1797 = DIRECTION('',(0.,-0.939692620786,0.342020143326));
#1798 = ORIENTED_EDGE('',*,*,#1799,.T.);
#1799 = EDGE_CURVE('',#1792,#1800,#1802,.T.);
#1800 = VERTEX_POINT('',#1801);
#1801 = CARTESIAN_POINT('',(8.127558386412,2.156160195806,7.678284090802
    ));
#1802 = LINE('',#1803,#1804);
#1803 = CARTESIAN_POINT('',(8.127558386412,1.929366711383,7.055174113469
    ));
#1804 = VECTOR('',#1805,1.);
#1805 = DIRECTION('',(0.,0.342020143326,0.939692620786));
#1806 = ORIENTED_EDGE('',*,*,#1807,.F.);
#1807 = EDGE_CURVE('',#696,#1800,#1808,.T.);
#1808 = LINE('',#1809,#1810);
#1809 = CARTESIAN_POINT('',(8.127558386412,2.907914292435,7.404667976142
    ));
#1810 = VECTOR('',#1811,1.);
#1811 = DIRECTION('',(0.,-0.939692620786,0.342020143326));
#1812 = PLANE('',#1813);
#1813 = AXIS2_PLACEMENT_3D('',#1814,#1815,#1816);
#1814 = CARTESIAN_POINT('',(8.127558386412,2.681120808011,6.781557998809
    ));
#1815 = DIRECTION('',(-1.,0.,0.));
#1816 = DIRECTION('',(0.,0.342020143326,0.939692620786));
#1817 = ADVANCED_FACE('',(#1818),#1836,.T.);
#1818 = FACE_BOUND('',#1819,.T.);
#1819 = EDGE_LOOP('',(#1820,#1821,#1829,#1835));
#1820 = ORIENTED_EDGE('',*,*,#798,.T.);
#1821 = ORIENTED_EDGE('',*,*,#1822,.T.);
#1822 = EDGE_CURVE('',#784,#1823,#1825,.T.);
#1823 = VERTEX_POINT('',#1824);
#1824 = CARTESIAN_POINT('',(9.755583864119,1.929366711383,7.055174113469
    ));
#1825 = LINE('',#1826,#1827);
#1826 = CARTESIAN_POINT('',(9.755583864119,2.681120808011,6.781557998809
    ));
#1827 = VECTOR('',#1828,1.);
#1828 = DIRECTION('',(0.,-0.939692620786,0.342020143326));
#1829 = ORIENTED_EDGE('',*,*,#1830,.T.);
#1830 = EDGE_CURVE('',#1823,#1792,#1831,.T.);
#1831 = LINE('',#1832,#1833);
#1832 = CARTESIAN_POINT('',(9.755583864119,1.929366711383,7.055174113469
    ));
#1833 = VECTOR('',#1834,1.);
#1834 = DIRECTION('',(-1.,0.,0.));
#1835 = ORIENTED_EDGE('',*,*,#1791,.F.);
#1836 = PLANE('',#1837);
#1837 = AXIS2_PLACEMENT_3D('',#1838,#1839,#1840);
#1838 = CARTESIAN_POINT('',(9.755583864119,2.681120808011,6.781557998809
    ));
#1839 = DIRECTION('',(0.,-0.342020143326,-0.939692620786));
#1840 = DIRECTION('',(-1.,0.,0.));
#1841 = ADVANCED_FACE('',(#1842),#1860,.T.);
#1842 = FACE_BOUND('',#1843,.T.);
#1843 = EDGE_LOOP('',(#1844,#1845,#1853,#1859));
#1844 = ORIENTED_EDGE('',*,*,#783,.T.);
#1845 = ORIENTED_EDGE('',*,*,#1846,.T.);
#1846 = EDGE_CURVE('',#769,#1847,#1849,.T.);
#1847 = VERTEX_POINT('',#1848);
#1848 = CARTESIAN_POINT('',(8.949129511677,1.434766371633,5.696270848353
    ));
#1849 = LINE('',#1850,#1851);
#1850 = CARTESIAN_POINT('',(8.949129511677,2.186520468262,5.422654733693
    ));
#1851 = VECTOR('',#1852,1.);
#1852 = DIRECTION('',(0.,-0.939692620786,0.342020143326));
#1853 = ORIENTED_EDGE('',*,*,#1854,.T.);
#1854 = EDGE_CURVE('',#1847,#1823,#1855,.T.);
#1855 = B_SPLINE_CURVE_WITH_KNOTS('',2,(#1856,#1857,#1858),
  .UNSPECIFIED.,.F.,.F.,(3,3),(0.,1.),.PIECEWISE_BEZIER_KNOTS.);
#1856 = CARTESIAN_POINT('',(8.949129511677,1.434766371633,5.696270848353
    ));
#1857 = CARTESIAN_POINT('',(9.251125265393,1.711403301148,6.456324565582
    ));
#1858 = CARTESIAN_POINT('',(9.755583864119,1.929366711383,7.055174113469
    ));
#1859 = ORIENTED_EDGE('',*,*,#1822,.F.);
#1860 = SURFACE_OF_LINEAR_EXTRUSION('',#1861,#1865);
#1861 = B_SPLINE_CURVE_WITH_KNOTS('',2,(#1862,#1863,#1864),
  .UNSPECIFIED.,.F.,.F.,(3,3),(0.,1.),.PIECEWISE_BEZIER_KNOTS.);
#1862 = CARTESIAN_POINT('',(8.949129511677,2.186520468262,5.422654733693
    ));
#1863 = CARTESIAN_POINT('',(9.251125265393,2.463157397777,6.182708450921
    ));
#1864 = CARTESIAN_POINT('',(9.755583864119,2.681120808011,6.781557998809
    ));
#1865 = VECTOR('',#1866,1.);
#1866 = DIRECTION('',(-0.,0.939692620786,-0.342020143326));
#1867 = ADVANCED_FACE('',(#1868),#1886,.T.);
#1868 = FACE_BOUND('',#1869,.T.);
#1869 = EDGE_LOOP('',(#1870,#1871,#1879,#1885));
#1870 = ORIENTED_EDGE('',*,*,#768,.T.);
#1871 = ORIENTED_EDGE('',*,*,#1872,.T.);
#1872 = EDGE_CURVE('',#761,#1873,#1875,.T.);
#1873 = VERTEX_POINT('',#1874);
#1874 = CARTESIAN_POINT('',(8.629469214437,0.892065364593,4.205212085995
    ));
#1875 = LINE('',#1876,#1877);
#1876 = CARTESIAN_POINT('',(8.629469214437,1.643819461222,3.931595971335
    ));
#1877 = VECTOR('',#1878,1.);
#1878 = DIRECTION('',(0.,-0.939692620786,0.342020143326));
#1879 = ORIENTED_EDGE('',*,*,#1880,.T.);
#1880 = EDGE_CURVE('',#1873,#1847,#1881,.T.);
#1881 = B_SPLINE_CURVE_WITH_KNOTS('',2,(#1882,#1883,#1884),
  .UNSPECIFIED.,.F.,.F.,(3,3),(0.,1.),.PIECEWISE_BEZIER_KNOTS.);
#1882 = CARTESIAN_POINT('',(8.629469214437,0.892065364593,4.205212085995
    ));
#1883 = CARTESIAN_POINT('',(8.647303609342,1.158187534712,4.936376739213
    ));
#1884 = CARTESIAN_POINT('',(8.949129511677,1.434766371633,5.696270848353
    ));
#1885 = ORIENTED_EDGE('',*,*,#1846,.F.);
#1886 = SURFACE_OF_LINEAR_EXTRUSION('',#1887,#1891);
#1887 = B_SPLINE_CURVE_WITH_KNOTS('',2,(#1888,#1889,#1890),
  .UNSPECIFIED.,.F.,.F.,(3,3),(0.,1.),.PIECEWISE_BEZIER_KNOTS.);
#1888 = CARTESIAN_POINT('',(8.629469214437,1.643819461222,3.931595971335
    ));
#1889 = CARTESIAN_POINT('',(8.647303609342,1.909941631341,4.662760624553
    ));
#1890 = CARTESIAN_POINT('',(8.949129511677,2.186520468262,5.422654733693
    ));
#1891 = VECTOR('',#1892,1.);
#1892 = DIRECTION('',(-0.,0.939692620786,-0.342020143326));
#1893 = ADVANCED_FACE('',(#1894),#1912,.T.);
#1894 = FACE_BOUND('',#1895,.T.);
#1895 = EDGE_LOOP('',(#1896,#1897,#1905,#1911));
#1896 = ORIENTED_EDGE('',*,*,#760,.T.);
#1897 = ORIENTED_EDGE('',*,*,#1898,.T.);
#1898 = EDGE_CURVE('',#749,#1899,#1901,.T.);
#1899 = VERTEX_POINT('',#1900);
#1900 = CARTESIAN_POINT('',(9.31991507431,0.892065364593,4.205212085995)
  );
#1901 = LINE('',#1902,#1903);
#1902 = CARTESIAN_POINT('',(9.31991507431,1.643819461222,3.931595971335)
  );
#1903 = VECTOR('',#1904,1.);
#1904 = DIRECTION('',(0.,-0.939692620786,0.342020143326));
#1905 = ORIENTED_EDGE('',*,*,#1906,.T.);
#1906 = EDGE_CURVE('',#1899,#1873,#1907,.T.);
#1907 = LINE('',#1908,#1909);
#1908 = CARTESIAN_POINT('',(9.31991507431,0.892065364593,4.205212085995)
  );
#1909 = VECTOR('',#1910,1.);
#1910 = DIRECTION('',(-1.,0.,0.));
#1911 = ORIENTED_EDGE('',*,*,#1872,.F.);
#1912 = PLANE('',#1913);
#1913 = AXIS2_PLACEMENT_3D('',#1914,#1915,#1916);
#1914 = CARTESIAN_POINT('',(9.31991507431,1.643819461222,3.931595971335)
  );
#1915 = DIRECTION('',(0.,-0.342020143326,-0.939692620786));
#1916 = DIRECTION('',(-1.,0.,0.));
#1917 = ADVANCED_FACE('',(#1918),#1936,.T.);
#1918 = FACE_BOUND('',#1919,.T.);
#1919 = EDGE_LOOP('',(#1920,#1921,#1929,#1935));
#1920 = ORIENTED_EDGE('',*,*,#748,.T.);
#1921 = ORIENTED_EDGE('',*,*,#1922,.T.);
#1922 = EDGE_CURVE('',#734,#1923,#1925,.T.);
#1923 = VERTEX_POINT('',#1924);
#1924 = CARTESIAN_POINT('',(9.48161358811,1.277103073292,5.263094496283)
  );
#1925 = LINE('',#1926,#1927);
#1926 = CARTESIAN_POINT('',(9.48161358811,2.028857169921,4.989478381623)
  );
#1927 = VECTOR('',#1928,1.);
#1928 = DIRECTION('',(0.,-0.939692620786,0.342020143326));
#1929 = ORIENTED_EDGE('',*,*,#1930,.T.);
#1930 = EDGE_CURVE('',#1923,#1899,#1931,.T.);
#1931 = B_SPLINE_CURVE_WITH_KNOTS('',2,(#1932,#1933,#1934),
  .UNSPECIFIED.,.F.,.F.,(3,3),(0.,1.),.PIECEWISE_BEZIER_KNOTS.);
#1932 = CARTESIAN_POINT('',(9.48161358811,1.277103073292,5.263094496283)
  );
#1933 = CARTESIAN_POINT('',(9.317367303609,1.061637644571,4.671108096199
    ));
#1934 = CARTESIAN_POINT('',(9.31991507431,0.892065364593,4.205212085995)
  );
#1935 = ORIENTED_EDGE('',*,*,#1898,.F.);
#1936 = SURFACE_OF_LINEAR_EXTRUSION('',#1937,#1941);
#1937 = B_SPLINE_CURVE_WITH_KNOTS('',2,(#1938,#1939,#1940),
  .UNSPECIFIED.,.F.,.F.,(3,3),(0.,1.),.PIECEWISE_BEZIER_KNOTS.);
#1938 = CARTESIAN_POINT('',(9.48161358811,2.028857169921,4.989478381623)
  );
#1939 = CARTESIAN_POINT('',(9.317367303609,1.8133917412,4.397491981539)
  );
#1940 = CARTESIAN_POINT('',(9.31991507431,1.643819461222,3.931595971335)
  );
#1941 = VECTOR('',#1942,1.);
#1942 = DIRECTION('',(-0.,0.939692620786,-0.342020143326));
#1943 = ADVANCED_FACE('',(#1944),#1962,.T.);
#1944 = FACE_BOUND('',#1945,.T.);
#1945 = EDGE_LOOP('',(#1946,#1947,#1955,#1961));
#1946 = ORIENTED_EDGE('',*,*,#733,.T.);
#1947 = ORIENTED_EDGE('',*,*,#1948,.T.);
#1948 = EDGE_CURVE('',#722,#1949,#1951,.T.);
#1949 = VERTEX_POINT('',#1950);
#1950 = CARTESIAN_POINT('',(9.95940552017,1.683983597088,6.38098954783)
  );
#1951 = LINE('',#1952,#1953);
#1952 = CARTESIAN_POINT('',(9.95940552017,2.435737693717,6.10737343317)
  );
#1953 = VECTOR('',#1954,1.);
#1954 = DIRECTION('',(0.,-0.939692620786,0.342020143326));
#1955 = ORIENTED_EDGE('',*,*,#1956,.T.);
#1956 = EDGE_CURVE('',#1949,#1923,#1957,.T.);
#1957 = B_SPLINE_CURVE_WITH_KNOTS('',2,(#1958,#1959,#1960),
  .UNSPECIFIED.,.F.,.F.,(3,3),(0.,1.),.PIECEWISE_BEZIER_KNOTS.);
#1958 = CARTESIAN_POINT('',(9.95940552017,1.683983597088,6.38098954783)
  );
#1959 = CARTESIAN_POINT('',(9.646029723992,1.492568502013,5.855080896367
    ));
#1960 = CARTESIAN_POINT('',(9.48161358811,1.277103073292,5.263094496283)
  );
#1961 = ORIENTED_EDGE('',*,*,#1922,.F.);
#1962 = SURFACE_OF_LINEAR_EXTRUSION('',#1963,#1967);
#1963 = B_SPLINE_CURVE_WITH_KNOTS('',2,(#1964,#1965,#1966),
  .UNSPECIFIED.,.F.,.F.,(3,3),(0.,1.),.PIECEWISE_BEZIER_KNOTS.);
#1964 = CARTESIAN_POINT('',(9.95940552017,2.435737693717,6.10737343317)
  );
#1965 = CARTESIAN_POINT('',(9.646029723992,2.244322598642,5.581464781707
    ));
#1966 = CARTESIAN_POINT('',(9.48161358811,2.028857169921,4.989478381623)
  );
#1967 = VECTOR('',#1968,1.);
#1968 = DIRECTION('',(-0.,0.939692620786,-0.342020143326));
#1969 = ADVANCED_FACE('',(#1970),#1988,.T.);
#1970 = FACE_BOUND('',#1971,.T.);
#1971 = EDGE_LOOP('',(#1972,#1973,#1981,#1987));
#1972 = ORIENTED_EDGE('',*,*,#721,.T.);
#1973 = ORIENTED_EDGE('',*,*,#1974,.T.);
#1974 = EDGE_CURVE('',#714,#1975,#1977,.T.);
#1975 = VERTEX_POINT('',#1976);
#1976 = CARTESIAN_POINT('',(10.575966029724,1.977699749047,
    7.187968043065));
#1977 = LINE('',#1978,#1979);
#1978 = CARTESIAN_POINT('',(10.575966029724,2.729453845676,
    6.914351928404));
#1979 = VECTOR('',#1980,1.);
#1980 = DIRECTION('',(0.,-0.939692620786,0.342020143326));
#1981 = ORIENTED_EDGE('',*,*,#1982,.T.);
#1982 = EDGE_CURVE('',#1975,#1949,#1983,.T.);
#1983 = B_SPLINE_CURVE_WITH_KNOTS('',2,(#1984,#1985,#1986),
  .UNSPECIFIED.,.F.,.F.,(3,3),(0.,1.),.PIECEWISE_BEZIER_KNOTS.);
#1984 = CARTESIAN_POINT('',(10.575966029724,1.977699749047,
    7.187968043065));
#1985 = CARTESIAN_POINT('',(10.272781316348,1.875456784757,
    6.907057807382));
#1986 = CARTESIAN_POINT('',(9.95940552017,1.683983597088,6.38098954783)
  );
#1987 = ORIENTED_EDGE('',*,*,#1948,.F.);
#1988 = SURFACE_OF_LINEAR_EXTRUSION('',#1989,#1993);
#1989 = B_SPLINE_CURVE_WITH_KNOTS('',2,(#1990,#1991,#1992),
  .UNSPECIFIED.,.F.,.F.,(3,3),(0.,1.),.PIECEWISE_BEZIER_KNOTS.);
#1990 = CARTESIAN_POINT('',(10.575966029724,2.729453845676,
    6.914351928404));
#1991 = CARTESIAN_POINT('',(10.272781316348,2.627210881386,
    6.633441692722));
#1992 = CARTESIAN_POINT('',(9.95940552017,2.435737693717,6.10737343317)
  );
#1993 = VECTOR('',#1994,1.);
#1994 = DIRECTION('',(-0.,0.939692620786,-0.342020143326));
#1995 = ADVANCED_FACE('',(#1996),#2014,.T.);
#1996 = FACE_BOUND('',#1997,.T.);
#1997 = EDGE_LOOP('',(#1998,#1999,#2007,#2013));
#1998 = ORIENTED_EDGE('',*,*,#713,.T.);
#1999 = ORIENTED_EDGE('',*,*,#2000,.T.);
#2000 = EDGE_CURVE('',#706,#2001,#2003,.T.);
#2001 = VERTEX_POINT('',#2002);
#2002 = CARTESIAN_POINT('',(10.575966029724,2.156160195806,
    7.678284090802));
#2003 = LINE('',#2004,#2005);
#2004 = CARTESIAN_POINT('',(10.575966029724,2.907914292435,
    7.404667976142));
#2005 = VECTOR('',#2006,1.);
#2006 = DIRECTION('',(0.,-0.939692620786,0.342020143326));
#2007 = ORIENTED_EDGE('',*,*,#2008,.T.);
#2008 = EDGE_CURVE('',#2001,#1975,#2009,.T.);
#2009 = LINE('',#2010,#2011);
#2010 = CARTESIAN_POINT('',(10.575966029724,2.156160195806,
    7.678284090802));
#2011 = VECTOR('',#2012,1.);
#2012 = DIRECTION('',(0.,-0.342020143326,-0.939692620786));
#2013 = ORIENTED_EDGE('',*,*,#1974,.F.);
#2014 = PLANE('',#2015);
#2015 = AXIS2_PLACEMENT_3D('',#2016,#2017,#2018);
#2016 = CARTESIAN_POINT('',(10.575966029724,2.907914292435,
    7.404667976142));
#2017 = DIRECTION('',(1.,0.,0.));
#2018 = DIRECTION('',(0.,-0.342020143326,-0.939692620786));
#2019 = ADVANCED_FACE('',(#2020),#2031,.T.);
#2020 = FACE_BOUND('',#2021,.T.);
#2021 = EDGE_LOOP('',(#2022,#2023,#2024,#2030));
#2022 = ORIENTED_EDGE('',*,*,#705,.T.);
#2023 = ORIENTED_EDGE('',*,*,#1807,.T.);
#2024 = ORIENTED_EDGE('',*,*,#2025,.T.);
#2025 = EDGE_CURVE('',#1800,#2001,#2026,.T.);
#2026 = LINE('',#2027,#2028);
#2027 = CARTESIAN_POINT('',(8.127558386412,2.156160195806,7.678284090802
    ));
#2028 = VECTOR('',#2029,1.);
#2029 = DIRECTION('',(1.,0.,0.));
#2030 = ORIENTED_EDGE('',*,*,#2000,.F.);
#2031 = PLANE('',#2032);
#2032 = AXIS2_PLACEMENT_3D('',#2033,#2034,#2035);
#2033 = CARTESIAN_POINT('',(8.127558386412,2.907914292435,7.404667976142
    ));
#2034 = DIRECTION('',(0.,0.342020143326,0.939692620786));
#2035 = DIRECTION('',(1.,0.,0.));
#2036 = ADVANCED_FACE('',(#2037),#2062,.T.);
#2037 = FACE_BOUND('',#2038,.T.);
#2038 = EDGE_LOOP('',(#2039,#2040,#2048,#2056));
#2039 = ORIENTED_EDGE('',*,*,#806,.T.);
#2040 = ORIENTED_EDGE('',*,*,#2041,.T.);
#2041 = EDGE_CURVE('',#809,#2042,#2044,.T.);
#2042 = VERTEX_POINT('',#2043);
#2043 = CARTESIAN_POINT('',(10.80067940552,0.869757808748,4.143922580028
    ));
#2044 = LINE('',#2045,#2046);
#2045 = CARTESIAN_POINT('',(10.80067940552,1.621511905377,3.870306465368
    ));
#2046 = VECTOR('',#2047,1.);
#2047 = DIRECTION('',(0.,-0.939692620786,0.342020143326));
#2048 = ORIENTED_EDGE('',*,*,#2049,.T.);
#2049 = EDGE_CURVE('',#2042,#2050,#2052,.T.);
#2050 = VERTEX_POINT('',#2051);
#2051 = CARTESIAN_POINT('',(11.725520169851,2.189621529574,
    7.770218349753));
#2052 = LINE('',#2053,#2054);
#2053 = CARTESIAN_POINT('',(10.80067940552,0.869757808748,4.143922580028
    ));
#2054 = VECTOR('',#2055,1.);
#2055 = DIRECTION('',(0.233057266823,0.332601938861,0.913816316689));
#2056 = ORIENTED_EDGE('',*,*,#2057,.F.);
#2057 = EDGE_CURVE('',#807,#2050,#2058,.T.);
#2058 = LINE('',#2059,#2060);
#2059 = CARTESIAN_POINT('',(11.725520169851,2.941375626202,
    7.496602235093));
#2060 = VECTOR('',#2061,1.);
#2061 = DIRECTION('',(0.,-0.939692620786,0.342020143326));
#2062 = PLANE('',#2063);
#2063 = AXIS2_PLACEMENT_3D('',#2064,#2065,#2066);
#2064 = CARTESIAN_POINT('',(10.80067940552,1.621511905377,3.870306465368
    ));
#2065 = DIRECTION('',(-0.972463012346,7.971027980197E-02,0.219002193854)
  );
#2066 = DIRECTION('',(0.233057266823,0.332601938861,0.913816316689));
#2067 = ADVANCED_FACE('',(#2068),#2086,.T.);
#2068 = FACE_BOUND('',#2069,.T.);
#2069 = EDGE_LOOP('',(#2070,#2071,#2079,#2085));
#2070 = ORIENTED_EDGE('',*,*,#832,.T.);
#2071 = ORIENTED_EDGE('',*,*,#2072,.T.);
#2072 = EDGE_CURVE('',#825,#2073,#2075,.T.);
#2073 = VERTEX_POINT('',#2074);
#2074 = CARTESIAN_POINT('',(11.328067940552,0.869757808748,
    4.143922580028));
#2075 = LINE('',#2076,#2077);
#2076 = CARTESIAN_POINT('',(11.328067940552,1.621511905377,
    3.870306465368));
#2077 = VECTOR('',#2078,1.);
#2078 = DIRECTION('',(0.,-0.939692620786,0.342020143326));
#2079 = ORIENTED_EDGE('',*,*,#2080,.T.);
#2080 = EDGE_CURVE('',#2073,#2042,#2081,.T.);
#2081 = LINE('',#2082,#2083);
#2082 = CARTESIAN_POINT('',(11.328067940552,0.869757808748,
    4.143922580028));
#2083 = VECTOR('',#2084,1.);
#2084 = DIRECTION('',(-1.,0.,0.));
#2085 = ORIENTED_EDGE('',*,*,#2041,.F.);
#2086 = PLANE('',#2087);
#2087 = AXIS2_PLACEMENT_3D('',#2088,#2089,#2090);
#2088 = CARTESIAN_POINT('',(11.328067940552,1.621511905377,
    3.870306465368));
#2089 = DIRECTION('',(0.,-0.342020143326,-0.939692620786));
#2090 = DIRECTION('',(-1.,0.,0.));
#2091 = ADVANCED_FACE('',(#2092),#2110,.T.);
#2092 = FACE_BOUND('',#2093,.T.);
#2093 = EDGE_LOOP('',(#2094,#2095,#2103,#2109));
#2094 = ORIENTED_EDGE('',*,*,#824,.T.);
#2095 = ORIENTED_EDGE('',*,*,#2096,.T.);
#2096 = EDGE_CURVE('',#817,#2097,#2099,.T.);
#2097 = VERTEX_POINT('',#2098);
#2098 = CARTESIAN_POINT('',(12.263099787686,2.189621529574,
    7.770218349753));
#2099 = LINE('',#2100,#2101);
#2100 = CARTESIAN_POINT('',(12.263099787686,2.941375626202,
    7.496602235093));
#2101 = VECTOR('',#2102,1.);
#2102 = DIRECTION('',(0.,-0.939692620786,0.342020143326));
#2103 = ORIENTED_EDGE('',*,*,#2104,.T.);
#2104 = EDGE_CURVE('',#2097,#2073,#2105,.T.);
#2105 = LINE('',#2106,#2107);
#2106 = CARTESIAN_POINT('',(12.263099787686,2.189621529574,
    7.770218349753));
#2107 = VECTOR('',#2108,1.);
#2108 = DIRECTION('',(-0.235483715343,-0.332401953666,-0.913266861879));
#2109 = ORIENTED_EDGE('',*,*,#2072,.F.);
#2110 = PLANE('',#2111);
#2111 = AXIS2_PLACEMENT_3D('',#2112,#2113,#2114);
#2112 = CARTESIAN_POINT('',(12.263099787686,2.941375626202,
    7.496602235093));
#2113 = DIRECTION('',(0.971878294751,-8.054017407264E-02,-0.221282309624
    ));
#2114 = DIRECTION('',(-0.235483715343,-0.332401953666,-0.913266861879));
#2115 = ADVANCED_FACE('',(#2116),#2127,.T.);
#2116 = FACE_BOUND('',#2117,.T.);
#2117 = EDGE_LOOP('',(#2118,#2119,#2120,#2126));
#2118 = ORIENTED_EDGE('',*,*,#816,.T.);
#2119 = ORIENTED_EDGE('',*,*,#2057,.T.);
#2120 = ORIENTED_EDGE('',*,*,#2121,.T.);
#2121 = EDGE_CURVE('',#2050,#2097,#2122,.T.);
#2122 = LINE('',#2123,#2124);
#2123 = CARTESIAN_POINT('',(11.725520169851,2.189621529574,
    7.770218349753));
#2124 = VECTOR('',#2125,1.);
#2125 = DIRECTION('',(1.,0.,0.));
#2126 = ORIENTED_EDGE('',*,*,#2096,.F.);
#2127 = PLANE('',#2128);
#2128 = AXIS2_PLACEMENT_3D('',#2129,#2130,#2131);
#2129 = CARTESIAN_POINT('',(11.725520169851,2.941375626202,
    7.496602235093));
#2130 = DIRECTION('',(0.,0.342020143326,0.939692620786));
#2131 = DIRECTION('',(1.,0.,0.));
#2132 = ADVANCED_FACE('',(#2133),#2158,.F.);
#2133 = FACE_BOUND('',#2134,.F.);
#2134 = EDGE_LOOP('',(#2135,#2143,#2151,#2157));
#2135 = ORIENTED_EDGE('',*,*,#2136,.F.);
#2136 = EDGE_CURVE('',#2137,#284,#2139,.T.);
#2137 = VERTEX_POINT('',#2138);
#2138 = CARTESIAN_POINT('',(30.,12.6,0.));
#2139 = LINE('',#2140,#2141);
#2140 = CARTESIAN_POINT('',(30.,12.6,0.));
#2141 = VECTOR('',#2142,1.);
#2142 = DIRECTION('',(-0.971520338783,-0.236956180191,0.));
#2143 = ORIENTED_EDGE('',*,*,#2144,.T.);
#2144 = EDGE_CURVE('',#2137,#2145,#2147,.T.);
#2145 = VERTEX_POINT('',#2146);
#2146 = CARTESIAN_POINT('',(30.,12.6,10.));
#2147 = LINE('',#2148,#2149);
#2148 = CARTESIAN_POINT('',(30.,12.6,0.));
#2149 = VECTOR('',#2150,1.);
#2150 = DIRECTION('',(0.,0.,1.));
#2151 = ORIENTED_EDGE('',*,*,#2152,.T.);
#2152 = EDGE_CURVE('',#2145,#95,#2153,.T.);
#2153 = LINE('',#2154,#2155);
#2154 = CARTESIAN_POINT('',(30.,12.6,10.));
#2155 = VECTOR('',#2156,1.);
#2156 = DIRECTION('',(-0.971520338783,-0.236956180191,0.));
#2157 = ORIENTED_EDGE('',*,*,#915,.T.);
#2158 = PLANE('',#2159);
#2159 = AXIS2_PLACEMENT_3D('',#2160,#2161,#2162);
#2160 = CARTESIAN_POINT('',(30.,12.6,0.));
#2161 = DIRECTION('',(0.236956180191,-0.971520338783,0.));
#2162 = DIRECTION('',(-0.971520338783,-0.236956180191,0.));
#2163 = ADVANCED_FACE('',(#2164),#2182,.T.);
#2164 = FACE_BOUND('',#2165,.T.);
#2165 = EDGE_LOOP('',(#2166,#2167,#2175,#2181));
#2166 = ORIENTED_EDGE('',*,*,#932,.F.);
#2167 = ORIENTED_EDGE('',*,*,#2168,.T.);
#2168 = EDGE_CURVE('',#71,#2169,#2171,.T.);
#2169 = VERTEX_POINT('',#2170);
#2170 = CARTESIAN_POINT('',(30.,6.6,10.));
#2171 = LINE('',#2172,#2173);
#2172 = CARTESIAN_POINT('',(25.9,7.6,10.));
#2173 = VECTOR('',#2174,1.);
#2174 = DIRECTION('',(0.971520338783,-0.236956180191,0.));
#2175 = ORIENTED_EDGE('',*,*,#2176,.T.);
#2176 = EDGE_CURVE('',#2169,#2145,#2177,.T.);
#2177 = LINE('',#2178,#2179);
#2178 = CARTESIAN_POINT('',(30.,6.6,10.));
#2179 = VECTOR('',#2180,1.);
#2180 = DIRECTION('',(0.,1.,0.));
#2181 = ORIENTED_EDGE('',*,*,#2152,.T.);
#2182 = PLANE('',#2183);
#2183 = AXIS2_PLACEMENT_3D('',#2184,#2185,#2186);
#2184 = CARTESIAN_POINT('',(28.172338161771,9.6,10.));
#2185 = DIRECTION('',(0.,0.,1.));
#2186 = DIRECTION('',(1.,0.,0.));
#2187 = ADVANCED_FACE('',(#2188),#2206,.F.);
#2188 = FACE_BOUND('',#2189,.F.);
#2189 = EDGE_LOOP('',(#2190,#2198,#2199,#2200));
#2190 = ORIENTED_EDGE('',*,*,#2191,.F.);
#2191 = EDGE_CURVE('',#260,#2192,#2194,.T.);
#2192 = VERTEX_POINT('',#2193);
#2193 = CARTESIAN_POINT('',(30.,6.6,0.));
#2194 = LINE('',#2195,#2196);
#2195 = CARTESIAN_POINT('',(25.9,7.6,0.));
#2196 = VECTOR('',#2197,1.);
#2197 = DIRECTION('',(0.971520338783,-0.236956180191,0.));
#2198 = ORIENTED_EDGE('',*,*,#951,.T.);
#2199 = ORIENTED_EDGE('',*,*,#2168,.T.);
#2200 = ORIENTED_EDGE('',*,*,#2201,.F.);
#2201 = EDGE_CURVE('',#2192,#2169,#2202,.T.);
#2202 = LINE('',#2203,#2204);
#2203 = CARTESIAN_POINT('',(30.,6.6,0.));
#2204 = VECTOR('',#2205,1.);
#2205 = DIRECTION('',(0.,0.,1.));
#2206 = PLANE('',#2207);
#2207 = AXIS2_PLACEMENT_3D('',#2208,#2209,#2210);
#2208 = CARTESIAN_POINT('',(25.9,7.6,0.));
#2209 = DIRECTION('',(0.236956180191,0.971520338783,0.));
#2210 = DIRECTION('',(0.971520338783,-0.236956180191,0.));
#2211 = ADVANCED_FACE('',(#2212),#2238,.T.);
#2212 = FACE_BOUND('',#2213,.T.);
#2213 = EDGE_LOOP('',(#2214,#2222,#2223,#2231));
#2214 = ORIENTED_EDGE('',*,*,#2215,.F.);
#2215 = EDGE_CURVE('',#966,#2216,#2218,.T.);
#2216 = VERTEX_POINT('',#2217);
#2217 = CARTESIAN_POINT('',(8.1,24.84,21.));
#2218 = LINE('',#2219,#2220);
#2219 = CARTESIAN_POINT('',(8.1,25.09,20.75));
#2220 = VECTOR('',#2221,1.);
#2221 = DIRECTION('',(-2.90882763039E-35,-0.707106781187,0.707106781187)
  );
#2222 = ORIENTED_EDGE('',*,*,#982,.T.);
#2223 = ORIENTED_EDGE('',*,*,#2224,.T.);
#2224 = EDGE_CURVE('',#975,#2225,#2227,.T.);
#2225 = VERTEX_POINT('',#2226);
#2226 = CARTESIAN_POINT('',(8.,24.74,21.));
#2227 = LINE('',#2228,#2229);
#2228 = CARTESIAN_POINT('',(7.5,24.74,20.5));
#2229 = VECTOR('',#2230,1.);
#2230 = DIRECTION('',(0.707106781187,-4.329780281177E-17,0.707106781187)
  );
#2231 = ORIENTED_EDGE('',*,*,#2232,.F.);
#2232 = EDGE_CURVE('',#2216,#2225,#2233,.T.);
#2233 = CIRCLE('',#2234,1.E-01);
#2234 = AXIS2_PLACEMENT_3D('',#2235,#2236,#2237);
#2235 = CARTESIAN_POINT('',(8.1,24.74,21.));
#2236 = DIRECTION('',(0.,-0.,1.));
#2237 = DIRECTION('',(0.,1.,0.));
#2238 = CONICAL_SURFACE('',#2239,0.6,0.785398163397);
#2239 = AXIS2_PLACEMENT_3D('',#2240,#2241,#2242);
#2240 = CARTESIAN_POINT('',(8.1,24.74,20.5));
#2241 = DIRECTION('',(-0.,-0.,-1.));
#2242 = DIRECTION('',(0.,1.,0.));
#2243 = ADVANCED_FACE('',(#2244),#2262,.F.);
#2244 = FACE_BOUND('',#2245,.T.);
#2245 = EDGE_LOOP('',(#2246,#2254,#2255,#2256));
#2246 = ORIENTED_EDGE('',*,*,#2247,.F.);
#2247 = EDGE_CURVE('',#999,#2248,#2250,.T.);
#2248 = VERTEX_POINT('',#2249);
#2249 = CARTESIAN_POINT('',(17.9,24.84,21.));
#2250 = LINE('',#2251,#2252);
#2251 = CARTESIAN_POINT('',(17.9,25.09,20.75));
#2252 = VECTOR('',#2253,1.);
#2253 = DIRECTION('',(-2.90882763039E-35,-0.707106781187,0.707106781187)
  );
#2254 = ORIENTED_EDGE('',*,*,#1006,.T.);
#2255 = ORIENTED_EDGE('',*,*,#2215,.T.);
#2256 = ORIENTED_EDGE('',*,*,#2257,.F.);
#2257 = EDGE_CURVE('',#2248,#2216,#2258,.T.);
#2258 = LINE('',#2259,#2260);
#2259 = CARTESIAN_POINT('',(17.9,24.84,21.));
#2260 = VECTOR('',#2261,1.);
#2261 = DIRECTION('',(-1.,0.,0.));
#2262 = PLANE('',#2263);
#2263 = AXIS2_PLACEMENT_3D('',#2264,#2265,#2266);
#2264 = CARTESIAN_POINT('',(17.9,25.09,20.75));
#2265 = DIRECTION('',(-1.889513820523E-18,-0.707106781187,
    -0.707106781187));
#2266 = DIRECTION('',(1.,-1.336088035637E-18,-1.336088035637E-18));
#2267 = ADVANCED_FACE('',(#2268),#2286,.F.);
#2268 = FACE_BOUND('',#2269,.T.);
#2269 = EDGE_LOOP('',(#2270,#2271,#2272,#2280));
#2270 = ORIENTED_EDGE('',*,*,#2224,.F.);
#2271 = ORIENTED_EDGE('',*,*,#1023,.T.);
#2272 = ORIENTED_EDGE('',*,*,#2273,.T.);
#2273 = EDGE_CURVE('',#1024,#2274,#2276,.T.);
#2274 = VERTEX_POINT('',#2275);
#2275 = CARTESIAN_POINT('',(8.,14.94,21.));
#2276 = LINE('',#2277,#2278);
#2277 = CARTESIAN_POINT('',(7.75,14.94,20.75));
#2278 = VECTOR('',#2279,1.);
#2279 = DIRECTION('',(0.707106781187,-2.90882763039E-35,0.707106781187)
  );
#2280 = ORIENTED_EDGE('',*,*,#2281,.F.);
#2281 = EDGE_CURVE('',#2225,#2274,#2282,.T.);
#2282 = LINE('',#2283,#2284);
#2283 = CARTESIAN_POINT('',(8.,24.74,21.));
#2284 = VECTOR('',#2285,1.);
#2285 = DIRECTION('',(0.,-1.,0.));
#2286 = PLANE('',#2287);
#2287 = AXIS2_PLACEMENT_3D('',#2288,#2289,#2290);
#2288 = CARTESIAN_POINT('',(7.75,24.74,20.75));
#2289 = DIRECTION('',(0.707106781187,1.889513820523E-18,-0.707106781187)
  );
#2290 = DIRECTION('',(-1.336088035637E-18,1.,1.336088035637E-18));
#2291 = ADVANCED_FACE('',(#2292),#2311,.T.);
#2292 = FACE_BOUND('',#2293,.T.);
#2293 = EDGE_LOOP('',(#2294,#2302,#2303,#2304));
#2294 = ORIENTED_EDGE('',*,*,#2295,.F.);
#2295 = EDGE_CURVE('',#1048,#2296,#2298,.T.);
#2296 = VERTEX_POINT('',#2297);
#2297 = CARTESIAN_POINT('',(18.,24.74,21.));
#2298 = LINE('',#2299,#2300);
#2299 = CARTESIAN_POINT('',(18.25,24.74,20.75));
#2300 = VECTOR('',#2301,1.);
#2301 = DIRECTION('',(-0.707106781187,5.615430530155E-36,0.707106781187)
  );
#2302 = ORIENTED_EDGE('',*,*,#1055,.T.);
#2303 = ORIENTED_EDGE('',*,*,#2247,.T.);
#2304 = ORIENTED_EDGE('',*,*,#2305,.F.);
#2305 = EDGE_CURVE('',#2296,#2248,#2306,.T.);
#2306 = CIRCLE('',#2307,1.E-01);
#2307 = AXIS2_PLACEMENT_3D('',#2308,#2309,#2310);
#2308 = CARTESIAN_POINT('',(17.9,24.74,21.));
#2309 = DIRECTION('',(0.,0.,1.));
#2310 = DIRECTION('',(1.,0.,0.));
#2311 = CONICAL_SURFACE('',#2312,0.6,0.785398163397);
#2312 = AXIS2_PLACEMENT_3D('',#2313,#2314,#2315);
#2313 = CARTESIAN_POINT('',(17.9,24.74,20.5));
#2314 = DIRECTION('',(-0.,-0.,-1.));
#2315 = DIRECTION('',(1.,0.,0.));
#2316 = ADVANCED_FACE('',(#2317),#2336,.T.);
#2317 = FACE_BOUND('',#2318,.T.);
#2318 = EDGE_LOOP('',(#2319,#2320,#2321,#2329));
#2319 = ORIENTED_EDGE('',*,*,#2273,.F.);
#2320 = ORIENTED_EDGE('',*,*,#1080,.T.);
#2321 = ORIENTED_EDGE('',*,*,#2322,.T.);
#2322 = EDGE_CURVE('',#1073,#2323,#2325,.T.);
#2323 = VERTEX_POINT('',#2324);
#2324 = CARTESIAN_POINT('',(8.1,14.84,21.));
#2325 = LINE('',#2326,#2327);
#2326 = CARTESIAN_POINT('',(8.1,14.34,20.5));
#2327 = VECTOR('',#2328,1.);
#2328 = DIRECTION('',(4.329780281177E-17,0.707106781187,0.707106781187)
  );
#2329 = ORIENTED_EDGE('',*,*,#2330,.F.);
#2330 = EDGE_CURVE('',#2274,#2323,#2331,.T.);
#2331 = CIRCLE('',#2332,1.E-01);
#2332 = AXIS2_PLACEMENT_3D('',#2333,#2334,#2335);
#2333 = CARTESIAN_POINT('',(8.1,14.94,21.));
#2334 = DIRECTION('',(0.,0.,1.));
#2335 = DIRECTION('',(-1.,0.,0.));
#2336 = CONICAL_SURFACE('',#2337,0.6,0.785398163397);
#2337 = AXIS2_PLACEMENT_3D('',#2338,#2339,#2340);
#2338 = CARTESIAN_POINT('',(8.1,14.94,20.5));
#2339 = DIRECTION('',(-0.,-0.,-1.));
#2340 = DIRECTION('',(-1.,0.,0.));
#2341 = ADVANCED_FACE('',(#2342),#2360,.F.);
#2342 = FACE_BOUND('',#2343,.T.);
#2343 = EDGE_LOOP('',(#2344,#2352,#2353,#2354));
#2344 = ORIENTED_EDGE('',*,*,#2345,.F.);
#2345 = EDGE_CURVE('',#1097,#2346,#2348,.T.);
#2346 = VERTEX_POINT('',#2347);
#2347 = CARTESIAN_POINT('',(18.,14.94,21.));
#2348 = LINE('',#2349,#2350);
#2349 = CARTESIAN_POINT('',(18.5,14.94,20.5));
#2350 = VECTOR('',#2351,1.);
#2351 = DIRECTION('',(-0.707106781187,4.329780281177E-17,0.707106781187)
  );
#2352 = ORIENTED_EDGE('',*,*,#1104,.T.);
#2353 = ORIENTED_EDGE('',*,*,#2295,.T.);
#2354 = ORIENTED_EDGE('',*,*,#2355,.F.);
#2355 = EDGE_CURVE('',#2346,#2296,#2356,.T.);
#2356 = LINE('',#2357,#2358);
#2357 = CARTESIAN_POINT('',(18.,14.94,21.));
#2358 = VECTOR('',#2359,1.);
#2359 = DIRECTION('',(0.,1.,0.));
#2360 = PLANE('',#2361);
#2361 = AXIS2_PLACEMENT_3D('',#2362,#2363,#2364);
#2362 = CARTESIAN_POINT('',(18.25,14.94,20.75));
#2363 = DIRECTION('',(-0.707106781187,1.479157021432E-19,-0.707106781187
    ));
#2364 = DIRECTION('',(-1.045921960294E-19,-1.,-1.045921960294E-19));
#2365 = ADVANCED_FACE('',(#2366),#2384,.F.);
#2366 = FACE_BOUND('',#2367,.T.);
#2367 = EDGE_LOOP('',(#2368,#2369,#2370,#2378));
#2368 = ORIENTED_EDGE('',*,*,#2322,.F.);
#2369 = ORIENTED_EDGE('',*,*,#1121,.T.);
#2370 = ORIENTED_EDGE('',*,*,#2371,.T.);
#2371 = EDGE_CURVE('',#1122,#2372,#2374,.T.);
#2372 = VERTEX_POINT('',#2373);
#2373 = CARTESIAN_POINT('',(17.9,14.84,21.));
#2374 = LINE('',#2375,#2376);
#2375 = CARTESIAN_POINT('',(17.9,14.59,20.75));
#2376 = VECTOR('',#2377,1.);
#2377 = DIRECTION('',(2.26130160805E-35,0.707106781187,0.707106781187));
#2378 = ORIENTED_EDGE('',*,*,#2379,.F.);
#2379 = EDGE_CURVE('',#2323,#2372,#2380,.T.);
#2380 = LINE('',#2381,#2382);
#2381 = CARTESIAN_POINT('',(8.1,14.84,21.));
#2382 = VECTOR('',#2383,1.);
#2383 = DIRECTION('',(1.,0.,0.));
#2384 = PLANE('',#2385);
#2385 = AXIS2_PLACEMENT_3D('',#2386,#2387,#2388);
#2386 = CARTESIAN_POINT('',(8.1,14.59,20.75));
#2387 = DIRECTION('',(-3.029276165476E-18,0.707106781187,-0.707106781187
    ));
#2388 = DIRECTION('',(-1.,-2.142021718695E-18,2.142021718695E-18));
#2389 = ADVANCED_FACE('',(#2390),#2402,.T.);
#2390 = FACE_BOUND('',#2391,.T.);
#2391 = EDGE_LOOP('',(#2392,#2393,#2394,#2395));
#2392 = ORIENTED_EDGE('',*,*,#2371,.F.);
#2393 = ORIENTED_EDGE('',*,*,#1146,.T.);
#2394 = ORIENTED_EDGE('',*,*,#2345,.T.);
#2395 = ORIENTED_EDGE('',*,*,#2396,.F.);
#2396 = EDGE_CURVE('',#2372,#2346,#2397,.T.);
#2397 = CIRCLE('',#2398,1.E-01);
#2398 = AXIS2_PLACEMENT_3D('',#2399,#2400,#2401);
#2399 = CARTESIAN_POINT('',(17.9,14.94,21.));
#2400 = DIRECTION('',(-0.,0.,1.));
#2401 = DIRECTION('',(0.,-1.,0.));
#2402 = CONICAL_SURFACE('',#2403,0.6,0.785398163397);
#2403 = AXIS2_PLACEMENT_3D('',#2404,#2405,#2406);
#2404 = CARTESIAN_POINT('',(17.9,14.94,20.5));
#2405 = DIRECTION('',(-0.,-0.,-1.));
#2406 = DIRECTION('',(0.,-1.,0.));
#2407 = ADVANCED_FACE('',(#2408),#2419,.F.);
#2408 = FACE_BOUND('',#2409,.F.);
#2409 = EDGE_LOOP('',(#2410,#2411,#2412,#2418));
#2410 = ORIENTED_EDGE('',*,*,#1162,.F.);
#2411 = ORIENTED_EDGE('',*,*,#2191,.T.);
#2412 = ORIENTED_EDGE('',*,*,#2413,.T.);
#2413 = EDGE_CURVE('',#2192,#2137,#2414,.T.);
#2414 = LINE('',#2415,#2416);
#2415 = CARTESIAN_POINT('',(30.,6.6,0.));
#2416 = VECTOR('',#2417,1.);
#2417 = DIRECTION('',(0.,1.,0.));
#2418 = ORIENTED_EDGE('',*,*,#2136,.T.);
#2419 = PLANE('',#2420);
#2420 = AXIS2_PLACEMENT_3D('',#2421,#2422,#2423);
#2421 = CARTESIAN_POINT('',(28.172338161771,9.6,0.));
#2422 = DIRECTION('',(0.,0.,1.));
#2423 = DIRECTION('',(1.,0.,0.));
#2424 = ADVANCED_FACE('',(#2425,#2443),#2509,.T.);
#2425 = FACE_BOUND('',#2426,.T.);
#2426 = EDGE_LOOP('',(#2427,#2428,#2429,#2430,#2431,#2432,#2433,#2434,
    #2435,#2436,#2437,#2438,#2439,#2440,#2441,#2442));
#2427 = ORIENTED_EDGE('',*,*,#1187,.F.);
#2428 = ORIENTED_EDGE('',*,*,#1218,.F.);
#2429 = ORIENTED_EDGE('',*,*,#1244,.F.);
#2430 = ORIENTED_EDGE('',*,*,#1270,.F.);
#2431 = ORIENTED_EDGE('',*,*,#1296,.F.);
#2432 = ORIENTED_EDGE('',*,*,#1322,.F.);
#2433 = ORIENTED_EDGE('',*,*,#1348,.F.);
#2434 = ORIENTED_EDGE('',*,*,#1374,.F.);
#2435 = ORIENTED_EDGE('',*,*,#1400,.F.);
#2436 = ORIENTED_EDGE('',*,*,#1426,.F.);
#2437 = ORIENTED_EDGE('',*,*,#1452,.F.);
#2438 = ORIENTED_EDGE('',*,*,#1478,.F.);
#2439 = ORIENTED_EDGE('',*,*,#1504,.F.);
#2440 = ORIENTED_EDGE('',*,*,#1530,.F.);
#2441 = ORIENTED_EDGE('',*,*,#1556,.F.);
#2442 = ORIENTED_EDGE('',*,*,#1575,.F.);
#2443 = FACE_BOUND('',#2444,.T.);
#2444 = EDGE_LOOP('',(#2445,#2455,#2463,#2471,#2479,#2487,#2495,#2503));
#2445 = ORIENTED_EDGE('',*,*,#2446,.F.);
#2446 = EDGE_CURVE('',#2447,#2449,#2451,.T.);
#2447 = VERTEX_POINT('',#2448);
#2448 = CARTESIAN_POINT('',(16.180721868365,1.321776277575,
    5.385833116306));
#2449 = VERTEX_POINT('',#2450);
#2450 = CARTESIAN_POINT('',(16.341231422505,1.138726515941,4.88290802958
    ));
#2451 = B_SPLINE_CURVE_WITH_KNOTS('',2,(#2452,#2453,#2454),
  .UNSPECIFIED.,.F.,.F.,(3,3),(0.,1.),.PIECEWISE_BEZIER_KNOTS.);
#2452 = CARTESIAN_POINT('',(16.180721868365,1.321776277575,
    5.385833116306));
#2453 = CARTESIAN_POINT('',(16.180721868365,1.203209294555,
    5.060073007767));
#2454 = CARTESIAN_POINT('',(16.341231422505,1.138726515941,4.88290802958
    ));
#2455 = ORIENTED_EDGE('',*,*,#2456,.F.);
#2456 = EDGE_CURVE('',#2457,#2447,#2459,.T.);
#2457 = VERTEX_POINT('',#2458);
#2458 = CARTESIAN_POINT('',(16.323397027601,1.484028890791,
    5.831618507364));
#2459 = B_SPLINE_CURVE_WITH_KNOTS('',2,(#2460,#2461,#2462),
  .UNSPECIFIED.,.F.,.F.,(3,3),(0.,1.),.PIECEWISE_BEZIER_KNOTS.);
#2460 = CARTESIAN_POINT('',(16.323397027601,1.484028890791,
    5.831618507364));
#2461 = CARTESIAN_POINT('',(16.180721868365,1.429073297485,
    5.680629255685));
#2462 = CARTESIAN_POINT('',(16.180721868365,1.321776277575,
    5.385833116306));
#2463 = ORIENTED_EDGE('',*,*,#2464,.F.);
#2464 = EDGE_CURVE('',#2465,#2457,#2467,.T.);
#2465 = VERTEX_POINT('',#2466);
#2466 = CARTESIAN_POINT('',(16.672441613588,1.538984484096,
    5.982607759044));
#2467 = B_SPLINE_CURVE_WITH_KNOTS('',2,(#2468,#2469,#2470),
  .UNSPECIFIED.,.F.,.F.,(3,3),(0.,1.),.PIECEWISE_BEZIER_KNOTS.);
#2468 = CARTESIAN_POINT('',(16.672441613588,1.538984484096,
    5.982607759044));
#2469 = CARTESIAN_POINT('',(16.466072186837,1.538984484096,
    5.982607759044));
#2470 = CARTESIAN_POINT('',(16.323397027601,1.484028890791,
    5.831618507364));
#2471 = ORIENTED_EDGE('',*,*,#2472,.F.);
#2472 = EDGE_CURVE('',#2473,#2465,#2475,.T.);
#2473 = VERTEX_POINT('',#2474);
#2474 = CARTESIAN_POINT('',(17.029129511677,1.48141472409,5.824436143384
    ));
#2475 = B_SPLINE_CURVE_WITH_KNOTS('',2,(#2476,#2477,#2478),
  .UNSPECIFIED.,.F.,.F.,(3,3),(0.,1.),.PIECEWISE_BEZIER_KNOTS.);
#2476 = CARTESIAN_POINT('',(17.029129511677,1.48141472409,5.824436143384
    ));
#2477 = CARTESIAN_POINT('',(16.886454352442,1.538984484096,
    5.982607759044));
#2478 = CARTESIAN_POINT('',(16.672441613588,1.538984484096,
    5.982607759044));
#2479 = ORIENTED_EDGE('',*,*,#2480,.F.);
#2480 = EDGE_CURVE('',#2481,#2473,#2483,.T.);
#2481 = VERTEX_POINT('',#2482);
#2482 = CARTESIAN_POINT('',(17.171804670913,1.300107740257,
    5.326299299312));
#2483 = B_SPLINE_CURVE_WITH_KNOTS('',2,(#2484,#2485,#2486),
  .UNSPECIFIED.,.F.,.F.,(3,3),(0.,1.),.PIECEWISE_BEZIER_KNOTS.);
#2484 = CARTESIAN_POINT('',(17.171804670913,1.300107740257,
    5.326299299312));
#2485 = CARTESIAN_POINT('',(17.171804670913,1.423903056678,
    5.666424135812));
#2486 = CARTESIAN_POINT('',(17.029129511677,1.48141472409,5.824436143384
    ));
#2487 = ORIENTED_EDGE('',*,*,#2488,.F.);
#2488 = EDGE_CURVE('',#2489,#2481,#2491,.T.);
#2489 = VERTEX_POINT('',#2490);
#2490 = CARTESIAN_POINT('',(17.03932059448,1.127049904679,4.850826803801
    ));
#2491 = B_SPLINE_CURVE_WITH_KNOTS('',2,(#2492,#2493,#2494),
  .UNSPECIFIED.,.F.,.F.,(3,3),(0.,1.),.PIECEWISE_BEZIER_KNOTS.);
#2492 = CARTESIAN_POINT('',(17.03932059448,1.127049904679,4.850826803801
    ));
#2493 = CARTESIAN_POINT('',(17.171804670913,1.17985607203,4.995910556207
    ));
#2494 = CARTESIAN_POINT('',(17.171804670913,1.300107740257,
    5.326299299312));
#2495 = ORIENTED_EDGE('',*,*,#2496,.F.);
#2496 = EDGE_CURVE('',#2497,#2489,#2499,.T.);
#2497 = VERTEX_POINT('',#2498);
#2498 = CARTESIAN_POINT('',(16.708110403397,1.074243737327,
    4.705743051394));
#2499 = B_SPLINE_CURVE_WITH_KNOTS('',2,(#2500,#2501,#2502),
  .UNSPECIFIED.,.F.,.F.,(3,3),(0.,1.),.PIECEWISE_BEZIER_KNOTS.);
#2500 = CARTESIAN_POINT('',(16.708110403397,1.074243737327,
    4.705743051394));
#2501 = CARTESIAN_POINT('',(16.906836518047,1.074243737327,
    4.705743051394));
#2502 = CARTESIAN_POINT('',(17.03932059448,1.127049904679,4.850826803801
    ));
#2503 = ORIENTED_EDGE('',*,*,#2504,.F.);
#2504 = EDGE_CURVE('',#2449,#2497,#2505,.T.);
#2505 = B_SPLINE_CURVE_WITH_KNOTS('',2,(#2506,#2507,#2508),
  .UNSPECIFIED.,.F.,.F.,(3,3),(0.,1.),.PIECEWISE_BEZIER_KNOTS.);
#2506 = CARTESIAN_POINT('',(16.341231422505,1.138726515941,4.88290802958
    ));
#2507 = CARTESIAN_POINT('',(16.501740976645,1.074243737327,
    4.705743051394));
#2508 = CARTESIAN_POINT('',(16.708110403397,1.074243737327,
    4.705743051394));
#2509 = PLANE('',#2510);
#2510 = AXIS2_PLACEMENT_3D('',#2511,#2512,#2513);
#2511 = CARTESIAN_POINT('',(16.639706974806,1.593129623921,
    6.131370308085));
#2512 = DIRECTION('',(0.,-0.939692620786,0.342020143326));
#2513 = DIRECTION('',(1.,0.,0.));
#2514 = ADVANCED_FACE('',(#2515),#2525,.T.);
#2515 = FACE_BOUND('',#2516,.F.);
#2516 = EDGE_LOOP('',(#2517,#2518,#2519,#2520,#2521,#2522,#2523,#2524));
#2517 = ORIENTED_EDGE('',*,*,#1601,.T.);
#2518 = ORIENTED_EDGE('',*,*,#1775,.T.);
#2519 = ORIENTED_EDGE('',*,*,#1756,.T.);
#2520 = ORIENTED_EDGE('',*,*,#1732,.T.);
#2521 = ORIENTED_EDGE('',*,*,#1706,.T.);
#2522 = ORIENTED_EDGE('',*,*,#1680,.T.);
#2523 = ORIENTED_EDGE('',*,*,#1656,.T.);
#2524 = ORIENTED_EDGE('',*,*,#1632,.T.);
#2525 = PLANE('',#2526);
#2526 = AXIS2_PLACEMENT_3D('',#2527,#2528,#2529);
#2527 = CARTESIAN_POINT('',(13.740074950568,1.574120018213,6.07914184565
    ));
#2528 = DIRECTION('',(0.,-0.939692620786,0.342020143326));
#2529 = DIRECTION('',(1.,0.,0.));
#2530 = ADVANCED_FACE('',(#2531),#2543,.T.);
#2531 = FACE_BOUND('',#2532,.F.);
#2532 = EDGE_LOOP('',(#2533,#2534,#2535,#2536,#2537,#2538,#2539,#2540,
    #2541,#2542));
#2533 = ORIENTED_EDGE('',*,*,#1799,.T.);
#2534 = ORIENTED_EDGE('',*,*,#2025,.T.);
#2535 = ORIENTED_EDGE('',*,*,#2008,.T.);
#2536 = ORIENTED_EDGE('',*,*,#1982,.T.);
#2537 = ORIENTED_EDGE('',*,*,#1956,.T.);
#2538 = ORIENTED_EDGE('',*,*,#1930,.T.);
#2539 = ORIENTED_EDGE('',*,*,#1906,.T.);
#2540 = ORIENTED_EDGE('',*,*,#1880,.T.);
#2541 = ORIENTED_EDGE('',*,*,#1854,.T.);
#2542 = ORIENTED_EDGE('',*,*,#1830,.T.);
#2543 = PLANE('',#2544);
#2544 = AXIS2_PLACEMENT_3D('',#2545,#2546,#2547);
#2545 = CARTESIAN_POINT('',(9.298652255628,1.670604141787,6.344229796506
    ));
#2546 = DIRECTION('',(0.,-0.939692620786,0.342020143326));
#2547 = DIRECTION('',(1.,0.,0.));
#2548 = ADVANCED_FACE('',(#2549),#2555,.T.);
#2549 = FACE_BOUND('',#2550,.F.);
#2550 = EDGE_LOOP('',(#2551,#2552,#2553,#2554));
#2551 = ORIENTED_EDGE('',*,*,#2049,.T.);
#2552 = ORIENTED_EDGE('',*,*,#2121,.T.);
#2553 = ORIENTED_EDGE('',*,*,#2104,.T.);
#2554 = ORIENTED_EDGE('',*,*,#2080,.T.);
#2555 = PLANE('',#2556);
#2556 = AXIS2_PLACEMENT_3D('',#2557,#2558,#2559);
#2557 = CARTESIAN_POINT('',(11.529938694325,1.530436610061,
    5.959122668147));
#2558 = DIRECTION('',(0.,-0.939692620786,0.342020143326));
#2559 = DIRECTION('',(1.,0.,0.));
#2560 = ADVANCED_FACE('',(#2561),#2567,.F.);
#2561 = FACE_BOUND('',#2562,.F.);
#2562 = EDGE_LOOP('',(#2563,#2564,#2565,#2566));
#2563 = ORIENTED_EDGE('',*,*,#2201,.T.);
#2564 = ORIENTED_EDGE('',*,*,#2176,.T.);
#2565 = ORIENTED_EDGE('',*,*,#2144,.F.);
#2566 = ORIENTED_EDGE('',*,*,#2413,.F.);
#2567 = PLANE('',#2568);
#2568 = AXIS2_PLACEMENT_3D('',#2569,#2570,#2571);
#2569 = CARTESIAN_POINT('',(30.,6.6,0.));
#2570 = DIRECTION('',(-1.,0.,0.));
#2571 = DIRECTION('',(0.,1.,0.));
#2572 = ADVANCED_FACE('',(#2573),#2583,.T.);
#2573 = FACE_BOUND('',#2574,.T.);
#2574 = EDGE_LOOP('',(#2575,#2576,#2577,#2578,#2579,#2580,#2581,#2582));
#2575 = ORIENTED_EDGE('',*,*,#2257,.T.);
#2576 = ORIENTED_EDGE('',*,*,#2232,.T.);
#2577 = ORIENTED_EDGE('',*,*,#2281,.T.);
#2578 = ORIENTED_EDGE('',*,*,#2330,.T.);
#2579 = ORIENTED_EDGE('',*,*,#2379,.T.);
#2580 = ORIENTED_EDGE('',*,*,#2396,.T.);
#2581 = ORIENTED_EDGE('',*,*,#2355,.T.);
#2582 = ORIENTED_EDGE('',*,*,#2305,.T.);
#2583 = PLANE('',#2584);
#2584 = AXIS2_PLACEMENT_3D('',#2585,#2586,#2587);
#2585 = CARTESIAN_POINT('',(13.,19.84,21.));
#2586 = DIRECTION('',(0.,0.,1.));
#2587 = DIRECTION('',(1.,0.,0.));
#2588 = ADVANCED_FACE('',(#2589),#2599,.T.);
#2589 = FACE_BOUND('',#2590,.T.);
#2590 = EDGE_LOOP('',(#2591,#2592,#2593,#2594,#2595,#2596,#2597,#2598));
#2591 = ORIENTED_EDGE('',*,*,#2456,.T.);
#2592 = ORIENTED_EDGE('',*,*,#2446,.T.);
#2593 = ORIENTED_EDGE('',*,*,#2504,.T.);
#2594 = ORIENTED_EDGE('',*,*,#2496,.T.);
#2595 = ORIENTED_EDGE('',*,*,#2488,.T.);
#2596 = ORIENTED_EDGE('',*,*,#2480,.T.);
#2597 = ORIENTED_EDGE('',*,*,#2472,.T.);
#2598 = ORIENTED_EDGE('',*,*,#2464,.T.);
#2599 = PLANE('',#2600);
#2600 = AXIS2_PLACEMENT_3D('',#2601,#2602,#2603);
#2601 = CARTESIAN_POINT('',(16.639706974806,1.593129623921,
    6.131370308085));
#2602 = DIRECTION('',(0.,-0.939692620786,0.342020143326));
#2603 = DIRECTION('',(1.,0.,0.));
#2604 = ( GEOMETRIC_REPRESENTATION_CONTEXT(3) 
GLOBAL_UNCERTAINTY_ASSIGNED_CONTEXT((#2608)) 
GLOBAL_UNIT_ASSIGNED_CONTEXT((#2605,#2606,#2607)) REPRESENTATION_CONTEXT
('Context #1','3D Context with UNIT and UNCERTAINTY') );
#2605 = ( LENGTH_UNIT() NAMED_UNIT(*) SI_UNIT(.MILLI.,.METRE.) );
#2606 = ( NAMED_UNIT(*) PLANE_ANGLE_UNIT() SI_UNIT($,.RADIAN.) );
#2607 = ( NAMED_UNIT(*) SI_UNIT($,.STERADIAN.) SOLID_ANGLE_UNIT() );
#2608 = UNCERTAINTY_MEASURE_WITH_UNIT(LENGTH_MEASURE(1.E-06),#2605,
  'distance_accuracy_value','confusion accuracy');
#2609 = PRODUCT_RELATED_PRODUCT_CATEGORY('part',$,(#7));
ENDSEC;
END-ISO-10303-21;
