ISO-10303-21;
HEADER;
FILE_DESCRIPTION(('FreeCAD Model'),'2;1');
FILE_NAME('Open CASCADE Shape Model','2026-08-29T15:58:20',('FreeCAD'),(
    'FreeCAD'),'Open CASCADE STEP processor 7.8','FreeCAD','Unknown');
FILE_SCHEMA(('AUTOMOTIVE_DESIGN { 1 0 10303 214 1 1 1 1 }'));
ENDSEC;
DATA;
#1 = APPLICATION_PROTOCOL_DEFINITION('international standard',
  'automotive_design',2000,#2);
#2 = APPLICATION_CONTEXT(
  'core data for automotive mechanical design processes');
#3 = SHAPE_DEFINITION_REPRESENTATION(#4,#10);
#4 = PRODUCT_DEFINITION_SHAPE('','',#5);
#5 = PRODUCT_DEFINITION('design','',#6,#9);
#6 = PRODUCT_DEFINITION_FORMATION('','',#7);
#7 = PRODUCT('Open CASCADE STEP translator 7.8 106',
  'Open CASCADE STEP translator 7.8 106','',(#8));
#8 = PRODUCT_CONTEXT('',#2,'mechanical');
#9 = PRODUCT_DEFINITION_CONTEXT('part definition',#2,'design');
#10 = SHAPE_REPRESENTATION('',(#11,#15,#1007,#1157,#1735,#2033),#2331);
#11 = AXIS2_PLACEMENT_3D('',#12,#13,#14);
#12 = CARTESIAN_POINT('',(0.,0.,0.));
#13 = DIRECTION('',(0.,0.,1.));
#14 = DIRECTION('',(1.,0.,-0.));
#15 = MANIFOLD_SOLID_BREP('',#16);
#16 = CLOSED_SHELL('',(#17,#57,#90,#123,#156,#189,#222,#255,#288,#319,
    #352,#385,#418,#451,#484,#517,#548,#581,#614,#647,#680,#713,#746,
    #779,#812,#845,#878,#911,#935,#971));
#17 = ADVANCED_FACE('',(#18),#52,.T.);
#18 = FACE_BOUND('',#19,.T.);
#19 = EDGE_LOOP('',(#20,#30,#38,#46));
#20 = ORIENTED_EDGE('',*,*,#21,.T.);
#21 = EDGE_CURVE('',#22,#24,#26,.T.);
#22 = VERTEX_POINT('',#23);
#23 = CARTESIAN_POINT('',(9.590233545648,1.983254484144,4.864186032184)
  );
#24 = VERTEX_POINT('',#25);
#25 = CARTESIAN_POINT('',(9.590233545648,1.231500387515,5.137802146845)
  );
#26 = LINE('',#27,#28);
#27 = CARTESIAN_POINT('',(9.590233545648,1.983254484144,4.864186032184)
  );
#28 = VECTOR('',#29,1.);
#29 = DIRECTION('',(0.,-0.939692620786,0.342020143326));
#30 = ORIENTED_EDGE('',*,*,#31,.T.);
#31 = EDGE_CURVE('',#24,#32,#34,.T.);
#32 = VERTEX_POINT('',#33);
#33 = CARTESIAN_POINT('',(10.283227176221,1.260140036035,5.216488934454)
  );
#34 = LINE('',#35,#36);
#35 = CARTESIAN_POINT('',(9.590233545648,1.231500387515,5.137802146845)
  );
#36 = VECTOR('',#37,1.);
#37 = DIRECTION('',(0.992778634966,4.102899349847E-02,0.11272623318));
#38 = ORIENTED_EDGE('',*,*,#39,.F.);
#39 = EDGE_CURVE('',#40,#32,#42,.T.);
#40 = VERTEX_POINT('',#41);
#41 = CARTESIAN_POINT('',(10.283227176221,2.011894132663,4.942872819793)
  );
#42 = LINE('',#43,#44);
#43 = CARTESIAN_POINT('',(10.283227176221,2.011894132663,4.942872819793)
  );
#44 = VECTOR('',#45,1.);
#45 = DIRECTION('',(0.,-0.939692620786,0.342020143326));
#46 = ORIENTED_EDGE('',*,*,#47,.F.);
#47 = EDGE_CURVE('',#22,#40,#48,.T.);
#48 = LINE('',#49,#50);
#49 = CARTESIAN_POINT('',(9.590233545648,1.983254484144,4.864186032184)
  );
#50 = VECTOR('',#51,1.);
#51 = DIRECTION('',(0.992778634966,4.102899349847E-02,0.11272623318));
#52 = PLANE('',#53);
#53 = AXIS2_PLACEMENT_3D('',#54,#55,#56);
#54 = CARTESIAN_POINT('',(9.590233545648,1.983254484144,4.864186032184)
  );
#55 = DIRECTION('',(-0.119960751725,0.339550291022,0.932906757352));
#56 = DIRECTION('',(0.992778634966,4.102899349847E-02,0.11272623318));
#57 = ADVANCED_FACE('',(#58),#83,.T.);
#58 = FACE_BOUND('',#59,.T.);
#59 = EDGE_LOOP('',(#60,#61,#69,#77));
#60 = ORIENTED_EDGE('',*,*,#39,.T.);
#61 = ORIENTED_EDGE('',*,*,#62,.T.);
#62 = EDGE_CURVE('',#32,#63,#65,.T.);
#63 = VERTEX_POINT('',#64);
#64 = CARTESIAN_POINT('',(10.461571125265,1.121995849057,4.836940900105)
  );
#65 = B_SPLINE_CURVE_WITH_KNOTS('',2,(#66,#67,#68),.UNSPECIFIED.,.F.,.F.
  ,(3,3),(0.,1.),.PIECEWISE_BEZIER_KNOTS.);
#66 = CARTESIAN_POINT('',(10.283227176221,1.260140036035,5.216488934454)
  );
#67 = CARTESIAN_POINT('',(10.316348195329,1.169806053381,4.968298356905)
  );
#68 = CARTESIAN_POINT('',(10.461571125265,1.121995849057,4.836940900105)
  );
#69 = ORIENTED_EDGE('',*,*,#70,.F.);
#70 = EDGE_CURVE('',#71,#63,#73,.T.);
#71 = VERTEX_POINT('',#72);
#72 = CARTESIAN_POINT('',(10.461571125265,1.873749945686,4.563324785445)
  );
#73 = LINE('',#74,#75);
#74 = CARTESIAN_POINT('',(10.461571125265,1.873749945686,4.563324785445)
  );
#75 = VECTOR('',#76,1.);
#76 = DIRECTION('',(0.,-0.939692620786,0.342020143326));
#77 = ORIENTED_EDGE('',*,*,#78,.F.);
#78 = EDGE_CURVE('',#40,#71,#79,.T.);
#79 = B_SPLINE_CURVE_WITH_KNOTS('',2,(#80,#81,#82),.UNSPECIFIED.,.F.,.F.
  ,(3,3),(0.,1.),.PIECEWISE_BEZIER_KNOTS.);
#80 = CARTESIAN_POINT('',(10.283227176221,2.011894132663,4.942872819793)
  );
#81 = CARTESIAN_POINT('',(10.316348195329,1.92156015001,4.694682242244)
  );
#82 = CARTESIAN_POINT('',(10.461571125265,1.873749945686,4.563324785445)
  );
#83 = SURFACE_OF_LINEAR_EXTRUSION('',#84,#88);
#84 = B_SPLINE_CURVE_WITH_KNOTS('',2,(#85,#86,#87),.UNSPECIFIED.,.F.,.F.
  ,(3,3),(0.,1.),.PIECEWISE_BEZIER_KNOTS.);
#85 = CARTESIAN_POINT('',(10.283227176221,2.011894132663,4.942872819793)
  );
#86 = CARTESIAN_POINT('',(10.316348195329,1.92156015001,4.694682242244)
  );
#87 = CARTESIAN_POINT('',(10.461571125265,1.873749945686,4.563324785445)
  );
#88 = VECTOR('',#89,1.);
#89 = DIRECTION('',(-0.,0.939692620786,-0.342020143326));
#90 = ADVANCED_FACE('',(#91),#116,.T.);
#91 = FACE_BOUND('',#92,.T.);
#92 = EDGE_LOOP('',(#93,#94,#102,#110));
#93 = ORIENTED_EDGE('',*,*,#70,.T.);
#94 = ORIENTED_EDGE('',*,*,#95,.T.);
#95 = EDGE_CURVE('',#63,#96,#98,.T.);
#96 = VERTEX_POINT('',#97);
#97 = CARTESIAN_POINT('',(10.813163481953,1.074243737327,4.705743051394)
  );
#98 = B_SPLINE_CURVE_WITH_KNOTS('',2,(#99,#100,#101),.UNSPECIFIED.,.F.,
  .F.,(3,3),(0.,1.),.PIECEWISE_BEZIER_KNOTS.);
#99 = CARTESIAN_POINT('',(10.461571125265,1.121995849057,4.836940900105)
  );
#100 = CARTESIAN_POINT('',(10.606794055202,1.074243737327,4.705743051394
    ));
#101 = CARTESIAN_POINT('',(10.813163481953,1.074243737327,4.705743051394
    ));
#102 = ORIENTED_EDGE('',*,*,#103,.F.);
#103 = EDGE_CURVE('',#104,#96,#106,.T.);
#104 = VERTEX_POINT('',#105);
#105 = CARTESIAN_POINT('',(10.813163481953,1.825997833956,4.432126936734
    ));
#106 = LINE('',#107,#108);
#107 = CARTESIAN_POINT('',(10.813163481953,1.825997833956,4.432126936734
    ));
#108 = VECTOR('',#109,1.);
#109 = DIRECTION('',(0.,-0.939692620786,0.342020143326));
#110 = ORIENTED_EDGE('',*,*,#111,.F.);
#111 = EDGE_CURVE('',#71,#104,#112,.T.);
#112 = B_SPLINE_CURVE_WITH_KNOTS('',2,(#113,#114,#115),.UNSPECIFIED.,.F.
  ,.F.,(3,3),(0.,1.),.PIECEWISE_BEZIER_KNOTS.);
#113 = CARTESIAN_POINT('',(10.461571125265,1.873749945686,4.563324785445
    ));
#114 = CARTESIAN_POINT('',(10.606794055202,1.825997833956,4.432126936734
    ));
#115 = CARTESIAN_POINT('',(10.813163481953,1.825997833956,4.432126936734
    ));
#116 = SURFACE_OF_LINEAR_EXTRUSION('',#117,#121);
#117 = B_SPLINE_CURVE_WITH_KNOTS('',2,(#118,#119,#120),.UNSPECIFIED.,.F.
  ,.F.,(3,3),(0.,1.),.PIECEWISE_BEZIER_KNOTS.);
#118 = CARTESIAN_POINT('',(10.461571125265,1.873749945686,4.563324785445
    ));
#119 = CARTESIAN_POINT('',(10.606794055202,1.825997833956,4.432126936734
    ));
#120 = CARTESIAN_POINT('',(10.813163481953,1.825997833956,4.432126936734
    ));
#121 = VECTOR('',#122,1.);
#122 = DIRECTION('',(-0.,0.939692620786,-0.342020143326));
#123 = ADVANCED_FACE('',(#124),#149,.T.);
#124 = FACE_BOUND('',#125,.T.);
#125 = EDGE_LOOP('',(#126,#127,#135,#143));
#126 = ORIENTED_EDGE('',*,*,#103,.T.);
#127 = ORIENTED_EDGE('',*,*,#128,.T.);
#128 = EDGE_CURVE('',#96,#129,#131,.T.);
#129 = VERTEX_POINT('',#130);
#130 = CARTESIAN_POINT('',(11.186326963907,1.132220145486,4.865031923673
    ));
#131 = B_SPLINE_CURVE_WITH_KNOTS('',2,(#132,#133,#134),.UNSPECIFIED.,.F.
  ,.F.,(3,3),(0.,1.),.PIECEWISE_BEZIER_KNOTS.);
#132 = CARTESIAN_POINT('',(10.813163481953,1.074243737327,4.705743051394
    ));
#133 = CARTESIAN_POINT('',(11.034819532909,1.074243737327,4.705743051394
    ));
#134 = CARTESIAN_POINT('',(11.186326963907,1.132220145486,4.865031923673
    ));
#135 = ORIENTED_EDGE('',*,*,#136,.F.);
#136 = EDGE_CURVE('',#137,#129,#139,.T.);
#137 = VERTEX_POINT('',#138);
#138 = CARTESIAN_POINT('',(11.186326963907,1.883974242115,4.591415809013
    ));
#139 = LINE('',#140,#141);
#140 = CARTESIAN_POINT('',(11.186326963907,1.883974242115,4.591415809013
    ));
#141 = VECTOR('',#142,1.);
#142 = DIRECTION('',(0.,-0.939692620786,0.342020143326));
#143 = ORIENTED_EDGE('',*,*,#144,.F.);
#144 = EDGE_CURVE('',#104,#137,#145,.T.);
#145 = B_SPLINE_CURVE_WITH_KNOTS('',2,(#146,#147,#148),.UNSPECIFIED.,.F.
  ,.F.,(3,3),(0.,1.),.PIECEWISE_BEZIER_KNOTS.);
#146 = CARTESIAN_POINT('',(10.813163481953,1.825997833956,4.432126936734
    ));
#147 = CARTESIAN_POINT('',(11.034819532909,1.825997833956,4.432126936734
    ));
#148 = CARTESIAN_POINT('',(11.186326963907,1.883974242115,4.591415809013
    ));
#149 = SURFACE_OF_LINEAR_EXTRUSION('',#150,#154);
#150 = B_SPLINE_CURVE_WITH_KNOTS('',2,(#151,#152,#153),.UNSPECIFIED.,.F.
  ,.F.,(3,3),(0.,1.),.PIECEWISE_BEZIER_KNOTS.);
#151 = CARTESIAN_POINT('',(10.813163481953,1.825997833956,4.432126936734
    ));
#152 = CARTESIAN_POINT('',(11.034819532909,1.825997833956,4.432126936734
    ));
#153 = CARTESIAN_POINT('',(11.186326963907,1.883974242115,4.591415809013
    ));
#154 = VECTOR('',#155,1.);
#155 = DIRECTION('',(-0.,0.939692620786,-0.342020143326));
#156 = ADVANCED_FACE('',(#157),#182,.T.);
#157 = FACE_BOUND('',#158,.T.);
#158 = EDGE_LOOP('',(#159,#160,#168,#176));
#159 = ORIENTED_EDGE('',*,*,#136,.T.);
#160 = ORIENTED_EDGE('',*,*,#161,.T.);
#161 = EDGE_CURVE('',#129,#162,#164,.T.);
#162 = VERTEX_POINT('',#163);
#163 = CARTESIAN_POINT('',(11.338004246285,1.288605406774,5.294696897797
    ));
#164 = B_SPLINE_CURVE_WITH_KNOTS('',2,(#165,#166,#167),.UNSPECIFIED.,.F.
  ,.F.,(3,3),(0.,1.),.PIECEWISE_BEZIER_KNOTS.);
#165 = CARTESIAN_POINT('',(11.186326963907,1.132220145486,4.865031923673
    ));
#166 = CARTESIAN_POINT('',(11.338004246285,1.190196553646,5.024320795953
    ));
#167 = CARTESIAN_POINT('',(11.338004246285,1.288605406774,5.294696897797
    ));
#168 = ORIENTED_EDGE('',*,*,#169,.F.);
#169 = EDGE_CURVE('',#170,#162,#172,.T.);
#170 = VERTEX_POINT('',#171);
#171 = CARTESIAN_POINT('',(11.338004246285,2.040359503403,5.021080783137
    ));
#172 = LINE('',#173,#174);
#173 = CARTESIAN_POINT('',(11.338004246285,2.040359503403,5.021080783137
    ));
#174 = VECTOR('',#175,1.);
#175 = DIRECTION('',(0.,-0.939692620786,0.342020143326));
#176 = ORIENTED_EDGE('',*,*,#177,.F.);
#177 = EDGE_CURVE('',#137,#170,#178,.T.);
#178 = B_SPLINE_CURVE_WITH_KNOTS('',2,(#179,#180,#181),.UNSPECIFIED.,.F.
  ,.F.,(3,3),(0.,1.),.PIECEWISE_BEZIER_KNOTS.);
#179 = CARTESIAN_POINT('',(11.186326963907,1.883974242115,4.591415809013
    ));
#180 = CARTESIAN_POINT('',(11.338004246285,1.941950650275,4.750704681292
    ));
#181 = CARTESIAN_POINT('',(11.338004246285,2.040359503403,5.021080783137
    ));
#182 = SURFACE_OF_LINEAR_EXTRUSION('',#183,#187);
#183 = B_SPLINE_CURVE_WITH_KNOTS('',2,(#184,#185,#186),.UNSPECIFIED.,.F.
  ,.F.,(3,3),(0.,1.),.PIECEWISE_BEZIER_KNOTS.);
#184 = CARTESIAN_POINT('',(11.186326963907,1.883974242115,4.591415809013
    ));
#185 = CARTESIAN_POINT('',(11.338004246285,1.941950650275,4.750704681292
    ));
#186 = CARTESIAN_POINT('',(11.338004246285,2.040359503403,5.021080783137
    ));
#187 = VECTOR('',#188,1.);
#188 = DIRECTION('',(-0.,0.939692620786,-0.342020143326));
#189 = ADVANCED_FACE('',(#190),#215,.T.);
#190 = FACE_BOUND('',#191,.T.);
#191 = EDGE_LOOP('',(#192,#193,#201,#209));
#192 = ORIENTED_EDGE('',*,*,#169,.T.);
#193 = ORIENTED_EDGE('',*,*,#194,.T.);
#194 = EDGE_CURVE('',#162,#195,#197,.T.);
#195 = VERTEX_POINT('',#196);
#196 = CARTESIAN_POINT('',(11.192781316348,1.436160593874,5.700101442476
    ));
#197 = B_SPLINE_CURVE_WITH_KNOTS('',2,(#198,#199,#200),.UNSPECIFIED.,.F.
  ,.F.,(3,3),(0.,1.),.PIECEWISE_BEZIER_KNOTS.);
#198 = CARTESIAN_POINT('',(11.338004246285,1.288605406774,5.294696897797
    ));
#199 = CARTESIAN_POINT('',(11.338004246285,1.381727833908,5.550548663593
    ));
#200 = CARTESIAN_POINT('',(11.192781316348,1.436160593874,5.700101442476
    ));
#201 = ORIENTED_EDGE('',*,*,#202,.F.);
#202 = EDGE_CURVE('',#203,#195,#205,.T.);
#203 = VERTEX_POINT('',#204);
#204 = CARTESIAN_POINT('',(11.192781316348,2.187914690502,5.426485327816
    ));
#205 = LINE('',#206,#207);
#206 = CARTESIAN_POINT('',(11.192781316348,2.187914690502,5.426485327816
    ));
#207 = VECTOR('',#208,1.);
#208 = DIRECTION('',(0.,-0.939692620786,0.342020143326));
#209 = ORIENTED_EDGE('',*,*,#210,.F.);
#210 = EDGE_CURVE('',#170,#203,#211,.T.);
#211 = B_SPLINE_CURVE_WITH_KNOTS('',2,(#212,#213,#214),.UNSPECIFIED.,.F.
  ,.F.,(3,3),(0.,1.),.PIECEWISE_BEZIER_KNOTS.);
#212 = CARTESIAN_POINT('',(11.338004246285,2.040359503403,5.021080783137
    ));
#213 = CARTESIAN_POINT('',(11.338004246285,2.133481930537,5.276932548932
    ));
#214 = CARTESIAN_POINT('',(11.192781316348,2.187914690502,5.426485327816
    ));
#215 = SURFACE_OF_LINEAR_EXTRUSION('',#216,#220);
#216 = B_SPLINE_CURVE_WITH_KNOTS('',2,(#217,#218,#219),.UNSPECIFIED.,.F.
  ,.F.,(3,3),(0.,1.),.PIECEWISE_BEZIER_KNOTS.);
#217 = CARTESIAN_POINT('',(11.338004246285,2.040359503403,5.021080783137
    ));
#218 = CARTESIAN_POINT('',(11.338004246285,2.133481930537,5.276932548932
    ));
#219 = CARTESIAN_POINT('',(11.192781316348,2.187914690502,5.426485327816
    ));
#220 = VECTOR('',#221,1.);
#221 = DIRECTION('',(-0.,0.939692620786,-0.342020143326));
#222 = ADVANCED_FACE('',(#223),#248,.T.);
#223 = FACE_BOUND('',#224,.T.);
#224 = EDGE_LOOP('',(#225,#226,#234,#242));
#225 = ORIENTED_EDGE('',*,*,#202,.T.);
#226 = ORIENTED_EDGE('',*,*,#227,.T.);
#227 = EDGE_CURVE('',#195,#228,#230,.T.);
#228 = VERTEX_POINT('',#229);
#229 = CARTESIAN_POINT('',(10.83864118896,1.490651446432,5.849813829448)
  );
#230 = B_SPLINE_CURVE_WITH_KNOTS('',2,(#231,#232,#233),.UNSPECIFIED.,.F.
  ,.F.,(3,3),(0.,1.),.PIECEWISE_BEZIER_KNOTS.);
#231 = CARTESIAN_POINT('',(11.192781316348,1.436160593874,5.700101442476
    ));
#232 = CARTESIAN_POINT('',(11.047558386412,1.490651446432,5.849813829448
    ));
#233 = CARTESIAN_POINT('',(10.83864118896,1.490651446432,5.849813829448)
  );
#234 = ORIENTED_EDGE('',*,*,#235,.F.);
#235 = EDGE_CURVE('',#236,#228,#238,.T.);
#236 = VERTEX_POINT('',#237);
#237 = CARTESIAN_POINT('',(10.83864118896,2.242405543061,5.576197714788)
  );
#238 = LINE('',#239,#240);
#239 = CARTESIAN_POINT('',(10.83864118896,2.242405543061,5.576197714788)
  );
#240 = VECTOR('',#241,1.);
#241 = DIRECTION('',(0.,-0.939692620786,0.342020143326));
#242 = ORIENTED_EDGE('',*,*,#243,.F.);
#243 = EDGE_CURVE('',#203,#236,#244,.T.);
#244 = B_SPLINE_CURVE_WITH_KNOTS('',2,(#245,#246,#247),.UNSPECIFIED.,.F.
  ,.F.,(3,3),(0.,1.),.PIECEWISE_BEZIER_KNOTS.);
#245 = CARTESIAN_POINT('',(11.192781316348,2.187914690502,5.426485327816
    ));
#246 = CARTESIAN_POINT('',(11.047558386412,2.242405543061,5.576197714788
    ));
#247 = CARTESIAN_POINT('',(10.83864118896,2.242405543061,5.576197714788)
  );
#248 = SURFACE_OF_LINEAR_EXTRUSION('',#249,#253);
#249 = B_SPLINE_CURVE_WITH_KNOTS('',2,(#250,#251,#252),.UNSPECIFIED.,.F.
  ,.F.,(3,3),(0.,1.),.PIECEWISE_BEZIER_KNOTS.);
#250 = CARTESIAN_POINT('',(11.192781316348,2.187914690502,5.426485327816
    ));
#251 = CARTESIAN_POINT('',(11.047558386412,2.242405543061,5.576197714788
    ));
#252 = CARTESIAN_POINT('',(10.83864118896,2.242405543061,5.576197714788)
  );
#253 = VECTOR('',#254,1.);
#254 = DIRECTION('',(-0.,0.939692620786,-0.342020143326));
#255 = ADVANCED_FACE('',(#256),#281,.T.);
#256 = FACE_BOUND('',#257,.T.);
#257 = EDGE_LOOP('',(#258,#259,#267,#275));
#258 = ORIENTED_EDGE('',*,*,#235,.T.);
#259 = ORIENTED_EDGE('',*,*,#260,.T.);
#260 = EDGE_CURVE('',#228,#261,#263,.T.);
#261 = VERTEX_POINT('',#262);
#262 = CARTESIAN_POINT('',(10.509978768577,1.472352279528,5.799537281584
    ));
#263 = B_SPLINE_CURVE_WITH_KNOTS('',2,(#264,#265,#266),.UNSPECIFIED.,.F.
  ,.F.,(3,3),(0.,1.),.PIECEWISE_BEZIER_KNOTS.);
#264 = CARTESIAN_POINT('',(10.83864118896,1.490651446432,5.849813829448)
  );
#265 = CARTESIAN_POINT('',(10.701061571125,1.490651446432,5.849813829448
    ));
#266 = CARTESIAN_POINT('',(10.509978768577,1.472352279528,5.799537281584
    ));
#267 = ORIENTED_EDGE('',*,*,#268,.F.);
#268 = EDGE_CURVE('',#269,#261,#271,.T.);
#269 = VERTEX_POINT('',#270);
#270 = CARTESIAN_POINT('',(10.509978768577,2.224106376157,5.525921166924
    ));
#271 = LINE('',#272,#273);
#272 = CARTESIAN_POINT('',(10.509978768577,2.224106376157,5.525921166924
    ));
#273 = VECTOR('',#274,1.);
#274 = DIRECTION('',(0.,-0.939692620786,0.342020143326));
#275 = ORIENTED_EDGE('',*,*,#276,.F.);
#276 = EDGE_CURVE('',#236,#269,#277,.T.);
#277 = B_SPLINE_CURVE_WITH_KNOTS('',2,(#278,#279,#280),.UNSPECIFIED.,.F.
  ,.F.,(3,3),(0.,1.),.PIECEWISE_BEZIER_KNOTS.);
#278 = CARTESIAN_POINT('',(10.83864118896,2.242405543061,5.576197714788)
  );
#279 = CARTESIAN_POINT('',(10.701061571125,2.242405543061,5.576197714788
    ));
#280 = CARTESIAN_POINT('',(10.509978768577,2.224106376157,5.525921166924
    ));
#281 = SURFACE_OF_LINEAR_EXTRUSION('',#282,#286);
#282 = B_SPLINE_CURVE_WITH_KNOTS('',2,(#283,#284,#285),.UNSPECIFIED.,.F.
  ,.F.,(3,3),(0.,1.),.PIECEWISE_BEZIER_KNOTS.);
#283 = CARTESIAN_POINT('',(10.83864118896,2.242405543061,5.576197714788)
  );
#284 = CARTESIAN_POINT('',(10.701061571125,2.242405543061,5.576197714788
    ));
#285 = CARTESIAN_POINT('',(10.509978768577,2.224106376157,5.525921166924
    ));
#286 = VECTOR('',#287,1.);
#287 = DIRECTION('',(-0.,0.939692620786,-0.342020143326));
#288 = ADVANCED_FACE('',(#289),#314,.T.);
#289 = FACE_BOUND('',#290,.T.);
#290 = EDGE_LOOP('',(#291,#292,#300,#308));
#291 = ORIENTED_EDGE('',*,*,#268,.T.);
#292 = ORIENTED_EDGE('',*,*,#293,.T.);
#293 = EDGE_CURVE('',#261,#294,#296,.T.);
#294 = VERTEX_POINT('',#295);
#295 = CARTESIAN_POINT('',(10.588959660297,1.669111893192,6.340129877186
    ));
#296 = LINE('',#297,#298);
#297 = CARTESIAN_POINT('',(10.509978768577,1.472352279528,5.799537281584
    ));
#298 = VECTOR('',#299,1.);
#299 = DIRECTION('',(0.136013796445,0.338841730685,0.930960003826));
#300 = ORIENTED_EDGE('',*,*,#301,.F.);
#301 = EDGE_CURVE('',#302,#294,#304,.T.);
#302 = VERTEX_POINT('',#303);
#303 = CARTESIAN_POINT('',(10.588959660297,2.420865989821,6.066513762525
    ));
#304 = LINE('',#305,#306);
#305 = CARTESIAN_POINT('',(10.588959660297,2.420865989821,6.066513762525
    ));
#306 = VECTOR('',#307,1.);
#307 = DIRECTION('',(0.,-0.939692620786,0.342020143326));
#308 = ORIENTED_EDGE('',*,*,#309,.F.);
#309 = EDGE_CURVE('',#269,#302,#310,.T.);
#310 = LINE('',#311,#312);
#311 = CARTESIAN_POINT('',(10.509978768577,2.224106376157,5.525921166924
    ));
#312 = VECTOR('',#313,1.);
#313 = DIRECTION('',(0.136013796445,0.338841730685,0.930960003826));
#314 = PLANE('',#315);
#315 = AXIS2_PLACEMENT_3D('',#316,#317,#318);
#316 = CARTESIAN_POINT('',(10.509978768577,2.224106376157,5.525921166924
    ));
#317 = DIRECTION('',(-0.990706943135,4.651945815426E-02,0.127811160844)
  );
#318 = DIRECTION('',(0.136013796445,0.338841730685,0.930960003826));
#319 = ADVANCED_FACE('',(#320),#345,.T.);
#320 = FACE_BOUND('',#321,.T.);
#321 = EDGE_LOOP('',(#322,#323,#331,#339));
#322 = ORIENTED_EDGE('',*,*,#301,.T.);
#323 = ORIENTED_EDGE('',*,*,#324,.T.);
#324 = EDGE_CURVE('',#294,#325,#327,.T.);
#325 = VERTEX_POINT('',#326);
#326 = CARTESIAN_POINT('',(11.032271762208,1.712100412268,6.458239862643
    ));
#327 = B_SPLINE_CURVE_WITH_KNOTS('',2,(#328,#329,#330),.UNSPECIFIED.,.F.
  ,.F.,(3,3),(0.,1.),.PIECEWISE_BEZIER_KNOTS.);
#328 = CARTESIAN_POINT('',(10.588959660297,1.669111893192,6.340129877186
    ));
#329 = CARTESIAN_POINT('',(10.87940552017,1.666497726491,6.332947513205)
  );
#330 = CARTESIAN_POINT('',(11.032271762208,1.712100412268,6.458239862643
    ));
#331 = ORIENTED_EDGE('',*,*,#332,.F.);
#332 = EDGE_CURVE('',#333,#325,#335,.T.);
#333 = VERTEX_POINT('',#334);
#334 = CARTESIAN_POINT('',(11.032271762208,2.463854508897,6.184623747983
    ));
#335 = LINE('',#336,#337);
#336 = CARTESIAN_POINT('',(11.032271762208,2.463854508897,6.184623747983
    ));
#337 = VECTOR('',#338,1.);
#338 = DIRECTION('',(0.,-0.939692620786,0.342020143326));
#339 = ORIENTED_EDGE('',*,*,#340,.F.);
#340 = EDGE_CURVE('',#302,#333,#341,.T.);
#341 = B_SPLINE_CURVE_WITH_KNOTS('',2,(#342,#343,#344),.UNSPECIFIED.,.F.
  ,.F.,(3,3),(0.,1.),.PIECEWISE_BEZIER_KNOTS.);
#342 = CARTESIAN_POINT('',(10.588959660297,2.420865989821,6.066513762525
    ));
#343 = CARTESIAN_POINT('',(10.87940552017,2.41825182312,6.059331398545)
  );
#344 = CARTESIAN_POINT('',(11.032271762208,2.463854508897,6.184623747983
    ));
#345 = SURFACE_OF_LINEAR_EXTRUSION('',#346,#350);
#346 = B_SPLINE_CURVE_WITH_KNOTS('',2,(#347,#348,#349),.UNSPECIFIED.,.F.
  ,.F.,(3,3),(0.,1.),.PIECEWISE_BEZIER_KNOTS.);
#347 = CARTESIAN_POINT('',(10.588959660297,2.420865989821,6.066513762525
    ));
#348 = CARTESIAN_POINT('',(10.87940552017,2.41825182312,6.059331398545)
  );
#349 = CARTESIAN_POINT('',(11.032271762208,2.463854508897,6.184623747983
    ));
#350 = VECTOR('',#351,1.);
#351 = DIRECTION('',(-0.,0.939692620786,-0.342020143326));
#352 = ADVANCED_FACE('',(#353),#378,.T.);
#353 = FACE_BOUND('',#354,.T.);
#354 = EDGE_LOOP('',(#355,#356,#364,#372));
#355 = ORIENTED_EDGE('',*,*,#332,.T.);
#356 = ORIENTED_EDGE('',*,*,#357,.T.);
#357 = EDGE_CURVE('',#325,#358,#360,.T.);
#358 = VERTEX_POINT('',#359);
#359 = CARTESIAN_POINT('',(11.185138004246,1.833281561988,6.791182335163
    ));
#360 = B_SPLINE_CURVE_WITH_KNOTS('',2,(#361,#362,#363),.UNSPECIFIED.,.F.
  ,.F.,(3,3),(0.,1.),.PIECEWISE_BEZIER_KNOTS.);
#361 = CARTESIAN_POINT('',(11.032271762208,1.712100412268,6.458239862643
    ));
#362 = CARTESIAN_POINT('',(11.185138004246,1.757703098045,6.583532212081
    ));
#363 = CARTESIAN_POINT('',(11.185138004246,1.833281561988,6.791182335163
    ));
#364 = ORIENTED_EDGE('',*,*,#365,.F.);
#365 = EDGE_CURVE('',#366,#358,#368,.T.);
#366 = VERTEX_POINT('',#367);
#367 = CARTESIAN_POINT('',(11.185138004246,2.585035658617,6.517566220502
    ));
#368 = LINE('',#369,#370);
#369 = CARTESIAN_POINT('',(11.185138004246,2.585035658617,6.517566220502
    ));
#370 = VECTOR('',#371,1.);
#371 = DIRECTION('',(0.,-0.939692620786,0.342020143326));
#372 = ORIENTED_EDGE('',*,*,#373,.F.);
#373 = EDGE_CURVE('',#333,#366,#374,.T.);
#374 = B_SPLINE_CURVE_WITH_KNOTS('',2,(#375,#376,#377),.UNSPECIFIED.,.F.
  ,.F.,(3,3),(0.,1.),.PIECEWISE_BEZIER_KNOTS.);
#375 = CARTESIAN_POINT('',(11.032271762208,2.463854508897,6.184623747983
    ));
#376 = CARTESIAN_POINT('',(11.185138004246,2.509457194674,6.309916097421
    ));
#377 = CARTESIAN_POINT('',(11.185138004246,2.585035658617,6.517566220502
    ));
#378 = SURFACE_OF_LINEAR_EXTRUSION('',#379,#383);
#379 = B_SPLINE_CURVE_WITH_KNOTS('',2,(#380,#381,#382),.UNSPECIFIED.,.F.
  ,.F.,(3,3),(0.,1.),.PIECEWISE_BEZIER_KNOTS.);
#380 = CARTESIAN_POINT('',(11.032271762208,2.463854508897,6.184623747983
    ));
#381 = CARTESIAN_POINT('',(11.185138004246,2.509457194674,6.309916097421
    ));
#382 = CARTESIAN_POINT('',(11.185138004246,2.585035658617,6.517566220502
    ));
#383 = VECTOR('',#384,1.);
#384 = DIRECTION('',(-0.,0.939692620786,-0.342020143326));
#385 = ADVANCED_FACE('',(#386),#411,.T.);
#386 = FACE_BOUND('',#387,.T.);
#387 = EDGE_LOOP('',(#388,#389,#397,#405));
#388 = ORIENTED_EDGE('',*,*,#365,.T.);
#389 = ORIENTED_EDGE('',*,*,#390,.T.);
#390 = EDGE_CURVE('',#358,#391,#393,.T.);
#391 = VERTEX_POINT('',#392);
#392 = CARTESIAN_POINT('',(11.073036093418,1.935756896651,7.0727310032)
  );
#393 = B_SPLINE_CURVE_WITH_KNOTS('',2,(#394,#395,#396),.UNSPECIFIED.,.F.
  ,.F.,(3,3),(0.,1.),.PIECEWISE_BEZIER_KNOTS.);
#394 = CARTESIAN_POINT('',(11.185138004246,1.833281561988,6.791182335163
    ));
#395 = CARTESIAN_POINT('',(11.185138004246,1.897531970229,6.967708880995
    ));
#396 = CARTESIAN_POINT('',(11.073036093418,1.935756896651,7.0727310032)
  );
#397 = ORIENTED_EDGE('',*,*,#398,.F.);
#398 = EDGE_CURVE('',#399,#391,#401,.T.);
#399 = VERTEX_POINT('',#400);
#400 = CARTESIAN_POINT('',(11.073036093418,2.68751099328,6.799114888539)
  );
#401 = LINE('',#402,#403);
#402 = CARTESIAN_POINT('',(11.073036093418,2.68751099328,6.799114888539)
  );
#403 = VECTOR('',#404,1.);
#404 = DIRECTION('',(0.,-0.939692620786,0.342020143326));
#405 = ORIENTED_EDGE('',*,*,#406,.F.);
#406 = EDGE_CURVE('',#366,#399,#407,.T.);
#407 = B_SPLINE_CURVE_WITH_KNOTS('',2,(#408,#409,#410),.UNSPECIFIED.,.F.
  ,.F.,(3,3),(0.,1.),.PIECEWISE_BEZIER_KNOTS.);
#408 = CARTESIAN_POINT('',(11.185138004246,2.585035658617,6.517566220502
    ));
#409 = CARTESIAN_POINT('',(11.185138004246,2.649286066858,6.694092766335
    ));
#410 = CARTESIAN_POINT('',(11.073036093418,2.68751099328,6.799114888539)
  );
#411 = SURFACE_OF_LINEAR_EXTRUSION('',#412,#416);
#412 = B_SPLINE_CURVE_WITH_KNOTS('',2,(#413,#414,#415),.UNSPECIFIED.,.F.
  ,.F.,(3,3),(0.,1.),.PIECEWISE_BEZIER_KNOTS.);
#413 = CARTESIAN_POINT('',(11.185138004246,2.585035658617,6.517566220502
    ));
#414 = CARTESIAN_POINT('',(11.185138004246,2.649286066858,6.694092766335
    ));
#415 = CARTESIAN_POINT('',(11.073036093418,2.68751099328,6.799114888539)
  );
#416 = VECTOR('',#417,1.);
#417 = DIRECTION('',(-0.,0.939692620786,-0.342020143326));
#418 = ADVANCED_FACE('',(#419),#444,.T.);
#419 = FACE_BOUND('',#420,.T.);
#420 = EDGE_LOOP('',(#421,#422,#430,#438));
#421 = ORIENTED_EDGE('',*,*,#398,.T.);
#422 = ORIENTED_EDGE('',*,*,#423,.T.);
#423 = EDGE_CURVE('',#391,#424,#426,.T.);
#424 = VERTEX_POINT('',#425);
#425 = CARTESIAN_POINT('',(10.774946921444,1.973981823073,7.177753125404
    ));
#426 = B_SPLINE_CURVE_WITH_KNOTS('',2,(#427,#428,#429),.UNSPECIFIED.,.F.
  ,.F.,(3,3),(0.,1.),.PIECEWISE_BEZIER_KNOTS.);
#427 = CARTESIAN_POINT('',(11.073036093418,1.935756896651,7.0727310032)
  );
#428 = CARTESIAN_POINT('',(10.96093418259,1.973981823073,7.177753125404)
  );
#429 = CARTESIAN_POINT('',(10.774946921444,1.973981823073,7.177753125404
    ));
#430 = ORIENTED_EDGE('',*,*,#431,.F.);
#431 = EDGE_CURVE('',#432,#424,#434,.T.);
#432 = VERTEX_POINT('',#433);
#433 = CARTESIAN_POINT('',(10.774946921444,2.725735919701,6.904137010743
    ));
#434 = LINE('',#435,#436);
#435 = CARTESIAN_POINT('',(10.774946921444,2.725735919701,6.904137010743
    ));
#436 = VECTOR('',#437,1.);
#437 = DIRECTION('',(0.,-0.939692620786,0.342020143326));
#438 = ORIENTED_EDGE('',*,*,#439,.F.);
#439 = EDGE_CURVE('',#399,#432,#440,.T.);
#440 = B_SPLINE_CURVE_WITH_KNOTS('',2,(#441,#442,#443),.UNSPECIFIED.,.F.
  ,.F.,(3,3),(0.,1.),.PIECEWISE_BEZIER_KNOTS.);
#441 = CARTESIAN_POINT('',(11.073036093418,2.68751099328,6.799114888539)
  );
#442 = CARTESIAN_POINT('',(10.96093418259,2.725735919701,6.904137010743)
  );
#443 = CARTESIAN_POINT('',(10.774946921444,2.725735919701,6.904137010743
    ));
#444 = SURFACE_OF_LINEAR_EXTRUSION('',#445,#449);
#445 = B_SPLINE_CURVE_WITH_KNOTS('',2,(#446,#447,#448),.UNSPECIFIED.,.F.
  ,.F.,(3,3),(0.,1.),.PIECEWISE_BEZIER_KNOTS.);
#446 = CARTESIAN_POINT('',(11.073036093418,2.68751099328,6.799114888539)
  );
#447 = CARTESIAN_POINT('',(10.96093418259,2.725735919701,6.904137010743)
  );
#448 = CARTESIAN_POINT('',(10.774946921444,2.725735919701,6.904137010743
    ));
#449 = VECTOR('',#450,1.);
#450 = DIRECTION('',(-0.,0.939692620786,-0.342020143326));
#451 = ADVANCED_FACE('',(#452),#477,.T.);
#452 = FACE_BOUND('',#453,.T.);
#453 = EDGE_LOOP('',(#454,#455,#463,#471));
#454 = ORIENTED_EDGE('',*,*,#431,.T.);
#455 = ORIENTED_EDGE('',*,*,#456,.T.);
#456 = EDGE_CURVE('',#424,#457,#459,.T.);
#457 = VERTEX_POINT('',#458);
#458 = CARTESIAN_POINT('',(10.461571125265,1.93035428547,7.057887450973)
  );
#459 = B_SPLINE_CURVE_WITH_KNOTS('',2,(#460,#461,#462),.UNSPECIFIED.,.F.
  ,.F.,(3,3),(0.,1.),.PIECEWISE_BEZIER_KNOTS.);
#460 = CARTESIAN_POINT('',(10.774946921444,1.973981823073,7.177753125404
    ));
#461 = CARTESIAN_POINT('',(10.591507430998,1.973981823073,7.177753125404
    ));
#462 = CARTESIAN_POINT('',(10.461571125265,1.93035428547,7.057887450973)
  );
#463 = ORIENTED_EDGE('',*,*,#464,.F.);
#464 = EDGE_CURVE('',#465,#457,#467,.T.);
#465 = VERTEX_POINT('',#466);
#466 = CARTESIAN_POINT('',(10.461571125265,2.682108382098,6.784271336313
    ));
#467 = LINE('',#468,#469);
#468 = CARTESIAN_POINT('',(10.461571125265,2.682108382098,6.784271336313
    ));
#469 = VECTOR('',#470,1.);
#470 = DIRECTION('',(0.,-0.939692620786,0.342020143326));
#471 = ORIENTED_EDGE('',*,*,#472,.F.);
#472 = EDGE_CURVE('',#432,#465,#473,.T.);
#473 = B_SPLINE_CURVE_WITH_KNOTS('',2,(#474,#475,#476),.UNSPECIFIED.,.F.
  ,.F.,(3,3),(0.,1.),.PIECEWISE_BEZIER_KNOTS.);
#474 = CARTESIAN_POINT('',(10.774946921444,2.725735919701,6.904137010743
    ));
#475 = CARTESIAN_POINT('',(10.591507430998,2.725735919701,6.904137010743
    ));
#476 = CARTESIAN_POINT('',(10.461571125265,2.682108382098,6.784271336313
    ));
#477 = SURFACE_OF_LINEAR_EXTRUSION('',#478,#482);
#478 = B_SPLINE_CURVE_WITH_KNOTS('',2,(#479,#480,#481),.UNSPECIFIED.,.F.
  ,.F.,(3,3),(0.,1.),.PIECEWISE_BEZIER_KNOTS.);
#479 = CARTESIAN_POINT('',(10.774946921444,2.725735919701,6.904137010743
    ));
#480 = CARTESIAN_POINT('',(10.591507430998,2.725735919701,6.904137010743
    ));
#481 = CARTESIAN_POINT('',(10.461571125265,2.682108382098,6.784271336313
    ));
#482 = VECTOR('',#483,1.);
#483 = DIRECTION('',(-0.,0.939692620786,-0.342020143326));
#484 = ADVANCED_FACE('',(#485),#510,.T.);
#485 = FACE_BOUND('',#486,.T.);
#486 = EDGE_LOOP('',(#487,#488,#496,#504));
#487 = ORIENTED_EDGE('',*,*,#464,.T.);
#488 = ORIENTED_EDGE('',*,*,#489,.T.);
#489 = EDGE_CURVE('',#457,#490,#492,.T.);
#490 = VERTEX_POINT('',#491);
#491 = CARTESIAN_POINT('',(10.303609341826,1.802957228261,6.707866912989
    ));
#492 = B_SPLINE_CURVE_WITH_KNOTS('',2,(#493,#494,#495),.UNSPECIFIED.,.F.
  ,.F.,(3,3),(0.,1.),.PIECEWISE_BEZIER_KNOTS.);
#493 = CARTESIAN_POINT('',(10.461571125265,1.93035428547,7.057887450973)
  );
#494 = CARTESIAN_POINT('',(10.331634819533,1.886726747867,6.938021776543
    ));
#495 = CARTESIAN_POINT('',(10.303609341826,1.802957228261,6.707866912989
    ));
#496 = ORIENTED_EDGE('',*,*,#497,.F.);
#497 = EDGE_CURVE('',#498,#490,#500,.T.);
#498 = VERTEX_POINT('',#499);
#499 = CARTESIAN_POINT('',(10.303609341826,2.55471132489,6.434250798328)
  );
#500 = LINE('',#501,#502);
#501 = CARTESIAN_POINT('',(10.303609341826,2.55471132489,6.434250798328)
  );
#502 = VECTOR('',#503,1.);
#503 = DIRECTION('',(0.,-0.939692620786,0.342020143326));
#504 = ORIENTED_EDGE('',*,*,#505,.F.);
#505 = EDGE_CURVE('',#465,#498,#506,.T.);
#506 = B_SPLINE_CURVE_WITH_KNOTS('',2,(#507,#508,#509),.UNSPECIFIED.,.F.
  ,.F.,(3,3),(0.,1.),.PIECEWISE_BEZIER_KNOTS.);
#507 = CARTESIAN_POINT('',(10.461571125265,2.682108382098,6.784271336313
    ));
#508 = CARTESIAN_POINT('',(10.331634819533,2.638480844495,6.664405661882
    ));
#509 = CARTESIAN_POINT('',(10.303609341826,2.55471132489,6.434250798328)
  );
#510 = SURFACE_OF_LINEAR_EXTRUSION('',#511,#515);
#511 = B_SPLINE_CURVE_WITH_KNOTS('',2,(#512,#513,#514),.UNSPECIFIED.,.F.
  ,.F.,(3,3),(0.,1.),.PIECEWISE_BEZIER_KNOTS.);
#512 = CARTESIAN_POINT('',(10.461571125265,2.682108382098,6.784271336313
    ));
#513 = CARTESIAN_POINT('',(10.331634819533,2.638480844495,6.664405661882
    ));
#514 = CARTESIAN_POINT('',(10.303609341826,2.55471132489,6.434250798328)
  );
#515 = VECTOR('',#516,1.);
#516 = DIRECTION('',(-0.,0.939692620786,-0.342020143326));
#517 = ADVANCED_FACE('',(#518),#543,.T.);
#518 = FACE_BOUND('',#519,.T.);
#519 = EDGE_LOOP('',(#520,#521,#529,#537));
#520 = ORIENTED_EDGE('',*,*,#497,.T.);
#521 = ORIENTED_EDGE('',*,*,#522,.T.);
#522 = EDGE_CURVE('',#490,#523,#525,.T.);
#523 = VERTEX_POINT('',#524);
#524 = CARTESIAN_POINT('',(9.643736730361,1.841356432463,6.813367859458)
  );
#525 = LINE('',#526,#527);
#526 = CARTESIAN_POINT('',(10.303609341826,1.802957228261,6.707866912989
    ));
#527 = VECTOR('',#528,1.);
#528 = DIRECTION('',(-0.985832777796,5.736742741817E-02,0.157615711444)
  );
#529 = ORIENTED_EDGE('',*,*,#530,.F.);
#530 = EDGE_CURVE('',#531,#523,#533,.T.);
#531 = VERTEX_POINT('',#532);
#532 = CARTESIAN_POINT('',(9.643736730361,2.593110529092,6.539751744798)
  );
#533 = LINE('',#534,#535);
#534 = CARTESIAN_POINT('',(9.643736730361,2.593110529092,6.539751744798)
  );
#535 = VECTOR('',#536,1.);
#536 = DIRECTION('',(0.,-0.939692620786,0.342020143326));
#537 = ORIENTED_EDGE('',*,*,#538,.F.);
#538 = EDGE_CURVE('',#498,#531,#539,.T.);
#539 = LINE('',#540,#541);
#540 = CARTESIAN_POINT('',(10.303609341826,2.55471132489,6.434250798328)
  );
#541 = VECTOR('',#542,1.);
#542 = DIRECTION('',(-0.985832777796,5.736742741817E-02,0.157615711444)
  );
#543 = PLANE('',#544);
#544 = AXIS2_PLACEMENT_3D('',#545,#546,#547);
#545 = CARTESIAN_POINT('',(10.303609341826,2.55471132489,6.434250798328)
  );
#546 = DIRECTION('',(-0.167731136711,-0.337174667957,-0.926379786624));
#547 = DIRECTION('',(-0.985832777796,5.736742741817E-02,0.157615711444)
  );
#548 = ADVANCED_FACE('',(#549),#574,.T.);
#549 = FACE_BOUND('',#550,.T.);
#550 = EDGE_LOOP('',(#551,#552,#560,#568));
#551 = ORIENTED_EDGE('',*,*,#530,.T.);
#552 = ORIENTED_EDGE('',*,*,#553,.T.);
#553 = EDGE_CURVE('',#523,#554,#556,.T.);
#554 = VERTEX_POINT('',#555);
#555 = CARTESIAN_POINT('',(9.851295116773,2.028356490445,7.327146296199)
  );
#556 = B_SPLINE_CURVE_WITH_KNOTS('',2,(#557,#558,#559),.UNSPECIFIED.,.F.
  ,.F.,(3,3),(0.,1.),.PIECEWISE_BEZIER_KNOTS.);
#557 = CARTESIAN_POINT('',(9.643736730361,1.841356432463,6.813367859458)
  );
#558 = CARTESIAN_POINT('',(9.712526539278,1.958413008056,7.134978157698)
  );
#559 = CARTESIAN_POINT('',(9.851295116773,2.028356490445,7.327146296199)
  );
#560 = ORIENTED_EDGE('',*,*,#561,.F.);
#561 = EDGE_CURVE('',#562,#554,#564,.T.);
#562 = VERTEX_POINT('',#563);
#563 = CARTESIAN_POINT('',(9.851295116773,2.780110587073,7.053530181538)
  );
#564 = LINE('',#565,#566);
#565 = CARTESIAN_POINT('',(9.851295116773,2.780110587073,7.053530181538)
  );
#566 = VECTOR('',#567,1.);
#567 = DIRECTION('',(0.,-0.939692620786,0.342020143326));
#568 = ORIENTED_EDGE('',*,*,#569,.F.);
#569 = EDGE_CURVE('',#531,#562,#570,.T.);
#570 = B_SPLINE_CURVE_WITH_KNOTS('',2,(#571,#572,#573),.UNSPECIFIED.,.F.
  ,.F.,(3,3),(0.,1.),.PIECEWISE_BEZIER_KNOTS.);
#571 = CARTESIAN_POINT('',(9.643736730361,2.593110529092,6.539751744798)
  );
#572 = CARTESIAN_POINT('',(9.712526539278,2.710167104685,6.861362043037)
  );
#573 = CARTESIAN_POINT('',(9.851295116773,2.780110587073,7.053530181538)
  );
#574 = SURFACE_OF_LINEAR_EXTRUSION('',#575,#579);
#575 = B_SPLINE_CURVE_WITH_KNOTS('',2,(#576,#577,#578),.UNSPECIFIED.,.F.
  ,.F.,(3,3),(0.,1.),.PIECEWISE_BEZIER_KNOTS.);
#576 = CARTESIAN_POINT('',(9.643736730361,2.593110529092,6.539751744798)
  );
#577 = CARTESIAN_POINT('',(9.712526539278,2.710167104685,6.861362043037)
  );
#578 = CARTESIAN_POINT('',(9.851295116773,2.780110587073,7.053530181538)
  );
#579 = VECTOR('',#580,1.);
#580 = DIRECTION('',(-0.,0.939692620786,-0.342020143326));
#581 = ADVANCED_FACE('',(#582),#607,.T.);
#582 = FACE_BOUND('',#583,.T.);
#583 = EDGE_LOOP('',(#584,#585,#593,#601));
#584 = ORIENTED_EDGE('',*,*,#561,.T.);
#585 = ORIENTED_EDGE('',*,*,#586,.T.);
#586 = EDGE_CURVE('',#554,#587,#589,.T.);
#587 = VERTEX_POINT('',#588);
#588 = CARTESIAN_POINT('',(10.23855626327,2.138383862242,7.629444015735)
  );
#589 = B_SPLINE_CURVE_WITH_KNOTS('',2,(#590,#591,#592),.UNSPECIFIED.,.F.
  ,.F.,(3,3),(0.,1.),.PIECEWISE_BEZIER_KNOTS.);
#590 = CARTESIAN_POINT('',(9.851295116773,2.028356490445,7.327146296199)
  );
#591 = CARTESIAN_POINT('',(9.990233545648,2.098358065427,7.519474042789)
  );
#592 = CARTESIAN_POINT('',(10.23855626327,2.138383862242,7.629444015735)
  );
#593 = ORIENTED_EDGE('',*,*,#594,.F.);
#594 = EDGE_CURVE('',#595,#587,#597,.T.);
#595 = VERTEX_POINT('',#596);
#596 = CARTESIAN_POINT('',(10.23855626327,2.890137958871,7.355827901074)
  );
#597 = LINE('',#598,#599);
#598 = CARTESIAN_POINT('',(10.23855626327,2.890137958871,7.355827901074)
  );
#599 = VECTOR('',#600,1.);
#600 = DIRECTION('',(0.,-0.939692620786,0.342020143326));
#601 = ORIENTED_EDGE('',*,*,#602,.F.);
#602 = EDGE_CURVE('',#562,#595,#603,.T.);
#603 = B_SPLINE_CURVE_WITH_KNOTS('',2,(#604,#605,#606),.UNSPECIFIED.,.F.
  ,.F.,(3,3),(0.,1.),.PIECEWISE_BEZIER_KNOTS.);
#604 = CARTESIAN_POINT('',(9.851295116773,2.780110587073,7.053530181538)
  );
#605 = CARTESIAN_POINT('',(9.990233545648,2.850112162056,7.245857928128)
  );
#606 = CARTESIAN_POINT('',(10.23855626327,2.890137958871,7.355827901074)
  );
#607 = SURFACE_OF_LINEAR_EXTRUSION('',#608,#612);
#608 = B_SPLINE_CURVE_WITH_KNOTS('',2,(#609,#610,#611),.UNSPECIFIED.,.F.
  ,.F.,(3,3),(0.,1.),.PIECEWISE_BEZIER_KNOTS.);
#609 = CARTESIAN_POINT('',(9.851295116773,2.780110587073,7.053530181538)
  );
#610 = CARTESIAN_POINT('',(9.990233545648,2.850112162056,7.245857928128)
  );
#611 = CARTESIAN_POINT('',(10.23855626327,2.890137958871,7.355827901074)
  );
#612 = VECTOR('',#613,1.);
#613 = DIRECTION('',(-0.,0.939692620786,-0.342020143326));
#614 = ADVANCED_FACE('',(#615),#640,.T.);
#615 = FACE_BOUND('',#616,.T.);
#616 = EDGE_LOOP('',(#617,#618,#626,#634));
#617 = ORIENTED_EDGE('',*,*,#594,.T.);
#618 = ORIENTED_EDGE('',*,*,#619,.T.);
#619 = EDGE_CURVE('',#587,#620,#622,.T.);
#620 = VERTEX_POINT('',#621);
#621 = CARTESIAN_POINT('',(10.795329087049,2.178467751651,7.73957359677)
  );
#622 = B_SPLINE_CURVE_WITH_KNOTS('',2,(#623,#624,#625),.UNSPECIFIED.,.F.
  ,.F.,(3,3),(0.,1.),.PIECEWISE_BEZIER_KNOTS.);
#623 = CARTESIAN_POINT('',(10.23855626327,2.138383862242,7.629444015735)
  );
#624 = CARTESIAN_POINT('',(10.487048832272,2.178467751651,7.73957359677)
  );
#625 = CARTESIAN_POINT('',(10.795329087049,2.178467751651,7.73957359677)
  );
#626 = ORIENTED_EDGE('',*,*,#627,.F.);
#627 = EDGE_CURVE('',#628,#620,#630,.T.);
#628 = VERTEX_POINT('',#629);
#629 = CARTESIAN_POINT('',(10.795329087049,2.93022184828,7.465957482109)
  );
#630 = LINE('',#631,#632);
#631 = CARTESIAN_POINT('',(10.795329087049,2.93022184828,7.465957482109)
  );
#632 = VECTOR('',#633,1.);
#633 = DIRECTION('',(0.,-0.939692620786,0.342020143326));
#634 = ORIENTED_EDGE('',*,*,#635,.F.);
#635 = EDGE_CURVE('',#595,#628,#636,.T.);
#636 = B_SPLINE_CURVE_WITH_KNOTS('',2,(#637,#638,#639),.UNSPECIFIED.,.F.
  ,.F.,(3,3),(0.,1.),.PIECEWISE_BEZIER_KNOTS.);
#637 = CARTESIAN_POINT('',(10.23855626327,2.890137958871,7.355827901074)
  );
#638 = CARTESIAN_POINT('',(10.487048832272,2.93022184828,7.465957482109)
  );
#639 = CARTESIAN_POINT('',(10.795329087049,2.93022184828,7.465957482109)
  );
#640 = SURFACE_OF_LINEAR_EXTRUSION('',#641,#645);
#641 = B_SPLINE_CURVE_WITH_KNOTS('',2,(#642,#643,#644),.UNSPECIFIED.,.F.
  ,.F.,(3,3),(0.,1.),.PIECEWISE_BEZIER_KNOTS.);
#642 = CARTESIAN_POINT('',(10.23855626327,2.890137958871,7.355827901074)
  );
#643 = CARTESIAN_POINT('',(10.487048832272,2.93022184828,7.465957482109)
  );
#644 = CARTESIAN_POINT('',(10.795329087049,2.93022184828,7.465957482109)
  );
#645 = VECTOR('',#646,1.);
#646 = DIRECTION('',(-0.,0.939692620786,-0.342020143326));
#647 = ADVANCED_FACE('',(#648),#673,.T.);
#648 = FACE_BOUND('',#649,.T.);
#649 = EDGE_LOOP('',(#650,#651,#659,#667));
#650 = ORIENTED_EDGE('',*,*,#627,.T.);
#651 = ORIENTED_EDGE('',*,*,#652,.T.);
#652 = EDGE_CURVE('',#620,#653,#655,.T.);
#653 = VERTEX_POINT('',#654);
#654 = CARTESIAN_POINT('',(11.64118895966,2.063270139046,7.423070757361)
  );
#655 = B_SPLINE_CURVE_WITH_KNOTS('',2,(#656,#657,#658),.UNSPECIFIED.,.F.
  ,.F.,(3,3),(0.,1.),.PIECEWISE_BEZIER_KNOTS.);
#656 = CARTESIAN_POINT('',(10.795329087049,2.178467751651,7.73957359677)
  );
#657 = CARTESIAN_POINT('',(11.322717622081,2.178467751651,7.73957359677)
  );
#658 = CARTESIAN_POINT('',(11.64118895966,2.063270139046,7.423070757361)
  );
#659 = ORIENTED_EDGE('',*,*,#660,.F.);
#660 = EDGE_CURVE('',#661,#653,#663,.T.);
#661 = VERTEX_POINT('',#662);
#662 = CARTESIAN_POINT('',(11.64118895966,2.815024235674,7.1494546427));
#663 = LINE('',#664,#665);
#664 = CARTESIAN_POINT('',(11.64118895966,2.815024235674,7.1494546427));
#665 = VECTOR('',#666,1.);
#666 = DIRECTION('',(0.,-0.939692620786,0.342020143326));
#667 = ORIENTED_EDGE('',*,*,#668,.F.);
#668 = EDGE_CURVE('',#628,#661,#669,.T.);
#669 = B_SPLINE_CURVE_WITH_KNOTS('',2,(#670,#671,#672),.UNSPECIFIED.,.F.
  ,.F.,(3,3),(0.,1.),.PIECEWISE_BEZIER_KNOTS.);
#670 = CARTESIAN_POINT('',(10.795329087049,2.93022184828,7.465957482109)
  );
#671 = CARTESIAN_POINT('',(11.322717622081,2.93022184828,7.465957482109)
  );
#672 = CARTESIAN_POINT('',(11.64118895966,2.815024235674,7.1494546427));
#673 = SURFACE_OF_LINEAR_EXTRUSION('',#674,#678);
#674 = B_SPLINE_CURVE_WITH_KNOTS('',2,(#675,#676,#677),.UNSPECIFIED.,.F.
  ,.F.,(3,3),(0.,1.),.PIECEWISE_BEZIER_KNOTS.);
#675 = CARTESIAN_POINT('',(10.795329087049,2.93022184828,7.465957482109)
  );
#676 = CARTESIAN_POINT('',(11.322717622081,2.93022184828,7.465957482109)
  );
#677 = CARTESIAN_POINT('',(11.64118895966,2.815024235674,7.1494546427));
#678 = VECTOR('',#679,1.);
#679 = DIRECTION('',(-0.,0.939692620786,-0.342020143326));
#680 = ADVANCED_FACE('',(#681),#706,.T.);
#681 = FACE_BOUND('',#682,.T.);
#682 = EDGE_LOOP('',(#683,#684,#692,#700));
#683 = ORIENTED_EDGE('',*,*,#660,.T.);
#684 = ORIENTED_EDGE('',*,*,#685,.T.);
#685 = EDGE_CURVE('',#653,#686,#688,.T.);
#686 = VERTEX_POINT('',#687);
#687 = CARTESIAN_POINT('',(11.903609341826,1.850360784432,6.838107113169
    ));
#688 = B_SPLINE_CURVE_WITH_KNOTS('',2,(#689,#690,#691),.UNSPECIFIED.,.F.
  ,.F.,(3,3),(0.,1.),.PIECEWISE_BEZIER_KNOTS.);
#689 = CARTESIAN_POINT('',(11.64118895966,2.063270139046,7.423070757361)
  );
#690 = CARTESIAN_POINT('',(11.903609341826,1.969043952638,7.164186437885
    ));
#691 = CARTESIAN_POINT('',(11.903609341826,1.850360784432,6.838107113169
    ));
#692 = ORIENTED_EDGE('',*,*,#693,.F.);
#693 = EDGE_CURVE('',#694,#686,#696,.T.);
#694 = VERTEX_POINT('',#695);
#695 = CARTESIAN_POINT('',(11.903609341826,2.602114881061,6.564490998508
    ));
#696 = LINE('',#697,#698);
#697 = CARTESIAN_POINT('',(11.903609341826,2.602114881061,6.564490998508
    ));
#698 = VECTOR('',#699,1.);
#699 = DIRECTION('',(0.,-0.939692620786,0.342020143326));
#700 = ORIENTED_EDGE('',*,*,#701,.F.);
#701 = EDGE_CURVE('',#661,#694,#702,.T.);
#702 = B_SPLINE_CURVE_WITH_KNOTS('',2,(#703,#704,#705),.UNSPECIFIED.,.F.
  ,.F.,(3,3),(0.,1.),.PIECEWISE_BEZIER_KNOTS.);
#703 = CARTESIAN_POINT('',(11.64118895966,2.815024235674,7.1494546427));
#704 = CARTESIAN_POINT('',(11.903609341826,2.720798049267,6.890570323224
    ));
#705 = CARTESIAN_POINT('',(11.903609341826,2.602114881061,6.564490998508
    ));
#706 = SURFACE_OF_LINEAR_EXTRUSION('',#707,#711);
#707 = B_SPLINE_CURVE_WITH_KNOTS('',2,(#708,#709,#710),.UNSPECIFIED.,.F.
  ,.F.,(3,3),(0.,1.),.PIECEWISE_BEZIER_KNOTS.);
#708 = CARTESIAN_POINT('',(11.64118895966,2.815024235674,7.1494546427));
#709 = CARTESIAN_POINT('',(11.903609341826,2.720798049267,6.890570323224
    ));
#710 = CARTESIAN_POINT('',(11.903609341826,2.602114881061,6.564490998508
    ));
#711 = VECTOR('',#712,1.);
#712 = DIRECTION('',(-0.,0.939692620786,-0.342020143326));
#713 = ADVANCED_FACE('',(#714),#739,.T.);
#714 = FACE_BOUND('',#715,.T.);
#715 = EDGE_LOOP('',(#716,#717,#725,#733));
#716 = ORIENTED_EDGE('',*,*,#693,.T.);
#717 = ORIENTED_EDGE('',*,*,#718,.T.);
#718 = EDGE_CURVE('',#686,#719,#721,.T.);
#719 = VERTEX_POINT('',#720);
#720 = CARTESIAN_POINT('',(11.366029723992,1.581624447612,6.099760095971
    ));
#721 = B_SPLINE_CURVE_WITH_KNOTS('',2,(#722,#723,#724),.UNSPECIFIED.,.F.
  ,.F.,(3,3),(0.,1.),.PIECEWISE_BEZIER_KNOTS.);
#722 = CARTESIAN_POINT('',(11.903609341826,1.850360784432,6.838107113169
    ));
#723 = CARTESIAN_POINT('',(11.903609341826,1.681950356321,6.375403264734
    ));
#724 = CARTESIAN_POINT('',(11.366029723992,1.581624447612,6.099760095971
    ));
#725 = ORIENTED_EDGE('',*,*,#726,.F.);
#726 = EDGE_CURVE('',#727,#719,#729,.T.);
#727 = VERTEX_POINT('',#728);
#728 = CARTESIAN_POINT('',(11.366029723992,2.333378544241,5.82614398131)
  );
#729 = LINE('',#730,#731);
#730 = CARTESIAN_POINT('',(11.366029723992,2.333378544241,5.82614398131)
  );
#731 = VECTOR('',#732,1.);
#732 = DIRECTION('',(0.,-0.939692620786,0.342020143326));
#733 = ORIENTED_EDGE('',*,*,#734,.F.);
#734 = EDGE_CURVE('',#694,#727,#735,.T.);
#735 = B_SPLINE_CURVE_WITH_KNOTS('',2,(#736,#737,#738),.UNSPECIFIED.,.F.
  ,.F.,(3,3),(0.,1.),.PIECEWISE_BEZIER_KNOTS.);
#736 = CARTESIAN_POINT('',(11.903609341826,2.602114881061,6.564490998508
    ));
#737 = CARTESIAN_POINT('',(11.903609341826,2.43370445295,6.101787150074)
  );
#738 = CARTESIAN_POINT('',(11.366029723992,2.333378544241,5.82614398131)
  );
#739 = SURFACE_OF_LINEAR_EXTRUSION('',#740,#744);
#740 = B_SPLINE_CURVE_WITH_KNOTS('',2,(#741,#742,#743),.UNSPECIFIED.,.F.
  ,.F.,(3,3),(0.,1.),.PIECEWISE_BEZIER_KNOTS.);
#741 = CARTESIAN_POINT('',(11.903609341826,2.602114881061,6.564490998508
    ));
#742 = CARTESIAN_POINT('',(11.903609341826,2.43370445295,6.101787150074)
  );
#743 = CARTESIAN_POINT('',(11.366029723992,2.333378544241,5.82614398131)
  );
#744 = VECTOR('',#745,1.);
#745 = DIRECTION('',(-0.,0.939692620786,-0.342020143326));
#746 = ADVANCED_FACE('',(#747),#772,.T.);
#747 = FACE_BOUND('',#748,.T.);
#748 = EDGE_LOOP('',(#749,#750,#758,#766));
#749 = ORIENTED_EDGE('',*,*,#726,.T.);
#750 = ORIENTED_EDGE('',*,*,#751,.T.);
#751 = EDGE_CURVE('',#719,#752,#754,.T.);
#752 = VERTEX_POINT('',#753);
#753 = CARTESIAN_POINT('',(11.87932059448,1.475663557349,5.808634942626)
  );
#754 = B_SPLINE_CURVE_WITH_KNOTS('',2,(#755,#756,#757),.UNSPECIFIED.,.F.
  ,.F.,(3,3),(0.,1.),.PIECEWISE_BEZIER_KNOTS.);
#755 = CARTESIAN_POINT('',(11.366029723992,1.581624447612,6.099760095971
    ));
#756 = CARTESIAN_POINT('',(11.687048832272,1.557980762121,6.034799603969
    ));
#757 = CARTESIAN_POINT('',(11.87932059448,1.475663557349,5.808634942626)
  );
#758 = ORIENTED_EDGE('',*,*,#759,.F.);
#759 = EDGE_CURVE('',#760,#752,#762,.T.);
#760 = VERTEX_POINT('',#761);
#761 = CARTESIAN_POINT('',(11.87932059448,2.227417653978,5.535018827966)
  );
#762 = LINE('',#763,#764);
#763 = CARTESIAN_POINT('',(11.87932059448,2.227417653978,5.535018827966)
  );
#764 = VECTOR('',#765,1.);
#765 = DIRECTION('',(0.,-0.939692620786,0.342020143326));
#766 = ORIENTED_EDGE('',*,*,#767,.F.);
#767 = EDGE_CURVE('',#727,#760,#768,.T.);
#768 = B_SPLINE_CURVE_WITH_KNOTS('',2,(#769,#770,#771),.UNSPECIFIED.,.F.
  ,.F.,(3,3),(0.,1.),.PIECEWISE_BEZIER_KNOTS.);
#769 = CARTESIAN_POINT('',(11.366029723992,2.333378544241,5.82614398131)
  );
#770 = CARTESIAN_POINT('',(11.687048832272,2.309734858749,5.761183489308
    ));
#771 = CARTESIAN_POINT('',(11.87932059448,2.227417653978,5.535018827966)
  );
#772 = SURFACE_OF_LINEAR_EXTRUSION('',#773,#777);
#773 = B_SPLINE_CURVE_WITH_KNOTS('',2,(#774,#775,#776),.UNSPECIFIED.,.F.
  ,.F.,(3,3),(0.,1.),.PIECEWISE_BEZIER_KNOTS.);
#774 = CARTESIAN_POINT('',(11.366029723992,2.333378544241,5.82614398131)
  );
#775 = CARTESIAN_POINT('',(11.687048832272,2.309734858749,5.761183489308
    ));
#776 = CARTESIAN_POINT('',(11.87932059448,2.227417653978,5.535018827966)
  );
#777 = VECTOR('',#778,1.);
#778 = DIRECTION('',(-0.,0.939692620786,-0.342020143326));
#779 = ADVANCED_FACE('',(#780),#805,.T.);
#780 = FACE_BOUND('',#781,.T.);
#781 = EDGE_LOOP('',(#782,#783,#791,#799));
#782 = ORIENTED_EDGE('',*,*,#759,.T.);
#783 = ORIENTED_EDGE('',*,*,#784,.T.);
#784 = EDGE_CURVE('',#752,#785,#787,.T.);
#785 = VERTEX_POINT('',#786);
#786 = CARTESIAN_POINT('',(12.071762208068,1.276928795512,5.262615672018
    ));
#787 = B_SPLINE_CURVE_WITH_KNOTS('',2,(#788,#789,#790),.UNSPECIFIED.,.F.
  ,.F.,(3,3),(0.,1.),.PIECEWISE_BEZIER_KNOTS.);
#788 = CARTESIAN_POINT('',(11.87932059448,1.475663557349,5.808634942626)
  );
#789 = CARTESIAN_POINT('',(12.071762208068,1.393346352578,5.582470281284
    ));
#790 = CARTESIAN_POINT('',(12.071762208068,1.276928795512,5.262615672018
    ));
#791 = ORIENTED_EDGE('',*,*,#792,.F.);
#792 = EDGE_CURVE('',#793,#785,#795,.T.);
#793 = VERTEX_POINT('',#794);
#794 = CARTESIAN_POINT('',(12.071762208068,2.02868289214,4.988999557357)
  );
#795 = LINE('',#796,#797);
#796 = CARTESIAN_POINT('',(12.071762208068,2.02868289214,4.988999557357)
  );
#797 = VECTOR('',#798,1.);
#798 = DIRECTION('',(0.,-0.939692620786,0.342020143326));
#799 = ORIENTED_EDGE('',*,*,#800,.F.);
#800 = EDGE_CURVE('',#760,#793,#801,.T.);
#801 = B_SPLINE_CURVE_WITH_KNOTS('',2,(#802,#803,#804),.UNSPECIFIED.,.F.
  ,.F.,(3,3),(0.,1.),.PIECEWISE_BEZIER_KNOTS.);
#802 = CARTESIAN_POINT('',(11.87932059448,2.227417653978,5.535018827966)
  );
#803 = CARTESIAN_POINT('',(12.071762208068,2.145100449206,5.308854166623
    ));
#804 = CARTESIAN_POINT('',(12.071762208068,2.02868289214,4.988999557357)
  );
#805 = SURFACE_OF_LINEAR_EXTRUSION('',#806,#810);
#806 = B_SPLINE_CURVE_WITH_KNOTS('',2,(#807,#808,#809),.UNSPECIFIED.,.F.
  ,.F.,(3,3),(0.,1.),.PIECEWISE_BEZIER_KNOTS.);
#807 = CARTESIAN_POINT('',(11.87932059448,2.227417653978,5.535018827966)
  );
#808 = CARTESIAN_POINT('',(12.071762208068,2.145100449206,5.308854166623
    ));
#809 = CARTESIAN_POINT('',(12.071762208068,2.02868289214,4.988999557357)
  );
#810 = VECTOR('',#811,1.);
#811 = DIRECTION('',(-0.,0.939692620786,-0.342020143326));
#812 = ADVANCED_FACE('',(#813),#838,.T.);
#813 = FACE_BOUND('',#814,.T.);
#814 = EDGE_LOOP('',(#815,#816,#824,#832));
#815 = ORIENTED_EDGE('',*,*,#792,.T.);
#816 = ORIENTED_EDGE('',*,*,#817,.T.);
#817 = EDGE_CURVE('',#785,#818,#820,.T.);
#818 = VERTEX_POINT('',#819);
#819 = CARTESIAN_POINT('',(11.712526539278,0.988847625108,4.471119161363
    ));
#820 = B_SPLINE_CURVE_WITH_KNOTS('',2,(#821,#822,#823),.UNSPECIFIED.,.F.
  ,.F.,(3,3),(0.,1.),.PIECEWISE_BEZIER_KNOTS.);
#821 = CARTESIAN_POINT('',(12.071762208068,1.276928795512,5.262615672018
    ));
#822 = CARTESIAN_POINT('',(12.071762208068,1.107937441468,4.798315742699
    ));
#823 = CARTESIAN_POINT('',(11.712526539278,0.988847625108,4.471119161363
    ));
#824 = ORIENTED_EDGE('',*,*,#825,.F.);
#825 = EDGE_CURVE('',#826,#818,#828,.T.);
#826 = VERTEX_POINT('',#827);
#827 = CARTESIAN_POINT('',(11.712526539278,1.740601721737,4.197503046703
    ));
#828 = LINE('',#829,#830);
#829 = CARTESIAN_POINT('',(11.712526539278,1.740601721737,4.197503046703
    ));
#830 = VECTOR('',#831,1.);
#831 = DIRECTION('',(0.,-0.939692620786,0.342020143326));
#832 = ORIENTED_EDGE('',*,*,#833,.F.);
#833 = EDGE_CURVE('',#793,#826,#834,.T.);
#834 = B_SPLINE_CURVE_WITH_KNOTS('',2,(#835,#836,#837),.UNSPECIFIED.,.F.
  ,.F.,(3,3),(0.,1.),.PIECEWISE_BEZIER_KNOTS.);
#835 = CARTESIAN_POINT('',(12.071762208068,2.02868289214,4.988999557357)
  );
#836 = CARTESIAN_POINT('',(12.071762208068,1.859691538096,4.524699628038
    ));
#837 = CARTESIAN_POINT('',(11.712526539278,1.740601721737,4.197503046703
    ));
#838 = SURFACE_OF_LINEAR_EXTRUSION('',#839,#843);
#839 = B_SPLINE_CURVE_WITH_KNOTS('',2,(#840,#841,#842),.UNSPECIFIED.,.F.
  ,.F.,(3,3),(0.,1.),.PIECEWISE_BEZIER_KNOTS.);
#840 = CARTESIAN_POINT('',(12.071762208068,2.02868289214,4.988999557357)
  );
#841 = CARTESIAN_POINT('',(12.071762208068,1.859691538096,4.524699628038
    ));
#842 = CARTESIAN_POINT('',(11.712526539278,1.740601721737,4.197503046703
    ));
#843 = VECTOR('',#844,1.);
#844 = DIRECTION('',(-0.,0.939692620786,-0.342020143326));
#845 = ADVANCED_FACE('',(#846),#871,.T.);
#846 = FACE_BOUND('',#847,.T.);
#847 = EDGE_LOOP('',(#848,#849,#857,#865));
#848 = ORIENTED_EDGE('',*,*,#825,.T.);
#849 = ORIENTED_EDGE('',*,*,#850,.T.);
#850 = EDGE_CURVE('',#818,#851,#853,.T.);
#851 = VERTEX_POINT('',#852);
#852 = CARTESIAN_POINT('',(10.818259023355,0.869757808748,4.143922580028
    ));
#853 = B_SPLINE_CURVE_WITH_KNOTS('',2,(#854,#855,#856),.UNSPECIFIED.,.F.
  ,.F.,(3,3),(0.,1.),.PIECEWISE_BEZIER_KNOTS.);
#854 = CARTESIAN_POINT('',(11.712526539278,0.988847625108,4.471119161363
    ));
#855 = CARTESIAN_POINT('',(11.353290870488,0.869757808748,4.143922580028
    ));
#856 = CARTESIAN_POINT('',(10.818259023355,0.869757808748,4.143922580028
    ));
#857 = ORIENTED_EDGE('',*,*,#858,.F.);
#858 = EDGE_CURVE('',#859,#851,#861,.T.);
#859 = VERTEX_POINT('',#860);
#860 = CARTESIAN_POINT('',(10.818259023355,1.621511905377,3.870306465368
    ));
#861 = LINE('',#862,#863);
#862 = CARTESIAN_POINT('',(10.818259023355,1.621511905377,3.870306465368
    ));
#863 = VECTOR('',#864,1.);
#864 = DIRECTION('',(0.,-0.939692620786,0.342020143326));
#865 = ORIENTED_EDGE('',*,*,#866,.F.);
#866 = EDGE_CURVE('',#826,#859,#867,.T.);
#867 = B_SPLINE_CURVE_WITH_KNOTS('',2,(#868,#869,#870),.UNSPECIFIED.,.F.
  ,.F.,(3,3),(0.,1.),.PIECEWISE_BEZIER_KNOTS.);
#868 = CARTESIAN_POINT('',(11.712526539278,1.740601721737,4.197503046703
    ));
#869 = CARTESIAN_POINT('',(11.353290870488,1.621511905377,3.870306465368
    ));
#870 = CARTESIAN_POINT('',(10.818259023355,1.621511905377,3.870306465368
    ));
#871 = SURFACE_OF_LINEAR_EXTRUSION('',#872,#876);
#872 = B_SPLINE_CURVE_WITH_KNOTS('',2,(#873,#874,#875),.UNSPECIFIED.,.F.
  ,.F.,(3,3),(0.,1.),.PIECEWISE_BEZIER_KNOTS.);
#873 = CARTESIAN_POINT('',(11.712526539278,1.740601721737,4.197503046703
    ));
#874 = CARTESIAN_POINT('',(11.353290870488,1.621511905377,3.870306465368
    ));
#875 = CARTESIAN_POINT('',(10.818259023355,1.621511905377,3.870306465368
    ));
#876 = VECTOR('',#877,1.);
#877 = DIRECTION('',(-0.,0.939692620786,-0.342020143326));
#878 = ADVANCED_FACE('',(#879),#904,.T.);
#879 = FACE_BOUND('',#880,.T.);
#880 = EDGE_LOOP('',(#881,#882,#890,#898));
#881 = ORIENTED_EDGE('',*,*,#858,.T.);
#882 = ORIENTED_EDGE('',*,*,#883,.T.);
#883 = EDGE_CURVE('',#851,#884,#886,.T.);
#884 = VERTEX_POINT('',#885);
#885 = CARTESIAN_POINT('',(9.977494692144,0.96979325449,4.41876770835));
#886 = B_SPLINE_CURVE_WITH_KNOTS('',2,(#887,#888,#889),.UNSPECIFIED.,.F.
  ,.F.,(3,3),(0.,1.),.PIECEWISE_BEZIER_KNOTS.);
#887 = CARTESIAN_POINT('',(10.818259023355,0.869757808748,4.143922580028
    ));
#888 = CARTESIAN_POINT('',(10.311252653928,0.869757808748,4.143922580028
    ));
#889 = CARTESIAN_POINT('',(9.977494692144,0.96979325449,4.41876770835));
#890 = ORIENTED_EDGE('',*,*,#891,.F.);
#891 = EDGE_CURVE('',#892,#884,#894,.T.);
#892 = VERTEX_POINT('',#893);
#893 = CARTESIAN_POINT('',(9.977494692144,1.721547351119,4.145151593689)
  );
#894 = LINE('',#895,#896);
#895 = CARTESIAN_POINT('',(9.977494692144,1.721547351119,4.145151593689)
  );
#896 = VECTOR('',#897,1.);
#897 = DIRECTION('',(0.,-0.939692620786,0.342020143326));
#898 = ORIENTED_EDGE('',*,*,#899,.F.);
#899 = EDGE_CURVE('',#859,#892,#900,.T.);
#900 = B_SPLINE_CURVE_WITH_KNOTS('',2,(#901,#902,#903),.UNSPECIFIED.,.F.
  ,.F.,(3,3),(0.,1.),.PIECEWISE_BEZIER_KNOTS.);
#901 = CARTESIAN_POINT('',(10.818259023355,1.621511905377,3.870306465368
    ));
#902 = CARTESIAN_POINT('',(10.311252653928,1.621511905377,3.870306465368
    ));
#903 = CARTESIAN_POINT('',(9.977494692144,1.721547351119,4.145151593689)
  );
#904 = SURFACE_OF_LINEAR_EXTRUSION('',#905,#909);
#905 = B_SPLINE_CURVE_WITH_KNOTS('',2,(#906,#907,#908),.UNSPECIFIED.,.F.
  ,.F.,(3,3),(0.,1.),.PIECEWISE_BEZIER_KNOTS.);
#906 = CARTESIAN_POINT('',(10.818259023355,1.621511905377,3.870306465368
    ));
#907 = CARTESIAN_POINT('',(10.311252653928,1.621511905377,3.870306465368
    ));
#908 = CARTESIAN_POINT('',(9.977494692144,1.721547351119,4.145151593689)
  );
#909 = VECTOR('',#910,1.);
#910 = DIRECTION('',(-0.,0.939692620786,-0.342020143326));
#911 = ADVANCED_FACE('',(#912),#928,.T.);
#912 = FACE_BOUND('',#913,.T.);
#913 = EDGE_LOOP('',(#914,#915,#921,#922));
#914 = ORIENTED_EDGE('',*,*,#891,.T.);
#915 = ORIENTED_EDGE('',*,*,#916,.T.);
#916 = EDGE_CURVE('',#884,#24,#917,.T.);
#917 = B_SPLINE_CURVE_WITH_KNOTS('',2,(#918,#919,#920),.UNSPECIFIED.,.F.
  ,.F.,(3,3),(0.,1.),.PIECEWISE_BEZIER_KNOTS.);
#918 = CARTESIAN_POINT('',(9.977494692144,0.96979325449,4.41876770835));
#919 = CARTESIAN_POINT('',(9.643736730361,1.069828700233,4.693612836671)
  );
#920 = CARTESIAN_POINT('',(9.590233545648,1.231500387515,5.137802146845)
  );
#921 = ORIENTED_EDGE('',*,*,#21,.F.);
#922 = ORIENTED_EDGE('',*,*,#923,.F.);
#923 = EDGE_CURVE('',#892,#22,#924,.T.);
#924 = B_SPLINE_CURVE_WITH_KNOTS('',2,(#925,#926,#927),.UNSPECIFIED.,.F.
  ,.F.,(3,3),(0.,1.),.PIECEWISE_BEZIER_KNOTS.);
#925 = CARTESIAN_POINT('',(9.977494692144,1.721547351119,4.145151593689)
  );
#926 = CARTESIAN_POINT('',(9.643736730361,1.821582796861,4.419996722011)
  );
#927 = CARTESIAN_POINT('',(9.590233545648,1.983254484144,4.864186032184)
  );
#928 = SURFACE_OF_LINEAR_EXTRUSION('',#929,#933);
#929 = B_SPLINE_CURVE_WITH_KNOTS('',2,(#930,#931,#932),.UNSPECIFIED.,.F.
  ,.F.,(3,3),(0.,1.),.PIECEWISE_BEZIER_KNOTS.);
#930 = CARTESIAN_POINT('',(9.977494692144,1.721547351119,4.145151593689)
  );
#931 = CARTESIAN_POINT('',(9.643736730361,1.821582796861,4.419996722011)
  );
#932 = CARTESIAN_POINT('',(9.590233545648,1.983254484144,4.864186032184)
  );
#933 = VECTOR('',#934,1.);
#934 = DIRECTION('',(-0.,0.939692620786,-0.342020143326));
#935 = ADVANCED_FACE('',(#936),#966,.F.);
#936 = FACE_BOUND('',#937,.T.);
#937 = EDGE_LOOP('',(#938,#939,#940,#941,#942,#943,#944,#945,#946,#947,
    #948,#949,#950,#951,#952,#953,#954,#955,#956,#957,#958,#959,#960,
    #961,#962,#963,#964,#965));
#938 = ORIENTED_EDGE('',*,*,#47,.T.);
#939 = ORIENTED_EDGE('',*,*,#78,.T.);
#940 = ORIENTED_EDGE('',*,*,#111,.T.);
#941 = ORIENTED_EDGE('',*,*,#144,.T.);
#942 = ORIENTED_EDGE('',*,*,#177,.T.);
#943 = ORIENTED_EDGE('',*,*,#210,.T.);
#944 = ORIENTED_EDGE('',*,*,#243,.T.);
#945 = ORIENTED_EDGE('',*,*,#276,.T.);
#946 = ORIENTED_EDGE('',*,*,#309,.T.);
#947 = ORIENTED_EDGE('',*,*,#340,.T.);
#948 = ORIENTED_EDGE('',*,*,#373,.T.);
#949 = ORIENTED_EDGE('',*,*,#406,.T.);
#950 = ORIENTED_EDGE('',*,*,#439,.T.);
#951 = ORIENTED_EDGE('',*,*,#472,.T.);
#952 = ORIENTED_EDGE('',*,*,#505,.T.);
#953 = ORIENTED_EDGE('',*,*,#538,.T.);
#954 = ORIENTED_EDGE('',*,*,#569,.T.);
#955 = ORIENTED_EDGE('',*,*,#602,.T.);
#956 = ORIENTED_EDGE('',*,*,#635,.T.);
#957 = ORIENTED_EDGE('',*,*,#668,.T.);
#958 = ORIENTED_EDGE('',*,*,#701,.T.);
#959 = ORIENTED_EDGE('',*,*,#734,.T.);
#960 = ORIENTED_EDGE('',*,*,#767,.T.);
#961 = ORIENTED_EDGE('',*,*,#800,.T.);
#962 = ORIENTED_EDGE('',*,*,#833,.T.);
#963 = ORIENTED_EDGE('',*,*,#866,.T.);
#964 = ORIENTED_EDGE('',*,*,#899,.T.);
#965 = ORIENTED_EDGE('',*,*,#923,.T.);
#966 = PLANE('',#967);
#967 = AXIS2_PLACEMENT_3D('',#968,#969,#970);
#968 = CARTESIAN_POINT('',(10.884398811731,2.272881700845,5.65993027013)
  );
#969 = DIRECTION('',(0.,-0.939692620786,0.342020143326));
#970 = DIRECTION('',(1.,0.,0.));
#971 = ADVANCED_FACE('',(#972),#1002,.T.);
#972 = FACE_BOUND('',#973,.F.);
#973 = EDGE_LOOP('',(#974,#975,#976,#977,#978,#979,#980,#981,#982,#983,
    #984,#985,#986,#987,#988,#989,#990,#991,#992,#993,#994,#995,#996,
    #997,#998,#999,#1000,#1001));
#974 = ORIENTED_EDGE('',*,*,#31,.T.);
#975 = ORIENTED_EDGE('',*,*,#62,.T.);
#976 = ORIENTED_EDGE('',*,*,#95,.T.);
#977 = ORIENTED_EDGE('',*,*,#128,.T.);
#978 = ORIENTED_EDGE('',*,*,#161,.T.);
#979 = ORIENTED_EDGE('',*,*,#194,.T.);
#980 = ORIENTED_EDGE('',*,*,#227,.T.);
#981 = ORIENTED_EDGE('',*,*,#260,.T.);
#982 = ORIENTED_EDGE('',*,*,#293,.T.);
#983 = ORIENTED_EDGE('',*,*,#324,.T.);
#984 = ORIENTED_EDGE('',*,*,#357,.T.);
#985 = ORIENTED_EDGE('',*,*,#390,.T.);
#986 = ORIENTED_EDGE('',*,*,#423,.T.);
#987 = ORIENTED_EDGE('',*,*,#456,.T.);
#988 = ORIENTED_EDGE('',*,*,#489,.T.);
#989 = ORIENTED_EDGE('',*,*,#522,.T.);
#990 = ORIENTED_EDGE('',*,*,#553,.T.);
#991 = ORIENTED_EDGE('',*,*,#586,.T.);
#992 = ORIENTED_EDGE('',*,*,#619,.T.);
#993 = ORIENTED_EDGE('',*,*,#652,.T.);
#994 = ORIENTED_EDGE('',*,*,#685,.T.);
#995 = ORIENTED_EDGE('',*,*,#718,.T.);
#996 = ORIENTED_EDGE('',*,*,#751,.T.);
#997 = ORIENTED_EDGE('',*,*,#784,.T.);
#998 = ORIENTED_EDGE('',*,*,#817,.T.);
#999 = ORIENTED_EDGE('',*,*,#850,.T.);
#1000 = ORIENTED_EDGE('',*,*,#883,.T.);
#1001 = ORIENTED_EDGE('',*,*,#916,.T.);
#1002 = PLANE('',#1003);
#1003 = AXIS2_PLACEMENT_3D('',#1004,#1005,#1006);
#1004 = CARTESIAN_POINT('',(10.884398811731,1.521127604216,
    5.933546384791));
#1005 = DIRECTION('',(0.,-0.939692620786,0.342020143326));
#1006 = DIRECTION('',(1.,0.,0.));
#1007 = MANIFOLD_SOLID_BREP('',#1008);
#1008 = CLOSED_SHELL('',(#1009,#1049,#1080,#1111,#1133,#1145));
#1009 = ADVANCED_FACE('',(#1010),#1044,.T.);
#1010 = FACE_BOUND('',#1011,.T.);
#1011 = EDGE_LOOP('',(#1012,#1022,#1030,#1038));
#1012 = ORIENTED_EDGE('',*,*,#1013,.T.);
#1013 = EDGE_CURVE('',#1014,#1016,#1018,.T.);
#1014 = VERTEX_POINT('',#1015);
#1015 = CARTESIAN_POINT('',(12.288832271762,1.621511905377,
    3.870306465368));
#1016 = VERTEX_POINT('',#1017);
#1017 = CARTESIAN_POINT('',(12.288832271762,0.869757808748,
    4.143922580028));
#1018 = LINE('',#1019,#1020);
#1019 = CARTESIAN_POINT('',(12.288832271762,1.621511905377,
    3.870306465368));
#1020 = VECTOR('',#1021,1.);
#1021 = DIRECTION('',(0.,-0.939692620786,0.342020143326));
#1022 = ORIENTED_EDGE('',*,*,#1023,.T.);
#1023 = EDGE_CURVE('',#1016,#1024,#1026,.T.);
#1024 = VERTEX_POINT('',#1025);
#1025 = CARTESIAN_POINT('',(13.213673036093,2.189621529574,
    7.770218349753));
#1026 = LINE('',#1027,#1028);
#1027 = CARTESIAN_POINT('',(12.288832271762,0.869757808748,
    4.143922580028));
#1028 = VECTOR('',#1029,1.);
#1029 = DIRECTION('',(0.233057266823,0.332601938861,0.913816316689));
#1030 = ORIENTED_EDGE('',*,*,#1031,.F.);
#1031 = EDGE_CURVE('',#1032,#1024,#1034,.T.);
#1032 = VERTEX_POINT('',#1033);
#1033 = CARTESIAN_POINT('',(13.213673036093,2.941375626202,
    7.496602235093));
#1034 = LINE('',#1035,#1036);
#1035 = CARTESIAN_POINT('',(13.213673036093,2.941375626202,
    7.496602235093));
#1036 = VECTOR('',#1037,1.);
#1037 = DIRECTION('',(0.,-0.939692620786,0.342020143326));
#1038 = ORIENTED_EDGE('',*,*,#1039,.F.);
#1039 = EDGE_CURVE('',#1014,#1032,#1040,.T.);
#1040 = LINE('',#1041,#1042);
#1041 = CARTESIAN_POINT('',(12.288832271762,1.621511905377,
    3.870306465368));
#1042 = VECTOR('',#1043,1.);
#1043 = DIRECTION('',(0.233057266823,0.332601938861,0.913816316689));
#1044 = PLANE('',#1045);
#1045 = AXIS2_PLACEMENT_3D('',#1046,#1047,#1048);
#1046 = CARTESIAN_POINT('',(12.288832271762,1.621511905377,
    3.870306465368));
#1047 = DIRECTION('',(-0.972463012346,7.971027980197E-02,0.219002193854)
  );
#1048 = DIRECTION('',(0.233057266823,0.332601938861,0.913816316689));
#1049 = ADVANCED_FACE('',(#1050),#1075,.T.);
#1050 = FACE_BOUND('',#1051,.T.);
#1051 = EDGE_LOOP('',(#1052,#1053,#1061,#1069));
#1052 = ORIENTED_EDGE('',*,*,#1031,.T.);
#1053 = ORIENTED_EDGE('',*,*,#1054,.T.);
#1054 = EDGE_CURVE('',#1024,#1055,#1057,.T.);
#1055 = VERTEX_POINT('',#1056);
#1056 = CARTESIAN_POINT('',(13.751252653928,2.189621529574,
    7.770218349753));
#1057 = LINE('',#1058,#1059);
#1058 = CARTESIAN_POINT('',(13.213673036093,2.189621529574,
    7.770218349753));
#1059 = VECTOR('',#1060,1.);
#1060 = DIRECTION('',(1.,0.,0.));
#1061 = ORIENTED_EDGE('',*,*,#1062,.F.);
#1062 = EDGE_CURVE('',#1063,#1055,#1065,.T.);
#1063 = VERTEX_POINT('',#1064);
#1064 = CARTESIAN_POINT('',(13.751252653928,2.941375626202,
    7.496602235093));
#1065 = LINE('',#1066,#1067);
#1066 = CARTESIAN_POINT('',(13.751252653928,2.941375626202,
    7.496602235093));
#1067 = VECTOR('',#1068,1.);
#1068 = DIRECTION('',(0.,-0.939692620786,0.342020143326));
#1069 = ORIENTED_EDGE('',*,*,#1070,.F.);
#1070 = EDGE_CURVE('',#1032,#1063,#1071,.T.);
#1071 = LINE('',#1072,#1073);
#1072 = CARTESIAN_POINT('',(13.213673036093,2.941375626202,
    7.496602235093));
#1073 = VECTOR('',#1074,1.);
#1074 = DIRECTION('',(1.,0.,0.));
#1075 = PLANE('',#1076);
#1076 = AXIS2_PLACEMENT_3D('',#1077,#1078,#1079);
#1077 = CARTESIAN_POINT('',(13.213673036093,2.941375626202,
    7.496602235093));
#1078 = DIRECTION('',(0.,0.342020143326,0.939692620786));
#1079 = DIRECTION('',(1.,0.,0.));
#1080 = ADVANCED_FACE('',(#1081),#1106,.T.);
#1081 = FACE_BOUND('',#1082,.T.);
#1082 = EDGE_LOOP('',(#1083,#1084,#1092,#1100));
#1083 = ORIENTED_EDGE('',*,*,#1062,.T.);
#1084 = ORIENTED_EDGE('',*,*,#1085,.T.);
#1085 = EDGE_CURVE('',#1055,#1086,#1088,.T.);
#1086 = VERTEX_POINT('',#1087);
#1087 = CARTESIAN_POINT('',(12.816220806794,0.869757808748,
    4.143922580028));
#1088 = LINE('',#1089,#1090);
#1089 = CARTESIAN_POINT('',(13.751252653928,2.189621529574,
    7.770218349753));
#1090 = VECTOR('',#1091,1.);
#1091 = DIRECTION('',(-0.235483715343,-0.332401953666,-0.913266861879));
#1092 = ORIENTED_EDGE('',*,*,#1093,.F.);
#1093 = EDGE_CURVE('',#1094,#1086,#1096,.T.);
#1094 = VERTEX_POINT('',#1095);
#1095 = CARTESIAN_POINT('',(12.816220806794,1.621511905377,
    3.870306465368));
#1096 = LINE('',#1097,#1098);
#1097 = CARTESIAN_POINT('',(12.816220806794,1.621511905377,
    3.870306465368));
#1098 = VECTOR('',#1099,1.);
#1099 = DIRECTION('',(0.,-0.939692620786,0.342020143326));
#1100 = ORIENTED_EDGE('',*,*,#1101,.F.);
#1101 = EDGE_CURVE('',#1063,#1094,#1102,.T.);
#1102 = LINE('',#1103,#1104);
#1103 = CARTESIAN_POINT('',(13.751252653928,2.941375626202,
    7.496602235093));
#1104 = VECTOR('',#1105,1.);
#1105 = DIRECTION('',(-0.235483715343,-0.332401953666,-0.913266861879));
#1106 = PLANE('',#1107);
#1107 = AXIS2_PLACEMENT_3D('',#1108,#1109,#1110);
#1108 = CARTESIAN_POINT('',(13.751252653928,2.941375626202,
    7.496602235093));
#1109 = DIRECTION('',(0.971878294751,-8.054017407264E-02,-0.221282309624
    ));
#1110 = DIRECTION('',(-0.235483715343,-0.332401953666,-0.913266861879));
#1111 = ADVANCED_FACE('',(#1112),#1128,.T.);
#1112 = FACE_BOUND('',#1113,.T.);
#1113 = EDGE_LOOP('',(#1114,#1115,#1121,#1122));
#1114 = ORIENTED_EDGE('',*,*,#1093,.T.);
#1115 = ORIENTED_EDGE('',*,*,#1116,.T.);
#1116 = EDGE_CURVE('',#1086,#1016,#1117,.T.);
#1117 = LINE('',#1118,#1119);
#1118 = CARTESIAN_POINT('',(12.816220806794,0.869757808748,
    4.143922580028));
#1119 = VECTOR('',#1120,1.);
#1120 = DIRECTION('',(-1.,0.,0.));
#1121 = ORIENTED_EDGE('',*,*,#1013,.F.);
#1122 = ORIENTED_EDGE('',*,*,#1123,.F.);
#1123 = EDGE_CURVE('',#1094,#1014,#1124,.T.);
#1124 = LINE('',#1125,#1126);
#1125 = CARTESIAN_POINT('',(12.816220806794,1.621511905377,
    3.870306465368));
#1126 = VECTOR('',#1127,1.);
#1127 = DIRECTION('',(-1.,0.,0.));
#1128 = PLANE('',#1129);
#1129 = AXIS2_PLACEMENT_3D('',#1130,#1131,#1132);
#1130 = CARTESIAN_POINT('',(12.816220806794,1.621511905377,
    3.870306465368));
#1131 = DIRECTION('',(0.,-0.342020143326,-0.939692620786));
#1132 = DIRECTION('',(-1.,0.,0.));
#1133 = ADVANCED_FACE('',(#1134),#1140,.F.);
#1134 = FACE_BOUND('',#1135,.T.);
#1135 = EDGE_LOOP('',(#1136,#1137,#1138,#1139));
#1136 = ORIENTED_EDGE('',*,*,#1039,.T.);
#1137 = ORIENTED_EDGE('',*,*,#1070,.T.);
#1138 = ORIENTED_EDGE('',*,*,#1101,.T.);
#1139 = ORIENTED_EDGE('',*,*,#1123,.T.);
#1140 = PLANE('',#1141);
#1141 = AXIS2_PLACEMENT_3D('',#1142,#1143,#1144);
#1142 = CARTESIAN_POINT('',(13.018091560567,2.28219070669,5.685506553486
    ));
#1143 = DIRECTION('',(0.,-0.939692620786,0.342020143326));
#1144 = DIRECTION('',(1.,0.,0.));
#1145 = ADVANCED_FACE('',(#1146),#1152,.T.);
#1146 = FACE_BOUND('',#1147,.F.);
#1147 = EDGE_LOOP('',(#1148,#1149,#1150,#1151));
#1148 = ORIENTED_EDGE('',*,*,#1023,.T.);
#1149 = ORIENTED_EDGE('',*,*,#1054,.T.);
#1150 = ORIENTED_EDGE('',*,*,#1085,.T.);
#1151 = ORIENTED_EDGE('',*,*,#1116,.T.);
#1152 = PLANE('',#1153);
#1153 = AXIS2_PLACEMENT_3D('',#1154,#1155,#1156);
#1154 = CARTESIAN_POINT('',(13.018091560567,1.530436610061,
    5.959122668147));
#1155 = DIRECTION('',(0.,-0.939692620786,0.342020143326));
#1156 = DIRECTION('',(1.,0.,0.));
#1157 = MANIFOLD_SOLID_BREP('',#1158);
#1158 = CLOSED_SHELL('',(#1159,#1201,#1234,#1267,#1300,#1333,#1366,#1399
    ,#1432,#1465,#1498,#1531,#1564,#1597,#1630,#1663,#1687,#1711));
#1159 = ADVANCED_FACE('',(#1160),#1194,.T.);
#1160 = FACE_BOUND('',#1161,.T.);
#1161 = EDGE_LOOP('',(#1162,#1172,#1180,#1188));
#1162 = ORIENTED_EDGE('',*,*,#1163,.T.);
#1163 = EDGE_CURVE('',#1164,#1166,#1168,.T.);
#1164 = VERTEX_POINT('',#1165);
#1165 = CARTESIAN_POINT('',(14.577919320594,2.334366118328,
    5.828857318814));
#1166 = VERTEX_POINT('',#1167);
#1167 = CARTESIAN_POINT('',(14.577919320594,1.582612021699,
    6.102473433474));
#1168 = LINE('',#1169,#1170);
#1169 = CARTESIAN_POINT('',(14.577919320594,2.334366118328,
    5.828857318814));
#1170 = VECTOR('',#1171,1.);
#1171 = DIRECTION('',(0.,-0.939692620786,0.342020143326));
#1172 = ORIENTED_EDGE('',*,*,#1173,.T.);
#1173 = EDGE_CURVE('',#1166,#1174,#1176,.T.);
#1174 = VERTEX_POINT('',#1175);
#1175 = CARTESIAN_POINT('',(14.174012738854,1.693278412024,
    6.406526841983));
#1176 = B_SPLINE_CURVE_WITH_KNOTS('',2,(#1177,#1178,#1179),
  .UNSPECIFIED.,.F.,.F.,(3,3),(0.,1.),.PIECEWISE_BEZIER_KNOTS.);
#1177 = CARTESIAN_POINT('',(14.577919320594,1.582612021699,
    6.102473433474));
#1178 = CARTESIAN_POINT('',(14.300212314225,1.622870188888,
    6.213081838774));
#1179 = CARTESIAN_POINT('',(14.174012738854,1.693278412024,
    6.406526841983));
#1180 = ORIENTED_EDGE('',*,*,#1181,.F.);
#1181 = EDGE_CURVE('',#1182,#1174,#1184,.T.);
#1182 = VERTEX_POINT('',#1183);
#1183 = CARTESIAN_POINT('',(14.174012738854,2.445032508653,
    6.132910727323));
#1184 = LINE('',#1185,#1186);
#1185 = CARTESIAN_POINT('',(14.174012738854,2.445032508653,
    6.132910727323));
#1186 = VECTOR('',#1187,1.);
#1187 = DIRECTION('',(0.,-0.939692620786,0.342020143326));
#1188 = ORIENTED_EDGE('',*,*,#1189,.F.);
#1189 = EDGE_CURVE('',#1164,#1182,#1190,.T.);
#1190 = B_SPLINE_CURVE_WITH_KNOTS('',2,(#1191,#1192,#1193),
  .UNSPECIFIED.,.F.,.F.,(3,3),(0.,1.),.PIECEWISE_BEZIER_KNOTS.);
#1191 = CARTESIAN_POINT('',(14.577919320594,2.334366118328,
    5.828857318814));
#1192 = CARTESIAN_POINT('',(14.300212314225,2.374624285517,
    5.939465724114));
#1193 = CARTESIAN_POINT('',(14.174012738854,2.445032508653,
    6.132910727323));
#1194 = SURFACE_OF_LINEAR_EXTRUSION('',#1195,#1199);
#1195 = B_SPLINE_CURVE_WITH_KNOTS('',2,(#1196,#1197,#1198),
  .UNSPECIFIED.,.F.,.F.,(3,3),(0.,1.),.PIECEWISE_BEZIER_KNOTS.);
#1196 = CARTESIAN_POINT('',(14.577919320594,2.334366118328,
    5.828857318814));
#1197 = CARTESIAN_POINT('',(14.300212314225,2.374624285517,
    5.939465724114));
#1198 = CARTESIAN_POINT('',(14.174012738854,2.445032508653,
    6.132910727323));
#1199 = VECTOR('',#1200,1.);
#1200 = DIRECTION('',(-0.,0.939692620786,-0.342020143326));
#1201 = ADVANCED_FACE('',(#1202),#1227,.T.);
#1202 = FACE_BOUND('',#1203,.T.);
#1203 = EDGE_LOOP('',(#1204,#1205,#1213,#1221));
#1204 = ORIENTED_EDGE('',*,*,#1181,.T.);
#1205 = ORIENTED_EDGE('',*,*,#1206,.T.);
#1206 = EDGE_CURVE('',#1174,#1207,#1209,.T.);
#1207 = VERTEX_POINT('',#1208);
#1208 = CARTESIAN_POINT('',(14.047983014862,1.847746617731,
    6.830924749188));
#1209 = B_SPLINE_CURVE_WITH_KNOTS('',2,(#1210,#1211,#1212),
  .UNSPECIFIED.,.F.,.F.,(3,3),(0.,1.),.PIECEWISE_BEZIER_KNOTS.);
#1210 = CARTESIAN_POINT('',(14.174012738854,1.693278412024,
    6.406526841983));
#1211 = CARTESIAN_POINT('',(14.047983014862,1.763744727753,
    6.600131453281));
#1212 = CARTESIAN_POINT('',(14.047983014862,1.847746617731,
    6.830924749188));
#1213 = ORIENTED_EDGE('',*,*,#1214,.F.);
#1214 = EDGE_CURVE('',#1215,#1207,#1217,.T.);
#1215 = VERTEX_POINT('',#1216);
#1216 = CARTESIAN_POINT('',(14.047983014862,2.59950071436,6.557308634528
    ));
#1217 = LINE('',#1218,#1219);
#1218 = CARTESIAN_POINT('',(14.047983014862,2.59950071436,6.557308634528
    ));
#1219 = VECTOR('',#1220,1.);
#1220 = DIRECTION('',(0.,-0.939692620786,0.342020143326));
#1221 = ORIENTED_EDGE('',*,*,#1222,.F.);
#1222 = EDGE_CURVE('',#1182,#1215,#1223,.T.);
#1223 = B_SPLINE_CURVE_WITH_KNOTS('',2,(#1224,#1225,#1226),
  .UNSPECIFIED.,.F.,.F.,(3,3),(0.,1.),.PIECEWISE_BEZIER_KNOTS.);
#1224 = CARTESIAN_POINT('',(14.174012738854,2.445032508653,
    6.132910727323));
#1225 = CARTESIAN_POINT('',(14.047983014862,2.515498824382,6.32651533862
    ));
#1226 = CARTESIAN_POINT('',(14.047983014862,2.59950071436,6.557308634528
    ));
#1227 = SURFACE_OF_LINEAR_EXTRUSION('',#1228,#1232);
#1228 = B_SPLINE_CURVE_WITH_KNOTS('',2,(#1229,#1230,#1231),
  .UNSPECIFIED.,.F.,.F.,(3,3),(0.,1.),.PIECEWISE_BEZIER_KNOTS.);
#1229 = CARTESIAN_POINT('',(14.174012738854,2.445032508653,
    6.132910727323));
#1230 = CARTESIAN_POINT('',(14.047983014862,2.515498824382,6.32651533862
    ));
#1231 = CARTESIAN_POINT('',(14.047983014862,2.59950071436,6.557308634528
    ));
#1232 = VECTOR('',#1233,1.);
#1233 = DIRECTION('',(-0.,0.939692620786,-0.342020143326));
#1234 = ADVANCED_FACE('',(#1235),#1260,.T.);
#1235 = FACE_BOUND('',#1236,.T.);
#1236 = EDGE_LOOP('',(#1237,#1238,#1246,#1254));
#1237 = ORIENTED_EDGE('',*,*,#1214,.T.);
#1238 = ORIENTED_EDGE('',*,*,#1239,.T.);
#1239 = EDGE_CURVE('',#1207,#1240,#1242,.T.);
#1240 = VERTEX_POINT('',#1241);
#1241 = CARTESIAN_POINT('',(14.339617834395,2.084822491177,
    7.482285358178));
#1242 = B_SPLINE_CURVE_WITH_KNOTS('',2,(#1243,#1244,#1245),
  .UNSPECIFIED.,.F.,.F.,(3,3),(0.,1.),.PIECEWISE_BEZIER_KNOTS.);
#1243 = CARTESIAN_POINT('',(14.047983014862,1.847746617731,
    6.830924749188));
#1244 = CARTESIAN_POINT('',(14.047983014862,1.991235323296,
    7.225156727675));
#1245 = CARTESIAN_POINT('',(14.339617834395,2.084822491177,
    7.482285358178));
#1246 = ORIENTED_EDGE('',*,*,#1247,.F.);
#1247 = EDGE_CURVE('',#1248,#1240,#1250,.T.);
#1248 = VERTEX_POINT('',#1249);
#1249 = CARTESIAN_POINT('',(14.339617834395,2.836576587806,
    7.208669243518));
#1250 = LINE('',#1251,#1252);
#1251 = CARTESIAN_POINT('',(14.339617834395,2.836576587806,
    7.208669243518));
#1252 = VECTOR('',#1253,1.);
#1253 = DIRECTION('',(0.,-0.939692620786,0.342020143326));
#1254 = ORIENTED_EDGE('',*,*,#1255,.F.);
#1255 = EDGE_CURVE('',#1215,#1248,#1256,.T.);
#1256 = B_SPLINE_CURVE_WITH_KNOTS('',2,(#1257,#1258,#1259),
  .UNSPECIFIED.,.F.,.F.,(3,3),(0.,1.),.PIECEWISE_BEZIER_KNOTS.);
#1257 = CARTESIAN_POINT('',(14.047983014862,2.59950071436,6.557308634528
    ));
#1258 = CARTESIAN_POINT('',(14.047983014862,2.742989419925,
    6.951540613015));
#1259 = CARTESIAN_POINT('',(14.339617834395,2.836576587806,
    7.208669243518));
#1260 = SURFACE_OF_LINEAR_EXTRUSION('',#1261,#1265);
#1261 = B_SPLINE_CURVE_WITH_KNOTS('',2,(#1262,#1263,#1264),
  .UNSPECIFIED.,.F.,.F.,(3,3),(0.,1.),.PIECEWISE_BEZIER_KNOTS.);
#1262 = CARTESIAN_POINT('',(14.047983014862,2.59950071436,6.557308634528
    ));
#1263 = CARTESIAN_POINT('',(14.047983014862,2.742989419925,
    6.951540613015));
#1264 = CARTESIAN_POINT('',(14.339617834395,2.836576587806,
    7.208669243518));
#1265 = VECTOR('',#1266,1.);
#1266 = DIRECTION('',(-0.,0.939692620786,-0.342020143326));
#1267 = ADVANCED_FACE('',(#1268),#1293,.T.);
#1268 = FACE_BOUND('',#1269,.T.);
#1269 = EDGE_LOOP('',(#1270,#1271,#1279,#1287));
#1270 = ORIENTED_EDGE('',*,*,#1247,.T.);
#1271 = ORIENTED_EDGE('',*,*,#1272,.T.);
#1272 = EDGE_CURVE('',#1240,#1273,#1275,.T.);
#1273 = VERTEX_POINT('',#1274);
#1274 = CARTESIAN_POINT('',(15.169002123142,2.178467751651,7.73957359677
    ));
#1275 = B_SPLINE_CURVE_WITH_KNOTS('',2,(#1276,#1277,#1278),
  .UNSPECIFIED.,.F.,.F.,(3,3),(0.,1.),.PIECEWISE_BEZIER_KNOTS.);
#1276 = CARTESIAN_POINT('',(14.339617834395,2.084822491177,
    7.482285358178));
#1277 = CARTESIAN_POINT('',(14.631422505308,2.178467751651,7.73957359677
    ));
#1278 = CARTESIAN_POINT('',(15.169002123142,2.178467751651,7.73957359677
    ));
#1279 = ORIENTED_EDGE('',*,*,#1280,.F.);
#1280 = EDGE_CURVE('',#1281,#1273,#1283,.T.);
#1281 = VERTEX_POINT('',#1282);
#1282 = CARTESIAN_POINT('',(15.169002123142,2.93022184828,7.465957482109
    ));
#1283 = LINE('',#1284,#1285);
#1284 = CARTESIAN_POINT('',(15.169002123142,2.93022184828,7.465957482109
    ));
#1285 = VECTOR('',#1286,1.);
#1286 = DIRECTION('',(0.,-0.939692620786,0.342020143326));
#1287 = ORIENTED_EDGE('',*,*,#1288,.F.);
#1288 = EDGE_CURVE('',#1248,#1281,#1289,.T.);
#1289 = B_SPLINE_CURVE_WITH_KNOTS('',2,(#1290,#1291,#1292),
  .UNSPECIFIED.,.F.,.F.,(3,3),(0.,1.),.PIECEWISE_BEZIER_KNOTS.);
#1290 = CARTESIAN_POINT('',(14.339617834395,2.836576587806,
    7.208669243518));
#1291 = CARTESIAN_POINT('',(14.631422505308,2.93022184828,7.465957482109
    ));
#1292 = CARTESIAN_POINT('',(15.169002123142,2.93022184828,7.465957482109
    ));
#1293 = SURFACE_OF_LINEAR_EXTRUSION('',#1294,#1298);
#1294 = B_SPLINE_CURVE_WITH_KNOTS('',2,(#1295,#1296,#1297),
  .UNSPECIFIED.,.F.,.F.,(3,3),(0.,1.),.PIECEWISE_BEZIER_KNOTS.);
#1295 = CARTESIAN_POINT('',(14.339617834395,2.836576587806,
    7.208669243518));
#1296 = CARTESIAN_POINT('',(14.631422505308,2.93022184828,7.465957482109
    ));
#1297 = CARTESIAN_POINT('',(15.169002123142,2.93022184828,7.465957482109
    ));
#1298 = VECTOR('',#1299,1.);
#1299 = DIRECTION('',(-0.,0.939692620786,-0.342020143326));
#1300 = ADVANCED_FACE('',(#1301),#1326,.T.);
#1301 = FACE_BOUND('',#1302,.T.);
#1302 = EDGE_LOOP('',(#1303,#1304,#1312,#1320));
#1303 = ORIENTED_EDGE('',*,*,#1280,.T.);
#1304 = ORIENTED_EDGE('',*,*,#1305,.T.);
#1305 = EDGE_CURVE('',#1273,#1306,#1308,.T.);
#1306 = VERTEX_POINT('',#1307);
#1307 = CARTESIAN_POINT('',(15.995668789809,2.084822491177,
    7.482285358178));
#1308 = B_SPLINE_CURVE_WITH_KNOTS('',2,(#1309,#1310,#1311),
  .UNSPECIFIED.,.F.,.F.,(3,3),(0.,1.),.PIECEWISE_BEZIER_KNOTS.);
#1309 = CARTESIAN_POINT('',(15.169002123142,2.178467751651,7.73957359677
    ));
#1310 = CARTESIAN_POINT('',(15.701486199575,2.178467751651,7.73957359677
    ));
#1311 = CARTESIAN_POINT('',(15.995668789809,2.084822491177,
    7.482285358178));
#1312 = ORIENTED_EDGE('',*,*,#1313,.F.);
#1313 = EDGE_CURVE('',#1314,#1306,#1316,.T.);
#1314 = VERTEX_POINT('',#1315);
#1315 = CARTESIAN_POINT('',(15.995668789809,2.836576587806,
    7.208669243518));
#1316 = LINE('',#1317,#1318);
#1317 = CARTESIAN_POINT('',(15.995668789809,2.836576587806,
    7.208669243518));
#1318 = VECTOR('',#1319,1.);
#1319 = DIRECTION('',(0.,-0.939692620786,0.342020143326));
#1320 = ORIENTED_EDGE('',*,*,#1321,.F.);
#1321 = EDGE_CURVE('',#1281,#1314,#1322,.T.);
#1322 = B_SPLINE_CURVE_WITH_KNOTS('',2,(#1323,#1324,#1325),
  .UNSPECIFIED.,.F.,.F.,(3,3),(0.,1.),.PIECEWISE_BEZIER_KNOTS.);
#1323 = CARTESIAN_POINT('',(15.169002123142,2.93022184828,7.465957482109
    ));
#1324 = CARTESIAN_POINT('',(15.701486199575,2.93022184828,7.465957482109
    ));
#1325 = CARTESIAN_POINT('',(15.995668789809,2.836576587806,
    7.208669243518));
#1326 = SURFACE_OF_LINEAR_EXTRUSION('',#1327,#1331);
#1327 = B_SPLINE_CURVE_WITH_KNOTS('',2,(#1328,#1329,#1330),
  .UNSPECIFIED.,.F.,.F.,(3,3),(0.,1.),.PIECEWISE_BEZIER_KNOTS.);
#1328 = CARTESIAN_POINT('',(15.169002123142,2.93022184828,7.465957482109
    ));
#1329 = CARTESIAN_POINT('',(15.701486199575,2.93022184828,7.465957482109
    ));
#1330 = CARTESIAN_POINT('',(15.995668789809,2.836576587806,
    7.208669243518));
#1331 = VECTOR('',#1332,1.);
#1332 = DIRECTION('',(-0.,0.939692620786,-0.342020143326));
#1333 = ADVANCED_FACE('',(#1334),#1359,.T.);
#1334 = FACE_BOUND('',#1335,.T.);
#1335 = EDGE_LOOP('',(#1336,#1337,#1345,#1353));
#1336 = ORIENTED_EDGE('',*,*,#1313,.T.);
#1337 = ORIENTED_EDGE('',*,*,#1338,.T.);
#1338 = EDGE_CURVE('',#1306,#1339,#1341,.T.);
#1339 = VERTEX_POINT('',#1340);
#1340 = CARTESIAN_POINT('',(16.290021231423,1.847746617731,
    6.830924749188));
#1341 = B_SPLINE_CURVE_WITH_KNOTS('',2,(#1342,#1343,#1344),
  .UNSPECIFIED.,.F.,.F.,(3,3),(0.,1.),.PIECEWISE_BEZIER_KNOTS.);
#1342 = CARTESIAN_POINT('',(15.995668789809,2.084822491177,
    7.482285358178));
#1343 = CARTESIAN_POINT('',(16.290021231423,1.991235323296,
    7.225156727675));
#1344 = CARTESIAN_POINT('',(16.290021231423,1.847746617731,
    6.830924749188));
#1345 = ORIENTED_EDGE('',*,*,#1346,.F.);
#1346 = EDGE_CURVE('',#1347,#1339,#1349,.T.);
#1347 = VERTEX_POINT('',#1348);
#1348 = CARTESIAN_POINT('',(16.290021231423,2.59950071436,6.557308634528
    ));
#1349 = LINE('',#1350,#1351);
#1350 = CARTESIAN_POINT('',(16.290021231423,2.59950071436,6.557308634528
    ));
#1351 = VECTOR('',#1352,1.);
#1352 = DIRECTION('',(0.,-0.939692620786,0.342020143326));
#1353 = ORIENTED_EDGE('',*,*,#1354,.F.);
#1354 = EDGE_CURVE('',#1314,#1347,#1355,.T.);
#1355 = B_SPLINE_CURVE_WITH_KNOTS('',2,(#1356,#1357,#1358),
  .UNSPECIFIED.,.F.,.F.,(3,3),(0.,1.),.PIECEWISE_BEZIER_KNOTS.);
#1356 = CARTESIAN_POINT('',(15.995668789809,2.836576587806,
    7.208669243518));
#1357 = CARTESIAN_POINT('',(16.290021231423,2.742989419925,
    6.951540613015));
#1358 = CARTESIAN_POINT('',(16.290021231423,2.59950071436,6.557308634528
    ));
#1359 = SURFACE_OF_LINEAR_EXTRUSION('',#1360,#1364);
#1360 = B_SPLINE_CURVE_WITH_KNOTS('',2,(#1361,#1362,#1363),
  .UNSPECIFIED.,.F.,.F.,(3,3),(0.,1.),.PIECEWISE_BEZIER_KNOTS.);
#1361 = CARTESIAN_POINT('',(15.995668789809,2.836576587806,
    7.208669243518));
#1362 = CARTESIAN_POINT('',(16.290021231423,2.742989419925,
    6.951540613015));
#1363 = CARTESIAN_POINT('',(16.290021231423,2.59950071436,6.557308634528
    ));
#1364 = VECTOR('',#1365,1.);
#1365 = DIRECTION('',(-0.,0.939692620786,-0.342020143326));
#1366 = ADVANCED_FACE('',(#1367),#1392,.T.);
#1367 = FACE_BOUND('',#1368,.T.);
#1368 = EDGE_LOOP('',(#1369,#1370,#1378,#1386));
#1369 = ORIENTED_EDGE('',*,*,#1346,.T.);
#1370 = ORIENTED_EDGE('',*,*,#1371,.T.);
#1371 = EDGE_CURVE('',#1339,#1372,#1374,.T.);
#1372 = VERTEX_POINT('',#1373);
#1373 = CARTESIAN_POINT('',(16.154989384289,1.688921467523,
    6.394556235349));
#1374 = B_SPLINE_CURVE_WITH_KNOTS('',2,(#1375,#1376,#1377),
  .UNSPECIFIED.,.F.,.F.,(3,3),(0.,1.),.PIECEWISE_BEZIER_KNOTS.);
#1375 = CARTESIAN_POINT('',(16.290021231423,1.847746617731,
    6.830924749188));
#1376 = CARTESIAN_POINT('',(16.290021231423,1.758458301758,
    6.585607117231));
#1377 = CARTESIAN_POINT('',(16.154989384289,1.688921467523,
    6.394556235349));
#1378 = ORIENTED_EDGE('',*,*,#1379,.F.);
#1379 = EDGE_CURVE('',#1380,#1372,#1382,.T.);
#1380 = VERTEX_POINT('',#1381);
#1381 = CARTESIAN_POINT('',(16.154989384289,2.440675564152,
    6.120940120689));
#1382 = LINE('',#1383,#1384);
#1383 = CARTESIAN_POINT('',(16.154989384289,2.440675564152,
    6.120940120689));
#1384 = VECTOR('',#1385,1.);
#1385 = DIRECTION('',(0.,-0.939692620786,0.342020143326));
#1386 = ORIENTED_EDGE('',*,*,#1387,.F.);
#1387 = EDGE_CURVE('',#1347,#1380,#1388,.T.);
#1388 = B_SPLINE_CURVE_WITH_KNOTS('',2,(#1389,#1390,#1391),
  .UNSPECIFIED.,.F.,.F.,(3,3),(0.,1.),.PIECEWISE_BEZIER_KNOTS.);
#1389 = CARTESIAN_POINT('',(16.290021231423,2.59950071436,6.557308634528
    ));
#1390 = CARTESIAN_POINT('',(16.290021231423,2.510212398387,
    6.311991002571));
#1391 = CARTESIAN_POINT('',(16.154989384289,2.440675564152,
    6.120940120689));
#1392 = SURFACE_OF_LINEAR_EXTRUSION('',#1393,#1397);
#1393 = B_SPLINE_CURVE_WITH_KNOTS('',2,(#1394,#1395,#1396),
  .UNSPECIFIED.,.F.,.F.,(3,3),(0.,1.),.PIECEWISE_BEZIER_KNOTS.);
#1394 = CARTESIAN_POINT('',(16.290021231423,2.59950071436,6.557308634528
    ));
#1395 = CARTESIAN_POINT('',(16.290021231423,2.510212398387,
    6.311991002571));
#1396 = CARTESIAN_POINT('',(16.154989384289,2.440675564152,
    6.120940120689));
#1397 = VECTOR('',#1398,1.);
#1398 = DIRECTION('',(-0.,0.939692620786,-0.342020143326));
#1399 = ADVANCED_FACE('',(#1400),#1425,.T.);
#1400 = FACE_BOUND('',#1401,.T.);
#1401 = EDGE_LOOP('',(#1402,#1403,#1411,#1419));
#1402 = ORIENTED_EDGE('',*,*,#1379,.T.);
#1403 = ORIENTED_EDGE('',*,*,#1404,.T.);
#1404 = EDGE_CURVE('',#1372,#1405,#1407,.T.);
#1405 = VERTEX_POINT('',#1406);
#1406 = CARTESIAN_POINT('',(15.775371549894,1.582612021699,
    6.102473433474));
#1407 = B_SPLINE_CURVE_WITH_KNOTS('',2,(#1408,#1409,#1410),
  .UNSPECIFIED.,.F.,.F.,(3,3),(0.,1.),.PIECEWISE_BEZIER_KNOTS.);
#1408 = CARTESIAN_POINT('',(16.154989384289,1.688921467523,
    6.394556235349));
#1409 = CARTESIAN_POINT('',(16.019957537155,1.619384633288,
    6.203505353467));
#1410 = CARTESIAN_POINT('',(15.775371549894,1.582612021699,
    6.102473433474));
#1411 = ORIENTED_EDGE('',*,*,#1412,.F.);
#1412 = EDGE_CURVE('',#1413,#1405,#1415,.T.);
#1413 = VERTEX_POINT('',#1414);
#1414 = CARTESIAN_POINT('',(15.775371549894,2.334366118328,
    5.828857318814));
#1415 = LINE('',#1416,#1417);
#1416 = CARTESIAN_POINT('',(15.775371549894,2.334366118328,
    5.828857318814));
#1417 = VECTOR('',#1418,1.);
#1418 = DIRECTION('',(0.,-0.939692620786,0.342020143326));
#1419 = ORIENTED_EDGE('',*,*,#1420,.F.);
#1420 = EDGE_CURVE('',#1380,#1413,#1421,.T.);
#1421 = B_SPLINE_CURVE_WITH_KNOTS('',2,(#1422,#1423,#1424),
  .UNSPECIFIED.,.F.,.F.,(3,3),(0.,1.),.PIECEWISE_BEZIER_KNOTS.);
#1422 = CARTESIAN_POINT('',(16.154989384289,2.440675564152,
    6.120940120689));
#1423 = CARTESIAN_POINT('',(16.019957537155,2.371138729916,
    5.929889238807));
#1424 = CARTESIAN_POINT('',(15.775371549894,2.334366118328,
    5.828857318814));
#1425 = SURFACE_OF_LINEAR_EXTRUSION('',#1426,#1430);
#1426 = B_SPLINE_CURVE_WITH_KNOTS('',2,(#1427,#1428,#1429),
  .UNSPECIFIED.,.F.,.F.,(3,3),(0.,1.),.PIECEWISE_BEZIER_KNOTS.);
#1427 = CARTESIAN_POINT('',(16.154989384289,2.440675564152,
    6.120940120689));
#1428 = CARTESIAN_POINT('',(16.019957537155,2.371138729916,
    5.929889238807));
#1429 = CARTESIAN_POINT('',(15.775371549894,2.334366118328,
    5.828857318814));
#1430 = VECTOR('',#1431,1.);
#1431 = DIRECTION('',(-0.,0.939692620786,-0.342020143326));
#1432 = ADVANCED_FACE('',(#1433),#1458,.T.);
#1433 = FACE_BOUND('',#1434,.T.);
#1434 = EDGE_LOOP('',(#1435,#1436,#1444,#1452));
#1435 = ORIENTED_EDGE('',*,*,#1412,.T.);
#1436 = ORIENTED_EDGE('',*,*,#1437,.T.);
#1437 = EDGE_CURVE('',#1405,#1438,#1440,.T.);
#1438 = VERTEX_POINT('',#1439);
#1439 = CARTESIAN_POINT('',(16.247898089172,1.457829131192,5.75963525947
    ));
#1440 = B_SPLINE_CURVE_WITH_KNOTS('',2,(#1441,#1442,#1443),
  .UNSPECIFIED.,.F.,.F.,(3,3),(0.,1.),.PIECEWISE_BEZIER_KNOTS.);
#1441 = CARTESIAN_POINT('',(15.775371549894,1.582612021699,
    6.102473433474));
#1442 = CARTESIAN_POINT('',(16.086199575372,1.539855872997,
    5.985001880371));
#1443 = CARTESIAN_POINT('',(16.247898089172,1.457829131192,5.75963525947
    ));
#1444 = ORIENTED_EDGE('',*,*,#1445,.F.);
#1445 = EDGE_CURVE('',#1446,#1438,#1448,.T.);
#1446 = VERTEX_POINT('',#1447);
#1447 = CARTESIAN_POINT('',(16.247898089172,2.20958322782,5.48601914481)
  );
#1448 = LINE('',#1449,#1450);
#1449 = CARTESIAN_POINT('',(16.247898089172,2.20958322782,5.48601914481)
  );
#1450 = VECTOR('',#1451,1.);
#1451 = DIRECTION('',(0.,-0.939692620786,0.342020143326));
#1452 = ORIENTED_EDGE('',*,*,#1453,.F.);
#1453 = EDGE_CURVE('',#1413,#1446,#1454,.T.);
#1454 = B_SPLINE_CURVE_WITH_KNOTS('',2,(#1455,#1456,#1457),
  .UNSPECIFIED.,.F.,.F.,(3,3),(0.,1.),.PIECEWISE_BEZIER_KNOTS.);
#1455 = CARTESIAN_POINT('',(15.775371549894,2.334366118328,
    5.828857318814));
#1456 = CARTESIAN_POINT('',(16.086199575372,2.291609969625,5.71138576571
    ));
#1457 = CARTESIAN_POINT('',(16.247898089172,2.20958322782,5.48601914481)
  );
#1458 = SURFACE_OF_LINEAR_EXTRUSION('',#1459,#1463);
#1459 = B_SPLINE_CURVE_WITH_KNOTS('',2,(#1460,#1461,#1462),
  .UNSPECIFIED.,.F.,.F.,(3,3),(0.,1.),.PIECEWISE_BEZIER_KNOTS.);
#1460 = CARTESIAN_POINT('',(15.775371549894,2.334366118328,
    5.828857318814));
#1461 = CARTESIAN_POINT('',(16.086199575372,2.291609969625,5.71138576571
    ));
#1462 = CARTESIAN_POINT('',(16.247898089172,2.20958322782,5.48601914481)
  );
#1463 = VECTOR('',#1464,1.);
#1464 = DIRECTION('',(-0.,0.939692620786,-0.342020143326));
#1465 = ADVANCED_FACE('',(#1466),#1491,.T.);
#1466 = FACE_BOUND('',#1467,.T.);
#1467 = EDGE_LOOP('',(#1468,#1469,#1477,#1485));
#1468 = ORIENTED_EDGE('',*,*,#1445,.T.);
#1469 = ORIENTED_EDGE('',*,*,#1470,.T.);
#1470 = EDGE_CURVE('',#1438,#1471,#1473,.T.);
#1471 = VERTEX_POINT('',#1472);
#1472 = CARTESIAN_POINT('',(16.409766454352,1.268505369477,
    5.239472499192));
#1473 = B_SPLINE_CURVE_WITH_KNOTS('',2,(#1474,#1475,#1476),
  .UNSPECIFIED.,.F.,.F.,(3,3),(0.,1.),.PIECEWISE_BEZIER_KNOTS.);
#1474 = CARTESIAN_POINT('',(16.247898089172,1.457829131192,5.75963525947
    ));
#1475 = CARTESIAN_POINT('',(16.409766454352,1.375802389387,5.53426863857
    ));
#1476 = CARTESIAN_POINT('',(16.409766454352,1.268505369477,
    5.239472499192));
#1477 = ORIENTED_EDGE('',*,*,#1478,.F.);
#1478 = EDGE_CURVE('',#1479,#1471,#1481,.T.);
#1479 = VERTEX_POINT('',#1480);
#1480 = CARTESIAN_POINT('',(16.409766454352,2.020259466105,
    4.965856384531));
#1481 = LINE('',#1482,#1483);
#1482 = CARTESIAN_POINT('',(16.409766454352,2.020259466105,
    4.965856384531));
#1483 = VECTOR('',#1484,1.);
#1484 = DIRECTION('',(0.,-0.939692620786,0.342020143326));
#1485 = ORIENTED_EDGE('',*,*,#1486,.F.);
#1486 = EDGE_CURVE('',#1446,#1479,#1487,.T.);
#1487 = B_SPLINE_CURVE_WITH_KNOTS('',2,(#1488,#1489,#1490),
  .UNSPECIFIED.,.F.,.F.,(3,3),(0.,1.),.PIECEWISE_BEZIER_KNOTS.);
#1488 = CARTESIAN_POINT('',(16.247898089172,2.20958322782,5.48601914481)
  );
#1489 = CARTESIAN_POINT('',(16.409766454352,2.127556486016,5.26065252391
    ));
#1490 = CARTESIAN_POINT('',(16.409766454352,2.020259466105,
    4.965856384531));
#1491 = SURFACE_OF_LINEAR_EXTRUSION('',#1492,#1496);
#1492 = B_SPLINE_CURVE_WITH_KNOTS('',2,(#1493,#1494,#1495),
  .UNSPECIFIED.,.F.,.F.,(3,3),(0.,1.),.PIECEWISE_BEZIER_KNOTS.);
#1493 = CARTESIAN_POINT('',(16.247898089172,2.20958322782,5.48601914481)
  );
#1494 = CARTESIAN_POINT('',(16.409766454352,2.127556486016,5.26065252391
    ));
#1495 = CARTESIAN_POINT('',(16.409766454352,2.020259466105,
    4.965856384531));
#1496 = VECTOR('',#1497,1.);
#1497 = DIRECTION('',(-0.,0.939692620786,-0.342020143326));
#1498 = ADVANCED_FACE('',(#1499),#1524,.T.);
#1499 = FACE_BOUND('',#1500,.T.);
#1500 = EDGE_LOOP('',(#1501,#1502,#1510,#1518));
#1501 = ORIENTED_EDGE('',*,*,#1478,.T.);
#1502 = ORIENTED_EDGE('',*,*,#1503,.T.);
#1503 = EDGE_CURVE('',#1471,#1504,#1506,.T.);
#1504 = VERTEX_POINT('',#1505);
#1505 = CARTESIAN_POINT('',(16.07974522293,0.98054038426,4.448295204714)
  );
#1506 = B_SPLINE_CURVE_WITH_KNOTS('',2,(#1507,#1508,#1509),
  .UNSPECIFIED.,.F.,.F.,(3,3),(0.,1.),.PIECEWISE_BEZIER_KNOTS.);
#1507 = CARTESIAN_POINT('',(16.409766454352,1.268505369477,
    5.239472499192));
#1508 = CARTESIAN_POINT('',(16.409766454352,1.091381052364,
    4.752827437489));
#1509 = CARTESIAN_POINT('',(16.07974522293,0.98054038426,4.448295204714)
  );
#1510 = ORIENTED_EDGE('',*,*,#1511,.F.);
#1511 = EDGE_CURVE('',#1512,#1504,#1514,.T.);
#1512 = VERTEX_POINT('',#1513);
#1513 = CARTESIAN_POINT('',(16.07974522293,1.732294480888,4.174679090054
    ));
#1514 = LINE('',#1515,#1516);
#1515 = CARTESIAN_POINT('',(16.07974522293,1.732294480888,4.174679090054
    ));
#1516 = VECTOR('',#1517,1.);
#1517 = DIRECTION('',(0.,-0.939692620786,0.342020143326));
#1518 = ORIENTED_EDGE('',*,*,#1519,.F.);
#1519 = EDGE_CURVE('',#1479,#1512,#1520,.T.);
#1520 = B_SPLINE_CURVE_WITH_KNOTS('',2,(#1521,#1522,#1523),
  .UNSPECIFIED.,.F.,.F.,(3,3),(0.,1.),.PIECEWISE_BEZIER_KNOTS.);
#1521 = CARTESIAN_POINT('',(16.409766454352,2.020259466105,
    4.965856384531));
#1522 = CARTESIAN_POINT('',(16.409766454352,1.843135148993,
    4.479211322828));
#1523 = CARTESIAN_POINT('',(16.07974522293,1.732294480888,4.174679090054
    ));
#1524 = SURFACE_OF_LINEAR_EXTRUSION('',#1525,#1529);
#1525 = B_SPLINE_CURVE_WITH_KNOTS('',2,(#1526,#1527,#1528),
  .UNSPECIFIED.,.F.,.F.,(3,3),(0.,1.),.PIECEWISE_BEZIER_KNOTS.);
#1526 = CARTESIAN_POINT('',(16.409766454352,2.020259466105,
    4.965856384531));
#1527 = CARTESIAN_POINT('',(16.409766454352,1.843135148993,
    4.479211322828));
#1528 = CARTESIAN_POINT('',(16.07974522293,1.732294480888,4.174679090054
    ));
#1529 = VECTOR('',#1530,1.);
#1530 = DIRECTION('',(-0.,0.939692620786,-0.342020143326));
#1531 = ADVANCED_FACE('',(#1532),#1557,.T.);
#1532 = FACE_BOUND('',#1533,.T.);
#1533 = EDGE_LOOP('',(#1534,#1535,#1543,#1551));
#1534 = ORIENTED_EDGE('',*,*,#1511,.T.);
#1535 = ORIENTED_EDGE('',*,*,#1536,.T.);
#1536 = EDGE_CURVE('',#1504,#1537,#1539,.T.);
#1537 = VERTEX_POINT('',#1538);
#1538 = CARTESIAN_POINT('',(15.202123142251,0.869757808748,
    4.143922580028));
#1539 = B_SPLINE_CURVE_WITH_KNOTS('',2,(#1540,#1541,#1542),
  .UNSPECIFIED.,.F.,.F.,(3,3),(0.,1.),.PIECEWISE_BEZIER_KNOTS.);
#1540 = CARTESIAN_POINT('',(16.07974522293,0.98054038426,4.448295204714)
  );
#1541 = CARTESIAN_POINT('',(15.749893842887,0.869757808748,
    4.143922580028));
#1542 = CARTESIAN_POINT('',(15.202123142251,0.869757808748,
    4.143922580028));
#1543 = ORIENTED_EDGE('',*,*,#1544,.F.);
#1544 = EDGE_CURVE('',#1545,#1537,#1547,.T.);
#1545 = VERTEX_POINT('',#1546);
#1546 = CARTESIAN_POINT('',(15.202123142251,1.621511905377,
    3.870306465368));
#1547 = LINE('',#1548,#1549);
#1548 = CARTESIAN_POINT('',(15.202123142251,1.621511905377,
    3.870306465368));
#1549 = VECTOR('',#1550,1.);
#1550 = DIRECTION('',(0.,-0.939692620786,0.342020143326));
#1551 = ORIENTED_EDGE('',*,*,#1552,.F.);
#1552 = EDGE_CURVE('',#1512,#1545,#1553,.T.);
#1553 = B_SPLINE_CURVE_WITH_KNOTS('',2,(#1554,#1555,#1556),
  .UNSPECIFIED.,.F.,.F.,(3,3),(0.,1.),.PIECEWISE_BEZIER_KNOTS.);
#1554 = CARTESIAN_POINT('',(16.07974522293,1.732294480888,4.174679090054
    ));
#1555 = CARTESIAN_POINT('',(15.749893842887,1.621511905377,
    3.870306465368));
#1556 = CARTESIAN_POINT('',(15.202123142251,1.621511905377,
    3.870306465368));
#1557 = SURFACE_OF_LINEAR_EXTRUSION('',#1558,#1562);
#1558 = B_SPLINE_CURVE_WITH_KNOTS('',2,(#1559,#1560,#1561),
  .UNSPECIFIED.,.F.,.F.,(3,3),(0.,1.),.PIECEWISE_BEZIER_KNOTS.);
#1559 = CARTESIAN_POINT('',(16.07974522293,1.732294480888,4.174679090054
    ));
#1560 = CARTESIAN_POINT('',(15.749893842887,1.621511905377,
    3.870306465368));
#1561 = CARTESIAN_POINT('',(15.202123142251,1.621511905377,
    3.870306465368));
#1562 = VECTOR('',#1563,1.);
#1563 = DIRECTION('',(-0.,0.939692620786,-0.342020143326));
#1564 = ADVANCED_FACE('',(#1565),#1590,.T.);
#1565 = FACE_BOUND('',#1566,.T.);
#1566 = EDGE_LOOP('',(#1567,#1568,#1576,#1584));
#1567 = ORIENTED_EDGE('',*,*,#1544,.T.);
#1568 = ORIENTED_EDGE('',*,*,#1569,.T.);
#1569 = EDGE_CURVE('',#1537,#1570,#1572,.T.);
#1570 = VERTEX_POINT('',#1571);
#1571 = CARTESIAN_POINT('',(14.353715498938,0.961369828455,
    4.395624535524));
#1572 = B_SPLINE_CURVE_WITH_KNOTS('',2,(#1573,#1574,#1575),
  .UNSPECIFIED.,.F.,.F.,(3,3),(0.,1.),.PIECEWISE_BEZIER_KNOTS.);
#1573 = CARTESIAN_POINT('',(15.202123142251,0.869757808748,
    4.143922580028));
#1574 = CARTESIAN_POINT('',(14.692569002123,0.869757808748,
    4.143922580028));
#1575 = CARTESIAN_POINT('',(14.353715498938,0.961369828455,
    4.395624535524));
#1576 = ORIENTED_EDGE('',*,*,#1577,.F.);
#1577 = EDGE_CURVE('',#1578,#1570,#1580,.T.);
#1578 = VERTEX_POINT('',#1579);
#1579 = CARTESIAN_POINT('',(14.353715498938,1.713123925084,
    4.122008420863));
#1580 = LINE('',#1581,#1582);
#1581 = CARTESIAN_POINT('',(14.353715498938,1.713123925084,
    4.122008420863));
#1582 = VECTOR('',#1583,1.);
#1583 = DIRECTION('',(0.,-0.939692620786,0.342020143326));
#1584 = ORIENTED_EDGE('',*,*,#1585,.F.);
#1585 = EDGE_CURVE('',#1545,#1578,#1586,.T.);
#1586 = B_SPLINE_CURVE_WITH_KNOTS('',2,(#1587,#1588,#1589),
  .UNSPECIFIED.,.F.,.F.,(3,3),(0.,1.),.PIECEWISE_BEZIER_KNOTS.);
#1587 = CARTESIAN_POINT('',(15.202123142251,1.621511905377,
    3.870306465368));
#1588 = CARTESIAN_POINT('',(14.692569002123,1.621511905377,
    3.870306465368));
#1589 = CARTESIAN_POINT('',(14.353715498938,1.713123925084,
    4.122008420863));
#1590 = SURFACE_OF_LINEAR_EXTRUSION('',#1591,#1595);
#1591 = B_SPLINE_CURVE_WITH_KNOTS('',2,(#1592,#1593,#1594),
  .UNSPECIFIED.,.F.,.F.,(3,3),(0.,1.),.PIECEWISE_BEZIER_KNOTS.);
#1592 = CARTESIAN_POINT('',(15.202123142251,1.621511905377,
    3.870306465368));
#1593 = CARTESIAN_POINT('',(14.692569002123,1.621511905377,
    3.870306465368));
#1594 = CARTESIAN_POINT('',(14.353715498938,1.713123925084,
    4.122008420863));
#1595 = VECTOR('',#1596,1.);
#1596 = DIRECTION('',(-0.,0.939692620786,-0.342020143326));
#1597 = ADVANCED_FACE('',(#1598),#1623,.T.);
#1598 = FACE_BOUND('',#1599,.T.);
#1599 = EDGE_LOOP('',(#1600,#1601,#1609,#1617));
#1600 = ORIENTED_EDGE('',*,*,#1577,.T.);
#1601 = ORIENTED_EDGE('',*,*,#1602,.T.);
#1602 = EDGE_CURVE('',#1570,#1603,#1605,.T.);
#1603 = VERTEX_POINT('',#1604);
#1604 = CARTESIAN_POINT('',(13.953715498938,1.258048702674,
    5.210743043269));
#1605 = B_SPLINE_CURVE_WITH_KNOTS('',2,(#1606,#1607,#1608),
  .UNSPECIFIED.,.F.,.F.,(3,3),(0.,1.),.PIECEWISE_BEZIER_KNOTS.);
#1606 = CARTESIAN_POINT('',(14.353715498938,0.961369828455,
    4.395624535524));
#1607 = CARTESIAN_POINT('',(13.953715498938,1.069538237266,
    4.692814796229));
#1608 = CARTESIAN_POINT('',(13.953715498938,1.258048702674,
    5.210743043269));
#1609 = ORIENTED_EDGE('',*,*,#1610,.F.);
#1610 = EDGE_CURVE('',#1611,#1603,#1613,.T.);
#1611 = VERTEX_POINT('',#1612);
#1612 = CARTESIAN_POINT('',(13.953715498938,2.009802799303,
    4.937126928609));
#1613 = LINE('',#1614,#1615);
#1614 = CARTESIAN_POINT('',(13.953715498938,2.009802799303,
    4.937126928609));
#1615 = VECTOR('',#1616,1.);
#1616 = DIRECTION('',(0.,-0.939692620786,0.342020143326));
#1617 = ORIENTED_EDGE('',*,*,#1618,.F.);
#1618 = EDGE_CURVE('',#1578,#1611,#1619,.T.);
#1619 = B_SPLINE_CURVE_WITH_KNOTS('',2,(#1620,#1621,#1622),
  .UNSPECIFIED.,.F.,.F.,(3,3),(0.,1.),.PIECEWISE_BEZIER_KNOTS.);
#1620 = CARTESIAN_POINT('',(14.353715498938,1.713123925084,
    4.122008420863));
#1621 = CARTESIAN_POINT('',(13.953715498938,1.821292333895,
    4.419198681569));
#1622 = CARTESIAN_POINT('',(13.953715498938,2.009802799303,
    4.937126928609));
#1623 = SURFACE_OF_LINEAR_EXTRUSION('',#1624,#1628);
#1624 = B_SPLINE_CURVE_WITH_KNOTS('',2,(#1625,#1626,#1627),
  .UNSPECIFIED.,.F.,.F.,(3,3),(0.,1.),.PIECEWISE_BEZIER_KNOTS.);
#1625 = CARTESIAN_POINT('',(14.353715498938,1.713123925084,
    4.122008420863));
#1626 = CARTESIAN_POINT('',(13.953715498938,1.821292333895,
    4.419198681569));
#1627 = CARTESIAN_POINT('',(13.953715498938,2.009802799303,
    4.937126928609));
#1628 = VECTOR('',#1629,1.);
#1629 = DIRECTION('',(-0.,0.939692620786,-0.342020143326));
#1630 = ADVANCED_FACE('',(#1631),#1656,.T.);
#1631 = FACE_BOUND('',#1632,.T.);
#1632 = EDGE_LOOP('',(#1633,#1634,#1642,#1650));
#1633 = ORIENTED_EDGE('',*,*,#1610,.T.);
#1634 = ORIENTED_EDGE('',*,*,#1635,.T.);
#1635 = EDGE_CURVE('',#1603,#1636,#1638,.T.);
#1636 = VERTEX_POINT('',#1637);
#1637 = CARTESIAN_POINT('',(14.104033970276,1.448650501443,
    5.734417181494));
#1638 = B_SPLINE_CURVE_WITH_KNOTS('',2,(#1639,#1640,#1641),
  .UNSPECIFIED.,.F.,.F.,(3,3),(0.,1.),.PIECEWISE_BEZIER_KNOTS.);
#1639 = CARTESIAN_POINT('',(13.953715498938,1.258048702674,
    5.210743043269));
#1640 = CARTESIAN_POINT('',(13.953715498938,1.361860166984,
    5.495962697341));
#1641 = CARTESIAN_POINT('',(14.104033970276,1.448650501443,
    5.734417181494));
#1642 = ORIENTED_EDGE('',*,*,#1643,.F.);
#1643 = EDGE_CURVE('',#1644,#1636,#1646,.T.);
#1644 = VERTEX_POINT('',#1645);
#1645 = CARTESIAN_POINT('',(14.104033970276,2.200404598072,
    5.460801066834));
#1646 = LINE('',#1647,#1648);
#1647 = CARTESIAN_POINT('',(14.104033970276,2.200404598072,
    5.460801066834));
#1648 = VECTOR('',#1649,1.);
#1649 = DIRECTION('',(0.,-0.939692620786,0.342020143326));
#1650 = ORIENTED_EDGE('',*,*,#1651,.F.);
#1651 = EDGE_CURVE('',#1611,#1644,#1652,.T.);
#1652 = B_SPLINE_CURVE_WITH_KNOTS('',2,(#1653,#1654,#1655),
  .UNSPECIFIED.,.F.,.F.,(3,3),(0.,1.),.PIECEWISE_BEZIER_KNOTS.);
#1653 = CARTESIAN_POINT('',(13.953715498938,2.009802799303,
    4.937126928609));
#1654 = CARTESIAN_POINT('',(13.953715498938,2.113614263613,5.22234658268
    ));
#1655 = CARTESIAN_POINT('',(14.104033970276,2.200404598072,
    5.460801066834));
#1656 = SURFACE_OF_LINEAR_EXTRUSION('',#1657,#1661);
#1657 = B_SPLINE_CURVE_WITH_KNOTS('',2,(#1658,#1659,#1660),
  .UNSPECIFIED.,.F.,.F.,(3,3),(0.,1.),.PIECEWISE_BEZIER_KNOTS.);
#1658 = CARTESIAN_POINT('',(13.953715498938,2.009802799303,
    4.937126928609));
#1659 = CARTESIAN_POINT('',(13.953715498938,2.113614263613,5.22234658268
    ));
#1660 = CARTESIAN_POINT('',(14.104033970276,2.200404598072,
    5.460801066834));
#1661 = VECTOR('',#1662,1.);
#1662 = DIRECTION('',(-0.,0.939692620786,-0.342020143326));
#1663 = ADVANCED_FACE('',(#1664),#1680,.T.);
#1664 = FACE_BOUND('',#1665,.T.);
#1665 = EDGE_LOOP('',(#1666,#1667,#1673,#1674));
#1666 = ORIENTED_EDGE('',*,*,#1643,.T.);
#1667 = ORIENTED_EDGE('',*,*,#1668,.T.);
#1668 = EDGE_CURVE('',#1636,#1166,#1669,.T.);
#1669 = B_SPLINE_CURVE_WITH_KNOTS('',2,(#1670,#1671,#1672),
  .UNSPECIFIED.,.F.,.F.,(3,3),(0.,1.),.PIECEWISE_BEZIER_KNOTS.);
#1670 = CARTESIAN_POINT('',(14.104033970276,1.448650501443,
    5.734417181494));
#1671 = CARTESIAN_POINT('',(14.254352441614,1.535498928496,
    5.973031273736));
#1672 = CARTESIAN_POINT('',(14.577919320594,1.582612021699,
    6.102473433474));
#1673 = ORIENTED_EDGE('',*,*,#1163,.F.);
#1674 = ORIENTED_EDGE('',*,*,#1675,.F.);
#1675 = EDGE_CURVE('',#1644,#1164,#1676,.T.);
#1676 = B_SPLINE_CURVE_WITH_KNOTS('',2,(#1677,#1678,#1679),
  .UNSPECIFIED.,.F.,.F.,(3,3),(0.,1.),.PIECEWISE_BEZIER_KNOTS.);
#1677 = CARTESIAN_POINT('',(14.104033970276,2.200404598072,
    5.460801066834));
#1678 = CARTESIAN_POINT('',(14.254352441614,2.287253025124,
    5.699415159076));
#1679 = CARTESIAN_POINT('',(14.577919320594,2.334366118328,
    5.828857318814));
#1680 = SURFACE_OF_LINEAR_EXTRUSION('',#1681,#1685);
#1681 = B_SPLINE_CURVE_WITH_KNOTS('',2,(#1682,#1683,#1684),
  .UNSPECIFIED.,.F.,.F.,(3,3),(0.,1.),.PIECEWISE_BEZIER_KNOTS.);
#1682 = CARTESIAN_POINT('',(14.104033970276,2.200404598072,
    5.460801066834));
#1683 = CARTESIAN_POINT('',(14.254352441614,2.287253025124,
    5.699415159076));
#1684 = CARTESIAN_POINT('',(14.577919320594,2.334366118328,
    5.828857318814));
#1685 = VECTOR('',#1686,1.);
#1686 = DIRECTION('',(-0.,0.939692620786,-0.342020143326));
#1687 = ADVANCED_FACE('',(#1688),#1706,.F.);
#1688 = FACE_BOUND('',#1689,.T.);
#1689 = EDGE_LOOP('',(#1690,#1691,#1692,#1693,#1694,#1695,#1696,#1697,
    #1698,#1699,#1700,#1701,#1702,#1703,#1704,#1705));
#1690 = ORIENTED_EDGE('',*,*,#1189,.T.);
#1691 = ORIENTED_EDGE('',*,*,#1222,.T.);
#1692 = ORIENTED_EDGE('',*,*,#1255,.T.);
#1693 = ORIENTED_EDGE('',*,*,#1288,.T.);
#1694 = ORIENTED_EDGE('',*,*,#1321,.T.);
#1695 = ORIENTED_EDGE('',*,*,#1354,.T.);
#1696 = ORIENTED_EDGE('',*,*,#1387,.T.);
#1697 = ORIENTED_EDGE('',*,*,#1420,.T.);
#1698 = ORIENTED_EDGE('',*,*,#1453,.T.);
#1699 = ORIENTED_EDGE('',*,*,#1486,.T.);
#1700 = ORIENTED_EDGE('',*,*,#1519,.T.);
#1701 = ORIENTED_EDGE('',*,*,#1552,.T.);
#1702 = ORIENTED_EDGE('',*,*,#1585,.T.);
#1703 = ORIENTED_EDGE('',*,*,#1618,.T.);
#1704 = ORIENTED_EDGE('',*,*,#1651,.T.);
#1705 = ORIENTED_EDGE('',*,*,#1675,.T.);
#1706 = PLANE('',#1707);
#1707 = AXIS2_PLACEMENT_3D('',#1708,#1709,#1710);
#1708 = CARTESIAN_POINT('',(15.176397735878,2.276664805122,
    5.670324263707));
#1709 = DIRECTION('',(0.,-0.939692620786,0.342020143326));
#1710 = DIRECTION('',(1.,0.,0.));
#1711 = ADVANCED_FACE('',(#1712),#1730,.T.);
#1712 = FACE_BOUND('',#1713,.F.);
#1713 = EDGE_LOOP('',(#1714,#1715,#1716,#1717,#1718,#1719,#1720,#1721,
    #1722,#1723,#1724,#1725,#1726,#1727,#1728,#1729));
#1714 = ORIENTED_EDGE('',*,*,#1173,.T.);
#1715 = ORIENTED_EDGE('',*,*,#1206,.T.);
#1716 = ORIENTED_EDGE('',*,*,#1239,.T.);
#1717 = ORIENTED_EDGE('',*,*,#1272,.T.);
#1718 = ORIENTED_EDGE('',*,*,#1305,.T.);
#1719 = ORIENTED_EDGE('',*,*,#1338,.T.);
#1720 = ORIENTED_EDGE('',*,*,#1371,.T.);
#1721 = ORIENTED_EDGE('',*,*,#1404,.T.);
#1722 = ORIENTED_EDGE('',*,*,#1437,.T.);
#1723 = ORIENTED_EDGE('',*,*,#1470,.T.);
#1724 = ORIENTED_EDGE('',*,*,#1503,.T.);
#1725 = ORIENTED_EDGE('',*,*,#1536,.T.);
#1726 = ORIENTED_EDGE('',*,*,#1569,.T.);
#1727 = ORIENTED_EDGE('',*,*,#1602,.T.);
#1728 = ORIENTED_EDGE('',*,*,#1635,.T.);
#1729 = ORIENTED_EDGE('',*,*,#1668,.T.);
#1730 = PLANE('',#1731);
#1731 = AXIS2_PLACEMENT_3D('',#1732,#1733,#1734);
#1732 = CARTESIAN_POINT('',(15.176397735878,1.524910708493,
    5.943940378368));
#1733 = DIRECTION('',(0.,-0.939692620786,0.342020143326));
#1734 = DIRECTION('',(1.,0.,0.));
#1735 = MANIFOLD_SOLID_BREP('',#1736);
#1736 = CLOSED_SHELL('',(#1737,#1779,#1812,#1845,#1878,#1911,#1944,#1977
    ,#2001,#2017));
#1737 = ADVANCED_FACE('',(#1738),#1772,.F.);
#1738 = FACE_BOUND('',#1739,.F.);
#1739 = EDGE_LOOP('',(#1740,#1750,#1758,#1766));
#1740 = ORIENTED_EDGE('',*,*,#1741,.T.);
#1741 = EDGE_CURVE('',#1742,#1744,#1746,.T.);
#1742 = VERTEX_POINT('',#1743);
#1743 = CARTESIAN_POINT('',(14.725690021231,2.582072936356,
    6.509426207991));
#1744 = VERTEX_POINT('',#1745);
#1745 = CARTESIAN_POINT('',(14.725690021231,1.830318839728,
    6.783042322652));
#1746 = LINE('',#1747,#1748);
#1747 = CARTESIAN_POINT('',(14.725690021231,2.582072936356,
    6.509426207991));
#1748 = VECTOR('',#1749,1.);
#1749 = DIRECTION('',(0.,-0.939692620786,0.342020143326));
#1750 = ORIENTED_EDGE('',*,*,#1751,.T.);
#1751 = EDGE_CURVE('',#1744,#1752,#1754,.T.);
#1752 = VERTEX_POINT('',#1753);
#1753 = CARTESIAN_POINT('',(14.846624203822,1.714424116002,
    6.464624186181));
#1754 = B_SPLINE_CURVE_WITH_KNOTS('',2,(#1755,#1756,#1757),
  .UNSPECIFIED.,.F.,.F.,(3,3),(0.,1.),.PIECEWISE_BEZIER_KNOTS.);
#1755 = CARTESIAN_POINT('',(14.725690021231,1.830318839728,
    6.783042322652));
#1756 = CARTESIAN_POINT('',(14.725690021231,1.756018412838,
    6.578903577516));
#1757 = CARTESIAN_POINT('',(14.846624203822,1.714424116002,
    6.464624186181));
#1758 = ORIENTED_EDGE('',*,*,#1759,.F.);
#1759 = EDGE_CURVE('',#1760,#1752,#1762,.T.);
#1760 = VERTEX_POINT('',#1761);
#1761 = CARTESIAN_POINT('',(14.846624203822,2.466178212631,
    6.191008071521));
#1762 = LINE('',#1763,#1764);
#1763 = CARTESIAN_POINT('',(14.846624203822,2.466178212631,
    6.191008071521));
#1764 = VECTOR('',#1765,1.);
#1765 = DIRECTION('',(0.,-0.939692620786,0.342020143326));
#1766 = ORIENTED_EDGE('',*,*,#1767,.F.);
#1767 = EDGE_CURVE('',#1742,#1760,#1768,.T.);
#1768 = B_SPLINE_CURVE_WITH_KNOTS('',2,(#1769,#1770,#1771),
  .UNSPECIFIED.,.F.,.F.,(3,3),(0.,1.),.PIECEWISE_BEZIER_KNOTS.);
#1769 = CARTESIAN_POINT('',(14.725690021231,2.582072936356,
    6.509426207991));
#1770 = CARTESIAN_POINT('',(14.725690021231,2.507772509466,
    6.305287462856));
#1771 = CARTESIAN_POINT('',(14.846624203822,2.466178212631,
    6.191008071521));
#1772 = SURFACE_OF_LINEAR_EXTRUSION('',#1773,#1777);
#1773 = B_SPLINE_CURVE_WITH_KNOTS('',2,(#1774,#1775,#1776),
  .UNSPECIFIED.,.F.,.F.,(3,3),(0.,1.),.PIECEWISE_BEZIER_KNOTS.);
#1774 = CARTESIAN_POINT('',(14.725690021231,2.582072936356,
    6.509426207991));
#1775 = CARTESIAN_POINT('',(14.725690021231,2.507772509466,
    6.305287462856));
#1776 = CARTESIAN_POINT('',(14.846624203822,2.466178212631,
    6.191008071521));
#1777 = VECTOR('',#1778,1.);
#1778 = DIRECTION('',(-0.,0.939692620786,-0.342020143326));
#1779 = ADVANCED_FACE('',(#1780),#1805,.F.);
#1780 = FACE_BOUND('',#1781,.F.);
#1781 = EDGE_LOOP('',(#1782,#1783,#1791,#1799));
#1782 = ORIENTED_EDGE('',*,*,#1759,.T.);
#1783 = ORIENTED_EDGE('',*,*,#1784,.T.);
#1784 = EDGE_CURVE('',#1752,#1785,#1787,.T.);
#1785 = VERTEX_POINT('',#1786);
#1786 = CARTESIAN_POINT('',(15.169002123142,1.672829819166,
    6.350344794847));
#1787 = B_SPLINE_CURVE_WITH_KNOTS('',2,(#1788,#1789,#1790),
  .UNSPECIFIED.,.F.,.F.,(3,3),(0.,1.),.PIECEWISE_BEZIER_KNOTS.);
#1788 = CARTESIAN_POINT('',(14.846624203822,1.714424116002,
    6.464624186181));
#1789 = CARTESIAN_POINT('',(14.967728237792,1.672829819166,
    6.350344794847));
#1790 = CARTESIAN_POINT('',(15.169002123142,1.672829819166,
    6.350344794847));
#1791 = ORIENTED_EDGE('',*,*,#1792,.F.);
#1792 = EDGE_CURVE('',#1793,#1785,#1795,.T.);
#1793 = VERTEX_POINT('',#1794);
#1794 = CARTESIAN_POINT('',(15.169002123142,2.424583915795,
    6.076728680186));
#1795 = LINE('',#1796,#1797);
#1796 = CARTESIAN_POINT('',(15.169002123142,2.424583915795,
    6.076728680186));
#1797 = VECTOR('',#1798,1.);
#1798 = DIRECTION('',(0.,-0.939692620786,0.342020143326));
#1799 = ORIENTED_EDGE('',*,*,#1800,.F.);
#1800 = EDGE_CURVE('',#1760,#1793,#1801,.T.);
#1801 = B_SPLINE_CURVE_WITH_KNOTS('',2,(#1802,#1803,#1804),
  .UNSPECIFIED.,.F.,.F.,(3,3),(0.,1.),.PIECEWISE_BEZIER_KNOTS.);
#1802 = CARTESIAN_POINT('',(14.846624203822,2.466178212631,
    6.191008071521));
#1803 = CARTESIAN_POINT('',(14.967728237792,2.424583915795,
    6.076728680186));
#1804 = CARTESIAN_POINT('',(15.169002123142,2.424583915795,
    6.076728680186));
#1805 = SURFACE_OF_LINEAR_EXTRUSION('',#1806,#1810);
#1806 = B_SPLINE_CURVE_WITH_KNOTS('',2,(#1807,#1808,#1809),
  .UNSPECIFIED.,.F.,.F.,(3,3),(0.,1.),.PIECEWISE_BEZIER_KNOTS.);
#1807 = CARTESIAN_POINT('',(14.846624203822,2.466178212631,
    6.191008071521));
#1808 = CARTESIAN_POINT('',(14.967728237792,2.424583915795,
    6.076728680186));
#1809 = CARTESIAN_POINT('',(15.169002123142,2.424583915795,
    6.076728680186));
#1810 = VECTOR('',#1811,1.);
#1811 = DIRECTION('',(-0.,0.939692620786,-0.342020143326));
#1812 = ADVANCED_FACE('',(#1813),#1838,.F.);
#1813 = FACE_BOUND('',#1814,.F.);
#1814 = EDGE_LOOP('',(#1815,#1816,#1824,#1832));
#1815 = ORIENTED_EDGE('',*,*,#1792,.T.);
#1816 = ORIENTED_EDGE('',*,*,#1817,.T.);
#1817 = EDGE_CURVE('',#1785,#1818,#1820,.T.);
#1818 = VERTEX_POINT('',#1819);
#1819 = CARTESIAN_POINT('',(15.495116772824,1.714830764155,
    6.465741442801));
#1820 = B_SPLINE_CURVE_WITH_KNOTS('',2,(#1821,#1822,#1823),
  .UNSPECIFIED.,.F.,.F.,(3,3),(0.,1.),.PIECEWISE_BEZIER_KNOTS.);
#1821 = CARTESIAN_POINT('',(15.169002123142,1.672829819166,
    6.350344794847));
#1822 = CARTESIAN_POINT('',(15.372823779193,1.672829819166,
    6.350344794847));
#1823 = CARTESIAN_POINT('',(15.495116772824,1.714830764155,
    6.465741442801));
#1824 = ORIENTED_EDGE('',*,*,#1825,.F.);
#1825 = EDGE_CURVE('',#1826,#1818,#1828,.T.);
#1826 = VERTEX_POINT('',#1827);
#1827 = CARTESIAN_POINT('',(15.495116772824,2.466584860784,6.19212532814
    ));
#1828 = LINE('',#1829,#1830);
#1829 = CARTESIAN_POINT('',(15.495116772824,2.466584860784,6.19212532814
    ));
#1830 = VECTOR('',#1831,1.);
#1831 = DIRECTION('',(0.,-0.939692620786,0.342020143326));
#1832 = ORIENTED_EDGE('',*,*,#1833,.F.);
#1833 = EDGE_CURVE('',#1793,#1826,#1834,.T.);
#1834 = B_SPLINE_CURVE_WITH_KNOTS('',2,(#1835,#1836,#1837),
  .UNSPECIFIED.,.F.,.F.,(3,3),(0.,1.),.PIECEWISE_BEZIER_KNOTS.);
#1835 = CARTESIAN_POINT('',(15.169002123142,2.424583915795,
    6.076728680186));
#1836 = CARTESIAN_POINT('',(15.372823779193,2.424583915795,
    6.076728680186));
#1837 = CARTESIAN_POINT('',(15.495116772824,2.466584860784,6.19212532814
    ));
#1838 = SURFACE_OF_LINEAR_EXTRUSION('',#1839,#1843);
#1839 = B_SPLINE_CURVE_WITH_KNOTS('',2,(#1840,#1841,#1842),
  .UNSPECIFIED.,.F.,.F.,(3,3),(0.,1.),.PIECEWISE_BEZIER_KNOTS.);
#1840 = CARTESIAN_POINT('',(15.169002123142,2.424583915795,
    6.076728680186));
#1841 = CARTESIAN_POINT('',(15.372823779193,2.424583915795,
    6.076728680186));
#1842 = CARTESIAN_POINT('',(15.495116772824,2.466584860784,6.19212532814
    ));
#1843 = VECTOR('',#1844,1.);
#1844 = DIRECTION('',(-0.,0.939692620786,-0.342020143326));
#1845 = ADVANCED_FACE('',(#1846),#1871,.F.);
#1846 = FACE_BOUND('',#1847,.F.);
#1847 = EDGE_LOOP('',(#1848,#1849,#1857,#1865));
#1848 = ORIENTED_EDGE('',*,*,#1825,.T.);
#1849 = ORIENTED_EDGE('',*,*,#1850,.T.);
#1850 = EDGE_CURVE('',#1818,#1851,#1853,.T.);
#1851 = VERTEX_POINT('',#1852);
#1852 = CARTESIAN_POINT('',(15.617409766454,1.831190228628,
    6.785436443978));
#1853 = B_SPLINE_CURVE_WITH_KNOTS('',2,(#1854,#1855,#1856),
  .UNSPECIFIED.,.F.,.F.,(3,3),(0.,1.),.PIECEWISE_BEZIER_KNOTS.);
#1854 = CARTESIAN_POINT('',(15.495116772824,1.714830764155,
    6.465741442801));
#1855 = CARTESIAN_POINT('',(15.617409766454,1.756889801738,
    6.581297698843));
#1856 = CARTESIAN_POINT('',(15.617409766454,1.831190228628,
    6.785436443978));
#1857 = ORIENTED_EDGE('',*,*,#1858,.F.);
#1858 = EDGE_CURVE('',#1859,#1851,#1861,.T.);
#1859 = VERTEX_POINT('',#1860);
#1860 = CARTESIAN_POINT('',(15.617409766454,2.582944325256,
    6.511820329318));
#1861 = LINE('',#1862,#1863);
#1862 = CARTESIAN_POINT('',(15.617409766454,2.582944325256,
    6.511820329318));
#1863 = VECTOR('',#1864,1.);
#1864 = DIRECTION('',(0.,-0.939692620786,0.342020143326));
#1865 = ORIENTED_EDGE('',*,*,#1866,.F.);
#1866 = EDGE_CURVE('',#1826,#1859,#1867,.T.);
#1867 = B_SPLINE_CURVE_WITH_KNOTS('',2,(#1868,#1869,#1870),
  .UNSPECIFIED.,.F.,.F.,(3,3),(0.,1.),.PIECEWISE_BEZIER_KNOTS.);
#1868 = CARTESIAN_POINT('',(15.495116772824,2.466584860784,6.19212532814
    ));
#1869 = CARTESIAN_POINT('',(15.617409766454,2.508643898367,
    6.307681584182));
#1870 = CARTESIAN_POINT('',(15.617409766454,2.582944325256,
    6.511820329318));
#1871 = SURFACE_OF_LINEAR_EXTRUSION('',#1872,#1876);
#1872 = B_SPLINE_CURVE_WITH_KNOTS('',2,(#1873,#1874,#1875),
  .UNSPECIFIED.,.F.,.F.,(3,3),(0.,1.),.PIECEWISE_BEZIER_KNOTS.);
#1873 = CARTESIAN_POINT('',(15.495116772824,2.466584860784,6.19212532814
    ));
#1874 = CARTESIAN_POINT('',(15.617409766454,2.508643898367,
    6.307681584182));
#1875 = CARTESIAN_POINT('',(15.617409766454,2.582944325256,
    6.511820329318));
#1876 = VECTOR('',#1877,1.);
#1877 = DIRECTION('',(-0.,0.939692620786,-0.342020143326));
#1878 = ADVANCED_FACE('',(#1879),#1904,.F.);
#1879 = FACE_BOUND('',#1880,.F.);
#1880 = EDGE_LOOP('',(#1881,#1882,#1890,#1898));
#1881 = ORIENTED_EDGE('',*,*,#1858,.T.);
#1882 = ORIENTED_EDGE('',*,*,#1883,.T.);
#1883 = EDGE_CURVE('',#1851,#1884,#1886,.T.);
#1884 = VERTEX_POINT('',#1885);
#1885 = CARTESIAN_POINT('',(15.496305732484,1.943076563412,
    7.092841622345));
#1886 = B_SPLINE_CURVE_WITH_KNOTS('',2,(#1887,#1888,#1889),
  .UNSPECIFIED.,.F.,.F.,(3,3),(0.,1.),.PIECEWISE_BEZIER_KNOTS.);
#1887 = CARTESIAN_POINT('',(15.617409766454,1.831190228628,
    6.785436443978));
#1888 = CARTESIAN_POINT('',(15.617409766454,1.901075618423,
    6.977444974391));
#1889 = CARTESIAN_POINT('',(15.496305732484,1.943076563412,
    7.092841622345));
#1890 = ORIENTED_EDGE('',*,*,#1891,.F.);
#1891 = EDGE_CURVE('',#1892,#1884,#1894,.T.);
#1892 = VERTEX_POINT('',#1893);
#1893 = CARTESIAN_POINT('',(15.496305732484,2.694830660041,
    6.819225507685));
#1894 = LINE('',#1895,#1896);
#1895 = CARTESIAN_POINT('',(15.496305732484,2.694830660041,
    6.819225507685));
#1896 = VECTOR('',#1897,1.);
#1897 = DIRECTION('',(0.,-0.939692620786,0.342020143326));
#1898 = ORIENTED_EDGE('',*,*,#1899,.F.);
#1899 = EDGE_CURVE('',#1859,#1892,#1900,.T.);
#1900 = B_SPLINE_CURVE_WITH_KNOTS('',2,(#1901,#1902,#1903),
  .UNSPECIFIED.,.F.,.F.,(3,3),(0.,1.),.PIECEWISE_BEZIER_KNOTS.);
#1901 = CARTESIAN_POINT('',(15.617409766454,2.582944325256,
    6.511820329318));
#1902 = CARTESIAN_POINT('',(15.617409766454,2.652829715052,
    6.703828859731));
#1903 = CARTESIAN_POINT('',(15.496305732484,2.694830660041,
    6.819225507685));
#1904 = SURFACE_OF_LINEAR_EXTRUSION('',#1905,#1909);
#1905 = B_SPLINE_CURVE_WITH_KNOTS('',2,(#1906,#1907,#1908),
  .UNSPECIFIED.,.F.,.F.,(3,3),(0.,1.),.PIECEWISE_BEZIER_KNOTS.);
#1906 = CARTESIAN_POINT('',(15.617409766454,2.582944325256,
    6.511820329318));
#1907 = CARTESIAN_POINT('',(15.617409766454,2.652829715052,
    6.703828859731));
#1908 = CARTESIAN_POINT('',(15.496305732484,2.694830660041,
    6.819225507685));
#1909 = VECTOR('',#1910,1.);
#1910 = DIRECTION('',(-0.,0.939692620786,-0.342020143326));
#1911 = ADVANCED_FACE('',(#1912),#1937,.F.);
#1912 = FACE_BOUND('',#1913,.F.);
#1913 = EDGE_LOOP('',(#1914,#1915,#1923,#1931));
#1914 = ORIENTED_EDGE('',*,*,#1891,.T.);
#1915 = ORIENTED_EDGE('',*,*,#1916,.T.);
#1916 = EDGE_CURVE('',#1884,#1917,#1919,.T.);
#1917 = VERTEX_POINT('',#1918);
#1918 = CARTESIAN_POINT('',(15.176645435244,1.985135600995,
    7.208397878387));
#1919 = B_SPLINE_CURVE_WITH_KNOTS('',2,(#1920,#1921,#1922),
  .UNSPECIFIED.,.F.,.F.,(3,3),(0.,1.),.PIECEWISE_BEZIER_KNOTS.);
#1920 = CARTESIAN_POINT('',(15.496305732484,1.943076563412,
    7.092841622345));
#1921 = CARTESIAN_POINT('',(15.375371549894,1.985135600995,
    7.208397878387));
#1922 = CARTESIAN_POINT('',(15.176645435244,1.985135600995,
    7.208397878387));
#1923 = ORIENTED_EDGE('',*,*,#1924,.F.);
#1924 = EDGE_CURVE('',#1925,#1917,#1927,.T.);
#1925 = VERTEX_POINT('',#1926);
#1926 = CARTESIAN_POINT('',(15.176645435244,2.736889697624,
    6.934781763727));
#1927 = LINE('',#1928,#1929);
#1928 = CARTESIAN_POINT('',(15.176645435244,2.736889697624,
    6.934781763727));
#1929 = VECTOR('',#1930,1.);
#1930 = DIRECTION('',(0.,-0.939692620786,0.342020143326));
#1931 = ORIENTED_EDGE('',*,*,#1932,.F.);
#1932 = EDGE_CURVE('',#1892,#1925,#1933,.T.);
#1933 = B_SPLINE_CURVE_WITH_KNOTS('',2,(#1934,#1935,#1936),
  .UNSPECIFIED.,.F.,.F.,(3,3),(0.,1.),.PIECEWISE_BEZIER_KNOTS.);
#1934 = CARTESIAN_POINT('',(15.496305732484,2.694830660041,
    6.819225507685));
#1935 = CARTESIAN_POINT('',(15.375371549894,2.736889697624,
    6.934781763727));
#1936 = CARTESIAN_POINT('',(15.176645435244,2.736889697624,
    6.934781763727));
#1937 = SURFACE_OF_LINEAR_EXTRUSION('',#1938,#1942);
#1938 = B_SPLINE_CURVE_WITH_KNOTS('',2,(#1939,#1940,#1941),
  .UNSPECIFIED.,.F.,.F.,(3,3),(0.,1.),.PIECEWISE_BEZIER_KNOTS.);
#1939 = CARTESIAN_POINT('',(15.496305732484,2.694830660041,
    6.819225507685));
#1940 = CARTESIAN_POINT('',(15.375371549894,2.736889697624,
    6.934781763727));
#1941 = CARTESIAN_POINT('',(15.176645435244,2.736889697624,
    6.934781763727));
#1942 = VECTOR('',#1943,1.);
#1943 = DIRECTION('',(-0.,0.939692620786,-0.342020143326));
#1944 = ADVANCED_FACE('',(#1945),#1970,.F.);
#1945 = FACE_BOUND('',#1946,.F.);
#1946 = EDGE_LOOP('',(#1947,#1948,#1956,#1964));
#1947 = ORIENTED_EDGE('',*,*,#1924,.T.);
#1948 = ORIENTED_EDGE('',*,*,#1949,.T.);
#1949 = EDGE_CURVE('',#1917,#1950,#1952,.T.);
#1950 = VERTEX_POINT('',#1951);
#1951 = CARTESIAN_POINT('',(14.847983014862,1.942669915259,
    7.091724365726));
#1952 = B_SPLINE_CURVE_WITH_KNOTS('',2,(#1953,#1954,#1955),
  .UNSPECIFIED.,.F.,.F.,(3,3),(0.,1.),.PIECEWISE_BEZIER_KNOTS.);
#1953 = CARTESIAN_POINT('',(15.176645435244,1.985135600995,
    7.208397878387));
#1954 = CARTESIAN_POINT('',(14.970276008493,1.985135600995,
    7.208397878387));
#1955 = CARTESIAN_POINT('',(14.847983014862,1.942669915259,
    7.091724365726));
#1956 = ORIENTED_EDGE('',*,*,#1957,.F.);
#1957 = EDGE_CURVE('',#1958,#1950,#1960,.T.);
#1958 = VERTEX_POINT('',#1959);
#1959 = CARTESIAN_POINT('',(14.847983014862,2.694424011888,
    6.818108251065));
#1960 = LINE('',#1961,#1962);
#1961 = CARTESIAN_POINT('',(14.847983014862,2.694424011888,
    6.818108251065));
#1962 = VECTOR('',#1963,1.);
#1963 = DIRECTION('',(0.,-0.939692620786,0.342020143326));
#1964 = ORIENTED_EDGE('',*,*,#1965,.F.);
#1965 = EDGE_CURVE('',#1925,#1958,#1966,.T.);
#1966 = B_SPLINE_CURVE_WITH_KNOTS('',2,(#1967,#1968,#1969),
  .UNSPECIFIED.,.F.,.F.,(3,3),(0.,1.),.PIECEWISE_BEZIER_KNOTS.);
#1967 = CARTESIAN_POINT('',(15.176645435244,2.736889697624,
    6.934781763727));
#1968 = CARTESIAN_POINT('',(14.970276008493,2.736889697624,
    6.934781763727));
#1969 = CARTESIAN_POINT('',(14.847983014862,2.694424011888,
    6.818108251065));
#1970 = SURFACE_OF_LINEAR_EXTRUSION('',#1971,#1975);
#1971 = B_SPLINE_CURVE_WITH_KNOTS('',2,(#1972,#1973,#1974),
  .UNSPECIFIED.,.F.,.F.,(3,3),(0.,1.),.PIECEWISE_BEZIER_KNOTS.);
#1972 = CARTESIAN_POINT('',(15.176645435244,2.736889697624,
    6.934781763727));
#1973 = CARTESIAN_POINT('',(14.970276008493,2.736889697624,
    6.934781763727));
#1974 = CARTESIAN_POINT('',(14.847983014862,2.694424011888,
    6.818108251065));
#1975 = VECTOR('',#1976,1.);
#1976 = DIRECTION('',(-0.,0.939692620786,-0.342020143326));
#1977 = ADVANCED_FACE('',(#1978),#1994,.F.);
#1978 = FACE_BOUND('',#1979,.F.);
#1979 = EDGE_LOOP('',(#1980,#1981,#1987,#1988));
#1980 = ORIENTED_EDGE('',*,*,#1957,.T.);
#1981 = ORIENTED_EDGE('',*,*,#1982,.T.);
#1982 = EDGE_CURVE('',#1950,#1744,#1983,.T.);
#1983 = B_SPLINE_CURVE_WITH_KNOTS('',2,(#1984,#1985,#1986),
  .UNSPECIFIED.,.F.,.F.,(3,3),(0.,1.),.PIECEWISE_BEZIER_KNOTS.);
#1984 = CARTESIAN_POINT('',(14.847983014862,1.942669915259,
    7.091724365726));
#1985 = CARTESIAN_POINT('',(14.725690021231,1.900204229523,
    6.975050853064));
#1986 = CARTESIAN_POINT('',(14.725690021231,1.830318839728,
    6.783042322652));
#1987 = ORIENTED_EDGE('',*,*,#1741,.F.);
#1988 = ORIENTED_EDGE('',*,*,#1989,.F.);
#1989 = EDGE_CURVE('',#1958,#1742,#1990,.T.);
#1990 = B_SPLINE_CURVE_WITH_KNOTS('',2,(#1991,#1992,#1993),
  .UNSPECIFIED.,.F.,.F.,(3,3),(0.,1.),.PIECEWISE_BEZIER_KNOTS.);
#1991 = CARTESIAN_POINT('',(14.847983014862,2.694424011888,
    6.818108251065));
#1992 = CARTESIAN_POINT('',(14.725690021231,2.651958326152,
    6.701434738404));
#1993 = CARTESIAN_POINT('',(14.725690021231,2.582072936356,
    6.509426207991));
#1994 = SURFACE_OF_LINEAR_EXTRUSION('',#1995,#1999);
#1995 = B_SPLINE_CURVE_WITH_KNOTS('',2,(#1996,#1997,#1998),
  .UNSPECIFIED.,.F.,.F.,(3,3),(0.,1.),.PIECEWISE_BEZIER_KNOTS.);
#1996 = CARTESIAN_POINT('',(14.847983014862,2.694424011888,
    6.818108251065));
#1997 = CARTESIAN_POINT('',(14.725690021231,2.651958326152,
    6.701434738404));
#1998 = CARTESIAN_POINT('',(14.725690021231,2.582072936356,
    6.509426207991));
#1999 = VECTOR('',#2000,1.);
#2000 = DIRECTION('',(-0.,0.939692620786,-0.342020143326));
#2001 = ADVANCED_FACE('',(#2002),#2012,.T.);
#2002 = FACE_BOUND('',#2003,.F.);
#2003 = EDGE_LOOP('',(#2004,#2005,#2006,#2007,#2008,#2009,#2010,#2011));
#2004 = ORIENTED_EDGE('',*,*,#1767,.T.);
#2005 = ORIENTED_EDGE('',*,*,#1800,.T.);
#2006 = ORIENTED_EDGE('',*,*,#1833,.T.);
#2007 = ORIENTED_EDGE('',*,*,#1866,.T.);
#2008 = ORIENTED_EDGE('',*,*,#1899,.T.);
#2009 = ORIENTED_EDGE('',*,*,#1932,.T.);
#2010 = ORIENTED_EDGE('',*,*,#1965,.T.);
#2011 = ORIENTED_EDGE('',*,*,#1989,.T.);
#2012 = PLANE('',#2013);
#2013 = AXIS2_PLACEMENT_3D('',#2014,#2015,#2016);
#2014 = CARTESIAN_POINT('',(15.171561479319,2.580665410785,
    6.505559063268));
#2015 = DIRECTION('',(-0.,0.939692620786,-0.342020143326));
#2016 = DIRECTION('',(-1.,0.,0.));
#2017 = ADVANCED_FACE('',(#2018),#2028,.F.);
#2018 = FACE_BOUND('',#2019,.T.);
#2019 = EDGE_LOOP('',(#2020,#2021,#2022,#2023,#2024,#2025,#2026,#2027));
#2020 = ORIENTED_EDGE('',*,*,#1751,.T.);
#2021 = ORIENTED_EDGE('',*,*,#1784,.T.);
#2022 = ORIENTED_EDGE('',*,*,#1817,.T.);
#2023 = ORIENTED_EDGE('',*,*,#1850,.T.);
#2024 = ORIENTED_EDGE('',*,*,#1883,.T.);
#2025 = ORIENTED_EDGE('',*,*,#1916,.T.);
#2026 = ORIENTED_EDGE('',*,*,#1949,.T.);
#2027 = ORIENTED_EDGE('',*,*,#1982,.T.);
#2028 = PLANE('',#2029);
#2029 = AXIS2_PLACEMENT_3D('',#2030,#2031,#2032);
#2030 = CARTESIAN_POINT('',(15.171561479319,1.828911314157,
    6.779175177929));
#2031 = DIRECTION('',(-0.,0.939692620786,-0.342020143326));
#2032 = DIRECTION('',(-1.,0.,0.));
#2033 = MANIFOLD_SOLID_BREP('',#2034);
#2034 = CLOSED_SHELL('',(#2035,#2077,#2110,#2143,#2176,#2209,#2242,#2275
    ,#2299,#2315));
#2035 = ADVANCED_FACE('',(#2036),#2070,.F.);
#2036 = FACE_BOUND('',#2037,.F.);
#2037 = EDGE_LOOP('',(#2038,#2048,#2056,#2064));
#2038 = ORIENTED_EDGE('',*,*,#2039,.T.);
#2039 = EDGE_CURVE('',#2040,#2042,#2044,.T.);
#2040 = VERTEX_POINT('',#2041);
#2041 = CARTESIAN_POINT('',(14.659447983015,2.032342725521,4.99905486693
    ));
#2042 = VERTEX_POINT('',#2043);
#2043 = CARTESIAN_POINT('',(14.659447983015,1.280588628893,
    5.272670981591));
#2044 = LINE('',#2045,#2046);
#2045 = CARTESIAN_POINT('',(14.659447983015,2.032342725521,4.99905486693
    ));
#2046 = VECTOR('',#2047,1.);
#2047 = DIRECTION('',(0.,-0.939692620786,0.342020143326));
#2048 = ORIENTED_EDGE('',*,*,#2049,.T.);
#2049 = EDGE_CURVE('',#2042,#2050,#2052,.T.);
#2050 = VERTEX_POINT('',#2051);
#2051 = CARTESIAN_POINT('',(14.810955414013,1.120543534224,
    4.832950697894));
#2052 = B_SPLINE_CURVE_WITH_KNOTS('',2,(#2053,#2054,#2055),
  .UNSPECIFIED.,.F.,.F.,(3,3),(0.,1.),.PIECEWISE_BEZIER_KNOTS.);
#2053 = CARTESIAN_POINT('',(14.659447983015,1.280588628893,
    5.272670981591));
#2054 = CARTESIAN_POINT('',(14.659447983015,1.177997109043,
    4.990803097377));
#2055 = CARTESIAN_POINT('',(14.810955414013,1.120543534224,
    4.832950697894));
#2056 = ORIENTED_EDGE('',*,*,#2057,.F.);
#2057 = EDGE_CURVE('',#2058,#2050,#2060,.T.);
#2058 = VERTEX_POINT('',#2059);
#2059 = CARTESIAN_POINT('',(14.810955414013,1.872297630853,
    4.559334583233));
#2060 = LINE('',#2061,#2062);
#2061 = CARTESIAN_POINT('',(14.810955414013,1.872297630853,
    4.559334583233));
#2062 = VECTOR('',#2063,1.);
#2063 = DIRECTION('',(0.,-0.939692620786,0.342020143326));
#2064 = ORIENTED_EDGE('',*,*,#2065,.F.);
#2065 = EDGE_CURVE('',#2040,#2058,#2066,.T.);
#2066 = B_SPLINE_CURVE_WITH_KNOTS('',2,(#2067,#2068,#2069),
  .UNSPECIFIED.,.F.,.F.,(3,3),(0.,1.),.PIECEWISE_BEZIER_KNOTS.);
#2067 = CARTESIAN_POINT('',(14.659447983015,2.032342725521,4.99905486693
    ));
#2068 = CARTESIAN_POINT('',(14.659447983015,1.929751205672,
    4.717186982716));
#2069 = CARTESIAN_POINT('',(14.810955414013,1.872297630853,
    4.559334583233));
#2070 = SURFACE_OF_LINEAR_EXTRUSION('',#2071,#2075);
#2071 = B_SPLINE_CURVE_WITH_KNOTS('',2,(#2072,#2073,#2074),
  .UNSPECIFIED.,.F.,.F.,(3,3),(0.,1.),.PIECEWISE_BEZIER_KNOTS.);
#2072 = CARTESIAN_POINT('',(14.659447983015,2.032342725521,4.99905486693
    ));
#2073 = CARTESIAN_POINT('',(14.659447983015,1.929751205672,
    4.717186982716));
#2074 = CARTESIAN_POINT('',(14.810955414013,1.872297630853,
    4.559334583233));
#2075 = VECTOR('',#2076,1.);
#2076 = DIRECTION('',(-0.,0.939692620786,-0.342020143326));
#2077 = ADVANCED_FACE('',(#2078),#2103,.F.);
#2078 = FACE_BOUND('',#2079,.F.);
#2079 = EDGE_LOOP('',(#2080,#2081,#2089,#2097));
#2080 = ORIENTED_EDGE('',*,*,#2057,.T.);
#2081 = ORIENTED_EDGE('',*,*,#2082,.T.);
#2082 = EDGE_CURVE('',#2050,#2083,#2085,.T.);
#2083 = VERTEX_POINT('',#2084);
#2084 = CARTESIAN_POINT('',(15.189384288747,1.063089959404,4.67509829841
    ));
#2085 = B_SPLINE_CURVE_WITH_KNOTS('',2,(#2086,#2087,#2088),
  .UNSPECIFIED.,.F.,.F.,(3,3),(0.,1.),.PIECEWISE_BEZIER_KNOTS.);
#2086 = CARTESIAN_POINT('',(14.810955414013,1.120543534224,
    4.832950697894));
#2087 = CARTESIAN_POINT('',(14.962632696391,1.063089959404,4.67509829841
    ));
#2088 = CARTESIAN_POINT('',(15.189384288747,1.063089959404,4.67509829841
    ));
#2089 = ORIENTED_EDGE('',*,*,#2090,.F.);
#2090 = EDGE_CURVE('',#2091,#2083,#2093,.T.);
#2091 = VERTEX_POINT('',#2092);
#2092 = CARTESIAN_POINT('',(15.189384288747,1.814844056033,4.40148218375
    ));
#2093 = LINE('',#2094,#2095);
#2094 = CARTESIAN_POINT('',(15.189384288747,1.814844056033,4.40148218375
    ));
#2095 = VECTOR('',#2096,1.);
#2096 = DIRECTION('',(0.,-0.939692620786,0.342020143326));
#2097 = ORIENTED_EDGE('',*,*,#2098,.F.);
#2098 = EDGE_CURVE('',#2058,#2091,#2099,.T.);
#2099 = B_SPLINE_CURVE_WITH_KNOTS('',2,(#2100,#2101,#2102),
  .UNSPECIFIED.,.F.,.F.,(3,3),(0.,1.),.PIECEWISE_BEZIER_KNOTS.);
#2100 = CARTESIAN_POINT('',(14.810955414013,1.872297630853,
    4.559334583233));
#2101 = CARTESIAN_POINT('',(14.962632696391,1.814844056033,4.40148218375
    ));
#2102 = CARTESIAN_POINT('',(15.189384288747,1.814844056033,4.40148218375
    ));
#2103 = SURFACE_OF_LINEAR_EXTRUSION('',#2104,#2108);
#2104 = B_SPLINE_CURVE_WITH_KNOTS('',2,(#2105,#2106,#2107),
  .UNSPECIFIED.,.F.,.F.,(3,3),(0.,1.),.PIECEWISE_BEZIER_KNOTS.);
#2105 = CARTESIAN_POINT('',(14.810955414013,1.872297630853,
    4.559334583233));
#2106 = CARTESIAN_POINT('',(14.962632696391,1.814844056033,4.40148218375
    ));
#2107 = CARTESIAN_POINT('',(15.189384288747,1.814844056033,4.40148218375
    ));
#2108 = VECTOR('',#2109,1.);
#2109 = DIRECTION('',(-0.,0.939692620786,-0.342020143326));
#2110 = ADVANCED_FACE('',(#2111),#2136,.F.);
#2111 = FACE_BOUND('',#2112,.F.);
#2112 = EDGE_LOOP('',(#2113,#2114,#2122,#2130));
#2113 = ORIENTED_EDGE('',*,*,#2090,.T.);
#2114 = ORIENTED_EDGE('',*,*,#2115,.T.);
#2115 = EDGE_CURVE('',#2083,#2116,#2118,.T.);
#2116 = VERTEX_POINT('',#2117);
#2117 = CARTESIAN_POINT('',(15.556263269639,1.118336015677,
    4.826885590532));
#2118 = B_SPLINE_CURVE_WITH_KNOTS('',2,(#2119,#2120,#2121),
  .UNSPECIFIED.,.F.,.F.,(3,3),(0.,1.),.PIECEWISE_BEZIER_KNOTS.);
#2119 = CARTESIAN_POINT('',(15.189384288747,1.063089959404,4.67509829841
    ));
#2120 = CARTESIAN_POINT('',(15.411040339703,1.063089959404,4.67509829841
    ));
#2121 = CARTESIAN_POINT('',(15.556263269639,1.118336015677,
    4.826885590532));
#2122 = ORIENTED_EDGE('',*,*,#2123,.F.);
#2123 = EDGE_CURVE('',#2124,#2116,#2126,.T.);
#2124 = VERTEX_POINT('',#2125);
#2125 = CARTESIAN_POINT('',(15.556263269639,1.870090112305,
    4.553269475872));
#2126 = LINE('',#2127,#2128);
#2127 = CARTESIAN_POINT('',(15.556263269639,1.870090112305,
    4.553269475872));
#2128 = VECTOR('',#2129,1.);
#2129 = DIRECTION('',(0.,-0.939692620786,0.342020143326));
#2130 = ORIENTED_EDGE('',*,*,#2131,.F.);
#2131 = EDGE_CURVE('',#2091,#2124,#2132,.T.);
#2132 = B_SPLINE_CURVE_WITH_KNOTS('',2,(#2133,#2134,#2135),
  .UNSPECIFIED.,.F.,.F.,(3,3),(0.,1.),.PIECEWISE_BEZIER_KNOTS.);
#2133 = CARTESIAN_POINT('',(15.189384288747,1.814844056033,4.40148218375
    ));
#2134 = CARTESIAN_POINT('',(15.411040339703,1.814844056033,4.40148218375
    ));
#2135 = CARTESIAN_POINT('',(15.556263269639,1.870090112305,
    4.553269475872));
#2136 = SURFACE_OF_LINEAR_EXTRUSION('',#2137,#2141);
#2137 = B_SPLINE_CURVE_WITH_KNOTS('',2,(#2138,#2139,#2140),
  .UNSPECIFIED.,.F.,.F.,(3,3),(0.,1.),.PIECEWISE_BEZIER_KNOTS.);
#2138 = CARTESIAN_POINT('',(15.189384288747,1.814844056033,4.40148218375
    ));
#2139 = CARTESIAN_POINT('',(15.411040339703,1.814844056033,4.40148218375
    ));
#2140 = CARTESIAN_POINT('',(15.556263269639,1.870090112305,
    4.553269475872));
#2141 = VECTOR('',#2142,1.);
#2142 = DIRECTION('',(-0.,0.939692620786,-0.342020143326));
#2143 = ADVANCED_FACE('',(#2144),#2169,.F.);
#2144 = FACE_BOUND('',#2145,.F.);
#2145 = EDGE_LOOP('',(#2146,#2147,#2155,#2163));
#2146 = ORIENTED_EDGE('',*,*,#2123,.T.);
#2147 = ORIENTED_EDGE('',*,*,#2148,.T.);
#2148 = EDGE_CURVE('',#2116,#2149,#2151,.T.);
#2149 = VERTEX_POINT('',#2150);
#2150 = CARTESIAN_POINT('',(15.701486199575,1.277916369599,
    5.265329009522));
#2151 = B_SPLINE_CURVE_WITH_KNOTS('',2,(#2152,#2153,#2154),
  .UNSPECIFIED.,.F.,.F.,(3,3),(0.,1.),.PIECEWISE_BEZIER_KNOTS.);
#2152 = CARTESIAN_POINT('',(15.556263269639,1.118336015677,
    4.826885590532));
#2153 = CARTESIAN_POINT('',(15.701486199575,1.173582071949,
    4.978672882654));
#2154 = CARTESIAN_POINT('',(15.701486199575,1.277916369599,
    5.265329009522));
#2155 = ORIENTED_EDGE('',*,*,#2156,.F.);
#2156 = EDGE_CURVE('',#2157,#2149,#2159,.T.);
#2157 = VERTEX_POINT('',#2158);
#2158 = CARTESIAN_POINT('',(15.701486199575,2.029670466227,
    4.991712894861));
#2159 = LINE('',#2160,#2161);
#2160 = CARTESIAN_POINT('',(15.701486199575,2.029670466227,
    4.991712894861));
#2161 = VECTOR('',#2162,1.);
#2162 = DIRECTION('',(0.,-0.939692620786,0.342020143326));
#2163 = ORIENTED_EDGE('',*,*,#2164,.F.);
#2164 = EDGE_CURVE('',#2124,#2157,#2165,.T.);
#2165 = B_SPLINE_CURVE_WITH_KNOTS('',2,(#2166,#2167,#2168),
  .UNSPECIFIED.,.F.,.F.,(3,3),(0.,1.),.PIECEWISE_BEZIER_KNOTS.);
#2166 = CARTESIAN_POINT('',(15.556263269639,1.870090112305,
    4.553269475872));
#2167 = CARTESIAN_POINT('',(15.701486199575,1.925336168578,
    4.705056767994));
#2168 = CARTESIAN_POINT('',(15.701486199575,2.029670466227,
    4.991712894861));
#2169 = SURFACE_OF_LINEAR_EXTRUSION('',#2170,#2174);
#2170 = B_SPLINE_CURVE_WITH_KNOTS('',2,(#2171,#2172,#2173),
  .UNSPECIFIED.,.F.,.F.,(3,3),(0.,1.),.PIECEWISE_BEZIER_KNOTS.);
#2171 = CARTESIAN_POINT('',(15.556263269639,1.870090112305,
    4.553269475872));
#2172 = CARTESIAN_POINT('',(15.701486199575,1.925336168578,
    4.705056767994));
#2173 = CARTESIAN_POINT('',(15.701486199575,2.029670466227,
    4.991712894861));
#2174 = VECTOR('',#2175,1.);
#2175 = DIRECTION('',(-0.,0.939692620786,-0.342020143326));
#2176 = ADVANCED_FACE('',(#2177),#2202,.F.);
#2177 = FACE_BOUND('',#2178,.F.);
#2178 = EDGE_LOOP('',(#2179,#2180,#2188,#2196));
#2179 = ORIENTED_EDGE('',*,*,#2156,.T.);
#2180 = ORIENTED_EDGE('',*,*,#2181,.T.);
#2181 = EDGE_CURVE('',#2149,#2182,#2184,.T.);
#2182 = VERTEX_POINT('',#2183);
#2183 = CARTESIAN_POINT('',(15.553715498938,1.424251612238,
    5.667381784343));
#2184 = B_SPLINE_CURVE_WITH_KNOTS('',2,(#2185,#2186,#2187),
  .UNSPECIFIED.,.F.,.F.,(3,3),(0.,1.),.PIECEWISE_BEZIER_KNOTS.);
#2185 = CARTESIAN_POINT('',(15.701486199575,1.277916369599,
    5.265329009522));
#2186 = CARTESIAN_POINT('',(15.701486199575,1.369005555965,
    5.515594492221));
#2187 = CARTESIAN_POINT('',(15.553715498938,1.424251612238,
    5.667381784343));
#2188 = ORIENTED_EDGE('',*,*,#2189,.F.);
#2189 = EDGE_CURVE('',#2190,#2182,#2192,.T.);
#2190 = VERTEX_POINT('',#2191);
#2191 = CARTESIAN_POINT('',(15.553715498938,2.176005708866,
    5.393765669682));
#2192 = LINE('',#2193,#2194);
#2193 = CARTESIAN_POINT('',(15.553715498938,2.176005708866,
    5.393765669682));
#2194 = VECTOR('',#2195,1.);
#2195 = DIRECTION('',(0.,-0.939692620786,0.342020143326));
#2196 = ORIENTED_EDGE('',*,*,#2197,.F.);
#2197 = EDGE_CURVE('',#2157,#2190,#2198,.T.);
#2198 = B_SPLINE_CURVE_WITH_KNOTS('',2,(#2199,#2200,#2201),
  .UNSPECIFIED.,.F.,.F.,(3,3),(0.,1.),.PIECEWISE_BEZIER_KNOTS.);
#2199 = CARTESIAN_POINT('',(15.701486199575,2.029670466227,
    4.991712894861));
#2200 = CARTESIAN_POINT('',(15.701486199575,2.120759652594,5.24197837756
    ));
#2201 = CARTESIAN_POINT('',(15.553715498938,2.176005708866,
    5.393765669682));
#2202 = SURFACE_OF_LINEAR_EXTRUSION('',#2203,#2207);
#2203 = B_SPLINE_CURVE_WITH_KNOTS('',2,(#2204,#2205,#2206),
  .UNSPECIFIED.,.F.,.F.,(3,3),(0.,1.),.PIECEWISE_BEZIER_KNOTS.);
#2204 = CARTESIAN_POINT('',(15.701486199575,2.029670466227,
    4.991712894861));
#2205 = CARTESIAN_POINT('',(15.701486199575,2.120759652594,5.24197837756
    ));
#2206 = CARTESIAN_POINT('',(15.553715498938,2.176005708866,
    5.393765669682));
#2207 = VECTOR('',#2208,1.);
#2208 = DIRECTION('',(-0.,0.939692620786,-0.342020143326));
#2209 = ADVANCED_FACE('',(#2210),#2235,.F.);
#2210 = FACE_BOUND('',#2211,.F.);
#2211 = EDGE_LOOP('',(#2212,#2213,#2221,#2229));
#2212 = ORIENTED_EDGE('',*,*,#2189,.T.);
#2213 = ORIENTED_EDGE('',*,*,#2214,.T.);
#2214 = EDGE_CURVE('',#2182,#2215,#2217,.T.);
#2215 = VERTEX_POINT('',#2216);
#2216 = CARTESIAN_POINT('',(15.179193205945,1.47949766851,5.819169076465
    ));
#2217 = B_SPLINE_CURVE_WITH_KNOTS('',2,(#2218,#2219,#2220),
  .UNSPECIFIED.,.F.,.F.,(3,3),(0.,1.),.PIECEWISE_BEZIER_KNOTS.);
#2218 = CARTESIAN_POINT('',(15.553715498938,1.424251612238,
    5.667381784343));
#2219 = CARTESIAN_POINT('',(15.405944798301,1.47949766851,5.819169076465
    ));
#2220 = CARTESIAN_POINT('',(15.179193205945,1.47949766851,5.819169076465
    ));
#2221 = ORIENTED_EDGE('',*,*,#2222,.F.);
#2222 = EDGE_CURVE('',#2223,#2215,#2225,.T.);
#2223 = VERTEX_POINT('',#2224);
#2224 = CARTESIAN_POINT('',(15.179193205945,2.231251765139,
    5.545552961804));
#2225 = LINE('',#2226,#2227);
#2226 = CARTESIAN_POINT('',(15.179193205945,2.231251765139,
    5.545552961804));
#2227 = VECTOR('',#2228,1.);
#2228 = DIRECTION('',(0.,-0.939692620786,0.342020143326));
#2229 = ORIENTED_EDGE('',*,*,#2230,.F.);
#2230 = EDGE_CURVE('',#2190,#2223,#2231,.T.);
#2231 = B_SPLINE_CURVE_WITH_KNOTS('',2,(#2232,#2233,#2234),
  .UNSPECIFIED.,.F.,.F.,(3,3),(0.,1.),.PIECEWISE_BEZIER_KNOTS.);
#2232 = CARTESIAN_POINT('',(15.553715498938,2.176005708866,
    5.393765669682));
#2233 = CARTESIAN_POINT('',(15.405944798301,2.231251765139,
    5.545552961804));
#2234 = CARTESIAN_POINT('',(15.179193205945,2.231251765139,
    5.545552961804));
#2235 = SURFACE_OF_LINEAR_EXTRUSION('',#2236,#2240);
#2236 = B_SPLINE_CURVE_WITH_KNOTS('',2,(#2237,#2238,#2239),
  .UNSPECIFIED.,.F.,.F.,(3,3),(0.,1.),.PIECEWISE_BEZIER_KNOTS.);
#2237 = CARTESIAN_POINT('',(15.553715498938,2.176005708866,
    5.393765669682));
#2238 = CARTESIAN_POINT('',(15.405944798301,2.231251765139,
    5.545552961804));
#2239 = CARTESIAN_POINT('',(15.179193205945,2.231251765139,
    5.545552961804));
#2240 = VECTOR('',#2241,1.);
#2241 = DIRECTION('',(-0.,0.939692620786,-0.342020143326));
#2242 = ADVANCED_FACE('',(#2243),#2268,.F.);
#2243 = FACE_BOUND('',#2244,.F.);
#2244 = EDGE_LOOP('',(#2245,#2246,#2254,#2262));
#2245 = ORIENTED_EDGE('',*,*,#2222,.T.);
#2246 = ORIENTED_EDGE('',*,*,#2247,.T.);
#2247 = EDGE_CURVE('',#2215,#2248,#2250,.T.);
#2248 = VERTEX_POINT('',#2249);
#2249 = CARTESIAN_POINT('',(14.788025477707,1.416699575103,
    5.646632732843));
#2250 = B_SPLINE_CURVE_WITH_KNOTS('',2,(#2251,#2252,#2253),
  .UNSPECIFIED.,.F.,.F.,(3,3),(0.,1.),.PIECEWISE_BEZIER_KNOTS.);
#2251 = CARTESIAN_POINT('',(15.179193205945,1.47949766851,5.819169076465
    ));
#2252 = CARTESIAN_POINT('',(14.916772823779,1.47949766851,5.819169076465
    ));
#2253 = CARTESIAN_POINT('',(14.788025477707,1.416699575103,
    5.646632732843));
#2254 = ORIENTED_EDGE('',*,*,#2255,.F.);
#2255 = EDGE_CURVE('',#2256,#2248,#2258,.T.);
#2256 = VERTEX_POINT('',#2257);
#2257 = CARTESIAN_POINT('',(14.788025477707,2.168453671731,
    5.373016618183));
#2258 = LINE('',#2259,#2260);
#2259 = CARTESIAN_POINT('',(14.788025477707,2.168453671731,
    5.373016618183));
#2260 = VECTOR('',#2261,1.);
#2261 = DIRECTION('',(0.,-0.939692620786,0.342020143326));
#2262 = ORIENTED_EDGE('',*,*,#2263,.F.);
#2263 = EDGE_CURVE('',#2223,#2256,#2264,.T.);
#2264 = B_SPLINE_CURVE_WITH_KNOTS('',2,(#2265,#2266,#2267),
  .UNSPECIFIED.,.F.,.F.,(3,3),(0.,1.),.PIECEWISE_BEZIER_KNOTS.);
#2265 = CARTESIAN_POINT('',(15.179193205945,2.231251765139,
    5.545552961804));
#2266 = CARTESIAN_POINT('',(14.916772823779,2.231251765139,
    5.545552961804));
#2267 = CARTESIAN_POINT('',(14.788025477707,2.168453671731,
    5.373016618183));
#2268 = SURFACE_OF_LINEAR_EXTRUSION('',#2269,#2273);
#2269 = B_SPLINE_CURVE_WITH_KNOTS('',2,(#2270,#2271,#2272),
  .UNSPECIFIED.,.F.,.F.,(3,3),(0.,1.),.PIECEWISE_BEZIER_KNOTS.);
#2270 = CARTESIAN_POINT('',(15.179193205945,2.231251765139,
    5.545552961804));
#2271 = CARTESIAN_POINT('',(14.916772823779,2.231251765139,
    5.545552961804));
#2272 = CARTESIAN_POINT('',(14.788025477707,2.168453671731,
    5.373016618183));
#2273 = VECTOR('',#2274,1.);
#2274 = DIRECTION('',(-0.,0.939692620786,-0.342020143326));
#2275 = ADVANCED_FACE('',(#2276),#2292,.F.);
#2276 = FACE_BOUND('',#2277,.F.);
#2277 = EDGE_LOOP('',(#2278,#2279,#2285,#2286));
#2278 = ORIENTED_EDGE('',*,*,#2255,.T.);
#2279 = ORIENTED_EDGE('',*,*,#2280,.T.);
#2280 = EDGE_CURVE('',#2248,#2042,#2281,.T.);
#2281 = B_SPLINE_CURVE_WITH_KNOTS('',2,(#2282,#2283,#2284),
  .UNSPECIFIED.,.F.,.F.,(3,3),(0.,1.),.PIECEWISE_BEZIER_KNOTS.);
#2282 = CARTESIAN_POINT('',(14.788025477707,1.416699575103,
    5.646632732843));
#2283 = CARTESIAN_POINT('',(14.659447983015,1.353959574289,
    5.474255997311));
#2284 = CARTESIAN_POINT('',(14.659447983015,1.280588628893,
    5.272670981591));
#2285 = ORIENTED_EDGE('',*,*,#2039,.F.);
#2286 = ORIENTED_EDGE('',*,*,#2287,.F.);
#2287 = EDGE_CURVE('',#2256,#2040,#2288,.T.);
#2288 = B_SPLINE_CURVE_WITH_KNOTS('',2,(#2289,#2290,#2291),
  .UNSPECIFIED.,.F.,.F.,(3,3),(0.,1.),.PIECEWISE_BEZIER_KNOTS.);
#2289 = CARTESIAN_POINT('',(14.788025477707,2.168453671731,
    5.373016618183));
#2290 = CARTESIAN_POINT('',(14.659447983015,2.105713670918,5.20063988265
    ));
#2291 = CARTESIAN_POINT('',(14.659447983015,2.032342725521,4.99905486693
    ));
#2292 = SURFACE_OF_LINEAR_EXTRUSION('',#2293,#2297);
#2293 = B_SPLINE_CURVE_WITH_KNOTS('',2,(#2294,#2295,#2296),
  .UNSPECIFIED.,.F.,.F.,(3,3),(0.,1.),.PIECEWISE_BEZIER_KNOTS.);
#2294 = CARTESIAN_POINT('',(14.788025477707,2.168453671731,
    5.373016618183));
#2295 = CARTESIAN_POINT('',(14.659447983015,2.105713670918,5.20063988265
    ));
#2296 = CARTESIAN_POINT('',(14.659447983015,2.032342725521,4.99905486693
    ));
#2297 = VECTOR('',#2298,1.);
#2298 = DIRECTION('',(-0.,0.939692620786,-0.342020143326));
#2299 = ADVANCED_FACE('',(#2300),#2310,.T.);
#2300 = FACE_BOUND('',#2301,.F.);
#2301 = EDGE_LOOP('',(#2302,#2303,#2304,#2305,#2306,#2307,#2308,#2309));
#2302 = ORIENTED_EDGE('',*,*,#2065,.T.);
#2303 = ORIENTED_EDGE('',*,*,#2098,.T.);
#2304 = ORIENTED_EDGE('',*,*,#2131,.T.);
#2305 = ORIENTED_EDGE('',*,*,#2164,.T.);
#2306 = ORIENTED_EDGE('',*,*,#2197,.T.);
#2307 = ORIENTED_EDGE('',*,*,#2230,.T.);
#2308 = ORIENTED_EDGE('',*,*,#2263,.T.);
#2309 = ORIENTED_EDGE('',*,*,#2287,.T.);
#2310 = PLANE('',#2311);
#2311 = AXIS2_PLACEMENT_3D('',#2312,#2313,#2314);
#2312 = CARTESIAN_POINT('',(15.182061682404,2.023621363104,
    4.975093120622));
#2313 = DIRECTION('',(-0.,0.939692620786,-0.342020143326));
#2314 = DIRECTION('',(-1.,0.,0.));
#2315 = ADVANCED_FACE('',(#2316),#2326,.F.);
#2316 = FACE_BOUND('',#2317,.T.);
#2317 = EDGE_LOOP('',(#2318,#2319,#2320,#2321,#2322,#2323,#2324,#2325));
#2318 = ORIENTED_EDGE('',*,*,#2049,.T.);
#2319 = ORIENTED_EDGE('',*,*,#2082,.T.);
#2320 = ORIENTED_EDGE('',*,*,#2115,.T.);
#2321 = ORIENTED_EDGE('',*,*,#2148,.T.);
#2322 = ORIENTED_EDGE('',*,*,#2181,.T.);
#2323 = ORIENTED_EDGE('',*,*,#2214,.T.);
#2324 = ORIENTED_EDGE('',*,*,#2247,.T.);
#2325 = ORIENTED_EDGE('',*,*,#2280,.T.);
#2326 = PLANE('',#2327);
#2327 = AXIS2_PLACEMENT_3D('',#2328,#2329,#2330);
#2328 = CARTESIAN_POINT('',(15.182061682404,1.271867266475,
    5.248709235282));
#2329 = DIRECTION('',(-0.,0.939692620786,-0.342020143326));
#2330 = DIRECTION('',(-1.,0.,0.));
#2331 = ( GEOMETRIC_REPRESENTATION_CONTEXT(3) 
GLOBAL_UNCERTAINTY_ASSIGNED_CONTEXT((#2335)) 
GLOBAL_UNIT_ASSIGNED_CONTEXT((#2332,#2333,#2334)) REPRESENTATION_CONTEXT
('Context #1','3D Context with UNIT and UNCERTAINTY') );
#2332 = ( LENGTH_UNIT() NAMED_UNIT(*) SI_UNIT(.MILLI.,.METRE.) );
#2333 = ( NAMED_UNIT(*) PLANE_ANGLE_UNIT() SI_UNIT($,.RADIAN.) );
#2334 = ( NAMED_UNIT(*) SI_UNIT($,.STERADIAN.) SOLID_ANGLE_UNIT() );
#2335 = UNCERTAINTY_MEASURE_WITH_UNIT(LENGTH_MEASURE(1.E-07),#2332,
  'distance_accuracy_value','confusion accuracy');
#2336 = PRODUCT_RELATED_PRODUCT_CATEGORY('part',$,(#7));
ENDSEC;
END-ISO-10303-21;
