ISO-10303-21;
HEADER;
FILE_DESCRIPTION(('FreeCAD Model'),'2;1');
FILE_NAME('Open CASCADE Shape Model','2026-08-29T11:05:01',('FreeCAD'),(
    'FreeCAD'),'Open CASCADE STEP processor 7.8','FreeCAD','Unknown');
FILE_SCHEMA(('AUTOMOTIVE_DESIGN { 1 0 10303 214 1 1 1 1 }'));
ENDSEC;
DATA;
#1 = APPLICATION_PROTOCOL_DEFINITION('international standard',
  'automotive_design',2000,#2);
#2 = APPLICATION_CONTEXT(
  'core data for automotive mechanical design processes');
#3 = SHAPE_DEFINITION_REPRESENTATION(#4,#10);
#4 = PRODUCT_DEFINITION_SHAPE('','',#5);
#5 = PRODUCT_DEFINITION('design','',#6,#9);
#6 = PRODUCT_DEFINITION_FORMATION('','',#7);
#7 = PRODUCT('Open CASCADE STEP translator 7.8 29',
  'Open CASCADE STEP translator 7.8 29','',(#8));
#8 = PRODUCT_CONTEXT('',#2,'mechanical');
#9 = PRODUCT_DEFINITION_CONTEXT('part definition',#2,'design');
#10 = ADVANCED_BREP_SHAPE_REPRESENTATION('',(#11,#15),#2829);
#11 = AXIS2_PLACEMENT_3D('',#12,#13,#14);
#12 = CARTESIAN_POINT('',(0.,0.,0.));
#13 = DIRECTION('',(0.,0.,1.));
#14 = DIRECTION('',(1.,0.,-0.));
#15 = MANIFOLD_SOLID_BREP('',#16);
#16 = CLOSED_SHELL('',(#17,#57,#222,#246,#334,#907,#924,#941,#958,#975,
    #992,#1009,#1026,#1058,#1082,#1106,#1131,#1156,#1180,#1204,#1222,
    #1239,#1270,#1296,#1322,#1348,#1374,#1400,#1426,#1452,#1478,#1504,
    #1530,#1556,#1582,#1608,#1634,#1653,#1684,#1708,#1732,#1758,#1784,
    #1808,#1834,#1851,#1882,#1906,#1930,#1947,#1978,#2002,#2026,#2052,
    #2078,#2102,#2128,#2145,#2176,#2200,#2224,#2250,#2276,#2300,#2326,
    #2343,#2374,#2398,#2422,#2454,#2478,#2502,#2527,#2552,#2576,#2600,
    #2618,#2635,#2725,#2741,#2753,#2769,#2785,#2797,#2813));
#17 = ADVANCED_FACE('',(#18),#52,.F.);
#18 = FACE_BOUND('',#19,.F.);
#19 = EDGE_LOOP('',(#20,#30,#38,#46));
#20 = ORIENTED_EDGE('',*,*,#21,.F.);
#21 = EDGE_CURVE('',#22,#24,#26,.T.);
#22 = VERTEX_POINT('',#23);
#23 = CARTESIAN_POINT('',(0.,3.639702342662,10.));
#24 = VERTEX_POINT('',#25);
#25 = CARTESIAN_POINT('',(0.,7.45,10.));
#26 = LINE('',#27,#28);
#27 = CARTESIAN_POINT('',(0.,0.,10.));
#28 = VECTOR('',#29,1.);
#29 = DIRECTION('',(0.,1.,0.));
#30 = ORIENTED_EDGE('',*,*,#31,.T.);
#31 = EDGE_CURVE('',#22,#32,#34,.T.);
#32 = VERTEX_POINT('',#33);
#33 = CARTESIAN_POINT('',(0.,0.,0.));
#34 = LINE('',#35,#36);
#35 = CARTESIAN_POINT('',(0.,0.,0.));
#36 = VECTOR('',#37,1.);
#37 = DIRECTION('',(0.,-0.342020143326,-0.939692620786));
#38 = ORIENTED_EDGE('',*,*,#39,.T.);
#39 = EDGE_CURVE('',#32,#40,#42,.T.);
#40 = VERTEX_POINT('',#41);
#41 = CARTESIAN_POINT('',(0.,7.45,0.));
#42 = LINE('',#43,#44);
#43 = CARTESIAN_POINT('',(0.,0.,0.));
#44 = VECTOR('',#45,1.);
#45 = DIRECTION('',(0.,1.,0.));
#46 = ORIENTED_EDGE('',*,*,#47,.T.);
#47 = EDGE_CURVE('',#40,#24,#48,.T.);
#48 = LINE('',#49,#50);
#49 = CARTESIAN_POINT('',(0.,7.45,-1.));
#50 = VECTOR('',#51,1.);
#51 = DIRECTION('',(0.,0.,1.));
#52 = PLANE('',#53);
#53 = AXIS2_PLACEMENT_3D('',#54,#55,#56);
#54 = CARTESIAN_POINT('',(0.,0.,0.));
#55 = DIRECTION('',(1.,0.,0.));
#56 = DIRECTION('',(0.,0.,1.));
#57 = ADVANCED_FACE('',(#58,#147),#217,.T.);
#58 = FACE_BOUND('',#59,.T.);
#59 = EDGE_LOOP('',(#60,#61,#69,#77,#85,#93,#101,#109,#117,#125,#133,
    #141));
#60 = ORIENTED_EDGE('',*,*,#21,.F.);
#61 = ORIENTED_EDGE('',*,*,#62,.T.);
#62 = EDGE_CURVE('',#22,#63,#65,.T.);
#63 = VERTEX_POINT('',#64);
#64 = CARTESIAN_POINT('',(26.,3.639702342662,10.));
#65 = LINE('',#66,#67);
#66 = CARTESIAN_POINT('',(-1.,3.639702342662,10.));
#67 = VECTOR('',#68,1.);
#68 = DIRECTION('',(1.,0.,0.));
#69 = ORIENTED_EDGE('',*,*,#70,.T.);
#70 = EDGE_CURVE('',#63,#71,#73,.T.);
#71 = VERTEX_POINT('',#72);
#72 = CARTESIAN_POINT('',(26.,7.575609756098,10.));
#73 = LINE('',#74,#75);
#74 = CARTESIAN_POINT('',(26.,0.,10.));
#75 = VECTOR('',#76,1.);
#76 = DIRECTION('',(0.,1.,0.));
#77 = ORIENTED_EDGE('',*,*,#78,.F.);
#78 = EDGE_CURVE('',#79,#71,#81,.T.);
#79 = VERTEX_POINT('',#80);
#80 = CARTESIAN_POINT('',(25.9,7.6,10.));
#81 = LINE('',#82,#83);
#82 = CARTESIAN_POINT('',(25.9,7.6,10.));
#83 = VECTOR('',#84,1.);
#84 = DIRECTION('',(0.971520338783,-0.236956180191,0.));
#85 = ORIENTED_EDGE('',*,*,#86,.F.);
#86 = EDGE_CURVE('',#87,#79,#89,.T.);
#87 = VERTEX_POINT('',#88);
#88 = CARTESIAN_POINT('',(25.9,11.6,10.));
#89 = LINE('',#90,#91);
#90 = CARTESIAN_POINT('',(25.9,11.6,10.));
#91 = VECTOR('',#92,1.);
#92 = DIRECTION('',(0.,-1.,0.));
#93 = ORIENTED_EDGE('',*,*,#94,.F.);
#94 = EDGE_CURVE('',#95,#87,#97,.T.);
#95 = VERTEX_POINT('',#96);
#96 = CARTESIAN_POINT('',(26.,11.624390243902,10.));
#97 = LINE('',#98,#99);
#98 = CARTESIAN_POINT('',(30.,12.6,10.));
#99 = VECTOR('',#100,1.);
#100 = DIRECTION('',(-0.971520338783,-0.236956180191,0.));
#101 = ORIENTED_EDGE('',*,*,#102,.T.);
#102 = EDGE_CURVE('',#95,#103,#105,.T.);
#103 = VERTEX_POINT('',#104);
#104 = CARTESIAN_POINT('',(26.,32.,10.));
#105 = LINE('',#106,#107);
#106 = CARTESIAN_POINT('',(26.,0.,10.));
#107 = VECTOR('',#108,1.);
#108 = DIRECTION('',(0.,1.,0.));
#109 = ORIENTED_EDGE('',*,*,#110,.F.);
#110 = EDGE_CURVE('',#111,#103,#113,.T.);
#111 = VERTEX_POINT('',#112);
#112 = CARTESIAN_POINT('',(0.,32.,10.));
#113 = LINE('',#114,#115);
#114 = CARTESIAN_POINT('',(0.,32.,10.));
#115 = VECTOR('',#116,1.);
#116 = DIRECTION('',(1.,0.,0.));
#117 = ORIENTED_EDGE('',*,*,#118,.F.);
#118 = EDGE_CURVE('',#119,#111,#121,.T.);
#119 = VERTEX_POINT('',#120);
#120 = CARTESIAN_POINT('',(0.,11.75,10.));
#121 = LINE('',#122,#123);
#122 = CARTESIAN_POINT('',(0.,0.,10.));
#123 = VECTOR('',#124,1.);
#124 = DIRECTION('',(0.,1.,0.));
#125 = ORIENTED_EDGE('',*,*,#126,.T.);
#126 = EDGE_CURVE('',#119,#127,#129,.T.);
#127 = VERTEX_POINT('',#128);
#128 = CARTESIAN_POINT('',(4.,12.75,10.));
#129 = LINE('',#130,#131);
#130 = CARTESIAN_POINT('',(0.617647058824,11.904411764706,10.));
#131 = VECTOR('',#132,1.);
#132 = DIRECTION('',(0.970142500145,0.242535625036,0.));
#133 = ORIENTED_EDGE('',*,*,#134,.T.);
#134 = EDGE_CURVE('',#127,#135,#137,.T.);
#135 = VERTEX_POINT('',#136);
#136 = CARTESIAN_POINT('',(4.,6.45,10.));
#137 = LINE('',#138,#139);
#138 = CARTESIAN_POINT('',(4.,3.225,10.));
#139 = VECTOR('',#140,1.);
#140 = DIRECTION('',(0.,-1.,0.));
#141 = ORIENTED_EDGE('',*,*,#142,.T.);
#142 = EDGE_CURVE('',#135,#24,#143,.T.);
#143 = LINE('',#144,#145);
#144 = CARTESIAN_POINT('',(0.876470588235,7.230882352941,10.));
#145 = VECTOR('',#146,1.);
#146 = DIRECTION('',(-0.970142500145,0.242535625036,0.));
#147 = FACE_BOUND('',#148,.T.);
#148 = EDGE_LOOP('',(#149,#160,#168,#177,#185,#194,#202,#211));
#149 = ORIENTED_EDGE('',*,*,#150,.F.);
#150 = EDGE_CURVE('',#151,#153,#155,.T.);
#151 = VERTEX_POINT('',#152);
#152 = CARTESIAN_POINT('',(8.1,25.34,10.));
#153 = VERTEX_POINT('',#154);
#154 = CARTESIAN_POINT('',(7.5,24.74,10.));
#155 = CIRCLE('',#156,0.6);
#156 = AXIS2_PLACEMENT_3D('',#157,#158,#159);
#157 = CARTESIAN_POINT('',(8.1,24.74,10.));
#158 = DIRECTION('',(0.,-0.,1.));
#159 = DIRECTION('',(0.,1.,0.));
#160 = ORIENTED_EDGE('',*,*,#161,.T.);
#161 = EDGE_CURVE('',#151,#162,#164,.T.);
#162 = VERTEX_POINT('',#163);
#163 = CARTESIAN_POINT('',(17.9,25.34,10.));
#164 = LINE('',#165,#166);
#165 = CARTESIAN_POINT('',(9.25,25.34,10.));
#166 = VECTOR('',#167,1.);
#167 = DIRECTION('',(1.,0.,0.));
#168 = ORIENTED_EDGE('',*,*,#169,.F.);
#169 = EDGE_CURVE('',#170,#162,#172,.T.);
#170 = VERTEX_POINT('',#171);
#171 = CARTESIAN_POINT('',(18.5,24.74,10.));
#172 = CIRCLE('',#173,0.6);
#173 = AXIS2_PLACEMENT_3D('',#174,#175,#176);
#174 = CARTESIAN_POINT('',(17.9,24.74,10.));
#175 = DIRECTION('',(0.,-0.,1.));
#176 = DIRECTION('',(0.,1.,0.));
#177 = ORIENTED_EDGE('',*,*,#178,.T.);
#178 = EDGE_CURVE('',#170,#179,#181,.T.);
#179 = VERTEX_POINT('',#180);
#180 = CARTESIAN_POINT('',(18.5,14.94,10.));
#181 = LINE('',#182,#183);
#182 = CARTESIAN_POINT('',(18.5,7.17,10.));
#183 = VECTOR('',#184,1.);
#184 = DIRECTION('',(0.,-1.,0.));
#185 = ORIENTED_EDGE('',*,*,#186,.F.);
#186 = EDGE_CURVE('',#187,#179,#189,.T.);
#187 = VERTEX_POINT('',#188);
#188 = CARTESIAN_POINT('',(17.9,14.34,10.));
#189 = CIRCLE('',#190,0.6);
#190 = AXIS2_PLACEMENT_3D('',#191,#192,#193);
#191 = CARTESIAN_POINT('',(17.9,14.94,10.));
#192 = DIRECTION('',(-0.,0.,1.));
#193 = DIRECTION('',(0.,-1.,0.));
#194 = ORIENTED_EDGE('',*,*,#195,.T.);
#195 = EDGE_CURVE('',#187,#196,#198,.T.);
#196 = VERTEX_POINT('',#197);
#197 = CARTESIAN_POINT('',(8.1,14.34,10.));
#198 = LINE('',#199,#200);
#199 = CARTESIAN_POINT('',(3.75,14.34,10.));
#200 = VECTOR('',#201,1.);
#201 = DIRECTION('',(-1.,0.,0.));
#202 = ORIENTED_EDGE('',*,*,#203,.F.);
#203 = EDGE_CURVE('',#204,#196,#206,.T.);
#204 = VERTEX_POINT('',#205);
#205 = CARTESIAN_POINT('',(7.5,14.94,10.));
#206 = CIRCLE('',#207,0.6);
#207 = AXIS2_PLACEMENT_3D('',#208,#209,#210);
#208 = CARTESIAN_POINT('',(8.1,14.94,10.));
#209 = DIRECTION('',(0.,0.,1.));
#210 = DIRECTION('',(-1.,0.,0.));
#211 = ORIENTED_EDGE('',*,*,#212,.T.);
#212 = EDGE_CURVE('',#204,#153,#213,.T.);
#213 = LINE('',#214,#215);
#214 = CARTESIAN_POINT('',(7.5,12.67,10.));
#215 = VECTOR('',#216,1.);
#216 = DIRECTION('',(0.,1.,0.));
#217 = PLANE('',#218);
#218 = AXIS2_PLACEMENT_3D('',#219,#220,#221);
#219 = CARTESIAN_POINT('',(0.,0.,10.));
#220 = DIRECTION('',(0.,0.,1.));
#221 = DIRECTION('',(1.,0.,0.));
#222 = ADVANCED_FACE('',(#223),#241,.T.);
#223 = FACE_BOUND('',#224,.T.);
#224 = EDGE_LOOP('',(#225,#233,#234,#235));
#225 = ORIENTED_EDGE('',*,*,#226,.T.);
#226 = EDGE_CURVE('',#227,#40,#229,.T.);
#227 = VERTEX_POINT('',#228);
#228 = CARTESIAN_POINT('',(4.,6.45,0.));
#229 = LINE('',#230,#231);
#230 = CARTESIAN_POINT('',(0.876470588235,7.230882352941,0.));
#231 = VECTOR('',#232,1.);
#232 = DIRECTION('',(-0.970142500145,0.242535625036,0.));
#233 = ORIENTED_EDGE('',*,*,#47,.T.);
#234 = ORIENTED_EDGE('',*,*,#142,.F.);
#235 = ORIENTED_EDGE('',*,*,#236,.F.);
#236 = EDGE_CURVE('',#227,#135,#237,.T.);
#237 = LINE('',#238,#239);
#238 = CARTESIAN_POINT('',(4.,6.45,-1.));
#239 = VECTOR('',#240,1.);
#240 = DIRECTION('',(0.,0.,1.));
#241 = PLANE('',#242);
#242 = AXIS2_PLACEMENT_3D('',#243,#244,#245);
#243 = CARTESIAN_POINT('',(0.,7.45,-1.));
#244 = DIRECTION('',(0.242535625036,0.970142500145,0.));
#245 = DIRECTION('',(0.970142500145,-0.242535625036,0.));
#246 = ADVANCED_FACE('',(#247),#329,.F.);
#247 = FACE_BOUND('',#248,.F.);
#248 = EDGE_LOOP('',(#249,#250,#258,#266,#274,#282,#290,#298,#306,#314,
    #322,#328));
#249 = ORIENTED_EDGE('',*,*,#39,.F.);
#250 = ORIENTED_EDGE('',*,*,#251,.T.);
#251 = EDGE_CURVE('',#32,#252,#254,.T.);
#252 = VERTEX_POINT('',#253);
#253 = CARTESIAN_POINT('',(26.,0.,0.));
#254 = LINE('',#255,#256);
#255 = CARTESIAN_POINT('',(0.,0.,0.));
#256 = VECTOR('',#257,1.);
#257 = DIRECTION('',(1.,0.,0.));
#258 = ORIENTED_EDGE('',*,*,#259,.T.);
#259 = EDGE_CURVE('',#252,#260,#262,.T.);
#260 = VERTEX_POINT('',#261);
#261 = CARTESIAN_POINT('',(26.,7.575609756098,0.));
#262 = LINE('',#263,#264);
#263 = CARTESIAN_POINT('',(26.,0.,0.));
#264 = VECTOR('',#265,1.);
#265 = DIRECTION('',(0.,1.,0.));
#266 = ORIENTED_EDGE('',*,*,#267,.F.);
#267 = EDGE_CURVE('',#268,#260,#270,.T.);
#268 = VERTEX_POINT('',#269);
#269 = CARTESIAN_POINT('',(25.9,7.6,0.));
#270 = LINE('',#271,#272);
#271 = CARTESIAN_POINT('',(25.9,7.6,0.));
#272 = VECTOR('',#273,1.);
#273 = DIRECTION('',(0.971520338783,-0.236956180191,0.));
#274 = ORIENTED_EDGE('',*,*,#275,.F.);
#275 = EDGE_CURVE('',#276,#268,#278,.T.);
#276 = VERTEX_POINT('',#277);
#277 = CARTESIAN_POINT('',(25.9,11.6,0.));
#278 = LINE('',#279,#280);
#279 = CARTESIAN_POINT('',(25.9,11.6,0.));
#280 = VECTOR('',#281,1.);
#281 = DIRECTION('',(0.,-1.,0.));
#282 = ORIENTED_EDGE('',*,*,#283,.F.);
#283 = EDGE_CURVE('',#284,#276,#286,.T.);
#284 = VERTEX_POINT('',#285);
#285 = CARTESIAN_POINT('',(26.,11.624390243902,0.));
#286 = LINE('',#287,#288);
#287 = CARTESIAN_POINT('',(30.,12.6,0.));
#288 = VECTOR('',#289,1.);
#289 = DIRECTION('',(-0.971520338783,-0.236956180191,0.));
#290 = ORIENTED_EDGE('',*,*,#291,.T.);
#291 = EDGE_CURVE('',#284,#292,#294,.T.);
#292 = VERTEX_POINT('',#293);
#293 = CARTESIAN_POINT('',(26.,32.,0.));
#294 = LINE('',#295,#296);
#295 = CARTESIAN_POINT('',(26.,0.,0.));
#296 = VECTOR('',#297,1.);
#297 = DIRECTION('',(0.,1.,0.));
#298 = ORIENTED_EDGE('',*,*,#299,.F.);
#299 = EDGE_CURVE('',#300,#292,#302,.T.);
#300 = VERTEX_POINT('',#301);
#301 = CARTESIAN_POINT('',(0.,32.,0.));
#302 = LINE('',#303,#304);
#303 = CARTESIAN_POINT('',(0.,32.,0.));
#304 = VECTOR('',#305,1.);
#305 = DIRECTION('',(1.,0.,0.));
#306 = ORIENTED_EDGE('',*,*,#307,.F.);
#307 = EDGE_CURVE('',#308,#300,#310,.T.);
#308 = VERTEX_POINT('',#309);
#309 = CARTESIAN_POINT('',(0.,11.75,0.));
#310 = LINE('',#311,#312);
#311 = CARTESIAN_POINT('',(0.,0.,0.));
#312 = VECTOR('',#313,1.);
#313 = DIRECTION('',(0.,1.,0.));
#314 = ORIENTED_EDGE('',*,*,#315,.T.);
#315 = EDGE_CURVE('',#308,#316,#318,.T.);
#316 = VERTEX_POINT('',#317);
#317 = CARTESIAN_POINT('',(4.,12.75,0.));
#318 = LINE('',#319,#320);
#319 = CARTESIAN_POINT('',(0.617647058824,11.904411764706,0.));
#320 = VECTOR('',#321,1.);
#321 = DIRECTION('',(0.970142500145,0.242535625036,0.));
#322 = ORIENTED_EDGE('',*,*,#323,.T.);
#323 = EDGE_CURVE('',#316,#227,#324,.T.);
#324 = LINE('',#325,#326);
#325 = CARTESIAN_POINT('',(4.,3.225,0.));
#326 = VECTOR('',#327,1.);
#327 = DIRECTION('',(0.,-1.,0.));
#328 = ORIENTED_EDGE('',*,*,#226,.T.);
#329 = PLANE('',#330);
#330 = AXIS2_PLACEMENT_3D('',#331,#332,#333);
#331 = CARTESIAN_POINT('',(0.,0.,0.));
#332 = DIRECTION('',(0.,0.,1.));
#333 = DIRECTION('',(1.,0.,0.));
#334 = ADVANCED_FACE('',(#335,#346,#604,#692,#726,#814),#902,.T.);
#335 = FACE_BOUND('',#336,.T.);
#336 = EDGE_LOOP('',(#337,#338,#339,#345));
#337 = ORIENTED_EDGE('',*,*,#31,.T.);
#338 = ORIENTED_EDGE('',*,*,#251,.T.);
#339 = ORIENTED_EDGE('',*,*,#340,.F.);
#340 = EDGE_CURVE('',#63,#252,#341,.T.);
#341 = LINE('',#342,#343);
#342 = CARTESIAN_POINT('',(26.,0.,0.));
#343 = VECTOR('',#344,1.);
#344 = DIRECTION('',(0.,-0.342020143326,-0.939692620786));
#345 = ORIENTED_EDGE('',*,*,#62,.F.);
#346 = FACE_BOUND('',#347,.T.);
#347 = EDGE_LOOP('',(#348,#358,#369,#384,#399,#421,#436,#451,#468,#485,
    #502,#521,#538,#555,#574,#591));
#348 = ORIENTED_EDGE('',*,*,#349,.F.);
#349 = EDGE_CURVE('',#350,#352,#354,.T.);
#350 = VERTEX_POINT('',#351);
#351 = CARTESIAN_POINT('',(18.325010615711,2.396516208526,6.584374168283
    ));
#352 = VERTEX_POINT('',#353);
#353 = CARTESIAN_POINT('',(19.018004246285,2.422367412565,6.655399767646
    ));
#354 = LINE('',#355,#356);
#355 = CARTESIAN_POINT('',(8.744968965194,2.039145519267,5.602506269169)
  );
#356 = VECTOR('',#357,1.);
#357 = DIRECTION('',(0.994104564342,3.708374622103E-02,0.101886755371));
#358 = ORIENTED_EDGE('',*,*,#359,.F.);
#359 = EDGE_CURVE('',#360,#350,#362,.T.);
#360 = VERTEX_POINT('',#361);
#361 = CARTESIAN_POINT('',(18.192526539278,2.50334848769,6.877893442954)
  );
#362 = B_SPLINE_CURVE_WITH_KNOTS('',5,(#363,#364,#365,#366,#367,#368),
  .UNSPECIFIED.,.F.,.F.,(6,6),(0.,1.),.PIECEWISE_BEZIER_KNOTS.);
#363 = CARTESIAN_POINT('',(18.192526539278,2.50334848769,6.877893442954)
  );
#364 = CARTESIAN_POINT('',(18.236009883303,2.4893497536,6.839432237141)
  );
#365 = CARTESIAN_POINT('',(18.270984512513,2.471466224391,6.790297644459
    ));
#366 = CARTESIAN_POINT('',(18.29724610346,2.449821834914,6.730830173113)
  );
#367 = CARTESIAN_POINT('',(18.315084228247,2.424717545068,6.661856703629
    ));
#368 = CARTESIAN_POINT('',(18.325010615711,2.396516208526,6.584374168283
    ));
#369 = ORIENTED_EDGE('',*,*,#370,.F.);
#370 = EDGE_CURVE('',#371,#360,#373,.T.);
#371 = VERTEX_POINT('',#372);
#372 = CARTESIAN_POINT('',(17.914819532909,2.537797395544,6.972541039408
    ));
#373 = B_SPLINE_CURVE_WITH_KNOTS('',5,(#374,#375,#376,#377,#378,#379,
    #380,#381,#382,#383),.UNSPECIFIED.,.F.,.F.,(6,4,6),(0.,
    0.765826795785,1.),.UNSPECIFIED.);
#374 = CARTESIAN_POINT('',(17.914819532909,2.537797395544,6.972541039408
    ));
#375 = CARTESIAN_POINT('',(17.966531331759,2.537797395544,6.972541039408
    ));
#376 = CARTESIAN_POINT('',(18.014973070999,2.535821502621,6.96711231822)
  );
#377 = CARTESIAN_POINT('',(18.059920533864,2.531811108673,6.956093851404
    ));
#378 = CARTESIAN_POINT('',(18.10120160936,2.525742275846,6.939419870248)
  );
#379 = CARTESIAN_POINT('',(18.150187124845,2.515158626324,6.910341532173
    ));
#380 = CARTESIAN_POINT('',(18.161306154845,2.512489787147,6.903008956797
    ));
#381 = CARTESIAN_POINT('',(18.172070338108,2.509631117307,6.895154825962
    ));
#382 = CARTESIAN_POINT('',(18.182477593281,2.506583577494,6.88678177914)
  );
#383 = CARTESIAN_POINT('',(18.192526539278,2.50334848769,6.877893442954)
  );
#384 = ORIENTED_EDGE('',*,*,#385,.F.);
#385 = EDGE_CURVE('',#386,#371,#388,.T.);
#386 = VERTEX_POINT('',#387);
#387 = CARTESIAN_POINT('',(17.531295116773,2.467795820562,6.780213292819
    ));
#388 = B_SPLINE_CURVE_WITH_KNOTS('',5,(#389,#390,#391,#392,#393,#394,
    #395,#396,#397,#398),.UNSPECIFIED.,.F.,.F.,(6,4,6),(0.,
    0.661861180013,1.),.UNSPECIFIED.);
#389 = CARTESIAN_POINT('',(17.531295116773,2.467795820562,6.780213292819
    ));
#390 = CARTESIAN_POINT('',(17.571779348549,2.485872678004,6.829879050456
    ));
#391 = CARTESIAN_POINT('',(17.615825663872,2.501320180386,6.872320714435
    ));
#392 = CARTESIAN_POINT('',(17.663448352399,2.5138757805,6.906816942238)
  );
#393 = CARTESIAN_POINT('',(17.714527310408,2.523350390429,6.932848219076
    ));
#394 = CARTESIAN_POINT('',(17.796403520982,2.532951834416,6.959227969625
    ));
#395 = CARTESIAN_POINT('',(17.824903593198,2.535384351686,6.965911255897
    ));
#396 = CARTESIAN_POINT('',(17.854174599581,2.536997914043,6.970344482038
    ));
#397 = CARTESIAN_POINT('',(17.88416584118,2.537797395544,6.972541039408)
  );
#398 = CARTESIAN_POINT('',(17.914819532909,2.537797395544,6.972541039408
    ));
#399 = ORIENTED_EDGE('',*,*,#400,.F.);
#400 = EDGE_CURVE('',#401,#386,#403,.T.);
#401 = VERTEX_POINT('',#402);
#402 = CARTESIAN_POINT('',(17.333927813163,2.176926205678,5.981055593918
    ));
#403 = B_SPLINE_CURVE_WITH_KNOTS('',6,(#404,#405,#406,#407,#408,#409,
    #410,#411,#412,#413,#414,#415,#416,#417,#418,#419,#420),
  .UNSPECIFIED.,.F.,.F.,(7,5,5,7),(0.,0.570065639624,0.949463979938,1.),
  .UNSPECIFIED.);
#404 = CARTESIAN_POINT('',(17.333927813163,2.176926205678,5.981055593918
    ));
#405 = CARTESIAN_POINT('',(17.34029759961,2.211447863278,6.075903068658)
  );
#406 = CARTESIAN_POINT('',(17.348611766323,2.245097794297,6.168355494298
    ));
#407 = CARTESIAN_POINT('',(17.35915002354,2.277732628621,6.258018964691)
  );
#408 = CARTESIAN_POINT('',(17.372265383574,2.309098471893,6.344195910824
    ));
#409 = CARTESIAN_POINT('',(17.388387216486,2.338829492162,6.42588121767)
  );
#410 = CARTESIAN_POINT('',(17.421136179255,2.38480363922,6.55219414859)
  );
#411 = CARTESIAN_POINT('',(17.435785328153,2.40222445949,6.600057458909)
  );
#412 = CARTESIAN_POINT('',(17.452149430668,2.418546096584,6.644900788273
    ));
#413 = CARTESIAN_POINT('',(17.47038063393,2.43357539903,6.686193457375)
  );
#414 = CARTESIAN_POINT('',(17.490616821777,2.447085213887,6.723311368635
    ));
#415 = CARTESIAN_POINT('',(17.515890542593,2.460427347122,6.759968578425
    ));
#416 = CARTESIAN_POINT('',(17.518897887258,2.4619647846,6.764192653182)
  );
#417 = CARTESIAN_POINT('',(17.521941937871,2.463470858824,6.768330558104
    ));
#418 = CARTESIAN_POINT('',(17.525022788754,2.464945058117,6.772380887373
    ));
#419 = CARTESIAN_POINT('',(17.528140503859,2.466386877874,6.776342254599
    ));
#420 = CARTESIAN_POINT('',(17.531295116773,2.467795820562,6.780213292819
    ));
#421 = ORIENTED_EDGE('',*,*,#422,.F.);
#422 = EDGE_CURVE('',#423,#401,#425,.T.);
#423 = VERTEX_POINT('',#424);
#424 = CARTESIAN_POINT('',(17.99889596603,2.284978429302,6.277926638447)
  );
#425 = B_SPLINE_CURVE_WITH_KNOTS('',5,(#426,#427,#428,#429,#430,#431,
    #432,#433,#434,#435),.UNSPECIFIED.,.F.,.F.,(6,4,6),(0.,
    0.440630024256,1.),.UNSPECIFIED.);
#426 = CARTESIAN_POINT('',(17.99889596603,2.284978429302,6.277926638447)
  );
#427 = CARTESIAN_POINT('',(17.929955115593,2.284978429302,6.277926638447
    ));
#428 = CARTESIAN_POINT('',(17.862502514613,2.282946550955,6.27234409857)
  );
#429 = CARTESIAN_POINT('',(17.796936017016,2.278770215714,6.260869711799
    ));
#430 = CARTESIAN_POINT('',(17.733637622514,2.272395443742,6.243355169752
    ));
#431 = CARTESIAN_POINT('',(17.595870000224,2.253044676461,6.1901893736)
  );
#432 = CARTESIAN_POINT('',(17.522958992077,2.238748692991,6.150911481827
    ));
#433 = CARTESIAN_POINT('',(17.454891102027,2.221074350529,6.10235162501)
  );
#434 = CARTESIAN_POINT('',(17.391888336244,2.200337011725,6.045376254905
    ));
#435 = CARTESIAN_POINT('',(17.333927813163,2.176926205678,5.981055593918
    ));
#436 = ORIENTED_EDGE('',*,*,#437,.F.);
#437 = EDGE_CURVE('',#438,#423,#440,.T.);
#438 = VERTEX_POINT('',#439);
#439 = CARTESIAN_POINT('',(18.766963906582,2.168212316676,5.95711438065)
  );
#440 = B_SPLINE_CURVE_WITH_KNOTS('',5,(#441,#442,#443,#444,#445,#446,
    #447,#448,#449,#450),.UNSPECIFIED.,.F.,.F.,(6,4,6),(0.,
    0.567636438559,1.),.UNSPECIFIED.);
#441 = CARTESIAN_POINT('',(18.766963906582,2.168212316676,5.95711438065)
  );
#442 = CARTESIAN_POINT('',(18.69683805381,2.193828019637,6.02749294612)
  );
#443 = CARTESIAN_POINT('',(18.621268176416,2.216505380281,6.089798482422
    ));
#444 = CARTESIAN_POINT('',(18.540282110753,2.235794012972,6.142793565192
    ));
#445 = CARTESIAN_POINT('',(18.454192884541,2.251323141668,6.185459495628
    ));
#446 = CARTESIAN_POINT('',(18.295060360452,2.271867435395,6.241904478742
    ));
#447 = CARTESIAN_POINT('',(18.223776855083,2.278508952608,6.260151897316
    ));
#448 = CARTESIAN_POINT('',(18.150379738321,2.282860771092,6.272108420334
    ));
#449 = CARTESIAN_POINT('',(18.075279948291,2.284978429302,6.277926638447
    ));
#450 = CARTESIAN_POINT('',(17.99889596603,2.284978429302,6.277926638447)
  );
#451 = ORIENTED_EDGE('',*,*,#452,.F.);
#452 = EDGE_CURVE('',#453,#438,#455,.T.);
#453 = VERTEX_POINT('',#454);
#454 = CARTESIAN_POINT('',(19.086794055202,1.866711757209,5.128748401562
    ));
#455 = B_SPLINE_CURVE_WITH_KNOTS('',6,(#456,#457,#458,#459,#460,#461,
    #462,#463,#464,#465,#466,#467),.UNSPECIFIED.,.F.,.F.,(7,5,7),(0.,
    0.762587155306,1.),.UNSPECIFIED.);
#456 = CARTESIAN_POINT('',(19.086794055202,1.866711757209,5.128748401562
    ));
#457 = CARTESIAN_POINT('',(19.086794055202,1.910965146577,5.250333589585
    ));
#458 = CARTESIAN_POINT('',(19.075781885096,1.954172968265,5.369046104016
    ));
#459 = CARTESIAN_POINT('',(19.052550220421,1.995909313872,5.483715771143
    ));
#460 = CARTESIAN_POINT('',(19.016110559041,2.035703931276,5.593050583876
    ));
#461 = CARTESIAN_POINT('',(18.966037174692,2.073095614724,5.695783389825
    ));
#462 = CARTESIAN_POINT('',(18.883415787007,2.118495547932,5.820518681157
    ));
#463 = CARTESIAN_POINT('',(18.862544111088,2.129007015908,5.849398702068
    ));
#464 = CARTESIAN_POINT('',(18.840434711772,2.139241507288,5.877517736034
    ));
#465 = CARTESIAN_POINT('',(18.817112695882,2.149190995966,5.904853731511
    ));
#466 = CARTESIAN_POINT('',(18.792609703223,2.158849347012,5.931389832921
    ));
#467 = CARTESIAN_POINT('',(18.766963906582,2.168212316676,5.95711438065)
  );
#468 = ORIENTED_EDGE('',*,*,#469,.F.);
#469 = EDGE_CURVE('',#470,#453,#472,.T.);
#470 = VERTEX_POINT('',#471);
#471 = CARTESIAN_POINT('',(18.750488322718,1.552082271646,4.264310994483
    ));
#472 = B_SPLINE_CURVE_WITH_KNOTS('',6,(#473,#474,#475,#476,#477,#478,
    #479,#480,#481,#482,#483,#484),.UNSPECIFIED.,.F.,.F.,(7,5,7),(0.,
    0.204766540924,1.),.UNSPECIFIED.);
#473 = CARTESIAN_POINT('',(18.750488322718,1.552082271646,4.264310994483
    ));
#474 = CARTESIAN_POINT('',(18.773911892628,1.560336372043,4.286988948941
    ));
#475 = CARTESIAN_POINT('',(18.796426689739,1.568841031245,4.310355308059
    ));
#476 = CARTESIAN_POINT('',(18.818004784789,1.577592930359,4.334400953253
    ));
#477 = CARTESIAN_POINT('',(18.838622654024,1.586587404063,4.359113066656
    ));
#478 = CARTESIAN_POINT('',(18.858261179194,1.595818440605,4.384475131112
    ));
#479 = CARTESIAN_POINT('',(18.949313497998,1.642018572496,4.511408950258
    ));
#480 = CARTESIAN_POINT('',(19.006765642722,1.682233319793,4.621898060385
    ));
#481 = CARTESIAN_POINT('',(19.04826333546,1.725435676149,4.74059555894)
  );
#482 = CARTESIAN_POINT('',(19.074479747241,1.770989356922,4.865753268237
    ));
#483 = CARTESIAN_POINT('',(19.086794055202,1.818262920415,4.995636316472
    ));
#484 = CARTESIAN_POINT('',(19.086794055202,1.866711757209,5.128748401562
    ));
#485 = ORIENTED_EDGE('',*,*,#486,.F.);
#486 = EDGE_CURVE('',#487,#470,#489,.T.);
#487 = VERTEX_POINT('',#488);
#488 = CARTESIAN_POINT('',(17.886794055202,1.43357338122,3.938710494033)
  );
#489 = B_SPLINE_CURVE_WITH_KNOTS('',6,(#490,#491,#492,#493,#494,#495,
    #496,#497,#498,#499,#500,#501),.UNSPECIFIED.,.F.,.F.,(7,5,7),(0.,
    0.647538355015,1.),.UNSPECIFIED.);
#490 = CARTESIAN_POINT('',(17.886794055202,1.43357338122,3.938710494033)
  );
#491 = CARTESIAN_POINT('',(17.995230810271,1.43357338122,3.938710494033)
  );
#492 = CARTESIAN_POINT('',(18.101429464048,1.436579441646,3.946969577176
    ));
#493 = CARTESIAN_POINT('',(18.204553644046,1.442862590938,3.964232387977
    ));
#494 = CARTESIAN_POINT('',(18.303713672407,1.452631663516,3.991072694295
    ));
#495 = CARTESIAN_POINT('',(18.398045958714,1.465966402433,4.027709588365
    ));
#496 = CARTESIAN_POINT('',(18.535143030607,1.491844223935,4.098808318604
    ));
#497 = CARTESIAN_POINT('',(18.581828935148,1.501981089067,4.126659126659
    ));
#498 = CARTESIAN_POINT('',(18.626768470183,1.513113184497,4.157244307485
    ));
#499 = CARTESIAN_POINT('',(18.669885241125,1.525206032565,4.190469134488
    ));
#500 = CARTESIAN_POINT('',(18.711132491772,1.538213891162,4.226207932258
    ));
#501 = CARTESIAN_POINT('',(18.750488322718,1.552082271646,4.264310994483
    ));
#502 = ORIENTED_EDGE('',*,*,#503,.F.);
#503 = EDGE_CURVE('',#504,#487,#506,.T.);
#504 = VERTEX_POINT('',#505);
#505 = CARTESIAN_POINT('',(16.956857749469,1.584381753547,4.353053091665
    ));
#506 = B_SPLINE_CURVE_WITH_KNOTS('',5,(#507,#508,#509,#510,#511,#512,
    #513,#514,#515,#516,#517,#518,#519,#520),.UNSPECIFIED.,.F.,.F.,(6,4,
    4,6),(0.,0.169836526531,0.516554893855,1.),.UNSPECIFIED.);
#507 = CARTESIAN_POINT('',(16.956857749469,1.584381753547,4.353053091665
    ));
#508 = CARTESIAN_POINT('',(16.980669397955,1.574525348577,4.325972841575
    ));
#509 = CARTESIAN_POINT('',(17.005222414159,1.564986996411,4.299766434379
    ));
#510 = CARTESIAN_POINT('',(17.030523330413,1.555785873031,4.27448655566)
  );
#511 = CARTESIAN_POINT('',(17.056572083457,1.546940560998,4.250184260579
    ));
#512 = CARTESIAN_POINT('',(17.138053200838,1.521174603333,4.179392873707
    ));
#513 = CARTESIAN_POINT('',(17.195839331552,1.505435708977,4.136150616855
    ));
#514 = CARTESIAN_POINT('',(17.256645056256,1.491408983579,4.097612505556
    ));
#515 = CARTESIAN_POINT('',(17.320289959567,1.479213710317,4.064106267643
    ));
#516 = CARTESIAN_POINT('',(17.478671057074,1.454521874085,3.99626600515)
  );
#517 = CARTESIAN_POINT('',(17.575808669077,1.443797198145,3.966800200176
    ));
#518 = CARTESIAN_POINT('',(17.676911068824,1.436877018049,3.947787161622
    ));
#519 = CARTESIAN_POINT('',(17.780906435401,1.43357338122,3.938710494033)
  );
#520 = CARTESIAN_POINT('',(17.886794055202,1.43357338122,3.938710494033)
  );
#521 = ORIENTED_EDGE('',*,*,#522,.F.);
#522 = EDGE_CURVE('',#523,#504,#525,.T.);
#523 = VERTEX_POINT('',#524);
#524 = CARTESIAN_POINT('',(16.592526539278,2.078749722923,5.711317924427
    ));
#525 = B_SPLINE_CURVE_WITH_KNOTS('',6,(#526,#527,#528,#529,#530,#531,
    #532,#533,#534,#535,#536,#537),.UNSPECIFIED.,.F.,.F.,(7,5,7),(0.,
    0.61117065494,1.),.UNSPECIFIED.);
#526 = CARTESIAN_POINT('',(16.592526539278,2.078749722923,5.711317924427
    ));
#527 = CARTESIAN_POINT('',(16.592526539278,2.021862542661,5.555021681203
    ));
#528 = CARTESIAN_POINT('',(16.598520011618,1.96565249989,5.400585857943)
  );
#529 = CARTESIAN_POINT('',(16.611491623726,1.910238387328,5.248336834958
    ));
#530 = CARTESIAN_POINT('',(16.632782896166,1.85597167094,5.099240257054)
  );
#531 = CARTESIAN_POINT('',(16.664103108728,1.803437923053,4.954904970976
    ));
#532 = CARTESIAN_POINT('',(16.735270231937,1.721677012269,4.730268714803
    ));
#533 = CARTESIAN_POINT('',(16.7678544437,1.690941345643,4.645823164775)
  );
#534 = CARTESIAN_POINT('',(16.805872586908,1.661499209019,4.564931559222
    ));
#535 = CARTESIAN_POINT('',(16.849835547576,1.633673644385,4.488481448706
    ));
#536 = CARTESIAN_POINT('',(16.900162249203,1.607849839382,4.417531127576
    ));
#537 = CARTESIAN_POINT('',(16.956857749469,1.584381753547,4.353053091665
    ));
#538 = ORIENTED_EDGE('',*,*,#539,.F.);
#539 = EDGE_CURVE('',#540,#523,#542,.T.);
#540 = VERTEX_POINT('',#541);
#541 = CARTESIAN_POINT('',(16.972144373673,2.586653266548,7.1067714418)
  );
#542 = B_SPLINE_CURVE_WITH_KNOTS('',6,(#543,#544,#545,#546,#547,#548,
    #549,#550,#551,#552,#553,#554),.UNSPECIFIED.,.F.,.F.,(7,5,7),(0.,
    0.390711467859,1.),.UNSPECIFIED.);
#543 = CARTESIAN_POINT('',(16.972144373673,2.586653266548,7.1067714418)
  );
#544 = CARTESIAN_POINT('',(16.912817473269,2.562340387553,7.039972355759
    ));
#545 = CARTESIAN_POINT('',(16.86015579399,2.535595698069,6.966491925311)
  );
#546 = CARTESIAN_POINT('',(16.81417707785,2.506787295132,6.887341488751)
  );
#547 = CARTESIAN_POINT('',(16.774447279642,2.476317730848,6.803627048899
    ));
#548 = CARTESIAN_POINT('',(16.740429894054,2.444524811025,6.716276719587
    ));
#549 = CARTESIAN_POINT('',(16.66657692509,2.360402542883,6.485152687396)
  );
#550 = CARTESIAN_POINT('',(16.634169333518,2.306575472003,6.337264025596
    ));
#551 = CARTESIAN_POINT('',(16.612143287777,2.251021796722,6.184631557194
    ));
#552 = CARTESIAN_POINT('',(16.598725696296,2.194337162556,6.028891804792
    ));
#553 = CARTESIAN_POINT('',(16.592526539278,2.136875293126,5.871016616055
    ));
#554 = CARTESIAN_POINT('',(16.592526539278,2.078749722923,5.711317924427
    ));
#555 = ORIENTED_EDGE('',*,*,#556,.F.);
#556 = EDGE_CURVE('',#557,#540,#559,.T.);
#557 = VERTEX_POINT('',#558);
#558 = CARTESIAN_POINT('',(17.95813163482,2.742283324123,7.534361510774)
  );
#559 = B_SPLINE_CURVE_WITH_KNOTS('',5,(#560,#561,#562,#563,#564,#565,
    #566,#567,#568,#569,#570,#571,#572,#573),.UNSPECIFIED.,.F.,.F.,(6,4,
    4,6),(0.,0.176557703039,0.533199595664,1.),.UNSPECIFIED.);
#560 = CARTESIAN_POINT('',(17.95813163482,2.742283324123,7.534361510774)
  );
#561 = CARTESIAN_POINT('',(17.917134101106,2.742283324123,7.534361510774
    ));
#562 = CARTESIAN_POINT('',(17.87639855262,2.741838773658,7.533140118411)
  );
#563 = CARTESIAN_POINT('',(17.835971454204,2.740932558808,7.530650313572
    ));
#564 = CARTESIAN_POINT('',(17.795903331534,2.739550062498,7.526851936177
    ));
#565 = CARTESIAN_POINT('',(17.676147607415,2.733900000003,7.511328517055
    ));
#566 = CARTESIAN_POINT('',(17.597721417633,2.728127839457,7.495469636293
    ));
#567 = CARTESIAN_POINT('',(17.521447450361,2.720266260123,7.473870124593
    ));
#568 = CARTESIAN_POINT('',(17.447785931569,2.71027964315,7.446432119961)
  );
#569 = CARTESIAN_POINT('',(17.284651702922,2.68247300408,7.370034007006)
  );
#570 = CARTESIAN_POINT('',(17.197288040996,2.663180127779,7.317027265014
    ));
#571 = CARTESIAN_POINT('',(17.11595651435,2.640510419915,7.254742754552)
  );
#572 = CARTESIAN_POINT('',(17.040926171398,2.614851402068,7.184245182412
    ));
#573 = CARTESIAN_POINT('',(16.972144373673,2.586653266548,7.1067714418)
  );
#574 = ORIENTED_EDGE('',*,*,#575,.F.);
#575 = EDGE_CURVE('',#576,#557,#578,.T.);
#576 = VERTEX_POINT('',#577);
#577 = CARTESIAN_POINT('',(18.662505307856,2.660314674911,7.309154497963
    ));
#578 = B_SPLINE_CURVE_WITH_KNOTS('',6,(#579,#580,#581,#582,#583,#584,
    #585,#586,#587,#588,#589,#590),.UNSPECIFIED.,.F.,.F.,(7,5,7),(0.,
    0.206808744163,1.),.UNSPECIFIED.);
#579 = CARTESIAN_POINT('',(18.662505307856,2.660314674911,7.309154497963
    ));
#580 = CARTESIAN_POINT('',(18.64304141366,2.666035191914,7.324871489254)
  );
#581 = CARTESIAN_POINT('',(18.62311409219,2.67152648783,7.339958700788)
  );
#582 = CARTESIAN_POINT('',(18.602728950104,2.67678441616,7.354404740148)
  );
#583 = CARTESIAN_POINT('',(18.5818930661,2.681805507705,7.368200075789)
  );
#584 = CARTESIAN_POINT('',(18.56061499092,2.686586970567,7.381337037035)
  );
#585 = CARTESIAN_POINT('',(18.455637594236,2.708538264749,7.441647722127
    ));
#586 = CARTESIAN_POINT('',(18.365988705075,2.722399027597,7.479729855069
    ));
#587 = CARTESIAN_POINT('',(18.270580875849,2.732573345333,7.507683563305
    ));
#588 = CARTESIAN_POINT('',(18.170220926028,2.739134820723,7.525711068777
    ));
#589 = CARTESIAN_POINT('',(18.065785019611,2.742283324123,7.534361510774
    ));
#590 = CARTESIAN_POINT('',(17.95813163482,2.742283324123,7.534361510774)
  );
#591 = ORIENTED_EDGE('',*,*,#592,.F.);
#592 = EDGE_CURVE('',#352,#576,#593,.T.);
#593 = B_SPLINE_CURVE_WITH_KNOTS('',5,(#594,#595,#596,#597,#598,#599,
    #600,#601,#602,#603),.UNSPECIFIED.,.F.,.F.,(6,4,6),(0.,
    0.486165280091,1.),.UNSPECIFIED.);
#594 = CARTESIAN_POINT('',(19.018004246285,2.422367412565,6.655399767646
    ));
#595 = CARTESIAN_POINT('',(19.004039207913,2.450876762357,6.733728562443
    ));
#596 = CARTESIAN_POINT('',(18.985559101962,2.478425397706,6.809417816001
    ));
#597 = CARTESIAN_POINT('',(18.962233467615,2.504855438911,6.882033757407
    ));
#598 = CARTESIAN_POINT('',(18.933762244551,2.529983409648,6.951072289601
    ));
#599 = CARTESIAN_POINT('',(18.864355188826,2.578634422459,7.084739848736
    ));
#600 = CARTESIAN_POINT('',(18.822796932304,2.601988752435,7.148905342989
    ));
#601 = CARTESIAN_POINT('',(18.775205746528,2.623484698909,7.207964970538
    ));
#602 = CARTESIAN_POINT('',(18.721648558265,2.642955126522,7.26145953075)
  );
#603 = CARTESIAN_POINT('',(18.662505307856,2.660314674911,7.309154497963
    ));
#604 = FACE_BOUND('',#605,.T.);
#605 = EDGE_LOOP('',(#606,#616,#624,#639,#647,#659,#678,#686));
#606 = ORIENTED_EDGE('',*,*,#607,.F.);
#607 = EDGE_CURVE('',#608,#610,#612,.T.);
#608 = VERTEX_POINT('',#609);
#609 = CARTESIAN_POINT('',(14.806029723992,1.455880937065,4.));
#610 = VERTEX_POINT('',#611);
#611 = CARTESIAN_POINT('',(15.52195329087,1.455880937065,4.));
#612 = LINE('',#613,#614);
#613 = CARTESIAN_POINT('',(7.260976645435,1.455880937065,4.));
#614 = VECTOR('',#615,1.);
#615 = DIRECTION('',(1.,0.,0.));
#616 = ORIENTED_EDGE('',*,*,#617,.F.);
#617 = EDGE_CURVE('',#618,#608,#620,.T.);
#618 = VERTEX_POINT('',#619);
#619 = CARTESIAN_POINT('',(14.806029723992,2.382109245376,6.544791362346
    ));
#620 = LINE('',#621,#622);
#621 = CARTESIAN_POINT('',(14.806029723992,0.727940468532,2.));
#622 = VECTOR('',#623,1.);
#623 = DIRECTION('',(-0.,-0.342020143326,-0.939692620786));
#624 = ORIENTED_EDGE('',*,*,#625,.F.);
#625 = EDGE_CURVE('',#626,#618,#628,.T.);
#626 = VERTEX_POINT('',#627);
#627 = CARTESIAN_POINT('',(13.88118895966,2.195748205922,6.032768614578)
  );
#628 = B_SPLINE_CURVE_WITH_KNOTS('',5,(#629,#630,#631,#632,#633,#634,
    #635,#636,#637,#638),.UNSPECIFIED.,.F.,.F.,(6,4,6),(0.,
    0.723532752039,1.),.UNSPECIFIED.);
#629 = CARTESIAN_POINT('',(13.88118895966,2.195748205922,6.032768614578)
  );
#630 = CARTESIAN_POINT('',(14.032268196387,2.212873359269,6.079819586705
    ));
#631 = CARTESIAN_POINT('',(14.178247566379,2.233522330948,6.136552170127
    ));
#632 = CARTESIAN_POINT('',(14.31821774788,2.257803848753,6.203265092008)
  );
#633 = CARTESIAN_POINT('',(14.451359115689,2.28572395818,6.279974962205)
  );
#634 = CARTESIAN_POINT('',(14.625077146257,2.329123500893,6.399214225825
    ));
#635 = CARTESIAN_POINT('',(14.672018487761,2.341630760276,6.433577638559
    ));
#636 = CARTESIAN_POINT('',(14.717840837741,2.354638420102,6.469315890211
    ));
#637 = CARTESIAN_POINT('',(14.762517830931,2.368135679869,6.506399306646
    ));
#638 = CARTESIAN_POINT('',(14.806029723992,2.382109245376,6.544791362346
    ));
#639 = ORIENTED_EDGE('',*,*,#640,.F.);
#640 = EDGE_CURVE('',#641,#626,#643,.T.);
#641 = VERTEX_POINT('',#642);
#642 = CARTESIAN_POINT('',(13.88118895966,2.418823764371,6.64566367425)
  );
#643 = LINE('',#644,#645);
#644 = CARTESIAN_POINT('',(13.88118895966,1.097874102961,3.016384307289)
  );
#645 = VECTOR('',#646,1.);
#646 = DIRECTION('',(-0.,-0.342020143326,-0.939692620786));
#647 = ORIENTED_EDGE('',*,*,#648,.F.);
#648 = EDGE_CURVE('',#649,#641,#651,.T.);
#649 = VERTEX_POINT('',#650);
#650 = CARTESIAN_POINT('',(14.490106157113,2.537797395544,6.972541039408
    ));
#651 = B_SPLINE_CURVE_WITH_KNOTS('',6,(#652,#653,#654,#655,#656,#657,
    #658),.UNSPECIFIED.,.F.,.F.,(7,7),(0.,1.),.PIECEWISE_BEZIER_KNOTS.);
#652 = CARTESIAN_POINT('',(14.490106157113,2.537797395544,6.972541039408
    ));
#653 = CARTESIAN_POINT('',(14.387035298144,2.5103242775,6.89705926794));
#654 = CARTESIAN_POINT('',(14.2841653091,2.485461594455,6.828749607688)
  );
#655 = CARTESIAN_POINT('',(14.18173707104,2.463520866936,6.768467954263)
  );
#656 = CARTESIAN_POINT('',(14.080107142628,2.444859708824,6.717196843729
    ));
#657 = CARTESIAN_POINT('',(13.979740651304,2.429855036128,6.675971844309
    ));
#658 = CARTESIAN_POINT('',(13.88118895966,2.418823764371,6.64566367425)
  );
#659 = ORIENTED_EDGE('',*,*,#660,.F.);
#660 = EDGE_CURVE('',#661,#649,#663,.T.);
#661 = VERTEX_POINT('',#662);
#662 = CARTESIAN_POINT('',(14.941061571125,2.742283324123,7.534361510774
    ));
#663 = B_SPLINE_CURVE_WITH_KNOTS('',5,(#664,#665,#666,#667,#668,#669,
    #670,#671,#672,#673,#674,#675,#676,#677),.UNSPECIFIED.,.F.,.F.,(6,4,
    4,6),(0.,7.672019752048E-02,0.533182313786,1.),.UNSPECIFIED.);
#664 = CARTESIAN_POINT('',(14.941061571125,2.742283324123,7.534361510774
    ));
#665 = CARTESIAN_POINT('',(14.937247039948,2.738639373968,7.524349840005
    ));
#666 = CARTESIAN_POINT('',(14.93330626266,2.735012433289,7.514384902388)
  );
#667 = CARTESIAN_POINT('',(14.929239391502,2.731402756931,7.504467398103
    ));
#668 = CARTESIAN_POINT('',(14.925046645912,2.727810590957,7.494598003202
    ));
#669 = CARTESIAN_POINT('',(14.895035526802,2.702969458038,7.426347551436
    ));
#670 = CARTESIAN_POINT('',(14.864896361097,2.682330394408,7.369642190152
    ));
#671 = CARTESIAN_POINT('',(14.830372749123,2.662370786818,7.314803618997
    ));
#672 = CARTESIAN_POINT('',(14.791608154747,2.643125759746,7.261928341682
    ));
#673 = CARTESIAN_POINT('',(14.705036477679,2.605688263102,7.15906966501)
  );
#674 = CARTESIAN_POINT('',(14.657042296273,2.587528785844,7.109176911294
    ));
#675 = CARTESIAN_POINT('',(14.605042307403,2.570160917499,7.061459085194
    ));
#676 = CARTESIAN_POINT('',(14.549304477033,2.553586930406,7.015922429904
    ));
#677 = CARTESIAN_POINT('',(14.490106157113,2.537797395544,6.972541039408
    ));
#678 = ORIENTED_EDGE('',*,*,#679,.F.);
#679 = EDGE_CURVE('',#680,#661,#682,.T.);
#680 = VERTEX_POINT('',#681);
#681 = CARTESIAN_POINT('',(15.52195329087,2.742283324123,7.534361510774)
  );
#682 = LINE('',#683,#684);
#683 = CARTESIAN_POINT('',(6.970530785563,2.742283324123,7.534361510774)
  );
#684 = VECTOR('',#685,1.);
#685 = DIRECTION('',(-1.,0.,0.));
#686 = ORIENTED_EDGE('',*,*,#687,.F.);
#687 = EDGE_CURVE('',#610,#680,#688,.T.);
#688 = LINE('',#689,#690);
#689 = CARTESIAN_POINT('',(15.52195329087,1.371141662061,3.767180755387)
  );
#690 = VECTOR('',#691,1.);
#691 = DIRECTION('',(0.,0.342020143326,0.939692620786));
#692 = FACE_BOUND('',#693,.T.);
#693 = EDGE_LOOP('',(#694,#704,#712,#720));
#694 = ORIENTED_EDGE('',*,*,#695,.F.);
#695 = EDGE_CURVE('',#696,#698,#700,.T.);
#696 = VERTEX_POINT('',#697);
#697 = CARTESIAN_POINT('',(12.939872611465,2.753437102045,7.565006263758
    ));
#698 = VERTEX_POINT('',#699);
#699 = CARTESIAN_POINT('',(12.015031847134,1.43357338122,3.938710494033)
  );
#700 = LINE('',#701,#702);
#701 = CARTESIAN_POINT('',(11.186593091265,0.251287412687,0.69040649215)
  );
#702 = VECTOR('',#703,1.);
#703 = DIRECTION('',(-0.233057266823,-0.332601938861,-0.913816316689));
#704 = ORIENTED_EDGE('',*,*,#705,.F.);
#705 = EDGE_CURVE('',#706,#696,#708,.T.);
#706 = VERTEX_POINT('',#707);
#707 = CARTESIAN_POINT('',(13.477452229299,2.753437102045,7.565006263758
    ));
#708 = LINE('',#709,#710);
#709 = CARTESIAN_POINT('',(5.969936305732,2.753437102045,7.565006263758)
  );
#710 = VECTOR('',#711,1.);
#711 = DIRECTION('',(-1.,0.,0.));
#712 = ORIENTED_EDGE('',*,*,#713,.F.);
#713 = EDGE_CURVE('',#714,#706,#716,.T.);
#714 = VERTEX_POINT('',#715);
#715 = CARTESIAN_POINT('',(12.542420382166,1.43357338122,3.938710494033)
  );
#716 = LINE('',#717,#718);
#717 = CARTESIAN_POINT('',(12.154820071313,0.88644807202,2.435496061394)
  );
#718 = VECTOR('',#719,1.);
#719 = DIRECTION('',(0.235483715343,0.332401953666,0.913266861879));
#720 = ORIENTED_EDGE('',*,*,#721,.F.);
#721 = EDGE_CURVE('',#698,#714,#722,.T.);
#722 = LINE('',#723,#724);
#723 = CARTESIAN_POINT('',(5.771210191083,1.43357338122,3.938710494033)
  );
#724 = VECTOR('',#725,1.);
#725 = DIRECTION('',(1.,0.,0.));
#726 = FACE_BOUND('',#727,.T.);
#727 = EDGE_LOOP('',(#728,#738,#746,#761,#769,#781,#800,#808));
#728 = ORIENTED_EDGE('',*,*,#729,.F.);
#729 = EDGE_CURVE('',#730,#732,#734,.T.);
#730 = VERTEX_POINT('',#731);
#731 = CARTESIAN_POINT('',(10.457834394904,1.455880937065,4.));
#732 = VERTEX_POINT('',#733);
#733 = CARTESIAN_POINT('',(11.173757961783,1.455880937065,4.));
#734 = LINE('',#735,#736);
#735 = CARTESIAN_POINT('',(5.086878980892,1.455880937065,4.));
#736 = VECTOR('',#737,1.);
#737 = DIRECTION('',(1.,0.,0.));
#738 = ORIENTED_EDGE('',*,*,#739,.F.);
#739 = EDGE_CURVE('',#740,#730,#742,.T.);
#740 = VERTEX_POINT('',#741);
#741 = CARTESIAN_POINT('',(10.457834394904,2.382109245376,6.544791362346
    ));
#742 = LINE('',#743,#744);
#743 = CARTESIAN_POINT('',(10.457834394904,0.727940468532,2.));
#744 = VECTOR('',#745,1.);
#745 = DIRECTION('',(-0.,-0.342020143326,-0.939692620786));
#746 = ORIENTED_EDGE('',*,*,#747,.F.);
#747 = EDGE_CURVE('',#748,#740,#750,.T.);
#748 = VERTEX_POINT('',#749);
#749 = CARTESIAN_POINT('',(9.532993630573,2.195748205922,6.032768614578)
  );
#750 = B_SPLINE_CURVE_WITH_KNOTS('',5,(#751,#752,#753,#754,#755,#756,
    #757,#758,#759,#760),.UNSPECIFIED.,.F.,.F.,(6,4,6),(0.,
    0.723532752039,1.),.UNSPECIFIED.);
#751 = CARTESIAN_POINT('',(9.532993630573,2.195748205922,6.032768614578)
  );
#752 = CARTESIAN_POINT('',(9.6840728673,2.212873359269,6.079819586705));
#753 = CARTESIAN_POINT('',(9.830052237292,2.233522330948,6.136552170127)
  );
#754 = CARTESIAN_POINT('',(9.970022418793,2.257803848753,6.203265092008)
  );
#755 = CARTESIAN_POINT('',(10.103163786602,2.28572395818,6.279974962205)
  );
#756 = CARTESIAN_POINT('',(10.27688181717,2.329123500893,6.399214225825)
  );
#757 = CARTESIAN_POINT('',(10.323823158674,2.341630760276,6.433577638559
    ));
#758 = CARTESIAN_POINT('',(10.369645508654,2.354638420102,6.469315890211
    ));
#759 = CARTESIAN_POINT('',(10.414322501844,2.368135679869,6.506399306646
    ));
#760 = CARTESIAN_POINT('',(10.457834394904,2.382109245376,6.544791362346
    ));
#761 = ORIENTED_EDGE('',*,*,#762,.F.);
#762 = EDGE_CURVE('',#763,#748,#765,.T.);
#763 = VERTEX_POINT('',#764);
#764 = CARTESIAN_POINT('',(9.532993630573,2.418823764371,6.64566367425)
  );
#765 = LINE('',#766,#767);
#766 = CARTESIAN_POINT('',(9.532993630573,1.097874102961,3.016384307289)
  );
#767 = VECTOR('',#768,1.);
#768 = DIRECTION('',(-0.,-0.342020143326,-0.939692620786));
#769 = ORIENTED_EDGE('',*,*,#770,.F.);
#770 = EDGE_CURVE('',#771,#763,#773,.T.);
#771 = VERTEX_POINT('',#772);
#772 = CARTESIAN_POINT('',(10.141910828025,2.537797395544,6.972541039408
    ));
#773 = B_SPLINE_CURVE_WITH_KNOTS('',6,(#774,#775,#776,#777,#778,#779,
    #780),.UNSPECIFIED.,.F.,.F.,(7,7),(0.,1.),.PIECEWISE_BEZIER_KNOTS.);
#774 = CARTESIAN_POINT('',(10.141910828025,2.537797395544,6.972541039408
    ));
#775 = CARTESIAN_POINT('',(10.038839969057,2.5103242775,6.89705926794));
#776 = CARTESIAN_POINT('',(9.935969980013,2.485461594455,6.828749607688)
  );
#777 = CARTESIAN_POINT('',(9.833541741953,2.463520866936,6.768467954263)
  );
#778 = CARTESIAN_POINT('',(9.731911813541,2.444859708824,6.717196843729)
  );
#779 = CARTESIAN_POINT('',(9.631545322217,2.429855036128,6.675971844309)
  );
#780 = CARTESIAN_POINT('',(9.532993630573,2.418823764371,6.64566367425)
  );
#781 = ORIENTED_EDGE('',*,*,#782,.F.);
#782 = EDGE_CURVE('',#783,#771,#785,.T.);
#783 = VERTEX_POINT('',#784);
#784 = CARTESIAN_POINT('',(10.592866242038,2.742283324123,7.534361510774
    ));
#785 = B_SPLINE_CURVE_WITH_KNOTS('',5,(#786,#787,#788,#789,#790,#791,
    #792,#793,#794,#795,#796,#797,#798,#799),.UNSPECIFIED.,.F.,.F.,(6,4,
    4,6),(0.,7.672019752048E-02,0.533182313786,1.),.UNSPECIFIED.);
#786 = CARTESIAN_POINT('',(10.592866242038,2.742283324123,7.534361510774
    ));
#787 = CARTESIAN_POINT('',(10.58905171086,2.738639373968,7.524349840005)
  );
#788 = CARTESIAN_POINT('',(10.585110933573,2.735012433289,7.514384902388
    ));
#789 = CARTESIAN_POINT('',(10.581044062415,2.731402756931,7.504467398103
    ));
#790 = CARTESIAN_POINT('',(10.576851316824,2.727810590957,7.494598003202
    ));
#791 = CARTESIAN_POINT('',(10.546840197715,2.702969458038,7.426347551436
    ));
#792 = CARTESIAN_POINT('',(10.51670103201,2.682330394408,7.369642190152)
  );
#793 = CARTESIAN_POINT('',(10.482177420036,2.662370786818,7.314803618997
    ));
#794 = CARTESIAN_POINT('',(10.44341282566,2.643125759746,7.261928341682)
  );
#795 = CARTESIAN_POINT('',(10.356841148592,2.605688263102,7.15906966501)
  );
#796 = CARTESIAN_POINT('',(10.308846967185,2.587528785844,7.109176911294
    ));
#797 = CARTESIAN_POINT('',(10.256846978316,2.570160917499,7.061459085194
    ));
#798 = CARTESIAN_POINT('',(10.201109147946,2.553586930406,7.015922429904
    ));
#799 = CARTESIAN_POINT('',(10.141910828025,2.537797395544,6.972541039408
    ));
#800 = ORIENTED_EDGE('',*,*,#801,.F.);
#801 = EDGE_CURVE('',#802,#783,#804,.T.);
#802 = VERTEX_POINT('',#803);
#803 = CARTESIAN_POINT('',(11.173757961783,2.742283324123,7.534361510774
    ));
#804 = LINE('',#805,#806);
#805 = CARTESIAN_POINT('',(4.796433121019,2.742283324123,7.534361510774)
  );
#806 = VECTOR('',#807,1.);
#807 = DIRECTION('',(-1.,0.,0.));
#808 = ORIENTED_EDGE('',*,*,#809,.F.);
#809 = EDGE_CURVE('',#732,#802,#810,.T.);
#810 = LINE('',#811,#812);
#811 = CARTESIAN_POINT('',(11.173757961783,1.371141662061,3.767180755387
    ));
#812 = VECTOR('',#813,1.);
#813 = DIRECTION('',(0.,0.342020143326,0.939692620786));
#814 = FACE_BOUND('',#815,.T.);
#815 = EDGE_LOOP('',(#816,#826,#834,#849,#857,#869,#888,#896));
#816 = ORIENTED_EDGE('',*,*,#817,.F.);
#817 = EDGE_CURVE('',#818,#820,#822,.T.);
#818 = VERTEX_POINT('',#819);
#819 = CARTESIAN_POINT('',(7.83804670913,1.455880937065,4.));
#820 = VERTEX_POINT('',#821);
#821 = CARTESIAN_POINT('',(8.553970276008,1.455880937065,4.));
#822 = LINE('',#823,#824);
#823 = CARTESIAN_POINT('',(3.776985138004,1.455880937065,4.));
#824 = VECTOR('',#825,1.);
#825 = DIRECTION('',(1.,0.,0.));
#826 = ORIENTED_EDGE('',*,*,#827,.F.);
#827 = EDGE_CURVE('',#828,#818,#830,.T.);
#828 = VERTEX_POINT('',#829);
#829 = CARTESIAN_POINT('',(7.83804670913,2.382109245376,6.544791362346)
  );
#830 = LINE('',#831,#832);
#831 = CARTESIAN_POINT('',(7.83804670913,0.727940468532,2.));
#832 = VECTOR('',#833,1.);
#833 = DIRECTION('',(-0.,-0.342020143326,-0.939692620786));
#834 = ORIENTED_EDGE('',*,*,#835,.F.);
#835 = EDGE_CURVE('',#836,#828,#838,.T.);
#836 = VERTEX_POINT('',#837);
#837 = CARTESIAN_POINT('',(6.913205944798,2.195748205922,6.032768614578)
  );
#838 = B_SPLINE_CURVE_WITH_KNOTS('',5,(#839,#840,#841,#842,#843,#844,
    #845,#846,#847,#848),.UNSPECIFIED.,.F.,.F.,(6,4,6),(0.,
    0.723532752039,1.),.UNSPECIFIED.);
#839 = CARTESIAN_POINT('',(6.913205944798,2.195748205922,6.032768614578)
  );
#840 = CARTESIAN_POINT('',(7.064285181525,2.212873359269,6.079819586705)
  );
#841 = CARTESIAN_POINT('',(7.210264551517,2.233522330948,6.136552170127)
  );
#842 = CARTESIAN_POINT('',(7.350234733018,2.257803848753,6.203265092008)
  );
#843 = CARTESIAN_POINT('',(7.483376100827,2.28572395818,6.279974962205)
  );
#844 = CARTESIAN_POINT('',(7.657094131395,2.329123500893,6.399214225825)
  );
#845 = CARTESIAN_POINT('',(7.704035472899,2.341630760276,6.433577638559)
  );
#846 = CARTESIAN_POINT('',(7.749857822879,2.354638420102,6.469315890211)
  );
#847 = CARTESIAN_POINT('',(7.794534816069,2.368135679869,6.506399306646)
  );
#848 = CARTESIAN_POINT('',(7.83804670913,2.382109245376,6.544791362346)
  );
#849 = ORIENTED_EDGE('',*,*,#850,.F.);
#850 = EDGE_CURVE('',#851,#836,#853,.T.);
#851 = VERTEX_POINT('',#852);
#852 = CARTESIAN_POINT('',(6.913205944798,2.418823764371,6.64566367425)
  );
#853 = LINE('',#854,#855);
#854 = CARTESIAN_POINT('',(6.913205944798,1.097874102961,3.016384307289)
  );
#855 = VECTOR('',#856,1.);
#856 = DIRECTION('',(-0.,-0.342020143326,-0.939692620786));
#857 = ORIENTED_EDGE('',*,*,#858,.F.);
#858 = EDGE_CURVE('',#859,#851,#861,.T.);
#859 = VERTEX_POINT('',#860);
#860 = CARTESIAN_POINT('',(7.522123142251,2.537797395544,6.972541039408)
  );
#861 = B_SPLINE_CURVE_WITH_KNOTS('',6,(#862,#863,#864,#865,#866,#867,
    #868),.UNSPECIFIED.,.F.,.F.,(7,7),(0.,1.),.PIECEWISE_BEZIER_KNOTS.);
#862 = CARTESIAN_POINT('',(7.522123142251,2.537797395544,6.972541039408)
  );
#863 = CARTESIAN_POINT('',(7.419052283282,2.5103242775,6.89705926794));
#864 = CARTESIAN_POINT('',(7.316182294238,2.485461594455,6.828749607688)
  );
#865 = CARTESIAN_POINT('',(7.213754056178,2.463520866936,6.768467954263)
  );
#866 = CARTESIAN_POINT('',(7.112124127766,2.444859708824,6.717196843729)
  );
#867 = CARTESIAN_POINT('',(7.011757636442,2.429855036128,6.675971844309)
  );
#868 = CARTESIAN_POINT('',(6.913205944798,2.418823764371,6.64566367425)
  );
#869 = ORIENTED_EDGE('',*,*,#870,.F.);
#870 = EDGE_CURVE('',#871,#859,#873,.T.);
#871 = VERTEX_POINT('',#872);
#872 = CARTESIAN_POINT('',(7.973078556263,2.742283324123,7.534361510774)
  );
#873 = B_SPLINE_CURVE_WITH_KNOTS('',5,(#874,#875,#876,#877,#878,#879,
    #880,#881,#882,#883,#884,#885,#886,#887),.UNSPECIFIED.,.F.,.F.,(6,4,
    4,6),(0.,7.67201975205E-02,0.533182313786,1.),.UNSPECIFIED.);
#874 = CARTESIAN_POINT('',(7.973078556263,2.742283324123,7.534361510774)
  );
#875 = CARTESIAN_POINT('',(7.969264025086,2.738639373968,7.524349840005)
  );
#876 = CARTESIAN_POINT('',(7.965323247798,2.735012433289,7.514384902388)
  );
#877 = CARTESIAN_POINT('',(7.96125637664,2.731402756931,7.504467398103)
  );
#878 = CARTESIAN_POINT('',(7.95706363105,2.727810590957,7.494598003202)
  );
#879 = CARTESIAN_POINT('',(7.92705251194,2.702969458038,7.426347551436)
  );
#880 = CARTESIAN_POINT('',(7.896913346235,2.682330394408,7.369642190152)
  );
#881 = CARTESIAN_POINT('',(7.862389734261,2.662370786818,7.314803618997)
  );
#882 = CARTESIAN_POINT('',(7.823625139885,2.643125759746,7.261928341682)
  );
#883 = CARTESIAN_POINT('',(7.737053462817,2.605688263102,7.15906966501)
  );
#884 = CARTESIAN_POINT('',(7.689059281411,2.587528785844,7.109176911294)
  );
#885 = CARTESIAN_POINT('',(7.637059292541,2.570160917499,7.061459085194)
  );
#886 = CARTESIAN_POINT('',(7.581321462171,2.553586930406,7.015922429904)
  );
#887 = CARTESIAN_POINT('',(7.522123142251,2.537797395544,6.972541039408)
  );
#888 = ORIENTED_EDGE('',*,*,#889,.F.);
#889 = EDGE_CURVE('',#890,#871,#892,.T.);
#890 = VERTEX_POINT('',#891);
#891 = CARTESIAN_POINT('',(8.553970276008,2.742283324123,7.534361510774)
  );
#892 = LINE('',#893,#894);
#893 = CARTESIAN_POINT('',(3.486539278132,2.742283324123,7.534361510774)
  );
#894 = VECTOR('',#895,1.);
#895 = DIRECTION('',(-1.,0.,0.));
#896 = ORIENTED_EDGE('',*,*,#897,.F.);
#897 = EDGE_CURVE('',#820,#890,#898,.T.);
#898 = LINE('',#899,#900);
#899 = CARTESIAN_POINT('',(8.553970276008,1.371141662061,3.767180755387)
  );
#900 = VECTOR('',#901,1.);
#901 = DIRECTION('',(0.,0.342020143326,0.939692620786));
#902 = PLANE('',#903);
#903 = AXIS2_PLACEMENT_3D('',#904,#905,#906);
#904 = CARTESIAN_POINT('',(-1.,0.,0.));
#905 = DIRECTION('',(0.,-0.939692620786,0.342020143326));
#906 = DIRECTION('',(0.,0.342020143326,0.939692620786));
#907 = ADVANCED_FACE('',(#908),#919,.T.);
#908 = FACE_BOUND('',#909,.T.);
#909 = EDGE_LOOP('',(#910,#911,#912,#913));
#910 = ORIENTED_EDGE('',*,*,#323,.T.);
#911 = ORIENTED_EDGE('',*,*,#236,.T.);
#912 = ORIENTED_EDGE('',*,*,#134,.F.);
#913 = ORIENTED_EDGE('',*,*,#914,.F.);
#914 = EDGE_CURVE('',#316,#127,#915,.T.);
#915 = LINE('',#916,#917);
#916 = CARTESIAN_POINT('',(4.,12.75,-1.));
#917 = VECTOR('',#918,1.);
#918 = DIRECTION('',(0.,0.,1.));
#919 = PLANE('',#920);
#920 = AXIS2_PLACEMENT_3D('',#921,#922,#923);
#921 = CARTESIAN_POINT('',(4.,6.45,-1.));
#922 = DIRECTION('',(-1.,0.,0.));
#923 = DIRECTION('',(0.,1.,0.));
#924 = ADVANCED_FACE('',(#925),#936,.T.);
#925 = FACE_BOUND('',#926,.T.);
#926 = EDGE_LOOP('',(#927,#928,#929,#930));
#927 = ORIENTED_EDGE('',*,*,#315,.T.);
#928 = ORIENTED_EDGE('',*,*,#914,.T.);
#929 = ORIENTED_EDGE('',*,*,#126,.F.);
#930 = ORIENTED_EDGE('',*,*,#931,.F.);
#931 = EDGE_CURVE('',#308,#119,#932,.T.);
#932 = LINE('',#933,#934);
#933 = CARTESIAN_POINT('',(0.,11.75,-1.));
#934 = VECTOR('',#935,1.);
#935 = DIRECTION('',(0.,0.,1.));
#936 = PLANE('',#937);
#937 = AXIS2_PLACEMENT_3D('',#938,#939,#940);
#938 = CARTESIAN_POINT('',(4.,12.75,-1.));
#939 = DIRECTION('',(0.242535625036,-0.970142500145,0.));
#940 = DIRECTION('',(-0.970142500145,-0.242535625036,0.));
#941 = ADVANCED_FACE('',(#942),#953,.F.);
#942 = FACE_BOUND('',#943,.F.);
#943 = EDGE_LOOP('',(#944,#945,#946,#947));
#944 = ORIENTED_EDGE('',*,*,#118,.F.);
#945 = ORIENTED_EDGE('',*,*,#931,.F.);
#946 = ORIENTED_EDGE('',*,*,#307,.T.);
#947 = ORIENTED_EDGE('',*,*,#948,.T.);
#948 = EDGE_CURVE('',#300,#111,#949,.T.);
#949 = LINE('',#950,#951);
#950 = CARTESIAN_POINT('',(0.,32.,0.));
#951 = VECTOR('',#952,1.);
#952 = DIRECTION('',(0.,0.,1.));
#953 = PLANE('',#954);
#954 = AXIS2_PLACEMENT_3D('',#955,#956,#957);
#955 = CARTESIAN_POINT('',(0.,0.,0.));
#956 = DIRECTION('',(1.,0.,0.));
#957 = DIRECTION('',(0.,0.,1.));
#958 = ADVANCED_FACE('',(#959),#970,.T.);
#959 = FACE_BOUND('',#960,.T.);
#960 = EDGE_LOOP('',(#961,#962,#963,#964));
#961 = ORIENTED_EDGE('',*,*,#299,.F.);
#962 = ORIENTED_EDGE('',*,*,#948,.T.);
#963 = ORIENTED_EDGE('',*,*,#110,.T.);
#964 = ORIENTED_EDGE('',*,*,#965,.F.);
#965 = EDGE_CURVE('',#292,#103,#966,.T.);
#966 = LINE('',#967,#968);
#967 = CARTESIAN_POINT('',(26.,32.,0.));
#968 = VECTOR('',#969,1.);
#969 = DIRECTION('',(0.,0.,1.));
#970 = PLANE('',#971);
#971 = AXIS2_PLACEMENT_3D('',#972,#973,#974);
#972 = CARTESIAN_POINT('',(0.,32.,0.));
#973 = DIRECTION('',(0.,1.,0.));
#974 = DIRECTION('',(0.,0.,1.));
#975 = ADVANCED_FACE('',(#976),#987,.T.);
#976 = FACE_BOUND('',#977,.T.);
#977 = EDGE_LOOP('',(#978,#979,#985,#986));
#978 = ORIENTED_EDGE('',*,*,#102,.F.);
#979 = ORIENTED_EDGE('',*,*,#980,.T.);
#980 = EDGE_CURVE('',#95,#284,#981,.T.);
#981 = LINE('',#982,#983);
#982 = CARTESIAN_POINT('',(26.,11.624390243902,0.));
#983 = VECTOR('',#984,1.);
#984 = DIRECTION('',(0.,0.,-1.));
#985 = ORIENTED_EDGE('',*,*,#291,.T.);
#986 = ORIENTED_EDGE('',*,*,#965,.T.);
#987 = PLANE('',#988);
#988 = AXIS2_PLACEMENT_3D('',#989,#990,#991);
#989 = CARTESIAN_POINT('',(26.,0.,0.));
#990 = DIRECTION('',(1.,0.,0.));
#991 = DIRECTION('',(0.,0.,1.));
#992 = ADVANCED_FACE('',(#993),#1004,.T.);
#993 = FACE_BOUND('',#994,.T.);
#994 = EDGE_LOOP('',(#995,#996,#1002,#1003));
#995 = ORIENTED_EDGE('',*,*,#78,.T.);
#996 = ORIENTED_EDGE('',*,*,#997,.T.);
#997 = EDGE_CURVE('',#71,#95,#998,.T.);
#998 = LINE('',#999,#1000);
#999 = CARTESIAN_POINT('',(26.,0.,10.));
#1000 = VECTOR('',#1001,1.);
#1001 = DIRECTION('',(0.,1.,0.));
#1002 = ORIENTED_EDGE('',*,*,#94,.T.);
#1003 = ORIENTED_EDGE('',*,*,#86,.T.);
#1004 = PLANE('',#1005);
#1005 = AXIS2_PLACEMENT_3D('',#1006,#1007,#1008);
#1006 = CARTESIAN_POINT('',(0.,0.,10.));
#1007 = DIRECTION('',(0.,0.,1.));
#1008 = DIRECTION('',(1.,0.,0.));
#1009 = ADVANCED_FACE('',(#1010),#1021,.T.);
#1010 = FACE_BOUND('',#1011,.T.);
#1011 = EDGE_LOOP('',(#1012,#1013,#1014,#1015));
#1012 = ORIENTED_EDGE('',*,*,#70,.F.);
#1013 = ORIENTED_EDGE('',*,*,#340,.T.);
#1014 = ORIENTED_EDGE('',*,*,#259,.T.);
#1015 = ORIENTED_EDGE('',*,*,#1016,.T.);
#1016 = EDGE_CURVE('',#260,#71,#1017,.T.);
#1017 = LINE('',#1018,#1019);
#1018 = CARTESIAN_POINT('',(26.,7.575609756098,0.));
#1019 = VECTOR('',#1020,1.);
#1020 = DIRECTION('',(0.,0.,1.));
#1021 = PLANE('',#1022);
#1022 = AXIS2_PLACEMENT_3D('',#1023,#1024,#1025);
#1023 = CARTESIAN_POINT('',(26.,0.,0.));
#1024 = DIRECTION('',(1.,0.,0.));
#1025 = DIRECTION('',(0.,0.,1.));
#1026 = ADVANCED_FACE('',(#1027),#1053,.T.);
#1027 = FACE_BOUND('',#1028,.T.);
#1028 = EDGE_LOOP('',(#1029,#1037,#1038,#1046));
#1029 = ORIENTED_EDGE('',*,*,#1030,.F.);
#1030 = EDGE_CURVE('',#151,#1031,#1033,.T.);
#1031 = VERTEX_POINT('',#1032);
#1032 = CARTESIAN_POINT('',(8.1,25.34,20.5));
#1033 = LINE('',#1034,#1035);
#1034 = CARTESIAN_POINT('',(8.1,25.34,9.9));
#1035 = VECTOR('',#1036,1.);
#1036 = DIRECTION('',(0.,0.,1.));
#1037 = ORIENTED_EDGE('',*,*,#150,.T.);
#1038 = ORIENTED_EDGE('',*,*,#1039,.T.);
#1039 = EDGE_CURVE('',#153,#1040,#1042,.T.);
#1040 = VERTEX_POINT('',#1041);
#1041 = CARTESIAN_POINT('',(7.5,24.74,20.5));
#1042 = LINE('',#1043,#1044);
#1043 = CARTESIAN_POINT('',(7.5,24.74,9.9));
#1044 = VECTOR('',#1045,1.);
#1045 = DIRECTION('',(0.,0.,1.));
#1046 = ORIENTED_EDGE('',*,*,#1047,.F.);
#1047 = EDGE_CURVE('',#1031,#1040,#1048,.T.);
#1048 = CIRCLE('',#1049,0.6);
#1049 = AXIS2_PLACEMENT_3D('',#1050,#1051,#1052);
#1050 = CARTESIAN_POINT('',(8.1,24.74,20.5));
#1051 = DIRECTION('',(0.,-0.,1.));
#1052 = DIRECTION('',(0.,1.,0.));
#1053 = CYLINDRICAL_SURFACE('',#1054,0.6);
#1054 = AXIS2_PLACEMENT_3D('',#1055,#1056,#1057);
#1055 = CARTESIAN_POINT('',(8.1,24.74,9.9));
#1056 = DIRECTION('',(0.,0.,1.));
#1057 = DIRECTION('',(0.,1.,0.));
#1058 = ADVANCED_FACE('',(#1059),#1077,.F.);
#1059 = FACE_BOUND('',#1060,.F.);
#1060 = EDGE_LOOP('',(#1061,#1062,#1070,#1076));
#1061 = ORIENTED_EDGE('',*,*,#161,.T.);
#1062 = ORIENTED_EDGE('',*,*,#1063,.T.);
#1063 = EDGE_CURVE('',#162,#1064,#1066,.T.);
#1064 = VERTEX_POINT('',#1065);
#1065 = CARTESIAN_POINT('',(17.9,25.34,20.5));
#1066 = LINE('',#1067,#1068);
#1067 = CARTESIAN_POINT('',(17.9,25.34,9.9));
#1068 = VECTOR('',#1069,1.);
#1069 = DIRECTION('',(0.,0.,1.));
#1070 = ORIENTED_EDGE('',*,*,#1071,.T.);
#1071 = EDGE_CURVE('',#1064,#1031,#1072,.T.);
#1072 = LINE('',#1073,#1074);
#1073 = CARTESIAN_POINT('',(17.9,25.34,20.5));
#1074 = VECTOR('',#1075,1.);
#1075 = DIRECTION('',(-1.,0.,0.));
#1076 = ORIENTED_EDGE('',*,*,#1030,.F.);
#1077 = PLANE('',#1078);
#1078 = AXIS2_PLACEMENT_3D('',#1079,#1080,#1081);
#1079 = CARTESIAN_POINT('',(18.5,25.34,9.9));
#1080 = DIRECTION('',(0.,-1.,0.));
#1081 = DIRECTION('',(-1.,0.,0.));
#1082 = ADVANCED_FACE('',(#1083),#1101,.F.);
#1083 = FACE_BOUND('',#1084,.F.);
#1084 = EDGE_LOOP('',(#1085,#1086,#1087,#1095));
#1085 = ORIENTED_EDGE('',*,*,#212,.T.);
#1086 = ORIENTED_EDGE('',*,*,#1039,.T.);
#1087 = ORIENTED_EDGE('',*,*,#1088,.T.);
#1088 = EDGE_CURVE('',#1040,#1089,#1091,.T.);
#1089 = VERTEX_POINT('',#1090);
#1090 = CARTESIAN_POINT('',(7.5,14.94,20.5));
#1091 = LINE('',#1092,#1093);
#1092 = CARTESIAN_POINT('',(7.5,24.74,20.5));
#1093 = VECTOR('',#1094,1.);
#1094 = DIRECTION('',(0.,-1.,0.));
#1095 = ORIENTED_EDGE('',*,*,#1096,.F.);
#1096 = EDGE_CURVE('',#204,#1089,#1097,.T.);
#1097 = LINE('',#1098,#1099);
#1098 = CARTESIAN_POINT('',(7.5,14.94,9.9));
#1099 = VECTOR('',#1100,1.);
#1100 = DIRECTION('',(0.,0.,1.));
#1101 = PLANE('',#1102);
#1102 = AXIS2_PLACEMENT_3D('',#1103,#1104,#1105);
#1103 = CARTESIAN_POINT('',(7.5,25.34,9.9));
#1104 = DIRECTION('',(1.,0.,0.));
#1105 = DIRECTION('',(0.,-1.,0.));
#1106 = ADVANCED_FACE('',(#1107),#1126,.T.);
#1107 = FACE_BOUND('',#1108,.F.);
#1108 = EDGE_LOOP('',(#1109,#1110,#1111,#1119));
#1109 = ORIENTED_EDGE('',*,*,#1063,.F.);
#1110 = ORIENTED_EDGE('',*,*,#169,.F.);
#1111 = ORIENTED_EDGE('',*,*,#1112,.T.);
#1112 = EDGE_CURVE('',#170,#1113,#1115,.T.);
#1113 = VERTEX_POINT('',#1114);
#1114 = CARTESIAN_POINT('',(18.5,24.74,20.5));
#1115 = LINE('',#1116,#1117);
#1116 = CARTESIAN_POINT('',(18.5,24.74,9.9));
#1117 = VECTOR('',#1118,1.);
#1118 = DIRECTION('',(0.,0.,1.));
#1119 = ORIENTED_EDGE('',*,*,#1120,.T.);
#1120 = EDGE_CURVE('',#1113,#1064,#1121,.T.);
#1121 = CIRCLE('',#1122,0.6);
#1122 = AXIS2_PLACEMENT_3D('',#1123,#1124,#1125);
#1123 = CARTESIAN_POINT('',(17.9,24.74,20.5));
#1124 = DIRECTION('',(0.,0.,1.));
#1125 = DIRECTION('',(1.,0.,0.));
#1126 = CYLINDRICAL_SURFACE('',#1127,0.6);
#1127 = AXIS2_PLACEMENT_3D('',#1128,#1129,#1130);
#1128 = CARTESIAN_POINT('',(17.9,24.74,9.9));
#1129 = DIRECTION('',(0.,0.,1.));
#1130 = DIRECTION('',(0.,1.,0.));
#1131 = ADVANCED_FACE('',(#1132),#1151,.T.);
#1132 = FACE_BOUND('',#1133,.T.);
#1133 = EDGE_LOOP('',(#1134,#1135,#1136,#1144));
#1134 = ORIENTED_EDGE('',*,*,#1096,.F.);
#1135 = ORIENTED_EDGE('',*,*,#203,.T.);
#1136 = ORIENTED_EDGE('',*,*,#1137,.T.);
#1137 = EDGE_CURVE('',#196,#1138,#1140,.T.);
#1138 = VERTEX_POINT('',#1139);
#1139 = CARTESIAN_POINT('',(8.1,14.34,20.5));
#1140 = LINE('',#1141,#1142);
#1141 = CARTESIAN_POINT('',(8.1,14.34,9.9));
#1142 = VECTOR('',#1143,1.);
#1143 = DIRECTION('',(0.,0.,1.));
#1144 = ORIENTED_EDGE('',*,*,#1145,.F.);
#1145 = EDGE_CURVE('',#1089,#1138,#1146,.T.);
#1146 = CIRCLE('',#1147,0.6);
#1147 = AXIS2_PLACEMENT_3D('',#1148,#1149,#1150);
#1148 = CARTESIAN_POINT('',(8.1,14.94,20.5));
#1149 = DIRECTION('',(0.,0.,1.));
#1150 = DIRECTION('',(-1.,0.,0.));
#1151 = CYLINDRICAL_SURFACE('',#1152,0.6);
#1152 = AXIS2_PLACEMENT_3D('',#1153,#1154,#1155);
#1153 = CARTESIAN_POINT('',(8.1,14.94,9.9));
#1154 = DIRECTION('',(0.,0.,1.));
#1155 = DIRECTION('',(-1.,0.,0.));
#1156 = ADVANCED_FACE('',(#1157),#1175,.F.);
#1157 = FACE_BOUND('',#1158,.F.);
#1158 = EDGE_LOOP('',(#1159,#1160,#1168,#1174));
#1159 = ORIENTED_EDGE('',*,*,#178,.T.);
#1160 = ORIENTED_EDGE('',*,*,#1161,.T.);
#1161 = EDGE_CURVE('',#179,#1162,#1164,.T.);
#1162 = VERTEX_POINT('',#1163);
#1163 = CARTESIAN_POINT('',(18.5,14.94,20.5));
#1164 = LINE('',#1165,#1166);
#1165 = CARTESIAN_POINT('',(18.5,14.94,9.9));
#1166 = VECTOR('',#1167,1.);
#1167 = DIRECTION('',(0.,0.,1.));
#1168 = ORIENTED_EDGE('',*,*,#1169,.T.);
#1169 = EDGE_CURVE('',#1162,#1113,#1170,.T.);
#1170 = LINE('',#1171,#1172);
#1171 = CARTESIAN_POINT('',(18.5,14.94,20.5));
#1172 = VECTOR('',#1173,1.);
#1173 = DIRECTION('',(0.,1.,0.));
#1174 = ORIENTED_EDGE('',*,*,#1112,.F.);
#1175 = PLANE('',#1176);
#1176 = AXIS2_PLACEMENT_3D('',#1177,#1178,#1179);
#1177 = CARTESIAN_POINT('',(18.5,14.34,9.9));
#1178 = DIRECTION('',(-1.,0.,0.));
#1179 = DIRECTION('',(0.,1.,0.));
#1180 = ADVANCED_FACE('',(#1181),#1199,.F.);
#1181 = FACE_BOUND('',#1182,.F.);
#1182 = EDGE_LOOP('',(#1183,#1184,#1185,#1193));
#1183 = ORIENTED_EDGE('',*,*,#195,.T.);
#1184 = ORIENTED_EDGE('',*,*,#1137,.T.);
#1185 = ORIENTED_EDGE('',*,*,#1186,.T.);
#1186 = EDGE_CURVE('',#1138,#1187,#1189,.T.);
#1187 = VERTEX_POINT('',#1188);
#1188 = CARTESIAN_POINT('',(17.9,14.34,20.5));
#1189 = LINE('',#1190,#1191);
#1190 = CARTESIAN_POINT('',(8.1,14.34,20.5));
#1191 = VECTOR('',#1192,1.);
#1192 = DIRECTION('',(1.,0.,0.));
#1193 = ORIENTED_EDGE('',*,*,#1194,.F.);
#1194 = EDGE_CURVE('',#187,#1187,#1195,.T.);
#1195 = LINE('',#1196,#1197);
#1196 = CARTESIAN_POINT('',(17.9,14.34,9.9));
#1197 = VECTOR('',#1198,1.);
#1198 = DIRECTION('',(0.,0.,1.));
#1199 = PLANE('',#1200);
#1200 = AXIS2_PLACEMENT_3D('',#1201,#1202,#1203);
#1201 = CARTESIAN_POINT('',(7.5,14.34,9.9));
#1202 = DIRECTION('',(0.,1.,0.));
#1203 = DIRECTION('',(1.,0.,0.));
#1204 = ADVANCED_FACE('',(#1205),#1217,.T.);
#1205 = FACE_BOUND('',#1206,.T.);
#1206 = EDGE_LOOP('',(#1207,#1208,#1209,#1210));
#1207 = ORIENTED_EDGE('',*,*,#1194,.F.);
#1208 = ORIENTED_EDGE('',*,*,#186,.T.);
#1209 = ORIENTED_EDGE('',*,*,#1161,.T.);
#1210 = ORIENTED_EDGE('',*,*,#1211,.F.);
#1211 = EDGE_CURVE('',#1187,#1162,#1212,.T.);
#1212 = CIRCLE('',#1213,0.6);
#1213 = AXIS2_PLACEMENT_3D('',#1214,#1215,#1216);
#1214 = CARTESIAN_POINT('',(17.9,14.94,20.5));
#1215 = DIRECTION('',(-0.,0.,1.));
#1216 = DIRECTION('',(0.,-1.,0.));
#1217 = CYLINDRICAL_SURFACE('',#1218,0.6);
#1218 = AXIS2_PLACEMENT_3D('',#1219,#1220,#1221);
#1219 = CARTESIAN_POINT('',(17.9,14.94,9.9));
#1220 = DIRECTION('',(0.,0.,1.));
#1221 = DIRECTION('',(0.,-1.,0.));
#1222 = ADVANCED_FACE('',(#1223),#1234,.F.);
#1223 = FACE_BOUND('',#1224,.F.);
#1224 = EDGE_LOOP('',(#1225,#1226,#1232,#1233));
#1225 = ORIENTED_EDGE('',*,*,#267,.T.);
#1226 = ORIENTED_EDGE('',*,*,#1227,.T.);
#1227 = EDGE_CURVE('',#260,#284,#1228,.T.);
#1228 = LINE('',#1229,#1230);
#1229 = CARTESIAN_POINT('',(26.,0.,0.));
#1230 = VECTOR('',#1231,1.);
#1231 = DIRECTION('',(0.,1.,0.));
#1232 = ORIENTED_EDGE('',*,*,#283,.T.);
#1233 = ORIENTED_EDGE('',*,*,#275,.T.);
#1234 = PLANE('',#1235);
#1235 = AXIS2_PLACEMENT_3D('',#1236,#1237,#1238);
#1236 = CARTESIAN_POINT('',(0.,0.,0.));
#1237 = DIRECTION('',(0.,0.,1.));
#1238 = DIRECTION('',(1.,0.,0.));
#1239 = ADVANCED_FACE('',(#1240),#1265,.T.);
#1240 = FACE_BOUND('',#1241,.T.);
#1241 = EDGE_LOOP('',(#1242,#1243,#1251,#1259));
#1242 = ORIENTED_EDGE('',*,*,#349,.T.);
#1243 = ORIENTED_EDGE('',*,*,#1244,.T.);
#1244 = EDGE_CURVE('',#352,#1245,#1247,.T.);
#1245 = VERTEX_POINT('',#1246);
#1246 = CARTESIAN_POINT('',(19.018004246285,1.858551840094,
    6.860611853641));
#1247 = LINE('',#1248,#1249);
#1248 = CARTESIAN_POINT('',(19.018004246285,2.610305936722,
    6.586995738981));
#1249 = VECTOR('',#1250,1.);
#1250 = DIRECTION('',(0.,-0.939692620786,0.342020143326));
#1251 = ORIENTED_EDGE('',*,*,#1252,.T.);
#1252 = EDGE_CURVE('',#1245,#1253,#1255,.T.);
#1253 = VERTEX_POINT('',#1254);
#1254 = CARTESIAN_POINT('',(18.325010615711,1.832700636055,
    6.789586254278));
#1255 = LINE('',#1256,#1257);
#1256 = CARTESIAN_POINT('',(19.018004246285,1.858551840094,
    6.860611853641));
#1257 = VECTOR('',#1258,1.);
#1258 = DIRECTION('',(-0.994104564342,-3.708374622103E-02,
    -0.101886755371));
#1259 = ORIENTED_EDGE('',*,*,#1260,.F.);
#1260 = EDGE_CURVE('',#350,#1253,#1261,.T.);
#1261 = LINE('',#1262,#1263);
#1262 = CARTESIAN_POINT('',(18.325010615711,2.584454732683,
    6.515970139618));
#1263 = VECTOR('',#1264,1.);
#1264 = DIRECTION('',(0.,-0.939692620786,0.342020143326));
#1265 = PLANE('',#1266);
#1266 = AXIS2_PLACEMENT_3D('',#1267,#1268,#1269);
#1267 = CARTESIAN_POINT('',(19.018004246285,2.610305936722,
    6.586995738981));
#1268 = DIRECTION('',(0.108425620376,-0.340003785577,-0.934152723402));
#1269 = DIRECTION('',(-0.994104564342,-3.708374622103E-02,
    -0.101886755371));
#1270 = ADVANCED_FACE('',(#1271),#1289,.T.);
#1271 = FACE_BOUND('',#1272,.T.);
#1272 = EDGE_LOOP('',(#1273,#1274,#1282,#1288));
#1273 = ORIENTED_EDGE('',*,*,#592,.T.);
#1274 = ORIENTED_EDGE('',*,*,#1275,.T.);
#1275 = EDGE_CURVE('',#576,#1276,#1278,.T.);
#1276 = VERTEX_POINT('',#1277);
#1277 = CARTESIAN_POINT('',(18.662505307856,2.09649910244,7.514366583958
    ));
#1278 = LINE('',#1279,#1280);
#1279 = CARTESIAN_POINT('',(18.662505307856,2.848253199068,
    7.240750469297));
#1280 = VECTOR('',#1281,1.);
#1281 = DIRECTION('',(0.,-0.939692620786,0.342020143326));
#1282 = ORIENTED_EDGE('',*,*,#1283,.T.);
#1283 = EDGE_CURVE('',#1276,#1245,#1284,.T.);
#1284 = B_SPLINE_CURVE_WITH_KNOTS('',2,(#1285,#1286,#1287),
  .UNSPECIFIED.,.F.,.F.,(3,3),(0.,1.),.PIECEWISE_BEZIER_KNOTS.);
#1285 = CARTESIAN_POINT('',(18.662505307856,2.09649910244,7.514366583958
    ));
#1286 = CARTESIAN_POINT('',(18.941571125265,2.014588545822,
    7.289319179235));
#1287 = CARTESIAN_POINT('',(19.018004246285,1.858551840094,
    6.860611853641));
#1288 = ORIENTED_EDGE('',*,*,#1244,.F.);
#1289 = SURFACE_OF_LINEAR_EXTRUSION('',#1290,#1294);
#1290 = B_SPLINE_CURVE_WITH_KNOTS('',2,(#1291,#1292,#1293),
  .UNSPECIFIED.,.F.,.F.,(3,3),(0.,1.),.PIECEWISE_BEZIER_KNOTS.);
#1291 = CARTESIAN_POINT('',(18.662505307856,2.848253199068,
    7.240750469297));
#1292 = CARTESIAN_POINT('',(18.941571125265,2.76634264245,7.015703064574
    ));
#1293 = CARTESIAN_POINT('',(19.018004246285,2.610305936722,
    6.586995738981));
#1294 = VECTOR('',#1295,1.);
#1295 = DIRECTION('',(-0.,0.939692620786,-0.342020143326));
#1296 = ADVANCED_FACE('',(#1297),#1315,.T.);
#1297 = FACE_BOUND('',#1298,.T.);
#1298 = EDGE_LOOP('',(#1299,#1300,#1308,#1314));
#1299 = ORIENTED_EDGE('',*,*,#575,.T.);
#1300 = ORIENTED_EDGE('',*,*,#1301,.T.);
#1301 = EDGE_CURVE('',#557,#1302,#1304,.T.);
#1302 = VERTEX_POINT('',#1303);
#1303 = CARTESIAN_POINT('',(17.95813163482,2.178467751651,7.73957359677)
  );
#1304 = LINE('',#1305,#1306);
#1305 = CARTESIAN_POINT('',(17.95813163482,2.93022184828,7.465957482109)
  );
#1306 = VECTOR('',#1307,1.);
#1307 = DIRECTION('',(0.,-0.939692620786,0.342020143326));
#1308 = ORIENTED_EDGE('',*,*,#1309,.T.);
#1309 = EDGE_CURVE('',#1302,#1276,#1310,.T.);
#1310 = B_SPLINE_CURVE_WITH_KNOTS('',2,(#1311,#1312,#1313),
  .UNSPECIFIED.,.F.,.F.,(3,3),(0.,1.),.PIECEWISE_BEZIER_KNOTS.);
#1311 = CARTESIAN_POINT('',(17.95813163482,2.178467751651,7.73957359677)
  );
#1312 = CARTESIAN_POINT('',(18.383609341826,2.178467751651,7.73957359677
    ));
#1313 = CARTESIAN_POINT('',(18.662505307856,2.09649910244,7.514366583958
    ));
#1314 = ORIENTED_EDGE('',*,*,#1275,.F.);
#1315 = SURFACE_OF_LINEAR_EXTRUSION('',#1316,#1320);
#1316 = B_SPLINE_CURVE_WITH_KNOTS('',2,(#1317,#1318,#1319),
  .UNSPECIFIED.,.F.,.F.,(3,3),(0.,1.),.PIECEWISE_BEZIER_KNOTS.);
#1317 = CARTESIAN_POINT('',(17.95813163482,2.93022184828,7.465957482109)
  );
#1318 = CARTESIAN_POINT('',(18.383609341826,2.93022184828,7.465957482109
    ));
#1319 = CARTESIAN_POINT('',(18.662505307856,2.848253199068,
    7.240750469297));
#1320 = VECTOR('',#1321,1.);
#1321 = DIRECTION('',(-0.,0.939692620786,-0.342020143326));
#1322 = ADVANCED_FACE('',(#1323),#1341,.T.);
#1323 = FACE_BOUND('',#1324,.T.);
#1324 = EDGE_LOOP('',(#1325,#1326,#1334,#1340));
#1325 = ORIENTED_EDGE('',*,*,#556,.T.);
#1326 = ORIENTED_EDGE('',*,*,#1327,.T.);
#1327 = EDGE_CURVE('',#540,#1328,#1330,.T.);
#1328 = VERTEX_POINT('',#1329);
#1329 = CARTESIAN_POINT('',(16.972144373673,2.022837694077,
    7.311983527795));
#1330 = LINE('',#1331,#1332);
#1331 = CARTESIAN_POINT('',(16.972144373673,2.774591790705,
    7.038367413135));
#1332 = VECTOR('',#1333,1.);
#1333 = DIRECTION('',(0.,-0.939692620786,0.342020143326));
#1334 = ORIENTED_EDGE('',*,*,#1335,.T.);
#1335 = EDGE_CURVE('',#1328,#1302,#1336,.T.);
#1336 = B_SPLINE_CURVE_WITH_KNOTS('',2,(#1337,#1338,#1339),
  .UNSPECIFIED.,.F.,.F.,(3,3),(0.,1.),.PIECEWISE_BEZIER_KNOTS.);
#1337 = CARTESIAN_POINT('',(16.972144373673,2.022837694077,
    7.311983527795));
#1338 = CARTESIAN_POINT('',(17.351762208068,2.178467751651,7.73957359677
    ));
#1339 = CARTESIAN_POINT('',(17.95813163482,2.178467751651,7.73957359677)
  );
#1340 = ORIENTED_EDGE('',*,*,#1301,.F.);
#1341 = SURFACE_OF_LINEAR_EXTRUSION('',#1342,#1346);
#1342 = B_SPLINE_CURVE_WITH_KNOTS('',2,(#1343,#1344,#1345),
  .UNSPECIFIED.,.F.,.F.,(3,3),(0.,1.),.PIECEWISE_BEZIER_KNOTS.);
#1343 = CARTESIAN_POINT('',(16.972144373673,2.774591790705,
    7.038367413135));
#1344 = CARTESIAN_POINT('',(17.351762208068,2.93022184828,7.465957482109
    ));
#1345 = CARTESIAN_POINT('',(17.95813163482,2.93022184828,7.465957482109)
  );
#1346 = VECTOR('',#1347,1.);
#1347 = DIRECTION('',(-0.,0.939692620786,-0.342020143326));
#1348 = ADVANCED_FACE('',(#1349),#1367,.T.);
#1349 = FACE_BOUND('',#1350,.T.);
#1350 = EDGE_LOOP('',(#1351,#1352,#1360,#1366));
#1351 = ORIENTED_EDGE('',*,*,#539,.T.);
#1352 = ORIENTED_EDGE('',*,*,#1353,.T.);
#1353 = EDGE_CURVE('',#523,#1354,#1356,.T.);
#1354 = VERTEX_POINT('',#1355);
#1355 = CARTESIAN_POINT('',(16.592526539278,1.514934150451,
    5.916530010423));
#1356 = LINE('',#1357,#1358);
#1357 = CARTESIAN_POINT('',(16.592526539278,2.26668824708,5.642913895762
    ));
#1358 = VECTOR('',#1359,1.);
#1359 = DIRECTION('',(0.,-0.939692620786,0.342020143326));
#1360 = ORIENTED_EDGE('',*,*,#1361,.T.);
#1361 = EDGE_CURVE('',#1354,#1328,#1362,.T.);
#1362 = B_SPLINE_CURVE_WITH_KNOTS('',2,(#1363,#1364,#1365),
  .UNSPECIFIED.,.F.,.F.,(3,3),(0.,1.),.PIECEWISE_BEZIER_KNOTS.);
#1363 = CARTESIAN_POINT('',(16.592526539278,1.514934150451,
    5.916530010423));
#1364 = CARTESIAN_POINT('',(16.592526539278,1.867265729096,6.88455306691
    ));
#1365 = CARTESIAN_POINT('',(16.972144373673,2.022837694077,
    7.311983527795));
#1366 = ORIENTED_EDGE('',*,*,#1327,.F.);
#1367 = SURFACE_OF_LINEAR_EXTRUSION('',#1368,#1372);
#1368 = B_SPLINE_CURVE_WITH_KNOTS('',2,(#1369,#1370,#1371),
  .UNSPECIFIED.,.F.,.F.,(3,3),(0.,1.),.PIECEWISE_BEZIER_KNOTS.);
#1369 = CARTESIAN_POINT('',(16.592526539278,2.26668824708,5.642913895762
    ));
#1370 = CARTESIAN_POINT('',(16.592526539278,2.619019825724,
    6.610936952249));
#1371 = CARTESIAN_POINT('',(16.972144373673,2.774591790705,
    7.038367413135));
#1372 = VECTOR('',#1373,1.);
#1373 = DIRECTION('',(-0.,0.939692620786,-0.342020143326));
#1374 = ADVANCED_FACE('',(#1375),#1393,.T.);
#1375 = FACE_BOUND('',#1376,.T.);
#1376 = EDGE_LOOP('',(#1377,#1378,#1386,#1392));
#1377 = ORIENTED_EDGE('',*,*,#522,.T.);
#1378 = ORIENTED_EDGE('',*,*,#1379,.T.);
#1379 = EDGE_CURVE('',#504,#1380,#1382,.T.);
#1380 = VERTEX_POINT('',#1381);
#1381 = CARTESIAN_POINT('',(16.956857749469,1.020566181075,
    4.558265177661));
#1382 = LINE('',#1383,#1384);
#1383 = CARTESIAN_POINT('',(16.956857749469,1.772320277704,4.284649063)
  );
#1384 = VECTOR('',#1385,1.);
#1385 = DIRECTION('',(0.,-0.939692620786,0.342020143326));
#1386 = ORIENTED_EDGE('',*,*,#1387,.T.);
#1387 = EDGE_CURVE('',#1380,#1354,#1388,.T.);
#1388 = B_SPLINE_CURVE_WITH_KNOTS('',2,(#1389,#1390,#1391),
  .UNSPECIFIED.,.F.,.F.,(3,3),(0.,1.),.PIECEWISE_BEZIER_KNOTS.);
#1389 = CARTESIAN_POINT('',(16.956857749469,1.020566181075,
    4.558265177661));
#1390 = CARTESIAN_POINT('',(16.592526539278,1.171374553402,
    4.972607775293));
#1391 = CARTESIAN_POINT('',(16.592526539278,1.514934150451,
    5.916530010423));
#1392 = ORIENTED_EDGE('',*,*,#1353,.F.);
#1393 = SURFACE_OF_LINEAR_EXTRUSION('',#1394,#1398);
#1394 = B_SPLINE_CURVE_WITH_KNOTS('',2,(#1395,#1396,#1397),
  .UNSPECIFIED.,.F.,.F.,(3,3),(0.,1.),.PIECEWISE_BEZIER_KNOTS.);
#1395 = CARTESIAN_POINT('',(16.956857749469,1.772320277704,4.284649063)
  );
#1396 = CARTESIAN_POINT('',(16.592526539278,1.92312865003,4.698991660632
    ));
#1397 = CARTESIAN_POINT('',(16.592526539278,2.26668824708,5.642913895762
    ));
#1398 = VECTOR('',#1399,1.);
#1399 = DIRECTION('',(-0.,0.939692620786,-0.342020143326));
#1400 = ADVANCED_FACE('',(#1401),#1419,.T.);
#1401 = FACE_BOUND('',#1402,.T.);
#1402 = EDGE_LOOP('',(#1403,#1404,#1412,#1418));
#1403 = ORIENTED_EDGE('',*,*,#503,.T.);
#1404 = ORIENTED_EDGE('',*,*,#1405,.T.);
#1405 = EDGE_CURVE('',#487,#1406,#1408,.T.);
#1406 = VERTEX_POINT('',#1407);
#1407 = CARTESIAN_POINT('',(17.886794055202,0.869757808748,
    4.143922580028));
#1408 = LINE('',#1409,#1410);
#1409 = CARTESIAN_POINT('',(17.886794055202,1.621511905377,
    3.870306465368));
#1410 = VECTOR('',#1411,1.);
#1411 = DIRECTION('',(0.,-0.939692620786,0.342020143326));
#1412 = ORIENTED_EDGE('',*,*,#1413,.T.);
#1413 = EDGE_CURVE('',#1406,#1380,#1414,.T.);
#1414 = B_SPLINE_CURVE_WITH_KNOTS('',2,(#1415,#1416,#1417),
  .UNSPECIFIED.,.F.,.F.,(3,3),(0.,1.),.PIECEWISE_BEZIER_KNOTS.);
#1415 = CARTESIAN_POINT('',(17.886794055202,0.869757808748,
    4.143922580028));
#1416 = CARTESIAN_POINT('',(17.32118895966,0.869757808748,4.143922580028
    ));
#1417 = CARTESIAN_POINT('',(16.956857749469,1.020566181075,
    4.558265177661));
#1418 = ORIENTED_EDGE('',*,*,#1379,.F.);
#1419 = SURFACE_OF_LINEAR_EXTRUSION('',#1420,#1424);
#1420 = B_SPLINE_CURVE_WITH_KNOTS('',2,(#1421,#1422,#1423),
  .UNSPECIFIED.,.F.,.F.,(3,3),(0.,1.),.PIECEWISE_BEZIER_KNOTS.);
#1421 = CARTESIAN_POINT('',(17.886794055202,1.621511905377,
    3.870306465368));
#1422 = CARTESIAN_POINT('',(17.32118895966,1.621511905377,3.870306465368
    ));
#1423 = CARTESIAN_POINT('',(16.956857749469,1.772320277704,4.284649063)
  );
#1424 = VECTOR('',#1425,1.);
#1425 = DIRECTION('',(-0.,0.939692620786,-0.342020143326));
#1426 = ADVANCED_FACE('',(#1427),#1445,.T.);
#1427 = FACE_BOUND('',#1428,.T.);
#1428 = EDGE_LOOP('',(#1429,#1430,#1438,#1444));
#1429 = ORIENTED_EDGE('',*,*,#486,.T.);
#1430 = ORIENTED_EDGE('',*,*,#1431,.T.);
#1431 = EDGE_CURVE('',#470,#1432,#1434,.T.);
#1432 = VERTEX_POINT('',#1433);
#1433 = CARTESIAN_POINT('',(18.750488322718,0.988266699175,
    4.469523080479));
#1434 = LINE('',#1435,#1436);
#1435 = CARTESIAN_POINT('',(18.750488322718,1.740020795803,
    4.195906965818));
#1436 = VECTOR('',#1437,1.);
#1437 = DIRECTION('',(0.,-0.939692620786,0.342020143326));
#1438 = ORIENTED_EDGE('',*,*,#1439,.T.);
#1439 = EDGE_CURVE('',#1432,#1406,#1440,.T.);
#1440 = B_SPLINE_CURVE_WITH_KNOTS('',2,(#1441,#1442,#1443),
  .UNSPECIFIED.,.F.,.F.,(3,3),(0.,1.),.PIECEWISE_BEZIER_KNOTS.);
#1441 = CARTESIAN_POINT('',(18.750488322718,0.988266699175,
    4.469523080479));
#1442 = CARTESIAN_POINT('',(18.414182590234,0.869757808748,
    4.143922580028));
#1443 = CARTESIAN_POINT('',(17.886794055202,0.869757808748,
    4.143922580028));
#1444 = ORIENTED_EDGE('',*,*,#1405,.F.);
#1445 = SURFACE_OF_LINEAR_EXTRUSION('',#1446,#1450);
#1446 = B_SPLINE_CURVE_WITH_KNOTS('',2,(#1447,#1448,#1449),
  .UNSPECIFIED.,.F.,.F.,(3,3),(0.,1.),.PIECEWISE_BEZIER_KNOTS.);
#1447 = CARTESIAN_POINT('',(18.750488322718,1.740020795803,
    4.195906965818));
#1448 = CARTESIAN_POINT('',(18.414182590234,1.621511905377,
    3.870306465368));
#1449 = CARTESIAN_POINT('',(17.886794055202,1.621511905377,
    3.870306465368));
#1450 = VECTOR('',#1451,1.);
#1451 = DIRECTION('',(-0.,0.939692620786,-0.342020143326));
#1452 = ADVANCED_FACE('',(#1453),#1471,.T.);
#1453 = FACE_BOUND('',#1454,.T.);
#1454 = EDGE_LOOP('',(#1455,#1456,#1464,#1470));
#1455 = ORIENTED_EDGE('',*,*,#469,.T.);
#1456 = ORIENTED_EDGE('',*,*,#1457,.T.);
#1457 = EDGE_CURVE('',#453,#1458,#1460,.T.);
#1458 = VERTEX_POINT('',#1459);
#1459 = CARTESIAN_POINT('',(19.086794055202,1.302896184737,
    5.333960487558));
#1460 = LINE('',#1461,#1462);
#1461 = CARTESIAN_POINT('',(19.086794055202,2.054650281366,
    5.060344372897));
#1462 = VECTOR('',#1463,1.);
#1463 = DIRECTION('',(0.,-0.939692620786,0.342020143326));
#1464 = ORIENTED_EDGE('',*,*,#1465,.T.);
#1465 = EDGE_CURVE('',#1458,#1432,#1466,.T.);
#1466 = B_SPLINE_CURVE_WITH_KNOTS('',2,(#1467,#1468,#1469),
  .UNSPECIFIED.,.F.,.F.,(3,3),(0.,1.),.PIECEWISE_BEZIER_KNOTS.);
#1467 = CARTESIAN_POINT('',(19.086794055202,1.302896184737,
    5.333960487558));
#1468 = CARTESIAN_POINT('',(19.086794055202,1.106775589601,4.79512358093
    ));
#1469 = CARTESIAN_POINT('',(18.750488322718,0.988266699175,
    4.469523080479));
#1470 = ORIENTED_EDGE('',*,*,#1431,.F.);
#1471 = SURFACE_OF_LINEAR_EXTRUSION('',#1472,#1476);
#1472 = B_SPLINE_CURVE_WITH_KNOTS('',2,(#1473,#1474,#1475),
  .UNSPECIFIED.,.F.,.F.,(3,3),(0.,1.),.PIECEWISE_BEZIER_KNOTS.);
#1473 = CARTESIAN_POINT('',(19.086794055202,2.054650281366,
    5.060344372897));
#1474 = CARTESIAN_POINT('',(19.086794055202,1.858529686229,
    4.521507466269));
#1475 = CARTESIAN_POINT('',(18.750488322718,1.740020795803,
    4.195906965818));
#1476 = VECTOR('',#1477,1.);
#1477 = DIRECTION('',(-0.,0.939692620786,-0.342020143326));
#1478 = ADVANCED_FACE('',(#1479),#1497,.T.);
#1479 = FACE_BOUND('',#1480,.T.);
#1480 = EDGE_LOOP('',(#1481,#1482,#1490,#1496));
#1481 = ORIENTED_EDGE('',*,*,#452,.T.);
#1482 = ORIENTED_EDGE('',*,*,#1483,.T.);
#1483 = EDGE_CURVE('',#438,#1484,#1486,.T.);
#1484 = VERTEX_POINT('',#1485);
#1485 = CARTESIAN_POINT('',(18.766963906582,1.604396744204,
    6.162326466645));
#1486 = LINE('',#1487,#1488);
#1487 = CARTESIAN_POINT('',(18.766963906582,2.356150840833,
    5.888710351985));
#1488 = VECTOR('',#1489,1.);
#1489 = DIRECTION('',(0.,-0.939692620786,0.342020143326));
#1490 = ORIENTED_EDGE('',*,*,#1491,.T.);
#1491 = EDGE_CURVE('',#1484,#1458,#1492,.T.);
#1492 = B_SPLINE_CURVE_WITH_KNOTS('',2,(#1493,#1494,#1495),
  .UNSPECIFIED.,.F.,.F.,(3,3),(0.,1.),.PIECEWISE_BEZIER_KNOTS.);
#1493 = CARTESIAN_POINT('',(18.766963906582,1.604396744204,
    6.162326466645));
#1494 = CARTESIAN_POINT('',(19.086794055202,1.487630631578,
    5.841514208848));
#1495 = CARTESIAN_POINT('',(19.086794055202,1.302896184737,
    5.333960487558));
#1496 = ORIENTED_EDGE('',*,*,#1457,.F.);
#1497 = SURFACE_OF_LINEAR_EXTRUSION('',#1498,#1502);
#1498 = B_SPLINE_CURVE_WITH_KNOTS('',2,(#1499,#1500,#1501),
  .UNSPECIFIED.,.F.,.F.,(3,3),(0.,1.),.PIECEWISE_BEZIER_KNOTS.);
#1499 = CARTESIAN_POINT('',(18.766963906582,2.356150840833,
    5.888710351985));
#1500 = CARTESIAN_POINT('',(19.086794055202,2.239384728207,
    5.567898094188));
#1501 = CARTESIAN_POINT('',(19.086794055202,2.054650281366,
    5.060344372897));
#1502 = VECTOR('',#1503,1.);
#1503 = DIRECTION('',(-0.,0.939692620786,-0.342020143326));
#1504 = ADVANCED_FACE('',(#1505),#1523,.T.);
#1505 = FACE_BOUND('',#1506,.T.);
#1506 = EDGE_LOOP('',(#1507,#1508,#1516,#1522));
#1507 = ORIENTED_EDGE('',*,*,#437,.T.);
#1508 = ORIENTED_EDGE('',*,*,#1509,.T.);
#1509 = EDGE_CURVE('',#423,#1510,#1512,.T.);
#1510 = VERTEX_POINT('',#1511);
#1511 = CARTESIAN_POINT('',(17.99889596603,1.72116285683,6.483138724442)
  );
#1512 = LINE('',#1513,#1514);
#1513 = CARTESIAN_POINT('',(17.99889596603,2.472916953459,6.209522609782
    ));
#1514 = VECTOR('',#1515,1.);
#1515 = DIRECTION('',(0.,-0.939692620786,0.342020143326));
#1516 = ORIENTED_EDGE('',*,*,#1517,.T.);
#1517 = EDGE_CURVE('',#1510,#1484,#1518,.T.);
#1518 = B_SPLINE_CURVE_WITH_KNOTS('',2,(#1519,#1520,#1521),
  .UNSPECIFIED.,.F.,.F.,(3,3),(0.,1.),.PIECEWISE_BEZIER_KNOTS.);
#1519 = CARTESIAN_POINT('',(17.99889596603,1.72116285683,6.483138724442)
  );
#1520 = CARTESIAN_POINT('',(18.447303609342,1.72116285683,6.483138724442
    ));
#1521 = CARTESIAN_POINT('',(18.766963906582,1.604396744204,
    6.162326466645));
#1522 = ORIENTED_EDGE('',*,*,#1483,.F.);
#1523 = SURFACE_OF_LINEAR_EXTRUSION('',#1524,#1528);
#1524 = B_SPLINE_CURVE_WITH_KNOTS('',2,(#1525,#1526,#1527),
  .UNSPECIFIED.,.F.,.F.,(3,3),(0.,1.),.PIECEWISE_BEZIER_KNOTS.);
#1525 = CARTESIAN_POINT('',(17.99889596603,2.472916953459,6.209522609782
    ));
#1526 = CARTESIAN_POINT('',(18.447303609342,2.472916953459,
    6.209522609782));
#1527 = CARTESIAN_POINT('',(18.766963906582,2.356150840833,
    5.888710351985));
#1528 = VECTOR('',#1529,1.);
#1529 = DIRECTION('',(-0.,0.939692620786,-0.342020143326));
#1530 = ADVANCED_FACE('',(#1531),#1549,.T.);
#1531 = FACE_BOUND('',#1532,.T.);
#1532 = EDGE_LOOP('',(#1533,#1534,#1542,#1548));
#1533 = ORIENTED_EDGE('',*,*,#422,.T.);
#1534 = ORIENTED_EDGE('',*,*,#1535,.T.);
#1535 = EDGE_CURVE('',#401,#1536,#1538,.T.);
#1536 = VERTEX_POINT('',#1537);
#1537 = CARTESIAN_POINT('',(17.333927813163,1.613110633206,
    6.186267679914));
#1538 = LINE('',#1539,#1540);
#1539 = CARTESIAN_POINT('',(17.333927813163,2.364864729835,
    5.912651565253));
#1540 = VECTOR('',#1541,1.);
#1541 = DIRECTION('',(0.,-0.939692620786,0.342020143326));
#1542 = ORIENTED_EDGE('',*,*,#1543,.T.);
#1543 = EDGE_CURVE('',#1536,#1510,#1544,.T.);
#1544 = B_SPLINE_CURVE_WITH_KNOTS('',2,(#1545,#1546,#1547),
  .UNSPECIFIED.,.F.,.F.,(3,3),(0.,1.),.PIECEWISE_BEZIER_KNOTS.);
#1545 = CARTESIAN_POINT('',(17.333927813163,1.613110633206,
    6.186267679914));
#1546 = CARTESIAN_POINT('',(17.60144373673,1.72116285683,6.483138724442)
  );
#1547 = CARTESIAN_POINT('',(17.99889596603,1.72116285683,6.483138724442)
  );
#1548 = ORIENTED_EDGE('',*,*,#1509,.F.);
#1549 = SURFACE_OF_LINEAR_EXTRUSION('',#1550,#1554);
#1550 = B_SPLINE_CURVE_WITH_KNOTS('',2,(#1551,#1552,#1553),
  .UNSPECIFIED.,.F.,.F.,(3,3),(0.,1.),.PIECEWISE_BEZIER_KNOTS.);
#1551 = CARTESIAN_POINT('',(17.333927813163,2.364864729835,
    5.912651565253));
#1552 = CARTESIAN_POINT('',(17.60144373673,2.472916953459,6.209522609782
    ));
#1553 = CARTESIAN_POINT('',(17.99889596603,2.472916953459,6.209522609782
    ));
#1554 = VECTOR('',#1555,1.);
#1555 = DIRECTION('',(-0.,0.939692620786,-0.342020143326));
#1556 = ADVANCED_FACE('',(#1557),#1575,.T.);
#1557 = FACE_BOUND('',#1558,.T.);
#1558 = EDGE_LOOP('',(#1559,#1560,#1568,#1574));
#1559 = ORIENTED_EDGE('',*,*,#400,.T.);
#1560 = ORIENTED_EDGE('',*,*,#1561,.T.);
#1561 = EDGE_CURVE('',#386,#1562,#1564,.T.);
#1562 = VERTEX_POINT('',#1563);
#1563 = CARTESIAN_POINT('',(17.531295116773,1.90398024809,6.985425378814
    ));
#1564 = LINE('',#1565,#1566);
#1565 = CARTESIAN_POINT('',(17.531295116773,2.655734344719,
    6.711809264154));
#1566 = VECTOR('',#1567,1.);
#1567 = DIRECTION('',(0.,-0.939692620786,0.342020143326));
#1568 = ORIENTED_EDGE('',*,*,#1569,.T.);
#1569 = EDGE_CURVE('',#1562,#1536,#1570,.T.);
#1570 = B_SPLINE_CURVE_WITH_KNOTS('',2,(#1571,#1572,#1573),
  .UNSPECIFIED.,.F.,.F.,(3,3),(0.,1.),.PIECEWISE_BEZIER_KNOTS.);
#1571 = CARTESIAN_POINT('',(17.531295116773,1.90398024809,6.985425378814
    ));
#1572 = CARTESIAN_POINT('',(17.374692144374,1.834036765702,
    6.793257240313));
#1573 = CARTESIAN_POINT('',(17.333927813163,1.613110633206,
    6.186267679914));
#1574 = ORIENTED_EDGE('',*,*,#1535,.F.);
#1575 = SURFACE_OF_LINEAR_EXTRUSION('',#1576,#1580);
#1576 = B_SPLINE_CURVE_WITH_KNOTS('',2,(#1577,#1578,#1579),
  .UNSPECIFIED.,.F.,.F.,(3,3),(0.,1.),.PIECEWISE_BEZIER_KNOTS.);
#1577 = CARTESIAN_POINT('',(17.531295116773,2.655734344719,
    6.711809264154));
#1578 = CARTESIAN_POINT('',(17.374692144374,2.58579086233,6.519641125652
    ));
#1579 = CARTESIAN_POINT('',(17.333927813163,2.364864729835,
    5.912651565253));
#1580 = VECTOR('',#1581,1.);
#1581 = DIRECTION('',(-0.,0.939692620786,-0.342020143326));
#1582 = ADVANCED_FACE('',(#1583),#1601,.T.);
#1583 = FACE_BOUND('',#1584,.T.);
#1584 = EDGE_LOOP('',(#1585,#1586,#1594,#1600));
#1585 = ORIENTED_EDGE('',*,*,#385,.T.);
#1586 = ORIENTED_EDGE('',*,*,#1587,.T.);
#1587 = EDGE_CURVE('',#371,#1588,#1590,.T.);
#1588 = VERTEX_POINT('',#1589);
#1589 = CARTESIAN_POINT('',(17.914819532909,1.973981823073,
    7.177753125404));
#1590 = LINE('',#1591,#1592);
#1591 = CARTESIAN_POINT('',(17.914819532909,2.725735919701,
    6.904137010743));
#1592 = VECTOR('',#1593,1.);
#1593 = DIRECTION('',(0.,-0.939692620786,0.342020143326));
#1594 = ORIENTED_EDGE('',*,*,#1595,.T.);
#1595 = EDGE_CURVE('',#1588,#1562,#1596,.T.);
#1596 = B_SPLINE_CURVE_WITH_KNOTS('',2,(#1597,#1598,#1599),
  .UNSPECIFIED.,.F.,.F.,(3,3),(0.,1.),.PIECEWISE_BEZIER_KNOTS.);
#1597 = CARTESIAN_POINT('',(17.914819532909,1.973981823073,
    7.177753125404));
#1598 = CARTESIAN_POINT('',(17.688067940552,1.973981823073,
    7.177753125404));
#1599 = CARTESIAN_POINT('',(17.531295116773,1.90398024809,6.985425378814
    ));
#1600 = ORIENTED_EDGE('',*,*,#1561,.F.);
#1601 = SURFACE_OF_LINEAR_EXTRUSION('',#1602,#1606);
#1602 = B_SPLINE_CURVE_WITH_KNOTS('',2,(#1603,#1604,#1605),
  .UNSPECIFIED.,.F.,.F.,(3,3),(0.,1.),.PIECEWISE_BEZIER_KNOTS.);
#1603 = CARTESIAN_POINT('',(17.914819532909,2.725735919701,
    6.904137010743));
#1604 = CARTESIAN_POINT('',(17.688067940552,2.725735919701,
    6.904137010743));
#1605 = CARTESIAN_POINT('',(17.531295116773,2.655734344719,
    6.711809264154));
#1606 = VECTOR('',#1607,1.);
#1607 = DIRECTION('',(-0.,0.939692620786,-0.342020143326));
#1608 = ADVANCED_FACE('',(#1609),#1627,.T.);
#1609 = FACE_BOUND('',#1610,.T.);
#1610 = EDGE_LOOP('',(#1611,#1612,#1620,#1626));
#1611 = ORIENTED_EDGE('',*,*,#370,.T.);
#1612 = ORIENTED_EDGE('',*,*,#1613,.T.);
#1613 = EDGE_CURVE('',#360,#1614,#1616,.T.);
#1614 = VERTEX_POINT('',#1615);
#1615 = CARTESIAN_POINT('',(18.192526539278,1.939532915218,
    7.083105528949));
#1616 = LINE('',#1617,#1618);
#1617 = CARTESIAN_POINT('',(18.192526539278,2.691287011847,
    6.809489414289));
#1618 = VECTOR('',#1619,1.);
#1619 = DIRECTION('',(0.,-0.939692620786,0.342020143326));
#1620 = ORIENTED_EDGE('',*,*,#1621,.T.);
#1621 = EDGE_CURVE('',#1614,#1588,#1622,.T.);
#1622 = B_SPLINE_CURVE_WITH_KNOTS('',2,(#1623,#1624,#1625),
  .UNSPECIFIED.,.F.,.F.,(3,3),(0.,1.),.PIECEWISE_BEZIER_KNOTS.);
#1623 = CARTESIAN_POINT('',(18.192526539278,1.939532915218,
    7.083105528949));
#1624 = CARTESIAN_POINT('',(18.085520169851,1.973981823073,
    7.177753125404));
#1625 = CARTESIAN_POINT('',(17.914819532909,1.973981823073,
    7.177753125404));
#1626 = ORIENTED_EDGE('',*,*,#1587,.F.);
#1627 = SURFACE_OF_LINEAR_EXTRUSION('',#1628,#1632);
#1628 = B_SPLINE_CURVE_WITH_KNOTS('',2,(#1629,#1630,#1631),
  .UNSPECIFIED.,.F.,.F.,(3,3),(0.,1.),.PIECEWISE_BEZIER_KNOTS.);
#1629 = CARTESIAN_POINT('',(18.192526539278,2.691287011847,
    6.809489414289));
#1630 = CARTESIAN_POINT('',(18.085520169851,2.725735919701,
    6.904137010743));
#1631 = CARTESIAN_POINT('',(17.914819532909,2.725735919701,
    6.904137010743));
#1632 = VECTOR('',#1633,1.);
#1633 = DIRECTION('',(-0.,0.939692620786,-0.342020143326));
#1634 = ADVANCED_FACE('',(#1635),#1646,.T.);
#1635 = FACE_BOUND('',#1636,.T.);
#1636 = EDGE_LOOP('',(#1637,#1638,#1639,#1645));
#1637 = ORIENTED_EDGE('',*,*,#359,.T.);
#1638 = ORIENTED_EDGE('',*,*,#1260,.T.);
#1639 = ORIENTED_EDGE('',*,*,#1640,.T.);
#1640 = EDGE_CURVE('',#1253,#1614,#1641,.T.);
#1641 = B_SPLINE_CURVE_WITH_KNOTS('',2,(#1642,#1643,#1644),
  .UNSPECIFIED.,.F.,.F.,(3,3),(0.,1.),.PIECEWISE_BEZIER_KNOTS.);
#1642 = CARTESIAN_POINT('',(18.325010615711,1.832700636055,
    6.789586254278));
#1643 = CARTESIAN_POINT('',(18.299532908705,1.905084007364,
    6.988457932495));
#1644 = CARTESIAN_POINT('',(18.192526539278,1.939532915218,
    7.083105528949));
#1645 = ORIENTED_EDGE('',*,*,#1613,.F.);
#1646 = SURFACE_OF_LINEAR_EXTRUSION('',#1647,#1651);
#1647 = B_SPLINE_CURVE_WITH_KNOTS('',2,(#1648,#1649,#1650),
  .UNSPECIFIED.,.F.,.F.,(3,3),(0.,1.),.PIECEWISE_BEZIER_KNOTS.);
#1648 = CARTESIAN_POINT('',(18.325010615711,2.584454732683,
    6.515970139618));
#1649 = CARTESIAN_POINT('',(18.299532908705,2.656838103993,
    6.714841817834));
#1650 = CARTESIAN_POINT('',(18.192526539278,2.691287011847,
    6.809489414289));
#1651 = VECTOR('',#1652,1.);
#1652 = DIRECTION('',(-0.,0.939692620786,-0.342020143326));
#1653 = ADVANCED_FACE('',(#1654),#1679,.T.);
#1654 = FACE_BOUND('',#1655,.T.);
#1655 = EDGE_LOOP('',(#1656,#1657,#1665,#1673));
#1656 = ORIENTED_EDGE('',*,*,#607,.T.);
#1657 = ORIENTED_EDGE('',*,*,#1658,.T.);
#1658 = EDGE_CURVE('',#610,#1659,#1661,.T.);
#1659 = VERTEX_POINT('',#1660);
#1660 = CARTESIAN_POINT('',(15.52195329087,0.892065364593,4.205212085995
    ));
#1661 = LINE('',#1662,#1663);
#1662 = CARTESIAN_POINT('',(15.52195329087,1.643819461222,3.931595971335
    ));
#1663 = VECTOR('',#1664,1.);
#1664 = DIRECTION('',(0.,-0.939692620786,0.342020143326));
#1665 = ORIENTED_EDGE('',*,*,#1666,.T.);
#1666 = EDGE_CURVE('',#1659,#1667,#1669,.T.);
#1667 = VERTEX_POINT('',#1668);
#1668 = CARTESIAN_POINT('',(14.806029723992,0.892065364593,
    4.205212085995));
#1669 = LINE('',#1670,#1671);
#1670 = CARTESIAN_POINT('',(15.52195329087,0.892065364593,4.205212085995
    ));
#1671 = VECTOR('',#1672,1.);
#1672 = DIRECTION('',(-1.,0.,0.));
#1673 = ORIENTED_EDGE('',*,*,#1674,.F.);
#1674 = EDGE_CURVE('',#608,#1667,#1675,.T.);
#1675 = LINE('',#1676,#1677);
#1676 = CARTESIAN_POINT('',(14.806029723992,1.643819461222,
    3.931595971335));
#1677 = VECTOR('',#1678,1.);
#1678 = DIRECTION('',(0.,-0.939692620786,0.342020143326));
#1679 = PLANE('',#1680);
#1680 = AXIS2_PLACEMENT_3D('',#1681,#1682,#1683);
#1681 = CARTESIAN_POINT('',(15.52195329087,1.643819461222,3.931595971335
    ));
#1682 = DIRECTION('',(0.,-0.342020143326,-0.939692620786));
#1683 = DIRECTION('',(-1.,0.,0.));
#1684 = ADVANCED_FACE('',(#1685),#1703,.T.);
#1685 = FACE_BOUND('',#1686,.T.);
#1686 = EDGE_LOOP('',(#1687,#1688,#1696,#1702));
#1687 = ORIENTED_EDGE('',*,*,#687,.T.);
#1688 = ORIENTED_EDGE('',*,*,#1689,.T.);
#1689 = EDGE_CURVE('',#680,#1690,#1692,.T.);
#1690 = VERTEX_POINT('',#1691);
#1691 = CARTESIAN_POINT('',(15.52195329087,2.178467751651,7.73957359677)
  );
#1692 = LINE('',#1693,#1694);
#1693 = CARTESIAN_POINT('',(15.52195329087,2.93022184828,7.465957482109)
  );
#1694 = VECTOR('',#1695,1.);
#1695 = DIRECTION('',(0.,-0.939692620786,0.342020143326));
#1696 = ORIENTED_EDGE('',*,*,#1697,.T.);
#1697 = EDGE_CURVE('',#1690,#1659,#1698,.T.);
#1698 = LINE('',#1699,#1700);
#1699 = CARTESIAN_POINT('',(15.52195329087,2.178467751651,7.73957359677)
  );
#1700 = VECTOR('',#1701,1.);
#1701 = DIRECTION('',(0.,-0.342020143326,-0.939692620786));
#1702 = ORIENTED_EDGE('',*,*,#1658,.F.);
#1703 = PLANE('',#1704);
#1704 = AXIS2_PLACEMENT_3D('',#1705,#1706,#1707);
#1705 = CARTESIAN_POINT('',(15.52195329087,2.93022184828,7.465957482109)
  );
#1706 = DIRECTION('',(1.,0.,0.));
#1707 = DIRECTION('',(0.,-0.342020143326,-0.939692620786));
#1708 = ADVANCED_FACE('',(#1709),#1727,.T.);
#1709 = FACE_BOUND('',#1710,.T.);
#1710 = EDGE_LOOP('',(#1711,#1712,#1720,#1726));
#1711 = ORIENTED_EDGE('',*,*,#679,.T.);
#1712 = ORIENTED_EDGE('',*,*,#1713,.T.);
#1713 = EDGE_CURVE('',#661,#1714,#1716,.T.);
#1714 = VERTEX_POINT('',#1715);
#1715 = CARTESIAN_POINT('',(14.941061571125,2.178467751651,7.73957359677
    ));
#1716 = LINE('',#1717,#1718);
#1717 = CARTESIAN_POINT('',(14.941061571125,2.93022184828,7.465957482109
    ));
#1718 = VECTOR('',#1719,1.);
#1719 = DIRECTION('',(0.,-0.939692620786,0.342020143326));
#1720 = ORIENTED_EDGE('',*,*,#1721,.T.);
#1721 = EDGE_CURVE('',#1714,#1690,#1722,.T.);
#1722 = LINE('',#1723,#1724);
#1723 = CARTESIAN_POINT('',(14.941061571125,2.178467751651,7.73957359677
    ));
#1724 = VECTOR('',#1725,1.);
#1725 = DIRECTION('',(1.,0.,0.));
#1726 = ORIENTED_EDGE('',*,*,#1689,.F.);
#1727 = PLANE('',#1728);
#1728 = AXIS2_PLACEMENT_3D('',#1729,#1730,#1731);
#1729 = CARTESIAN_POINT('',(14.941061571125,2.93022184828,7.465957482109
    ));
#1730 = DIRECTION('',(0.,0.342020143326,0.939692620786));
#1731 = DIRECTION('',(1.,0.,0.));
#1732 = ADVANCED_FACE('',(#1733),#1751,.T.);
#1733 = FACE_BOUND('',#1734,.T.);
#1734 = EDGE_LOOP('',(#1735,#1736,#1744,#1750));
#1735 = ORIENTED_EDGE('',*,*,#660,.T.);
#1736 = ORIENTED_EDGE('',*,*,#1737,.T.);
#1737 = EDGE_CURVE('',#649,#1738,#1740,.T.);
#1738 = VERTEX_POINT('',#1739);
#1739 = CARTESIAN_POINT('',(14.490106157113,1.973981823073,
    7.177753125404));
#1740 = LINE('',#1741,#1742);
#1741 = CARTESIAN_POINT('',(14.490106157113,2.725735919701,
    6.904137010743));
#1742 = VECTOR('',#1743,1.);
#1743 = DIRECTION('',(0.,-0.939692620786,0.342020143326));
#1744 = ORIENTED_EDGE('',*,*,#1745,.T.);
#1745 = EDGE_CURVE('',#1738,#1714,#1746,.T.);
#1746 = B_SPLINE_CURVE_WITH_KNOTS('',2,(#1747,#1748,#1749),
  .UNSPECIFIED.,.F.,.F.,(3,3),(0.,1.),.PIECEWISE_BEZIER_KNOTS.);
#1747 = CARTESIAN_POINT('',(14.490106157113,1.973981823073,
    7.177753125404));
#1748 = CARTESIAN_POINT('',(14.818768577495,2.061643546432,
    7.418601730884));
#1749 = CARTESIAN_POINT('',(14.941061571125,2.178467751651,7.73957359677
    ));
#1750 = ORIENTED_EDGE('',*,*,#1713,.F.);
#1751 = SURFACE_OF_LINEAR_EXTRUSION('',#1752,#1756);
#1752 = B_SPLINE_CURVE_WITH_KNOTS('',2,(#1753,#1754,#1755),
  .UNSPECIFIED.,.F.,.F.,(3,3),(0.,1.),.PIECEWISE_BEZIER_KNOTS.);
#1753 = CARTESIAN_POINT('',(14.490106157113,2.725735919701,
    6.904137010743));
#1754 = CARTESIAN_POINT('',(14.818768577495,2.813397643061,
    7.144985616224));
#1755 = CARTESIAN_POINT('',(14.941061571125,2.93022184828,7.465957482109
    ));
#1756 = VECTOR('',#1757,1.);
#1757 = DIRECTION('',(-0.,0.939692620786,-0.342020143326));
#1758 = ADVANCED_FACE('',(#1759),#1777,.T.);
#1759 = FACE_BOUND('',#1760,.T.);
#1760 = EDGE_LOOP('',(#1761,#1762,#1770,#1776));
#1761 = ORIENTED_EDGE('',*,*,#648,.T.);
#1762 = ORIENTED_EDGE('',*,*,#1763,.T.);
#1763 = EDGE_CURVE('',#641,#1764,#1766,.T.);
#1764 = VERTEX_POINT('',#1765);
#1765 = CARTESIAN_POINT('',(13.88118895966,1.8550081919,6.850875760245)
  );
#1766 = LINE('',#1767,#1768);
#1767 = CARTESIAN_POINT('',(13.88118895966,2.606762288528,6.577259645585
    ));
#1768 = VECTOR('',#1769,1.);
#1769 = DIRECTION('',(0.,-0.939692620786,0.342020143326));
#1770 = ORIENTED_EDGE('',*,*,#1771,.T.);
#1771 = EDGE_CURVE('',#1764,#1738,#1772,.T.);
#1772 = B_SPLINE_CURVE_WITH_KNOTS('',2,(#1773,#1774,#1775),
  .UNSPECIFIED.,.F.,.F.,(3,3),(0.,1.),.PIECEWISE_BEZIER_KNOTS.);
#1773 = CARTESIAN_POINT('',(13.88118895966,1.8550081919,6.850875760245)
  );
#1774 = CARTESIAN_POINT('',(14.16144373673,1.886378192307,6.937064128012
    ));
#1775 = CARTESIAN_POINT('',(14.490106157113,1.973981823073,
    7.177753125404));
#1776 = ORIENTED_EDGE('',*,*,#1737,.F.);
#1777 = SURFACE_OF_LINEAR_EXTRUSION('',#1778,#1782);
#1778 = B_SPLINE_CURVE_WITH_KNOTS('',2,(#1779,#1780,#1781),
  .UNSPECIFIED.,.F.,.F.,(3,3),(0.,1.),.PIECEWISE_BEZIER_KNOTS.);
#1779 = CARTESIAN_POINT('',(13.88118895966,2.606762288528,6.577259645585
    ));
#1780 = CARTESIAN_POINT('',(14.16144373673,2.638132288935,6.663448013351
    ));
#1781 = CARTESIAN_POINT('',(14.490106157113,2.725735919701,
    6.904137010743));
#1782 = VECTOR('',#1783,1.);
#1783 = DIRECTION('',(-0.,0.939692620786,-0.342020143326));
#1784 = ADVANCED_FACE('',(#1785),#1803,.T.);
#1785 = FACE_BOUND('',#1786,.T.);
#1786 = EDGE_LOOP('',(#1787,#1788,#1796,#1802));
#1787 = ORIENTED_EDGE('',*,*,#640,.T.);
#1788 = ORIENTED_EDGE('',*,*,#1789,.T.);
#1789 = EDGE_CURVE('',#626,#1790,#1792,.T.);
#1790 = VERTEX_POINT('',#1791);
#1791 = CARTESIAN_POINT('',(13.88118895966,1.63193263345,6.237980700574)
  );
#1792 = LINE('',#1793,#1794);
#1793 = CARTESIAN_POINT('',(13.88118895966,2.383686730079,5.964364585913
    ));
#1794 = VECTOR('',#1795,1.);
#1795 = DIRECTION('',(0.,-0.939692620786,0.342020143326));
#1796 = ORIENTED_EDGE('',*,*,#1797,.T.);
#1797 = EDGE_CURVE('',#1790,#1764,#1798,.T.);
#1798 = LINE('',#1799,#1800);
#1799 = CARTESIAN_POINT('',(13.88118895966,1.63193263345,6.237980700574)
  );
#1800 = VECTOR('',#1801,1.);
#1801 = DIRECTION('',(0.,0.342020143326,0.939692620786));
#1802 = ORIENTED_EDGE('',*,*,#1763,.F.);
#1803 = PLANE('',#1804);
#1804 = AXIS2_PLACEMENT_3D('',#1805,#1806,#1807);
#1805 = CARTESIAN_POINT('',(13.88118895966,2.383686730079,5.964364585913
    ));
#1806 = DIRECTION('',(-1.,0.,0.));
#1807 = DIRECTION('',(0.,0.342020143326,0.939692620786));
#1808 = ADVANCED_FACE('',(#1809),#1827,.T.);
#1809 = FACE_BOUND('',#1810,.T.);
#1810 = EDGE_LOOP('',(#1811,#1812,#1820,#1826));
#1811 = ORIENTED_EDGE('',*,*,#625,.T.);
#1812 = ORIENTED_EDGE('',*,*,#1813,.T.);
#1813 = EDGE_CURVE('',#618,#1814,#1816,.T.);
#1814 = VERTEX_POINT('',#1815);
#1815 = CARTESIAN_POINT('',(14.806029723992,1.818293672905,
    6.750003448341));
#1816 = LINE('',#1817,#1818);
#1817 = CARTESIAN_POINT('',(14.806029723992,2.570047769534,
    6.476387333681));
#1818 = VECTOR('',#1819,1.);
#1819 = DIRECTION('',(0.,-0.939692620786,0.342020143326));
#1820 = ORIENTED_EDGE('',*,*,#1821,.T.);
#1821 = EDGE_CURVE('',#1814,#1790,#1822,.T.);
#1822 = B_SPLINE_CURVE_WITH_KNOTS('',2,(#1823,#1824,#1825),
  .UNSPECIFIED.,.F.,.F.,(3,3),(0.,1.),.PIECEWISE_BEZIER_KNOTS.);
#1823 = CARTESIAN_POINT('',(14.806029723992,1.818293672905,
    6.750003448341));
#1824 = CARTESIAN_POINT('',(14.413673036093,1.692290837937,6.40381350448
    ));
#1825 = CARTESIAN_POINT('',(13.88118895966,1.63193263345,6.237980700574)
  );
#1826 = ORIENTED_EDGE('',*,*,#1789,.F.);
#1827 = SURFACE_OF_LINEAR_EXTRUSION('',#1828,#1832);
#1828 = B_SPLINE_CURVE_WITH_KNOTS('',2,(#1829,#1830,#1831),
  .UNSPECIFIED.,.F.,.F.,(3,3),(0.,1.),.PIECEWISE_BEZIER_KNOTS.);
#1829 = CARTESIAN_POINT('',(14.806029723992,2.570047769534,
    6.476387333681));
#1830 = CARTESIAN_POINT('',(14.413673036093,2.444044934566,
    6.130197389819));
#1831 = CARTESIAN_POINT('',(13.88118895966,2.383686730079,5.964364585913
    ));
#1832 = VECTOR('',#1833,1.);
#1833 = DIRECTION('',(-0.,0.939692620786,-0.342020143326));
#1834 = ADVANCED_FACE('',(#1835),#1846,.T.);
#1835 = FACE_BOUND('',#1836,.T.);
#1836 = EDGE_LOOP('',(#1837,#1838,#1839,#1845));
#1837 = ORIENTED_EDGE('',*,*,#617,.T.);
#1838 = ORIENTED_EDGE('',*,*,#1674,.T.);
#1839 = ORIENTED_EDGE('',*,*,#1840,.T.);
#1840 = EDGE_CURVE('',#1667,#1814,#1841,.T.);
#1841 = LINE('',#1842,#1843);
#1842 = CARTESIAN_POINT('',(14.806029723992,0.892065364593,
    4.205212085995));
#1843 = VECTOR('',#1844,1.);
#1844 = DIRECTION('',(0.,0.342020143326,0.939692620786));
#1845 = ORIENTED_EDGE('',*,*,#1813,.F.);
#1846 = PLANE('',#1847);
#1847 = AXIS2_PLACEMENT_3D('',#1848,#1849,#1850);
#1848 = CARTESIAN_POINT('',(14.806029723992,1.643819461222,
    3.931595971335));
#1849 = DIRECTION('',(-1.,0.,0.));
#1850 = DIRECTION('',(0.,0.342020143326,0.939692620786));
#1851 = ADVANCED_FACE('',(#1852),#1877,.T.);
#1852 = FACE_BOUND('',#1853,.T.);
#1853 = EDGE_LOOP('',(#1854,#1855,#1863,#1871));
#1854 = ORIENTED_EDGE('',*,*,#695,.T.);
#1855 = ORIENTED_EDGE('',*,*,#1856,.T.);
#1856 = EDGE_CURVE('',#698,#1857,#1859,.T.);
#1857 = VERTEX_POINT('',#1858);
#1858 = CARTESIAN_POINT('',(12.015031847134,0.869757808748,
    4.143922580028));
#1859 = LINE('',#1860,#1861);
#1860 = CARTESIAN_POINT('',(12.015031847134,1.621511905377,
    3.870306465368));
#1861 = VECTOR('',#1862,1.);
#1862 = DIRECTION('',(0.,-0.939692620786,0.342020143326));
#1863 = ORIENTED_EDGE('',*,*,#1864,.T.);
#1864 = EDGE_CURVE('',#1857,#1865,#1867,.T.);
#1865 = VERTEX_POINT('',#1866);
#1866 = CARTESIAN_POINT('',(12.939872611465,2.189621529574,
    7.770218349753));
#1867 = LINE('',#1868,#1869);
#1868 = CARTESIAN_POINT('',(12.015031847134,0.869757808748,
    4.143922580028));
#1869 = VECTOR('',#1870,1.);
#1870 = DIRECTION('',(0.233057266823,0.332601938861,0.913816316689));
#1871 = ORIENTED_EDGE('',*,*,#1872,.F.);
#1872 = EDGE_CURVE('',#696,#1865,#1873,.T.);
#1873 = LINE('',#1874,#1875);
#1874 = CARTESIAN_POINT('',(12.939872611465,2.941375626202,
    7.496602235093));
#1875 = VECTOR('',#1876,1.);
#1876 = DIRECTION('',(0.,-0.939692620786,0.342020143326));
#1877 = PLANE('',#1878);
#1878 = AXIS2_PLACEMENT_3D('',#1879,#1880,#1881);
#1879 = CARTESIAN_POINT('',(12.015031847134,1.621511905377,
    3.870306465368));
#1880 = DIRECTION('',(-0.972463012346,7.971027980197E-02,0.219002193854)
  );
#1881 = DIRECTION('',(0.233057266823,0.332601938861,0.913816316689));
#1882 = ADVANCED_FACE('',(#1883),#1901,.T.);
#1883 = FACE_BOUND('',#1884,.T.);
#1884 = EDGE_LOOP('',(#1885,#1886,#1894,#1900));
#1885 = ORIENTED_EDGE('',*,*,#721,.T.);
#1886 = ORIENTED_EDGE('',*,*,#1887,.T.);
#1887 = EDGE_CURVE('',#714,#1888,#1890,.T.);
#1888 = VERTEX_POINT('',#1889);
#1889 = CARTESIAN_POINT('',(12.542420382166,0.869757808748,
    4.143922580028));
#1890 = LINE('',#1891,#1892);
#1891 = CARTESIAN_POINT('',(12.542420382166,1.621511905377,
    3.870306465368));
#1892 = VECTOR('',#1893,1.);
#1893 = DIRECTION('',(0.,-0.939692620786,0.342020143326));
#1894 = ORIENTED_EDGE('',*,*,#1895,.T.);
#1895 = EDGE_CURVE('',#1888,#1857,#1896,.T.);
#1896 = LINE('',#1897,#1898);
#1897 = CARTESIAN_POINT('',(12.542420382166,0.869757808748,
    4.143922580028));
#1898 = VECTOR('',#1899,1.);
#1899 = DIRECTION('',(-1.,0.,0.));
#1900 = ORIENTED_EDGE('',*,*,#1856,.F.);
#1901 = PLANE('',#1902);
#1902 = AXIS2_PLACEMENT_3D('',#1903,#1904,#1905);
#1903 = CARTESIAN_POINT('',(12.542420382166,1.621511905377,
    3.870306465368));
#1904 = DIRECTION('',(0.,-0.342020143326,-0.939692620786));
#1905 = DIRECTION('',(-1.,0.,0.));
#1906 = ADVANCED_FACE('',(#1907),#1925,.T.);
#1907 = FACE_BOUND('',#1908,.T.);
#1908 = EDGE_LOOP('',(#1909,#1910,#1918,#1924));
#1909 = ORIENTED_EDGE('',*,*,#713,.T.);
#1910 = ORIENTED_EDGE('',*,*,#1911,.T.);
#1911 = EDGE_CURVE('',#706,#1912,#1914,.T.);
#1912 = VERTEX_POINT('',#1913);
#1913 = CARTESIAN_POINT('',(13.477452229299,2.189621529574,
    7.770218349753));
#1914 = LINE('',#1915,#1916);
#1915 = CARTESIAN_POINT('',(13.477452229299,2.941375626202,
    7.496602235093));
#1916 = VECTOR('',#1917,1.);
#1917 = DIRECTION('',(0.,-0.939692620786,0.342020143326));
#1918 = ORIENTED_EDGE('',*,*,#1919,.T.);
#1919 = EDGE_CURVE('',#1912,#1888,#1920,.T.);
#1920 = LINE('',#1921,#1922);
#1921 = CARTESIAN_POINT('',(13.477452229299,2.189621529574,
    7.770218349753));
#1922 = VECTOR('',#1923,1.);
#1923 = DIRECTION('',(-0.235483715343,-0.332401953666,-0.913266861879));
#1924 = ORIENTED_EDGE('',*,*,#1887,.F.);
#1925 = PLANE('',#1926);
#1926 = AXIS2_PLACEMENT_3D('',#1927,#1928,#1929);
#1927 = CARTESIAN_POINT('',(13.477452229299,2.941375626202,
    7.496602235093));
#1928 = DIRECTION('',(0.971878294751,-8.054017407264E-02,-0.221282309624
    ));
#1929 = DIRECTION('',(-0.235483715343,-0.332401953666,-0.913266861879));
#1930 = ADVANCED_FACE('',(#1931),#1942,.T.);
#1931 = FACE_BOUND('',#1932,.T.);
#1932 = EDGE_LOOP('',(#1933,#1934,#1935,#1941));
#1933 = ORIENTED_EDGE('',*,*,#705,.T.);
#1934 = ORIENTED_EDGE('',*,*,#1872,.T.);
#1935 = ORIENTED_EDGE('',*,*,#1936,.T.);
#1936 = EDGE_CURVE('',#1865,#1912,#1937,.T.);
#1937 = LINE('',#1938,#1939);
#1938 = CARTESIAN_POINT('',(12.939872611465,2.189621529574,
    7.770218349753));
#1939 = VECTOR('',#1940,1.);
#1940 = DIRECTION('',(1.,0.,0.));
#1941 = ORIENTED_EDGE('',*,*,#1911,.F.);
#1942 = PLANE('',#1943);
#1943 = AXIS2_PLACEMENT_3D('',#1944,#1945,#1946);
#1944 = CARTESIAN_POINT('',(12.939872611465,2.941375626202,
    7.496602235093));
#1945 = DIRECTION('',(0.,0.342020143326,0.939692620786));
#1946 = DIRECTION('',(1.,0.,0.));
#1947 = ADVANCED_FACE('',(#1948),#1973,.T.);
#1948 = FACE_BOUND('',#1949,.T.);
#1949 = EDGE_LOOP('',(#1950,#1951,#1959,#1967));
#1950 = ORIENTED_EDGE('',*,*,#729,.T.);
#1951 = ORIENTED_EDGE('',*,*,#1952,.T.);
#1952 = EDGE_CURVE('',#732,#1953,#1955,.T.);
#1953 = VERTEX_POINT('',#1954);
#1954 = CARTESIAN_POINT('',(11.173757961783,0.892065364593,
    4.205212085995));
#1955 = LINE('',#1956,#1957);
#1956 = CARTESIAN_POINT('',(11.173757961783,1.643819461222,
    3.931595971335));
#1957 = VECTOR('',#1958,1.);
#1958 = DIRECTION('',(0.,-0.939692620786,0.342020143326));
#1959 = ORIENTED_EDGE('',*,*,#1960,.T.);
#1960 = EDGE_CURVE('',#1953,#1961,#1963,.T.);
#1961 = VERTEX_POINT('',#1962);
#1962 = CARTESIAN_POINT('',(10.457834394904,0.892065364593,
    4.205212085995));
#1963 = LINE('',#1964,#1965);
#1964 = CARTESIAN_POINT('',(11.173757961783,0.892065364593,
    4.205212085995));
#1965 = VECTOR('',#1966,1.);
#1966 = DIRECTION('',(-1.,0.,0.));
#1967 = ORIENTED_EDGE('',*,*,#1968,.F.);
#1968 = EDGE_CURVE('',#730,#1961,#1969,.T.);
#1969 = LINE('',#1970,#1971);
#1970 = CARTESIAN_POINT('',(10.457834394904,1.643819461222,
    3.931595971335));
#1971 = VECTOR('',#1972,1.);
#1972 = DIRECTION('',(0.,-0.939692620786,0.342020143326));
#1973 = PLANE('',#1974);
#1974 = AXIS2_PLACEMENT_3D('',#1975,#1976,#1977);
#1975 = CARTESIAN_POINT('',(11.173757961783,1.643819461222,
    3.931595971335));
#1976 = DIRECTION('',(0.,-0.342020143326,-0.939692620786));
#1977 = DIRECTION('',(-1.,0.,0.));
#1978 = ADVANCED_FACE('',(#1979),#1997,.T.);
#1979 = FACE_BOUND('',#1980,.T.);
#1980 = EDGE_LOOP('',(#1981,#1982,#1990,#1996));
#1981 = ORIENTED_EDGE('',*,*,#809,.T.);
#1982 = ORIENTED_EDGE('',*,*,#1983,.T.);
#1983 = EDGE_CURVE('',#802,#1984,#1986,.T.);
#1984 = VERTEX_POINT('',#1985);
#1985 = CARTESIAN_POINT('',(11.173757961783,2.178467751651,7.73957359677
    ));
#1986 = LINE('',#1987,#1988);
#1987 = CARTESIAN_POINT('',(11.173757961783,2.93022184828,7.465957482109
    ));
#1988 = VECTOR('',#1989,1.);
#1989 = DIRECTION('',(0.,-0.939692620786,0.342020143326));
#1990 = ORIENTED_EDGE('',*,*,#1991,.T.);
#1991 = EDGE_CURVE('',#1984,#1953,#1992,.T.);
#1992 = LINE('',#1993,#1994);
#1993 = CARTESIAN_POINT('',(11.173757961783,2.178467751651,7.73957359677
    ));
#1994 = VECTOR('',#1995,1.);
#1995 = DIRECTION('',(0.,-0.342020143326,-0.939692620786));
#1996 = ORIENTED_EDGE('',*,*,#1952,.F.);
#1997 = PLANE('',#1998);
#1998 = AXIS2_PLACEMENT_3D('',#1999,#2000,#2001);
#1999 = CARTESIAN_POINT('',(11.173757961783,2.93022184828,7.465957482109
    ));
#2000 = DIRECTION('',(1.,0.,0.));
#2001 = DIRECTION('',(0.,-0.342020143326,-0.939692620786));
#2002 = ADVANCED_FACE('',(#2003),#2021,.T.);
#2003 = FACE_BOUND('',#2004,.T.);
#2004 = EDGE_LOOP('',(#2005,#2006,#2014,#2020));
#2005 = ORIENTED_EDGE('',*,*,#801,.T.);
#2006 = ORIENTED_EDGE('',*,*,#2007,.T.);
#2007 = EDGE_CURVE('',#783,#2008,#2010,.T.);
#2008 = VERTEX_POINT('',#2009);
#2009 = CARTESIAN_POINT('',(10.592866242038,2.178467751651,7.73957359677
    ));
#2010 = LINE('',#2011,#2012);
#2011 = CARTESIAN_POINT('',(10.592866242038,2.93022184828,7.465957482109
    ));
#2012 = VECTOR('',#2013,1.);
#2013 = DIRECTION('',(0.,-0.939692620786,0.342020143326));
#2014 = ORIENTED_EDGE('',*,*,#2015,.T.);
#2015 = EDGE_CURVE('',#2008,#1984,#2016,.T.);
#2016 = LINE('',#2017,#2018);
#2017 = CARTESIAN_POINT('',(10.592866242038,2.178467751651,7.73957359677
    ));
#2018 = VECTOR('',#2019,1.);
#2019 = DIRECTION('',(1.,0.,0.));
#2020 = ORIENTED_EDGE('',*,*,#1983,.F.);
#2021 = PLANE('',#2022);
#2022 = AXIS2_PLACEMENT_3D('',#2023,#2024,#2025);
#2023 = CARTESIAN_POINT('',(10.592866242038,2.93022184828,7.465957482109
    ));
#2024 = DIRECTION('',(0.,0.342020143326,0.939692620786));
#2025 = DIRECTION('',(1.,0.,0.));
#2026 = ADVANCED_FACE('',(#2027),#2045,.T.);
#2027 = FACE_BOUND('',#2028,.T.);
#2028 = EDGE_LOOP('',(#2029,#2030,#2038,#2044));
#2029 = ORIENTED_EDGE('',*,*,#782,.T.);
#2030 = ORIENTED_EDGE('',*,*,#2031,.T.);
#2031 = EDGE_CURVE('',#771,#2032,#2034,.T.);
#2032 = VERTEX_POINT('',#2033);
#2033 = CARTESIAN_POINT('',(10.141910828025,1.973981823073,
    7.177753125404));
#2034 = LINE('',#2035,#2036);
#2035 = CARTESIAN_POINT('',(10.141910828025,2.725735919701,
    6.904137010743));
#2036 = VECTOR('',#2037,1.);
#2037 = DIRECTION('',(0.,-0.939692620786,0.342020143326));
#2038 = ORIENTED_EDGE('',*,*,#2039,.T.);
#2039 = EDGE_CURVE('',#2032,#2008,#2040,.T.);
#2040 = B_SPLINE_CURVE_WITH_KNOTS('',2,(#2041,#2042,#2043),
  .UNSPECIFIED.,.F.,.F.,(3,3),(0.,1.),.PIECEWISE_BEZIER_KNOTS.);
#2041 = CARTESIAN_POINT('',(10.141910828025,1.973981823073,
    7.177753125404));
#2042 = CARTESIAN_POINT('',(10.470573248408,2.061643546432,
    7.418601730884));
#2043 = CARTESIAN_POINT('',(10.592866242038,2.178467751651,7.73957359677
    ));
#2044 = ORIENTED_EDGE('',*,*,#2007,.F.);
#2045 = SURFACE_OF_LINEAR_EXTRUSION('',#2046,#2050);
#2046 = B_SPLINE_CURVE_WITH_KNOTS('',2,(#2047,#2048,#2049),
  .UNSPECIFIED.,.F.,.F.,(3,3),(0.,1.),.PIECEWISE_BEZIER_KNOTS.);
#2047 = CARTESIAN_POINT('',(10.141910828025,2.725735919701,
    6.904137010743));
#2048 = CARTESIAN_POINT('',(10.470573248408,2.813397643061,
    7.144985616224));
#2049 = CARTESIAN_POINT('',(10.592866242038,2.93022184828,7.465957482109
    ));
#2050 = VECTOR('',#2051,1.);
#2051 = DIRECTION('',(-0.,0.939692620786,-0.342020143326));
#2052 = ADVANCED_FACE('',(#2053),#2071,.T.);
#2053 = FACE_BOUND('',#2054,.T.);
#2054 = EDGE_LOOP('',(#2055,#2056,#2064,#2070));
#2055 = ORIENTED_EDGE('',*,*,#770,.T.);
#2056 = ORIENTED_EDGE('',*,*,#2057,.T.);
#2057 = EDGE_CURVE('',#763,#2058,#2060,.T.);
#2058 = VERTEX_POINT('',#2059);
#2059 = CARTESIAN_POINT('',(9.532993630573,1.8550081919,6.850875760245)
  );
#2060 = LINE('',#2061,#2062);
#2061 = CARTESIAN_POINT('',(9.532993630573,2.606762288528,6.577259645585
    ));
#2062 = VECTOR('',#2063,1.);
#2063 = DIRECTION('',(0.,-0.939692620786,0.342020143326));
#2064 = ORIENTED_EDGE('',*,*,#2065,.T.);
#2065 = EDGE_CURVE('',#2058,#2032,#2066,.T.);
#2066 = B_SPLINE_CURVE_WITH_KNOTS('',2,(#2067,#2068,#2069),
  .UNSPECIFIED.,.F.,.F.,(3,3),(0.,1.),.PIECEWISE_BEZIER_KNOTS.);
#2067 = CARTESIAN_POINT('',(9.532993630573,1.8550081919,6.850875760245)
  );
#2068 = CARTESIAN_POINT('',(9.813248407643,1.886378192307,6.937064128012
    ));
#2069 = CARTESIAN_POINT('',(10.141910828025,1.973981823073,
    7.177753125404));
#2070 = ORIENTED_EDGE('',*,*,#2031,.F.);
#2071 = SURFACE_OF_LINEAR_EXTRUSION('',#2072,#2076);
#2072 = B_SPLINE_CURVE_WITH_KNOTS('',2,(#2073,#2074,#2075),
  .UNSPECIFIED.,.F.,.F.,(3,3),(0.,1.),.PIECEWISE_BEZIER_KNOTS.);
#2073 = CARTESIAN_POINT('',(9.532993630573,2.606762288528,6.577259645585
    ));
#2074 = CARTESIAN_POINT('',(9.813248407643,2.638132288935,6.663448013351
    ));
#2075 = CARTESIAN_POINT('',(10.141910828025,2.725735919701,
    6.904137010743));
#2076 = VECTOR('',#2077,1.);
#2077 = DIRECTION('',(-0.,0.939692620786,-0.342020143326));
#2078 = ADVANCED_FACE('',(#2079),#2097,.T.);
#2079 = FACE_BOUND('',#2080,.T.);
#2080 = EDGE_LOOP('',(#2081,#2082,#2090,#2096));
#2081 = ORIENTED_EDGE('',*,*,#762,.T.);
#2082 = ORIENTED_EDGE('',*,*,#2083,.T.);
#2083 = EDGE_CURVE('',#748,#2084,#2086,.T.);
#2084 = VERTEX_POINT('',#2085);
#2085 = CARTESIAN_POINT('',(9.532993630573,1.63193263345,6.237980700574)
  );
#2086 = LINE('',#2087,#2088);
#2087 = CARTESIAN_POINT('',(9.532993630573,2.383686730079,5.964364585913
    ));
#2088 = VECTOR('',#2089,1.);
#2089 = DIRECTION('',(0.,-0.939692620786,0.342020143326));
#2090 = ORIENTED_EDGE('',*,*,#2091,.T.);
#2091 = EDGE_CURVE('',#2084,#2058,#2092,.T.);
#2092 = LINE('',#2093,#2094);
#2093 = CARTESIAN_POINT('',(9.532993630573,1.63193263345,6.237980700574)
  );
#2094 = VECTOR('',#2095,1.);
#2095 = DIRECTION('',(0.,0.342020143326,0.939692620786));
#2096 = ORIENTED_EDGE('',*,*,#2057,.F.);
#2097 = PLANE('',#2098);
#2098 = AXIS2_PLACEMENT_3D('',#2099,#2100,#2101);
#2099 = CARTESIAN_POINT('',(9.532993630573,2.383686730079,5.964364585913
    ));
#2100 = DIRECTION('',(-1.,0.,0.));
#2101 = DIRECTION('',(0.,0.342020143326,0.939692620786));
#2102 = ADVANCED_FACE('',(#2103),#2121,.T.);
#2103 = FACE_BOUND('',#2104,.T.);
#2104 = EDGE_LOOP('',(#2105,#2106,#2114,#2120));
#2105 = ORIENTED_EDGE('',*,*,#747,.T.);
#2106 = ORIENTED_EDGE('',*,*,#2107,.T.);
#2107 = EDGE_CURVE('',#740,#2108,#2110,.T.);
#2108 = VERTEX_POINT('',#2109);
#2109 = CARTESIAN_POINT('',(10.457834394904,1.818293672905,
    6.750003448341));
#2110 = LINE('',#2111,#2112);
#2111 = CARTESIAN_POINT('',(10.457834394904,2.570047769534,
    6.476387333681));
#2112 = VECTOR('',#2113,1.);
#2113 = DIRECTION('',(0.,-0.939692620786,0.342020143326));
#2114 = ORIENTED_EDGE('',*,*,#2115,.T.);
#2115 = EDGE_CURVE('',#2108,#2084,#2116,.T.);
#2116 = B_SPLINE_CURVE_WITH_KNOTS('',2,(#2117,#2118,#2119),
  .UNSPECIFIED.,.F.,.F.,(3,3),(0.,1.),.PIECEWISE_BEZIER_KNOTS.);
#2117 = CARTESIAN_POINT('',(10.457834394904,1.818293672905,
    6.750003448341));
#2118 = CARTESIAN_POINT('',(10.065477707006,1.692290837937,6.40381350448
    ));
#2119 = CARTESIAN_POINT('',(9.532993630573,1.63193263345,6.237980700574)
  );
#2120 = ORIENTED_EDGE('',*,*,#2083,.F.);
#2121 = SURFACE_OF_LINEAR_EXTRUSION('',#2122,#2126);
#2122 = B_SPLINE_CURVE_WITH_KNOTS('',2,(#2123,#2124,#2125),
  .UNSPECIFIED.,.F.,.F.,(3,3),(0.,1.),.PIECEWISE_BEZIER_KNOTS.);
#2123 = CARTESIAN_POINT('',(10.457834394904,2.570047769534,
    6.476387333681));
#2124 = CARTESIAN_POINT('',(10.065477707006,2.444044934566,
    6.130197389819));
#2125 = CARTESIAN_POINT('',(9.532993630573,2.383686730079,5.964364585913
    ));
#2126 = VECTOR('',#2127,1.);
#2127 = DIRECTION('',(-0.,0.939692620786,-0.342020143326));
#2128 = ADVANCED_FACE('',(#2129),#2140,.T.);
#2129 = FACE_BOUND('',#2130,.T.);
#2130 = EDGE_LOOP('',(#2131,#2132,#2133,#2139));
#2131 = ORIENTED_EDGE('',*,*,#739,.T.);
#2132 = ORIENTED_EDGE('',*,*,#1968,.T.);
#2133 = ORIENTED_EDGE('',*,*,#2134,.T.);
#2134 = EDGE_CURVE('',#1961,#2108,#2135,.T.);
#2135 = LINE('',#2136,#2137);
#2136 = CARTESIAN_POINT('',(10.457834394904,0.892065364593,
    4.205212085995));
#2137 = VECTOR('',#2138,1.);
#2138 = DIRECTION('',(0.,0.342020143326,0.939692620786));
#2139 = ORIENTED_EDGE('',*,*,#2107,.F.);
#2140 = PLANE('',#2141);
#2141 = AXIS2_PLACEMENT_3D('',#2142,#2143,#2144);
#2142 = CARTESIAN_POINT('',(10.457834394904,1.643819461222,
    3.931595971335));
#2143 = DIRECTION('',(-1.,0.,0.));
#2144 = DIRECTION('',(0.,0.342020143326,0.939692620786));
#2145 = ADVANCED_FACE('',(#2146),#2171,.T.);
#2146 = FACE_BOUND('',#2147,.T.);
#2147 = EDGE_LOOP('',(#2148,#2149,#2157,#2165));
#2148 = ORIENTED_EDGE('',*,*,#817,.T.);
#2149 = ORIENTED_EDGE('',*,*,#2150,.T.);
#2150 = EDGE_CURVE('',#820,#2151,#2153,.T.);
#2151 = VERTEX_POINT('',#2152);
#2152 = CARTESIAN_POINT('',(8.553970276008,0.892065364593,4.205212085995
    ));
#2153 = LINE('',#2154,#2155);
#2154 = CARTESIAN_POINT('',(8.553970276008,1.643819461222,3.931595971335
    ));
#2155 = VECTOR('',#2156,1.);
#2156 = DIRECTION('',(0.,-0.939692620786,0.342020143326));
#2157 = ORIENTED_EDGE('',*,*,#2158,.T.);
#2158 = EDGE_CURVE('',#2151,#2159,#2161,.T.);
#2159 = VERTEX_POINT('',#2160);
#2160 = CARTESIAN_POINT('',(7.83804670913,0.892065364593,4.205212085995)
  );
#2161 = LINE('',#2162,#2163);
#2162 = CARTESIAN_POINT('',(8.553970276008,0.892065364593,4.205212085995
    ));
#2163 = VECTOR('',#2164,1.);
#2164 = DIRECTION('',(-1.,0.,0.));
#2165 = ORIENTED_EDGE('',*,*,#2166,.F.);
#2166 = EDGE_CURVE('',#818,#2159,#2167,.T.);
#2167 = LINE('',#2168,#2169);
#2168 = CARTESIAN_POINT('',(7.83804670913,1.643819461222,3.931595971335)
  );
#2169 = VECTOR('',#2170,1.);
#2170 = DIRECTION('',(0.,-0.939692620786,0.342020143326));
#2171 = PLANE('',#2172);
#2172 = AXIS2_PLACEMENT_3D('',#2173,#2174,#2175);
#2173 = CARTESIAN_POINT('',(8.553970276008,1.643819461222,3.931595971335
    ));
#2174 = DIRECTION('',(0.,-0.342020143326,-0.939692620786));
#2175 = DIRECTION('',(-1.,0.,0.));
#2176 = ADVANCED_FACE('',(#2177),#2195,.T.);
#2177 = FACE_BOUND('',#2178,.T.);
#2178 = EDGE_LOOP('',(#2179,#2180,#2188,#2194));
#2179 = ORIENTED_EDGE('',*,*,#897,.T.);
#2180 = ORIENTED_EDGE('',*,*,#2181,.T.);
#2181 = EDGE_CURVE('',#890,#2182,#2184,.T.);
#2182 = VERTEX_POINT('',#2183);
#2183 = CARTESIAN_POINT('',(8.553970276008,2.178467751651,7.73957359677)
  );
#2184 = LINE('',#2185,#2186);
#2185 = CARTESIAN_POINT('',(8.553970276008,2.93022184828,7.465957482109)
  );
#2186 = VECTOR('',#2187,1.);
#2187 = DIRECTION('',(0.,-0.939692620786,0.342020143326));
#2188 = ORIENTED_EDGE('',*,*,#2189,.T.);
#2189 = EDGE_CURVE('',#2182,#2151,#2190,.T.);
#2190 = LINE('',#2191,#2192);
#2191 = CARTESIAN_POINT('',(8.553970276008,2.178467751651,7.73957359677)
  );
#2192 = VECTOR('',#2193,1.);
#2193 = DIRECTION('',(0.,-0.342020143326,-0.939692620786));
#2194 = ORIENTED_EDGE('',*,*,#2150,.F.);
#2195 = PLANE('',#2196);
#2196 = AXIS2_PLACEMENT_3D('',#2197,#2198,#2199);
#2197 = CARTESIAN_POINT('',(8.553970276008,2.93022184828,7.465957482109)
  );
#2198 = DIRECTION('',(1.,0.,0.));
#2199 = DIRECTION('',(0.,-0.342020143326,-0.939692620786));
#2200 = ADVANCED_FACE('',(#2201),#2219,.T.);
#2201 = FACE_BOUND('',#2202,.T.);
#2202 = EDGE_LOOP('',(#2203,#2204,#2212,#2218));
#2203 = ORIENTED_EDGE('',*,*,#889,.T.);
#2204 = ORIENTED_EDGE('',*,*,#2205,.T.);
#2205 = EDGE_CURVE('',#871,#2206,#2208,.T.);
#2206 = VERTEX_POINT('',#2207);
#2207 = CARTESIAN_POINT('',(7.973078556263,2.178467751651,7.73957359677)
  );
#2208 = LINE('',#2209,#2210);
#2209 = CARTESIAN_POINT('',(7.973078556263,2.93022184828,7.465957482109)
  );
#2210 = VECTOR('',#2211,1.);
#2211 = DIRECTION('',(0.,-0.939692620786,0.342020143326));
#2212 = ORIENTED_EDGE('',*,*,#2213,.T.);
#2213 = EDGE_CURVE('',#2206,#2182,#2214,.T.);
#2214 = LINE('',#2215,#2216);
#2215 = CARTESIAN_POINT('',(7.973078556263,2.178467751651,7.73957359677)
  );
#2216 = VECTOR('',#2217,1.);
#2217 = DIRECTION('',(1.,0.,0.));
#2218 = ORIENTED_EDGE('',*,*,#2181,.F.);
#2219 = PLANE('',#2220);
#2220 = AXIS2_PLACEMENT_3D('',#2221,#2222,#2223);
#2221 = CARTESIAN_POINT('',(7.973078556263,2.93022184828,7.465957482109)
  );
#2222 = DIRECTION('',(0.,0.342020143326,0.939692620786));
#2223 = DIRECTION('',(1.,0.,0.));
#2224 = ADVANCED_FACE('',(#2225),#2243,.T.);
#2225 = FACE_BOUND('',#2226,.T.);
#2226 = EDGE_LOOP('',(#2227,#2228,#2236,#2242));
#2227 = ORIENTED_EDGE('',*,*,#870,.T.);
#2228 = ORIENTED_EDGE('',*,*,#2229,.T.);
#2229 = EDGE_CURVE('',#859,#2230,#2232,.T.);
#2230 = VERTEX_POINT('',#2231);
#2231 = CARTESIAN_POINT('',(7.522123142251,1.973981823073,7.177753125404
    ));
#2232 = LINE('',#2233,#2234);
#2233 = CARTESIAN_POINT('',(7.522123142251,2.725735919701,6.904137010743
    ));
#2234 = VECTOR('',#2235,1.);
#2235 = DIRECTION('',(0.,-0.939692620786,0.342020143326));
#2236 = ORIENTED_EDGE('',*,*,#2237,.T.);
#2237 = EDGE_CURVE('',#2230,#2206,#2238,.T.);
#2238 = B_SPLINE_CURVE_WITH_KNOTS('',2,(#2239,#2240,#2241),
  .UNSPECIFIED.,.F.,.F.,(3,3),(0.,1.),.PIECEWISE_BEZIER_KNOTS.);
#2239 = CARTESIAN_POINT('',(7.522123142251,1.973981823073,7.177753125404
    ));
#2240 = CARTESIAN_POINT('',(7.850785562633,2.061643546432,7.418601730884
    ));
#2241 = CARTESIAN_POINT('',(7.973078556263,2.178467751651,7.73957359677)
  );
#2242 = ORIENTED_EDGE('',*,*,#2205,.F.);
#2243 = SURFACE_OF_LINEAR_EXTRUSION('',#2244,#2248);
#2244 = B_SPLINE_CURVE_WITH_KNOTS('',2,(#2245,#2246,#2247),
  .UNSPECIFIED.,.F.,.F.,(3,3),(0.,1.),.PIECEWISE_BEZIER_KNOTS.);
#2245 = CARTESIAN_POINT('',(7.522123142251,2.725735919701,6.904137010743
    ));
#2246 = CARTESIAN_POINT('',(7.850785562633,2.813397643061,7.144985616224
    ));
#2247 = CARTESIAN_POINT('',(7.973078556263,2.93022184828,7.465957482109)
  );
#2248 = VECTOR('',#2249,1.);
#2249 = DIRECTION('',(-0.,0.939692620786,-0.342020143326));
#2250 = ADVANCED_FACE('',(#2251),#2269,.T.);
#2251 = FACE_BOUND('',#2252,.T.);
#2252 = EDGE_LOOP('',(#2253,#2254,#2262,#2268));
#2253 = ORIENTED_EDGE('',*,*,#858,.T.);
#2254 = ORIENTED_EDGE('',*,*,#2255,.T.);
#2255 = EDGE_CURVE('',#851,#2256,#2258,.T.);
#2256 = VERTEX_POINT('',#2257);
#2257 = CARTESIAN_POINT('',(6.913205944798,1.8550081919,6.850875760245)
  );
#2258 = LINE('',#2259,#2260);
#2259 = CARTESIAN_POINT('',(6.913205944798,2.606762288528,6.577259645585
    ));
#2260 = VECTOR('',#2261,1.);
#2261 = DIRECTION('',(0.,-0.939692620786,0.342020143326));
#2262 = ORIENTED_EDGE('',*,*,#2263,.T.);
#2263 = EDGE_CURVE('',#2256,#2230,#2264,.T.);
#2264 = B_SPLINE_CURVE_WITH_KNOTS('',2,(#2265,#2266,#2267),
  .UNSPECIFIED.,.F.,.F.,(3,3),(0.,1.),.PIECEWISE_BEZIER_KNOTS.);
#2265 = CARTESIAN_POINT('',(6.913205944798,1.8550081919,6.850875760245)
  );
#2266 = CARTESIAN_POINT('',(7.193460721868,1.886378192307,6.937064128012
    ));
#2267 = CARTESIAN_POINT('',(7.522123142251,1.973981823073,7.177753125404
    ));
#2268 = ORIENTED_EDGE('',*,*,#2229,.F.);
#2269 = SURFACE_OF_LINEAR_EXTRUSION('',#2270,#2274);
#2270 = B_SPLINE_CURVE_WITH_KNOTS('',2,(#2271,#2272,#2273),
  .UNSPECIFIED.,.F.,.F.,(3,3),(0.,1.),.PIECEWISE_BEZIER_KNOTS.);
#2271 = CARTESIAN_POINT('',(6.913205944798,2.606762288528,6.577259645585
    ));
#2272 = CARTESIAN_POINT('',(7.193460721868,2.638132288935,6.663448013351
    ));
#2273 = CARTESIAN_POINT('',(7.522123142251,2.725735919701,6.904137010743
    ));
#2274 = VECTOR('',#2275,1.);
#2275 = DIRECTION('',(-0.,0.939692620786,-0.342020143326));
#2276 = ADVANCED_FACE('',(#2277),#2295,.T.);
#2277 = FACE_BOUND('',#2278,.T.);
#2278 = EDGE_LOOP('',(#2279,#2280,#2288,#2294));
#2279 = ORIENTED_EDGE('',*,*,#850,.T.);
#2280 = ORIENTED_EDGE('',*,*,#2281,.T.);
#2281 = EDGE_CURVE('',#836,#2282,#2284,.T.);
#2282 = VERTEX_POINT('',#2283);
#2283 = CARTESIAN_POINT('',(6.913205944798,1.63193263345,6.237980700574)
  );
#2284 = LINE('',#2285,#2286);
#2285 = CARTESIAN_POINT('',(6.913205944798,2.383686730079,5.964364585913
    ));
#2286 = VECTOR('',#2287,1.);
#2287 = DIRECTION('',(0.,-0.939692620786,0.342020143326));
#2288 = ORIENTED_EDGE('',*,*,#2289,.T.);
#2289 = EDGE_CURVE('',#2282,#2256,#2290,.T.);
#2290 = LINE('',#2291,#2292);
#2291 = CARTESIAN_POINT('',(6.913205944798,1.63193263345,6.237980700574)
  );
#2292 = VECTOR('',#2293,1.);
#2293 = DIRECTION('',(0.,0.342020143326,0.939692620786));
#2294 = ORIENTED_EDGE('',*,*,#2255,.F.);
#2295 = PLANE('',#2296);
#2296 = AXIS2_PLACEMENT_3D('',#2297,#2298,#2299);
#2297 = CARTESIAN_POINT('',(6.913205944798,2.383686730079,5.964364585913
    ));
#2298 = DIRECTION('',(-1.,0.,0.));
#2299 = DIRECTION('',(0.,0.342020143326,0.939692620786));
#2300 = ADVANCED_FACE('',(#2301),#2319,.T.);
#2301 = FACE_BOUND('',#2302,.T.);
#2302 = EDGE_LOOP('',(#2303,#2304,#2312,#2318));
#2303 = ORIENTED_EDGE('',*,*,#835,.T.);
#2304 = ORIENTED_EDGE('',*,*,#2305,.T.);
#2305 = EDGE_CURVE('',#828,#2306,#2308,.T.);
#2306 = VERTEX_POINT('',#2307);
#2307 = CARTESIAN_POINT('',(7.83804670913,1.818293672905,6.750003448341)
  );
#2308 = LINE('',#2309,#2310);
#2309 = CARTESIAN_POINT('',(7.83804670913,2.570047769534,6.476387333681)
  );
#2310 = VECTOR('',#2311,1.);
#2311 = DIRECTION('',(0.,-0.939692620786,0.342020143326));
#2312 = ORIENTED_EDGE('',*,*,#2313,.T.);
#2313 = EDGE_CURVE('',#2306,#2282,#2314,.T.);
#2314 = B_SPLINE_CURVE_WITH_KNOTS('',2,(#2315,#2316,#2317),
  .UNSPECIFIED.,.F.,.F.,(3,3),(0.,1.),.PIECEWISE_BEZIER_KNOTS.);
#2315 = CARTESIAN_POINT('',(7.83804670913,1.818293672905,6.750003448341)
  );
#2316 = CARTESIAN_POINT('',(7.445690021231,1.692290837937,6.40381350448)
  );
#2317 = CARTESIAN_POINT('',(6.913205944798,1.63193263345,6.237980700574)
  );
#2318 = ORIENTED_EDGE('',*,*,#2281,.F.);
#2319 = SURFACE_OF_LINEAR_EXTRUSION('',#2320,#2324);
#2320 = B_SPLINE_CURVE_WITH_KNOTS('',2,(#2321,#2322,#2323),
  .UNSPECIFIED.,.F.,.F.,(3,3),(0.,1.),.PIECEWISE_BEZIER_KNOTS.);
#2321 = CARTESIAN_POINT('',(7.83804670913,2.570047769534,6.476387333681)
  );
#2322 = CARTESIAN_POINT('',(7.445690021231,2.444044934566,6.130197389819
    ));
#2323 = CARTESIAN_POINT('',(6.913205944798,2.383686730079,5.964364585913
    ));
#2324 = VECTOR('',#2325,1.);
#2325 = DIRECTION('',(-0.,0.939692620786,-0.342020143326));
#2326 = ADVANCED_FACE('',(#2327),#2338,.T.);
#2327 = FACE_BOUND('',#2328,.T.);
#2328 = EDGE_LOOP('',(#2329,#2330,#2331,#2337));
#2329 = ORIENTED_EDGE('',*,*,#827,.T.);
#2330 = ORIENTED_EDGE('',*,*,#2166,.T.);
#2331 = ORIENTED_EDGE('',*,*,#2332,.T.);
#2332 = EDGE_CURVE('',#2159,#2306,#2333,.T.);
#2333 = LINE('',#2334,#2335);
#2334 = CARTESIAN_POINT('',(7.83804670913,0.892065364593,4.205212085995)
  );
#2335 = VECTOR('',#2336,1.);
#2336 = DIRECTION('',(0.,0.342020143326,0.939692620786));
#2337 = ORIENTED_EDGE('',*,*,#2305,.F.);
#2338 = PLANE('',#2339);
#2339 = AXIS2_PLACEMENT_3D('',#2340,#2341,#2342);
#2340 = CARTESIAN_POINT('',(7.83804670913,1.643819461222,3.931595971335)
  );
#2341 = DIRECTION('',(-1.,0.,0.));
#2342 = DIRECTION('',(0.,0.342020143326,0.939692620786));
#2343 = ADVANCED_FACE('',(#2344),#2369,.F.);
#2344 = FACE_BOUND('',#2345,.F.);
#2345 = EDGE_LOOP('',(#2346,#2354,#2362,#2368));
#2346 = ORIENTED_EDGE('',*,*,#2347,.F.);
#2347 = EDGE_CURVE('',#2348,#284,#2350,.T.);
#2348 = VERTEX_POINT('',#2349);
#2349 = CARTESIAN_POINT('',(30.,12.6,0.));
#2350 = LINE('',#2351,#2352);
#2351 = CARTESIAN_POINT('',(30.,12.6,0.));
#2352 = VECTOR('',#2353,1.);
#2353 = DIRECTION('',(-0.971520338783,-0.236956180191,0.));
#2354 = ORIENTED_EDGE('',*,*,#2355,.T.);
#2355 = EDGE_CURVE('',#2348,#2356,#2358,.T.);
#2356 = VERTEX_POINT('',#2357);
#2357 = CARTESIAN_POINT('',(30.,12.6,10.));
#2358 = LINE('',#2359,#2360);
#2359 = CARTESIAN_POINT('',(30.,12.6,0.));
#2360 = VECTOR('',#2361,1.);
#2361 = DIRECTION('',(0.,0.,1.));
#2362 = ORIENTED_EDGE('',*,*,#2363,.T.);
#2363 = EDGE_CURVE('',#2356,#95,#2364,.T.);
#2364 = LINE('',#2365,#2366);
#2365 = CARTESIAN_POINT('',(30.,12.6,10.));
#2366 = VECTOR('',#2367,1.);
#2367 = DIRECTION('',(-0.971520338783,-0.236956180191,0.));
#2368 = ORIENTED_EDGE('',*,*,#980,.T.);
#2369 = PLANE('',#2370);
#2370 = AXIS2_PLACEMENT_3D('',#2371,#2372,#2373);
#2371 = CARTESIAN_POINT('',(30.,12.6,0.));
#2372 = DIRECTION('',(0.236956180191,-0.971520338783,0.));
#2373 = DIRECTION('',(-0.971520338783,-0.236956180191,0.));
#2374 = ADVANCED_FACE('',(#2375),#2393,.T.);
#2375 = FACE_BOUND('',#2376,.T.);
#2376 = EDGE_LOOP('',(#2377,#2378,#2386,#2392));
#2377 = ORIENTED_EDGE('',*,*,#997,.F.);
#2378 = ORIENTED_EDGE('',*,*,#2379,.T.);
#2379 = EDGE_CURVE('',#71,#2380,#2382,.T.);
#2380 = VERTEX_POINT('',#2381);
#2381 = CARTESIAN_POINT('',(30.,6.6,10.));
#2382 = LINE('',#2383,#2384);
#2383 = CARTESIAN_POINT('',(25.9,7.6,10.));
#2384 = VECTOR('',#2385,1.);
#2385 = DIRECTION('',(0.971520338783,-0.236956180191,0.));
#2386 = ORIENTED_EDGE('',*,*,#2387,.T.);
#2387 = EDGE_CURVE('',#2380,#2356,#2388,.T.);
#2388 = LINE('',#2389,#2390);
#2389 = CARTESIAN_POINT('',(30.,6.6,10.));
#2390 = VECTOR('',#2391,1.);
#2391 = DIRECTION('',(0.,1.,0.));
#2392 = ORIENTED_EDGE('',*,*,#2363,.T.);
#2393 = PLANE('',#2394);
#2394 = AXIS2_PLACEMENT_3D('',#2395,#2396,#2397);
#2395 = CARTESIAN_POINT('',(28.172338161771,9.6,10.));
#2396 = DIRECTION('',(0.,0.,1.));
#2397 = DIRECTION('',(1.,0.,0.));
#2398 = ADVANCED_FACE('',(#2399),#2417,.F.);
#2399 = FACE_BOUND('',#2400,.F.);
#2400 = EDGE_LOOP('',(#2401,#2409,#2410,#2411));
#2401 = ORIENTED_EDGE('',*,*,#2402,.F.);
#2402 = EDGE_CURVE('',#260,#2403,#2405,.T.);
#2403 = VERTEX_POINT('',#2404);
#2404 = CARTESIAN_POINT('',(30.,6.6,0.));
#2405 = LINE('',#2406,#2407);
#2406 = CARTESIAN_POINT('',(25.9,7.6,0.));
#2407 = VECTOR('',#2408,1.);
#2408 = DIRECTION('',(0.971520338783,-0.236956180191,0.));
#2409 = ORIENTED_EDGE('',*,*,#1016,.T.);
#2410 = ORIENTED_EDGE('',*,*,#2379,.T.);
#2411 = ORIENTED_EDGE('',*,*,#2412,.F.);
#2412 = EDGE_CURVE('',#2403,#2380,#2413,.T.);
#2413 = LINE('',#2414,#2415);
#2414 = CARTESIAN_POINT('',(30.,6.6,0.));
#2415 = VECTOR('',#2416,1.);
#2416 = DIRECTION('',(0.,0.,1.));
#2417 = PLANE('',#2418);
#2418 = AXIS2_PLACEMENT_3D('',#2419,#2420,#2421);
#2419 = CARTESIAN_POINT('',(25.9,7.6,0.));
#2420 = DIRECTION('',(0.236956180191,0.971520338783,0.));
#2421 = DIRECTION('',(0.971520338783,-0.236956180191,0.));
#2422 = ADVANCED_FACE('',(#2423),#2449,.T.);
#2423 = FACE_BOUND('',#2424,.T.);
#2424 = EDGE_LOOP('',(#2425,#2433,#2434,#2442));
#2425 = ORIENTED_EDGE('',*,*,#2426,.F.);
#2426 = EDGE_CURVE('',#1031,#2427,#2429,.T.);
#2427 = VERTEX_POINT('',#2428);
#2428 = CARTESIAN_POINT('',(8.1,24.84,21.));
#2429 = LINE('',#2430,#2431);
#2430 = CARTESIAN_POINT('',(8.1,25.09,20.75));
#2431 = VECTOR('',#2432,1.);
#2432 = DIRECTION('',(-2.90882763039E-35,-0.707106781187,0.707106781187)
  );
#2433 = ORIENTED_EDGE('',*,*,#1047,.T.);
#2434 = ORIENTED_EDGE('',*,*,#2435,.T.);
#2435 = EDGE_CURVE('',#1040,#2436,#2438,.T.);
#2436 = VERTEX_POINT('',#2437);
#2437 = CARTESIAN_POINT('',(8.,24.74,21.));
#2438 = LINE('',#2439,#2440);
#2439 = CARTESIAN_POINT('',(7.5,24.74,20.5));
#2440 = VECTOR('',#2441,1.);
#2441 = DIRECTION('',(0.707106781187,-4.329780281177E-17,0.707106781187)
  );
#2442 = ORIENTED_EDGE('',*,*,#2443,.F.);
#2443 = EDGE_CURVE('',#2427,#2436,#2444,.T.);
#2444 = CIRCLE('',#2445,1.E-01);
#2445 = AXIS2_PLACEMENT_3D('',#2446,#2447,#2448);
#2446 = CARTESIAN_POINT('',(8.1,24.74,21.));
#2447 = DIRECTION('',(0.,-0.,1.));
#2448 = DIRECTION('',(0.,1.,0.));
#2449 = CONICAL_SURFACE('',#2450,0.6,0.785398163397);
#2450 = AXIS2_PLACEMENT_3D('',#2451,#2452,#2453);
#2451 = CARTESIAN_POINT('',(8.1,24.74,20.5));
#2452 = DIRECTION('',(-0.,-0.,-1.));
#2453 = DIRECTION('',(0.,1.,0.));
#2454 = ADVANCED_FACE('',(#2455),#2473,.F.);
#2455 = FACE_BOUND('',#2456,.T.);
#2456 = EDGE_LOOP('',(#2457,#2465,#2466,#2467));
#2457 = ORIENTED_EDGE('',*,*,#2458,.F.);
#2458 = EDGE_CURVE('',#1064,#2459,#2461,.T.);
#2459 = VERTEX_POINT('',#2460);
#2460 = CARTESIAN_POINT('',(17.9,24.84,21.));
#2461 = LINE('',#2462,#2463);
#2462 = CARTESIAN_POINT('',(17.9,25.09,20.75));
#2463 = VECTOR('',#2464,1.);
#2464 = DIRECTION('',(-2.90882763039E-35,-0.707106781187,0.707106781187)
  );
#2465 = ORIENTED_EDGE('',*,*,#1071,.T.);
#2466 = ORIENTED_EDGE('',*,*,#2426,.T.);
#2467 = ORIENTED_EDGE('',*,*,#2468,.F.);
#2468 = EDGE_CURVE('',#2459,#2427,#2469,.T.);
#2469 = LINE('',#2470,#2471);
#2470 = CARTESIAN_POINT('',(17.9,24.84,21.));
#2471 = VECTOR('',#2472,1.);
#2472 = DIRECTION('',(-1.,0.,0.));
#2473 = PLANE('',#2474);
#2474 = AXIS2_PLACEMENT_3D('',#2475,#2476,#2477);
#2475 = CARTESIAN_POINT('',(17.9,25.09,20.75));
#2476 = DIRECTION('',(-1.889513820523E-18,-0.707106781187,
    -0.707106781187));
#2477 = DIRECTION('',(1.,-1.336088035637E-18,-1.336088035637E-18));
#2478 = ADVANCED_FACE('',(#2479),#2497,.F.);
#2479 = FACE_BOUND('',#2480,.T.);
#2480 = EDGE_LOOP('',(#2481,#2482,#2483,#2491));
#2481 = ORIENTED_EDGE('',*,*,#2435,.F.);
#2482 = ORIENTED_EDGE('',*,*,#1088,.T.);
#2483 = ORIENTED_EDGE('',*,*,#2484,.T.);
#2484 = EDGE_CURVE('',#1089,#2485,#2487,.T.);
#2485 = VERTEX_POINT('',#2486);
#2486 = CARTESIAN_POINT('',(8.,14.94,21.));
#2487 = LINE('',#2488,#2489);
#2488 = CARTESIAN_POINT('',(7.75,14.94,20.75));
#2489 = VECTOR('',#2490,1.);
#2490 = DIRECTION('',(0.707106781187,-2.90882763039E-35,0.707106781187)
  );
#2491 = ORIENTED_EDGE('',*,*,#2492,.F.);
#2492 = EDGE_CURVE('',#2436,#2485,#2493,.T.);
#2493 = LINE('',#2494,#2495);
#2494 = CARTESIAN_POINT('',(8.,24.74,21.));
#2495 = VECTOR('',#2496,1.);
#2496 = DIRECTION('',(0.,-1.,0.));
#2497 = PLANE('',#2498);
#2498 = AXIS2_PLACEMENT_3D('',#2499,#2500,#2501);
#2499 = CARTESIAN_POINT('',(7.75,24.74,20.75));
#2500 = DIRECTION('',(0.707106781187,1.889513820523E-18,-0.707106781187)
  );
#2501 = DIRECTION('',(-1.336088035637E-18,1.,1.336088035637E-18));
#2502 = ADVANCED_FACE('',(#2503),#2522,.T.);
#2503 = FACE_BOUND('',#2504,.T.);
#2504 = EDGE_LOOP('',(#2505,#2513,#2514,#2515));
#2505 = ORIENTED_EDGE('',*,*,#2506,.F.);
#2506 = EDGE_CURVE('',#1113,#2507,#2509,.T.);
#2507 = VERTEX_POINT('',#2508);
#2508 = CARTESIAN_POINT('',(18.,24.74,21.));
#2509 = LINE('',#2510,#2511);
#2510 = CARTESIAN_POINT('',(18.25,24.74,20.75));
#2511 = VECTOR('',#2512,1.);
#2512 = DIRECTION('',(-0.707106781187,5.615430530155E-36,0.707106781187)
  );
#2513 = ORIENTED_EDGE('',*,*,#1120,.T.);
#2514 = ORIENTED_EDGE('',*,*,#2458,.T.);
#2515 = ORIENTED_EDGE('',*,*,#2516,.F.);
#2516 = EDGE_CURVE('',#2507,#2459,#2517,.T.);
#2517 = CIRCLE('',#2518,1.E-01);
#2518 = AXIS2_PLACEMENT_3D('',#2519,#2520,#2521);
#2519 = CARTESIAN_POINT('',(17.9,24.74,21.));
#2520 = DIRECTION('',(0.,0.,1.));
#2521 = DIRECTION('',(1.,0.,0.));
#2522 = CONICAL_SURFACE('',#2523,0.6,0.785398163397);
#2523 = AXIS2_PLACEMENT_3D('',#2524,#2525,#2526);
#2524 = CARTESIAN_POINT('',(17.9,24.74,20.5));
#2525 = DIRECTION('',(-0.,-0.,-1.));
#2526 = DIRECTION('',(1.,0.,0.));
#2527 = ADVANCED_FACE('',(#2528),#2547,.T.);
#2528 = FACE_BOUND('',#2529,.T.);
#2529 = EDGE_LOOP('',(#2530,#2531,#2532,#2540));
#2530 = ORIENTED_EDGE('',*,*,#2484,.F.);
#2531 = ORIENTED_EDGE('',*,*,#1145,.T.);
#2532 = ORIENTED_EDGE('',*,*,#2533,.T.);
#2533 = EDGE_CURVE('',#1138,#2534,#2536,.T.);
#2534 = VERTEX_POINT('',#2535);
#2535 = CARTESIAN_POINT('',(8.1,14.84,21.));
#2536 = LINE('',#2537,#2538);
#2537 = CARTESIAN_POINT('',(8.1,14.34,20.5));
#2538 = VECTOR('',#2539,1.);
#2539 = DIRECTION('',(4.329780281177E-17,0.707106781187,0.707106781187)
  );
#2540 = ORIENTED_EDGE('',*,*,#2541,.F.);
#2541 = EDGE_CURVE('',#2485,#2534,#2542,.T.);
#2542 = CIRCLE('',#2543,1.E-01);
#2543 = AXIS2_PLACEMENT_3D('',#2544,#2545,#2546);
#2544 = CARTESIAN_POINT('',(8.1,14.94,21.));
#2545 = DIRECTION('',(0.,0.,1.));
#2546 = DIRECTION('',(-1.,0.,0.));
#2547 = CONICAL_SURFACE('',#2548,0.6,0.785398163397);
#2548 = AXIS2_PLACEMENT_3D('',#2549,#2550,#2551);
#2549 = CARTESIAN_POINT('',(8.1,14.94,20.5));
#2550 = DIRECTION('',(-0.,-0.,-1.));
#2551 = DIRECTION('',(-1.,0.,0.));
#2552 = ADVANCED_FACE('',(#2553),#2571,.F.);
#2553 = FACE_BOUND('',#2554,.T.);
#2554 = EDGE_LOOP('',(#2555,#2563,#2564,#2565));
#2555 = ORIENTED_EDGE('',*,*,#2556,.F.);
#2556 = EDGE_CURVE('',#1162,#2557,#2559,.T.);
#2557 = VERTEX_POINT('',#2558);
#2558 = CARTESIAN_POINT('',(18.,14.94,21.));
#2559 = LINE('',#2560,#2561);
#2560 = CARTESIAN_POINT('',(18.5,14.94,20.5));
#2561 = VECTOR('',#2562,1.);
#2562 = DIRECTION('',(-0.707106781187,4.329780281177E-17,0.707106781187)
  );
#2563 = ORIENTED_EDGE('',*,*,#1169,.T.);
#2564 = ORIENTED_EDGE('',*,*,#2506,.T.);
#2565 = ORIENTED_EDGE('',*,*,#2566,.F.);
#2566 = EDGE_CURVE('',#2557,#2507,#2567,.T.);
#2567 = LINE('',#2568,#2569);
#2568 = CARTESIAN_POINT('',(18.,14.94,21.));
#2569 = VECTOR('',#2570,1.);
#2570 = DIRECTION('',(0.,1.,0.));
#2571 = PLANE('',#2572);
#2572 = AXIS2_PLACEMENT_3D('',#2573,#2574,#2575);
#2573 = CARTESIAN_POINT('',(18.25,14.94,20.75));
#2574 = DIRECTION('',(-0.707106781187,1.479157021432E-19,-0.707106781187
    ));
#2575 = DIRECTION('',(-1.045921960294E-19,-1.,-1.045921960294E-19));
#2576 = ADVANCED_FACE('',(#2577),#2595,.F.);
#2577 = FACE_BOUND('',#2578,.T.);
#2578 = EDGE_LOOP('',(#2579,#2580,#2581,#2589));
#2579 = ORIENTED_EDGE('',*,*,#2533,.F.);
#2580 = ORIENTED_EDGE('',*,*,#1186,.T.);
#2581 = ORIENTED_EDGE('',*,*,#2582,.T.);
#2582 = EDGE_CURVE('',#1187,#2583,#2585,.T.);
#2583 = VERTEX_POINT('',#2584);
#2584 = CARTESIAN_POINT('',(17.9,14.84,21.));
#2585 = LINE('',#2586,#2587);
#2586 = CARTESIAN_POINT('',(17.9,14.59,20.75));
#2587 = VECTOR('',#2588,1.);
#2588 = DIRECTION('',(2.26130160805E-35,0.707106781187,0.707106781187));
#2589 = ORIENTED_EDGE('',*,*,#2590,.F.);
#2590 = EDGE_CURVE('',#2534,#2583,#2591,.T.);
#2591 = LINE('',#2592,#2593);
#2592 = CARTESIAN_POINT('',(8.1,14.84,21.));
#2593 = VECTOR('',#2594,1.);
#2594 = DIRECTION('',(1.,0.,0.));
#2595 = PLANE('',#2596);
#2596 = AXIS2_PLACEMENT_3D('',#2597,#2598,#2599);
#2597 = CARTESIAN_POINT('',(8.1,14.59,20.75));
#2598 = DIRECTION('',(-3.029276165476E-18,0.707106781187,-0.707106781187
    ));
#2599 = DIRECTION('',(-1.,-2.142021718695E-18,2.142021718695E-18));
#2600 = ADVANCED_FACE('',(#2601),#2613,.T.);
#2601 = FACE_BOUND('',#2602,.T.);
#2602 = EDGE_LOOP('',(#2603,#2604,#2605,#2606));
#2603 = ORIENTED_EDGE('',*,*,#2582,.F.);
#2604 = ORIENTED_EDGE('',*,*,#1211,.T.);
#2605 = ORIENTED_EDGE('',*,*,#2556,.T.);
#2606 = ORIENTED_EDGE('',*,*,#2607,.F.);
#2607 = EDGE_CURVE('',#2583,#2557,#2608,.T.);
#2608 = CIRCLE('',#2609,1.E-01);
#2609 = AXIS2_PLACEMENT_3D('',#2610,#2611,#2612);
#2610 = CARTESIAN_POINT('',(17.9,14.94,21.));
#2611 = DIRECTION('',(-0.,0.,1.));
#2612 = DIRECTION('',(0.,-1.,0.));
#2613 = CONICAL_SURFACE('',#2614,0.6,0.785398163397);
#2614 = AXIS2_PLACEMENT_3D('',#2615,#2616,#2617);
#2615 = CARTESIAN_POINT('',(17.9,14.94,20.5));
#2616 = DIRECTION('',(-0.,-0.,-1.));
#2617 = DIRECTION('',(0.,-1.,0.));
#2618 = ADVANCED_FACE('',(#2619),#2630,.F.);
#2619 = FACE_BOUND('',#2620,.F.);
#2620 = EDGE_LOOP('',(#2621,#2622,#2623,#2629));
#2621 = ORIENTED_EDGE('',*,*,#1227,.F.);
#2622 = ORIENTED_EDGE('',*,*,#2402,.T.);
#2623 = ORIENTED_EDGE('',*,*,#2624,.T.);
#2624 = EDGE_CURVE('',#2403,#2348,#2625,.T.);
#2625 = LINE('',#2626,#2627);
#2626 = CARTESIAN_POINT('',(30.,6.6,0.));
#2627 = VECTOR('',#2628,1.);
#2628 = DIRECTION('',(0.,1.,0.));
#2629 = ORIENTED_EDGE('',*,*,#2347,.T.);
#2630 = PLANE('',#2631);
#2631 = AXIS2_PLACEMENT_3D('',#2632,#2633,#2634);
#2632 = CARTESIAN_POINT('',(28.172338161771,9.6,0.));
#2633 = DIRECTION('',(0.,0.,1.));
#2634 = DIRECTION('',(1.,0.,0.));
#2635 = ADVANCED_FACE('',(#2636,#2654),#2720,.T.);
#2636 = FACE_BOUND('',#2637,.T.);
#2637 = EDGE_LOOP('',(#2638,#2639,#2640,#2641,#2642,#2643,#2644,#2645,
    #2646,#2647,#2648,#2649,#2650,#2651,#2652,#2653));
#2638 = ORIENTED_EDGE('',*,*,#1252,.F.);
#2639 = ORIENTED_EDGE('',*,*,#1283,.F.);
#2640 = ORIENTED_EDGE('',*,*,#1309,.F.);
#2641 = ORIENTED_EDGE('',*,*,#1335,.F.);
#2642 = ORIENTED_EDGE('',*,*,#1361,.F.);
#2643 = ORIENTED_EDGE('',*,*,#1387,.F.);
#2644 = ORIENTED_EDGE('',*,*,#1413,.F.);
#2645 = ORIENTED_EDGE('',*,*,#1439,.F.);
#2646 = ORIENTED_EDGE('',*,*,#1465,.F.);
#2647 = ORIENTED_EDGE('',*,*,#1491,.F.);
#2648 = ORIENTED_EDGE('',*,*,#1517,.F.);
#2649 = ORIENTED_EDGE('',*,*,#1543,.F.);
#2650 = ORIENTED_EDGE('',*,*,#1569,.F.);
#2651 = ORIENTED_EDGE('',*,*,#1595,.F.);
#2652 = ORIENTED_EDGE('',*,*,#1621,.F.);
#2653 = ORIENTED_EDGE('',*,*,#1640,.F.);
#2654 = FACE_BOUND('',#2655,.T.);
#2655 = EDGE_LOOP('',(#2656,#2666,#2674,#2682,#2690,#2698,#2706,#2714));
#2656 = ORIENTED_EDGE('',*,*,#2657,.F.);
#2657 = EDGE_CURVE('',#2658,#2660,#2662,.T.);
#2658 = VERTEX_POINT('',#2659);
#2659 = CARTESIAN_POINT('',(17.395074309979,1.321776277575,
    5.385833116306));
#2660 = VERTEX_POINT('',#2661);
#2661 = CARTESIAN_POINT('',(17.555583864119,1.138726515941,4.88290802958
    ));
#2662 = B_SPLINE_CURVE_WITH_KNOTS('',2,(#2663,#2664,#2665),
  .UNSPECIFIED.,.F.,.F.,(3,3),(0.,1.),.PIECEWISE_BEZIER_KNOTS.);
#2663 = CARTESIAN_POINT('',(17.395074309979,1.321776277575,
    5.385833116306));
#2664 = CARTESIAN_POINT('',(17.395074309979,1.203209294555,
    5.060073007767));
#2665 = CARTESIAN_POINT('',(17.555583864119,1.138726515941,4.88290802958
    ));
#2666 = ORIENTED_EDGE('',*,*,#2667,.F.);
#2667 = EDGE_CURVE('',#2668,#2658,#2670,.T.);
#2668 = VERTEX_POINT('',#2669);
#2669 = CARTESIAN_POINT('',(17.537749469214,1.484028890791,
    5.831618507364));
#2670 = B_SPLINE_CURVE_WITH_KNOTS('',2,(#2671,#2672,#2673),
  .UNSPECIFIED.,.F.,.F.,(3,3),(0.,1.),.PIECEWISE_BEZIER_KNOTS.);
#2671 = CARTESIAN_POINT('',(17.537749469214,1.484028890791,
    5.831618507364));
#2672 = CARTESIAN_POINT('',(17.395074309979,1.429073297485,
    5.680629255685));
#2673 = CARTESIAN_POINT('',(17.395074309979,1.321776277575,
    5.385833116306));
#2674 = ORIENTED_EDGE('',*,*,#2675,.F.);
#2675 = EDGE_CURVE('',#2676,#2668,#2678,.T.);
#2676 = VERTEX_POINT('',#2677);
#2677 = CARTESIAN_POINT('',(17.886794055202,1.538984484096,
    5.982607759044));
#2678 = B_SPLINE_CURVE_WITH_KNOTS('',2,(#2679,#2680,#2681),
  .UNSPECIFIED.,.F.,.F.,(3,3),(0.,1.),.PIECEWISE_BEZIER_KNOTS.);
#2679 = CARTESIAN_POINT('',(17.886794055202,1.538984484096,
    5.982607759044));
#2680 = CARTESIAN_POINT('',(17.68042462845,1.538984484096,5.982607759044
    ));
#2681 = CARTESIAN_POINT('',(17.537749469214,1.484028890791,
    5.831618507364));
#2682 = ORIENTED_EDGE('',*,*,#2683,.F.);
#2683 = EDGE_CURVE('',#2684,#2676,#2686,.T.);
#2684 = VERTEX_POINT('',#2685);
#2685 = CARTESIAN_POINT('',(18.243481953291,1.48141472409,5.824436143384
    ));
#2686 = B_SPLINE_CURVE_WITH_KNOTS('',2,(#2687,#2688,#2689),
  .UNSPECIFIED.,.F.,.F.,(3,3),(0.,1.),.PIECEWISE_BEZIER_KNOTS.);
#2687 = CARTESIAN_POINT('',(18.243481953291,1.48141472409,5.824436143384
    ));
#2688 = CARTESIAN_POINT('',(18.100806794055,1.538984484096,
    5.982607759044));
#2689 = CARTESIAN_POINT('',(17.886794055202,1.538984484096,
    5.982607759044));
#2690 = ORIENTED_EDGE('',*,*,#2691,.F.);
#2691 = EDGE_CURVE('',#2692,#2684,#2694,.T.);
#2692 = VERTEX_POINT('',#2693);
#2693 = CARTESIAN_POINT('',(18.386157112527,1.300107740257,
    5.326299299312));
#2694 = B_SPLINE_CURVE_WITH_KNOTS('',2,(#2695,#2696,#2697),
  .UNSPECIFIED.,.F.,.F.,(3,3),(0.,1.),.PIECEWISE_BEZIER_KNOTS.);
#2695 = CARTESIAN_POINT('',(18.386157112527,1.300107740257,
    5.326299299312));
#2696 = CARTESIAN_POINT('',(18.386157112527,1.423903056678,
    5.666424135812));
#2697 = CARTESIAN_POINT('',(18.243481953291,1.48141472409,5.824436143384
    ));
#2698 = ORIENTED_EDGE('',*,*,#2699,.F.);
#2699 = EDGE_CURVE('',#2700,#2692,#2702,.T.);
#2700 = VERTEX_POINT('',#2701);
#2701 = CARTESIAN_POINT('',(18.253673036093,1.127049904679,
    4.850826803801));
#2702 = B_SPLINE_CURVE_WITH_KNOTS('',2,(#2703,#2704,#2705),
  .UNSPECIFIED.,.F.,.F.,(3,3),(0.,1.),.PIECEWISE_BEZIER_KNOTS.);
#2703 = CARTESIAN_POINT('',(18.253673036093,1.127049904679,
    4.850826803801));
#2704 = CARTESIAN_POINT('',(18.386157112527,1.17985607203,4.995910556207
    ));
#2705 = CARTESIAN_POINT('',(18.386157112527,1.300107740257,
    5.326299299312));
#2706 = ORIENTED_EDGE('',*,*,#2707,.F.);
#2707 = EDGE_CURVE('',#2708,#2700,#2710,.T.);
#2708 = VERTEX_POINT('',#2709);
#2709 = CARTESIAN_POINT('',(17.922462845011,1.074243737327,
    4.705743051394));
#2710 = B_SPLINE_CURVE_WITH_KNOTS('',2,(#2711,#2712,#2713),
  .UNSPECIFIED.,.F.,.F.,(3,3),(0.,1.),.PIECEWISE_BEZIER_KNOTS.);
#2711 = CARTESIAN_POINT('',(17.922462845011,1.074243737327,
    4.705743051394));
#2712 = CARTESIAN_POINT('',(18.12118895966,1.074243737327,4.705743051394
    ));
#2713 = CARTESIAN_POINT('',(18.253673036093,1.127049904679,
    4.850826803801));
#2714 = ORIENTED_EDGE('',*,*,#2715,.F.);
#2715 = EDGE_CURVE('',#2660,#2708,#2716,.T.);
#2716 = B_SPLINE_CURVE_WITH_KNOTS('',2,(#2717,#2718,#2719),
  .UNSPECIFIED.,.F.,.F.,(3,3),(0.,1.),.PIECEWISE_BEZIER_KNOTS.);
#2717 = CARTESIAN_POINT('',(17.555583864119,1.138726515941,4.88290802958
    ));
#2718 = CARTESIAN_POINT('',(17.716093418259,1.074243737327,
    4.705743051394));
#2719 = CARTESIAN_POINT('',(17.922462845011,1.074243737327,
    4.705743051394));
#2720 = PLANE('',#2721);
#2721 = AXIS2_PLACEMENT_3D('',#2722,#2723,#2724);
#2722 = CARTESIAN_POINT('',(17.85405941642,1.593129623921,6.131370308085
    ));
#2723 = DIRECTION('',(0.,-0.939692620786,0.342020143326));
#2724 = DIRECTION('',(1.,0.,0.));
#2725 = ADVANCED_FACE('',(#2726),#2736,.T.);
#2726 = FACE_BOUND('',#2727,.F.);
#2727 = EDGE_LOOP('',(#2728,#2729,#2730,#2731,#2732,#2733,#2734,#2735));
#2728 = ORIENTED_EDGE('',*,*,#1666,.T.);
#2729 = ORIENTED_EDGE('',*,*,#1840,.T.);
#2730 = ORIENTED_EDGE('',*,*,#1821,.T.);
#2731 = ORIENTED_EDGE('',*,*,#1797,.T.);
#2732 = ORIENTED_EDGE('',*,*,#1771,.T.);
#2733 = ORIENTED_EDGE('',*,*,#1745,.T.);
#2734 = ORIENTED_EDGE('',*,*,#1721,.T.);
#2735 = ORIENTED_EDGE('',*,*,#1697,.T.);
#2736 = PLANE('',#2737);
#2737 = AXIS2_PLACEMENT_3D('',#2738,#2739,#2740);
#2738 = CARTESIAN_POINT('',(14.954427392181,1.574120018213,6.07914184565
    ));
#2739 = DIRECTION('',(0.,-0.939692620786,0.342020143326));
#2740 = DIRECTION('',(1.,0.,0.));
#2741 = ADVANCED_FACE('',(#2742),#2748,.T.);
#2742 = FACE_BOUND('',#2743,.F.);
#2743 = EDGE_LOOP('',(#2744,#2745,#2746,#2747));
#2744 = ORIENTED_EDGE('',*,*,#1864,.T.);
#2745 = ORIENTED_EDGE('',*,*,#1936,.T.);
#2746 = ORIENTED_EDGE('',*,*,#1919,.T.);
#2747 = ORIENTED_EDGE('',*,*,#1895,.T.);
#2748 = PLANE('',#2749);
#2749 = AXIS2_PLACEMENT_3D('',#2750,#2751,#2752);
#2750 = CARTESIAN_POINT('',(12.744291135939,1.530436610061,
    5.959122668147));
#2751 = DIRECTION('',(0.,-0.939692620786,0.342020143326));
#2752 = DIRECTION('',(1.,0.,0.));
#2753 = ADVANCED_FACE('',(#2754),#2764,.T.);
#2754 = FACE_BOUND('',#2755,.F.);
#2755 = EDGE_LOOP('',(#2756,#2757,#2758,#2759,#2760,#2761,#2762,#2763));
#2756 = ORIENTED_EDGE('',*,*,#1960,.T.);
#2757 = ORIENTED_EDGE('',*,*,#2134,.T.);
#2758 = ORIENTED_EDGE('',*,*,#2115,.T.);
#2759 = ORIENTED_EDGE('',*,*,#2091,.T.);
#2760 = ORIENTED_EDGE('',*,*,#2065,.T.);
#2761 = ORIENTED_EDGE('',*,*,#2039,.T.);
#2762 = ORIENTED_EDGE('',*,*,#2015,.T.);
#2763 = ORIENTED_EDGE('',*,*,#1991,.T.);
#2764 = PLANE('',#2765);
#2765 = AXIS2_PLACEMENT_3D('',#2766,#2767,#2768);
#2766 = CARTESIAN_POINT('',(10.606232063094,1.574120018213,6.07914184565
    ));
#2767 = DIRECTION('',(0.,-0.939692620786,0.342020143326));
#2768 = DIRECTION('',(1.,0.,0.));
#2769 = ADVANCED_FACE('',(#2770),#2780,.T.);
#2770 = FACE_BOUND('',#2771,.F.);
#2771 = EDGE_LOOP('',(#2772,#2773,#2774,#2775,#2776,#2777,#2778,#2779));
#2772 = ORIENTED_EDGE('',*,*,#2158,.T.);
#2773 = ORIENTED_EDGE('',*,*,#2332,.T.);
#2774 = ORIENTED_EDGE('',*,*,#2313,.T.);
#2775 = ORIENTED_EDGE('',*,*,#2289,.T.);
#2776 = ORIENTED_EDGE('',*,*,#2263,.T.);
#2777 = ORIENTED_EDGE('',*,*,#2237,.T.);
#2778 = ORIENTED_EDGE('',*,*,#2213,.T.);
#2779 = ORIENTED_EDGE('',*,*,#2189,.T.);
#2780 = PLANE('',#2781);
#2781 = AXIS2_PLACEMENT_3D('',#2782,#2783,#2784);
#2782 = CARTESIAN_POINT('',(7.986444377319,1.574120018213,6.07914184565)
  );
#2783 = DIRECTION('',(0.,-0.939692620786,0.342020143326));
#2784 = DIRECTION('',(1.,0.,0.));
#2785 = ADVANCED_FACE('',(#2786),#2792,.F.);
#2786 = FACE_BOUND('',#2787,.F.);
#2787 = EDGE_LOOP('',(#2788,#2789,#2790,#2791));
#2788 = ORIENTED_EDGE('',*,*,#2412,.T.);
#2789 = ORIENTED_EDGE('',*,*,#2387,.T.);
#2790 = ORIENTED_EDGE('',*,*,#2355,.F.);
#2791 = ORIENTED_EDGE('',*,*,#2624,.F.);
#2792 = PLANE('',#2793);
#2793 = AXIS2_PLACEMENT_3D('',#2794,#2795,#2796);
#2794 = CARTESIAN_POINT('',(30.,6.6,0.));
#2795 = DIRECTION('',(-1.,0.,0.));
#2796 = DIRECTION('',(0.,1.,0.));
#2797 = ADVANCED_FACE('',(#2798),#2808,.T.);
#2798 = FACE_BOUND('',#2799,.T.);
#2799 = EDGE_LOOP('',(#2800,#2801,#2802,#2803,#2804,#2805,#2806,#2807));
#2800 = ORIENTED_EDGE('',*,*,#2468,.T.);
#2801 = ORIENTED_EDGE('',*,*,#2443,.T.);
#2802 = ORIENTED_EDGE('',*,*,#2492,.T.);
#2803 = ORIENTED_EDGE('',*,*,#2541,.T.);
#2804 = ORIENTED_EDGE('',*,*,#2590,.T.);
#2805 = ORIENTED_EDGE('',*,*,#2607,.T.);
#2806 = ORIENTED_EDGE('',*,*,#2566,.T.);
#2807 = ORIENTED_EDGE('',*,*,#2516,.T.);
#2808 = PLANE('',#2809);
#2809 = AXIS2_PLACEMENT_3D('',#2810,#2811,#2812);
#2810 = CARTESIAN_POINT('',(13.,19.84,21.));
#2811 = DIRECTION('',(0.,0.,1.));
#2812 = DIRECTION('',(1.,0.,0.));
#2813 = ADVANCED_FACE('',(#2814),#2824,.T.);
#2814 = FACE_BOUND('',#2815,.T.);
#2815 = EDGE_LOOP('',(#2816,#2817,#2818,#2819,#2820,#2821,#2822,#2823));
#2816 = ORIENTED_EDGE('',*,*,#2667,.T.);
#2817 = ORIENTED_EDGE('',*,*,#2657,.T.);
#2818 = ORIENTED_EDGE('',*,*,#2715,.T.);
#2819 = ORIENTED_EDGE('',*,*,#2707,.T.);
#2820 = ORIENTED_EDGE('',*,*,#2699,.T.);
#2821 = ORIENTED_EDGE('',*,*,#2691,.T.);
#2822 = ORIENTED_EDGE('',*,*,#2683,.T.);
#2823 = ORIENTED_EDGE('',*,*,#2675,.T.);
#2824 = PLANE('',#2825);
#2825 = AXIS2_PLACEMENT_3D('',#2826,#2827,#2828);
#2826 = CARTESIAN_POINT('',(17.85405941642,1.593129623921,6.131370308085
    ));
#2827 = DIRECTION('',(0.,-0.939692620786,0.342020143326));
#2828 = DIRECTION('',(1.,0.,0.));
#2829 = ( GEOMETRIC_REPRESENTATION_CONTEXT(3) 
GLOBAL_UNCERTAINTY_ASSIGNED_CONTEXT((#2833)) 
GLOBAL_UNIT_ASSIGNED_CONTEXT((#2830,#2831,#2832)) REPRESENTATION_CONTEXT
('Context #1','3D Context with UNIT and UNCERTAINTY') );
#2830 = ( LENGTH_UNIT() NAMED_UNIT(*) SI_UNIT(.MILLI.,.METRE.) );
#2831 = ( NAMED_UNIT(*) PLANE_ANGLE_UNIT() SI_UNIT($,.RADIAN.) );
#2832 = ( NAMED_UNIT(*) SI_UNIT($,.STERADIAN.) SOLID_ANGLE_UNIT() );
#2833 = UNCERTAINTY_MEASURE_WITH_UNIT(LENGTH_MEASURE(1.E-06),#2830,
  'distance_accuracy_value','confusion accuracy');
#2834 = PRODUCT_RELATED_PRODUCT_CATEGORY('part',$,(#7));
ENDSEC;
END-ISO-10303-21;
