ISO-10303-21;
HEADER;
FILE_DESCRIPTION(('FreeCAD Model'),'2;1');
FILE_NAME('Open CASCADE Shape Model','2026-08-30T14:00:02',('FreeCAD'),(
    'FreeCAD'),'Open CASCADE STEP processor 7.8','FreeCAD','Unknown');
FILE_SCHEMA(('AUTOMOTIVE_DESIGN { 1 0 10303 214 1 1 1 1 }'));
ENDSEC;
DATA;
#1 = APPLICATION_PROTOCOL_DEFINITION('international standard',
  'automotive_design',2000,#2);
#2 = APPLICATION_CONTEXT(
  'core data for automotive mechanical design processes');
#3 = SHAPE_DEFINITION_REPRESENTATION(#4,#10);
#4 = PRODUCT_DEFINITION_SHAPE('','',#5);
#5 = PRODUCT_DEFINITION('design','',#6,#9);
#6 = PRODUCT_DEFINITION_FORMATION('','',#7);
#7 = PRODUCT('Open CASCADE STEP translator 7.8 98',
  'Open CASCADE STEP translator 7.8 98','',(#8));
#8 = PRODUCT_CONTEXT('',#2,'mechanical');
#9 = PRODUCT_DEFINITION_CONTEXT('part definition',#2,'design');
#10 = SHAPE_REPRESENTATION('',(#11,#15,#303,#591,#741,#1029,#1605),#1903
  );
#11 = AXIS2_PLACEMENT_3D('',#12,#13,#14);
#12 = CARTESIAN_POINT('',(0.,0.,0.));
#13 = DIRECTION('',(0.,0.,1.));
#14 = DIRECTION('',(1.,0.,-0.));
#15 = MANIFOLD_SOLID_BREP('',#16);
#16 = CLOSED_SHELL('',(#17,#57,#88,#121,#152,#185,#218,#249,#271,#287));
#17 = ADVANCED_FACE('',(#18),#52,.T.);
#18 = FACE_BOUND('',#19,.T.);
#19 = EDGE_LOOP('',(#20,#30,#38,#46));
#20 = ORIENTED_EDGE('',*,*,#21,.T.);
#21 = EDGE_CURVE('',#22,#24,#26,.T.);
#22 = VERTEX_POINT('',#23);
#23 = CARTESIAN_POINT('',(6.330955414013,1.461834344089,3.431595971335)
  );
#24 = VERTEX_POINT('',#25);
#25 = CARTESIAN_POINT('',(6.330955414013,0.71008024746,3.705212085995));
#26 = LINE('',#27,#28);
#27 = CARTESIAN_POINT('',(6.330955414013,1.461834344089,3.431595971335)
  );
#28 = VECTOR('',#29,1.);
#29 = DIRECTION('',(0.,-0.939692620786,0.342020143326));
#30 = ORIENTED_EDGE('',*,*,#31,.T.);
#31 = EDGE_CURVE('',#24,#32,#34,.T.);
#32 = VERTEX_POINT('',#33);
#33 = CARTESIAN_POINT('',(5.257070063694,0.71008024746,3.705212085995));
#34 = LINE('',#35,#36);
#35 = CARTESIAN_POINT('',(6.330955414013,0.71008024746,3.705212085995));
#36 = VECTOR('',#37,1.);
#37 = DIRECTION('',(-1.,0.,0.));
#38 = ORIENTED_EDGE('',*,*,#39,.F.);
#39 = EDGE_CURVE('',#40,#32,#42,.T.);
#40 = VERTEX_POINT('',#41);
#41 = CARTESIAN_POINT('',(5.257070063694,1.461834344089,3.431595971335)
  );
#42 = LINE('',#43,#44);
#43 = CARTESIAN_POINT('',(5.257070063694,1.461834344089,3.431595971335)
  );
#44 = VECTOR('',#45,1.);
#45 = DIRECTION('',(0.,-0.939692620786,0.342020143326));
#46 = ORIENTED_EDGE('',*,*,#47,.F.);
#47 = EDGE_CURVE('',#22,#40,#48,.T.);
#48 = LINE('',#49,#50);
#49 = CARTESIAN_POINT('',(6.330955414013,1.461834344089,3.431595971335)
  );
#50 = VECTOR('',#51,1.);
#51 = DIRECTION('',(-1.,0.,0.));
#52 = PLANE('',#53);
#53 = AXIS2_PLACEMENT_3D('',#54,#55,#56);
#54 = CARTESIAN_POINT('',(6.330955414013,1.461834344089,3.431595971335)
  );
#55 = DIRECTION('',(0.,-0.342020143326,-0.939692620786));
#56 = DIRECTION('',(-1.,0.,0.));
#57 = ADVANCED_FACE('',(#58),#83,.T.);
#58 = FACE_BOUND('',#59,.T.);
#59 = EDGE_LOOP('',(#60,#61,#69,#77));
#60 = ORIENTED_EDGE('',*,*,#39,.T.);
#61 = ORIENTED_EDGE('',*,*,#62,.T.);
#62 = EDGE_CURVE('',#32,#63,#65,.T.);
#63 = VERTEX_POINT('',#64);
#64 = CARTESIAN_POINT('',(5.257070063694,2.099422709928,7.522399129514)
  );
#65 = LINE('',#66,#67);
#66 = CARTESIAN_POINT('',(5.257070063694,0.71008024746,3.705212085995));
#67 = VECTOR('',#68,1.);
#68 = DIRECTION('',(0.,0.342020143326,0.939692620786));
#69 = ORIENTED_EDGE('',*,*,#70,.F.);
#70 = EDGE_CURVE('',#71,#63,#73,.T.);
#71 = VERTEX_POINT('',#72);
#72 = CARTESIAN_POINT('',(5.257070063694,2.851176806556,7.248783014853)
  );
#73 = LINE('',#74,#75);
#74 = CARTESIAN_POINT('',(5.257070063694,2.851176806556,7.248783014853)
  );
#75 = VECTOR('',#76,1.);
#76 = DIRECTION('',(0.,-0.939692620786,0.342020143326));
#77 = ORIENTED_EDGE('',*,*,#78,.F.);
#78 = EDGE_CURVE('',#40,#71,#79,.T.);
#79 = LINE('',#80,#81);
#80 = CARTESIAN_POINT('',(5.257070063694,1.461834344089,3.431595971335)
  );
#81 = VECTOR('',#82,1.);
#82 = DIRECTION('',(0.,0.342020143326,0.939692620786));
#83 = PLANE('',#84);
#84 = AXIS2_PLACEMENT_3D('',#85,#86,#87);
#85 = CARTESIAN_POINT('',(5.257070063694,1.461834344089,3.431595971335)
  );
#86 = DIRECTION('',(-1.,0.,0.));
#87 = DIRECTION('',(0.,0.342020143326,0.939692620786));
#88 = ADVANCED_FACE('',(#89),#114,.T.);
#89 = FACE_BOUND('',#90,.T.);
#90 = EDGE_LOOP('',(#91,#92,#100,#108));
#91 = ORIENTED_EDGE('',*,*,#70,.T.);
#92 = ORIENTED_EDGE('',*,*,#93,.T.);
#93 = EDGE_CURVE('',#63,#94,#96,.T.);
#94 = VERTEX_POINT('',#95);
#95 = CARTESIAN_POINT('',(3.869808917197,1.819881150746,6.754365007863)
  );
#96 = B_SPLINE_CURVE_WITH_KNOTS('',2,(#97,#98,#99),.UNSPECIFIED.,.F.,.F.
  ,(3,3),(0.,1.),.PIECEWISE_BEZIER_KNOTS.);
#97 = CARTESIAN_POINT('',(5.257070063694,2.099422709928,7.522399129514)
  );
#98 = CARTESIAN_POINT('',(4.668535031847,1.910418457476,7.003114213722)
  );
#99 = CARTESIAN_POINT('',(3.869808917197,1.819881150746,6.754365007863)
  );
#100 = ORIENTED_EDGE('',*,*,#101,.F.);
#101 = EDGE_CURVE('',#102,#94,#104,.T.);
#102 = VERTEX_POINT('',#103);
#103 = CARTESIAN_POINT('',(3.869808917197,2.571635247374,6.480748893202)
  );
#104 = LINE('',#105,#106);
#105 = CARTESIAN_POINT('',(3.869808917197,2.571635247374,6.480748893202)
  );
#106 = VECTOR('',#107,1.);
#107 = DIRECTION('',(0.,-0.939692620786,0.342020143326));
#108 = ORIENTED_EDGE('',*,*,#109,.F.);
#109 = EDGE_CURVE('',#71,#102,#110,.T.);
#110 = B_SPLINE_CURVE_WITH_KNOTS('',2,(#111,#112,#113),.UNSPECIFIED.,.F.
  ,.F.,(3,3),(0.,1.),.PIECEWISE_BEZIER_KNOTS.);
#111 = CARTESIAN_POINT('',(5.257070063694,2.851176806556,7.248783014853)
  );
#112 = CARTESIAN_POINT('',(4.668535031847,2.662172554104,6.729498099061)
  );
#113 = CARTESIAN_POINT('',(3.869808917197,2.571635247374,6.480748893202)
  );
#114 = SURFACE_OF_LINEAR_EXTRUSION('',#115,#119);
#115 = B_SPLINE_CURVE_WITH_KNOTS('',2,(#116,#117,#118),.UNSPECIFIED.,.F.
  ,.F.,(3,3),(0.,1.),.PIECEWISE_BEZIER_KNOTS.);
#116 = CARTESIAN_POINT('',(5.257070063694,2.851176806556,7.248783014853)
  );
#117 = CARTESIAN_POINT('',(4.668535031847,2.662172554104,6.729498099061)
  );
#118 = CARTESIAN_POINT('',(3.869808917197,2.571635247374,6.480748893202)
  );
#119 = VECTOR('',#120,1.);
#120 = DIRECTION('',(-0.,0.939692620786,-0.342020143326));
#121 = ADVANCED_FACE('',(#122),#147,.T.);
#122 = FACE_BOUND('',#123,.T.);
#123 = EDGE_LOOP('',(#124,#125,#133,#141));
#124 = ORIENTED_EDGE('',*,*,#101,.T.);
#125 = ORIENTED_EDGE('',*,*,#126,.T.);
#126 = EDGE_CURVE('',#94,#127,#129,.T.);
#127 = VERTEX_POINT('',#128);
#128 = CARTESIAN_POINT('',(3.869808917197,2.15449448842,7.67370759737));
#129 = LINE('',#130,#131);
#130 = CARTESIAN_POINT('',(3.869808917197,1.819881150746,6.754365007863)
  );
#131 = VECTOR('',#132,1.);
#132 = DIRECTION('',(0.,0.342020143326,0.939692620786));
#133 = ORIENTED_EDGE('',*,*,#134,.F.);
#134 = EDGE_CURVE('',#135,#127,#137,.T.);
#135 = VERTEX_POINT('',#136);
#136 = CARTESIAN_POINT('',(3.869808917197,2.906248585048,7.40009148271)
  );
#137 = LINE('',#138,#139);
#138 = CARTESIAN_POINT('',(3.869808917197,2.906248585048,7.40009148271)
  );
#139 = VECTOR('',#140,1.);
#140 = DIRECTION('',(0.,-0.939692620786,0.342020143326));
#141 = ORIENTED_EDGE('',*,*,#142,.F.);
#142 = EDGE_CURVE('',#102,#135,#143,.T.);
#143 = LINE('',#144,#145);
#144 = CARTESIAN_POINT('',(3.869808917197,2.571635247374,6.480748893202)
  );
#145 = VECTOR('',#146,1.);
#146 = DIRECTION('',(0.,0.342020143326,0.939692620786));
#147 = PLANE('',#148);
#148 = AXIS2_PLACEMENT_3D('',#149,#150,#151);
#149 = CARTESIAN_POINT('',(3.869808917197,2.571635247374,6.480748893202)
  );
#150 = DIRECTION('',(-1.,0.,0.));
#151 = DIRECTION('',(0.,0.342020143326,0.939692620786));
#152 = ADVANCED_FACE('',(#153),#178,.T.);
#153 = FACE_BOUND('',#154,.T.);
#154 = EDGE_LOOP('',(#155,#156,#164,#172));
#155 = ORIENTED_EDGE('',*,*,#134,.T.);
#156 = ORIENTED_EDGE('',*,*,#157,.T.);
#157 = EDGE_CURVE('',#127,#158,#160,.T.);
#158 = VERTEX_POINT('',#159);
#159 = CARTESIAN_POINT('',(4.783184713376,2.332954935179,8.164023645108)
  );
#160 = B_SPLINE_CURVE_WITH_KNOTS('',2,(#161,#162,#163),.UNSPECIFIED.,.F.
  ,.F.,(3,3),(0.,1.),.PIECEWISE_BEZIER_KNOTS.);
#161 = CARTESIAN_POINT('',(3.869808917197,2.15449448842,7.67370759737));
#162 = CARTESIAN_POINT('',(4.290191082803,2.20154948903,7.80299014902));
#163 = CARTESIAN_POINT('',(4.783184713376,2.332954935179,8.164023645108)
  );
#164 = ORIENTED_EDGE('',*,*,#165,.F.);
#165 = EDGE_CURVE('',#166,#158,#168,.T.);
#166 = VERTEX_POINT('',#167);
#167 = CARTESIAN_POINT('',(4.783184713376,3.084709031808,7.890407530447)
  );
#168 = LINE('',#169,#170);
#169 = CARTESIAN_POINT('',(4.783184713376,3.084709031808,7.890407530447)
  );
#170 = VECTOR('',#171,1.);
#171 = DIRECTION('',(0.,-0.939692620786,0.342020143326));
#172 = ORIENTED_EDGE('',*,*,#173,.F.);
#173 = EDGE_CURVE('',#135,#166,#174,.T.);
#174 = B_SPLINE_CURVE_WITH_KNOTS('',2,(#175,#176,#177),.UNSPECIFIED.,.F.
  ,.F.,(3,3),(0.,1.),.PIECEWISE_BEZIER_KNOTS.);
#175 = CARTESIAN_POINT('',(3.869808917197,2.906248585048,7.40009148271)
  );
#176 = CARTESIAN_POINT('',(4.290191082803,2.953303585659,7.529374034359)
  );
#177 = CARTESIAN_POINT('',(4.783184713376,3.084709031808,7.890407530447)
  );
#178 = SURFACE_OF_LINEAR_EXTRUSION('',#179,#183);
#179 = B_SPLINE_CURVE_WITH_KNOTS('',2,(#180,#181,#182),.UNSPECIFIED.,.F.
  ,.F.,(3,3),(0.,1.),.PIECEWISE_BEZIER_KNOTS.);
#180 = CARTESIAN_POINT('',(3.869808917197,2.906248585048,7.40009148271)
  );
#181 = CARTESIAN_POINT('',(4.290191082803,2.953303585659,7.529374034359)
  );
#182 = CARTESIAN_POINT('',(4.783184713376,3.084709031808,7.890407530447)
  );
#183 = VECTOR('',#184,1.);
#184 = DIRECTION('',(-0.,0.939692620786,-0.342020143326));
#185 = ADVANCED_FACE('',(#186),#211,.T.);
#186 = FACE_BOUND('',#187,.T.);
#187 = EDGE_LOOP('',(#188,#189,#197,#205));
#188 = ORIENTED_EDGE('',*,*,#165,.T.);
#189 = ORIENTED_EDGE('',*,*,#190,.T.);
#190 = EDGE_CURVE('',#158,#191,#193,.T.);
#191 = VERTEX_POINT('',#192);
#192 = CARTESIAN_POINT('',(5.459617834395,2.639683828047,9.006754352157)
  );
#193 = B_SPLINE_CURVE_WITH_KNOTS('',2,(#194,#195,#196),.UNSPECIFIED.,.F.
  ,.F.,(3,3),(0.,1.),.PIECEWISE_BEZIER_KNOTS.);
#194 = CARTESIAN_POINT('',(4.783184713376,2.332954935179,8.164023645108)
  );
#195 = CARTESIAN_POINT('',(5.276178343949,2.464447520218,8.525296553329)
  );
#196 = CARTESIAN_POINT('',(5.459617834395,2.639683828047,9.006754352157)
  );
#197 = ORIENTED_EDGE('',*,*,#198,.F.);
#198 = EDGE_CURVE('',#199,#191,#201,.T.);
#199 = VERTEX_POINT('',#200);
#200 = CARTESIAN_POINT('',(5.459617834395,3.391437924676,8.733138237496)
  );
#201 = LINE('',#202,#203);
#202 = CARTESIAN_POINT('',(5.459617834395,3.391437924676,8.733138237496)
  );
#203 = VECTOR('',#204,1.);
#204 = DIRECTION('',(0.,-0.939692620786,0.342020143326));
#205 = ORIENTED_EDGE('',*,*,#206,.F.);
#206 = EDGE_CURVE('',#166,#199,#207,.T.);
#207 = B_SPLINE_CURVE_WITH_KNOTS('',2,(#208,#209,#210),.UNSPECIFIED.,.F.
  ,.F.,(3,3),(0.,1.),.PIECEWISE_BEZIER_KNOTS.);
#208 = CARTESIAN_POINT('',(4.783184713376,3.084709031808,7.890407530447)
  );
#209 = CARTESIAN_POINT('',(5.276178343949,3.216201616847,8.251680438668)
  );
#210 = CARTESIAN_POINT('',(5.459617834395,3.391437924676,8.733138237496)
  );
#211 = SURFACE_OF_LINEAR_EXTRUSION('',#212,#216);
#212 = B_SPLINE_CURVE_WITH_KNOTS('',2,(#213,#214,#215),.UNSPECIFIED.,.F.
  ,.F.,(3,3),(0.,1.),.PIECEWISE_BEZIER_KNOTS.);
#213 = CARTESIAN_POINT('',(4.783184713376,3.084709031808,7.890407530447)
  );
#214 = CARTESIAN_POINT('',(5.276178343949,3.216201616847,8.251680438668)
  );
#215 = CARTESIAN_POINT('',(5.459617834395,3.391437924676,8.733138237496)
  );
#216 = VECTOR('',#217,1.);
#217 = DIRECTION('',(-0.,0.939692620786,-0.342020143326));
#218 = ADVANCED_FACE('',(#219),#244,.T.);
#219 = FACE_BOUND('',#220,.T.);
#220 = EDGE_LOOP('',(#221,#222,#230,#238));
#221 = ORIENTED_EDGE('',*,*,#198,.T.);
#222 = ORIENTED_EDGE('',*,*,#223,.T.);
#223 = EDGE_CURVE('',#191,#224,#226,.T.);
#224 = VERTEX_POINT('',#225);
#225 = CARTESIAN_POINT('',(6.330955414013,2.639683828047,9.006754352157)
  );
#226 = LINE('',#227,#228);
#227 = CARTESIAN_POINT('',(5.459617834395,2.639683828047,9.006754352157)
  );
#228 = VECTOR('',#229,1.);
#229 = DIRECTION('',(1.,0.,0.));
#230 = ORIENTED_EDGE('',*,*,#231,.F.);
#231 = EDGE_CURVE('',#232,#224,#234,.T.);
#232 = VERTEX_POINT('',#233);
#233 = CARTESIAN_POINT('',(6.330955414013,3.391437924676,8.733138237496)
  );
#234 = LINE('',#235,#236);
#235 = CARTESIAN_POINT('',(6.330955414013,3.391437924676,8.733138237496)
  );
#236 = VECTOR('',#237,1.);
#237 = DIRECTION('',(0.,-0.939692620786,0.342020143326));
#238 = ORIENTED_EDGE('',*,*,#239,.F.);
#239 = EDGE_CURVE('',#199,#232,#240,.T.);
#240 = LINE('',#241,#242);
#241 = CARTESIAN_POINT('',(5.459617834395,3.391437924676,8.733138237496)
  );
#242 = VECTOR('',#243,1.);
#243 = DIRECTION('',(1.,0.,0.));
#244 = PLANE('',#245);
#245 = AXIS2_PLACEMENT_3D('',#246,#247,#248);
#246 = CARTESIAN_POINT('',(5.459617834395,3.391437924676,8.733138237496)
  );
#247 = DIRECTION('',(0.,0.342020143326,0.939692620786));
#248 = DIRECTION('',(1.,0.,0.));
#249 = ADVANCED_FACE('',(#250),#266,.T.);
#250 = FACE_BOUND('',#251,.T.);
#251 = EDGE_LOOP('',(#252,#253,#259,#260));
#252 = ORIENTED_EDGE('',*,*,#231,.T.);
#253 = ORIENTED_EDGE('',*,*,#254,.T.);
#254 = EDGE_CURVE('',#224,#24,#255,.T.);
#255 = LINE('',#256,#257);
#256 = CARTESIAN_POINT('',(6.330955414013,2.639683828047,9.006754352157)
  );
#257 = VECTOR('',#258,1.);
#258 = DIRECTION('',(0.,-0.342020143326,-0.939692620786));
#259 = ORIENTED_EDGE('',*,*,#21,.F.);
#260 = ORIENTED_EDGE('',*,*,#261,.F.);
#261 = EDGE_CURVE('',#232,#22,#262,.T.);
#262 = LINE('',#263,#264);
#263 = CARTESIAN_POINT('',(6.330955414013,3.391437924676,8.733138237496)
  );
#264 = VECTOR('',#265,1.);
#265 = DIRECTION('',(0.,-0.342020143326,-0.939692620786));
#266 = PLANE('',#267);
#267 = AXIS2_PLACEMENT_3D('',#268,#269,#270);
#268 = CARTESIAN_POINT('',(6.330955414013,3.391437924676,8.733138237496)
  );
#269 = DIRECTION('',(1.,0.,0.));
#270 = DIRECTION('',(0.,-0.342020143326,-0.939692620786));
#271 = ADVANCED_FACE('',(#272),#282,.F.);
#272 = FACE_BOUND('',#273,.T.);
#273 = EDGE_LOOP('',(#274,#275,#276,#277,#278,#279,#280,#281));
#274 = ORIENTED_EDGE('',*,*,#47,.T.);
#275 = ORIENTED_EDGE('',*,*,#78,.T.);
#276 = ORIENTED_EDGE('',*,*,#109,.T.);
#277 = ORIENTED_EDGE('',*,*,#142,.T.);
#278 = ORIENTED_EDGE('',*,*,#173,.T.);
#279 = ORIENTED_EDGE('',*,*,#206,.T.);
#280 = ORIENTED_EDGE('',*,*,#239,.T.);
#281 = ORIENTED_EDGE('',*,*,#261,.T.);
#282 = PLANE('',#283);
#283 = AXIS2_PLACEMENT_3D('',#284,#285,#286);
#284 = CARTESIAN_POINT('',(5.479666565979,2.484916324519,6.242490610816)
  );
#285 = DIRECTION('',(0.,-0.939692620786,0.342020143326));
#286 = DIRECTION('',(1.,0.,0.));
#287 = ADVANCED_FACE('',(#288),#298,.T.);
#288 = FACE_BOUND('',#289,.F.);
#289 = EDGE_LOOP('',(#290,#291,#292,#293,#294,#295,#296,#297));
#290 = ORIENTED_EDGE('',*,*,#31,.T.);
#291 = ORIENTED_EDGE('',*,*,#62,.T.);
#292 = ORIENTED_EDGE('',*,*,#93,.T.);
#293 = ORIENTED_EDGE('',*,*,#126,.T.);
#294 = ORIENTED_EDGE('',*,*,#157,.T.);
#295 = ORIENTED_EDGE('',*,*,#190,.T.);
#296 = ORIENTED_EDGE('',*,*,#223,.T.);
#297 = ORIENTED_EDGE('',*,*,#254,.T.);
#298 = PLANE('',#299);
#299 = AXIS2_PLACEMENT_3D('',#300,#301,#302);
#300 = CARTESIAN_POINT('',(5.479666565979,1.73316222789,6.516106725477)
  );
#301 = DIRECTION('',(0.,-0.939692620786,0.342020143326));
#302 = DIRECTION('',(1.,0.,0.));
#303 = MANIFOLD_SOLID_BREP('',#304);
#304 = CLOSED_SHELL('',(#305,#345,#376,#409,#440,#473,#506,#537,#559,
    #575));
#305 = ADVANCED_FACE('',(#306),#340,.T.);
#306 = FACE_BOUND('',#307,.T.);
#307 = EDGE_LOOP('',(#308,#318,#326,#334));
#308 = ORIENTED_EDGE('',*,*,#309,.T.);
#309 = EDGE_CURVE('',#310,#312,#314,.T.);
#310 = VERTEX_POINT('',#311);
#311 = CARTESIAN_POINT('',(10.260636942675,1.461834344089,3.431595971335
    ));
#312 = VERTEX_POINT('',#313);
#313 = CARTESIAN_POINT('',(10.260636942675,0.71008024746,3.705212085995)
  );
#314 = LINE('',#315,#316);
#315 = CARTESIAN_POINT('',(10.260636942675,1.461834344089,3.431595971335
    ));
#316 = VECTOR('',#317,1.);
#317 = DIRECTION('',(0.,-0.939692620786,0.342020143326));
#318 = ORIENTED_EDGE('',*,*,#319,.T.);
#319 = EDGE_CURVE('',#312,#320,#322,.T.);
#320 = VERTEX_POINT('',#321);
#321 = CARTESIAN_POINT('',(9.186751592357,0.71008024746,3.705212085995)
  );
#322 = LINE('',#323,#324);
#323 = CARTESIAN_POINT('',(10.260636942675,0.71008024746,3.705212085995)
  );
#324 = VECTOR('',#325,1.);
#325 = DIRECTION('',(-1.,0.,0.));
#326 = ORIENTED_EDGE('',*,*,#327,.F.);
#327 = EDGE_CURVE('',#328,#320,#330,.T.);
#328 = VERTEX_POINT('',#329);
#329 = CARTESIAN_POINT('',(9.186751592357,1.461834344089,3.431595971335)
  );
#330 = LINE('',#331,#332);
#331 = CARTESIAN_POINT('',(9.186751592357,1.461834344089,3.431595971335)
  );
#332 = VECTOR('',#333,1.);
#333 = DIRECTION('',(0.,-0.939692620786,0.342020143326));
#334 = ORIENTED_EDGE('',*,*,#335,.F.);
#335 = EDGE_CURVE('',#310,#328,#336,.T.);
#336 = LINE('',#337,#338);
#337 = CARTESIAN_POINT('',(10.260636942675,1.461834344089,3.431595971335
    ));
#338 = VECTOR('',#339,1.);
#339 = DIRECTION('',(-1.,0.,0.));
#340 = PLANE('',#341);
#341 = AXIS2_PLACEMENT_3D('',#342,#343,#344);
#342 = CARTESIAN_POINT('',(10.260636942675,1.461834344089,3.431595971335
    ));
#343 = DIRECTION('',(0.,-0.342020143326,-0.939692620786));
#344 = DIRECTION('',(-1.,0.,0.));
#345 = ADVANCED_FACE('',(#346),#371,.T.);
#346 = FACE_BOUND('',#347,.T.);
#347 = EDGE_LOOP('',(#348,#349,#357,#365));
#348 = ORIENTED_EDGE('',*,*,#327,.T.);
#349 = ORIENTED_EDGE('',*,*,#350,.T.);
#350 = EDGE_CURVE('',#320,#351,#353,.T.);
#351 = VERTEX_POINT('',#352);
#352 = CARTESIAN_POINT('',(9.186751592357,2.099422709928,7.522399129514)
  );
#353 = LINE('',#354,#355);
#354 = CARTESIAN_POINT('',(9.186751592357,0.71008024746,3.705212085995)
  );
#355 = VECTOR('',#356,1.);
#356 = DIRECTION('',(0.,0.342020143326,0.939692620786));
#357 = ORIENTED_EDGE('',*,*,#358,.F.);
#358 = EDGE_CURVE('',#359,#351,#361,.T.);
#359 = VERTEX_POINT('',#360);
#360 = CARTESIAN_POINT('',(9.186751592357,2.851176806556,7.248783014853)
  );
#361 = LINE('',#362,#363);
#362 = CARTESIAN_POINT('',(9.186751592357,2.851176806556,7.248783014853)
  );
#363 = VECTOR('',#364,1.);
#364 = DIRECTION('',(0.,-0.939692620786,0.342020143326));
#365 = ORIENTED_EDGE('',*,*,#366,.F.);
#366 = EDGE_CURVE('',#328,#359,#367,.T.);
#367 = LINE('',#368,#369);
#368 = CARTESIAN_POINT('',(9.186751592357,1.461834344089,3.431595971335)
  );
#369 = VECTOR('',#370,1.);
#370 = DIRECTION('',(0.,0.342020143326,0.939692620786));
#371 = PLANE('',#372);
#372 = AXIS2_PLACEMENT_3D('',#373,#374,#375);
#373 = CARTESIAN_POINT('',(9.186751592357,1.461834344089,3.431595971335)
  );
#374 = DIRECTION('',(-1.,0.,0.));
#375 = DIRECTION('',(0.,0.342020143326,0.939692620786));
#376 = ADVANCED_FACE('',(#377),#402,.T.);
#377 = FACE_BOUND('',#378,.T.);
#378 = EDGE_LOOP('',(#379,#380,#388,#396));
#379 = ORIENTED_EDGE('',*,*,#358,.T.);
#380 = ORIENTED_EDGE('',*,*,#381,.T.);
#381 = EDGE_CURVE('',#351,#382,#384,.T.);
#382 = VERTEX_POINT('',#383);
#383 = CARTESIAN_POINT('',(7.79949044586,1.819881150746,6.754365007863)
  );
#384 = B_SPLINE_CURVE_WITH_KNOTS('',2,(#385,#386,#387),.UNSPECIFIED.,.F.
  ,.F.,(3,3),(0.,1.),.PIECEWISE_BEZIER_KNOTS.);
#385 = CARTESIAN_POINT('',(9.186751592357,2.099422709928,7.522399129514)
  );
#386 = CARTESIAN_POINT('',(8.59821656051,1.910418457476,7.003114213722)
  );
#387 = CARTESIAN_POINT('',(7.79949044586,1.819881150746,6.754365007863)
  );
#388 = ORIENTED_EDGE('',*,*,#389,.F.);
#389 = EDGE_CURVE('',#390,#382,#392,.T.);
#390 = VERTEX_POINT('',#391);
#391 = CARTESIAN_POINT('',(7.79949044586,2.571635247374,6.480748893202)
  );
#392 = LINE('',#393,#394);
#393 = CARTESIAN_POINT('',(7.79949044586,2.571635247374,6.480748893202)
  );
#394 = VECTOR('',#395,1.);
#395 = DIRECTION('',(0.,-0.939692620786,0.342020143326));
#396 = ORIENTED_EDGE('',*,*,#397,.F.);
#397 = EDGE_CURVE('',#359,#390,#398,.T.);
#398 = B_SPLINE_CURVE_WITH_KNOTS('',2,(#399,#400,#401),.UNSPECIFIED.,.F.
  ,.F.,(3,3),(0.,1.),.PIECEWISE_BEZIER_KNOTS.);
#399 = CARTESIAN_POINT('',(9.186751592357,2.851176806556,7.248783014853)
  );
#400 = CARTESIAN_POINT('',(8.59821656051,2.662172554104,6.729498099061)
  );
#401 = CARTESIAN_POINT('',(7.79949044586,2.571635247374,6.480748893202)
  );
#402 = SURFACE_OF_LINEAR_EXTRUSION('',#403,#407);
#403 = B_SPLINE_CURVE_WITH_KNOTS('',2,(#404,#405,#406),.UNSPECIFIED.,.F.
  ,.F.,(3,3),(0.,1.),.PIECEWISE_BEZIER_KNOTS.);
#404 = CARTESIAN_POINT('',(9.186751592357,2.851176806556,7.248783014853)
  );
#405 = CARTESIAN_POINT('',(8.59821656051,2.662172554104,6.729498099061)
  );
#406 = CARTESIAN_POINT('',(7.79949044586,2.571635247374,6.480748893202)
  );
#407 = VECTOR('',#408,1.);
#408 = DIRECTION('',(-0.,0.939692620786,-0.342020143326));
#409 = ADVANCED_FACE('',(#410),#435,.T.);
#410 = FACE_BOUND('',#411,.T.);
#411 = EDGE_LOOP('',(#412,#413,#421,#429));
#412 = ORIENTED_EDGE('',*,*,#389,.T.);
#413 = ORIENTED_EDGE('',*,*,#414,.T.);
#414 = EDGE_CURVE('',#382,#415,#417,.T.);
#415 = VERTEX_POINT('',#416);
#416 = CARTESIAN_POINT('',(7.79949044586,2.15449448842,7.67370759737));
#417 = LINE('',#418,#419);
#418 = CARTESIAN_POINT('',(7.79949044586,1.819881150746,6.754365007863)
  );
#419 = VECTOR('',#420,1.);
#420 = DIRECTION('',(0.,0.342020143326,0.939692620786));
#421 = ORIENTED_EDGE('',*,*,#422,.F.);
#422 = EDGE_CURVE('',#423,#415,#425,.T.);
#423 = VERTEX_POINT('',#424);
#424 = CARTESIAN_POINT('',(7.79949044586,2.906248585048,7.40009148271));
#425 = LINE('',#426,#427);
#426 = CARTESIAN_POINT('',(7.79949044586,2.906248585048,7.40009148271));
#427 = VECTOR('',#428,1.);
#428 = DIRECTION('',(0.,-0.939692620786,0.342020143326));
#429 = ORIENTED_EDGE('',*,*,#430,.F.);
#430 = EDGE_CURVE('',#390,#423,#431,.T.);
#431 = LINE('',#432,#433);
#432 = CARTESIAN_POINT('',(7.79949044586,2.571635247374,6.480748893202)
  );
#433 = VECTOR('',#434,1.);
#434 = DIRECTION('',(0.,0.342020143326,0.939692620786));
#435 = PLANE('',#436);
#436 = AXIS2_PLACEMENT_3D('',#437,#438,#439);
#437 = CARTESIAN_POINT('',(7.79949044586,2.571635247374,6.480748893202)
  );
#438 = DIRECTION('',(-1.,0.,0.));
#439 = DIRECTION('',(0.,0.342020143326,0.939692620786));
#440 = ADVANCED_FACE('',(#441),#466,.T.);
#441 = FACE_BOUND('',#442,.T.);
#442 = EDGE_LOOP('',(#443,#444,#452,#460));
#443 = ORIENTED_EDGE('',*,*,#422,.T.);
#444 = ORIENTED_EDGE('',*,*,#445,.T.);
#445 = EDGE_CURVE('',#415,#446,#448,.T.);
#446 = VERTEX_POINT('',#447);
#447 = CARTESIAN_POINT('',(8.712866242038,2.332954935179,8.164023645108)
  );
#448 = B_SPLINE_CURVE_WITH_KNOTS('',2,(#449,#450,#451),.UNSPECIFIED.,.F.
  ,.F.,(3,3),(0.,1.),.PIECEWISE_BEZIER_KNOTS.);
#449 = CARTESIAN_POINT('',(7.79949044586,2.15449448842,7.67370759737));
#450 = CARTESIAN_POINT('',(8.219872611465,2.20154948903,7.80299014902));
#451 = CARTESIAN_POINT('',(8.712866242038,2.332954935179,8.164023645108)
  );
#452 = ORIENTED_EDGE('',*,*,#453,.F.);
#453 = EDGE_CURVE('',#454,#446,#456,.T.);
#454 = VERTEX_POINT('',#455);
#455 = CARTESIAN_POINT('',(8.712866242038,3.084709031808,7.890407530447)
  );
#456 = LINE('',#457,#458);
#457 = CARTESIAN_POINT('',(8.712866242038,3.084709031808,7.890407530447)
  );
#458 = VECTOR('',#459,1.);
#459 = DIRECTION('',(0.,-0.939692620786,0.342020143326));
#460 = ORIENTED_EDGE('',*,*,#461,.F.);
#461 = EDGE_CURVE('',#423,#454,#462,.T.);
#462 = B_SPLINE_CURVE_WITH_KNOTS('',2,(#463,#464,#465),.UNSPECIFIED.,.F.
  ,.F.,(3,3),(0.,1.),.PIECEWISE_BEZIER_KNOTS.);
#463 = CARTESIAN_POINT('',(7.79949044586,2.906248585048,7.40009148271));
#464 = CARTESIAN_POINT('',(8.219872611465,2.953303585659,7.529374034359)
  );
#465 = CARTESIAN_POINT('',(8.712866242038,3.084709031808,7.890407530447)
  );
#466 = SURFACE_OF_LINEAR_EXTRUSION('',#467,#471);
#467 = B_SPLINE_CURVE_WITH_KNOTS('',2,(#468,#469,#470),.UNSPECIFIED.,.F.
  ,.F.,(3,3),(0.,1.),.PIECEWISE_BEZIER_KNOTS.);
#468 = CARTESIAN_POINT('',(7.79949044586,2.906248585048,7.40009148271));
#469 = CARTESIAN_POINT('',(8.219872611465,2.953303585659,7.529374034359)
  );
#470 = CARTESIAN_POINT('',(8.712866242038,3.084709031808,7.890407530447)
  );
#471 = VECTOR('',#472,1.);
#472 = DIRECTION('',(-0.,0.939692620786,-0.342020143326));
#473 = ADVANCED_FACE('',(#474),#499,.T.);
#474 = FACE_BOUND('',#475,.T.);
#475 = EDGE_LOOP('',(#476,#477,#485,#493));
#476 = ORIENTED_EDGE('',*,*,#453,.T.);
#477 = ORIENTED_EDGE('',*,*,#478,.T.);
#478 = EDGE_CURVE('',#446,#479,#481,.T.);
#479 = VERTEX_POINT('',#480);
#480 = CARTESIAN_POINT('',(9.389299363057,2.639683828047,9.006754352157)
  );
#481 = B_SPLINE_CURVE_WITH_KNOTS('',2,(#482,#483,#484),.UNSPECIFIED.,.F.
  ,.F.,(3,3),(0.,1.),.PIECEWISE_BEZIER_KNOTS.);
#482 = CARTESIAN_POINT('',(8.712866242038,2.332954935179,8.164023645108)
  );
#483 = CARTESIAN_POINT('',(9.205859872611,2.464447520218,8.525296553329)
  );
#484 = CARTESIAN_POINT('',(9.389299363057,2.639683828047,9.006754352157)
  );
#485 = ORIENTED_EDGE('',*,*,#486,.F.);
#486 = EDGE_CURVE('',#487,#479,#489,.T.);
#487 = VERTEX_POINT('',#488);
#488 = CARTESIAN_POINT('',(9.389299363057,3.391437924676,8.733138237496)
  );
#489 = LINE('',#490,#491);
#490 = CARTESIAN_POINT('',(9.389299363057,3.391437924676,8.733138237496)
  );
#491 = VECTOR('',#492,1.);
#492 = DIRECTION('',(0.,-0.939692620786,0.342020143326));
#493 = ORIENTED_EDGE('',*,*,#494,.F.);
#494 = EDGE_CURVE('',#454,#487,#495,.T.);
#495 = B_SPLINE_CURVE_WITH_KNOTS('',2,(#496,#497,#498),.UNSPECIFIED.,.F.
  ,.F.,(3,3),(0.,1.),.PIECEWISE_BEZIER_KNOTS.);
#496 = CARTESIAN_POINT('',(8.712866242038,3.084709031808,7.890407530447)
  );
#497 = CARTESIAN_POINT('',(9.205859872611,3.216201616847,8.251680438668)
  );
#498 = CARTESIAN_POINT('',(9.389299363057,3.391437924676,8.733138237496)
  );
#499 = SURFACE_OF_LINEAR_EXTRUSION('',#500,#504);
#500 = B_SPLINE_CURVE_WITH_KNOTS('',2,(#501,#502,#503),.UNSPECIFIED.,.F.
  ,.F.,(3,3),(0.,1.),.PIECEWISE_BEZIER_KNOTS.);
#501 = CARTESIAN_POINT('',(8.712866242038,3.084709031808,7.890407530447)
  );
#502 = CARTESIAN_POINT('',(9.205859872611,3.216201616847,8.251680438668)
  );
#503 = CARTESIAN_POINT('',(9.389299363057,3.391437924676,8.733138237496)
  );
#504 = VECTOR('',#505,1.);
#505 = DIRECTION('',(-0.,0.939692620786,-0.342020143326));
#506 = ADVANCED_FACE('',(#507),#532,.T.);
#507 = FACE_BOUND('',#508,.T.);
#508 = EDGE_LOOP('',(#509,#510,#518,#526));
#509 = ORIENTED_EDGE('',*,*,#486,.T.);
#510 = ORIENTED_EDGE('',*,*,#511,.T.);
#511 = EDGE_CURVE('',#479,#512,#514,.T.);
#512 = VERTEX_POINT('',#513);
#513 = CARTESIAN_POINT('',(10.260636942675,2.639683828047,9.006754352157
    ));
#514 = LINE('',#515,#516);
#515 = CARTESIAN_POINT('',(9.389299363057,2.639683828047,9.006754352157)
  );
#516 = VECTOR('',#517,1.);
#517 = DIRECTION('',(1.,0.,0.));
#518 = ORIENTED_EDGE('',*,*,#519,.F.);
#519 = EDGE_CURVE('',#520,#512,#522,.T.);
#520 = VERTEX_POINT('',#521);
#521 = CARTESIAN_POINT('',(10.260636942675,3.391437924676,8.733138237496
    ));
#522 = LINE('',#523,#524);
#523 = CARTESIAN_POINT('',(10.260636942675,3.391437924676,8.733138237496
    ));
#524 = VECTOR('',#525,1.);
#525 = DIRECTION('',(0.,-0.939692620786,0.342020143326));
#526 = ORIENTED_EDGE('',*,*,#527,.F.);
#527 = EDGE_CURVE('',#487,#520,#528,.T.);
#528 = LINE('',#529,#530);
#529 = CARTESIAN_POINT('',(9.389299363057,3.391437924676,8.733138237496)
  );
#530 = VECTOR('',#531,1.);
#531 = DIRECTION('',(1.,0.,0.));
#532 = PLANE('',#533);
#533 = AXIS2_PLACEMENT_3D('',#534,#535,#536);
#534 = CARTESIAN_POINT('',(9.389299363057,3.391437924676,8.733138237496)
  );
#535 = DIRECTION('',(0.,0.342020143326,0.939692620786));
#536 = DIRECTION('',(1.,0.,0.));
#537 = ADVANCED_FACE('',(#538),#554,.T.);
#538 = FACE_BOUND('',#539,.T.);
#539 = EDGE_LOOP('',(#540,#541,#547,#548));
#540 = ORIENTED_EDGE('',*,*,#519,.T.);
#541 = ORIENTED_EDGE('',*,*,#542,.T.);
#542 = EDGE_CURVE('',#512,#312,#543,.T.);
#543 = LINE('',#544,#545);
#544 = CARTESIAN_POINT('',(10.260636942675,2.639683828047,9.006754352157
    ));
#545 = VECTOR('',#546,1.);
#546 = DIRECTION('',(0.,-0.342020143326,-0.939692620786));
#547 = ORIENTED_EDGE('',*,*,#309,.F.);
#548 = ORIENTED_EDGE('',*,*,#549,.F.);
#549 = EDGE_CURVE('',#520,#310,#550,.T.);
#550 = LINE('',#551,#552);
#551 = CARTESIAN_POINT('',(10.260636942675,3.391437924676,8.733138237496
    ));
#552 = VECTOR('',#553,1.);
#553 = DIRECTION('',(0.,-0.342020143326,-0.939692620786));
#554 = PLANE('',#555);
#555 = AXIS2_PLACEMENT_3D('',#556,#557,#558);
#556 = CARTESIAN_POINT('',(10.260636942675,3.391437924676,8.733138237496
    ));
#557 = DIRECTION('',(1.,0.,0.));
#558 = DIRECTION('',(0.,-0.342020143326,-0.939692620786));
#559 = ADVANCED_FACE('',(#560),#570,.F.);
#560 = FACE_BOUND('',#561,.T.);
#561 = EDGE_LOOP('',(#562,#563,#564,#565,#566,#567,#568,#569));
#562 = ORIENTED_EDGE('',*,*,#335,.T.);
#563 = ORIENTED_EDGE('',*,*,#366,.T.);
#564 = ORIENTED_EDGE('',*,*,#397,.T.);
#565 = ORIENTED_EDGE('',*,*,#430,.T.);
#566 = ORIENTED_EDGE('',*,*,#461,.T.);
#567 = ORIENTED_EDGE('',*,*,#494,.T.);
#568 = ORIENTED_EDGE('',*,*,#527,.T.);
#569 = ORIENTED_EDGE('',*,*,#549,.T.);
#570 = PLANE('',#571);
#571 = AXIS2_PLACEMENT_3D('',#572,#573,#574);
#572 = CARTESIAN_POINT('',(9.409348094641,2.484916324519,6.242490610816)
  );
#573 = DIRECTION('',(0.,-0.939692620786,0.342020143326));
#574 = DIRECTION('',(1.,0.,0.));
#575 = ADVANCED_FACE('',(#576),#586,.T.);
#576 = FACE_BOUND('',#577,.F.);
#577 = EDGE_LOOP('',(#578,#579,#580,#581,#582,#583,#584,#585));
#578 = ORIENTED_EDGE('',*,*,#319,.T.);
#579 = ORIENTED_EDGE('',*,*,#350,.T.);
#580 = ORIENTED_EDGE('',*,*,#381,.T.);
#581 = ORIENTED_EDGE('',*,*,#414,.T.);
#582 = ORIENTED_EDGE('',*,*,#445,.T.);
#583 = ORIENTED_EDGE('',*,*,#478,.T.);
#584 = ORIENTED_EDGE('',*,*,#511,.T.);
#585 = ORIENTED_EDGE('',*,*,#542,.T.);
#586 = PLANE('',#587);
#587 = AXIS2_PLACEMENT_3D('',#588,#589,#590);
#588 = CARTESIAN_POINT('',(9.409348094641,1.73316222789,6.516106725477)
  );
#589 = DIRECTION('',(0.,-0.939692620786,0.342020143326));
#590 = DIRECTION('',(1.,0.,0.));
#591 = MANIFOLD_SOLID_BREP('',#592);
#592 = CLOSED_SHELL('',(#593,#633,#664,#695,#717,#729));
#593 = ADVANCED_FACE('',(#594),#628,.T.);
#594 = FACE_BOUND('',#595,.T.);
#595 = EDGE_LOOP('',(#596,#606,#614,#622));
#596 = ORIENTED_EDGE('',*,*,#597,.T.);
#597 = EDGE_CURVE('',#598,#600,#602,.T.);
#598 = VERTEX_POINT('',#599);
#599 = CARTESIAN_POINT('',(11.522547770701,1.428373010321,3.339661712384
    ));
#600 = VERTEX_POINT('',#601);
#601 = CARTESIAN_POINT('',(11.522547770701,0.676618913693,3.613277827045
    ));
#602 = LINE('',#603,#604);
#603 = CARTESIAN_POINT('',(11.522547770701,1.428373010321,3.339661712384
    ));
#604 = VECTOR('',#605,1.);
#605 = DIRECTION('',(0.,-0.939692620786,0.342020143326));
#606 = ORIENTED_EDGE('',*,*,#607,.T.);
#607 = EDGE_CURVE('',#600,#608,#610,.T.);
#608 = VERTEX_POINT('',#609);
#609 = CARTESIAN_POINT('',(12.909808917197,2.656414494931,9.052721481632
    ));
#610 = LINE('',#611,#612);
#611 = CARTESIAN_POINT('',(11.522547770701,0.676618913693,3.613277827045
    ));
#612 = VECTOR('',#613,1.);
#613 = DIRECTION('',(0.233057266823,0.332601938861,0.913816316689));
#614 = ORIENTED_EDGE('',*,*,#615,.F.);
#615 = EDGE_CURVE('',#616,#608,#618,.T.);
#616 = VERTEX_POINT('',#617);
#617 = CARTESIAN_POINT('',(12.909808917197,3.408168591559,8.779105366972
    ));
#618 = LINE('',#619,#620);
#619 = CARTESIAN_POINT('',(12.909808917197,3.408168591559,8.779105366972
    ));
#620 = VECTOR('',#621,1.);
#621 = DIRECTION('',(0.,-0.939692620786,0.342020143326));
#622 = ORIENTED_EDGE('',*,*,#623,.F.);
#623 = EDGE_CURVE('',#598,#616,#624,.T.);
#624 = LINE('',#625,#626);
#625 = CARTESIAN_POINT('',(11.522547770701,1.428373010321,3.339661712384
    ));
#626 = VECTOR('',#627,1.);
#627 = DIRECTION('',(0.233057266823,0.332601938861,0.913816316689));
#628 = PLANE('',#629);
#629 = AXIS2_PLACEMENT_3D('',#630,#631,#632);
#630 = CARTESIAN_POINT('',(11.522547770701,1.428373010321,3.339661712384
    ));
#631 = DIRECTION('',(-0.972463012346,7.971027980197E-02,0.219002193854)
  );
#632 = DIRECTION('',(0.233057266823,0.332601938861,0.913816316689));
#633 = ADVANCED_FACE('',(#634),#659,.T.);
#634 = FACE_BOUND('',#635,.T.);
#635 = EDGE_LOOP('',(#636,#637,#645,#653));
#636 = ORIENTED_EDGE('',*,*,#615,.T.);
#637 = ORIENTED_EDGE('',*,*,#638,.T.);
#638 = EDGE_CURVE('',#608,#639,#641,.T.);
#639 = VERTEX_POINT('',#640);
#640 = CARTESIAN_POINT('',(13.716178343949,2.656414494931,9.052721481632
    ));
#641 = LINE('',#642,#643);
#642 = CARTESIAN_POINT('',(12.909808917197,2.656414494931,9.052721481632
    ));
#643 = VECTOR('',#644,1.);
#644 = DIRECTION('',(1.,0.,0.));
#645 = ORIENTED_EDGE('',*,*,#646,.F.);
#646 = EDGE_CURVE('',#647,#639,#649,.T.);
#647 = VERTEX_POINT('',#648);
#648 = CARTESIAN_POINT('',(13.716178343949,3.408168591559,8.779105366972
    ));
#649 = LINE('',#650,#651);
#650 = CARTESIAN_POINT('',(13.716178343949,3.408168591559,8.779105366972
    ));
#651 = VECTOR('',#652,1.);
#652 = DIRECTION('',(0.,-0.939692620786,0.342020143326));
#653 = ORIENTED_EDGE('',*,*,#654,.F.);
#654 = EDGE_CURVE('',#616,#647,#655,.T.);
#655 = LINE('',#656,#657);
#656 = CARTESIAN_POINT('',(12.909808917197,3.408168591559,8.779105366972
    ));
#657 = VECTOR('',#658,1.);
#658 = DIRECTION('',(1.,0.,0.));
#659 = PLANE('',#660);
#660 = AXIS2_PLACEMENT_3D('',#661,#662,#663);
#661 = CARTESIAN_POINT('',(12.909808917197,3.408168591559,8.779105366972
    ));
#662 = DIRECTION('',(0.,0.342020143326,0.939692620786));
#663 = DIRECTION('',(1.,0.,0.));
#664 = ADVANCED_FACE('',(#665),#690,.T.);
#665 = FACE_BOUND('',#666,.T.);
#666 = EDGE_LOOP('',(#667,#668,#676,#684));
#667 = ORIENTED_EDGE('',*,*,#646,.T.);
#668 = ORIENTED_EDGE('',*,*,#669,.T.);
#669 = EDGE_CURVE('',#639,#670,#672,.T.);
#670 = VERTEX_POINT('',#671);
#671 = CARTESIAN_POINT('',(12.313630573248,0.676618913693,3.613277827045
    ));
#672 = LINE('',#673,#674);
#673 = CARTESIAN_POINT('',(13.716178343949,2.656414494931,9.052721481632
    ));
#674 = VECTOR('',#675,1.);
#675 = DIRECTION('',(-0.235483715343,-0.332401953666,-0.913266861879));
#676 = ORIENTED_EDGE('',*,*,#677,.F.);
#677 = EDGE_CURVE('',#678,#670,#680,.T.);
#678 = VERTEX_POINT('',#679);
#679 = CARTESIAN_POINT('',(12.313630573248,1.428373010321,3.339661712384
    ));
#680 = LINE('',#681,#682);
#681 = CARTESIAN_POINT('',(12.313630573248,1.428373010321,3.339661712384
    ));
#682 = VECTOR('',#683,1.);
#683 = DIRECTION('',(0.,-0.939692620786,0.342020143326));
#684 = ORIENTED_EDGE('',*,*,#685,.F.);
#685 = EDGE_CURVE('',#647,#678,#686,.T.);
#686 = LINE('',#687,#688);
#687 = CARTESIAN_POINT('',(13.716178343949,3.408168591559,8.779105366972
    ));
#688 = VECTOR('',#689,1.);
#689 = DIRECTION('',(-0.235483715343,-0.332401953666,-0.913266861879));
#690 = PLANE('',#691);
#691 = AXIS2_PLACEMENT_3D('',#692,#693,#694);
#692 = CARTESIAN_POINT('',(13.716178343949,3.408168591559,8.779105366972
    ));
#693 = DIRECTION('',(0.971878294751,-8.054017407264E-02,-0.221282309624)
  );
#694 = DIRECTION('',(-0.235483715343,-0.332401953666,-0.913266861879));
#695 = ADVANCED_FACE('',(#696),#712,.T.);
#696 = FACE_BOUND('',#697,.T.);
#697 = EDGE_LOOP('',(#698,#699,#705,#706));
#698 = ORIENTED_EDGE('',*,*,#677,.T.);
#699 = ORIENTED_EDGE('',*,*,#700,.T.);
#700 = EDGE_CURVE('',#670,#600,#701,.T.);
#701 = LINE('',#702,#703);
#702 = CARTESIAN_POINT('',(12.313630573248,0.676618913693,3.613277827045
    ));
#703 = VECTOR('',#704,1.);
#704 = DIRECTION('',(-1.,0.,0.));
#705 = ORIENTED_EDGE('',*,*,#597,.F.);
#706 = ORIENTED_EDGE('',*,*,#707,.F.);
#707 = EDGE_CURVE('',#678,#598,#708,.T.);
#708 = LINE('',#709,#710);
#709 = CARTESIAN_POINT('',(12.313630573248,1.428373010321,3.339661712384
    ));
#710 = VECTOR('',#711,1.);
#711 = DIRECTION('',(-1.,0.,0.));
#712 = PLANE('',#713);
#713 = AXIS2_PLACEMENT_3D('',#714,#715,#716);
#714 = CARTESIAN_POINT('',(12.313630573248,1.428373010321,3.339661712384
    ));
#715 = DIRECTION('',(0.,-0.342020143326,-0.939692620786));
#716 = DIRECTION('',(-1.,0.,0.));
#717 = ADVANCED_FACE('',(#718),#724,.F.);
#718 = FACE_BOUND('',#719,.T.);
#719 = EDGE_LOOP('',(#720,#721,#722,#723));
#720 = ORIENTED_EDGE('',*,*,#623,.T.);
#721 = ORIENTED_EDGE('',*,*,#654,.T.);
#722 = ORIENTED_EDGE('',*,*,#685,.T.);
#723 = ORIENTED_EDGE('',*,*,#707,.T.);
#724 = PLANE('',#725);
#725 = AXIS2_PLACEMENT_3D('',#726,#727,#728);
#726 = CARTESIAN_POINT('',(12.616436703908,2.41939121229,6.062461844562)
  );
#727 = DIRECTION('',(0.,-0.939692620786,0.342020143326));
#728 = DIRECTION('',(1.,0.,0.));
#729 = ADVANCED_FACE('',(#730),#736,.T.);
#730 = FACE_BOUND('',#731,.F.);
#731 = EDGE_LOOP('',(#732,#733,#734,#735));
#732 = ORIENTED_EDGE('',*,*,#607,.T.);
#733 = ORIENTED_EDGE('',*,*,#638,.T.);
#734 = ORIENTED_EDGE('',*,*,#669,.T.);
#735 = ORIENTED_EDGE('',*,*,#700,.T.);
#736 = PLANE('',#737);
#737 = AXIS2_PLACEMENT_3D('',#738,#739,#740);
#738 = CARTESIAN_POINT('',(12.616436703908,1.667637115662,6.336077959222
    ));
#739 = DIRECTION('',(0.,-0.939692620786,0.342020143326));
#740 = DIRECTION('',(1.,0.,0.));
#741 = MANIFOLD_SOLID_BREP('',#742);
#742 = CLOSED_SHELL('',(#743,#783,#814,#847,#878,#911,#944,#975,#997,
    #1013));
#743 = ADVANCED_FACE('',(#744),#778,.T.);
#744 = FACE_BOUND('',#745,.T.);
#745 = EDGE_LOOP('',(#746,#756,#764,#772));
#746 = ORIENTED_EDGE('',*,*,#747,.T.);
#747 = EDGE_CURVE('',#748,#750,#752,.T.);
#748 = VERTEX_POINT('',#749);
#749 = CARTESIAN_POINT('',(16.782929936306,1.461834344089,3.431595971335
    ));
#750 = VERTEX_POINT('',#751);
#751 = CARTESIAN_POINT('',(16.782929936306,0.71008024746,3.705212085995)
  );
#752 = LINE('',#753,#754);
#753 = CARTESIAN_POINT('',(16.782929936306,1.461834344089,3.431595971335
    ));
#754 = VECTOR('',#755,1.);
#755 = DIRECTION('',(0.,-0.939692620786,0.342020143326));
#756 = ORIENTED_EDGE('',*,*,#757,.T.);
#757 = EDGE_CURVE('',#750,#758,#760,.T.);
#758 = VERTEX_POINT('',#759);
#759 = CARTESIAN_POINT('',(15.709044585987,0.71008024746,3.705212085995)
  );
#760 = LINE('',#761,#762);
#761 = CARTESIAN_POINT('',(16.782929936306,0.71008024746,3.705212085995)
  );
#762 = VECTOR('',#763,1.);
#763 = DIRECTION('',(-1.,0.,0.));
#764 = ORIENTED_EDGE('',*,*,#765,.F.);
#765 = EDGE_CURVE('',#766,#758,#768,.T.);
#766 = VERTEX_POINT('',#767);
#767 = CARTESIAN_POINT('',(15.709044585987,1.461834344089,3.431595971335
    ));
#768 = LINE('',#769,#770);
#769 = CARTESIAN_POINT('',(15.709044585987,1.461834344089,3.431595971335
    ));
#770 = VECTOR('',#771,1.);
#771 = DIRECTION('',(0.,-0.939692620786,0.342020143326));
#772 = ORIENTED_EDGE('',*,*,#773,.F.);
#773 = EDGE_CURVE('',#748,#766,#774,.T.);
#774 = LINE('',#775,#776);
#775 = CARTESIAN_POINT('',(16.782929936306,1.461834344089,3.431595971335
    ));
#776 = VECTOR('',#777,1.);
#777 = DIRECTION('',(-1.,0.,0.));
#778 = PLANE('',#779);
#779 = AXIS2_PLACEMENT_3D('',#780,#781,#782);
#780 = CARTESIAN_POINT('',(16.782929936306,1.461834344089,3.431595971335
    ));
#781 = DIRECTION('',(0.,-0.342020143326,-0.939692620786));
#782 = DIRECTION('',(-1.,0.,0.));
#783 = ADVANCED_FACE('',(#784),#809,.T.);
#784 = FACE_BOUND('',#785,.T.);
#785 = EDGE_LOOP('',(#786,#787,#795,#803));
#786 = ORIENTED_EDGE('',*,*,#765,.T.);
#787 = ORIENTED_EDGE('',*,*,#788,.T.);
#788 = EDGE_CURVE('',#758,#789,#791,.T.);
#789 = VERTEX_POINT('',#790);
#790 = CARTESIAN_POINT('',(15.709044585987,2.099422709928,7.522399129514
    ));
#791 = LINE('',#792,#793);
#792 = CARTESIAN_POINT('',(15.709044585987,0.71008024746,3.705212085995)
  );
#793 = VECTOR('',#794,1.);
#794 = DIRECTION('',(0.,0.342020143326,0.939692620786));
#795 = ORIENTED_EDGE('',*,*,#796,.F.);
#796 = EDGE_CURVE('',#797,#789,#799,.T.);
#797 = VERTEX_POINT('',#798);
#798 = CARTESIAN_POINT('',(15.709044585987,2.851176806556,7.248783014853
    ));
#799 = LINE('',#800,#801);
#800 = CARTESIAN_POINT('',(15.709044585987,2.851176806556,7.248783014853
    ));
#801 = VECTOR('',#802,1.);
#802 = DIRECTION('',(0.,-0.939692620786,0.342020143326));
#803 = ORIENTED_EDGE('',*,*,#804,.F.);
#804 = EDGE_CURVE('',#766,#797,#805,.T.);
#805 = LINE('',#806,#807);
#806 = CARTESIAN_POINT('',(15.709044585987,1.461834344089,3.431595971335
    ));
#807 = VECTOR('',#808,1.);
#808 = DIRECTION('',(0.,0.342020143326,0.939692620786));
#809 = PLANE('',#810);
#810 = AXIS2_PLACEMENT_3D('',#811,#812,#813);
#811 = CARTESIAN_POINT('',(15.709044585987,1.461834344089,3.431595971335
    ));
#812 = DIRECTION('',(-1.,0.,0.));
#813 = DIRECTION('',(0.,0.342020143326,0.939692620786));
#814 = ADVANCED_FACE('',(#815),#840,.T.);
#815 = FACE_BOUND('',#816,.T.);
#816 = EDGE_LOOP('',(#817,#818,#826,#834));
#817 = ORIENTED_EDGE('',*,*,#796,.T.);
#818 = ORIENTED_EDGE('',*,*,#819,.T.);
#819 = EDGE_CURVE('',#789,#820,#822,.T.);
#820 = VERTEX_POINT('',#821);
#821 = CARTESIAN_POINT('',(14.32178343949,1.819881150746,6.754365007863)
  );
#822 = B_SPLINE_CURVE_WITH_KNOTS('',2,(#823,#824,#825),.UNSPECIFIED.,.F.
  ,.F.,(3,3),(0.,1.),.PIECEWISE_BEZIER_KNOTS.);
#823 = CARTESIAN_POINT('',(15.709044585987,2.099422709928,7.522399129514
    ));
#824 = CARTESIAN_POINT('',(15.12050955414,1.910418457476,7.003114213722)
  );
#825 = CARTESIAN_POINT('',(14.32178343949,1.819881150746,6.754365007863)
  );
#826 = ORIENTED_EDGE('',*,*,#827,.F.);
#827 = EDGE_CURVE('',#828,#820,#830,.T.);
#828 = VERTEX_POINT('',#829);
#829 = CARTESIAN_POINT('',(14.32178343949,2.571635247374,6.480748893202)
  );
#830 = LINE('',#831,#832);
#831 = CARTESIAN_POINT('',(14.32178343949,2.571635247374,6.480748893202)
  );
#832 = VECTOR('',#833,1.);
#833 = DIRECTION('',(0.,-0.939692620786,0.342020143326));
#834 = ORIENTED_EDGE('',*,*,#835,.F.);
#835 = EDGE_CURVE('',#797,#828,#836,.T.);
#836 = B_SPLINE_CURVE_WITH_KNOTS('',2,(#837,#838,#839),.UNSPECIFIED.,.F.
  ,.F.,(3,3),(0.,1.),.PIECEWISE_BEZIER_KNOTS.);
#837 = CARTESIAN_POINT('',(15.709044585987,2.851176806556,7.248783014853
    ));
#838 = CARTESIAN_POINT('',(15.12050955414,2.662172554104,6.729498099061)
  );
#839 = CARTESIAN_POINT('',(14.32178343949,2.571635247374,6.480748893202)
  );
#840 = SURFACE_OF_LINEAR_EXTRUSION('',#841,#845);
#841 = B_SPLINE_CURVE_WITH_KNOTS('',2,(#842,#843,#844),.UNSPECIFIED.,.F.
  ,.F.,(3,3),(0.,1.),.PIECEWISE_BEZIER_KNOTS.);
#842 = CARTESIAN_POINT('',(15.709044585987,2.851176806556,7.248783014853
    ));
#843 = CARTESIAN_POINT('',(15.12050955414,2.662172554104,6.729498099061)
  );
#844 = CARTESIAN_POINT('',(14.32178343949,2.571635247374,6.480748893202)
  );
#845 = VECTOR('',#846,1.);
#846 = DIRECTION('',(-0.,0.939692620786,-0.342020143326));
#847 = ADVANCED_FACE('',(#848),#873,.T.);
#848 = FACE_BOUND('',#849,.T.);
#849 = EDGE_LOOP('',(#850,#851,#859,#867));
#850 = ORIENTED_EDGE('',*,*,#827,.T.);
#851 = ORIENTED_EDGE('',*,*,#852,.T.);
#852 = EDGE_CURVE('',#820,#853,#855,.T.);
#853 = VERTEX_POINT('',#854);
#854 = CARTESIAN_POINT('',(14.32178343949,2.15449448842,7.67370759737));
#855 = LINE('',#856,#857);
#856 = CARTESIAN_POINT('',(14.32178343949,1.819881150746,6.754365007863)
  );
#857 = VECTOR('',#858,1.);
#858 = DIRECTION('',(0.,0.342020143326,0.939692620786));
#859 = ORIENTED_EDGE('',*,*,#860,.F.);
#860 = EDGE_CURVE('',#861,#853,#863,.T.);
#861 = VERTEX_POINT('',#862);
#862 = CARTESIAN_POINT('',(14.32178343949,2.906248585048,7.40009148271)
  );
#863 = LINE('',#864,#865);
#864 = CARTESIAN_POINT('',(14.32178343949,2.906248585048,7.40009148271)
  );
#865 = VECTOR('',#866,1.);
#866 = DIRECTION('',(0.,-0.939692620786,0.342020143326));
#867 = ORIENTED_EDGE('',*,*,#868,.F.);
#868 = EDGE_CURVE('',#828,#861,#869,.T.);
#869 = LINE('',#870,#871);
#870 = CARTESIAN_POINT('',(14.32178343949,2.571635247374,6.480748893202)
  );
#871 = VECTOR('',#872,1.);
#872 = DIRECTION('',(0.,0.342020143326,0.939692620786));
#873 = PLANE('',#874);
#874 = AXIS2_PLACEMENT_3D('',#875,#876,#877);
#875 = CARTESIAN_POINT('',(14.32178343949,2.571635247374,6.480748893202)
  );
#876 = DIRECTION('',(-1.,0.,0.));
#877 = DIRECTION('',(0.,0.342020143326,0.939692620786));
#878 = ADVANCED_FACE('',(#879),#904,.T.);
#879 = FACE_BOUND('',#880,.T.);
#880 = EDGE_LOOP('',(#881,#882,#890,#898));
#881 = ORIENTED_EDGE('',*,*,#860,.T.);
#882 = ORIENTED_EDGE('',*,*,#883,.T.);
#883 = EDGE_CURVE('',#853,#884,#886,.T.);
#884 = VERTEX_POINT('',#885);
#885 = CARTESIAN_POINT('',(15.235159235669,2.332954935179,8.164023645108
    ));
#886 = B_SPLINE_CURVE_WITH_KNOTS('',2,(#887,#888,#889),.UNSPECIFIED.,.F.
  ,.F.,(3,3),(0.,1.),.PIECEWISE_BEZIER_KNOTS.);
#887 = CARTESIAN_POINT('',(14.32178343949,2.15449448842,7.67370759737));
#888 = CARTESIAN_POINT('',(14.742165605096,2.20154948903,7.80299014902)
  );
#889 = CARTESIAN_POINT('',(15.235159235669,2.332954935179,8.164023645108
    ));
#890 = ORIENTED_EDGE('',*,*,#891,.F.);
#891 = EDGE_CURVE('',#892,#884,#894,.T.);
#892 = VERTEX_POINT('',#893);
#893 = CARTESIAN_POINT('',(15.235159235669,3.084709031808,7.890407530447
    ));
#894 = LINE('',#895,#896);
#895 = CARTESIAN_POINT('',(15.235159235669,3.084709031808,7.890407530447
    ));
#896 = VECTOR('',#897,1.);
#897 = DIRECTION('',(0.,-0.939692620786,0.342020143326));
#898 = ORIENTED_EDGE('',*,*,#899,.F.);
#899 = EDGE_CURVE('',#861,#892,#900,.T.);
#900 = B_SPLINE_CURVE_WITH_KNOTS('',2,(#901,#902,#903),.UNSPECIFIED.,.F.
  ,.F.,(3,3),(0.,1.),.PIECEWISE_BEZIER_KNOTS.);
#901 = CARTESIAN_POINT('',(14.32178343949,2.906248585048,7.40009148271)
  );
#902 = CARTESIAN_POINT('',(14.742165605096,2.953303585659,7.529374034359
    ));
#903 = CARTESIAN_POINT('',(15.235159235669,3.084709031808,7.890407530447
    ));
#904 = SURFACE_OF_LINEAR_EXTRUSION('',#905,#909);
#905 = B_SPLINE_CURVE_WITH_KNOTS('',2,(#906,#907,#908),.UNSPECIFIED.,.F.
  ,.F.,(3,3),(0.,1.),.PIECEWISE_BEZIER_KNOTS.);
#906 = CARTESIAN_POINT('',(14.32178343949,2.906248585048,7.40009148271)
  );
#907 = CARTESIAN_POINT('',(14.742165605096,2.953303585659,7.529374034359
    ));
#908 = CARTESIAN_POINT('',(15.235159235669,3.084709031808,7.890407530447
    ));
#909 = VECTOR('',#910,1.);
#910 = DIRECTION('',(-0.,0.939692620786,-0.342020143326));
#911 = ADVANCED_FACE('',(#912),#937,.T.);
#912 = FACE_BOUND('',#913,.T.);
#913 = EDGE_LOOP('',(#914,#915,#923,#931));
#914 = ORIENTED_EDGE('',*,*,#891,.T.);
#915 = ORIENTED_EDGE('',*,*,#916,.T.);
#916 = EDGE_CURVE('',#884,#917,#919,.T.);
#917 = VERTEX_POINT('',#918);
#918 = CARTESIAN_POINT('',(15.911592356688,2.639683828047,9.006754352157
    ));
#919 = B_SPLINE_CURVE_WITH_KNOTS('',2,(#920,#921,#922),.UNSPECIFIED.,.F.
  ,.F.,(3,3),(0.,1.),.PIECEWISE_BEZIER_KNOTS.);
#920 = CARTESIAN_POINT('',(15.235159235669,2.332954935179,8.164023645108
    ));
#921 = CARTESIAN_POINT('',(15.728152866242,2.464447520218,8.525296553329
    ));
#922 = CARTESIAN_POINT('',(15.911592356688,2.639683828047,9.006754352157
    ));
#923 = ORIENTED_EDGE('',*,*,#924,.F.);
#924 = EDGE_CURVE('',#925,#917,#927,.T.);
#925 = VERTEX_POINT('',#926);
#926 = CARTESIAN_POINT('',(15.911592356688,3.391437924676,8.733138237496
    ));
#927 = LINE('',#928,#929);
#928 = CARTESIAN_POINT('',(15.911592356688,3.391437924676,8.733138237496
    ));
#929 = VECTOR('',#930,1.);
#930 = DIRECTION('',(0.,-0.939692620786,0.342020143326));
#931 = ORIENTED_EDGE('',*,*,#932,.F.);
#932 = EDGE_CURVE('',#892,#925,#933,.T.);
#933 = B_SPLINE_CURVE_WITH_KNOTS('',2,(#934,#935,#936),.UNSPECIFIED.,.F.
  ,.F.,(3,3),(0.,1.),.PIECEWISE_BEZIER_KNOTS.);
#934 = CARTESIAN_POINT('',(15.235159235669,3.084709031808,7.890407530447
    ));
#935 = CARTESIAN_POINT('',(15.728152866242,3.216201616847,8.251680438668
    ));
#936 = CARTESIAN_POINT('',(15.911592356688,3.391437924676,8.733138237496
    ));
#937 = SURFACE_OF_LINEAR_EXTRUSION('',#938,#942);
#938 = B_SPLINE_CURVE_WITH_KNOTS('',2,(#939,#940,#941),.UNSPECIFIED.,.F.
  ,.F.,(3,3),(0.,1.),.PIECEWISE_BEZIER_KNOTS.);
#939 = CARTESIAN_POINT('',(15.235159235669,3.084709031808,7.890407530447
    ));
#940 = CARTESIAN_POINT('',(15.728152866242,3.216201616847,8.251680438668
    ));
#941 = CARTESIAN_POINT('',(15.911592356688,3.391437924676,8.733138237496
    ));
#942 = VECTOR('',#943,1.);
#943 = DIRECTION('',(-0.,0.939692620786,-0.342020143326));
#944 = ADVANCED_FACE('',(#945),#970,.T.);
#945 = FACE_BOUND('',#946,.T.);
#946 = EDGE_LOOP('',(#947,#948,#956,#964));
#947 = ORIENTED_EDGE('',*,*,#924,.T.);
#948 = ORIENTED_EDGE('',*,*,#949,.T.);
#949 = EDGE_CURVE('',#917,#950,#952,.T.);
#950 = VERTEX_POINT('',#951);
#951 = CARTESIAN_POINT('',(16.782929936306,2.639683828047,9.006754352157
    ));
#952 = LINE('',#953,#954);
#953 = CARTESIAN_POINT('',(15.911592356688,2.639683828047,9.006754352157
    ));
#954 = VECTOR('',#955,1.);
#955 = DIRECTION('',(1.,0.,0.));
#956 = ORIENTED_EDGE('',*,*,#957,.F.);
#957 = EDGE_CURVE('',#958,#950,#960,.T.);
#958 = VERTEX_POINT('',#959);
#959 = CARTESIAN_POINT('',(16.782929936306,3.391437924676,8.733138237496
    ));
#960 = LINE('',#961,#962);
#961 = CARTESIAN_POINT('',(16.782929936306,3.391437924676,8.733138237496
    ));
#962 = VECTOR('',#963,1.);
#963 = DIRECTION('',(0.,-0.939692620786,0.342020143326));
#964 = ORIENTED_EDGE('',*,*,#965,.F.);
#965 = EDGE_CURVE('',#925,#958,#966,.T.);
#966 = LINE('',#967,#968);
#967 = CARTESIAN_POINT('',(15.911592356688,3.391437924676,8.733138237496
    ));
#968 = VECTOR('',#969,1.);
#969 = DIRECTION('',(1.,0.,0.));
#970 = PLANE('',#971);
#971 = AXIS2_PLACEMENT_3D('',#972,#973,#974);
#972 = CARTESIAN_POINT('',(15.911592356688,3.391437924676,8.733138237496
    ));
#973 = DIRECTION('',(0.,0.342020143326,0.939692620786));
#974 = DIRECTION('',(1.,0.,0.));
#975 = ADVANCED_FACE('',(#976),#992,.T.);
#976 = FACE_BOUND('',#977,.T.);
#977 = EDGE_LOOP('',(#978,#979,#985,#986));
#978 = ORIENTED_EDGE('',*,*,#957,.T.);
#979 = ORIENTED_EDGE('',*,*,#980,.T.);
#980 = EDGE_CURVE('',#950,#750,#981,.T.);
#981 = LINE('',#982,#983);
#982 = CARTESIAN_POINT('',(16.782929936306,2.639683828047,9.006754352157
    ));
#983 = VECTOR('',#984,1.);
#984 = DIRECTION('',(0.,-0.342020143326,-0.939692620786));
#985 = ORIENTED_EDGE('',*,*,#747,.F.);
#986 = ORIENTED_EDGE('',*,*,#987,.F.);
#987 = EDGE_CURVE('',#958,#748,#988,.T.);
#988 = LINE('',#989,#990);
#989 = CARTESIAN_POINT('',(16.782929936306,3.391437924676,8.733138237496
    ));
#990 = VECTOR('',#991,1.);
#991 = DIRECTION('',(0.,-0.342020143326,-0.939692620786));
#992 = PLANE('',#993);
#993 = AXIS2_PLACEMENT_3D('',#994,#995,#996);
#994 = CARTESIAN_POINT('',(16.782929936306,3.391437924676,8.733138237496
    ));
#995 = DIRECTION('',(1.,0.,0.));
#996 = DIRECTION('',(0.,-0.342020143326,-0.939692620786));
#997 = ADVANCED_FACE('',(#998),#1008,.F.);
#998 = FACE_BOUND('',#999,.T.);
#999 = EDGE_LOOP('',(#1000,#1001,#1002,#1003,#1004,#1005,#1006,#1007));
#1000 = ORIENTED_EDGE('',*,*,#773,.T.);
#1001 = ORIENTED_EDGE('',*,*,#804,.T.);
#1002 = ORIENTED_EDGE('',*,*,#835,.T.);
#1003 = ORIENTED_EDGE('',*,*,#868,.T.);
#1004 = ORIENTED_EDGE('',*,*,#899,.T.);
#1005 = ORIENTED_EDGE('',*,*,#932,.T.);
#1006 = ORIENTED_EDGE('',*,*,#965,.T.);
#1007 = ORIENTED_EDGE('',*,*,#987,.T.);
#1008 = PLANE('',#1009);
#1009 = AXIS2_PLACEMENT_3D('',#1010,#1011,#1012);
#1010 = CARTESIAN_POINT('',(15.931641088272,2.484916324519,
    6.242490610816));
#1011 = DIRECTION('',(0.,-0.939692620786,0.342020143326));
#1012 = DIRECTION('',(1.,0.,0.));
#1013 = ADVANCED_FACE('',(#1014),#1024,.T.);
#1014 = FACE_BOUND('',#1015,.F.);
#1015 = EDGE_LOOP('',(#1016,#1017,#1018,#1019,#1020,#1021,#1022,#1023));
#1016 = ORIENTED_EDGE('',*,*,#757,.T.);
#1017 = ORIENTED_EDGE('',*,*,#788,.T.);
#1018 = ORIENTED_EDGE('',*,*,#819,.T.);
#1019 = ORIENTED_EDGE('',*,*,#852,.T.);
#1020 = ORIENTED_EDGE('',*,*,#883,.T.);
#1021 = ORIENTED_EDGE('',*,*,#916,.T.);
#1022 = ORIENTED_EDGE('',*,*,#949,.T.);
#1023 = ORIENTED_EDGE('',*,*,#980,.T.);
#1024 = PLANE('',#1025);
#1025 = AXIS2_PLACEMENT_3D('',#1026,#1027,#1028);
#1026 = CARTESIAN_POINT('',(15.931641088272,1.73316222789,6.516106725477
    ));
#1027 = DIRECTION('',(0.,-0.939692620786,0.342020143326));
#1028 = DIRECTION('',(1.,0.,0.));
#1029 = MANIFOLD_SOLID_BREP('',#1030);
#1030 = CLOSED_SHELL('',(#1031,#1071,#1104,#1137,#1170,#1203,#1236,#1269
    ,#1302,#1335,#1368,#1401,#1434,#1467,#1500,#1533,#1557,#1581));
#1031 = ADVANCED_FACE('',(#1032),#1066,.T.);
#1032 = FACE_BOUND('',#1033,.T.);
#1033 = EDGE_LOOP('',(#1034,#1044,#1052,#1060));
#1034 = ORIENTED_EDGE('',*,*,#1035,.T.);
#1035 = EDGE_CURVE('',#1036,#1038,#1040,.T.);
#1036 = VERTEX_POINT('',#1037);
#1037 = CARTESIAN_POINT('',(22.027006369427,2.91156405734,7.414695622804
    ));
#1038 = VERTEX_POINT('',#1039);
#1039 = CARTESIAN_POINT('',(22.027006369427,2.159809960711,
    7.688311737464));
#1040 = LINE('',#1041,#1042);
#1041 = CARTESIAN_POINT('',(22.027006369427,2.91156405734,7.414695622804
    ));
#1042 = VECTOR('',#1043,1.);
#1043 = DIRECTION('',(0.,-0.939692620786,0.342020143326));
#1044 = ORIENTED_EDGE('',*,*,#1045,.T.);
#1045 = EDGE_CURVE('',#1038,#1046,#1048,.T.);
#1046 = VERTEX_POINT('',#1047);
#1047 = CARTESIAN_POINT('',(20.987515923567,2.121033154652,7.58177333842
    ));
#1048 = LINE('',#1049,#1050);
#1049 = CARTESIAN_POINT('',(22.027006369427,2.159809960711,
    7.688311737464));
#1050 = VECTOR('',#1051,1.);
#1051 = DIRECTION('',(-0.994104564342,-3.708374622103E-02,
    -0.101886755371));
#1052 = ORIENTED_EDGE('',*,*,#1053,.F.);
#1053 = EDGE_CURVE('',#1054,#1046,#1056,.T.);
#1054 = VERTEX_POINT('',#1055);
#1055 = CARTESIAN_POINT('',(20.987515923567,2.872787251281,
    7.308157223759));
#1056 = LINE('',#1057,#1058);
#1057 = CARTESIAN_POINT('',(20.987515923567,2.872787251281,
    7.308157223759));
#1058 = VECTOR('',#1059,1.);
#1059 = DIRECTION('',(0.,-0.939692620786,0.342020143326));
#1060 = ORIENTED_EDGE('',*,*,#1061,.F.);
#1061 = EDGE_CURVE('',#1036,#1054,#1062,.T.);
#1062 = LINE('',#1063,#1064);
#1063 = CARTESIAN_POINT('',(22.027006369427,2.91156405734,7.414695622804
    ));
#1064 = VECTOR('',#1065,1.);
#1065 = DIRECTION('',(-0.994104564342,-3.708374622103E-02,
    -0.101886755371));
#1066 = PLANE('',#1067);
#1067 = AXIS2_PLACEMENT_3D('',#1068,#1069,#1070);
#1068 = CARTESIAN_POINT('',(22.027006369427,2.91156405734,7.414695622804
    ));
#1069 = DIRECTION('',(0.108425620376,-0.340003785577,-0.934152723402));
#1070 = DIRECTION('',(-0.994104564342,-3.708374622103E-02,
    -0.101886755371));
#1071 = ADVANCED_FACE('',(#1072),#1097,.T.);
#1072 = FACE_BOUND('',#1073,.T.);
#1073 = EDGE_LOOP('',(#1074,#1075,#1083,#1091));
#1074 = ORIENTED_EDGE('',*,*,#1053,.T.);
#1075 = ORIENTED_EDGE('',*,*,#1076,.T.);
#1076 = EDGE_CURVE('',#1046,#1077,#1079,.T.);
#1077 = VERTEX_POINT('',#1078);
#1078 = CARTESIAN_POINT('',(20.788789808917,2.281281573398,
    8.022052250426));
#1079 = B_SPLINE_CURVE_WITH_KNOTS('',2,(#1080,#1081,#1082),
  .UNSPECIFIED.,.F.,.F.,(3,3),(0.,1.),.PIECEWISE_BEZIER_KNOTS.);
#1080 = CARTESIAN_POINT('',(20.987515923567,2.121033154652,7.58177333842
    ));
#1081 = CARTESIAN_POINT('',(20.949299363057,2.229608211616,
    7.880080855744));
#1082 = CARTESIAN_POINT('',(20.788789808917,2.281281573398,
    8.022052250426));
#1083 = ORIENTED_EDGE('',*,*,#1084,.F.);
#1084 = EDGE_CURVE('',#1085,#1077,#1087,.T.);
#1085 = VERTEX_POINT('',#1086);
#1086 = CARTESIAN_POINT('',(20.788789808917,3.033035670027,
    7.748436135766));
#1087 = LINE('',#1088,#1089);
#1088 = CARTESIAN_POINT('',(20.788789808917,3.033035670027,
    7.748436135766));
#1089 = VECTOR('',#1090,1.);
#1090 = DIRECTION('',(0.,-0.939692620786,0.342020143326));
#1091 = ORIENTED_EDGE('',*,*,#1092,.F.);
#1092 = EDGE_CURVE('',#1054,#1085,#1093,.T.);
#1093 = B_SPLINE_CURVE_WITH_KNOTS('',2,(#1094,#1095,#1096),
  .UNSPECIFIED.,.F.,.F.,(3,3),(0.,1.),.PIECEWISE_BEZIER_KNOTS.);
#1094 = CARTESIAN_POINT('',(20.987515923567,2.872787251281,
    7.308157223759));
#1095 = CARTESIAN_POINT('',(20.949299363057,2.981362308245,
    7.606464741084));
#1096 = CARTESIAN_POINT('',(20.788789808917,3.033035670027,
    7.748436135766));
#1097 = SURFACE_OF_LINEAR_EXTRUSION('',#1098,#1102);
#1098 = B_SPLINE_CURVE_WITH_KNOTS('',2,(#1099,#1100,#1101),
  .UNSPECIFIED.,.F.,.F.,(3,3),(0.,1.),.PIECEWISE_BEZIER_KNOTS.);
#1099 = CARTESIAN_POINT('',(20.987515923567,2.872787251281,
    7.308157223759));
#1100 = CARTESIAN_POINT('',(20.949299363057,2.981362308245,
    7.606464741084));
#1101 = CARTESIAN_POINT('',(20.788789808917,3.033035670027,
    7.748436135766));
#1102 = VECTOR('',#1103,1.);
#1103 = DIRECTION('',(-0.,0.939692620786,-0.342020143326));
#1104 = ADVANCED_FACE('',(#1105),#1130,.T.);
#1105 = FACE_BOUND('',#1106,.T.);
#1106 = EDGE_LOOP('',(#1107,#1108,#1116,#1124));
#1107 = ORIENTED_EDGE('',*,*,#1084,.T.);
#1108 = ORIENTED_EDGE('',*,*,#1109,.T.);
#1109 = EDGE_CURVE('',#1077,#1110,#1112,.T.);
#1110 = VERTEX_POINT('',#1111);
#1111 = CARTESIAN_POINT('',(20.372229299363,2.332954935179,
    8.164023645108));
#1112 = B_SPLINE_CURVE_WITH_KNOTS('',2,(#1113,#1114,#1115),
  .UNSPECIFIED.,.F.,.F.,(3,3),(0.,1.),.PIECEWISE_BEZIER_KNOTS.);
#1113 = CARTESIAN_POINT('',(20.788789808917,2.281281573398,
    8.022052250426));
#1114 = CARTESIAN_POINT('',(20.628280254777,2.332954935179,
    8.164023645108));
#1115 = CARTESIAN_POINT('',(20.372229299363,2.332954935179,
    8.164023645108));
#1116 = ORIENTED_EDGE('',*,*,#1117,.F.);
#1117 = EDGE_CURVE('',#1118,#1110,#1120,.T.);
#1118 = VERTEX_POINT('',#1119);
#1119 = CARTESIAN_POINT('',(20.372229299363,3.084709031808,
    7.890407530447));
#1120 = LINE('',#1121,#1122);
#1121 = CARTESIAN_POINT('',(20.372229299363,3.084709031808,
    7.890407530447));
#1122 = VECTOR('',#1123,1.);
#1123 = DIRECTION('',(0.,-0.939692620786,0.342020143326));
#1124 = ORIENTED_EDGE('',*,*,#1125,.F.);
#1125 = EDGE_CURVE('',#1085,#1118,#1126,.T.);
#1126 = B_SPLINE_CURVE_WITH_KNOTS('',2,(#1127,#1128,#1129),
  .UNSPECIFIED.,.F.,.F.,(3,3),(0.,1.),.PIECEWISE_BEZIER_KNOTS.);
#1127 = CARTESIAN_POINT('',(20.788789808917,3.033035670027,
    7.748436135766));
#1128 = CARTESIAN_POINT('',(20.628280254777,3.084709031808,
    7.890407530447));
#1129 = CARTESIAN_POINT('',(20.372229299363,3.084709031808,
    7.890407530447));
#1130 = SURFACE_OF_LINEAR_EXTRUSION('',#1131,#1135);
#1131 = B_SPLINE_CURVE_WITH_KNOTS('',2,(#1132,#1133,#1134),
  .UNSPECIFIED.,.F.,.F.,(3,3),(0.,1.),.PIECEWISE_BEZIER_KNOTS.);
#1132 = CARTESIAN_POINT('',(20.788789808917,3.033035670027,
    7.748436135766));
#1133 = CARTESIAN_POINT('',(20.628280254777,3.084709031808,
    7.890407530447));
#1134 = CARTESIAN_POINT('',(20.372229299363,3.084709031808,
    7.890407530447));
#1135 = VECTOR('',#1136,1.);
#1136 = DIRECTION('',(-0.,0.939692620786,-0.342020143326));
#1137 = ADVANCED_FACE('',(#1138),#1163,.T.);
#1138 = FACE_BOUND('',#1139,.T.);
#1139 = EDGE_LOOP('',(#1140,#1141,#1149,#1157));
#1140 = ORIENTED_EDGE('',*,*,#1117,.T.);
#1141 = ORIENTED_EDGE('',*,*,#1142,.T.);
#1142 = EDGE_CURVE('',#1110,#1143,#1145,.T.);
#1143 = VERTEX_POINT('',#1144);
#1144 = CARTESIAN_POINT('',(19.796942675159,2.227952572706,
    7.875532025223));
#1145 = B_SPLINE_CURVE_WITH_KNOTS('',2,(#1146,#1147,#1148),
  .UNSPECIFIED.,.F.,.F.,(3,3),(0.,1.),.PIECEWISE_BEZIER_KNOTS.);
#1146 = CARTESIAN_POINT('',(20.372229299363,2.332954935179,
    8.164023645108));
#1147 = CARTESIAN_POINT('',(20.032101910828,2.332954935179,
    8.164023645108));
#1148 = CARTESIAN_POINT('',(19.796942675159,2.227952572706,
    7.875532025223));
#1149 = ORIENTED_EDGE('',*,*,#1150,.F.);
#1150 = EDGE_CURVE('',#1151,#1143,#1153,.T.);
#1151 = VERTEX_POINT('',#1152);
#1152 = CARTESIAN_POINT('',(19.796942675159,2.979706669335,
    7.601915910563));
#1153 = LINE('',#1154,#1155);
#1154 = CARTESIAN_POINT('',(19.796942675159,2.979706669335,
    7.601915910563));
#1155 = VECTOR('',#1156,1.);
#1156 = DIRECTION('',(0.,-0.939692620786,0.342020143326));
#1157 = ORIENTED_EDGE('',*,*,#1158,.F.);
#1158 = EDGE_CURVE('',#1118,#1151,#1159,.T.);
#1159 = B_SPLINE_CURVE_WITH_KNOTS('',2,(#1160,#1161,#1162),
  .UNSPECIFIED.,.F.,.F.,(3,3),(0.,1.),.PIECEWISE_BEZIER_KNOTS.);
#1160 = CARTESIAN_POINT('',(20.372229299363,3.084709031808,
    7.890407530447));
#1161 = CARTESIAN_POINT('',(20.032101910828,3.084709031808,
    7.890407530447));
#1162 = CARTESIAN_POINT('',(19.796942675159,2.979706669335,
    7.601915910563));
#1163 = SURFACE_OF_LINEAR_EXTRUSION('',#1164,#1168);
#1164 = B_SPLINE_CURVE_WITH_KNOTS('',2,(#1165,#1166,#1167),
  .UNSPECIFIED.,.F.,.F.,(3,3),(0.,1.),.PIECEWISE_BEZIER_KNOTS.);
#1165 = CARTESIAN_POINT('',(20.372229299363,3.084709031808,
    7.890407530447));
#1166 = CARTESIAN_POINT('',(20.032101910828,3.084709031808,
    7.890407530447));
#1167 = CARTESIAN_POINT('',(19.796942675159,2.979706669335,
    7.601915910563));
#1168 = VECTOR('',#1169,1.);
#1169 = DIRECTION('',(-0.,0.939692620786,-0.342020143326));
#1170 = ADVANCED_FACE('',(#1171),#1196,.T.);
#1171 = FACE_BOUND('',#1172,.T.);
#1172 = EDGE_LOOP('',(#1173,#1174,#1182,#1190));
#1173 = ORIENTED_EDGE('',*,*,#1150,.T.);
#1174 = ORIENTED_EDGE('',*,*,#1175,.T.);
#1175 = EDGE_CURVE('',#1143,#1176,#1178,.T.);
#1176 = VERTEX_POINT('',#1177);
#1177 = CARTESIAN_POINT('',(19.500891719745,1.791648150379,
    6.676795476873));
#1178 = B_SPLINE_CURVE_WITH_KNOTS('',2,(#1179,#1180,#1181),
  .UNSPECIFIED.,.F.,.F.,(3,3),(0.,1.),.PIECEWISE_BEZIER_KNOTS.);
#1179 = CARTESIAN_POINT('',(19.796942675159,2.227952572706,
    7.875532025223));
#1180 = CARTESIAN_POINT('',(19.562038216561,2.123037349123,
    7.587279817471));
#1181 = CARTESIAN_POINT('',(19.500891719745,1.791648150379,
    6.676795476873));
#1182 = ORIENTED_EDGE('',*,*,#1183,.F.);
#1183 = EDGE_CURVE('',#1184,#1176,#1186,.T.);
#1184 = VERTEX_POINT('',#1185);
#1185 = CARTESIAN_POINT('',(19.500891719745,2.543402247008,
    6.403179362212));
#1186 = LINE('',#1187,#1188);
#1187 = CARTESIAN_POINT('',(19.500891719745,2.543402247008,
    6.403179362212));
#1188 = VECTOR('',#1189,1.);
#1189 = DIRECTION('',(0.,-0.939692620786,0.342020143326));
#1190 = ORIENTED_EDGE('',*,*,#1191,.F.);
#1191 = EDGE_CURVE('',#1151,#1184,#1192,.T.);
#1192 = B_SPLINE_CURVE_WITH_KNOTS('',2,(#1193,#1194,#1195),
  .UNSPECIFIED.,.F.,.F.,(3,3),(0.,1.),.PIECEWISE_BEZIER_KNOTS.);
#1193 = CARTESIAN_POINT('',(19.796942675159,2.979706669335,
    7.601915910563));
#1194 = CARTESIAN_POINT('',(19.562038216561,2.874791445751,
    7.313663702811));
#1195 = CARTESIAN_POINT('',(19.500891719745,2.543402247008,
    6.403179362212));
#1196 = SURFACE_OF_LINEAR_EXTRUSION('',#1197,#1201);
#1197 = B_SPLINE_CURVE_WITH_KNOTS('',2,(#1198,#1199,#1200),
  .UNSPECIFIED.,.F.,.F.,(3,3),(0.,1.),.PIECEWISE_BEZIER_KNOTS.);
#1198 = CARTESIAN_POINT('',(19.796942675159,2.979706669335,
    7.601915910563));
#1199 = CARTESIAN_POINT('',(19.562038216561,2.874791445751,
    7.313663702811));
#1200 = CARTESIAN_POINT('',(19.500891719745,2.543402247008,
    6.403179362212));
#1201 = VECTOR('',#1202,1.);
#1202 = DIRECTION('',(-0.,0.939692620786,-0.342020143326));
#1203 = ADVANCED_FACE('',(#1204),#1229,.T.);
#1204 = FACE_BOUND('',#1205,.T.);
#1205 = EDGE_LOOP('',(#1206,#1207,#1215,#1223));
#1206 = ORIENTED_EDGE('',*,*,#1183,.T.);
#1207 = ORIENTED_EDGE('',*,*,#1208,.T.);
#1208 = EDGE_CURVE('',#1176,#1209,#1211,.T.);
#1209 = VERTEX_POINT('',#1210);
#1210 = CARTESIAN_POINT('',(20.498343949045,1.953726485815,
    7.122102043666));
#1211 = B_SPLINE_CURVE_WITH_KNOTS('',2,(#1212,#1213,#1214),
  .UNSPECIFIED.,.F.,.F.,(3,3),(0.,1.),.PIECEWISE_BEZIER_KNOTS.);
#1212 = CARTESIAN_POINT('',(19.500891719745,1.791648150379,
    6.676795476873));
#1213 = CARTESIAN_POINT('',(19.902165605096,1.953726485815,
    7.122102043666));
#1214 = CARTESIAN_POINT('',(20.498343949045,1.953726485815,
    7.122102043666));
#1215 = ORIENTED_EDGE('',*,*,#1216,.F.);
#1216 = EDGE_CURVE('',#1217,#1209,#1219,.T.);
#1217 = VERTEX_POINT('',#1218);
#1218 = CARTESIAN_POINT('',(20.498343949045,2.705480582444,
    6.848485929005));
#1219 = LINE('',#1220,#1221);
#1220 = CARTESIAN_POINT('',(20.498343949045,2.705480582444,
    6.848485929005));
#1221 = VECTOR('',#1222,1.);
#1222 = DIRECTION('',(0.,-0.939692620786,0.342020143326));
#1223 = ORIENTED_EDGE('',*,*,#1224,.F.);
#1224 = EDGE_CURVE('',#1184,#1217,#1225,.T.);
#1225 = B_SPLINE_CURVE_WITH_KNOTS('',2,(#1226,#1227,#1228),
  .UNSPECIFIED.,.F.,.F.,(3,3),(0.,1.),.PIECEWISE_BEZIER_KNOTS.);
#1226 = CARTESIAN_POINT('',(19.500891719745,2.543402247008,
    6.403179362212));
#1227 = CARTESIAN_POINT('',(19.902165605096,2.705480582444,
    6.848485929005));
#1228 = CARTESIAN_POINT('',(20.498343949045,2.705480582444,
    6.848485929005));
#1229 = SURFACE_OF_LINEAR_EXTRUSION('',#1230,#1234);
#1230 = B_SPLINE_CURVE_WITH_KNOTS('',2,(#1231,#1232,#1233),
  .UNSPECIFIED.,.F.,.F.,(3,3),(0.,1.),.PIECEWISE_BEZIER_KNOTS.);
#1231 = CARTESIAN_POINT('',(19.500891719745,2.543402247008,
    6.403179362212));
#1232 = CARTESIAN_POINT('',(19.902165605096,2.705480582444,
    6.848485929005));
#1233 = CARTESIAN_POINT('',(20.498343949045,2.705480582444,
    6.848485929005));
#1234 = VECTOR('',#1235,1.);
#1235 = DIRECTION('',(-0.,0.939692620786,-0.342020143326));
#1236 = ADVANCED_FACE('',(#1237),#1262,.T.);
#1237 = FACE_BOUND('',#1238,.T.);
#1238 = EDGE_LOOP('',(#1239,#1240,#1248,#1256));
#1239 = ORIENTED_EDGE('',*,*,#1216,.T.);
#1240 = ORIENTED_EDGE('',*,*,#1241,.T.);
#1241 = EDGE_CURVE('',#1209,#1242,#1244,.T.);
#1242 = VERTEX_POINT('',#1243);
#1243 = CARTESIAN_POINT('',(21.650445859873,1.778577316877,6.64088365697
    ));
#1244 = B_SPLINE_CURVE_WITH_KNOTS('',2,(#1245,#1246,#1247),
  .UNSPECIFIED.,.F.,.F.,(3,3),(0.,1.),.PIECEWISE_BEZIER_KNOTS.);
#1245 = CARTESIAN_POINT('',(20.498343949045,1.953726485815,
    7.122102043666));
#1246 = CARTESIAN_POINT('',(21.170955414013,1.953726485815,
    7.122102043666));
#1247 = CARTESIAN_POINT('',(21.650445859873,1.778577316877,6.64088365697
    ));
#1248 = ORIENTED_EDGE('',*,*,#1249,.F.);
#1249 = EDGE_CURVE('',#1250,#1242,#1252,.T.);
#1250 = VERTEX_POINT('',#1251);
#1251 = CARTESIAN_POINT('',(21.650445859873,2.530331413505,6.36726754231
    ));
#1252 = LINE('',#1253,#1254);
#1253 = CARTESIAN_POINT('',(21.650445859873,2.530331413505,6.36726754231
    ));
#1254 = VECTOR('',#1255,1.);
#1255 = DIRECTION('',(0.,-0.939692620786,0.342020143326));
#1256 = ORIENTED_EDGE('',*,*,#1257,.F.);
#1257 = EDGE_CURVE('',#1217,#1250,#1258,.T.);
#1258 = B_SPLINE_CURVE_WITH_KNOTS('',2,(#1259,#1260,#1261),
  .UNSPECIFIED.,.F.,.F.,(3,3),(0.,1.),.PIECEWISE_BEZIER_KNOTS.);
#1259 = CARTESIAN_POINT('',(20.498343949045,2.705480582444,
    6.848485929005));
#1260 = CARTESIAN_POINT('',(21.170955414013,2.705480582444,
    6.848485929005));
#1261 = CARTESIAN_POINT('',(21.650445859873,2.530331413505,6.36726754231
    ));
#1262 = SURFACE_OF_LINEAR_EXTRUSION('',#1263,#1267);
#1263 = B_SPLINE_CURVE_WITH_KNOTS('',2,(#1264,#1265,#1266),
  .UNSPECIFIED.,.F.,.F.,(3,3),(0.,1.),.PIECEWISE_BEZIER_KNOTS.);
#1264 = CARTESIAN_POINT('',(20.498343949045,2.705480582444,
    6.848485929005));
#1265 = CARTESIAN_POINT('',(21.170955414013,2.705480582444,
    6.848485929005));
#1266 = CARTESIAN_POINT('',(21.650445859873,2.530331413505,6.36726754231
    ));
#1267 = VECTOR('',#1268,1.);
#1268 = DIRECTION('',(-0.,0.939692620786,-0.342020143326));
#1269 = ADVANCED_FACE('',(#1270),#1295,.T.);
#1270 = FACE_BOUND('',#1271,.T.);
#1271 = EDGE_LOOP('',(#1272,#1273,#1281,#1289));
#1272 = ORIENTED_EDGE('',*,*,#1249,.T.);
#1273 = ORIENTED_EDGE('',*,*,#1274,.T.);
#1274 = EDGE_CURVE('',#1242,#1275,#1277,.T.);
#1275 = VERTEX_POINT('',#1276);
#1276 = CARTESIAN_POINT('',(22.130191082803,1.326326477677,
    5.398334688339));
#1277 = B_SPLINE_CURVE_WITH_KNOTS('',2,(#1278,#1279,#1280),
  .UNSPECIFIED.,.F.,.F.,(3,3),(0.,1.),.PIECEWISE_BEZIER_KNOTS.);
#1278 = CARTESIAN_POINT('',(21.650445859873,1.778577316877,6.64088365697
    ));
#1279 = CARTESIAN_POINT('',(22.130191082803,1.603428147938,
    6.159665270275));
#1280 = CARTESIAN_POINT('',(22.130191082803,1.326326477677,
    5.398334688339));
#1281 = ORIENTED_EDGE('',*,*,#1282,.F.);
#1282 = EDGE_CURVE('',#1283,#1275,#1285,.T.);
#1283 = VERTEX_POINT('',#1284);
#1284 = CARTESIAN_POINT('',(22.130191082803,2.078080574305,
    5.124718573678));
#1285 = LINE('',#1286,#1287);
#1286 = CARTESIAN_POINT('',(22.130191082803,2.078080574305,
    5.124718573678));
#1287 = VECTOR('',#1288,1.);
#1288 = DIRECTION('',(0.,-0.939692620786,0.342020143326));
#1289 = ORIENTED_EDGE('',*,*,#1290,.F.);
#1290 = EDGE_CURVE('',#1250,#1283,#1291,.T.);
#1291 = B_SPLINE_CURVE_WITH_KNOTS('',2,(#1292,#1293,#1294),
  .UNSPECIFIED.,.F.,.F.,(3,3),(0.,1.),.PIECEWISE_BEZIER_KNOTS.);
#1292 = CARTESIAN_POINT('',(21.650445859873,2.530331413505,6.36726754231
    ));
#1293 = CARTESIAN_POINT('',(22.130191082803,2.355182244567,
    5.886049155614));
#1294 = CARTESIAN_POINT('',(22.130191082803,2.078080574305,
    5.124718573678));
#1295 = SURFACE_OF_LINEAR_EXTRUSION('',#1296,#1300);
#1296 = B_SPLINE_CURVE_WITH_KNOTS('',2,(#1297,#1298,#1299),
  .UNSPECIFIED.,.F.,.F.,(3,3),(0.,1.),.PIECEWISE_BEZIER_KNOTS.);
#1297 = CARTESIAN_POINT('',(21.650445859873,2.530331413505,6.36726754231
    ));
#1298 = CARTESIAN_POINT('',(22.130191082803,2.355182244567,
    5.886049155614));
#1299 = CARTESIAN_POINT('',(22.130191082803,2.078080574305,
    5.124718573678));
#1300 = VECTOR('',#1301,1.);
#1301 = DIRECTION('',(-0.,0.939692620786,-0.342020143326));
#1302 = ADVANCED_FACE('',(#1303),#1328,.T.);
#1303 = FACE_BOUND('',#1304,.T.);
#1304 = EDGE_LOOP('',(#1305,#1306,#1314,#1322));
#1305 = ORIENTED_EDGE('',*,*,#1282,.T.);
#1306 = ORIENTED_EDGE('',*,*,#1307,.T.);
#1307 = EDGE_CURVE('',#1275,#1308,#1310,.T.);
#1308 = VERTEX_POINT('',#1309);
#1309 = CARTESIAN_POINT('',(21.625732484076,0.854382249332,
    4.101678577721));
#1310 = B_SPLINE_CURVE_WITH_KNOTS('',2,(#1311,#1312,#1313),
  .UNSPECIFIED.,.F.,.F.,(3,3),(0.,1.),.PIECEWISE_BEZIER_KNOTS.);
#1311 = CARTESIAN_POINT('',(22.130191082803,1.326326477677,
    5.398334688339));
#1312 = CARTESIAN_POINT('',(22.130191082803,1.032145584971,
    4.590079328397));
#1313 = CARTESIAN_POINT('',(21.625732484076,0.854382249332,
    4.101678577721));
#1314 = ORIENTED_EDGE('',*,*,#1315,.F.);
#1315 = EDGE_CURVE('',#1316,#1308,#1318,.T.);
#1316 = VERTEX_POINT('',#1317);
#1317 = CARTESIAN_POINT('',(21.625732484076,1.606136345961,3.82806246306
    ));
#1318 = LINE('',#1319,#1320);
#1319 = CARTESIAN_POINT('',(21.625732484076,1.606136345961,3.82806246306
    ));
#1320 = VECTOR('',#1321,1.);
#1321 = DIRECTION('',(0.,-0.939692620786,0.342020143326));
#1322 = ORIENTED_EDGE('',*,*,#1323,.F.);
#1323 = EDGE_CURVE('',#1283,#1316,#1324,.T.);
#1324 = B_SPLINE_CURVE_WITH_KNOTS('',2,(#1325,#1326,#1327),
  .UNSPECIFIED.,.F.,.F.,(3,3),(0.,1.),.PIECEWISE_BEZIER_KNOTS.);
#1325 = CARTESIAN_POINT('',(22.130191082803,2.078080574305,
    5.124718573678));
#1326 = CARTESIAN_POINT('',(22.130191082803,1.7838996816,4.316463213736)
  );
#1327 = CARTESIAN_POINT('',(21.625732484076,1.606136345961,3.82806246306
    ));
#1328 = SURFACE_OF_LINEAR_EXTRUSION('',#1329,#1333);
#1329 = B_SPLINE_CURVE_WITH_KNOTS('',2,(#1330,#1331,#1332),
  .UNSPECIFIED.,.F.,.F.,(3,3),(0.,1.),.PIECEWISE_BEZIER_KNOTS.);
#1330 = CARTESIAN_POINT('',(22.130191082803,2.078080574305,
    5.124718573678));
#1331 = CARTESIAN_POINT('',(22.130191082803,1.7838996816,4.316463213736)
  );
#1332 = CARTESIAN_POINT('',(21.625732484076,1.606136345961,3.82806246306
    ));
#1333 = VECTOR('',#1334,1.);
#1334 = DIRECTION('',(-0.,0.939692620786,-0.342020143326));
#1335 = ADVANCED_FACE('',(#1336),#1361,.T.);
#1336 = FACE_BOUND('',#1337,.T.);
#1337 = EDGE_LOOP('',(#1338,#1339,#1347,#1355));
#1338 = ORIENTED_EDGE('',*,*,#1315,.T.);
#1339 = ORIENTED_EDGE('',*,*,#1340,.T.);
#1340 = EDGE_CURVE('',#1308,#1341,#1343,.T.);
#1341 = VERTEX_POINT('',#1342);
#1342 = CARTESIAN_POINT('',(20.330191082803,0.676618913693,
    3.613277827045));
#1343 = B_SPLINE_CURVE_WITH_KNOTS('',2,(#1344,#1345,#1346),
  .UNSPECIFIED.,.F.,.F.,(3,3),(0.,1.),.PIECEWISE_BEZIER_KNOTS.);
#1344 = CARTESIAN_POINT('',(21.625732484076,0.854382249332,
    4.101678577721));
#1345 = CARTESIAN_POINT('',(21.12127388535,0.676618913693,3.613277827045
    ));
#1346 = CARTESIAN_POINT('',(20.330191082803,0.676618913693,
    3.613277827045));
#1347 = ORIENTED_EDGE('',*,*,#1348,.F.);
#1348 = EDGE_CURVE('',#1349,#1341,#1351,.T.);
#1349 = VERTEX_POINT('',#1350);
#1350 = CARTESIAN_POINT('',(20.330191082803,1.428373010321,
    3.339661712384));
#1351 = LINE('',#1352,#1353);
#1352 = CARTESIAN_POINT('',(20.330191082803,1.428373010321,
    3.339661712384));
#1353 = VECTOR('',#1354,1.);
#1354 = DIRECTION('',(0.,-0.939692620786,0.342020143326));
#1355 = ORIENTED_EDGE('',*,*,#1356,.F.);
#1356 = EDGE_CURVE('',#1316,#1349,#1357,.T.);
#1357 = B_SPLINE_CURVE_WITH_KNOTS('',2,(#1358,#1359,#1360),
  .UNSPECIFIED.,.F.,.F.,(3,3),(0.,1.),.PIECEWISE_BEZIER_KNOTS.);
#1358 = CARTESIAN_POINT('',(21.625732484076,1.606136345961,3.82806246306
    ));
#1359 = CARTESIAN_POINT('',(21.12127388535,1.428373010321,3.339661712384
    ));
#1360 = CARTESIAN_POINT('',(20.330191082803,1.428373010321,
    3.339661712384));
#1361 = SURFACE_OF_LINEAR_EXTRUSION('',#1362,#1366);
#1362 = B_SPLINE_CURVE_WITH_KNOTS('',2,(#1363,#1364,#1365),
  .UNSPECIFIED.,.F.,.F.,(3,3),(0.,1.),.PIECEWISE_BEZIER_KNOTS.);
#1363 = CARTESIAN_POINT('',(21.625732484076,1.606136345961,3.82806246306
    ));
#1364 = CARTESIAN_POINT('',(21.12127388535,1.428373010321,3.339661712384
    ));
#1365 = CARTESIAN_POINT('',(20.330191082803,1.428373010321,
    3.339661712384));
#1366 = VECTOR('',#1367,1.);
#1367 = DIRECTION('',(-0.,0.939692620786,-0.342020143326));
#1368 = ADVANCED_FACE('',(#1369),#1394,.T.);
#1369 = FACE_BOUND('',#1370,.T.);
#1370 = EDGE_LOOP('',(#1371,#1372,#1380,#1388));
#1371 = ORIENTED_EDGE('',*,*,#1348,.T.);
#1372 = ORIENTED_EDGE('',*,*,#1373,.T.);
#1373 = EDGE_CURVE('',#1341,#1374,#1376,.T.);
#1374 = VERTEX_POINT('',#1375);
#1375 = CARTESIAN_POINT('',(18.935286624204,0.902831472183,
    4.234791723493));
#1376 = B_SPLINE_CURVE_WITH_KNOTS('',2,(#1377,#1378,#1379),
  .UNSPECIFIED.,.F.,.F.,(3,3),(0.,1.),.PIECEWISE_BEZIER_KNOTS.);
#1377 = CARTESIAN_POINT('',(20.330191082803,0.676618913693,
    3.613277827045));
#1378 = CARTESIAN_POINT('',(19.48178343949,0.676618913693,3.613277827045
    ));
#1379 = CARTESIAN_POINT('',(18.935286624204,0.902831472183,
    4.234791723493));
#1380 = ORIENTED_EDGE('',*,*,#1381,.F.);
#1381 = EDGE_CURVE('',#1382,#1374,#1384,.T.);
#1382 = VERTEX_POINT('',#1383);
#1383 = CARTESIAN_POINT('',(18.935286624204,1.654585568812,
    3.961175608833));
#1384 = LINE('',#1385,#1386);
#1385 = CARTESIAN_POINT('',(18.935286624204,1.654585568812,
    3.961175608833));
#1386 = VECTOR('',#1387,1.);
#1387 = DIRECTION('',(0.,-0.939692620786,0.342020143326));
#1388 = ORIENTED_EDGE('',*,*,#1389,.F.);
#1389 = EDGE_CURVE('',#1349,#1382,#1390,.T.);
#1390 = B_SPLINE_CURVE_WITH_KNOTS('',2,(#1391,#1392,#1393),
  .UNSPECIFIED.,.F.,.F.,(3,3),(0.,1.),.PIECEWISE_BEZIER_KNOTS.);
#1391 = CARTESIAN_POINT('',(20.330191082803,1.428373010321,
    3.339661712384));
#1392 = CARTESIAN_POINT('',(19.48178343949,1.428373010321,3.339661712384
    ));
#1393 = CARTESIAN_POINT('',(18.935286624204,1.654585568812,
    3.961175608833));
#1394 = SURFACE_OF_LINEAR_EXTRUSION('',#1395,#1399);
#1395 = B_SPLINE_CURVE_WITH_KNOTS('',2,(#1396,#1397,#1398),
  .UNSPECIFIED.,.F.,.F.,(3,3),(0.,1.),.PIECEWISE_BEZIER_KNOTS.);
#1396 = CARTESIAN_POINT('',(20.330191082803,1.428373010321,
    3.339661712384));
#1397 = CARTESIAN_POINT('',(19.48178343949,1.428373010321,3.339661712384
    ));
#1398 = CARTESIAN_POINT('',(18.935286624204,1.654585568812,
    3.961175608833));
#1399 = VECTOR('',#1400,1.);
#1400 = DIRECTION('',(-0.,0.939692620786,-0.342020143326));
#1401 = ADVANCED_FACE('',(#1402),#1427,.T.);
#1402 = FACE_BOUND('',#1403,.T.);
#1403 = EDGE_LOOP('',(#1404,#1405,#1413,#1421));
#1404 = ORIENTED_EDGE('',*,*,#1381,.T.);
#1405 = ORIENTED_EDGE('',*,*,#1406,.T.);
#1406 = EDGE_CURVE('',#1374,#1407,#1409,.T.);
#1407 = VERTEX_POINT('',#1408);
#1408 = CARTESIAN_POINT('',(18.388789808917,1.644383426247,
    6.272188972637));
#1409 = B_SPLINE_CURVE_WITH_KNOTS('',2,(#1410,#1411,#1412),
  .UNSPECIFIED.,.F.,.F.,(3,3),(0.,1.),.PIECEWISE_BEZIER_KNOTS.);
#1410 = CARTESIAN_POINT('',(18.935286624204,0.902831472183,
    4.234791723493));
#1411 = CARTESIAN_POINT('',(18.388789808917,1.129044030673,
    4.856305619942));
#1412 = CARTESIAN_POINT('',(18.388789808917,1.644383426247,
    6.272188972637));
#1413 = ORIENTED_EDGE('',*,*,#1414,.F.);
#1414 = EDGE_CURVE('',#1415,#1407,#1417,.T.);
#1415 = VERTEX_POINT('',#1416);
#1416 = CARTESIAN_POINT('',(18.388789808917,2.396137522876,
    5.998572857976));
#1417 = LINE('',#1418,#1419);
#1418 = CARTESIAN_POINT('',(18.388789808917,2.396137522876,
    5.998572857976));
#1419 = VECTOR('',#1420,1.);
#1420 = DIRECTION('',(0.,-0.939692620786,0.342020143326));
#1421 = ORIENTED_EDGE('',*,*,#1422,.F.);
#1422 = EDGE_CURVE('',#1382,#1415,#1423,.T.);
#1423 = B_SPLINE_CURVE_WITH_KNOTS('',2,(#1424,#1425,#1426),
  .UNSPECIFIED.,.F.,.F.,(3,3),(0.,1.),.PIECEWISE_BEZIER_KNOTS.);
#1424 = CARTESIAN_POINT('',(18.935286624204,1.654585568812,
    3.961175608833));
#1425 = CARTESIAN_POINT('',(18.388789808917,1.880798127302,
    4.582689505281));
#1426 = CARTESIAN_POINT('',(18.388789808917,2.396137522876,
    5.998572857976));
#1427 = SURFACE_OF_LINEAR_EXTRUSION('',#1428,#1432);
#1428 = B_SPLINE_CURVE_WITH_KNOTS('',2,(#1429,#1430,#1431),
  .UNSPECIFIED.,.F.,.F.,(3,3),(0.,1.),.PIECEWISE_BEZIER_KNOTS.);
#1429 = CARTESIAN_POINT('',(18.935286624204,1.654585568812,
    3.961175608833));
#1430 = CARTESIAN_POINT('',(18.388789808917,1.880798127302,
    4.582689505281));
#1431 = CARTESIAN_POINT('',(18.388789808917,2.396137522876,
    5.998572857976));
#1432 = VECTOR('',#1433,1.);
#1433 = DIRECTION('',(-0.,0.939692620786,-0.342020143326));
#1434 = ADVANCED_FACE('',(#1435),#1460,.T.);
#1435 = FACE_BOUND('',#1436,.T.);
#1436 = EDGE_LOOP('',(#1437,#1438,#1446,#1454));
#1437 = ORIENTED_EDGE('',*,*,#1414,.T.);
#1438 = ORIENTED_EDGE('',*,*,#1439,.T.);
#1439 = EDGE_CURVE('',#1407,#1440,#1442,.T.);
#1440 = VERTEX_POINT('',#1441);
#1441 = CARTESIAN_POINT('',(18.95821656051,2.406238741685,8.365369248695
    ));
#1442 = B_SPLINE_CURVE_WITH_KNOTS('',2,(#1443,#1444,#1445),
  .UNSPECIFIED.,.F.,.F.,(3,3),(0.,1.),.PIECEWISE_BEZIER_KNOTS.);
#1443 = CARTESIAN_POINT('',(18.388789808917,1.644383426247,
    6.272188972637));
#1444 = CARTESIAN_POINT('',(18.388789808917,2.172880794214,
    7.724223557367));
#1445 = CARTESIAN_POINT('',(18.95821656051,2.406238741685,8.365369248695
    ));
#1446 = ORIENTED_EDGE('',*,*,#1447,.F.);
#1447 = EDGE_CURVE('',#1448,#1440,#1450,.T.);
#1448 = VERTEX_POINT('',#1449);
#1449 = CARTESIAN_POINT('',(18.95821656051,3.157992838314,8.091753134035
    ));
#1450 = LINE('',#1451,#1452);
#1451 = CARTESIAN_POINT('',(18.95821656051,3.157992838314,8.091753134035
    ));
#1452 = VECTOR('',#1453,1.);
#1453 = DIRECTION('',(0.,-0.939692620786,0.342020143326));
#1454 = ORIENTED_EDGE('',*,*,#1455,.F.);
#1455 = EDGE_CURVE('',#1415,#1448,#1456,.T.);
#1456 = B_SPLINE_CURVE_WITH_KNOTS('',2,(#1457,#1458,#1459),
  .UNSPECIFIED.,.F.,.F.,(3,3),(0.,1.),.PIECEWISE_BEZIER_KNOTS.);
#1457 = CARTESIAN_POINT('',(18.388789808917,2.396137522876,
    5.998572857976));
#1458 = CARTESIAN_POINT('',(18.388789808917,2.924634890843,
    7.450607442706));
#1459 = CARTESIAN_POINT('',(18.95821656051,3.157992838314,8.091753134035
    ));
#1460 = SURFACE_OF_LINEAR_EXTRUSION('',#1461,#1465);
#1461 = B_SPLINE_CURVE_WITH_KNOTS('',2,(#1462,#1463,#1464),
  .UNSPECIFIED.,.F.,.F.,(3,3),(0.,1.),.PIECEWISE_BEZIER_KNOTS.);
#1462 = CARTESIAN_POINT('',(18.388789808917,2.396137522876,
    5.998572857976));
#1463 = CARTESIAN_POINT('',(18.388789808917,2.924634890843,
    7.450607442706));
#1464 = CARTESIAN_POINT('',(18.95821656051,3.157992838314,8.091753134035
    ));
#1465 = VECTOR('',#1466,1.);
#1466 = DIRECTION('',(-0.,0.939692620786,-0.342020143326));
#1467 = ADVANCED_FACE('',(#1468),#1493,.T.);
#1468 = FACE_BOUND('',#1469,.T.);
#1469 = EDGE_LOOP('',(#1470,#1471,#1479,#1487));
#1470 = ORIENTED_EDGE('',*,*,#1447,.T.);
#1471 = ORIENTED_EDGE('',*,*,#1472,.T.);
#1472 = EDGE_CURVE('',#1440,#1473,#1475,.T.);
#1473 = VERTEX_POINT('',#1474);
#1474 = CARTESIAN_POINT('',(20.437197452229,2.639683828047,
    9.006754352157));
#1475 = B_SPLINE_CURVE_WITH_KNOTS('',2,(#1476,#1477,#1478),
  .UNSPECIFIED.,.F.,.F.,(3,3),(0.,1.),.PIECEWISE_BEZIER_KNOTS.);
#1476 = CARTESIAN_POINT('',(18.95821656051,2.406238741685,8.365369248695
    ));
#1477 = CARTESIAN_POINT('',(19.527643312102,2.639683828047,
    9.006754352157));
#1478 = CARTESIAN_POINT('',(20.437197452229,2.639683828047,
    9.006754352157));
#1479 = ORIENTED_EDGE('',*,*,#1480,.F.);
#1480 = EDGE_CURVE('',#1481,#1473,#1483,.T.);
#1481 = VERTEX_POINT('',#1482);
#1482 = CARTESIAN_POINT('',(20.437197452229,3.391437924676,
    8.733138237496));
#1483 = LINE('',#1484,#1485);
#1484 = CARTESIAN_POINT('',(20.437197452229,3.391437924676,
    8.733138237496));
#1485 = VECTOR('',#1486,1.);
#1486 = DIRECTION('',(0.,-0.939692620786,0.342020143326));
#1487 = ORIENTED_EDGE('',*,*,#1488,.F.);
#1488 = EDGE_CURVE('',#1448,#1481,#1489,.T.);
#1489 = B_SPLINE_CURVE_WITH_KNOTS('',2,(#1490,#1491,#1492),
  .UNSPECIFIED.,.F.,.F.,(3,3),(0.,1.),.PIECEWISE_BEZIER_KNOTS.);
#1490 = CARTESIAN_POINT('',(18.95821656051,3.157992838314,8.091753134035
    ));
#1491 = CARTESIAN_POINT('',(19.527643312102,3.391437924676,
    8.733138237496));
#1492 = CARTESIAN_POINT('',(20.437197452229,3.391437924676,
    8.733138237496));
#1493 = SURFACE_OF_LINEAR_EXTRUSION('',#1494,#1498);
#1494 = B_SPLINE_CURVE_WITH_KNOTS('',2,(#1495,#1496,#1497),
  .UNSPECIFIED.,.F.,.F.,(3,3),(0.,1.),.PIECEWISE_BEZIER_KNOTS.);
#1495 = CARTESIAN_POINT('',(18.95821656051,3.157992838314,8.091753134035
    ));
#1496 = CARTESIAN_POINT('',(19.527643312102,3.391437924676,
    8.733138237496));
#1497 = CARTESIAN_POINT('',(20.437197452229,3.391437924676,
    8.733138237496));
#1498 = VECTOR('',#1499,1.);
#1499 = DIRECTION('',(-0.,0.939692620786,-0.342020143326));
#1500 = ADVANCED_FACE('',(#1501),#1526,.T.);
#1501 = FACE_BOUND('',#1502,.T.);
#1502 = EDGE_LOOP('',(#1503,#1504,#1512,#1520));
#1503 = ORIENTED_EDGE('',*,*,#1480,.T.);
#1504 = ORIENTED_EDGE('',*,*,#1505,.T.);
#1505 = EDGE_CURVE('',#1473,#1506,#1508,.T.);
#1506 = VERTEX_POINT('',#1507);
#1507 = CARTESIAN_POINT('',(21.493757961783,2.51673085423,8.668943832939
    ));
#1508 = B_SPLINE_CURVE_WITH_KNOTS('',2,(#1509,#1510,#1511),
  .UNSPECIFIED.,.F.,.F.,(3,3),(0.,1.),.PIECEWISE_BEZIER_KNOTS.);
#1509 = CARTESIAN_POINT('',(20.437197452229,2.639683828047,
    9.006754352157));
#1510 = CARTESIAN_POINT('',(21.075414012739,2.639683828047,
    9.006754352157));
#1511 = CARTESIAN_POINT('',(21.493757961783,2.51673085423,8.668943832939
    ));
#1512 = ORIENTED_EDGE('',*,*,#1513,.F.);
#1513 = EDGE_CURVE('',#1514,#1506,#1516,.T.);
#1514 = VERTEX_POINT('',#1515);
#1515 = CARTESIAN_POINT('',(21.493757961783,3.268484950859,
    8.395327718279));
#1516 = LINE('',#1517,#1518);
#1517 = CARTESIAN_POINT('',(21.493757961783,3.268484950859,
    8.395327718279));
#1518 = VECTOR('',#1519,1.);
#1519 = DIRECTION('',(0.,-0.939692620786,0.342020143326));
#1520 = ORIENTED_EDGE('',*,*,#1521,.F.);
#1521 = EDGE_CURVE('',#1481,#1514,#1522,.T.);
#1522 = B_SPLINE_CURVE_WITH_KNOTS('',2,(#1523,#1524,#1525),
  .UNSPECIFIED.,.F.,.F.,(3,3),(0.,1.),.PIECEWISE_BEZIER_KNOTS.);
#1523 = CARTESIAN_POINT('',(20.437197452229,3.391437924676,
    8.733138237496));
#1524 = CARTESIAN_POINT('',(21.075414012739,3.391437924676,
    8.733138237496));
#1525 = CARTESIAN_POINT('',(21.493757961783,3.268484950859,
    8.395327718279));
#1526 = SURFACE_OF_LINEAR_EXTRUSION('',#1527,#1531);
#1527 = B_SPLINE_CURVE_WITH_KNOTS('',2,(#1528,#1529,#1530),
  .UNSPECIFIED.,.F.,.F.,(3,3),(0.,1.),.PIECEWISE_BEZIER_KNOTS.);
#1528 = CARTESIAN_POINT('',(20.437197452229,3.391437924676,
    8.733138237496));
#1529 = CARTESIAN_POINT('',(21.075414012739,3.391437924676,
    8.733138237496));
#1530 = CARTESIAN_POINT('',(21.493757961783,3.268484950859,
    8.395327718279));
#1531 = VECTOR('',#1532,1.);
#1532 = DIRECTION('',(-0.,0.939692620786,-0.342020143326));
#1533 = ADVANCED_FACE('',(#1534),#1550,.T.);
#1534 = FACE_BOUND('',#1535,.T.);
#1535 = EDGE_LOOP('',(#1536,#1537,#1543,#1544));
#1536 = ORIENTED_EDGE('',*,*,#1513,.T.);
#1537 = ORIENTED_EDGE('',*,*,#1538,.T.);
#1538 = EDGE_CURVE('',#1506,#1038,#1539,.T.);
#1539 = B_SPLINE_CURVE_WITH_KNOTS('',2,(#1540,#1541,#1542),
  .UNSPECIFIED.,.F.,.F.,(3,3),(0.,1.),.PIECEWISE_BEZIER_KNOTS.);
#1540 = CARTESIAN_POINT('',(21.493757961783,2.51673085423,8.668943832939
    ));
#1541 = CARTESIAN_POINT('',(21.912356687898,2.393865019303,
    8.331372725854));
#1542 = CARTESIAN_POINT('',(22.027006369427,2.159809960711,
    7.688311737464));
#1543 = ORIENTED_EDGE('',*,*,#1035,.F.);
#1544 = ORIENTED_EDGE('',*,*,#1545,.F.);
#1545 = EDGE_CURVE('',#1514,#1036,#1546,.T.);
#1546 = B_SPLINE_CURVE_WITH_KNOTS('',2,(#1547,#1548,#1549),
  .UNSPECIFIED.,.F.,.F.,(3,3),(0.,1.),.PIECEWISE_BEZIER_KNOTS.);
#1547 = CARTESIAN_POINT('',(21.493757961783,3.268484950859,
    8.395327718279));
#1548 = CARTESIAN_POINT('',(21.912356687898,3.145619115931,
    8.057756611194));
#1549 = CARTESIAN_POINT('',(22.027006369427,2.91156405734,7.414695622804
    ));
#1550 = SURFACE_OF_LINEAR_EXTRUSION('',#1551,#1555);
#1551 = B_SPLINE_CURVE_WITH_KNOTS('',2,(#1552,#1553,#1554),
  .UNSPECIFIED.,.F.,.F.,(3,3),(0.,1.),.PIECEWISE_BEZIER_KNOTS.);
#1552 = CARTESIAN_POINT('',(21.493757961783,3.268484950859,
    8.395327718279));
#1553 = CARTESIAN_POINT('',(21.912356687898,3.145619115931,
    8.057756611194));
#1554 = CARTESIAN_POINT('',(22.027006369427,2.91156405734,7.414695622804
    ));
#1555 = VECTOR('',#1556,1.);
#1556 = DIRECTION('',(-0.,0.939692620786,-0.342020143326));
#1557 = ADVANCED_FACE('',(#1558),#1576,.F.);
#1558 = FACE_BOUND('',#1559,.T.);
#1559 = EDGE_LOOP('',(#1560,#1561,#1562,#1563,#1564,#1565,#1566,#1567,
    #1568,#1569,#1570,#1571,#1572,#1573,#1574,#1575));
#1560 = ORIENTED_EDGE('',*,*,#1061,.T.);
#1561 = ORIENTED_EDGE('',*,*,#1092,.T.);
#1562 = ORIENTED_EDGE('',*,*,#1125,.T.);
#1563 = ORIENTED_EDGE('',*,*,#1158,.T.);
#1564 = ORIENTED_EDGE('',*,*,#1191,.T.);
#1565 = ORIENTED_EDGE('',*,*,#1224,.T.);
#1566 = ORIENTED_EDGE('',*,*,#1257,.T.);
#1567 = ORIENTED_EDGE('',*,*,#1290,.T.);
#1568 = ORIENTED_EDGE('',*,*,#1323,.T.);
#1569 = ORIENTED_EDGE('',*,*,#1356,.T.);
#1570 = ORIENTED_EDGE('',*,*,#1389,.T.);
#1571 = ORIENTED_EDGE('',*,*,#1422,.T.);
#1572 = ORIENTED_EDGE('',*,*,#1455,.T.);
#1573 = ORIENTED_EDGE('',*,*,#1488,.T.);
#1574 = ORIENTED_EDGE('',*,*,#1521,.T.);
#1575 = ORIENTED_EDGE('',*,*,#1545,.T.);
#1576 = PLANE('',#1577);
#1577 = AXIS2_PLACEMENT_3D('',#1578,#1579,#1580);
#1578 = CARTESIAN_POINT('',(20.28108912463,2.51343073308,6.320833304469)
  );
#1579 = DIRECTION('',(0.,-0.939692620786,0.342020143326));
#1580 = DIRECTION('',(1.,0.,0.));
#1581 = ADVANCED_FACE('',(#1582),#1600,.T.);
#1582 = FACE_BOUND('',#1583,.F.);
#1583 = EDGE_LOOP('',(#1584,#1585,#1586,#1587,#1588,#1589,#1590,#1591,
    #1592,#1593,#1594,#1595,#1596,#1597,#1598,#1599));
#1584 = ORIENTED_EDGE('',*,*,#1045,.T.);
#1585 = ORIENTED_EDGE('',*,*,#1076,.T.);
#1586 = ORIENTED_EDGE('',*,*,#1109,.T.);
#1587 = ORIENTED_EDGE('',*,*,#1142,.T.);
#1588 = ORIENTED_EDGE('',*,*,#1175,.T.);
#1589 = ORIENTED_EDGE('',*,*,#1208,.T.);
#1590 = ORIENTED_EDGE('',*,*,#1241,.T.);
#1591 = ORIENTED_EDGE('',*,*,#1274,.T.);
#1592 = ORIENTED_EDGE('',*,*,#1307,.T.);
#1593 = ORIENTED_EDGE('',*,*,#1340,.T.);
#1594 = ORIENTED_EDGE('',*,*,#1373,.T.);
#1595 = ORIENTED_EDGE('',*,*,#1406,.T.);
#1596 = ORIENTED_EDGE('',*,*,#1439,.T.);
#1597 = ORIENTED_EDGE('',*,*,#1472,.T.);
#1598 = ORIENTED_EDGE('',*,*,#1505,.T.);
#1599 = ORIENTED_EDGE('',*,*,#1538,.T.);
#1600 = PLANE('',#1601);
#1601 = AXIS2_PLACEMENT_3D('',#1602,#1603,#1604);
#1602 = CARTESIAN_POINT('',(20.28108912463,1.761676636452,6.594449419129
    ));
#1603 = DIRECTION('',(0.,-0.939692620786,0.342020143326));
#1604 = DIRECTION('',(1.,0.,0.));
#1605 = MANIFOLD_SOLID_BREP('',#1606);
#1606 = CLOSED_SHELL('',(#1607,#1649,#1682,#1715,#1748,#1781,#1814,#1847
    ,#1871,#1887));
#1607 = ADVANCED_FACE('',(#1608),#1642,.F.);
#1608 = FACE_BOUND('',#1609,.F.);
#1609 = EDGE_LOOP('',(#1610,#1620,#1628,#1636));
#1610 = ORIENTED_EDGE('',*,*,#1611,.T.);
#1611 = EDGE_CURVE('',#1612,#1614,#1616,.T.);
#1612 = VERTEX_POINT('',#1613);
#1613 = CARTESIAN_POINT('',(19.592611464968,2.106400713561,
    5.202527516801));
#1614 = VERTEX_POINT('',#1615);
#1615 = CARTESIAN_POINT('',(19.592611464968,1.354646616933,
    5.476143631461));
#1616 = LINE('',#1617,#1618);
#1617 = CARTESIAN_POINT('',(19.592611464968,2.106400713561,
    5.202527516801));
#1618 = VECTOR('',#1619,1.);
#1619 = DIRECTION('',(0.,-0.939692620786,0.342020143326));
#1620 = ORIENTED_EDGE('',*,*,#1621,.T.);
#1621 = EDGE_CURVE('',#1614,#1622,#1624,.T.);
#1622 = VERTEX_POINT('',#1623);
#1623 = CARTESIAN_POINT('',(19.833375796178,1.080071974482,
    4.721756001373));
#1624 = B_SPLINE_CURVE_WITH_KNOTS('',2,(#1625,#1626,#1627),
  .UNSPECIFIED.,.F.,.F.,(3,3),(0.,1.),.PIECEWISE_BEZIER_KNOTS.);
#1625 = CARTESIAN_POINT('',(19.592611464968,1.354646616933,
    5.476143631461));
#1626 = CARTESIAN_POINT('',(19.592611464968,1.176796142403,
    4.987503468653));
#1627 = CARTESIAN_POINT('',(19.833375796178,1.080071974482,
    4.721756001373));
#1628 = ORIENTED_EDGE('',*,*,#1629,.F.);
#1629 = EDGE_CURVE('',#1630,#1622,#1632,.T.);
#1630 = VERTEX_POINT('',#1631);
#1631 = CARTESIAN_POINT('',(19.833375796178,1.831826071111,
    4.448139886712));
#1632 = LINE('',#1633,#1634);
#1633 = CARTESIAN_POINT('',(19.833375796178,1.831826071111,
    4.448139886712));
#1634 = VECTOR('',#1635,1.);
#1635 = DIRECTION('',(0.,-0.939692620786,0.342020143326));
#1636 = ORIENTED_EDGE('',*,*,#1637,.F.);
#1637 = EDGE_CURVE('',#1612,#1630,#1638,.T.);
#1638 = B_SPLINE_CURVE_WITH_KNOTS('',2,(#1639,#1640,#1641),
  .UNSPECIFIED.,.F.,.F.,(3,3),(0.,1.),.PIECEWISE_BEZIER_KNOTS.);
#1639 = CARTESIAN_POINT('',(19.592611464968,2.106400713561,
    5.202527516801));
#1640 = CARTESIAN_POINT('',(19.592611464968,1.928550239032,
    4.713887353992));
#1641 = CARTESIAN_POINT('',(19.833375796178,1.831826071111,
    4.448139886712));
#1642 = SURFACE_OF_LINEAR_EXTRUSION('',#1643,#1647);
#1643 = B_SPLINE_CURVE_WITH_KNOTS('',2,(#1644,#1645,#1646),
  .UNSPECIFIED.,.F.,.F.,(3,3),(0.,1.),.PIECEWISE_BEZIER_KNOTS.);
#1644 = CARTESIAN_POINT('',(19.592611464968,2.106400713561,
    5.202527516801));
#1645 = CARTESIAN_POINT('',(19.592611464968,1.928550239032,
    4.713887353992));
#1646 = CARTESIAN_POINT('',(19.833375796178,1.831826071111,
    4.448139886712));
#1647 = VECTOR('',#1648,1.);
#1648 = DIRECTION('',(-0.,0.939692620786,-0.342020143326));
#1649 = ADVANCED_FACE('',(#1650),#1675,.F.);
#1650 = FACE_BOUND('',#1651,.F.);
#1651 = EDGE_LOOP('',(#1652,#1653,#1661,#1669));
#1652 = ORIENTED_EDGE('',*,*,#1629,.T.);
#1653 = ORIENTED_EDGE('',*,*,#1654,.T.);
#1654 = EDGE_CURVE('',#1622,#1655,#1657,.T.);
#1655 = VERTEX_POINT('',#1656);
#1656 = CARTESIAN_POINT('',(20.383694267516,0.983347806561,
    4.456008534093));
#1657 = B_SPLINE_CURVE_WITH_KNOTS('',2,(#1658,#1659,#1660),
  .UNSPECIFIED.,.F.,.F.,(3,3),(0.,1.),.PIECEWISE_BEZIER_KNOTS.);
#1658 = CARTESIAN_POINT('',(19.833375796178,1.080071974482,
    4.721756001373));
#1659 = CARTESIAN_POINT('',(20.074140127389,0.983347806561,
    4.456008534093));
#1660 = CARTESIAN_POINT('',(20.383694267516,0.983347806561,
    4.456008534093));
#1661 = ORIENTED_EDGE('',*,*,#1662,.F.);
#1662 = EDGE_CURVE('',#1663,#1655,#1665,.T.);
#1663 = VERTEX_POINT('',#1664);
#1664 = CARTESIAN_POINT('',(20.383694267516,1.735101903189,
    4.182392419433));
#1665 = LINE('',#1666,#1667);
#1666 = CARTESIAN_POINT('',(20.383694267516,1.735101903189,
    4.182392419433));
#1667 = VECTOR('',#1668,1.);
#1668 = DIRECTION('',(0.,-0.939692620786,0.342020143326));
#1669 = ORIENTED_EDGE('',*,*,#1670,.F.);
#1670 = EDGE_CURVE('',#1630,#1663,#1671,.T.);
#1671 = B_SPLINE_CURVE_WITH_KNOTS('',2,(#1672,#1673,#1674),
  .UNSPECIFIED.,.F.,.F.,(3,3),(0.,1.),.PIECEWISE_BEZIER_KNOTS.);
#1672 = CARTESIAN_POINT('',(19.833375796178,1.831826071111,
    4.448139886712));
#1673 = CARTESIAN_POINT('',(20.074140127389,1.735101903189,
    4.182392419433));
#1674 = CARTESIAN_POINT('',(20.383694267516,1.735101903189,
    4.182392419433));
#1675 = SURFACE_OF_LINEAR_EXTRUSION('',#1676,#1680);
#1676 = B_SPLINE_CURVE_WITH_KNOTS('',2,(#1677,#1678,#1679),
  .UNSPECIFIED.,.F.,.F.,(3,3),(0.,1.),.PIECEWISE_BEZIER_KNOTS.);
#1677 = CARTESIAN_POINT('',(19.833375796178,1.831826071111,
    4.448139886712));
#1678 = CARTESIAN_POINT('',(20.074140127389,1.735101903189,
    4.182392419433));
#1679 = CARTESIAN_POINT('',(20.383694267516,1.735101903189,
    4.182392419433));
#1680 = VECTOR('',#1681,1.);
#1681 = DIRECTION('',(-0.,0.939692620786,-0.342020143326));
#1682 = ADVANCED_FACE('',(#1683),#1708,.F.);
#1683 = FACE_BOUND('',#1684,.F.);
#1684 = EDGE_LOOP('',(#1685,#1686,#1694,#1702));
#1685 = ORIENTED_EDGE('',*,*,#1662,.T.);
#1686 = ORIENTED_EDGE('',*,*,#1687,.T.);
#1687 = EDGE_CURVE('',#1655,#1688,#1690,.T.);
#1688 = VERTEX_POINT('',#1689);
#1689 = CARTESIAN_POINT('',(20.88050955414,1.062557057588,4.673634162703
    ));
#1690 = B_SPLINE_CURVE_WITH_KNOTS('',2,(#1691,#1692,#1693),
  .UNSPECIFIED.,.F.,.F.,(3,3),(0.,1.),.PIECEWISE_BEZIER_KNOTS.);
#1691 = CARTESIAN_POINT('',(20.383694267516,0.983347806561,
    4.456008534093));
#1692 = CARTESIAN_POINT('',(20.68178343949,0.983347806561,4.456008534093
    ));
#1693 = CARTESIAN_POINT('',(20.88050955414,1.062557057588,4.673634162703
    ));
#1694 = ORIENTED_EDGE('',*,*,#1695,.F.);
#1695 = EDGE_CURVE('',#1696,#1688,#1698,.T.);
#1696 = VERTEX_POINT('',#1697);
#1697 = CARTESIAN_POINT('',(20.88050955414,1.814311154217,4.400018048043
    ));
#1698 = LINE('',#1699,#1700);
#1699 = CARTESIAN_POINT('',(20.88050955414,1.814311154217,4.400018048043
    ));
#1700 = VECTOR('',#1701,1.);
#1701 = DIRECTION('',(0.,-0.939692620786,0.342020143326));
#1702 = ORIENTED_EDGE('',*,*,#1703,.F.);
#1703 = EDGE_CURVE('',#1663,#1696,#1704,.T.);
#1704 = B_SPLINE_CURVE_WITH_KNOTS('',2,(#1705,#1706,#1707),
  .UNSPECIFIED.,.F.,.F.,(3,3),(0.,1.),.PIECEWISE_BEZIER_KNOTS.);
#1705 = CARTESIAN_POINT('',(20.383694267516,1.735101903189,
    4.182392419433));
#1706 = CARTESIAN_POINT('',(20.68178343949,1.735101903189,4.182392419433
    ));
#1707 = CARTESIAN_POINT('',(20.88050955414,1.814311154217,4.400018048043
    ));
#1708 = SURFACE_OF_LINEAR_EXTRUSION('',#1709,#1713);
#1709 = B_SPLINE_CURVE_WITH_KNOTS('',2,(#1710,#1711,#1712),
  .UNSPECIFIED.,.F.,.F.,(3,3),(0.,1.),.PIECEWISE_BEZIER_KNOTS.);
#1710 = CARTESIAN_POINT('',(20.383694267516,1.735101903189,
    4.182392419433));
#1711 = CARTESIAN_POINT('',(20.68178343949,1.735101903189,4.182392419433
    ));
#1712 = CARTESIAN_POINT('',(20.88050955414,1.814311154217,4.400018048043
    ));
#1713 = VECTOR('',#1714,1.);
#1714 = DIRECTION('',(-0.,0.939692620786,-0.342020143326));
#1715 = ADVANCED_FACE('',(#1716),#1741,.F.);
#1716 = FACE_BOUND('',#1717,.F.);
#1717 = EDGE_LOOP('',(#1718,#1719,#1727,#1735));
#1718 = ORIENTED_EDGE('',*,*,#1695,.T.);
#1719 = ORIENTED_EDGE('',*,*,#1720,.T.);
#1720 = EDGE_CURVE('',#1688,#1721,#1723,.T.);
#1721 = VERTEX_POINT('',#1722);
#1722 = CARTESIAN_POINT('',(21.07923566879,1.322143810956,5.38684290597)
  );
#1723 = B_SPLINE_CURVE_WITH_KNOTS('',2,(#1724,#1725,#1726),
  .UNSPECIFIED.,.F.,.F.,(3,3),(0.,1.),.PIECEWISE_BEZIER_KNOTS.);
#1724 = CARTESIAN_POINT('',(20.88050955414,1.062557057588,4.673634162703
    ));
#1725 = CARTESIAN_POINT('',(21.07923566879,1.141766308616,4.891259791313
    ));
#1726 = CARTESIAN_POINT('',(21.07923566879,1.322143810956,5.38684290597)
  );
#1727 = ORIENTED_EDGE('',*,*,#1728,.F.);
#1728 = EDGE_CURVE('',#1729,#1721,#1731,.T.);
#1729 = VERTEX_POINT('',#1730);
#1730 = CARTESIAN_POINT('',(21.07923566879,2.073897907584,5.113226791309
    ));
#1731 = LINE('',#1732,#1733);
#1732 = CARTESIAN_POINT('',(21.07923566879,2.073897907584,5.113226791309
    ));
#1733 = VECTOR('',#1734,1.);
#1734 = DIRECTION('',(0.,-0.939692620786,0.342020143326));
#1735 = ORIENTED_EDGE('',*,*,#1736,.F.);
#1736 = EDGE_CURVE('',#1696,#1729,#1737,.T.);
#1737 = B_SPLINE_CURVE_WITH_KNOTS('',2,(#1738,#1739,#1740),
  .UNSPECIFIED.,.F.,.F.,(3,3),(0.,1.),.PIECEWISE_BEZIER_KNOTS.);
#1738 = CARTESIAN_POINT('',(20.88050955414,1.814311154217,4.400018048043
    ));
#1739 = CARTESIAN_POINT('',(21.07923566879,1.893520405244,4.617643676653
    ));
#1740 = CARTESIAN_POINT('',(21.07923566879,2.073897907584,5.113226791309
    ));
#1741 = SURFACE_OF_LINEAR_EXTRUSION('',#1742,#1746);
#1742 = B_SPLINE_CURVE_WITH_KNOTS('',2,(#1743,#1744,#1745),
  .UNSPECIFIED.,.F.,.F.,(3,3),(0.,1.),.PIECEWISE_BEZIER_KNOTS.);
#1743 = CARTESIAN_POINT('',(20.88050955414,1.814311154217,4.400018048043
    ));
#1744 = CARTESIAN_POINT('',(21.07923566879,1.893520405244,4.617643676653
    ));
#1745 = CARTESIAN_POINT('',(21.07923566879,2.073897907584,5.113226791309
    ));
#1746 = VECTOR('',#1747,1.);
#1747 = DIRECTION('',(-0.,0.939692620786,-0.342020143326));
#1748 = ADVANCED_FACE('',(#1749),#1774,.F.);
#1749 = FACE_BOUND('',#1750,.F.);
#1750 = EDGE_LOOP('',(#1751,#1752,#1760,#1768));
#1751 = ORIENTED_EDGE('',*,*,#1728,.T.);
#1752 = ORIENTED_EDGE('',*,*,#1753,.T.);
#1753 = EDGE_CURVE('',#1721,#1754,#1756,.T.);
#1754 = VERTEX_POINT('',#1755);
#1755 = CARTESIAN_POINT('',(20.865222929936,1.594104286706,
    6.134048172078));
#1756 = B_SPLINE_CURVE_WITH_KNOTS('',2,(#1757,#1758,#1759),
  .UNSPECIFIED.,.F.,.F.,(3,3),(0.,1.),.PIECEWISE_BEZIER_KNOTS.);
#1757 = CARTESIAN_POINT('',(21.07923566879,1.322143810956,5.38684290597)
  );
#1758 = CARTESIAN_POINT('',(21.07923566879,1.507836785587,5.89703016072)
  );
#1759 = CARTESIAN_POINT('',(20.865222929936,1.594104286706,
    6.134048172078));
#1760 = ORIENTED_EDGE('',*,*,#1761,.F.);
#1761 = EDGE_CURVE('',#1762,#1754,#1764,.T.);
#1762 = VERTEX_POINT('',#1763);
#1763 = CARTESIAN_POINT('',(20.865222929936,2.345858383334,
    5.860432057417));
#1764 = LINE('',#1765,#1766);
#1765 = CARTESIAN_POINT('',(20.865222929936,2.345858383334,
    5.860432057417));
#1766 = VECTOR('',#1767,1.);
#1767 = DIRECTION('',(0.,-0.939692620786,0.342020143326));
#1768 = ORIENTED_EDGE('',*,*,#1769,.F.);
#1769 = EDGE_CURVE('',#1729,#1762,#1770,.T.);
#1770 = B_SPLINE_CURVE_WITH_KNOTS('',2,(#1771,#1772,#1773),
  .UNSPECIFIED.,.F.,.F.,(3,3),(0.,1.),.PIECEWISE_BEZIER_KNOTS.);
#1771 = CARTESIAN_POINT('',(21.07923566879,2.073897907584,5.113226791309
    ));
#1772 = CARTESIAN_POINT('',(21.07923566879,2.259590882215,5.62341404606)
  );
#1773 = CARTESIAN_POINT('',(20.865222929936,2.345858383334,
    5.860432057417));
#1774 = SURFACE_OF_LINEAR_EXTRUSION('',#1775,#1779);
#1775 = B_SPLINE_CURVE_WITH_KNOTS('',2,(#1776,#1777,#1778),
  .UNSPECIFIED.,.F.,.F.,(3,3),(0.,1.),.PIECEWISE_BEZIER_KNOTS.);
#1776 = CARTESIAN_POINT('',(21.07923566879,2.073897907584,5.113226791309
    ));
#1777 = CARTESIAN_POINT('',(21.07923566879,2.259590882215,5.62341404606)
  );
#1778 = CARTESIAN_POINT('',(20.865222929936,2.345858383334,
    5.860432057417));
#1779 = VECTOR('',#1780,1.);
#1780 = DIRECTION('',(-0.,0.939692620786,-0.342020143326));
#1781 = ADVANCED_FACE('',(#1782),#1807,.F.);
#1782 = FACE_BOUND('',#1783,.F.);
#1783 = EDGE_LOOP('',(#1784,#1785,#1793,#1801));
#1784 = ORIENTED_EDGE('',*,*,#1761,.T.);
#1785 = ORIENTED_EDGE('',*,*,#1786,.T.);
#1786 = EDGE_CURVE('',#1754,#1787,#1789,.T.);
#1787 = VERTEX_POINT('',#1788);
#1788 = CARTESIAN_POINT('',(20.330191082803,1.680458926715,
    6.371305595568));
#1789 = B_SPLINE_CURVE_WITH_KNOTS('',2,(#1790,#1791,#1792),
  .UNSPECIFIED.,.F.,.F.,(3,3),(0.,1.),.PIECEWISE_BEZIER_KNOTS.);
#1790 = CARTESIAN_POINT('',(20.865222929936,1.594104286706,
    6.134048172078));
#1791 = CARTESIAN_POINT('',(20.651210191083,1.680458926715,
    6.371305595568));
#1792 = CARTESIAN_POINT('',(20.330191082803,1.680458926715,
    6.371305595568));
#1793 = ORIENTED_EDGE('',*,*,#1794,.F.);
#1794 = EDGE_CURVE('',#1795,#1787,#1797,.T.);
#1795 = VERTEX_POINT('',#1796);
#1796 = CARTESIAN_POINT('',(20.330191082803,2.432213023344,
    6.097689480907));
#1797 = LINE('',#1798,#1799);
#1798 = CARTESIAN_POINT('',(20.330191082803,2.432213023344,
    6.097689480907));
#1799 = VECTOR('',#1800,1.);
#1800 = DIRECTION('',(0.,-0.939692620786,0.342020143326));
#1801 = ORIENTED_EDGE('',*,*,#1802,.F.);
#1802 = EDGE_CURVE('',#1762,#1795,#1803,.T.);
#1803 = B_SPLINE_CURVE_WITH_KNOTS('',2,(#1804,#1805,#1806),
  .UNSPECIFIED.,.F.,.F.,(3,3),(0.,1.),.PIECEWISE_BEZIER_KNOTS.);
#1804 = CARTESIAN_POINT('',(20.865222929936,2.345858383334,
    5.860432057417));
#1805 = CARTESIAN_POINT('',(20.651210191083,2.432213023344,
    6.097689480907));
#1806 = CARTESIAN_POINT('',(20.330191082803,2.432213023344,
    6.097689480907));
#1807 = SURFACE_OF_LINEAR_EXTRUSION('',#1808,#1812);
#1808 = B_SPLINE_CURVE_WITH_KNOTS('',2,(#1809,#1810,#1811),
  .UNSPECIFIED.,.F.,.F.,(3,3),(0.,1.),.PIECEWISE_BEZIER_KNOTS.);
#1809 = CARTESIAN_POINT('',(20.865222929936,2.345858383334,
    5.860432057417));
#1810 = CARTESIAN_POINT('',(20.651210191083,2.432213023344,
    6.097689480907));
#1811 = CARTESIAN_POINT('',(20.330191082803,2.432213023344,
    6.097689480907));
#1812 = VECTOR('',#1813,1.);
#1813 = DIRECTION('',(-0.,0.939692620786,-0.342020143326));
#1814 = ADVANCED_FACE('',(#1815),#1840,.F.);
#1815 = FACE_BOUND('',#1816,.F.);
#1816 = EDGE_LOOP('',(#1817,#1818,#1826,#1834));
#1817 = ORIENTED_EDGE('',*,*,#1794,.T.);
#1818 = ORIENTED_EDGE('',*,*,#1819,.T.);
#1819 = EDGE_CURVE('',#1787,#1820,#1822,.T.);
#1820 = VERTEX_POINT('',#1821);
#1821 = CARTESIAN_POINT('',(19.806624203822,1.598025536757,
    6.144821718048));
#1822 = B_SPLINE_CURVE_WITH_KNOTS('',2,(#1823,#1824,#1825),
  .UNSPECIFIED.,.F.,.F.,(3,3),(0.,1.),.PIECEWISE_BEZIER_KNOTS.);
#1823 = CARTESIAN_POINT('',(20.330191082803,1.680458926715,
    6.371305595568));
#1824 = CARTESIAN_POINT('',(20.020636942675,1.680458926715,
    6.371305595568));
#1825 = CARTESIAN_POINT('',(19.806624203822,1.598025536757,
    6.144821718048));
#1826 = ORIENTED_EDGE('',*,*,#1827,.F.);
#1827 = EDGE_CURVE('',#1828,#1820,#1830,.T.);
#1828 = VERTEX_POINT('',#1829);
#1829 = CARTESIAN_POINT('',(19.806624203822,2.349779633385,
    5.871205603388));
#1830 = LINE('',#1831,#1832);
#1831 = CARTESIAN_POINT('',(19.806624203822,2.349779633385,
    5.871205603388));
#1832 = VECTOR('',#1833,1.);
#1833 = DIRECTION('',(0.,-0.939692620786,0.342020143326));
#1834 = ORIENTED_EDGE('',*,*,#1835,.F.);
#1835 = EDGE_CURVE('',#1795,#1828,#1836,.T.);
#1836 = B_SPLINE_CURVE_WITH_KNOTS('',2,(#1837,#1838,#1839),
  .UNSPECIFIED.,.F.,.F.,(3,3),(0.,1.),.PIECEWISE_BEZIER_KNOTS.);
#1837 = CARTESIAN_POINT('',(20.330191082803,2.432213023344,
    6.097689480907));
#1838 = CARTESIAN_POINT('',(20.020636942675,2.432213023344,
    6.097689480907));
#1839 = CARTESIAN_POINT('',(19.806624203822,2.349779633385,
    5.871205603388));
#1840 = SURFACE_OF_LINEAR_EXTRUSION('',#1841,#1845);
#1841 = B_SPLINE_CURVE_WITH_KNOTS('',2,(#1842,#1843,#1844),
  .UNSPECIFIED.,.F.,.F.,(3,3),(0.,1.),.PIECEWISE_BEZIER_KNOTS.);
#1842 = CARTESIAN_POINT('',(20.330191082803,2.432213023344,
    6.097689480907));
#1843 = CARTESIAN_POINT('',(20.020636942675,2.432213023344,
    6.097689480907));
#1844 = CARTESIAN_POINT('',(19.806624203822,2.349779633385,
    5.871205603388));
#1845 = VECTOR('',#1846,1.);
#1846 = DIRECTION('',(-0.,0.939692620786,-0.342020143326));
#1847 = ADVANCED_FACE('',(#1848),#1864,.F.);
#1848 = FACE_BOUND('',#1849,.F.);
#1849 = EDGE_LOOP('',(#1850,#1851,#1857,#1858));
#1850 = ORIENTED_EDGE('',*,*,#1827,.T.);
#1851 = ORIENTED_EDGE('',*,*,#1852,.T.);
#1852 = EDGE_CURVE('',#1820,#1614,#1853,.T.);
#1853 = B_SPLINE_CURVE_WITH_KNOTS('',2,(#1854,#1855,#1856),
  .UNSPECIFIED.,.F.,.F.,(3,3),(0.,1.),.PIECEWISE_BEZIER_KNOTS.);
#1854 = CARTESIAN_POINT('',(19.806624203822,1.598025536757,
    6.144821718048));
#1855 = CARTESIAN_POINT('',(19.592611464968,1.515592146798,
    5.918337840529));
#1856 = CARTESIAN_POINT('',(19.592611464968,1.354646616933,
    5.476143631461));
#1857 = ORIENTED_EDGE('',*,*,#1611,.F.);
#1858 = ORIENTED_EDGE('',*,*,#1859,.F.);
#1859 = EDGE_CURVE('',#1828,#1612,#1860,.T.);
#1860 = B_SPLINE_CURVE_WITH_KNOTS('',2,(#1861,#1862,#1863),
  .UNSPECIFIED.,.F.,.F.,(3,3),(0.,1.),.PIECEWISE_BEZIER_KNOTS.);
#1861 = CARTESIAN_POINT('',(19.806624203822,2.349779633385,
    5.871205603388));
#1862 = CARTESIAN_POINT('',(19.592611464968,2.267346243427,
    5.644721725869));
#1863 = CARTESIAN_POINT('',(19.592611464968,2.106400713561,
    5.202527516801));
#1864 = SURFACE_OF_LINEAR_EXTRUSION('',#1865,#1869);
#1865 = B_SPLINE_CURVE_WITH_KNOTS('',2,(#1866,#1867,#1868),
  .UNSPECIFIED.,.F.,.F.,(3,3),(0.,1.),.PIECEWISE_BEZIER_KNOTS.);
#1866 = CARTESIAN_POINT('',(19.806624203822,2.349779633385,
    5.871205603388));
#1867 = CARTESIAN_POINT('',(19.592611464968,2.267346243427,
    5.644721725869));
#1868 = CARTESIAN_POINT('',(19.592611464968,2.106400713561,
    5.202527516801));
#1869 = VECTOR('',#1870,1.);
#1870 = DIRECTION('',(-0.,0.939692620786,-0.342020143326));
#1871 = ADVANCED_FACE('',(#1872),#1882,.T.);
#1872 = FACE_BOUND('',#1873,.F.);
#1873 = EDGE_LOOP('',(#1874,#1875,#1876,#1877,#1878,#1879,#1880,#1881));
#1874 = ORIENTED_EDGE('',*,*,#1637,.T.);
#1875 = ORIENTED_EDGE('',*,*,#1670,.T.);
#1876 = ORIENTED_EDGE('',*,*,#1703,.T.);
#1877 = ORIENTED_EDGE('',*,*,#1736,.T.);
#1878 = ORIENTED_EDGE('',*,*,#1769,.T.);
#1879 = ORIENTED_EDGE('',*,*,#1802,.T.);
#1880 = ORIENTED_EDGE('',*,*,#1835,.T.);
#1881 = ORIENTED_EDGE('',*,*,#1859,.T.);
#1882 = PLANE('',#1883);
#1883 = AXIS2_PLACEMENT_3D('',#1884,#1885,#1886);
#1884 = CARTESIAN_POINT('',(20.345502130061,2.085146071037,
    5.144130866405));
#1885 = DIRECTION('',(-0.,0.939692620786,-0.342020143326));
#1886 = DIRECTION('',(-1.,0.,0.));
#1887 = ADVANCED_FACE('',(#1888),#1898,.F.);
#1888 = FACE_BOUND('',#1889,.T.);
#1889 = EDGE_LOOP('',(#1890,#1891,#1892,#1893,#1894,#1895,#1896,#1897));
#1890 = ORIENTED_EDGE('',*,*,#1621,.T.);
#1891 = ORIENTED_EDGE('',*,*,#1654,.T.);
#1892 = ORIENTED_EDGE('',*,*,#1687,.T.);
#1893 = ORIENTED_EDGE('',*,*,#1720,.T.);
#1894 = ORIENTED_EDGE('',*,*,#1753,.T.);
#1895 = ORIENTED_EDGE('',*,*,#1786,.T.);
#1896 = ORIENTED_EDGE('',*,*,#1819,.T.);
#1897 = ORIENTED_EDGE('',*,*,#1852,.T.);
#1898 = PLANE('',#1899);
#1899 = AXIS2_PLACEMENT_3D('',#1900,#1901,#1902);
#1900 = CARTESIAN_POINT('',(20.345502130061,1.333391974408,
    5.417746981066));
#1901 = DIRECTION('',(-0.,0.939692620786,-0.342020143326));
#1902 = DIRECTION('',(-1.,0.,0.));
#1903 = ( GEOMETRIC_REPRESENTATION_CONTEXT(3) 
GLOBAL_UNCERTAINTY_ASSIGNED_CONTEXT((#1907)) 
GLOBAL_UNIT_ASSIGNED_CONTEXT((#1904,#1905,#1906)) REPRESENTATION_CONTEXT
('Context #1','3D Context with UNIT and UNCERTAINTY') );
#1904 = ( LENGTH_UNIT() NAMED_UNIT(*) SI_UNIT(.MILLI.,.METRE.) );
#1905 = ( NAMED_UNIT(*) PLANE_ANGLE_UNIT() SI_UNIT($,.RADIAN.) );
#1906 = ( NAMED_UNIT(*) SI_UNIT($,.STERADIAN.) SOLID_ANGLE_UNIT() );
#1907 = UNCERTAINTY_MEASURE_WITH_UNIT(LENGTH_MEASURE(1.E-07),#1904,
  'distance_accuracy_value','confusion accuracy');
#1908 = PRODUCT_RELATED_PRODUCT_CATEGORY('part',$,(#7));
ENDSEC;
END-ISO-10303-21;
