ISO-10303-21;
HEADER;
FILE_DESCRIPTION(('FreeCAD Model'),'2;1');
FILE_NAME('Open CASCADE Shape Model','2026-08-29T16:16:47',('FreeCAD'),(
    'FreeCAD'),'Open CASCADE STEP processor 7.8','FreeCAD','Unknown');
FILE_SCHEMA(('AUTOMOTIVE_DESIGN { 1 0 10303 214 1 1 1 1 }'));
ENDSEC;
DATA;
#1 = APPLICATION_PROTOCOL_DEFINITION('international standard',
  'automotive_design',2000,#2);
#2 = APPLICATION_CONTEXT(
  'core data for automotive mechanical design processes');
#3 = SHAPE_DEFINITION_REPRESENTATION(#4,#10);
#4 = PRODUCT_DEFINITION_SHAPE('','',#5);
#5 = PRODUCT_DEFINITION('design','',#6,#9);
#6 = PRODUCT_DEFINITION_FORMATION('','',#7);
#7 = PRODUCT('Open CASCADE STEP translator 7.8 122',
  'Open CASCADE STEP translator 7.8 122','',(#8));
#8 = PRODUCT_CONTEXT('',#2,'mechanical');
#9 = PRODUCT_DEFINITION_CONTEXT('part definition',#2,'design');
#10 = SHAPE_REPRESENTATION('',(#11,#15,#591,#889,#1039,#1327,#1903),
  #2201);
#11 = AXIS2_PLACEMENT_3D('',#12,#13,#14);
#12 = CARTESIAN_POINT('',(0.,0.,0.));
#13 = DIRECTION('',(0.,0.,1.));
#14 = DIRECTION('',(1.,0.,-0.));
#15 = MANIFOLD_SOLID_BREP('',#16);
#16 = CLOSED_SHELL('',(#17,#57,#90,#123,#156,#189,#222,#255,#288,#321,
    #354,#387,#420,#453,#486,#519,#543,#567));
#17 = ADVANCED_FACE('',(#18),#52,.T.);
#18 = FACE_BOUND('',#19,.T.);
#19 = EDGE_LOOP('',(#20,#30,#38,#46));
#20 = ORIENTED_EDGE('',*,*,#21,.T.);
#21 = EDGE_CURVE('',#22,#24,#26,.T.);
#22 = VERTEX_POINT('',#23);
#23 = CARTESIAN_POINT('',(8.170870488323,1.941253539154,4.748789384231)
  );
#24 = VERTEX_POINT('',#25);
#25 = CARTESIAN_POINT('',(8.170870488323,1.189499442526,5.022405498891)
  );
#26 = LINE('',#27,#28);
#27 = CARTESIAN_POINT('',(8.170870488323,1.941253539154,4.748789384231)
  );
#28 = VECTOR('',#29,1.);
#29 = DIRECTION('',(0.,-0.939692620786,0.342020143326));
#30 = ORIENTED_EDGE('',*,*,#31,.T.);
#31 = EDGE_CURVE('',#24,#32,#34,.T.);
#32 = VERTEX_POINT('',#33);
#33 = CARTESIAN_POINT('',(8.863864118896,1.215524924345,5.09390992252));
#34 = LINE('',#35,#36);
#35 = CARTESIAN_POINT('',(8.170870488323,1.189499442526,5.022405498891)
  );
#36 = VECTOR('',#37,1.);
#37 = DIRECTION('',(0.994025520727,3.733078050948E-02,0.1025654765));
#38 = ORIENTED_EDGE('',*,*,#39,.F.);
#39 = EDGE_CURVE('',#40,#32,#42,.T.);
#40 = VERTEX_POINT('',#41);
#41 = CARTESIAN_POINT('',(8.863864118896,1.967279020974,4.820293807859)
  );
#42 = LINE('',#43,#44);
#43 = CARTESIAN_POINT('',(8.863864118896,1.967279020974,4.820293807859)
  );
#44 = VECTOR('',#45,1.);
#45 = DIRECTION('',(0.,-0.939692620786,0.342020143326));
#46 = ORIENTED_EDGE('',*,*,#47,.F.);
#47 = EDGE_CURVE('',#22,#40,#48,.T.);
#48 = LINE('',#49,#50);
#49 = CARTESIAN_POINT('',(8.170870488323,1.941253539154,4.748789384231)
  );
#50 = VECTOR('',#51,1.);
#51 = DIRECTION('',(0.994025520727,3.733078050948E-02,0.1025654765));
#52 = PLANE('',#53);
#53 = AXIS2_PLACEMENT_3D('',#54,#55,#56);
#54 = CARTESIAN_POINT('',(8.170870488323,1.941253539154,4.748789384231)
  );
#55 = DIRECTION('',(-0.109147900315,0.339976751068,0.9340784467));
#56 = DIRECTION('',(0.994025520727,3.733078050948E-02,0.1025654765));
#57 = ADVANCED_FACE('',(#58),#83,.T.);
#58 = FACE_BOUND('',#59,.T.);
#59 = EDGE_LOOP('',(#60,#61,#69,#77));
#60 = ORIENTED_EDGE('',*,*,#39,.T.);
#61 = ORIENTED_EDGE('',*,*,#62,.T.);
#62 = EDGE_CURVE('',#32,#63,#65,.T.);
#63 = VERTEX_POINT('',#64);
#64 = CARTESIAN_POINT('',(8.996348195329,1.108925015555,4.801029080202)
  );
#65 = B_SPLINE_CURVE_WITH_KNOTS('',2,(#66,#67,#68),.UNSPECIFIED.,.F.,.F.
  ,(3,3),(0.,1.),.PIECEWISE_BEZIER_KNOTS.);
#66 = CARTESIAN_POINT('',(8.863864118896,1.215524924345,5.09390992252));
#67 = CARTESIAN_POINT('',(8.889341825902,1.143606293782,4.896315109011)
  );
#68 = CARTESIAN_POINT('',(8.996348195329,1.108925015555,4.801029080202)
  );
#69 = ORIENTED_EDGE('',*,*,#70,.F.);
#70 = EDGE_CURVE('',#71,#63,#73,.T.);
#71 = VERTEX_POINT('',#72);
#72 = CARTESIAN_POINT('',(8.996348195329,1.860679112183,4.527412965542)
  );
#73 = LINE('',#74,#75);
#74 = CARTESIAN_POINT('',(8.996348195329,1.860679112183,4.527412965542)
  );
#75 = VECTOR('',#76,1.);
#76 = DIRECTION('',(0.,-0.939692620786,0.342020143326));
#77 = ORIENTED_EDGE('',*,*,#78,.F.);
#78 = EDGE_CURVE('',#40,#71,#79,.T.);
#79 = B_SPLINE_CURVE_WITH_KNOTS('',2,(#80,#81,#82),.UNSPECIFIED.,.F.,.F.
  ,(3,3),(0.,1.),.PIECEWISE_BEZIER_KNOTS.);
#80 = CARTESIAN_POINT('',(8.863864118896,1.967279020974,4.820293807859)
  );
#81 = CARTESIAN_POINT('',(8.889341825902,1.895360390411,4.62269899435));
#82 = CARTESIAN_POINT('',(8.996348195329,1.860679112183,4.527412965542)
  );
#83 = SURFACE_OF_LINEAR_EXTRUSION('',#84,#88);
#84 = B_SPLINE_CURVE_WITH_KNOTS('',2,(#85,#86,#87),.UNSPECIFIED.,.F.,.F.
  ,(3,3),(0.,1.),.PIECEWISE_BEZIER_KNOTS.);
#85 = CARTESIAN_POINT('',(8.863864118896,1.967279020974,4.820293807859)
  );
#86 = CARTESIAN_POINT('',(8.889341825902,1.895360390411,4.62269899435));
#87 = CARTESIAN_POINT('',(8.996348195329,1.860679112183,4.527412965542)
  );
#88 = VECTOR('',#89,1.);
#89 = DIRECTION('',(-0.,0.939692620786,-0.342020143326));
#90 = ADVANCED_FACE('',(#91),#116,.T.);
#91 = FACE_BOUND('',#92,.T.);
#92 = EDGE_LOOP('',(#93,#94,#102,#110));
#93 = ORIENTED_EDGE('',*,*,#70,.T.);
#94 = ORIENTED_EDGE('',*,*,#95,.T.);
#95 = EDGE_CURVE('',#63,#96,#98,.T.);
#96 = VERTEX_POINT('',#97);
#97 = CARTESIAN_POINT('',(9.2791507431,1.074243737327,4.705743051394));
#98 = B_SPLINE_CURVE_WITH_KNOTS('',2,(#99,#100,#101),.UNSPECIFIED.,.F.,
  .F.,(3,3),(0.,1.),.PIECEWISE_BEZIER_KNOTS.);
#99 = CARTESIAN_POINT('',(8.996348195329,1.108925015555,4.801029080202)
  );
#100 = CARTESIAN_POINT('',(9.103354564756,1.074243737327,4.705743051394)
  );
#101 = CARTESIAN_POINT('',(9.2791507431,1.074243737327,4.705743051394));
#102 = ORIENTED_EDGE('',*,*,#103,.F.);
#103 = EDGE_CURVE('',#104,#96,#106,.T.);
#104 = VERTEX_POINT('',#105);
#105 = CARTESIAN_POINT('',(9.2791507431,1.825997833956,4.432126936734));
#106 = LINE('',#107,#108);
#107 = CARTESIAN_POINT('',(9.2791507431,1.825997833956,4.432126936734));
#108 = VECTOR('',#109,1.);
#109 = DIRECTION('',(0.,-0.939692620786,0.342020143326));
#110 = ORIENTED_EDGE('',*,*,#111,.F.);
#111 = EDGE_CURVE('',#71,#104,#112,.T.);
#112 = B_SPLINE_CURVE_WITH_KNOTS('',2,(#113,#114,#115),.UNSPECIFIED.,.F.
  ,.F.,(3,3),(0.,1.),.PIECEWISE_BEZIER_KNOTS.);
#113 = CARTESIAN_POINT('',(8.996348195329,1.860679112183,4.527412965542)
  );
#114 = CARTESIAN_POINT('',(9.103354564756,1.825997833956,4.432126936734)
  );
#115 = CARTESIAN_POINT('',(9.2791507431,1.825997833956,4.432126936734));
#116 = SURFACE_OF_LINEAR_EXTRUSION('',#117,#121);
#117 = B_SPLINE_CURVE_WITH_KNOTS('',2,(#118,#119,#120),.UNSPECIFIED.,.F.
  ,.F.,(3,3),(0.,1.),.PIECEWISE_BEZIER_KNOTS.);
#118 = CARTESIAN_POINT('',(8.996348195329,1.860679112183,4.527412965542)
  );
#119 = CARTESIAN_POINT('',(9.103354564756,1.825997833956,4.432126936734)
  );
#120 = CARTESIAN_POINT('',(9.2791507431,1.825997833956,4.432126936734));
#121 = VECTOR('',#122,1.);
#122 = DIRECTION('',(-0.,0.939692620786,-0.342020143326));
#123 = ADVANCED_FACE('',(#124),#149,.T.);
#124 = FACE_BOUND('',#125,.T.);
#125 = EDGE_LOOP('',(#126,#127,#135,#143));
#126 = ORIENTED_EDGE('',*,*,#103,.T.);
#127 = ORIENTED_EDGE('',*,*,#128,.T.);
#128 = EDGE_CURVE('',#96,#129,#131,.T.);
#129 = VERTEX_POINT('',#130);
#130 = CARTESIAN_POINT('',(9.656220806794,1.144187219716,4.897911189895)
  );
#131 = B_SPLINE_CURVE_WITH_KNOTS('',2,(#132,#133,#134),.UNSPECIFIED.,.F.
  ,.F.,(3,3),(0.,1.),.PIECEWISE_BEZIER_KNOTS.);
#132 = CARTESIAN_POINT('',(9.2791507431,1.074243737327,4.705743051394));
#133 = CARTESIAN_POINT('',(9.500806794055,1.074243737327,4.705743051394)
  );
#134 = CARTESIAN_POINT('',(9.656220806794,1.144187219716,4.897911189895)
  );
#135 = ORIENTED_EDGE('',*,*,#136,.F.);
#136 = EDGE_CURVE('',#137,#129,#139,.T.);
#137 = VERTEX_POINT('',#138);
#138 = CARTESIAN_POINT('',(9.656220806794,1.895941316344,4.624295075235)
  );
#139 = LINE('',#140,#141);
#140 = CARTESIAN_POINT('',(9.656220806794,1.895941316344,4.624295075235)
  );
#141 = VECTOR('',#142,1.);
#142 = DIRECTION('',(0.,-0.939692620786,0.342020143326));
#143 = ORIENTED_EDGE('',*,*,#144,.F.);
#144 = EDGE_CURVE('',#104,#137,#145,.T.);
#145 = B_SPLINE_CURVE_WITH_KNOTS('',2,(#146,#147,#148),.UNSPECIFIED.,.F.
  ,.F.,(3,3),(0.,1.),.PIECEWISE_BEZIER_KNOTS.);
#146 = CARTESIAN_POINT('',(9.2791507431,1.825997833956,4.432126936734));
#147 = CARTESIAN_POINT('',(9.500806794055,1.825997833956,4.432126936734)
  );
#148 = CARTESIAN_POINT('',(9.656220806794,1.895941316344,4.624295075235)
  );
#149 = SURFACE_OF_LINEAR_EXTRUSION('',#150,#154);
#150 = B_SPLINE_CURVE_WITH_KNOTS('',2,(#151,#152,#153),.UNSPECIFIED.,.F.
  ,.F.,(3,3),(0.,1.),.PIECEWISE_BEZIER_KNOTS.);
#151 = CARTESIAN_POINT('',(9.2791507431,1.825997833956,4.432126936734));
#152 = CARTESIAN_POINT('',(9.500806794055,1.825997833956,4.432126936734)
  );
#153 = CARTESIAN_POINT('',(9.656220806794,1.895941316344,4.624295075235)
  );
#154 = VECTOR('',#155,1.);
#155 = DIRECTION('',(-0.,0.939692620786,-0.342020143326));
#156 = ADVANCED_FACE('',(#157),#182,.T.);
#157 = FACE_BOUND('',#158,.T.);
#158 = EDGE_LOOP('',(#159,#160,#168,#176));
#159 = ORIENTED_EDGE('',*,*,#136,.T.);
#160 = ORIENTED_EDGE('',*,*,#161,.T.);
#161 = EDGE_CURVE('',#129,#162,#164,.T.);
#162 = VERTEX_POINT('',#163);
#163 = CARTESIAN_POINT('',(9.854946921444,1.434243538293,5.694834375557)
  );
#164 = B_SPLINE_CURVE_WITH_KNOTS('',2,(#165,#166,#167),.UNSPECIFIED.,.F.
  ,.F.,(3,3),(0.,1.),.PIECEWISE_BEZIER_KNOTS.);
#165 = CARTESIAN_POINT('',(9.656220806794,1.144187219716,4.897911189895)
  );
#166 = CARTESIAN_POINT('',(9.811634819533,1.214188794698,5.090238936485)
  );
#167 = CARTESIAN_POINT('',(9.854946921444,1.434243538293,5.694834375557)
  );
#168 = ORIENTED_EDGE('',*,*,#169,.F.);
#169 = EDGE_CURVE('',#170,#162,#172,.T.);
#170 = VERTEX_POINT('',#171);
#171 = CARTESIAN_POINT('',(9.854946921444,2.185997634922,5.421218260897)
  );
#172 = LINE('',#173,#174);
#173 = CARTESIAN_POINT('',(9.854946921444,2.185997634922,5.421218260897)
  );
#174 = VECTOR('',#175,1.);
#175 = DIRECTION('',(0.,-0.939692620786,0.342020143326));
#176 = ORIENTED_EDGE('',*,*,#177,.F.);
#177 = EDGE_CURVE('',#137,#170,#178,.T.);
#178 = B_SPLINE_CURVE_WITH_KNOTS('',2,(#179,#180,#181),.UNSPECIFIED.,.F.
  ,.F.,(3,3),(0.,1.),.PIECEWISE_BEZIER_KNOTS.);
#179 = CARTESIAN_POINT('',(9.656220806794,1.895941316344,4.624295075235)
  );
#180 = CARTESIAN_POINT('',(9.811634819533,1.965942891327,4.816622821825)
  );
#181 = CARTESIAN_POINT('',(9.854946921444,2.185997634922,5.421218260897)
  );
#182 = SURFACE_OF_LINEAR_EXTRUSION('',#183,#187);
#183 = B_SPLINE_CURVE_WITH_KNOTS('',2,(#184,#185,#186),.UNSPECIFIED.,.F.
  ,.F.,(3,3),(0.,1.),.PIECEWISE_BEZIER_KNOTS.);
#184 = CARTESIAN_POINT('',(9.656220806794,1.895941316344,4.624295075235)
  );
#185 = CARTESIAN_POINT('',(9.811634819533,1.965942891327,4.816622821825)
  );
#186 = CARTESIAN_POINT('',(9.854946921444,2.185997634922,5.421218260897)
  );
#187 = VECTOR('',#188,1.);
#188 = DIRECTION('',(-0.,0.939692620786,-0.342020143326));
#189 = ADVANCED_FACE('',(#190),#215,.T.);
#190 = FACE_BOUND('',#191,.T.);
#191 = EDGE_LOOP('',(#192,#193,#201,#209));
#192 = ORIENTED_EDGE('',*,*,#169,.T.);
#193 = ORIENTED_EDGE('',*,*,#194,.T.);
#194 = EDGE_CURVE('',#162,#195,#197,.T.);
#195 = VERTEX_POINT('',#196);
#196 = CARTESIAN_POINT('',(9.179787685775,1.32706270357,5.400357452355)
  );
#197 = B_SPLINE_CURVE_WITH_KNOTS('',2,(#198,#199,#200),.UNSPECIFIED.,.F.
  ,.F.,(3,3),(0.,1.),.PIECEWISE_BEZIER_KNOTS.);
#198 = CARTESIAN_POINT('',(9.854946921444,1.434243538293,5.694834375557)
  );
#199 = CARTESIAN_POINT('',(9.584883227176,1.32706270357,5.400357452355)
  );
#200 = CARTESIAN_POINT('',(9.179787685775,1.32706270357,5.400357452355)
  );
#201 = ORIENTED_EDGE('',*,*,#202,.F.);
#202 = EDGE_CURVE('',#203,#195,#205,.T.);
#203 = VERTEX_POINT('',#204);
#204 = CARTESIAN_POINT('',(9.179787685775,2.078816800198,5.126741337695)
  );
#205 = LINE('',#206,#207);
#206 = CARTESIAN_POINT('',(9.179787685775,2.078816800198,5.126741337695)
  );
#207 = VECTOR('',#208,1.);
#208 = DIRECTION('',(0.,-0.939692620786,0.342020143326));
#209 = ORIENTED_EDGE('',*,*,#210,.F.);
#210 = EDGE_CURVE('',#170,#203,#211,.T.);
#211 = B_SPLINE_CURVE_WITH_KNOTS('',2,(#212,#213,#214),.UNSPECIFIED.,.F.
  ,.F.,(3,3),(0.,1.),.PIECEWISE_BEZIER_KNOTS.);
#212 = CARTESIAN_POINT('',(9.854946921444,2.185997634922,5.421218260897)
  );
#213 = CARTESIAN_POINT('',(9.584883227176,2.078816800198,5.126741337695)
  );
#214 = CARTESIAN_POINT('',(9.179787685775,2.078816800198,5.126741337695)
  );
#215 = SURFACE_OF_LINEAR_EXTRUSION('',#216,#220);
#216 = B_SPLINE_CURVE_WITH_KNOTS('',2,(#217,#218,#219),.UNSPECIFIED.,.F.
  ,.F.,(3,3),(0.,1.),.PIECEWISE_BEZIER_KNOTS.);
#217 = CARTESIAN_POINT('',(9.854946921444,2.185997634922,5.421218260897)
  );
#218 = CARTESIAN_POINT('',(9.584883227176,2.078816800198,5.126741337695)
  );
#219 = CARTESIAN_POINT('',(9.179787685775,2.078816800198,5.126741337695)
  );
#220 = VECTOR('',#221,1.);
#221 = DIRECTION('',(-0.,0.939692620786,-0.342020143326));
#222 = ADVANCED_FACE('',(#223),#248,.T.);
#223 = FACE_BOUND('',#224,.T.);
#224 = EDGE_LOOP('',(#225,#226,#234,#242));
#225 = ORIENTED_EDGE('',*,*,#202,.T.);
#226 = ORIENTED_EDGE('',*,*,#227,.T.);
#227 = EDGE_CURVE('',#195,#228,#230,.T.);
#228 = VERTEX_POINT('',#229);
#229 = CARTESIAN_POINT('',(8.419193205945,1.443364075449,5.719892845445)
  );
#230 = B_SPLINE_CURVE_WITH_KNOTS('',2,(#231,#232,#233),.UNSPECIFIED.,.F.
  ,.F.,(3,3),(0.,1.),.PIECEWISE_BEZIER_KNOTS.);
#231 = CARTESIAN_POINT('',(9.179787685775,1.32706270357,5.400357452355)
  );
#232 = CARTESIAN_POINT('',(8.739023354565,1.32706270357,5.400357452355)
  );
#233 = CARTESIAN_POINT('',(8.419193205945,1.443364075449,5.719892845445)
  );
#234 = ORIENTED_EDGE('',*,*,#235,.F.);
#235 = EDGE_CURVE('',#236,#228,#238,.T.);
#236 = VERTEX_POINT('',#237);
#237 = CARTESIAN_POINT('',(8.419193205945,2.195118172077,5.446276730784)
  );
#238 = LINE('',#239,#240);
#239 = CARTESIAN_POINT('',(8.419193205945,2.195118172077,5.446276730784)
  );
#240 = VECTOR('',#241,1.);
#241 = DIRECTION('',(0.,-0.939692620786,0.342020143326));
#242 = ORIENTED_EDGE('',*,*,#243,.F.);
#243 = EDGE_CURVE('',#203,#236,#244,.T.);
#244 = B_SPLINE_CURVE_WITH_KNOTS('',2,(#245,#246,#247),.UNSPECIFIED.,.F.
  ,.F.,(3,3),(0.,1.),.PIECEWISE_BEZIER_KNOTS.);
#245 = CARTESIAN_POINT('',(9.179787685775,2.078816800198,5.126741337695)
  );
#246 = CARTESIAN_POINT('',(8.739023354565,2.078816800198,5.126741337695)
  );
#247 = CARTESIAN_POINT('',(8.419193205945,2.195118172077,5.446276730784)
  );
#248 = SURFACE_OF_LINEAR_EXTRUSION('',#249,#253);
#249 = B_SPLINE_CURVE_WITH_KNOTS('',2,(#250,#251,#252),.UNSPECIFIED.,.F.
  ,.F.,(3,3),(0.,1.),.PIECEWISE_BEZIER_KNOTS.);
#250 = CARTESIAN_POINT('',(9.179787685775,2.078816800198,5.126741337695)
  );
#251 = CARTESIAN_POINT('',(8.739023354565,2.078816800198,5.126741337695)
  );
#252 = CARTESIAN_POINT('',(8.419193205945,2.195118172077,5.446276730784)
  );
#253 = VECTOR('',#254,1.);
#254 = DIRECTION('',(-0.,0.939692620786,-0.342020143326));
#255 = ADVANCED_FACE('',(#256),#281,.T.);
#256 = FACE_BOUND('',#257,.T.);
#257 = EDGE_LOOP('',(#258,#259,#267,#275));
#258 = ORIENTED_EDGE('',*,*,#235,.T.);
#259 = ORIENTED_EDGE('',*,*,#260,.T.);
#260 = EDGE_CURVE('',#228,#261,#263,.T.);
#261 = VERTEX_POINT('',#262);
#262 = CARTESIAN_POINT('',(8.099532908705,1.746200764562,6.551929810567)
  );
#263 = B_SPLINE_CURVE_WITH_KNOTS('',2,(#264,#265,#266),.UNSPECIFIED.,.F.
  ,.F.,(3,3),(0.,1.),.PIECEWISE_BEZIER_KNOTS.);
#264 = CARTESIAN_POINT('',(8.419193205945,1.443364075449,5.719892845445)
  );
#265 = CARTESIAN_POINT('',(8.099532908705,1.559723539921,6.039587846623)
  );
#266 = CARTESIAN_POINT('',(8.099532908705,1.746200764562,6.551929810567)
  );
#267 = ORIENTED_EDGE('',*,*,#268,.F.);
#268 = EDGE_CURVE('',#269,#261,#271,.T.);
#269 = VERTEX_POINT('',#270);
#270 = CARTESIAN_POINT('',(8.099532908705,2.497954861191,6.278313695906)
  );
#271 = LINE('',#272,#273);
#272 = CARTESIAN_POINT('',(8.099532908705,2.497954861191,6.278313695906)
  );
#273 = VECTOR('',#274,1.);
#274 = DIRECTION('',(0.,-0.939692620786,0.342020143326));
#275 = ORIENTED_EDGE('',*,*,#276,.F.);
#276 = EDGE_CURVE('',#236,#269,#277,.T.);
#277 = B_SPLINE_CURVE_WITH_KNOTS('',2,(#278,#279,#280),.UNSPECIFIED.,.F.
  ,.F.,(3,3),(0.,1.),.PIECEWISE_BEZIER_KNOTS.);
#278 = CARTESIAN_POINT('',(8.419193205945,2.195118172077,5.446276730784)
  );
#279 = CARTESIAN_POINT('',(8.099532908705,2.31147763655,5.765971731962)
  );
#280 = CARTESIAN_POINT('',(8.099532908705,2.497954861191,6.278313695906)
  );
#281 = SURFACE_OF_LINEAR_EXTRUSION('',#282,#286);
#282 = B_SPLINE_CURVE_WITH_KNOTS('',2,(#283,#284,#285),.UNSPECIFIED.,.F.
  ,.F.,(3,3),(0.,1.),.PIECEWISE_BEZIER_KNOTS.);
#283 = CARTESIAN_POINT('',(8.419193205945,2.195118172077,5.446276730784)
  );
#284 = CARTESIAN_POINT('',(8.099532908705,2.31147763655,5.765971731962)
  );
#285 = CARTESIAN_POINT('',(8.099532908705,2.497954861191,6.278313695906)
  );
#286 = VECTOR('',#287,1.);
#287 = DIRECTION('',(-0.,0.939692620786,-0.342020143326));
#288 = ADVANCED_FACE('',(#289),#314,.T.);
#289 = FACE_BOUND('',#290,.T.);
#290 = EDGE_LOOP('',(#291,#292,#300,#308));
#291 = ORIENTED_EDGE('',*,*,#268,.T.);
#292 = ORIENTED_EDGE('',*,*,#293,.T.);
#293 = EDGE_CURVE('',#261,#294,#296,.T.);
#294 = VERTEX_POINT('',#295);
#295 = CARTESIAN_POINT('',(8.437027600849,2.059494120478,7.412696231611)
  );
#296 = B_SPLINE_CURVE_WITH_KNOTS('',2,(#297,#298,#299),.UNSPECIFIED.,.F.
  ,.F.,(3,3),(0.,1.),.PIECEWISE_BEZIER_KNOTS.);
#297 = CARTESIAN_POINT('',(8.099532908705,1.746200764562,6.551929810567)
  );
#298 = CARTESIAN_POINT('',(8.099532908705,1.940578581899,7.085978474541)
  );
#299 = CARTESIAN_POINT('',(8.437027600849,2.059494120478,7.412696231611)
  );
#300 = ORIENTED_EDGE('',*,*,#301,.F.);
#301 = EDGE_CURVE('',#302,#294,#304,.T.);
#302 = VERTEX_POINT('',#303);
#303 = CARTESIAN_POINT('',(8.437027600849,2.811248217107,7.139080116951)
  );
#304 = LINE('',#305,#306);
#305 = CARTESIAN_POINT('',(8.437027600849,2.811248217107,7.139080116951)
  );
#306 = VECTOR('',#307,1.);
#307 = DIRECTION('',(0.,-0.939692620786,0.342020143326));
#308 = ORIENTED_EDGE('',*,*,#309,.F.);
#309 = EDGE_CURVE('',#269,#302,#310,.T.);
#310 = B_SPLINE_CURVE_WITH_KNOTS('',2,(#311,#312,#313),.UNSPECIFIED.,.F.
  ,.F.,(3,3),(0.,1.),.PIECEWISE_BEZIER_KNOTS.);
#311 = CARTESIAN_POINT('',(8.099532908705,2.497954861191,6.278313695906)
  );
#312 = CARTESIAN_POINT('',(8.099532908705,2.692332678527,6.812362359881)
  );
#313 = CARTESIAN_POINT('',(8.437027600849,2.811248217107,7.139080116951)
  );
#314 = SURFACE_OF_LINEAR_EXTRUSION('',#315,#319);
#315 = B_SPLINE_CURVE_WITH_KNOTS('',2,(#316,#317,#318),.UNSPECIFIED.,.F.
  ,.F.,(3,3),(0.,1.),.PIECEWISE_BEZIER_KNOTS.);
#316 = CARTESIAN_POINT('',(8.099532908705,2.497954861191,6.278313695906)
  );
#317 = CARTESIAN_POINT('',(8.099532908705,2.692332678527,6.812362359881)
  );
#318 = CARTESIAN_POINT('',(8.437027600849,2.811248217107,7.139080116951)
  );
#319 = VECTOR('',#320,1.);
#320 = DIRECTION('',(-0.,0.939692620786,-0.342020143326));
#321 = ADVANCED_FACE('',(#322),#347,.T.);
#322 = FACE_BOUND('',#323,.T.);
#323 = EDGE_LOOP('',(#324,#325,#333,#341));
#324 = ORIENTED_EDGE('',*,*,#301,.T.);
#325 = ORIENTED_EDGE('',*,*,#326,.T.);
#326 = EDGE_CURVE('',#294,#327,#329,.T.);
#327 = VERTEX_POINT('',#328);
#328 = CARTESIAN_POINT('',(9.296985138004,2.178467751651,7.73957359677)
  );
#329 = B_SPLINE_CURVE_WITH_KNOTS('',2,(#330,#331,#332),.UNSPECIFIED.,.F.
  ,.F.,(3,3),(0.,1.),.PIECEWISE_BEZIER_KNOTS.);
#330 = CARTESIAN_POINT('',(8.437027600849,2.059494120478,7.412696231611)
  );
#331 = CARTESIAN_POINT('',(8.774692144374,2.178467751651,7.73957359677)
  );
#332 = CARTESIAN_POINT('',(9.296985138004,2.178467751651,7.73957359677)
  );
#333 = ORIENTED_EDGE('',*,*,#334,.F.);
#334 = EDGE_CURVE('',#335,#327,#337,.T.);
#335 = VERTEX_POINT('',#336);
#336 = CARTESIAN_POINT('',(9.296985138004,2.93022184828,7.465957482109)
  );
#337 = LINE('',#338,#339);
#338 = CARTESIAN_POINT('',(9.296985138004,2.93022184828,7.465957482109)
  );
#339 = VECTOR('',#340,1.);
#340 = DIRECTION('',(0.,-0.939692620786,0.342020143326));
#341 = ORIENTED_EDGE('',*,*,#342,.F.);
#342 = EDGE_CURVE('',#302,#335,#343,.T.);
#343 = B_SPLINE_CURVE_WITH_KNOTS('',2,(#344,#345,#346),.UNSPECIFIED.,.F.
  ,.F.,(3,3),(0.,1.),.PIECEWISE_BEZIER_KNOTS.);
#344 = CARTESIAN_POINT('',(8.437027600849,2.811248217107,7.139080116951)
  );
#345 = CARTESIAN_POINT('',(8.774692144374,2.93022184828,7.465957482109)
  );
#346 = CARTESIAN_POINT('',(9.296985138004,2.93022184828,7.465957482109)
  );
#347 = SURFACE_OF_LINEAR_EXTRUSION('',#348,#352);
#348 = B_SPLINE_CURVE_WITH_KNOTS('',2,(#349,#350,#351),.UNSPECIFIED.,.F.
  ,.F.,(3,3),(0.,1.),.PIECEWISE_BEZIER_KNOTS.);
#349 = CARTESIAN_POINT('',(8.437027600849,2.811248217107,7.139080116951)
  );
#350 = CARTESIAN_POINT('',(8.774692144374,2.93022184828,7.465957482109)
  );
#351 = CARTESIAN_POINT('',(9.296985138004,2.93022184828,7.465957482109)
  );
#352 = VECTOR('',#353,1.);
#353 = DIRECTION('',(-0.,0.939692620786,-0.342020143326));
#354 = ADVANCED_FACE('',(#355),#380,.T.);
#355 = FACE_BOUND('',#356,.T.);
#356 = EDGE_LOOP('',(#357,#358,#366,#374));
#357 = ORIENTED_EDGE('',*,*,#334,.T.);
#358 = ORIENTED_EDGE('',*,*,#359,.T.);
#359 = EDGE_CURVE('',#327,#360,#362,.T.);
#360 = VERTEX_POINT('',#361);
#361 = CARTESIAN_POINT('',(10.229469214437,2.027775564511,7.325550215314
    ));
#362 = B_SPLINE_CURVE_WITH_KNOTS('',2,(#363,#364,#365),.UNSPECIFIED.,.F.
  ,.F.,(3,3),(0.,1.),.PIECEWISE_BEZIER_KNOTS.);
#363 = CARTESIAN_POINT('',(9.296985138004,2.178467751651,7.73957359677)
  );
#364 = CARTESIAN_POINT('',(9.865138004246,2.178467751651,7.73957359677)
  );
#365 = CARTESIAN_POINT('',(10.229469214437,2.027775564511,7.325550215314
    ));
#366 = ORIENTED_EDGE('',*,*,#367,.F.);
#367 = EDGE_CURVE('',#368,#360,#370,.T.);
#368 = VERTEX_POINT('',#369);
#369 = CARTESIAN_POINT('',(10.229469214437,2.77952966114,7.051934100654)
  );
#370 = LINE('',#371,#372);
#371 = CARTESIAN_POINT('',(10.229469214437,2.77952966114,7.051934100654)
  );
#372 = VECTOR('',#373,1.);
#373 = DIRECTION('',(0.,-0.939692620786,0.342020143326));
#374 = ORIENTED_EDGE('',*,*,#375,.F.);
#375 = EDGE_CURVE('',#335,#368,#376,.T.);
#376 = B_SPLINE_CURVE_WITH_KNOTS('',2,(#377,#378,#379),.UNSPECIFIED.,.F.
  ,.F.,(3,3),(0.,1.),.PIECEWISE_BEZIER_KNOTS.);
#377 = CARTESIAN_POINT('',(9.296985138004,2.93022184828,7.465957482109)
  );
#378 = CARTESIAN_POINT('',(9.865138004246,2.93022184828,7.465957482109)
  );
#379 = CARTESIAN_POINT('',(10.229469214437,2.77952966114,7.051934100654)
  );
#380 = SURFACE_OF_LINEAR_EXTRUSION('',#381,#385);
#381 = B_SPLINE_CURVE_WITH_KNOTS('',2,(#382,#383,#384),.UNSPECIFIED.,.F.
  ,.F.,(3,3),(0.,1.),.PIECEWISE_BEZIER_KNOTS.);
#382 = CARTESIAN_POINT('',(9.296985138004,2.93022184828,7.465957482109)
  );
#383 = CARTESIAN_POINT('',(9.865138004246,2.93022184828,7.465957482109)
  );
#384 = CARTESIAN_POINT('',(10.229469214437,2.77952966114,7.051934100654)
  );
#385 = VECTOR('',#386,1.);
#386 = DIRECTION('',(-0.,0.939692620786,-0.342020143326));
#387 = ADVANCED_FACE('',(#388),#413,.T.);
#388 = FACE_BOUND('',#389,.T.);
#389 = EDGE_LOOP('',(#390,#391,#399,#407));
#390 = ORIENTED_EDGE('',*,*,#367,.T.);
#391 = ORIENTED_EDGE('',*,*,#392,.T.);
#392 = EDGE_CURVE('',#360,#393,#395,.T.);
#393 = VERTEX_POINT('',#394);
#394 = CARTESIAN_POINT('',(10.593800424628,1.531955280302,5.963295180341
    ));
#395 = B_SPLINE_CURVE_WITH_KNOTS('',2,(#396,#397,#398),.UNSPECIFIED.,.F.
  ,.F.,(3,3),(0.,1.),.PIECEWISE_BEZIER_KNOTS.);
#396 = CARTESIAN_POINT('',(10.229469214437,2.027775564511,7.325550215314
    ));
#397 = CARTESIAN_POINT('',(10.593800424628,1.877083377371,6.911526833859
    ));
#398 = CARTESIAN_POINT('',(10.593800424628,1.531955280302,5.963295180341
    ));
#399 = ORIENTED_EDGE('',*,*,#400,.F.);
#400 = EDGE_CURVE('',#401,#393,#403,.T.);
#401 = VERTEX_POINT('',#402);
#402 = CARTESIAN_POINT('',(10.593800424628,2.28370937693,5.68967906568)
  );
#403 = LINE('',#404,#405);
#404 = CARTESIAN_POINT('',(10.593800424628,2.28370937693,5.68967906568)
  );
#405 = VECTOR('',#406,1.);
#406 = DIRECTION('',(0.,-0.939692620786,0.342020143326));
#407 = ORIENTED_EDGE('',*,*,#408,.F.);
#408 = EDGE_CURVE('',#368,#401,#409,.T.);
#409 = B_SPLINE_CURVE_WITH_KNOTS('',2,(#410,#411,#412),.UNSPECIFIED.,.F.
  ,.F.,(3,3),(0.,1.),.PIECEWISE_BEZIER_KNOTS.);
#410 = CARTESIAN_POINT('',(10.229469214437,2.77952966114,7.051934100654)
  );
#411 = CARTESIAN_POINT('',(10.593800424628,2.628837474,6.637910719198));
#412 = CARTESIAN_POINT('',(10.593800424628,2.28370937693,5.68967906568)
  );
#413 = SURFACE_OF_LINEAR_EXTRUSION('',#414,#418);
#414 = B_SPLINE_CURVE_WITH_KNOTS('',2,(#415,#416,#417),.UNSPECIFIED.,.F.
  ,.F.,(3,3),(0.,1.),.PIECEWISE_BEZIER_KNOTS.);
#415 = CARTESIAN_POINT('',(10.229469214437,2.77952966114,7.051934100654)
  );
#416 = CARTESIAN_POINT('',(10.593800424628,2.628837474,6.637910719198));
#417 = CARTESIAN_POINT('',(10.593800424628,2.28370937693,5.68967906568)
  );
#418 = VECTOR('',#419,1.);
#419 = DIRECTION('',(-0.,0.939692620786,-0.342020143326));
#420 = ADVANCED_FACE('',(#421),#446,.T.);
#421 = FACE_BOUND('',#422,.T.);
#422 = EDGE_LOOP('',(#423,#424,#432,#440));
#423 = ORIENTED_EDGE('',*,*,#400,.T.);
#424 = ORIENTED_EDGE('',*,*,#425,.T.);
#425 = EDGE_CURVE('',#393,#426,#428,.T.);
#426 = VERTEX_POINT('',#427);
#427 = CARTESIAN_POINT('',(10.214182590234,1.025271681136,4.571193432825
    ));
#428 = B_SPLINE_CURVE_WITH_KNOTS('',2,(#429,#430,#431),.UNSPECIFIED.,.F.
  ,.F.,(3,3),(0.,1.),.PIECEWISE_BEZIER_KNOTS.);
#429 = CARTESIAN_POINT('',(10.593800424628,1.531955280302,5.963295180341
    ));
#430 = CARTESIAN_POINT('',(10.593800424628,1.180785553524,4.998464285623
    ));
#431 = CARTESIAN_POINT('',(10.214182590234,1.025271681136,4.571193432825
    ));
#432 = ORIENTED_EDGE('',*,*,#433,.F.);
#433 = EDGE_CURVE('',#434,#426,#436,.T.);
#434 = VERTEX_POINT('',#435);
#435 = CARTESIAN_POINT('',(10.214182590234,1.777025777765,4.297577318165
    ));
#436 = LINE('',#437,#438);
#437 = CARTESIAN_POINT('',(10.214182590234,1.777025777765,4.297577318165
    ));
#438 = VECTOR('',#439,1.);
#439 = DIRECTION('',(0.,-0.939692620786,0.342020143326));
#440 = ORIENTED_EDGE('',*,*,#441,.F.);
#441 = EDGE_CURVE('',#401,#434,#442,.T.);
#442 = B_SPLINE_CURVE_WITH_KNOTS('',2,(#443,#444,#445),.UNSPECIFIED.,.F.
  ,.F.,(3,3),(0.,1.),.PIECEWISE_BEZIER_KNOTS.);
#443 = CARTESIAN_POINT('',(10.593800424628,2.28370937693,5.68967906568)
  );
#444 = CARTESIAN_POINT('',(10.593800424628,1.932539650153,4.724848170962
    ));
#445 = CARTESIAN_POINT('',(10.214182590234,1.777025777765,4.297577318165
    ));
#446 = SURFACE_OF_LINEAR_EXTRUSION('',#447,#451);
#447 = B_SPLINE_CURVE_WITH_KNOTS('',2,(#448,#449,#450),.UNSPECIFIED.,.F.
  ,.F.,(3,3),(0.,1.),.PIECEWISE_BEZIER_KNOTS.);
#448 = CARTESIAN_POINT('',(10.593800424628,2.28370937693,5.68967906568)
  );
#449 = CARTESIAN_POINT('',(10.593800424628,1.932539650153,4.724848170962
    ));
#450 = CARTESIAN_POINT('',(10.214182590234,1.777025777765,4.297577318165
    ));
#451 = VECTOR('',#452,1.);
#452 = DIRECTION('',(-0.,0.939692620786,-0.342020143326));
#453 = ADVANCED_FACE('',(#454),#479,.T.);
#454 = FACE_BOUND('',#455,.T.);
#455 = EDGE_LOOP('',(#456,#457,#465,#473));
#456 = ORIENTED_EDGE('',*,*,#433,.T.);
#457 = ORIENTED_EDGE('',*,*,#458,.T.);
#458 = EDGE_CURVE('',#426,#459,#461,.T.);
#459 = VERTEX_POINT('',#460);
#460 = CARTESIAN_POINT('',(9.225647558386,0.869757808748,4.143922580028)
  );
#461 = B_SPLINE_CURVE_WITH_KNOTS('',2,(#462,#463,#464),.UNSPECIFIED.,.F.
  ,.F.,(3,3),(0.,1.),.PIECEWISE_BEZIER_KNOTS.);
#462 = CARTESIAN_POINT('',(10.214182590234,1.025271681136,4.571193432825
    ));
#463 = CARTESIAN_POINT('',(9.834564755839,0.869757808748,4.143922580028)
  );
#464 = CARTESIAN_POINT('',(9.225647558386,0.869757808748,4.143922580028)
  );
#465 = ORIENTED_EDGE('',*,*,#466,.F.);
#466 = EDGE_CURVE('',#467,#459,#469,.T.);
#467 = VERTEX_POINT('',#468);
#468 = CARTESIAN_POINT('',(9.225647558386,1.621511905377,3.870306465368)
  );
#469 = LINE('',#470,#471);
#470 = CARTESIAN_POINT('',(9.225647558386,1.621511905377,3.870306465368)
  );
#471 = VECTOR('',#472,1.);
#472 = DIRECTION('',(0.,-0.939692620786,0.342020143326));
#473 = ORIENTED_EDGE('',*,*,#474,.F.);
#474 = EDGE_CURVE('',#434,#467,#475,.T.);
#475 = B_SPLINE_CURVE_WITH_KNOTS('',2,(#476,#477,#478),.UNSPECIFIED.,.F.
  ,.F.,(3,3),(0.,1.),.PIECEWISE_BEZIER_KNOTS.);
#476 = CARTESIAN_POINT('',(10.214182590234,1.777025777765,4.297577318165
    ));
#477 = CARTESIAN_POINT('',(9.834564755839,1.621511905377,3.870306465368)
  );
#478 = CARTESIAN_POINT('',(9.225647558386,1.621511905377,3.870306465368)
  );
#479 = SURFACE_OF_LINEAR_EXTRUSION('',#480,#484);
#480 = B_SPLINE_CURVE_WITH_KNOTS('',2,(#481,#482,#483),.UNSPECIFIED.,.F.
  ,.F.,(3,3),(0.,1.),.PIECEWISE_BEZIER_KNOTS.);
#481 = CARTESIAN_POINT('',(10.214182590234,1.777025777765,4.297577318165
    ));
#482 = CARTESIAN_POINT('',(9.834564755839,1.621511905377,3.870306465368)
  );
#483 = CARTESIAN_POINT('',(9.225647558386,1.621511905377,3.870306465368)
  );
#484 = VECTOR('',#485,1.);
#485 = DIRECTION('',(-0.,0.939692620786,-0.342020143326));
#486 = ADVANCED_FACE('',(#487),#512,.T.);
#487 = FACE_BOUND('',#488,.T.);
#488 = EDGE_LOOP('',(#489,#490,#498,#506));
#489 = ORIENTED_EDGE('',*,*,#466,.T.);
#490 = ORIENTED_EDGE('',*,*,#491,.T.);
#491 = EDGE_CURVE('',#459,#492,#494,.T.);
#492 = VERTEX_POINT('',#493);
#493 = CARTESIAN_POINT('',(8.517367303609,0.949925587566,4.364181742098)
  );
#494 = B_SPLINE_CURVE_WITH_KNOTS('',2,(#495,#496,#497),.UNSPECIFIED.,.F.
  ,.F.,(3,3),(0.,1.),.PIECEWISE_BEZIER_KNOTS.);
#495 = CARTESIAN_POINT('',(9.225647558386,0.869757808748,4.143922580028)
  );
#496 = CARTESIAN_POINT('',(8.787430997877,0.869757808748,4.143922580028)
  );
#497 = CARTESIAN_POINT('',(8.517367303609,0.949925587566,4.364181742098)
  );
#498 = ORIENTED_EDGE('',*,*,#499,.F.);
#499 = EDGE_CURVE('',#500,#492,#502,.T.);
#500 = VERTEX_POINT('',#501);
#501 = CARTESIAN_POINT('',(8.517367303609,1.701679684195,4.090565627437)
  );
#502 = LINE('',#503,#504);
#503 = CARTESIAN_POINT('',(8.517367303609,1.701679684195,4.090565627437)
  );
#504 = VECTOR('',#505,1.);
#505 = DIRECTION('',(0.,-0.939692620786,0.342020143326));
#506 = ORIENTED_EDGE('',*,*,#507,.F.);
#507 = EDGE_CURVE('',#467,#500,#508,.T.);
#508 = B_SPLINE_CURVE_WITH_KNOTS('',2,(#509,#510,#511),.UNSPECIFIED.,.F.
  ,.F.,(3,3),(0.,1.),.PIECEWISE_BEZIER_KNOTS.);
#509 = CARTESIAN_POINT('',(9.225647558386,1.621511905377,3.870306465368)
  );
#510 = CARTESIAN_POINT('',(8.787430997877,1.621511905377,3.870306465368)
  );
#511 = CARTESIAN_POINT('',(8.517367303609,1.701679684195,4.090565627437)
  );
#512 = SURFACE_OF_LINEAR_EXTRUSION('',#513,#517);
#513 = B_SPLINE_CURVE_WITH_KNOTS('',2,(#514,#515,#516),.UNSPECIFIED.,.F.
  ,.F.,(3,3),(0.,1.),.PIECEWISE_BEZIER_KNOTS.);
#514 = CARTESIAN_POINT('',(9.225647558386,1.621511905377,3.870306465368)
  );
#515 = CARTESIAN_POINT('',(8.787430997877,1.621511905377,3.870306465368)
  );
#516 = CARTESIAN_POINT('',(8.517367303609,1.701679684195,4.090565627437)
  );
#517 = VECTOR('',#518,1.);
#518 = DIRECTION('',(-0.,0.939692620786,-0.342020143326));
#519 = ADVANCED_FACE('',(#520),#536,.T.);
#520 = FACE_BOUND('',#521,.T.);
#521 = EDGE_LOOP('',(#522,#523,#529,#530));
#522 = ORIENTED_EDGE('',*,*,#499,.T.);
#523 = ORIENTED_EDGE('',*,*,#524,.T.);
#524 = EDGE_CURVE('',#492,#24,#525,.T.);
#525 = B_SPLINE_CURVE_WITH_KNOTS('',2,(#526,#527,#528),.UNSPECIFIED.,.F.
  ,.F.,(3,3),(0.,1.),.PIECEWISE_BEZIER_KNOTS.);
#526 = CARTESIAN_POINT('',(8.517367303609,0.949925587566,4.364181742098)
  );
#527 = CARTESIAN_POINT('',(8.247303609342,1.030093366384,4.584440904167)
  );
#528 = CARTESIAN_POINT('',(8.170870488323,1.189499442526,5.022405498891)
  );
#529 = ORIENTED_EDGE('',*,*,#21,.F.);
#530 = ORIENTED_EDGE('',*,*,#531,.F.);
#531 = EDGE_CURVE('',#500,#22,#532,.T.);
#532 = B_SPLINE_CURVE_WITH_KNOTS('',2,(#533,#534,#535),.UNSPECIFIED.,.F.
  ,.F.,(3,3),(0.,1.),.PIECEWISE_BEZIER_KNOTS.);
#533 = CARTESIAN_POINT('',(8.517367303609,1.701679684195,4.090565627437)
  );
#534 = CARTESIAN_POINT('',(8.247303609342,1.781847463013,4.310824789507)
  );
#535 = CARTESIAN_POINT('',(8.170870488323,1.941253539154,4.748789384231)
  );
#536 = SURFACE_OF_LINEAR_EXTRUSION('',#537,#541);
#537 = B_SPLINE_CURVE_WITH_KNOTS('',2,(#538,#539,#540),.UNSPECIFIED.,.F.
  ,.F.,(3,3),(0.,1.),.PIECEWISE_BEZIER_KNOTS.);
#538 = CARTESIAN_POINT('',(8.517367303609,1.701679684195,4.090565627437)
  );
#539 = CARTESIAN_POINT('',(8.247303609342,1.781847463013,4.310824789507)
  );
#540 = CARTESIAN_POINT('',(8.170870488323,1.941253539154,4.748789384231)
  );
#541 = VECTOR('',#542,1.);
#542 = DIRECTION('',(-0.,0.939692620786,-0.342020143326));
#543 = ADVANCED_FACE('',(#544),#562,.F.);
#544 = FACE_BOUND('',#545,.T.);
#545 = EDGE_LOOP('',(#546,#547,#548,#549,#550,#551,#552,#553,#554,#555,
    #556,#557,#558,#559,#560,#561));
#546 = ORIENTED_EDGE('',*,*,#47,.T.);
#547 = ORIENTED_EDGE('',*,*,#78,.T.);
#548 = ORIENTED_EDGE('',*,*,#111,.T.);
#549 = ORIENTED_EDGE('',*,*,#144,.T.);
#550 = ORIENTED_EDGE('',*,*,#177,.T.);
#551 = ORIENTED_EDGE('',*,*,#210,.T.);
#552 = ORIENTED_EDGE('',*,*,#243,.T.);
#553 = ORIENTED_EDGE('',*,*,#276,.T.);
#554 = ORIENTED_EDGE('',*,*,#309,.T.);
#555 = ORIENTED_EDGE('',*,*,#342,.T.);
#556 = ORIENTED_EDGE('',*,*,#375,.T.);
#557 = ORIENTED_EDGE('',*,*,#408,.T.);
#558 = ORIENTED_EDGE('',*,*,#441,.T.);
#559 = ORIENTED_EDGE('',*,*,#474,.T.);
#560 = ORIENTED_EDGE('',*,*,#507,.T.);
#561 = ORIENTED_EDGE('',*,*,#531,.T.);
#562 = PLANE('',#563);
#563 = AXIS2_PLACEMENT_3D('',#564,#565,#566);
#564 = CARTESIAN_POINT('',(9.332280346208,2.206470172158,5.477466094672)
  );
#565 = DIRECTION('',(0.,-0.939692620786,0.342020143326));
#566 = DIRECTION('',(1.,0.,0.));
#567 = ADVANCED_FACE('',(#568),#586,.T.);
#568 = FACE_BOUND('',#569,.F.);
#569 = EDGE_LOOP('',(#570,#571,#572,#573,#574,#575,#576,#577,#578,#579,
    #580,#581,#582,#583,#584,#585));
#570 = ORIENTED_EDGE('',*,*,#31,.T.);
#571 = ORIENTED_EDGE('',*,*,#62,.T.);
#572 = ORIENTED_EDGE('',*,*,#95,.T.);
#573 = ORIENTED_EDGE('',*,*,#128,.T.);
#574 = ORIENTED_EDGE('',*,*,#161,.T.);
#575 = ORIENTED_EDGE('',*,*,#194,.T.);
#576 = ORIENTED_EDGE('',*,*,#227,.T.);
#577 = ORIENTED_EDGE('',*,*,#260,.T.);
#578 = ORIENTED_EDGE('',*,*,#293,.T.);
#579 = ORIENTED_EDGE('',*,*,#326,.T.);
#580 = ORIENTED_EDGE('',*,*,#359,.T.);
#581 = ORIENTED_EDGE('',*,*,#392,.T.);
#582 = ORIENTED_EDGE('',*,*,#425,.T.);
#583 = ORIENTED_EDGE('',*,*,#458,.T.);
#584 = ORIENTED_EDGE('',*,*,#491,.T.);
#585 = ORIENTED_EDGE('',*,*,#524,.T.);
#586 = PLANE('',#587);
#587 = AXIS2_PLACEMENT_3D('',#588,#589,#590);
#588 = CARTESIAN_POINT('',(9.332280346208,1.45471607553,5.751082209333)
  );
#589 = DIRECTION('',(0.,-0.939692620786,0.342020143326));
#590 = DIRECTION('',(1.,0.,0.));
#591 = MANIFOLD_SOLID_BREP('',#592);
#592 = CLOSED_SHELL('',(#593,#635,#668,#701,#734,#767,#800,#833,#857,
    #873));
#593 = ADVANCED_FACE('',(#594),#628,.F.);
#594 = FACE_BOUND('',#595,.F.);
#595 = EDGE_LOOP('',(#596,#606,#614,#622));
#596 = ORIENTED_EDGE('',*,*,#597,.T.);
#597 = EDGE_CURVE('',#598,#600,#602,.T.);
#598 = VERTEX_POINT('',#599);
#599 = CARTESIAN_POINT('',(9.791252653928,2.476692972026,6.219897135531)
  );
#600 = VERTEX_POINT('',#601);
#601 = CARTESIAN_POINT('',(9.791252653928,1.724938875398,6.493513250192)
  );
#602 = LINE('',#603,#604);
#603 = CARTESIAN_POINT('',(9.791252653928,2.476692972026,6.219897135531)
  );
#604 = VECTOR('',#605,1.);
#605 = DIRECTION('',(0.,-0.939692620786,0.342020143326));
#606 = ORIENTED_EDGE('',*,*,#607,.T.);
#607 = EDGE_CURVE('',#600,#608,#610,.T.);
#608 = VERTEX_POINT('',#609);
#609 = CARTESIAN_POINT('',(9.631932059448,1.908685748152,6.998353633979)
  );
#610 = B_SPLINE_CURVE_WITH_KNOTS('',2,(#611,#612,#613),.UNSPECIFIED.,.F.
  ,.F.,(3,3),(0.,1.),.PIECEWISE_BEZIER_KNOTS.);
#611 = CARTESIAN_POINT('',(9.791252653928,1.724938875398,6.493513250192)
  );
#612 = CARTESIAN_POINT('',(9.791252653928,1.84338967323,6.818954142554)
  );
#613 = CARTESIAN_POINT('',(9.631932059448,1.908685748152,6.998353633979)
  );
#614 = ORIENTED_EDGE('',*,*,#615,.F.);
#615 = EDGE_CURVE('',#616,#608,#618,.T.);
#616 = VERTEX_POINT('',#617);
#617 = CARTESIAN_POINT('',(9.631932059448,2.66043984478,6.724737519318)
  );
#618 = LINE('',#619,#620);
#619 = CARTESIAN_POINT('',(9.631932059448,2.66043984478,6.724737519318)
  );
#620 = VECTOR('',#621,1.);
#621 = DIRECTION('',(0.,-0.939692620786,0.342020143326));
#622 = ORIENTED_EDGE('',*,*,#623,.F.);
#623 = EDGE_CURVE('',#598,#616,#624,.T.);
#624 = B_SPLINE_CURVE_WITH_KNOTS('',2,(#625,#626,#627),.UNSPECIFIED.,.F.
  ,.F.,(3,3),(0.,1.),.PIECEWISE_BEZIER_KNOTS.);
#625 = CARTESIAN_POINT('',(9.791252653928,2.476692972026,6.219897135531)
  );
#626 = CARTESIAN_POINT('',(9.791252653928,2.595143769859,6.545338027894)
  );
#627 = CARTESIAN_POINT('',(9.631932059448,2.66043984478,6.724737519318)
  );
#628 = SURFACE_OF_LINEAR_EXTRUSION('',#629,#633);
#629 = B_SPLINE_CURVE_WITH_KNOTS('',2,(#630,#631,#632),.UNSPECIFIED.,.F.
  ,.F.,(3,3),(0.,1.),.PIECEWISE_BEZIER_KNOTS.);
#630 = CARTESIAN_POINT('',(9.791252653928,2.476692972026,6.219897135531)
  );
#631 = CARTESIAN_POINT('',(9.791252653928,2.595143769859,6.545338027894)
  );
#632 = CARTESIAN_POINT('',(9.631932059448,2.66043984478,6.724737519318)
  );
#633 = VECTOR('',#634,1.);
#634 = DIRECTION('',(-0.,0.939692620786,-0.342020143326));
#635 = ADVANCED_FACE('',(#636),#661,.F.);
#636 = FACE_BOUND('',#637,.F.);
#637 = EDGE_LOOP('',(#638,#639,#647,#655));
#638 = ORIENTED_EDGE('',*,*,#615,.T.);
#639 = ORIENTED_EDGE('',*,*,#640,.T.);
#640 = EDGE_CURVE('',#608,#641,#643,.T.);
#641 = VERTEX_POINT('',#642);
#642 = CARTESIAN_POINT('',(9.263864118896,1.973981823073,7.177753125404)
  );
#643 = B_SPLINE_CURVE_WITH_KNOTS('',2,(#644,#645,#646),.UNSPECIFIED.,.F.
  ,.F.,(3,3),(0.,1.),.PIECEWISE_BEZIER_KNOTS.);
#644 = CARTESIAN_POINT('',(9.631932059448,1.908685748152,6.998353633979)
  );
#645 = CARTESIAN_POINT('',(9.472781316348,1.973981823073,7.177753125404)
  );
#646 = CARTESIAN_POINT('',(9.263864118896,1.973981823073,7.177753125404)
  );
#647 = ORIENTED_EDGE('',*,*,#648,.F.);
#648 = EDGE_CURVE('',#649,#641,#651,.T.);
#649 = VERTEX_POINT('',#650);
#650 = CARTESIAN_POINT('',(9.263864118896,2.725735919701,6.904137010743)
  );
#651 = LINE('',#652,#653);
#652 = CARTESIAN_POINT('',(9.263864118896,2.725735919701,6.904137010743)
  );
#653 = VECTOR('',#654,1.);
#654 = DIRECTION('',(0.,-0.939692620786,0.342020143326));
#655 = ORIENTED_EDGE('',*,*,#656,.F.);
#656 = EDGE_CURVE('',#616,#649,#657,.T.);
#657 = B_SPLINE_CURVE_WITH_KNOTS('',2,(#658,#659,#660),.UNSPECIFIED.,.F.
  ,.F.,(3,3),(0.,1.),.PIECEWISE_BEZIER_KNOTS.);
#658 = CARTESIAN_POINT('',(9.631932059448,2.66043984478,6.724737519318)
  );
#659 = CARTESIAN_POINT('',(9.472781316348,2.725735919701,6.904137010743)
  );
#660 = CARTESIAN_POINT('',(9.263864118896,2.725735919701,6.904137010743)
  );
#661 = SURFACE_OF_LINEAR_EXTRUSION('',#662,#666);
#662 = B_SPLINE_CURVE_WITH_KNOTS('',2,(#663,#664,#665),.UNSPECIFIED.,.F.
  ,.F.,(3,3),(0.,1.),.PIECEWISE_BEZIER_KNOTS.);
#663 = CARTESIAN_POINT('',(9.631932059448,2.66043984478,6.724737519318)
  );
#664 = CARTESIAN_POINT('',(9.472781316348,2.725735919701,6.904137010743)
  );
#665 = CARTESIAN_POINT('',(9.263864118896,2.725735919701,6.904137010743)
  );
#666 = VECTOR('',#667,1.);
#667 = DIRECTION('',(-0.,0.939692620786,-0.342020143326));
#668 = ADVANCED_FACE('',(#669),#694,.F.);
#669 = FACE_BOUND('',#670,.F.);
#670 = EDGE_LOOP('',(#671,#672,#680,#688));
#671 = ORIENTED_EDGE('',*,*,#648,.T.);
#672 = ORIENTED_EDGE('',*,*,#673,.T.);
#673 = EDGE_CURVE('',#641,#674,#676,.T.);
#674 = VERTEX_POINT('',#675);
#675 = CARTESIAN_POINT('',(8.933842887473,1.920420452007,7.030594467847)
  );
#676 = B_SPLINE_CURVE_WITH_KNOTS('',2,(#677,#678,#679),.UNSPECIFIED.,.F.
  ,.F.,(3,3),(0.,1.),.PIECEWISE_BEZIER_KNOTS.);
#677 = CARTESIAN_POINT('',(9.263864118896,1.973981823073,7.177753125404)
  );
#678 = CARTESIAN_POINT('',(9.065138004246,1.973981823073,7.177753125404)
  );
#679 = CARTESIAN_POINT('',(8.933842887473,1.920420452007,7.030594467847)
  );
#680 = ORIENTED_EDGE('',*,*,#681,.F.);
#681 = EDGE_CURVE('',#682,#674,#684,.T.);
#682 = VERTEX_POINT('',#683);
#683 = CARTESIAN_POINT('',(8.933842887473,2.672174548636,6.756978353187)
  );
#684 = LINE('',#685,#686);
#685 = CARTESIAN_POINT('',(8.933842887473,2.672174548636,6.756978353187)
  );
#686 = VECTOR('',#687,1.);
#687 = DIRECTION('',(0.,-0.939692620786,0.342020143326));
#688 = ORIENTED_EDGE('',*,*,#689,.F.);
#689 = EDGE_CURVE('',#649,#682,#690,.T.);
#690 = B_SPLINE_CURVE_WITH_KNOTS('',2,(#691,#692,#693),.UNSPECIFIED.,.F.
  ,.F.,(3,3),(0.,1.),.PIECEWISE_BEZIER_KNOTS.);
#691 = CARTESIAN_POINT('',(9.263864118896,2.725735919701,6.904137010743)
  );
#692 = CARTESIAN_POINT('',(9.065138004246,2.725735919701,6.904137010743)
  );
#693 = CARTESIAN_POINT('',(8.933842887473,2.672174548636,6.756978353187)
  );
#694 = SURFACE_OF_LINEAR_EXTRUSION('',#695,#699);
#695 = B_SPLINE_CURVE_WITH_KNOTS('',2,(#696,#697,#698),.UNSPECIFIED.,.F.
  ,.F.,(3,3),(0.,1.),.PIECEWISE_BEZIER_KNOTS.);
#696 = CARTESIAN_POINT('',(9.263864118896,2.725735919701,6.904137010743)
  );
#697 = CARTESIAN_POINT('',(9.065138004246,2.725735919701,6.904137010743)
  );
#698 = CARTESIAN_POINT('',(8.933842887473,2.672174548636,6.756978353187)
  );
#699 = VECTOR('',#700,1.);
#700 = DIRECTION('',(-0.,0.939692620786,-0.342020143326));
#701 = ADVANCED_FACE('',(#702),#727,.F.);
#702 = FACE_BOUND('',#703,.F.);
#703 = EDGE_LOOP('',(#704,#705,#713,#721));
#704 = ORIENTED_EDGE('',*,*,#681,.T.);
#705 = ORIENTED_EDGE('',*,*,#706,.T.);
#706 = EDGE_CURVE('',#674,#707,#709,.T.);
#707 = VERTEX_POINT('',#708);
#708 = CARTESIAN_POINT('',(8.802717622081,1.744980820102,6.548578040709)
  );
#709 = B_SPLINE_CURVE_WITH_KNOTS('',2,(#710,#711,#712),.UNSPECIFIED.,.F.
  ,.F.,(3,3),(0.,1.),.PIECEWISE_BEZIER_KNOTS.);
#710 = CARTESIAN_POINT('',(8.933842887473,1.920420452007,7.030594467847)
  );
#711 = CARTESIAN_POINT('',(8.802717622081,1.866859080942,6.883435810291)
  );
#712 = CARTESIAN_POINT('',(8.802717622081,1.744980820102,6.548578040709)
  );
#713 = ORIENTED_EDGE('',*,*,#714,.F.);
#714 = EDGE_CURVE('',#715,#707,#717,.T.);
#715 = VERTEX_POINT('',#716);
#716 = CARTESIAN_POINT('',(8.802717622081,2.496734916731,6.274961926049)
  );
#717 = LINE('',#718,#719);
#718 = CARTESIAN_POINT('',(8.802717622081,2.496734916731,6.274961926049)
  );
#719 = VECTOR('',#720,1.);
#720 = DIRECTION('',(0.,-0.939692620786,0.342020143326));
#721 = ORIENTED_EDGE('',*,*,#722,.F.);
#722 = EDGE_CURVE('',#682,#715,#723,.T.);
#723 = B_SPLINE_CURVE_WITH_KNOTS('',2,(#724,#725,#726),.UNSPECIFIED.,.F.
  ,.F.,(3,3),(0.,1.),.PIECEWISE_BEZIER_KNOTS.);
#724 = CARTESIAN_POINT('',(8.933842887473,2.672174548636,6.756978353187)
  );
#725 = CARTESIAN_POINT('',(8.802717622081,2.618613177571,6.60981969563)
  );
#726 = CARTESIAN_POINT('',(8.802717622081,2.496734916731,6.274961926049)
  );
#727 = SURFACE_OF_LINEAR_EXTRUSION('',#728,#732);
#728 = B_SPLINE_CURVE_WITH_KNOTS('',2,(#729,#730,#731),.UNSPECIFIED.,.F.
  ,.F.,(3,3),(0.,1.),.PIECEWISE_BEZIER_KNOTS.);
#729 = CARTESIAN_POINT('',(8.933842887473,2.672174548636,6.756978353187)
  );
#730 = CARTESIAN_POINT('',(8.802717622081,2.618613177571,6.60981969563)
  );
#731 = CARTESIAN_POINT('',(8.802717622081,2.496734916731,6.274961926049)
  );
#732 = VECTOR('',#733,1.);
#733 = DIRECTION('',(-0.,0.939692620786,-0.342020143326));
#734 = ADVANCED_FACE('',(#735),#760,.F.);
#735 = FACE_BOUND('',#736,.F.);
#736 = EDGE_LOOP('',(#737,#738,#746,#754));
#737 = ORIENTED_EDGE('',*,*,#714,.T.);
#738 = ORIENTED_EDGE('',*,*,#739,.T.);
#739 = EDGE_CURVE('',#707,#740,#742,.T.);
#740 = VERTEX_POINT('',#741);
#741 = CARTESIAN_POINT('',(8.945392781316,1.563441465895,6.049802764284)
  );
#742 = B_SPLINE_CURVE_WITH_KNOTS('',2,(#743,#744,#745),.UNSPECIFIED.,.F.
  ,.F.,(3,3),(0.,1.),.PIECEWISE_BEZIER_KNOTS.);
#743 = CARTESIAN_POINT('',(8.802717622081,1.744980820102,6.548578040709)
  );
#744 = CARTESIAN_POINT('',(8.802717622081,1.621359781461,6.208932028475)
  );
#745 = CARTESIAN_POINT('',(8.945392781316,1.563441465895,6.049802764284)
  );
#746 = ORIENTED_EDGE('',*,*,#747,.F.);
#747 = EDGE_CURVE('',#748,#740,#750,.T.);
#748 = VERTEX_POINT('',#749);
#749 = CARTESIAN_POINT('',(8.945392781316,2.315195562524,5.776186649623)
  );
#750 = LINE('',#751,#752);
#751 = CARTESIAN_POINT('',(8.945392781316,2.315195562524,5.776186649623)
  );
#752 = VECTOR('',#753,1.);
#753 = DIRECTION('',(0.,-0.939692620786,0.342020143326));
#754 = ORIENTED_EDGE('',*,*,#755,.F.);
#755 = EDGE_CURVE('',#715,#748,#756,.T.);
#756 = B_SPLINE_CURVE_WITH_KNOTS('',2,(#757,#758,#759),.UNSPECIFIED.,.F.
  ,.F.,(3,3),(0.,1.),.PIECEWISE_BEZIER_KNOTS.);
#757 = CARTESIAN_POINT('',(8.802717622081,2.496734916731,6.274961926049)
  );
#758 = CARTESIAN_POINT('',(8.802717622081,2.37311387809,5.935315913814)
  );
#759 = CARTESIAN_POINT('',(8.945392781316,2.315195562524,5.776186649623)
  );
#760 = SURFACE_OF_LINEAR_EXTRUSION('',#761,#765);
#761 = B_SPLINE_CURVE_WITH_KNOTS('',2,(#762,#763,#764),.UNSPECIFIED.,.F.
  ,.F.,(3,3),(0.,1.),.PIECEWISE_BEZIER_KNOTS.);
#762 = CARTESIAN_POINT('',(8.802717622081,2.496734916731,6.274961926049)
  );
#763 = CARTESIAN_POINT('',(8.802717622081,2.37311387809,5.935315913814)
  );
#764 = CARTESIAN_POINT('',(8.945392781316,2.315195562524,5.776186649623)
  );
#765 = VECTOR('',#766,1.);
#766 = DIRECTION('',(-0.,0.939692620786,-0.342020143326));
#767 = ADVANCED_FACE('',(#768),#793,.F.);
#768 = FACE_BOUND('',#769,.F.);
#769 = EDGE_LOOP('',(#770,#771,#779,#787));
#770 = ORIENTED_EDGE('',*,*,#747,.T.);
#771 = ORIENTED_EDGE('',*,*,#772,.T.);
#772 = EDGE_CURVE('',#740,#773,#775,.T.);
#773 = VERTEX_POINT('',#774);
#774 = CARTESIAN_POINT('',(9.302080679406,1.505523150329,5.890673500093)
  );
#775 = B_SPLINE_CURVE_WITH_KNOTS('',2,(#776,#777,#778),.UNSPECIFIED.,.F.
  ,.F.,(3,3),(0.,1.),.PIECEWISE_BEZIER_KNOTS.);
#776 = CARTESIAN_POINT('',(8.945392781316,1.563441465895,6.049802764284)
  );
#777 = CARTESIAN_POINT('',(9.088067940552,1.505523150329,5.890673500093)
  );
#778 = CARTESIAN_POINT('',(9.302080679406,1.505523150329,5.890673500093)
  );
#779 = ORIENTED_EDGE('',*,*,#780,.F.);
#780 = EDGE_CURVE('',#781,#773,#783,.T.);
#781 = VERTEX_POINT('',#782);
#782 = CARTESIAN_POINT('',(9.302080679406,2.257277246958,5.617057385432)
  );
#783 = LINE('',#784,#785);
#784 = CARTESIAN_POINT('',(9.302080679406,2.257277246958,5.617057385432)
  );
#785 = VECTOR('',#786,1.);
#786 = DIRECTION('',(0.,-0.939692620786,0.342020143326));
#787 = ORIENTED_EDGE('',*,*,#788,.F.);
#788 = EDGE_CURVE('',#748,#781,#789,.T.);
#789 = B_SPLINE_CURVE_WITH_KNOTS('',2,(#790,#791,#792),.UNSPECIFIED.,.F.
  ,.F.,(3,3),(0.,1.),.PIECEWISE_BEZIER_KNOTS.);
#790 = CARTESIAN_POINT('',(8.945392781316,2.315195562524,5.776186649623)
  );
#791 = CARTESIAN_POINT('',(9.088067940552,2.257277246958,5.617057385432)
  );
#792 = CARTESIAN_POINT('',(9.302080679406,2.257277246958,5.617057385432)
  );
#793 = SURFACE_OF_LINEAR_EXTRUSION('',#794,#798);
#794 = B_SPLINE_CURVE_WITH_KNOTS('',2,(#795,#796,#797),.UNSPECIFIED.,.F.
  ,.F.,(3,3),(0.,1.),.PIECEWISE_BEZIER_KNOTS.);
#795 = CARTESIAN_POINT('',(8.945392781316,2.315195562524,5.776186649623)
  );
#796 = CARTESIAN_POINT('',(9.088067940552,2.257277246958,5.617057385432)
  );
#797 = CARTESIAN_POINT('',(9.302080679406,2.257277246958,5.617057385432)
  );
#798 = VECTOR('',#799,1.);
#799 = DIRECTION('',(-0.,0.939692620786,-0.342020143326));
#800 = ADVANCED_FACE('',(#801),#826,.F.);
#801 = FACE_BOUND('',#802,.F.);
#802 = EDGE_LOOP('',(#803,#804,#812,#820));
#803 = ORIENTED_EDGE('',*,*,#780,.T.);
#804 = ORIENTED_EDGE('',*,*,#805,.T.);
#805 = EDGE_CURVE('',#773,#806,#808,.T.);
#806 = VERTEX_POINT('',#807);
#807 = CARTESIAN_POINT('',(9.649766454352,1.561233947348,6.043737656922)
  );
#808 = B_SPLINE_CURVE_WITH_KNOTS('',2,(#809,#810,#811),.UNSPECIFIED.,.F.
  ,.F.,(3,3),(0.,1.),.PIECEWISE_BEZIER_KNOTS.);
#809 = CARTESIAN_POINT('',(9.302080679406,1.505523150329,5.890673500093)
  );
#810 = CARTESIAN_POINT('',(9.508450106157,1.505523150329,5.890673500093)
  );
#811 = CARTESIAN_POINT('',(9.649766454352,1.561233947348,6.043737656922)
  );
#812 = ORIENTED_EDGE('',*,*,#813,.F.);
#813 = EDGE_CURVE('',#814,#806,#816,.T.);
#814 = VERTEX_POINT('',#815);
#815 = CARTESIAN_POINT('',(9.649766454352,2.312988043977,5.770121542262)
  );
#816 = LINE('',#817,#818);
#817 = CARTESIAN_POINT('',(9.649766454352,2.312988043977,5.770121542262)
  );
#818 = VECTOR('',#819,1.);
#819 = DIRECTION('',(0.,-0.939692620786,0.342020143326));
#820 = ORIENTED_EDGE('',*,*,#821,.F.);
#821 = EDGE_CURVE('',#781,#814,#822,.T.);
#822 = B_SPLINE_CURVE_WITH_KNOTS('',2,(#823,#824,#825),.UNSPECIFIED.,.F.
  ,.F.,(3,3),(0.,1.),.PIECEWISE_BEZIER_KNOTS.);
#823 = CARTESIAN_POINT('',(9.302080679406,2.257277246958,5.617057385432)
  );
#824 = CARTESIAN_POINT('',(9.508450106157,2.257277246958,5.617057385432)
  );
#825 = CARTESIAN_POINT('',(9.649766454352,2.312988043977,5.770121542262)
  );
#826 = SURFACE_OF_LINEAR_EXTRUSION('',#827,#831);
#827 = B_SPLINE_CURVE_WITH_KNOTS('',2,(#828,#829,#830),.UNSPECIFIED.,.F.
  ,.F.,(3,3),(0.,1.),.PIECEWISE_BEZIER_KNOTS.);
#828 = CARTESIAN_POINT('',(9.302080679406,2.257277246958,5.617057385432)
  );
#829 = CARTESIAN_POINT('',(9.508450106157,2.257277246958,5.617057385432)
  );
#830 = CARTESIAN_POINT('',(9.649766454352,2.312988043977,5.770121542262)
  );
#831 = VECTOR('',#832,1.);
#832 = DIRECTION('',(-0.,0.939692620786,-0.342020143326));
#833 = ADVANCED_FACE('',(#834),#850,.F.);
#834 = FACE_BOUND('',#835,.F.);
#835 = EDGE_LOOP('',(#836,#837,#843,#844));
#836 = ORIENTED_EDGE('',*,*,#813,.T.);
#837 = ORIENTED_EDGE('',*,*,#838,.T.);
#838 = EDGE_CURVE('',#806,#600,#839,.T.);
#839 = B_SPLINE_CURVE_WITH_KNOTS('',2,(#840,#841,#842),.UNSPECIFIED.,.F.
  ,.F.,(3,3),(0.,1.),.PIECEWISE_BEZIER_KNOTS.);
#840 = CARTESIAN_POINT('',(9.649766454352,1.561233947348,6.043737656922)
  );
#841 = CARTESIAN_POINT('',(9.791252653928,1.61700283696,6.19696142184));
#842 = CARTESIAN_POINT('',(9.791252653928,1.724938875398,6.493513250192)
  );
#843 = ORIENTED_EDGE('',*,*,#597,.F.);
#844 = ORIENTED_EDGE('',*,*,#845,.F.);
#845 = EDGE_CURVE('',#814,#598,#846,.T.);
#846 = B_SPLINE_CURVE_WITH_KNOTS('',2,(#847,#848,#849),.UNSPECIFIED.,.F.
  ,.F.,(3,3),(0.,1.),.PIECEWISE_BEZIER_KNOTS.);
#847 = CARTESIAN_POINT('',(9.649766454352,2.312988043977,5.770121542262)
  );
#848 = CARTESIAN_POINT('',(9.791252653928,2.368756933589,5.92334530718)
  );
#849 = CARTESIAN_POINT('',(9.791252653928,2.476692972026,6.219897135531)
  );
#850 = SURFACE_OF_LINEAR_EXTRUSION('',#851,#855);
#851 = B_SPLINE_CURVE_WITH_KNOTS('',2,(#852,#853,#854),.UNSPECIFIED.,.F.
  ,.F.,(3,3),(0.,1.),.PIECEWISE_BEZIER_KNOTS.);
#852 = CARTESIAN_POINT('',(9.649766454352,2.312988043977,5.770121542262)
  );
#853 = CARTESIAN_POINT('',(9.791252653928,2.368756933589,5.92334530718)
  );
#854 = CARTESIAN_POINT('',(9.791252653928,2.476692972026,6.219897135531)
  );
#855 = VECTOR('',#856,1.);
#856 = DIRECTION('',(-0.,0.939692620786,-0.342020143326));
#857 = ADVANCED_FACE('',(#858),#868,.T.);
#858 = FACE_BOUND('',#859,.F.);
#859 = EDGE_LOOP('',(#860,#861,#862,#863,#864,#865,#866,#867));
#860 = ORIENTED_EDGE('',*,*,#623,.T.);
#861 = ORIENTED_EDGE('',*,*,#656,.T.);
#862 = ORIENTED_EDGE('',*,*,#689,.T.);
#863 = ORIENTED_EDGE('',*,*,#722,.T.);
#864 = ORIENTED_EDGE('',*,*,#755,.T.);
#865 = ORIENTED_EDGE('',*,*,#788,.T.);
#866 = ORIENTED_EDGE('',*,*,#821,.T.);
#867 = ORIENTED_EDGE('',*,*,#845,.T.);
#868 = PLANE('',#869);
#869 = AXIS2_PLACEMENT_3D('',#870,#871,#872);
#870 = CARTESIAN_POINT('',(9.290593913367,2.490529491861,6.257912661342)
  );
#871 = DIRECTION('',(-0.,0.939692620786,-0.342020143326));
#872 = DIRECTION('',(-1.,0.,0.));
#873 = ADVANCED_FACE('',(#874),#884,.F.);
#874 = FACE_BOUND('',#875,.T.);
#875 = EDGE_LOOP('',(#876,#877,#878,#879,#880,#881,#882,#883));
#876 = ORIENTED_EDGE('',*,*,#607,.T.);
#877 = ORIENTED_EDGE('',*,*,#640,.T.);
#878 = ORIENTED_EDGE('',*,*,#673,.T.);
#879 = ORIENTED_EDGE('',*,*,#706,.T.);
#880 = ORIENTED_EDGE('',*,*,#739,.T.);
#881 = ORIENTED_EDGE('',*,*,#772,.T.);
#882 = ORIENTED_EDGE('',*,*,#805,.T.);
#883 = ORIENTED_EDGE('',*,*,#838,.T.);
#884 = PLANE('',#885);
#885 = AXIS2_PLACEMENT_3D('',#886,#887,#888);
#886 = CARTESIAN_POINT('',(9.290593913367,1.738775395233,6.531528776003)
  );
#887 = DIRECTION('',(-0.,0.939692620786,-0.342020143326));
#888 = DIRECTION('',(-1.,0.,0.));
#889 = MANIFOLD_SOLID_BREP('',#890);
#890 = CLOSED_SHELL('',(#891,#931,#962,#993,#1015,#1027));
#891 = ADVANCED_FACE('',(#892),#926,.T.);
#892 = FACE_BOUND('',#893,.T.);
#893 = EDGE_LOOP('',(#894,#904,#912,#920));
#894 = ORIENTED_EDGE('',*,*,#895,.T.);
#895 = EDGE_CURVE('',#896,#898,#900,.T.);
#896 = VERTEX_POINT('',#897);
#897 = CARTESIAN_POINT('',(10.828704883227,1.621511905377,3.870306465368
    ));
#898 = VERTEX_POINT('',#899);
#899 = CARTESIAN_POINT('',(10.828704883227,0.869757808748,4.143922580028
    ));
#900 = LINE('',#901,#902);
#901 = CARTESIAN_POINT('',(10.828704883227,1.621511905377,3.870306465368
    ));
#902 = VECTOR('',#903,1.);
#903 = DIRECTION('',(0.,-0.939692620786,0.342020143326));
#904 = ORIENTED_EDGE('',*,*,#905,.T.);
#905 = EDGE_CURVE('',#898,#906,#908,.T.);
#906 = VERTEX_POINT('',#907);
#907 = CARTESIAN_POINT('',(11.753545647558,2.189621529574,7.770218349753
    ));
#908 = LINE('',#909,#910);
#909 = CARTESIAN_POINT('',(10.828704883227,0.869757808748,4.143922580028
    ));
#910 = VECTOR('',#911,1.);
#911 = DIRECTION('',(0.233057266823,0.332601938861,0.913816316689));
#912 = ORIENTED_EDGE('',*,*,#913,.F.);
#913 = EDGE_CURVE('',#914,#906,#916,.T.);
#914 = VERTEX_POINT('',#915);
#915 = CARTESIAN_POINT('',(11.753545647558,2.941375626202,7.496602235093
    ));
#916 = LINE('',#917,#918);
#917 = CARTESIAN_POINT('',(11.753545647558,2.941375626202,7.496602235093
    ));
#918 = VECTOR('',#919,1.);
#919 = DIRECTION('',(0.,-0.939692620786,0.342020143326));
#920 = ORIENTED_EDGE('',*,*,#921,.F.);
#921 = EDGE_CURVE('',#896,#914,#922,.T.);
#922 = LINE('',#923,#924);
#923 = CARTESIAN_POINT('',(10.828704883227,1.621511905377,3.870306465368
    ));
#924 = VECTOR('',#925,1.);
#925 = DIRECTION('',(0.233057266823,0.332601938861,0.913816316689));
#926 = PLANE('',#927);
#927 = AXIS2_PLACEMENT_3D('',#928,#929,#930);
#928 = CARTESIAN_POINT('',(10.828704883227,1.621511905377,3.870306465368
    ));
#929 = DIRECTION('',(-0.972463012346,7.971027980197E-02,0.219002193854)
  );
#930 = DIRECTION('',(0.233057266823,0.332601938861,0.913816316689));
#931 = ADVANCED_FACE('',(#932),#957,.T.);
#932 = FACE_BOUND('',#933,.T.);
#933 = EDGE_LOOP('',(#934,#935,#943,#951));
#934 = ORIENTED_EDGE('',*,*,#913,.T.);
#935 = ORIENTED_EDGE('',*,*,#936,.T.);
#936 = EDGE_CURVE('',#906,#937,#939,.T.);
#937 = VERTEX_POINT('',#938);
#938 = CARTESIAN_POINT('',(12.291125265393,2.189621529574,7.770218349753
    ));
#939 = LINE('',#940,#941);
#940 = CARTESIAN_POINT('',(11.753545647558,2.189621529574,7.770218349753
    ));
#941 = VECTOR('',#942,1.);
#942 = DIRECTION('',(1.,0.,0.));
#943 = ORIENTED_EDGE('',*,*,#944,.F.);
#944 = EDGE_CURVE('',#945,#937,#947,.T.);
#945 = VERTEX_POINT('',#946);
#946 = CARTESIAN_POINT('',(12.291125265393,2.941375626202,7.496602235093
    ));
#947 = LINE('',#948,#949);
#948 = CARTESIAN_POINT('',(12.291125265393,2.941375626202,7.496602235093
    ));
#949 = VECTOR('',#950,1.);
#950 = DIRECTION('',(0.,-0.939692620786,0.342020143326));
#951 = ORIENTED_EDGE('',*,*,#952,.F.);
#952 = EDGE_CURVE('',#914,#945,#953,.T.);
#953 = LINE('',#954,#955);
#954 = CARTESIAN_POINT('',(11.753545647558,2.941375626202,7.496602235093
    ));
#955 = VECTOR('',#956,1.);
#956 = DIRECTION('',(1.,0.,0.));
#957 = PLANE('',#958);
#958 = AXIS2_PLACEMENT_3D('',#959,#960,#961);
#959 = CARTESIAN_POINT('',(11.753545647558,2.941375626202,7.496602235093
    ));
#960 = DIRECTION('',(0.,0.342020143326,0.939692620786));
#961 = DIRECTION('',(1.,0.,0.));
#962 = ADVANCED_FACE('',(#963),#988,.T.);
#963 = FACE_BOUND('',#964,.T.);
#964 = EDGE_LOOP('',(#965,#966,#974,#982));
#965 = ORIENTED_EDGE('',*,*,#944,.T.);
#966 = ORIENTED_EDGE('',*,*,#967,.T.);
#967 = EDGE_CURVE('',#937,#968,#970,.T.);
#968 = VERTEX_POINT('',#969);
#969 = CARTESIAN_POINT('',(11.356093418259,0.869757808748,4.143922580028
    ));
#970 = LINE('',#971,#972);
#971 = CARTESIAN_POINT('',(12.291125265393,2.189621529574,7.770218349753
    ));
#972 = VECTOR('',#973,1.);
#973 = DIRECTION('',(-0.235483715343,-0.332401953666,-0.913266861879));
#974 = ORIENTED_EDGE('',*,*,#975,.F.);
#975 = EDGE_CURVE('',#976,#968,#978,.T.);
#976 = VERTEX_POINT('',#977);
#977 = CARTESIAN_POINT('',(11.356093418259,1.621511905377,3.870306465368
    ));
#978 = LINE('',#979,#980);
#979 = CARTESIAN_POINT('',(11.356093418259,1.621511905377,3.870306465368
    ));
#980 = VECTOR('',#981,1.);
#981 = DIRECTION('',(0.,-0.939692620786,0.342020143326));
#982 = ORIENTED_EDGE('',*,*,#983,.F.);
#983 = EDGE_CURVE('',#945,#976,#984,.T.);
#984 = LINE('',#985,#986);
#985 = CARTESIAN_POINT('',(12.291125265393,2.941375626202,7.496602235093
    ));
#986 = VECTOR('',#987,1.);
#987 = DIRECTION('',(-0.235483715343,-0.332401953666,-0.913266861879));
#988 = PLANE('',#989);
#989 = AXIS2_PLACEMENT_3D('',#990,#991,#992);
#990 = CARTESIAN_POINT('',(12.291125265393,2.941375626202,7.496602235093
    ));
#991 = DIRECTION('',(0.971878294751,-8.054017407264E-02,-0.221282309624)
  );
#992 = DIRECTION('',(-0.235483715343,-0.332401953666,-0.913266861879));
#993 = ADVANCED_FACE('',(#994),#1010,.T.);
#994 = FACE_BOUND('',#995,.T.);
#995 = EDGE_LOOP('',(#996,#997,#1003,#1004));
#996 = ORIENTED_EDGE('',*,*,#975,.T.);
#997 = ORIENTED_EDGE('',*,*,#998,.T.);
#998 = EDGE_CURVE('',#968,#898,#999,.T.);
#999 = LINE('',#1000,#1001);
#1000 = CARTESIAN_POINT('',(11.356093418259,0.869757808748,
    4.143922580028));
#1001 = VECTOR('',#1002,1.);
#1002 = DIRECTION('',(-1.,0.,0.));
#1003 = ORIENTED_EDGE('',*,*,#895,.F.);
#1004 = ORIENTED_EDGE('',*,*,#1005,.F.);
#1005 = EDGE_CURVE('',#976,#896,#1006,.T.);
#1006 = LINE('',#1007,#1008);
#1007 = CARTESIAN_POINT('',(11.356093418259,1.621511905377,
    3.870306465368));
#1008 = VECTOR('',#1009,1.);
#1009 = DIRECTION('',(-1.,0.,0.));
#1010 = PLANE('',#1011);
#1011 = AXIS2_PLACEMENT_3D('',#1012,#1013,#1014);
#1012 = CARTESIAN_POINT('',(11.356093418259,1.621511905377,
    3.870306465368));
#1013 = DIRECTION('',(0.,-0.342020143326,-0.939692620786));
#1014 = DIRECTION('',(-1.,0.,0.));
#1015 = ADVANCED_FACE('',(#1016),#1022,.F.);
#1016 = FACE_BOUND('',#1017,.T.);
#1017 = EDGE_LOOP('',(#1018,#1019,#1020,#1021));
#1018 = ORIENTED_EDGE('',*,*,#921,.T.);
#1019 = ORIENTED_EDGE('',*,*,#952,.T.);
#1020 = ORIENTED_EDGE('',*,*,#983,.T.);
#1021 = ORIENTED_EDGE('',*,*,#1005,.T.);
#1022 = PLANE('',#1023);
#1023 = AXIS2_PLACEMENT_3D('',#1024,#1025,#1026);
#1024 = CARTESIAN_POINT('',(11.557964172032,2.28219070669,5.685506553486
    ));
#1025 = DIRECTION('',(0.,-0.939692620786,0.342020143326));
#1026 = DIRECTION('',(1.,0.,0.));
#1027 = ADVANCED_FACE('',(#1028),#1034,.T.);
#1028 = FACE_BOUND('',#1029,.F.);
#1029 = EDGE_LOOP('',(#1030,#1031,#1032,#1033));
#1030 = ORIENTED_EDGE('',*,*,#905,.T.);
#1031 = ORIENTED_EDGE('',*,*,#936,.T.);
#1032 = ORIENTED_EDGE('',*,*,#967,.T.);
#1033 = ORIENTED_EDGE('',*,*,#998,.T.);
#1034 = PLANE('',#1035);
#1035 = AXIS2_PLACEMENT_3D('',#1036,#1037,#1038);
#1036 = CARTESIAN_POINT('',(11.557964172032,1.530436610061,
    5.959122668147));
#1037 = DIRECTION('',(0.,-0.939692620786,0.342020143326));
#1038 = DIRECTION('',(1.,0.,0.));
#1039 = MANIFOLD_SOLID_BREP('',#1040);
#1040 = CLOSED_SHELL('',(#1041,#1081,#1112,#1145,#1176,#1209,#1242,#1273
    ,#1295,#1311));
#1041 = ADVANCED_FACE('',(#1042),#1076,.T.);
#1042 = FACE_BOUND('',#1043,.T.);
#1043 = EDGE_LOOP('',(#1044,#1054,#1062,#1070));
#1044 = ORIENTED_EDGE('',*,*,#1045,.T.);
#1045 = EDGE_CURVE('',#1046,#1048,#1050,.T.);
#1046 = VERTEX_POINT('',#1047);
#1047 = CARTESIAN_POINT('',(14.335626326964,1.643819461222,
    3.931595971335));
#1048 = VERTEX_POINT('',#1049);
#1049 = CARTESIAN_POINT('',(14.335626326964,0.892065364593,
    4.205212085995));
#1050 = LINE('',#1051,#1052);
#1051 = CARTESIAN_POINT('',(14.335626326964,1.643819461222,
    3.931595971335));
#1052 = VECTOR('',#1053,1.);
#1053 = DIRECTION('',(0.,-0.939692620786,0.342020143326));
#1054 = ORIENTED_EDGE('',*,*,#1055,.T.);
#1055 = EDGE_CURVE('',#1048,#1056,#1058,.T.);
#1056 = VERTEX_POINT('',#1057);
#1057 = CARTESIAN_POINT('',(13.619702760085,0.892065364593,
    4.205212085995));
#1058 = LINE('',#1059,#1060);
#1059 = CARTESIAN_POINT('',(14.335626326964,0.892065364593,
    4.205212085995));
#1060 = VECTOR('',#1061,1.);
#1061 = DIRECTION('',(-1.,0.,0.));
#1062 = ORIENTED_EDGE('',*,*,#1063,.F.);
#1063 = EDGE_CURVE('',#1064,#1056,#1066,.T.);
#1064 = VERTEX_POINT('',#1065);
#1065 = CARTESIAN_POINT('',(13.619702760085,1.643819461222,
    3.931595971335));
#1066 = LINE('',#1067,#1068);
#1067 = CARTESIAN_POINT('',(13.619702760085,1.643819461222,
    3.931595971335));
#1068 = VECTOR('',#1069,1.);
#1069 = DIRECTION('',(0.,-0.939692620786,0.342020143326));
#1070 = ORIENTED_EDGE('',*,*,#1071,.F.);
#1071 = EDGE_CURVE('',#1046,#1064,#1072,.T.);
#1072 = LINE('',#1073,#1074);
#1073 = CARTESIAN_POINT('',(14.335626326964,1.643819461222,
    3.931595971335));
#1074 = VECTOR('',#1075,1.);
#1075 = DIRECTION('',(-1.,0.,0.));
#1076 = PLANE('',#1077);
#1077 = AXIS2_PLACEMENT_3D('',#1078,#1079,#1080);
#1078 = CARTESIAN_POINT('',(14.335626326964,1.643819461222,
    3.931595971335));
#1079 = DIRECTION('',(0.,-0.342020143326,-0.939692620786));
#1080 = DIRECTION('',(-1.,0.,0.));
#1081 = ADVANCED_FACE('',(#1082),#1107,.T.);
#1082 = FACE_BOUND('',#1083,.T.);
#1083 = EDGE_LOOP('',(#1084,#1085,#1093,#1101));
#1084 = ORIENTED_EDGE('',*,*,#1063,.T.);
#1085 = ORIENTED_EDGE('',*,*,#1086,.T.);
#1086 = EDGE_CURVE('',#1056,#1087,#1089,.T.);
#1087 = VERTEX_POINT('',#1088);
#1088 = CARTESIAN_POINT('',(13.619702760085,1.818293672905,
    6.750003448341));
#1089 = LINE('',#1090,#1091);
#1090 = CARTESIAN_POINT('',(13.619702760085,0.892065364593,
    4.205212085995));
#1091 = VECTOR('',#1092,1.);
#1092 = DIRECTION('',(0.,0.342020143326,0.939692620786));
#1093 = ORIENTED_EDGE('',*,*,#1094,.F.);
#1094 = EDGE_CURVE('',#1095,#1087,#1097,.T.);
#1095 = VERTEX_POINT('',#1096);
#1096 = CARTESIAN_POINT('',(13.619702760085,2.570047769534,
    6.476387333681));
#1097 = LINE('',#1098,#1099);
#1098 = CARTESIAN_POINT('',(13.619702760085,2.570047769534,
    6.476387333681));
#1099 = VECTOR('',#1100,1.);
#1100 = DIRECTION('',(0.,-0.939692620786,0.342020143326));
#1101 = ORIENTED_EDGE('',*,*,#1102,.F.);
#1102 = EDGE_CURVE('',#1064,#1095,#1103,.T.);
#1103 = LINE('',#1104,#1105);
#1104 = CARTESIAN_POINT('',(13.619702760085,1.643819461222,
    3.931595971335));
#1105 = VECTOR('',#1106,1.);
#1106 = DIRECTION('',(0.,0.342020143326,0.939692620786));
#1107 = PLANE('',#1108);
#1108 = AXIS2_PLACEMENT_3D('',#1109,#1110,#1111);
#1109 = CARTESIAN_POINT('',(13.619702760085,1.643819461222,
    3.931595971335));
#1110 = DIRECTION('',(-1.,0.,0.));
#1111 = DIRECTION('',(0.,0.342020143326,0.939692620786));
#1112 = ADVANCED_FACE('',(#1113),#1138,.T.);
#1113 = FACE_BOUND('',#1114,.T.);
#1114 = EDGE_LOOP('',(#1115,#1116,#1124,#1132));
#1115 = ORIENTED_EDGE('',*,*,#1094,.T.);
#1116 = ORIENTED_EDGE('',*,*,#1117,.T.);
#1117 = EDGE_CURVE('',#1087,#1118,#1120,.T.);
#1118 = VERTEX_POINT('',#1119);
#1119 = CARTESIAN_POINT('',(12.694861995754,1.63193263345,6.237980700574
    ));
#1120 = B_SPLINE_CURVE_WITH_KNOTS('',2,(#1121,#1122,#1123),
  .UNSPECIFIED.,.F.,.F.,(3,3),(0.,1.),.PIECEWISE_BEZIER_KNOTS.);
#1121 = CARTESIAN_POINT('',(13.619702760085,1.818293672905,
    6.750003448341));
#1122 = CARTESIAN_POINT('',(13.227346072187,1.692290837937,6.40381350448
    ));
#1123 = CARTESIAN_POINT('',(12.694861995754,1.63193263345,6.237980700574
    ));
#1124 = ORIENTED_EDGE('',*,*,#1125,.F.);
#1125 = EDGE_CURVE('',#1126,#1118,#1128,.T.);
#1126 = VERTEX_POINT('',#1127);
#1127 = CARTESIAN_POINT('',(12.694861995754,2.383686730079,
    5.964364585913));
#1128 = LINE('',#1129,#1130);
#1129 = CARTESIAN_POINT('',(12.694861995754,2.383686730079,
    5.964364585913));
#1130 = VECTOR('',#1131,1.);
#1131 = DIRECTION('',(0.,-0.939692620786,0.342020143326));
#1132 = ORIENTED_EDGE('',*,*,#1133,.F.);
#1133 = EDGE_CURVE('',#1095,#1126,#1134,.T.);
#1134 = B_SPLINE_CURVE_WITH_KNOTS('',2,(#1135,#1136,#1137),
  .UNSPECIFIED.,.F.,.F.,(3,3),(0.,1.),.PIECEWISE_BEZIER_KNOTS.);
#1135 = CARTESIAN_POINT('',(13.619702760085,2.570047769534,
    6.476387333681));
#1136 = CARTESIAN_POINT('',(13.227346072187,2.444044934566,
    6.130197389819));
#1137 = CARTESIAN_POINT('',(12.694861995754,2.383686730079,
    5.964364585913));
#1138 = SURFACE_OF_LINEAR_EXTRUSION('',#1139,#1143);
#1139 = B_SPLINE_CURVE_WITH_KNOTS('',2,(#1140,#1141,#1142),
  .UNSPECIFIED.,.F.,.F.,(3,3),(0.,1.),.PIECEWISE_BEZIER_KNOTS.);
#1140 = CARTESIAN_POINT('',(13.619702760085,2.570047769534,
    6.476387333681));
#1141 = CARTESIAN_POINT('',(13.227346072187,2.444044934566,
    6.130197389819));
#1142 = CARTESIAN_POINT('',(12.694861995754,2.383686730079,
    5.964364585913));
#1143 = VECTOR('',#1144,1.);
#1144 = DIRECTION('',(-0.,0.939692620786,-0.342020143326));
#1145 = ADVANCED_FACE('',(#1146),#1171,.T.);
#1146 = FACE_BOUND('',#1147,.T.);
#1147 = EDGE_LOOP('',(#1148,#1149,#1157,#1165));
#1148 = ORIENTED_EDGE('',*,*,#1125,.T.);
#1149 = ORIENTED_EDGE('',*,*,#1150,.T.);
#1150 = EDGE_CURVE('',#1118,#1151,#1153,.T.);
#1151 = VERTEX_POINT('',#1152);
#1152 = CARTESIAN_POINT('',(12.694861995754,1.8550081919,6.850875760245)
  );
#1153 = LINE('',#1154,#1155);
#1154 = CARTESIAN_POINT('',(12.694861995754,1.63193263345,6.237980700574
    ));
#1155 = VECTOR('',#1156,1.);
#1156 = DIRECTION('',(0.,0.342020143326,0.939692620786));
#1157 = ORIENTED_EDGE('',*,*,#1158,.F.);
#1158 = EDGE_CURVE('',#1159,#1151,#1161,.T.);
#1159 = VERTEX_POINT('',#1160);
#1160 = CARTESIAN_POINT('',(12.694861995754,2.606762288528,
    6.577259645585));
#1161 = LINE('',#1162,#1163);
#1162 = CARTESIAN_POINT('',(12.694861995754,2.606762288528,
    6.577259645585));
#1163 = VECTOR('',#1164,1.);
#1164 = DIRECTION('',(0.,-0.939692620786,0.342020143326));
#1165 = ORIENTED_EDGE('',*,*,#1166,.F.);
#1166 = EDGE_CURVE('',#1126,#1159,#1167,.T.);
#1167 = LINE('',#1168,#1169);
#1168 = CARTESIAN_POINT('',(12.694861995754,2.383686730079,
    5.964364585913));
#1169 = VECTOR('',#1170,1.);
#1170 = DIRECTION('',(0.,0.342020143326,0.939692620786));
#1171 = PLANE('',#1172);
#1172 = AXIS2_PLACEMENT_3D('',#1173,#1174,#1175);
#1173 = CARTESIAN_POINT('',(12.694861995754,2.383686730079,
    5.964364585913));
#1174 = DIRECTION('',(-1.,0.,0.));
#1175 = DIRECTION('',(0.,0.342020143326,0.939692620786));
#1176 = ADVANCED_FACE('',(#1177),#1202,.T.);
#1177 = FACE_BOUND('',#1178,.T.);
#1178 = EDGE_LOOP('',(#1179,#1180,#1188,#1196));
#1179 = ORIENTED_EDGE('',*,*,#1158,.T.);
#1180 = ORIENTED_EDGE('',*,*,#1181,.T.);
#1181 = EDGE_CURVE('',#1151,#1182,#1184,.T.);
#1182 = VERTEX_POINT('',#1183);
#1183 = CARTESIAN_POINT('',(13.303779193206,1.973981823073,
    7.177753125404));
#1184 = B_SPLINE_CURVE_WITH_KNOTS('',2,(#1185,#1186,#1187),
  .UNSPECIFIED.,.F.,.F.,(3,3),(0.,1.),.PIECEWISE_BEZIER_KNOTS.);
#1185 = CARTESIAN_POINT('',(12.694861995754,1.8550081919,6.850875760245)
  );
#1186 = CARTESIAN_POINT('',(12.975116772824,1.886378192307,
    6.937064128012));
#1187 = CARTESIAN_POINT('',(13.303779193206,1.973981823073,
    7.177753125404));
#1188 = ORIENTED_EDGE('',*,*,#1189,.F.);
#1189 = EDGE_CURVE('',#1190,#1182,#1192,.T.);
#1190 = VERTEX_POINT('',#1191);
#1191 = CARTESIAN_POINT('',(13.303779193206,2.725735919701,
    6.904137010743));
#1192 = LINE('',#1193,#1194);
#1193 = CARTESIAN_POINT('',(13.303779193206,2.725735919701,
    6.904137010743));
#1194 = VECTOR('',#1195,1.);
#1195 = DIRECTION('',(0.,-0.939692620786,0.342020143326));
#1196 = ORIENTED_EDGE('',*,*,#1197,.F.);
#1197 = EDGE_CURVE('',#1159,#1190,#1198,.T.);
#1198 = B_SPLINE_CURVE_WITH_KNOTS('',2,(#1199,#1200,#1201),
  .UNSPECIFIED.,.F.,.F.,(3,3),(0.,1.),.PIECEWISE_BEZIER_KNOTS.);
#1199 = CARTESIAN_POINT('',(12.694861995754,2.606762288528,
    6.577259645585));
#1200 = CARTESIAN_POINT('',(12.975116772824,2.638132288935,
    6.663448013351));
#1201 = CARTESIAN_POINT('',(13.303779193206,2.725735919701,
    6.904137010743));
#1202 = SURFACE_OF_LINEAR_EXTRUSION('',#1203,#1207);
#1203 = B_SPLINE_CURVE_WITH_KNOTS('',2,(#1204,#1205,#1206),
  .UNSPECIFIED.,.F.,.F.,(3,3),(0.,1.),.PIECEWISE_BEZIER_KNOTS.);
#1204 = CARTESIAN_POINT('',(12.694861995754,2.606762288528,
    6.577259645585));
#1205 = CARTESIAN_POINT('',(12.975116772824,2.638132288935,
    6.663448013351));
#1206 = CARTESIAN_POINT('',(13.303779193206,2.725735919701,
    6.904137010743));
#1207 = VECTOR('',#1208,1.);
#1208 = DIRECTION('',(-0.,0.939692620786,-0.342020143326));
#1209 = ADVANCED_FACE('',(#1210),#1235,.T.);
#1210 = FACE_BOUND('',#1211,.T.);
#1211 = EDGE_LOOP('',(#1212,#1213,#1221,#1229));
#1212 = ORIENTED_EDGE('',*,*,#1189,.T.);
#1213 = ORIENTED_EDGE('',*,*,#1214,.T.);
#1214 = EDGE_CURVE('',#1182,#1215,#1217,.T.);
#1215 = VERTEX_POINT('',#1216);
#1216 = CARTESIAN_POINT('',(13.754734607219,2.178467751651,7.73957359677
    ));
#1217 = B_SPLINE_CURVE_WITH_KNOTS('',2,(#1218,#1219,#1220),
  .UNSPECIFIED.,.F.,.F.,(3,3),(0.,1.),.PIECEWISE_BEZIER_KNOTS.);
#1218 = CARTESIAN_POINT('',(13.303779193206,1.973981823073,
    7.177753125404));
#1219 = CARTESIAN_POINT('',(13.632441613588,2.061643546432,
    7.418601730884));
#1220 = CARTESIAN_POINT('',(13.754734607219,2.178467751651,7.73957359677
    ));
#1221 = ORIENTED_EDGE('',*,*,#1222,.F.);
#1222 = EDGE_CURVE('',#1223,#1215,#1225,.T.);
#1223 = VERTEX_POINT('',#1224);
#1224 = CARTESIAN_POINT('',(13.754734607219,2.93022184828,7.465957482109
    ));
#1225 = LINE('',#1226,#1227);
#1226 = CARTESIAN_POINT('',(13.754734607219,2.93022184828,7.465957482109
    ));
#1227 = VECTOR('',#1228,1.);
#1228 = DIRECTION('',(0.,-0.939692620786,0.342020143326));
#1229 = ORIENTED_EDGE('',*,*,#1230,.F.);
#1230 = EDGE_CURVE('',#1190,#1223,#1231,.T.);
#1231 = B_SPLINE_CURVE_WITH_KNOTS('',2,(#1232,#1233,#1234),
  .UNSPECIFIED.,.F.,.F.,(3,3),(0.,1.),.PIECEWISE_BEZIER_KNOTS.);
#1232 = CARTESIAN_POINT('',(13.303779193206,2.725735919701,
    6.904137010743));
#1233 = CARTESIAN_POINT('',(13.632441613588,2.813397643061,
    7.144985616224));
#1234 = CARTESIAN_POINT('',(13.754734607219,2.93022184828,7.465957482109
    ));
#1235 = SURFACE_OF_LINEAR_EXTRUSION('',#1236,#1240);
#1236 = B_SPLINE_CURVE_WITH_KNOTS('',2,(#1237,#1238,#1239),
  .UNSPECIFIED.,.F.,.F.,(3,3),(0.,1.),.PIECEWISE_BEZIER_KNOTS.);
#1237 = CARTESIAN_POINT('',(13.303779193206,2.725735919701,
    6.904137010743));
#1238 = CARTESIAN_POINT('',(13.632441613588,2.813397643061,
    7.144985616224));
#1239 = CARTESIAN_POINT('',(13.754734607219,2.93022184828,7.465957482109
    ));
#1240 = VECTOR('',#1241,1.);
#1241 = DIRECTION('',(-0.,0.939692620786,-0.342020143326));
#1242 = ADVANCED_FACE('',(#1243),#1268,.T.);
#1243 = FACE_BOUND('',#1244,.T.);
#1244 = EDGE_LOOP('',(#1245,#1246,#1254,#1262));
#1245 = ORIENTED_EDGE('',*,*,#1222,.T.);
#1246 = ORIENTED_EDGE('',*,*,#1247,.T.);
#1247 = EDGE_CURVE('',#1215,#1248,#1250,.T.);
#1248 = VERTEX_POINT('',#1249);
#1249 = CARTESIAN_POINT('',(14.335626326964,2.178467751651,7.73957359677
    ));
#1250 = LINE('',#1251,#1252);
#1251 = CARTESIAN_POINT('',(13.754734607219,2.178467751651,7.73957359677
    ));
#1252 = VECTOR('',#1253,1.);
#1253 = DIRECTION('',(1.,0.,0.));
#1254 = ORIENTED_EDGE('',*,*,#1255,.F.);
#1255 = EDGE_CURVE('',#1256,#1248,#1258,.T.);
#1256 = VERTEX_POINT('',#1257);
#1257 = CARTESIAN_POINT('',(14.335626326964,2.93022184828,7.465957482109
    ));
#1258 = LINE('',#1259,#1260);
#1259 = CARTESIAN_POINT('',(14.335626326964,2.93022184828,7.465957482109
    ));
#1260 = VECTOR('',#1261,1.);
#1261 = DIRECTION('',(0.,-0.939692620786,0.342020143326));
#1262 = ORIENTED_EDGE('',*,*,#1263,.F.);
#1263 = EDGE_CURVE('',#1223,#1256,#1264,.T.);
#1264 = LINE('',#1265,#1266);
#1265 = CARTESIAN_POINT('',(13.754734607219,2.93022184828,7.465957482109
    ));
#1266 = VECTOR('',#1267,1.);
#1267 = DIRECTION('',(1.,0.,0.));
#1268 = PLANE('',#1269);
#1269 = AXIS2_PLACEMENT_3D('',#1270,#1271,#1272);
#1270 = CARTESIAN_POINT('',(13.754734607219,2.93022184828,7.465957482109
    ));
#1271 = DIRECTION('',(0.,0.342020143326,0.939692620786));
#1272 = DIRECTION('',(1.,0.,0.));
#1273 = ADVANCED_FACE('',(#1274),#1290,.T.);
#1274 = FACE_BOUND('',#1275,.T.);
#1275 = EDGE_LOOP('',(#1276,#1277,#1283,#1284));
#1276 = ORIENTED_EDGE('',*,*,#1255,.T.);
#1277 = ORIENTED_EDGE('',*,*,#1278,.T.);
#1278 = EDGE_CURVE('',#1248,#1048,#1279,.T.);
#1279 = LINE('',#1280,#1281);
#1280 = CARTESIAN_POINT('',(14.335626326964,2.178467751651,7.73957359677
    ));
#1281 = VECTOR('',#1282,1.);
#1282 = DIRECTION('',(0.,-0.342020143326,-0.939692620786));
#1283 = ORIENTED_EDGE('',*,*,#1045,.F.);
#1284 = ORIENTED_EDGE('',*,*,#1285,.F.);
#1285 = EDGE_CURVE('',#1256,#1046,#1286,.T.);
#1286 = LINE('',#1287,#1288);
#1287 = CARTESIAN_POINT('',(14.335626326964,2.93022184828,7.465957482109
    ));
#1288 = VECTOR('',#1289,1.);
#1289 = DIRECTION('',(0.,-0.342020143326,-0.939692620786));
#1290 = PLANE('',#1291);
#1291 = AXIS2_PLACEMENT_3D('',#1292,#1293,#1294);
#1292 = CARTESIAN_POINT('',(14.335626326964,2.93022184828,7.465957482109
    ));
#1293 = DIRECTION('',(1.,0.,0.));
#1294 = DIRECTION('',(0.,-0.342020143326,-0.939692620786));
#1295 = ADVANCED_FACE('',(#1296),#1306,.F.);
#1296 = FACE_BOUND('',#1297,.T.);
#1297 = EDGE_LOOP('',(#1298,#1299,#1300,#1301,#1302,#1303,#1304,#1305));
#1298 = ORIENTED_EDGE('',*,*,#1071,.T.);
#1299 = ORIENTED_EDGE('',*,*,#1102,.T.);
#1300 = ORIENTED_EDGE('',*,*,#1133,.T.);
#1301 = ORIENTED_EDGE('',*,*,#1166,.T.);
#1302 = ORIENTED_EDGE('',*,*,#1197,.T.);
#1303 = ORIENTED_EDGE('',*,*,#1230,.T.);
#1304 = ORIENTED_EDGE('',*,*,#1263,.T.);
#1305 = ORIENTED_EDGE('',*,*,#1285,.T.);
#1306 = PLANE('',#1307);
#1307 = AXIS2_PLACEMENT_3D('',#1308,#1309,#1310);
#1308 = CARTESIAN_POINT('',(13.768100428275,2.325874114842,
    5.805525730989));
#1309 = DIRECTION('',(0.,-0.939692620786,0.342020143326));
#1310 = DIRECTION('',(1.,0.,0.));
#1311 = ADVANCED_FACE('',(#1312),#1322,.T.);
#1312 = FACE_BOUND('',#1313,.F.);
#1313 = EDGE_LOOP('',(#1314,#1315,#1316,#1317,#1318,#1319,#1320,#1321));
#1314 = ORIENTED_EDGE('',*,*,#1055,.T.);
#1315 = ORIENTED_EDGE('',*,*,#1086,.T.);
#1316 = ORIENTED_EDGE('',*,*,#1117,.T.);
#1317 = ORIENTED_EDGE('',*,*,#1150,.T.);
#1318 = ORIENTED_EDGE('',*,*,#1181,.T.);
#1319 = ORIENTED_EDGE('',*,*,#1214,.T.);
#1320 = ORIENTED_EDGE('',*,*,#1247,.T.);
#1321 = ORIENTED_EDGE('',*,*,#1278,.T.);
#1322 = PLANE('',#1323);
#1323 = AXIS2_PLACEMENT_3D('',#1324,#1325,#1326);
#1324 = CARTESIAN_POINT('',(13.768100428275,1.574120018213,6.07914184565
    ));
#1325 = DIRECTION('',(0.,-0.939692620786,0.342020143326));
#1326 = DIRECTION('',(1.,0.,0.));
#1327 = MANIFOLD_SOLID_BREP('',#1328);
#1328 = CLOSED_SHELL('',(#1329,#1369,#1402,#1435,#1468,#1501,#1534,#1567
    ,#1600,#1633,#1666,#1699,#1732,#1765,#1798,#1831,#1855,#1879));
#1329 = ADVANCED_FACE('',(#1330),#1364,.T.);
#1330 = FACE_BOUND('',#1331,.T.);
#1331 = EDGE_LOOP('',(#1332,#1342,#1350,#1358));
#1332 = ORIENTED_EDGE('',*,*,#1333,.T.);
#1333 = EDGE_CURVE('',#1334,#1336,#1338,.T.);
#1334 = VERTEX_POINT('',#1335);
#1335 = CARTESIAN_POINT('',(17.831677282378,2.610305936722,
    6.586995738981));
#1336 = VERTEX_POINT('',#1337);
#1337 = CARTESIAN_POINT('',(17.831677282378,1.858551840094,
    6.860611853641));
#1338 = LINE('',#1339,#1340);
#1339 = CARTESIAN_POINT('',(17.831677282378,2.610305936722,
    6.586995738981));
#1340 = VECTOR('',#1341,1.);
#1341 = DIRECTION('',(0.,-0.939692620786,0.342020143326));
#1342 = ORIENTED_EDGE('',*,*,#1343,.T.);
#1343 = EDGE_CURVE('',#1336,#1344,#1346,.T.);
#1344 = VERTEX_POINT('',#1345);
#1345 = CARTESIAN_POINT('',(17.138683651805,1.832700636055,
    6.789586254278));
#1346 = LINE('',#1347,#1348);
#1347 = CARTESIAN_POINT('',(17.831677282378,1.858551840094,
    6.860611853641));
#1348 = VECTOR('',#1349,1.);
#1349 = DIRECTION('',(-0.994104564342,-3.708374622103E-02,
    -0.101886755371));
#1350 = ORIENTED_EDGE('',*,*,#1351,.F.);
#1351 = EDGE_CURVE('',#1352,#1344,#1354,.T.);
#1352 = VERTEX_POINT('',#1353);
#1353 = CARTESIAN_POINT('',(17.138683651805,2.584454732683,
    6.515970139618));
#1354 = LINE('',#1355,#1356);
#1355 = CARTESIAN_POINT('',(17.138683651805,2.584454732683,
    6.515970139618));
#1356 = VECTOR('',#1357,1.);
#1357 = DIRECTION('',(0.,-0.939692620786,0.342020143326));
#1358 = ORIENTED_EDGE('',*,*,#1359,.F.);
#1359 = EDGE_CURVE('',#1334,#1352,#1360,.T.);
#1360 = LINE('',#1361,#1362);
#1361 = CARTESIAN_POINT('',(17.831677282378,2.610305936722,
    6.586995738981));
#1362 = VECTOR('',#1363,1.);
#1363 = DIRECTION('',(-0.994104564342,-3.708374622103E-02,
    -0.101886755371));
#1364 = PLANE('',#1365);
#1365 = AXIS2_PLACEMENT_3D('',#1366,#1367,#1368);
#1366 = CARTESIAN_POINT('',(17.831677282378,2.610305936722,
    6.586995738981));
#1367 = DIRECTION('',(0.108425620376,-0.340003785577,-0.934152723402));
#1368 = DIRECTION('',(-0.994104564342,-3.708374622103E-02,
    -0.101886755371));
#1369 = ADVANCED_FACE('',(#1370),#1395,.T.);
#1370 = FACE_BOUND('',#1371,.T.);
#1371 = EDGE_LOOP('',(#1372,#1373,#1381,#1389));
#1372 = ORIENTED_EDGE('',*,*,#1351,.T.);
#1373 = ORIENTED_EDGE('',*,*,#1374,.T.);
#1374 = EDGE_CURVE('',#1344,#1375,#1377,.T.);
#1375 = VERTEX_POINT('',#1376);
#1376 = CARTESIAN_POINT('',(17.006199575372,1.939532915218,
    7.083105528949));
#1377 = B_SPLINE_CURVE_WITH_KNOTS('',2,(#1378,#1379,#1380),
  .UNSPECIFIED.,.F.,.F.,(3,3),(0.,1.),.PIECEWISE_BEZIER_KNOTS.);
#1378 = CARTESIAN_POINT('',(17.138683651805,1.832700636055,
    6.789586254278));
#1379 = CARTESIAN_POINT('',(17.113205944798,1.905084007364,
    6.988457932495));
#1380 = CARTESIAN_POINT('',(17.006199575372,1.939532915218,
    7.083105528949));
#1381 = ORIENTED_EDGE('',*,*,#1382,.F.);
#1382 = EDGE_CURVE('',#1383,#1375,#1385,.T.);
#1383 = VERTEX_POINT('',#1384);
#1384 = CARTESIAN_POINT('',(17.006199575372,2.691287011847,
    6.809489414289));
#1385 = LINE('',#1386,#1387);
#1386 = CARTESIAN_POINT('',(17.006199575372,2.691287011847,
    6.809489414289));
#1387 = VECTOR('',#1388,1.);
#1388 = DIRECTION('',(0.,-0.939692620786,0.342020143326));
#1389 = ORIENTED_EDGE('',*,*,#1390,.F.);
#1390 = EDGE_CURVE('',#1352,#1383,#1391,.T.);
#1391 = B_SPLINE_CURVE_WITH_KNOTS('',2,(#1392,#1393,#1394),
  .UNSPECIFIED.,.F.,.F.,(3,3),(0.,1.),.PIECEWISE_BEZIER_KNOTS.);
#1392 = CARTESIAN_POINT('',(17.138683651805,2.584454732683,
    6.515970139618));
#1393 = CARTESIAN_POINT('',(17.113205944798,2.656838103993,
    6.714841817834));
#1394 = CARTESIAN_POINT('',(17.006199575372,2.691287011847,
    6.809489414289));
#1395 = SURFACE_OF_LINEAR_EXTRUSION('',#1396,#1400);
#1396 = B_SPLINE_CURVE_WITH_KNOTS('',2,(#1397,#1398,#1399),
  .UNSPECIFIED.,.F.,.F.,(3,3),(0.,1.),.PIECEWISE_BEZIER_KNOTS.);
#1397 = CARTESIAN_POINT('',(17.138683651805,2.584454732683,
    6.515970139618));
#1398 = CARTESIAN_POINT('',(17.113205944798,2.656838103993,
    6.714841817834));
#1399 = CARTESIAN_POINT('',(17.006199575372,2.691287011847,
    6.809489414289));
#1400 = VECTOR('',#1401,1.);
#1401 = DIRECTION('',(-0.,0.939692620786,-0.342020143326));
#1402 = ADVANCED_FACE('',(#1403),#1428,.T.);
#1403 = FACE_BOUND('',#1404,.T.);
#1404 = EDGE_LOOP('',(#1405,#1406,#1414,#1422));
#1405 = ORIENTED_EDGE('',*,*,#1382,.T.);
#1406 = ORIENTED_EDGE('',*,*,#1407,.T.);
#1407 = EDGE_CURVE('',#1375,#1408,#1410,.T.);
#1408 = VERTEX_POINT('',#1409);
#1409 = CARTESIAN_POINT('',(16.728492569002,1.973981823073,
    7.177753125404));
#1410 = B_SPLINE_CURVE_WITH_KNOTS('',2,(#1411,#1412,#1413),
  .UNSPECIFIED.,.F.,.F.,(3,3),(0.,1.),.PIECEWISE_BEZIER_KNOTS.);
#1411 = CARTESIAN_POINT('',(17.006199575372,1.939532915218,
    7.083105528949));
#1412 = CARTESIAN_POINT('',(16.899193205945,1.973981823073,
    7.177753125404));
#1413 = CARTESIAN_POINT('',(16.728492569002,1.973981823073,
    7.177753125404));
#1414 = ORIENTED_EDGE('',*,*,#1415,.F.);
#1415 = EDGE_CURVE('',#1416,#1408,#1418,.T.);
#1416 = VERTEX_POINT('',#1417);
#1417 = CARTESIAN_POINT('',(16.728492569002,2.725735919701,
    6.904137010743));
#1418 = LINE('',#1419,#1420);
#1419 = CARTESIAN_POINT('',(16.728492569002,2.725735919701,
    6.904137010743));
#1420 = VECTOR('',#1421,1.);
#1421 = DIRECTION('',(0.,-0.939692620786,0.342020143326));
#1422 = ORIENTED_EDGE('',*,*,#1423,.F.);
#1423 = EDGE_CURVE('',#1383,#1416,#1424,.T.);
#1424 = B_SPLINE_CURVE_WITH_KNOTS('',2,(#1425,#1426,#1427),
  .UNSPECIFIED.,.F.,.F.,(3,3),(0.,1.),.PIECEWISE_BEZIER_KNOTS.);
#1425 = CARTESIAN_POINT('',(17.006199575372,2.691287011847,
    6.809489414289));
#1426 = CARTESIAN_POINT('',(16.899193205945,2.725735919701,
    6.904137010743));
#1427 = CARTESIAN_POINT('',(16.728492569002,2.725735919701,
    6.904137010743));
#1428 = SURFACE_OF_LINEAR_EXTRUSION('',#1429,#1433);
#1429 = B_SPLINE_CURVE_WITH_KNOTS('',2,(#1430,#1431,#1432),
  .UNSPECIFIED.,.F.,.F.,(3,3),(0.,1.),.PIECEWISE_BEZIER_KNOTS.);
#1430 = CARTESIAN_POINT('',(17.006199575372,2.691287011847,
    6.809489414289));
#1431 = CARTESIAN_POINT('',(16.899193205945,2.725735919701,
    6.904137010743));
#1432 = CARTESIAN_POINT('',(16.728492569002,2.725735919701,
    6.904137010743));
#1433 = VECTOR('',#1434,1.);
#1434 = DIRECTION('',(-0.,0.939692620786,-0.342020143326));
#1435 = ADVANCED_FACE('',(#1436),#1461,.T.);
#1436 = FACE_BOUND('',#1437,.T.);
#1437 = EDGE_LOOP('',(#1438,#1439,#1447,#1455));
#1438 = ORIENTED_EDGE('',*,*,#1415,.T.);
#1439 = ORIENTED_EDGE('',*,*,#1440,.T.);
#1440 = EDGE_CURVE('',#1408,#1441,#1443,.T.);
#1441 = VERTEX_POINT('',#1442);
#1442 = CARTESIAN_POINT('',(16.344968152866,1.90398024809,6.985425378814
    ));
#1443 = B_SPLINE_CURVE_WITH_KNOTS('',2,(#1444,#1445,#1446),
  .UNSPECIFIED.,.F.,.F.,(3,3),(0.,1.),.PIECEWISE_BEZIER_KNOTS.);
#1444 = CARTESIAN_POINT('',(16.728492569002,1.973981823073,
    7.177753125404));
#1445 = CARTESIAN_POINT('',(16.501740976645,1.973981823073,
    7.177753125404));
#1446 = CARTESIAN_POINT('',(16.344968152866,1.90398024809,6.985425378814
    ));
#1447 = ORIENTED_EDGE('',*,*,#1448,.F.);
#1448 = EDGE_CURVE('',#1449,#1441,#1451,.T.);
#1449 = VERTEX_POINT('',#1450);
#1450 = CARTESIAN_POINT('',(16.344968152866,2.655734344719,
    6.711809264154));
#1451 = LINE('',#1452,#1453);
#1452 = CARTESIAN_POINT('',(16.344968152866,2.655734344719,
    6.711809264154));
#1453 = VECTOR('',#1454,1.);
#1454 = DIRECTION('',(0.,-0.939692620786,0.342020143326));
#1455 = ORIENTED_EDGE('',*,*,#1456,.F.);
#1456 = EDGE_CURVE('',#1416,#1449,#1457,.T.);
#1457 = B_SPLINE_CURVE_WITH_KNOTS('',2,(#1458,#1459,#1460),
  .UNSPECIFIED.,.F.,.F.,(3,3),(0.,1.),.PIECEWISE_BEZIER_KNOTS.);
#1458 = CARTESIAN_POINT('',(16.728492569002,2.725735919701,
    6.904137010743));
#1459 = CARTESIAN_POINT('',(16.501740976645,2.725735919701,
    6.904137010743));
#1460 = CARTESIAN_POINT('',(16.344968152866,2.655734344719,
    6.711809264154));
#1461 = SURFACE_OF_LINEAR_EXTRUSION('',#1462,#1466);
#1462 = B_SPLINE_CURVE_WITH_KNOTS('',2,(#1463,#1464,#1465),
  .UNSPECIFIED.,.F.,.F.,(3,3),(0.,1.),.PIECEWISE_BEZIER_KNOTS.);
#1463 = CARTESIAN_POINT('',(16.728492569002,2.725735919701,
    6.904137010743));
#1464 = CARTESIAN_POINT('',(16.501740976645,2.725735919701,
    6.904137010743));
#1465 = CARTESIAN_POINT('',(16.344968152866,2.655734344719,
    6.711809264154));
#1466 = VECTOR('',#1467,1.);
#1467 = DIRECTION('',(-0.,0.939692620786,-0.342020143326));
#1468 = ADVANCED_FACE('',(#1469),#1494,.T.);
#1469 = FACE_BOUND('',#1470,.T.);
#1470 = EDGE_LOOP('',(#1471,#1472,#1480,#1488));
#1471 = ORIENTED_EDGE('',*,*,#1448,.T.);
#1472 = ORIENTED_EDGE('',*,*,#1473,.T.);
#1473 = EDGE_CURVE('',#1441,#1474,#1476,.T.);
#1474 = VERTEX_POINT('',#1475);
#1475 = CARTESIAN_POINT('',(16.147600849257,1.613110633206,
    6.186267679914));
#1476 = B_SPLINE_CURVE_WITH_KNOTS('',2,(#1477,#1478,#1479),
  .UNSPECIFIED.,.F.,.F.,(3,3),(0.,1.),.PIECEWISE_BEZIER_KNOTS.);
#1477 = CARTESIAN_POINT('',(16.344968152866,1.90398024809,6.985425378814
    ));
#1478 = CARTESIAN_POINT('',(16.188365180467,1.834036765702,
    6.793257240313));
#1479 = CARTESIAN_POINT('',(16.147600849257,1.613110633206,
    6.186267679914));
#1480 = ORIENTED_EDGE('',*,*,#1481,.F.);
#1481 = EDGE_CURVE('',#1482,#1474,#1484,.T.);
#1482 = VERTEX_POINT('',#1483);
#1483 = CARTESIAN_POINT('',(16.147600849257,2.364864729835,
    5.912651565253));
#1484 = LINE('',#1485,#1486);
#1485 = CARTESIAN_POINT('',(16.147600849257,2.364864729835,
    5.912651565253));
#1486 = VECTOR('',#1487,1.);
#1487 = DIRECTION('',(0.,-0.939692620786,0.342020143326));
#1488 = ORIENTED_EDGE('',*,*,#1489,.F.);
#1489 = EDGE_CURVE('',#1449,#1482,#1490,.T.);
#1490 = B_SPLINE_CURVE_WITH_KNOTS('',2,(#1491,#1492,#1493),
  .UNSPECIFIED.,.F.,.F.,(3,3),(0.,1.),.PIECEWISE_BEZIER_KNOTS.);
#1491 = CARTESIAN_POINT('',(16.344968152866,2.655734344719,
    6.711809264154));
#1492 = CARTESIAN_POINT('',(16.188365180467,2.58579086233,6.519641125652
    ));
#1493 = CARTESIAN_POINT('',(16.147600849257,2.364864729835,
    5.912651565253));
#1494 = SURFACE_OF_LINEAR_EXTRUSION('',#1495,#1499);
#1495 = B_SPLINE_CURVE_WITH_KNOTS('',2,(#1496,#1497,#1498),
  .UNSPECIFIED.,.F.,.F.,(3,3),(0.,1.),.PIECEWISE_BEZIER_KNOTS.);
#1496 = CARTESIAN_POINT('',(16.344968152866,2.655734344719,
    6.711809264154));
#1497 = CARTESIAN_POINT('',(16.188365180467,2.58579086233,6.519641125652
    ));
#1498 = CARTESIAN_POINT('',(16.147600849257,2.364864729835,
    5.912651565253));
#1499 = VECTOR('',#1500,1.);
#1500 = DIRECTION('',(-0.,0.939692620786,-0.342020143326));
#1501 = ADVANCED_FACE('',(#1502),#1527,.T.);
#1502 = FACE_BOUND('',#1503,.T.);
#1503 = EDGE_LOOP('',(#1504,#1505,#1513,#1521));
#1504 = ORIENTED_EDGE('',*,*,#1481,.T.);
#1505 = ORIENTED_EDGE('',*,*,#1506,.T.);
#1506 = EDGE_CURVE('',#1474,#1507,#1509,.T.);
#1507 = VERTEX_POINT('',#1508);
#1508 = CARTESIAN_POINT('',(16.812569002123,1.72116285683,6.483138724442
    ));
#1509 = B_SPLINE_CURVE_WITH_KNOTS('',2,(#1510,#1511,#1512),
  .UNSPECIFIED.,.F.,.F.,(3,3),(0.,1.),.PIECEWISE_BEZIER_KNOTS.);
#1510 = CARTESIAN_POINT('',(16.147600849257,1.613110633206,
    6.186267679914));
#1511 = CARTESIAN_POINT('',(16.415116772824,1.72116285683,6.483138724442
    ));
#1512 = CARTESIAN_POINT('',(16.812569002123,1.72116285683,6.483138724442
    ));
#1513 = ORIENTED_EDGE('',*,*,#1514,.F.);
#1514 = EDGE_CURVE('',#1515,#1507,#1517,.T.);
#1515 = VERTEX_POINT('',#1516);
#1516 = CARTESIAN_POINT('',(16.812569002123,2.472916953459,
    6.209522609782));
#1517 = LINE('',#1518,#1519);
#1518 = CARTESIAN_POINT('',(16.812569002123,2.472916953459,
    6.209522609782));
#1519 = VECTOR('',#1520,1.);
#1520 = DIRECTION('',(0.,-0.939692620786,0.342020143326));
#1521 = ORIENTED_EDGE('',*,*,#1522,.F.);
#1522 = EDGE_CURVE('',#1482,#1515,#1523,.T.);
#1523 = B_SPLINE_CURVE_WITH_KNOTS('',2,(#1524,#1525,#1526),
  .UNSPECIFIED.,.F.,.F.,(3,3),(0.,1.),.PIECEWISE_BEZIER_KNOTS.);
#1524 = CARTESIAN_POINT('',(16.147600849257,2.364864729835,
    5.912651565253));
#1525 = CARTESIAN_POINT('',(16.415116772824,2.472916953459,
    6.209522609782));
#1526 = CARTESIAN_POINT('',(16.812569002123,2.472916953459,
    6.209522609782));
#1527 = SURFACE_OF_LINEAR_EXTRUSION('',#1528,#1532);
#1528 = B_SPLINE_CURVE_WITH_KNOTS('',2,(#1529,#1530,#1531),
  .UNSPECIFIED.,.F.,.F.,(3,3),(0.,1.),.PIECEWISE_BEZIER_KNOTS.);
#1529 = CARTESIAN_POINT('',(16.147600849257,2.364864729835,
    5.912651565253));
#1530 = CARTESIAN_POINT('',(16.415116772824,2.472916953459,
    6.209522609782));
#1531 = CARTESIAN_POINT('',(16.812569002123,2.472916953459,
    6.209522609782));
#1532 = VECTOR('',#1533,1.);
#1533 = DIRECTION('',(-0.,0.939692620786,-0.342020143326));
#1534 = ADVANCED_FACE('',(#1535),#1560,.T.);
#1535 = FACE_BOUND('',#1536,.T.);
#1536 = EDGE_LOOP('',(#1537,#1538,#1546,#1554));
#1537 = ORIENTED_EDGE('',*,*,#1514,.T.);
#1538 = ORIENTED_EDGE('',*,*,#1539,.T.);
#1539 = EDGE_CURVE('',#1507,#1540,#1542,.T.);
#1540 = VERTEX_POINT('',#1541);
#1541 = CARTESIAN_POINT('',(17.580636942675,1.604396744204,
    6.162326466645));
#1542 = B_SPLINE_CURVE_WITH_KNOTS('',2,(#1543,#1544,#1545),
  .UNSPECIFIED.,.F.,.F.,(3,3),(0.,1.),.PIECEWISE_BEZIER_KNOTS.);
#1543 = CARTESIAN_POINT('',(16.812569002123,1.72116285683,6.483138724442
    ));
#1544 = CARTESIAN_POINT('',(17.260976645435,1.72116285683,6.483138724442
    ));
#1545 = CARTESIAN_POINT('',(17.580636942675,1.604396744204,
    6.162326466645));
#1546 = ORIENTED_EDGE('',*,*,#1547,.F.);
#1547 = EDGE_CURVE('',#1548,#1540,#1550,.T.);
#1548 = VERTEX_POINT('',#1549);
#1549 = CARTESIAN_POINT('',(17.580636942675,2.356150840833,
    5.888710351985));
#1550 = LINE('',#1551,#1552);
#1551 = CARTESIAN_POINT('',(17.580636942675,2.356150840833,
    5.888710351985));
#1552 = VECTOR('',#1553,1.);
#1553 = DIRECTION('',(0.,-0.939692620786,0.342020143326));
#1554 = ORIENTED_EDGE('',*,*,#1555,.F.);
#1555 = EDGE_CURVE('',#1515,#1548,#1556,.T.);
#1556 = B_SPLINE_CURVE_WITH_KNOTS('',2,(#1557,#1558,#1559),
  .UNSPECIFIED.,.F.,.F.,(3,3),(0.,1.),.PIECEWISE_BEZIER_KNOTS.);
#1557 = CARTESIAN_POINT('',(16.812569002123,2.472916953459,
    6.209522609782));
#1558 = CARTESIAN_POINT('',(17.260976645435,2.472916953459,
    6.209522609782));
#1559 = CARTESIAN_POINT('',(17.580636942675,2.356150840833,
    5.888710351985));
#1560 = SURFACE_OF_LINEAR_EXTRUSION('',#1561,#1565);
#1561 = B_SPLINE_CURVE_WITH_KNOTS('',2,(#1562,#1563,#1564),
  .UNSPECIFIED.,.F.,.F.,(3,3),(0.,1.),.PIECEWISE_BEZIER_KNOTS.);
#1562 = CARTESIAN_POINT('',(16.812569002123,2.472916953459,
    6.209522609782));
#1563 = CARTESIAN_POINT('',(17.260976645435,2.472916953459,
    6.209522609782));
#1564 = CARTESIAN_POINT('',(17.580636942675,2.356150840833,
    5.888710351985));
#1565 = VECTOR('',#1566,1.);
#1566 = DIRECTION('',(-0.,0.939692620786,-0.342020143326));
#1567 = ADVANCED_FACE('',(#1568),#1593,.T.);
#1568 = FACE_BOUND('',#1569,.T.);
#1569 = EDGE_LOOP('',(#1570,#1571,#1579,#1587));
#1570 = ORIENTED_EDGE('',*,*,#1547,.T.);
#1571 = ORIENTED_EDGE('',*,*,#1572,.T.);
#1572 = EDGE_CURVE('',#1540,#1573,#1575,.T.);
#1573 = VERTEX_POINT('',#1574);
#1574 = CARTESIAN_POINT('',(17.900467091295,1.302896184737,
    5.333960487558));
#1575 = B_SPLINE_CURVE_WITH_KNOTS('',2,(#1576,#1577,#1578),
  .UNSPECIFIED.,.F.,.F.,(3,3),(0.,1.),.PIECEWISE_BEZIER_KNOTS.);
#1576 = CARTESIAN_POINT('',(17.580636942675,1.604396744204,
    6.162326466645));
#1577 = CARTESIAN_POINT('',(17.900467091295,1.487630631578,
    5.841514208848));
#1578 = CARTESIAN_POINT('',(17.900467091295,1.302896184737,
    5.333960487558));
#1579 = ORIENTED_EDGE('',*,*,#1580,.F.);
#1580 = EDGE_CURVE('',#1581,#1573,#1583,.T.);
#1581 = VERTEX_POINT('',#1582);
#1582 = CARTESIAN_POINT('',(17.900467091295,2.054650281366,
    5.060344372897));
#1583 = LINE('',#1584,#1585);
#1584 = CARTESIAN_POINT('',(17.900467091295,2.054650281366,
    5.060344372897));
#1585 = VECTOR('',#1586,1.);
#1586 = DIRECTION('',(0.,-0.939692620786,0.342020143326));
#1587 = ORIENTED_EDGE('',*,*,#1588,.F.);
#1588 = EDGE_CURVE('',#1548,#1581,#1589,.T.);
#1589 = B_SPLINE_CURVE_WITH_KNOTS('',2,(#1590,#1591,#1592),
  .UNSPECIFIED.,.F.,.F.,(3,3),(0.,1.),.PIECEWISE_BEZIER_KNOTS.);
#1590 = CARTESIAN_POINT('',(17.580636942675,2.356150840833,
    5.888710351985));
#1591 = CARTESIAN_POINT('',(17.900467091295,2.239384728207,
    5.567898094188));
#1592 = CARTESIAN_POINT('',(17.900467091295,2.054650281366,
    5.060344372897));
#1593 = SURFACE_OF_LINEAR_EXTRUSION('',#1594,#1598);
#1594 = B_SPLINE_CURVE_WITH_KNOTS('',2,(#1595,#1596,#1597),
  .UNSPECIFIED.,.F.,.F.,(3,3),(0.,1.),.PIECEWISE_BEZIER_KNOTS.);
#1595 = CARTESIAN_POINT('',(17.580636942675,2.356150840833,
    5.888710351985));
#1596 = CARTESIAN_POINT('',(17.900467091295,2.239384728207,
    5.567898094188));
#1597 = CARTESIAN_POINT('',(17.900467091295,2.054650281366,
    5.060344372897));
#1598 = VECTOR('',#1599,1.);
#1599 = DIRECTION('',(-0.,0.939692620786,-0.342020143326));
#1600 = ADVANCED_FACE('',(#1601),#1626,.T.);
#1601 = FACE_BOUND('',#1602,.T.);
#1602 = EDGE_LOOP('',(#1603,#1604,#1612,#1620));
#1603 = ORIENTED_EDGE('',*,*,#1580,.T.);
#1604 = ORIENTED_EDGE('',*,*,#1605,.T.);
#1605 = EDGE_CURVE('',#1573,#1606,#1608,.T.);
#1606 = VERTEX_POINT('',#1607);
#1607 = CARTESIAN_POINT('',(17.564161358811,0.988266699175,
    4.469523080479));
#1608 = B_SPLINE_CURVE_WITH_KNOTS('',2,(#1609,#1610,#1611),
  .UNSPECIFIED.,.F.,.F.,(3,3),(0.,1.),.PIECEWISE_BEZIER_KNOTS.);
#1609 = CARTESIAN_POINT('',(17.900467091295,1.302896184737,
    5.333960487558));
#1610 = CARTESIAN_POINT('',(17.900467091295,1.106775589601,4.79512358093
    ));
#1611 = CARTESIAN_POINT('',(17.564161358811,0.988266699175,
    4.469523080479));
#1612 = ORIENTED_EDGE('',*,*,#1613,.F.);
#1613 = EDGE_CURVE('',#1614,#1606,#1616,.T.);
#1614 = VERTEX_POINT('',#1615);
#1615 = CARTESIAN_POINT('',(17.564161358811,1.740020795803,
    4.195906965818));
#1616 = LINE('',#1617,#1618);
#1617 = CARTESIAN_POINT('',(17.564161358811,1.740020795803,
    4.195906965818));
#1618 = VECTOR('',#1619,1.);
#1619 = DIRECTION('',(0.,-0.939692620786,0.342020143326));
#1620 = ORIENTED_EDGE('',*,*,#1621,.F.);
#1621 = EDGE_CURVE('',#1581,#1614,#1622,.T.);
#1622 = B_SPLINE_CURVE_WITH_KNOTS('',2,(#1623,#1624,#1625),
  .UNSPECIFIED.,.F.,.F.,(3,3),(0.,1.),.PIECEWISE_BEZIER_KNOTS.);
#1623 = CARTESIAN_POINT('',(17.900467091295,2.054650281366,
    5.060344372897));
#1624 = CARTESIAN_POINT('',(17.900467091295,1.858529686229,
    4.521507466269));
#1625 = CARTESIAN_POINT('',(17.564161358811,1.740020795803,
    4.195906965818));
#1626 = SURFACE_OF_LINEAR_EXTRUSION('',#1627,#1631);
#1627 = B_SPLINE_CURVE_WITH_KNOTS('',2,(#1628,#1629,#1630),
  .UNSPECIFIED.,.F.,.F.,(3,3),(0.,1.),.PIECEWISE_BEZIER_KNOTS.);
#1628 = CARTESIAN_POINT('',(17.900467091295,2.054650281366,
    5.060344372897));
#1629 = CARTESIAN_POINT('',(17.900467091295,1.858529686229,
    4.521507466269));
#1630 = CARTESIAN_POINT('',(17.564161358811,1.740020795803,
    4.195906965818));
#1631 = VECTOR('',#1632,1.);
#1632 = DIRECTION('',(-0.,0.939692620786,-0.342020143326));
#1633 = ADVANCED_FACE('',(#1634),#1659,.T.);
#1634 = FACE_BOUND('',#1635,.T.);
#1635 = EDGE_LOOP('',(#1636,#1637,#1645,#1653));
#1636 = ORIENTED_EDGE('',*,*,#1613,.T.);
#1637 = ORIENTED_EDGE('',*,*,#1638,.T.);
#1638 = EDGE_CURVE('',#1606,#1639,#1641,.T.);
#1639 = VERTEX_POINT('',#1640);
#1640 = CARTESIAN_POINT('',(16.700467091295,0.869757808748,
    4.143922580028));
#1641 = B_SPLINE_CURVE_WITH_KNOTS('',2,(#1642,#1643,#1644),
  .UNSPECIFIED.,.F.,.F.,(3,3),(0.,1.),.PIECEWISE_BEZIER_KNOTS.);
#1642 = CARTESIAN_POINT('',(17.564161358811,0.988266699175,
    4.469523080479));
#1643 = CARTESIAN_POINT('',(17.227855626327,0.869757808748,
    4.143922580028));
#1644 = CARTESIAN_POINT('',(16.700467091295,0.869757808748,
    4.143922580028));
#1645 = ORIENTED_EDGE('',*,*,#1646,.F.);
#1646 = EDGE_CURVE('',#1647,#1639,#1649,.T.);
#1647 = VERTEX_POINT('',#1648);
#1648 = CARTESIAN_POINT('',(16.700467091295,1.621511905377,
    3.870306465368));
#1649 = LINE('',#1650,#1651);
#1650 = CARTESIAN_POINT('',(16.700467091295,1.621511905377,
    3.870306465368));
#1651 = VECTOR('',#1652,1.);
#1652 = DIRECTION('',(0.,-0.939692620786,0.342020143326));
#1653 = ORIENTED_EDGE('',*,*,#1654,.F.);
#1654 = EDGE_CURVE('',#1614,#1647,#1655,.T.);
#1655 = B_SPLINE_CURVE_WITH_KNOTS('',2,(#1656,#1657,#1658),
  .UNSPECIFIED.,.F.,.F.,(3,3),(0.,1.),.PIECEWISE_BEZIER_KNOTS.);
#1656 = CARTESIAN_POINT('',(17.564161358811,1.740020795803,
    4.195906965818));
#1657 = CARTESIAN_POINT('',(17.227855626327,1.621511905377,
    3.870306465368));
#1658 = CARTESIAN_POINT('',(16.700467091295,1.621511905377,
    3.870306465368));
#1659 = SURFACE_OF_LINEAR_EXTRUSION('',#1660,#1664);
#1660 = B_SPLINE_CURVE_WITH_KNOTS('',2,(#1661,#1662,#1663),
  .UNSPECIFIED.,.F.,.F.,(3,3),(0.,1.),.PIECEWISE_BEZIER_KNOTS.);
#1661 = CARTESIAN_POINT('',(17.564161358811,1.740020795803,
    4.195906965818));
#1662 = CARTESIAN_POINT('',(17.227855626327,1.621511905377,
    3.870306465368));
#1663 = CARTESIAN_POINT('',(16.700467091295,1.621511905377,
    3.870306465368));
#1664 = VECTOR('',#1665,1.);
#1665 = DIRECTION('',(-0.,0.939692620786,-0.342020143326));
#1666 = ADVANCED_FACE('',(#1667),#1692,.T.);
#1667 = FACE_BOUND('',#1668,.T.);
#1668 = EDGE_LOOP('',(#1669,#1670,#1678,#1686));
#1669 = ORIENTED_EDGE('',*,*,#1646,.T.);
#1670 = ORIENTED_EDGE('',*,*,#1671,.T.);
#1671 = EDGE_CURVE('',#1639,#1672,#1674,.T.);
#1672 = VERTEX_POINT('',#1673);
#1673 = CARTESIAN_POINT('',(15.770530785563,1.020566181075,
    4.558265177661));
#1674 = B_SPLINE_CURVE_WITH_KNOTS('',2,(#1675,#1676,#1677),
  .UNSPECIFIED.,.F.,.F.,(3,3),(0.,1.),.PIECEWISE_BEZIER_KNOTS.);
#1675 = CARTESIAN_POINT('',(16.700467091295,0.869757808748,
    4.143922580028));
#1676 = CARTESIAN_POINT('',(16.134861995754,0.869757808748,
    4.143922580028));
#1677 = CARTESIAN_POINT('',(15.770530785563,1.020566181075,
    4.558265177661));
#1678 = ORIENTED_EDGE('',*,*,#1679,.F.);
#1679 = EDGE_CURVE('',#1680,#1672,#1682,.T.);
#1680 = VERTEX_POINT('',#1681);
#1681 = CARTESIAN_POINT('',(15.770530785563,1.772320277704,4.284649063)
  );
#1682 = LINE('',#1683,#1684);
#1683 = CARTESIAN_POINT('',(15.770530785563,1.772320277704,4.284649063)
  );
#1684 = VECTOR('',#1685,1.);
#1685 = DIRECTION('',(0.,-0.939692620786,0.342020143326));
#1686 = ORIENTED_EDGE('',*,*,#1687,.F.);
#1687 = EDGE_CURVE('',#1647,#1680,#1688,.T.);
#1688 = B_SPLINE_CURVE_WITH_KNOTS('',2,(#1689,#1690,#1691),
  .UNSPECIFIED.,.F.,.F.,(3,3),(0.,1.),.PIECEWISE_BEZIER_KNOTS.);
#1689 = CARTESIAN_POINT('',(16.700467091295,1.621511905377,
    3.870306465368));
#1690 = CARTESIAN_POINT('',(16.134861995754,1.621511905377,
    3.870306465368));
#1691 = CARTESIAN_POINT('',(15.770530785563,1.772320277704,4.284649063)
  );
#1692 = SURFACE_OF_LINEAR_EXTRUSION('',#1693,#1697);
#1693 = B_SPLINE_CURVE_WITH_KNOTS('',2,(#1694,#1695,#1696),
  .UNSPECIFIED.,.F.,.F.,(3,3),(0.,1.),.PIECEWISE_BEZIER_KNOTS.);
#1694 = CARTESIAN_POINT('',(16.700467091295,1.621511905377,
    3.870306465368));
#1695 = CARTESIAN_POINT('',(16.134861995754,1.621511905377,
    3.870306465368));
#1696 = CARTESIAN_POINT('',(15.770530785563,1.772320277704,4.284649063)
  );
#1697 = VECTOR('',#1698,1.);
#1698 = DIRECTION('',(-0.,0.939692620786,-0.342020143326));
#1699 = ADVANCED_FACE('',(#1700),#1725,.T.);
#1700 = FACE_BOUND('',#1701,.T.);
#1701 = EDGE_LOOP('',(#1702,#1703,#1711,#1719));
#1702 = ORIENTED_EDGE('',*,*,#1679,.T.);
#1703 = ORIENTED_EDGE('',*,*,#1704,.T.);
#1704 = EDGE_CURVE('',#1672,#1705,#1707,.T.);
#1705 = VERTEX_POINT('',#1706);
#1706 = CARTESIAN_POINT('',(15.406199575372,1.514934150451,
    5.916530010423));
#1707 = B_SPLINE_CURVE_WITH_KNOTS('',2,(#1708,#1709,#1710),
  .UNSPECIFIED.,.F.,.F.,(3,3),(0.,1.),.PIECEWISE_BEZIER_KNOTS.);
#1708 = CARTESIAN_POINT('',(15.770530785563,1.020566181075,
    4.558265177661));
#1709 = CARTESIAN_POINT('',(15.406199575372,1.171374553402,
    4.972607775293));
#1710 = CARTESIAN_POINT('',(15.406199575372,1.514934150451,
    5.916530010423));
#1711 = ORIENTED_EDGE('',*,*,#1712,.F.);
#1712 = EDGE_CURVE('',#1713,#1705,#1715,.T.);
#1713 = VERTEX_POINT('',#1714);
#1714 = CARTESIAN_POINT('',(15.406199575372,2.26668824708,5.642913895762
    ));
#1715 = LINE('',#1716,#1717);
#1716 = CARTESIAN_POINT('',(15.406199575372,2.26668824708,5.642913895762
    ));
#1717 = VECTOR('',#1718,1.);
#1718 = DIRECTION('',(0.,-0.939692620786,0.342020143326));
#1719 = ORIENTED_EDGE('',*,*,#1720,.F.);
#1720 = EDGE_CURVE('',#1680,#1713,#1721,.T.);
#1721 = B_SPLINE_CURVE_WITH_KNOTS('',2,(#1722,#1723,#1724),
  .UNSPECIFIED.,.F.,.F.,(3,3),(0.,1.),.PIECEWISE_BEZIER_KNOTS.);
#1722 = CARTESIAN_POINT('',(15.770530785563,1.772320277704,4.284649063)
  );
#1723 = CARTESIAN_POINT('',(15.406199575372,1.92312865003,4.698991660632
    ));
#1724 = CARTESIAN_POINT('',(15.406199575372,2.26668824708,5.642913895762
    ));
#1725 = SURFACE_OF_LINEAR_EXTRUSION('',#1726,#1730);
#1726 = B_SPLINE_CURVE_WITH_KNOTS('',2,(#1727,#1728,#1729),
  .UNSPECIFIED.,.F.,.F.,(3,3),(0.,1.),.PIECEWISE_BEZIER_KNOTS.);
#1727 = CARTESIAN_POINT('',(15.770530785563,1.772320277704,4.284649063)
  );
#1728 = CARTESIAN_POINT('',(15.406199575372,1.92312865003,4.698991660632
    ));
#1729 = CARTESIAN_POINT('',(15.406199575372,2.26668824708,5.642913895762
    ));
#1730 = VECTOR('',#1731,1.);
#1731 = DIRECTION('',(-0.,0.939692620786,-0.342020143326));
#1732 = ADVANCED_FACE('',(#1733),#1758,.T.);
#1733 = FACE_BOUND('',#1734,.T.);
#1734 = EDGE_LOOP('',(#1735,#1736,#1744,#1752));
#1735 = ORIENTED_EDGE('',*,*,#1712,.T.);
#1736 = ORIENTED_EDGE('',*,*,#1737,.T.);
#1737 = EDGE_CURVE('',#1705,#1738,#1740,.T.);
#1738 = VERTEX_POINT('',#1739);
#1739 = CARTESIAN_POINT('',(15.785817409766,2.022837694077,
    7.311983527795));
#1740 = B_SPLINE_CURVE_WITH_KNOTS('',2,(#1741,#1742,#1743),
  .UNSPECIFIED.,.F.,.F.,(3,3),(0.,1.),.PIECEWISE_BEZIER_KNOTS.);
#1741 = CARTESIAN_POINT('',(15.406199575372,1.514934150451,
    5.916530010423));
#1742 = CARTESIAN_POINT('',(15.406199575372,1.867265729096,6.88455306691
    ));
#1743 = CARTESIAN_POINT('',(15.785817409766,2.022837694077,
    7.311983527795));
#1744 = ORIENTED_EDGE('',*,*,#1745,.F.);
#1745 = EDGE_CURVE('',#1746,#1738,#1748,.T.);
#1746 = VERTEX_POINT('',#1747);
#1747 = CARTESIAN_POINT('',(15.785817409766,2.774591790705,
    7.038367413135));
#1748 = LINE('',#1749,#1750);
#1749 = CARTESIAN_POINT('',(15.785817409766,2.774591790705,
    7.038367413135));
#1750 = VECTOR('',#1751,1.);
#1751 = DIRECTION('',(0.,-0.939692620786,0.342020143326));
#1752 = ORIENTED_EDGE('',*,*,#1753,.F.);
#1753 = EDGE_CURVE('',#1713,#1746,#1754,.T.);
#1754 = B_SPLINE_CURVE_WITH_KNOTS('',2,(#1755,#1756,#1757),
  .UNSPECIFIED.,.F.,.F.,(3,3),(0.,1.),.PIECEWISE_BEZIER_KNOTS.);
#1755 = CARTESIAN_POINT('',(15.406199575372,2.26668824708,5.642913895762
    ));
#1756 = CARTESIAN_POINT('',(15.406199575372,2.619019825724,
    6.610936952249));
#1757 = CARTESIAN_POINT('',(15.785817409766,2.774591790705,
    7.038367413135));
#1758 = SURFACE_OF_LINEAR_EXTRUSION('',#1759,#1763);
#1759 = B_SPLINE_CURVE_WITH_KNOTS('',2,(#1760,#1761,#1762),
  .UNSPECIFIED.,.F.,.F.,(3,3),(0.,1.),.PIECEWISE_BEZIER_KNOTS.);
#1760 = CARTESIAN_POINT('',(15.406199575372,2.26668824708,5.642913895762
    ));
#1761 = CARTESIAN_POINT('',(15.406199575372,2.619019825724,
    6.610936952249));
#1762 = CARTESIAN_POINT('',(15.785817409766,2.774591790705,
    7.038367413135));
#1763 = VECTOR('',#1764,1.);
#1764 = DIRECTION('',(-0.,0.939692620786,-0.342020143326));
#1765 = ADVANCED_FACE('',(#1766),#1791,.T.);
#1766 = FACE_BOUND('',#1767,.T.);
#1767 = EDGE_LOOP('',(#1768,#1769,#1777,#1785));
#1768 = ORIENTED_EDGE('',*,*,#1745,.T.);
#1769 = ORIENTED_EDGE('',*,*,#1770,.T.);
#1770 = EDGE_CURVE('',#1738,#1771,#1773,.T.);
#1771 = VERTEX_POINT('',#1772);
#1772 = CARTESIAN_POINT('',(16.771804670913,2.178467751651,7.73957359677
    ));
#1773 = B_SPLINE_CURVE_WITH_KNOTS('',2,(#1774,#1775,#1776),
  .UNSPECIFIED.,.F.,.F.,(3,3),(0.,1.),.PIECEWISE_BEZIER_KNOTS.);
#1774 = CARTESIAN_POINT('',(15.785817409766,2.022837694077,
    7.311983527795));
#1775 = CARTESIAN_POINT('',(16.165435244161,2.178467751651,7.73957359677
    ));
#1776 = CARTESIAN_POINT('',(16.771804670913,2.178467751651,7.73957359677
    ));
#1777 = ORIENTED_EDGE('',*,*,#1778,.F.);
#1778 = EDGE_CURVE('',#1779,#1771,#1781,.T.);
#1779 = VERTEX_POINT('',#1780);
#1780 = CARTESIAN_POINT('',(16.771804670913,2.93022184828,7.465957482109
    ));
#1781 = LINE('',#1782,#1783);
#1782 = CARTESIAN_POINT('',(16.771804670913,2.93022184828,7.465957482109
    ));
#1783 = VECTOR('',#1784,1.);
#1784 = DIRECTION('',(0.,-0.939692620786,0.342020143326));
#1785 = ORIENTED_EDGE('',*,*,#1786,.F.);
#1786 = EDGE_CURVE('',#1746,#1779,#1787,.T.);
#1787 = B_SPLINE_CURVE_WITH_KNOTS('',2,(#1788,#1789,#1790),
  .UNSPECIFIED.,.F.,.F.,(3,3),(0.,1.),.PIECEWISE_BEZIER_KNOTS.);
#1788 = CARTESIAN_POINT('',(15.785817409766,2.774591790705,
    7.038367413135));
#1789 = CARTESIAN_POINT('',(16.165435244161,2.93022184828,7.465957482109
    ));
#1790 = CARTESIAN_POINT('',(16.771804670913,2.93022184828,7.465957482109
    ));
#1791 = SURFACE_OF_LINEAR_EXTRUSION('',#1792,#1796);
#1792 = B_SPLINE_CURVE_WITH_KNOTS('',2,(#1793,#1794,#1795),
  .UNSPECIFIED.,.F.,.F.,(3,3),(0.,1.),.PIECEWISE_BEZIER_KNOTS.);
#1793 = CARTESIAN_POINT('',(15.785817409766,2.774591790705,
    7.038367413135));
#1794 = CARTESIAN_POINT('',(16.165435244161,2.93022184828,7.465957482109
    ));
#1795 = CARTESIAN_POINT('',(16.771804670913,2.93022184828,7.465957482109
    ));
#1796 = VECTOR('',#1797,1.);
#1797 = DIRECTION('',(-0.,0.939692620786,-0.342020143326));
#1798 = ADVANCED_FACE('',(#1799),#1824,.T.);
#1799 = FACE_BOUND('',#1800,.T.);
#1800 = EDGE_LOOP('',(#1801,#1802,#1810,#1818));
#1801 = ORIENTED_EDGE('',*,*,#1778,.T.);
#1802 = ORIENTED_EDGE('',*,*,#1803,.T.);
#1803 = EDGE_CURVE('',#1771,#1804,#1806,.T.);
#1804 = VERTEX_POINT('',#1805);
#1805 = CARTESIAN_POINT('',(17.476178343949,2.09649910244,7.514366583958
    ));
#1806 = B_SPLINE_CURVE_WITH_KNOTS('',2,(#1807,#1808,#1809),
  .UNSPECIFIED.,.F.,.F.,(3,3),(0.,1.),.PIECEWISE_BEZIER_KNOTS.);
#1807 = CARTESIAN_POINT('',(16.771804670913,2.178467751651,7.73957359677
    ));
#1808 = CARTESIAN_POINT('',(17.197282377919,2.178467751651,7.73957359677
    ));
#1809 = CARTESIAN_POINT('',(17.476178343949,2.09649910244,7.514366583958
    ));
#1810 = ORIENTED_EDGE('',*,*,#1811,.F.);
#1811 = EDGE_CURVE('',#1812,#1804,#1814,.T.);
#1812 = VERTEX_POINT('',#1813);
#1813 = CARTESIAN_POINT('',(17.476178343949,2.848253199068,
    7.240750469297));
#1814 = LINE('',#1815,#1816);
#1815 = CARTESIAN_POINT('',(17.476178343949,2.848253199068,
    7.240750469297));
#1816 = VECTOR('',#1817,1.);
#1817 = DIRECTION('',(0.,-0.939692620786,0.342020143326));
#1818 = ORIENTED_EDGE('',*,*,#1819,.F.);
#1819 = EDGE_CURVE('',#1779,#1812,#1820,.T.);
#1820 = B_SPLINE_CURVE_WITH_KNOTS('',2,(#1821,#1822,#1823),
  .UNSPECIFIED.,.F.,.F.,(3,3),(0.,1.),.PIECEWISE_BEZIER_KNOTS.);
#1821 = CARTESIAN_POINT('',(16.771804670913,2.93022184828,7.465957482109
    ));
#1822 = CARTESIAN_POINT('',(17.197282377919,2.93022184828,7.465957482109
    ));
#1823 = CARTESIAN_POINT('',(17.476178343949,2.848253199068,
    7.240750469297));
#1824 = SURFACE_OF_LINEAR_EXTRUSION('',#1825,#1829);
#1825 = B_SPLINE_CURVE_WITH_KNOTS('',2,(#1826,#1827,#1828),
  .UNSPECIFIED.,.F.,.F.,(3,3),(0.,1.),.PIECEWISE_BEZIER_KNOTS.);
#1826 = CARTESIAN_POINT('',(16.771804670913,2.93022184828,7.465957482109
    ));
#1827 = CARTESIAN_POINT('',(17.197282377919,2.93022184828,7.465957482109
    ));
#1828 = CARTESIAN_POINT('',(17.476178343949,2.848253199068,
    7.240750469297));
#1829 = VECTOR('',#1830,1.);
#1830 = DIRECTION('',(-0.,0.939692620786,-0.342020143326));
#1831 = ADVANCED_FACE('',(#1832),#1848,.T.);
#1832 = FACE_BOUND('',#1833,.T.);
#1833 = EDGE_LOOP('',(#1834,#1835,#1841,#1842));
#1834 = ORIENTED_EDGE('',*,*,#1811,.T.);
#1835 = ORIENTED_EDGE('',*,*,#1836,.T.);
#1836 = EDGE_CURVE('',#1804,#1336,#1837,.T.);
#1837 = B_SPLINE_CURVE_WITH_KNOTS('',2,(#1838,#1839,#1840),
  .UNSPECIFIED.,.F.,.F.,(3,3),(0.,1.),.PIECEWISE_BEZIER_KNOTS.);
#1838 = CARTESIAN_POINT('',(17.476178343949,2.09649910244,7.514366583958
    ));
#1839 = CARTESIAN_POINT('',(17.755244161359,2.014588545822,
    7.289319179235));
#1840 = CARTESIAN_POINT('',(17.831677282378,1.858551840094,
    6.860611853641));
#1841 = ORIENTED_EDGE('',*,*,#1333,.F.);
#1842 = ORIENTED_EDGE('',*,*,#1843,.F.);
#1843 = EDGE_CURVE('',#1812,#1334,#1844,.T.);
#1844 = B_SPLINE_CURVE_WITH_KNOTS('',2,(#1845,#1846,#1847),
  .UNSPECIFIED.,.F.,.F.,(3,3),(0.,1.),.PIECEWISE_BEZIER_KNOTS.);
#1845 = CARTESIAN_POINT('',(17.476178343949,2.848253199068,
    7.240750469297));
#1846 = CARTESIAN_POINT('',(17.755244161359,2.76634264245,7.015703064574
    ));
#1847 = CARTESIAN_POINT('',(17.831677282378,2.610305936722,
    6.586995738981));
#1848 = SURFACE_OF_LINEAR_EXTRUSION('',#1849,#1853);
#1849 = B_SPLINE_CURVE_WITH_KNOTS('',2,(#1850,#1851,#1852),
  .UNSPECIFIED.,.F.,.F.,(3,3),(0.,1.),.PIECEWISE_BEZIER_KNOTS.);
#1850 = CARTESIAN_POINT('',(17.476178343949,2.848253199068,
    7.240750469297));
#1851 = CARTESIAN_POINT('',(17.755244161359,2.76634264245,7.015703064574
    ));
#1852 = CARTESIAN_POINT('',(17.831677282378,2.610305936722,
    6.586995738981));
#1853 = VECTOR('',#1854,1.);
#1854 = DIRECTION('',(-0.,0.939692620786,-0.342020143326));
#1855 = ADVANCED_FACE('',(#1856),#1874,.F.);
#1856 = FACE_BOUND('',#1857,.T.);
#1857 = EDGE_LOOP('',(#1858,#1859,#1860,#1861,#1862,#1863,#1864,#1865,
    #1866,#1867,#1868,#1869,#1870,#1871,#1872,#1873));
#1858 = ORIENTED_EDGE('',*,*,#1359,.T.);
#1859 = ORIENTED_EDGE('',*,*,#1390,.T.);
#1860 = ORIENTED_EDGE('',*,*,#1423,.T.);
#1861 = ORIENTED_EDGE('',*,*,#1456,.T.);
#1862 = ORIENTED_EDGE('',*,*,#1489,.T.);
#1863 = ORIENTED_EDGE('',*,*,#1522,.T.);
#1864 = ORIENTED_EDGE('',*,*,#1555,.T.);
#1865 = ORIENTED_EDGE('',*,*,#1588,.T.);
#1866 = ORIENTED_EDGE('',*,*,#1621,.T.);
#1867 = ORIENTED_EDGE('',*,*,#1654,.T.);
#1868 = ORIENTED_EDGE('',*,*,#1687,.T.);
#1869 = ORIENTED_EDGE('',*,*,#1720,.T.);
#1870 = ORIENTED_EDGE('',*,*,#1753,.T.);
#1871 = ORIENTED_EDGE('',*,*,#1786,.T.);
#1872 = ORIENTED_EDGE('',*,*,#1819,.T.);
#1873 = ORIENTED_EDGE('',*,*,#1843,.T.);
#1874 = PLANE('',#1875);
#1875 = AXIS2_PLACEMENT_3D('',#1876,#1877,#1878);
#1876 = CARTESIAN_POINT('',(16.667732452513,2.34488372055,5.857754193424
    ));
#1877 = DIRECTION('',(0.,-0.939692620786,0.342020143326));
#1878 = DIRECTION('',(1.,0.,0.));
#1879 = ADVANCED_FACE('',(#1880),#1898,.T.);
#1880 = FACE_BOUND('',#1881,.F.);
#1881 = EDGE_LOOP('',(#1882,#1883,#1884,#1885,#1886,#1887,#1888,#1889,
    #1890,#1891,#1892,#1893,#1894,#1895,#1896,#1897));
#1882 = ORIENTED_EDGE('',*,*,#1343,.T.);
#1883 = ORIENTED_EDGE('',*,*,#1374,.T.);
#1884 = ORIENTED_EDGE('',*,*,#1407,.T.);
#1885 = ORIENTED_EDGE('',*,*,#1440,.T.);
#1886 = ORIENTED_EDGE('',*,*,#1473,.T.);
#1887 = ORIENTED_EDGE('',*,*,#1506,.T.);
#1888 = ORIENTED_EDGE('',*,*,#1539,.T.);
#1889 = ORIENTED_EDGE('',*,*,#1572,.T.);
#1890 = ORIENTED_EDGE('',*,*,#1605,.T.);
#1891 = ORIENTED_EDGE('',*,*,#1638,.T.);
#1892 = ORIENTED_EDGE('',*,*,#1671,.T.);
#1893 = ORIENTED_EDGE('',*,*,#1704,.T.);
#1894 = ORIENTED_EDGE('',*,*,#1737,.T.);
#1895 = ORIENTED_EDGE('',*,*,#1770,.T.);
#1896 = ORIENTED_EDGE('',*,*,#1803,.T.);
#1897 = ORIENTED_EDGE('',*,*,#1836,.T.);
#1898 = PLANE('',#1899);
#1899 = AXIS2_PLACEMENT_3D('',#1900,#1901,#1902);
#1900 = CARTESIAN_POINT('',(16.667732452513,1.593129623921,
    6.131370308085));
#1901 = DIRECTION('',(0.,-0.939692620786,0.342020143326));
#1902 = DIRECTION('',(1.,0.,0.));
#1903 = MANIFOLD_SOLID_BREP('',#1904);
#1904 = CLOSED_SHELL('',(#1905,#1947,#1980,#2013,#2046,#2079,#2112,#2145
    ,#2169,#2185));
#1905 = ADVANCED_FACE('',(#1906),#1940,.F.);
#1906 = FACE_BOUND('',#1907,.F.);
#1907 = EDGE_LOOP('',(#1908,#1918,#1926,#1934));
#1908 = ORIENTED_EDGE('',*,*,#1909,.T.);
#1909 = EDGE_CURVE('',#1910,#1912,#1914,.T.);
#1910 = VERTEX_POINT('',#1911);
#1911 = CARTESIAN_POINT('',(16.208747346072,2.073530374204,
    5.112217001645));
#1912 = VERTEX_POINT('',#1913);
#1913 = CARTESIAN_POINT('',(16.208747346072,1.321776277575,
    5.385833116306));
#1914 = LINE('',#1915,#1916);
#1915 = CARTESIAN_POINT('',(16.208747346072,2.073530374204,
    5.112217001645));
#1916 = VECTOR('',#1917,1.);
#1917 = DIRECTION('',(0.,-0.939692620786,0.342020143326));
#1918 = ORIENTED_EDGE('',*,*,#1919,.T.);
#1919 = EDGE_CURVE('',#1912,#1920,#1922,.T.);
#1920 = VERTEX_POINT('',#1921);
#1921 = CARTESIAN_POINT('',(16.369256900212,1.138726515941,4.88290802958
    ));
#1922 = B_SPLINE_CURVE_WITH_KNOTS('',2,(#1923,#1924,#1925),
  .UNSPECIFIED.,.F.,.F.,(3,3),(0.,1.),.PIECEWISE_BEZIER_KNOTS.);
#1923 = CARTESIAN_POINT('',(16.208747346072,1.321776277575,
    5.385833116306));
#1924 = CARTESIAN_POINT('',(16.208747346072,1.203209294555,
    5.060073007767));
#1925 = CARTESIAN_POINT('',(16.369256900212,1.138726515941,4.88290802958
    ));
#1926 = ORIENTED_EDGE('',*,*,#1927,.F.);
#1927 = EDGE_CURVE('',#1928,#1920,#1930,.T.);
#1928 = VERTEX_POINT('',#1929);
#1929 = CARTESIAN_POINT('',(16.369256900212,1.89048061257,4.60929191492)
  );
#1930 = LINE('',#1931,#1932);
#1931 = CARTESIAN_POINT('',(16.369256900212,1.89048061257,4.60929191492)
  );
#1932 = VECTOR('',#1933,1.);
#1933 = DIRECTION('',(0.,-0.939692620786,0.342020143326));
#1934 = ORIENTED_EDGE('',*,*,#1935,.F.);
#1935 = EDGE_CURVE('',#1910,#1928,#1936,.T.);
#1936 = B_SPLINE_CURVE_WITH_KNOTS('',2,(#1937,#1938,#1939),
  .UNSPECIFIED.,.F.,.F.,(3,3),(0.,1.),.PIECEWISE_BEZIER_KNOTS.);
#1937 = CARTESIAN_POINT('',(16.208747346072,2.073530374204,
    5.112217001645));
#1938 = CARTESIAN_POINT('',(16.208747346072,1.954963391184,
    4.786456893106));
#1939 = CARTESIAN_POINT('',(16.369256900212,1.89048061257,4.60929191492)
  );
#1940 = SURFACE_OF_LINEAR_EXTRUSION('',#1941,#1945);
#1941 = B_SPLINE_CURVE_WITH_KNOTS('',2,(#1942,#1943,#1944),
  .UNSPECIFIED.,.F.,.F.,(3,3),(0.,1.),.PIECEWISE_BEZIER_KNOTS.);
#1942 = CARTESIAN_POINT('',(16.208747346072,2.073530374204,
    5.112217001645));
#1943 = CARTESIAN_POINT('',(16.208747346072,1.954963391184,
    4.786456893106));
#1944 = CARTESIAN_POINT('',(16.369256900212,1.89048061257,4.60929191492)
  );
#1945 = VECTOR('',#1946,1.);
#1946 = DIRECTION('',(-0.,0.939692620786,-0.342020143326));
#1947 = ADVANCED_FACE('',(#1948),#1973,.F.);
#1948 = FACE_BOUND('',#1949,.F.);
#1949 = EDGE_LOOP('',(#1950,#1951,#1959,#1967));
#1950 = ORIENTED_EDGE('',*,*,#1927,.T.);
#1951 = ORIENTED_EDGE('',*,*,#1952,.T.);
#1952 = EDGE_CURVE('',#1920,#1953,#1955,.T.);
#1953 = VERTEX_POINT('',#1954);
#1954 = CARTESIAN_POINT('',(16.736135881104,1.074243737327,
    4.705743051394));
#1955 = B_SPLINE_CURVE_WITH_KNOTS('',2,(#1956,#1957,#1958),
  .UNSPECIFIED.,.F.,.F.,(3,3),(0.,1.),.PIECEWISE_BEZIER_KNOTS.);
#1956 = CARTESIAN_POINT('',(16.369256900212,1.138726515941,4.88290802958
    ));
#1957 = CARTESIAN_POINT('',(16.529766454352,1.074243737327,
    4.705743051394));
#1958 = CARTESIAN_POINT('',(16.736135881104,1.074243737327,
    4.705743051394));
#1959 = ORIENTED_EDGE('',*,*,#1960,.F.);
#1960 = EDGE_CURVE('',#1961,#1953,#1963,.T.);
#1961 = VERTEX_POINT('',#1962);
#1962 = CARTESIAN_POINT('',(16.736135881104,1.825997833956,
    4.432126936734));
#1963 = LINE('',#1964,#1965);
#1964 = CARTESIAN_POINT('',(16.736135881104,1.825997833956,
    4.432126936734));
#1965 = VECTOR('',#1966,1.);
#1966 = DIRECTION('',(0.,-0.939692620786,0.342020143326));
#1967 = ORIENTED_EDGE('',*,*,#1968,.F.);
#1968 = EDGE_CURVE('',#1928,#1961,#1969,.T.);
#1969 = B_SPLINE_CURVE_WITH_KNOTS('',2,(#1970,#1971,#1972),
  .UNSPECIFIED.,.F.,.F.,(3,3),(0.,1.),.PIECEWISE_BEZIER_KNOTS.);
#1970 = CARTESIAN_POINT('',(16.369256900212,1.89048061257,4.60929191492)
  );
#1971 = CARTESIAN_POINT('',(16.529766454352,1.825997833956,
    4.432126936734));
#1972 = CARTESIAN_POINT('',(16.736135881104,1.825997833956,
    4.432126936734));
#1973 = SURFACE_OF_LINEAR_EXTRUSION('',#1974,#1978);
#1974 = B_SPLINE_CURVE_WITH_KNOTS('',2,(#1975,#1976,#1977),
  .UNSPECIFIED.,.F.,.F.,(3,3),(0.,1.),.PIECEWISE_BEZIER_KNOTS.);
#1975 = CARTESIAN_POINT('',(16.369256900212,1.89048061257,4.60929191492)
  );
#1976 = CARTESIAN_POINT('',(16.529766454352,1.825997833956,
    4.432126936734));
#1977 = CARTESIAN_POINT('',(16.736135881104,1.825997833956,
    4.432126936734));
#1978 = VECTOR('',#1979,1.);
#1979 = DIRECTION('',(-0.,0.939692620786,-0.342020143326));
#1980 = ADVANCED_FACE('',(#1981),#2006,.F.);
#1981 = FACE_BOUND('',#1982,.F.);
#1982 = EDGE_LOOP('',(#1983,#1984,#1992,#2000));
#1983 = ORIENTED_EDGE('',*,*,#1960,.T.);
#1984 = ORIENTED_EDGE('',*,*,#1985,.T.);
#1985 = EDGE_CURVE('',#1953,#1986,#1988,.T.);
#1986 = VERTEX_POINT('',#1987);
#1987 = CARTESIAN_POINT('',(17.067346072187,1.127049904679,
    4.850826803801));
#1988 = B_SPLINE_CURVE_WITH_KNOTS('',2,(#1989,#1990,#1991),
  .UNSPECIFIED.,.F.,.F.,(3,3),(0.,1.),.PIECEWISE_BEZIER_KNOTS.);
#1989 = CARTESIAN_POINT('',(16.736135881104,1.074243737327,
    4.705743051394));
#1990 = CARTESIAN_POINT('',(16.934861995754,1.074243737327,
    4.705743051394));
#1991 = CARTESIAN_POINT('',(17.067346072187,1.127049904679,
    4.850826803801));
#1992 = ORIENTED_EDGE('',*,*,#1993,.F.);
#1993 = EDGE_CURVE('',#1994,#1986,#1996,.T.);
#1994 = VERTEX_POINT('',#1995);
#1995 = CARTESIAN_POINT('',(17.067346072187,1.878804001307,4.57721068914
    ));
#1996 = LINE('',#1997,#1998);
#1997 = CARTESIAN_POINT('',(17.067346072187,1.878804001307,4.57721068914
    ));
#1998 = VECTOR('',#1999,1.);
#1999 = DIRECTION('',(0.,-0.939692620786,0.342020143326));
#2000 = ORIENTED_EDGE('',*,*,#2001,.F.);
#2001 = EDGE_CURVE('',#1961,#1994,#2002,.T.);
#2002 = B_SPLINE_CURVE_WITH_KNOTS('',2,(#2003,#2004,#2005),
  .UNSPECIFIED.,.F.,.F.,(3,3),(0.,1.),.PIECEWISE_BEZIER_KNOTS.);
#2003 = CARTESIAN_POINT('',(16.736135881104,1.825997833956,
    4.432126936734));
#2004 = CARTESIAN_POINT('',(16.934861995754,1.825997833956,
    4.432126936734));
#2005 = CARTESIAN_POINT('',(17.067346072187,1.878804001307,4.57721068914
    ));
#2006 = SURFACE_OF_LINEAR_EXTRUSION('',#2007,#2011);
#2007 = B_SPLINE_CURVE_WITH_KNOTS('',2,(#2008,#2009,#2010),
  .UNSPECIFIED.,.F.,.F.,(3,3),(0.,1.),.PIECEWISE_BEZIER_KNOTS.);
#2008 = CARTESIAN_POINT('',(16.736135881104,1.825997833956,
    4.432126936734));
#2009 = CARTESIAN_POINT('',(16.934861995754,1.825997833956,
    4.432126936734));
#2010 = CARTESIAN_POINT('',(17.067346072187,1.878804001307,4.57721068914
    ));
#2011 = VECTOR('',#2012,1.);
#2012 = DIRECTION('',(-0.,0.939692620786,-0.342020143326));
#2013 = ADVANCED_FACE('',(#2014),#2039,.F.);
#2014 = FACE_BOUND('',#2015,.F.);
#2015 = EDGE_LOOP('',(#2016,#2017,#2025,#2033));
#2016 = ORIENTED_EDGE('',*,*,#1993,.T.);
#2017 = ORIENTED_EDGE('',*,*,#2018,.T.);
#2018 = EDGE_CURVE('',#1986,#2019,#2021,.T.);
#2019 = VERTEX_POINT('',#2020);
#2020 = CARTESIAN_POINT('',(17.19983014862,1.300107740257,5.326299299312
    ));
#2021 = B_SPLINE_CURVE_WITH_KNOTS('',2,(#2022,#2023,#2024),
  .UNSPECIFIED.,.F.,.F.,(3,3),(0.,1.),.PIECEWISE_BEZIER_KNOTS.);
#2022 = CARTESIAN_POINT('',(17.067346072187,1.127049904679,
    4.850826803801));
#2023 = CARTESIAN_POINT('',(17.19983014862,1.17985607203,4.995910556207)
  );
#2024 = CARTESIAN_POINT('',(17.19983014862,1.300107740257,5.326299299312
    ));
#2025 = ORIENTED_EDGE('',*,*,#2026,.F.);
#2026 = EDGE_CURVE('',#2027,#2019,#2029,.T.);
#2027 = VERTEX_POINT('',#2028);
#2028 = CARTESIAN_POINT('',(17.19983014862,2.051861836886,5.052683184651
    ));
#2029 = LINE('',#2030,#2031);
#2030 = CARTESIAN_POINT('',(17.19983014862,2.051861836886,5.052683184651
    ));
#2031 = VECTOR('',#2032,1.);
#2032 = DIRECTION('',(0.,-0.939692620786,0.342020143326));
#2033 = ORIENTED_EDGE('',*,*,#2034,.F.);
#2034 = EDGE_CURVE('',#1994,#2027,#2035,.T.);
#2035 = B_SPLINE_CURVE_WITH_KNOTS('',2,(#2036,#2037,#2038),
  .UNSPECIFIED.,.F.,.F.,(3,3),(0.,1.),.PIECEWISE_BEZIER_KNOTS.);
#2036 = CARTESIAN_POINT('',(17.067346072187,1.878804001307,4.57721068914
    ));
#2037 = CARTESIAN_POINT('',(17.19983014862,1.931610168659,4.722294441547
    ));
#2038 = CARTESIAN_POINT('',(17.19983014862,2.051861836886,5.052683184651
    ));
#2039 = SURFACE_OF_LINEAR_EXTRUSION('',#2040,#2044);
#2040 = B_SPLINE_CURVE_WITH_KNOTS('',2,(#2041,#2042,#2043),
  .UNSPECIFIED.,.F.,.F.,(3,3),(0.,1.),.PIECEWISE_BEZIER_KNOTS.);
#2041 = CARTESIAN_POINT('',(17.067346072187,1.878804001307,4.57721068914
    ));
#2042 = CARTESIAN_POINT('',(17.19983014862,1.931610168659,4.722294441547
    ));
#2043 = CARTESIAN_POINT('',(17.19983014862,2.051861836886,5.052683184651
    ));
#2044 = VECTOR('',#2045,1.);
#2045 = DIRECTION('',(-0.,0.939692620786,-0.342020143326));
#2046 = ADVANCED_FACE('',(#2047),#2072,.F.);
#2047 = FACE_BOUND('',#2048,.F.);
#2048 = EDGE_LOOP('',(#2049,#2050,#2058,#2066));
#2049 = ORIENTED_EDGE('',*,*,#2026,.T.);
#2050 = ORIENTED_EDGE('',*,*,#2051,.T.);
#2051 = EDGE_CURVE('',#2019,#2052,#2054,.T.);
#2052 = VERTEX_POINT('',#2053);
#2053 = CARTESIAN_POINT('',(17.057154989384,1.48141472409,5.824436143384
    ));
#2054 = B_SPLINE_CURVE_WITH_KNOTS('',2,(#2055,#2056,#2057),
  .UNSPECIFIED.,.F.,.F.,(3,3),(0.,1.),.PIECEWISE_BEZIER_KNOTS.);
#2055 = CARTESIAN_POINT('',(17.19983014862,1.300107740257,5.326299299312
    ));
#2056 = CARTESIAN_POINT('',(17.19983014862,1.423903056678,5.666424135812
    ));
#2057 = CARTESIAN_POINT('',(17.057154989384,1.48141472409,5.824436143384
    ));
#2058 = ORIENTED_EDGE('',*,*,#2059,.F.);
#2059 = EDGE_CURVE('',#2060,#2052,#2062,.T.);
#2060 = VERTEX_POINT('',#2061);
#2061 = CARTESIAN_POINT('',(17.057154989384,2.233168820719,
    5.550820028723));
#2062 = LINE('',#2063,#2064);
#2063 = CARTESIAN_POINT('',(17.057154989384,2.233168820719,
    5.550820028723));
#2064 = VECTOR('',#2065,1.);
#2065 = DIRECTION('',(0.,-0.939692620786,0.342020143326));
#2066 = ORIENTED_EDGE('',*,*,#2067,.F.);
#2067 = EDGE_CURVE('',#2027,#2060,#2068,.T.);
#2068 = B_SPLINE_CURVE_WITH_KNOTS('',2,(#2069,#2070,#2071),
  .UNSPECIFIED.,.F.,.F.,(3,3),(0.,1.),.PIECEWISE_BEZIER_KNOTS.);
#2069 = CARTESIAN_POINT('',(17.19983014862,2.051861836886,5.052683184651
    ));
#2070 = CARTESIAN_POINT('',(17.19983014862,2.175657153306,5.392808021151
    ));
#2071 = CARTESIAN_POINT('',(17.057154989384,2.233168820719,
    5.550820028723));
#2072 = SURFACE_OF_LINEAR_EXTRUSION('',#2073,#2077);
#2073 = B_SPLINE_CURVE_WITH_KNOTS('',2,(#2074,#2075,#2076),
  .UNSPECIFIED.,.F.,.F.,(3,3),(0.,1.),.PIECEWISE_BEZIER_KNOTS.);
#2074 = CARTESIAN_POINT('',(17.19983014862,2.051861836886,5.052683184651
    ));
#2075 = CARTESIAN_POINT('',(17.19983014862,2.175657153306,5.392808021151
    ));
#2076 = CARTESIAN_POINT('',(17.057154989384,2.233168820719,
    5.550820028723));
#2077 = VECTOR('',#2078,1.);
#2078 = DIRECTION('',(-0.,0.939692620786,-0.342020143326));
#2079 = ADVANCED_FACE('',(#2080),#2105,.F.);
#2080 = FACE_BOUND('',#2081,.F.);
#2081 = EDGE_LOOP('',(#2082,#2083,#2091,#2099));
#2082 = ORIENTED_EDGE('',*,*,#2059,.T.);
#2083 = ORIENTED_EDGE('',*,*,#2084,.T.);
#2084 = EDGE_CURVE('',#2052,#2085,#2087,.T.);
#2085 = VERTEX_POINT('',#2086);
#2086 = CARTESIAN_POINT('',(16.700467091295,1.538984484096,
    5.982607759044));
#2087 = B_SPLINE_CURVE_WITH_KNOTS('',2,(#2088,#2089,#2090),
  .UNSPECIFIED.,.F.,.F.,(3,3),(0.,1.),.PIECEWISE_BEZIER_KNOTS.);
#2088 = CARTESIAN_POINT('',(17.057154989384,1.48141472409,5.824436143384
    ));
#2089 = CARTESIAN_POINT('',(16.914479830149,1.538984484096,
    5.982607759044));
#2090 = CARTESIAN_POINT('',(16.700467091295,1.538984484096,
    5.982607759044));
#2091 = ORIENTED_EDGE('',*,*,#2092,.F.);
#2092 = EDGE_CURVE('',#2093,#2085,#2095,.T.);
#2093 = VERTEX_POINT('',#2094);
#2094 = CARTESIAN_POINT('',(16.700467091295,2.290738580725,
    5.708991644383));
#2095 = LINE('',#2096,#2097);
#2096 = CARTESIAN_POINT('',(16.700467091295,2.290738580725,
    5.708991644383));
#2097 = VECTOR('',#2098,1.);
#2098 = DIRECTION('',(0.,-0.939692620786,0.342020143326));
#2099 = ORIENTED_EDGE('',*,*,#2100,.F.);
#2100 = EDGE_CURVE('',#2060,#2093,#2101,.T.);
#2101 = B_SPLINE_CURVE_WITH_KNOTS('',2,(#2102,#2103,#2104),
  .UNSPECIFIED.,.F.,.F.,(3,3),(0.,1.),.PIECEWISE_BEZIER_KNOTS.);
#2102 = CARTESIAN_POINT('',(17.057154989384,2.233168820719,
    5.550820028723));
#2103 = CARTESIAN_POINT('',(16.914479830149,2.290738580725,
    5.708991644383));
#2104 = CARTESIAN_POINT('',(16.700467091295,2.290738580725,
    5.708991644383));
#2105 = SURFACE_OF_LINEAR_EXTRUSION('',#2106,#2110);
#2106 = B_SPLINE_CURVE_WITH_KNOTS('',2,(#2107,#2108,#2109),
  .UNSPECIFIED.,.F.,.F.,(3,3),(0.,1.),.PIECEWISE_BEZIER_KNOTS.);
#2107 = CARTESIAN_POINT('',(17.057154989384,2.233168820719,
    5.550820028723));
#2108 = CARTESIAN_POINT('',(16.914479830149,2.290738580725,
    5.708991644383));
#2109 = CARTESIAN_POINT('',(16.700467091295,2.290738580725,
    5.708991644383));
#2110 = VECTOR('',#2111,1.);
#2111 = DIRECTION('',(-0.,0.939692620786,-0.342020143326));
#2112 = ADVANCED_FACE('',(#2113),#2138,.F.);
#2113 = FACE_BOUND('',#2114,.F.);
#2114 = EDGE_LOOP('',(#2115,#2116,#2124,#2132));
#2115 = ORIENTED_EDGE('',*,*,#2092,.T.);
#2116 = ORIENTED_EDGE('',*,*,#2117,.T.);
#2117 = EDGE_CURVE('',#2085,#2118,#2120,.T.);
#2118 = VERTEX_POINT('',#2119);
#2119 = CARTESIAN_POINT('',(16.351422505308,1.484028890791,
    5.831618507364));
#2120 = B_SPLINE_CURVE_WITH_KNOTS('',2,(#2121,#2122,#2123),
  .UNSPECIFIED.,.F.,.F.,(3,3),(0.,1.),.PIECEWISE_BEZIER_KNOTS.);
#2121 = CARTESIAN_POINT('',(16.700467091295,1.538984484096,
    5.982607759044));
#2122 = CARTESIAN_POINT('',(16.494097664544,1.538984484096,
    5.982607759044));
#2123 = CARTESIAN_POINT('',(16.351422505308,1.484028890791,
    5.831618507364));
#2124 = ORIENTED_EDGE('',*,*,#2125,.F.);
#2125 = EDGE_CURVE('',#2126,#2118,#2128,.T.);
#2126 = VERTEX_POINT('',#2127);
#2127 = CARTESIAN_POINT('',(16.351422505308,2.23578298742,5.558002392704
    ));
#2128 = LINE('',#2129,#2130);
#2129 = CARTESIAN_POINT('',(16.351422505308,2.23578298742,5.558002392704
    ));
#2130 = VECTOR('',#2131,1.);
#2131 = DIRECTION('',(0.,-0.939692620786,0.342020143326));
#2132 = ORIENTED_EDGE('',*,*,#2133,.F.);
#2133 = EDGE_CURVE('',#2093,#2126,#2134,.T.);
#2134 = B_SPLINE_CURVE_WITH_KNOTS('',2,(#2135,#2136,#2137),
  .UNSPECIFIED.,.F.,.F.,(3,3),(0.,1.),.PIECEWISE_BEZIER_KNOTS.);
#2135 = CARTESIAN_POINT('',(16.700467091295,2.290738580725,
    5.708991644383));
#2136 = CARTESIAN_POINT('',(16.494097664544,2.290738580725,
    5.708991644383));
#2137 = CARTESIAN_POINT('',(16.351422505308,2.23578298742,5.558002392704
    ));
#2138 = SURFACE_OF_LINEAR_EXTRUSION('',#2139,#2143);
#2139 = B_SPLINE_CURVE_WITH_KNOTS('',2,(#2140,#2141,#2142),
  .UNSPECIFIED.,.F.,.F.,(3,3),(0.,1.),.PIECEWISE_BEZIER_KNOTS.);
#2140 = CARTESIAN_POINT('',(16.700467091295,2.290738580725,
    5.708991644383));
#2141 = CARTESIAN_POINT('',(16.494097664544,2.290738580725,
    5.708991644383));
#2142 = CARTESIAN_POINT('',(16.351422505308,2.23578298742,5.558002392704
    ));
#2143 = VECTOR('',#2144,1.);
#2144 = DIRECTION('',(-0.,0.939692620786,-0.342020143326));
#2145 = ADVANCED_FACE('',(#2146),#2162,.F.);
#2146 = FACE_BOUND('',#2147,.F.);
#2147 = EDGE_LOOP('',(#2148,#2149,#2155,#2156));
#2148 = ORIENTED_EDGE('',*,*,#2125,.T.);
#2149 = ORIENTED_EDGE('',*,*,#2150,.T.);
#2150 = EDGE_CURVE('',#2118,#1912,#2151,.T.);
#2151 = B_SPLINE_CURVE_WITH_KNOTS('',2,(#2152,#2153,#2154),
  .UNSPECIFIED.,.F.,.F.,(3,3),(0.,1.),.PIECEWISE_BEZIER_KNOTS.);
#2152 = CARTESIAN_POINT('',(16.351422505308,1.484028890791,
    5.831618507364));
#2153 = CARTESIAN_POINT('',(16.208747346072,1.429073297485,
    5.680629255685));
#2154 = CARTESIAN_POINT('',(16.208747346072,1.321776277575,
    5.385833116306));
#2155 = ORIENTED_EDGE('',*,*,#1909,.F.);
#2156 = ORIENTED_EDGE('',*,*,#2157,.F.);
#2157 = EDGE_CURVE('',#2126,#1910,#2158,.T.);
#2158 = B_SPLINE_CURVE_WITH_KNOTS('',2,(#2159,#2160,#2161),
  .UNSPECIFIED.,.F.,.F.,(3,3),(0.,1.),.PIECEWISE_BEZIER_KNOTS.);
#2159 = CARTESIAN_POINT('',(16.351422505308,2.23578298742,5.558002392704
    ));
#2160 = CARTESIAN_POINT('',(16.208747346072,2.180827394114,
    5.407013141024));
#2161 = CARTESIAN_POINT('',(16.208747346072,2.073530374204,
    5.112217001645));
#2162 = SURFACE_OF_LINEAR_EXTRUSION('',#2163,#2167);
#2163 = B_SPLINE_CURVE_WITH_KNOTS('',2,(#2164,#2165,#2166),
  .UNSPECIFIED.,.F.,.F.,(3,3),(0.,1.),.PIECEWISE_BEZIER_KNOTS.);
#2164 = CARTESIAN_POINT('',(16.351422505308,2.23578298742,5.558002392704
    ));
#2165 = CARTESIAN_POINT('',(16.208747346072,2.180827394114,
    5.407013141024));
#2166 = CARTESIAN_POINT('',(16.208747346072,2.073530374204,
    5.112217001645));
#2167 = VECTOR('',#2168,1.);
#2168 = DIRECTION('',(-0.,0.939692620786,-0.342020143326));
#2169 = ADVANCED_FACE('',(#2170),#2180,.T.);
#2170 = FACE_BOUND('',#2171,.F.);
#2171 = EDGE_LOOP('',(#2172,#2173,#2174,#2175,#2176,#2177,#2178,#2179));
#2172 = ORIENTED_EDGE('',*,*,#1935,.T.);
#2173 = ORIENTED_EDGE('',*,*,#1968,.T.);
#2174 = ORIENTED_EDGE('',*,*,#2001,.T.);
#2175 = ORIENTED_EDGE('',*,*,#2034,.T.);
#2176 = ORIENTED_EDGE('',*,*,#2067,.T.);
#2177 = ORIENTED_EDGE('',*,*,#2100,.T.);
#2178 = ORIENTED_EDGE('',*,*,#2133,.T.);
#2179 = ORIENTED_EDGE('',*,*,#2157,.T.);
#2180 = PLANE('',#2181);
#2181 = AXIS2_PLACEMENT_3D('',#2182,#2183,#2184);
#2182 = CARTESIAN_POINT('',(16.710674456134,2.059360612521,
    5.073285901382));
#2183 = DIRECTION('',(-0.,0.939692620786,-0.342020143326));
#2184 = DIRECTION('',(-1.,0.,0.));
#2185 = ADVANCED_FACE('',(#2186),#2196,.F.);
#2186 = FACE_BOUND('',#2187,.T.);
#2187 = EDGE_LOOP('',(#2188,#2189,#2190,#2191,#2192,#2193,#2194,#2195));
#2188 = ORIENTED_EDGE('',*,*,#1919,.T.);
#2189 = ORIENTED_EDGE('',*,*,#1952,.T.);
#2190 = ORIENTED_EDGE('',*,*,#1985,.T.);
#2191 = ORIENTED_EDGE('',*,*,#2018,.T.);
#2192 = ORIENTED_EDGE('',*,*,#2051,.T.);
#2193 = ORIENTED_EDGE('',*,*,#2084,.T.);
#2194 = ORIENTED_EDGE('',*,*,#2117,.T.);
#2195 = ORIENTED_EDGE('',*,*,#2150,.T.);
#2196 = PLANE('',#2197);
#2197 = AXIS2_PLACEMENT_3D('',#2198,#2199,#2200);
#2198 = CARTESIAN_POINT('',(16.710674456134,1.307606515892,
    5.346902016042));
#2199 = DIRECTION('',(-0.,0.939692620786,-0.342020143326));
#2200 = DIRECTION('',(-1.,0.,0.));
#2201 = ( GEOMETRIC_REPRESENTATION_CONTEXT(3) 
GLOBAL_UNCERTAINTY_ASSIGNED_CONTEXT((#2205)) 
GLOBAL_UNIT_ASSIGNED_CONTEXT((#2202,#2203,#2204)) REPRESENTATION_CONTEXT
('Context #1','3D Context with UNIT and UNCERTAINTY') );
#2202 = ( LENGTH_UNIT() NAMED_UNIT(*) SI_UNIT(.MILLI.,.METRE.) );
#2203 = ( NAMED_UNIT(*) PLANE_ANGLE_UNIT() SI_UNIT($,.RADIAN.) );
#2204 = ( NAMED_UNIT(*) SI_UNIT($,.STERADIAN.) SOLID_ANGLE_UNIT() );
#2205 = UNCERTAINTY_MEASURE_WITH_UNIT(LENGTH_MEASURE(1.E-07),#2202,
  'distance_accuracy_value','confusion accuracy');
#2206 = PRODUCT_RELATED_PRODUCT_CATEGORY('part',$,(#7));
ENDSEC;
END-ISO-10303-21;
