ISO-10303-21;
HEADER;
FILE_DESCRIPTION(('FreeCAD Model'),'2;1');
FILE_NAME('Open CASCADE Shape Model','2026-08-31T21:38:36',('FreeCAD'),(
    'FreeCAD'),'Open CASCADE STEP processor 7.8','FreeCAD','Unknown');
FILE_SCHEMA(('AUTOMOTIVE_DESIGN { 1 0 10303 214 1 1 1 1 }'));
ENDSEC;
DATA;
#1 = APPLICATION_PROTOCOL_DEFINITION('international standard',
  'automotive_design',2000,#2);
#2 = APPLICATION_CONTEXT(
  'core data for automotive mechanical design processes');
#3 = SHAPE_DEFINITION_REPRESENTATION(#4,#10);
#4 = PRODUCT_DEFINITION_SHAPE('','',#5);
#5 = PRODUCT_DEFINITION('design','',#6,#9);
#6 = PRODUCT_DEFINITION_FORMATION('','',#7);
#7 = PRODUCT('Open CASCADE STEP translator 7.8 42',
  'Open CASCADE STEP translator 7.8 42','',(#8));
#8 = PRODUCT_CONTEXT('',#2,'mechanical');
#9 = PRODUCT_DEFINITION_CONTEXT('part definition',#2,'design');
#10 = ADVANCED_BREP_SHAPE_REPRESENTATION('',(#11,#15),#3439);
#11 = AXIS2_PLACEMENT_3D('',#12,#13,#14);
#12 = CARTESIAN_POINT('',(0.,0.,0.));
#13 = DIRECTION('',(0.,0.,1.));
#14 = DIRECTION('',(1.,0.,-0.));
#15 = MANIFOLD_SOLID_BREP('',#16);
#16 = CLOSED_SHELL('',(#17,#57,#222,#246,#334,#1170,#1187,#1204,#1221,
    #1238,#1255,#1272,#1289,#1321,#1345,#1369,#1394,#1419,#1443,#1467,
    #1485,#1502,#1533,#1559,#1585,#1611,#1637,#1663,#1689,#1715,#1741,
    #1767,#1793,#1819,#1845,#1871,#1897,#1916,#1947,#1971,#1995,#2021,
    #2047,#2071,#2097,#2114,#2145,#2169,#2193,#2210,#2241,#2267,#2293,
    #2319,#2345,#2371,#2397,#2423,#2447,#2471,#2495,#2519,#2543,#2567,
    #2593,#2619,#2645,#2671,#2697,#2723,#2742,#2773,#2797,#2821,#2847,
    #2873,#2897,#2923,#2940,#2971,#2995,#3019,#3051,#3075,#3099,#3124,
    #3149,#3173,#3197,#3215,#3232,#3322,#3338,#3350,#3379,#3395,#3407,
    #3423));
#17 = ADVANCED_FACE('',(#18),#52,.F.);
#18 = FACE_BOUND('',#19,.F.);
#19 = EDGE_LOOP('',(#20,#30,#38,#46));
#20 = ORIENTED_EDGE('',*,*,#21,.F.);
#21 = EDGE_CURVE('',#22,#24,#26,.T.);
#22 = VERTEX_POINT('',#23);
#23 = CARTESIAN_POINT('',(0.,3.639702342662,10.));
#24 = VERTEX_POINT('',#25);
#25 = CARTESIAN_POINT('',(0.,13.75,10.));
#26 = LINE('',#27,#28);
#27 = CARTESIAN_POINT('',(0.,0.,10.));
#28 = VECTOR('',#29,1.);
#29 = DIRECTION('',(0.,1.,0.));
#30 = ORIENTED_EDGE('',*,*,#31,.T.);
#31 = EDGE_CURVE('',#22,#32,#34,.T.);
#32 = VERTEX_POINT('',#33);
#33 = CARTESIAN_POINT('',(0.,0.,0.));
#34 = LINE('',#35,#36);
#35 = CARTESIAN_POINT('',(0.,0.,0.));
#36 = VECTOR('',#37,1.);
#37 = DIRECTION('',(0.,-0.342020143326,-0.939692620786));
#38 = ORIENTED_EDGE('',*,*,#39,.T.);
#39 = EDGE_CURVE('',#32,#40,#42,.T.);
#40 = VERTEX_POINT('',#41);
#41 = CARTESIAN_POINT('',(0.,13.75,0.));
#42 = LINE('',#43,#44);
#43 = CARTESIAN_POINT('',(0.,0.,0.));
#44 = VECTOR('',#45,1.);
#45 = DIRECTION('',(0.,1.,0.));
#46 = ORIENTED_EDGE('',*,*,#47,.T.);
#47 = EDGE_CURVE('',#40,#24,#48,.T.);
#48 = LINE('',#49,#50);
#49 = CARTESIAN_POINT('',(0.,13.75,-1.));
#50 = VECTOR('',#51,1.);
#51 = DIRECTION('',(0.,0.,1.));
#52 = PLANE('',#53);
#53 = AXIS2_PLACEMENT_3D('',#54,#55,#56);
#54 = CARTESIAN_POINT('',(0.,0.,0.));
#55 = DIRECTION('',(1.,0.,0.));
#56 = DIRECTION('',(0.,0.,1.));
#57 = ADVANCED_FACE('',(#58,#147),#217,.T.);
#58 = FACE_BOUND('',#59,.T.);
#59 = EDGE_LOOP('',(#60,#61,#69,#77,#85,#93,#101,#109,#117,#125,#133,
    #141));
#60 = ORIENTED_EDGE('',*,*,#21,.F.);
#61 = ORIENTED_EDGE('',*,*,#62,.T.);
#62 = EDGE_CURVE('',#22,#63,#65,.T.);
#63 = VERTEX_POINT('',#64);
#64 = CARTESIAN_POINT('',(43.,3.639702342662,10.));
#65 = LINE('',#66,#67);
#66 = CARTESIAN_POINT('',(-1.,3.639702342662,10.));
#67 = VECTOR('',#68,1.);
#68 = DIRECTION('',(1.,0.,0.));
#69 = ORIENTED_EDGE('',*,*,#70,.T.);
#70 = EDGE_CURVE('',#63,#71,#73,.T.);
#71 = VERTEX_POINT('',#72);
#72 = CARTESIAN_POINT('',(43.,13.875609756098,10.));
#73 = LINE('',#74,#75);
#74 = CARTESIAN_POINT('',(43.,0.,10.));
#75 = VECTOR('',#76,1.);
#76 = DIRECTION('',(0.,1.,0.));
#77 = ORIENTED_EDGE('',*,*,#78,.F.);
#78 = EDGE_CURVE('',#79,#71,#81,.T.);
#79 = VERTEX_POINT('',#80);
#80 = CARTESIAN_POINT('',(42.9,13.9,10.));
#81 = LINE('',#82,#83);
#82 = CARTESIAN_POINT('',(42.9,13.9,10.));
#83 = VECTOR('',#84,1.);
#84 = DIRECTION('',(0.971520338783,-0.236956180191,0.));
#85 = ORIENTED_EDGE('',*,*,#86,.F.);
#86 = EDGE_CURVE('',#87,#79,#89,.T.);
#87 = VERTEX_POINT('',#88);
#88 = CARTESIAN_POINT('',(42.9,17.9,10.));
#89 = LINE('',#90,#91);
#90 = CARTESIAN_POINT('',(42.9,17.9,10.));
#91 = VECTOR('',#92,1.);
#92 = DIRECTION('',(0.,-1.,0.));
#93 = ORIENTED_EDGE('',*,*,#94,.F.);
#94 = EDGE_CURVE('',#95,#87,#97,.T.);
#95 = VERTEX_POINT('',#96);
#96 = CARTESIAN_POINT('',(43.,17.924390243902,10.));
#97 = LINE('',#98,#99);
#98 = CARTESIAN_POINT('',(47.,18.9,10.));
#99 = VECTOR('',#100,1.);
#100 = DIRECTION('',(-0.971520338783,-0.236956180191,0.));
#101 = ORIENTED_EDGE('',*,*,#102,.T.);
#102 = EDGE_CURVE('',#95,#103,#105,.T.);
#103 = VERTEX_POINT('',#104);
#104 = CARTESIAN_POINT('',(43.,53.,10.));
#105 = LINE('',#106,#107);
#106 = CARTESIAN_POINT('',(43.,0.,10.));
#107 = VECTOR('',#108,1.);
#108 = DIRECTION('',(0.,1.,0.));
#109 = ORIENTED_EDGE('',*,*,#110,.F.);
#110 = EDGE_CURVE('',#111,#103,#113,.T.);
#111 = VERTEX_POINT('',#112);
#112 = CARTESIAN_POINT('',(0.,53.,10.));
#113 = LINE('',#114,#115);
#114 = CARTESIAN_POINT('',(0.,53.,10.));
#115 = VECTOR('',#116,1.);
#116 = DIRECTION('',(1.,0.,0.));
#117 = ORIENTED_EDGE('',*,*,#118,.F.);
#118 = EDGE_CURVE('',#119,#111,#121,.T.);
#119 = VERTEX_POINT('',#120);
#120 = CARTESIAN_POINT('',(0.,18.05,10.));
#121 = LINE('',#122,#123);
#122 = CARTESIAN_POINT('',(0.,0.,10.));
#123 = VECTOR('',#124,1.);
#124 = DIRECTION('',(0.,1.,0.));
#125 = ORIENTED_EDGE('',*,*,#126,.T.);
#126 = EDGE_CURVE('',#119,#127,#129,.T.);
#127 = VERTEX_POINT('',#128);
#128 = CARTESIAN_POINT('',(4.,19.05,10.));
#129 = LINE('',#130,#131);
#130 = CARTESIAN_POINT('',(-0.123529411765,18.019117647059,10.));
#131 = VECTOR('',#132,1.);
#132 = DIRECTION('',(0.970142500145,0.242535625036,0.));
#133 = ORIENTED_EDGE('',*,*,#134,.T.);
#134 = EDGE_CURVE('',#127,#135,#137,.T.);
#135 = VERTEX_POINT('',#136);
#136 = CARTESIAN_POINT('',(4.,12.75,10.));
#137 = LINE('',#138,#139);
#138 = CARTESIAN_POINT('',(4.,6.375,10.));
#139 = VECTOR('',#140,1.);
#140 = DIRECTION('',(0.,-1.,0.));
#141 = ORIENTED_EDGE('',*,*,#142,.T.);
#142 = EDGE_CURVE('',#135,#24,#143,.T.);
#143 = LINE('',#144,#145);
#144 = CARTESIAN_POINT('',(1.617647058824,13.345588235294,10.));
#145 = VECTOR('',#146,1.);
#146 = DIRECTION('',(-0.970142500145,0.242535625036,0.));
#147 = FACE_BOUND('',#148,.T.);
#148 = EDGE_LOOP('',(#149,#160,#168,#177,#185,#194,#202,#211));
#149 = ORIENTED_EDGE('',*,*,#150,.F.);
#150 = EDGE_CURVE('',#151,#153,#155,.T.);
#151 = VERTEX_POINT('',#152);
#152 = CARTESIAN_POINT('',(16.6,38.36,10.));
#153 = VERTEX_POINT('',#154);
#154 = CARTESIAN_POINT('',(16.,37.76,10.));
#155 = CIRCLE('',#156,0.6);
#156 = AXIS2_PLACEMENT_3D('',#157,#158,#159);
#157 = CARTESIAN_POINT('',(16.6,37.76,10.));
#158 = DIRECTION('',(0.,-0.,1.));
#159 = DIRECTION('',(0.,1.,0.));
#160 = ORIENTED_EDGE('',*,*,#161,.T.);
#161 = EDGE_CURVE('',#151,#162,#164,.T.);
#162 = VERTEX_POINT('',#163);
#163 = CARTESIAN_POINT('',(26.4,38.36,10.));
#164 = LINE('',#165,#166);
#165 = CARTESIAN_POINT('',(13.5,38.36,10.));
#166 = VECTOR('',#167,1.);
#167 = DIRECTION('',(1.,0.,0.));
#168 = ORIENTED_EDGE('',*,*,#169,.F.);
#169 = EDGE_CURVE('',#170,#162,#172,.T.);
#170 = VERTEX_POINT('',#171);
#171 = CARTESIAN_POINT('',(27.,37.76,10.));
#172 = CIRCLE('',#173,0.6);
#173 = AXIS2_PLACEMENT_3D('',#174,#175,#176);
#174 = CARTESIAN_POINT('',(26.4,37.76,10.));
#175 = DIRECTION('',(0.,-0.,1.));
#176 = DIRECTION('',(0.,1.,0.));
#177 = ORIENTED_EDGE('',*,*,#178,.T.);
#178 = EDGE_CURVE('',#170,#179,#181,.T.);
#179 = VERTEX_POINT('',#180);
#180 = CARTESIAN_POINT('',(27.,27.96,10.));
#181 = LINE('',#182,#183);
#182 = CARTESIAN_POINT('',(27.,13.68,10.));
#183 = VECTOR('',#184,1.);
#184 = DIRECTION('',(0.,-1.,0.));
#185 = ORIENTED_EDGE('',*,*,#186,.F.);
#186 = EDGE_CURVE('',#187,#179,#189,.T.);
#187 = VERTEX_POINT('',#188);
#188 = CARTESIAN_POINT('',(26.4,27.36,10.));
#189 = CIRCLE('',#190,0.6);
#190 = AXIS2_PLACEMENT_3D('',#191,#192,#193);
#191 = CARTESIAN_POINT('',(26.4,27.96,10.));
#192 = DIRECTION('',(-0.,0.,1.));
#193 = DIRECTION('',(0.,-1.,0.));
#194 = ORIENTED_EDGE('',*,*,#195,.T.);
#195 = EDGE_CURVE('',#187,#196,#198,.T.);
#196 = VERTEX_POINT('',#197);
#197 = CARTESIAN_POINT('',(16.6,27.36,10.));
#198 = LINE('',#199,#200);
#199 = CARTESIAN_POINT('',(8.,27.36,10.));
#200 = VECTOR('',#201,1.);
#201 = DIRECTION('',(-1.,0.,0.));
#202 = ORIENTED_EDGE('',*,*,#203,.F.);
#203 = EDGE_CURVE('',#204,#196,#206,.T.);
#204 = VERTEX_POINT('',#205);
#205 = CARTESIAN_POINT('',(16.,27.96,10.));
#206 = CIRCLE('',#207,0.6);
#207 = AXIS2_PLACEMENT_3D('',#208,#209,#210);
#208 = CARTESIAN_POINT('',(16.6,27.96,10.));
#209 = DIRECTION('',(0.,0.,1.));
#210 = DIRECTION('',(-1.,0.,0.));
#211 = ORIENTED_EDGE('',*,*,#212,.T.);
#212 = EDGE_CURVE('',#204,#153,#213,.T.);
#213 = LINE('',#214,#215);
#214 = CARTESIAN_POINT('',(16.,19.18,10.));
#215 = VECTOR('',#216,1.);
#216 = DIRECTION('',(0.,1.,0.));
#217 = PLANE('',#218);
#218 = AXIS2_PLACEMENT_3D('',#219,#220,#221);
#219 = CARTESIAN_POINT('',(0.,0.,10.));
#220 = DIRECTION('',(0.,0.,1.));
#221 = DIRECTION('',(1.,0.,0.));
#222 = ADVANCED_FACE('',(#223),#241,.T.);
#223 = FACE_BOUND('',#224,.T.);
#224 = EDGE_LOOP('',(#225,#233,#234,#235));
#225 = ORIENTED_EDGE('',*,*,#226,.T.);
#226 = EDGE_CURVE('',#227,#40,#229,.T.);
#227 = VERTEX_POINT('',#228);
#228 = CARTESIAN_POINT('',(4.,12.75,0.));
#229 = LINE('',#230,#231);
#230 = CARTESIAN_POINT('',(1.617647058824,13.345588235294,0.));
#231 = VECTOR('',#232,1.);
#232 = DIRECTION('',(-0.970142500145,0.242535625036,0.));
#233 = ORIENTED_EDGE('',*,*,#47,.T.);
#234 = ORIENTED_EDGE('',*,*,#142,.F.);
#235 = ORIENTED_EDGE('',*,*,#236,.F.);
#236 = EDGE_CURVE('',#227,#135,#237,.T.);
#237 = LINE('',#238,#239);
#238 = CARTESIAN_POINT('',(4.,12.75,-1.));
#239 = VECTOR('',#240,1.);
#240 = DIRECTION('',(0.,0.,1.));
#241 = PLANE('',#242);
#242 = AXIS2_PLACEMENT_3D('',#243,#244,#245);
#243 = CARTESIAN_POINT('',(0.,13.75,-1.));
#244 = DIRECTION('',(0.242535625036,0.970142500145,0.));
#245 = DIRECTION('',(0.970142500145,-0.242535625036,0.));
#246 = ADVANCED_FACE('',(#247),#329,.F.);
#247 = FACE_BOUND('',#248,.F.);
#248 = EDGE_LOOP('',(#249,#250,#258,#266,#274,#282,#290,#298,#306,#314,
    #322,#328));
#249 = ORIENTED_EDGE('',*,*,#39,.F.);
#250 = ORIENTED_EDGE('',*,*,#251,.T.);
#251 = EDGE_CURVE('',#32,#252,#254,.T.);
#252 = VERTEX_POINT('',#253);
#253 = CARTESIAN_POINT('',(43.,0.,0.));
#254 = LINE('',#255,#256);
#255 = CARTESIAN_POINT('',(0.,0.,0.));
#256 = VECTOR('',#257,1.);
#257 = DIRECTION('',(1.,0.,0.));
#258 = ORIENTED_EDGE('',*,*,#259,.T.);
#259 = EDGE_CURVE('',#252,#260,#262,.T.);
#260 = VERTEX_POINT('',#261);
#261 = CARTESIAN_POINT('',(43.,13.875609756098,0.));
#262 = LINE('',#263,#264);
#263 = CARTESIAN_POINT('',(43.,0.,0.));
#264 = VECTOR('',#265,1.);
#265 = DIRECTION('',(0.,1.,0.));
#266 = ORIENTED_EDGE('',*,*,#267,.F.);
#267 = EDGE_CURVE('',#268,#260,#270,.T.);
#268 = VERTEX_POINT('',#269);
#269 = CARTESIAN_POINT('',(42.9,13.9,0.));
#270 = LINE('',#271,#272);
#271 = CARTESIAN_POINT('',(42.9,13.9,0.));
#272 = VECTOR('',#273,1.);
#273 = DIRECTION('',(0.971520338783,-0.236956180191,0.));
#274 = ORIENTED_EDGE('',*,*,#275,.F.);
#275 = EDGE_CURVE('',#276,#268,#278,.T.);
#276 = VERTEX_POINT('',#277);
#277 = CARTESIAN_POINT('',(42.9,17.9,0.));
#278 = LINE('',#279,#280);
#279 = CARTESIAN_POINT('',(42.9,17.9,0.));
#280 = VECTOR('',#281,1.);
#281 = DIRECTION('',(0.,-1.,0.));
#282 = ORIENTED_EDGE('',*,*,#283,.F.);
#283 = EDGE_CURVE('',#284,#276,#286,.T.);
#284 = VERTEX_POINT('',#285);
#285 = CARTESIAN_POINT('',(43.,17.924390243902,0.));
#286 = LINE('',#287,#288);
#287 = CARTESIAN_POINT('',(47.,18.9,0.));
#288 = VECTOR('',#289,1.);
#289 = DIRECTION('',(-0.971520338783,-0.236956180191,0.));
#290 = ORIENTED_EDGE('',*,*,#291,.T.);
#291 = EDGE_CURVE('',#284,#292,#294,.T.);
#292 = VERTEX_POINT('',#293);
#293 = CARTESIAN_POINT('',(43.,53.,0.));
#294 = LINE('',#295,#296);
#295 = CARTESIAN_POINT('',(43.,0.,0.));
#296 = VECTOR('',#297,1.);
#297 = DIRECTION('',(0.,1.,0.));
#298 = ORIENTED_EDGE('',*,*,#299,.F.);
#299 = EDGE_CURVE('',#300,#292,#302,.T.);
#300 = VERTEX_POINT('',#301);
#301 = CARTESIAN_POINT('',(0.,53.,0.));
#302 = LINE('',#303,#304);
#303 = CARTESIAN_POINT('',(0.,53.,0.));
#304 = VECTOR('',#305,1.);
#305 = DIRECTION('',(1.,0.,0.));
#306 = ORIENTED_EDGE('',*,*,#307,.F.);
#307 = EDGE_CURVE('',#308,#300,#310,.T.);
#308 = VERTEX_POINT('',#309);
#309 = CARTESIAN_POINT('',(0.,18.05,0.));
#310 = LINE('',#311,#312);
#311 = CARTESIAN_POINT('',(0.,0.,0.));
#312 = VECTOR('',#313,1.);
#313 = DIRECTION('',(0.,1.,0.));
#314 = ORIENTED_EDGE('',*,*,#315,.T.);
#315 = EDGE_CURVE('',#308,#316,#318,.T.);
#316 = VERTEX_POINT('',#317);
#317 = CARTESIAN_POINT('',(4.,19.05,0.));
#318 = LINE('',#319,#320);
#319 = CARTESIAN_POINT('',(-0.123529411765,18.019117647059,0.));
#320 = VECTOR('',#321,1.);
#321 = DIRECTION('',(0.970142500145,0.242535625036,0.));
#322 = ORIENTED_EDGE('',*,*,#323,.T.);
#323 = EDGE_CURVE('',#316,#227,#324,.T.);
#324 = LINE('',#325,#326);
#325 = CARTESIAN_POINT('',(4.,6.375,0.));
#326 = VECTOR('',#327,1.);
#327 = DIRECTION('',(0.,-1.,0.));
#328 = ORIENTED_EDGE('',*,*,#226,.T.);
#329 = PLANE('',#330);
#330 = AXIS2_PLACEMENT_3D('',#331,#332,#333);
#331 = CARTESIAN_POINT('',(0.,0.,0.));
#332 = DIRECTION('',(0.,0.,1.));
#333 = DIRECTION('',(1.,0.,0.));
#334 = ADVANCED_FACE('',(#335,#346,#648,#736,#770,#1077),#1165,.T.);
#335 = FACE_BOUND('',#336,.T.);
#336 = EDGE_LOOP('',(#337,#338,#339,#345));
#337 = ORIENTED_EDGE('',*,*,#31,.T.);
#338 = ORIENTED_EDGE('',*,*,#251,.T.);
#339 = ORIENTED_EDGE('',*,*,#340,.F.);
#340 = EDGE_CURVE('',#63,#252,#341,.T.);
#341 = LINE('',#342,#343);
#342 = CARTESIAN_POINT('',(43.,0.,0.));
#343 = VECTOR('',#344,1.);
#344 = DIRECTION('',(0.,-0.342020143326,-0.939692620786));
#345 = ORIENTED_EDGE('',*,*,#62,.F.);
#346 = FACE_BOUND('',#347,.T.);
#347 = EDGE_LOOP('',(#348,#358,#370,#385,#402,#423,#442,#461,#484,#507,
    #526,#549,#571,#593,#616,#633));
#348 = ORIENTED_EDGE('',*,*,#349,.F.);
#349 = EDGE_CURVE('',#350,#352,#354,.T.);
#350 = VERTEX_POINT('',#351);
#351 = CARTESIAN_POINT('',(29.69949044586,2.684848727124,7.376561252424)
  );
#352 = VERTEX_POINT('',#353);
#353 = CARTESIAN_POINT('',(30.73898089172,2.723625533182,7.483099651469)
  );
#354 = LINE('',#355,#356);
#355 = CARTESIAN_POINT('',(14.626883663033,2.122585213935,5.831754946156
    ));
#356 = VECTOR('',#357,1.);
#357 = DIRECTION('',(0.994104564342,3.708374622103E-02,0.101886755371));
#358 = ORIENTED_EDGE('',*,*,#359,.F.);
#359 = EDGE_CURVE('',#360,#350,#362,.T.);
#360 = VERTEX_POINT('',#361);
#361 = CARTESIAN_POINT('',(29.50076433121,2.845097145869,7.816840164431)
  );
#362 = B_SPLINE_CURVE_WITH_KNOTS('',6,(#363,#364,#365,#366,#367,#368,
    #369),.UNSPECIFIED.,.F.,.F.,(7,7),(0.,1.),.PIECEWISE_BEZIER_KNOTS.);
#363 = CARTESIAN_POINT('',(29.50076433121,2.845097145869,7.816840164431)
  );
#364 = CARTESIAN_POINT('',(29.555988249745,2.827318730517,7.767994369698
    ));
#365 = CARTESIAN_POINT('',(29.602327573679,2.805563002284,7.708220997632
    ));
#366 = CARTESIAN_POINT('',(29.639440927345,2.780031953409,7.638075017354
    ));
#367 = CARTESIAN_POINT('',(29.667602220416,2.751108694692,7.558609017131
    ));
#368 = CARTESIAN_POINT('',(29.687386545503,2.719236480843,7.471040829273
    ));
#369 = CARTESIAN_POINT('',(29.69949044586,2.684848727124,7.376561252424)
  );
#370 = ORIENTED_EDGE('',*,*,#371,.F.);
#371 = EDGE_CURVE('',#372,#360,#374,.T.);
#372 = VERTEX_POINT('',#373);
#373 = CARTESIAN_POINT('',(29.084203821656,2.896770507651,7.958811559113
    ));
#374 = B_SPLINE_CURVE_WITH_KNOTS('',5,(#375,#376,#377,#378,#379,#380,
    #381,#382,#383,#384),.UNSPECIFIED.,.F.,.F.,(6,4,6),(0.,
    0.766680143997,1.),.UNSPECIFIED.);
#375 = CARTESIAN_POINT('',(29.084203821656,2.896770507651,7.958811559113
    ));
#376 = CARTESIAN_POINT('',(29.160984027557,2.896770507651,7.958811559113
    ));
#377 = CARTESIAN_POINT('',(29.233522260614,2.893866528428,7.950832941772
    ));
#378 = CARTESIAN_POINT('',(29.301196774785,2.887888074606,7.934407274894
    ));
#379 = CARTESIAN_POINT('',(29.363479740849,2.878752039183,7.909306223864
    ));
#380 = CARTESIAN_POINT('',(29.437263869045,2.862810482881,7.865507157895
    ));
#381 = CARTESIAN_POINT('',(29.4539505877,2.858805052465,7.85450232827));
#382 = CARTESIAN_POINT('',(29.470100119919,2.854515540646,7.842716991407
    ));
#383 = CARTESIAN_POINT('',(29.485706086349,2.849944895517,7.830159247122
    ));
#384 = CARTESIAN_POINT('',(29.50076433121,2.845097145869,7.816840164431)
  );
#385 = ORIENTED_EDGE('',*,*,#386,.F.);
#386 = EDGE_CURVE('',#387,#372,#389,.T.);
#387 = VERTEX_POINT('',#388);
#388 = CARTESIAN_POINT('',(28.508917197452,2.791768145178,7.670319939228
    ));
#389 = B_SPLINE_CURVE_WITH_KNOTS('',6,(#390,#391,#392,#393,#394,#395,
    #396,#397,#398,#399,#400,#401),.UNSPECIFIED.,.F.,.F.,(7,5,7),(0.,
    0.663443140162,1.),.UNSPECIFIED.);
#390 = CARTESIAN_POINT('',(28.508917197452,2.791768145178,7.670319939228
    ));
#391 = CARTESIAN_POINT('',(28.558613446807,2.813958315908,7.731286932244
    ));
#392 = CARTESIAN_POINT('',(28.612242069253,2.833834710052,7.785896876336
    ));
#393 = CARTESIAN_POINT('',(28.669862574171,2.851080297768,7.833278739169
    ));
#394 = CARTESIAN_POINT('',(28.731414760379,2.86540795687,7.872643659026)
  );
#395 = CARTESIAN_POINT('',(28.796652246962,2.876611202004,7.903424322055
    ));
#396 = CARTESIAN_POINT('',(28.899749656252,2.888701209511,7.936641344682
    ));
#397 = CARTESIAN_POINT('',(28.935267668766,2.891951993903,7.945572801396
    ));
#398 = CARTESIAN_POINT('',(28.971542683528,2.894377028198,7.952235528362
    ));
#399 = CARTESIAN_POINT('',(29.00850621293,2.895979214412,7.956637498806)
  );
#400 = CARTESIAN_POINT('',(29.046085325824,2.896770507651,7.958811559113
    ));
#401 = CARTESIAN_POINT('',(29.084203821656,2.896770507651,7.958811559113
    ));
#402 = ORIENTED_EDGE('',*,*,#403,.F.);
#403 = EDGE_CURVE('',#404,#387,#406,.T.);
#404 = VERTEX_POINT('',#405);
#405 = CARTESIAN_POINT('',(28.212866242038,2.355463722851,6.471583390878
    ));
#406 = B_SPLINE_CURVE_WITH_KNOTS('',8,(#407,#408,#409,#410,#411,#412,
    #413,#414,#415,#416,#417,#418,#419,#420,#421,#422),.UNSPECIFIED.,.F.
  ,.F.,(9,7,9),(0.,0.710168104426,1.),.UNSPECIFIED.);
#407 = CARTESIAN_POINT('',(28.212866242038,2.355463722851,6.471583390878
    ));
#408 = CARTESIAN_POINT('',(28.221186086118,2.400553901469,6.595467638469
    ));
#409 = CARTESIAN_POINT('',(28.231670787052,2.445017559656,6.717630535325
    ));
#410 = CARTESIAN_POINT('',(28.244630238869,2.488844022649,6.838042752773
    ));
#411 = CARTESIAN_POINT('',(28.26046714041,2.531910999599,6.956368299467)
  );
#412 = CARTESIAN_POINT('',(28.279672024969,2.573987686969,7.071973047902
    ));
#413 = CARTESIAN_POINT('',(28.302898738433,2.61470653036,7.183847150664)
  );
#414 = CARTESIAN_POINT('',(28.330940140318,2.653573228087,7.290632525038
    ));
#415 = CARTESIAN_POINT('',(28.379004288179,2.70465066742,7.430966636248)
  );
#416 = CARTESIAN_POINT('',(28.393935499693,2.719007778659,7.470412475186
    ));
#417 = CARTESIAN_POINT('',(28.409947194801,2.732864889021,7.508484573006
    ));
#418 = CARTESIAN_POINT('',(28.427120071498,2.746153025259,7.544993427266
    ));
#419 = CARTESIAN_POINT('',(28.445534576891,2.75878805751,7.579707893069)
  );
#420 = CARTESIAN_POINT('',(28.465266641072,2.770673066859,7.612361687886
    ));
#421 = CARTESIAN_POINT('',(28.486380298582,2.781702504883,7.642664819806
    ));
#422 = CARTESIAN_POINT('',(28.508917197452,2.791768145178,7.670319939228
    ));
#423 = ORIENTED_EDGE('',*,*,#424,.F.);
#424 = EDGE_CURVE('',#425,#404,#427,.T.);
#425 = VERTEX_POINT('',#426);
#426 = CARTESIAN_POINT('',(29.210318471338,2.517542058287,6.91688995767)
  );
#427 = B_SPLINE_CURVE_WITH_KNOTS('',5,(#428,#429,#430,#431,#432,#433,
    #434,#435,#436,#437,#438,#439,#440,#441),.UNSPECIFIED.,.F.,.F.,(6,4,
    4,6),(0.,0.44086462525,0.812513928804,1.),.UNSPECIFIED.);
#428 = CARTESIAN_POINT('',(29.210318471338,2.517542058287,6.91688995767)
  );
#429 = CARTESIAN_POINT('',(29.107730205204,2.517542058287,6.91688995767)
  );
#430 = CARTESIAN_POINT('',(29.006597803009,2.514542475792,6.908648672497
    ));
#431 = CARTESIAN_POINT('',(28.907752402322,2.508292304334,6.89147646755)
  );
#432 = CARTESIAN_POINT('',(28.812071449047,2.498650976357,6.86498713664)
  );
#433 = CARTESIAN_POINT('',(28.643036588136,2.474845616082,6.799582446821
    ));
#434 = CARTESIAN_POINT('',(28.568512400152,2.461626039578,6.763261958883
    ));
#435 = CARTESIAN_POINT('',(28.497254274249,2.446141007687,6.720717183421
    ));
#436 = CARTESIAN_POINT('',(28.429510715049,2.428557459967,6.672406783107
    ));
#437 = CARTESIAN_POINT('',(28.333036906802,2.399271580967,6.591944491845
    ));
#438 = CARTESIAN_POINT('',(28.301605880859,2.388971675205,6.563645733344
    ));
#439 = CARTESIAN_POINT('',(28.271103185943,2.378218417092,6.534101399491
    ));
#440 = CARTESIAN_POINT('',(28.241526657894,2.367039937164,6.503388778304
    ));
#441 = CARTESIAN_POINT('',(28.212866242038,2.355463722851,6.471583390878
    ));
#442 = ORIENTED_EDGE('',*,*,#443,.F.);
#443 = EDGE_CURVE('',#444,#425,#446,.T.);
#444 = VERTEX_POINT('',#445);
#445 = CARTESIAN_POINT('',(30.362420382166,2.342392889348,6.435671570975
    ));
#446 = B_SPLINE_CURVE_WITH_KNOTS('',5,(#447,#448,#449,#450,#451,#452,
    #453,#454,#455,#456,#457,#458,#459,#460),.UNSPECIFIED.,.F.,.F.,(6,4,
    4,6),(0.,0.190697629172,0.56840011269,1.),.UNSPECIFIED.);
#447 = CARTESIAN_POINT('',(30.362420382166,2.342392889348,6.435671570975
    ));
#448 = CARTESIAN_POINT('',(30.327615067271,2.35510664002,6.470602313864)
  );
#449 = CARTESIAN_POINT('',(30.291812713307,2.367375483221,6.504310683519
    ));
#450 = CARTESIAN_POINT('',(30.255005769216,2.379168635374,6.536712102765
    ));
#451 = CARTESIAN_POINT('',(30.217195967555,2.390454586719,6.567719999242
    ));
#452 = CARTESIAN_POINT('',(30.101557395094,2.422493481313,6.655746138683
    ));
#453 = CARTESIAN_POINT('',(30.020831203925,2.441680615775,6.708462357361
    ));
#454 = CARTESIAN_POINT('',(29.936373975462,2.458524219434,6.754739778078
    ));
#455 = CARTESIAN_POINT('',(29.848499510993,2.47283828302,6.794067344561)
  );
#456 = CARTESIAN_POINT('',(29.654092966283,2.497936515954,6.863024172816
    ));
#457 = CARTESIAN_POINT('',(29.546650846667,2.507930234453,6.890481688728
    ));
#458 = CARTESIAN_POINT('',(29.436290047819,2.514420334318,6.908313091556
    ));
#459 = CARTESIAN_POINT('',(29.323901279216,2.517542058287,6.91688995767)
  );
#460 = CARTESIAN_POINT('',(29.210318471338,2.517542058287,6.91688995767)
  );
#461 = ORIENTED_EDGE('',*,*,#462,.F.);
#462 = EDGE_CURVE('',#463,#444,#465,.T.);
#463 = VERTEX_POINT('',#464);
#464 = CARTESIAN_POINT('',(30.842165605096,1.890142050148,5.193122602343
    ));
#465 = B_SPLINE_CURVE_WITH_KNOTS('',5,(#466,#467,#468,#469,#470,#471,
    #472,#473,#474,#475,#476,#477,#478,#479,#480,#481,#482,#483),
  .UNSPECIFIED.,.F.,.F.,(6,4,4,4,6),(0.,0.275239007959,0.523026654426,
    0.763477747715,1.),.UNSPECIFIED.);
#466 = CARTESIAN_POINT('',(30.842165605096,1.890142050148,5.193122602343
    ));
#467 = CARTESIAN_POINT('',(30.842165605096,1.91826684963,5.270394853846)
  );
#468 = CARTESIAN_POINT('',(30.839076704315,1.946210591447,5.347169653504
    ));
#469 = CARTESIAN_POINT('',(30.832690622794,1.973918941605,5.423297719893
    ));
#470 = CARTESIAN_POINT('',(30.822798490475,2.001323392105,5.498590828836
    ));
#471 = CARTESIAN_POINT('',(30.797022334265,2.052671374571,5.639668251195
    ));
#472 = CARTESIAN_POINT('',(30.781834213925,2.076687761634,5.705652732346
    ));
#473 = CARTESIAN_POINT('',(30.763549266915,2.100335311052,5.770623840398
    ));
#474 = CARTESIAN_POINT('',(30.742075959542,2.123550235965,5.834406322392
    ));
#475 = CARTESIAN_POINT('',(30.693422874625,2.168312950452,5.957390869678
    ));
#476 = CARTESIAN_POINT('',(30.666429977044,2.189890619244,6.016675027447
    ));
#477 = CARTESIAN_POINT('',(30.63637797813,2.210940951418,6.074510339768)
  );
#478 = CARTESIAN_POINT('',(30.603289114112,2.231409601507,6.130747493696
    ));
#479 = CARTESIAN_POINT('',(30.531795946523,2.270766613815,6.238879996308
    ));
#480 = CARTESIAN_POINT('',(30.49348555475,2.289676308575,6.290833955671)
  );
#481 = CARTESIAN_POINT('',(30.452396783465,2.307935054392,6.34099944751)
  );
#482 = CARTESIAN_POINT('',(30.408655034463,2.325513177912,6.389294944957
    ));
#483 = CARTESIAN_POINT('',(30.362420382166,2.342392889348,6.435671570975
    ));
#484 = ORIENTED_EDGE('',*,*,#485,.F.);
#485 = EDGE_CURVE('',#486,#463,#488,.T.);
#486 = VERTEX_POINT('',#487);
#487 = CARTESIAN_POINT('',(30.337707006369,1.418197821804,3.896466491725
    ));
#488 = B_SPLINE_CURVE_WITH_KNOTS('',5,(#489,#490,#491,#492,#493,#494,
    #495,#496,#497,#498,#499,#500,#501,#502,#503,#504,#505,#506),
  .UNSPECIFIED.,.F.,.F.,(6,4,4,4,6),(0.,0.201814822545,0.449435024929,
    0.703724951199,1.),.UNSPECIFIED.);
#489 = CARTESIAN_POINT('',(30.337707006369,1.418197821804,3.896466491725
    ));
#490 = CARTESIAN_POINT('',(30.379583788459,1.432954546119,3.937010258568
    ));
#491 = CARTESIAN_POINT('',(30.41950652365,1.448289557359,3.979142855676)
  );
#492 = CARTESIAN_POINT('',(30.457360752605,1.46418966153,4.022828032853)
  );
#493 = CARTESIAN_POINT('',(30.493057934013,1.480632816383,4.068005229515
    ));
#494 = CARTESIAN_POINT('',(30.567611257745,1.518391749727,4.171747046262
    ));
#495 = CARTESIAN_POINT('',(30.605348155644,1.539967428446,4.231025736352
    ));
#496 = CARTESIAN_POINT('',(30.639630151883,1.562256965685,4.292265736605
    ));
#497 = CARTESIAN_POINT('',(30.670427687577,1.585190413529,4.355274866707
    ));
#498 = CARTESIAN_POINT('',(30.725862858103,1.632822778249,4.48614371321)
  );
#499 = CARTESIAN_POINT('',(30.750313647988,1.657553895166,4.554091898497
    ));
#500 = CARTESIAN_POINT('',(30.771169888663,1.682801030904,4.623457833844
    ));
#501 = CARTESIAN_POINT('',(30.78855266281,1.708483295773,4.694019276651)
  );
#502 = CARTESIAN_POINT('',(30.819001407112,1.764872629668,4.848947698225
    ));
#503 = CARTESIAN_POINT('',(30.830880802979,1.795709435522,4.933671125998
    ));
#504 = CARTESIAN_POINT('',(30.838501020237,1.826925831199,5.019437468239
    ));
#505 = CARTESIAN_POINT('',(30.842165605096,1.858427055535,5.105986370785
    ));
#506 = CARTESIAN_POINT('',(30.842165605096,1.890142050148,5.193122602343
    ));
#507 = ORIENTED_EDGE('',*,*,#508,.F.);
#508 = EDGE_CURVE('',#509,#486,#511,.T.);
#509 = VERTEX_POINT('',#510);
#510 = CARTESIAN_POINT('',(29.042165605096,1.240434486164,3.408065741049
    ));
#511 = B_SPLINE_CURVE_WITH_KNOTS('',5,(#512,#513,#514,#515,#516,#517,
    #518,#519,#520,#521,#522,#523,#524,#525),.UNSPECIFIED.,.F.,.F.,(6,4,
    4,6),(0.,0.225143665681,0.648979125613,1.),.UNSPECIFIED.);
#512 = CARTESIAN_POINT('',(29.042165605096,1.240434486164,3.408065741049
    ));
#513 = CARTESIAN_POINT('',(29.108789497652,1.240434486164,3.408065741049
    ));
#514 = CARTESIAN_POINT('',(29.175050865057,1.241222518928,3.410230843272
    ));
#515 = CARTESIAN_POINT('',(29.240847300095,1.242841478952,3.414678899383
    ));
#516 = CARTESIAN_POINT('',(29.306056449369,1.245332591386,3.421523174545
    ));
#517 = CARTESIAN_POINT('',(29.491932838744,1.255120506665,3.448415250756
    ));
#518 = CARTESIAN_POINT('',(29.610789602352,1.264720055834,3.474789795336
    ));
#519 = CARTESIAN_POINT('',(29.726109192517,1.277741019068,3.510564597801
    ));
#520 = CARTESIAN_POINT('',(29.836871815716,1.294276772128,3.555996205946
    ));
#521 = CARTESIAN_POINT('',(30.029445464485,1.330626100672,3.655865165335
    ));
#522 = CARTESIAN_POINT('',(30.112986184728,1.349393170068,3.707427264728
    ));
#523 = CARTESIAN_POINT('',(30.192341217665,1.370369676971,3.765059743783
    ));
#524 = CARTESIAN_POINT('',(30.267273238227,1.393378061375,3.828274760391
    ));
#525 = CARTESIAN_POINT('',(30.337707006369,1.418197821804,3.896466491725
    ));
#526 = ORIENTED_EDGE('',*,*,#527,.F.);
#527 = EDGE_CURVE('',#528,#509,#530,.T.);
#528 = VERTEX_POINT('',#529);
#529 = CARTESIAN_POINT('',(27.647261146497,1.466647044654,4.029579637498
    ));
#530 = B_SPLINE_CURVE_WITH_KNOTS('',5,(#531,#532,#533,#534,#535,#536,
    #537,#538,#539,#540,#541,#542,#543,#544,#545,#546,#547,#548),
  .UNSPECIFIED.,.F.,.F.,(6,4,4,4,6),(0.,0.17420371968,0.515759858413,
    0.839123881488,1.),.UNSPECIFIED.);
#531 = CARTESIAN_POINT('',(27.647261146497,1.466647044654,4.029579637498
    ));
#532 = CARTESIAN_POINT('',(27.683425390895,1.451677504078,3.988451162785
    ));
#533 = CARTESIAN_POINT('',(27.720829318467,1.437155989783,3.948553630164
    ));
#534 = CARTESIAN_POINT('',(27.759491436183,1.423118738144,3.909986598253
    ));
#535 = CARTESIAN_POINT('',(27.799418900802,1.409603814882,3.872854651766
    ));
#536 = CARTESIAN_POINT('',(27.921342414714,1.371246080713,3.767467643274
    ));
#537 = CARTESIAN_POINT('',(28.006920597582,1.347988433634,3.703567783097
    ));
#538 = CARTESIAN_POINT('',(28.097209608464,1.32716657506,3.646360196831)
  );
#539 = CARTESIAN_POINT('',(28.191872938787,1.309017187021,3.596495163018
    ));
#540 = CARTESIAN_POINT('',(28.383342805652,1.279092225887,3.514277008024
    ));
#541 = CARTESIAN_POINT('',(28.479793116791,1.267024506279,3.481121220897
    ));
#542 = CARTESIAN_POINT('',(28.579005396752,1.257533567644,3.455045081309
    ));
#543 = CARTESIAN_POINT('',(28.680351313204,1.250570870775,3.435915228882
    ));
#544 = CARTESIAN_POINT('',(28.834379111433,1.24374152957,3.417151768132)
  );
#545 = CARTESIAN_POINT('',(28.885928937037,1.242067052124,3.412551179159
    ));
#546 = CARTESIAN_POINT('',(28.937785271316,1.240971396746,3.409540890747
    ));
#547 = CARTESIAN_POINT('',(28.989883146817,1.240434486164,3.408065741049
    ));
#548 = CARTESIAN_POINT('',(29.042165605096,1.240434486164,3.408065741049
    ));
#549 = ORIENTED_EDGE('',*,*,#550,.F.);
#550 = EDGE_CURVE('',#551,#528,#553,.T.);
#551 = VERTEX_POINT('',#552);
#552 = CARTESIAN_POINT('',(27.10076433121,2.208198998718,6.066976886641)
  );
#553 = B_SPLINE_CURVE_WITH_KNOTS('',6,(#554,#555,#556,#557,#558,#559,
    #560,#561,#562,#563,#564,#565,#566,#567,#568,#569,#570),
  .UNSPECIFIED.,.F.,.F.,(7,5,5,7),(0.,0.356309431948,0.65985680493,1.),
  .UNSPECIFIED.);
#554 = CARTESIAN_POINT('',(27.10076433121,2.208198998718,6.066976886641)
  );
#555 = CARTESIAN_POINT('',(27.10076433121,2.16014883193,5.934960138389)
  );
#556 = CARTESIAN_POINT('',(27.103615020269,2.112252433438,5.803365865059
    ));
#557 = CARTESIAN_POINT('',(27.109617368818,2.064545009064,5.672290793851
    ));
#558 = CARTESIAN_POINT('',(27.119137082937,2.017087634604,5.541902729135
    ));
#559 = CARTESIAN_POINT('',(27.132613649953,1.969967885807,5.412442283306
    ));
#560 = CARTESIAN_POINT('',(27.16593595652,1.883549196346,5.175008885393)
  );
#561 = CARTESIAN_POINT('',(27.184539875188,1.844133528991,5.066715229363
    ));
#562 = CARTESIAN_POINT('',(27.206764683646,1.805124475078,4.959538734581
    ));
#563 = CARTESIAN_POINT('',(27.233013085123,1.766630805291,4.853778246049
    ));
#564 = CARTESIAN_POINT('',(27.263744585182,1.7288021117,4.749844764603)
  );
#565 = CARTESIAN_POINT('',(27.339514134101,1.650397983931,4.534431193964
    ));
#566 = CARTESIAN_POINT('',(27.385821566504,1.610049506466,4.423574663218
    ));
#567 = CARTESIAN_POINT('',(27.439118483782,1.571054246062,4.316436065793
    ));
#568 = CARTESIAN_POINT('',(27.500126790162,1.5338143431,4.214120273302)
  );
#569 = CARTESIAN_POINT('',(27.569480898506,1.49884278378,4.118036703748)
  );
#570 = CARTESIAN_POINT('',(27.647261146497,1.466647044654,4.029579637498
    ));
#571 = ORIENTED_EDGE('',*,*,#572,.F.);
#572 = EDGE_CURVE('',#573,#551,#575,.T.);
#573 = VERTEX_POINT('',#574);
#574 = CARTESIAN_POINT('',(27.670191082803,2.970054314157,8.1601571627)
  );
#575 = B_SPLINE_CURVE_WITH_KNOTS('',6,(#576,#577,#578,#579,#580,#581,
    #582,#583,#584,#585,#586,#587,#588,#589,#590,#591,#592),
  .UNSPECIFIED.,.F.,.F.,(7,5,5,7),(0.,0.34523454026,0.647254077255,1.),
  .UNSPECIFIED.);
#576 = CARTESIAN_POINT('',(27.670191082803,2.970054314157,8.1601571627)
  );
#577 = CARTESIAN_POINT('',(27.588168241156,2.936440364832,8.067803595951
    ));
#578 = CARTESIAN_POINT('',(27.515069331296,2.899903802174,7.967420215065
    ));
#579 = CARTESIAN_POINT('',(27.450849279824,2.860980241039,7.86047860976)
  );
#580 = CARTESIAN_POINT('',(27.394842391748,2.820215640765,7.748478790995
    ));
#581 = CARTESIAN_POINT('',(27.346280646661,2.778038836128,7.632598972631
    ));
#582 = CARTESIAN_POINT('',(27.267749825786,2.696858904991,7.409558944919
    ));
#583 = CARTESIAN_POINT('',(27.236220487035,2.658125219186,7.303139017798
    ));
#584 = CARTESIAN_POINT('',(27.209285597124,2.618728285273,7.194896831474
    ));
#585 = CARTESIAN_POINT('',(27.186479387831,2.57881816471,7.085244676421)
  );
#586 = CARTESIAN_POINT('',(27.16739208222,2.53850418366,6.974482923797)
  );
#587 = CARTESIAN_POINT('',(27.133310861275,2.450377763905,6.732357575462
    ));
#588 = CARTESIAN_POINT('',(27.119546512111,2.402454267161,6.600688850297
    ));
#589 = CARTESIAN_POINT('',(27.109819117228,2.354200668056,6.46811317635)
  );
#590 = CARTESIAN_POINT('',(27.103679988958,2.305704259873,6.334870389941
    ));
#591 = CARTESIAN_POINT('',(27.10076433121,2.257025270851,6.2011259668));
#592 = CARTESIAN_POINT('',(27.10076433121,2.208198998718,6.066976886641)
  );
#593 = ORIENTED_EDGE('',*,*,#594,.F.);
#594 = EDGE_CURVE('',#595,#573,#597,.T.);
#595 = VERTEX_POINT('',#596);
#596 = CARTESIAN_POINT('',(29.149171974522,3.203499400519,8.801542266161
    ));
#597 = B_SPLINE_CURVE_WITH_KNOTS('',5,(#598,#599,#600,#601,#602,#603,
    #604,#605,#606,#607,#608,#609,#610,#611,#612,#613,#614,#615),
  .UNSPECIFIED.,.F.,.F.,(6,4,4,4,6),(0.,0.182073942453,0.533572658247,
    0.845726987787,1.),.UNSPECIFIED.);
#598 = CARTESIAN_POINT('',(29.149171974522,3.203499400519,8.801542266161
    ));
#599 = CARTESIAN_POINT('',(29.0866007785,3.203499400519,8.801542266161)
  );
#600 = CARTESIAN_POINT('',(29.024262873757,3.202808904902,8.799645145047
    ));
#601 = CARTESIAN_POINT('',(28.962240589629,3.201393847897,8.795757307877
    ));
#602 = CARTESIAN_POINT('',(28.900631287752,3.199222010805,8.78979023451)
  );
#603 = CARTESIAN_POINT('',(28.721615384259,3.1905658038,8.766007501224)
  );
#604 = CARTESIAN_POINT('',(28.605606305092,3.18194768867,8.742329424506)
  );
#605 = CARTESIAN_POINT('',(28.492374894257,3.17023372617,8.710145577045)
  );
#606 = CARTESIAN_POINT('',(28.382800260109,3.155348455873,8.669248633021
    ));
#607 = CARTESIAN_POINT('',(28.184308410945,3.121515021567,8.576292036243
    ));
#608 = CARTESIAN_POINT('',(28.094425360754,3.103203644487,8.525981941198
    ));
#609 = CARTESIAN_POINT('',(28.008569791664,3.082586708697,8.469337375656
    ));
#610 = CARTESIAN_POINT('',(27.927027186079,3.059851698849,8.406873449468
    ));
#611 = CARTESIAN_POINT('',(27.811801910745,3.023064368122,8.305801088972
    ));
#612 = CARTESIAN_POINT('',(27.774769681902,3.010435420703,8.271103341108
    ));
#613 = CARTESIAN_POINT('',(27.738826362006,2.997372418974,8.235213038828
    ));
#614 = CARTESIAN_POINT('',(27.70397084624,2.983902837731,8.198205668512)
  );
#615 = CARTESIAN_POINT('',(27.670191082803,2.970054314157,8.1601571627)
  );
#616 = ORIENTED_EDGE('',*,*,#617,.F.);
#617 = EDGE_CURVE('',#618,#595,#620,.T.);
#618 = VERTEX_POINT('',#619);
#619 = CARTESIAN_POINT('',(30.205732484076,3.080546426701,8.463731746944
    ));
#620 = B_SPLINE_CURVE_WITH_KNOTS('',6,(#621,#622,#623,#624,#625,#626,
    #627,#628,#629,#630,#631,#632),.UNSPECIFIED.,.F.,.F.,(7,5,7),(0.,
    0.205075326209,1.),.UNSPECIFIED.);
#621 = CARTESIAN_POINT('',(30.205732484076,3.080546426701,8.463731746944
    ));
#622 = CARTESIAN_POINT('',(30.176586556535,3.089112532352,8.487266928792
    ));
#623 = CARTESIAN_POINT('',(30.14671824511,3.097344706273,8.509884640753)
  );
#624 = CARTESIAN_POINT('',(30.116140313675,3.105233322783,8.531558436484
    ));
#625 = CARTESIAN_POINT('',(30.084869206454,3.112770281435,8.552266060191
    ));
#626 = CARTESIAN_POINT('',(30.052925048023,3.119949007018,8.571989446633
    ));
#627 = CARTESIAN_POINT('',(29.893991229346,3.153182856584,8.663298697876
    ));
#628 = CARTESIAN_POINT('',(29.757836107461,3.174155819589,8.720921440151
    ));
#629 = CARTESIAN_POINT('',(29.613431690738,3.18934268808,8.762647018402)
  );
#630 = CARTESIAN_POINT('',(29.462666638441,3.19896585927,8.789086463949)
  );
#631 = CARTESIAN_POINT('',(29.307383948065,3.203499400519,8.801542266161
    ));
#632 = CARTESIAN_POINT('',(29.149171974522,3.203499400519,8.801542266161
    ));
#633 = ORIENTED_EDGE('',*,*,#634,.F.);
#634 = EDGE_CURVE('',#352,#618,#635,.T.);
#635 = B_SPLINE_CURVE_WITH_KNOTS('',6,(#636,#637,#638,#639,#640,#641,
    #642,#643,#644,#645,#646,#647),.UNSPECIFIED.,.F.,.F.,(7,5,7),(0.,
    0.492388443474,1.),.UNSPECIFIED.);
#636 = CARTESIAN_POINT('',(30.73898089172,2.723625533182,7.483099651469)
  );
#637 = CARTESIAN_POINT('',(30.721815870947,2.758667583793,7.579376894253
    ));
#638 = CARTESIAN_POINT('',(30.700167352802,2.79302202903,7.673764956799)
  );
#639 = CARTESIAN_POINT('',(30.673682390067,2.826558133902,7.765904647672
    ));
#640 = CARTESIAN_POINT('',(30.642010215384,2.859113324866,7.855349299732
    ));
#641 = CARTESIAN_POINT('',(30.604841043837,2.890500723869,7.941585469746
    ));
#642 = CARTESIAN_POINT('',(30.517840411886,2.951483988689,8.109135612805
    ));
#643 = CARTESIAN_POINT('',(30.467642232198,2.981002010444,8.190235711043
    ));
#644 = CARTESIAN_POINT('',(30.411241212252,3.008852191234,8.266753453893
    ));
#645 = CARTESIAN_POINT('',(30.348616680197,3.03482677128,8.338118026049)
  );
#646 = CARTESIAN_POINT('',(30.279958731955,3.058759762409,8.403873378755
    ));
#647 = CARTESIAN_POINT('',(30.205732484076,3.080546426701,8.463731746944
    ));
#648 = FACE_BOUND('',#649,.T.);
#649 = EDGE_LOOP('',(#650,#660,#668,#683,#691,#703,#722,#730));
#650 = ORIENTED_EDGE('',*,*,#651,.F.);
#651 = EDGE_CURVE('',#652,#654,#656,.T.);
#652 = VERTEX_POINT('',#653);
#653 = CARTESIAN_POINT('',(24.42101910828,1.273895819932,3.5));
#654 = VERTEX_POINT('',#655);
#655 = CARTESIAN_POINT('',(25.494904458599,1.273895819932,3.5));
#656 = LINE('',#657,#658);
#657 = CARTESIAN_POINT('',(12.247452229299,1.273895819932,3.5));
#658 = VECTOR('',#659,1.);
#659 = DIRECTION('',(1.,0.,0.));
#660 = ORIENTED_EDGE('',*,*,#661,.F.);
#661 = EDGE_CURVE('',#662,#652,#664,.T.);
#662 = VERTEX_POINT('',#663);
#663 = CARTESIAN_POINT('',(24.42101910828,2.663238282399,7.317187043519)
  );
#664 = LINE('',#665,#666);
#665 = CARTESIAN_POINT('',(24.42101910828,0.636947909966,1.75));
#666 = VECTOR('',#667,1.);
#667 = DIRECTION('',(-0.,-0.342020143326,-0.939692620786));
#668 = ORIENTED_EDGE('',*,*,#669,.F.);
#669 = EDGE_CURVE('',#670,#662,#672,.T.);
#670 = VERTEX_POINT('',#671);
#671 = CARTESIAN_POINT('',(23.033757961783,2.383696723217,6.549152921867
    ));
#672 = B_SPLINE_CURVE_WITH_KNOTS('',5,(#673,#674,#675,#676,#677,#678,
    #679,#680,#681,#682),.UNSPECIFIED.,.F.,.F.,(6,4,6),(0.,
    0.724057549441,1.),.UNSPECIFIED.);
#673 = CARTESIAN_POINT('',(23.033757961783,2.383696723217,6.549152921867
    ));
#674 = CARTESIAN_POINT('',(23.259032536044,2.409232076143,6.619310727428
    ));
#675 = CARTESIAN_POINT('',(23.477702292435,2.440098888708,6.704116597962
    ));
#676 = CARTESIAN_POINT('',(23.688047853287,2.476516992288,6.804174515207
    ));
#677 = CARTESIAN_POINT('',(23.888427565524,2.518514045045,6.919560469341
    ));
#678 = CARTESIAN_POINT('',(24.149624562299,2.583768239909,7.098844896254
    ));
#679 = CARTESIAN_POINT('',(24.220069358725,2.602538453325,7.150415633773
    ));
#680 = CARTESIAN_POINT('',(24.288816515135,2.62205554452,7.204038401124)
  );
#681 = CARTESIAN_POINT('',(24.355812852189,2.642297711285,7.259653297232
    ));
#682 = CARTESIAN_POINT('',(24.42101910828,2.663238282399,7.317187043519)
  );
#683 = ORIENTED_EDGE('',*,*,#684,.F.);
#684 = EDGE_CURVE('',#685,#670,#687,.T.);
#685 = VERTEX_POINT('',#686);
#686 = CARTESIAN_POINT('',(23.033757961783,2.718310060891,7.468495511375
    ));
#687 = LINE('',#688,#689);
#688 = CARTESIAN_POINT('',(23.033757961783,1.191848361609,3.274576460934
    ));
#689 = VECTOR('',#690,1.);
#690 = DIRECTION('',(-0.,-0.342020143326,-0.939692620786));
#691 = ORIENTED_EDGE('',*,*,#692,.F.);
#692 = EDGE_CURVE('',#693,#685,#695,.T.);
#693 = VERTEX_POINT('',#694);
#694 = CARTESIAN_POINT('',(23.947133757962,2.896770507651,7.958811559113
    ));
#695 = B_SPLINE_CURVE_WITH_KNOTS('',6,(#696,#697,#698,#699,#700,#701,
    #702),.UNSPECIFIED.,.F.,.F.,(7,7),(0.,1.),.PIECEWISE_BEZIER_KNOTS.);
#696 = CARTESIAN_POINT('',(23.947133757962,2.896770507651,7.958811559113
    ));
#697 = CARTESIAN_POINT('',(23.797566528975,2.856903971381,7.849279150918
    ));
#698 = CARTESIAN_POINT('',(23.646504488202,2.820228173284,7.748513223807
    ));
#699 = CARTESIAN_POINT('',(23.494008141924,2.787256522549,7.657924357932
    ));
#700 = CARTESIAN_POINT('',(23.340483790239,2.75869595565,7.579454845289)
  );
#701 = CARTESIAN_POINT('',(23.186689599678,2.735428290215,7.515527459903
    ));
#702 = CARTESIAN_POINT('',(23.033757961783,2.718310060891,7.468495511375
    ));
#703 = ORIENTED_EDGE('',*,*,#704,.F.);
#704 = EDGE_CURVE('',#705,#693,#707,.T.);
#705 = VERTEX_POINT('',#706);
#706 = CARTESIAN_POINT('',(24.623566878981,3.203499400519,8.801542266161
    ));
#707 = B_SPLINE_CURVE_WITH_KNOTS('',5,(#708,#709,#710,#711,#712,#713,
    #714,#715,#716,#717,#718,#719,#720,#721),.UNSPECIFIED.,.F.,.F.,(6,4,
    4,6),(0.,7.602305458108E-02,0.52948728546,1.),.UNSPECIFIED.);
#708 = CARTESIAN_POINT('',(24.623566878981,3.203499400519,8.801542266161
    ));
#709 = CARTESIAN_POINT('',(24.617845949501,3.198034303789,8.786527036301
    ));
#710 = CARTESIAN_POINT('',(24.611935058284,3.192594092569,8.771580178816
    ));
#711 = CARTESIAN_POINT('',(24.605834563332,3.187179366928,8.756703342387
    ));
#712 = CARTESIAN_POINT('',(24.599544982016,3.181790707066,8.741898121094
    ));
#713 = CARTESIAN_POINT('',(24.554426907592,3.144445079278,8.639291852031
    ));
#714 = CARTESIAN_POINT('',(24.509080915273,3.11340676027,8.55401477142)
  );
#715 = CARTESIAN_POINT('',(24.457178367567,3.083439125643,8.471679371968
    ));
#716 = CARTESIAN_POINT('',(24.399059671972,3.054621608759,8.392503895043
    ));
#717 = CARTESIAN_POINT('',(24.268911420655,2.998339636559,8.237870447301
    ));
#718 = CARTESIAN_POINT('',(24.196435154142,2.970964399538,8.162657601734
    ));
#719 = CARTESIAN_POINT('',(24.118261736256,2.944920801976,8.091103405511
    ));
#720 = CARTESIAN_POINT('',(24.03497855907,2.920200708902,8.023185507984)
  );
#721 = CARTESIAN_POINT('',(23.947133757962,2.896770507651,7.958811559113
    ));
#722 = ORIENTED_EDGE('',*,*,#723,.F.);
#723 = EDGE_CURVE('',#724,#705,#726,.T.);
#724 = VERTEX_POINT('',#725);
#725 = CARTESIAN_POINT('',(25.494904458599,3.203499400519,8.801542266161
    ));
#726 = LINE('',#727,#728);
#727 = CARTESIAN_POINT('',(11.81178343949,3.203499400519,8.801542266161)
  );
#728 = VECTOR('',#729,1.);
#729 = DIRECTION('',(-1.,0.,0.));
#730 = ORIENTED_EDGE('',*,*,#731,.F.);
#731 = EDGE_CURVE('',#654,#724,#732,.T.);
#732 = LINE('',#733,#734);
#733 = CARTESIAN_POINT('',(25.494904458599,1.601749700259,4.400771133081
    ));
#734 = VECTOR('',#735,1.);
#735 = DIRECTION('',(0.,0.342020143326,0.939692620786));
#736 = FACE_BOUND('',#737,.T.);
#737 = EDGE_LOOP('',(#738,#748,#756,#764));
#738 = ORIENTED_EDGE('',*,*,#739,.F.);
#739 = EDGE_CURVE('',#740,#742,#744,.T.);
#740 = VERTEX_POINT('',#741);
#741 = CARTESIAN_POINT('',(21.62178343949,3.220230067402,8.847509395637)
  );
#742 = VERTEX_POINT('',#743);
#743 = CARTESIAN_POINT('',(20.234522292994,1.240434486164,3.408065741049
    ));
#744 = LINE('',#745,#746);
#745 = CARTESIAN_POINT('',(19.246851614063,-0.169095399973,
    -0.464585793159));
#746 = VECTOR('',#747,1.);
#747 = DIRECTION('',(-0.233057266823,-0.332601938861,-0.913816316689));
#748 = ORIENTED_EDGE('',*,*,#749,.F.);
#749 = EDGE_CURVE('',#750,#740,#752,.T.);
#750 = VERTEX_POINT('',#751);
#751 = CARTESIAN_POINT('',(22.428152866242,3.220230067402,8.847509395637
    ));
#752 = LINE('',#753,#754);
#753 = CARTESIAN_POINT('',(10.310891719745,3.220230067402,8.847509395637
    ));
#754 = VECTOR('',#755,1.);
#755 = DIRECTION('',(-1.,0.,0.));
#756 = ORIENTED_EDGE('',*,*,#757,.F.);
#757 = EDGE_CURVE('',#758,#750,#760,.T.);
#758 = VERTEX_POINT('',#759);
#759 = CARTESIAN_POINT('',(21.025605095541,1.240434486164,3.408065741049
    ));
#760 = LINE('',#761,#762);
#761 = CARTESIAN_POINT('',(20.701174594191,0.782477840117,2.149840196945
    ));
#762 = VECTOR('',#763,1.);
#763 = DIRECTION('',(0.235483715343,0.332401953666,0.913266861879));
#764 = ORIENTED_EDGE('',*,*,#765,.F.);
#765 = EDGE_CURVE('',#742,#758,#766,.T.);
#766 = LINE('',#767,#768);
#767 = CARTESIAN_POINT('',(10.012802547771,1.240434486164,3.408065741049
    ));
#768 = VECTOR('',#769,1.);
#769 = DIRECTION('',(1.,0.,0.));
#770 = FACE_BOUND('',#771,.T.);
#771 = EDGE_LOOP('',(#772,#782,#797,#812,#827,#844,#861,#876,#893,#901,
    #909,#917,#925,#933,#941,#956,#979,#1002,#1017,#1040,#1062));
#772 = ORIENTED_EDGE('',*,*,#773,.F.);
#773 = EDGE_CURVE('',#774,#776,#778,.T.);
#774 = VERTEX_POINT('',#775);
#775 = CARTESIAN_POINT('',(17.310191082803,1.803700271249,4.955625766721
    ));
#776 = VERTEX_POINT('',#777);
#777 = CARTESIAN_POINT('',(16.240127388535,1.766056270761,4.852199725401
    ));
#778 = LINE('',#779,#780);
#779 = CARTESIAN_POINT('',(7.447529065094,1.4567395662,4.002359064159));
#780 = VECTOR('',#781,1.);
#781 = DIRECTION('',(-0.994751810339,-3.499458755099E-02,
    -9.614683909947E-02));
#782 = ORIENTED_EDGE('',*,*,#783,.F.);
#783 = EDGE_CURVE('',#784,#774,#786,.T.);
#784 = VERTEX_POINT('',#785);
#785 = CARTESIAN_POINT('',(17.58152866242,1.608073463156,4.418145528844)
  );
#786 = B_SPLINE_CURVE_WITH_KNOTS('',5,(#787,#788,#789,#790,#791,#792,
    #793,#794,#795,#796),.UNSPECIFIED.,.F.,.F.,(6,4,6),(0.,
    0.159640972083,1.),.UNSPECIFIED.);
#787 = CARTESIAN_POINT('',(17.58152866242,1.608073463156,4.418145528844)
  );
#788 = CARTESIAN_POINT('',(17.56693789349,1.612742388508,4.430973295824)
  );
#789 = CARTESIAN_POINT('',(17.552802088226,1.617550476655,4.444183409437
    ));
#790 = CARTESIAN_POINT('',(17.53912819975,1.622496689371,4.457773017187)
  );
#791 = CARTESIAN_POINT('',(17.525921939213,1.627579592445,4.471738178608
    ));
#792 = CARTESIAN_POINT('',(17.446154425581,1.66026395386,4.561537723566)
  );
#793 = CARTESIAN_POINT('',(17.392183688895,1.691475812226,4.647291599643
    ));
#794 = CARTESIAN_POINT('',(17.352007305023,1.726140828948,4.742532950333
    ));
#795 = CARTESIAN_POINT('',(17.325034749355,1.76373431399,4.845820201605)
  );
#796 = CARTESIAN_POINT('',(17.310191082803,1.803700271249,4.955625766721
    ));
#797 = ORIENTED_EDGE('',*,*,#798,.F.);
#798 = EDGE_CURVE('',#799,#784,#801,.T.);
#799 = VERTEX_POINT('',#800);
#800 = CARTESIAN_POINT('',(18.10127388535,1.53600960111,4.220151695114)
  );
#801 = B_SPLINE_CURVE_WITH_KNOTS('',5,(#802,#803,#804,#805,#806,#807,
    #808,#809,#810,#811),.UNSPECIFIED.,.F.,.F.,(6,4,6),(0.,
    0.410959299658,1.),.UNSPECIFIED.);
#802 = CARTESIAN_POINT('',(18.10127388535,1.53600960111,4.220151695114)
  );
#803 = CARTESIAN_POINT('',(18.053181445965,1.53600960111,4.220151695114)
  );
#804 = CARTESIAN_POINT('',(18.005940702122,1.537212601059,4.223456910309
    ));
#805 = CARTESIAN_POINT('',(17.959671284802,1.539648298566,4.230148934213
    ));
#806 = CARTESIAN_POINT('',(17.914483436653,1.54332842413,4.240259996099)
  );
#807 = CARTESIAN_POINT('',(17.807394177119,1.555284803224,4.273109877679
    ));
#808 = CARTESIAN_POINT('',(17.746727938702,1.564862499193,4.299424381083
    ));
#809 = CARTESIAN_POINT('',(17.688770255886,1.576943207203,4.332615853554
    ));
#810 = CARTESIAN_POINT('',(17.633681366001,1.591405184566,4.372349809798
    ));
#811 = CARTESIAN_POINT('',(17.58152866242,1.608073463156,4.418145528844)
  );
#812 = ORIENTED_EDGE('',*,*,#813,.F.);
#813 = EDGE_CURVE('',#814,#799,#816,.T.);
#814 = VERTEX_POINT('',#815);
#815 = CARTESIAN_POINT('',(18.670700636943,1.62977104677,4.477759149883)
  );
#816 = B_SPLINE_CURVE_WITH_KNOTS('',5,(#817,#818,#819,#820,#821,#822,
    #823,#824,#825,#826),.UNSPECIFIED.,.F.,.F.,(6,4,6),(0.,
    0.597819618573,1.),.UNSPECIFIED.);
#817 = CARTESIAN_POINT('',(18.670700636943,1.62977104677,4.477759149883)
  );
#818 = CARTESIAN_POINT('',(18.616639226735,1.60802750775,4.418019267404)
  );
#819 = CARTESIAN_POINT('',(18.558039675303,1.589005241293,4.365756019847
    ));
#820 = CARTESIAN_POINT('',(18.494895407138,1.573060785737,4.321948988241
    ));
#821 = CARTESIAN_POINT('',(18.42740907407,1.560472603377,4.287363241455)
  );
#822 = CARTESIAN_POINT('',(18.308240095941,1.545150867744,4.245267118776
    ));
#823 = CARTESIAN_POINT('',(18.258603971752,1.540539277205,4.232596877905
    ));
#824 = CARTESIAN_POINT('',(18.2074293341,1.537500424613,4.224247699027)
  );
#825 = CARTESIAN_POINT('',(18.154914752058,1.53600960111,4.220151695114)
  );
#826 = CARTESIAN_POINT('',(18.10127388535,1.53600960111,4.220151695114)
  );
#827 = ORIENTED_EDGE('',*,*,#828,.F.);
#828 = EDGE_CURVE('',#829,#814,#831,.T.);
#829 = VERTEX_POINT('',#830);
#830 = CARTESIAN_POINT('',(18.903821656051,1.912449605993,5.254412108311
    ));
#831 = B_SPLINE_CURVE_WITH_KNOTS('',6,(#832,#833,#834,#835,#836,#837,
    #838,#839,#840,#841,#842,#843),.UNSPECIFIED.,.F.,.F.,(7,5,7),(0.,
    0.524618463319,1.),.UNSPECIFIED.);
#832 = CARTESIAN_POINT('',(18.903821656051,1.912449605993,5.254412108311
    ));
#833 = CARTESIAN_POINT('',(18.903821656051,1.88290867377,5.173249064078)
  );
#834 = CARTESIAN_POINT('',(18.900401608403,1.853998107812,5.093817936925
    ));
#835 = CARTESIAN_POINT('',(18.893228768765,1.825826621137,5.016417413414
    ));
#836 = CARTESIAN_POINT('',(18.881936626831,1.798538101651,4.941442822314
    ));
#837 = CARTESIAN_POINT('',(18.866146576635,1.772306892508,4.86937316751)
  );
#838 = CARTESIAN_POINT('',(18.826870079901,1.724680884564,4.738521786105
    ));
#839 = CARTESIAN_POINT('',(18.804243690425,1.703062171564,4.679124860299
    ));
#840 = CARTESIAN_POINT('',(18.77743513695,1.682613896006,4.622943684938)
  );
#841 = CARTESIAN_POINT('',(18.746263072505,1.66349190721,4.570406452504)
  );
#842 = CARTESIAN_POINT('',(18.710653377293,1.645840068379,4.521908423904
    ));
#843 = CARTESIAN_POINT('',(18.670700636943,1.62977104677,4.477759149883)
  );
#844 = ORIENTED_EDGE('',*,*,#845,.F.);
#845 = EDGE_CURVE('',#846,#829,#848,.T.);
#846 = VERTEX_POINT('',#847);
#847 = CARTESIAN_POINT('',(18.672484076433,2.178048942772,5.984140288732
    ));
#848 = B_SPLINE_CURVE_WITH_KNOTS('',6,(#849,#850,#851,#852,#853,#854,
    #855,#856,#857,#858,#859,#860),.UNSPECIFIED.,.F.,.F.,(7,5,7),(0.,
    0.480282395882,1.),.UNSPECIFIED.);
#849 = CARTESIAN_POINT('',(18.672484076433,2.178048942772,5.984140288732
    ));
#850 = CARTESIAN_POINT('',(18.712061208437,2.162902736624,5.942526429351
    ));
#851 = CARTESIAN_POINT('',(18.747431652434,2.146256825288,5.896792163828
    ));
#852 = CARTESIAN_POINT('',(18.778473382771,2.128201075839,5.847184399925
    ));
#853 = CARTESIAN_POINT('',(18.805220645461,2.108856667602,5.794036075102
    ));
#854 = CARTESIAN_POINT('',(18.827813774962,2.088360733206,5.737723958161
    ));
#855 = CARTESIAN_POINT('',(18.86661435594,2.043575136754,5.61467654319)
  );
#856 = CARTESIAN_POINT('',(18.882147323736,2.019110054247,5.547459281438
    ));
#857 = CARTESIAN_POINT('',(18.893305619803,1.993620208996,5.477426507185
    ));
#858 = CARTESIAN_POINT('',(18.900419621254,1.967262504661,5.405009309696
    ));
#859 = CARTESIAN_POINT('',(18.903821656051,1.940170603285,5.330574922415
    ));
#860 = CARTESIAN_POINT('',(18.903821656051,1.912449605993,5.254412108311
    ));
#861 = ORIENTED_EDGE('',*,*,#862,.F.);
#862 = EDGE_CURVE('',#863,#846,#865,.T.);
#863 = VERTEX_POINT('',#864);
#864 = CARTESIAN_POINT('',(18.070700636943,2.266582055031,6.22738301554)
  );
#865 = B_SPLINE_CURVE_WITH_KNOTS('',5,(#866,#867,#868,#869,#870,#871,
    #872,#873,#874,#875),.UNSPECIFIED.,.F.,.F.,(6,4,6),(0.,
    0.599854428325,1.),.UNSPECIFIED.);
#866 = CARTESIAN_POINT('',(18.070700636943,2.266582055031,6.22738301554)
  );
#867 = CARTESIAN_POINT('',(18.156965081074,2.266582055031,6.22738301554)
  );
#868 = CARTESIAN_POINT('',(18.240203463355,2.263585568455,6.219150236335
    ));
#869 = CARTESIAN_POINT('',(18.319619584879,2.257356928017,6.202037187375
    ));
#870 = CARTESIAN_POINT('',(18.394449887281,2.247766896937,6.175688793533
    ));
#871 = CARTESIAN_POINT('',(18.510612762979,2.226353973441,6.116857269743
    ));
#872 = CARTESIAN_POINT('',(18.554812084895,2.216335865542,6.089332744503
    ));
#873 = CARTESIAN_POINT('',(18.596566609771,2.204897311138,6.057905574569
    ));
#874 = CARTESIAN_POINT('',(18.635796877264,2.192104648721,6.022758023442
    ));
#875 = CARTESIAN_POINT('',(18.672484076433,2.178048942772,5.984140288732
    ));
#876 = ORIENTED_EDGE('',*,*,#877,.F.);
#877 = EDGE_CURVE('',#878,#863,#880,.T.);
#878 = VERTEX_POINT('',#879);
#879 = CARTESIAN_POINT('',(17.241401273885,2.127159831,5.844323603245));
#880 = B_SPLINE_CURVE_WITH_KNOTS('',6,(#881,#882,#883,#884,#885,#886,
    #887,#888,#889,#890,#891,#892),.UNSPECIFIED.,.F.,.F.,(7,5,7),(0.,
    0.753674409145,1.),.UNSPECIFIED.);
#881 = CARTESIAN_POINT('',(17.241401273885,2.127159831,5.844323603245));
#882 = CARTESIAN_POINT('',(17.327201363685,2.159765785457,5.933907726853
    ));
#883 = CARTESIAN_POINT('',(17.419096059857,2.188921072821,6.014011220544
    ));
#884 = CARTESIAN_POINT('',(17.517174695375,2.213914093761,6.082678981221
    ));
#885 = CARTESIAN_POINT('',(17.621233254782,2.234019442506,6.137917972908
    ));
#886 = CARTESIAN_POINT('',(17.730588675153,2.248661377821,6.178146359562
    ));
#887 = CARTESIAN_POINT('',(17.880679150499,2.260691517342,6.21119889625)
  );
#888 = CARTESIAN_POINT('',(17.918058697561,2.263059816094,6.217705743594
    ));
#889 = CARTESIAN_POINT('',(17.955799390455,2.264829246095,6.222567212566
    ));
#890 = CARTESIAN_POINT('',(17.993852845632,2.266001258238,6.225787289466
    ));
#891 = CARTESIAN_POINT('',(18.032169849703,2.266582055031,6.22738301554)
  );
#892 = CARTESIAN_POINT('',(18.070700636943,2.266582055031,6.22738301554)
  );
#893 = ORIENTED_EDGE('',*,*,#894,.F.);
#894 = EDGE_CURVE('',#895,#878,#897,.T.);
#895 = VERTEX_POINT('',#896);
#896 = CARTESIAN_POINT('',(16.370063694268,2.17011930378,5.962353784658)
  );
#897 = LINE('',#898,#899);
#898 = CARTESIAN_POINT('',(8.745513167139,2.546031784187,6.995164836268)
  );
#899 = VECTOR('',#900,1.);
#900 = DIRECTION('',(0.989769265001,-4.879849875915E-02,-0.134072773444)
  );
#901 = ORIENTED_EDGE('',*,*,#902,.F.);
#902 = EDGE_CURVE('',#903,#895,#905,.T.);
#903 = VERTEX_POINT('',#904);
#904 = CARTESIAN_POINT('',(16.920382165605,3.170038066751,8.709608007211
    ));
#905 = LINE('',#906,#907);
#906 = CARTESIAN_POINT('',(15.496120220939,0.582179733746,1.599525672532
    ));
#907 = VECTOR('',#908,1.);
#908 = DIRECTION('',(-0.184986551027,-0.336117235571,-0.92347451502));
#909 = ORIENTED_EDGE('',*,*,#910,.F.);
#910 = EDGE_CURVE('',#911,#903,#913,.T.);
#911 = VERTEX_POINT('',#912);
#912 = CARTESIAN_POINT('',(19.759872611465,3.170038066751,8.709608007211
    ));
#913 = LINE('',#914,#915);
#914 = CARTESIAN_POINT('',(7.960191082803,3.170038066751,8.709608007211)
  );
#915 = VECTOR('',#916,1.);
#916 = DIRECTION('',(-1.,0.,0.));
#917 = ORIENTED_EDGE('',*,*,#918,.F.);
#918 = EDGE_CURVE('',#919,#911,#921,.T.);
#919 = VERTEX_POINT('',#920);
#920 = CARTESIAN_POINT('',(19.759872611465,2.824270951155,7.759620664719
    ));
#921 = LINE('',#922,#923);
#922 = CARTESIAN_POINT('',(19.759872611465,1.585019033376,4.354804003605
    ));
#923 = VECTOR('',#924,1.);
#924 = DIRECTION('',(0.,0.342020143326,0.939692620786));
#925 = ORIENTED_EDGE('',*,*,#926,.F.);
#926 = EDGE_CURVE('',#927,#919,#929,.T.);
#927 = VERTEX_POINT('',#928);
#928 = CARTESIAN_POINT('',(17.734394904459,2.824270951155,7.759620664719
    ));
#929 = LINE('',#930,#931);
#930 = CARTESIAN_POINT('',(9.379936305732,2.824270951155,7.759620664719)
  );
#931 = VECTOR('',#932,1.);
#932 = DIRECTION('',(1.,0.,0.));
#933 = ORIENTED_EDGE('',*,*,#934,.F.);
#934 = EDGE_CURVE('',#935,#927,#937,.T.);
#935 = VERTEX_POINT('',#936);
#936 = CARTESIAN_POINT('',(17.566242038217,2.500724252513,6.870683416062
    ));
#937 = LINE('',#938,#939);
#938 = CARTESIAN_POINT('',(16.736057380609,0.9033473464,2.481926436157)
  );
#939 = VECTOR('',#940,1.);
#940 = DIRECTION('',(0.175010486354,0.336741599195,0.925189939979));
#941 = ORIENTED_EDGE('',*,*,#942,.F.);
#942 = EDGE_CURVE('',#943,#935,#945,.T.);
#943 = VERTEX_POINT('',#944);
#944 = CARTESIAN_POINT('',(18.3,2.562157169977,7.039468969605));
#945 = B_SPLINE_CURVE_WITH_KNOTS('',5,(#946,#947,#948,#949,#950,#951,
    #952,#953,#954,#955),.UNSPECIFIED.,.F.,.F.,(6,4,6),(0.,
    0.174717688362,1.),.UNSPECIFIED.);
#946 = CARTESIAN_POINT('',(18.3,2.562157169977,7.039468969605));
#947 = CARTESIAN_POINT('',(18.273656347329,2.562157169977,7.039468969605
    ));
#948 = CARTESIAN_POINT('',(18.247342968117,2.561967203542,7.038947041116
    ));
#949 = CARTESIAN_POINT('',(18.221065599364,2.56158677878,7.03790183267)
  );
#950 = CARTESIAN_POINT('',(18.194829944091,2.561015731241,7.036332892453
    ));
#951 = CARTESIAN_POINT('',(18.044940868755,2.556657229691,7.024358007861
    ));
#952 = CARTESIAN_POINT('',(17.922284702392,2.548810420274,7.002799076172
    ));
#953 = CARTESIAN_POINT('',(17.801309084281,2.536730444533,6.969609615596
    ));
#954 = CARTESIAN_POINT('',(17.682502890135,2.520606029131,6.925308148379
    ));
#955 = CARTESIAN_POINT('',(17.566242038217,2.500724252513,6.870683416062
    ));
#956 = ORIENTED_EDGE('',*,*,#957,.F.);
#957 = EDGE_CURVE('',#958,#943,#960,.T.);
#958 = VERTEX_POINT('',#959);
#959 = CARTESIAN_POINT('',(19.511464968153,2.383435306547,6.548434685469
    ));
#960 = B_SPLINE_CURVE_WITH_KNOTS('',5,(#961,#962,#963,#964,#965,#966,
    #967,#968,#969,#970,#971,#972,#973,#974,#975,#976,#977,#978),
  .UNSPECIFIED.,.F.,.F.,(6,4,4,4,6),(0.,0.168881348195,0.514531732065,
    0.754041354018,1.),.UNSPECIFIED.);
#961 = CARTESIAN_POINT('',(19.511464968153,2.383435306547,6.548434685469
    ));
#962 = CARTESIAN_POINT('',(19.47919783724,2.395042923945,6.580326352162)
  );
#963 = CARTESIAN_POINT('',(19.446076021215,2.406280349236,6.611200924404
    ));
#964 = CARTESIAN_POINT('',(19.412095694085,2.417124895141,6.640996069402
    ));
#965 = CARTESIAN_POINT('',(19.377261265782,2.427554518195,6.669651223236
    ));
#966 = CARTESIAN_POINT('',(19.268567355019,2.458001161931,6.753302689397
    ));
#967 = CARTESIAN_POINT('',(19.192016106192,2.476629577646,6.804483840936
    ));
#968 = CARTESIAN_POINT('',(19.112065306681,2.493245188538,6.850134856671
    ));
#969 = CARTESIAN_POINT('',(19.028974500602,2.50770405732,6.889860272162)
  );
#970 = CARTESIAN_POINT('',(18.883744224302,2.52842498503,6.946790553156)
  );
#971 = CARTESIAN_POINT('',(18.823000407473,2.535841504795,6.96716727374)
  );
#972 = CARTESIAN_POINT('',(18.761099270257,2.542172761236,6.984562257847
    ));
#973 = CARTESIAN_POINT('',(18.698196705159,2.547420479434,6.998980245102
    ));
#974 = CARTESIAN_POINT('',(18.56900072257,2.555899806381,7.02227700442)
  );
#975 = CARTESIAN_POINT('',(18.502658850965,2.559073490958,7.030996631131
    ));
#976 = CARTESIAN_POINT('',(18.435605975684,2.561145688599,7.036689947359
    ));
#977 = CARTESIAN_POINT('',(18.368004986664,2.562157169977,7.039468969605
    ));
#978 = CARTESIAN_POINT('',(18.3,2.562157169977,7.039468969605));
#979 = ORIENTED_EDGE('',*,*,#980,.F.);
#980 = EDGE_CURVE('',#981,#958,#983,.T.);
#981 = VERTEX_POINT('',#982);
#982 = CARTESIAN_POINT('',(20.008280254777,1.919682133865,5.274283315323
    ));
#983 = B_SPLINE_CURVE_WITH_KNOTS('',5,(#984,#985,#986,#987,#988,#989,
    #990,#991,#992,#993,#994,#995,#996,#997,#998,#999,#1000,#1001),
  .UNSPECIFIED.,.F.,.F.,(6,4,4,4,6),(0.,0.275663329892,0.522439581867,
    0.761710690624,1.),.UNSPECIFIED.);
#984 = CARTESIAN_POINT('',(20.008280254777,1.919682133865,5.274283315323
    ));
#985 = CARTESIAN_POINT('',(20.008280254777,1.948591268625,5.353710510293
    ));
#986 = CARTESIAN_POINT('',(20.005087930155,1.977319364361,5.432640304632
    ));
#987 = CARTESIAN_POINT('',(19.998481616578,2.005809554365,5.510916458344
    ));
#988 = CARTESIAN_POINT('',(19.98823759132,2.033989391438,5.588339924387)
  );
#989 = CARTESIAN_POINT('',(19.961589580744,2.086648414655,5.733019401604
    ));
#990 = CARTESIAN_POINT('',(19.945943508891,2.111206202656,5.80049136961)
  );
#991 = CARTESIAN_POINT('',(19.927111436424,2.135386525882,5.866926261669
    ));
#992 = CARTESIAN_POINT('',(19.904996008862,2.159122164806,5.932139393648
    ));
#993 = CARTESIAN_POINT('',(19.854907129387,2.204861179935,6.057806304902
    ));
#994 = CARTESIAN_POINT('',(19.827131314403,2.226896220287,6.118347080707
    ));
#995 = CARTESIAN_POINT('',(19.796208592615,2.248386646513,6.177391541498
    ));
#996 = CARTESIAN_POINT('',(19.762162488329,2.26927507382,6.23478202385)
  );
#997 = CARTESIAN_POINT('',(19.688155901205,2.30966709769,6.345758197362)
  );
#998 = CARTESIAN_POINT('',(19.648218240837,2.329177126922,6.399361562129
    ));
#999 = CARTESIAN_POINT('',(19.605358373112,2.347994246865,6.451061174272
    ));
#1000 = CARTESIAN_POINT('',(19.559715081847,2.366086513141,
    6.500769267331));
#1001 = CARTESIAN_POINT('',(19.511464968153,2.383435306547,
    6.548434685469));
#1002 = ORIENTED_EDGE('',*,*,#1003,.F.);
#1003 = EDGE_CURVE('',#1004,#981,#1006,.T.);
#1004 = VERTEX_POINT('',#1005);
#1005 = CARTESIAN_POINT('',(19.607006369427,1.495315739471,
    4.108346229151));
#1006 = B_SPLINE_CURVE_WITH_KNOTS('',5,(#1007,#1008,#1009,#1010,#1011,
    #1012,#1013,#1014,#1015,#1016),.UNSPECIFIED.,.F.,.F.,(6,4,6),(0.,
    0.430547314511,1.),.UNSPECIFIED.);
#1007 = CARTESIAN_POINT('',(19.607006369427,1.495315739471,
    4.108346229151));
#1008 = CARTESIAN_POINT('',(19.675215955838,1.527028438802,
    4.195476154473));
#1009 = CARTESIAN_POINT('',(19.736996733088,1.560046605965,
    4.286192823186));
#1010 = CARTESIAN_POINT('',(19.79176974643,1.594307020197,4.380322537668
    ));
#1011 = CARTESIAN_POINT('',(19.839103709698,1.629703466846,
    4.477573475567));
#1012 = CARTESIAN_POINT('',(19.931348993209,1.714168193295,
    4.709638404225));
#1013 = CARTESIAN_POINT('',(19.970568164656,1.763978193298,
    4.846490254497));
#1014 = CARTESIAN_POINT('',(19.996033692793,1.815104417176,
    4.986958400142));
#1015 = CARTESIAN_POINT('',(20.008280254777,1.867134012653,5.12990853886
    ));
#1016 = CARTESIAN_POINT('',(20.008280254777,1.919682133865,
    5.274283315323));
#1017 = ORIENTED_EDGE('',*,*,#1018,.F.);
#1018 = EDGE_CURVE('',#1019,#1004,#1021,.T.);
#1019 = VERTEX_POINT('',#1020);
#1020 = CARTESIAN_POINT('',(18.089808917197,1.240434486164,
    3.408065741049));
#1021 = B_SPLINE_CURVE_WITH_KNOTS('',5,(#1022,#1023,#1024,#1025,#1026,
    #1027,#1028,#1029,#1030,#1031,#1032,#1033,#1034,#1035,#1036,#1037,
    #1038,#1039),.UNSPECIFIED.,.F.,.F.,(6,4,4,4,6),(0.,0.200913220798,
    0.563459552094,0.854373968274,1.),.UNSPECIFIED.);
#1022 = CARTESIAN_POINT('',(18.089808917197,1.240434486164,
    3.408065741049));
#1023 = CARTESIAN_POINT('',(18.162125974971,1.240434486164,
    3.408065741049));
#1024 = CARTESIAN_POINT('',(18.23413454226,1.241318662045,3.410494994317
    ));
#1025 = CARTESIAN_POINT('',(18.30571118747,1.243143764342,3.415509421664
    ));
#1026 = CARTESIAN_POINT('',(18.376700258675,1.245966105359,
    3.423263739881));
#1027 = CARTESIAN_POINT('',(18.573631286922,1.256803569824,
    3.453039428781));
#1028 = CARTESIAN_POINT('',(18.697883915308,1.267172240212,
    3.481527116543));
#1029 = CARTESIAN_POINT('',(18.818494738671,1.281196204111,
    3.520057640686));
#1030 = CARTESIAN_POINT('',(18.934214091244,1.298998588987,
    3.568969291145));
#1031 = CARTESIAN_POINT('',(19.132028278579,1.337510280439,
    3.674779293793));
#1032 = CARTESIAN_POINT('',(19.21627967482,1.356956114598,3.728206284048
    ));
#1033 = CARTESIAN_POINT('',(19.296170089052,1.378597814867,
    3.787666366857));
#1034 = CARTESIAN_POINT('',(19.371445251312,1.402236611922,
    3.852613427988));
#1035 = CARTESIAN_POINT('',(19.477368942756,1.440344083033,
    3.957312844377));
#1036 = CARTESIAN_POINT('',(19.511532780901,1.453497595106,
    3.993451821786));
#1037 = CARTESIAN_POINT('',(19.544519500863,1.467063511423,4.03072387054
    ));
#1038 = CARTESIAN_POINT('',(19.576338063692,1.481012314485,
    4.069047891981));
#1039 = CARTESIAN_POINT('',(19.607006369427,1.495315739471,
    4.108346229151));
#1040 = ORIENTED_EDGE('',*,*,#1041,.F.);
#1041 = EDGE_CURVE('',#1042,#1019,#1044,.T.);
#1042 = VERTEX_POINT('',#1043);
#1043 = CARTESIAN_POINT('',(16.824840764331,1.382906571346,
    3.799504577988));
#1044 = B_SPLINE_CURVE_WITH_KNOTS('',6,(#1045,#1046,#1047,#1048,#1049,
    #1050,#1051,#1052,#1053,#1054,#1055,#1056,#1057,#1058,#1059,#1060,
    #1061),.UNSPECIFIED.,.F.,.F.,(7,5,5,7),(0.,0.12501336219,
    0.455010887714,1.),.UNSPECIFIED.);
#1045 = CARTESIAN_POINT('',(16.824840764331,1.382906571346,
    3.799504577988));
#1046 = CARTESIAN_POINT('',(16.845991926187,1.37674626313,3.782579270268
    ));
#1047 = CARTESIAN_POINT('',(16.867492214698,1.37073772954,3.766070959906
    ));
#1048 = CARTESIAN_POINT('',(16.889336469783,1.364883724639,
    3.749987213627));
#1049 = CARTESIAN_POINT('',(16.911518730899,1.359186681472,
    3.734334716169));
#1050 = CARTESIAN_POINT('',(16.934032237043,1.353648712068,
    3.719119270282));
#1051 = CARTESIAN_POINT('',(17.017152711368,1.334077674954,
    3.665348287736));
#1052 = CARTESIAN_POINT('',(17.079694621464,1.321003869254,
    3.629428301788));
#1053 = CARTESIAN_POINT('',(17.144350182484,1.30908471587,3.596680697006
    ));
#1054 = CARTESIAN_POINT('',(17.210950644864,1.298333651657,
    3.567142390846));
#1055 = CARTESIAN_POINT('',(17.279309044683,1.288746345155,
    3.540801482718));
#1056 = CARTESIAN_POINT('',(17.464692845227,1.266361558007,3.47929978549
    ));
#1057 = CARTESIAN_POINT('',(17.584417157393,1.255541150597,
    3.449570960461));
#1058 = CARTESIAN_POINT('',(17.707534946296,1.247754586417,
    3.428177551202));
#1059 = CARTESIAN_POINT('',(17.833232085127,1.242797298002,
    3.414557513221));
#1060 = CARTESIAN_POINT('',(17.960828230885,1.240434486164,
    3.408065741049));
#1061 = CARTESIAN_POINT('',(18.089808917197,1.240434486164,
    3.408065741049));
#1062 = ORIENTED_EDGE('',*,*,#1063,.F.);
#1063 = EDGE_CURVE('',#776,#1042,#1064,.T.);
#1064 = B_SPLINE_CURVE_WITH_KNOTS('',6,(#1065,#1066,#1067,#1068,#1069,
    #1070,#1071,#1072,#1073,#1074,#1075,#1076),.UNSPECIFIED.,.F.,.F.,(7,
    5,7),(0.,0.696777953689,1.),.UNSPECIFIED.);
#1065 = CARTESIAN_POINT('',(16.240127388535,1.766056270761,
    4.852199725401));
#1066 = CARTESIAN_POINT('',(16.261018358546,1.713449041451,
    4.707662550773));
#1067 = CARTESIAN_POINT('',(16.293814051229,1.662111653083,
    4.566614235457));
#1068 = CARTESIAN_POINT('',(16.339675452963,1.612553896166,
    4.430455417369));
#1069 = CARTESIAN_POINT('',(16.399497058753,1.565338354334,4.30073178234
    ));
#1070 = CARTESIAN_POINT('',(16.473543779739,1.521015879219,
    4.178956782785));
#1071 = CARTESIAN_POINT('',(16.598846853013,1.46218337884,4.017315816465
    ));
#1072 = CARTESIAN_POINT('',(16.639361105988,1.444970778871,3.97002458672
    ));
#1073 = CARTESIAN_POINT('',(16.682324765465,1.428418069439,
    3.924546391325));
#1074 = CARTESIAN_POINT('',(16.727641323499,1.412548306444,
    3.880944575844));
#1075 = CARTESIAN_POINT('',(16.775192162998,1.39737564654,3.839258035365
    ));
#1076 = CARTESIAN_POINT('',(16.824840764331,1.382906571346,
    3.799504577988));
#1077 = FACE_BOUND('',#1078,.T.);
#1078 = EDGE_LOOP('',(#1079,#1089,#1097,#1112,#1120,#1132,#1151,#1159));
#1079 = ORIENTED_EDGE('',*,*,#1080,.F.);
#1080 = EDGE_CURVE('',#1081,#1083,#1085,.T.);
#1081 = VERTEX_POINT('',#1082);
#1082 = CARTESIAN_POINT('',(13.545095541401,1.273895819932,3.5));
#1083 = VERTEX_POINT('',#1084);
#1084 = CARTESIAN_POINT('',(14.61898089172,1.273895819932,3.5));
#1085 = LINE('',#1086,#1087);
#1086 = CARTESIAN_POINT('',(6.80949044586,1.273895819932,3.5));
#1087 = VECTOR('',#1088,1.);
#1088 = DIRECTION('',(1.,0.,0.));
#1089 = ORIENTED_EDGE('',*,*,#1090,.F.);
#1090 = EDGE_CURVE('',#1091,#1081,#1093,.T.);
#1091 = VERTEX_POINT('',#1092);
#1092 = CARTESIAN_POINT('',(13.545095541401,2.663238282399,
    7.317187043519));
#1093 = LINE('',#1094,#1095);
#1094 = CARTESIAN_POINT('',(13.545095541401,0.636947909966,1.75));
#1095 = VECTOR('',#1096,1.);
#1096 = DIRECTION('',(-0.,-0.342020143326,-0.939692620786));
#1097 = ORIENTED_EDGE('',*,*,#1098,.F.);
#1098 = EDGE_CURVE('',#1099,#1091,#1101,.T.);
#1099 = VERTEX_POINT('',#1100);
#1100 = CARTESIAN_POINT('',(12.157834394904,2.383696723217,
    6.549152921867));
#1101 = B_SPLINE_CURVE_WITH_KNOTS('',5,(#1102,#1103,#1104,#1105,#1106,
    #1107,#1108,#1109,#1110,#1111),.UNSPECIFIED.,.F.,.F.,(6,4,6),(0.,
    0.724057549441,1.),.UNSPECIFIED.);
#1102 = CARTESIAN_POINT('',(12.157834394904,2.383696723217,
    6.549152921867));
#1103 = CARTESIAN_POINT('',(12.383108969165,2.409232076143,
    6.619310727428));
#1104 = CARTESIAN_POINT('',(12.601778725556,2.440098888708,
    6.704116597962));
#1105 = CARTESIAN_POINT('',(12.812124286408,2.476516992288,
    6.804174515207));
#1106 = CARTESIAN_POINT('',(13.012503998645,2.518514045045,
    6.919560469341));
#1107 = CARTESIAN_POINT('',(13.27370099542,2.583768239909,7.098844896254
    ));
#1108 = CARTESIAN_POINT('',(13.344145791846,2.602538453325,
    7.150415633773));
#1109 = CARTESIAN_POINT('',(13.412892948256,2.62205554452,7.204038401124
    ));
#1110 = CARTESIAN_POINT('',(13.47988928531,2.642297711285,7.259653297232
    ));
#1111 = CARTESIAN_POINT('',(13.545095541401,2.663238282399,
    7.317187043519));
#1112 = ORIENTED_EDGE('',*,*,#1113,.F.);
#1113 = EDGE_CURVE('',#1114,#1099,#1116,.T.);
#1114 = VERTEX_POINT('',#1115);
#1115 = CARTESIAN_POINT('',(12.157834394904,2.718310060891,
    7.468495511375));
#1116 = LINE('',#1117,#1118);
#1117 = CARTESIAN_POINT('',(12.157834394904,1.191848361609,
    3.274576460934));
#1118 = VECTOR('',#1119,1.);
#1119 = DIRECTION('',(-0.,-0.342020143326,-0.939692620786));
#1120 = ORIENTED_EDGE('',*,*,#1121,.F.);
#1121 = EDGE_CURVE('',#1122,#1114,#1124,.T.);
#1122 = VERTEX_POINT('',#1123);
#1123 = CARTESIAN_POINT('',(13.071210191083,2.896770507651,
    7.958811559113));
#1124 = B_SPLINE_CURVE_WITH_KNOTS('',6,(#1125,#1126,#1127,#1128,#1129,
    #1130,#1131),.UNSPECIFIED.,.F.,.F.,(7,7),(0.,1.),
  .PIECEWISE_BEZIER_KNOTS.);
#1125 = CARTESIAN_POINT('',(13.071210191083,2.896770507651,
    7.958811559113));
#1126 = CARTESIAN_POINT('',(12.921642962096,2.856903971381,
    7.849279150918));
#1127 = CARTESIAN_POINT('',(12.770580921324,2.820228173284,
    7.748513223807));
#1128 = CARTESIAN_POINT('',(12.618084575045,2.787256522549,
    7.657924357932));
#1129 = CARTESIAN_POINT('',(12.46456022336,2.75869595565,7.579454845289)
  );
#1130 = CARTESIAN_POINT('',(12.310766032799,2.735428290215,
    7.515527459903));
#1131 = CARTESIAN_POINT('',(12.157834394904,2.718310060891,
    7.468495511375));
#1132 = ORIENTED_EDGE('',*,*,#1133,.F.);
#1133 = EDGE_CURVE('',#1134,#1122,#1136,.T.);
#1134 = VERTEX_POINT('',#1135);
#1135 = CARTESIAN_POINT('',(13.747643312102,3.203499400519,
    8.801542266161));
#1136 = B_SPLINE_CURVE_WITH_KNOTS('',5,(#1137,#1138,#1139,#1140,#1141,
    #1142,#1143,#1144,#1145,#1146,#1147,#1148,#1149,#1150),
  .UNSPECIFIED.,.F.,.F.,(6,4,4,6),(0.,7.602305458107E-02,0.52948728546,
    1.),.UNSPECIFIED.);
#1137 = CARTESIAN_POINT('',(13.747643312102,3.203499400519,
    8.801542266161));
#1138 = CARTESIAN_POINT('',(13.741922382622,3.198034303789,
    8.786527036301));
#1139 = CARTESIAN_POINT('',(13.736011491405,3.192594092569,
    8.771580178816));
#1140 = CARTESIAN_POINT('',(13.729910996453,3.187179366928,
    8.756703342387));
#1141 = CARTESIAN_POINT('',(13.723621415137,3.181790707066,
    8.741898121094));
#1142 = CARTESIAN_POINT('',(13.678503340713,3.144445079278,
    8.639291852031));
#1143 = CARTESIAN_POINT('',(13.633157348394,3.11340676027,8.55401477142)
  );
#1144 = CARTESIAN_POINT('',(13.581254800688,3.083439125643,
    8.471679371968));
#1145 = CARTESIAN_POINT('',(13.523136105093,3.054621608759,
    8.392503895043));
#1146 = CARTESIAN_POINT('',(13.392987853776,2.998339636559,
    8.237870447301));
#1147 = CARTESIAN_POINT('',(13.320511587263,2.970964399538,
    8.162657601734));
#1148 = CARTESIAN_POINT('',(13.242338169377,2.944920801976,
    8.091103405511));
#1149 = CARTESIAN_POINT('',(13.159054992191,2.920200708902,
    8.023185507984));
#1150 = CARTESIAN_POINT('',(13.071210191083,2.896770507651,
    7.958811559113));
#1151 = ORIENTED_EDGE('',*,*,#1152,.F.);
#1152 = EDGE_CURVE('',#1153,#1134,#1155,.T.);
#1153 = VERTEX_POINT('',#1154);
#1154 = CARTESIAN_POINT('',(14.61898089172,3.203499400519,8.801542266161
    ));
#1155 = LINE('',#1156,#1157);
#1156 = CARTESIAN_POINT('',(6.373821656051,3.203499400519,8.801542266161
    ));
#1157 = VECTOR('',#1158,1.);
#1158 = DIRECTION('',(-1.,0.,0.));
#1159 = ORIENTED_EDGE('',*,*,#1160,.F.);
#1160 = EDGE_CURVE('',#1083,#1153,#1161,.T.);
#1161 = LINE('',#1162,#1163);
#1162 = CARTESIAN_POINT('',(14.61898089172,1.601749700259,4.400771133081
    ));
#1163 = VECTOR('',#1164,1.);
#1164 = DIRECTION('',(0.,0.342020143326,0.939692620786));
#1165 = PLANE('',#1166);
#1166 = AXIS2_PLACEMENT_3D('',#1167,#1168,#1169);
#1167 = CARTESIAN_POINT('',(-1.,0.,0.));
#1168 = DIRECTION('',(0.,-0.939692620786,0.342020143326));
#1169 = DIRECTION('',(0.,0.342020143326,0.939692620786));
#1170 = ADVANCED_FACE('',(#1171),#1182,.T.);
#1171 = FACE_BOUND('',#1172,.T.);
#1172 = EDGE_LOOP('',(#1173,#1174,#1175,#1176));
#1173 = ORIENTED_EDGE('',*,*,#323,.T.);
#1174 = ORIENTED_EDGE('',*,*,#236,.T.);
#1175 = ORIENTED_EDGE('',*,*,#134,.F.);
#1176 = ORIENTED_EDGE('',*,*,#1177,.F.);
#1177 = EDGE_CURVE('',#316,#127,#1178,.T.);
#1178 = LINE('',#1179,#1180);
#1179 = CARTESIAN_POINT('',(4.,19.05,-1.));
#1180 = VECTOR('',#1181,1.);
#1181 = DIRECTION('',(0.,0.,1.));
#1182 = PLANE('',#1183);
#1183 = AXIS2_PLACEMENT_3D('',#1184,#1185,#1186);
#1184 = CARTESIAN_POINT('',(4.,12.75,-1.));
#1185 = DIRECTION('',(-1.,0.,0.));
#1186 = DIRECTION('',(0.,1.,0.));
#1187 = ADVANCED_FACE('',(#1188),#1199,.T.);
#1188 = FACE_BOUND('',#1189,.T.);
#1189 = EDGE_LOOP('',(#1190,#1191,#1192,#1193));
#1190 = ORIENTED_EDGE('',*,*,#315,.T.);
#1191 = ORIENTED_EDGE('',*,*,#1177,.T.);
#1192 = ORIENTED_EDGE('',*,*,#126,.F.);
#1193 = ORIENTED_EDGE('',*,*,#1194,.F.);
#1194 = EDGE_CURVE('',#308,#119,#1195,.T.);
#1195 = LINE('',#1196,#1197);
#1196 = CARTESIAN_POINT('',(0.,18.05,-1.));
#1197 = VECTOR('',#1198,1.);
#1198 = DIRECTION('',(0.,0.,1.));
#1199 = PLANE('',#1200);
#1200 = AXIS2_PLACEMENT_3D('',#1201,#1202,#1203);
#1201 = CARTESIAN_POINT('',(4.,19.05,-1.));
#1202 = DIRECTION('',(0.242535625036,-0.970142500145,0.));
#1203 = DIRECTION('',(-0.970142500145,-0.242535625036,0.));
#1204 = ADVANCED_FACE('',(#1205),#1216,.F.);
#1205 = FACE_BOUND('',#1206,.F.);
#1206 = EDGE_LOOP('',(#1207,#1208,#1209,#1210));
#1207 = ORIENTED_EDGE('',*,*,#118,.F.);
#1208 = ORIENTED_EDGE('',*,*,#1194,.F.);
#1209 = ORIENTED_EDGE('',*,*,#307,.T.);
#1210 = ORIENTED_EDGE('',*,*,#1211,.T.);
#1211 = EDGE_CURVE('',#300,#111,#1212,.T.);
#1212 = LINE('',#1213,#1214);
#1213 = CARTESIAN_POINT('',(0.,53.,0.));
#1214 = VECTOR('',#1215,1.);
#1215 = DIRECTION('',(0.,0.,1.));
#1216 = PLANE('',#1217);
#1217 = AXIS2_PLACEMENT_3D('',#1218,#1219,#1220);
#1218 = CARTESIAN_POINT('',(0.,0.,0.));
#1219 = DIRECTION('',(1.,0.,0.));
#1220 = DIRECTION('',(0.,0.,1.));
#1221 = ADVANCED_FACE('',(#1222),#1233,.T.);
#1222 = FACE_BOUND('',#1223,.T.);
#1223 = EDGE_LOOP('',(#1224,#1225,#1226,#1227));
#1224 = ORIENTED_EDGE('',*,*,#299,.F.);
#1225 = ORIENTED_EDGE('',*,*,#1211,.T.);
#1226 = ORIENTED_EDGE('',*,*,#110,.T.);
#1227 = ORIENTED_EDGE('',*,*,#1228,.F.);
#1228 = EDGE_CURVE('',#292,#103,#1229,.T.);
#1229 = LINE('',#1230,#1231);
#1230 = CARTESIAN_POINT('',(43.,53.,0.));
#1231 = VECTOR('',#1232,1.);
#1232 = DIRECTION('',(0.,0.,1.));
#1233 = PLANE('',#1234);
#1234 = AXIS2_PLACEMENT_3D('',#1235,#1236,#1237);
#1235 = CARTESIAN_POINT('',(0.,53.,0.));
#1236 = DIRECTION('',(0.,1.,0.));
#1237 = DIRECTION('',(0.,0.,1.));
#1238 = ADVANCED_FACE('',(#1239),#1250,.T.);
#1239 = FACE_BOUND('',#1240,.T.);
#1240 = EDGE_LOOP('',(#1241,#1242,#1248,#1249));
#1241 = ORIENTED_EDGE('',*,*,#102,.F.);
#1242 = ORIENTED_EDGE('',*,*,#1243,.T.);
#1243 = EDGE_CURVE('',#95,#284,#1244,.T.);
#1244 = LINE('',#1245,#1246);
#1245 = CARTESIAN_POINT('',(43.,17.924390243902,0.));
#1246 = VECTOR('',#1247,1.);
#1247 = DIRECTION('',(0.,0.,-1.));
#1248 = ORIENTED_EDGE('',*,*,#291,.T.);
#1249 = ORIENTED_EDGE('',*,*,#1228,.T.);
#1250 = PLANE('',#1251);
#1251 = AXIS2_PLACEMENT_3D('',#1252,#1253,#1254);
#1252 = CARTESIAN_POINT('',(43.,0.,0.));
#1253 = DIRECTION('',(1.,0.,0.));
#1254 = DIRECTION('',(0.,0.,1.));
#1255 = ADVANCED_FACE('',(#1256),#1267,.T.);
#1256 = FACE_BOUND('',#1257,.T.);
#1257 = EDGE_LOOP('',(#1258,#1259,#1265,#1266));
#1258 = ORIENTED_EDGE('',*,*,#78,.T.);
#1259 = ORIENTED_EDGE('',*,*,#1260,.T.);
#1260 = EDGE_CURVE('',#71,#95,#1261,.T.);
#1261 = LINE('',#1262,#1263);
#1262 = CARTESIAN_POINT('',(43.,0.,10.));
#1263 = VECTOR('',#1264,1.);
#1264 = DIRECTION('',(0.,1.,0.));
#1265 = ORIENTED_EDGE('',*,*,#94,.T.);
#1266 = ORIENTED_EDGE('',*,*,#86,.T.);
#1267 = PLANE('',#1268);
#1268 = AXIS2_PLACEMENT_3D('',#1269,#1270,#1271);
#1269 = CARTESIAN_POINT('',(0.,0.,10.));
#1270 = DIRECTION('',(0.,0.,1.));
#1271 = DIRECTION('',(1.,0.,0.));
#1272 = ADVANCED_FACE('',(#1273),#1284,.T.);
#1273 = FACE_BOUND('',#1274,.T.);
#1274 = EDGE_LOOP('',(#1275,#1276,#1277,#1278));
#1275 = ORIENTED_EDGE('',*,*,#70,.F.);
#1276 = ORIENTED_EDGE('',*,*,#340,.T.);
#1277 = ORIENTED_EDGE('',*,*,#259,.T.);
#1278 = ORIENTED_EDGE('',*,*,#1279,.T.);
#1279 = EDGE_CURVE('',#260,#71,#1280,.T.);
#1280 = LINE('',#1281,#1282);
#1281 = CARTESIAN_POINT('',(43.,13.875609756098,0.));
#1282 = VECTOR('',#1283,1.);
#1283 = DIRECTION('',(0.,0.,1.));
#1284 = PLANE('',#1285);
#1285 = AXIS2_PLACEMENT_3D('',#1286,#1287,#1288);
#1286 = CARTESIAN_POINT('',(43.,0.,0.));
#1287 = DIRECTION('',(1.,0.,0.));
#1288 = DIRECTION('',(0.,0.,1.));
#1289 = ADVANCED_FACE('',(#1290),#1316,.T.);
#1290 = FACE_BOUND('',#1291,.T.);
#1291 = EDGE_LOOP('',(#1292,#1300,#1301,#1309));
#1292 = ORIENTED_EDGE('',*,*,#1293,.F.);
#1293 = EDGE_CURVE('',#151,#1294,#1296,.T.);
#1294 = VERTEX_POINT('',#1295);
#1295 = CARTESIAN_POINT('',(16.6,38.36,20.5));
#1296 = LINE('',#1297,#1298);
#1297 = CARTESIAN_POINT('',(16.6,38.36,9.9));
#1298 = VECTOR('',#1299,1.);
#1299 = DIRECTION('',(0.,0.,1.));
#1300 = ORIENTED_EDGE('',*,*,#150,.T.);
#1301 = ORIENTED_EDGE('',*,*,#1302,.T.);
#1302 = EDGE_CURVE('',#153,#1303,#1305,.T.);
#1303 = VERTEX_POINT('',#1304);
#1304 = CARTESIAN_POINT('',(16.,37.76,20.5));
#1305 = LINE('',#1306,#1307);
#1306 = CARTESIAN_POINT('',(16.,37.76,9.9));
#1307 = VECTOR('',#1308,1.);
#1308 = DIRECTION('',(0.,0.,1.));
#1309 = ORIENTED_EDGE('',*,*,#1310,.F.);
#1310 = EDGE_CURVE('',#1294,#1303,#1311,.T.);
#1311 = CIRCLE('',#1312,0.6);
#1312 = AXIS2_PLACEMENT_3D('',#1313,#1314,#1315);
#1313 = CARTESIAN_POINT('',(16.6,37.76,20.5));
#1314 = DIRECTION('',(0.,-0.,1.));
#1315 = DIRECTION('',(0.,1.,0.));
#1316 = CYLINDRICAL_SURFACE('',#1317,0.6);
#1317 = AXIS2_PLACEMENT_3D('',#1318,#1319,#1320);
#1318 = CARTESIAN_POINT('',(16.6,37.76,9.9));
#1319 = DIRECTION('',(0.,0.,1.));
#1320 = DIRECTION('',(0.,1.,0.));
#1321 = ADVANCED_FACE('',(#1322),#1340,.F.);
#1322 = FACE_BOUND('',#1323,.F.);
#1323 = EDGE_LOOP('',(#1324,#1325,#1333,#1339));
#1324 = ORIENTED_EDGE('',*,*,#161,.T.);
#1325 = ORIENTED_EDGE('',*,*,#1326,.T.);
#1326 = EDGE_CURVE('',#162,#1327,#1329,.T.);
#1327 = VERTEX_POINT('',#1328);
#1328 = CARTESIAN_POINT('',(26.4,38.36,20.5));
#1329 = LINE('',#1330,#1331);
#1330 = CARTESIAN_POINT('',(26.4,38.36,9.9));
#1331 = VECTOR('',#1332,1.);
#1332 = DIRECTION('',(0.,0.,1.));
#1333 = ORIENTED_EDGE('',*,*,#1334,.T.);
#1334 = EDGE_CURVE('',#1327,#1294,#1335,.T.);
#1335 = LINE('',#1336,#1337);
#1336 = CARTESIAN_POINT('',(26.4,38.36,20.5));
#1337 = VECTOR('',#1338,1.);
#1338 = DIRECTION('',(-1.,0.,0.));
#1339 = ORIENTED_EDGE('',*,*,#1293,.F.);
#1340 = PLANE('',#1341);
#1341 = AXIS2_PLACEMENT_3D('',#1342,#1343,#1344);
#1342 = CARTESIAN_POINT('',(27.,38.36,9.9));
#1343 = DIRECTION('',(0.,-1.,0.));
#1344 = DIRECTION('',(-1.,0.,0.));
#1345 = ADVANCED_FACE('',(#1346),#1364,.F.);
#1346 = FACE_BOUND('',#1347,.F.);
#1347 = EDGE_LOOP('',(#1348,#1349,#1350,#1358));
#1348 = ORIENTED_EDGE('',*,*,#212,.T.);
#1349 = ORIENTED_EDGE('',*,*,#1302,.T.);
#1350 = ORIENTED_EDGE('',*,*,#1351,.T.);
#1351 = EDGE_CURVE('',#1303,#1352,#1354,.T.);
#1352 = VERTEX_POINT('',#1353);
#1353 = CARTESIAN_POINT('',(16.,27.96,20.5));
#1354 = LINE('',#1355,#1356);
#1355 = CARTESIAN_POINT('',(16.,37.76,20.5));
#1356 = VECTOR('',#1357,1.);
#1357 = DIRECTION('',(0.,-1.,0.));
#1358 = ORIENTED_EDGE('',*,*,#1359,.F.);
#1359 = EDGE_CURVE('',#204,#1352,#1360,.T.);
#1360 = LINE('',#1361,#1362);
#1361 = CARTESIAN_POINT('',(16.,27.96,9.9));
#1362 = VECTOR('',#1363,1.);
#1363 = DIRECTION('',(0.,0.,1.));
#1364 = PLANE('',#1365);
#1365 = AXIS2_PLACEMENT_3D('',#1366,#1367,#1368);
#1366 = CARTESIAN_POINT('',(16.,38.36,9.9));
#1367 = DIRECTION('',(1.,0.,0.));
#1368 = DIRECTION('',(0.,-1.,0.));
#1369 = ADVANCED_FACE('',(#1370),#1389,.T.);
#1370 = FACE_BOUND('',#1371,.F.);
#1371 = EDGE_LOOP('',(#1372,#1373,#1374,#1382));
#1372 = ORIENTED_EDGE('',*,*,#1326,.F.);
#1373 = ORIENTED_EDGE('',*,*,#169,.F.);
#1374 = ORIENTED_EDGE('',*,*,#1375,.T.);
#1375 = EDGE_CURVE('',#170,#1376,#1378,.T.);
#1376 = VERTEX_POINT('',#1377);
#1377 = CARTESIAN_POINT('',(27.,37.76,20.5));
#1378 = LINE('',#1379,#1380);
#1379 = CARTESIAN_POINT('',(27.,37.76,9.9));
#1380 = VECTOR('',#1381,1.);
#1381 = DIRECTION('',(0.,0.,1.));
#1382 = ORIENTED_EDGE('',*,*,#1383,.T.);
#1383 = EDGE_CURVE('',#1376,#1327,#1384,.T.);
#1384 = CIRCLE('',#1385,0.6);
#1385 = AXIS2_PLACEMENT_3D('',#1386,#1387,#1388);
#1386 = CARTESIAN_POINT('',(26.4,37.76,20.5));
#1387 = DIRECTION('',(0.,0.,1.));
#1388 = DIRECTION('',(1.,0.,0.));
#1389 = CYLINDRICAL_SURFACE('',#1390,0.6);
#1390 = AXIS2_PLACEMENT_3D('',#1391,#1392,#1393);
#1391 = CARTESIAN_POINT('',(26.4,37.76,9.9));
#1392 = DIRECTION('',(0.,0.,1.));
#1393 = DIRECTION('',(0.,1.,0.));
#1394 = ADVANCED_FACE('',(#1395),#1414,.T.);
#1395 = FACE_BOUND('',#1396,.T.);
#1396 = EDGE_LOOP('',(#1397,#1398,#1399,#1407));
#1397 = ORIENTED_EDGE('',*,*,#1359,.F.);
#1398 = ORIENTED_EDGE('',*,*,#203,.T.);
#1399 = ORIENTED_EDGE('',*,*,#1400,.T.);
#1400 = EDGE_CURVE('',#196,#1401,#1403,.T.);
#1401 = VERTEX_POINT('',#1402);
#1402 = CARTESIAN_POINT('',(16.6,27.36,20.5));
#1403 = LINE('',#1404,#1405);
#1404 = CARTESIAN_POINT('',(16.6,27.36,9.9));
#1405 = VECTOR('',#1406,1.);
#1406 = DIRECTION('',(0.,0.,1.));
#1407 = ORIENTED_EDGE('',*,*,#1408,.F.);
#1408 = EDGE_CURVE('',#1352,#1401,#1409,.T.);
#1409 = CIRCLE('',#1410,0.6);
#1410 = AXIS2_PLACEMENT_3D('',#1411,#1412,#1413);
#1411 = CARTESIAN_POINT('',(16.6,27.96,20.5));
#1412 = DIRECTION('',(0.,0.,1.));
#1413 = DIRECTION('',(-1.,0.,0.));
#1414 = CYLINDRICAL_SURFACE('',#1415,0.6);
#1415 = AXIS2_PLACEMENT_3D('',#1416,#1417,#1418);
#1416 = CARTESIAN_POINT('',(16.6,27.96,9.9));
#1417 = DIRECTION('',(0.,0.,1.));
#1418 = DIRECTION('',(-1.,0.,0.));
#1419 = ADVANCED_FACE('',(#1420),#1438,.F.);
#1420 = FACE_BOUND('',#1421,.F.);
#1421 = EDGE_LOOP('',(#1422,#1423,#1431,#1437));
#1422 = ORIENTED_EDGE('',*,*,#178,.T.);
#1423 = ORIENTED_EDGE('',*,*,#1424,.T.);
#1424 = EDGE_CURVE('',#179,#1425,#1427,.T.);
#1425 = VERTEX_POINT('',#1426);
#1426 = CARTESIAN_POINT('',(27.,27.96,20.5));
#1427 = LINE('',#1428,#1429);
#1428 = CARTESIAN_POINT('',(27.,27.96,9.9));
#1429 = VECTOR('',#1430,1.);
#1430 = DIRECTION('',(0.,0.,1.));
#1431 = ORIENTED_EDGE('',*,*,#1432,.T.);
#1432 = EDGE_CURVE('',#1425,#1376,#1433,.T.);
#1433 = LINE('',#1434,#1435);
#1434 = CARTESIAN_POINT('',(27.,27.96,20.5));
#1435 = VECTOR('',#1436,1.);
#1436 = DIRECTION('',(0.,1.,0.));
#1437 = ORIENTED_EDGE('',*,*,#1375,.F.);
#1438 = PLANE('',#1439);
#1439 = AXIS2_PLACEMENT_3D('',#1440,#1441,#1442);
#1440 = CARTESIAN_POINT('',(27.,27.36,9.9));
#1441 = DIRECTION('',(-1.,0.,0.));
#1442 = DIRECTION('',(0.,1.,0.));
#1443 = ADVANCED_FACE('',(#1444),#1462,.F.);
#1444 = FACE_BOUND('',#1445,.F.);
#1445 = EDGE_LOOP('',(#1446,#1447,#1448,#1456));
#1446 = ORIENTED_EDGE('',*,*,#195,.T.);
#1447 = ORIENTED_EDGE('',*,*,#1400,.T.);
#1448 = ORIENTED_EDGE('',*,*,#1449,.T.);
#1449 = EDGE_CURVE('',#1401,#1450,#1452,.T.);
#1450 = VERTEX_POINT('',#1451);
#1451 = CARTESIAN_POINT('',(26.4,27.36,20.5));
#1452 = LINE('',#1453,#1454);
#1453 = CARTESIAN_POINT('',(16.6,27.36,20.5));
#1454 = VECTOR('',#1455,1.);
#1455 = DIRECTION('',(1.,0.,0.));
#1456 = ORIENTED_EDGE('',*,*,#1457,.F.);
#1457 = EDGE_CURVE('',#187,#1450,#1458,.T.);
#1458 = LINE('',#1459,#1460);
#1459 = CARTESIAN_POINT('',(26.4,27.36,9.9));
#1460 = VECTOR('',#1461,1.);
#1461 = DIRECTION('',(0.,0.,1.));
#1462 = PLANE('',#1463);
#1463 = AXIS2_PLACEMENT_3D('',#1464,#1465,#1466);
#1464 = CARTESIAN_POINT('',(16.,27.36,9.9));
#1465 = DIRECTION('',(0.,1.,0.));
#1466 = DIRECTION('',(1.,0.,0.));
#1467 = ADVANCED_FACE('',(#1468),#1480,.T.);
#1468 = FACE_BOUND('',#1469,.T.);
#1469 = EDGE_LOOP('',(#1470,#1471,#1472,#1473));
#1470 = ORIENTED_EDGE('',*,*,#1457,.F.);
#1471 = ORIENTED_EDGE('',*,*,#186,.T.);
#1472 = ORIENTED_EDGE('',*,*,#1424,.T.);
#1473 = ORIENTED_EDGE('',*,*,#1474,.F.);
#1474 = EDGE_CURVE('',#1450,#1425,#1475,.T.);
#1475 = CIRCLE('',#1476,0.6);
#1476 = AXIS2_PLACEMENT_3D('',#1477,#1478,#1479);
#1477 = CARTESIAN_POINT('',(26.4,27.96,20.5));
#1478 = DIRECTION('',(-0.,0.,1.));
#1479 = DIRECTION('',(0.,-1.,0.));
#1480 = CYLINDRICAL_SURFACE('',#1481,0.6);
#1481 = AXIS2_PLACEMENT_3D('',#1482,#1483,#1484);
#1482 = CARTESIAN_POINT('',(26.4,27.96,9.9));
#1483 = DIRECTION('',(0.,0.,1.));
#1484 = DIRECTION('',(0.,-1.,0.));
#1485 = ADVANCED_FACE('',(#1486),#1497,.F.);
#1486 = FACE_BOUND('',#1487,.F.);
#1487 = EDGE_LOOP('',(#1488,#1489,#1495,#1496));
#1488 = ORIENTED_EDGE('',*,*,#267,.T.);
#1489 = ORIENTED_EDGE('',*,*,#1490,.T.);
#1490 = EDGE_CURVE('',#260,#284,#1491,.T.);
#1491 = LINE('',#1492,#1493);
#1492 = CARTESIAN_POINT('',(43.,0.,0.));
#1493 = VECTOR('',#1494,1.);
#1494 = DIRECTION('',(0.,1.,0.));
#1495 = ORIENTED_EDGE('',*,*,#283,.T.);
#1496 = ORIENTED_EDGE('',*,*,#275,.T.);
#1497 = PLANE('',#1498);
#1498 = AXIS2_PLACEMENT_3D('',#1499,#1500,#1501);
#1499 = CARTESIAN_POINT('',(0.,0.,0.));
#1500 = DIRECTION('',(0.,0.,1.));
#1501 = DIRECTION('',(1.,0.,0.));
#1502 = ADVANCED_FACE('',(#1503),#1528,.T.);
#1503 = FACE_BOUND('',#1504,.T.);
#1504 = EDGE_LOOP('',(#1505,#1506,#1514,#1522));
#1505 = ORIENTED_EDGE('',*,*,#349,.T.);
#1506 = ORIENTED_EDGE('',*,*,#1507,.T.);
#1507 = EDGE_CURVE('',#352,#1508,#1510,.T.);
#1508 = VERTEX_POINT('',#1509);
#1509 = CARTESIAN_POINT('',(30.73898089172,2.159809960711,7.688311737464
    ));
#1510 = LINE('',#1511,#1512);
#1511 = CARTESIAN_POINT('',(30.73898089172,2.91156405734,7.414695622804)
  );
#1512 = VECTOR('',#1513,1.);
#1513 = DIRECTION('',(0.,-0.939692620786,0.342020143326));
#1514 = ORIENTED_EDGE('',*,*,#1515,.T.);
#1515 = EDGE_CURVE('',#1508,#1516,#1518,.T.);
#1516 = VERTEX_POINT('',#1517);
#1517 = CARTESIAN_POINT('',(29.69949044586,2.121033154652,7.58177333842)
  );
#1518 = LINE('',#1519,#1520);
#1519 = CARTESIAN_POINT('',(30.73898089172,2.159809960711,7.688311737464
    ));
#1520 = VECTOR('',#1521,1.);
#1521 = DIRECTION('',(-0.994104564342,-3.708374622103E-02,
    -0.101886755371));
#1522 = ORIENTED_EDGE('',*,*,#1523,.F.);
#1523 = EDGE_CURVE('',#350,#1516,#1524,.T.);
#1524 = LINE('',#1525,#1526);
#1525 = CARTESIAN_POINT('',(29.69949044586,2.872787251281,7.308157223759
    ));
#1526 = VECTOR('',#1527,1.);
#1527 = DIRECTION('',(0.,-0.939692620786,0.342020143326));
#1528 = PLANE('',#1529);
#1529 = AXIS2_PLACEMENT_3D('',#1530,#1531,#1532);
#1530 = CARTESIAN_POINT('',(30.73898089172,2.91156405734,7.414695622804)
  );
#1531 = DIRECTION('',(0.108425620376,-0.340003785577,-0.934152723402));
#1532 = DIRECTION('',(-0.994104564342,-3.708374622103E-02,
    -0.101886755371));
#1533 = ADVANCED_FACE('',(#1534),#1552,.T.);
#1534 = FACE_BOUND('',#1535,.T.);
#1535 = EDGE_LOOP('',(#1536,#1537,#1545,#1551));
#1536 = ORIENTED_EDGE('',*,*,#634,.T.);
#1537 = ORIENTED_EDGE('',*,*,#1538,.T.);
#1538 = EDGE_CURVE('',#618,#1539,#1541,.T.);
#1539 = VERTEX_POINT('',#1540);
#1540 = CARTESIAN_POINT('',(30.205732484076,2.51673085423,8.668943832939
    ));
#1541 = LINE('',#1542,#1543);
#1542 = CARTESIAN_POINT('',(30.205732484076,3.268484950859,
    8.395327718279));
#1543 = VECTOR('',#1544,1.);
#1544 = DIRECTION('',(0.,-0.939692620786,0.342020143326));
#1545 = ORIENTED_EDGE('',*,*,#1546,.T.);
#1546 = EDGE_CURVE('',#1539,#1508,#1547,.T.);
#1547 = B_SPLINE_CURVE_WITH_KNOTS('',2,(#1548,#1549,#1550),
  .UNSPECIFIED.,.F.,.F.,(3,3),(0.,1.),.PIECEWISE_BEZIER_KNOTS.);
#1548 = CARTESIAN_POINT('',(30.205732484076,2.51673085423,8.668943832939
    ));
#1549 = CARTESIAN_POINT('',(30.624331210191,2.393865019303,
    8.331372725854));
#1550 = CARTESIAN_POINT('',(30.73898089172,2.159809960711,7.688311737464
    ));
#1551 = ORIENTED_EDGE('',*,*,#1507,.F.);
#1552 = SURFACE_OF_LINEAR_EXTRUSION('',#1553,#1557);
#1553 = B_SPLINE_CURVE_WITH_KNOTS('',2,(#1554,#1555,#1556),
  .UNSPECIFIED.,.F.,.F.,(3,3),(0.,1.),.PIECEWISE_BEZIER_KNOTS.);
#1554 = CARTESIAN_POINT('',(30.205732484076,3.268484950859,
    8.395327718279));
#1555 = CARTESIAN_POINT('',(30.624331210191,3.145619115931,
    8.057756611194));
#1556 = CARTESIAN_POINT('',(30.73898089172,2.91156405734,7.414695622804)
  );
#1557 = VECTOR('',#1558,1.);
#1558 = DIRECTION('',(-0.,0.939692620786,-0.342020143326));
#1559 = ADVANCED_FACE('',(#1560),#1578,.T.);
#1560 = FACE_BOUND('',#1561,.T.);
#1561 = EDGE_LOOP('',(#1562,#1563,#1571,#1577));
#1562 = ORIENTED_EDGE('',*,*,#617,.T.);
#1563 = ORIENTED_EDGE('',*,*,#1564,.T.);
#1564 = EDGE_CURVE('',#595,#1565,#1567,.T.);
#1565 = VERTEX_POINT('',#1566);
#1566 = CARTESIAN_POINT('',(29.149171974522,2.639683828047,
    9.006754352157));
#1567 = LINE('',#1568,#1569);
#1568 = CARTESIAN_POINT('',(29.149171974522,3.391437924676,
    8.733138237496));
#1569 = VECTOR('',#1570,1.);
#1570 = DIRECTION('',(0.,-0.939692620786,0.342020143326));
#1571 = ORIENTED_EDGE('',*,*,#1572,.T.);
#1572 = EDGE_CURVE('',#1565,#1539,#1573,.T.);
#1573 = B_SPLINE_CURVE_WITH_KNOTS('',2,(#1574,#1575,#1576),
  .UNSPECIFIED.,.F.,.F.,(3,3),(0.,1.),.PIECEWISE_BEZIER_KNOTS.);
#1574 = CARTESIAN_POINT('',(29.149171974522,2.639683828047,
    9.006754352157));
#1575 = CARTESIAN_POINT('',(29.787388535032,2.639683828047,
    9.006754352157));
#1576 = CARTESIAN_POINT('',(30.205732484076,2.51673085423,8.668943832939
    ));
#1577 = ORIENTED_EDGE('',*,*,#1538,.F.);
#1578 = SURFACE_OF_LINEAR_EXTRUSION('',#1579,#1583);
#1579 = B_SPLINE_CURVE_WITH_KNOTS('',2,(#1580,#1581,#1582),
  .UNSPECIFIED.,.F.,.F.,(3,3),(0.,1.),.PIECEWISE_BEZIER_KNOTS.);
#1580 = CARTESIAN_POINT('',(29.149171974522,3.391437924676,
    8.733138237496));
#1581 = CARTESIAN_POINT('',(29.787388535032,3.391437924676,
    8.733138237496));
#1582 = CARTESIAN_POINT('',(30.205732484076,3.268484950859,
    8.395327718279));
#1583 = VECTOR('',#1584,1.);
#1584 = DIRECTION('',(-0.,0.939692620786,-0.342020143326));
#1585 = ADVANCED_FACE('',(#1586),#1604,.T.);
#1586 = FACE_BOUND('',#1587,.T.);
#1587 = EDGE_LOOP('',(#1588,#1589,#1597,#1603));
#1588 = ORIENTED_EDGE('',*,*,#594,.T.);
#1589 = ORIENTED_EDGE('',*,*,#1590,.T.);
#1590 = EDGE_CURVE('',#573,#1591,#1593,.T.);
#1591 = VERTEX_POINT('',#1592);
#1592 = CARTESIAN_POINT('',(27.670191082803,2.406238741685,
    8.365369248695));
#1593 = LINE('',#1594,#1595);
#1594 = CARTESIAN_POINT('',(27.670191082803,3.157992838314,
    8.091753134035));
#1595 = VECTOR('',#1596,1.);
#1596 = DIRECTION('',(0.,-0.939692620786,0.342020143326));
#1597 = ORIENTED_EDGE('',*,*,#1598,.T.);
#1598 = EDGE_CURVE('',#1591,#1565,#1599,.T.);
#1599 = B_SPLINE_CURVE_WITH_KNOTS('',2,(#1600,#1601,#1602),
  .UNSPECIFIED.,.F.,.F.,(3,3),(0.,1.),.PIECEWISE_BEZIER_KNOTS.);
#1600 = CARTESIAN_POINT('',(27.670191082803,2.406238741685,
    8.365369248695));
#1601 = CARTESIAN_POINT('',(28.239617834395,2.639683828047,
    9.006754352157));
#1602 = CARTESIAN_POINT('',(29.149171974522,2.639683828047,
    9.006754352157));
#1603 = ORIENTED_EDGE('',*,*,#1564,.F.);
#1604 = SURFACE_OF_LINEAR_EXTRUSION('',#1605,#1609);
#1605 = B_SPLINE_CURVE_WITH_KNOTS('',2,(#1606,#1607,#1608),
  .UNSPECIFIED.,.F.,.F.,(3,3),(0.,1.),.PIECEWISE_BEZIER_KNOTS.);
#1606 = CARTESIAN_POINT('',(27.670191082803,3.157992838314,
    8.091753134035));
#1607 = CARTESIAN_POINT('',(28.239617834395,3.391437924676,
    8.733138237496));
#1608 = CARTESIAN_POINT('',(29.149171974522,3.391437924676,
    8.733138237496));
#1609 = VECTOR('',#1610,1.);
#1610 = DIRECTION('',(-0.,0.939692620786,-0.342020143326));
#1611 = ADVANCED_FACE('',(#1612),#1630,.T.);
#1612 = FACE_BOUND('',#1613,.T.);
#1613 = EDGE_LOOP('',(#1614,#1615,#1623,#1629));
#1614 = ORIENTED_EDGE('',*,*,#572,.T.);
#1615 = ORIENTED_EDGE('',*,*,#1616,.T.);
#1616 = EDGE_CURVE('',#551,#1617,#1619,.T.);
#1617 = VERTEX_POINT('',#1618);
#1618 = CARTESIAN_POINT('',(27.10076433121,1.644383426247,6.272188972637
    ));
#1619 = LINE('',#1620,#1621);
#1620 = CARTESIAN_POINT('',(27.10076433121,2.396137522876,5.998572857976
    ));
#1621 = VECTOR('',#1622,1.);
#1622 = DIRECTION('',(0.,-0.939692620786,0.342020143326));
#1623 = ORIENTED_EDGE('',*,*,#1624,.T.);
#1624 = EDGE_CURVE('',#1617,#1591,#1625,.T.);
#1625 = B_SPLINE_CURVE_WITH_KNOTS('',2,(#1626,#1627,#1628),
  .UNSPECIFIED.,.F.,.F.,(3,3),(0.,1.),.PIECEWISE_BEZIER_KNOTS.);
#1626 = CARTESIAN_POINT('',(27.10076433121,1.644383426247,6.272188972637
    ));
#1627 = CARTESIAN_POINT('',(27.10076433121,2.172880794214,7.724223557367
    ));
#1628 = CARTESIAN_POINT('',(27.670191082803,2.406238741685,
    8.365369248695));
#1629 = ORIENTED_EDGE('',*,*,#1590,.F.);
#1630 = SURFACE_OF_LINEAR_EXTRUSION('',#1631,#1635);
#1631 = B_SPLINE_CURVE_WITH_KNOTS('',2,(#1632,#1633,#1634),
  .UNSPECIFIED.,.F.,.F.,(3,3),(0.,1.),.PIECEWISE_BEZIER_KNOTS.);
#1632 = CARTESIAN_POINT('',(27.10076433121,2.396137522876,5.998572857976
    ));
#1633 = CARTESIAN_POINT('',(27.10076433121,2.924634890843,7.450607442706
    ));
#1634 = CARTESIAN_POINT('',(27.670191082803,3.157992838314,
    8.091753134035));
#1635 = VECTOR('',#1636,1.);
#1636 = DIRECTION('',(-0.,0.939692620786,-0.342020143326));
#1637 = ADVANCED_FACE('',(#1638),#1656,.T.);
#1638 = FACE_BOUND('',#1639,.T.);
#1639 = EDGE_LOOP('',(#1640,#1641,#1649,#1655));
#1640 = ORIENTED_EDGE('',*,*,#550,.T.);
#1641 = ORIENTED_EDGE('',*,*,#1642,.T.);
#1642 = EDGE_CURVE('',#528,#1643,#1645,.T.);
#1643 = VERTEX_POINT('',#1644);
#1644 = CARTESIAN_POINT('',(27.647261146497,0.902831472183,
    4.234791723493));
#1645 = LINE('',#1646,#1647);
#1646 = CARTESIAN_POINT('',(27.647261146497,1.654585568812,
    3.961175608833));
#1647 = VECTOR('',#1648,1.);
#1648 = DIRECTION('',(0.,-0.939692620786,0.342020143326));
#1649 = ORIENTED_EDGE('',*,*,#1650,.T.);
#1650 = EDGE_CURVE('',#1643,#1617,#1651,.T.);
#1651 = B_SPLINE_CURVE_WITH_KNOTS('',2,(#1652,#1653,#1654),
  .UNSPECIFIED.,.F.,.F.,(3,3),(0.,1.),.PIECEWISE_BEZIER_KNOTS.);
#1652 = CARTESIAN_POINT('',(27.647261146497,0.902831472183,
    4.234791723493));
#1653 = CARTESIAN_POINT('',(27.10076433121,1.129044030673,4.856305619942
    ));
#1654 = CARTESIAN_POINT('',(27.10076433121,1.644383426247,6.272188972637
    ));
#1655 = ORIENTED_EDGE('',*,*,#1616,.F.);
#1656 = SURFACE_OF_LINEAR_EXTRUSION('',#1657,#1661);
#1657 = B_SPLINE_CURVE_WITH_KNOTS('',2,(#1658,#1659,#1660),
  .UNSPECIFIED.,.F.,.F.,(3,3),(0.,1.),.PIECEWISE_BEZIER_KNOTS.);
#1658 = CARTESIAN_POINT('',(27.647261146497,1.654585568812,
    3.961175608833));
#1659 = CARTESIAN_POINT('',(27.10076433121,1.880798127302,4.582689505281
    ));
#1660 = CARTESIAN_POINT('',(27.10076433121,2.396137522876,5.998572857976
    ));
#1661 = VECTOR('',#1662,1.);
#1662 = DIRECTION('',(-0.,0.939692620786,-0.342020143326));
#1663 = ADVANCED_FACE('',(#1664),#1682,.T.);
#1664 = FACE_BOUND('',#1665,.T.);
#1665 = EDGE_LOOP('',(#1666,#1667,#1675,#1681));
#1666 = ORIENTED_EDGE('',*,*,#527,.T.);
#1667 = ORIENTED_EDGE('',*,*,#1668,.T.);
#1668 = EDGE_CURVE('',#509,#1669,#1671,.T.);
#1669 = VERTEX_POINT('',#1670);
#1670 = CARTESIAN_POINT('',(29.042165605096,0.676618913693,
    3.613277827045));
#1671 = LINE('',#1672,#1673);
#1672 = CARTESIAN_POINT('',(29.042165605096,1.428373010321,
    3.339661712384));
#1673 = VECTOR('',#1674,1.);
#1674 = DIRECTION('',(0.,-0.939692620786,0.342020143326));
#1675 = ORIENTED_EDGE('',*,*,#1676,.T.);
#1676 = EDGE_CURVE('',#1669,#1643,#1677,.T.);
#1677 = B_SPLINE_CURVE_WITH_KNOTS('',2,(#1678,#1679,#1680),
  .UNSPECIFIED.,.F.,.F.,(3,3),(0.,1.),.PIECEWISE_BEZIER_KNOTS.);
#1678 = CARTESIAN_POINT('',(29.042165605096,0.676618913693,
    3.613277827045));
#1679 = CARTESIAN_POINT('',(28.193757961783,0.676618913693,
    3.613277827045));
#1680 = CARTESIAN_POINT('',(27.647261146497,0.902831472183,
    4.234791723493));
#1681 = ORIENTED_EDGE('',*,*,#1642,.F.);
#1682 = SURFACE_OF_LINEAR_EXTRUSION('',#1683,#1687);
#1683 = B_SPLINE_CURVE_WITH_KNOTS('',2,(#1684,#1685,#1686),
  .UNSPECIFIED.,.F.,.F.,(3,3),(0.,1.),.PIECEWISE_BEZIER_KNOTS.);
#1684 = CARTESIAN_POINT('',(29.042165605096,1.428373010321,
    3.339661712384));
#1685 = CARTESIAN_POINT('',(28.193757961783,1.428373010321,
    3.339661712384));
#1686 = CARTESIAN_POINT('',(27.647261146497,1.654585568812,
    3.961175608833));
#1687 = VECTOR('',#1688,1.);
#1688 = DIRECTION('',(-0.,0.939692620786,-0.342020143326));
#1689 = ADVANCED_FACE('',(#1690),#1708,.T.);
#1690 = FACE_BOUND('',#1691,.T.);
#1691 = EDGE_LOOP('',(#1692,#1693,#1701,#1707));
#1692 = ORIENTED_EDGE('',*,*,#508,.T.);
#1693 = ORIENTED_EDGE('',*,*,#1694,.T.);
#1694 = EDGE_CURVE('',#486,#1695,#1697,.T.);
#1695 = VERTEX_POINT('',#1696);
#1696 = CARTESIAN_POINT('',(30.337707006369,0.854382249332,
    4.101678577721));
#1697 = LINE('',#1698,#1699);
#1698 = CARTESIAN_POINT('',(30.337707006369,1.606136345961,3.82806246306
    ));
#1699 = VECTOR('',#1700,1.);
#1700 = DIRECTION('',(0.,-0.939692620786,0.342020143326));
#1701 = ORIENTED_EDGE('',*,*,#1702,.T.);
#1702 = EDGE_CURVE('',#1695,#1669,#1703,.T.);
#1703 = B_SPLINE_CURVE_WITH_KNOTS('',2,(#1704,#1705,#1706),
  .UNSPECIFIED.,.F.,.F.,(3,3),(0.,1.),.PIECEWISE_BEZIER_KNOTS.);
#1704 = CARTESIAN_POINT('',(30.337707006369,0.854382249332,
    4.101678577721));
#1705 = CARTESIAN_POINT('',(29.833248407643,0.676618913693,
    3.613277827045));
#1706 = CARTESIAN_POINT('',(29.042165605096,0.676618913693,
    3.613277827045));
#1707 = ORIENTED_EDGE('',*,*,#1668,.F.);
#1708 = SURFACE_OF_LINEAR_EXTRUSION('',#1709,#1713);
#1709 = B_SPLINE_CURVE_WITH_KNOTS('',2,(#1710,#1711,#1712),
  .UNSPECIFIED.,.F.,.F.,(3,3),(0.,1.),.PIECEWISE_BEZIER_KNOTS.);
#1710 = CARTESIAN_POINT('',(30.337707006369,1.606136345961,3.82806246306
    ));
#1711 = CARTESIAN_POINT('',(29.833248407643,1.428373010321,
    3.339661712384));
#1712 = CARTESIAN_POINT('',(29.042165605096,1.428373010321,
    3.339661712384));
#1713 = VECTOR('',#1714,1.);
#1714 = DIRECTION('',(-0.,0.939692620786,-0.342020143326));
#1715 = ADVANCED_FACE('',(#1716),#1734,.T.);
#1716 = FACE_BOUND('',#1717,.T.);
#1717 = EDGE_LOOP('',(#1718,#1719,#1727,#1733));
#1718 = ORIENTED_EDGE('',*,*,#485,.T.);
#1719 = ORIENTED_EDGE('',*,*,#1720,.T.);
#1720 = EDGE_CURVE('',#463,#1721,#1723,.T.);
#1721 = VERTEX_POINT('',#1722);
#1722 = CARTESIAN_POINT('',(30.842165605096,1.326326477677,
    5.398334688339));
#1723 = LINE('',#1724,#1725);
#1724 = CARTESIAN_POINT('',(30.842165605096,2.078080574305,
    5.124718573678));
#1725 = VECTOR('',#1726,1.);
#1726 = DIRECTION('',(0.,-0.939692620786,0.342020143326));
#1727 = ORIENTED_EDGE('',*,*,#1728,.T.);
#1728 = EDGE_CURVE('',#1721,#1695,#1729,.T.);
#1729 = B_SPLINE_CURVE_WITH_KNOTS('',2,(#1730,#1731,#1732),
  .UNSPECIFIED.,.F.,.F.,(3,3),(0.,1.),.PIECEWISE_BEZIER_KNOTS.);
#1730 = CARTESIAN_POINT('',(30.842165605096,1.326326477677,
    5.398334688339));
#1731 = CARTESIAN_POINT('',(30.842165605096,1.032145584971,
    4.590079328397));
#1732 = CARTESIAN_POINT('',(30.337707006369,0.854382249332,
    4.101678577721));
#1733 = ORIENTED_EDGE('',*,*,#1694,.F.);
#1734 = SURFACE_OF_LINEAR_EXTRUSION('',#1735,#1739);
#1735 = B_SPLINE_CURVE_WITH_KNOTS('',2,(#1736,#1737,#1738),
  .UNSPECIFIED.,.F.,.F.,(3,3),(0.,1.),.PIECEWISE_BEZIER_KNOTS.);
#1736 = CARTESIAN_POINT('',(30.842165605096,2.078080574305,
    5.124718573678));
#1737 = CARTESIAN_POINT('',(30.842165605096,1.7838996816,4.316463213736)
  );
#1738 = CARTESIAN_POINT('',(30.337707006369,1.606136345961,3.82806246306
    ));
#1739 = VECTOR('',#1740,1.);
#1740 = DIRECTION('',(-0.,0.939692620786,-0.342020143326));
#1741 = ADVANCED_FACE('',(#1742),#1760,.T.);
#1742 = FACE_BOUND('',#1743,.T.);
#1743 = EDGE_LOOP('',(#1744,#1745,#1753,#1759));
#1744 = ORIENTED_EDGE('',*,*,#462,.T.);
#1745 = ORIENTED_EDGE('',*,*,#1746,.T.);
#1746 = EDGE_CURVE('',#444,#1747,#1749,.T.);
#1747 = VERTEX_POINT('',#1748);
#1748 = CARTESIAN_POINT('',(30.362420382166,1.778577316877,6.64088365697
    ));
#1749 = LINE('',#1750,#1751);
#1750 = CARTESIAN_POINT('',(30.362420382166,2.530331413505,6.36726754231
    ));
#1751 = VECTOR('',#1752,1.);
#1752 = DIRECTION('',(0.,-0.939692620786,0.342020143326));
#1753 = ORIENTED_EDGE('',*,*,#1754,.T.);
#1754 = EDGE_CURVE('',#1747,#1721,#1755,.T.);
#1755 = B_SPLINE_CURVE_WITH_KNOTS('',2,(#1756,#1757,#1758),
  .UNSPECIFIED.,.F.,.F.,(3,3),(0.,1.),.PIECEWISE_BEZIER_KNOTS.);
#1756 = CARTESIAN_POINT('',(30.362420382166,1.778577316877,6.64088365697
    ));
#1757 = CARTESIAN_POINT('',(30.842165605096,1.603428147938,
    6.159665270275));
#1758 = CARTESIAN_POINT('',(30.842165605096,1.326326477677,
    5.398334688339));
#1759 = ORIENTED_EDGE('',*,*,#1720,.F.);
#1760 = SURFACE_OF_LINEAR_EXTRUSION('',#1761,#1765);
#1761 = B_SPLINE_CURVE_WITH_KNOTS('',2,(#1762,#1763,#1764),
  .UNSPECIFIED.,.F.,.F.,(3,3),(0.,1.),.PIECEWISE_BEZIER_KNOTS.);
#1762 = CARTESIAN_POINT('',(30.362420382166,2.530331413505,6.36726754231
    ));
#1763 = CARTESIAN_POINT('',(30.842165605096,2.355182244567,
    5.886049155614));
#1764 = CARTESIAN_POINT('',(30.842165605096,2.078080574305,
    5.124718573678));
#1765 = VECTOR('',#1766,1.);
#1766 = DIRECTION('',(-0.,0.939692620786,-0.342020143326));
#1767 = ADVANCED_FACE('',(#1768),#1786,.T.);
#1768 = FACE_BOUND('',#1769,.T.);
#1769 = EDGE_LOOP('',(#1770,#1771,#1779,#1785));
#1770 = ORIENTED_EDGE('',*,*,#443,.T.);
#1771 = ORIENTED_EDGE('',*,*,#1772,.T.);
#1772 = EDGE_CURVE('',#425,#1773,#1775,.T.);
#1773 = VERTEX_POINT('',#1774);
#1774 = CARTESIAN_POINT('',(29.210318471338,1.953726485815,
    7.122102043666));
#1775 = LINE('',#1776,#1777);
#1776 = CARTESIAN_POINT('',(29.210318471338,2.705480582444,
    6.848485929005));
#1777 = VECTOR('',#1778,1.);
#1778 = DIRECTION('',(0.,-0.939692620786,0.342020143326));
#1779 = ORIENTED_EDGE('',*,*,#1780,.T.);
#1780 = EDGE_CURVE('',#1773,#1747,#1781,.T.);
#1781 = B_SPLINE_CURVE_WITH_KNOTS('',2,(#1782,#1783,#1784),
  .UNSPECIFIED.,.F.,.F.,(3,3),(0.,1.),.PIECEWISE_BEZIER_KNOTS.);
#1782 = CARTESIAN_POINT('',(29.210318471338,1.953726485815,
    7.122102043666));
#1783 = CARTESIAN_POINT('',(29.882929936306,1.953726485815,
    7.122102043666));
#1784 = CARTESIAN_POINT('',(30.362420382166,1.778577316877,6.64088365697
    ));
#1785 = ORIENTED_EDGE('',*,*,#1746,.F.);
#1786 = SURFACE_OF_LINEAR_EXTRUSION('',#1787,#1791);
#1787 = B_SPLINE_CURVE_WITH_KNOTS('',2,(#1788,#1789,#1790),
  .UNSPECIFIED.,.F.,.F.,(3,3),(0.,1.),.PIECEWISE_BEZIER_KNOTS.);
#1788 = CARTESIAN_POINT('',(29.210318471338,2.705480582444,
    6.848485929005));
#1789 = CARTESIAN_POINT('',(29.882929936306,2.705480582444,
    6.848485929005));
#1790 = CARTESIAN_POINT('',(30.362420382166,2.530331413505,6.36726754231
    ));
#1791 = VECTOR('',#1792,1.);
#1792 = DIRECTION('',(-0.,0.939692620786,-0.342020143326));
#1793 = ADVANCED_FACE('',(#1794),#1812,.T.);
#1794 = FACE_BOUND('',#1795,.T.);
#1795 = EDGE_LOOP('',(#1796,#1797,#1805,#1811));
#1796 = ORIENTED_EDGE('',*,*,#424,.T.);
#1797 = ORIENTED_EDGE('',*,*,#1798,.T.);
#1798 = EDGE_CURVE('',#404,#1799,#1801,.T.);
#1799 = VERTEX_POINT('',#1800);
#1800 = CARTESIAN_POINT('',(28.212866242038,1.791648150379,
    6.676795476873));
#1801 = LINE('',#1802,#1803);
#1802 = CARTESIAN_POINT('',(28.212866242038,2.543402247008,
    6.403179362212));
#1803 = VECTOR('',#1804,1.);
#1804 = DIRECTION('',(0.,-0.939692620786,0.342020143326));
#1805 = ORIENTED_EDGE('',*,*,#1806,.T.);
#1806 = EDGE_CURVE('',#1799,#1773,#1807,.T.);
#1807 = B_SPLINE_CURVE_WITH_KNOTS('',2,(#1808,#1809,#1810),
  .UNSPECIFIED.,.F.,.F.,(3,3),(0.,1.),.PIECEWISE_BEZIER_KNOTS.);
#1808 = CARTESIAN_POINT('',(28.212866242038,1.791648150379,
    6.676795476873));
#1809 = CARTESIAN_POINT('',(28.614140127389,1.953726485815,
    7.122102043666));
#1810 = CARTESIAN_POINT('',(29.210318471338,1.953726485815,
    7.122102043666));
#1811 = ORIENTED_EDGE('',*,*,#1772,.F.);
#1812 = SURFACE_OF_LINEAR_EXTRUSION('',#1813,#1817);
#1813 = B_SPLINE_CURVE_WITH_KNOTS('',2,(#1814,#1815,#1816),
  .UNSPECIFIED.,.F.,.F.,(3,3),(0.,1.),.PIECEWISE_BEZIER_KNOTS.);
#1814 = CARTESIAN_POINT('',(28.212866242038,2.543402247008,
    6.403179362212));
#1815 = CARTESIAN_POINT('',(28.614140127389,2.705480582444,
    6.848485929005));
#1816 = CARTESIAN_POINT('',(29.210318471338,2.705480582444,
    6.848485929005));
#1817 = VECTOR('',#1818,1.);
#1818 = DIRECTION('',(-0.,0.939692620786,-0.342020143326));
#1819 = ADVANCED_FACE('',(#1820),#1838,.T.);
#1820 = FACE_BOUND('',#1821,.T.);
#1821 = EDGE_LOOP('',(#1822,#1823,#1831,#1837));
#1822 = ORIENTED_EDGE('',*,*,#403,.T.);
#1823 = ORIENTED_EDGE('',*,*,#1824,.T.);
#1824 = EDGE_CURVE('',#387,#1825,#1827,.T.);
#1825 = VERTEX_POINT('',#1826);
#1826 = CARTESIAN_POINT('',(28.508917197452,2.227952572706,
    7.875532025223));
#1827 = LINE('',#1828,#1829);
#1828 = CARTESIAN_POINT('',(28.508917197452,2.979706669335,
    7.601915910563));
#1829 = VECTOR('',#1830,1.);
#1830 = DIRECTION('',(0.,-0.939692620786,0.342020143326));
#1831 = ORIENTED_EDGE('',*,*,#1832,.T.);
#1832 = EDGE_CURVE('',#1825,#1799,#1833,.T.);
#1833 = B_SPLINE_CURVE_WITH_KNOTS('',2,(#1834,#1835,#1836),
  .UNSPECIFIED.,.F.,.F.,(3,3),(0.,1.),.PIECEWISE_BEZIER_KNOTS.);
#1834 = CARTESIAN_POINT('',(28.508917197452,2.227952572706,
    7.875532025223));
#1835 = CARTESIAN_POINT('',(28.274012738854,2.123037349123,
    7.587279817471));
#1836 = CARTESIAN_POINT('',(28.212866242038,1.791648150379,
    6.676795476873));
#1837 = ORIENTED_EDGE('',*,*,#1798,.F.);
#1838 = SURFACE_OF_LINEAR_EXTRUSION('',#1839,#1843);
#1839 = B_SPLINE_CURVE_WITH_KNOTS('',2,(#1840,#1841,#1842),
  .UNSPECIFIED.,.F.,.F.,(3,3),(0.,1.),.PIECEWISE_BEZIER_KNOTS.);
#1840 = CARTESIAN_POINT('',(28.508917197452,2.979706669335,
    7.601915910563));
#1841 = CARTESIAN_POINT('',(28.274012738854,2.874791445751,
    7.313663702811));
#1842 = CARTESIAN_POINT('',(28.212866242038,2.543402247008,
    6.403179362212));
#1843 = VECTOR('',#1844,1.);
#1844 = DIRECTION('',(-0.,0.939692620786,-0.342020143326));
#1845 = ADVANCED_FACE('',(#1846),#1864,.T.);
#1846 = FACE_BOUND('',#1847,.T.);
#1847 = EDGE_LOOP('',(#1848,#1849,#1857,#1863));
#1848 = ORIENTED_EDGE('',*,*,#386,.T.);
#1849 = ORIENTED_EDGE('',*,*,#1850,.T.);
#1850 = EDGE_CURVE('',#372,#1851,#1853,.T.);
#1851 = VERTEX_POINT('',#1852);
#1852 = CARTESIAN_POINT('',(29.084203821656,2.332954935179,
    8.164023645108));
#1853 = LINE('',#1854,#1855);
#1854 = CARTESIAN_POINT('',(29.084203821656,3.084709031808,
    7.890407530447));
#1855 = VECTOR('',#1856,1.);
#1856 = DIRECTION('',(0.,-0.939692620786,0.342020143326));
#1857 = ORIENTED_EDGE('',*,*,#1858,.T.);
#1858 = EDGE_CURVE('',#1851,#1825,#1859,.T.);
#1859 = B_SPLINE_CURVE_WITH_KNOTS('',2,(#1860,#1861,#1862),
  .UNSPECIFIED.,.F.,.F.,(3,3),(0.,1.),.PIECEWISE_BEZIER_KNOTS.);
#1860 = CARTESIAN_POINT('',(29.084203821656,2.332954935179,
    8.164023645108));
#1861 = CARTESIAN_POINT('',(28.744076433121,2.332954935179,
    8.164023645108));
#1862 = CARTESIAN_POINT('',(28.508917197452,2.227952572706,
    7.875532025223));
#1863 = ORIENTED_EDGE('',*,*,#1824,.F.);
#1864 = SURFACE_OF_LINEAR_EXTRUSION('',#1865,#1869);
#1865 = B_SPLINE_CURVE_WITH_KNOTS('',2,(#1866,#1867,#1868),
  .UNSPECIFIED.,.F.,.F.,(3,3),(0.,1.),.PIECEWISE_BEZIER_KNOTS.);
#1866 = CARTESIAN_POINT('',(29.084203821656,3.084709031808,
    7.890407530447));
#1867 = CARTESIAN_POINT('',(28.744076433121,3.084709031808,
    7.890407530447));
#1868 = CARTESIAN_POINT('',(28.508917197452,2.979706669335,
    7.601915910563));
#1869 = VECTOR('',#1870,1.);
#1870 = DIRECTION('',(-0.,0.939692620786,-0.342020143326));
#1871 = ADVANCED_FACE('',(#1872),#1890,.T.);
#1872 = FACE_BOUND('',#1873,.T.);
#1873 = EDGE_LOOP('',(#1874,#1875,#1883,#1889));
#1874 = ORIENTED_EDGE('',*,*,#371,.T.);
#1875 = ORIENTED_EDGE('',*,*,#1876,.T.);
#1876 = EDGE_CURVE('',#360,#1877,#1879,.T.);
#1877 = VERTEX_POINT('',#1878);
#1878 = CARTESIAN_POINT('',(29.50076433121,2.281281573398,8.022052250426
    ));
#1879 = LINE('',#1880,#1881);
#1880 = CARTESIAN_POINT('',(29.50076433121,3.033035670027,7.748436135766
    ));
#1881 = VECTOR('',#1882,1.);
#1882 = DIRECTION('',(0.,-0.939692620786,0.342020143326));
#1883 = ORIENTED_EDGE('',*,*,#1884,.T.);
#1884 = EDGE_CURVE('',#1877,#1851,#1885,.T.);
#1885 = B_SPLINE_CURVE_WITH_KNOTS('',2,(#1886,#1887,#1888),
  .UNSPECIFIED.,.F.,.F.,(3,3),(0.,1.),.PIECEWISE_BEZIER_KNOTS.);
#1886 = CARTESIAN_POINT('',(29.50076433121,2.281281573398,8.022052250426
    ));
#1887 = CARTESIAN_POINT('',(29.34025477707,2.332954935179,8.164023645108
    ));
#1888 = CARTESIAN_POINT('',(29.084203821656,2.332954935179,
    8.164023645108));
#1889 = ORIENTED_EDGE('',*,*,#1850,.F.);
#1890 = SURFACE_OF_LINEAR_EXTRUSION('',#1891,#1895);
#1891 = B_SPLINE_CURVE_WITH_KNOTS('',2,(#1892,#1893,#1894),
  .UNSPECIFIED.,.F.,.F.,(3,3),(0.,1.),.PIECEWISE_BEZIER_KNOTS.);
#1892 = CARTESIAN_POINT('',(29.50076433121,3.033035670027,7.748436135766
    ));
#1893 = CARTESIAN_POINT('',(29.34025477707,3.084709031808,7.890407530447
    ));
#1894 = CARTESIAN_POINT('',(29.084203821656,3.084709031808,
    7.890407530447));
#1895 = VECTOR('',#1896,1.);
#1896 = DIRECTION('',(-0.,0.939692620786,-0.342020143326));
#1897 = ADVANCED_FACE('',(#1898),#1909,.T.);
#1898 = FACE_BOUND('',#1899,.T.);
#1899 = EDGE_LOOP('',(#1900,#1901,#1902,#1908));
#1900 = ORIENTED_EDGE('',*,*,#359,.T.);
#1901 = ORIENTED_EDGE('',*,*,#1523,.T.);
#1902 = ORIENTED_EDGE('',*,*,#1903,.T.);
#1903 = EDGE_CURVE('',#1516,#1877,#1904,.T.);
#1904 = B_SPLINE_CURVE_WITH_KNOTS('',2,(#1905,#1906,#1907),
  .UNSPECIFIED.,.F.,.F.,(3,3),(0.,1.),.PIECEWISE_BEZIER_KNOTS.);
#1905 = CARTESIAN_POINT('',(29.69949044586,2.121033154652,7.58177333842)
  );
#1906 = CARTESIAN_POINT('',(29.66127388535,2.229608211616,7.880080855744
    ));
#1907 = CARTESIAN_POINT('',(29.50076433121,2.281281573398,8.022052250426
    ));
#1908 = ORIENTED_EDGE('',*,*,#1876,.F.);
#1909 = SURFACE_OF_LINEAR_EXTRUSION('',#1910,#1914);
#1910 = B_SPLINE_CURVE_WITH_KNOTS('',2,(#1911,#1912,#1913),
  .UNSPECIFIED.,.F.,.F.,(3,3),(0.,1.),.PIECEWISE_BEZIER_KNOTS.);
#1911 = CARTESIAN_POINT('',(29.69949044586,2.872787251281,7.308157223759
    ));
#1912 = CARTESIAN_POINT('',(29.66127388535,2.981362308245,7.606464741084
    ));
#1913 = CARTESIAN_POINT('',(29.50076433121,3.033035670027,7.748436135766
    ));
#1914 = VECTOR('',#1915,1.);
#1915 = DIRECTION('',(-0.,0.939692620786,-0.342020143326));
#1916 = ADVANCED_FACE('',(#1917),#1942,.T.);
#1917 = FACE_BOUND('',#1918,.T.);
#1918 = EDGE_LOOP('',(#1919,#1920,#1928,#1936));
#1919 = ORIENTED_EDGE('',*,*,#651,.T.);
#1920 = ORIENTED_EDGE('',*,*,#1921,.T.);
#1921 = EDGE_CURVE('',#654,#1922,#1924,.T.);
#1922 = VERTEX_POINT('',#1923);
#1923 = CARTESIAN_POINT('',(25.494904458599,0.71008024746,3.705212085995
    ));
#1924 = LINE('',#1925,#1926);
#1925 = CARTESIAN_POINT('',(25.494904458599,1.461834344089,
    3.431595971335));
#1926 = VECTOR('',#1927,1.);
#1927 = DIRECTION('',(0.,-0.939692620786,0.342020143326));
#1928 = ORIENTED_EDGE('',*,*,#1929,.T.);
#1929 = EDGE_CURVE('',#1922,#1930,#1932,.T.);
#1930 = VERTEX_POINT('',#1931);
#1931 = CARTESIAN_POINT('',(24.42101910828,0.71008024746,3.705212085995)
  );
#1932 = LINE('',#1933,#1934);
#1933 = CARTESIAN_POINT('',(25.494904458599,0.71008024746,3.705212085995
    ));
#1934 = VECTOR('',#1935,1.);
#1935 = DIRECTION('',(-1.,0.,0.));
#1936 = ORIENTED_EDGE('',*,*,#1937,.F.);
#1937 = EDGE_CURVE('',#652,#1930,#1938,.T.);
#1938 = LINE('',#1939,#1940);
#1939 = CARTESIAN_POINT('',(24.42101910828,1.461834344089,3.431595971335
    ));
#1940 = VECTOR('',#1941,1.);
#1941 = DIRECTION('',(0.,-0.939692620786,0.342020143326));
#1942 = PLANE('',#1943);
#1943 = AXIS2_PLACEMENT_3D('',#1944,#1945,#1946);
#1944 = CARTESIAN_POINT('',(25.494904458599,1.461834344089,
    3.431595971335));
#1945 = DIRECTION('',(0.,-0.342020143326,-0.939692620786));
#1946 = DIRECTION('',(-1.,0.,0.));
#1947 = ADVANCED_FACE('',(#1948),#1966,.T.);
#1948 = FACE_BOUND('',#1949,.T.);
#1949 = EDGE_LOOP('',(#1950,#1951,#1959,#1965));
#1950 = ORIENTED_EDGE('',*,*,#731,.T.);
#1951 = ORIENTED_EDGE('',*,*,#1952,.T.);
#1952 = EDGE_CURVE('',#724,#1953,#1955,.T.);
#1953 = VERTEX_POINT('',#1954);
#1954 = CARTESIAN_POINT('',(25.494904458599,2.639683828047,
    9.006754352157));
#1955 = LINE('',#1956,#1957);
#1956 = CARTESIAN_POINT('',(25.494904458599,3.391437924676,
    8.733138237496));
#1957 = VECTOR('',#1958,1.);
#1958 = DIRECTION('',(0.,-0.939692620786,0.342020143326));
#1959 = ORIENTED_EDGE('',*,*,#1960,.T.);
#1960 = EDGE_CURVE('',#1953,#1922,#1961,.T.);
#1961 = LINE('',#1962,#1963);
#1962 = CARTESIAN_POINT('',(25.494904458599,2.639683828047,
    9.006754352157));
#1963 = VECTOR('',#1964,1.);
#1964 = DIRECTION('',(0.,-0.342020143326,-0.939692620786));
#1965 = ORIENTED_EDGE('',*,*,#1921,.F.);
#1966 = PLANE('',#1967);
#1967 = AXIS2_PLACEMENT_3D('',#1968,#1969,#1970);
#1968 = CARTESIAN_POINT('',(25.494904458599,3.391437924676,
    8.733138237496));
#1969 = DIRECTION('',(1.,0.,0.));
#1970 = DIRECTION('',(0.,-0.342020143326,-0.939692620786));
#1971 = ADVANCED_FACE('',(#1972),#1990,.T.);
#1972 = FACE_BOUND('',#1973,.T.);
#1973 = EDGE_LOOP('',(#1974,#1975,#1983,#1989));
#1974 = ORIENTED_EDGE('',*,*,#723,.T.);
#1975 = ORIENTED_EDGE('',*,*,#1976,.T.);
#1976 = EDGE_CURVE('',#705,#1977,#1979,.T.);
#1977 = VERTEX_POINT('',#1978);
#1978 = CARTESIAN_POINT('',(24.623566878981,2.639683828047,
    9.006754352157));
#1979 = LINE('',#1980,#1981);
#1980 = CARTESIAN_POINT('',(24.623566878981,3.391437924676,
    8.733138237496));
#1981 = VECTOR('',#1982,1.);
#1982 = DIRECTION('',(0.,-0.939692620786,0.342020143326));
#1983 = ORIENTED_EDGE('',*,*,#1984,.T.);
#1984 = EDGE_CURVE('',#1977,#1953,#1985,.T.);
#1985 = LINE('',#1986,#1987);
#1986 = CARTESIAN_POINT('',(24.623566878981,2.639683828047,
    9.006754352157));
#1987 = VECTOR('',#1988,1.);
#1988 = DIRECTION('',(1.,0.,0.));
#1989 = ORIENTED_EDGE('',*,*,#1952,.F.);
#1990 = PLANE('',#1991);
#1991 = AXIS2_PLACEMENT_3D('',#1992,#1993,#1994);
#1992 = CARTESIAN_POINT('',(24.623566878981,3.391437924676,
    8.733138237496));
#1993 = DIRECTION('',(0.,0.342020143326,0.939692620786));
#1994 = DIRECTION('',(1.,0.,0.));
#1995 = ADVANCED_FACE('',(#1996),#2014,.T.);
#1996 = FACE_BOUND('',#1997,.T.);
#1997 = EDGE_LOOP('',(#1998,#1999,#2007,#2013));
#1998 = ORIENTED_EDGE('',*,*,#704,.T.);
#1999 = ORIENTED_EDGE('',*,*,#2000,.T.);
#2000 = EDGE_CURVE('',#693,#2001,#2003,.T.);
#2001 = VERTEX_POINT('',#2002);
#2002 = CARTESIAN_POINT('',(23.947133757962,2.332954935179,
    8.164023645108));
#2003 = LINE('',#2004,#2005);
#2004 = CARTESIAN_POINT('',(23.947133757962,3.084709031808,
    7.890407530447));
#2005 = VECTOR('',#2006,1.);
#2006 = DIRECTION('',(0.,-0.939692620786,0.342020143326));
#2007 = ORIENTED_EDGE('',*,*,#2008,.T.);
#2008 = EDGE_CURVE('',#2001,#1977,#2009,.T.);
#2009 = B_SPLINE_CURVE_WITH_KNOTS('',2,(#2010,#2011,#2012),
  .UNSPECIFIED.,.F.,.F.,(3,3),(0.,1.),.PIECEWISE_BEZIER_KNOTS.);
#2010 = CARTESIAN_POINT('',(23.947133757962,2.332954935179,
    8.164023645108));
#2011 = CARTESIAN_POINT('',(24.440127388535,2.464447520218,
    8.525296553329));
#2012 = CARTESIAN_POINT('',(24.623566878981,2.639683828047,
    9.006754352157));
#2013 = ORIENTED_EDGE('',*,*,#1976,.F.);
#2014 = SURFACE_OF_LINEAR_EXTRUSION('',#2015,#2019);
#2015 = B_SPLINE_CURVE_WITH_KNOTS('',2,(#2016,#2017,#2018),
  .UNSPECIFIED.,.F.,.F.,(3,3),(0.,1.),.PIECEWISE_BEZIER_KNOTS.);
#2016 = CARTESIAN_POINT('',(23.947133757962,3.084709031808,
    7.890407530447));
#2017 = CARTESIAN_POINT('',(24.440127388535,3.216201616847,
    8.251680438668));
#2018 = CARTESIAN_POINT('',(24.623566878981,3.391437924676,
    8.733138237496));
#2019 = VECTOR('',#2020,1.);
#2020 = DIRECTION('',(-0.,0.939692620786,-0.342020143326));
#2021 = ADVANCED_FACE('',(#2022),#2040,.T.);
#2022 = FACE_BOUND('',#2023,.T.);
#2023 = EDGE_LOOP('',(#2024,#2025,#2033,#2039));
#2024 = ORIENTED_EDGE('',*,*,#692,.T.);
#2025 = ORIENTED_EDGE('',*,*,#2026,.T.);
#2026 = EDGE_CURVE('',#685,#2027,#2029,.T.);
#2027 = VERTEX_POINT('',#2028);
#2028 = CARTESIAN_POINT('',(23.033757961783,2.15449448842,7.67370759737)
  );
#2029 = LINE('',#2030,#2031);
#2030 = CARTESIAN_POINT('',(23.033757961783,2.906248585048,7.40009148271
    ));
#2031 = VECTOR('',#2032,1.);
#2032 = DIRECTION('',(0.,-0.939692620786,0.342020143326));
#2033 = ORIENTED_EDGE('',*,*,#2034,.T.);
#2034 = EDGE_CURVE('',#2027,#2001,#2035,.T.);
#2035 = B_SPLINE_CURVE_WITH_KNOTS('',2,(#2036,#2037,#2038),
  .UNSPECIFIED.,.F.,.F.,(3,3),(0.,1.),.PIECEWISE_BEZIER_KNOTS.);
#2036 = CARTESIAN_POINT('',(23.033757961783,2.15449448842,7.67370759737)
  );
#2037 = CARTESIAN_POINT('',(23.454140127389,2.20154948903,7.80299014902)
  );
#2038 = CARTESIAN_POINT('',(23.947133757962,2.332954935179,
    8.164023645108));
#2039 = ORIENTED_EDGE('',*,*,#2000,.F.);
#2040 = SURFACE_OF_LINEAR_EXTRUSION('',#2041,#2045);
#2041 = B_SPLINE_CURVE_WITH_KNOTS('',2,(#2042,#2043,#2044),
  .UNSPECIFIED.,.F.,.F.,(3,3),(0.,1.),.PIECEWISE_BEZIER_KNOTS.);
#2042 = CARTESIAN_POINT('',(23.033757961783,2.906248585048,7.40009148271
    ));
#2043 = CARTESIAN_POINT('',(23.454140127389,2.953303585659,
    7.529374034359));
#2044 = CARTESIAN_POINT('',(23.947133757962,3.084709031808,
    7.890407530447));
#2045 = VECTOR('',#2046,1.);
#2046 = DIRECTION('',(-0.,0.939692620786,-0.342020143326));
#2047 = ADVANCED_FACE('',(#2048),#2066,.T.);
#2048 = FACE_BOUND('',#2049,.T.);
#2049 = EDGE_LOOP('',(#2050,#2051,#2059,#2065));
#2050 = ORIENTED_EDGE('',*,*,#684,.T.);
#2051 = ORIENTED_EDGE('',*,*,#2052,.T.);
#2052 = EDGE_CURVE('',#670,#2053,#2055,.T.);
#2053 = VERTEX_POINT('',#2054);
#2054 = CARTESIAN_POINT('',(23.033757961783,1.819881150746,
    6.754365007863));
#2055 = LINE('',#2056,#2057);
#2056 = CARTESIAN_POINT('',(23.033757961783,2.571635247374,
    6.480748893202));
#2057 = VECTOR('',#2058,1.);
#2058 = DIRECTION('',(0.,-0.939692620786,0.342020143326));
#2059 = ORIENTED_EDGE('',*,*,#2060,.T.);
#2060 = EDGE_CURVE('',#2053,#2027,#2061,.T.);
#2061 = LINE('',#2062,#2063);
#2062 = CARTESIAN_POINT('',(23.033757961783,1.819881150746,
    6.754365007863));
#2063 = VECTOR('',#2064,1.);
#2064 = DIRECTION('',(0.,0.342020143326,0.939692620786));
#2065 = ORIENTED_EDGE('',*,*,#2026,.F.);
#2066 = PLANE('',#2067);
#2067 = AXIS2_PLACEMENT_3D('',#2068,#2069,#2070);
#2068 = CARTESIAN_POINT('',(23.033757961783,2.571635247374,
    6.480748893202));
#2069 = DIRECTION('',(-1.,0.,0.));
#2070 = DIRECTION('',(0.,0.342020143326,0.939692620786));
#2071 = ADVANCED_FACE('',(#2072),#2090,.T.);
#2072 = FACE_BOUND('',#2073,.T.);
#2073 = EDGE_LOOP('',(#2074,#2075,#2083,#2089));
#2074 = ORIENTED_EDGE('',*,*,#669,.T.);
#2075 = ORIENTED_EDGE('',*,*,#2076,.T.);
#2076 = EDGE_CURVE('',#662,#2077,#2079,.T.);
#2077 = VERTEX_POINT('',#2078);
#2078 = CARTESIAN_POINT('',(24.42101910828,2.099422709928,7.522399129514
    ));
#2079 = LINE('',#2080,#2081);
#2080 = CARTESIAN_POINT('',(24.42101910828,2.851176806556,7.248783014853
    ));
#2081 = VECTOR('',#2082,1.);
#2082 = DIRECTION('',(0.,-0.939692620786,0.342020143326));
#2083 = ORIENTED_EDGE('',*,*,#2084,.T.);
#2084 = EDGE_CURVE('',#2077,#2053,#2085,.T.);
#2085 = B_SPLINE_CURVE_WITH_KNOTS('',2,(#2086,#2087,#2088),
  .UNSPECIFIED.,.F.,.F.,(3,3),(0.,1.),.PIECEWISE_BEZIER_KNOTS.);
#2086 = CARTESIAN_POINT('',(24.42101910828,2.099422709928,7.522399129514
    ));
#2087 = CARTESIAN_POINT('',(23.832484076433,1.910418457476,
    7.003114213722));
#2088 = CARTESIAN_POINT('',(23.033757961783,1.819881150746,
    6.754365007863));
#2089 = ORIENTED_EDGE('',*,*,#2052,.F.);
#2090 = SURFACE_OF_LINEAR_EXTRUSION('',#2091,#2095);
#2091 = B_SPLINE_CURVE_WITH_KNOTS('',2,(#2092,#2093,#2094),
  .UNSPECIFIED.,.F.,.F.,(3,3),(0.,1.),.PIECEWISE_BEZIER_KNOTS.);
#2092 = CARTESIAN_POINT('',(24.42101910828,2.851176806556,7.248783014853
    ));
#2093 = CARTESIAN_POINT('',(23.832484076433,2.662172554104,
    6.729498099061));
#2094 = CARTESIAN_POINT('',(23.033757961783,2.571635247374,
    6.480748893202));
#2095 = VECTOR('',#2096,1.);
#2096 = DIRECTION('',(-0.,0.939692620786,-0.342020143326));
#2097 = ADVANCED_FACE('',(#2098),#2109,.T.);
#2098 = FACE_BOUND('',#2099,.T.);
#2099 = EDGE_LOOP('',(#2100,#2101,#2102,#2108));
#2100 = ORIENTED_EDGE('',*,*,#661,.T.);
#2101 = ORIENTED_EDGE('',*,*,#1937,.T.);
#2102 = ORIENTED_EDGE('',*,*,#2103,.T.);
#2103 = EDGE_CURVE('',#1930,#2077,#2104,.T.);
#2104 = LINE('',#2105,#2106);
#2105 = CARTESIAN_POINT('',(24.42101910828,0.71008024746,3.705212085995)
  );
#2106 = VECTOR('',#2107,1.);
#2107 = DIRECTION('',(0.,0.342020143326,0.939692620786));
#2108 = ORIENTED_EDGE('',*,*,#2076,.F.);
#2109 = PLANE('',#2110);
#2110 = AXIS2_PLACEMENT_3D('',#2111,#2112,#2113);
#2111 = CARTESIAN_POINT('',(24.42101910828,1.461834344089,3.431595971335
    ));
#2112 = DIRECTION('',(-1.,0.,0.));
#2113 = DIRECTION('',(0.,0.342020143326,0.939692620786));
#2114 = ADVANCED_FACE('',(#2115),#2140,.T.);
#2115 = FACE_BOUND('',#2116,.T.);
#2116 = EDGE_LOOP('',(#2117,#2118,#2126,#2134));
#2117 = ORIENTED_EDGE('',*,*,#739,.T.);
#2118 = ORIENTED_EDGE('',*,*,#2119,.T.);
#2119 = EDGE_CURVE('',#742,#2120,#2122,.T.);
#2120 = VERTEX_POINT('',#2121);
#2121 = CARTESIAN_POINT('',(20.234522292994,0.676618913693,
    3.613277827045));
#2122 = LINE('',#2123,#2124);
#2123 = CARTESIAN_POINT('',(20.234522292994,1.428373010321,
    3.339661712384));
#2124 = VECTOR('',#2125,1.);
#2125 = DIRECTION('',(0.,-0.939692620786,0.342020143326));
#2126 = ORIENTED_EDGE('',*,*,#2127,.T.);
#2127 = EDGE_CURVE('',#2120,#2128,#2130,.T.);
#2128 = VERTEX_POINT('',#2129);
#2129 = CARTESIAN_POINT('',(21.62178343949,2.656414494931,9.052721481632
    ));
#2130 = LINE('',#2131,#2132);
#2131 = CARTESIAN_POINT('',(20.234522292994,0.676618913693,
    3.613277827045));
#2132 = VECTOR('',#2133,1.);
#2133 = DIRECTION('',(0.233057266823,0.332601938861,0.913816316689));
#2134 = ORIENTED_EDGE('',*,*,#2135,.F.);
#2135 = EDGE_CURVE('',#740,#2128,#2136,.T.);
#2136 = LINE('',#2137,#2138);
#2137 = CARTESIAN_POINT('',(21.62178343949,3.408168591559,8.779105366972
    ));
#2138 = VECTOR('',#2139,1.);
#2139 = DIRECTION('',(0.,-0.939692620786,0.342020143326));
#2140 = PLANE('',#2141);
#2141 = AXIS2_PLACEMENT_3D('',#2142,#2143,#2144);
#2142 = CARTESIAN_POINT('',(20.234522292994,1.428373010321,
    3.339661712384));
#2143 = DIRECTION('',(-0.972463012346,7.971027980197E-02,0.219002193854)
  );
#2144 = DIRECTION('',(0.233057266823,0.332601938861,0.913816316689));
#2145 = ADVANCED_FACE('',(#2146),#2164,.T.);
#2146 = FACE_BOUND('',#2147,.T.);
#2147 = EDGE_LOOP('',(#2148,#2149,#2157,#2163));
#2148 = ORIENTED_EDGE('',*,*,#765,.T.);
#2149 = ORIENTED_EDGE('',*,*,#2150,.T.);
#2150 = EDGE_CURVE('',#758,#2151,#2153,.T.);
#2151 = VERTEX_POINT('',#2152);
#2152 = CARTESIAN_POINT('',(21.025605095541,0.676618913693,
    3.613277827045));
#2153 = LINE('',#2154,#2155);
#2154 = CARTESIAN_POINT('',(21.025605095541,1.428373010321,
    3.339661712384));
#2155 = VECTOR('',#2156,1.);
#2156 = DIRECTION('',(0.,-0.939692620786,0.342020143326));
#2157 = ORIENTED_EDGE('',*,*,#2158,.T.);
#2158 = EDGE_CURVE('',#2151,#2120,#2159,.T.);
#2159 = LINE('',#2160,#2161);
#2160 = CARTESIAN_POINT('',(21.025605095541,0.676618913693,
    3.613277827045));
#2161 = VECTOR('',#2162,1.);
#2162 = DIRECTION('',(-1.,0.,0.));
#2163 = ORIENTED_EDGE('',*,*,#2119,.F.);
#2164 = PLANE('',#2165);
#2165 = AXIS2_PLACEMENT_3D('',#2166,#2167,#2168);
#2166 = CARTESIAN_POINT('',(21.025605095541,1.428373010321,
    3.339661712384));
#2167 = DIRECTION('',(0.,-0.342020143326,-0.939692620786));
#2168 = DIRECTION('',(-1.,0.,0.));
#2169 = ADVANCED_FACE('',(#2170),#2188,.T.);
#2170 = FACE_BOUND('',#2171,.T.);
#2171 = EDGE_LOOP('',(#2172,#2173,#2181,#2187));
#2172 = ORIENTED_EDGE('',*,*,#757,.T.);
#2173 = ORIENTED_EDGE('',*,*,#2174,.T.);
#2174 = EDGE_CURVE('',#750,#2175,#2177,.T.);
#2175 = VERTEX_POINT('',#2176);
#2176 = CARTESIAN_POINT('',(22.428152866242,2.656414494931,
    9.052721481632));
#2177 = LINE('',#2178,#2179);
#2178 = CARTESIAN_POINT('',(22.428152866242,3.408168591559,
    8.779105366972));
#2179 = VECTOR('',#2180,1.);
#2180 = DIRECTION('',(0.,-0.939692620786,0.342020143326));
#2181 = ORIENTED_EDGE('',*,*,#2182,.T.);
#2182 = EDGE_CURVE('',#2175,#2151,#2183,.T.);
#2183 = LINE('',#2184,#2185);
#2184 = CARTESIAN_POINT('',(22.428152866242,2.656414494931,
    9.052721481632));
#2185 = VECTOR('',#2186,1.);
#2186 = DIRECTION('',(-0.235483715343,-0.332401953666,-0.913266861879));
#2187 = ORIENTED_EDGE('',*,*,#2150,.F.);
#2188 = PLANE('',#2189);
#2189 = AXIS2_PLACEMENT_3D('',#2190,#2191,#2192);
#2190 = CARTESIAN_POINT('',(22.428152866242,3.408168591559,
    8.779105366972));
#2191 = DIRECTION('',(0.971878294751,-8.054017407264E-02,-0.221282309624
    ));
#2192 = DIRECTION('',(-0.235483715343,-0.332401953666,-0.913266861879));
#2193 = ADVANCED_FACE('',(#2194),#2205,.T.);
#2194 = FACE_BOUND('',#2195,.T.);
#2195 = EDGE_LOOP('',(#2196,#2197,#2198,#2204));
#2196 = ORIENTED_EDGE('',*,*,#749,.T.);
#2197 = ORIENTED_EDGE('',*,*,#2135,.T.);
#2198 = ORIENTED_EDGE('',*,*,#2199,.T.);
#2199 = EDGE_CURVE('',#2128,#2175,#2200,.T.);
#2200 = LINE('',#2201,#2202);
#2201 = CARTESIAN_POINT('',(21.62178343949,2.656414494931,9.052721481632
    ));
#2202 = VECTOR('',#2203,1.);
#2203 = DIRECTION('',(1.,0.,0.));
#2204 = ORIENTED_EDGE('',*,*,#2174,.F.);
#2205 = PLANE('',#2206);
#2206 = AXIS2_PLACEMENT_3D('',#2207,#2208,#2209);
#2207 = CARTESIAN_POINT('',(21.62178343949,3.408168591559,8.779105366972
    ));
#2208 = DIRECTION('',(0.,0.342020143326,0.939692620786));
#2209 = DIRECTION('',(1.,0.,0.));
#2210 = ADVANCED_FACE('',(#2211),#2236,.T.);
#2211 = FACE_BOUND('',#2212,.T.);
#2212 = EDGE_LOOP('',(#2213,#2214,#2222,#2230));
#2213 = ORIENTED_EDGE('',*,*,#773,.T.);
#2214 = ORIENTED_EDGE('',*,*,#2215,.T.);
#2215 = EDGE_CURVE('',#776,#2216,#2218,.T.);
#2216 = VERTEX_POINT('',#2217);
#2217 = CARTESIAN_POINT('',(16.240127388535,1.202240698289,
    5.057411811396));
#2218 = LINE('',#2219,#2220);
#2219 = CARTESIAN_POINT('',(16.240127388535,1.953994794918,
    4.783795696736));
#2220 = VECTOR('',#2221,1.);
#2221 = DIRECTION('',(0.,-0.939692620786,0.342020143326));
#2222 = ORIENTED_EDGE('',*,*,#2223,.T.);
#2223 = EDGE_CURVE('',#2216,#2224,#2226,.T.);
#2224 = VERTEX_POINT('',#2225);
#2225 = CARTESIAN_POINT('',(17.310191082803,1.239884698777,
    5.160837852716));
#2226 = LINE('',#2227,#2228);
#2227 = CARTESIAN_POINT('',(16.240127388535,1.202240698289,
    5.057411811396));
#2228 = VECTOR('',#2229,1.);
#2229 = DIRECTION('',(0.994751810339,3.499458755099E-02,
    9.614683909947E-02));
#2230 = ORIENTED_EDGE('',*,*,#2231,.F.);
#2231 = EDGE_CURVE('',#774,#2224,#2232,.T.);
#2232 = LINE('',#2233,#2234);
#2233 = CARTESIAN_POINT('',(17.310191082803,1.991638795406,
    4.887221738055));
#2234 = VECTOR('',#2235,1.);
#2235 = DIRECTION('',(0.,-0.939692620786,0.342020143326));
#2236 = PLANE('',#2237);
#2237 = AXIS2_PLACEMENT_3D('',#2238,#2239,#2240);
#2238 = CARTESIAN_POINT('',(16.240127388535,1.953994794918,
    4.783795696736));
#2239 = DIRECTION('',(-0.102317329063,0.340225156746,0.934760935689));
#2240 = DIRECTION('',(0.994751810339,3.499458755099E-02,
    9.614683909947E-02));
#2241 = ADVANCED_FACE('',(#2242),#2260,.T.);
#2242 = FACE_BOUND('',#2243,.T.);
#2243 = EDGE_LOOP('',(#2244,#2245,#2253,#2259));
#2244 = ORIENTED_EDGE('',*,*,#1063,.T.);
#2245 = ORIENTED_EDGE('',*,*,#2246,.T.);
#2246 = EDGE_CURVE('',#1042,#2247,#2249,.T.);
#2247 = VERTEX_POINT('',#2248);
#2248 = CARTESIAN_POINT('',(16.824840764331,0.819090998874,
    4.004716663983));
#2249 = LINE('',#2250,#2251);
#2250 = CARTESIAN_POINT('',(16.824840764331,1.570845095503,
    3.731100549323));
#2251 = VECTOR('',#2252,1.);
#2252 = DIRECTION('',(0.,-0.939692620786,0.342020143326));
#2253 = ORIENTED_EDGE('',*,*,#2254,.T.);
#2254 = EDGE_CURVE('',#2247,#2216,#2255,.T.);
#2255 = B_SPLINE_CURVE_WITH_KNOTS('',2,(#2256,#2257,#2258),
  .UNSPECIFIED.,.F.,.F.,(3,3),(0.,1.),.PIECEWISE_BEZIER_KNOTS.);
#2256 = CARTESIAN_POINT('',(16.824840764331,0.819090998874,
    4.004716663983));
#2257 = CARTESIAN_POINT('',(16.335668789809,0.961650222946,
    4.396394913055));
#2258 = CARTESIAN_POINT('',(16.240127388535,1.202240698289,
    5.057411811396));
#2259 = ORIENTED_EDGE('',*,*,#2215,.F.);
#2260 = SURFACE_OF_LINEAR_EXTRUSION('',#2261,#2265);
#2261 = B_SPLINE_CURVE_WITH_KNOTS('',2,(#2262,#2263,#2264),
  .UNSPECIFIED.,.F.,.F.,(3,3),(0.,1.),.PIECEWISE_BEZIER_KNOTS.);
#2262 = CARTESIAN_POINT('',(16.824840764331,1.570845095503,
    3.731100549323));
#2263 = CARTESIAN_POINT('',(16.335668789809,1.713404319575,
    4.122778798394));
#2264 = CARTESIAN_POINT('',(16.240127388535,1.953994794918,
    4.783795696736));
#2265 = VECTOR('',#2266,1.);
#2266 = DIRECTION('',(-0.,0.939692620786,-0.342020143326));
#2267 = ADVANCED_FACE('',(#2268),#2286,.T.);
#2268 = FACE_BOUND('',#2269,.T.);
#2269 = EDGE_LOOP('',(#2270,#2271,#2279,#2285));
#2270 = ORIENTED_EDGE('',*,*,#1041,.T.);
#2271 = ORIENTED_EDGE('',*,*,#2272,.T.);
#2272 = EDGE_CURVE('',#1019,#2273,#2275,.T.);
#2273 = VERTEX_POINT('',#2274);
#2274 = CARTESIAN_POINT('',(18.089808917197,0.676618913693,
    3.613277827045));
#2275 = LINE('',#2276,#2277);
#2276 = CARTESIAN_POINT('',(18.089808917197,1.428373010321,
    3.339661712384));
#2277 = VECTOR('',#2278,1.);
#2278 = DIRECTION('',(0.,-0.939692620786,0.342020143326));
#2279 = ORIENTED_EDGE('',*,*,#2280,.T.);
#2280 = EDGE_CURVE('',#2273,#2247,#2281,.T.);
#2281 = B_SPLINE_CURVE_WITH_KNOTS('',2,(#2282,#2283,#2284),
  .UNSPECIFIED.,.F.,.F.,(3,3),(0.,1.),.PIECEWISE_BEZIER_KNOTS.);
#2282 = CARTESIAN_POINT('',(18.089808917197,0.676618913693,
    3.613277827045));
#2283 = CARTESIAN_POINT('',(17.314012738854,0.676618913693,
    3.613277827045));
#2284 = CARTESIAN_POINT('',(16.824840764331,0.819090998874,
    4.004716663983));
#2285 = ORIENTED_EDGE('',*,*,#2246,.F.);
#2286 = SURFACE_OF_LINEAR_EXTRUSION('',#2287,#2291);
#2287 = B_SPLINE_CURVE_WITH_KNOTS('',2,(#2288,#2289,#2290),
  .UNSPECIFIED.,.F.,.F.,(3,3),(0.,1.),.PIECEWISE_BEZIER_KNOTS.);
#2288 = CARTESIAN_POINT('',(18.089808917197,1.428373010321,
    3.339661712384));
#2289 = CARTESIAN_POINT('',(17.314012738854,1.428373010321,
    3.339661712384));
#2290 = CARTESIAN_POINT('',(16.824840764331,1.570845095503,
    3.731100549323));
#2291 = VECTOR('',#2292,1.);
#2292 = DIRECTION('',(-0.,0.939692620786,-0.342020143326));
#2293 = ADVANCED_FACE('',(#2294),#2312,.T.);
#2294 = FACE_BOUND('',#2295,.T.);
#2295 = EDGE_LOOP('',(#2296,#2297,#2305,#2311));
#2296 = ORIENTED_EDGE('',*,*,#1018,.T.);
#2297 = ORIENTED_EDGE('',*,*,#2298,.T.);
#2298 = EDGE_CURVE('',#1004,#2299,#2301,.T.);
#2299 = VERTEX_POINT('',#2300);
#2300 = CARTESIAN_POINT('',(19.607006369427,0.931500166999,
    4.313558315146));
#2301 = LINE('',#2302,#2303);
#2302 = CARTESIAN_POINT('',(19.607006369427,1.683254263628,
    4.039942200486));
#2303 = VECTOR('',#2304,1.);
#2304 = DIRECTION('',(0.,-0.939692620786,0.342020143326));
#2305 = ORIENTED_EDGE('',*,*,#2306,.T.);
#2306 = EDGE_CURVE('',#2299,#2273,#2307,.T.);
#2307 = B_SPLINE_CURVE_WITH_KNOTS('',2,(#2308,#2309,#2310),
  .UNSPECIFIED.,.F.,.F.,(3,3),(0.,1.),.PIECEWISE_BEZIER_KNOTS.);
#2308 = CARTESIAN_POINT('',(19.607006369427,0.931500166999,
    4.313558315146));
#2309 = CARTESIAN_POINT('',(19.06050955414,0.676618913693,3.613277827045
    ));
#2310 = CARTESIAN_POINT('',(18.089808917197,0.676618913693,
    3.613277827045));
#2311 = ORIENTED_EDGE('',*,*,#2272,.F.);
#2312 = SURFACE_OF_LINEAR_EXTRUSION('',#2313,#2317);
#2313 = B_SPLINE_CURVE_WITH_KNOTS('',2,(#2314,#2315,#2316),
  .UNSPECIFIED.,.F.,.F.,(3,3),(0.,1.),.PIECEWISE_BEZIER_KNOTS.);
#2314 = CARTESIAN_POINT('',(19.607006369427,1.683254263628,
    4.039942200486));
#2315 = CARTESIAN_POINT('',(19.06050955414,1.428373010321,3.339661712384
    ));
#2316 = CARTESIAN_POINT('',(18.089808917197,1.428373010321,
    3.339661712384));
#2317 = VECTOR('',#2318,1.);
#2318 = DIRECTION('',(-0.,0.939692620786,-0.342020143326));
#2319 = ADVANCED_FACE('',(#2320),#2338,.T.);
#2320 = FACE_BOUND('',#2321,.T.);
#2321 = EDGE_LOOP('',(#2322,#2323,#2331,#2337));
#2322 = ORIENTED_EDGE('',*,*,#1003,.T.);
#2323 = ORIENTED_EDGE('',*,*,#2324,.T.);
#2324 = EDGE_CURVE('',#981,#2325,#2327,.T.);
#2325 = VERTEX_POINT('',#2326);
#2326 = CARTESIAN_POINT('',(20.008280254777,1.355866561393,
    5.479495401319));
#2327 = LINE('',#2328,#2329);
#2328 = CARTESIAN_POINT('',(20.008280254777,2.107620658022,
    5.205879286658));
#2329 = VECTOR('',#2330,1.);
#2330 = DIRECTION('',(0.,-0.939692620786,0.342020143326));
#2331 = ORIENTED_EDGE('',*,*,#2332,.T.);
#2332 = EDGE_CURVE('',#2325,#2299,#2333,.T.);
#2333 = B_SPLINE_CURVE_WITH_KNOTS('',2,(#2334,#2335,#2336),
  .UNSPECIFIED.,.F.,.F.,(3,3),(0.,1.),.PIECEWISE_BEZIER_KNOTS.);
#2334 = CARTESIAN_POINT('',(20.008280254777,1.355866561393,
    5.479495401319));
#2335 = CARTESIAN_POINT('',(20.008280254777,1.11806453053,4.826139691223
    ));
#2336 = CARTESIAN_POINT('',(19.607006369427,0.931500166999,
    4.313558315146));
#2337 = ORIENTED_EDGE('',*,*,#2298,.F.);
#2338 = SURFACE_OF_LINEAR_EXTRUSION('',#2339,#2343);
#2339 = B_SPLINE_CURVE_WITH_KNOTS('',2,(#2340,#2341,#2342),
  .UNSPECIFIED.,.F.,.F.,(3,3),(0.,1.),.PIECEWISE_BEZIER_KNOTS.);
#2340 = CARTESIAN_POINT('',(20.008280254777,2.107620658022,
    5.205879286658));
#2341 = CARTESIAN_POINT('',(20.008280254777,1.869818627159,
    4.552523576563));
#2342 = CARTESIAN_POINT('',(19.607006369427,1.683254263628,
    4.039942200486));
#2343 = VECTOR('',#2344,1.);
#2344 = DIRECTION('',(-0.,0.939692620786,-0.342020143326));
#2345 = ADVANCED_FACE('',(#2346),#2364,.T.);
#2346 = FACE_BOUND('',#2347,.T.);
#2347 = EDGE_LOOP('',(#2348,#2349,#2357,#2363));
#2348 = ORIENTED_EDGE('',*,*,#980,.T.);
#2349 = ORIENTED_EDGE('',*,*,#2350,.T.);
#2350 = EDGE_CURVE('',#958,#2351,#2353,.T.);
#2351 = VERTEX_POINT('',#2352);
#2352 = CARTESIAN_POINT('',(19.511464968153,1.819619734076,
    6.753646771465));
#2353 = LINE('',#2354,#2355);
#2354 = CARTESIAN_POINT('',(19.511464968153,2.571373830704,
    6.480030656804));
#2355 = VECTOR('',#2356,1.);
#2356 = DIRECTION('',(0.,-0.939692620786,0.342020143326));
#2357 = ORIENTED_EDGE('',*,*,#2358,.T.);
#2358 = EDGE_CURVE('',#2351,#2325,#2359,.T.);
#2359 = B_SPLINE_CURVE_WITH_KNOTS('',2,(#2360,#2361,#2362),
  .UNSPECIFIED.,.F.,.F.,(3,3),(0.,1.),.PIECEWISE_BEZIER_KNOTS.);
#2360 = CARTESIAN_POINT('',(19.511464968153,1.819619734076,
    6.753646771465));
#2361 = CARTESIAN_POINT('',(20.008280254777,1.640985009536,
    6.262851899462));
#2362 = CARTESIAN_POINT('',(20.008280254777,1.355866561393,
    5.479495401319));
#2363 = ORIENTED_EDGE('',*,*,#2324,.F.);
#2364 = SURFACE_OF_LINEAR_EXTRUSION('',#2365,#2369);
#2365 = B_SPLINE_CURVE_WITH_KNOTS('',2,(#2366,#2367,#2368),
  .UNSPECIFIED.,.F.,.F.,(3,3),(0.,1.),.PIECEWISE_BEZIER_KNOTS.);
#2366 = CARTESIAN_POINT('',(19.511464968153,2.571373830704,
    6.480030656804));
#2367 = CARTESIAN_POINT('',(20.008280254777,2.392739106165,
    5.989235784801));
#2368 = CARTESIAN_POINT('',(20.008280254777,2.107620658022,
    5.205879286658));
#2369 = VECTOR('',#2370,1.);
#2370 = DIRECTION('',(-0.,0.939692620786,-0.342020143326));
#2371 = ADVANCED_FACE('',(#2372),#2390,.T.);
#2372 = FACE_BOUND('',#2373,.T.);
#2373 = EDGE_LOOP('',(#2374,#2375,#2383,#2389));
#2374 = ORIENTED_EDGE('',*,*,#957,.T.);
#2375 = ORIENTED_EDGE('',*,*,#2376,.T.);
#2376 = EDGE_CURVE('',#943,#2377,#2379,.T.);
#2377 = VERTEX_POINT('',#2378);
#2378 = CARTESIAN_POINT('',(18.3,1.998341597505,7.2446810556));
#2379 = LINE('',#2380,#2381);
#2380 = CARTESIAN_POINT('',(18.3,2.750095694134,6.97106494094));
#2381 = VECTOR('',#2382,1.);
#2382 = DIRECTION('',(0.,-0.939692620786,0.342020143326));
#2383 = ORIENTED_EDGE('',*,*,#2384,.T.);
#2384 = EDGE_CURVE('',#2377,#2351,#2385,.T.);
#2385 = B_SPLINE_CURVE_WITH_KNOTS('',2,(#2386,#2387,#2388),
  .UNSPECIFIED.,.F.,.F.,(3,3),(0.,1.),.PIECEWISE_BEZIER_KNOTS.);
#2386 = CARTESIAN_POINT('',(18.3,1.998341597505,7.2446810556));
#2387 = CARTESIAN_POINT('',(19.014649681529,1.998341597505,7.2446810556)
  );
#2388 = CARTESIAN_POINT('',(19.511464968153,1.819619734076,
    6.753646771465));
#2389 = ORIENTED_EDGE('',*,*,#2350,.F.);
#2390 = SURFACE_OF_LINEAR_EXTRUSION('',#2391,#2395);
#2391 = B_SPLINE_CURVE_WITH_KNOTS('',2,(#2392,#2393,#2394),
  .UNSPECIFIED.,.F.,.F.,(3,3),(0.,1.),.PIECEWISE_BEZIER_KNOTS.);
#2392 = CARTESIAN_POINT('',(18.3,2.750095694134,6.97106494094));
#2393 = CARTESIAN_POINT('',(19.014649681529,2.750095694134,6.97106494094
    ));
#2394 = CARTESIAN_POINT('',(19.511464968153,2.571373830704,
    6.480030656804));
#2395 = VECTOR('',#2396,1.);
#2396 = DIRECTION('',(-0.,0.939692620786,-0.342020143326));
#2397 = ADVANCED_FACE('',(#2398),#2416,.T.);
#2398 = FACE_BOUND('',#2399,.T.);
#2399 = EDGE_LOOP('',(#2400,#2401,#2409,#2415));
#2400 = ORIENTED_EDGE('',*,*,#942,.T.);
#2401 = ORIENTED_EDGE('',*,*,#2402,.T.);
#2402 = EDGE_CURVE('',#935,#2403,#2405,.T.);
#2403 = VERTEX_POINT('',#2404);
#2404 = CARTESIAN_POINT('',(17.566242038217,1.936908680042,
    7.075895502058));
#2405 = LINE('',#2406,#2407);
#2406 = CARTESIAN_POINT('',(17.566242038217,2.68866277667,6.802279387397
    ));
#2407 = VECTOR('',#2408,1.);
#2408 = DIRECTION('',(0.,-0.939692620786,0.342020143326));
#2409 = ORIENTED_EDGE('',*,*,#2410,.T.);
#2410 = EDGE_CURVE('',#2403,#2377,#2411,.T.);
#2411 = B_SPLINE_CURVE_WITH_KNOTS('',2,(#2412,#2413,#2414),
  .UNSPECIFIED.,.F.,.F.,(3,3),(0.,1.),.PIECEWISE_BEZIER_KNOTS.);
#2412 = CARTESIAN_POINT('',(17.566242038217,1.936908680042,
    7.075895502058));
#2413 = CARTESIAN_POINT('',(17.925477707006,1.998341597505,7.2446810556)
  );
#2414 = CARTESIAN_POINT('',(18.3,1.998341597505,7.2446810556));
#2415 = ORIENTED_EDGE('',*,*,#2376,.F.);
#2416 = SURFACE_OF_LINEAR_EXTRUSION('',#2417,#2421);
#2417 = B_SPLINE_CURVE_WITH_KNOTS('',2,(#2418,#2419,#2420),
  .UNSPECIFIED.,.F.,.F.,(3,3),(0.,1.),.PIECEWISE_BEZIER_KNOTS.);
#2418 = CARTESIAN_POINT('',(17.566242038217,2.68866277667,6.802279387397
    ));
#2419 = CARTESIAN_POINT('',(17.925477707006,2.750095694134,6.97106494094
    ));
#2420 = CARTESIAN_POINT('',(18.3,2.750095694134,6.97106494094));
#2421 = VECTOR('',#2422,1.);
#2422 = DIRECTION('',(-0.,0.939692620786,-0.342020143326));
#2423 = ADVANCED_FACE('',(#2424),#2442,.T.);
#2424 = FACE_BOUND('',#2425,.T.);
#2425 = EDGE_LOOP('',(#2426,#2427,#2435,#2441));
#2426 = ORIENTED_EDGE('',*,*,#934,.T.);
#2427 = ORIENTED_EDGE('',*,*,#2428,.T.);
#2428 = EDGE_CURVE('',#927,#2429,#2431,.T.);
#2429 = VERTEX_POINT('',#2430);
#2430 = CARTESIAN_POINT('',(17.734394904459,2.260455378683,
    7.964832750715));
#2431 = LINE('',#2432,#2433);
#2432 = CARTESIAN_POINT('',(17.734394904459,3.012209475312,
    7.691216636054));
#2433 = VECTOR('',#2434,1.);
#2434 = DIRECTION('',(0.,-0.939692620786,0.342020143326));
#2435 = ORIENTED_EDGE('',*,*,#2436,.T.);
#2436 = EDGE_CURVE('',#2429,#2403,#2437,.T.);
#2437 = LINE('',#2438,#2439);
#2438 = CARTESIAN_POINT('',(17.734394904459,2.260455378683,
    7.964832750715));
#2439 = VECTOR('',#2440,1.);
#2440 = DIRECTION('',(-0.175010486354,-0.336741599195,-0.925189939979));
#2441 = ORIENTED_EDGE('',*,*,#2402,.F.);
#2442 = PLANE('',#2443);
#2443 = AXIS2_PLACEMENT_3D('',#2444,#2445,#2446);
#2444 = CARTESIAN_POINT('',(17.734394904459,3.012209475312,
    7.691216636054));
#2445 = DIRECTION('',(0.984566569444,-5.985711162633E-02,-0.164456062587
    ));
#2446 = DIRECTION('',(-0.175010486354,-0.336741599195,-0.925189939979));
#2447 = ADVANCED_FACE('',(#2448),#2466,.T.);
#2448 = FACE_BOUND('',#2449,.T.);
#2449 = EDGE_LOOP('',(#2450,#2451,#2459,#2465));
#2450 = ORIENTED_EDGE('',*,*,#926,.T.);
#2451 = ORIENTED_EDGE('',*,*,#2452,.T.);
#2452 = EDGE_CURVE('',#919,#2453,#2455,.T.);
#2453 = VERTEX_POINT('',#2454);
#2454 = CARTESIAN_POINT('',(19.759872611465,2.260455378683,
    7.964832750715));
#2455 = LINE('',#2456,#2457);
#2456 = CARTESIAN_POINT('',(19.759872611465,3.012209475312,
    7.691216636054));
#2457 = VECTOR('',#2458,1.);
#2458 = DIRECTION('',(0.,-0.939692620786,0.342020143326));
#2459 = ORIENTED_EDGE('',*,*,#2460,.T.);
#2460 = EDGE_CURVE('',#2453,#2429,#2461,.T.);
#2461 = LINE('',#2462,#2463);
#2462 = CARTESIAN_POINT('',(19.759872611465,2.260455378683,
    7.964832750715));
#2463 = VECTOR('',#2464,1.);
#2464 = DIRECTION('',(-1.,0.,0.));
#2465 = ORIENTED_EDGE('',*,*,#2428,.F.);
#2466 = PLANE('',#2467);
#2467 = AXIS2_PLACEMENT_3D('',#2468,#2469,#2470);
#2468 = CARTESIAN_POINT('',(19.759872611465,3.012209475312,
    7.691216636054));
#2469 = DIRECTION('',(0.,-0.342020143326,-0.939692620786));
#2470 = DIRECTION('',(-1.,0.,0.));
#2471 = ADVANCED_FACE('',(#2472),#2490,.T.);
#2472 = FACE_BOUND('',#2473,.T.);
#2473 = EDGE_LOOP('',(#2474,#2475,#2483,#2489));
#2474 = ORIENTED_EDGE('',*,*,#918,.T.);
#2475 = ORIENTED_EDGE('',*,*,#2476,.T.);
#2476 = EDGE_CURVE('',#911,#2477,#2479,.T.);
#2477 = VERTEX_POINT('',#2478);
#2478 = CARTESIAN_POINT('',(19.759872611465,2.60622249428,8.914820093206
    ));
#2479 = LINE('',#2480,#2481);
#2480 = CARTESIAN_POINT('',(19.759872611465,3.357976590908,
    8.641203978545));
#2481 = VECTOR('',#2482,1.);
#2482 = DIRECTION('',(0.,-0.939692620786,0.342020143326));
#2483 = ORIENTED_EDGE('',*,*,#2484,.T.);
#2484 = EDGE_CURVE('',#2477,#2453,#2485,.T.);
#2485 = LINE('',#2486,#2487);
#2486 = CARTESIAN_POINT('',(19.759872611465,2.60622249428,8.914820093206
    ));
#2487 = VECTOR('',#2488,1.);
#2488 = DIRECTION('',(0.,-0.342020143326,-0.939692620786));
#2489 = ORIENTED_EDGE('',*,*,#2452,.F.);
#2490 = PLANE('',#2491);
#2491 = AXIS2_PLACEMENT_3D('',#2492,#2493,#2494);
#2492 = CARTESIAN_POINT('',(19.759872611465,3.357976590908,
    8.641203978545));
#2493 = DIRECTION('',(1.,0.,0.));
#2494 = DIRECTION('',(0.,-0.342020143326,-0.939692620786));
#2495 = ADVANCED_FACE('',(#2496),#2514,.T.);
#2496 = FACE_BOUND('',#2497,.T.);
#2497 = EDGE_LOOP('',(#2498,#2499,#2507,#2513));
#2498 = ORIENTED_EDGE('',*,*,#910,.T.);
#2499 = ORIENTED_EDGE('',*,*,#2500,.T.);
#2500 = EDGE_CURVE('',#903,#2501,#2503,.T.);
#2501 = VERTEX_POINT('',#2502);
#2502 = CARTESIAN_POINT('',(16.920382165605,2.60622249428,8.914820093206
    ));
#2503 = LINE('',#2504,#2505);
#2504 = CARTESIAN_POINT('',(16.920382165605,3.357976590908,
    8.641203978545));
#2505 = VECTOR('',#2506,1.);
#2506 = DIRECTION('',(0.,-0.939692620786,0.342020143326));
#2507 = ORIENTED_EDGE('',*,*,#2508,.T.);
#2508 = EDGE_CURVE('',#2501,#2477,#2509,.T.);
#2509 = LINE('',#2510,#2511);
#2510 = CARTESIAN_POINT('',(16.920382165605,2.60622249428,8.914820093206
    ));
#2511 = VECTOR('',#2512,1.);
#2512 = DIRECTION('',(1.,0.,0.));
#2513 = ORIENTED_EDGE('',*,*,#2476,.F.);
#2514 = PLANE('',#2515);
#2515 = AXIS2_PLACEMENT_3D('',#2516,#2517,#2518);
#2516 = CARTESIAN_POINT('',(16.920382165605,3.357976590908,
    8.641203978545));
#2517 = DIRECTION('',(0.,0.342020143326,0.939692620786));
#2518 = DIRECTION('',(1.,0.,0.));
#2519 = ADVANCED_FACE('',(#2520),#2538,.T.);
#2520 = FACE_BOUND('',#2521,.T.);
#2521 = EDGE_LOOP('',(#2522,#2523,#2531,#2537));
#2522 = ORIENTED_EDGE('',*,*,#902,.T.);
#2523 = ORIENTED_EDGE('',*,*,#2524,.T.);
#2524 = EDGE_CURVE('',#895,#2525,#2527,.T.);
#2525 = VERTEX_POINT('',#2526);
#2526 = CARTESIAN_POINT('',(16.370063694268,1.606303731308,
    6.167565870654));
#2527 = LINE('',#2528,#2529);
#2528 = CARTESIAN_POINT('',(16.370063694268,2.358057827937,
    5.893949755993));
#2529 = VECTOR('',#2530,1.);
#2530 = DIRECTION('',(0.,-0.939692620786,0.342020143326));
#2531 = ORIENTED_EDGE('',*,*,#2532,.T.);
#2532 = EDGE_CURVE('',#2525,#2501,#2533,.T.);
#2533 = LINE('',#2534,#2535);
#2534 = CARTESIAN_POINT('',(16.370063694268,1.606303731308,
    6.167565870654));
#2535 = VECTOR('',#2536,1.);
#2536 = DIRECTION('',(0.184986551027,0.336117235571,0.92347451502));
#2537 = ORIENTED_EDGE('',*,*,#2500,.F.);
#2538 = PLANE('',#2539);
#2539 = AXIS2_PLACEMENT_3D('',#2540,#2541,#2542);
#2540 = CARTESIAN_POINT('',(16.370063694268,2.358057827937,
    5.893949755993));
#2541 = DIRECTION('',(-0.982741052332,6.326912669566E-02,0.173830496945)
  );
#2542 = DIRECTION('',(0.184986551027,0.336117235571,0.92347451502));
#2543 = ADVANCED_FACE('',(#2544),#2562,.T.);
#2544 = FACE_BOUND('',#2545,.T.);
#2545 = EDGE_LOOP('',(#2546,#2547,#2555,#2561));
#2546 = ORIENTED_EDGE('',*,*,#894,.T.);
#2547 = ORIENTED_EDGE('',*,*,#2548,.T.);
#2548 = EDGE_CURVE('',#878,#2549,#2551,.T.);
#2549 = VERTEX_POINT('',#2550);
#2550 = CARTESIAN_POINT('',(17.241401273885,1.563344258529,6.04953568924
    ));
#2551 = LINE('',#2552,#2553);
#2552 = CARTESIAN_POINT('',(17.241401273885,2.315098355158,5.77591957458
    ));
#2553 = VECTOR('',#2554,1.);
#2554 = DIRECTION('',(0.,-0.939692620786,0.342020143326));
#2555 = ORIENTED_EDGE('',*,*,#2556,.T.);
#2556 = EDGE_CURVE('',#2549,#2525,#2557,.T.);
#2557 = LINE('',#2558,#2559);
#2558 = CARTESIAN_POINT('',(17.241401273885,1.563344258529,6.04953568924
    ));
#2559 = VECTOR('',#2560,1.);
#2560 = DIRECTION('',(-0.989769265001,4.879849875915E-02,0.134072773444)
  );
#2561 = ORIENTED_EDGE('',*,*,#2524,.F.);
#2562 = PLANE('',#2563);
#2563 = AXIS2_PLACEMENT_3D('',#2564,#2565,#2566);
#2564 = CARTESIAN_POINT('',(17.241401273885,2.315098355158,5.77591957458
    ));
#2565 = DIRECTION('',(-0.142677265393,-0.338521025875,-0.930078874602));
#2566 = DIRECTION('',(-0.989769265001,4.879849875915E-02,0.134072773444)
  );
#2567 = ADVANCED_FACE('',(#2568),#2586,.T.);
#2568 = FACE_BOUND('',#2569,.T.);
#2569 = EDGE_LOOP('',(#2570,#2571,#2579,#2585));
#2570 = ORIENTED_EDGE('',*,*,#877,.T.);
#2571 = ORIENTED_EDGE('',*,*,#2572,.T.);
#2572 = EDGE_CURVE('',#863,#2573,#2575,.T.);
#2573 = VERTEX_POINT('',#2574);
#2574 = CARTESIAN_POINT('',(18.070700636943,1.70276648256,6.432595101535
    ));
#2575 = LINE('',#2576,#2577);
#2576 = CARTESIAN_POINT('',(18.070700636943,2.454520579189,
    6.158978986875));
#2577 = VECTOR('',#2578,1.);
#2578 = DIRECTION('',(0.,-0.939692620786,0.342020143326));
#2579 = ORIENTED_EDGE('',*,*,#2580,.T.);
#2580 = EDGE_CURVE('',#2573,#2549,#2581,.T.);
#2581 = B_SPLINE_CURVE_WITH_KNOTS('',2,(#2582,#2583,#2584),
  .UNSPECIFIED.,.F.,.F.,(3,3),(0.,1.),.PIECEWISE_BEZIER_KNOTS.);
#2582 = CARTESIAN_POINT('',(18.070700636943,1.70276648256,6.432595101535
    ));
#2583 = CARTESIAN_POINT('',(17.608280254777,1.70276648256,6.432595101535
    ));
#2584 = CARTESIAN_POINT('',(17.241401273885,1.563344258529,6.04953568924
    ));
#2585 = ORIENTED_EDGE('',*,*,#2548,.F.);
#2586 = SURFACE_OF_LINEAR_EXTRUSION('',#2587,#2591);
#2587 = B_SPLINE_CURVE_WITH_KNOTS('',2,(#2588,#2589,#2590),
  .UNSPECIFIED.,.F.,.F.,(3,3),(0.,1.),.PIECEWISE_BEZIER_KNOTS.);
#2588 = CARTESIAN_POINT('',(18.070700636943,2.454520579189,
    6.158978986875));
#2589 = CARTESIAN_POINT('',(17.608280254777,2.454520579189,
    6.158978986875));
#2590 = CARTESIAN_POINT('',(17.241401273885,2.315098355158,5.77591957458
    ));
#2591 = VECTOR('',#2592,1.);
#2592 = DIRECTION('',(-0.,0.939692620786,-0.342020143326));
#2593 = ADVANCED_FACE('',(#2594),#2612,.T.);
#2594 = FACE_BOUND('',#2595,.T.);
#2595 = EDGE_LOOP('',(#2596,#2597,#2605,#2611));
#2596 = ORIENTED_EDGE('',*,*,#862,.T.);
#2597 = ORIENTED_EDGE('',*,*,#2598,.T.);
#2598 = EDGE_CURVE('',#846,#2599,#2601,.T.);
#2599 = VERTEX_POINT('',#2600);
#2600 = CARTESIAN_POINT('',(18.672484076433,1.6142333703,6.189352374728)
  );
#2601 = LINE('',#2602,#2603);
#2602 = CARTESIAN_POINT('',(18.672484076433,2.365987466929,
    5.915736260067));
#2603 = VECTOR('',#2604,1.);
#2604 = DIRECTION('',(0.,-0.939692620786,0.342020143326));
#2605 = ORIENTED_EDGE('',*,*,#2606,.T.);
#2606 = EDGE_CURVE('',#2599,#2573,#2607,.T.);
#2607 = B_SPLINE_CURVE_WITH_KNOTS('',2,(#2608,#2609,#2610),
  .UNSPECIFIED.,.F.,.F.,(3,3),(0.,1.),.PIECEWISE_BEZIER_KNOTS.);
#2608 = CARTESIAN_POINT('',(18.672484076433,1.6142333703,6.189352374728)
  );
#2609 = CARTESIAN_POINT('',(18.441401273885,1.70276648256,6.432595101535
    ));
#2610 = CARTESIAN_POINT('',(18.070700636943,1.70276648256,6.432595101535
    ));
#2611 = ORIENTED_EDGE('',*,*,#2572,.F.);
#2612 = SURFACE_OF_LINEAR_EXTRUSION('',#2613,#2617);
#2613 = B_SPLINE_CURVE_WITH_KNOTS('',2,(#2614,#2615,#2616),
  .UNSPECIFIED.,.F.,.F.,(3,3),(0.,1.),.PIECEWISE_BEZIER_KNOTS.);
#2614 = CARTESIAN_POINT('',(18.672484076433,2.365987466929,
    5.915736260067));
#2615 = CARTESIAN_POINT('',(18.441401273885,2.454520579189,
    6.158978986875));
#2616 = CARTESIAN_POINT('',(18.070700636943,2.454520579189,
    6.158978986875));
#2617 = VECTOR('',#2618,1.);
#2618 = DIRECTION('',(-0.,0.939692620786,-0.342020143326));
#2619 = ADVANCED_FACE('',(#2620),#2638,.T.);
#2620 = FACE_BOUND('',#2621,.T.);
#2621 = EDGE_LOOP('',(#2622,#2623,#2631,#2637));
#2622 = ORIENTED_EDGE('',*,*,#845,.T.);
#2623 = ORIENTED_EDGE('',*,*,#2624,.T.);
#2624 = EDGE_CURVE('',#829,#2625,#2627,.T.);
#2625 = VERTEX_POINT('',#2626);
#2626 = CARTESIAN_POINT('',(18.903821656051,1.348634033521,
    5.459624194306));
#2627 = LINE('',#2628,#2629);
#2628 = CARTESIAN_POINT('',(18.903821656051,2.10038813015,5.186008079645
    ));
#2629 = VECTOR('',#2630,1.);
#2630 = DIRECTION('',(0.,-0.939692620786,0.342020143326));
#2631 = ORIENTED_EDGE('',*,*,#2632,.T.);
#2632 = EDGE_CURVE('',#2625,#2599,#2633,.T.);
#2633 = B_SPLINE_CURVE_WITH_KNOTS('',2,(#2634,#2635,#2636),
  .UNSPECIFIED.,.F.,.F.,(3,3),(0.,1.),.PIECEWISE_BEZIER_KNOTS.);
#2634 = CARTESIAN_POINT('',(18.903821656051,1.348634033521,
    5.459624194306));
#2635 = CARTESIAN_POINT('',(18.903821656051,1.525700258041,
    5.946109647921));
#2636 = CARTESIAN_POINT('',(18.672484076433,1.6142333703,6.189352374728)
  );
#2637 = ORIENTED_EDGE('',*,*,#2598,.F.);
#2638 = SURFACE_OF_LINEAR_EXTRUSION('',#2639,#2643);
#2639 = B_SPLINE_CURVE_WITH_KNOTS('',2,(#2640,#2641,#2642),
  .UNSPECIFIED.,.F.,.F.,(3,3),(0.,1.),.PIECEWISE_BEZIER_KNOTS.);
#2640 = CARTESIAN_POINT('',(18.903821656051,2.10038813015,5.186008079645
    ));
#2641 = CARTESIAN_POINT('',(18.903821656051,2.277454354669,5.67249353326
    ));
#2642 = CARTESIAN_POINT('',(18.672484076433,2.365987466929,
    5.915736260067));
#2643 = VECTOR('',#2644,1.);
#2644 = DIRECTION('',(-0.,0.939692620786,-0.342020143326));
#2645 = ADVANCED_FACE('',(#2646),#2664,.T.);
#2646 = FACE_BOUND('',#2647,.T.);
#2647 = EDGE_LOOP('',(#2648,#2649,#2657,#2663));
#2648 = ORIENTED_EDGE('',*,*,#828,.T.);
#2649 = ORIENTED_EDGE('',*,*,#2650,.T.);
#2650 = EDGE_CURVE('',#814,#2651,#2653,.T.);
#2651 = VERTEX_POINT('',#2652);
#2652 = CARTESIAN_POINT('',(18.670700636943,1.065955474299,
    4.682971235878));
#2653 = LINE('',#2654,#2655);
#2654 = CARTESIAN_POINT('',(18.670700636943,1.817709570928,
    4.409355121218));
#2655 = VECTOR('',#2656,1.);
#2656 = DIRECTION('',(0.,-0.939692620786,0.342020143326));
#2657 = ORIENTED_EDGE('',*,*,#2658,.T.);
#2658 = EDGE_CURVE('',#2651,#2625,#2659,.T.);
#2659 = B_SPLINE_CURVE_WITH_KNOTS('',2,(#2660,#2661,#2662),
  .UNSPECIFIED.,.F.,.F.,(3,3),(0.,1.),.PIECEWISE_BEZIER_KNOTS.);
#2660 = CARTESIAN_POINT('',(18.670700636943,1.065955474299,
    4.682971235878));
#2661 = CARTESIAN_POINT('',(18.903821656051,1.15971691996,4.940578690646
    ));
#2662 = CARTESIAN_POINT('',(18.903821656051,1.348634033521,
    5.459624194306));
#2663 = ORIENTED_EDGE('',*,*,#2624,.F.);
#2664 = SURFACE_OF_LINEAR_EXTRUSION('',#2665,#2669);
#2665 = B_SPLINE_CURVE_WITH_KNOTS('',2,(#2666,#2667,#2668),
  .UNSPECIFIED.,.F.,.F.,(3,3),(0.,1.),.PIECEWISE_BEZIER_KNOTS.);
#2666 = CARTESIAN_POINT('',(18.670700636943,1.817709570928,
    4.409355121218));
#2667 = CARTESIAN_POINT('',(18.903821656051,1.911471016588,
    4.666962575986));
#2668 = CARTESIAN_POINT('',(18.903821656051,2.10038813015,5.186008079645
    ));
#2669 = VECTOR('',#2670,1.);
#2670 = DIRECTION('',(-0.,0.939692620786,-0.342020143326));
#2671 = ADVANCED_FACE('',(#2672),#2690,.T.);
#2672 = FACE_BOUND('',#2673,.T.);
#2673 = EDGE_LOOP('',(#2674,#2675,#2683,#2689));
#2674 = ORIENTED_EDGE('',*,*,#813,.T.);
#2675 = ORIENTED_EDGE('',*,*,#2676,.T.);
#2676 = EDGE_CURVE('',#799,#2677,#2679,.T.);
#2677 = VERTEX_POINT('',#2678);
#2678 = CARTESIAN_POINT('',(18.10127388535,0.972194028638,4.42536378111)
  );
#2679 = LINE('',#2680,#2681);
#2680 = CARTESIAN_POINT('',(18.10127388535,1.723948125267,4.151747666449
    ));
#2681 = VECTOR('',#2682,1.);
#2682 = DIRECTION('',(0.,-0.939692620786,0.342020143326));
#2683 = ORIENTED_EDGE('',*,*,#2684,.T.);
#2684 = EDGE_CURVE('',#2677,#2651,#2685,.T.);
#2685 = B_SPLINE_CURVE_WITH_KNOTS('',2,(#2686,#2687,#2688),
  .UNSPECIFIED.,.F.,.F.,(3,3),(0.,1.),.PIECEWISE_BEZIER_KNOTS.);
#2686 = CARTESIAN_POINT('',(18.10127388535,0.972194028638,4.42536378111)
  );
#2687 = CARTESIAN_POINT('',(18.437579617834,0.972194028638,4.42536378111
    ));
#2688 = CARTESIAN_POINT('',(18.670700636943,1.065955474299,
    4.682971235878));
#2689 = ORIENTED_EDGE('',*,*,#2650,.F.);
#2690 = SURFACE_OF_LINEAR_EXTRUSION('',#2691,#2695);
#2691 = B_SPLINE_CURVE_WITH_KNOTS('',2,(#2692,#2693,#2694),
  .UNSPECIFIED.,.F.,.F.,(3,3),(0.,1.),.PIECEWISE_BEZIER_KNOTS.);
#2692 = CARTESIAN_POINT('',(18.10127388535,1.723948125267,4.151747666449
    ));
#2693 = CARTESIAN_POINT('',(18.437579617834,1.723948125267,
    4.151747666449));
#2694 = CARTESIAN_POINT('',(18.670700636943,1.817709570928,
    4.409355121218));
#2695 = VECTOR('',#2696,1.);
#2696 = DIRECTION('',(-0.,0.939692620786,-0.342020143326));
#2697 = ADVANCED_FACE('',(#2698),#2716,.T.);
#2698 = FACE_BOUND('',#2699,.T.);
#2699 = EDGE_LOOP('',(#2700,#2701,#2709,#2715));
#2700 = ORIENTED_EDGE('',*,*,#798,.T.);
#2701 = ORIENTED_EDGE('',*,*,#2702,.T.);
#2702 = EDGE_CURVE('',#784,#2703,#2705,.T.);
#2703 = VERTEX_POINT('',#2704);
#2704 = CARTESIAN_POINT('',(17.58152866242,1.044257890684,4.62335761484)
  );
#2705 = LINE('',#2706,#2707);
#2706 = CARTESIAN_POINT('',(17.58152866242,1.796011987313,4.349741500179
    ));
#2707 = VECTOR('',#2708,1.);
#2708 = DIRECTION('',(0.,-0.939692620786,0.342020143326));
#2709 = ORIENTED_EDGE('',*,*,#2710,.T.);
#2710 = EDGE_CURVE('',#2703,#2677,#2711,.T.);
#2711 = B_SPLINE_CURVE_WITH_KNOTS('',2,(#2712,#2713,#2714),
  .UNSPECIFIED.,.F.,.F.,(3,3),(0.,1.),.PIECEWISE_BEZIER_KNOTS.);
#2712 = CARTESIAN_POINT('',(17.58152866242,1.044257890684,4.62335761484)
  );
#2713 = CARTESIAN_POINT('',(17.807006369427,0.972194028638,4.42536378111
    ));
#2714 = CARTESIAN_POINT('',(18.10127388535,0.972194028638,4.42536378111)
  );
#2715 = ORIENTED_EDGE('',*,*,#2676,.F.);
#2716 = SURFACE_OF_LINEAR_EXTRUSION('',#2717,#2721);
#2717 = B_SPLINE_CURVE_WITH_KNOTS('',2,(#2718,#2719,#2720),
  .UNSPECIFIED.,.F.,.F.,(3,3),(0.,1.),.PIECEWISE_BEZIER_KNOTS.);
#2718 = CARTESIAN_POINT('',(17.58152866242,1.796011987313,4.349741500179
    ));
#2719 = CARTESIAN_POINT('',(17.807006369427,1.723948125267,
    4.151747666449));
#2720 = CARTESIAN_POINT('',(18.10127388535,1.723948125267,4.151747666449
    ));
#2721 = VECTOR('',#2722,1.);
#2722 = DIRECTION('',(-0.,0.939692620786,-0.342020143326));
#2723 = ADVANCED_FACE('',(#2724),#2735,.T.);
#2724 = FACE_BOUND('',#2725,.T.);
#2725 = EDGE_LOOP('',(#2726,#2727,#2728,#2734));
#2726 = ORIENTED_EDGE('',*,*,#783,.T.);
#2727 = ORIENTED_EDGE('',*,*,#2231,.T.);
#2728 = ORIENTED_EDGE('',*,*,#2729,.T.);
#2729 = EDGE_CURVE('',#2224,#2703,#2730,.T.);
#2730 = B_SPLINE_CURVE_WITH_KNOTS('',2,(#2731,#2732,#2733),
  .UNSPECIFIED.,.F.,.F.,(3,3),(0.,1.),.PIECEWISE_BEZIER_KNOTS.);
#2731 = CARTESIAN_POINT('',(17.310191082803,1.239884698777,
    5.160837852716));
#2732 = CARTESIAN_POINT('',(17.356050955414,1.11640889162,4.821590860702
    ));
#2733 = CARTESIAN_POINT('',(17.58152866242,1.044257890684,4.62335761484)
  );
#2734 = ORIENTED_EDGE('',*,*,#2702,.F.);
#2735 = SURFACE_OF_LINEAR_EXTRUSION('',#2736,#2740);
#2736 = B_SPLINE_CURVE_WITH_KNOTS('',2,(#2737,#2738,#2739),
  .UNSPECIFIED.,.F.,.F.,(3,3),(0.,1.),.PIECEWISE_BEZIER_KNOTS.);
#2737 = CARTESIAN_POINT('',(17.310191082803,1.991638795406,
    4.887221738055));
#2738 = CARTESIAN_POINT('',(17.356050955414,1.868162988249,
    4.547974746042));
#2739 = CARTESIAN_POINT('',(17.58152866242,1.796011987313,4.349741500179
    ));
#2740 = VECTOR('',#2741,1.);
#2741 = DIRECTION('',(-0.,0.939692620786,-0.342020143326));
#2742 = ADVANCED_FACE('',(#2743),#2768,.T.);
#2743 = FACE_BOUND('',#2744,.T.);
#2744 = EDGE_LOOP('',(#2745,#2746,#2754,#2762));
#2745 = ORIENTED_EDGE('',*,*,#1080,.T.);
#2746 = ORIENTED_EDGE('',*,*,#2747,.T.);
#2747 = EDGE_CURVE('',#1083,#2748,#2750,.T.);
#2748 = VERTEX_POINT('',#2749);
#2749 = CARTESIAN_POINT('',(14.61898089172,0.71008024746,3.705212085995)
  );
#2750 = LINE('',#2751,#2752);
#2751 = CARTESIAN_POINT('',(14.61898089172,1.461834344089,3.431595971335
    ));
#2752 = VECTOR('',#2753,1.);
#2753 = DIRECTION('',(0.,-0.939692620786,0.342020143326));
#2754 = ORIENTED_EDGE('',*,*,#2755,.T.);
#2755 = EDGE_CURVE('',#2748,#2756,#2758,.T.);
#2756 = VERTEX_POINT('',#2757);
#2757 = CARTESIAN_POINT('',(13.545095541401,0.71008024746,3.705212085995
    ));
#2758 = LINE('',#2759,#2760);
#2759 = CARTESIAN_POINT('',(14.61898089172,0.71008024746,3.705212085995)
  );
#2760 = VECTOR('',#2761,1.);
#2761 = DIRECTION('',(-1.,0.,0.));
#2762 = ORIENTED_EDGE('',*,*,#2763,.F.);
#2763 = EDGE_CURVE('',#1081,#2756,#2764,.T.);
#2764 = LINE('',#2765,#2766);
#2765 = CARTESIAN_POINT('',(13.545095541401,1.461834344089,
    3.431595971335));
#2766 = VECTOR('',#2767,1.);
#2767 = DIRECTION('',(0.,-0.939692620786,0.342020143326));
#2768 = PLANE('',#2769);
#2769 = AXIS2_PLACEMENT_3D('',#2770,#2771,#2772);
#2770 = CARTESIAN_POINT('',(14.61898089172,1.461834344089,3.431595971335
    ));
#2771 = DIRECTION('',(0.,-0.342020143326,-0.939692620786));
#2772 = DIRECTION('',(-1.,0.,0.));
#2773 = ADVANCED_FACE('',(#2774),#2792,.T.);
#2774 = FACE_BOUND('',#2775,.T.);
#2775 = EDGE_LOOP('',(#2776,#2777,#2785,#2791));
#2776 = ORIENTED_EDGE('',*,*,#1160,.T.);
#2777 = ORIENTED_EDGE('',*,*,#2778,.T.);
#2778 = EDGE_CURVE('',#1153,#2779,#2781,.T.);
#2779 = VERTEX_POINT('',#2780);
#2780 = CARTESIAN_POINT('',(14.61898089172,2.639683828047,9.006754352157
    ));
#2781 = LINE('',#2782,#2783);
#2782 = CARTESIAN_POINT('',(14.61898089172,3.391437924676,8.733138237496
    ));
#2783 = VECTOR('',#2784,1.);
#2784 = DIRECTION('',(0.,-0.939692620786,0.342020143326));
#2785 = ORIENTED_EDGE('',*,*,#2786,.T.);
#2786 = EDGE_CURVE('',#2779,#2748,#2787,.T.);
#2787 = LINE('',#2788,#2789);
#2788 = CARTESIAN_POINT('',(14.61898089172,2.639683828047,9.006754352157
    ));
#2789 = VECTOR('',#2790,1.);
#2790 = DIRECTION('',(0.,-0.342020143326,-0.939692620786));
#2791 = ORIENTED_EDGE('',*,*,#2747,.F.);
#2792 = PLANE('',#2793);
#2793 = AXIS2_PLACEMENT_3D('',#2794,#2795,#2796);
#2794 = CARTESIAN_POINT('',(14.61898089172,3.391437924676,8.733138237496
    ));
#2795 = DIRECTION('',(1.,0.,0.));
#2796 = DIRECTION('',(0.,-0.342020143326,-0.939692620786));
#2797 = ADVANCED_FACE('',(#2798),#2816,.T.);
#2798 = FACE_BOUND('',#2799,.T.);
#2799 = EDGE_LOOP('',(#2800,#2801,#2809,#2815));
#2800 = ORIENTED_EDGE('',*,*,#1152,.T.);
#2801 = ORIENTED_EDGE('',*,*,#2802,.T.);
#2802 = EDGE_CURVE('',#1134,#2803,#2805,.T.);
#2803 = VERTEX_POINT('',#2804);
#2804 = CARTESIAN_POINT('',(13.747643312102,2.639683828047,
    9.006754352157));
#2805 = LINE('',#2806,#2807);
#2806 = CARTESIAN_POINT('',(13.747643312102,3.391437924676,
    8.733138237496));
#2807 = VECTOR('',#2808,1.);
#2808 = DIRECTION('',(0.,-0.939692620786,0.342020143326));
#2809 = ORIENTED_EDGE('',*,*,#2810,.T.);
#2810 = EDGE_CURVE('',#2803,#2779,#2811,.T.);
#2811 = LINE('',#2812,#2813);
#2812 = CARTESIAN_POINT('',(13.747643312102,2.639683828047,
    9.006754352157));
#2813 = VECTOR('',#2814,1.);
#2814 = DIRECTION('',(1.,0.,0.));
#2815 = ORIENTED_EDGE('',*,*,#2778,.F.);
#2816 = PLANE('',#2817);
#2817 = AXIS2_PLACEMENT_3D('',#2818,#2819,#2820);
#2818 = CARTESIAN_POINT('',(13.747643312102,3.391437924676,
    8.733138237496));
#2819 = DIRECTION('',(0.,0.342020143326,0.939692620786));
#2820 = DIRECTION('',(1.,0.,0.));
#2821 = ADVANCED_FACE('',(#2822),#2840,.T.);
#2822 = FACE_BOUND('',#2823,.T.);
#2823 = EDGE_LOOP('',(#2824,#2825,#2833,#2839));
#2824 = ORIENTED_EDGE('',*,*,#1133,.T.);
#2825 = ORIENTED_EDGE('',*,*,#2826,.T.);
#2826 = EDGE_CURVE('',#1122,#2827,#2829,.T.);
#2827 = VERTEX_POINT('',#2828);
#2828 = CARTESIAN_POINT('',(13.071210191083,2.332954935179,
    8.164023645108));
#2829 = LINE('',#2830,#2831);
#2830 = CARTESIAN_POINT('',(13.071210191083,3.084709031808,
    7.890407530447));
#2831 = VECTOR('',#2832,1.);
#2832 = DIRECTION('',(0.,-0.939692620786,0.342020143326));
#2833 = ORIENTED_EDGE('',*,*,#2834,.T.);
#2834 = EDGE_CURVE('',#2827,#2803,#2835,.T.);
#2835 = B_SPLINE_CURVE_WITH_KNOTS('',2,(#2836,#2837,#2838),
  .UNSPECIFIED.,.F.,.F.,(3,3),(0.,1.),.PIECEWISE_BEZIER_KNOTS.);
#2836 = CARTESIAN_POINT('',(13.071210191083,2.332954935179,
    8.164023645108));
#2837 = CARTESIAN_POINT('',(13.564203821656,2.464447520218,
    8.525296553329));
#2838 = CARTESIAN_POINT('',(13.747643312102,2.639683828047,
    9.006754352157));
#2839 = ORIENTED_EDGE('',*,*,#2802,.F.);
#2840 = SURFACE_OF_LINEAR_EXTRUSION('',#2841,#2845);
#2841 = B_SPLINE_CURVE_WITH_KNOTS('',2,(#2842,#2843,#2844),
  .UNSPECIFIED.,.F.,.F.,(3,3),(0.,1.),.PIECEWISE_BEZIER_KNOTS.);
#2842 = CARTESIAN_POINT('',(13.071210191083,3.084709031808,
    7.890407530447));
#2843 = CARTESIAN_POINT('',(13.564203821656,3.216201616847,
    8.251680438668));
#2844 = CARTESIAN_POINT('',(13.747643312102,3.391437924676,
    8.733138237496));
#2845 = VECTOR('',#2846,1.);
#2846 = DIRECTION('',(-0.,0.939692620786,-0.342020143326));
#2847 = ADVANCED_FACE('',(#2848),#2866,.T.);
#2848 = FACE_BOUND('',#2849,.T.);
#2849 = EDGE_LOOP('',(#2850,#2851,#2859,#2865));
#2850 = ORIENTED_EDGE('',*,*,#1121,.T.);
#2851 = ORIENTED_EDGE('',*,*,#2852,.T.);
#2852 = EDGE_CURVE('',#1114,#2853,#2855,.T.);
#2853 = VERTEX_POINT('',#2854);
#2854 = CARTESIAN_POINT('',(12.157834394904,2.15449448842,7.67370759737)
  );
#2855 = LINE('',#2856,#2857);
#2856 = CARTESIAN_POINT('',(12.157834394904,2.906248585048,7.40009148271
    ));
#2857 = VECTOR('',#2858,1.);
#2858 = DIRECTION('',(0.,-0.939692620786,0.342020143326));
#2859 = ORIENTED_EDGE('',*,*,#2860,.T.);
#2860 = EDGE_CURVE('',#2853,#2827,#2861,.T.);
#2861 = B_SPLINE_CURVE_WITH_KNOTS('',2,(#2862,#2863,#2864),
  .UNSPECIFIED.,.F.,.F.,(3,3),(0.,1.),.PIECEWISE_BEZIER_KNOTS.);
#2862 = CARTESIAN_POINT('',(12.157834394904,2.15449448842,7.67370759737)
  );
#2863 = CARTESIAN_POINT('',(12.57821656051,2.20154948903,7.80299014902)
  );
#2864 = CARTESIAN_POINT('',(13.071210191083,2.332954935179,
    8.164023645108));
#2865 = ORIENTED_EDGE('',*,*,#2826,.F.);
#2866 = SURFACE_OF_LINEAR_EXTRUSION('',#2867,#2871);
#2867 = B_SPLINE_CURVE_WITH_KNOTS('',2,(#2868,#2869,#2870),
  .UNSPECIFIED.,.F.,.F.,(3,3),(0.,1.),.PIECEWISE_BEZIER_KNOTS.);
#2868 = CARTESIAN_POINT('',(12.157834394904,2.906248585048,7.40009148271
    ));
#2869 = CARTESIAN_POINT('',(12.57821656051,2.953303585659,7.529374034359
    ));
#2870 = CARTESIAN_POINT('',(13.071210191083,3.084709031808,
    7.890407530447));
#2871 = VECTOR('',#2872,1.);
#2872 = DIRECTION('',(-0.,0.939692620786,-0.342020143326));
#2873 = ADVANCED_FACE('',(#2874),#2892,.T.);
#2874 = FACE_BOUND('',#2875,.T.);
#2875 = EDGE_LOOP('',(#2876,#2877,#2885,#2891));
#2876 = ORIENTED_EDGE('',*,*,#1113,.T.);
#2877 = ORIENTED_EDGE('',*,*,#2878,.T.);
#2878 = EDGE_CURVE('',#1099,#2879,#2881,.T.);
#2879 = VERTEX_POINT('',#2880);
#2880 = CARTESIAN_POINT('',(12.157834394904,1.819881150746,
    6.754365007863));
#2881 = LINE('',#2882,#2883);
#2882 = CARTESIAN_POINT('',(12.157834394904,2.571635247374,
    6.480748893202));
#2883 = VECTOR('',#2884,1.);
#2884 = DIRECTION('',(0.,-0.939692620786,0.342020143326));
#2885 = ORIENTED_EDGE('',*,*,#2886,.T.);
#2886 = EDGE_CURVE('',#2879,#2853,#2887,.T.);
#2887 = LINE('',#2888,#2889);
#2888 = CARTESIAN_POINT('',(12.157834394904,1.819881150746,
    6.754365007863));
#2889 = VECTOR('',#2890,1.);
#2890 = DIRECTION('',(0.,0.342020143326,0.939692620786));
#2891 = ORIENTED_EDGE('',*,*,#2852,.F.);
#2892 = PLANE('',#2893);
#2893 = AXIS2_PLACEMENT_3D('',#2894,#2895,#2896);
#2894 = CARTESIAN_POINT('',(12.157834394904,2.571635247374,
    6.480748893202));
#2895 = DIRECTION('',(-1.,0.,0.));
#2896 = DIRECTION('',(0.,0.342020143326,0.939692620786));
#2897 = ADVANCED_FACE('',(#2898),#2916,.T.);
#2898 = FACE_BOUND('',#2899,.T.);
#2899 = EDGE_LOOP('',(#2900,#2901,#2909,#2915));
#2900 = ORIENTED_EDGE('',*,*,#1098,.T.);
#2901 = ORIENTED_EDGE('',*,*,#2902,.T.);
#2902 = EDGE_CURVE('',#1091,#2903,#2905,.T.);
#2903 = VERTEX_POINT('',#2904);
#2904 = CARTESIAN_POINT('',(13.545095541401,2.099422709928,
    7.522399129514));
#2905 = LINE('',#2906,#2907);
#2906 = CARTESIAN_POINT('',(13.545095541401,2.851176806556,
    7.248783014853));
#2907 = VECTOR('',#2908,1.);
#2908 = DIRECTION('',(0.,-0.939692620786,0.342020143326));
#2909 = ORIENTED_EDGE('',*,*,#2910,.T.);
#2910 = EDGE_CURVE('',#2903,#2879,#2911,.T.);
#2911 = B_SPLINE_CURVE_WITH_KNOTS('',2,(#2912,#2913,#2914),
  .UNSPECIFIED.,.F.,.F.,(3,3),(0.,1.),.PIECEWISE_BEZIER_KNOTS.);
#2912 = CARTESIAN_POINT('',(13.545095541401,2.099422709928,
    7.522399129514));
#2913 = CARTESIAN_POINT('',(12.956560509554,1.910418457476,
    7.003114213722));
#2914 = CARTESIAN_POINT('',(12.157834394904,1.819881150746,
    6.754365007863));
#2915 = ORIENTED_EDGE('',*,*,#2878,.F.);
#2916 = SURFACE_OF_LINEAR_EXTRUSION('',#2917,#2921);
#2917 = B_SPLINE_CURVE_WITH_KNOTS('',2,(#2918,#2919,#2920),
  .UNSPECIFIED.,.F.,.F.,(3,3),(0.,1.),.PIECEWISE_BEZIER_KNOTS.);
#2918 = CARTESIAN_POINT('',(13.545095541401,2.851176806556,
    7.248783014853));
#2919 = CARTESIAN_POINT('',(12.956560509554,2.662172554104,
    6.729498099061));
#2920 = CARTESIAN_POINT('',(12.157834394904,2.571635247374,
    6.480748893202));
#2921 = VECTOR('',#2922,1.);
#2922 = DIRECTION('',(-0.,0.939692620786,-0.342020143326));
#2923 = ADVANCED_FACE('',(#2924),#2935,.T.);
#2924 = FACE_BOUND('',#2925,.T.);
#2925 = EDGE_LOOP('',(#2926,#2927,#2928,#2934));
#2926 = ORIENTED_EDGE('',*,*,#1090,.T.);
#2927 = ORIENTED_EDGE('',*,*,#2763,.T.);
#2928 = ORIENTED_EDGE('',*,*,#2929,.T.);
#2929 = EDGE_CURVE('',#2756,#2903,#2930,.T.);
#2930 = LINE('',#2931,#2932);
#2931 = CARTESIAN_POINT('',(13.545095541401,0.71008024746,3.705212085995
    ));
#2932 = VECTOR('',#2933,1.);
#2933 = DIRECTION('',(0.,0.342020143326,0.939692620786));
#2934 = ORIENTED_EDGE('',*,*,#2902,.F.);
#2935 = PLANE('',#2936);
#2936 = AXIS2_PLACEMENT_3D('',#2937,#2938,#2939);
#2937 = CARTESIAN_POINT('',(13.545095541401,1.461834344089,
    3.431595971335));
#2938 = DIRECTION('',(-1.,0.,0.));
#2939 = DIRECTION('',(0.,0.342020143326,0.939692620786));
#2940 = ADVANCED_FACE('',(#2941),#2966,.F.);
#2941 = FACE_BOUND('',#2942,.F.);
#2942 = EDGE_LOOP('',(#2943,#2951,#2959,#2965));
#2943 = ORIENTED_EDGE('',*,*,#2944,.F.);
#2944 = EDGE_CURVE('',#2945,#284,#2947,.T.);
#2945 = VERTEX_POINT('',#2946);
#2946 = CARTESIAN_POINT('',(47.,18.9,0.));
#2947 = LINE('',#2948,#2949);
#2948 = CARTESIAN_POINT('',(47.,18.9,0.));
#2949 = VECTOR('',#2950,1.);
#2950 = DIRECTION('',(-0.971520338783,-0.236956180191,0.));
#2951 = ORIENTED_EDGE('',*,*,#2952,.T.);
#2952 = EDGE_CURVE('',#2945,#2953,#2955,.T.);
#2953 = VERTEX_POINT('',#2954);
#2954 = CARTESIAN_POINT('',(47.,18.9,10.));
#2955 = LINE('',#2956,#2957);
#2956 = CARTESIAN_POINT('',(47.,18.9,0.));
#2957 = VECTOR('',#2958,1.);
#2958 = DIRECTION('',(0.,0.,1.));
#2959 = ORIENTED_EDGE('',*,*,#2960,.T.);
#2960 = EDGE_CURVE('',#2953,#95,#2961,.T.);
#2961 = LINE('',#2962,#2963);
#2962 = CARTESIAN_POINT('',(47.,18.9,10.));
#2963 = VECTOR('',#2964,1.);
#2964 = DIRECTION('',(-0.971520338783,-0.236956180191,0.));
#2965 = ORIENTED_EDGE('',*,*,#1243,.T.);
#2966 = PLANE('',#2967);
#2967 = AXIS2_PLACEMENT_3D('',#2968,#2969,#2970);
#2968 = CARTESIAN_POINT('',(47.,18.9,0.));
#2969 = DIRECTION('',(0.236956180191,-0.971520338783,0.));
#2970 = DIRECTION('',(-0.971520338783,-0.236956180191,0.));
#2971 = ADVANCED_FACE('',(#2972),#2990,.T.);
#2972 = FACE_BOUND('',#2973,.T.);
#2973 = EDGE_LOOP('',(#2974,#2975,#2983,#2989));
#2974 = ORIENTED_EDGE('',*,*,#1260,.F.);
#2975 = ORIENTED_EDGE('',*,*,#2976,.T.);
#2976 = EDGE_CURVE('',#71,#2977,#2979,.T.);
#2977 = VERTEX_POINT('',#2978);
#2978 = CARTESIAN_POINT('',(47.,12.9,10.));
#2979 = LINE('',#2980,#2981);
#2980 = CARTESIAN_POINT('',(42.9,13.9,10.));
#2981 = VECTOR('',#2982,1.);
#2982 = DIRECTION('',(0.971520338783,-0.236956180191,0.));
#2983 = ORIENTED_EDGE('',*,*,#2984,.T.);
#2984 = EDGE_CURVE('',#2977,#2953,#2985,.T.);
#2985 = LINE('',#2986,#2987);
#2986 = CARTESIAN_POINT('',(47.,12.9,10.));
#2987 = VECTOR('',#2988,1.);
#2988 = DIRECTION('',(0.,1.,0.));
#2989 = ORIENTED_EDGE('',*,*,#2960,.T.);
#2990 = PLANE('',#2991);
#2991 = AXIS2_PLACEMENT_3D('',#2992,#2993,#2994);
#2992 = CARTESIAN_POINT('',(45.172338161771,15.9,10.));
#2993 = DIRECTION('',(0.,0.,1.));
#2994 = DIRECTION('',(1.,0.,0.));
#2995 = ADVANCED_FACE('',(#2996),#3014,.F.);
#2996 = FACE_BOUND('',#2997,.F.);
#2997 = EDGE_LOOP('',(#2998,#3006,#3007,#3008));
#2998 = ORIENTED_EDGE('',*,*,#2999,.F.);
#2999 = EDGE_CURVE('',#260,#3000,#3002,.T.);
#3000 = VERTEX_POINT('',#3001);
#3001 = CARTESIAN_POINT('',(47.,12.9,0.));
#3002 = LINE('',#3003,#3004);
#3003 = CARTESIAN_POINT('',(42.9,13.9,0.));
#3004 = VECTOR('',#3005,1.);
#3005 = DIRECTION('',(0.971520338783,-0.236956180191,0.));
#3006 = ORIENTED_EDGE('',*,*,#1279,.T.);
#3007 = ORIENTED_EDGE('',*,*,#2976,.T.);
#3008 = ORIENTED_EDGE('',*,*,#3009,.F.);
#3009 = EDGE_CURVE('',#3000,#2977,#3010,.T.);
#3010 = LINE('',#3011,#3012);
#3011 = CARTESIAN_POINT('',(47.,12.9,0.));
#3012 = VECTOR('',#3013,1.);
#3013 = DIRECTION('',(0.,0.,1.));
#3014 = PLANE('',#3015);
#3015 = AXIS2_PLACEMENT_3D('',#3016,#3017,#3018);
#3016 = CARTESIAN_POINT('',(42.9,13.9,0.));
#3017 = DIRECTION('',(0.236956180191,0.971520338783,0.));
#3018 = DIRECTION('',(0.971520338783,-0.236956180191,0.));
#3019 = ADVANCED_FACE('',(#3020),#3046,.T.);
#3020 = FACE_BOUND('',#3021,.T.);
#3021 = EDGE_LOOP('',(#3022,#3030,#3031,#3039));
#3022 = ORIENTED_EDGE('',*,*,#3023,.F.);
#3023 = EDGE_CURVE('',#1294,#3024,#3026,.T.);
#3024 = VERTEX_POINT('',#3025);
#3025 = CARTESIAN_POINT('',(16.6,37.86,21.));
#3026 = LINE('',#3027,#3028);
#3027 = CARTESIAN_POINT('',(16.6,38.11,20.75));
#3028 = VECTOR('',#3029,1.);
#3029 = DIRECTION('',(-2.90882763039E-35,-0.707106781187,0.707106781187)
  );
#3030 = ORIENTED_EDGE('',*,*,#1310,.T.);
#3031 = ORIENTED_EDGE('',*,*,#3032,.T.);
#3032 = EDGE_CURVE('',#1303,#3033,#3035,.T.);
#3033 = VERTEX_POINT('',#3034);
#3034 = CARTESIAN_POINT('',(16.5,37.76,21.));
#3035 = LINE('',#3036,#3037);
#3036 = CARTESIAN_POINT('',(16.,37.76,20.5));
#3037 = VECTOR('',#3038,1.);
#3038 = DIRECTION('',(0.707106781187,-4.329780281177E-17,0.707106781187)
  );
#3039 = ORIENTED_EDGE('',*,*,#3040,.F.);
#3040 = EDGE_CURVE('',#3024,#3033,#3041,.T.);
#3041 = CIRCLE('',#3042,1.E-01);
#3042 = AXIS2_PLACEMENT_3D('',#3043,#3044,#3045);
#3043 = CARTESIAN_POINT('',(16.6,37.76,21.));
#3044 = DIRECTION('',(0.,-0.,1.));
#3045 = DIRECTION('',(0.,1.,0.));
#3046 = CONICAL_SURFACE('',#3047,0.6,0.785398163397);
#3047 = AXIS2_PLACEMENT_3D('',#3048,#3049,#3050);
#3048 = CARTESIAN_POINT('',(16.6,37.76,20.5));
#3049 = DIRECTION('',(-0.,-0.,-1.));
#3050 = DIRECTION('',(0.,1.,0.));
#3051 = ADVANCED_FACE('',(#3052),#3070,.F.);
#3052 = FACE_BOUND('',#3053,.T.);
#3053 = EDGE_LOOP('',(#3054,#3062,#3063,#3064));
#3054 = ORIENTED_EDGE('',*,*,#3055,.F.);
#3055 = EDGE_CURVE('',#1327,#3056,#3058,.T.);
#3056 = VERTEX_POINT('',#3057);
#3057 = CARTESIAN_POINT('',(26.4,37.86,21.));
#3058 = LINE('',#3059,#3060);
#3059 = CARTESIAN_POINT('',(26.4,38.11,20.75));
#3060 = VECTOR('',#3061,1.);
#3061 = DIRECTION('',(-2.90882763039E-35,-0.707106781187,0.707106781187)
  );
#3062 = ORIENTED_EDGE('',*,*,#1334,.T.);
#3063 = ORIENTED_EDGE('',*,*,#3023,.T.);
#3064 = ORIENTED_EDGE('',*,*,#3065,.F.);
#3065 = EDGE_CURVE('',#3056,#3024,#3066,.T.);
#3066 = LINE('',#3067,#3068);
#3067 = CARTESIAN_POINT('',(26.4,37.86,21.));
#3068 = VECTOR('',#3069,1.);
#3069 = DIRECTION('',(-1.,0.,0.));
#3070 = PLANE('',#3071);
#3071 = AXIS2_PLACEMENT_3D('',#3072,#3073,#3074);
#3072 = CARTESIAN_POINT('',(26.4,38.11,20.75));
#3073 = DIRECTION('',(-1.889513820523E-18,-0.707106781187,
    -0.707106781187));
#3074 = DIRECTION('',(1.,-1.336088035637E-18,-1.336088035637E-18));
#3075 = ADVANCED_FACE('',(#3076),#3094,.F.);
#3076 = FACE_BOUND('',#3077,.T.);
#3077 = EDGE_LOOP('',(#3078,#3079,#3080,#3088));
#3078 = ORIENTED_EDGE('',*,*,#3032,.F.);
#3079 = ORIENTED_EDGE('',*,*,#1351,.T.);
#3080 = ORIENTED_EDGE('',*,*,#3081,.T.);
#3081 = EDGE_CURVE('',#1352,#3082,#3084,.T.);
#3082 = VERTEX_POINT('',#3083);
#3083 = CARTESIAN_POINT('',(16.5,27.96,21.));
#3084 = LINE('',#3085,#3086);
#3085 = CARTESIAN_POINT('',(16.25,27.96,20.75));
#3086 = VECTOR('',#3087,1.);
#3087 = DIRECTION('',(0.707106781187,-2.90882763039E-35,0.707106781187)
  );
#3088 = ORIENTED_EDGE('',*,*,#3089,.F.);
#3089 = EDGE_CURVE('',#3033,#3082,#3090,.T.);
#3090 = LINE('',#3091,#3092);
#3091 = CARTESIAN_POINT('',(16.5,37.76,21.));
#3092 = VECTOR('',#3093,1.);
#3093 = DIRECTION('',(0.,-1.,0.));
#3094 = PLANE('',#3095);
#3095 = AXIS2_PLACEMENT_3D('',#3096,#3097,#3098);
#3096 = CARTESIAN_POINT('',(16.25,37.76,20.75));
#3097 = DIRECTION('',(0.707106781187,1.889513820523E-18,-0.707106781187)
  );
#3098 = DIRECTION('',(-1.336088035637E-18,1.,1.336088035637E-18));
#3099 = ADVANCED_FACE('',(#3100),#3119,.T.);
#3100 = FACE_BOUND('',#3101,.T.);
#3101 = EDGE_LOOP('',(#3102,#3110,#3111,#3112));
#3102 = ORIENTED_EDGE('',*,*,#3103,.F.);
#3103 = EDGE_CURVE('',#1376,#3104,#3106,.T.);
#3104 = VERTEX_POINT('',#3105);
#3105 = CARTESIAN_POINT('',(26.5,37.76,21.));
#3106 = LINE('',#3107,#3108);
#3107 = CARTESIAN_POINT('',(26.75,37.76,20.75));
#3108 = VECTOR('',#3109,1.);
#3109 = DIRECTION('',(-0.707106781187,2.90882763039E-35,0.707106781187)
  );
#3110 = ORIENTED_EDGE('',*,*,#1383,.T.);
#3111 = ORIENTED_EDGE('',*,*,#3055,.T.);
#3112 = ORIENTED_EDGE('',*,*,#3113,.F.);
#3113 = EDGE_CURVE('',#3104,#3056,#3114,.T.);
#3114 = CIRCLE('',#3115,1.E-01);
#3115 = AXIS2_PLACEMENT_3D('',#3116,#3117,#3118);
#3116 = CARTESIAN_POINT('',(26.4,37.76,21.));
#3117 = DIRECTION('',(0.,0.,1.));
#3118 = DIRECTION('',(1.,0.,0.));
#3119 = CONICAL_SURFACE('',#3120,0.6,0.785398163397);
#3120 = AXIS2_PLACEMENT_3D('',#3121,#3122,#3123);
#3121 = CARTESIAN_POINT('',(26.4,37.76,20.5));
#3122 = DIRECTION('',(-0.,-0.,-1.));
#3123 = DIRECTION('',(1.,0.,0.));
#3124 = ADVANCED_FACE('',(#3125),#3144,.T.);
#3125 = FACE_BOUND('',#3126,.T.);
#3126 = EDGE_LOOP('',(#3127,#3128,#3129,#3137));
#3127 = ORIENTED_EDGE('',*,*,#3081,.F.);
#3128 = ORIENTED_EDGE('',*,*,#1408,.T.);
#3129 = ORIENTED_EDGE('',*,*,#3130,.T.);
#3130 = EDGE_CURVE('',#1401,#3131,#3133,.T.);
#3131 = VERTEX_POINT('',#3132);
#3132 = CARTESIAN_POINT('',(16.6,27.86,21.));
#3133 = LINE('',#3134,#3135);
#3134 = CARTESIAN_POINT('',(16.6,27.36,20.5));
#3135 = VECTOR('',#3136,1.);
#3136 = DIRECTION('',(4.329780281177E-17,0.707106781187,0.707106781187)
  );
#3137 = ORIENTED_EDGE('',*,*,#3138,.F.);
#3138 = EDGE_CURVE('',#3082,#3131,#3139,.T.);
#3139 = CIRCLE('',#3140,1.E-01);
#3140 = AXIS2_PLACEMENT_3D('',#3141,#3142,#3143);
#3141 = CARTESIAN_POINT('',(16.6,27.96,21.));
#3142 = DIRECTION('',(0.,0.,1.));
#3143 = DIRECTION('',(-1.,0.,0.));
#3144 = CONICAL_SURFACE('',#3145,0.6,0.785398163397);
#3145 = AXIS2_PLACEMENT_3D('',#3146,#3147,#3148);
#3146 = CARTESIAN_POINT('',(16.6,27.96,20.5));
#3147 = DIRECTION('',(-0.,-0.,-1.));
#3148 = DIRECTION('',(-1.,0.,0.));
#3149 = ADVANCED_FACE('',(#3150),#3168,.F.);
#3150 = FACE_BOUND('',#3151,.T.);
#3151 = EDGE_LOOP('',(#3152,#3160,#3161,#3162));
#3152 = ORIENTED_EDGE('',*,*,#3153,.F.);
#3153 = EDGE_CURVE('',#1425,#3154,#3156,.T.);
#3154 = VERTEX_POINT('',#3155);
#3155 = CARTESIAN_POINT('',(26.5,27.96,21.));
#3156 = LINE('',#3157,#3158);
#3157 = CARTESIAN_POINT('',(27.,27.96,20.5));
#3158 = VECTOR('',#3159,1.);
#3159 = DIRECTION('',(-0.707106781187,4.329780281177E-17,0.707106781187)
  );
#3160 = ORIENTED_EDGE('',*,*,#1432,.T.);
#3161 = ORIENTED_EDGE('',*,*,#3103,.T.);
#3162 = ORIENTED_EDGE('',*,*,#3163,.F.);
#3163 = EDGE_CURVE('',#3154,#3104,#3164,.T.);
#3164 = LINE('',#3165,#3166);
#3165 = CARTESIAN_POINT('',(26.5,27.96,21.));
#3166 = VECTOR('',#3167,1.);
#3167 = DIRECTION('',(0.,1.,0.));
#3168 = PLANE('',#3169);
#3169 = AXIS2_PLACEMENT_3D('',#3170,#3171,#3172);
#3170 = CARTESIAN_POINT('',(26.75,27.96,20.75));
#3171 = DIRECTION('',(-0.707106781187,-1.889513820523E-18,
    -0.707106781187));
#3172 = DIRECTION('',(1.336088035637E-18,-1.,1.336088035637E-18));
#3173 = ADVANCED_FACE('',(#3174),#3192,.F.);
#3174 = FACE_BOUND('',#3175,.T.);
#3175 = EDGE_LOOP('',(#3176,#3177,#3178,#3186));
#3176 = ORIENTED_EDGE('',*,*,#3130,.F.);
#3177 = ORIENTED_EDGE('',*,*,#1449,.T.);
#3178 = ORIENTED_EDGE('',*,*,#3179,.T.);
#3179 = EDGE_CURVE('',#1450,#3180,#3182,.T.);
#3180 = VERTEX_POINT('',#3181);
#3181 = CARTESIAN_POINT('',(26.4,27.86,21.));
#3182 = LINE('',#3183,#3184);
#3183 = CARTESIAN_POINT('',(26.4,27.61,20.75));
#3184 = VECTOR('',#3185,1.);
#3185 = DIRECTION('',(2.90882763039E-35,0.707106781187,0.707106781187));
#3186 = ORIENTED_EDGE('',*,*,#3187,.F.);
#3187 = EDGE_CURVE('',#3131,#3180,#3188,.T.);
#3188 = LINE('',#3189,#3190);
#3189 = CARTESIAN_POINT('',(16.6,27.86,21.));
#3190 = VECTOR('',#3191,1.);
#3191 = DIRECTION('',(1.,0.,0.));
#3192 = PLANE('',#3193);
#3193 = AXIS2_PLACEMENT_3D('',#3194,#3195,#3196);
#3194 = CARTESIAN_POINT('',(16.6,27.61,20.75));
#3195 = DIRECTION('',(1.889513820523E-18,0.707106781187,-0.707106781187)
  );
#3196 = DIRECTION('',(-1.,1.336088035637E-18,-1.336088035637E-18));
#3197 = ADVANCED_FACE('',(#3198),#3210,.T.);
#3198 = FACE_BOUND('',#3199,.T.);
#3199 = EDGE_LOOP('',(#3200,#3201,#3202,#3203));
#3200 = ORIENTED_EDGE('',*,*,#3179,.F.);
#3201 = ORIENTED_EDGE('',*,*,#1474,.T.);
#3202 = ORIENTED_EDGE('',*,*,#3153,.T.);
#3203 = ORIENTED_EDGE('',*,*,#3204,.F.);
#3204 = EDGE_CURVE('',#3180,#3154,#3205,.T.);
#3205 = CIRCLE('',#3206,1.E-01);
#3206 = AXIS2_PLACEMENT_3D('',#3207,#3208,#3209);
#3207 = CARTESIAN_POINT('',(26.4,27.96,21.));
#3208 = DIRECTION('',(-0.,0.,1.));
#3209 = DIRECTION('',(0.,-1.,0.));
#3210 = CONICAL_SURFACE('',#3211,0.6,0.785398163397);
#3211 = AXIS2_PLACEMENT_3D('',#3212,#3213,#3214);
#3212 = CARTESIAN_POINT('',(26.4,27.96,20.5));
#3213 = DIRECTION('',(-0.,-0.,-1.));
#3214 = DIRECTION('',(0.,-1.,0.));
#3215 = ADVANCED_FACE('',(#3216),#3227,.F.);
#3216 = FACE_BOUND('',#3217,.F.);
#3217 = EDGE_LOOP('',(#3218,#3219,#3220,#3226));
#3218 = ORIENTED_EDGE('',*,*,#1490,.F.);
#3219 = ORIENTED_EDGE('',*,*,#2999,.T.);
#3220 = ORIENTED_EDGE('',*,*,#3221,.T.);
#3221 = EDGE_CURVE('',#3000,#2945,#3222,.T.);
#3222 = LINE('',#3223,#3224);
#3223 = CARTESIAN_POINT('',(47.,12.9,0.));
#3224 = VECTOR('',#3225,1.);
#3225 = DIRECTION('',(0.,1.,0.));
#3226 = ORIENTED_EDGE('',*,*,#2944,.T.);
#3227 = PLANE('',#3228);
#3228 = AXIS2_PLACEMENT_3D('',#3229,#3230,#3231);
#3229 = CARTESIAN_POINT('',(45.172338161771,15.9,0.));
#3230 = DIRECTION('',(0.,0.,1.));
#3231 = DIRECTION('',(1.,0.,0.));
#3232 = ADVANCED_FACE('',(#3233,#3251),#3317,.T.);
#3233 = FACE_BOUND('',#3234,.T.);
#3234 = EDGE_LOOP('',(#3235,#3236,#3237,#3238,#3239,#3240,#3241,#3242,
    #3243,#3244,#3245,#3246,#3247,#3248,#3249,#3250));
#3235 = ORIENTED_EDGE('',*,*,#1515,.F.);
#3236 = ORIENTED_EDGE('',*,*,#1546,.F.);
#3237 = ORIENTED_EDGE('',*,*,#1572,.F.);
#3238 = ORIENTED_EDGE('',*,*,#1598,.F.);
#3239 = ORIENTED_EDGE('',*,*,#1624,.F.);
#3240 = ORIENTED_EDGE('',*,*,#1650,.F.);
#3241 = ORIENTED_EDGE('',*,*,#1676,.F.);
#3242 = ORIENTED_EDGE('',*,*,#1702,.F.);
#3243 = ORIENTED_EDGE('',*,*,#1728,.F.);
#3244 = ORIENTED_EDGE('',*,*,#1754,.F.);
#3245 = ORIENTED_EDGE('',*,*,#1780,.F.);
#3246 = ORIENTED_EDGE('',*,*,#1806,.F.);
#3247 = ORIENTED_EDGE('',*,*,#1832,.F.);
#3248 = ORIENTED_EDGE('',*,*,#1858,.F.);
#3249 = ORIENTED_EDGE('',*,*,#1884,.F.);
#3250 = ORIENTED_EDGE('',*,*,#1903,.F.);
#3251 = FACE_BOUND('',#3252,.T.);
#3252 = EDGE_LOOP('',(#3253,#3263,#3271,#3279,#3287,#3295,#3303,#3311));
#3253 = ORIENTED_EDGE('',*,*,#3254,.F.);
#3254 = EDGE_CURVE('',#3255,#3257,#3259,.T.);
#3255 = VERTEX_POINT('',#3256);
#3256 = CARTESIAN_POINT('',(28.304585987261,1.354646616933,
    5.476143631461));
#3257 = VERTEX_POINT('',#3258);
#3258 = CARTESIAN_POINT('',(28.545350318471,1.080071974482,
    4.721756001373));
#3259 = B_SPLINE_CURVE_WITH_KNOTS('',2,(#3260,#3261,#3262),
  .UNSPECIFIED.,.F.,.F.,(3,3),(0.,1.),.PIECEWISE_BEZIER_KNOTS.);
#3260 = CARTESIAN_POINT('',(28.304585987261,1.354646616933,
    5.476143631461));
#3261 = CARTESIAN_POINT('',(28.304585987261,1.176796142403,
    4.987503468653));
#3262 = CARTESIAN_POINT('',(28.545350318471,1.080071974482,
    4.721756001373));
#3263 = ORIENTED_EDGE('',*,*,#3264,.F.);
#3264 = EDGE_CURVE('',#3265,#3255,#3267,.T.);
#3265 = VERTEX_POINT('',#3266);
#3266 = CARTESIAN_POINT('',(28.518598726115,1.598025536757,
    6.144821718048));
#3267 = B_SPLINE_CURVE_WITH_KNOTS('',2,(#3268,#3269,#3270),
  .UNSPECIFIED.,.F.,.F.,(3,3),(0.,1.),.PIECEWISE_BEZIER_KNOTS.);
#3268 = CARTESIAN_POINT('',(28.518598726115,1.598025536757,
    6.144821718048));
#3269 = CARTESIAN_POINT('',(28.304585987261,1.515592146798,
    5.918337840529));
#3270 = CARTESIAN_POINT('',(28.304585987261,1.354646616933,
    5.476143631461));
#3271 = ORIENTED_EDGE('',*,*,#3272,.F.);
#3272 = EDGE_CURVE('',#3273,#3265,#3275,.T.);
#3273 = VERTEX_POINT('',#3274);
#3274 = CARTESIAN_POINT('',(29.042165605096,1.680458926715,
    6.371305595568));
#3275 = B_SPLINE_CURVE_WITH_KNOTS('',2,(#3276,#3277,#3278),
  .UNSPECIFIED.,.F.,.F.,(3,3),(0.,1.),.PIECEWISE_BEZIER_KNOTS.);
#3276 = CARTESIAN_POINT('',(29.042165605096,1.680458926715,
    6.371305595568));
#3277 = CARTESIAN_POINT('',(28.732611464968,1.680458926715,
    6.371305595568));
#3278 = CARTESIAN_POINT('',(28.518598726115,1.598025536757,
    6.144821718048));
#3279 = ORIENTED_EDGE('',*,*,#3280,.F.);
#3280 = EDGE_CURVE('',#3281,#3273,#3283,.T.);
#3281 = VERTEX_POINT('',#3282);
#3282 = CARTESIAN_POINT('',(29.577197452229,1.594104286706,
    6.134048172078));
#3283 = B_SPLINE_CURVE_WITH_KNOTS('',2,(#3284,#3285,#3286),
  .UNSPECIFIED.,.F.,.F.,(3,3),(0.,1.),.PIECEWISE_BEZIER_KNOTS.);
#3284 = CARTESIAN_POINT('',(29.577197452229,1.594104286706,
    6.134048172078));
#3285 = CARTESIAN_POINT('',(29.363184713376,1.680458926715,
    6.371305595568));
#3286 = CARTESIAN_POINT('',(29.042165605096,1.680458926715,
    6.371305595568));
#3287 = ORIENTED_EDGE('',*,*,#3288,.F.);
#3288 = EDGE_CURVE('',#3289,#3281,#3291,.T.);
#3289 = VERTEX_POINT('',#3290);
#3290 = CARTESIAN_POINT('',(29.791210191083,1.322143810956,5.38684290597
    ));
#3291 = B_SPLINE_CURVE_WITH_KNOTS('',2,(#3292,#3293,#3294),
  .UNSPECIFIED.,.F.,.F.,(3,3),(0.,1.),.PIECEWISE_BEZIER_KNOTS.);
#3292 = CARTESIAN_POINT('',(29.791210191083,1.322143810956,5.38684290597
    ));
#3293 = CARTESIAN_POINT('',(29.791210191083,1.507836785587,5.89703016072
    ));
#3294 = CARTESIAN_POINT('',(29.577197452229,1.594104286706,
    6.134048172078));
#3295 = ORIENTED_EDGE('',*,*,#3296,.F.);
#3296 = EDGE_CURVE('',#3297,#3289,#3299,.T.);
#3297 = VERTEX_POINT('',#3298);
#3298 = CARTESIAN_POINT('',(29.592484076433,1.062557057588,
    4.673634162703));
#3299 = B_SPLINE_CURVE_WITH_KNOTS('',2,(#3300,#3301,#3302),
  .UNSPECIFIED.,.F.,.F.,(3,3),(0.,1.),.PIECEWISE_BEZIER_KNOTS.);
#3300 = CARTESIAN_POINT('',(29.592484076433,1.062557057588,
    4.673634162703));
#3301 = CARTESIAN_POINT('',(29.791210191083,1.141766308616,
    4.891259791313));
#3302 = CARTESIAN_POINT('',(29.791210191083,1.322143810956,5.38684290597
    ));
#3303 = ORIENTED_EDGE('',*,*,#3304,.F.);
#3304 = EDGE_CURVE('',#3305,#3297,#3307,.T.);
#3305 = VERTEX_POINT('',#3306);
#3306 = CARTESIAN_POINT('',(29.095668789809,0.983347806561,
    4.456008534093));
#3307 = B_SPLINE_CURVE_WITH_KNOTS('',2,(#3308,#3309,#3310),
  .UNSPECIFIED.,.F.,.F.,(3,3),(0.,1.),.PIECEWISE_BEZIER_KNOTS.);
#3308 = CARTESIAN_POINT('',(29.095668789809,0.983347806561,
    4.456008534093));
#3309 = CARTESIAN_POINT('',(29.393757961783,0.983347806561,
    4.456008534093));
#3310 = CARTESIAN_POINT('',(29.592484076433,1.062557057588,
    4.673634162703));
#3311 = ORIENTED_EDGE('',*,*,#3312,.F.);
#3312 = EDGE_CURVE('',#3257,#3305,#3313,.T.);
#3313 = B_SPLINE_CURVE_WITH_KNOTS('',2,(#3314,#3315,#3316),
  .UNSPECIFIED.,.F.,.F.,(3,3),(0.,1.),.PIECEWISE_BEZIER_KNOTS.);
#3314 = CARTESIAN_POINT('',(28.545350318471,1.080071974482,
    4.721756001373));
#3315 = CARTESIAN_POINT('',(28.786114649682,0.983347806561,
    4.456008534093));
#3316 = CARTESIAN_POINT('',(29.095668789809,0.983347806561,
    4.456008534093));
#3317 = PLANE('',#3318);
#3318 = AXIS2_PLACEMENT_3D('',#3319,#3320,#3321);
#3319 = CARTESIAN_POINT('',(28.993063646923,1.761676636452,
    6.594449419129));
#3320 = DIRECTION('',(0.,-0.939692620786,0.342020143326));
#3321 = DIRECTION('',(1.,0.,0.));
#3322 = ADVANCED_FACE('',(#3323),#3333,.T.);
#3323 = FACE_BOUND('',#3324,.F.);
#3324 = EDGE_LOOP('',(#3325,#3326,#3327,#3328,#3329,#3330,#3331,#3332));
#3325 = ORIENTED_EDGE('',*,*,#1929,.T.);
#3326 = ORIENTED_EDGE('',*,*,#2103,.T.);
#3327 = ORIENTED_EDGE('',*,*,#2084,.T.);
#3328 = ORIENTED_EDGE('',*,*,#2060,.T.);
#3329 = ORIENTED_EDGE('',*,*,#2034,.T.);
#3330 = ORIENTED_EDGE('',*,*,#2008,.T.);
#3331 = ORIENTED_EDGE('',*,*,#1984,.T.);
#3332 = ORIENTED_EDGE('',*,*,#1960,.T.);
#3333 = PLANE('',#3334);
#3334 = AXIS2_PLACEMENT_3D('',#3335,#3336,#3337);
#3335 = CARTESIAN_POINT('',(24.643615610565,1.73316222789,6.516106725477
    ));
#3336 = DIRECTION('',(0.,-0.939692620786,0.342020143326));
#3337 = DIRECTION('',(1.,0.,0.));
#3338 = ADVANCED_FACE('',(#3339),#3345,.T.);
#3339 = FACE_BOUND('',#3340,.F.);
#3340 = EDGE_LOOP('',(#3341,#3342,#3343,#3344));
#3341 = ORIENTED_EDGE('',*,*,#2127,.T.);
#3342 = ORIENTED_EDGE('',*,*,#2199,.T.);
#3343 = ORIENTED_EDGE('',*,*,#2182,.T.);
#3344 = ORIENTED_EDGE('',*,*,#2158,.T.);
#3345 = PLANE('',#3346);
#3346 = AXIS2_PLACEMENT_3D('',#3347,#3348,#3349);
#3347 = CARTESIAN_POINT('',(21.328411226201,1.667637115662,
    6.336077959222));
#3348 = DIRECTION('',(0.,-0.939692620786,0.342020143326));
#3349 = DIRECTION('',(1.,0.,0.));
#3350 = ADVANCED_FACE('',(#3351),#3374,.T.);
#3351 = FACE_BOUND('',#3352,.F.);
#3352 = EDGE_LOOP('',(#3353,#3354,#3355,#3356,#3357,#3358,#3359,#3360,
    #3361,#3362,#3363,#3364,#3365,#3366,#3367,#3368,#3369,#3370,#3371,
    #3372,#3373));
#3353 = ORIENTED_EDGE('',*,*,#2223,.T.);
#3354 = ORIENTED_EDGE('',*,*,#2729,.T.);
#3355 = ORIENTED_EDGE('',*,*,#2710,.T.);
#3356 = ORIENTED_EDGE('',*,*,#2684,.T.);
#3357 = ORIENTED_EDGE('',*,*,#2658,.T.);
#3358 = ORIENTED_EDGE('',*,*,#2632,.T.);
#3359 = ORIENTED_EDGE('',*,*,#2606,.T.);
#3360 = ORIENTED_EDGE('',*,*,#2580,.T.);
#3361 = ORIENTED_EDGE('',*,*,#2556,.T.);
#3362 = ORIENTED_EDGE('',*,*,#2532,.T.);
#3363 = ORIENTED_EDGE('',*,*,#2508,.T.);
#3364 = ORIENTED_EDGE('',*,*,#2484,.T.);
#3365 = ORIENTED_EDGE('',*,*,#2460,.T.);
#3366 = ORIENTED_EDGE('',*,*,#2436,.T.);
#3367 = ORIENTED_EDGE('',*,*,#2410,.T.);
#3368 = ORIENTED_EDGE('',*,*,#2384,.T.);
#3369 = ORIENTED_EDGE('',*,*,#2358,.T.);
#3370 = ORIENTED_EDGE('',*,*,#2332,.T.);
#3371 = ORIENTED_EDGE('',*,*,#2306,.T.);
#3372 = ORIENTED_EDGE('',*,*,#2280,.T.);
#3373 = ORIENTED_EDGE('',*,*,#2254,.T.);
#3374 = PLANE('',#3375);
#3375 = AXIS2_PLACEMENT_3D('',#3376,#3377,#3378);
#3376 = CARTESIAN_POINT('',(18.1455806212,1.674358467948,6.354544722858)
  );
#3377 = DIRECTION('',(0.,-0.939692620786,0.342020143326));
#3378 = DIRECTION('',(1.,0.,0.));
#3379 = ADVANCED_FACE('',(#3380),#3390,.T.);
#3380 = FACE_BOUND('',#3381,.F.);
#3381 = EDGE_LOOP('',(#3382,#3383,#3384,#3385,#3386,#3387,#3388,#3389));
#3382 = ORIENTED_EDGE('',*,*,#2755,.T.);
#3383 = ORIENTED_EDGE('',*,*,#2929,.T.);
#3384 = ORIENTED_EDGE('',*,*,#2910,.T.);
#3385 = ORIENTED_EDGE('',*,*,#2886,.T.);
#3386 = ORIENTED_EDGE('',*,*,#2860,.T.);
#3387 = ORIENTED_EDGE('',*,*,#2834,.T.);
#3388 = ORIENTED_EDGE('',*,*,#2810,.T.);
#3389 = ORIENTED_EDGE('',*,*,#2786,.T.);
#3390 = PLANE('',#3391);
#3391 = AXIS2_PLACEMENT_3D('',#3392,#3393,#3394);
#3392 = CARTESIAN_POINT('',(13.767692043686,1.73316222789,6.516106725477
    ));
#3393 = DIRECTION('',(0.,-0.939692620786,0.342020143326));
#3394 = DIRECTION('',(1.,0.,0.));
#3395 = ADVANCED_FACE('',(#3396),#3402,.F.);
#3396 = FACE_BOUND('',#3397,.F.);
#3397 = EDGE_LOOP('',(#3398,#3399,#3400,#3401));
#3398 = ORIENTED_EDGE('',*,*,#3009,.T.);
#3399 = ORIENTED_EDGE('',*,*,#2984,.T.);
#3400 = ORIENTED_EDGE('',*,*,#2952,.F.);
#3401 = ORIENTED_EDGE('',*,*,#3221,.F.);
#3402 = PLANE('',#3403);
#3403 = AXIS2_PLACEMENT_3D('',#3404,#3405,#3406);
#3404 = CARTESIAN_POINT('',(47.,12.9,0.));
#3405 = DIRECTION('',(-1.,0.,0.));
#3406 = DIRECTION('',(0.,1.,0.));
#3407 = ADVANCED_FACE('',(#3408),#3418,.T.);
#3408 = FACE_BOUND('',#3409,.T.);
#3409 = EDGE_LOOP('',(#3410,#3411,#3412,#3413,#3414,#3415,#3416,#3417));
#3410 = ORIENTED_EDGE('',*,*,#3065,.T.);
#3411 = ORIENTED_EDGE('',*,*,#3040,.T.);
#3412 = ORIENTED_EDGE('',*,*,#3089,.T.);
#3413 = ORIENTED_EDGE('',*,*,#3138,.T.);
#3414 = ORIENTED_EDGE('',*,*,#3187,.T.);
#3415 = ORIENTED_EDGE('',*,*,#3204,.T.);
#3416 = ORIENTED_EDGE('',*,*,#3163,.T.);
#3417 = ORIENTED_EDGE('',*,*,#3113,.T.);
#3418 = PLANE('',#3419);
#3419 = AXIS2_PLACEMENT_3D('',#3420,#3421,#3422);
#3420 = CARTESIAN_POINT('',(21.5,32.86,21.));
#3421 = DIRECTION('',(0.,0.,1.));
#3422 = DIRECTION('',(1.,0.,0.));
#3423 = ADVANCED_FACE('',(#3424),#3434,.T.);
#3424 = FACE_BOUND('',#3425,.T.);
#3425 = EDGE_LOOP('',(#3426,#3427,#3428,#3429,#3430,#3431,#3432,#3433));
#3426 = ORIENTED_EDGE('',*,*,#3264,.T.);
#3427 = ORIENTED_EDGE('',*,*,#3254,.T.);
#3428 = ORIENTED_EDGE('',*,*,#3312,.T.);
#3429 = ORIENTED_EDGE('',*,*,#3304,.T.);
#3430 = ORIENTED_EDGE('',*,*,#3296,.T.);
#3431 = ORIENTED_EDGE('',*,*,#3288,.T.);
#3432 = ORIENTED_EDGE('',*,*,#3280,.T.);
#3433 = ORIENTED_EDGE('',*,*,#3272,.T.);
#3434 = PLANE('',#3435);
#3435 = AXIS2_PLACEMENT_3D('',#3436,#3437,#3438);
#3436 = CARTESIAN_POINT('',(28.993063646923,1.761676636452,
    6.594449419129));
#3437 = DIRECTION('',(0.,-0.939692620786,0.342020143326));
#3438 = DIRECTION('',(1.,0.,0.));
#3439 = ( GEOMETRIC_REPRESENTATION_CONTEXT(3) 
GLOBAL_UNCERTAINTY_ASSIGNED_CONTEXT((#3443)) 
GLOBAL_UNIT_ASSIGNED_CONTEXT((#3440,#3441,#3442)) REPRESENTATION_CONTEXT
('Context #1','3D Context with UNIT and UNCERTAINTY') );
#3440 = ( LENGTH_UNIT() NAMED_UNIT(*) SI_UNIT(.MILLI.,.METRE.) );
#3441 = ( NAMED_UNIT(*) PLANE_ANGLE_UNIT() SI_UNIT($,.RADIAN.) );
#3442 = ( NAMED_UNIT(*) SI_UNIT($,.STERADIAN.) SOLID_ANGLE_UNIT() );
#3443 = UNCERTAINTY_MEASURE_WITH_UNIT(LENGTH_MEASURE(1.E-06),#3440,
  'distance_accuracy_value','confusion accuracy');
#3444 = PRODUCT_RELATED_PRODUCT_CATEGORY('part',$,(#7));
ENDSEC;
END-ISO-10303-21;
