ISO-10303-21;
HEADER;
FILE_DESCRIPTION(('FreeCAD Model'),'2;1');
FILE_NAME('Open CASCADE Shape Model','2026-08-30T15:30:43',('FreeCAD'),(
    'FreeCAD'),'Open CASCADE STEP processor 7.8','FreeCAD','Unknown');
FILE_SCHEMA(('AUTOMOTIVE_DESIGN { 1 0 10303 214 1 1 1 1 }'));
ENDSEC;
DATA;
#1 = APPLICATION_PROTOCOL_DEFINITION('international standard',
  'automotive_design',2000,#2);
#2 = APPLICATION_CONTEXT(
  'core data for automotive mechanical design processes');
#3 = SHAPE_DEFINITION_REPRESENTATION(#4,#10);
#4 = PRODUCT_DEFINITION_SHAPE('','',#5);
#5 = PRODUCT_DEFINITION('design','',#6,#9);
#6 = PRODUCT_DEFINITION_FORMATION('','',#7);
#7 = PRODUCT('Open CASCADE STEP translator 7.8 39',
  'Open CASCADE STEP translator 7.8 39','',(#8));
#8 = PRODUCT_CONTEXT('',#2,'mechanical');
#9 = PRODUCT_DEFINITION_CONTEXT('part definition',#2,'design');
#10 = ADVANCED_BREP_SHAPE_REPRESENTATION('',(#11,#15),#2873);
#11 = AXIS2_PLACEMENT_3D('',#12,#13,#14);
#12 = CARTESIAN_POINT('',(0.,0.,0.));
#13 = DIRECTION('',(0.,0.,1.));
#14 = DIRECTION('',(1.,0.,-0.));
#15 = MANIFOLD_SOLID_BREP('',#16);
#16 = CLOSED_SHELL('',(#17,#57,#222,#246,#334,#951,#968,#985,#1002,#1019
    ,#1036,#1053,#1070,#1102,#1126,#1150,#1175,#1200,#1224,#1248,#1266,
    #1283,#1314,#1340,#1366,#1392,#1418,#1444,#1470,#1496,#1522,#1548,
    #1574,#1600,#1626,#1652,#1678,#1697,#1728,#1752,#1776,#1802,#1828,
    #1852,#1878,#1895,#1926,#1950,#1974,#1991,#2022,#2046,#2070,#2096,
    #2122,#2146,#2172,#2189,#2220,#2244,#2268,#2294,#2320,#2344,#2370,
    #2387,#2418,#2442,#2466,#2498,#2522,#2546,#2571,#2596,#2620,#2644,
    #2662,#2679,#2769,#2785,#2797,#2813,#2829,#2841,#2857));
#17 = ADVANCED_FACE('',(#18),#52,.F.);
#18 = FACE_BOUND('',#19,.F.);
#19 = EDGE_LOOP('',(#20,#30,#38,#46));
#20 = ORIENTED_EDGE('',*,*,#21,.F.);
#21 = EDGE_CURVE('',#22,#24,#26,.T.);
#22 = VERTEX_POINT('',#23);
#23 = CARTESIAN_POINT('',(0.,3.639702342662,10.));
#24 = VERTEX_POINT('',#25);
#25 = CARTESIAN_POINT('',(0.,13.75,10.));
#26 = LINE('',#27,#28);
#27 = CARTESIAN_POINT('',(0.,0.,10.));
#28 = VECTOR('',#29,1.);
#29 = DIRECTION('',(0.,1.,0.));
#30 = ORIENTED_EDGE('',*,*,#31,.T.);
#31 = EDGE_CURVE('',#22,#32,#34,.T.);
#32 = VERTEX_POINT('',#33);
#33 = CARTESIAN_POINT('',(0.,0.,0.));
#34 = LINE('',#35,#36);
#35 = CARTESIAN_POINT('',(0.,0.,0.));
#36 = VECTOR('',#37,1.);
#37 = DIRECTION('',(0.,-0.342020143326,-0.939692620786));
#38 = ORIENTED_EDGE('',*,*,#39,.T.);
#39 = EDGE_CURVE('',#32,#40,#42,.T.);
#40 = VERTEX_POINT('',#41);
#41 = CARTESIAN_POINT('',(0.,13.75,0.));
#42 = LINE('',#43,#44);
#43 = CARTESIAN_POINT('',(0.,0.,0.));
#44 = VECTOR('',#45,1.);
#45 = DIRECTION('',(0.,1.,0.));
#46 = ORIENTED_EDGE('',*,*,#47,.T.);
#47 = EDGE_CURVE('',#40,#24,#48,.T.);
#48 = LINE('',#49,#50);
#49 = CARTESIAN_POINT('',(0.,13.75,-1.));
#50 = VECTOR('',#51,1.);
#51 = DIRECTION('',(0.,0.,1.));
#52 = PLANE('',#53);
#53 = AXIS2_PLACEMENT_3D('',#54,#55,#56);
#54 = CARTESIAN_POINT('',(0.,0.,0.));
#55 = DIRECTION('',(1.,0.,0.));
#56 = DIRECTION('',(0.,0.,1.));
#57 = ADVANCED_FACE('',(#58,#147),#217,.T.);
#58 = FACE_BOUND('',#59,.T.);
#59 = EDGE_LOOP('',(#60,#61,#69,#77,#85,#93,#101,#109,#117,#125,#133,
    #141));
#60 = ORIENTED_EDGE('',*,*,#21,.F.);
#61 = ORIENTED_EDGE('',*,*,#62,.T.);
#62 = EDGE_CURVE('',#22,#63,#65,.T.);
#63 = VERTEX_POINT('',#64);
#64 = CARTESIAN_POINT('',(43.,3.639702342662,10.));
#65 = LINE('',#66,#67);
#66 = CARTESIAN_POINT('',(-1.,3.639702342662,10.));
#67 = VECTOR('',#68,1.);
#68 = DIRECTION('',(1.,0.,0.));
#69 = ORIENTED_EDGE('',*,*,#70,.T.);
#70 = EDGE_CURVE('',#63,#71,#73,.T.);
#71 = VERTEX_POINT('',#72);
#72 = CARTESIAN_POINT('',(43.,13.875609756098,10.));
#73 = LINE('',#74,#75);
#74 = CARTESIAN_POINT('',(43.,0.,10.));
#75 = VECTOR('',#76,1.);
#76 = DIRECTION('',(0.,1.,0.));
#77 = ORIENTED_EDGE('',*,*,#78,.F.);
#78 = EDGE_CURVE('',#79,#71,#81,.T.);
#79 = VERTEX_POINT('',#80);
#80 = CARTESIAN_POINT('',(42.9,13.9,10.));
#81 = LINE('',#82,#83);
#82 = CARTESIAN_POINT('',(42.9,13.9,10.));
#83 = VECTOR('',#84,1.);
#84 = DIRECTION('',(0.971520338783,-0.236956180191,0.));
#85 = ORIENTED_EDGE('',*,*,#86,.F.);
#86 = EDGE_CURVE('',#87,#79,#89,.T.);
#87 = VERTEX_POINT('',#88);
#88 = CARTESIAN_POINT('',(42.9,17.9,10.));
#89 = LINE('',#90,#91);
#90 = CARTESIAN_POINT('',(42.9,17.9,10.));
#91 = VECTOR('',#92,1.);
#92 = DIRECTION('',(0.,-1.,0.));
#93 = ORIENTED_EDGE('',*,*,#94,.F.);
#94 = EDGE_CURVE('',#95,#87,#97,.T.);
#95 = VERTEX_POINT('',#96);
#96 = CARTESIAN_POINT('',(43.,17.924390243902,10.));
#97 = LINE('',#98,#99);
#98 = CARTESIAN_POINT('',(47.,18.9,10.));
#99 = VECTOR('',#100,1.);
#100 = DIRECTION('',(-0.971520338783,-0.236956180191,0.));
#101 = ORIENTED_EDGE('',*,*,#102,.T.);
#102 = EDGE_CURVE('',#95,#103,#105,.T.);
#103 = VERTEX_POINT('',#104);
#104 = CARTESIAN_POINT('',(43.,53.,10.));
#105 = LINE('',#106,#107);
#106 = CARTESIAN_POINT('',(43.,0.,10.));
#107 = VECTOR('',#108,1.);
#108 = DIRECTION('',(0.,1.,0.));
#109 = ORIENTED_EDGE('',*,*,#110,.F.);
#110 = EDGE_CURVE('',#111,#103,#113,.T.);
#111 = VERTEX_POINT('',#112);
#112 = CARTESIAN_POINT('',(0.,53.,10.));
#113 = LINE('',#114,#115);
#114 = CARTESIAN_POINT('',(0.,53.,10.));
#115 = VECTOR('',#116,1.);
#116 = DIRECTION('',(1.,0.,0.));
#117 = ORIENTED_EDGE('',*,*,#118,.F.);
#118 = EDGE_CURVE('',#119,#111,#121,.T.);
#119 = VERTEX_POINT('',#120);
#120 = CARTESIAN_POINT('',(0.,18.05,10.));
#121 = LINE('',#122,#123);
#122 = CARTESIAN_POINT('',(0.,0.,10.));
#123 = VECTOR('',#124,1.);
#124 = DIRECTION('',(0.,1.,0.));
#125 = ORIENTED_EDGE('',*,*,#126,.T.);
#126 = EDGE_CURVE('',#119,#127,#129,.T.);
#127 = VERTEX_POINT('',#128);
#128 = CARTESIAN_POINT('',(4.,19.05,10.));
#129 = LINE('',#130,#131);
#130 = CARTESIAN_POINT('',(-0.123529411765,18.019117647059,10.));
#131 = VECTOR('',#132,1.);
#132 = DIRECTION('',(0.970142500145,0.242535625036,0.));
#133 = ORIENTED_EDGE('',*,*,#134,.T.);
#134 = EDGE_CURVE('',#127,#135,#137,.T.);
#135 = VERTEX_POINT('',#136);
#136 = CARTESIAN_POINT('',(4.,12.75,10.));
#137 = LINE('',#138,#139);
#138 = CARTESIAN_POINT('',(4.,6.375,10.));
#139 = VECTOR('',#140,1.);
#140 = DIRECTION('',(0.,-1.,0.));
#141 = ORIENTED_EDGE('',*,*,#142,.T.);
#142 = EDGE_CURVE('',#135,#24,#143,.T.);
#143 = LINE('',#144,#145);
#144 = CARTESIAN_POINT('',(1.617647058824,13.345588235294,10.));
#145 = VECTOR('',#146,1.);
#146 = DIRECTION('',(-0.970142500145,0.242535625036,0.));
#147 = FACE_BOUND('',#148,.T.);
#148 = EDGE_LOOP('',(#149,#160,#168,#177,#185,#194,#202,#211));
#149 = ORIENTED_EDGE('',*,*,#150,.F.);
#150 = EDGE_CURVE('',#151,#153,#155,.T.);
#151 = VERTEX_POINT('',#152);
#152 = CARTESIAN_POINT('',(18.185,36.775,10.));
#153 = VERTEX_POINT('',#154);
#154 = CARTESIAN_POINT('',(17.585,36.175,10.));
#155 = CIRCLE('',#156,0.6);
#156 = AXIS2_PLACEMENT_3D('',#157,#158,#159);
#157 = CARTESIAN_POINT('',(18.185,36.175,10.));
#158 = DIRECTION('',(0.,-0.,1.));
#159 = DIRECTION('',(0.,1.,0.));
#160 = ORIENTED_EDGE('',*,*,#161,.T.);
#161 = EDGE_CURVE('',#151,#162,#164,.T.);
#162 = VERTEX_POINT('',#163);
#163 = CARTESIAN_POINT('',(24.815,36.775,10.));
#164 = LINE('',#165,#166);
#165 = CARTESIAN_POINT('',(12.7075,36.775,10.));
#166 = VECTOR('',#167,1.);
#167 = DIRECTION('',(1.,0.,0.));
#168 = ORIENTED_EDGE('',*,*,#169,.F.);
#169 = EDGE_CURVE('',#170,#162,#172,.T.);
#170 = VERTEX_POINT('',#171);
#171 = CARTESIAN_POINT('',(25.415,36.175,10.));
#172 = CIRCLE('',#173,0.6);
#173 = AXIS2_PLACEMENT_3D('',#174,#175,#176);
#174 = CARTESIAN_POINT('',(24.815,36.175,10.));
#175 = DIRECTION('',(0.,-0.,1.));
#176 = DIRECTION('',(0.,1.,0.));
#177 = ORIENTED_EDGE('',*,*,#178,.T.);
#178 = EDGE_CURVE('',#170,#179,#181,.T.);
#179 = VERTEX_POINT('',#180);
#180 = CARTESIAN_POINT('',(25.415,29.545,10.));
#181 = LINE('',#182,#183);
#182 = CARTESIAN_POINT('',(25.415,14.4725,10.));
#183 = VECTOR('',#184,1.);
#184 = DIRECTION('',(0.,-1.,0.));
#185 = ORIENTED_EDGE('',*,*,#186,.F.);
#186 = EDGE_CURVE('',#187,#179,#189,.T.);
#187 = VERTEX_POINT('',#188);
#188 = CARTESIAN_POINT('',(24.815,28.945,10.));
#189 = CIRCLE('',#190,0.6);
#190 = AXIS2_PLACEMENT_3D('',#191,#192,#193);
#191 = CARTESIAN_POINT('',(24.815,29.545,10.));
#192 = DIRECTION('',(-0.,0.,1.));
#193 = DIRECTION('',(0.,-1.,0.));
#194 = ORIENTED_EDGE('',*,*,#195,.T.);
#195 = EDGE_CURVE('',#187,#196,#198,.T.);
#196 = VERTEX_POINT('',#197);
#197 = CARTESIAN_POINT('',(18.185,28.945,10.));
#198 = LINE('',#199,#200);
#199 = CARTESIAN_POINT('',(8.7925,28.945,10.));
#200 = VECTOR('',#201,1.);
#201 = DIRECTION('',(-1.,0.,0.));
#202 = ORIENTED_EDGE('',*,*,#203,.F.);
#203 = EDGE_CURVE('',#204,#196,#206,.T.);
#204 = VERTEX_POINT('',#205);
#205 = CARTESIAN_POINT('',(17.585,29.545,10.));
#206 = CIRCLE('',#207,0.6);
#207 = AXIS2_PLACEMENT_3D('',#208,#209,#210);
#208 = CARTESIAN_POINT('',(18.185,29.545,10.));
#209 = DIRECTION('',(0.,0.,1.));
#210 = DIRECTION('',(-1.,0.,0.));
#211 = ORIENTED_EDGE('',*,*,#212,.T.);
#212 = EDGE_CURVE('',#204,#153,#213,.T.);
#213 = LINE('',#214,#215);
#214 = CARTESIAN_POINT('',(17.585,18.3875,10.));
#215 = VECTOR('',#216,1.);
#216 = DIRECTION('',(0.,1.,0.));
#217 = PLANE('',#218);
#218 = AXIS2_PLACEMENT_3D('',#219,#220,#221);
#219 = CARTESIAN_POINT('',(0.,0.,10.));
#220 = DIRECTION('',(0.,0.,1.));
#221 = DIRECTION('',(1.,0.,0.));
#222 = ADVANCED_FACE('',(#223),#241,.T.);
#223 = FACE_BOUND('',#224,.T.);
#224 = EDGE_LOOP('',(#225,#233,#234,#235));
#225 = ORIENTED_EDGE('',*,*,#226,.T.);
#226 = EDGE_CURVE('',#227,#40,#229,.T.);
#227 = VERTEX_POINT('',#228);
#228 = CARTESIAN_POINT('',(4.,12.75,0.));
#229 = LINE('',#230,#231);
#230 = CARTESIAN_POINT('',(1.617647058824,13.345588235294,0.));
#231 = VECTOR('',#232,1.);
#232 = DIRECTION('',(-0.970142500145,0.242535625036,0.));
#233 = ORIENTED_EDGE('',*,*,#47,.T.);
#234 = ORIENTED_EDGE('',*,*,#142,.F.);
#235 = ORIENTED_EDGE('',*,*,#236,.F.);
#236 = EDGE_CURVE('',#227,#135,#237,.T.);
#237 = LINE('',#238,#239);
#238 = CARTESIAN_POINT('',(4.,12.75,-1.));
#239 = VECTOR('',#240,1.);
#240 = DIRECTION('',(0.,0.,1.));
#241 = PLANE('',#242);
#242 = AXIS2_PLACEMENT_3D('',#243,#244,#245);
#243 = CARTESIAN_POINT('',(0.,13.75,-1.));
#244 = DIRECTION('',(0.242535625036,0.970142500145,0.));
#245 = DIRECTION('',(0.970142500145,-0.242535625036,0.));
#246 = ADVANCED_FACE('',(#247),#329,.F.);
#247 = FACE_BOUND('',#248,.F.);
#248 = EDGE_LOOP('',(#249,#250,#258,#266,#274,#282,#290,#298,#306,#314,
    #322,#328));
#249 = ORIENTED_EDGE('',*,*,#39,.F.);
#250 = ORIENTED_EDGE('',*,*,#251,.T.);
#251 = EDGE_CURVE('',#32,#252,#254,.T.);
#252 = VERTEX_POINT('',#253);
#253 = CARTESIAN_POINT('',(43.,0.,0.));
#254 = LINE('',#255,#256);
#255 = CARTESIAN_POINT('',(0.,0.,0.));
#256 = VECTOR('',#257,1.);
#257 = DIRECTION('',(1.,0.,0.));
#258 = ORIENTED_EDGE('',*,*,#259,.T.);
#259 = EDGE_CURVE('',#252,#260,#262,.T.);
#260 = VERTEX_POINT('',#261);
#261 = CARTESIAN_POINT('',(43.,13.875609756098,0.));
#262 = LINE('',#263,#264);
#263 = CARTESIAN_POINT('',(43.,0.,0.));
#264 = VECTOR('',#265,1.);
#265 = DIRECTION('',(0.,1.,0.));
#266 = ORIENTED_EDGE('',*,*,#267,.F.);
#267 = EDGE_CURVE('',#268,#260,#270,.T.);
#268 = VERTEX_POINT('',#269);
#269 = CARTESIAN_POINT('',(42.9,13.9,0.));
#270 = LINE('',#271,#272);
#271 = CARTESIAN_POINT('',(42.9,13.9,0.));
#272 = VECTOR('',#273,1.);
#273 = DIRECTION('',(0.971520338783,-0.236956180191,0.));
#274 = ORIENTED_EDGE('',*,*,#275,.F.);
#275 = EDGE_CURVE('',#276,#268,#278,.T.);
#276 = VERTEX_POINT('',#277);
#277 = CARTESIAN_POINT('',(42.9,17.9,0.));
#278 = LINE('',#279,#280);
#279 = CARTESIAN_POINT('',(42.9,17.9,0.));
#280 = VECTOR('',#281,1.);
#281 = DIRECTION('',(0.,-1.,0.));
#282 = ORIENTED_EDGE('',*,*,#283,.F.);
#283 = EDGE_CURVE('',#284,#276,#286,.T.);
#284 = VERTEX_POINT('',#285);
#285 = CARTESIAN_POINT('',(43.,17.924390243902,0.));
#286 = LINE('',#287,#288);
#287 = CARTESIAN_POINT('',(47.,18.9,0.));
#288 = VECTOR('',#289,1.);
#289 = DIRECTION('',(-0.971520338783,-0.236956180191,0.));
#290 = ORIENTED_EDGE('',*,*,#291,.T.);
#291 = EDGE_CURVE('',#284,#292,#294,.T.);
#292 = VERTEX_POINT('',#293);
#293 = CARTESIAN_POINT('',(43.,53.,0.));
#294 = LINE('',#295,#296);
#295 = CARTESIAN_POINT('',(43.,0.,0.));
#296 = VECTOR('',#297,1.);
#297 = DIRECTION('',(0.,1.,0.));
#298 = ORIENTED_EDGE('',*,*,#299,.F.);
#299 = EDGE_CURVE('',#300,#292,#302,.T.);
#300 = VERTEX_POINT('',#301);
#301 = CARTESIAN_POINT('',(0.,53.,0.));
#302 = LINE('',#303,#304);
#303 = CARTESIAN_POINT('',(0.,53.,0.));
#304 = VECTOR('',#305,1.);
#305 = DIRECTION('',(1.,0.,0.));
#306 = ORIENTED_EDGE('',*,*,#307,.F.);
#307 = EDGE_CURVE('',#308,#300,#310,.T.);
#308 = VERTEX_POINT('',#309);
#309 = CARTESIAN_POINT('',(0.,18.05,0.));
#310 = LINE('',#311,#312);
#311 = CARTESIAN_POINT('',(0.,0.,0.));
#312 = VECTOR('',#313,1.);
#313 = DIRECTION('',(0.,1.,0.));
#314 = ORIENTED_EDGE('',*,*,#315,.T.);
#315 = EDGE_CURVE('',#308,#316,#318,.T.);
#316 = VERTEX_POINT('',#317);
#317 = CARTESIAN_POINT('',(4.,19.05,0.));
#318 = LINE('',#319,#320);
#319 = CARTESIAN_POINT('',(-0.123529411765,18.019117647059,0.));
#320 = VECTOR('',#321,1.);
#321 = DIRECTION('',(0.970142500145,0.242535625036,0.));
#322 = ORIENTED_EDGE('',*,*,#323,.T.);
#323 = EDGE_CURVE('',#316,#227,#324,.T.);
#324 = LINE('',#325,#326);
#325 = CARTESIAN_POINT('',(4.,6.375,0.));
#326 = VECTOR('',#327,1.);
#327 = DIRECTION('',(0.,-1.,0.));
#328 = ORIENTED_EDGE('',*,*,#226,.T.);
#329 = PLANE('',#330);
#330 = AXIS2_PLACEMENT_3D('',#331,#332,#333);
#331 = CARTESIAN_POINT('',(0.,0.,0.));
#332 = DIRECTION('',(0.,0.,1.));
#333 = DIRECTION('',(1.,0.,0.));
#334 = ADVANCED_FACE('',(#335,#346,#648,#736,#770,#858),#946,.T.);
#335 = FACE_BOUND('',#336,.T.);
#336 = EDGE_LOOP('',(#337,#338,#339,#345));
#337 = ORIENTED_EDGE('',*,*,#31,.T.);
#338 = ORIENTED_EDGE('',*,*,#251,.T.);
#339 = ORIENTED_EDGE('',*,*,#340,.F.);
#340 = EDGE_CURVE('',#63,#252,#341,.T.);
#341 = LINE('',#342,#343);
#342 = CARTESIAN_POINT('',(43.,0.,0.));
#343 = VECTOR('',#344,1.);
#344 = DIRECTION('',(0.,-0.342020143326,-0.939692620786));
#345 = ORIENTED_EDGE('',*,*,#62,.F.);
#346 = FACE_BOUND('',#347,.T.);
#347 = EDGE_LOOP('',(#348,#358,#370,#385,#402,#423,#442,#461,#484,#507,
    #526,#549,#571,#593,#616,#633));
#348 = ORIENTED_EDGE('',*,*,#349,.F.);
#349 = EDGE_CURVE('',#350,#352,#354,.T.);
#350 = VERTEX_POINT('',#351);
#351 = CARTESIAN_POINT('',(29.487515923567,2.684848727124,7.376561252424
    ));
#352 = VERTEX_POINT('',#353);
#353 = CARTESIAN_POINT('',(30.527006369427,2.723625533182,7.483099651469
    ));
#354 = LINE('',#355,#356);
#355 = CARTESIAN_POINT('',(14.519650403439,2.126492447183,5.842489981275
    ));
#356 = VECTOR('',#357,1.);
#357 = DIRECTION('',(0.994104564342,3.708374622103E-02,0.101886755371));
#358 = ORIENTED_EDGE('',*,*,#359,.F.);
#359 = EDGE_CURVE('',#360,#350,#362,.T.);
#360 = VERTEX_POINT('',#361);
#361 = CARTESIAN_POINT('',(29.288789808917,2.845097145869,7.816840164431
    ));
#362 = B_SPLINE_CURVE_WITH_KNOTS('',6,(#363,#364,#365,#366,#367,#368,
    #369),.UNSPECIFIED.,.F.,.F.,(7,7),(0.,1.),.PIECEWISE_BEZIER_KNOTS.);
#363 = CARTESIAN_POINT('',(29.288789808917,2.845097145869,7.816840164431
    ));
#364 = CARTESIAN_POINT('',(29.344013727453,2.827318730517,7.767994369698
    ));
#365 = CARTESIAN_POINT('',(29.390353051386,2.805563002284,7.708220997632
    ));
#366 = CARTESIAN_POINT('',(29.427466405052,2.780031953409,7.638075017354
    ));
#367 = CARTESIAN_POINT('',(29.455627698123,2.751108694692,7.558609017131
    ));
#368 = CARTESIAN_POINT('',(29.47541202321,2.719236480843,7.471040829273)
  );
#369 = CARTESIAN_POINT('',(29.487515923567,2.684848727124,7.376561252424
    ));
#370 = ORIENTED_EDGE('',*,*,#371,.F.);
#371 = EDGE_CURVE('',#372,#360,#374,.T.);
#372 = VERTEX_POINT('',#373);
#373 = CARTESIAN_POINT('',(28.872229299363,2.896770507651,7.958811559113
    ));
#374 = B_SPLINE_CURVE_WITH_KNOTS('',5,(#375,#376,#377,#378,#379,#380,
    #381,#382,#383,#384),.UNSPECIFIED.,.F.,.F.,(6,4,6),(0.,
    0.766680143997,1.),.UNSPECIFIED.);
#375 = CARTESIAN_POINT('',(28.872229299363,2.896770507651,7.958811559113
    ));
#376 = CARTESIAN_POINT('',(28.949009505264,2.896770507651,7.958811559113
    ));
#377 = CARTESIAN_POINT('',(29.021547738321,2.893866528428,7.950832941772
    ));
#378 = CARTESIAN_POINT('',(29.089222252492,2.887888074606,7.934407274894
    ));
#379 = CARTESIAN_POINT('',(29.151505218556,2.878752039183,7.909306223864
    ));
#380 = CARTESIAN_POINT('',(29.225289346752,2.862810482881,7.865507157895
    ));
#381 = CARTESIAN_POINT('',(29.241976065407,2.858805052465,7.85450232827)
  );
#382 = CARTESIAN_POINT('',(29.258125597626,2.854515540646,7.842716991407
    ));
#383 = CARTESIAN_POINT('',(29.273731564056,2.849944895517,7.830159247122
    ));
#384 = CARTESIAN_POINT('',(29.288789808917,2.845097145869,7.816840164431
    ));
#385 = ORIENTED_EDGE('',*,*,#386,.F.);
#386 = EDGE_CURVE('',#387,#372,#389,.T.);
#387 = VERTEX_POINT('',#388);
#388 = CARTESIAN_POINT('',(28.296942675159,2.791768145178,7.670319939228
    ));
#389 = B_SPLINE_CURVE_WITH_KNOTS('',6,(#390,#391,#392,#393,#394,#395,
    #396,#397,#398,#399,#400,#401),.UNSPECIFIED.,.F.,.F.,(7,5,7),(0.,
    0.663443140163,1.),.UNSPECIFIED.);
#390 = CARTESIAN_POINT('',(28.296942675159,2.791768145178,7.670319939228
    ));
#391 = CARTESIAN_POINT('',(28.346638924514,2.813958315908,7.731286932244
    ));
#392 = CARTESIAN_POINT('',(28.40026754696,2.833834710052,7.785896876336)
  );
#393 = CARTESIAN_POINT('',(28.457888051877,2.851080297768,7.833278739169
    ));
#394 = CARTESIAN_POINT('',(28.519440238087,2.86540795687,7.872643659027)
  );
#395 = CARTESIAN_POINT('',(28.584677724668,2.876611202004,7.903424322055
    ));
#396 = CARTESIAN_POINT('',(28.687775133959,2.888701209511,7.936641344682
    ));
#397 = CARTESIAN_POINT('',(28.723293146473,2.891951993903,7.945572801396
    ));
#398 = CARTESIAN_POINT('',(28.759568161235,2.894377028198,7.952235528362
    ));
#399 = CARTESIAN_POINT('',(28.796531690637,2.895979214412,7.956637498806
    ));
#400 = CARTESIAN_POINT('',(28.834110803531,2.896770507651,7.958811559113
    ));
#401 = CARTESIAN_POINT('',(28.872229299363,2.896770507651,7.958811559113
    ));
#402 = ORIENTED_EDGE('',*,*,#403,.F.);
#403 = EDGE_CURVE('',#404,#387,#406,.T.);
#404 = VERTEX_POINT('',#405);
#405 = CARTESIAN_POINT('',(28.000891719745,2.355463722851,6.471583390878
    ));
#406 = B_SPLINE_CURVE_WITH_KNOTS('',8,(#407,#408,#409,#410,#411,#412,
    #413,#414,#415,#416,#417,#418,#419,#420,#421,#422),.UNSPECIFIED.,.F.
  ,.F.,(9,7,9),(0.,0.710168104425,1.),.UNSPECIFIED.);
#407 = CARTESIAN_POINT('',(28.000891719745,2.355463722851,6.471583390878
    ));
#408 = CARTESIAN_POINT('',(28.009211563825,2.400553901469,6.595467638469
    ));
#409 = CARTESIAN_POINT('',(28.019696264759,2.445017559656,6.717630535325
    ));
#410 = CARTESIAN_POINT('',(28.032655716576,2.48884402265,6.838042752775)
  );
#411 = CARTESIAN_POINT('',(28.048492618116,2.531910999598,6.956368299464
    ));
#412 = CARTESIAN_POINT('',(28.067697502676,2.57398768697,7.071973047904)
  );
#413 = CARTESIAN_POINT('',(28.09092421614,2.614706530359,7.183847150663)
  );
#414 = CARTESIAN_POINT('',(28.118965618025,2.653573228087,7.290632525039
    ));
#415 = CARTESIAN_POINT('',(28.167029765886,2.70465066742,7.430966636248)
  );
#416 = CARTESIAN_POINT('',(28.1819609774,2.719007778659,7.470412475186)
  );
#417 = CARTESIAN_POINT('',(28.197972672508,2.732864889021,7.508484573006
    ));
#418 = CARTESIAN_POINT('',(28.215145549205,2.746153025259,7.544993427266
    ));
#419 = CARTESIAN_POINT('',(28.233560054598,2.75878805751,7.579707893069)
  );
#420 = CARTESIAN_POINT('',(28.253292118779,2.770673066859,7.612361687886
    ));
#421 = CARTESIAN_POINT('',(28.274405776289,2.781702504883,7.642664819806
    ));
#422 = CARTESIAN_POINT('',(28.296942675159,2.791768145178,7.670319939228
    ));
#423 = ORIENTED_EDGE('',*,*,#424,.F.);
#424 = EDGE_CURVE('',#425,#404,#427,.T.);
#425 = VERTEX_POINT('',#426);
#426 = CARTESIAN_POINT('',(28.998343949045,2.517542058287,6.91688995767)
  );
#427 = B_SPLINE_CURVE_WITH_KNOTS('',5,(#428,#429,#430,#431,#432,#433,
    #434,#435,#436,#437,#438,#439,#440,#441),.UNSPECIFIED.,.F.,.F.,(6,4,
    4,6),(0.,0.44086462525,0.812513928804,1.),.UNSPECIFIED.);
#428 = CARTESIAN_POINT('',(28.998343949045,2.517542058287,6.91688995767)
  );
#429 = CARTESIAN_POINT('',(28.895755682911,2.517542058287,6.91688995767)
  );
#430 = CARTESIAN_POINT('',(28.794623280716,2.514542475792,6.908648672497
    ));
#431 = CARTESIAN_POINT('',(28.695777880029,2.508292304334,6.89147646755)
  );
#432 = CARTESIAN_POINT('',(28.600096926754,2.498650976357,6.86498713664)
  );
#433 = CARTESIAN_POINT('',(28.431062065843,2.474845616082,6.799582446821
    ));
#434 = CARTESIAN_POINT('',(28.35653787786,2.461626039578,6.763261958883)
  );
#435 = CARTESIAN_POINT('',(28.285279751955,2.446141007687,6.720717183421
    ));
#436 = CARTESIAN_POINT('',(28.217536192756,2.428557459967,6.672406783107
    ));
#437 = CARTESIAN_POINT('',(28.121062384509,2.399271580967,6.591944491845
    ));
#438 = CARTESIAN_POINT('',(28.089631358566,2.388971675205,6.563645733344
    ));
#439 = CARTESIAN_POINT('',(28.05912866365,2.378218417092,6.534101399491)
  );
#440 = CARTESIAN_POINT('',(28.029552135601,2.367039937163,6.503388778304
    ));
#441 = CARTESIAN_POINT('',(28.000891719745,2.355463722851,6.471583390878
    ));
#442 = ORIENTED_EDGE('',*,*,#443,.F.);
#443 = EDGE_CURVE('',#444,#425,#446,.T.);
#444 = VERTEX_POINT('',#445);
#445 = CARTESIAN_POINT('',(30.150445859873,2.342392889348,6.435671570975
    ));
#446 = B_SPLINE_CURVE_WITH_KNOTS('',5,(#447,#448,#449,#450,#451,#452,
    #453,#454,#455,#456,#457,#458,#459,#460),.UNSPECIFIED.,.F.,.F.,(6,4,
    4,6),(0.,0.190697629172,0.56840011269,1.),.UNSPECIFIED.);
#447 = CARTESIAN_POINT('',(30.150445859873,2.342392889348,6.435671570975
    ));
#448 = CARTESIAN_POINT('',(30.115640544978,2.35510664002,6.470602313864)
  );
#449 = CARTESIAN_POINT('',(30.079838191014,2.367375483221,6.504310683519
    ));
#450 = CARTESIAN_POINT('',(30.043031246923,2.379168635374,6.536712102765
    ));
#451 = CARTESIAN_POINT('',(30.005221445262,2.390454586719,6.567719999242
    ));
#452 = CARTESIAN_POINT('',(29.889582872801,2.422493481313,6.655746138683
    ));
#453 = CARTESIAN_POINT('',(29.808856681632,2.441680615775,6.708462357361
    ));
#454 = CARTESIAN_POINT('',(29.724399453169,2.458524219434,6.754739778078
    ));
#455 = CARTESIAN_POINT('',(29.6365249887,2.47283828302,6.794067344561));
#456 = CARTESIAN_POINT('',(29.44211844399,2.497936515954,6.863024172816)
  );
#457 = CARTESIAN_POINT('',(29.334676324374,2.507930234453,6.890481688728
    ));
#458 = CARTESIAN_POINT('',(29.224315525526,2.514420334318,6.908313091556
    ));
#459 = CARTESIAN_POINT('',(29.111926756923,2.517542058287,6.91688995767)
  );
#460 = CARTESIAN_POINT('',(28.998343949045,2.517542058287,6.91688995767)
  );
#461 = ORIENTED_EDGE('',*,*,#462,.F.);
#462 = EDGE_CURVE('',#463,#444,#465,.T.);
#463 = VERTEX_POINT('',#464);
#464 = CARTESIAN_POINT('',(30.630191082803,1.890142050148,5.193122602343
    ));
#465 = B_SPLINE_CURVE_WITH_KNOTS('',5,(#466,#467,#468,#469,#470,#471,
    #472,#473,#474,#475,#476,#477,#478,#479,#480,#481,#482,#483),
  .UNSPECIFIED.,.F.,.F.,(6,4,4,4,6),(0.,0.275239007959,0.523026654426,
    0.763477747715,1.),.UNSPECIFIED.);
#466 = CARTESIAN_POINT('',(30.630191082803,1.890142050148,5.193122602343
    ));
#467 = CARTESIAN_POINT('',(30.630191082803,1.91826684963,5.270394853846)
  );
#468 = CARTESIAN_POINT('',(30.627102182022,1.946210591447,5.347169653504
    ));
#469 = CARTESIAN_POINT('',(30.620716100501,1.973918941605,5.423297719893
    ));
#470 = CARTESIAN_POINT('',(30.610823968182,2.001323392105,5.498590828836
    ));
#471 = CARTESIAN_POINT('',(30.585047811972,2.052671374571,5.639668251195
    ));
#472 = CARTESIAN_POINT('',(30.569859691632,2.076687761634,5.705652732346
    ));
#473 = CARTESIAN_POINT('',(30.551574744622,2.100335311052,5.770623840398
    ));
#474 = CARTESIAN_POINT('',(30.530101437249,2.123550235965,5.834406322392
    ));
#475 = CARTESIAN_POINT('',(30.481448352332,2.168312950452,5.957390869678
    ));
#476 = CARTESIAN_POINT('',(30.454455454751,2.189890619244,6.016675027447
    ));
#477 = CARTESIAN_POINT('',(30.424403455837,2.210940951418,6.074510339768
    ));
#478 = CARTESIAN_POINT('',(30.391314591819,2.231409601507,6.130747493696
    ));
#479 = CARTESIAN_POINT('',(30.31982142423,2.270766613815,6.238879996308)
  );
#480 = CARTESIAN_POINT('',(30.281511032457,2.289676308575,6.290833955671
    ));
#481 = CARTESIAN_POINT('',(30.240422261172,2.307935054392,6.34099944751)
  );
#482 = CARTESIAN_POINT('',(30.19668051217,2.325513177912,6.389294944957)
  );
#483 = CARTESIAN_POINT('',(30.150445859873,2.342392889348,6.435671570975
    ));
#484 = ORIENTED_EDGE('',*,*,#485,.F.);
#485 = EDGE_CURVE('',#486,#463,#488,.T.);
#486 = VERTEX_POINT('',#487);
#487 = CARTESIAN_POINT('',(30.125732484076,1.418197821804,3.896466491725
    ));
#488 = B_SPLINE_CURVE_WITH_KNOTS('',5,(#489,#490,#491,#492,#493,#494,
    #495,#496,#497,#498,#499,#500,#501,#502,#503,#504,#505,#506),
  .UNSPECIFIED.,.F.,.F.,(6,4,4,4,6),(0.,0.201814822545,0.449435024929,
    0.703724951199,1.),.UNSPECIFIED.);
#489 = CARTESIAN_POINT('',(30.125732484076,1.418197821804,3.896466491725
    ));
#490 = CARTESIAN_POINT('',(30.167609266166,1.432954546119,3.937010258568
    ));
#491 = CARTESIAN_POINT('',(30.207532001357,1.448289557359,3.979142855676
    ));
#492 = CARTESIAN_POINT('',(30.245386230312,1.46418966153,4.022828032853)
  );
#493 = CARTESIAN_POINT('',(30.28108341172,1.480632816383,4.068005229515)
  );
#494 = CARTESIAN_POINT('',(30.355636735452,1.518391749727,4.171747046262
    ));
#495 = CARTESIAN_POINT('',(30.393373633351,1.539967428446,4.231025736352
    ));
#496 = CARTESIAN_POINT('',(30.42765562959,1.562256965685,4.292265736605)
  );
#497 = CARTESIAN_POINT('',(30.458453165284,1.585190413529,4.355274866707
    ));
#498 = CARTESIAN_POINT('',(30.51388833581,1.632822778249,4.48614371321)
  );
#499 = CARTESIAN_POINT('',(30.538339125695,1.657553895166,4.554091898497
    ));
#500 = CARTESIAN_POINT('',(30.55919536637,1.682801030904,4.623457833844)
  );
#501 = CARTESIAN_POINT('',(30.576578140517,1.708483295773,4.694019276651
    ));
#502 = CARTESIAN_POINT('',(30.607026884819,1.764872629668,4.848947698225
    ));
#503 = CARTESIAN_POINT('',(30.618906280686,1.795709435522,4.933671125998
    ));
#504 = CARTESIAN_POINT('',(30.626526497944,1.826925831199,5.019437468239
    ));
#505 = CARTESIAN_POINT('',(30.630191082803,1.858427055535,5.105986370785
    ));
#506 = CARTESIAN_POINT('',(30.630191082803,1.890142050148,5.193122602343
    ));
#507 = ORIENTED_EDGE('',*,*,#508,.F.);
#508 = EDGE_CURVE('',#509,#486,#511,.T.);
#509 = VERTEX_POINT('',#510);
#510 = CARTESIAN_POINT('',(28.830191082803,1.240434486164,3.408065741049
    ));
#511 = B_SPLINE_CURVE_WITH_KNOTS('',5,(#512,#513,#514,#515,#516,#517,
    #518,#519,#520,#521,#522,#523,#524,#525),.UNSPECIFIED.,.F.,.F.,(6,4,
    4,6),(0.,0.225143665681,0.648979125613,1.),.UNSPECIFIED.);
#512 = CARTESIAN_POINT('',(28.830191082803,1.240434486164,3.408065741049
    ));
#513 = CARTESIAN_POINT('',(28.896814975359,1.240434486164,3.408065741049
    ));
#514 = CARTESIAN_POINT('',(28.963076342764,1.241222518928,3.410230843272
    ));
#515 = CARTESIAN_POINT('',(29.028872777802,1.242841478952,3.414678899383
    ));
#516 = CARTESIAN_POINT('',(29.094081927076,1.245332591386,3.421523174545
    ));
#517 = CARTESIAN_POINT('',(29.279958316451,1.255120506665,3.448415250756
    ));
#518 = CARTESIAN_POINT('',(29.398815080059,1.264720055834,3.474789795336
    ));
#519 = CARTESIAN_POINT('',(29.514134670224,1.277741019068,3.510564597801
    ));
#520 = CARTESIAN_POINT('',(29.624897293423,1.294276772128,3.555996205946
    ));
#521 = CARTESIAN_POINT('',(29.817470942192,1.330626100672,3.655865165335
    ));
#522 = CARTESIAN_POINT('',(29.901011662435,1.349393170068,3.707427264728
    ));
#523 = CARTESIAN_POINT('',(29.980366695372,1.370369676971,3.765059743783
    ));
#524 = CARTESIAN_POINT('',(30.055298715934,1.393378061375,3.828274760391
    ));
#525 = CARTESIAN_POINT('',(30.125732484076,1.418197821804,3.896466491725
    ));
#526 = ORIENTED_EDGE('',*,*,#527,.F.);
#527 = EDGE_CURVE('',#528,#509,#530,.T.);
#528 = VERTEX_POINT('',#529);
#529 = CARTESIAN_POINT('',(27.435286624204,1.466647044654,4.029579637498
    ));
#530 = B_SPLINE_CURVE_WITH_KNOTS('',5,(#531,#532,#533,#534,#535,#536,
    #537,#538,#539,#540,#541,#542,#543,#544,#545,#546,#547,#548),
  .UNSPECIFIED.,.F.,.F.,(6,4,4,4,6),(0.,0.17420371968,0.515759858413,
    0.839123881488,1.),.UNSPECIFIED.);
#531 = CARTESIAN_POINT('',(27.435286624204,1.466647044654,4.029579637498
    ));
#532 = CARTESIAN_POINT('',(27.471450868602,1.451677504078,3.988451162785
    ));
#533 = CARTESIAN_POINT('',(27.508854796174,1.437155989783,3.948553630164
    ));
#534 = CARTESIAN_POINT('',(27.54751691389,1.423118738144,3.909986598253)
  );
#535 = CARTESIAN_POINT('',(27.587444378509,1.409603814882,3.872854651766
    ));
#536 = CARTESIAN_POINT('',(27.709367892421,1.371246080713,3.767467643274
    ));
#537 = CARTESIAN_POINT('',(27.794946075289,1.347988433634,3.703567783097
    ));
#538 = CARTESIAN_POINT('',(27.885235086171,1.32716657506,3.646360196831)
  );
#539 = CARTESIAN_POINT('',(27.979898416494,1.309017187021,3.596495163018
    ));
#540 = CARTESIAN_POINT('',(28.171368283359,1.279092225887,3.514277008024
    ));
#541 = CARTESIAN_POINT('',(28.267818594498,1.267024506279,3.481121220897
    ));
#542 = CARTESIAN_POINT('',(28.367030874459,1.257533567644,3.455045081309
    ));
#543 = CARTESIAN_POINT('',(28.468376790911,1.250570870775,3.435915228882
    ));
#544 = CARTESIAN_POINT('',(28.62240458914,1.24374152957,3.417151768132)
  );
#545 = CARTESIAN_POINT('',(28.673954414744,1.242067052124,3.412551179159
    ));
#546 = CARTESIAN_POINT('',(28.725810749023,1.240971396746,3.409540890747
    ));
#547 = CARTESIAN_POINT('',(28.777908624524,1.240434486164,3.408065741049
    ));
#548 = CARTESIAN_POINT('',(28.830191082803,1.240434486164,3.408065741049
    ));
#549 = ORIENTED_EDGE('',*,*,#550,.F.);
#550 = EDGE_CURVE('',#551,#528,#553,.T.);
#551 = VERTEX_POINT('',#552);
#552 = CARTESIAN_POINT('',(26.888789808917,2.208198998718,6.066976886641
    ));
#553 = B_SPLINE_CURVE_WITH_KNOTS('',6,(#554,#555,#556,#557,#558,#559,
    #560,#561,#562,#563,#564,#565,#566,#567,#568,#569,#570),
  .UNSPECIFIED.,.F.,.F.,(7,5,5,7),(0.,0.356309431948,0.65985680493,1.),
  .UNSPECIFIED.);
#554 = CARTESIAN_POINT('',(26.888789808917,2.208198998718,6.066976886641
    ));
#555 = CARTESIAN_POINT('',(26.888789808917,2.16014883193,5.934960138389)
  );
#556 = CARTESIAN_POINT('',(26.891640497976,2.112252433438,5.803365865059
    ));
#557 = CARTESIAN_POINT('',(26.897642846524,2.064545009064,5.672290793851
    ));
#558 = CARTESIAN_POINT('',(26.907162560644,2.017087634604,5.541902729134
    ));
#559 = CARTESIAN_POINT('',(26.92063912766,1.969967885807,5.412442283306)
  );
#560 = CARTESIAN_POINT('',(26.953961434227,1.883549196346,5.175008885393
    ));
#561 = CARTESIAN_POINT('',(26.972565352895,1.844133528991,5.066715229363
    ));
#562 = CARTESIAN_POINT('',(26.994790161353,1.805124475078,4.959538734581
    ));
#563 = CARTESIAN_POINT('',(27.02103856283,1.766630805291,4.853778246049)
  );
#564 = CARTESIAN_POINT('',(27.051770062889,1.7288021117,4.749844764603)
  );
#565 = CARTESIAN_POINT('',(27.127539611808,1.650397983931,4.534431193964
    ));
#566 = CARTESIAN_POINT('',(27.173847044211,1.610049506466,4.423574663218
    ));
#567 = CARTESIAN_POINT('',(27.227143961489,1.571054246062,4.316436065793
    ));
#568 = CARTESIAN_POINT('',(27.288152267869,1.5338143431,4.214120273302)
  );
#569 = CARTESIAN_POINT('',(27.357506376213,1.49884278378,4.118036703748)
  );
#570 = CARTESIAN_POINT('',(27.435286624204,1.466647044654,4.029579637498
    ));
#571 = ORIENTED_EDGE('',*,*,#572,.F.);
#572 = EDGE_CURVE('',#573,#551,#575,.T.);
#573 = VERTEX_POINT('',#574);
#574 = CARTESIAN_POINT('',(27.45821656051,2.970054314157,8.1601571627));
#575 = B_SPLINE_CURVE_WITH_KNOTS('',6,(#576,#577,#578,#579,#580,#581,
    #582,#583,#584,#585,#586,#587,#588,#589,#590,#591,#592),
  .UNSPECIFIED.,.F.,.F.,(7,5,5,7),(0.,0.34523454026,0.647254077255,1.),
  .UNSPECIFIED.);
#576 = CARTESIAN_POINT('',(27.45821656051,2.970054314157,8.1601571627));
#577 = CARTESIAN_POINT('',(27.376193718863,2.936440364832,8.067803595951
    ));
#578 = CARTESIAN_POINT('',(27.303094809003,2.899903802174,7.967420215065
    ));
#579 = CARTESIAN_POINT('',(27.238874757531,2.860980241039,7.86047860976)
  );
#580 = CARTESIAN_POINT('',(27.182867869455,2.820215640765,7.748478790995
    ));
#581 = CARTESIAN_POINT('',(27.134306124368,2.778038836129,7.632598972631
    ));
#582 = CARTESIAN_POINT('',(27.055775303493,2.696858904991,7.409558944919
    ));
#583 = CARTESIAN_POINT('',(27.024245964742,2.658125219186,7.303139017798
    ));
#584 = CARTESIAN_POINT('',(26.997311074831,2.618728285273,7.194896831474
    ));
#585 = CARTESIAN_POINT('',(26.974504865538,2.57881816471,7.085244676421)
  );
#586 = CARTESIAN_POINT('',(26.955417559927,2.53850418366,6.974482923797)
  );
#587 = CARTESIAN_POINT('',(26.921336338982,2.450377763905,6.732357575462
    ));
#588 = CARTESIAN_POINT('',(26.907571989818,2.402454267161,6.600688850297
    ));
#589 = CARTESIAN_POINT('',(26.897844594935,2.354200668056,6.46811317635)
  );
#590 = CARTESIAN_POINT('',(26.891705466665,2.305704259873,6.334870389941
    ));
#591 = CARTESIAN_POINT('',(26.888789808917,2.257025270851,6.2011259668)
  );
#592 = CARTESIAN_POINT('',(26.888789808917,2.208198998718,6.066976886641
    ));
#593 = ORIENTED_EDGE('',*,*,#594,.F.);
#594 = EDGE_CURVE('',#595,#573,#597,.T.);
#595 = VERTEX_POINT('',#596);
#596 = CARTESIAN_POINT('',(28.937197452229,3.203499400519,8.801542266161
    ));
#597 = B_SPLINE_CURVE_WITH_KNOTS('',5,(#598,#599,#600,#601,#602,#603,
    #604,#605,#606,#607,#608,#609,#610,#611,#612,#613,#614,#615),
  .UNSPECIFIED.,.F.,.F.,(6,4,4,4,6),(0.,0.182073942453,0.533572658247,
    0.845726987787,1.),.UNSPECIFIED.);
#598 = CARTESIAN_POINT('',(28.937197452229,3.203499400519,8.801542266161
    ));
#599 = CARTESIAN_POINT('',(28.874626256207,3.203499400519,8.801542266161
    ));
#600 = CARTESIAN_POINT('',(28.812288351464,3.202808904902,8.799645145047
    ));
#601 = CARTESIAN_POINT('',(28.750266067336,3.201393847897,8.795757307877
    ));
#602 = CARTESIAN_POINT('',(28.688656765459,3.199222010805,8.78979023451)
  );
#603 = CARTESIAN_POINT('',(28.509640861966,3.1905658038,8.766007501224)
  );
#604 = CARTESIAN_POINT('',(28.393631782799,3.18194768867,8.742329424506)
  );
#605 = CARTESIAN_POINT('',(28.280400371964,3.17023372617,8.710145577045)
  );
#606 = CARTESIAN_POINT('',(28.170825737816,3.155348455873,8.669248633021
    ));
#607 = CARTESIAN_POINT('',(27.972333888652,3.121515021567,8.576292036243
    ));
#608 = CARTESIAN_POINT('',(27.882450838461,3.103203644487,8.525981941198
    ));
#609 = CARTESIAN_POINT('',(27.796595269371,3.082586708697,8.469337375656
    ));
#610 = CARTESIAN_POINT('',(27.715052663786,3.059851698849,8.406873449468
    ));
#611 = CARTESIAN_POINT('',(27.599827388452,3.023064368122,8.305801088972
    ));
#612 = CARTESIAN_POINT('',(27.562795159609,3.010435420703,8.271103341108
    ));
#613 = CARTESIAN_POINT('',(27.526851839713,2.997372418974,8.235213038828
    ));
#614 = CARTESIAN_POINT('',(27.491996323947,2.983902837731,8.198205668512
    ));
#615 = CARTESIAN_POINT('',(27.45821656051,2.970054314157,8.1601571627));
#616 = ORIENTED_EDGE('',*,*,#617,.F.);
#617 = EDGE_CURVE('',#618,#595,#620,.T.);
#618 = VERTEX_POINT('',#619);
#619 = CARTESIAN_POINT('',(29.993757961783,3.080546426701,8.463731746944
    ));
#620 = B_SPLINE_CURVE_WITH_KNOTS('',6,(#621,#622,#623,#624,#625,#626,
    #627,#628,#629,#630,#631,#632),.UNSPECIFIED.,.F.,.F.,(7,5,7),(0.,
    0.205075326209,1.),.UNSPECIFIED.);
#621 = CARTESIAN_POINT('',(29.993757961783,3.080546426701,8.463731746944
    ));
#622 = CARTESIAN_POINT('',(29.964612034242,3.089112532352,8.487266928792
    ));
#623 = CARTESIAN_POINT('',(29.934743722817,3.097344706273,8.509884640753
    ));
#624 = CARTESIAN_POINT('',(29.904165791382,3.105233322783,8.531558436484
    ));
#625 = CARTESIAN_POINT('',(29.872894684161,3.112770281435,8.552266060191
    ));
#626 = CARTESIAN_POINT('',(29.84095052573,3.119949007018,8.571989446633)
  );
#627 = CARTESIAN_POINT('',(29.682016707053,3.153182856584,8.663298697876
    ));
#628 = CARTESIAN_POINT('',(29.545861585168,3.174155819589,8.720921440151
    ));
#629 = CARTESIAN_POINT('',(29.401457168445,3.18934268808,8.762647018402)
  );
#630 = CARTESIAN_POINT('',(29.250692116148,3.19896585927,8.789086463949)
  );
#631 = CARTESIAN_POINT('',(29.095409425772,3.203499400519,8.801542266161
    ));
#632 = CARTESIAN_POINT('',(28.937197452229,3.203499400519,8.801542266161
    ));
#633 = ORIENTED_EDGE('',*,*,#634,.F.);
#634 = EDGE_CURVE('',#352,#618,#635,.T.);
#635 = B_SPLINE_CURVE_WITH_KNOTS('',6,(#636,#637,#638,#639,#640,#641,
    #642,#643,#644,#645,#646,#647),.UNSPECIFIED.,.F.,.F.,(7,5,7),(0.,
    0.492388443474,1.),.UNSPECIFIED.);
#636 = CARTESIAN_POINT('',(30.527006369427,2.723625533182,7.483099651469
    ));
#637 = CARTESIAN_POINT('',(30.509841348654,2.758667583793,7.579376894253
    ));
#638 = CARTESIAN_POINT('',(30.488192830509,2.79302202903,7.673764956799)
  );
#639 = CARTESIAN_POINT('',(30.461707867774,2.826558133902,7.765904647672
    ));
#640 = CARTESIAN_POINT('',(30.430035693091,2.859113324866,7.855349299732
    ));
#641 = CARTESIAN_POINT('',(30.392866521544,2.890500723869,7.941585469746
    ));
#642 = CARTESIAN_POINT('',(30.305865889593,2.951483988689,8.109135612805
    ));
#643 = CARTESIAN_POINT('',(30.255667709905,2.981002010444,8.190235711043
    ));
#644 = CARTESIAN_POINT('',(30.199266689959,3.008852191234,8.266753453893
    ));
#645 = CARTESIAN_POINT('',(30.136642157904,3.03482677128,8.338118026049)
  );
#646 = CARTESIAN_POINT('',(30.067984209662,3.058759762409,8.403873378755
    ));
#647 = CARTESIAN_POINT('',(29.993757961783,3.080546426701,8.463731746944
    ));
#648 = FACE_BOUND('',#649,.T.);
#649 = EDGE_LOOP('',(#650,#660,#668,#683,#691,#703,#722,#730));
#650 = ORIENTED_EDGE('',*,*,#651,.F.);
#651 = EDGE_CURVE('',#652,#654,#656,.T.);
#652 = VERTEX_POINT('',#653);
#653 = CARTESIAN_POINT('',(24.209044585987,1.273895819932,3.5));
#654 = VERTEX_POINT('',#655);
#655 = CARTESIAN_POINT('',(25.282929936306,1.273895819932,3.5));
#656 = LINE('',#657,#658);
#657 = CARTESIAN_POINT('',(12.141464968153,1.273895819932,3.5));
#658 = VECTOR('',#659,1.);
#659 = DIRECTION('',(1.,0.,0.));
#660 = ORIENTED_EDGE('',*,*,#661,.F.);
#661 = EDGE_CURVE('',#662,#652,#664,.T.);
#662 = VERTEX_POINT('',#663);
#663 = CARTESIAN_POINT('',(24.209044585987,2.663238282399,7.317187043519
    ));
#664 = LINE('',#665,#666);
#665 = CARTESIAN_POINT('',(24.209044585987,0.636947909966,1.75));
#666 = VECTOR('',#667,1.);
#667 = DIRECTION('',(-0.,-0.342020143326,-0.939692620786));
#668 = ORIENTED_EDGE('',*,*,#669,.F.);
#669 = EDGE_CURVE('',#670,#662,#672,.T.);
#670 = VERTEX_POINT('',#671);
#671 = CARTESIAN_POINT('',(22.82178343949,2.383696723217,6.549152921867)
  );
#672 = B_SPLINE_CURVE_WITH_KNOTS('',5,(#673,#674,#675,#676,#677,#678,
    #679,#680,#681,#682),.UNSPECIFIED.,.F.,.F.,(6,4,6),(0.,
    0.724057549441,1.),.UNSPECIFIED.);
#673 = CARTESIAN_POINT('',(22.82178343949,2.383696723217,6.549152921867)
  );
#674 = CARTESIAN_POINT('',(23.047058013751,2.409232076143,6.619310727428
    ));
#675 = CARTESIAN_POINT('',(23.265727770142,2.440098888708,6.704116597962
    ));
#676 = CARTESIAN_POINT('',(23.476073330994,2.476516992288,6.804174515207
    ));
#677 = CARTESIAN_POINT('',(23.676453043231,2.518514045045,6.919560469341
    ));
#678 = CARTESIAN_POINT('',(23.937650040006,2.583768239909,7.098844896254
    ));
#679 = CARTESIAN_POINT('',(24.008094836432,2.602538453325,7.150415633773
    ));
#680 = CARTESIAN_POINT('',(24.076841992842,2.62205554452,7.204038401124)
  );
#681 = CARTESIAN_POINT('',(24.143838329896,2.642297711285,7.259653297232
    ));
#682 = CARTESIAN_POINT('',(24.209044585987,2.663238282399,7.317187043519
    ));
#683 = ORIENTED_EDGE('',*,*,#684,.F.);
#684 = EDGE_CURVE('',#685,#670,#687,.T.);
#685 = VERTEX_POINT('',#686);
#686 = CARTESIAN_POINT('',(22.82178343949,2.718310060891,7.468495511375)
  );
#687 = LINE('',#688,#689);
#688 = CARTESIAN_POINT('',(22.82178343949,1.191848361609,3.274576460934)
  );
#689 = VECTOR('',#690,1.);
#690 = DIRECTION('',(-0.,-0.342020143326,-0.939692620786));
#691 = ORIENTED_EDGE('',*,*,#692,.F.);
#692 = EDGE_CURVE('',#693,#685,#695,.T.);
#693 = VERTEX_POINT('',#694);
#694 = CARTESIAN_POINT('',(23.735159235669,2.896770507651,7.958811559113
    ));
#695 = B_SPLINE_CURVE_WITH_KNOTS('',6,(#696,#697,#698,#699,#700,#701,
    #702),.UNSPECIFIED.,.F.,.F.,(7,7),(0.,1.),.PIECEWISE_BEZIER_KNOTS.);
#696 = CARTESIAN_POINT('',(23.735159235669,2.896770507651,7.958811559113
    ));
#697 = CARTESIAN_POINT('',(23.585592006682,2.856903971381,7.849279150918
    ));
#698 = CARTESIAN_POINT('',(23.434529965909,2.820228173284,7.748513223807
    ));
#699 = CARTESIAN_POINT('',(23.282033619631,2.787256522549,7.657924357932
    ));
#700 = CARTESIAN_POINT('',(23.128509267946,2.75869595565,7.579454845289)
  );
#701 = CARTESIAN_POINT('',(22.974715077385,2.735428290215,7.515527459903
    ));
#702 = CARTESIAN_POINT('',(22.82178343949,2.718310060891,7.468495511375)
  );
#703 = ORIENTED_EDGE('',*,*,#704,.F.);
#704 = EDGE_CURVE('',#705,#693,#707,.T.);
#705 = VERTEX_POINT('',#706);
#706 = CARTESIAN_POINT('',(24.411592356688,3.203499400519,8.801542266161
    ));
#707 = B_SPLINE_CURVE_WITH_KNOTS('',5,(#708,#709,#710,#711,#712,#713,
    #714,#715,#716,#717,#718,#719,#720,#721),.UNSPECIFIED.,.F.,.F.,(6,4,
    4,6),(0.,7.602305458109E-02,0.52948728546,1.),.UNSPECIFIED.);
#708 = CARTESIAN_POINT('',(24.411592356688,3.203499400519,8.801542266161
    ));
#709 = CARTESIAN_POINT('',(24.405871427208,3.198034303789,8.786527036301
    ));
#710 = CARTESIAN_POINT('',(24.399960535991,3.192594092569,8.771580178816
    ));
#711 = CARTESIAN_POINT('',(24.393860041039,3.187179366928,8.756703342387
    ));
#712 = CARTESIAN_POINT('',(24.387570459723,3.181790707066,8.741898121094
    ));
#713 = CARTESIAN_POINT('',(24.342452385299,3.144445079278,8.639291852031
    ));
#714 = CARTESIAN_POINT('',(24.29710639298,3.11340676027,8.55401477142));
#715 = CARTESIAN_POINT('',(24.245203845274,3.083439125643,8.471679371968
    ));
#716 = CARTESIAN_POINT('',(24.187085149679,3.054621608759,8.392503895043
    ));
#717 = CARTESIAN_POINT('',(24.056936898362,2.998339636559,8.237870447301
    ));
#718 = CARTESIAN_POINT('',(23.984460631849,2.970964399538,8.162657601734
    ));
#719 = CARTESIAN_POINT('',(23.906287213963,2.944920801976,8.091103405511
    ));
#720 = CARTESIAN_POINT('',(23.823004036777,2.920200708902,8.023185507984
    ));
#721 = CARTESIAN_POINT('',(23.735159235669,2.896770507651,7.958811559113
    ));
#722 = ORIENTED_EDGE('',*,*,#723,.F.);
#723 = EDGE_CURVE('',#724,#705,#726,.T.);
#724 = VERTEX_POINT('',#725);
#725 = CARTESIAN_POINT('',(25.282929936306,3.203499400519,8.801542266161
    ));
#726 = LINE('',#727,#728);
#727 = CARTESIAN_POINT('',(11.705796178344,3.203499400519,8.801542266161
    ));
#728 = VECTOR('',#729,1.);
#729 = DIRECTION('',(-1.,0.,0.));
#730 = ORIENTED_EDGE('',*,*,#731,.F.);
#731 = EDGE_CURVE('',#654,#724,#732,.T.);
#732 = LINE('',#733,#734);
#733 = CARTESIAN_POINT('',(25.282929936306,1.601749700259,4.400771133081
    ));
#734 = VECTOR('',#735,1.);
#735 = DIRECTION('',(0.,0.342020143326,0.939692620786));
#736 = FACE_BOUND('',#737,.T.);
#737 = EDGE_LOOP('',(#738,#748,#756,#764));
#738 = ORIENTED_EDGE('',*,*,#739,.F.);
#739 = EDGE_CURVE('',#740,#742,#744,.T.);
#740 = VERTEX_POINT('',#741);
#741 = CARTESIAN_POINT('',(21.409808917197,3.220230067402,8.847509395637
    ));
#742 = VERTEX_POINT('',#743);
#743 = CARTESIAN_POINT('',(20.022547770701,1.240434486164,3.408065741049
    ));
#744 = LINE('',#745,#746);
#745 = CARTESIAN_POINT('',(19.04063386295,-0.160879765755,
    -0.442013523659));
#746 = VECTOR('',#747,1.);
#747 = DIRECTION('',(-0.233057266823,-0.332601938861,-0.913816316689));
#748 = ORIENTED_EDGE('',*,*,#749,.F.);
#749 = EDGE_CURVE('',#750,#740,#752,.T.);
#750 = VERTEX_POINT('',#751);
#751 = CARTESIAN_POINT('',(22.216178343949,3.220230067402,8.847509395637
    ));
#752 = LINE('',#753,#754);
#753 = CARTESIAN_POINT('',(10.204904458599,3.220230067402,8.847509395637
    ));
#754 = VECTOR('',#755,1.);
#755 = DIRECTION('',(-1.,0.,0.));
#756 = ORIENTED_EDGE('',*,*,#757,.F.);
#757 = EDGE_CURVE('',#758,#750,#760,.T.);
#758 = VERTEX_POINT('',#759);
#759 = CARTESIAN_POINT('',(20.813630573248,1.240434486164,3.408065741049
    ));
#760 = LINE('',#761,#762);
#761 = CARTESIAN_POINT('',(20.495077338997,0.790774019166,2.17263376155)
  );
#762 = VECTOR('',#763,1.);
#763 = DIRECTION('',(0.235483715343,0.332401953666,0.913266861879));
#764 = ORIENTED_EDGE('',*,*,#765,.F.);
#765 = EDGE_CURVE('',#742,#758,#766,.T.);
#766 = LINE('',#767,#768);
#767 = CARTESIAN_POINT('',(9.906815286624,1.240434486164,3.408065741049)
  );
#768 = VECTOR('',#769,1.);
#769 = DIRECTION('',(1.,0.,0.));
#770 = FACE_BOUND('',#771,.T.);
#771 = EDGE_LOOP('',(#772,#782,#790,#805,#813,#825,#844,#852));
#772 = ORIENTED_EDGE('',*,*,#773,.F.);
#773 = EDGE_CURVE('',#774,#776,#778,.T.);
#774 = VERTEX_POINT('',#775);
#775 = CARTESIAN_POINT('',(17.686751592357,1.273895819932,3.5));
#776 = VERTEX_POINT('',#777);
#777 = CARTESIAN_POINT('',(18.760636942675,1.273895819932,3.5));
#778 = LINE('',#779,#780);
#779 = CARTESIAN_POINT('',(8.880318471338,1.273895819932,3.5));
#780 = VECTOR('',#781,1.);
#781 = DIRECTION('',(1.,0.,0.));
#782 = ORIENTED_EDGE('',*,*,#783,.F.);
#783 = EDGE_CURVE('',#784,#774,#786,.T.);
#784 = VERTEX_POINT('',#785);
#785 = CARTESIAN_POINT('',(17.686751592357,2.663238282399,7.317187043519
    ));
#786 = LINE('',#787,#788);
#787 = CARTESIAN_POINT('',(17.686751592357,0.636947909966,1.75));
#788 = VECTOR('',#789,1.);
#789 = DIRECTION('',(-0.,-0.342020143326,-0.939692620786));
#790 = ORIENTED_EDGE('',*,*,#791,.F.);
#791 = EDGE_CURVE('',#792,#784,#794,.T.);
#792 = VERTEX_POINT('',#793);
#793 = CARTESIAN_POINT('',(16.29949044586,2.383696723217,6.549152921867)
  );
#794 = B_SPLINE_CURVE_WITH_KNOTS('',5,(#795,#796,#797,#798,#799,#800,
    #801,#802,#803,#804),.UNSPECIFIED.,.F.,.F.,(6,4,6),(0.,
    0.724057549441,1.),.UNSPECIFIED.);
#795 = CARTESIAN_POINT('',(16.29949044586,2.383696723217,6.549152921867)
  );
#796 = CARTESIAN_POINT('',(16.52476502012,2.409232076143,6.619310727428)
  );
#797 = CARTESIAN_POINT('',(16.743434776511,2.440098888708,6.704116597962
    ));
#798 = CARTESIAN_POINT('',(16.953780337364,2.476516992288,6.804174515207
    ));
#799 = CARTESIAN_POINT('',(17.1541600496,2.518514045045,6.919560469341)
  );
#800 = CARTESIAN_POINT('',(17.415357046375,2.583768239909,7.098844896254
    ));
#801 = CARTESIAN_POINT('',(17.485801842802,2.602538453325,7.150415633773
    ));
#802 = CARTESIAN_POINT('',(17.554548999212,2.62205554452,7.204038401124)
  );
#803 = CARTESIAN_POINT('',(17.621545336266,2.642297711285,7.259653297232
    ));
#804 = CARTESIAN_POINT('',(17.686751592357,2.663238282399,7.317187043519
    ));
#805 = ORIENTED_EDGE('',*,*,#806,.F.);
#806 = EDGE_CURVE('',#807,#792,#809,.T.);
#807 = VERTEX_POINT('',#808);
#808 = CARTESIAN_POINT('',(16.29949044586,2.718310060891,7.468495511375)
  );
#809 = LINE('',#810,#811);
#810 = CARTESIAN_POINT('',(16.29949044586,1.191848361609,3.274576460934)
  );
#811 = VECTOR('',#812,1.);
#812 = DIRECTION('',(-0.,-0.342020143326,-0.939692620786));
#813 = ORIENTED_EDGE('',*,*,#814,.F.);
#814 = EDGE_CURVE('',#815,#807,#817,.T.);
#815 = VERTEX_POINT('',#816);
#816 = CARTESIAN_POINT('',(17.212866242038,2.896770507651,7.958811559113
    ));
#817 = B_SPLINE_CURVE_WITH_KNOTS('',6,(#818,#819,#820,#821,#822,#823,
    #824),.UNSPECIFIED.,.F.,.F.,(7,7),(0.,1.),.PIECEWISE_BEZIER_KNOTS.);
#818 = CARTESIAN_POINT('',(17.212866242038,2.896770507651,7.958811559113
    ));
#819 = CARTESIAN_POINT('',(17.063299013052,2.856903971381,7.849279150918
    ));
#820 = CARTESIAN_POINT('',(16.912236972279,2.820228173284,7.748513223807
    ));
#821 = CARTESIAN_POINT('',(16.759740626001,2.787256522549,7.657924357932
    ));
#822 = CARTESIAN_POINT('',(16.606216274316,2.75869595565,7.579454845289)
  );
#823 = CARTESIAN_POINT('',(16.452422083755,2.735428290215,7.515527459903
    ));
#824 = CARTESIAN_POINT('',(16.29949044586,2.718310060891,7.468495511375)
  );
#825 = ORIENTED_EDGE('',*,*,#826,.F.);
#826 = EDGE_CURVE('',#827,#815,#829,.T.);
#827 = VERTEX_POINT('',#828);
#828 = CARTESIAN_POINT('',(17.889299363057,3.203499400519,8.801542266161
    ));
#829 = B_SPLINE_CURVE_WITH_KNOTS('',5,(#830,#831,#832,#833,#834,#835,
    #836,#837,#838,#839,#840,#841,#842,#843),.UNSPECIFIED.,.F.,.F.,(6,4,
    4,6),(0.,7.602305458109E-02,0.52948728546,1.),.UNSPECIFIED.);
#830 = CARTESIAN_POINT('',(17.889299363057,3.203499400519,8.801542266161
    ));
#831 = CARTESIAN_POINT('',(17.883578433578,3.198034303789,8.786527036301
    ));
#832 = CARTESIAN_POINT('',(17.877667542361,3.192594092569,8.771580178816
    ));
#833 = CARTESIAN_POINT('',(17.871567047408,3.187179366928,8.756703342387
    ));
#834 = CARTESIAN_POINT('',(17.865277466093,3.181790707066,8.741898121094
    ));
#835 = CARTESIAN_POINT('',(17.820159391669,3.144445079278,8.639291852031
    ));
#836 = CARTESIAN_POINT('',(17.774813399349,3.11340676027,8.55401477142)
  );
#837 = CARTESIAN_POINT('',(17.722910851643,3.083439125643,8.471679371968
    ));
#838 = CARTESIAN_POINT('',(17.664792156049,3.054621608759,8.392503895043
    ));
#839 = CARTESIAN_POINT('',(17.534643904731,2.998339636559,8.237870447301
    ));
#840 = CARTESIAN_POINT('',(17.462167638219,2.970964399538,8.162657601734
    ));
#841 = CARTESIAN_POINT('',(17.383994220333,2.944920801976,8.091103405511
    ));
#842 = CARTESIAN_POINT('',(17.300711043146,2.920200708902,8.023185507984
    ));
#843 = CARTESIAN_POINT('',(17.212866242038,2.896770507651,7.958811559113
    ));
#844 = ORIENTED_EDGE('',*,*,#845,.F.);
#845 = EDGE_CURVE('',#846,#827,#848,.T.);
#846 = VERTEX_POINT('',#847);
#847 = CARTESIAN_POINT('',(18.760636942675,3.203499400519,8.801542266161
    ));
#848 = LINE('',#849,#850);
#849 = CARTESIAN_POINT('',(8.444649681529,3.203499400519,8.801542266161)
  );
#850 = VECTOR('',#851,1.);
#851 = DIRECTION('',(-1.,0.,0.));
#852 = ORIENTED_EDGE('',*,*,#853,.F.);
#853 = EDGE_CURVE('',#776,#846,#854,.T.);
#854 = LINE('',#855,#856);
#855 = CARTESIAN_POINT('',(18.760636942675,1.601749700259,4.400771133081
    ));
#856 = VECTOR('',#857,1.);
#857 = DIRECTION('',(0.,0.342020143326,0.939692620786));
#858 = FACE_BOUND('',#859,.T.);
#859 = EDGE_LOOP('',(#860,#870,#878,#893,#901,#913,#932,#940));
#860 = ORIENTED_EDGE('',*,*,#861,.F.);
#861 = EDGE_CURVE('',#862,#864,#866,.T.);
#862 = VERTEX_POINT('',#863);
#863 = CARTESIAN_POINT('',(13.757070063694,1.273895819932,3.5));
#864 = VERTEX_POINT('',#865);
#865 = CARTESIAN_POINT('',(14.830955414013,1.273895819932,3.5));
#866 = LINE('',#867,#868);
#867 = CARTESIAN_POINT('',(6.915477707006,1.273895819932,3.5));
#868 = VECTOR('',#869,1.);
#869 = DIRECTION('',(1.,0.,0.));
#870 = ORIENTED_EDGE('',*,*,#871,.F.);
#871 = EDGE_CURVE('',#872,#862,#874,.T.);
#872 = VERTEX_POINT('',#873);
#873 = CARTESIAN_POINT('',(13.757070063694,2.663238282399,7.317187043519
    ));
#874 = LINE('',#875,#876);
#875 = CARTESIAN_POINT('',(13.757070063694,0.636947909966,1.75));
#876 = VECTOR('',#877,1.);
#877 = DIRECTION('',(-0.,-0.342020143326,-0.939692620786));
#878 = ORIENTED_EDGE('',*,*,#879,.F.);
#879 = EDGE_CURVE('',#880,#872,#882,.T.);
#880 = VERTEX_POINT('',#881);
#881 = CARTESIAN_POINT('',(12.369808917197,2.383696723217,6.549152921867
    ));
#882 = B_SPLINE_CURVE_WITH_KNOTS('',5,(#883,#884,#885,#886,#887,#888,
    #889,#890,#891,#892),.UNSPECIFIED.,.F.,.F.,(6,4,6),(0.,
    0.724057549441,1.),.UNSPECIFIED.);
#883 = CARTESIAN_POINT('',(12.369808917197,2.383696723217,6.549152921867
    ));
#884 = CARTESIAN_POINT('',(12.595083491458,2.409232076143,6.619310727428
    ));
#885 = CARTESIAN_POINT('',(12.813753247849,2.440098888708,6.704116597962
    ));
#886 = CARTESIAN_POINT('',(13.024098808701,2.476516992288,6.804174515207
    ));
#887 = CARTESIAN_POINT('',(13.224478520938,2.518514045045,6.919560469341
    ));
#888 = CARTESIAN_POINT('',(13.485675517713,2.583768239909,7.098844896254
    ));
#889 = CARTESIAN_POINT('',(13.556120314139,2.602538453325,7.150415633773
    ));
#890 = CARTESIAN_POINT('',(13.624867470549,2.62205554452,7.204038401124)
  );
#891 = CARTESIAN_POINT('',(13.691863807603,2.642297711285,7.259653297232
    ));
#892 = CARTESIAN_POINT('',(13.757070063694,2.663238282399,7.317187043519
    ));
#893 = ORIENTED_EDGE('',*,*,#894,.F.);
#894 = EDGE_CURVE('',#895,#880,#897,.T.);
#895 = VERTEX_POINT('',#896);
#896 = CARTESIAN_POINT('',(12.369808917197,2.718310060891,7.468495511375
    ));
#897 = LINE('',#898,#899);
#898 = CARTESIAN_POINT('',(12.369808917197,1.191848361609,3.274576460934
    ));
#899 = VECTOR('',#900,1.);
#900 = DIRECTION('',(-0.,-0.342020143326,-0.939692620786));
#901 = ORIENTED_EDGE('',*,*,#902,.F.);
#902 = EDGE_CURVE('',#903,#895,#905,.T.);
#903 = VERTEX_POINT('',#904);
#904 = CARTESIAN_POINT('',(13.283184713376,2.896770507651,7.958811559113
    ));
#905 = B_SPLINE_CURVE_WITH_KNOTS('',6,(#906,#907,#908,#909,#910,#911,
    #912),.UNSPECIFIED.,.F.,.F.,(7,7),(0.,1.),.PIECEWISE_BEZIER_KNOTS.);
#906 = CARTESIAN_POINT('',(13.283184713376,2.896770507651,7.958811559113
    ));
#907 = CARTESIAN_POINT('',(13.133617484389,2.856903971381,7.849279150918
    ));
#908 = CARTESIAN_POINT('',(12.982555443617,2.820228173284,7.748513223807
    ));
#909 = CARTESIAN_POINT('',(12.830059097338,2.787256522549,7.657924357932
    ));
#910 = CARTESIAN_POINT('',(12.676534745653,2.75869595565,7.579454845289)
  );
#911 = CARTESIAN_POINT('',(12.522740555092,2.735428290215,7.515527459903
    ));
#912 = CARTESIAN_POINT('',(12.369808917197,2.718310060891,7.468495511375
    ));
#913 = ORIENTED_EDGE('',*,*,#914,.F.);
#914 = EDGE_CURVE('',#915,#903,#917,.T.);
#915 = VERTEX_POINT('',#916);
#916 = CARTESIAN_POINT('',(13.959617834395,3.203499400519,8.801542266161
    ));
#917 = B_SPLINE_CURVE_WITH_KNOTS('',5,(#918,#919,#920,#921,#922,#923,
    #924,#925,#926,#927,#928,#929,#930,#931),.UNSPECIFIED.,.F.,.F.,(6,4,
    4,6),(0.,7.602305458108E-02,0.52948728546,1.),.UNSPECIFIED.);
#918 = CARTESIAN_POINT('',(13.959617834395,3.203499400519,8.801542266161
    ));
#919 = CARTESIAN_POINT('',(13.953896904915,3.198034303789,8.786527036301
    ));
#920 = CARTESIAN_POINT('',(13.947986013698,3.192594092569,8.771580178816
    ));
#921 = CARTESIAN_POINT('',(13.941885518746,3.187179366928,8.756703342387
    ));
#922 = CARTESIAN_POINT('',(13.93559593743,3.181790707066,8.741898121094)
  );
#923 = CARTESIAN_POINT('',(13.890477863006,3.144445079278,8.639291852031
    ));
#924 = CARTESIAN_POINT('',(13.845131870687,3.11340676027,8.55401477142)
  );
#925 = CARTESIAN_POINT('',(13.793229322981,3.083439125643,8.471679371968
    ));
#926 = CARTESIAN_POINT('',(13.735110627386,3.054621608759,8.392503895043
    ));
#927 = CARTESIAN_POINT('',(13.604962376069,2.998339636559,8.237870447301
    ));
#928 = CARTESIAN_POINT('',(13.532486109556,2.970964399538,8.162657601734
    ));
#929 = CARTESIAN_POINT('',(13.45431269167,2.944920801976,8.091103405511)
  );
#930 = CARTESIAN_POINT('',(13.371029514484,2.920200708902,8.023185507984
    ));
#931 = CARTESIAN_POINT('',(13.283184713376,2.896770507651,7.958811559113
    ));
#932 = ORIENTED_EDGE('',*,*,#933,.F.);
#933 = EDGE_CURVE('',#934,#915,#936,.T.);
#934 = VERTEX_POINT('',#935);
#935 = CARTESIAN_POINT('',(14.830955414013,3.203499400519,8.801542266161
    ));
#936 = LINE('',#937,#938);
#937 = CARTESIAN_POINT('',(6.479808917197,3.203499400519,8.801542266161)
  );
#938 = VECTOR('',#939,1.);
#939 = DIRECTION('',(-1.,0.,0.));
#940 = ORIENTED_EDGE('',*,*,#941,.F.);
#941 = EDGE_CURVE('',#864,#934,#942,.T.);
#942 = LINE('',#943,#944);
#943 = CARTESIAN_POINT('',(14.830955414013,1.601749700259,4.400771133081
    ));
#944 = VECTOR('',#945,1.);
#945 = DIRECTION('',(0.,0.342020143326,0.939692620786));
#946 = PLANE('',#947);
#947 = AXIS2_PLACEMENT_3D('',#948,#949,#950);
#948 = CARTESIAN_POINT('',(-1.,0.,0.));
#949 = DIRECTION('',(0.,-0.939692620786,0.342020143326));
#950 = DIRECTION('',(0.,0.342020143326,0.939692620786));
#951 = ADVANCED_FACE('',(#952),#963,.T.);
#952 = FACE_BOUND('',#953,.T.);
#953 = EDGE_LOOP('',(#954,#955,#956,#957));
#954 = ORIENTED_EDGE('',*,*,#323,.T.);
#955 = ORIENTED_EDGE('',*,*,#236,.T.);
#956 = ORIENTED_EDGE('',*,*,#134,.F.);
#957 = ORIENTED_EDGE('',*,*,#958,.F.);
#958 = EDGE_CURVE('',#316,#127,#959,.T.);
#959 = LINE('',#960,#961);
#960 = CARTESIAN_POINT('',(4.,19.05,-1.));
#961 = VECTOR('',#962,1.);
#962 = DIRECTION('',(0.,0.,1.));
#963 = PLANE('',#964);
#964 = AXIS2_PLACEMENT_3D('',#965,#966,#967);
#965 = CARTESIAN_POINT('',(4.,12.75,-1.));
#966 = DIRECTION('',(-1.,0.,0.));
#967 = DIRECTION('',(0.,1.,0.));
#968 = ADVANCED_FACE('',(#969),#980,.T.);
#969 = FACE_BOUND('',#970,.T.);
#970 = EDGE_LOOP('',(#971,#972,#973,#974));
#971 = ORIENTED_EDGE('',*,*,#315,.T.);
#972 = ORIENTED_EDGE('',*,*,#958,.T.);
#973 = ORIENTED_EDGE('',*,*,#126,.F.);
#974 = ORIENTED_EDGE('',*,*,#975,.F.);
#975 = EDGE_CURVE('',#308,#119,#976,.T.);
#976 = LINE('',#977,#978);
#977 = CARTESIAN_POINT('',(0.,18.05,-1.));
#978 = VECTOR('',#979,1.);
#979 = DIRECTION('',(0.,0.,1.));
#980 = PLANE('',#981);
#981 = AXIS2_PLACEMENT_3D('',#982,#983,#984);
#982 = CARTESIAN_POINT('',(4.,19.05,-1.));
#983 = DIRECTION('',(0.242535625036,-0.970142500145,0.));
#984 = DIRECTION('',(-0.970142500145,-0.242535625036,0.));
#985 = ADVANCED_FACE('',(#986),#997,.F.);
#986 = FACE_BOUND('',#987,.F.);
#987 = EDGE_LOOP('',(#988,#989,#990,#991));
#988 = ORIENTED_EDGE('',*,*,#118,.F.);
#989 = ORIENTED_EDGE('',*,*,#975,.F.);
#990 = ORIENTED_EDGE('',*,*,#307,.T.);
#991 = ORIENTED_EDGE('',*,*,#992,.T.);
#992 = EDGE_CURVE('',#300,#111,#993,.T.);
#993 = LINE('',#994,#995);
#994 = CARTESIAN_POINT('',(0.,53.,0.));
#995 = VECTOR('',#996,1.);
#996 = DIRECTION('',(0.,0.,1.));
#997 = PLANE('',#998);
#998 = AXIS2_PLACEMENT_3D('',#999,#1000,#1001);
#999 = CARTESIAN_POINT('',(0.,0.,0.));
#1000 = DIRECTION('',(1.,0.,0.));
#1001 = DIRECTION('',(0.,0.,1.));
#1002 = ADVANCED_FACE('',(#1003),#1014,.T.);
#1003 = FACE_BOUND('',#1004,.T.);
#1004 = EDGE_LOOP('',(#1005,#1006,#1007,#1008));
#1005 = ORIENTED_EDGE('',*,*,#299,.F.);
#1006 = ORIENTED_EDGE('',*,*,#992,.T.);
#1007 = ORIENTED_EDGE('',*,*,#110,.T.);
#1008 = ORIENTED_EDGE('',*,*,#1009,.F.);
#1009 = EDGE_CURVE('',#292,#103,#1010,.T.);
#1010 = LINE('',#1011,#1012);
#1011 = CARTESIAN_POINT('',(43.,53.,0.));
#1012 = VECTOR('',#1013,1.);
#1013 = DIRECTION('',(0.,0.,1.));
#1014 = PLANE('',#1015);
#1015 = AXIS2_PLACEMENT_3D('',#1016,#1017,#1018);
#1016 = CARTESIAN_POINT('',(0.,53.,0.));
#1017 = DIRECTION('',(0.,1.,0.));
#1018 = DIRECTION('',(0.,0.,1.));
#1019 = ADVANCED_FACE('',(#1020),#1031,.T.);
#1020 = FACE_BOUND('',#1021,.T.);
#1021 = EDGE_LOOP('',(#1022,#1023,#1029,#1030));
#1022 = ORIENTED_EDGE('',*,*,#102,.F.);
#1023 = ORIENTED_EDGE('',*,*,#1024,.T.);
#1024 = EDGE_CURVE('',#95,#284,#1025,.T.);
#1025 = LINE('',#1026,#1027);
#1026 = CARTESIAN_POINT('',(43.,17.924390243902,0.));
#1027 = VECTOR('',#1028,1.);
#1028 = DIRECTION('',(0.,0.,-1.));
#1029 = ORIENTED_EDGE('',*,*,#291,.T.);
#1030 = ORIENTED_EDGE('',*,*,#1009,.T.);
#1031 = PLANE('',#1032);
#1032 = AXIS2_PLACEMENT_3D('',#1033,#1034,#1035);
#1033 = CARTESIAN_POINT('',(43.,0.,0.));
#1034 = DIRECTION('',(1.,0.,0.));
#1035 = DIRECTION('',(0.,0.,1.));
#1036 = ADVANCED_FACE('',(#1037),#1048,.T.);
#1037 = FACE_BOUND('',#1038,.T.);
#1038 = EDGE_LOOP('',(#1039,#1040,#1046,#1047));
#1039 = ORIENTED_EDGE('',*,*,#78,.T.);
#1040 = ORIENTED_EDGE('',*,*,#1041,.T.);
#1041 = EDGE_CURVE('',#71,#95,#1042,.T.);
#1042 = LINE('',#1043,#1044);
#1043 = CARTESIAN_POINT('',(43.,0.,10.));
#1044 = VECTOR('',#1045,1.);
#1045 = DIRECTION('',(0.,1.,0.));
#1046 = ORIENTED_EDGE('',*,*,#94,.T.);
#1047 = ORIENTED_EDGE('',*,*,#86,.T.);
#1048 = PLANE('',#1049);
#1049 = AXIS2_PLACEMENT_3D('',#1050,#1051,#1052);
#1050 = CARTESIAN_POINT('',(0.,0.,10.));
#1051 = DIRECTION('',(0.,0.,1.));
#1052 = DIRECTION('',(1.,0.,0.));
#1053 = ADVANCED_FACE('',(#1054),#1065,.T.);
#1054 = FACE_BOUND('',#1055,.T.);
#1055 = EDGE_LOOP('',(#1056,#1057,#1058,#1059));
#1056 = ORIENTED_EDGE('',*,*,#70,.F.);
#1057 = ORIENTED_EDGE('',*,*,#340,.T.);
#1058 = ORIENTED_EDGE('',*,*,#259,.T.);
#1059 = ORIENTED_EDGE('',*,*,#1060,.T.);
#1060 = EDGE_CURVE('',#260,#71,#1061,.T.);
#1061 = LINE('',#1062,#1063);
#1062 = CARTESIAN_POINT('',(43.,13.875609756098,0.));
#1063 = VECTOR('',#1064,1.);
#1064 = DIRECTION('',(0.,0.,1.));
#1065 = PLANE('',#1066);
#1066 = AXIS2_PLACEMENT_3D('',#1067,#1068,#1069);
#1067 = CARTESIAN_POINT('',(43.,0.,0.));
#1068 = DIRECTION('',(1.,0.,0.));
#1069 = DIRECTION('',(0.,0.,1.));
#1070 = ADVANCED_FACE('',(#1071),#1097,.T.);
#1071 = FACE_BOUND('',#1072,.T.);
#1072 = EDGE_LOOP('',(#1073,#1081,#1082,#1090));
#1073 = ORIENTED_EDGE('',*,*,#1074,.F.);
#1074 = EDGE_CURVE('',#151,#1075,#1077,.T.);
#1075 = VERTEX_POINT('',#1076);
#1076 = CARTESIAN_POINT('',(18.185,36.775,20.5));
#1077 = LINE('',#1078,#1079);
#1078 = CARTESIAN_POINT('',(18.185,36.775,9.9));
#1079 = VECTOR('',#1080,1.);
#1080 = DIRECTION('',(0.,0.,1.));
#1081 = ORIENTED_EDGE('',*,*,#150,.T.);
#1082 = ORIENTED_EDGE('',*,*,#1083,.T.);
#1083 = EDGE_CURVE('',#153,#1084,#1086,.T.);
#1084 = VERTEX_POINT('',#1085);
#1085 = CARTESIAN_POINT('',(17.585,36.175,20.5));
#1086 = LINE('',#1087,#1088);
#1087 = CARTESIAN_POINT('',(17.585,36.175,9.9));
#1088 = VECTOR('',#1089,1.);
#1089 = DIRECTION('',(0.,0.,1.));
#1090 = ORIENTED_EDGE('',*,*,#1091,.F.);
#1091 = EDGE_CURVE('',#1075,#1084,#1092,.T.);
#1092 = CIRCLE('',#1093,0.6);
#1093 = AXIS2_PLACEMENT_3D('',#1094,#1095,#1096);
#1094 = CARTESIAN_POINT('',(18.185,36.175,20.5));
#1095 = DIRECTION('',(0.,-0.,1.));
#1096 = DIRECTION('',(0.,1.,0.));
#1097 = CYLINDRICAL_SURFACE('',#1098,0.6);
#1098 = AXIS2_PLACEMENT_3D('',#1099,#1100,#1101);
#1099 = CARTESIAN_POINT('',(18.185,36.175,9.9));
#1100 = DIRECTION('',(0.,0.,1.));
#1101 = DIRECTION('',(0.,1.,0.));
#1102 = ADVANCED_FACE('',(#1103),#1121,.F.);
#1103 = FACE_BOUND('',#1104,.F.);
#1104 = EDGE_LOOP('',(#1105,#1106,#1114,#1120));
#1105 = ORIENTED_EDGE('',*,*,#161,.T.);
#1106 = ORIENTED_EDGE('',*,*,#1107,.T.);
#1107 = EDGE_CURVE('',#162,#1108,#1110,.T.);
#1108 = VERTEX_POINT('',#1109);
#1109 = CARTESIAN_POINT('',(24.815,36.775,20.5));
#1110 = LINE('',#1111,#1112);
#1111 = CARTESIAN_POINT('',(24.815,36.775,9.9));
#1112 = VECTOR('',#1113,1.);
#1113 = DIRECTION('',(0.,0.,1.));
#1114 = ORIENTED_EDGE('',*,*,#1115,.T.);
#1115 = EDGE_CURVE('',#1108,#1075,#1116,.T.);
#1116 = LINE('',#1117,#1118);
#1117 = CARTESIAN_POINT('',(24.815,36.775,20.5));
#1118 = VECTOR('',#1119,1.);
#1119 = DIRECTION('',(-1.,0.,0.));
#1120 = ORIENTED_EDGE('',*,*,#1074,.F.);
#1121 = PLANE('',#1122);
#1122 = AXIS2_PLACEMENT_3D('',#1123,#1124,#1125);
#1123 = CARTESIAN_POINT('',(25.415,36.775,9.9));
#1124 = DIRECTION('',(0.,-1.,0.));
#1125 = DIRECTION('',(-1.,0.,0.));
#1126 = ADVANCED_FACE('',(#1127),#1145,.F.);
#1127 = FACE_BOUND('',#1128,.F.);
#1128 = EDGE_LOOP('',(#1129,#1130,#1131,#1139));
#1129 = ORIENTED_EDGE('',*,*,#212,.T.);
#1130 = ORIENTED_EDGE('',*,*,#1083,.T.);
#1131 = ORIENTED_EDGE('',*,*,#1132,.T.);
#1132 = EDGE_CURVE('',#1084,#1133,#1135,.T.);
#1133 = VERTEX_POINT('',#1134);
#1134 = CARTESIAN_POINT('',(17.585,29.545,20.5));
#1135 = LINE('',#1136,#1137);
#1136 = CARTESIAN_POINT('',(17.585,36.175,20.5));
#1137 = VECTOR('',#1138,1.);
#1138 = DIRECTION('',(0.,-1.,0.));
#1139 = ORIENTED_EDGE('',*,*,#1140,.F.);
#1140 = EDGE_CURVE('',#204,#1133,#1141,.T.);
#1141 = LINE('',#1142,#1143);
#1142 = CARTESIAN_POINT('',(17.585,29.545,9.9));
#1143 = VECTOR('',#1144,1.);
#1144 = DIRECTION('',(0.,0.,1.));
#1145 = PLANE('',#1146);
#1146 = AXIS2_PLACEMENT_3D('',#1147,#1148,#1149);
#1147 = CARTESIAN_POINT('',(17.585,36.775,9.9));
#1148 = DIRECTION('',(1.,0.,0.));
#1149 = DIRECTION('',(0.,-1.,0.));
#1150 = ADVANCED_FACE('',(#1151),#1170,.T.);
#1151 = FACE_BOUND('',#1152,.F.);
#1152 = EDGE_LOOP('',(#1153,#1154,#1155,#1163));
#1153 = ORIENTED_EDGE('',*,*,#1107,.F.);
#1154 = ORIENTED_EDGE('',*,*,#169,.F.);
#1155 = ORIENTED_EDGE('',*,*,#1156,.T.);
#1156 = EDGE_CURVE('',#170,#1157,#1159,.T.);
#1157 = VERTEX_POINT('',#1158);
#1158 = CARTESIAN_POINT('',(25.415,36.175,20.5));
#1159 = LINE('',#1160,#1161);
#1160 = CARTESIAN_POINT('',(25.415,36.175,9.9));
#1161 = VECTOR('',#1162,1.);
#1162 = DIRECTION('',(0.,0.,1.));
#1163 = ORIENTED_EDGE('',*,*,#1164,.T.);
#1164 = EDGE_CURVE('',#1157,#1108,#1165,.T.);
#1165 = CIRCLE('',#1166,0.6);
#1166 = AXIS2_PLACEMENT_3D('',#1167,#1168,#1169);
#1167 = CARTESIAN_POINT('',(24.815,36.175,20.5));
#1168 = DIRECTION('',(0.,0.,1.));
#1169 = DIRECTION('',(1.,0.,0.));
#1170 = CYLINDRICAL_SURFACE('',#1171,0.6);
#1171 = AXIS2_PLACEMENT_3D('',#1172,#1173,#1174);
#1172 = CARTESIAN_POINT('',(24.815,36.175,9.9));
#1173 = DIRECTION('',(0.,0.,1.));
#1174 = DIRECTION('',(0.,1.,0.));
#1175 = ADVANCED_FACE('',(#1176),#1195,.T.);
#1176 = FACE_BOUND('',#1177,.T.);
#1177 = EDGE_LOOP('',(#1178,#1179,#1180,#1188));
#1178 = ORIENTED_EDGE('',*,*,#1140,.F.);
#1179 = ORIENTED_EDGE('',*,*,#203,.T.);
#1180 = ORIENTED_EDGE('',*,*,#1181,.T.);
#1181 = EDGE_CURVE('',#196,#1182,#1184,.T.);
#1182 = VERTEX_POINT('',#1183);
#1183 = CARTESIAN_POINT('',(18.185,28.945,20.5));
#1184 = LINE('',#1185,#1186);
#1185 = CARTESIAN_POINT('',(18.185,28.945,9.9));
#1186 = VECTOR('',#1187,1.);
#1187 = DIRECTION('',(0.,0.,1.));
#1188 = ORIENTED_EDGE('',*,*,#1189,.F.);
#1189 = EDGE_CURVE('',#1133,#1182,#1190,.T.);
#1190 = CIRCLE('',#1191,0.6);
#1191 = AXIS2_PLACEMENT_3D('',#1192,#1193,#1194);
#1192 = CARTESIAN_POINT('',(18.185,29.545,20.5));
#1193 = DIRECTION('',(0.,0.,1.));
#1194 = DIRECTION('',(-1.,0.,0.));
#1195 = CYLINDRICAL_SURFACE('',#1196,0.6);
#1196 = AXIS2_PLACEMENT_3D('',#1197,#1198,#1199);
#1197 = CARTESIAN_POINT('',(18.185,29.545,9.9));
#1198 = DIRECTION('',(0.,0.,1.));
#1199 = DIRECTION('',(-1.,0.,0.));
#1200 = ADVANCED_FACE('',(#1201),#1219,.F.);
#1201 = FACE_BOUND('',#1202,.F.);
#1202 = EDGE_LOOP('',(#1203,#1204,#1212,#1218));
#1203 = ORIENTED_EDGE('',*,*,#178,.T.);
#1204 = ORIENTED_EDGE('',*,*,#1205,.T.);
#1205 = EDGE_CURVE('',#179,#1206,#1208,.T.);
#1206 = VERTEX_POINT('',#1207);
#1207 = CARTESIAN_POINT('',(25.415,29.545,20.5));
#1208 = LINE('',#1209,#1210);
#1209 = CARTESIAN_POINT('',(25.415,29.545,9.9));
#1210 = VECTOR('',#1211,1.);
#1211 = DIRECTION('',(0.,0.,1.));
#1212 = ORIENTED_EDGE('',*,*,#1213,.T.);
#1213 = EDGE_CURVE('',#1206,#1157,#1214,.T.);
#1214 = LINE('',#1215,#1216);
#1215 = CARTESIAN_POINT('',(25.415,29.545,20.5));
#1216 = VECTOR('',#1217,1.);
#1217 = DIRECTION('',(0.,1.,0.));
#1218 = ORIENTED_EDGE('',*,*,#1156,.F.);
#1219 = PLANE('',#1220);
#1220 = AXIS2_PLACEMENT_3D('',#1221,#1222,#1223);
#1221 = CARTESIAN_POINT('',(25.415,28.945,9.9));
#1222 = DIRECTION('',(-1.,0.,0.));
#1223 = DIRECTION('',(0.,1.,0.));
#1224 = ADVANCED_FACE('',(#1225),#1243,.F.);
#1225 = FACE_BOUND('',#1226,.F.);
#1226 = EDGE_LOOP('',(#1227,#1228,#1229,#1237));
#1227 = ORIENTED_EDGE('',*,*,#195,.T.);
#1228 = ORIENTED_EDGE('',*,*,#1181,.T.);
#1229 = ORIENTED_EDGE('',*,*,#1230,.T.);
#1230 = EDGE_CURVE('',#1182,#1231,#1233,.T.);
#1231 = VERTEX_POINT('',#1232);
#1232 = CARTESIAN_POINT('',(24.815,28.945,20.5));
#1233 = LINE('',#1234,#1235);
#1234 = CARTESIAN_POINT('',(18.185,28.945,20.5));
#1235 = VECTOR('',#1236,1.);
#1236 = DIRECTION('',(1.,0.,0.));
#1237 = ORIENTED_EDGE('',*,*,#1238,.F.);
#1238 = EDGE_CURVE('',#187,#1231,#1239,.T.);
#1239 = LINE('',#1240,#1241);
#1240 = CARTESIAN_POINT('',(24.815,28.945,9.9));
#1241 = VECTOR('',#1242,1.);
#1242 = DIRECTION('',(0.,0.,1.));
#1243 = PLANE('',#1244);
#1244 = AXIS2_PLACEMENT_3D('',#1245,#1246,#1247);
#1245 = CARTESIAN_POINT('',(17.585,28.945,9.9));
#1246 = DIRECTION('',(0.,1.,0.));
#1247 = DIRECTION('',(1.,0.,0.));
#1248 = ADVANCED_FACE('',(#1249),#1261,.T.);
#1249 = FACE_BOUND('',#1250,.T.);
#1250 = EDGE_LOOP('',(#1251,#1252,#1253,#1254));
#1251 = ORIENTED_EDGE('',*,*,#1238,.F.);
#1252 = ORIENTED_EDGE('',*,*,#186,.T.);
#1253 = ORIENTED_EDGE('',*,*,#1205,.T.);
#1254 = ORIENTED_EDGE('',*,*,#1255,.F.);
#1255 = EDGE_CURVE('',#1231,#1206,#1256,.T.);
#1256 = CIRCLE('',#1257,0.6);
#1257 = AXIS2_PLACEMENT_3D('',#1258,#1259,#1260);
#1258 = CARTESIAN_POINT('',(24.815,29.545,20.5));
#1259 = DIRECTION('',(-0.,0.,1.));
#1260 = DIRECTION('',(0.,-1.,0.));
#1261 = CYLINDRICAL_SURFACE('',#1262,0.6);
#1262 = AXIS2_PLACEMENT_3D('',#1263,#1264,#1265);
#1263 = CARTESIAN_POINT('',(24.815,29.545,9.9));
#1264 = DIRECTION('',(0.,0.,1.));
#1265 = DIRECTION('',(0.,-1.,0.));
#1266 = ADVANCED_FACE('',(#1267),#1278,.F.);
#1267 = FACE_BOUND('',#1268,.F.);
#1268 = EDGE_LOOP('',(#1269,#1270,#1276,#1277));
#1269 = ORIENTED_EDGE('',*,*,#267,.T.);
#1270 = ORIENTED_EDGE('',*,*,#1271,.T.);
#1271 = EDGE_CURVE('',#260,#284,#1272,.T.);
#1272 = LINE('',#1273,#1274);
#1273 = CARTESIAN_POINT('',(43.,0.,0.));
#1274 = VECTOR('',#1275,1.);
#1275 = DIRECTION('',(0.,1.,0.));
#1276 = ORIENTED_EDGE('',*,*,#283,.T.);
#1277 = ORIENTED_EDGE('',*,*,#275,.T.);
#1278 = PLANE('',#1279);
#1279 = AXIS2_PLACEMENT_3D('',#1280,#1281,#1282);
#1280 = CARTESIAN_POINT('',(0.,0.,0.));
#1281 = DIRECTION('',(0.,0.,1.));
#1282 = DIRECTION('',(1.,0.,0.));
#1283 = ADVANCED_FACE('',(#1284),#1309,.T.);
#1284 = FACE_BOUND('',#1285,.T.);
#1285 = EDGE_LOOP('',(#1286,#1287,#1295,#1303));
#1286 = ORIENTED_EDGE('',*,*,#349,.T.);
#1287 = ORIENTED_EDGE('',*,*,#1288,.T.);
#1288 = EDGE_CURVE('',#352,#1289,#1291,.T.);
#1289 = VERTEX_POINT('',#1290);
#1290 = CARTESIAN_POINT('',(30.527006369427,2.159809960711,
    7.688311737464));
#1291 = LINE('',#1292,#1293);
#1292 = CARTESIAN_POINT('',(30.527006369427,2.91156405734,7.414695622804
    ));
#1293 = VECTOR('',#1294,1.);
#1294 = DIRECTION('',(0.,-0.939692620786,0.342020143326));
#1295 = ORIENTED_EDGE('',*,*,#1296,.T.);
#1296 = EDGE_CURVE('',#1289,#1297,#1299,.T.);
#1297 = VERTEX_POINT('',#1298);
#1298 = CARTESIAN_POINT('',(29.487515923567,2.121033154652,7.58177333842
    ));
#1299 = LINE('',#1300,#1301);
#1300 = CARTESIAN_POINT('',(30.527006369427,2.159809960711,
    7.688311737464));
#1301 = VECTOR('',#1302,1.);
#1302 = DIRECTION('',(-0.994104564342,-3.708374622103E-02,
    -0.101886755371));
#1303 = ORIENTED_EDGE('',*,*,#1304,.F.);
#1304 = EDGE_CURVE('',#350,#1297,#1305,.T.);
#1305 = LINE('',#1306,#1307);
#1306 = CARTESIAN_POINT('',(29.487515923567,2.872787251281,
    7.308157223759));
#1307 = VECTOR('',#1308,1.);
#1308 = DIRECTION('',(0.,-0.939692620786,0.342020143326));
#1309 = PLANE('',#1310);
#1310 = AXIS2_PLACEMENT_3D('',#1311,#1312,#1313);
#1311 = CARTESIAN_POINT('',(30.527006369427,2.91156405734,7.414695622804
    ));
#1312 = DIRECTION('',(0.108425620376,-0.340003785577,-0.934152723402));
#1313 = DIRECTION('',(-0.994104564342,-3.708374622103E-02,
    -0.101886755371));
#1314 = ADVANCED_FACE('',(#1315),#1333,.T.);
#1315 = FACE_BOUND('',#1316,.T.);
#1316 = EDGE_LOOP('',(#1317,#1318,#1326,#1332));
#1317 = ORIENTED_EDGE('',*,*,#634,.T.);
#1318 = ORIENTED_EDGE('',*,*,#1319,.T.);
#1319 = EDGE_CURVE('',#618,#1320,#1322,.T.);
#1320 = VERTEX_POINT('',#1321);
#1321 = CARTESIAN_POINT('',(29.993757961783,2.51673085423,8.668943832939
    ));
#1322 = LINE('',#1323,#1324);
#1323 = CARTESIAN_POINT('',(29.993757961783,3.268484950859,
    8.395327718279));
#1324 = VECTOR('',#1325,1.);
#1325 = DIRECTION('',(0.,-0.939692620786,0.342020143326));
#1326 = ORIENTED_EDGE('',*,*,#1327,.T.);
#1327 = EDGE_CURVE('',#1320,#1289,#1328,.T.);
#1328 = B_SPLINE_CURVE_WITH_KNOTS('',2,(#1329,#1330,#1331),
  .UNSPECIFIED.,.F.,.F.,(3,3),(0.,1.),.PIECEWISE_BEZIER_KNOTS.);
#1329 = CARTESIAN_POINT('',(29.993757961783,2.51673085423,8.668943832939
    ));
#1330 = CARTESIAN_POINT('',(30.412356687898,2.393865019303,
    8.331372725854));
#1331 = CARTESIAN_POINT('',(30.527006369427,2.159809960711,
    7.688311737464));
#1332 = ORIENTED_EDGE('',*,*,#1288,.F.);
#1333 = SURFACE_OF_LINEAR_EXTRUSION('',#1334,#1338);
#1334 = B_SPLINE_CURVE_WITH_KNOTS('',2,(#1335,#1336,#1337),
  .UNSPECIFIED.,.F.,.F.,(3,3),(0.,1.),.PIECEWISE_BEZIER_KNOTS.);
#1335 = CARTESIAN_POINT('',(29.993757961783,3.268484950859,
    8.395327718279));
#1336 = CARTESIAN_POINT('',(30.412356687898,3.145619115931,
    8.057756611194));
#1337 = CARTESIAN_POINT('',(30.527006369427,2.91156405734,7.414695622804
    ));
#1338 = VECTOR('',#1339,1.);
#1339 = DIRECTION('',(-0.,0.939692620786,-0.342020143326));
#1340 = ADVANCED_FACE('',(#1341),#1359,.T.);
#1341 = FACE_BOUND('',#1342,.T.);
#1342 = EDGE_LOOP('',(#1343,#1344,#1352,#1358));
#1343 = ORIENTED_EDGE('',*,*,#617,.T.);
#1344 = ORIENTED_EDGE('',*,*,#1345,.T.);
#1345 = EDGE_CURVE('',#595,#1346,#1348,.T.);
#1346 = VERTEX_POINT('',#1347);
#1347 = CARTESIAN_POINT('',(28.937197452229,2.639683828047,
    9.006754352157));
#1348 = LINE('',#1349,#1350);
#1349 = CARTESIAN_POINT('',(28.937197452229,3.391437924676,
    8.733138237496));
#1350 = VECTOR('',#1351,1.);
#1351 = DIRECTION('',(0.,-0.939692620786,0.342020143326));
#1352 = ORIENTED_EDGE('',*,*,#1353,.T.);
#1353 = EDGE_CURVE('',#1346,#1320,#1354,.T.);
#1354 = B_SPLINE_CURVE_WITH_KNOTS('',2,(#1355,#1356,#1357),
  .UNSPECIFIED.,.F.,.F.,(3,3),(0.,1.),.PIECEWISE_BEZIER_KNOTS.);
#1355 = CARTESIAN_POINT('',(28.937197452229,2.639683828047,
    9.006754352157));
#1356 = CARTESIAN_POINT('',(29.575414012739,2.639683828047,
    9.006754352157));
#1357 = CARTESIAN_POINT('',(29.993757961783,2.51673085423,8.668943832939
    ));
#1358 = ORIENTED_EDGE('',*,*,#1319,.F.);
#1359 = SURFACE_OF_LINEAR_EXTRUSION('',#1360,#1364);
#1360 = B_SPLINE_CURVE_WITH_KNOTS('',2,(#1361,#1362,#1363),
  .UNSPECIFIED.,.F.,.F.,(3,3),(0.,1.),.PIECEWISE_BEZIER_KNOTS.);
#1361 = CARTESIAN_POINT('',(28.937197452229,3.391437924676,
    8.733138237496));
#1362 = CARTESIAN_POINT('',(29.575414012739,3.391437924676,
    8.733138237496));
#1363 = CARTESIAN_POINT('',(29.993757961783,3.268484950859,
    8.395327718279));
#1364 = VECTOR('',#1365,1.);
#1365 = DIRECTION('',(-0.,0.939692620786,-0.342020143326));
#1366 = ADVANCED_FACE('',(#1367),#1385,.T.);
#1367 = FACE_BOUND('',#1368,.T.);
#1368 = EDGE_LOOP('',(#1369,#1370,#1378,#1384));
#1369 = ORIENTED_EDGE('',*,*,#594,.T.);
#1370 = ORIENTED_EDGE('',*,*,#1371,.T.);
#1371 = EDGE_CURVE('',#573,#1372,#1374,.T.);
#1372 = VERTEX_POINT('',#1373);
#1373 = CARTESIAN_POINT('',(27.45821656051,2.406238741685,8.365369248695
    ));
#1374 = LINE('',#1375,#1376);
#1375 = CARTESIAN_POINT('',(27.45821656051,3.157992838314,8.091753134035
    ));
#1376 = VECTOR('',#1377,1.);
#1377 = DIRECTION('',(0.,-0.939692620786,0.342020143326));
#1378 = ORIENTED_EDGE('',*,*,#1379,.T.);
#1379 = EDGE_CURVE('',#1372,#1346,#1380,.T.);
#1380 = B_SPLINE_CURVE_WITH_KNOTS('',2,(#1381,#1382,#1383),
  .UNSPECIFIED.,.F.,.F.,(3,3),(0.,1.),.PIECEWISE_BEZIER_KNOTS.);
#1381 = CARTESIAN_POINT('',(27.45821656051,2.406238741685,8.365369248695
    ));
#1382 = CARTESIAN_POINT('',(28.027643312102,2.639683828047,
    9.006754352157));
#1383 = CARTESIAN_POINT('',(28.937197452229,2.639683828047,
    9.006754352157));
#1384 = ORIENTED_EDGE('',*,*,#1345,.F.);
#1385 = SURFACE_OF_LINEAR_EXTRUSION('',#1386,#1390);
#1386 = B_SPLINE_CURVE_WITH_KNOTS('',2,(#1387,#1388,#1389),
  .UNSPECIFIED.,.F.,.F.,(3,3),(0.,1.),.PIECEWISE_BEZIER_KNOTS.);
#1387 = CARTESIAN_POINT('',(27.45821656051,3.157992838314,8.091753134035
    ));
#1388 = CARTESIAN_POINT('',(28.027643312102,3.391437924676,
    8.733138237496));
#1389 = CARTESIAN_POINT('',(28.937197452229,3.391437924676,
    8.733138237496));
#1390 = VECTOR('',#1391,1.);
#1391 = DIRECTION('',(-0.,0.939692620786,-0.342020143326));
#1392 = ADVANCED_FACE('',(#1393),#1411,.T.);
#1393 = FACE_BOUND('',#1394,.T.);
#1394 = EDGE_LOOP('',(#1395,#1396,#1404,#1410));
#1395 = ORIENTED_EDGE('',*,*,#572,.T.);
#1396 = ORIENTED_EDGE('',*,*,#1397,.T.);
#1397 = EDGE_CURVE('',#551,#1398,#1400,.T.);
#1398 = VERTEX_POINT('',#1399);
#1399 = CARTESIAN_POINT('',(26.888789808917,1.644383426247,
    6.272188972637));
#1400 = LINE('',#1401,#1402);
#1401 = CARTESIAN_POINT('',(26.888789808917,2.396137522876,
    5.998572857976));
#1402 = VECTOR('',#1403,1.);
#1403 = DIRECTION('',(0.,-0.939692620786,0.342020143326));
#1404 = ORIENTED_EDGE('',*,*,#1405,.T.);
#1405 = EDGE_CURVE('',#1398,#1372,#1406,.T.);
#1406 = B_SPLINE_CURVE_WITH_KNOTS('',2,(#1407,#1408,#1409),
  .UNSPECIFIED.,.F.,.F.,(3,3),(0.,1.),.PIECEWISE_BEZIER_KNOTS.);
#1407 = CARTESIAN_POINT('',(26.888789808917,1.644383426247,
    6.272188972637));
#1408 = CARTESIAN_POINT('',(26.888789808917,2.172880794214,
    7.724223557367));
#1409 = CARTESIAN_POINT('',(27.45821656051,2.406238741685,8.365369248695
    ));
#1410 = ORIENTED_EDGE('',*,*,#1371,.F.);
#1411 = SURFACE_OF_LINEAR_EXTRUSION('',#1412,#1416);
#1412 = B_SPLINE_CURVE_WITH_KNOTS('',2,(#1413,#1414,#1415),
  .UNSPECIFIED.,.F.,.F.,(3,3),(0.,1.),.PIECEWISE_BEZIER_KNOTS.);
#1413 = CARTESIAN_POINT('',(26.888789808917,2.396137522876,
    5.998572857976));
#1414 = CARTESIAN_POINT('',(26.888789808917,2.924634890843,
    7.450607442706));
#1415 = CARTESIAN_POINT('',(27.45821656051,3.157992838314,8.091753134035
    ));
#1416 = VECTOR('',#1417,1.);
#1417 = DIRECTION('',(-0.,0.939692620786,-0.342020143326));
#1418 = ADVANCED_FACE('',(#1419),#1437,.T.);
#1419 = FACE_BOUND('',#1420,.T.);
#1420 = EDGE_LOOP('',(#1421,#1422,#1430,#1436));
#1421 = ORIENTED_EDGE('',*,*,#550,.T.);
#1422 = ORIENTED_EDGE('',*,*,#1423,.T.);
#1423 = EDGE_CURVE('',#528,#1424,#1426,.T.);
#1424 = VERTEX_POINT('',#1425);
#1425 = CARTESIAN_POINT('',(27.435286624204,0.902831472183,
    4.234791723493));
#1426 = LINE('',#1427,#1428);
#1427 = CARTESIAN_POINT('',(27.435286624204,1.654585568812,
    3.961175608833));
#1428 = VECTOR('',#1429,1.);
#1429 = DIRECTION('',(0.,-0.939692620786,0.342020143326));
#1430 = ORIENTED_EDGE('',*,*,#1431,.T.);
#1431 = EDGE_CURVE('',#1424,#1398,#1432,.T.);
#1432 = B_SPLINE_CURVE_WITH_KNOTS('',2,(#1433,#1434,#1435),
  .UNSPECIFIED.,.F.,.F.,(3,3),(0.,1.),.PIECEWISE_BEZIER_KNOTS.);
#1433 = CARTESIAN_POINT('',(27.435286624204,0.902831472183,
    4.234791723493));
#1434 = CARTESIAN_POINT('',(26.888789808917,1.129044030673,
    4.856305619942));
#1435 = CARTESIAN_POINT('',(26.888789808917,1.644383426247,
    6.272188972637));
#1436 = ORIENTED_EDGE('',*,*,#1397,.F.);
#1437 = SURFACE_OF_LINEAR_EXTRUSION('',#1438,#1442);
#1438 = B_SPLINE_CURVE_WITH_KNOTS('',2,(#1439,#1440,#1441),
  .UNSPECIFIED.,.F.,.F.,(3,3),(0.,1.),.PIECEWISE_BEZIER_KNOTS.);
#1439 = CARTESIAN_POINT('',(27.435286624204,1.654585568812,
    3.961175608833));
#1440 = CARTESIAN_POINT('',(26.888789808917,1.880798127302,
    4.582689505281));
#1441 = CARTESIAN_POINT('',(26.888789808917,2.396137522876,
    5.998572857976));
#1442 = VECTOR('',#1443,1.);
#1443 = DIRECTION('',(-0.,0.939692620786,-0.342020143326));
#1444 = ADVANCED_FACE('',(#1445),#1463,.T.);
#1445 = FACE_BOUND('',#1446,.T.);
#1446 = EDGE_LOOP('',(#1447,#1448,#1456,#1462));
#1447 = ORIENTED_EDGE('',*,*,#527,.T.);
#1448 = ORIENTED_EDGE('',*,*,#1449,.T.);
#1449 = EDGE_CURVE('',#509,#1450,#1452,.T.);
#1450 = VERTEX_POINT('',#1451);
#1451 = CARTESIAN_POINT('',(28.830191082803,0.676618913693,
    3.613277827045));
#1452 = LINE('',#1453,#1454);
#1453 = CARTESIAN_POINT('',(28.830191082803,1.428373010321,
    3.339661712384));
#1454 = VECTOR('',#1455,1.);
#1455 = DIRECTION('',(0.,-0.939692620786,0.342020143326));
#1456 = ORIENTED_EDGE('',*,*,#1457,.T.);
#1457 = EDGE_CURVE('',#1450,#1424,#1458,.T.);
#1458 = B_SPLINE_CURVE_WITH_KNOTS('',2,(#1459,#1460,#1461),
  .UNSPECIFIED.,.F.,.F.,(3,3),(0.,1.),.PIECEWISE_BEZIER_KNOTS.);
#1459 = CARTESIAN_POINT('',(28.830191082803,0.676618913693,
    3.613277827045));
#1460 = CARTESIAN_POINT('',(27.98178343949,0.676618913693,3.613277827045
    ));
#1461 = CARTESIAN_POINT('',(27.435286624204,0.902831472183,
    4.234791723493));
#1462 = ORIENTED_EDGE('',*,*,#1423,.F.);
#1463 = SURFACE_OF_LINEAR_EXTRUSION('',#1464,#1468);
#1464 = B_SPLINE_CURVE_WITH_KNOTS('',2,(#1465,#1466,#1467),
  .UNSPECIFIED.,.F.,.F.,(3,3),(0.,1.),.PIECEWISE_BEZIER_KNOTS.);
#1465 = CARTESIAN_POINT('',(28.830191082803,1.428373010321,
    3.339661712384));
#1466 = CARTESIAN_POINT('',(27.98178343949,1.428373010321,3.339661712384
    ));
#1467 = CARTESIAN_POINT('',(27.435286624204,1.654585568812,
    3.961175608833));
#1468 = VECTOR('',#1469,1.);
#1469 = DIRECTION('',(-0.,0.939692620786,-0.342020143326));
#1470 = ADVANCED_FACE('',(#1471),#1489,.T.);
#1471 = FACE_BOUND('',#1472,.T.);
#1472 = EDGE_LOOP('',(#1473,#1474,#1482,#1488));
#1473 = ORIENTED_EDGE('',*,*,#508,.T.);
#1474 = ORIENTED_EDGE('',*,*,#1475,.T.);
#1475 = EDGE_CURVE('',#486,#1476,#1478,.T.);
#1476 = VERTEX_POINT('',#1477);
#1477 = CARTESIAN_POINT('',(30.125732484076,0.854382249332,
    4.101678577721));
#1478 = LINE('',#1479,#1480);
#1479 = CARTESIAN_POINT('',(30.125732484076,1.606136345961,3.82806246306
    ));
#1480 = VECTOR('',#1481,1.);
#1481 = DIRECTION('',(0.,-0.939692620786,0.342020143326));
#1482 = ORIENTED_EDGE('',*,*,#1483,.T.);
#1483 = EDGE_CURVE('',#1476,#1450,#1484,.T.);
#1484 = B_SPLINE_CURVE_WITH_KNOTS('',2,(#1485,#1486,#1487),
  .UNSPECIFIED.,.F.,.F.,(3,3),(0.,1.),.PIECEWISE_BEZIER_KNOTS.);
#1485 = CARTESIAN_POINT('',(30.125732484076,0.854382249332,
    4.101678577721));
#1486 = CARTESIAN_POINT('',(29.62127388535,0.676618913693,3.613277827045
    ));
#1487 = CARTESIAN_POINT('',(28.830191082803,0.676618913693,
    3.613277827045));
#1488 = ORIENTED_EDGE('',*,*,#1449,.F.);
#1489 = SURFACE_OF_LINEAR_EXTRUSION('',#1490,#1494);
#1490 = B_SPLINE_CURVE_WITH_KNOTS('',2,(#1491,#1492,#1493),
  .UNSPECIFIED.,.F.,.F.,(3,3),(0.,1.),.PIECEWISE_BEZIER_KNOTS.);
#1491 = CARTESIAN_POINT('',(30.125732484076,1.606136345961,3.82806246306
    ));
#1492 = CARTESIAN_POINT('',(29.62127388535,1.428373010321,3.339661712384
    ));
#1493 = CARTESIAN_POINT('',(28.830191082803,1.428373010321,
    3.339661712384));
#1494 = VECTOR('',#1495,1.);
#1495 = DIRECTION('',(-0.,0.939692620786,-0.342020143326));
#1496 = ADVANCED_FACE('',(#1497),#1515,.T.);
#1497 = FACE_BOUND('',#1498,.T.);
#1498 = EDGE_LOOP('',(#1499,#1500,#1508,#1514));
#1499 = ORIENTED_EDGE('',*,*,#485,.T.);
#1500 = ORIENTED_EDGE('',*,*,#1501,.T.);
#1501 = EDGE_CURVE('',#463,#1502,#1504,.T.);
#1502 = VERTEX_POINT('',#1503);
#1503 = CARTESIAN_POINT('',(30.630191082803,1.326326477677,
    5.398334688339));
#1504 = LINE('',#1505,#1506);
#1505 = CARTESIAN_POINT('',(30.630191082803,2.078080574305,
    5.124718573678));
#1506 = VECTOR('',#1507,1.);
#1507 = DIRECTION('',(0.,-0.939692620786,0.342020143326));
#1508 = ORIENTED_EDGE('',*,*,#1509,.T.);
#1509 = EDGE_CURVE('',#1502,#1476,#1510,.T.);
#1510 = B_SPLINE_CURVE_WITH_KNOTS('',2,(#1511,#1512,#1513),
  .UNSPECIFIED.,.F.,.F.,(3,3),(0.,1.),.PIECEWISE_BEZIER_KNOTS.);
#1511 = CARTESIAN_POINT('',(30.630191082803,1.326326477677,
    5.398334688339));
#1512 = CARTESIAN_POINT('',(30.630191082803,1.032145584971,
    4.590079328397));
#1513 = CARTESIAN_POINT('',(30.125732484076,0.854382249332,
    4.101678577721));
#1514 = ORIENTED_EDGE('',*,*,#1475,.F.);
#1515 = SURFACE_OF_LINEAR_EXTRUSION('',#1516,#1520);
#1516 = B_SPLINE_CURVE_WITH_KNOTS('',2,(#1517,#1518,#1519),
  .UNSPECIFIED.,.F.,.F.,(3,3),(0.,1.),.PIECEWISE_BEZIER_KNOTS.);
#1517 = CARTESIAN_POINT('',(30.630191082803,2.078080574305,
    5.124718573678));
#1518 = CARTESIAN_POINT('',(30.630191082803,1.7838996816,4.316463213736)
  );
#1519 = CARTESIAN_POINT('',(30.125732484076,1.606136345961,3.82806246306
    ));
#1520 = VECTOR('',#1521,1.);
#1521 = DIRECTION('',(-0.,0.939692620786,-0.342020143326));
#1522 = ADVANCED_FACE('',(#1523),#1541,.T.);
#1523 = FACE_BOUND('',#1524,.T.);
#1524 = EDGE_LOOP('',(#1525,#1526,#1534,#1540));
#1525 = ORIENTED_EDGE('',*,*,#462,.T.);
#1526 = ORIENTED_EDGE('',*,*,#1527,.T.);
#1527 = EDGE_CURVE('',#444,#1528,#1530,.T.);
#1528 = VERTEX_POINT('',#1529);
#1529 = CARTESIAN_POINT('',(30.150445859873,1.778577316877,6.64088365697
    ));
#1530 = LINE('',#1531,#1532);
#1531 = CARTESIAN_POINT('',(30.150445859873,2.530331413505,6.36726754231
    ));
#1532 = VECTOR('',#1533,1.);
#1533 = DIRECTION('',(0.,-0.939692620786,0.342020143326));
#1534 = ORIENTED_EDGE('',*,*,#1535,.T.);
#1535 = EDGE_CURVE('',#1528,#1502,#1536,.T.);
#1536 = B_SPLINE_CURVE_WITH_KNOTS('',2,(#1537,#1538,#1539),
  .UNSPECIFIED.,.F.,.F.,(3,3),(0.,1.),.PIECEWISE_BEZIER_KNOTS.);
#1537 = CARTESIAN_POINT('',(30.150445859873,1.778577316877,6.64088365697
    ));
#1538 = CARTESIAN_POINT('',(30.630191082803,1.603428147938,
    6.159665270275));
#1539 = CARTESIAN_POINT('',(30.630191082803,1.326326477677,
    5.398334688339));
#1540 = ORIENTED_EDGE('',*,*,#1501,.F.);
#1541 = SURFACE_OF_LINEAR_EXTRUSION('',#1542,#1546);
#1542 = B_SPLINE_CURVE_WITH_KNOTS('',2,(#1543,#1544,#1545),
  .UNSPECIFIED.,.F.,.F.,(3,3),(0.,1.),.PIECEWISE_BEZIER_KNOTS.);
#1543 = CARTESIAN_POINT('',(30.150445859873,2.530331413505,6.36726754231
    ));
#1544 = CARTESIAN_POINT('',(30.630191082803,2.355182244567,
    5.886049155614));
#1545 = CARTESIAN_POINT('',(30.630191082803,2.078080574305,
    5.124718573678));
#1546 = VECTOR('',#1547,1.);
#1547 = DIRECTION('',(-0.,0.939692620786,-0.342020143326));
#1548 = ADVANCED_FACE('',(#1549),#1567,.T.);
#1549 = FACE_BOUND('',#1550,.T.);
#1550 = EDGE_LOOP('',(#1551,#1552,#1560,#1566));
#1551 = ORIENTED_EDGE('',*,*,#443,.T.);
#1552 = ORIENTED_EDGE('',*,*,#1553,.T.);
#1553 = EDGE_CURVE('',#425,#1554,#1556,.T.);
#1554 = VERTEX_POINT('',#1555);
#1555 = CARTESIAN_POINT('',(28.998343949045,1.953726485815,
    7.122102043666));
#1556 = LINE('',#1557,#1558);
#1557 = CARTESIAN_POINT('',(28.998343949045,2.705480582444,
    6.848485929005));
#1558 = VECTOR('',#1559,1.);
#1559 = DIRECTION('',(0.,-0.939692620786,0.342020143326));
#1560 = ORIENTED_EDGE('',*,*,#1561,.T.);
#1561 = EDGE_CURVE('',#1554,#1528,#1562,.T.);
#1562 = B_SPLINE_CURVE_WITH_KNOTS('',2,(#1563,#1564,#1565),
  .UNSPECIFIED.,.F.,.F.,(3,3),(0.,1.),.PIECEWISE_BEZIER_KNOTS.);
#1563 = CARTESIAN_POINT('',(28.998343949045,1.953726485815,
    7.122102043666));
#1564 = CARTESIAN_POINT('',(29.670955414013,1.953726485815,
    7.122102043666));
#1565 = CARTESIAN_POINT('',(30.150445859873,1.778577316877,6.64088365697
    ));
#1566 = ORIENTED_EDGE('',*,*,#1527,.F.);
#1567 = SURFACE_OF_LINEAR_EXTRUSION('',#1568,#1572);
#1568 = B_SPLINE_CURVE_WITH_KNOTS('',2,(#1569,#1570,#1571),
  .UNSPECIFIED.,.F.,.F.,(3,3),(0.,1.),.PIECEWISE_BEZIER_KNOTS.);
#1569 = CARTESIAN_POINT('',(28.998343949045,2.705480582444,
    6.848485929005));
#1570 = CARTESIAN_POINT('',(29.670955414013,2.705480582444,
    6.848485929005));
#1571 = CARTESIAN_POINT('',(30.150445859873,2.530331413505,6.36726754231
    ));
#1572 = VECTOR('',#1573,1.);
#1573 = DIRECTION('',(-0.,0.939692620786,-0.342020143326));
#1574 = ADVANCED_FACE('',(#1575),#1593,.T.);
#1575 = FACE_BOUND('',#1576,.T.);
#1576 = EDGE_LOOP('',(#1577,#1578,#1586,#1592));
#1577 = ORIENTED_EDGE('',*,*,#424,.T.);
#1578 = ORIENTED_EDGE('',*,*,#1579,.T.);
#1579 = EDGE_CURVE('',#404,#1580,#1582,.T.);
#1580 = VERTEX_POINT('',#1581);
#1581 = CARTESIAN_POINT('',(28.000891719745,1.791648150379,
    6.676795476873));
#1582 = LINE('',#1583,#1584);
#1583 = CARTESIAN_POINT('',(28.000891719745,2.543402247008,
    6.403179362212));
#1584 = VECTOR('',#1585,1.);
#1585 = DIRECTION('',(0.,-0.939692620786,0.342020143326));
#1586 = ORIENTED_EDGE('',*,*,#1587,.T.);
#1587 = EDGE_CURVE('',#1580,#1554,#1588,.T.);
#1588 = B_SPLINE_CURVE_WITH_KNOTS('',2,(#1589,#1590,#1591),
  .UNSPECIFIED.,.F.,.F.,(3,3),(0.,1.),.PIECEWISE_BEZIER_KNOTS.);
#1589 = CARTESIAN_POINT('',(28.000891719745,1.791648150379,
    6.676795476873));
#1590 = CARTESIAN_POINT('',(28.402165605096,1.953726485815,
    7.122102043666));
#1591 = CARTESIAN_POINT('',(28.998343949045,1.953726485815,
    7.122102043666));
#1592 = ORIENTED_EDGE('',*,*,#1553,.F.);
#1593 = SURFACE_OF_LINEAR_EXTRUSION('',#1594,#1598);
#1594 = B_SPLINE_CURVE_WITH_KNOTS('',2,(#1595,#1596,#1597),
  .UNSPECIFIED.,.F.,.F.,(3,3),(0.,1.),.PIECEWISE_BEZIER_KNOTS.);
#1595 = CARTESIAN_POINT('',(28.000891719745,2.543402247008,
    6.403179362212));
#1596 = CARTESIAN_POINT('',(28.402165605096,2.705480582444,
    6.848485929005));
#1597 = CARTESIAN_POINT('',(28.998343949045,2.705480582444,
    6.848485929005));
#1598 = VECTOR('',#1599,1.);
#1599 = DIRECTION('',(-0.,0.939692620786,-0.342020143326));
#1600 = ADVANCED_FACE('',(#1601),#1619,.T.);
#1601 = FACE_BOUND('',#1602,.T.);
#1602 = EDGE_LOOP('',(#1603,#1604,#1612,#1618));
#1603 = ORIENTED_EDGE('',*,*,#403,.T.);
#1604 = ORIENTED_EDGE('',*,*,#1605,.T.);
#1605 = EDGE_CURVE('',#387,#1606,#1608,.T.);
#1606 = VERTEX_POINT('',#1607);
#1607 = CARTESIAN_POINT('',(28.296942675159,2.227952572706,
    7.875532025223));
#1608 = LINE('',#1609,#1610);
#1609 = CARTESIAN_POINT('',(28.296942675159,2.979706669335,
    7.601915910563));
#1610 = VECTOR('',#1611,1.);
#1611 = DIRECTION('',(0.,-0.939692620786,0.342020143326));
#1612 = ORIENTED_EDGE('',*,*,#1613,.T.);
#1613 = EDGE_CURVE('',#1606,#1580,#1614,.T.);
#1614 = B_SPLINE_CURVE_WITH_KNOTS('',2,(#1615,#1616,#1617),
  .UNSPECIFIED.,.F.,.F.,(3,3),(0.,1.),.PIECEWISE_BEZIER_KNOTS.);
#1615 = CARTESIAN_POINT('',(28.296942675159,2.227952572706,
    7.875532025223));
#1616 = CARTESIAN_POINT('',(28.062038216561,2.123037349123,
    7.587279817471));
#1617 = CARTESIAN_POINT('',(28.000891719745,1.791648150379,
    6.676795476873));
#1618 = ORIENTED_EDGE('',*,*,#1579,.F.);
#1619 = SURFACE_OF_LINEAR_EXTRUSION('',#1620,#1624);
#1620 = B_SPLINE_CURVE_WITH_KNOTS('',2,(#1621,#1622,#1623),
  .UNSPECIFIED.,.F.,.F.,(3,3),(0.,1.),.PIECEWISE_BEZIER_KNOTS.);
#1621 = CARTESIAN_POINT('',(28.296942675159,2.979706669335,
    7.601915910563));
#1622 = CARTESIAN_POINT('',(28.062038216561,2.874791445751,
    7.313663702811));
#1623 = CARTESIAN_POINT('',(28.000891719745,2.543402247008,
    6.403179362212));
#1624 = VECTOR('',#1625,1.);
#1625 = DIRECTION('',(-0.,0.939692620786,-0.342020143326));
#1626 = ADVANCED_FACE('',(#1627),#1645,.T.);
#1627 = FACE_BOUND('',#1628,.T.);
#1628 = EDGE_LOOP('',(#1629,#1630,#1638,#1644));
#1629 = ORIENTED_EDGE('',*,*,#386,.T.);
#1630 = ORIENTED_EDGE('',*,*,#1631,.T.);
#1631 = EDGE_CURVE('',#372,#1632,#1634,.T.);
#1632 = VERTEX_POINT('',#1633);
#1633 = CARTESIAN_POINT('',(28.872229299363,2.332954935179,
    8.164023645108));
#1634 = LINE('',#1635,#1636);
#1635 = CARTESIAN_POINT('',(28.872229299363,3.084709031808,
    7.890407530447));
#1636 = VECTOR('',#1637,1.);
#1637 = DIRECTION('',(0.,-0.939692620786,0.342020143326));
#1638 = ORIENTED_EDGE('',*,*,#1639,.T.);
#1639 = EDGE_CURVE('',#1632,#1606,#1640,.T.);
#1640 = B_SPLINE_CURVE_WITH_KNOTS('',2,(#1641,#1642,#1643),
  .UNSPECIFIED.,.F.,.F.,(3,3),(0.,1.),.PIECEWISE_BEZIER_KNOTS.);
#1641 = CARTESIAN_POINT('',(28.872229299363,2.332954935179,
    8.164023645108));
#1642 = CARTESIAN_POINT('',(28.532101910828,2.332954935179,
    8.164023645108));
#1643 = CARTESIAN_POINT('',(28.296942675159,2.227952572706,
    7.875532025223));
#1644 = ORIENTED_EDGE('',*,*,#1605,.F.);
#1645 = SURFACE_OF_LINEAR_EXTRUSION('',#1646,#1650);
#1646 = B_SPLINE_CURVE_WITH_KNOTS('',2,(#1647,#1648,#1649),
  .UNSPECIFIED.,.F.,.F.,(3,3),(0.,1.),.PIECEWISE_BEZIER_KNOTS.);
#1647 = CARTESIAN_POINT('',(28.872229299363,3.084709031808,
    7.890407530447));
#1648 = CARTESIAN_POINT('',(28.532101910828,3.084709031808,
    7.890407530447));
#1649 = CARTESIAN_POINT('',(28.296942675159,2.979706669335,
    7.601915910563));
#1650 = VECTOR('',#1651,1.);
#1651 = DIRECTION('',(-0.,0.939692620786,-0.342020143326));
#1652 = ADVANCED_FACE('',(#1653),#1671,.T.);
#1653 = FACE_BOUND('',#1654,.T.);
#1654 = EDGE_LOOP('',(#1655,#1656,#1664,#1670));
#1655 = ORIENTED_EDGE('',*,*,#371,.T.);
#1656 = ORIENTED_EDGE('',*,*,#1657,.T.);
#1657 = EDGE_CURVE('',#360,#1658,#1660,.T.);
#1658 = VERTEX_POINT('',#1659);
#1659 = CARTESIAN_POINT('',(29.288789808917,2.281281573398,
    8.022052250426));
#1660 = LINE('',#1661,#1662);
#1661 = CARTESIAN_POINT('',(29.288789808917,3.033035670027,
    7.748436135766));
#1662 = VECTOR('',#1663,1.);
#1663 = DIRECTION('',(0.,-0.939692620786,0.342020143326));
#1664 = ORIENTED_EDGE('',*,*,#1665,.T.);
#1665 = EDGE_CURVE('',#1658,#1632,#1666,.T.);
#1666 = B_SPLINE_CURVE_WITH_KNOTS('',2,(#1667,#1668,#1669),
  .UNSPECIFIED.,.F.,.F.,(3,3),(0.,1.),.PIECEWISE_BEZIER_KNOTS.);
#1667 = CARTESIAN_POINT('',(29.288789808917,2.281281573398,
    8.022052250426));
#1668 = CARTESIAN_POINT('',(29.128280254777,2.332954935179,
    8.164023645108));
#1669 = CARTESIAN_POINT('',(28.872229299363,2.332954935179,
    8.164023645108));
#1670 = ORIENTED_EDGE('',*,*,#1631,.F.);
#1671 = SURFACE_OF_LINEAR_EXTRUSION('',#1672,#1676);
#1672 = B_SPLINE_CURVE_WITH_KNOTS('',2,(#1673,#1674,#1675),
  .UNSPECIFIED.,.F.,.F.,(3,3),(0.,1.),.PIECEWISE_BEZIER_KNOTS.);
#1673 = CARTESIAN_POINT('',(29.288789808917,3.033035670027,
    7.748436135766));
#1674 = CARTESIAN_POINT('',(29.128280254777,3.084709031808,
    7.890407530447));
#1675 = CARTESIAN_POINT('',(28.872229299363,3.084709031808,
    7.890407530447));
#1676 = VECTOR('',#1677,1.);
#1677 = DIRECTION('',(-0.,0.939692620786,-0.342020143326));
#1678 = ADVANCED_FACE('',(#1679),#1690,.T.);
#1679 = FACE_BOUND('',#1680,.T.);
#1680 = EDGE_LOOP('',(#1681,#1682,#1683,#1689));
#1681 = ORIENTED_EDGE('',*,*,#359,.T.);
#1682 = ORIENTED_EDGE('',*,*,#1304,.T.);
#1683 = ORIENTED_EDGE('',*,*,#1684,.T.);
#1684 = EDGE_CURVE('',#1297,#1658,#1685,.T.);
#1685 = B_SPLINE_CURVE_WITH_KNOTS('',2,(#1686,#1687,#1688),
  .UNSPECIFIED.,.F.,.F.,(3,3),(0.,1.),.PIECEWISE_BEZIER_KNOTS.);
#1686 = CARTESIAN_POINT('',(29.487515923567,2.121033154652,7.58177333842
    ));
#1687 = CARTESIAN_POINT('',(29.449299363057,2.229608211616,
    7.880080855744));
#1688 = CARTESIAN_POINT('',(29.288789808917,2.281281573398,
    8.022052250426));
#1689 = ORIENTED_EDGE('',*,*,#1657,.F.);
#1690 = SURFACE_OF_LINEAR_EXTRUSION('',#1691,#1695);
#1691 = B_SPLINE_CURVE_WITH_KNOTS('',2,(#1692,#1693,#1694),
  .UNSPECIFIED.,.F.,.F.,(3,3),(0.,1.),.PIECEWISE_BEZIER_KNOTS.);
#1692 = CARTESIAN_POINT('',(29.487515923567,2.872787251281,
    7.308157223759));
#1693 = CARTESIAN_POINT('',(29.449299363057,2.981362308245,
    7.606464741084));
#1694 = CARTESIAN_POINT('',(29.288789808917,3.033035670027,
    7.748436135766));
#1695 = VECTOR('',#1696,1.);
#1696 = DIRECTION('',(-0.,0.939692620786,-0.342020143326));
#1697 = ADVANCED_FACE('',(#1698),#1723,.T.);
#1698 = FACE_BOUND('',#1699,.T.);
#1699 = EDGE_LOOP('',(#1700,#1701,#1709,#1717));
#1700 = ORIENTED_EDGE('',*,*,#651,.T.);
#1701 = ORIENTED_EDGE('',*,*,#1702,.T.);
#1702 = EDGE_CURVE('',#654,#1703,#1705,.T.);
#1703 = VERTEX_POINT('',#1704);
#1704 = CARTESIAN_POINT('',(25.282929936306,0.71008024746,3.705212085995
    ));
#1705 = LINE('',#1706,#1707);
#1706 = CARTESIAN_POINT('',(25.282929936306,1.461834344089,
    3.431595971335));
#1707 = VECTOR('',#1708,1.);
#1708 = DIRECTION('',(0.,-0.939692620786,0.342020143326));
#1709 = ORIENTED_EDGE('',*,*,#1710,.T.);
#1710 = EDGE_CURVE('',#1703,#1711,#1713,.T.);
#1711 = VERTEX_POINT('',#1712);
#1712 = CARTESIAN_POINT('',(24.209044585987,0.71008024746,3.705212085995
    ));
#1713 = LINE('',#1714,#1715);
#1714 = CARTESIAN_POINT('',(25.282929936306,0.71008024746,3.705212085995
    ));
#1715 = VECTOR('',#1716,1.);
#1716 = DIRECTION('',(-1.,0.,0.));
#1717 = ORIENTED_EDGE('',*,*,#1718,.F.);
#1718 = EDGE_CURVE('',#652,#1711,#1719,.T.);
#1719 = LINE('',#1720,#1721);
#1720 = CARTESIAN_POINT('',(24.209044585987,1.461834344089,
    3.431595971335));
#1721 = VECTOR('',#1722,1.);
#1722 = DIRECTION('',(0.,-0.939692620786,0.342020143326));
#1723 = PLANE('',#1724);
#1724 = AXIS2_PLACEMENT_3D('',#1725,#1726,#1727);
#1725 = CARTESIAN_POINT('',(25.282929936306,1.461834344089,
    3.431595971335));
#1726 = DIRECTION('',(0.,-0.342020143326,-0.939692620786));
#1727 = DIRECTION('',(-1.,0.,0.));
#1728 = ADVANCED_FACE('',(#1729),#1747,.T.);
#1729 = FACE_BOUND('',#1730,.T.);
#1730 = EDGE_LOOP('',(#1731,#1732,#1740,#1746));
#1731 = ORIENTED_EDGE('',*,*,#731,.T.);
#1732 = ORIENTED_EDGE('',*,*,#1733,.T.);
#1733 = EDGE_CURVE('',#724,#1734,#1736,.T.);
#1734 = VERTEX_POINT('',#1735);
#1735 = CARTESIAN_POINT('',(25.282929936306,2.639683828047,
    9.006754352157));
#1736 = LINE('',#1737,#1738);
#1737 = CARTESIAN_POINT('',(25.282929936306,3.391437924676,
    8.733138237496));
#1738 = VECTOR('',#1739,1.);
#1739 = DIRECTION('',(0.,-0.939692620786,0.342020143326));
#1740 = ORIENTED_EDGE('',*,*,#1741,.T.);
#1741 = EDGE_CURVE('',#1734,#1703,#1742,.T.);
#1742 = LINE('',#1743,#1744);
#1743 = CARTESIAN_POINT('',(25.282929936306,2.639683828047,
    9.006754352157));
#1744 = VECTOR('',#1745,1.);
#1745 = DIRECTION('',(0.,-0.342020143326,-0.939692620786));
#1746 = ORIENTED_EDGE('',*,*,#1702,.F.);
#1747 = PLANE('',#1748);
#1748 = AXIS2_PLACEMENT_3D('',#1749,#1750,#1751);
#1749 = CARTESIAN_POINT('',(25.282929936306,3.391437924676,
    8.733138237496));
#1750 = DIRECTION('',(1.,0.,0.));
#1751 = DIRECTION('',(0.,-0.342020143326,-0.939692620786));
#1752 = ADVANCED_FACE('',(#1753),#1771,.T.);
#1753 = FACE_BOUND('',#1754,.T.);
#1754 = EDGE_LOOP('',(#1755,#1756,#1764,#1770));
#1755 = ORIENTED_EDGE('',*,*,#723,.T.);
#1756 = ORIENTED_EDGE('',*,*,#1757,.T.);
#1757 = EDGE_CURVE('',#705,#1758,#1760,.T.);
#1758 = VERTEX_POINT('',#1759);
#1759 = CARTESIAN_POINT('',(24.411592356688,2.639683828047,
    9.006754352157));
#1760 = LINE('',#1761,#1762);
#1761 = CARTESIAN_POINT('',(24.411592356688,3.391437924676,
    8.733138237496));
#1762 = VECTOR('',#1763,1.);
#1763 = DIRECTION('',(0.,-0.939692620786,0.342020143326));
#1764 = ORIENTED_EDGE('',*,*,#1765,.T.);
#1765 = EDGE_CURVE('',#1758,#1734,#1766,.T.);
#1766 = LINE('',#1767,#1768);
#1767 = CARTESIAN_POINT('',(24.411592356688,2.639683828047,
    9.006754352157));
#1768 = VECTOR('',#1769,1.);
#1769 = DIRECTION('',(1.,0.,0.));
#1770 = ORIENTED_EDGE('',*,*,#1733,.F.);
#1771 = PLANE('',#1772);
#1772 = AXIS2_PLACEMENT_3D('',#1773,#1774,#1775);
#1773 = CARTESIAN_POINT('',(24.411592356688,3.391437924676,
    8.733138237496));
#1774 = DIRECTION('',(0.,0.342020143326,0.939692620786));
#1775 = DIRECTION('',(1.,0.,0.));
#1776 = ADVANCED_FACE('',(#1777),#1795,.T.);
#1777 = FACE_BOUND('',#1778,.T.);
#1778 = EDGE_LOOP('',(#1779,#1780,#1788,#1794));
#1779 = ORIENTED_EDGE('',*,*,#704,.T.);
#1780 = ORIENTED_EDGE('',*,*,#1781,.T.);
#1781 = EDGE_CURVE('',#693,#1782,#1784,.T.);
#1782 = VERTEX_POINT('',#1783);
#1783 = CARTESIAN_POINT('',(23.735159235669,2.332954935179,
    8.164023645108));
#1784 = LINE('',#1785,#1786);
#1785 = CARTESIAN_POINT('',(23.735159235669,3.084709031808,
    7.890407530447));
#1786 = VECTOR('',#1787,1.);
#1787 = DIRECTION('',(0.,-0.939692620786,0.342020143326));
#1788 = ORIENTED_EDGE('',*,*,#1789,.T.);
#1789 = EDGE_CURVE('',#1782,#1758,#1790,.T.);
#1790 = B_SPLINE_CURVE_WITH_KNOTS('',2,(#1791,#1792,#1793),
  .UNSPECIFIED.,.F.,.F.,(3,3),(0.,1.),.PIECEWISE_BEZIER_KNOTS.);
#1791 = CARTESIAN_POINT('',(23.735159235669,2.332954935179,
    8.164023645108));
#1792 = CARTESIAN_POINT('',(24.228152866242,2.464447520218,
    8.525296553329));
#1793 = CARTESIAN_POINT('',(24.411592356688,2.639683828047,
    9.006754352157));
#1794 = ORIENTED_EDGE('',*,*,#1757,.F.);
#1795 = SURFACE_OF_LINEAR_EXTRUSION('',#1796,#1800);
#1796 = B_SPLINE_CURVE_WITH_KNOTS('',2,(#1797,#1798,#1799),
  .UNSPECIFIED.,.F.,.F.,(3,3),(0.,1.),.PIECEWISE_BEZIER_KNOTS.);
#1797 = CARTESIAN_POINT('',(23.735159235669,3.084709031808,
    7.890407530447));
#1798 = CARTESIAN_POINT('',(24.228152866242,3.216201616847,
    8.251680438668));
#1799 = CARTESIAN_POINT('',(24.411592356688,3.391437924676,
    8.733138237496));
#1800 = VECTOR('',#1801,1.);
#1801 = DIRECTION('',(-0.,0.939692620786,-0.342020143326));
#1802 = ADVANCED_FACE('',(#1803),#1821,.T.);
#1803 = FACE_BOUND('',#1804,.T.);
#1804 = EDGE_LOOP('',(#1805,#1806,#1814,#1820));
#1805 = ORIENTED_EDGE('',*,*,#692,.T.);
#1806 = ORIENTED_EDGE('',*,*,#1807,.T.);
#1807 = EDGE_CURVE('',#685,#1808,#1810,.T.);
#1808 = VERTEX_POINT('',#1809);
#1809 = CARTESIAN_POINT('',(22.82178343949,2.15449448842,7.67370759737)
  );
#1810 = LINE('',#1811,#1812);
#1811 = CARTESIAN_POINT('',(22.82178343949,2.906248585048,7.40009148271)
  );
#1812 = VECTOR('',#1813,1.);
#1813 = DIRECTION('',(0.,-0.939692620786,0.342020143326));
#1814 = ORIENTED_EDGE('',*,*,#1815,.T.);
#1815 = EDGE_CURVE('',#1808,#1782,#1816,.T.);
#1816 = B_SPLINE_CURVE_WITH_KNOTS('',2,(#1817,#1818,#1819),
  .UNSPECIFIED.,.F.,.F.,(3,3),(0.,1.),.PIECEWISE_BEZIER_KNOTS.);
#1817 = CARTESIAN_POINT('',(22.82178343949,2.15449448842,7.67370759737)
  );
#1818 = CARTESIAN_POINT('',(23.242165605096,2.20154948903,7.80299014902)
  );
#1819 = CARTESIAN_POINT('',(23.735159235669,2.332954935179,
    8.164023645108));
#1820 = ORIENTED_EDGE('',*,*,#1781,.F.);
#1821 = SURFACE_OF_LINEAR_EXTRUSION('',#1822,#1826);
#1822 = B_SPLINE_CURVE_WITH_KNOTS('',2,(#1823,#1824,#1825),
  .UNSPECIFIED.,.F.,.F.,(3,3),(0.,1.),.PIECEWISE_BEZIER_KNOTS.);
#1823 = CARTESIAN_POINT('',(22.82178343949,2.906248585048,7.40009148271)
  );
#1824 = CARTESIAN_POINT('',(23.242165605096,2.953303585659,
    7.529374034359));
#1825 = CARTESIAN_POINT('',(23.735159235669,3.084709031808,
    7.890407530447));
#1826 = VECTOR('',#1827,1.);
#1827 = DIRECTION('',(-0.,0.939692620786,-0.342020143326));
#1828 = ADVANCED_FACE('',(#1829),#1847,.T.);
#1829 = FACE_BOUND('',#1830,.T.);
#1830 = EDGE_LOOP('',(#1831,#1832,#1840,#1846));
#1831 = ORIENTED_EDGE('',*,*,#684,.T.);
#1832 = ORIENTED_EDGE('',*,*,#1833,.T.);
#1833 = EDGE_CURVE('',#670,#1834,#1836,.T.);
#1834 = VERTEX_POINT('',#1835);
#1835 = CARTESIAN_POINT('',(22.82178343949,1.819881150746,6.754365007863
    ));
#1836 = LINE('',#1837,#1838);
#1837 = CARTESIAN_POINT('',(22.82178343949,2.571635247374,6.480748893202
    ));
#1838 = VECTOR('',#1839,1.);
#1839 = DIRECTION('',(0.,-0.939692620786,0.342020143326));
#1840 = ORIENTED_EDGE('',*,*,#1841,.T.);
#1841 = EDGE_CURVE('',#1834,#1808,#1842,.T.);
#1842 = LINE('',#1843,#1844);
#1843 = CARTESIAN_POINT('',(22.82178343949,1.819881150746,6.754365007863
    ));
#1844 = VECTOR('',#1845,1.);
#1845 = DIRECTION('',(0.,0.342020143326,0.939692620786));
#1846 = ORIENTED_EDGE('',*,*,#1807,.F.);
#1847 = PLANE('',#1848);
#1848 = AXIS2_PLACEMENT_3D('',#1849,#1850,#1851);
#1849 = CARTESIAN_POINT('',(22.82178343949,2.571635247374,6.480748893202
    ));
#1850 = DIRECTION('',(-1.,0.,0.));
#1851 = DIRECTION('',(0.,0.342020143326,0.939692620786));
#1852 = ADVANCED_FACE('',(#1853),#1871,.T.);
#1853 = FACE_BOUND('',#1854,.T.);
#1854 = EDGE_LOOP('',(#1855,#1856,#1864,#1870));
#1855 = ORIENTED_EDGE('',*,*,#669,.T.);
#1856 = ORIENTED_EDGE('',*,*,#1857,.T.);
#1857 = EDGE_CURVE('',#662,#1858,#1860,.T.);
#1858 = VERTEX_POINT('',#1859);
#1859 = CARTESIAN_POINT('',(24.209044585987,2.099422709928,
    7.522399129514));
#1860 = LINE('',#1861,#1862);
#1861 = CARTESIAN_POINT('',(24.209044585987,2.851176806556,
    7.248783014853));
#1862 = VECTOR('',#1863,1.);
#1863 = DIRECTION('',(0.,-0.939692620786,0.342020143326));
#1864 = ORIENTED_EDGE('',*,*,#1865,.T.);
#1865 = EDGE_CURVE('',#1858,#1834,#1866,.T.);
#1866 = B_SPLINE_CURVE_WITH_KNOTS('',2,(#1867,#1868,#1869),
  .UNSPECIFIED.,.F.,.F.,(3,3),(0.,1.),.PIECEWISE_BEZIER_KNOTS.);
#1867 = CARTESIAN_POINT('',(24.209044585987,2.099422709928,
    7.522399129514));
#1868 = CARTESIAN_POINT('',(23.62050955414,1.910418457476,7.003114213722
    ));
#1869 = CARTESIAN_POINT('',(22.82178343949,1.819881150746,6.754365007863
    ));
#1870 = ORIENTED_EDGE('',*,*,#1833,.F.);
#1871 = SURFACE_OF_LINEAR_EXTRUSION('',#1872,#1876);
#1872 = B_SPLINE_CURVE_WITH_KNOTS('',2,(#1873,#1874,#1875),
  .UNSPECIFIED.,.F.,.F.,(3,3),(0.,1.),.PIECEWISE_BEZIER_KNOTS.);
#1873 = CARTESIAN_POINT('',(24.209044585987,2.851176806556,
    7.248783014853));
#1874 = CARTESIAN_POINT('',(23.62050955414,2.662172554104,6.729498099061
    ));
#1875 = CARTESIAN_POINT('',(22.82178343949,2.571635247374,6.480748893202
    ));
#1876 = VECTOR('',#1877,1.);
#1877 = DIRECTION('',(-0.,0.939692620786,-0.342020143326));
#1878 = ADVANCED_FACE('',(#1879),#1890,.T.);
#1879 = FACE_BOUND('',#1880,.T.);
#1880 = EDGE_LOOP('',(#1881,#1882,#1883,#1889));
#1881 = ORIENTED_EDGE('',*,*,#661,.T.);
#1882 = ORIENTED_EDGE('',*,*,#1718,.T.);
#1883 = ORIENTED_EDGE('',*,*,#1884,.T.);
#1884 = EDGE_CURVE('',#1711,#1858,#1885,.T.);
#1885 = LINE('',#1886,#1887);
#1886 = CARTESIAN_POINT('',(24.209044585987,0.71008024746,3.705212085995
    ));
#1887 = VECTOR('',#1888,1.);
#1888 = DIRECTION('',(0.,0.342020143326,0.939692620786));
#1889 = ORIENTED_EDGE('',*,*,#1857,.F.);
#1890 = PLANE('',#1891);
#1891 = AXIS2_PLACEMENT_3D('',#1892,#1893,#1894);
#1892 = CARTESIAN_POINT('',(24.209044585987,1.461834344089,
    3.431595971335));
#1893 = DIRECTION('',(-1.,0.,0.));
#1894 = DIRECTION('',(0.,0.342020143326,0.939692620786));
#1895 = ADVANCED_FACE('',(#1896),#1921,.T.);
#1896 = FACE_BOUND('',#1897,.T.);
#1897 = EDGE_LOOP('',(#1898,#1899,#1907,#1915));
#1898 = ORIENTED_EDGE('',*,*,#739,.T.);
#1899 = ORIENTED_EDGE('',*,*,#1900,.T.);
#1900 = EDGE_CURVE('',#742,#1901,#1903,.T.);
#1901 = VERTEX_POINT('',#1902);
#1902 = CARTESIAN_POINT('',(20.022547770701,0.676618913693,
    3.613277827045));
#1903 = LINE('',#1904,#1905);
#1904 = CARTESIAN_POINT('',(20.022547770701,1.428373010321,
    3.339661712384));
#1905 = VECTOR('',#1906,1.);
#1906 = DIRECTION('',(0.,-0.939692620786,0.342020143326));
#1907 = ORIENTED_EDGE('',*,*,#1908,.T.);
#1908 = EDGE_CURVE('',#1901,#1909,#1911,.T.);
#1909 = VERTEX_POINT('',#1910);
#1910 = CARTESIAN_POINT('',(21.409808917197,2.656414494931,
    9.052721481632));
#1911 = LINE('',#1912,#1913);
#1912 = CARTESIAN_POINT('',(20.022547770701,0.676618913693,
    3.613277827045));
#1913 = VECTOR('',#1914,1.);
#1914 = DIRECTION('',(0.233057266823,0.332601938861,0.913816316689));
#1915 = ORIENTED_EDGE('',*,*,#1916,.F.);
#1916 = EDGE_CURVE('',#740,#1909,#1917,.T.);
#1917 = LINE('',#1918,#1919);
#1918 = CARTESIAN_POINT('',(21.409808917197,3.408168591559,
    8.779105366972));
#1919 = VECTOR('',#1920,1.);
#1920 = DIRECTION('',(0.,-0.939692620786,0.342020143326));
#1921 = PLANE('',#1922);
#1922 = AXIS2_PLACEMENT_3D('',#1923,#1924,#1925);
#1923 = CARTESIAN_POINT('',(20.022547770701,1.428373010321,
    3.339661712384));
#1924 = DIRECTION('',(-0.972463012346,7.971027980197E-02,0.219002193854)
  );
#1925 = DIRECTION('',(0.233057266823,0.332601938861,0.913816316689));
#1926 = ADVANCED_FACE('',(#1927),#1945,.T.);
#1927 = FACE_BOUND('',#1928,.T.);
#1928 = EDGE_LOOP('',(#1929,#1930,#1938,#1944));
#1929 = ORIENTED_EDGE('',*,*,#765,.T.);
#1930 = ORIENTED_EDGE('',*,*,#1931,.T.);
#1931 = EDGE_CURVE('',#758,#1932,#1934,.T.);
#1932 = VERTEX_POINT('',#1933);
#1933 = CARTESIAN_POINT('',(20.813630573248,0.676618913693,
    3.613277827045));
#1934 = LINE('',#1935,#1936);
#1935 = CARTESIAN_POINT('',(20.813630573248,1.428373010321,
    3.339661712384));
#1936 = VECTOR('',#1937,1.);
#1937 = DIRECTION('',(0.,-0.939692620786,0.342020143326));
#1938 = ORIENTED_EDGE('',*,*,#1939,.T.);
#1939 = EDGE_CURVE('',#1932,#1901,#1940,.T.);
#1940 = LINE('',#1941,#1942);
#1941 = CARTESIAN_POINT('',(20.813630573248,0.676618913693,
    3.613277827045));
#1942 = VECTOR('',#1943,1.);
#1943 = DIRECTION('',(-1.,0.,0.));
#1944 = ORIENTED_EDGE('',*,*,#1900,.F.);
#1945 = PLANE('',#1946);
#1946 = AXIS2_PLACEMENT_3D('',#1947,#1948,#1949);
#1947 = CARTESIAN_POINT('',(20.813630573248,1.428373010321,
    3.339661712384));
#1948 = DIRECTION('',(0.,-0.342020143326,-0.939692620786));
#1949 = DIRECTION('',(-1.,0.,0.));
#1950 = ADVANCED_FACE('',(#1951),#1969,.T.);
#1951 = FACE_BOUND('',#1952,.T.);
#1952 = EDGE_LOOP('',(#1953,#1954,#1962,#1968));
#1953 = ORIENTED_EDGE('',*,*,#757,.T.);
#1954 = ORIENTED_EDGE('',*,*,#1955,.T.);
#1955 = EDGE_CURVE('',#750,#1956,#1958,.T.);
#1956 = VERTEX_POINT('',#1957);
#1957 = CARTESIAN_POINT('',(22.216178343949,2.656414494931,
    9.052721481632));
#1958 = LINE('',#1959,#1960);
#1959 = CARTESIAN_POINT('',(22.216178343949,3.408168591559,
    8.779105366972));
#1960 = VECTOR('',#1961,1.);
#1961 = DIRECTION('',(0.,-0.939692620786,0.342020143326));
#1962 = ORIENTED_EDGE('',*,*,#1963,.T.);
#1963 = EDGE_CURVE('',#1956,#1932,#1964,.T.);
#1964 = LINE('',#1965,#1966);
#1965 = CARTESIAN_POINT('',(22.216178343949,2.656414494931,
    9.052721481632));
#1966 = VECTOR('',#1967,1.);
#1967 = DIRECTION('',(-0.235483715343,-0.332401953666,-0.913266861879));
#1968 = ORIENTED_EDGE('',*,*,#1931,.F.);
#1969 = PLANE('',#1970);
#1970 = AXIS2_PLACEMENT_3D('',#1971,#1972,#1973);
#1971 = CARTESIAN_POINT('',(22.216178343949,3.408168591559,
    8.779105366972));
#1972 = DIRECTION('',(0.971878294751,-8.054017407264E-02,-0.221282309624
    ));
#1973 = DIRECTION('',(-0.235483715343,-0.332401953666,-0.913266861879));
#1974 = ADVANCED_FACE('',(#1975),#1986,.T.);
#1975 = FACE_BOUND('',#1976,.T.);
#1976 = EDGE_LOOP('',(#1977,#1978,#1979,#1985));
#1977 = ORIENTED_EDGE('',*,*,#749,.T.);
#1978 = ORIENTED_EDGE('',*,*,#1916,.T.);
#1979 = ORIENTED_EDGE('',*,*,#1980,.T.);
#1980 = EDGE_CURVE('',#1909,#1956,#1981,.T.);
#1981 = LINE('',#1982,#1983);
#1982 = CARTESIAN_POINT('',(21.409808917197,2.656414494931,
    9.052721481632));
#1983 = VECTOR('',#1984,1.);
#1984 = DIRECTION('',(1.,0.,0.));
#1985 = ORIENTED_EDGE('',*,*,#1955,.F.);
#1986 = PLANE('',#1987);
#1987 = AXIS2_PLACEMENT_3D('',#1988,#1989,#1990);
#1988 = CARTESIAN_POINT('',(21.409808917197,3.408168591559,
    8.779105366972));
#1989 = DIRECTION('',(0.,0.342020143326,0.939692620786));
#1990 = DIRECTION('',(1.,0.,0.));
#1991 = ADVANCED_FACE('',(#1992),#2017,.T.);
#1992 = FACE_BOUND('',#1993,.T.);
#1993 = EDGE_LOOP('',(#1994,#1995,#2003,#2011));
#1994 = ORIENTED_EDGE('',*,*,#773,.T.);
#1995 = ORIENTED_EDGE('',*,*,#1996,.T.);
#1996 = EDGE_CURVE('',#776,#1997,#1999,.T.);
#1997 = VERTEX_POINT('',#1998);
#1998 = CARTESIAN_POINT('',(18.760636942675,0.71008024746,3.705212085995
    ));
#1999 = LINE('',#2000,#2001);
#2000 = CARTESIAN_POINT('',(18.760636942675,1.461834344089,
    3.431595971335));
#2001 = VECTOR('',#2002,1.);
#2002 = DIRECTION('',(0.,-0.939692620786,0.342020143326));
#2003 = ORIENTED_EDGE('',*,*,#2004,.T.);
#2004 = EDGE_CURVE('',#1997,#2005,#2007,.T.);
#2005 = VERTEX_POINT('',#2006);
#2006 = CARTESIAN_POINT('',(17.686751592357,0.71008024746,3.705212085995
    ));
#2007 = LINE('',#2008,#2009);
#2008 = CARTESIAN_POINT('',(18.760636942675,0.71008024746,3.705212085995
    ));
#2009 = VECTOR('',#2010,1.);
#2010 = DIRECTION('',(-1.,0.,0.));
#2011 = ORIENTED_EDGE('',*,*,#2012,.F.);
#2012 = EDGE_CURVE('',#774,#2005,#2013,.T.);
#2013 = LINE('',#2014,#2015);
#2014 = CARTESIAN_POINT('',(17.686751592357,1.461834344089,
    3.431595971335));
#2015 = VECTOR('',#2016,1.);
#2016 = DIRECTION('',(0.,-0.939692620786,0.342020143326));
#2017 = PLANE('',#2018);
#2018 = AXIS2_PLACEMENT_3D('',#2019,#2020,#2021);
#2019 = CARTESIAN_POINT('',(18.760636942675,1.461834344089,
    3.431595971335));
#2020 = DIRECTION('',(0.,-0.342020143326,-0.939692620786));
#2021 = DIRECTION('',(-1.,0.,0.));
#2022 = ADVANCED_FACE('',(#2023),#2041,.T.);
#2023 = FACE_BOUND('',#2024,.T.);
#2024 = EDGE_LOOP('',(#2025,#2026,#2034,#2040));
#2025 = ORIENTED_EDGE('',*,*,#853,.T.);
#2026 = ORIENTED_EDGE('',*,*,#2027,.T.);
#2027 = EDGE_CURVE('',#846,#2028,#2030,.T.);
#2028 = VERTEX_POINT('',#2029);
#2029 = CARTESIAN_POINT('',(18.760636942675,2.639683828047,
    9.006754352157));
#2030 = LINE('',#2031,#2032);
#2031 = CARTESIAN_POINT('',(18.760636942675,3.391437924676,
    8.733138237496));
#2032 = VECTOR('',#2033,1.);
#2033 = DIRECTION('',(0.,-0.939692620786,0.342020143326));
#2034 = ORIENTED_EDGE('',*,*,#2035,.T.);
#2035 = EDGE_CURVE('',#2028,#1997,#2036,.T.);
#2036 = LINE('',#2037,#2038);
#2037 = CARTESIAN_POINT('',(18.760636942675,2.639683828047,
    9.006754352157));
#2038 = VECTOR('',#2039,1.);
#2039 = DIRECTION('',(0.,-0.342020143326,-0.939692620786));
#2040 = ORIENTED_EDGE('',*,*,#1996,.F.);
#2041 = PLANE('',#2042);
#2042 = AXIS2_PLACEMENT_3D('',#2043,#2044,#2045);
#2043 = CARTESIAN_POINT('',(18.760636942675,3.391437924676,
    8.733138237496));
#2044 = DIRECTION('',(1.,0.,0.));
#2045 = DIRECTION('',(0.,-0.342020143326,-0.939692620786));
#2046 = ADVANCED_FACE('',(#2047),#2065,.T.);
#2047 = FACE_BOUND('',#2048,.T.);
#2048 = EDGE_LOOP('',(#2049,#2050,#2058,#2064));
#2049 = ORIENTED_EDGE('',*,*,#845,.T.);
#2050 = ORIENTED_EDGE('',*,*,#2051,.T.);
#2051 = EDGE_CURVE('',#827,#2052,#2054,.T.);
#2052 = VERTEX_POINT('',#2053);
#2053 = CARTESIAN_POINT('',(17.889299363057,2.639683828047,
    9.006754352157));
#2054 = LINE('',#2055,#2056);
#2055 = CARTESIAN_POINT('',(17.889299363057,3.391437924676,
    8.733138237496));
#2056 = VECTOR('',#2057,1.);
#2057 = DIRECTION('',(0.,-0.939692620786,0.342020143326));
#2058 = ORIENTED_EDGE('',*,*,#2059,.T.);
#2059 = EDGE_CURVE('',#2052,#2028,#2060,.T.);
#2060 = LINE('',#2061,#2062);
#2061 = CARTESIAN_POINT('',(17.889299363057,2.639683828047,
    9.006754352157));
#2062 = VECTOR('',#2063,1.);
#2063 = DIRECTION('',(1.,0.,0.));
#2064 = ORIENTED_EDGE('',*,*,#2027,.F.);
#2065 = PLANE('',#2066);
#2066 = AXIS2_PLACEMENT_3D('',#2067,#2068,#2069);
#2067 = CARTESIAN_POINT('',(17.889299363057,3.391437924676,
    8.733138237496));
#2068 = DIRECTION('',(0.,0.342020143326,0.939692620786));
#2069 = DIRECTION('',(1.,0.,0.));
#2070 = ADVANCED_FACE('',(#2071),#2089,.T.);
#2071 = FACE_BOUND('',#2072,.T.);
#2072 = EDGE_LOOP('',(#2073,#2074,#2082,#2088));
#2073 = ORIENTED_EDGE('',*,*,#826,.T.);
#2074 = ORIENTED_EDGE('',*,*,#2075,.T.);
#2075 = EDGE_CURVE('',#815,#2076,#2078,.T.);
#2076 = VERTEX_POINT('',#2077);
#2077 = CARTESIAN_POINT('',(17.212866242038,2.332954935179,
    8.164023645108));
#2078 = LINE('',#2079,#2080);
#2079 = CARTESIAN_POINT('',(17.212866242038,3.084709031808,
    7.890407530447));
#2080 = VECTOR('',#2081,1.);
#2081 = DIRECTION('',(0.,-0.939692620786,0.342020143326));
#2082 = ORIENTED_EDGE('',*,*,#2083,.T.);
#2083 = EDGE_CURVE('',#2076,#2052,#2084,.T.);
#2084 = B_SPLINE_CURVE_WITH_KNOTS('',2,(#2085,#2086,#2087),
  .UNSPECIFIED.,.F.,.F.,(3,3),(0.,1.),.PIECEWISE_BEZIER_KNOTS.);
#2085 = CARTESIAN_POINT('',(17.212866242038,2.332954935179,
    8.164023645108));
#2086 = CARTESIAN_POINT('',(17.705859872611,2.464447520218,
    8.525296553329));
#2087 = CARTESIAN_POINT('',(17.889299363057,2.639683828047,
    9.006754352157));
#2088 = ORIENTED_EDGE('',*,*,#2051,.F.);
#2089 = SURFACE_OF_LINEAR_EXTRUSION('',#2090,#2094);
#2090 = B_SPLINE_CURVE_WITH_KNOTS('',2,(#2091,#2092,#2093),
  .UNSPECIFIED.,.F.,.F.,(3,3),(0.,1.),.PIECEWISE_BEZIER_KNOTS.);
#2091 = CARTESIAN_POINT('',(17.212866242038,3.084709031808,
    7.890407530447));
#2092 = CARTESIAN_POINT('',(17.705859872611,3.216201616847,
    8.251680438668));
#2093 = CARTESIAN_POINT('',(17.889299363057,3.391437924676,
    8.733138237496));
#2094 = VECTOR('',#2095,1.);
#2095 = DIRECTION('',(-0.,0.939692620786,-0.342020143326));
#2096 = ADVANCED_FACE('',(#2097),#2115,.T.);
#2097 = FACE_BOUND('',#2098,.T.);
#2098 = EDGE_LOOP('',(#2099,#2100,#2108,#2114));
#2099 = ORIENTED_EDGE('',*,*,#814,.T.);
#2100 = ORIENTED_EDGE('',*,*,#2101,.T.);
#2101 = EDGE_CURVE('',#807,#2102,#2104,.T.);
#2102 = VERTEX_POINT('',#2103);
#2103 = CARTESIAN_POINT('',(16.29949044586,2.15449448842,7.67370759737)
  );
#2104 = LINE('',#2105,#2106);
#2105 = CARTESIAN_POINT('',(16.29949044586,2.906248585048,7.40009148271)
  );
#2106 = VECTOR('',#2107,1.);
#2107 = DIRECTION('',(0.,-0.939692620786,0.342020143326));
#2108 = ORIENTED_EDGE('',*,*,#2109,.T.);
#2109 = EDGE_CURVE('',#2102,#2076,#2110,.T.);
#2110 = B_SPLINE_CURVE_WITH_KNOTS('',2,(#2111,#2112,#2113),
  .UNSPECIFIED.,.F.,.F.,(3,3),(0.,1.),.PIECEWISE_BEZIER_KNOTS.);
#2111 = CARTESIAN_POINT('',(16.29949044586,2.15449448842,7.67370759737)
  );
#2112 = CARTESIAN_POINT('',(16.719872611465,2.20154948903,7.80299014902)
  );
#2113 = CARTESIAN_POINT('',(17.212866242038,2.332954935179,
    8.164023645108));
#2114 = ORIENTED_EDGE('',*,*,#2075,.F.);
#2115 = SURFACE_OF_LINEAR_EXTRUSION('',#2116,#2120);
#2116 = B_SPLINE_CURVE_WITH_KNOTS('',2,(#2117,#2118,#2119),
  .UNSPECIFIED.,.F.,.F.,(3,3),(0.,1.),.PIECEWISE_BEZIER_KNOTS.);
#2117 = CARTESIAN_POINT('',(16.29949044586,2.906248585048,7.40009148271)
  );
#2118 = CARTESIAN_POINT('',(16.719872611465,2.953303585659,
    7.529374034359));
#2119 = CARTESIAN_POINT('',(17.212866242038,3.084709031808,
    7.890407530447));
#2120 = VECTOR('',#2121,1.);
#2121 = DIRECTION('',(-0.,0.939692620786,-0.342020143326));
#2122 = ADVANCED_FACE('',(#2123),#2141,.T.);
#2123 = FACE_BOUND('',#2124,.T.);
#2124 = EDGE_LOOP('',(#2125,#2126,#2134,#2140));
#2125 = ORIENTED_EDGE('',*,*,#806,.T.);
#2126 = ORIENTED_EDGE('',*,*,#2127,.T.);
#2127 = EDGE_CURVE('',#792,#2128,#2130,.T.);
#2128 = VERTEX_POINT('',#2129);
#2129 = CARTESIAN_POINT('',(16.29949044586,1.819881150746,6.754365007863
    ));
#2130 = LINE('',#2131,#2132);
#2131 = CARTESIAN_POINT('',(16.29949044586,2.571635247374,6.480748893202
    ));
#2132 = VECTOR('',#2133,1.);
#2133 = DIRECTION('',(0.,-0.939692620786,0.342020143326));
#2134 = ORIENTED_EDGE('',*,*,#2135,.T.);
#2135 = EDGE_CURVE('',#2128,#2102,#2136,.T.);
#2136 = LINE('',#2137,#2138);
#2137 = CARTESIAN_POINT('',(16.29949044586,1.819881150746,6.754365007863
    ));
#2138 = VECTOR('',#2139,1.);
#2139 = DIRECTION('',(0.,0.342020143326,0.939692620786));
#2140 = ORIENTED_EDGE('',*,*,#2101,.F.);
#2141 = PLANE('',#2142);
#2142 = AXIS2_PLACEMENT_3D('',#2143,#2144,#2145);
#2143 = CARTESIAN_POINT('',(16.29949044586,2.571635247374,6.480748893202
    ));
#2144 = DIRECTION('',(-1.,0.,0.));
#2145 = DIRECTION('',(0.,0.342020143326,0.939692620786));
#2146 = ADVANCED_FACE('',(#2147),#2165,.T.);
#2147 = FACE_BOUND('',#2148,.T.);
#2148 = EDGE_LOOP('',(#2149,#2150,#2158,#2164));
#2149 = ORIENTED_EDGE('',*,*,#791,.T.);
#2150 = ORIENTED_EDGE('',*,*,#2151,.T.);
#2151 = EDGE_CURVE('',#784,#2152,#2154,.T.);
#2152 = VERTEX_POINT('',#2153);
#2153 = CARTESIAN_POINT('',(17.686751592357,2.099422709928,
    7.522399129514));
#2154 = LINE('',#2155,#2156);
#2155 = CARTESIAN_POINT('',(17.686751592357,2.851176806556,
    7.248783014853));
#2156 = VECTOR('',#2157,1.);
#2157 = DIRECTION('',(0.,-0.939692620786,0.342020143326));
#2158 = ORIENTED_EDGE('',*,*,#2159,.T.);
#2159 = EDGE_CURVE('',#2152,#2128,#2160,.T.);
#2160 = B_SPLINE_CURVE_WITH_KNOTS('',2,(#2161,#2162,#2163),
  .UNSPECIFIED.,.F.,.F.,(3,3),(0.,1.),.PIECEWISE_BEZIER_KNOTS.);
#2161 = CARTESIAN_POINT('',(17.686751592357,2.099422709928,
    7.522399129514));
#2162 = CARTESIAN_POINT('',(17.09821656051,1.910418457476,7.003114213722
    ));
#2163 = CARTESIAN_POINT('',(16.29949044586,1.819881150746,6.754365007863
    ));
#2164 = ORIENTED_EDGE('',*,*,#2127,.F.);
#2165 = SURFACE_OF_LINEAR_EXTRUSION('',#2166,#2170);
#2166 = B_SPLINE_CURVE_WITH_KNOTS('',2,(#2167,#2168,#2169),
  .UNSPECIFIED.,.F.,.F.,(3,3),(0.,1.),.PIECEWISE_BEZIER_KNOTS.);
#2167 = CARTESIAN_POINT('',(17.686751592357,2.851176806556,
    7.248783014853));
#2168 = CARTESIAN_POINT('',(17.09821656051,2.662172554104,6.729498099061
    ));
#2169 = CARTESIAN_POINT('',(16.29949044586,2.571635247374,6.480748893202
    ));
#2170 = VECTOR('',#2171,1.);
#2171 = DIRECTION('',(-0.,0.939692620786,-0.342020143326));
#2172 = ADVANCED_FACE('',(#2173),#2184,.T.);
#2173 = FACE_BOUND('',#2174,.T.);
#2174 = EDGE_LOOP('',(#2175,#2176,#2177,#2183));
#2175 = ORIENTED_EDGE('',*,*,#783,.T.);
#2176 = ORIENTED_EDGE('',*,*,#2012,.T.);
#2177 = ORIENTED_EDGE('',*,*,#2178,.T.);
#2178 = EDGE_CURVE('',#2005,#2152,#2179,.T.);
#2179 = LINE('',#2180,#2181);
#2180 = CARTESIAN_POINT('',(17.686751592357,0.71008024746,3.705212085995
    ));
#2181 = VECTOR('',#2182,1.);
#2182 = DIRECTION('',(0.,0.342020143326,0.939692620786));
#2183 = ORIENTED_EDGE('',*,*,#2151,.F.);
#2184 = PLANE('',#2185);
#2185 = AXIS2_PLACEMENT_3D('',#2186,#2187,#2188);
#2186 = CARTESIAN_POINT('',(17.686751592357,1.461834344089,
    3.431595971335));
#2187 = DIRECTION('',(-1.,0.,0.));
#2188 = DIRECTION('',(0.,0.342020143326,0.939692620786));
#2189 = ADVANCED_FACE('',(#2190),#2215,.T.);
#2190 = FACE_BOUND('',#2191,.T.);
#2191 = EDGE_LOOP('',(#2192,#2193,#2201,#2209));
#2192 = ORIENTED_EDGE('',*,*,#861,.T.);
#2193 = ORIENTED_EDGE('',*,*,#2194,.T.);
#2194 = EDGE_CURVE('',#864,#2195,#2197,.T.);
#2195 = VERTEX_POINT('',#2196);
#2196 = CARTESIAN_POINT('',(14.830955414013,0.71008024746,3.705212085995
    ));
#2197 = LINE('',#2198,#2199);
#2198 = CARTESIAN_POINT('',(14.830955414013,1.461834344089,
    3.431595971335));
#2199 = VECTOR('',#2200,1.);
#2200 = DIRECTION('',(0.,-0.939692620786,0.342020143326));
#2201 = ORIENTED_EDGE('',*,*,#2202,.T.);
#2202 = EDGE_CURVE('',#2195,#2203,#2205,.T.);
#2203 = VERTEX_POINT('',#2204);
#2204 = CARTESIAN_POINT('',(13.757070063694,0.71008024746,3.705212085995
    ));
#2205 = LINE('',#2206,#2207);
#2206 = CARTESIAN_POINT('',(14.830955414013,0.71008024746,3.705212085995
    ));
#2207 = VECTOR('',#2208,1.);
#2208 = DIRECTION('',(-1.,0.,0.));
#2209 = ORIENTED_EDGE('',*,*,#2210,.F.);
#2210 = EDGE_CURVE('',#862,#2203,#2211,.T.);
#2211 = LINE('',#2212,#2213);
#2212 = CARTESIAN_POINT('',(13.757070063694,1.461834344089,
    3.431595971335));
#2213 = VECTOR('',#2214,1.);
#2214 = DIRECTION('',(0.,-0.939692620786,0.342020143326));
#2215 = PLANE('',#2216);
#2216 = AXIS2_PLACEMENT_3D('',#2217,#2218,#2219);
#2217 = CARTESIAN_POINT('',(14.830955414013,1.461834344089,
    3.431595971335));
#2218 = DIRECTION('',(0.,-0.342020143326,-0.939692620786));
#2219 = DIRECTION('',(-1.,0.,0.));
#2220 = ADVANCED_FACE('',(#2221),#2239,.T.);
#2221 = FACE_BOUND('',#2222,.T.);
#2222 = EDGE_LOOP('',(#2223,#2224,#2232,#2238));
#2223 = ORIENTED_EDGE('',*,*,#941,.T.);
#2224 = ORIENTED_EDGE('',*,*,#2225,.T.);
#2225 = EDGE_CURVE('',#934,#2226,#2228,.T.);
#2226 = VERTEX_POINT('',#2227);
#2227 = CARTESIAN_POINT('',(14.830955414013,2.639683828047,
    9.006754352157));
#2228 = LINE('',#2229,#2230);
#2229 = CARTESIAN_POINT('',(14.830955414013,3.391437924676,
    8.733138237496));
#2230 = VECTOR('',#2231,1.);
#2231 = DIRECTION('',(0.,-0.939692620786,0.342020143326));
#2232 = ORIENTED_EDGE('',*,*,#2233,.T.);
#2233 = EDGE_CURVE('',#2226,#2195,#2234,.T.);
#2234 = LINE('',#2235,#2236);
#2235 = CARTESIAN_POINT('',(14.830955414013,2.639683828047,
    9.006754352157));
#2236 = VECTOR('',#2237,1.);
#2237 = DIRECTION('',(0.,-0.342020143326,-0.939692620786));
#2238 = ORIENTED_EDGE('',*,*,#2194,.F.);
#2239 = PLANE('',#2240);
#2240 = AXIS2_PLACEMENT_3D('',#2241,#2242,#2243);
#2241 = CARTESIAN_POINT('',(14.830955414013,3.391437924676,
    8.733138237496));
#2242 = DIRECTION('',(1.,0.,0.));
#2243 = DIRECTION('',(0.,-0.342020143326,-0.939692620786));
#2244 = ADVANCED_FACE('',(#2245),#2263,.T.);
#2245 = FACE_BOUND('',#2246,.T.);
#2246 = EDGE_LOOP('',(#2247,#2248,#2256,#2262));
#2247 = ORIENTED_EDGE('',*,*,#933,.T.);
#2248 = ORIENTED_EDGE('',*,*,#2249,.T.);
#2249 = EDGE_CURVE('',#915,#2250,#2252,.T.);
#2250 = VERTEX_POINT('',#2251);
#2251 = CARTESIAN_POINT('',(13.959617834395,2.639683828047,
    9.006754352157));
#2252 = LINE('',#2253,#2254);
#2253 = CARTESIAN_POINT('',(13.959617834395,3.391437924676,
    8.733138237496));
#2254 = VECTOR('',#2255,1.);
#2255 = DIRECTION('',(0.,-0.939692620786,0.342020143326));
#2256 = ORIENTED_EDGE('',*,*,#2257,.T.);
#2257 = EDGE_CURVE('',#2250,#2226,#2258,.T.);
#2258 = LINE('',#2259,#2260);
#2259 = CARTESIAN_POINT('',(13.959617834395,2.639683828047,
    9.006754352157));
#2260 = VECTOR('',#2261,1.);
#2261 = DIRECTION('',(1.,0.,0.));
#2262 = ORIENTED_EDGE('',*,*,#2225,.F.);
#2263 = PLANE('',#2264);
#2264 = AXIS2_PLACEMENT_3D('',#2265,#2266,#2267);
#2265 = CARTESIAN_POINT('',(13.959617834395,3.391437924676,
    8.733138237496));
#2266 = DIRECTION('',(0.,0.342020143326,0.939692620786));
#2267 = DIRECTION('',(1.,0.,0.));
#2268 = ADVANCED_FACE('',(#2269),#2287,.T.);
#2269 = FACE_BOUND('',#2270,.T.);
#2270 = EDGE_LOOP('',(#2271,#2272,#2280,#2286));
#2271 = ORIENTED_EDGE('',*,*,#914,.T.);
#2272 = ORIENTED_EDGE('',*,*,#2273,.T.);
#2273 = EDGE_CURVE('',#903,#2274,#2276,.T.);
#2274 = VERTEX_POINT('',#2275);
#2275 = CARTESIAN_POINT('',(13.283184713376,2.332954935179,
    8.164023645108));
#2276 = LINE('',#2277,#2278);
#2277 = CARTESIAN_POINT('',(13.283184713376,3.084709031808,
    7.890407530447));
#2278 = VECTOR('',#2279,1.);
#2279 = DIRECTION('',(0.,-0.939692620786,0.342020143326));
#2280 = ORIENTED_EDGE('',*,*,#2281,.T.);
#2281 = EDGE_CURVE('',#2274,#2250,#2282,.T.);
#2282 = B_SPLINE_CURVE_WITH_KNOTS('',2,(#2283,#2284,#2285),
  .UNSPECIFIED.,.F.,.F.,(3,3),(0.,1.),.PIECEWISE_BEZIER_KNOTS.);
#2283 = CARTESIAN_POINT('',(13.283184713376,2.332954935179,
    8.164023645108));
#2284 = CARTESIAN_POINT('',(13.776178343949,2.464447520218,
    8.525296553329));
#2285 = CARTESIAN_POINT('',(13.959617834395,2.639683828047,
    9.006754352157));
#2286 = ORIENTED_EDGE('',*,*,#2249,.F.);
#2287 = SURFACE_OF_LINEAR_EXTRUSION('',#2288,#2292);
#2288 = B_SPLINE_CURVE_WITH_KNOTS('',2,(#2289,#2290,#2291),
  .UNSPECIFIED.,.F.,.F.,(3,3),(0.,1.),.PIECEWISE_BEZIER_KNOTS.);
#2289 = CARTESIAN_POINT('',(13.283184713376,3.084709031808,
    7.890407530447));
#2290 = CARTESIAN_POINT('',(13.776178343949,3.216201616847,
    8.251680438668));
#2291 = CARTESIAN_POINT('',(13.959617834395,3.391437924676,
    8.733138237496));
#2292 = VECTOR('',#2293,1.);
#2293 = DIRECTION('',(-0.,0.939692620786,-0.342020143326));
#2294 = ADVANCED_FACE('',(#2295),#2313,.T.);
#2295 = FACE_BOUND('',#2296,.T.);
#2296 = EDGE_LOOP('',(#2297,#2298,#2306,#2312));
#2297 = ORIENTED_EDGE('',*,*,#902,.T.);
#2298 = ORIENTED_EDGE('',*,*,#2299,.T.);
#2299 = EDGE_CURVE('',#895,#2300,#2302,.T.);
#2300 = VERTEX_POINT('',#2301);
#2301 = CARTESIAN_POINT('',(12.369808917197,2.15449448842,7.67370759737)
  );
#2302 = LINE('',#2303,#2304);
#2303 = CARTESIAN_POINT('',(12.369808917197,2.906248585048,7.40009148271
    ));
#2304 = VECTOR('',#2305,1.);
#2305 = DIRECTION('',(0.,-0.939692620786,0.342020143326));
#2306 = ORIENTED_EDGE('',*,*,#2307,.T.);
#2307 = EDGE_CURVE('',#2300,#2274,#2308,.T.);
#2308 = B_SPLINE_CURVE_WITH_KNOTS('',2,(#2309,#2310,#2311),
  .UNSPECIFIED.,.F.,.F.,(3,3),(0.,1.),.PIECEWISE_BEZIER_KNOTS.);
#2309 = CARTESIAN_POINT('',(12.369808917197,2.15449448842,7.67370759737)
  );
#2310 = CARTESIAN_POINT('',(12.790191082803,2.20154948903,7.80299014902)
  );
#2311 = CARTESIAN_POINT('',(13.283184713376,2.332954935179,
    8.164023645108));
#2312 = ORIENTED_EDGE('',*,*,#2273,.F.);
#2313 = SURFACE_OF_LINEAR_EXTRUSION('',#2314,#2318);
#2314 = B_SPLINE_CURVE_WITH_KNOTS('',2,(#2315,#2316,#2317),
  .UNSPECIFIED.,.F.,.F.,(3,3),(0.,1.),.PIECEWISE_BEZIER_KNOTS.);
#2315 = CARTESIAN_POINT('',(12.369808917197,2.906248585048,7.40009148271
    ));
#2316 = CARTESIAN_POINT('',(12.790191082803,2.953303585659,
    7.529374034359));
#2317 = CARTESIAN_POINT('',(13.283184713376,3.084709031808,
    7.890407530447));
#2318 = VECTOR('',#2319,1.);
#2319 = DIRECTION('',(-0.,0.939692620786,-0.342020143326));
#2320 = ADVANCED_FACE('',(#2321),#2339,.T.);
#2321 = FACE_BOUND('',#2322,.T.);
#2322 = EDGE_LOOP('',(#2323,#2324,#2332,#2338));
#2323 = ORIENTED_EDGE('',*,*,#894,.T.);
#2324 = ORIENTED_EDGE('',*,*,#2325,.T.);
#2325 = EDGE_CURVE('',#880,#2326,#2328,.T.);
#2326 = VERTEX_POINT('',#2327);
#2327 = CARTESIAN_POINT('',(12.369808917197,1.819881150746,
    6.754365007863));
#2328 = LINE('',#2329,#2330);
#2329 = CARTESIAN_POINT('',(12.369808917197,2.571635247374,
    6.480748893202));
#2330 = VECTOR('',#2331,1.);
#2331 = DIRECTION('',(0.,-0.939692620786,0.342020143326));
#2332 = ORIENTED_EDGE('',*,*,#2333,.T.);
#2333 = EDGE_CURVE('',#2326,#2300,#2334,.T.);
#2334 = LINE('',#2335,#2336);
#2335 = CARTESIAN_POINT('',(12.369808917197,1.819881150746,
    6.754365007863));
#2336 = VECTOR('',#2337,1.);
#2337 = DIRECTION('',(0.,0.342020143326,0.939692620786));
#2338 = ORIENTED_EDGE('',*,*,#2299,.F.);
#2339 = PLANE('',#2340);
#2340 = AXIS2_PLACEMENT_3D('',#2341,#2342,#2343);
#2341 = CARTESIAN_POINT('',(12.369808917197,2.571635247374,
    6.480748893202));
#2342 = DIRECTION('',(-1.,0.,0.));
#2343 = DIRECTION('',(0.,0.342020143326,0.939692620786));
#2344 = ADVANCED_FACE('',(#2345),#2363,.T.);
#2345 = FACE_BOUND('',#2346,.T.);
#2346 = EDGE_LOOP('',(#2347,#2348,#2356,#2362));
#2347 = ORIENTED_EDGE('',*,*,#879,.T.);
#2348 = ORIENTED_EDGE('',*,*,#2349,.T.);
#2349 = EDGE_CURVE('',#872,#2350,#2352,.T.);
#2350 = VERTEX_POINT('',#2351);
#2351 = CARTESIAN_POINT('',(13.757070063694,2.099422709928,
    7.522399129514));
#2352 = LINE('',#2353,#2354);
#2353 = CARTESIAN_POINT('',(13.757070063694,2.851176806556,
    7.248783014853));
#2354 = VECTOR('',#2355,1.);
#2355 = DIRECTION('',(0.,-0.939692620786,0.342020143326));
#2356 = ORIENTED_EDGE('',*,*,#2357,.T.);
#2357 = EDGE_CURVE('',#2350,#2326,#2358,.T.);
#2358 = B_SPLINE_CURVE_WITH_KNOTS('',2,(#2359,#2360,#2361),
  .UNSPECIFIED.,.F.,.F.,(3,3),(0.,1.),.PIECEWISE_BEZIER_KNOTS.);
#2359 = CARTESIAN_POINT('',(13.757070063694,2.099422709928,
    7.522399129514));
#2360 = CARTESIAN_POINT('',(13.168535031847,1.910418457476,
    7.003114213722));
#2361 = CARTESIAN_POINT('',(12.369808917197,1.819881150746,
    6.754365007863));
#2362 = ORIENTED_EDGE('',*,*,#2325,.F.);
#2363 = SURFACE_OF_LINEAR_EXTRUSION('',#2364,#2368);
#2364 = B_SPLINE_CURVE_WITH_KNOTS('',2,(#2365,#2366,#2367),
  .UNSPECIFIED.,.F.,.F.,(3,3),(0.,1.),.PIECEWISE_BEZIER_KNOTS.);
#2365 = CARTESIAN_POINT('',(13.757070063694,2.851176806556,
    7.248783014853));
#2366 = CARTESIAN_POINT('',(13.168535031847,2.662172554104,
    6.729498099061));
#2367 = CARTESIAN_POINT('',(12.369808917197,2.571635247374,
    6.480748893202));
#2368 = VECTOR('',#2369,1.);
#2369 = DIRECTION('',(-0.,0.939692620786,-0.342020143326));
#2370 = ADVANCED_FACE('',(#2371),#2382,.T.);
#2371 = FACE_BOUND('',#2372,.T.);
#2372 = EDGE_LOOP('',(#2373,#2374,#2375,#2381));
#2373 = ORIENTED_EDGE('',*,*,#871,.T.);
#2374 = ORIENTED_EDGE('',*,*,#2210,.T.);
#2375 = ORIENTED_EDGE('',*,*,#2376,.T.);
#2376 = EDGE_CURVE('',#2203,#2350,#2377,.T.);
#2377 = LINE('',#2378,#2379);
#2378 = CARTESIAN_POINT('',(13.757070063694,0.71008024746,3.705212085995
    ));
#2379 = VECTOR('',#2380,1.);
#2380 = DIRECTION('',(0.,0.342020143326,0.939692620786));
#2381 = ORIENTED_EDGE('',*,*,#2349,.F.);
#2382 = PLANE('',#2383);
#2383 = AXIS2_PLACEMENT_3D('',#2384,#2385,#2386);
#2384 = CARTESIAN_POINT('',(13.757070063694,1.461834344089,
    3.431595971335));
#2385 = DIRECTION('',(-1.,0.,0.));
#2386 = DIRECTION('',(0.,0.342020143326,0.939692620786));
#2387 = ADVANCED_FACE('',(#2388),#2413,.F.);
#2388 = FACE_BOUND('',#2389,.F.);
#2389 = EDGE_LOOP('',(#2390,#2398,#2406,#2412));
#2390 = ORIENTED_EDGE('',*,*,#2391,.F.);
#2391 = EDGE_CURVE('',#2392,#284,#2394,.T.);
#2392 = VERTEX_POINT('',#2393);
#2393 = CARTESIAN_POINT('',(47.,18.9,0.));
#2394 = LINE('',#2395,#2396);
#2395 = CARTESIAN_POINT('',(47.,18.9,0.));
#2396 = VECTOR('',#2397,1.);
#2397 = DIRECTION('',(-0.971520338783,-0.236956180191,0.));
#2398 = ORIENTED_EDGE('',*,*,#2399,.T.);
#2399 = EDGE_CURVE('',#2392,#2400,#2402,.T.);
#2400 = VERTEX_POINT('',#2401);
#2401 = CARTESIAN_POINT('',(47.,18.9,10.));
#2402 = LINE('',#2403,#2404);
#2403 = CARTESIAN_POINT('',(47.,18.9,0.));
#2404 = VECTOR('',#2405,1.);
#2405 = DIRECTION('',(0.,0.,1.));
#2406 = ORIENTED_EDGE('',*,*,#2407,.T.);
#2407 = EDGE_CURVE('',#2400,#95,#2408,.T.);
#2408 = LINE('',#2409,#2410);
#2409 = CARTESIAN_POINT('',(47.,18.9,10.));
#2410 = VECTOR('',#2411,1.);
#2411 = DIRECTION('',(-0.971520338783,-0.236956180191,0.));
#2412 = ORIENTED_EDGE('',*,*,#1024,.T.);
#2413 = PLANE('',#2414);
#2414 = AXIS2_PLACEMENT_3D('',#2415,#2416,#2417);
#2415 = CARTESIAN_POINT('',(47.,18.9,0.));
#2416 = DIRECTION('',(0.236956180191,-0.971520338783,0.));
#2417 = DIRECTION('',(-0.971520338783,-0.236956180191,0.));
#2418 = ADVANCED_FACE('',(#2419),#2437,.T.);
#2419 = FACE_BOUND('',#2420,.T.);
#2420 = EDGE_LOOP('',(#2421,#2422,#2430,#2436));
#2421 = ORIENTED_EDGE('',*,*,#1041,.F.);
#2422 = ORIENTED_EDGE('',*,*,#2423,.T.);
#2423 = EDGE_CURVE('',#71,#2424,#2426,.T.);
#2424 = VERTEX_POINT('',#2425);
#2425 = CARTESIAN_POINT('',(47.,12.9,10.));
#2426 = LINE('',#2427,#2428);
#2427 = CARTESIAN_POINT('',(42.9,13.9,10.));
#2428 = VECTOR('',#2429,1.);
#2429 = DIRECTION('',(0.971520338783,-0.236956180191,0.));
#2430 = ORIENTED_EDGE('',*,*,#2431,.T.);
#2431 = EDGE_CURVE('',#2424,#2400,#2432,.T.);
#2432 = LINE('',#2433,#2434);
#2433 = CARTESIAN_POINT('',(47.,12.9,10.));
#2434 = VECTOR('',#2435,1.);
#2435 = DIRECTION('',(0.,1.,0.));
#2436 = ORIENTED_EDGE('',*,*,#2407,.T.);
#2437 = PLANE('',#2438);
#2438 = AXIS2_PLACEMENT_3D('',#2439,#2440,#2441);
#2439 = CARTESIAN_POINT('',(45.172338161771,15.9,10.));
#2440 = DIRECTION('',(0.,0.,1.));
#2441 = DIRECTION('',(1.,0.,0.));
#2442 = ADVANCED_FACE('',(#2443),#2461,.F.);
#2443 = FACE_BOUND('',#2444,.F.);
#2444 = EDGE_LOOP('',(#2445,#2453,#2454,#2455));
#2445 = ORIENTED_EDGE('',*,*,#2446,.F.);
#2446 = EDGE_CURVE('',#260,#2447,#2449,.T.);
#2447 = VERTEX_POINT('',#2448);
#2448 = CARTESIAN_POINT('',(47.,12.9,0.));
#2449 = LINE('',#2450,#2451);
#2450 = CARTESIAN_POINT('',(42.9,13.9,0.));
#2451 = VECTOR('',#2452,1.);
#2452 = DIRECTION('',(0.971520338783,-0.236956180191,0.));
#2453 = ORIENTED_EDGE('',*,*,#1060,.T.);
#2454 = ORIENTED_EDGE('',*,*,#2423,.T.);
#2455 = ORIENTED_EDGE('',*,*,#2456,.F.);
#2456 = EDGE_CURVE('',#2447,#2424,#2457,.T.);
#2457 = LINE('',#2458,#2459);
#2458 = CARTESIAN_POINT('',(47.,12.9,0.));
#2459 = VECTOR('',#2460,1.);
#2460 = DIRECTION('',(0.,0.,1.));
#2461 = PLANE('',#2462);
#2462 = AXIS2_PLACEMENT_3D('',#2463,#2464,#2465);
#2463 = CARTESIAN_POINT('',(42.9,13.9,0.));
#2464 = DIRECTION('',(0.236956180191,0.971520338783,0.));
#2465 = DIRECTION('',(0.971520338783,-0.236956180191,0.));
#2466 = ADVANCED_FACE('',(#2467),#2493,.T.);
#2467 = FACE_BOUND('',#2468,.T.);
#2468 = EDGE_LOOP('',(#2469,#2477,#2478,#2486));
#2469 = ORIENTED_EDGE('',*,*,#2470,.F.);
#2470 = EDGE_CURVE('',#1075,#2471,#2473,.T.);
#2471 = VERTEX_POINT('',#2472);
#2472 = CARTESIAN_POINT('',(18.185,36.275,21.));
#2473 = LINE('',#2474,#2475);
#2474 = CARTESIAN_POINT('',(18.185,36.525,20.75));
#2475 = VECTOR('',#2476,1.);
#2476 = DIRECTION('',(-2.90882763039E-35,-0.707106781187,0.707106781187)
  );
#2477 = ORIENTED_EDGE('',*,*,#1091,.T.);
#2478 = ORIENTED_EDGE('',*,*,#2479,.T.);
#2479 = EDGE_CURVE('',#1084,#2480,#2482,.T.);
#2480 = VERTEX_POINT('',#2481);
#2481 = CARTESIAN_POINT('',(18.085,36.175,21.));
#2482 = LINE('',#2483,#2484);
#2483 = CARTESIAN_POINT('',(17.585,36.175,20.5));
#2484 = VECTOR('',#2485,1.);
#2485 = DIRECTION('',(0.707106781187,-4.329780281177E-17,0.707106781187)
  );
#2486 = ORIENTED_EDGE('',*,*,#2487,.F.);
#2487 = EDGE_CURVE('',#2471,#2480,#2488,.T.);
#2488 = CIRCLE('',#2489,1.E-01);
#2489 = AXIS2_PLACEMENT_3D('',#2490,#2491,#2492);
#2490 = CARTESIAN_POINT('',(18.185,36.175,21.));
#2491 = DIRECTION('',(0.,-0.,1.));
#2492 = DIRECTION('',(0.,1.,0.));
#2493 = CONICAL_SURFACE('',#2494,0.6,0.785398163397);
#2494 = AXIS2_PLACEMENT_3D('',#2495,#2496,#2497);
#2495 = CARTESIAN_POINT('',(18.185,36.175,20.5));
#2496 = DIRECTION('',(-0.,-0.,-1.));
#2497 = DIRECTION('',(0.,1.,0.));
#2498 = ADVANCED_FACE('',(#2499),#2517,.F.);
#2499 = FACE_BOUND('',#2500,.T.);
#2500 = EDGE_LOOP('',(#2501,#2509,#2510,#2511));
#2501 = ORIENTED_EDGE('',*,*,#2502,.F.);
#2502 = EDGE_CURVE('',#1108,#2503,#2505,.T.);
#2503 = VERTEX_POINT('',#2504);
#2504 = CARTESIAN_POINT('',(24.815,36.275,21.));
#2505 = LINE('',#2506,#2507);
#2506 = CARTESIAN_POINT('',(24.815,36.525,20.75));
#2507 = VECTOR('',#2508,1.);
#2508 = DIRECTION('',(-2.90882763039E-35,-0.707106781187,0.707106781187)
  );
#2509 = ORIENTED_EDGE('',*,*,#1115,.T.);
#2510 = ORIENTED_EDGE('',*,*,#2470,.T.);
#2511 = ORIENTED_EDGE('',*,*,#2512,.F.);
#2512 = EDGE_CURVE('',#2503,#2471,#2513,.T.);
#2513 = LINE('',#2514,#2515);
#2514 = CARTESIAN_POINT('',(24.815,36.275,21.));
#2515 = VECTOR('',#2516,1.);
#2516 = DIRECTION('',(-1.,0.,0.));
#2517 = PLANE('',#2518);
#2518 = AXIS2_PLACEMENT_3D('',#2519,#2520,#2521);
#2519 = CARTESIAN_POINT('',(24.815,36.525,20.75));
#2520 = DIRECTION('',(-1.889513820523E-18,-0.707106781187,
    -0.707106781187));
#2521 = DIRECTION('',(1.,-1.336088035637E-18,-1.336088035637E-18));
#2522 = ADVANCED_FACE('',(#2523),#2541,.F.);
#2523 = FACE_BOUND('',#2524,.T.);
#2524 = EDGE_LOOP('',(#2525,#2526,#2527,#2535));
#2525 = ORIENTED_EDGE('',*,*,#2479,.F.);
#2526 = ORIENTED_EDGE('',*,*,#1132,.T.);
#2527 = ORIENTED_EDGE('',*,*,#2528,.T.);
#2528 = EDGE_CURVE('',#1133,#2529,#2531,.T.);
#2529 = VERTEX_POINT('',#2530);
#2530 = CARTESIAN_POINT('',(18.085,29.545,21.));
#2531 = LINE('',#2532,#2533);
#2532 = CARTESIAN_POINT('',(17.835,29.545,20.75));
#2533 = VECTOR('',#2534,1.);
#2534 = DIRECTION('',(0.707106781187,-2.90882763039E-35,0.707106781187)
  );
#2535 = ORIENTED_EDGE('',*,*,#2536,.F.);
#2536 = EDGE_CURVE('',#2480,#2529,#2537,.T.);
#2537 = LINE('',#2538,#2539);
#2538 = CARTESIAN_POINT('',(18.085,36.175,21.));
#2539 = VECTOR('',#2540,1.);
#2540 = DIRECTION('',(0.,-1.,0.));
#2541 = PLANE('',#2542);
#2542 = AXIS2_PLACEMENT_3D('',#2543,#2544,#2545);
#2543 = CARTESIAN_POINT('',(17.835,36.175,20.75));
#2544 = DIRECTION('',(0.707106781187,1.889513820523E-18,-0.707106781187)
  );
#2545 = DIRECTION('',(-1.336088035637E-18,1.,1.336088035637E-18));
#2546 = ADVANCED_FACE('',(#2547),#2566,.T.);
#2547 = FACE_BOUND('',#2548,.T.);
#2548 = EDGE_LOOP('',(#2549,#2557,#2558,#2559));
#2549 = ORIENTED_EDGE('',*,*,#2550,.F.);
#2550 = EDGE_CURVE('',#1157,#2551,#2553,.T.);
#2551 = VERTEX_POINT('',#2552);
#2552 = CARTESIAN_POINT('',(24.915,36.175,21.));
#2553 = LINE('',#2554,#2555);
#2554 = CARTESIAN_POINT('',(25.165,36.175,20.75));
#2555 = VECTOR('',#2556,1.);
#2556 = DIRECTION('',(-0.707106781187,2.90882763039E-35,0.707106781187)
  );
#2557 = ORIENTED_EDGE('',*,*,#1164,.T.);
#2558 = ORIENTED_EDGE('',*,*,#2502,.T.);
#2559 = ORIENTED_EDGE('',*,*,#2560,.F.);
#2560 = EDGE_CURVE('',#2551,#2503,#2561,.T.);
#2561 = CIRCLE('',#2562,1.E-01);
#2562 = AXIS2_PLACEMENT_3D('',#2563,#2564,#2565);
#2563 = CARTESIAN_POINT('',(24.815,36.175,21.));
#2564 = DIRECTION('',(0.,0.,1.));
#2565 = DIRECTION('',(1.,0.,0.));
#2566 = CONICAL_SURFACE('',#2567,0.6,0.785398163397);
#2567 = AXIS2_PLACEMENT_3D('',#2568,#2569,#2570);
#2568 = CARTESIAN_POINT('',(24.815,36.175,20.5));
#2569 = DIRECTION('',(-0.,-0.,-1.));
#2570 = DIRECTION('',(1.,0.,0.));
#2571 = ADVANCED_FACE('',(#2572),#2591,.T.);
#2572 = FACE_BOUND('',#2573,.T.);
#2573 = EDGE_LOOP('',(#2574,#2575,#2576,#2584));
#2574 = ORIENTED_EDGE('',*,*,#2528,.F.);
#2575 = ORIENTED_EDGE('',*,*,#1189,.T.);
#2576 = ORIENTED_EDGE('',*,*,#2577,.T.);
#2577 = EDGE_CURVE('',#1182,#2578,#2580,.T.);
#2578 = VERTEX_POINT('',#2579);
#2579 = CARTESIAN_POINT('',(18.185,29.445,21.));
#2580 = LINE('',#2581,#2582);
#2581 = CARTESIAN_POINT('',(18.185,28.945,20.5));
#2582 = VECTOR('',#2583,1.);
#2583 = DIRECTION('',(4.329780281177E-17,0.707106781187,0.707106781187)
  );
#2584 = ORIENTED_EDGE('',*,*,#2585,.F.);
#2585 = EDGE_CURVE('',#2529,#2578,#2586,.T.);
#2586 = CIRCLE('',#2587,1.E-01);
#2587 = AXIS2_PLACEMENT_3D('',#2588,#2589,#2590);
#2588 = CARTESIAN_POINT('',(18.185,29.545,21.));
#2589 = DIRECTION('',(0.,0.,1.));
#2590 = DIRECTION('',(-1.,0.,0.));
#2591 = CONICAL_SURFACE('',#2592,0.6,0.785398163397);
#2592 = AXIS2_PLACEMENT_3D('',#2593,#2594,#2595);
#2593 = CARTESIAN_POINT('',(18.185,29.545,20.5));
#2594 = DIRECTION('',(-0.,-0.,-1.));
#2595 = DIRECTION('',(-1.,0.,0.));
#2596 = ADVANCED_FACE('',(#2597),#2615,.F.);
#2597 = FACE_BOUND('',#2598,.T.);
#2598 = EDGE_LOOP('',(#2599,#2607,#2608,#2609));
#2599 = ORIENTED_EDGE('',*,*,#2600,.F.);
#2600 = EDGE_CURVE('',#1206,#2601,#2603,.T.);
#2601 = VERTEX_POINT('',#2602);
#2602 = CARTESIAN_POINT('',(24.915,29.545,21.));
#2603 = LINE('',#2604,#2605);
#2604 = CARTESIAN_POINT('',(25.415,29.545,20.5));
#2605 = VECTOR('',#2606,1.);
#2606 = DIRECTION('',(-0.707106781187,4.329780281177E-17,0.707106781187)
  );
#2607 = ORIENTED_EDGE('',*,*,#1213,.T.);
#2608 = ORIENTED_EDGE('',*,*,#2550,.T.);
#2609 = ORIENTED_EDGE('',*,*,#2610,.F.);
#2610 = EDGE_CURVE('',#2601,#2551,#2611,.T.);
#2611 = LINE('',#2612,#2613);
#2612 = CARTESIAN_POINT('',(24.915,29.545,21.));
#2613 = VECTOR('',#2614,1.);
#2614 = DIRECTION('',(0.,1.,0.));
#2615 = PLANE('',#2616);
#2616 = AXIS2_PLACEMENT_3D('',#2617,#2618,#2619);
#2617 = CARTESIAN_POINT('',(25.165,29.545,20.75));
#2618 = DIRECTION('',(-0.707106781187,-1.889513820523E-18,
    -0.707106781187));
#2619 = DIRECTION('',(1.336088035637E-18,-1.,1.336088035637E-18));
#2620 = ADVANCED_FACE('',(#2621),#2639,.F.);
#2621 = FACE_BOUND('',#2622,.T.);
#2622 = EDGE_LOOP('',(#2623,#2624,#2625,#2633));
#2623 = ORIENTED_EDGE('',*,*,#2577,.F.);
#2624 = ORIENTED_EDGE('',*,*,#1230,.T.);
#2625 = ORIENTED_EDGE('',*,*,#2626,.T.);
#2626 = EDGE_CURVE('',#1231,#2627,#2629,.T.);
#2627 = VERTEX_POINT('',#2628);
#2628 = CARTESIAN_POINT('',(24.815,29.445,21.));
#2629 = LINE('',#2630,#2631);
#2630 = CARTESIAN_POINT('',(24.815,29.195,20.75));
#2631 = VECTOR('',#2632,1.);
#2632 = DIRECTION('',(2.90882763039E-35,0.707106781187,0.707106781187));
#2633 = ORIENTED_EDGE('',*,*,#2634,.F.);
#2634 = EDGE_CURVE('',#2578,#2627,#2635,.T.);
#2635 = LINE('',#2636,#2637);
#2636 = CARTESIAN_POINT('',(18.185,29.445,21.));
#2637 = VECTOR('',#2638,1.);
#2638 = DIRECTION('',(1.,0.,0.));
#2639 = PLANE('',#2640);
#2640 = AXIS2_PLACEMENT_3D('',#2641,#2642,#2643);
#2641 = CARTESIAN_POINT('',(18.185,29.195,20.75));
#2642 = DIRECTION('',(1.889513820523E-18,0.707106781187,-0.707106781187)
  );
#2643 = DIRECTION('',(-1.,1.336088035637E-18,-1.336088035637E-18));
#2644 = ADVANCED_FACE('',(#2645),#2657,.T.);
#2645 = FACE_BOUND('',#2646,.T.);
#2646 = EDGE_LOOP('',(#2647,#2648,#2649,#2650));
#2647 = ORIENTED_EDGE('',*,*,#2626,.F.);
#2648 = ORIENTED_EDGE('',*,*,#1255,.T.);
#2649 = ORIENTED_EDGE('',*,*,#2600,.T.);
#2650 = ORIENTED_EDGE('',*,*,#2651,.F.);
#2651 = EDGE_CURVE('',#2627,#2601,#2652,.T.);
#2652 = CIRCLE('',#2653,1.E-01);
#2653 = AXIS2_PLACEMENT_3D('',#2654,#2655,#2656);
#2654 = CARTESIAN_POINT('',(24.815,29.545,21.));
#2655 = DIRECTION('',(-0.,0.,1.));
#2656 = DIRECTION('',(0.,-1.,0.));
#2657 = CONICAL_SURFACE('',#2658,0.6,0.785398163397);
#2658 = AXIS2_PLACEMENT_3D('',#2659,#2660,#2661);
#2659 = CARTESIAN_POINT('',(24.815,29.545,20.5));
#2660 = DIRECTION('',(-0.,-0.,-1.));
#2661 = DIRECTION('',(0.,-1.,0.));
#2662 = ADVANCED_FACE('',(#2663),#2674,.F.);
#2663 = FACE_BOUND('',#2664,.F.);
#2664 = EDGE_LOOP('',(#2665,#2666,#2667,#2673));
#2665 = ORIENTED_EDGE('',*,*,#1271,.F.);
#2666 = ORIENTED_EDGE('',*,*,#2446,.T.);
#2667 = ORIENTED_EDGE('',*,*,#2668,.T.);
#2668 = EDGE_CURVE('',#2447,#2392,#2669,.T.);
#2669 = LINE('',#2670,#2671);
#2670 = CARTESIAN_POINT('',(47.,12.9,0.));
#2671 = VECTOR('',#2672,1.);
#2672 = DIRECTION('',(0.,1.,0.));
#2673 = ORIENTED_EDGE('',*,*,#2391,.T.);
#2674 = PLANE('',#2675);
#2675 = AXIS2_PLACEMENT_3D('',#2676,#2677,#2678);
#2676 = CARTESIAN_POINT('',(45.172338161771,15.9,0.));
#2677 = DIRECTION('',(0.,0.,1.));
#2678 = DIRECTION('',(1.,0.,0.));
#2679 = ADVANCED_FACE('',(#2680,#2698),#2764,.T.);
#2680 = FACE_BOUND('',#2681,.T.);
#2681 = EDGE_LOOP('',(#2682,#2683,#2684,#2685,#2686,#2687,#2688,#2689,
    #2690,#2691,#2692,#2693,#2694,#2695,#2696,#2697));
#2682 = ORIENTED_EDGE('',*,*,#1296,.F.);
#2683 = ORIENTED_EDGE('',*,*,#1327,.F.);
#2684 = ORIENTED_EDGE('',*,*,#1353,.F.);
#2685 = ORIENTED_EDGE('',*,*,#1379,.F.);
#2686 = ORIENTED_EDGE('',*,*,#1405,.F.);
#2687 = ORIENTED_EDGE('',*,*,#1431,.F.);
#2688 = ORIENTED_EDGE('',*,*,#1457,.F.);
#2689 = ORIENTED_EDGE('',*,*,#1483,.F.);
#2690 = ORIENTED_EDGE('',*,*,#1509,.F.);
#2691 = ORIENTED_EDGE('',*,*,#1535,.F.);
#2692 = ORIENTED_EDGE('',*,*,#1561,.F.);
#2693 = ORIENTED_EDGE('',*,*,#1587,.F.);
#2694 = ORIENTED_EDGE('',*,*,#1613,.F.);
#2695 = ORIENTED_EDGE('',*,*,#1639,.F.);
#2696 = ORIENTED_EDGE('',*,*,#1665,.F.);
#2697 = ORIENTED_EDGE('',*,*,#1684,.F.);
#2698 = FACE_BOUND('',#2699,.T.);
#2699 = EDGE_LOOP('',(#2700,#2710,#2718,#2726,#2734,#2742,#2750,#2758));
#2700 = ORIENTED_EDGE('',*,*,#2701,.F.);
#2701 = EDGE_CURVE('',#2702,#2704,#2706,.T.);
#2702 = VERTEX_POINT('',#2703);
#2703 = CARTESIAN_POINT('',(28.092611464968,1.354646616933,
    5.476143631461));
#2704 = VERTEX_POINT('',#2705);
#2705 = CARTESIAN_POINT('',(28.333375796178,1.080071974482,
    4.721756001373));
#2706 = B_SPLINE_CURVE_WITH_KNOTS('',2,(#2707,#2708,#2709),
  .UNSPECIFIED.,.F.,.F.,(3,3),(0.,1.),.PIECEWISE_BEZIER_KNOTS.);
#2707 = CARTESIAN_POINT('',(28.092611464968,1.354646616933,
    5.476143631461));
#2708 = CARTESIAN_POINT('',(28.092611464968,1.176796142403,
    4.987503468653));
#2709 = CARTESIAN_POINT('',(28.333375796178,1.080071974482,
    4.721756001373));
#2710 = ORIENTED_EDGE('',*,*,#2711,.F.);
#2711 = EDGE_CURVE('',#2712,#2702,#2714,.T.);
#2712 = VERTEX_POINT('',#2713);
#2713 = CARTESIAN_POINT('',(28.306624203822,1.598025536757,
    6.144821718048));
#2714 = B_SPLINE_CURVE_WITH_KNOTS('',2,(#2715,#2716,#2717),
  .UNSPECIFIED.,.F.,.F.,(3,3),(0.,1.),.PIECEWISE_BEZIER_KNOTS.);
#2715 = CARTESIAN_POINT('',(28.306624203822,1.598025536757,
    6.144821718048));
#2716 = CARTESIAN_POINT('',(28.092611464968,1.515592146798,
    5.918337840529));
#2717 = CARTESIAN_POINT('',(28.092611464968,1.354646616933,
    5.476143631461));
#2718 = ORIENTED_EDGE('',*,*,#2719,.F.);
#2719 = EDGE_CURVE('',#2720,#2712,#2722,.T.);
#2720 = VERTEX_POINT('',#2721);
#2721 = CARTESIAN_POINT('',(28.830191082803,1.680458926715,
    6.371305595568));
#2722 = B_SPLINE_CURVE_WITH_KNOTS('',2,(#2723,#2724,#2725),
  .UNSPECIFIED.,.F.,.F.,(3,3),(0.,1.),.PIECEWISE_BEZIER_KNOTS.);
#2723 = CARTESIAN_POINT('',(28.830191082803,1.680458926715,
    6.371305595568));
#2724 = CARTESIAN_POINT('',(28.520636942675,1.680458926715,
    6.371305595568));
#2725 = CARTESIAN_POINT('',(28.306624203822,1.598025536757,
    6.144821718048));
#2726 = ORIENTED_EDGE('',*,*,#2727,.F.);
#2727 = EDGE_CURVE('',#2728,#2720,#2730,.T.);
#2728 = VERTEX_POINT('',#2729);
#2729 = CARTESIAN_POINT('',(29.365222929936,1.594104286706,
    6.134048172078));
#2730 = B_SPLINE_CURVE_WITH_KNOTS('',2,(#2731,#2732,#2733),
  .UNSPECIFIED.,.F.,.F.,(3,3),(0.,1.),.PIECEWISE_BEZIER_KNOTS.);
#2731 = CARTESIAN_POINT('',(29.365222929936,1.594104286706,
    6.134048172078));
#2732 = CARTESIAN_POINT('',(29.151210191083,1.680458926715,
    6.371305595568));
#2733 = CARTESIAN_POINT('',(28.830191082803,1.680458926715,
    6.371305595568));
#2734 = ORIENTED_EDGE('',*,*,#2735,.F.);
#2735 = EDGE_CURVE('',#2736,#2728,#2738,.T.);
#2736 = VERTEX_POINT('',#2737);
#2737 = CARTESIAN_POINT('',(29.57923566879,1.322143810956,5.38684290597)
  );
#2738 = B_SPLINE_CURVE_WITH_KNOTS('',2,(#2739,#2740,#2741),
  .UNSPECIFIED.,.F.,.F.,(3,3),(0.,1.),.PIECEWISE_BEZIER_KNOTS.);
#2739 = CARTESIAN_POINT('',(29.57923566879,1.322143810956,5.38684290597)
  );
#2740 = CARTESIAN_POINT('',(29.57923566879,1.507836785587,5.89703016072)
  );
#2741 = CARTESIAN_POINT('',(29.365222929936,1.594104286706,
    6.134048172078));
#2742 = ORIENTED_EDGE('',*,*,#2743,.F.);
#2743 = EDGE_CURVE('',#2744,#2736,#2746,.T.);
#2744 = VERTEX_POINT('',#2745);
#2745 = CARTESIAN_POINT('',(29.38050955414,1.062557057588,4.673634162703
    ));
#2746 = B_SPLINE_CURVE_WITH_KNOTS('',2,(#2747,#2748,#2749),
  .UNSPECIFIED.,.F.,.F.,(3,3),(0.,1.),.PIECEWISE_BEZIER_KNOTS.);
#2747 = CARTESIAN_POINT('',(29.38050955414,1.062557057588,4.673634162703
    ));
#2748 = CARTESIAN_POINT('',(29.57923566879,1.141766308616,4.891259791313
    ));
#2749 = CARTESIAN_POINT('',(29.57923566879,1.322143810956,5.38684290597)
  );
#2750 = ORIENTED_EDGE('',*,*,#2751,.F.);
#2751 = EDGE_CURVE('',#2752,#2744,#2754,.T.);
#2752 = VERTEX_POINT('',#2753);
#2753 = CARTESIAN_POINT('',(28.883694267516,0.983347806561,
    4.456008534093));
#2754 = B_SPLINE_CURVE_WITH_KNOTS('',2,(#2755,#2756,#2757),
  .UNSPECIFIED.,.F.,.F.,(3,3),(0.,1.),.PIECEWISE_BEZIER_KNOTS.);
#2755 = CARTESIAN_POINT('',(28.883694267516,0.983347806561,
    4.456008534093));
#2756 = CARTESIAN_POINT('',(29.18178343949,0.983347806561,4.456008534093
    ));
#2757 = CARTESIAN_POINT('',(29.38050955414,1.062557057588,4.673634162703
    ));
#2758 = ORIENTED_EDGE('',*,*,#2759,.F.);
#2759 = EDGE_CURVE('',#2704,#2752,#2760,.T.);
#2760 = B_SPLINE_CURVE_WITH_KNOTS('',2,(#2761,#2762,#2763),
  .UNSPECIFIED.,.F.,.F.,(3,3),(0.,1.),.PIECEWISE_BEZIER_KNOTS.);
#2761 = CARTESIAN_POINT('',(28.333375796178,1.080071974482,
    4.721756001373));
#2762 = CARTESIAN_POINT('',(28.574140127389,0.983347806561,
    4.456008534093));
#2763 = CARTESIAN_POINT('',(28.883694267516,0.983347806561,
    4.456008534093));
#2764 = PLANE('',#2765);
#2765 = AXIS2_PLACEMENT_3D('',#2766,#2767,#2768);
#2766 = CARTESIAN_POINT('',(28.78108912463,1.761676636452,6.594449419129
    ));
#2767 = DIRECTION('',(0.,-0.939692620786,0.342020143326));
#2768 = DIRECTION('',(1.,0.,0.));
#2769 = ADVANCED_FACE('',(#2770),#2780,.T.);
#2770 = FACE_BOUND('',#2771,.F.);
#2771 = EDGE_LOOP('',(#2772,#2773,#2774,#2775,#2776,#2777,#2778,#2779));
#2772 = ORIENTED_EDGE('',*,*,#1710,.T.);
#2773 = ORIENTED_EDGE('',*,*,#1884,.T.);
#2774 = ORIENTED_EDGE('',*,*,#1865,.T.);
#2775 = ORIENTED_EDGE('',*,*,#1841,.T.);
#2776 = ORIENTED_EDGE('',*,*,#1815,.T.);
#2777 = ORIENTED_EDGE('',*,*,#1789,.T.);
#2778 = ORIENTED_EDGE('',*,*,#1765,.T.);
#2779 = ORIENTED_EDGE('',*,*,#1741,.T.);
#2780 = PLANE('',#2781);
#2781 = AXIS2_PLACEMENT_3D('',#2782,#2783,#2784);
#2782 = CARTESIAN_POINT('',(24.431641088272,1.73316222789,6.516106725477
    ));
#2783 = DIRECTION('',(0.,-0.939692620786,0.342020143326));
#2784 = DIRECTION('',(1.,0.,0.));
#2785 = ADVANCED_FACE('',(#2786),#2792,.T.);
#2786 = FACE_BOUND('',#2787,.F.);
#2787 = EDGE_LOOP('',(#2788,#2789,#2790,#2791));
#2788 = ORIENTED_EDGE('',*,*,#1908,.T.);
#2789 = ORIENTED_EDGE('',*,*,#1980,.T.);
#2790 = ORIENTED_EDGE('',*,*,#1963,.T.);
#2791 = ORIENTED_EDGE('',*,*,#1939,.T.);
#2792 = PLANE('',#2793);
#2793 = AXIS2_PLACEMENT_3D('',#2794,#2795,#2796);
#2794 = CARTESIAN_POINT('',(21.116436703908,1.667637115662,
    6.336077959222));
#2795 = DIRECTION('',(0.,-0.939692620786,0.342020143326));
#2796 = DIRECTION('',(1.,0.,0.));
#2797 = ADVANCED_FACE('',(#2798),#2808,.T.);
#2798 = FACE_BOUND('',#2799,.F.);
#2799 = EDGE_LOOP('',(#2800,#2801,#2802,#2803,#2804,#2805,#2806,#2807));
#2800 = ORIENTED_EDGE('',*,*,#2004,.T.);
#2801 = ORIENTED_EDGE('',*,*,#2178,.T.);
#2802 = ORIENTED_EDGE('',*,*,#2159,.T.);
#2803 = ORIENTED_EDGE('',*,*,#2135,.T.);
#2804 = ORIENTED_EDGE('',*,*,#2109,.T.);
#2805 = ORIENTED_EDGE('',*,*,#2083,.T.);
#2806 = ORIENTED_EDGE('',*,*,#2059,.T.);
#2807 = ORIENTED_EDGE('',*,*,#2035,.T.);
#2808 = PLANE('',#2809);
#2809 = AXIS2_PLACEMENT_3D('',#2810,#2811,#2812);
#2810 = CARTESIAN_POINT('',(17.909348094641,1.73316222789,6.516106725477
    ));
#2811 = DIRECTION('',(0.,-0.939692620786,0.342020143326));
#2812 = DIRECTION('',(1.,0.,0.));
#2813 = ADVANCED_FACE('',(#2814),#2824,.T.);
#2814 = FACE_BOUND('',#2815,.F.);
#2815 = EDGE_LOOP('',(#2816,#2817,#2818,#2819,#2820,#2821,#2822,#2823));
#2816 = ORIENTED_EDGE('',*,*,#2202,.T.);
#2817 = ORIENTED_EDGE('',*,*,#2376,.T.);
#2818 = ORIENTED_EDGE('',*,*,#2357,.T.);
#2819 = ORIENTED_EDGE('',*,*,#2333,.T.);
#2820 = ORIENTED_EDGE('',*,*,#2307,.T.);
#2821 = ORIENTED_EDGE('',*,*,#2281,.T.);
#2822 = ORIENTED_EDGE('',*,*,#2257,.T.);
#2823 = ORIENTED_EDGE('',*,*,#2233,.T.);
#2824 = PLANE('',#2825);
#2825 = AXIS2_PLACEMENT_3D('',#2826,#2827,#2828);
#2826 = CARTESIAN_POINT('',(13.979666565979,1.73316222789,6.516106725477
    ));
#2827 = DIRECTION('',(0.,-0.939692620786,0.342020143326));
#2828 = DIRECTION('',(1.,0.,0.));
#2829 = ADVANCED_FACE('',(#2830),#2836,.F.);
#2830 = FACE_BOUND('',#2831,.F.);
#2831 = EDGE_LOOP('',(#2832,#2833,#2834,#2835));
#2832 = ORIENTED_EDGE('',*,*,#2456,.T.);
#2833 = ORIENTED_EDGE('',*,*,#2431,.T.);
#2834 = ORIENTED_EDGE('',*,*,#2399,.F.);
#2835 = ORIENTED_EDGE('',*,*,#2668,.F.);
#2836 = PLANE('',#2837);
#2837 = AXIS2_PLACEMENT_3D('',#2838,#2839,#2840);
#2838 = CARTESIAN_POINT('',(47.,12.9,0.));
#2839 = DIRECTION('',(-1.,0.,0.));
#2840 = DIRECTION('',(0.,1.,0.));
#2841 = ADVANCED_FACE('',(#2842),#2852,.T.);
#2842 = FACE_BOUND('',#2843,.T.);
#2843 = EDGE_LOOP('',(#2844,#2845,#2846,#2847,#2848,#2849,#2850,#2851));
#2844 = ORIENTED_EDGE('',*,*,#2512,.T.);
#2845 = ORIENTED_EDGE('',*,*,#2487,.T.);
#2846 = ORIENTED_EDGE('',*,*,#2536,.T.);
#2847 = ORIENTED_EDGE('',*,*,#2585,.T.);
#2848 = ORIENTED_EDGE('',*,*,#2634,.T.);
#2849 = ORIENTED_EDGE('',*,*,#2651,.T.);
#2850 = ORIENTED_EDGE('',*,*,#2610,.T.);
#2851 = ORIENTED_EDGE('',*,*,#2560,.T.);
#2852 = PLANE('',#2853);
#2853 = AXIS2_PLACEMENT_3D('',#2854,#2855,#2856);
#2854 = CARTESIAN_POINT('',(21.5,32.86,21.));
#2855 = DIRECTION('',(0.,0.,1.));
#2856 = DIRECTION('',(1.,0.,0.));
#2857 = ADVANCED_FACE('',(#2858),#2868,.T.);
#2858 = FACE_BOUND('',#2859,.T.);
#2859 = EDGE_LOOP('',(#2860,#2861,#2862,#2863,#2864,#2865,#2866,#2867));
#2860 = ORIENTED_EDGE('',*,*,#2711,.T.);
#2861 = ORIENTED_EDGE('',*,*,#2701,.T.);
#2862 = ORIENTED_EDGE('',*,*,#2759,.T.);
#2863 = ORIENTED_EDGE('',*,*,#2751,.T.);
#2864 = ORIENTED_EDGE('',*,*,#2743,.T.);
#2865 = ORIENTED_EDGE('',*,*,#2735,.T.);
#2866 = ORIENTED_EDGE('',*,*,#2727,.T.);
#2867 = ORIENTED_EDGE('',*,*,#2719,.T.);
#2868 = PLANE('',#2869);
#2869 = AXIS2_PLACEMENT_3D('',#2870,#2871,#2872);
#2870 = CARTESIAN_POINT('',(28.78108912463,1.761676636452,6.594449419129
    ));
#2871 = DIRECTION('',(0.,-0.939692620786,0.342020143326));
#2872 = DIRECTION('',(1.,0.,0.));
#2873 = ( GEOMETRIC_REPRESENTATION_CONTEXT(3) 
GLOBAL_UNCERTAINTY_ASSIGNED_CONTEXT((#2877)) 
GLOBAL_UNIT_ASSIGNED_CONTEXT((#2874,#2875,#2876)) REPRESENTATION_CONTEXT
('Context #1','3D Context with UNIT and UNCERTAINTY') );
#2874 = ( LENGTH_UNIT() NAMED_UNIT(*) SI_UNIT(.MILLI.,.METRE.) );
#2875 = ( NAMED_UNIT(*) PLANE_ANGLE_UNIT() SI_UNIT($,.RADIAN.) );
#2876 = ( NAMED_UNIT(*) SI_UNIT($,.STERADIAN.) SOLID_ANGLE_UNIT() );
#2877 = UNCERTAINTY_MEASURE_WITH_UNIT(LENGTH_MEASURE(1.E-06),#2874,
  'distance_accuracy_value','confusion accuracy');
#2878 = PRODUCT_RELATED_PRODUCT_CATEGORY('part',$,(#7));
ENDSEC;
END-ISO-10303-21;
