ISO-10303-21;
HEADER;
FILE_DESCRIPTION(('FreeCAD Model'),'2;1');
FILE_NAME('Open CASCADE Shape Model','2026-08-29T15:58:18',('FreeCAD'),(
    'FreeCAD'),'Open CASCADE STEP processor 7.8','FreeCAD','Unknown');
FILE_SCHEMA(('AUTOMOTIVE_DESIGN { 1 0 10303 214 1 1 1 1 }'));
ENDSEC;
DATA;
#1 = APPLICATION_PROTOCOL_DEFINITION('international standard',
  'automotive_design',2000,#2);
#2 = APPLICATION_CONTEXT(
  'core data for automotive mechanical design processes');
#3 = SHAPE_DEFINITION_REPRESENTATION(#4,#10);
#4 = PRODUCT_DEFINITION_SHAPE('','',#5);
#5 = PRODUCT_DEFINITION('design','',#6,#9);
#6 = PRODUCT_DEFINITION_FORMATION('','',#7);
#7 = PRODUCT('Open CASCADE STEP translator 7.8 41',
  'Open CASCADE STEP translator 7.8 41','',(#8));
#8 = PRODUCT_CONTEXT('',#2,'mechanical');
#9 = PRODUCT_DEFINITION_CONTEXT('part definition',#2,'design');
#10 = ADVANCED_BREP_SHAPE_REPRESENTATION('',(#11,#15),#3003);
#11 = AXIS2_PLACEMENT_3D('',#12,#13,#14);
#12 = CARTESIAN_POINT('',(0.,0.,0.));
#13 = DIRECTION('',(0.,0.,1.));
#14 = DIRECTION('',(1.,0.,-0.));
#15 = MANIFOLD_SOLID_BREP('',#16);
#16 = CLOSED_SHELL('',(#17,#57,#222,#246,#334,#989,#1006,#1023,#1040,
    #1057,#1074,#1091,#1108,#1140,#1164,#1188,#1213,#1238,#1262,#1286,
    #1304,#1321,#1352,#1378,#1404,#1430,#1456,#1482,#1508,#1534,#1560,
    #1586,#1612,#1638,#1664,#1690,#1716,#1735,#1766,#1790,#1814,#1840,
    #1866,#1890,#1916,#1933,#1964,#1990,#2016,#2042,#2068,#2094,#2120,
    #2146,#2172,#2198,#2224,#2250,#2276,#2302,#2328,#2347,#2378,#2402,
    #2426,#2443,#2474,#2498,#2522,#2554,#2578,#2602,#2627,#2652,#2676,
    #2700,#2718,#2735,#2825,#2841,#2931,#2943,#2955,#2971,#2987));
#17 = ADVANCED_FACE('',(#18),#52,.F.);
#18 = FACE_BOUND('',#19,.F.);
#19 = EDGE_LOOP('',(#20,#30,#38,#46));
#20 = ORIENTED_EDGE('',*,*,#21,.F.);
#21 = EDGE_CURVE('',#22,#24,#26,.T.);
#22 = VERTEX_POINT('',#23);
#23 = CARTESIAN_POINT('',(0.,3.639702342662,10.));
#24 = VERTEX_POINT('',#25);
#25 = CARTESIAN_POINT('',(0.,7.45,10.));
#26 = LINE('',#27,#28);
#27 = CARTESIAN_POINT('',(0.,0.,10.));
#28 = VECTOR('',#29,1.);
#29 = DIRECTION('',(0.,1.,0.));
#30 = ORIENTED_EDGE('',*,*,#31,.T.);
#31 = EDGE_CURVE('',#22,#32,#34,.T.);
#32 = VERTEX_POINT('',#33);
#33 = CARTESIAN_POINT('',(0.,0.,0.));
#34 = LINE('',#35,#36);
#35 = CARTESIAN_POINT('',(0.,0.,0.));
#36 = VECTOR('',#37,1.);
#37 = DIRECTION('',(0.,-0.342020143326,-0.939692620786));
#38 = ORIENTED_EDGE('',*,*,#39,.T.);
#39 = EDGE_CURVE('',#32,#40,#42,.T.);
#40 = VERTEX_POINT('',#41);
#41 = CARTESIAN_POINT('',(0.,7.45,0.));
#42 = LINE('',#43,#44);
#43 = CARTESIAN_POINT('',(0.,0.,0.));
#44 = VECTOR('',#45,1.);
#45 = DIRECTION('',(0.,1.,0.));
#46 = ORIENTED_EDGE('',*,*,#47,.T.);
#47 = EDGE_CURVE('',#40,#24,#48,.T.);
#48 = LINE('',#49,#50);
#49 = CARTESIAN_POINT('',(0.,7.45,-1.));
#50 = VECTOR('',#51,1.);
#51 = DIRECTION('',(0.,0.,1.));
#52 = PLANE('',#53);
#53 = AXIS2_PLACEMENT_3D('',#54,#55,#56);
#54 = CARTESIAN_POINT('',(0.,0.,0.));
#55 = DIRECTION('',(1.,0.,0.));
#56 = DIRECTION('',(0.,0.,1.));
#57 = ADVANCED_FACE('',(#58,#147),#217,.T.);
#58 = FACE_BOUND('',#59,.T.);
#59 = EDGE_LOOP('',(#60,#61,#69,#77,#85,#93,#101,#109,#117,#125,#133,
    #141));
#60 = ORIENTED_EDGE('',*,*,#21,.F.);
#61 = ORIENTED_EDGE('',*,*,#62,.T.);
#62 = EDGE_CURVE('',#22,#63,#65,.T.);
#63 = VERTEX_POINT('',#64);
#64 = CARTESIAN_POINT('',(26.,3.639702342662,10.));
#65 = LINE('',#66,#67);
#66 = CARTESIAN_POINT('',(-1.,3.639702342662,10.));
#67 = VECTOR('',#68,1.);
#68 = DIRECTION('',(1.,0.,0.));
#69 = ORIENTED_EDGE('',*,*,#70,.T.);
#70 = EDGE_CURVE('',#63,#71,#73,.T.);
#71 = VERTEX_POINT('',#72);
#72 = CARTESIAN_POINT('',(26.,7.575609756098,10.));
#73 = LINE('',#74,#75);
#74 = CARTESIAN_POINT('',(26.,0.,10.));
#75 = VECTOR('',#76,1.);
#76 = DIRECTION('',(0.,1.,0.));
#77 = ORIENTED_EDGE('',*,*,#78,.F.);
#78 = EDGE_CURVE('',#79,#71,#81,.T.);
#79 = VERTEX_POINT('',#80);
#80 = CARTESIAN_POINT('',(25.9,7.6,10.));
#81 = LINE('',#82,#83);
#82 = CARTESIAN_POINT('',(25.9,7.6,10.));
#83 = VECTOR('',#84,1.);
#84 = DIRECTION('',(0.971520338783,-0.236956180191,0.));
#85 = ORIENTED_EDGE('',*,*,#86,.F.);
#86 = EDGE_CURVE('',#87,#79,#89,.T.);
#87 = VERTEX_POINT('',#88);
#88 = CARTESIAN_POINT('',(25.9,11.6,10.));
#89 = LINE('',#90,#91);
#90 = CARTESIAN_POINT('',(25.9,11.6,10.));
#91 = VECTOR('',#92,1.);
#92 = DIRECTION('',(0.,-1.,0.));
#93 = ORIENTED_EDGE('',*,*,#94,.F.);
#94 = EDGE_CURVE('',#95,#87,#97,.T.);
#95 = VERTEX_POINT('',#96);
#96 = CARTESIAN_POINT('',(26.,11.624390243902,10.));
#97 = LINE('',#98,#99);
#98 = CARTESIAN_POINT('',(30.,12.6,10.));
#99 = VECTOR('',#100,1.);
#100 = DIRECTION('',(-0.971520338783,-0.236956180191,0.));
#101 = ORIENTED_EDGE('',*,*,#102,.T.);
#102 = EDGE_CURVE('',#95,#103,#105,.T.);
#103 = VERTEX_POINT('',#104);
#104 = CARTESIAN_POINT('',(26.,32.,10.));
#105 = LINE('',#106,#107);
#106 = CARTESIAN_POINT('',(26.,0.,10.));
#107 = VECTOR('',#108,1.);
#108 = DIRECTION('',(0.,1.,0.));
#109 = ORIENTED_EDGE('',*,*,#110,.F.);
#110 = EDGE_CURVE('',#111,#103,#113,.T.);
#111 = VERTEX_POINT('',#112);
#112 = CARTESIAN_POINT('',(0.,32.,10.));
#113 = LINE('',#114,#115);
#114 = CARTESIAN_POINT('',(0.,32.,10.));
#115 = VECTOR('',#116,1.);
#116 = DIRECTION('',(1.,0.,0.));
#117 = ORIENTED_EDGE('',*,*,#118,.F.);
#118 = EDGE_CURVE('',#119,#111,#121,.T.);
#119 = VERTEX_POINT('',#120);
#120 = CARTESIAN_POINT('',(0.,11.75,10.));
#121 = LINE('',#122,#123);
#122 = CARTESIAN_POINT('',(0.,0.,10.));
#123 = VECTOR('',#124,1.);
#124 = DIRECTION('',(0.,1.,0.));
#125 = ORIENTED_EDGE('',*,*,#126,.T.);
#126 = EDGE_CURVE('',#119,#127,#129,.T.);
#127 = VERTEX_POINT('',#128);
#128 = CARTESIAN_POINT('',(4.,12.75,10.));
#129 = LINE('',#130,#131);
#130 = CARTESIAN_POINT('',(0.617647058824,11.904411764706,10.));
#131 = VECTOR('',#132,1.);
#132 = DIRECTION('',(0.970142500145,0.242535625036,0.));
#133 = ORIENTED_EDGE('',*,*,#134,.T.);
#134 = EDGE_CURVE('',#127,#135,#137,.T.);
#135 = VERTEX_POINT('',#136);
#136 = CARTESIAN_POINT('',(4.,6.45,10.));
#137 = LINE('',#138,#139);
#138 = CARTESIAN_POINT('',(4.,3.225,10.));
#139 = VECTOR('',#140,1.);
#140 = DIRECTION('',(0.,-1.,0.));
#141 = ORIENTED_EDGE('',*,*,#142,.T.);
#142 = EDGE_CURVE('',#135,#24,#143,.T.);
#143 = LINE('',#144,#145);
#144 = CARTESIAN_POINT('',(0.876470588235,7.230882352941,10.));
#145 = VECTOR('',#146,1.);
#146 = DIRECTION('',(-0.970142500145,0.242535625036,0.));
#147 = FACE_BOUND('',#148,.T.);
#148 = EDGE_LOOP('',(#149,#160,#168,#177,#185,#194,#202,#211));
#149 = ORIENTED_EDGE('',*,*,#150,.F.);
#150 = EDGE_CURVE('',#151,#153,#155,.T.);
#151 = VERTEX_POINT('',#152);
#152 = CARTESIAN_POINT('',(8.1,25.34,10.));
#153 = VERTEX_POINT('',#154);
#154 = CARTESIAN_POINT('',(7.5,24.74,10.));
#155 = CIRCLE('',#156,0.6);
#156 = AXIS2_PLACEMENT_3D('',#157,#158,#159);
#157 = CARTESIAN_POINT('',(8.1,24.74,10.));
#158 = DIRECTION('',(0.,-0.,1.));
#159 = DIRECTION('',(0.,1.,0.));
#160 = ORIENTED_EDGE('',*,*,#161,.T.);
#161 = EDGE_CURVE('',#151,#162,#164,.T.);
#162 = VERTEX_POINT('',#163);
#163 = CARTESIAN_POINT('',(17.9,25.34,10.));
#164 = LINE('',#165,#166);
#165 = CARTESIAN_POINT('',(9.25,25.34,10.));
#166 = VECTOR('',#167,1.);
#167 = DIRECTION('',(1.,0.,0.));
#168 = ORIENTED_EDGE('',*,*,#169,.F.);
#169 = EDGE_CURVE('',#170,#162,#172,.T.);
#170 = VERTEX_POINT('',#171);
#171 = CARTESIAN_POINT('',(18.5,24.74,10.));
#172 = CIRCLE('',#173,0.6);
#173 = AXIS2_PLACEMENT_3D('',#174,#175,#176);
#174 = CARTESIAN_POINT('',(17.9,24.74,10.));
#175 = DIRECTION('',(0.,-0.,1.));
#176 = DIRECTION('',(0.,1.,0.));
#177 = ORIENTED_EDGE('',*,*,#178,.T.);
#178 = EDGE_CURVE('',#170,#179,#181,.T.);
#179 = VERTEX_POINT('',#180);
#180 = CARTESIAN_POINT('',(18.5,14.94,10.));
#181 = LINE('',#182,#183);
#182 = CARTESIAN_POINT('',(18.5,7.17,10.));
#183 = VECTOR('',#184,1.);
#184 = DIRECTION('',(0.,-1.,0.));
#185 = ORIENTED_EDGE('',*,*,#186,.F.);
#186 = EDGE_CURVE('',#187,#179,#189,.T.);
#187 = VERTEX_POINT('',#188);
#188 = CARTESIAN_POINT('',(17.9,14.34,10.));
#189 = CIRCLE('',#190,0.6);
#190 = AXIS2_PLACEMENT_3D('',#191,#192,#193);
#191 = CARTESIAN_POINT('',(17.9,14.94,10.));
#192 = DIRECTION('',(-0.,0.,1.));
#193 = DIRECTION('',(0.,-1.,0.));
#194 = ORIENTED_EDGE('',*,*,#195,.T.);
#195 = EDGE_CURVE('',#187,#196,#198,.T.);
#196 = VERTEX_POINT('',#197);
#197 = CARTESIAN_POINT('',(8.1,14.34,10.));
#198 = LINE('',#199,#200);
#199 = CARTESIAN_POINT('',(3.75,14.34,10.));
#200 = VECTOR('',#201,1.);
#201 = DIRECTION('',(-1.,0.,0.));
#202 = ORIENTED_EDGE('',*,*,#203,.F.);
#203 = EDGE_CURVE('',#204,#196,#206,.T.);
#204 = VERTEX_POINT('',#205);
#205 = CARTESIAN_POINT('',(7.5,14.94,10.));
#206 = CIRCLE('',#207,0.6);
#207 = AXIS2_PLACEMENT_3D('',#208,#209,#210);
#208 = CARTESIAN_POINT('',(8.1,14.94,10.));
#209 = DIRECTION('',(0.,0.,1.));
#210 = DIRECTION('',(-1.,0.,0.));
#211 = ORIENTED_EDGE('',*,*,#212,.T.);
#212 = EDGE_CURVE('',#204,#153,#213,.T.);
#213 = LINE('',#214,#215);
#214 = CARTESIAN_POINT('',(7.5,12.67,10.));
#215 = VECTOR('',#216,1.);
#216 = DIRECTION('',(0.,1.,0.));
#217 = PLANE('',#218);
#218 = AXIS2_PLACEMENT_3D('',#219,#220,#221);
#219 = CARTESIAN_POINT('',(0.,0.,10.));
#220 = DIRECTION('',(0.,0.,1.));
#221 = DIRECTION('',(1.,0.,0.));
#222 = ADVANCED_FACE('',(#223),#241,.T.);
#223 = FACE_BOUND('',#224,.T.);
#224 = EDGE_LOOP('',(#225,#233,#234,#235));
#225 = ORIENTED_EDGE('',*,*,#226,.T.);
#226 = EDGE_CURVE('',#227,#40,#229,.T.);
#227 = VERTEX_POINT('',#228);
#228 = CARTESIAN_POINT('',(4.,6.45,0.));
#229 = LINE('',#230,#231);
#230 = CARTESIAN_POINT('',(0.876470588235,7.230882352941,0.));
#231 = VECTOR('',#232,1.);
#232 = DIRECTION('',(-0.970142500145,0.242535625036,0.));
#233 = ORIENTED_EDGE('',*,*,#47,.T.);
#234 = ORIENTED_EDGE('',*,*,#142,.F.);
#235 = ORIENTED_EDGE('',*,*,#236,.F.);
#236 = EDGE_CURVE('',#227,#135,#237,.T.);
#237 = LINE('',#238,#239);
#238 = CARTESIAN_POINT('',(4.,6.45,-1.));
#239 = VECTOR('',#240,1.);
#240 = DIRECTION('',(0.,0.,1.));
#241 = PLANE('',#242);
#242 = AXIS2_PLACEMENT_3D('',#243,#244,#245);
#243 = CARTESIAN_POINT('',(0.,7.45,-1.));
#244 = DIRECTION('',(0.242535625036,0.970142500145,0.));
#245 = DIRECTION('',(0.970142500145,-0.242535625036,0.));
#246 = ADVANCED_FACE('',(#247),#329,.F.);
#247 = FACE_BOUND('',#248,.F.);
#248 = EDGE_LOOP('',(#249,#250,#258,#266,#274,#282,#290,#298,#306,#314,
    #322,#328));
#249 = ORIENTED_EDGE('',*,*,#39,.F.);
#250 = ORIENTED_EDGE('',*,*,#251,.T.);
#251 = EDGE_CURVE('',#32,#252,#254,.T.);
#252 = VERTEX_POINT('',#253);
#253 = CARTESIAN_POINT('',(26.,0.,0.));
#254 = LINE('',#255,#256);
#255 = CARTESIAN_POINT('',(0.,0.,0.));
#256 = VECTOR('',#257,1.);
#257 = DIRECTION('',(1.,0.,0.));
#258 = ORIENTED_EDGE('',*,*,#259,.T.);
#259 = EDGE_CURVE('',#252,#260,#262,.T.);
#260 = VERTEX_POINT('',#261);
#261 = CARTESIAN_POINT('',(26.,7.575609756098,0.));
#262 = LINE('',#263,#264);
#263 = CARTESIAN_POINT('',(26.,0.,0.));
#264 = VECTOR('',#265,1.);
#265 = DIRECTION('',(0.,1.,0.));
#266 = ORIENTED_EDGE('',*,*,#267,.F.);
#267 = EDGE_CURVE('',#268,#260,#270,.T.);
#268 = VERTEX_POINT('',#269);
#269 = CARTESIAN_POINT('',(25.9,7.6,0.));
#270 = LINE('',#271,#272);
#271 = CARTESIAN_POINT('',(25.9,7.6,0.));
#272 = VECTOR('',#273,1.);
#273 = DIRECTION('',(0.971520338783,-0.236956180191,0.));
#274 = ORIENTED_EDGE('',*,*,#275,.F.);
#275 = EDGE_CURVE('',#276,#268,#278,.T.);
#276 = VERTEX_POINT('',#277);
#277 = CARTESIAN_POINT('',(25.9,11.6,0.));
#278 = LINE('',#279,#280);
#279 = CARTESIAN_POINT('',(25.9,11.6,0.));
#280 = VECTOR('',#281,1.);
#281 = DIRECTION('',(0.,-1.,0.));
#282 = ORIENTED_EDGE('',*,*,#283,.F.);
#283 = EDGE_CURVE('',#284,#276,#286,.T.);
#284 = VERTEX_POINT('',#285);
#285 = CARTESIAN_POINT('',(26.,11.624390243902,0.));
#286 = LINE('',#287,#288);
#287 = CARTESIAN_POINT('',(30.,12.6,0.));
#288 = VECTOR('',#289,1.);
#289 = DIRECTION('',(-0.971520338783,-0.236956180191,0.));
#290 = ORIENTED_EDGE('',*,*,#291,.T.);
#291 = EDGE_CURVE('',#284,#292,#294,.T.);
#292 = VERTEX_POINT('',#293);
#293 = CARTESIAN_POINT('',(26.,32.,0.));
#294 = LINE('',#295,#296);
#295 = CARTESIAN_POINT('',(26.,0.,0.));
#296 = VECTOR('',#297,1.);
#297 = DIRECTION('',(0.,1.,0.));
#298 = ORIENTED_EDGE('',*,*,#299,.F.);
#299 = EDGE_CURVE('',#300,#292,#302,.T.);
#300 = VERTEX_POINT('',#301);
#301 = CARTESIAN_POINT('',(0.,32.,0.));
#302 = LINE('',#303,#304);
#303 = CARTESIAN_POINT('',(0.,32.,0.));
#304 = VECTOR('',#305,1.);
#305 = DIRECTION('',(1.,0.,0.));
#306 = ORIENTED_EDGE('',*,*,#307,.F.);
#307 = EDGE_CURVE('',#308,#300,#310,.T.);
#308 = VERTEX_POINT('',#309);
#309 = CARTESIAN_POINT('',(0.,11.75,0.));
#310 = LINE('',#311,#312);
#311 = CARTESIAN_POINT('',(0.,0.,0.));
#312 = VECTOR('',#313,1.);
#313 = DIRECTION('',(0.,1.,0.));
#314 = ORIENTED_EDGE('',*,*,#315,.T.);
#315 = EDGE_CURVE('',#308,#316,#318,.T.);
#316 = VERTEX_POINT('',#317);
#317 = CARTESIAN_POINT('',(4.,12.75,0.));
#318 = LINE('',#319,#320);
#319 = CARTESIAN_POINT('',(0.617647058824,11.904411764706,0.));
#320 = VECTOR('',#321,1.);
#321 = DIRECTION('',(0.970142500145,0.242535625036,0.));
#322 = ORIENTED_EDGE('',*,*,#323,.T.);
#323 = EDGE_CURVE('',#316,#227,#324,.T.);
#324 = LINE('',#325,#326);
#325 = CARTESIAN_POINT('',(4.,3.225,0.));
#326 = VECTOR('',#327,1.);
#327 = DIRECTION('',(0.,-1.,0.));
#328 = ORIENTED_EDGE('',*,*,#226,.T.);
#329 = PLANE('',#330);
#330 = AXIS2_PLACEMENT_3D('',#331,#332,#333);
#331 = CARTESIAN_POINT('',(0.,0.,0.));
#332 = DIRECTION('',(0.,0.,1.));
#333 = DIRECTION('',(1.,0.,0.));
#334 = ADVANCED_FACE('',(#335,#346,#604,#692,#950),#984,.T.);
#335 = FACE_BOUND('',#336,.T.);
#336 = EDGE_LOOP('',(#337,#338,#339,#345));
#337 = ORIENTED_EDGE('',*,*,#31,.T.);
#338 = ORIENTED_EDGE('',*,*,#251,.T.);
#339 = ORIENTED_EDGE('',*,*,#340,.F.);
#340 = EDGE_CURVE('',#63,#252,#341,.T.);
#341 = LINE('',#342,#343);
#342 = CARTESIAN_POINT('',(26.,0.,0.));
#343 = VECTOR('',#344,1.);
#344 = DIRECTION('',(0.,-0.342020143326,-0.939692620786));
#345 = ORIENTED_EDGE('',*,*,#62,.F.);
#346 = FACE_BOUND('',#347,.T.);
#347 = EDGE_LOOP('',(#348,#358,#369,#384,#399,#421,#436,#451,#468,#485,
    #502,#521,#538,#555,#574,#591));
#348 = ORIENTED_EDGE('',*,*,#349,.F.);
#349 = EDGE_CURVE('',#350,#352,#354,.T.);
#350 = VERTEX_POINT('',#351);
#351 = CARTESIAN_POINT('',(17.138683651805,2.396516208526,6.584374168283
    ));
#352 = VERTEX_POINT('',#353);
#353 = CARTESIAN_POINT('',(17.831677282378,2.422367412565,6.655399767646
    ));
#354 = LINE('',#355,#356);
#355 = CARTESIAN_POINT('',(8.144832185042,2.061012563028,5.662585478132)
  );
#356 = VECTOR('',#357,1.);
#357 = DIRECTION('',(0.994104564342,3.708374622103E-02,0.101886755371));
#358 = ORIENTED_EDGE('',*,*,#359,.F.);
#359 = EDGE_CURVE('',#360,#350,#362,.T.);
#360 = VERTEX_POINT('',#361);
#361 = CARTESIAN_POINT('',(17.006199575372,2.50334848769,6.877893442954)
  );
#362 = B_SPLINE_CURVE_WITH_KNOTS('',5,(#363,#364,#365,#366,#367,#368),
  .UNSPECIFIED.,.F.,.F.,(6,6),(0.,1.),.PIECEWISE_BEZIER_KNOTS.);
#363 = CARTESIAN_POINT('',(17.006199575372,2.50334848769,6.877893442954)
  );
#364 = CARTESIAN_POINT('',(17.049682919396,2.4893497536,6.839432237141)
  );
#365 = CARTESIAN_POINT('',(17.084657548606,2.471466224391,6.790297644459
    ));
#366 = CARTESIAN_POINT('',(17.110919139554,2.449821834914,6.730830173113
    ));
#367 = CARTESIAN_POINT('',(17.12875726434,2.424717545068,6.661856703629)
  );
#368 = CARTESIAN_POINT('',(17.138683651805,2.396516208526,6.584374168283
    ));
#369 = ORIENTED_EDGE('',*,*,#370,.F.);
#370 = EDGE_CURVE('',#371,#360,#373,.T.);
#371 = VERTEX_POINT('',#372);
#372 = CARTESIAN_POINT('',(16.728492569002,2.537797395544,6.972541039408
    ));
#373 = B_SPLINE_CURVE_WITH_KNOTS('',5,(#374,#375,#376,#377,#378,#379,
    #380,#381,#382,#383),.UNSPECIFIED.,.F.,.F.,(6,4,6),(0.,
    0.765826795785,1.),.UNSPECIFIED.);
#374 = CARTESIAN_POINT('',(16.728492569002,2.537797395544,6.972541039408
    ));
#375 = CARTESIAN_POINT('',(16.780204367852,2.537797395544,6.972541039408
    ));
#376 = CARTESIAN_POINT('',(16.828646107093,2.535821502621,6.96711231822)
  );
#377 = CARTESIAN_POINT('',(16.873593569957,2.531811108673,6.956093851404
    ));
#378 = CARTESIAN_POINT('',(16.914874645454,2.525742275846,6.939419870248
    ));
#379 = CARTESIAN_POINT('',(16.963860160939,2.515158626324,6.910341532173
    ));
#380 = CARTESIAN_POINT('',(16.974979190939,2.512489787147,6.903008956797
    ));
#381 = CARTESIAN_POINT('',(16.985743374201,2.509631117307,6.895154825962
    ));
#382 = CARTESIAN_POINT('',(16.996150629374,2.506583577494,6.88678177914)
  );
#383 = CARTESIAN_POINT('',(17.006199575372,2.50334848769,6.877893442954)
  );
#384 = ORIENTED_EDGE('',*,*,#385,.F.);
#385 = EDGE_CURVE('',#386,#371,#388,.T.);
#386 = VERTEX_POINT('',#387);
#387 = CARTESIAN_POINT('',(16.344968152866,2.467795820562,6.780213292819
    ));
#388 = B_SPLINE_CURVE_WITH_KNOTS('',5,(#389,#390,#391,#392,#393,#394,
    #395,#396,#397,#398),.UNSPECIFIED.,.F.,.F.,(6,4,6),(0.,
    0.661861180013,1.),.UNSPECIFIED.);
#389 = CARTESIAN_POINT('',(16.344968152866,2.467795820562,6.780213292819
    ));
#390 = CARTESIAN_POINT('',(16.385452384643,2.485872678004,6.829879050456
    ));
#391 = CARTESIAN_POINT('',(16.429498699965,2.501320180386,6.872320714435
    ));
#392 = CARTESIAN_POINT('',(16.477121388493,2.5138757805,6.906816942238)
  );
#393 = CARTESIAN_POINT('',(16.528200346501,2.523350390429,6.932848219076
    ));
#394 = CARTESIAN_POINT('',(16.610076557076,2.532951834416,6.959227969625
    ));
#395 = CARTESIAN_POINT('',(16.638576629291,2.535384351686,6.965911255897
    ));
#396 = CARTESIAN_POINT('',(16.667847635674,2.536997914043,6.970344482038
    ));
#397 = CARTESIAN_POINT('',(16.697838877274,2.537797395544,6.972541039408
    ));
#398 = CARTESIAN_POINT('',(16.728492569002,2.537797395544,6.972541039408
    ));
#399 = ORIENTED_EDGE('',*,*,#400,.F.);
#400 = EDGE_CURVE('',#401,#386,#403,.T.);
#401 = VERTEX_POINT('',#402);
#402 = CARTESIAN_POINT('',(16.147600849257,2.176926205678,5.981055593918
    ));
#403 = B_SPLINE_CURVE_WITH_KNOTS('',6,(#404,#405,#406,#407,#408,#409,
    #410,#411,#412,#413,#414,#415,#416,#417,#418,#419,#420),
  .UNSPECIFIED.,.F.,.F.,(7,5,5,7),(0.,0.570065639624,0.949463979938,1.),
  .UNSPECIFIED.);
#404 = CARTESIAN_POINT('',(16.147600849257,2.176926205678,5.981055593918
    ));
#405 = CARTESIAN_POINT('',(16.153970635703,2.211447863278,6.075903068658
    ));
#406 = CARTESIAN_POINT('',(16.162284802417,2.245097794297,6.168355494298
    ));
#407 = CARTESIAN_POINT('',(16.172823059634,2.277732628621,6.258018964691
    ));
#408 = CARTESIAN_POINT('',(16.185938419667,2.309098471893,6.344195910824
    ));
#409 = CARTESIAN_POINT('',(16.202060252579,2.338829492162,6.42588121767)
  );
#410 = CARTESIAN_POINT('',(16.234809215349,2.38480363922,6.55219414859)
  );
#411 = CARTESIAN_POINT('',(16.249458364247,2.40222445949,6.60005745891)
  );
#412 = CARTESIAN_POINT('',(16.265822466761,2.418546096584,6.644900788273
    ));
#413 = CARTESIAN_POINT('',(16.284053670023,2.43357539903,6.686193457375)
  );
#414 = CARTESIAN_POINT('',(16.30428985787,2.447085213887,6.723311368635)
  );
#415 = CARTESIAN_POINT('',(16.329563578687,2.460427347122,6.759968578425
    ));
#416 = CARTESIAN_POINT('',(16.332570923351,2.4619647846,6.764192653182)
  );
#417 = CARTESIAN_POINT('',(16.335614973965,2.463470858824,6.768330558104
    ));
#418 = CARTESIAN_POINT('',(16.338695824847,2.464945058117,6.772380887373
    ));
#419 = CARTESIAN_POINT('',(16.341813539952,2.466386877874,6.776342254599
    ));
#420 = CARTESIAN_POINT('',(16.344968152866,2.467795820562,6.780213292819
    ));
#421 = ORIENTED_EDGE('',*,*,#422,.F.);
#422 = EDGE_CURVE('',#423,#401,#425,.T.);
#423 = VERTEX_POINT('',#424);
#424 = CARTESIAN_POINT('',(16.812569002123,2.284978429302,6.277926638447
    ));
#425 = B_SPLINE_CURVE_WITH_KNOTS('',5,(#426,#427,#428,#429,#430,#431,
    #432,#433,#434,#435),.UNSPECIFIED.,.F.,.F.,(6,4,6),(0.,
    0.440630024256,1.),.UNSPECIFIED.);
#426 = CARTESIAN_POINT('',(16.812569002123,2.284978429302,6.277926638447
    ));
#427 = CARTESIAN_POINT('',(16.743628151686,2.284978429302,6.277926638447
    ));
#428 = CARTESIAN_POINT('',(16.676175550706,2.282946550955,6.27234409857)
  );
#429 = CARTESIAN_POINT('',(16.61060905311,2.278770215714,6.260869711799)
  );
#430 = CARTESIAN_POINT('',(16.547310658607,2.272395443742,6.243355169752
    ));
#431 = CARTESIAN_POINT('',(16.409543036317,2.253044676461,6.1901893736)
  );
#432 = CARTESIAN_POINT('',(16.33663202817,2.238748692991,6.150911481827)
  );
#433 = CARTESIAN_POINT('',(16.268564138121,2.221074350529,6.10235162501)
  );
#434 = CARTESIAN_POINT('',(16.205561372337,2.200337011725,6.045376254905
    ));
#435 = CARTESIAN_POINT('',(16.147600849257,2.176926205678,5.981055593918
    ));
#436 = ORIENTED_EDGE('',*,*,#437,.F.);
#437 = EDGE_CURVE('',#438,#423,#440,.T.);
#438 = VERTEX_POINT('',#439);
#439 = CARTESIAN_POINT('',(17.580636942675,2.168212316676,5.95711438065)
  );
#440 = B_SPLINE_CURVE_WITH_KNOTS('',5,(#441,#442,#443,#444,#445,#446,
    #447,#448,#449,#450),.UNSPECIFIED.,.F.,.F.,(6,4,6),(0.,
    0.567636438559,1.),.UNSPECIFIED.);
#441 = CARTESIAN_POINT('',(17.580636942675,2.168212316676,5.95711438065)
  );
#442 = CARTESIAN_POINT('',(17.510511089903,2.193828019637,6.027492946121
    ));
#443 = CARTESIAN_POINT('',(17.434941212509,2.216505380281,6.089798482422
    ));
#444 = CARTESIAN_POINT('',(17.353955146846,2.235794012972,6.142793565192
    ));
#445 = CARTESIAN_POINT('',(17.267865920634,2.251323141668,6.185459495628
    ));
#446 = CARTESIAN_POINT('',(17.108733396545,2.271867435395,6.241904478742
    ));
#447 = CARTESIAN_POINT('',(17.037449891176,2.278508952608,6.260151897316
    ));
#448 = CARTESIAN_POINT('',(16.964052774414,2.282860771092,6.272108420334
    ));
#449 = CARTESIAN_POINT('',(16.888952984384,2.284978429302,6.277926638447
    ));
#450 = CARTESIAN_POINT('',(16.812569002123,2.284978429302,6.277926638447
    ));
#451 = ORIENTED_EDGE('',*,*,#452,.F.);
#452 = EDGE_CURVE('',#453,#438,#455,.T.);
#453 = VERTEX_POINT('',#454);
#454 = CARTESIAN_POINT('',(17.900467091295,1.866711757209,5.128748401562
    ));
#455 = B_SPLINE_CURVE_WITH_KNOTS('',6,(#456,#457,#458,#459,#460,#461,
    #462,#463,#464,#465,#466,#467),.UNSPECIFIED.,.F.,.F.,(7,5,7),(0.,
    0.762587155306,1.),.UNSPECIFIED.);
#456 = CARTESIAN_POINT('',(17.900467091295,1.866711757209,5.128748401562
    ));
#457 = CARTESIAN_POINT('',(17.900467091295,1.910965146577,5.250333589585
    ));
#458 = CARTESIAN_POINT('',(17.889454921189,1.954172968265,5.369046104016
    ));
#459 = CARTESIAN_POINT('',(17.866223256514,1.995909313872,5.483715771143
    ));
#460 = CARTESIAN_POINT('',(17.829783595134,2.035703931276,5.593050583876
    ));
#461 = CARTESIAN_POINT('',(17.779710210786,2.073095614724,5.695783389825
    ));
#462 = CARTESIAN_POINT('',(17.6970888231,2.118495547932,5.820518681157)
  );
#463 = CARTESIAN_POINT('',(17.676217147181,2.129007015908,5.849398702068
    ));
#464 = CARTESIAN_POINT('',(17.654107747865,2.139241507288,5.877517736034
    ));
#465 = CARTESIAN_POINT('',(17.630785731975,2.149190995966,5.904853731511
    ));
#466 = CARTESIAN_POINT('',(17.606282739316,2.158849347012,5.931389832921
    ));
#467 = CARTESIAN_POINT('',(17.580636942675,2.168212316676,5.95711438065)
  );
#468 = ORIENTED_EDGE('',*,*,#469,.F.);
#469 = EDGE_CURVE('',#470,#453,#472,.T.);
#470 = VERTEX_POINT('',#471);
#471 = CARTESIAN_POINT('',(17.564161358811,1.552082271646,4.264310994483
    ));
#472 = B_SPLINE_CURVE_WITH_KNOTS('',6,(#473,#474,#475,#476,#477,#478,
    #479,#480,#481,#482,#483,#484),.UNSPECIFIED.,.F.,.F.,(7,5,7),(0.,
    0.204766540924,1.),.UNSPECIFIED.);
#473 = CARTESIAN_POINT('',(17.564161358811,1.552082271646,4.264310994483
    ));
#474 = CARTESIAN_POINT('',(17.587584928721,1.560336372043,4.286988948941
    ));
#475 = CARTESIAN_POINT('',(17.610099725833,1.568841031245,4.310355308059
    ));
#476 = CARTESIAN_POINT('',(17.631677820883,1.577592930359,4.334400953253
    ));
#477 = CARTESIAN_POINT('',(17.652295690117,1.586587404063,4.359113066656
    ));
#478 = CARTESIAN_POINT('',(17.671934215287,1.595818440605,4.384475131112
    ));
#479 = CARTESIAN_POINT('',(17.762986534092,1.642018572496,4.511408950258
    ));
#480 = CARTESIAN_POINT('',(17.820438678816,1.682233319793,4.621898060385
    ));
#481 = CARTESIAN_POINT('',(17.861936371554,1.725435676149,4.74059555894)
  );
#482 = CARTESIAN_POINT('',(17.888152783334,1.770989356922,4.865753268237
    ));
#483 = CARTESIAN_POINT('',(17.900467091295,1.818262920415,4.995636316472
    ));
#484 = CARTESIAN_POINT('',(17.900467091295,1.866711757209,5.128748401562
    ));
#485 = ORIENTED_EDGE('',*,*,#486,.F.);
#486 = EDGE_CURVE('',#487,#470,#489,.T.);
#487 = VERTEX_POINT('',#488);
#488 = CARTESIAN_POINT('',(16.700467091295,1.43357338122,3.938710494033)
  );
#489 = B_SPLINE_CURVE_WITH_KNOTS('',6,(#490,#491,#492,#493,#494,#495,
    #496,#497,#498,#499,#500,#501),.UNSPECIFIED.,.F.,.F.,(7,5,7),(0.,
    0.647538355015,1.),.UNSPECIFIED.);
#490 = CARTESIAN_POINT('',(16.700467091295,1.43357338122,3.938710494033)
  );
#491 = CARTESIAN_POINT('',(16.808903846364,1.43357338122,3.938710494033)
  );
#492 = CARTESIAN_POINT('',(16.915102500141,1.436579441646,3.946969577176
    ));
#493 = CARTESIAN_POINT('',(17.018226680139,1.442862590938,3.964232387977
    ));
#494 = CARTESIAN_POINT('',(17.1173867085,1.452631663516,3.991072694295)
  );
#495 = CARTESIAN_POINT('',(17.211718994808,1.465966402433,4.027709588365
    ));
#496 = CARTESIAN_POINT('',(17.348816066701,1.491844223935,4.098808318604
    ));
#497 = CARTESIAN_POINT('',(17.395501971242,1.501981089067,4.126659126659
    ));
#498 = CARTESIAN_POINT('',(17.440441506276,1.513113184497,4.157244307485
    ));
#499 = CARTESIAN_POINT('',(17.483558277218,1.525206032565,4.190469134488
    ));
#500 = CARTESIAN_POINT('',(17.524805527866,1.538213891162,4.226207932258
    ));
#501 = CARTESIAN_POINT('',(17.564161358811,1.552082271646,4.264310994483
    ));
#502 = ORIENTED_EDGE('',*,*,#503,.F.);
#503 = EDGE_CURVE('',#504,#487,#506,.T.);
#504 = VERTEX_POINT('',#505);
#505 = CARTESIAN_POINT('',(15.770530785563,1.584381753547,4.353053091665
    ));
#506 = B_SPLINE_CURVE_WITH_KNOTS('',5,(#507,#508,#509,#510,#511,#512,
    #513,#514,#515,#516,#517,#518,#519,#520),.UNSPECIFIED.,.F.,.F.,(6,4,
    4,6),(0.,0.169836526531,0.516554893855,1.),.UNSPECIFIED.);
#507 = CARTESIAN_POINT('',(15.770530785563,1.584381753547,4.353053091665
    ));
#508 = CARTESIAN_POINT('',(15.794342434049,1.574525348577,4.325972841575
    ));
#509 = CARTESIAN_POINT('',(15.818895450252,1.564986996411,4.299766434379
    ));
#510 = CARTESIAN_POINT('',(15.844196366506,1.555785873031,4.27448655566)
  );
#511 = CARTESIAN_POINT('',(15.870245119551,1.546940560998,4.250184260579
    ));
#512 = CARTESIAN_POINT('',(15.951726236931,1.521174603333,4.179392873707
    ));
#513 = CARTESIAN_POINT('',(16.009512367646,1.505435708977,4.136150616855
    ));
#514 = CARTESIAN_POINT('',(16.070318092349,1.491408983579,4.097612505556
    ));
#515 = CARTESIAN_POINT('',(16.13396299566,1.479213710317,4.064106267643)
  );
#516 = CARTESIAN_POINT('',(16.292344093168,1.454521874085,3.99626600515)
  );
#517 = CARTESIAN_POINT('',(16.389481705171,1.443797198145,3.966800200176
    ));
#518 = CARTESIAN_POINT('',(16.490584104917,1.436877018049,3.947787161622
    ));
#519 = CARTESIAN_POINT('',(16.594579471494,1.43357338122,3.938710494033)
  );
#520 = CARTESIAN_POINT('',(16.700467091295,1.43357338122,3.938710494033)
  );
#521 = ORIENTED_EDGE('',*,*,#522,.F.);
#522 = EDGE_CURVE('',#523,#504,#525,.T.);
#523 = VERTEX_POINT('',#524);
#524 = CARTESIAN_POINT('',(15.406199575372,2.078749722923,5.711317924427
    ));
#525 = B_SPLINE_CURVE_WITH_KNOTS('',6,(#526,#527,#528,#529,#530,#531,
    #532,#533,#534,#535,#536,#537),.UNSPECIFIED.,.F.,.F.,(7,5,7),(0.,
    0.61117065494,1.),.UNSPECIFIED.);
#526 = CARTESIAN_POINT('',(15.406199575372,2.078749722923,5.711317924427
    ));
#527 = CARTESIAN_POINT('',(15.406199575372,2.021862542661,5.555021681203
    ));
#528 = CARTESIAN_POINT('',(15.412193047712,1.96565249989,5.400585857944)
  );
#529 = CARTESIAN_POINT('',(15.425164659819,1.910238387328,5.248336834958
    ));
#530 = CARTESIAN_POINT('',(15.44645593226,1.85597167094,5.099240257054)
  );
#531 = CARTESIAN_POINT('',(15.477776144822,1.803437923053,4.954904970975
    ));
#532 = CARTESIAN_POINT('',(15.54894326803,1.721677012269,4.730268714803)
  );
#533 = CARTESIAN_POINT('',(15.581527479793,1.690941345643,4.645823164775
    ));
#534 = CARTESIAN_POINT('',(15.619545623001,1.661499209019,4.564931559222
    ));
#535 = CARTESIAN_POINT('',(15.66350858367,1.633673644385,4.488481448706)
  );
#536 = CARTESIAN_POINT('',(15.713835285297,1.607849839382,4.417531127576
    ));
#537 = CARTESIAN_POINT('',(15.770530785563,1.584381753547,4.353053091665
    ));
#538 = ORIENTED_EDGE('',*,*,#539,.F.);
#539 = EDGE_CURVE('',#540,#523,#542,.T.);
#540 = VERTEX_POINT('',#541);
#541 = CARTESIAN_POINT('',(15.785817409766,2.586653266548,7.1067714418)
  );
#542 = B_SPLINE_CURVE_WITH_KNOTS('',6,(#543,#544,#545,#546,#547,#548,
    #549,#550,#551,#552,#553,#554),.UNSPECIFIED.,.F.,.F.,(7,5,7),(0.,
    0.390711467859,1.),.UNSPECIFIED.);
#543 = CARTESIAN_POINT('',(15.785817409766,2.586653266548,7.1067714418)
  );
#544 = CARTESIAN_POINT('',(15.726490509363,2.562340387553,7.039972355759
    ));
#545 = CARTESIAN_POINT('',(15.673828830083,2.535595698069,6.966491925311
    ));
#546 = CARTESIAN_POINT('',(15.627850113943,2.506787295132,6.887341488751
    ));
#547 = CARTESIAN_POINT('',(15.588120315736,2.476317730848,6.803627048899
    ));
#548 = CARTESIAN_POINT('',(15.554102930147,2.444524811025,6.716276719587
    ));
#549 = CARTESIAN_POINT('',(15.480249961184,2.360402542883,6.485152687396
    ));
#550 = CARTESIAN_POINT('',(15.447842369611,2.306575472003,6.337264025596
    ));
#551 = CARTESIAN_POINT('',(15.42581632387,2.251021796722,6.184631557194)
  );
#552 = CARTESIAN_POINT('',(15.41239873239,2.194337162556,6.028891804792)
  );
#553 = CARTESIAN_POINT('',(15.406199575372,2.136875293126,5.871016616055
    ));
#554 = CARTESIAN_POINT('',(15.406199575372,2.078749722923,5.711317924427
    ));
#555 = ORIENTED_EDGE('',*,*,#556,.F.);
#556 = EDGE_CURVE('',#557,#540,#559,.T.);
#557 = VERTEX_POINT('',#558);
#558 = CARTESIAN_POINT('',(16.771804670913,2.742283324123,7.534361510774
    ));
#559 = B_SPLINE_CURVE_WITH_KNOTS('',5,(#560,#561,#562,#563,#564,#565,
    #566,#567,#568,#569,#570,#571,#572,#573),.UNSPECIFIED.,.F.,.F.,(6,4,
    4,6),(0.,0.176557703039,0.533199595664,1.),.UNSPECIFIED.);
#560 = CARTESIAN_POINT('',(16.771804670913,2.742283324123,7.534361510774
    ));
#561 = CARTESIAN_POINT('',(16.730807137199,2.742283324123,7.534361510774
    ));
#562 = CARTESIAN_POINT('',(16.690071588713,2.741838773658,7.533140118411
    ));
#563 = CARTESIAN_POINT('',(16.649644490297,2.740932558808,7.530650313572
    ));
#564 = CARTESIAN_POINT('',(16.609576367628,2.739550062498,7.526851936177
    ));
#565 = CARTESIAN_POINT('',(16.489820643508,2.733900000003,7.511328517055
    ));
#566 = CARTESIAN_POINT('',(16.411394453726,2.728127839457,7.495469636293
    ));
#567 = CARTESIAN_POINT('',(16.335120486454,2.720266260123,7.473870124593
    ));
#568 = CARTESIAN_POINT('',(16.261458967662,2.71027964315,7.446432119961)
  );
#569 = CARTESIAN_POINT('',(16.098324739016,2.68247300408,7.370034007006)
  );
#570 = CARTESIAN_POINT('',(16.010961077089,2.663180127779,7.317027265014
    ));
#571 = CARTESIAN_POINT('',(15.929629550443,2.640510419915,7.254742754552
    ));
#572 = CARTESIAN_POINT('',(15.854599207492,2.614851402068,7.184245182412
    ));
#573 = CARTESIAN_POINT('',(15.785817409766,2.586653266548,7.1067714418)
  );
#574 = ORIENTED_EDGE('',*,*,#575,.F.);
#575 = EDGE_CURVE('',#576,#557,#578,.T.);
#576 = VERTEX_POINT('',#577);
#577 = CARTESIAN_POINT('',(17.476178343949,2.660314674911,7.309154497963
    ));
#578 = B_SPLINE_CURVE_WITH_KNOTS('',6,(#579,#580,#581,#582,#583,#584,
    #585,#586,#587,#588,#589,#590),.UNSPECIFIED.,.F.,.F.,(7,5,7),(0.,
    0.206808744163,1.),.UNSPECIFIED.);
#579 = CARTESIAN_POINT('',(17.476178343949,2.660314674911,7.309154497963
    ));
#580 = CARTESIAN_POINT('',(17.456714449754,2.666035191914,7.324871489254
    ));
#581 = CARTESIAN_POINT('',(17.436787128284,2.67152648783,7.339958700788)
  );
#582 = CARTESIAN_POINT('',(17.416401986197,2.67678441616,7.354404740148)
  );
#583 = CARTESIAN_POINT('',(17.395566102194,2.681805507705,7.368200075789
    ));
#584 = CARTESIAN_POINT('',(17.374288027013,2.686586970567,7.381337037035
    ));
#585 = CARTESIAN_POINT('',(17.269310630329,2.708538264749,7.441647722127
    ));
#586 = CARTESIAN_POINT('',(17.179661741169,2.722399027597,7.479729855069
    ));
#587 = CARTESIAN_POINT('',(17.084253911942,2.732573345333,7.507683563305
    ));
#588 = CARTESIAN_POINT('',(16.983893962122,2.739134820723,7.525711068777
    ));
#589 = CARTESIAN_POINT('',(16.879458055704,2.742283324123,7.534361510774
    ));
#590 = CARTESIAN_POINT('',(16.771804670913,2.742283324123,7.534361510774
    ));
#591 = ORIENTED_EDGE('',*,*,#592,.F.);
#592 = EDGE_CURVE('',#352,#576,#593,.T.);
#593 = B_SPLINE_CURVE_WITH_KNOTS('',5,(#594,#595,#596,#597,#598,#599,
    #600,#601,#602,#603),.UNSPECIFIED.,.F.,.F.,(6,4,6),(0.,
    0.486165280091,1.),.UNSPECIFIED.);
#594 = CARTESIAN_POINT('',(17.831677282378,2.422367412565,6.655399767646
    ));
#595 = CARTESIAN_POINT('',(17.817712244007,2.450876762357,6.733728562443
    ));
#596 = CARTESIAN_POINT('',(17.799232138056,2.478425397706,6.809417816001
    ));
#597 = CARTESIAN_POINT('',(17.775906503708,2.504855438911,6.882033757407
    ));
#598 = CARTESIAN_POINT('',(17.747435280644,2.529983409648,6.951072289601
    ));
#599 = CARTESIAN_POINT('',(17.678028224919,2.578634422459,7.084739848736
    ));
#600 = CARTESIAN_POINT('',(17.636469968398,2.601988752435,7.148905342989
    ));
#601 = CARTESIAN_POINT('',(17.588878782621,2.623484698909,7.207964970538
    ));
#602 = CARTESIAN_POINT('',(17.535321594358,2.642955126522,7.26145953075)
  );
#603 = CARTESIAN_POINT('',(17.476178343949,2.660314674911,7.309154497963
    ));
#604 = FACE_BOUND('',#605,.T.);
#605 = EDGE_LOOP('',(#606,#616,#624,#639,#647,#659,#678,#686));
#606 = ORIENTED_EDGE('',*,*,#607,.F.);
#607 = EDGE_CURVE('',#608,#610,#612,.T.);
#608 = VERTEX_POINT('',#609);
#609 = CARTESIAN_POINT('',(13.619702760085,1.455880937065,4.));
#610 = VERTEX_POINT('',#611);
#611 = CARTESIAN_POINT('',(14.335626326964,1.455880937065,4.));
#612 = LINE('',#613,#614);
#613 = CARTESIAN_POINT('',(6.667813163482,1.455880937065,4.));
#614 = VECTOR('',#615,1.);
#615 = DIRECTION('',(1.,0.,0.));
#616 = ORIENTED_EDGE('',*,*,#617,.F.);
#617 = EDGE_CURVE('',#618,#608,#620,.T.);
#618 = VERTEX_POINT('',#619);
#619 = CARTESIAN_POINT('',(13.619702760085,2.382109245376,6.544791362346
    ));
#620 = LINE('',#621,#622);
#621 = CARTESIAN_POINT('',(13.619702760085,0.727940468532,2.));
#622 = VECTOR('',#623,1.);
#623 = DIRECTION('',(-0.,-0.342020143326,-0.939692620786));
#624 = ORIENTED_EDGE('',*,*,#625,.F.);
#625 = EDGE_CURVE('',#626,#618,#628,.T.);
#626 = VERTEX_POINT('',#627);
#627 = CARTESIAN_POINT('',(12.694861995754,2.195748205922,6.032768614578
    ));
#628 = B_SPLINE_CURVE_WITH_KNOTS('',5,(#629,#630,#631,#632,#633,#634,
    #635,#636,#637,#638),.UNSPECIFIED.,.F.,.F.,(6,4,6),(0.,
    0.723532752039,1.),.UNSPECIFIED.);
#629 = CARTESIAN_POINT('',(12.694861995754,2.195748205922,6.032768614578
    ));
#630 = CARTESIAN_POINT('',(12.845941232481,2.212873359269,6.079819586705
    ));
#631 = CARTESIAN_POINT('',(12.991920602472,2.233522330948,6.136552170127
    ));
#632 = CARTESIAN_POINT('',(13.131890783973,2.257803848753,6.203265092008
    ));
#633 = CARTESIAN_POINT('',(13.265032151782,2.28572395818,6.279974962205)
  );
#634 = CARTESIAN_POINT('',(13.43875018235,2.329123500893,6.399214225825)
  );
#635 = CARTESIAN_POINT('',(13.485691523854,2.341630760276,6.433577638559
    ));
#636 = CARTESIAN_POINT('',(13.531513873834,2.354638420102,6.469315890211
    ));
#637 = CARTESIAN_POINT('',(13.576190867025,2.368135679869,6.506399306646
    ));
#638 = CARTESIAN_POINT('',(13.619702760085,2.382109245376,6.544791362346
    ));
#639 = ORIENTED_EDGE('',*,*,#640,.F.);
#640 = EDGE_CURVE('',#641,#626,#643,.T.);
#641 = VERTEX_POINT('',#642);
#642 = CARTESIAN_POINT('',(12.694861995754,2.418823764371,6.64566367425)
  );
#643 = LINE('',#644,#645);
#644 = CARTESIAN_POINT('',(12.694861995754,1.097874102961,3.016384307289
    ));
#645 = VECTOR('',#646,1.);
#646 = DIRECTION('',(-0.,-0.342020143326,-0.939692620786));
#647 = ORIENTED_EDGE('',*,*,#648,.F.);
#648 = EDGE_CURVE('',#649,#641,#651,.T.);
#649 = VERTEX_POINT('',#650);
#650 = CARTESIAN_POINT('',(13.303779193206,2.537797395544,6.972541039408
    ));
#651 = B_SPLINE_CURVE_WITH_KNOTS('',6,(#652,#653,#654,#655,#656,#657,
    #658),.UNSPECIFIED.,.F.,.F.,(7,7),(0.,1.),.PIECEWISE_BEZIER_KNOTS.);
#652 = CARTESIAN_POINT('',(13.303779193206,2.537797395544,6.972541039408
    ));
#653 = CARTESIAN_POINT('',(13.200708334237,2.5103242775,6.89705926794));
#654 = CARTESIAN_POINT('',(13.097838345193,2.485461594455,6.828749607688
    ));
#655 = CARTESIAN_POINT('',(12.995410107133,2.463520866936,6.768467954263
    ));
#656 = CARTESIAN_POINT('',(12.893780178721,2.444859708824,6.717196843729
    ));
#657 = CARTESIAN_POINT('',(12.793413687397,2.429855036128,6.675971844309
    ));
#658 = CARTESIAN_POINT('',(12.694861995754,2.418823764371,6.64566367425)
  );
#659 = ORIENTED_EDGE('',*,*,#660,.F.);
#660 = EDGE_CURVE('',#661,#649,#663,.T.);
#661 = VERTEX_POINT('',#662);
#662 = CARTESIAN_POINT('',(13.754734607219,2.742283324123,7.534361510774
    ));
#663 = B_SPLINE_CURVE_WITH_KNOTS('',5,(#664,#665,#666,#667,#668,#669,
    #670,#671,#672,#673,#674,#675,#676,#677),.UNSPECIFIED.,.F.,.F.,(6,4,
    4,6),(0.,7.672019752048E-02,0.533182313786,1.),.UNSPECIFIED.);
#664 = CARTESIAN_POINT('',(13.754734607219,2.742283324123,7.534361510774
    ));
#665 = CARTESIAN_POINT('',(13.750920076041,2.738639373968,7.524349840005
    ));
#666 = CARTESIAN_POINT('',(13.746979298753,2.735012433289,7.514384902388
    ));
#667 = CARTESIAN_POINT('',(13.742912427595,2.731402756931,7.504467398103
    ));
#668 = CARTESIAN_POINT('',(13.738719682005,2.727810590957,7.494598003202
    ));
#669 = CARTESIAN_POINT('',(13.708708562895,2.702969458038,7.426347551436
    ));
#670 = CARTESIAN_POINT('',(13.678569397191,2.682330394408,7.369642190152
    ));
#671 = CARTESIAN_POINT('',(13.644045785216,2.662370786818,7.314803618997
    ));
#672 = CARTESIAN_POINT('',(13.60528119084,2.643125759746,7.261928341682)
  );
#673 = CARTESIAN_POINT('',(13.518709513772,2.605688263102,7.15906966501)
  );
#674 = CARTESIAN_POINT('',(13.470715332366,2.587528785844,7.109176911294
    ));
#675 = CARTESIAN_POINT('',(13.418715343497,2.570160917499,7.061459085194
    ));
#676 = CARTESIAN_POINT('',(13.362977513127,2.553586930406,7.015922429904
    ));
#677 = CARTESIAN_POINT('',(13.303779193206,2.537797395544,6.972541039408
    ));
#678 = ORIENTED_EDGE('',*,*,#679,.F.);
#679 = EDGE_CURVE('',#680,#661,#682,.T.);
#680 = VERTEX_POINT('',#681);
#681 = CARTESIAN_POINT('',(14.335626326964,2.742283324123,7.534361510774
    ));
#682 = LINE('',#683,#684);
#683 = CARTESIAN_POINT('',(6.377367303609,2.742283324123,7.534361510774)
  );
#684 = VECTOR('',#685,1.);
#685 = DIRECTION('',(-1.,0.,0.));
#686 = ORIENTED_EDGE('',*,*,#687,.F.);
#687 = EDGE_CURVE('',#610,#680,#688,.T.);
#688 = LINE('',#689,#690);
#689 = CARTESIAN_POINT('',(14.335626326964,1.371141662061,3.767180755387
    ));
#690 = VECTOR('',#691,1.);
#691 = DIRECTION('',(0.,0.342020143326,0.939692620786));
#692 = FACE_BOUND('',#693,.T.);
#693 = EDGE_LOOP('',(#694,#704,#715,#730,#745,#767,#782,#797,#814,#831,
    #848,#867,#884,#901,#920,#937));
#694 = ORIENTED_EDGE('',*,*,#695,.F.);
#695 = EDGE_CURVE('',#696,#698,#700,.T.);
#696 = VERTEX_POINT('',#697);
#697 = CARTESIAN_POINT('',(8.863864118896,1.779340496816,4.888697836524)
  );
#698 = VERTEX_POINT('',#699);
#699 = CARTESIAN_POINT('',(8.170870488323,1.753315014997,4.817193412896)
  );
#700 = LINE('',#701,#702);
#701 = CARTESIAN_POINT('',(3.361969018805,1.572715984583,4.321001654857)
  );
#702 = VECTOR('',#703,1.);
#703 = DIRECTION('',(-0.994025520727,-3.733078050948E-02,-0.1025654765)
  );
#704 = ORIENTED_EDGE('',*,*,#705,.F.);
#705 = EDGE_CURVE('',#706,#696,#708,.T.);
#706 = VERTEX_POINT('',#707);
#707 = CARTESIAN_POINT('',(8.996348195329,1.672740588026,4.595816994207)
  );
#708 = B_SPLINE_CURVE_WITH_KNOTS('',5,(#709,#710,#711,#712,#713,#714),
  .UNSPECIFIED.,.F.,.F.,(6,6),(0.,1.),.PIECEWISE_BEZIER_KNOTS.);
#709 = CARTESIAN_POINT('',(8.996348195329,1.672740588026,4.595816994207)
  );
#710 = CARTESIAN_POINT('',(8.952886745484,1.686826652644,4.634518138673)
  );
#711 = CARTESIAN_POINT('',(8.917920194139,1.704723208911,4.683688522904)
  );
#712 = CARTESIAN_POINT('',(8.891649895469,1.726310647545,4.742999523094)
  );
#713 = CARTESIAN_POINT('',(8.873797674871,1.751299992931,4.811657185268)
  );
#714 = CARTESIAN_POINT('',(8.863864118896,1.779340496816,4.888697836524)
  );
#715 = ORIENTED_EDGE('',*,*,#716,.F.);
#716 = EDGE_CURVE('',#717,#706,#719,.T.);
#717 = VERTEX_POINT('',#718);
#718 = CARTESIAN_POINT('',(9.2791507431,1.638059309798,4.500530965399));
#719 = B_SPLINE_CURVE_WITH_KNOTS('',5,(#720,#721,#722,#723,#724,#725,
    #726,#727,#728,#729),.UNSPECIFIED.,.F.,.F.,(6,4,6),(0.,0.80487972317
    ,1.),.UNSPECIFIED.);
#720 = CARTESIAN_POINT('',(9.2791507431,1.638059309798,4.500530965399));
#721 = CARTESIAN_POINT('',(9.223272811042,1.638059309798,4.500530965399)
  );
#722 = CARTESIAN_POINT('',(9.171257966251,1.640249267679,4.506547825225)
  );
#723 = CARTESIAN_POINT('',(9.123398450782,1.6447045705,4.518788669123));
#724 = CARTESIAN_POINT('',(9.079917440388,1.651457017389,4.537340864477)
  );
#725 = CARTESIAN_POINT('',(9.031487696388,1.662664686431,4.568133682095)
  );
#726 = CARTESIAN_POINT('',(9.022302479369,1.664984862966,4.574508314732)
  );
#727 = CARTESIAN_POINT('',(9.013383354387,1.667437984962,4.581248212024)
  );
#728 = CARTESIAN_POINT('',(9.004731621201,1.67002347944,4.58835179972));
#729 = CARTESIAN_POINT('',(8.996348195329,1.672740588026,4.595816994207)
  );
#730 = ORIENTED_EDGE('',*,*,#731,.F.);
#731 = EDGE_CURVE('',#732,#717,#734,.T.);
#732 = VERTEX_POINT('',#733);
#733 = CARTESIAN_POINT('',(9.656220806794,1.708002792187,4.6926991039));
#734 = B_SPLINE_CURVE_WITH_KNOTS('',5,(#735,#736,#737,#738,#739,#740,
    #741,#742,#743,#744),.UNSPECIFIED.,.F.,.F.,(6,4,6),(0.,
    0.684018105596,1.),.UNSPECIFIED.);
#735 = CARTESIAN_POINT('',(9.656220806794,1.708002792187,4.6926991039));
#736 = CARTESIAN_POINT('',(9.614801227152,1.689362068689,4.641484137006)
  );
#737 = CARTESIAN_POINT('',(9.569744505928,1.673512912052,4.597938937028)
  );
#738 = CARTESIAN_POINT('',(9.521035817961,1.660746216027,4.562862727979)
  );
#739 = CARTESIAN_POINT('',(9.468804326018,1.651272832174,4.536834819756)
  );
#740 = CARTESIAN_POINT('',(9.387843026997,1.642295646319,4.512170204329)
  );
#741 = CARTESIAN_POINT('',(9.361586973391,1.640170059087,4.506330201406)
  );
#742 = CARTESIAN_POINT('',(9.334692029308,1.638759187298,4.502453863025)
  );
#743 = CARTESIAN_POINT('',(9.307198221124,1.638059309798,4.500530965399)
  );
#744 = CARTESIAN_POINT('',(9.2791507431,1.638059309798,4.500530965399));
#745 = ORIENTED_EDGE('',*,*,#746,.F.);
#746 = EDGE_CURVE('',#747,#732,#749,.T.);
#747 = VERTEX_POINT('',#748);
#748 = CARTESIAN_POINT('',(9.854946921444,1.998059110765,5.489622289562)
  );
#749 = B_SPLINE_CURVE_WITH_KNOTS('',6,(#750,#751,#752,#753,#754,#755,
    #756,#757,#758,#759,#760,#761,#762,#763,#764,#765,#766),
  .UNSPECIFIED.,.F.,.F.,(7,5,5,7),(0.,0.576649814445,0.950275945132,1.),
  .UNSPECIFIED.);
#750 = CARTESIAN_POINT('',(9.854946921444,1.998059110765,5.489622289562)
  );
#751 = CARTESIAN_POINT('',(9.848093182761,1.9632374872,5.39395066511));
#752 = CARTESIAN_POINT('',(9.839287472039,1.929310193918,5.300736192913)
  );
#753 = CARTESIAN_POINT('',(9.828247388185,1.896424453541,5.210383363805)
  );
#754 = CARTESIAN_POINT('',(9.814617072877,1.864842239441,5.123611943709)
  );
#755 = CARTESIAN_POINT('',(9.797964181797,1.834941695692,5.04146087493)
  );
#756 = CARTESIAN_POINT('',(9.764656022802,1.789278544879,4.916002399169)
  );
#757 = CARTESIAN_POINT('',(9.750071226982,1.772252047915,4.869222483229)
  );
#758 = CARTESIAN_POINT('',(9.733857185343,1.756295139557,4.825381237831)
  );
#759 = CARTESIAN_POINT('',(9.715874316147,1.741590723656,4.784981187176)
  );
#760 = CARTESIAN_POINT('',(9.695997199366,1.728352666515,4.748609924103)
  );
#761 = CARTESIAN_POINT('',(9.671264484089,1.71524587123,4.712599300016)
  );
#762 = CARTESIAN_POINT('',(9.66832506405,1.713736060065,4.708451127933)
  );
#763 = CARTESIAN_POINT('',(9.665351059357,1.712256367775,4.70438570678)
  );
#764 = CARTESIAN_POINT('',(9.662342383282,1.710807276281,4.70040436062)
  );
#765 = CARTESIAN_POINT('',(9.65929897644,1.709389261268,4.696508396391)
  );
#766 = CARTESIAN_POINT('',(9.656220806794,1.708002792187,4.6926991039));
#767 = ORIENTED_EDGE('',*,*,#768,.F.);
#768 = EDGE_CURVE('',#769,#747,#771,.T.);
#769 = VERTEX_POINT('',#770);
#770 = CARTESIAN_POINT('',(9.179787685775,1.890878276041,5.19514536636)
  );
#771 = B_SPLINE_CURVE_WITH_KNOTS('',5,(#772,#773,#774,#775,#776,#777,
    #778,#779,#780,#781),.UNSPECIFIED.,.F.,.F.,(6,4,6),(0.,
    0.469272920612,1.),.UNSPECIFIED.);
#772 = CARTESIAN_POINT('',(9.179787685775,1.890878276041,5.19514536636)
  );
#773 = CARTESIAN_POINT('',(9.254346775412,1.890878276041,5.19514536636)
  );
#774 = CARTESIAN_POINT('',(9.327192005148,1.893147541817,5.201380122839)
  );
#775 = CARTESIAN_POINT('',(9.397839794142,1.897825401402,5.214232436419)
  );
#776 = CARTESIAN_POINT('',(9.465822947529,1.904980884653,5.233891965076)
  );
#777 = CARTESIAN_POINT('',(9.604177430132,1.925381886625,5.289943257329)
  );
#778 = CARTESIAN_POINT('',(9.673720522957,1.939305927091,5.328199244097)
  );
#779 = CARTESIAN_POINT('',(9.738797156633,1.956243449125,5.374734703426)
  );
#780 = CARTESIAN_POINT('',(9.799204051214,1.975936302376,5.428840373058)
  );
#781 = CARTESIAN_POINT('',(9.854946921444,1.998059110765,5.489622289562)
  );
#782 = ORIENTED_EDGE('',*,*,#783,.F.);
#783 = EDGE_CURVE('',#784,#769,#786,.T.);
#784 = VERTEX_POINT('',#785);
#785 = CARTESIAN_POINT('',(8.419193205945,2.00717964792,5.514680759449)
  );
#786 = B_SPLINE_CURVE_WITH_KNOTS('',5,(#787,#788,#789,#790,#791,#792,
    #793,#794,#795,#796),.UNSPECIFIED.,.F.,.F.,(6,4,6),(0.,
    0.592177850075,1.),.UNSPECIFIED.);
#787 = CARTESIAN_POINT('',(8.419193205945,2.00717964792,5.514680759449)
  );
#788 = CARTESIAN_POINT('',(8.492172992436,1.980641657912,5.441768231144)
  );
#789 = CARTESIAN_POINT('',(8.570829224537,1.957255564506,5.377515467581)
  );
#790 = CARTESIAN_POINT('',(8.65513341411,1.937527478764,5.323312997476)
  );
#791 = CARTESIAN_POINT('',(8.744743107357,1.921880313412,5.280322763995)
  );
#792 = CARTESIAN_POINT('',(8.903389471633,1.902541905606,5.22719092522)
  );
#793 = CARTESIAN_POINT('',(8.970163753111,1.896642828362,5.210983343696)
  );
#794 = CARTESIAN_POINT('',(9.038711738351,1.89276904424,5.200340209292)
  );
#795 = CARTESIAN_POINT('',(9.108700158338,1.890878276041,5.19514536636)
  );
#796 = CARTESIAN_POINT('',(9.179787685775,1.890878276041,5.19514536636)
  );
#797 = ORIENTED_EDGE('',*,*,#798,.F.);
#798 = EDGE_CURVE('',#799,#784,#801,.T.);
#799 = VERTEX_POINT('',#800);
#800 = CARTESIAN_POINT('',(8.099532908705,2.310016337034,6.346717724572)
  );
#801 = B_SPLINE_CURVE_WITH_KNOTS('',6,(#802,#803,#804,#805,#806,#807,
    #808,#809,#810,#811,#812,#813),.UNSPECIFIED.,.F.,.F.,(7,5,7),(0.,
    0.780718102499,1.),.UNSPECIFIED.);
#802 = CARTESIAN_POINT('',(8.099532908705,2.310016337034,6.346717724572)
  );
#803 = CARTESIAN_POINT('',(8.099532908705,2.264429026044,6.221467617013)
  );
#804 = CARTESIAN_POINT('',(8.110995460683,2.219950852584,6.099264839772)
  );
#805 = CARTESIAN_POINT('',(8.135244675718,2.177046248316,5.981385408357)
  );
#806 = CARTESIAN_POINT('',(8.173384289299,2.136234590819,5.869256300934)
  );
#807 = CARTESIAN_POINT('',(8.225907441974,2.09802789315,5.764284261815)
  );
#808 = CARTESIAN_POINT('',(8.310595148932,2.05293994617,5.640406145598)
  );
#809 = CARTESIAN_POINT('',(8.330240540269,2.043288841412,5.613889953203)
  );
#810 = CARTESIAN_POINT('',(8.350945629883,2.03388150907,5.588043520016)
  );
#811 = CARTESIAN_POINT('',(8.372690288284,2.024724418104,5.56288461936)
  );
#812 = CARTESIAN_POINT('',(8.395449468474,2.01582259983,5.538427074661)
  );
#813 = CARTESIAN_POINT('',(8.419193205945,2.00717964792,5.514680759449)
  );
#814 = ORIENTED_EDGE('',*,*,#815,.F.);
#815 = EDGE_CURVE('',#816,#799,#818,.T.);
#816 = VERTEX_POINT('',#817);
#817 = CARTESIAN_POINT('',(8.437027600849,2.62330969295,7.207484145616)
  );
#818 = B_SPLINE_CURVE_WITH_KNOTS('',6,(#819,#820,#821,#822,#823,#824,
    #825,#826,#827,#828,#829,#830),.UNSPECIFIED.,.F.,.F.,(7,5,7),(0.,
    0.222880120598,1.),.UNSPECIFIED.);
#819 = CARTESIAN_POINT('',(8.437027600849,2.62330969295,7.207484145616)
  );
#820 = CARTESIAN_POINT('',(8.41152840302,2.614325104707,7.182799192295)
  );
#821 = CARTESIAN_POINT('',(8.387096094197,2.605050738288,7.157318079979)
  );
#822 = CARTESIAN_POINT('',(8.363767095492,2.595490521837,7.131051601156)
  );
#823 = CARTESIAN_POINT('',(8.341571839625,2.585650205,7.104015552845));
#824 = CARTESIAN_POINT('',(8.32053477092,2.575537358924,7.076230736605)
  );
#825 = CARTESIAN_POINT('',(8.231426664019,2.52898326232,6.948324407404)
  );
#826 = CARTESIAN_POINT('',(8.176448309972,2.489588825412,6.840089081546)
  );
#827 = CARTESIAN_POINT('',(8.136638389493,2.447426583238,6.724249273219)
  );
#828 = CARTESIAN_POINT('',(8.111414706638,2.403072029977,6.602386139686)
  );
#829 = CARTESIAN_POINT('',(8.099532908705,2.357100655489,6.476080826337)
  );
#830 = CARTESIAN_POINT('',(8.099532908705,2.310016337034,6.346717724572)
  );
#831 = ORIENTED_EDGE('',*,*,#832,.F.);
#832 = EDGE_CURVE('',#833,#816,#835,.T.);
#833 = VERTEX_POINT('',#834);
#834 = CARTESIAN_POINT('',(9.296985138004,2.742283324123,7.534361510774)
  );
#835 = B_SPLINE_CURVE_WITH_KNOTS('',6,(#836,#837,#838,#839,#840,#841,
    #842,#843,#844,#845,#846,#847),.UNSPECIFIED.,.F.,.F.,(7,5,7),(0.,
    0.625055930977,1.),.UNSPECIFIED.);
#836 = CARTESIAN_POINT('',(9.296985138004,2.742283324123,7.534361510774)
  );
#837 = CARTESIAN_POINT('',(9.19295311584,2.742283324123,7.534361510774)
  );
#838 = CARTESIAN_POINT('',(9.0909758345,2.739451207972,7.5265803356));
#839 = CARTESIAN_POINT('',(8.991797454418,2.73354821219,7.510361987981)
  );
#840 = CARTESIAN_POINT('',(8.896201401331,2.724393802953,7.485210455315)
  );
#841 = CARTESIAN_POINT('',(8.804946367329,2.71192153753,7.450943187698)
  );
#842 = CARTESIAN_POINT('',(8.6669364456,2.686856248244,7.38207687137));
#843 = CARTESIAN_POINT('',(8.616974341964,2.67630634104,7.353091239549)
  );
#844 = CARTESIAN_POINT('',(8.568929739921,2.664628551159,7.321006775543)
  );
#845 = CARTESIAN_POINT('',(8.522893016522,2.651864387797,7.285937524927)
  );
#846 = CARTESIAN_POINT('',(8.478917825557,2.638069407109,7.248036126986)
  );
#847 = CARTESIAN_POINT('',(8.437027600849,2.62330969295,7.207484145616)
  );
#848 = ORIENTED_EDGE('',*,*,#849,.F.);
#849 = EDGE_CURVE('',#850,#833,#852,.T.);
#850 = VERTEX_POINT('',#851);
#851 = CARTESIAN_POINT('',(10.229469214437,2.591591136983,7.120338129319
    ));
#852 = B_SPLINE_CURVE_WITH_KNOTS('',5,(#853,#854,#855,#856,#857,#858,
    #859,#860,#861,#862,#863,#864,#865,#866),.UNSPECIFIED.,.F.,.F.,(6,4,
    4,6),(0.,0.165605389874,0.508331823504,1.),.UNSPECIFIED.);
#853 = CARTESIAN_POINT('',(10.229469214437,2.591591136983,7.120338129319
    ));
#854 = CARTESIAN_POINT('',(10.206219278058,2.601207616894,7.14675919073)
  );
#855 = CARTESIAN_POINT('',(10.18225792303,2.610520325941,7.172345648549)
  );
#856 = CARTESIAN_POINT('',(10.157579274456,2.619511463985,7.197048597302
    ));
#857 = CARTESIAN_POINT('',(10.132183499381,2.628163793558,7.22082067743)
  );
#858 = CARTESIAN_POINT('',(10.052048048122,2.653631267844,7.29079198796)
  );
#859 = CARTESIAN_POINT('',(9.994968772003,2.669281562563,7.333790819309)
  );
#860 = CARTESIAN_POINT('',(9.934911605317,2.68326028381,7.372197040288)
  );
#861 = CARTESIAN_POINT('',(9.872050645538,2.695452035847,7.405693603714)
  );
#862 = CARTESIAN_POINT('',(9.712972879931,2.720659995689,7.47495190417)
  );
#863 = CARTESIAN_POINT('',(9.614092309051,2.731738103462,7.505388755126)
  );
#864 = CARTESIAN_POINT('',(9.511057543603,2.738878761876,7.525007552879)
  );
#865 = CARTESIAN_POINT('',(9.405003497911,2.742283324123,7.534361510774)
  );
#866 = CARTESIAN_POINT('',(9.296985138004,2.742283324123,7.534361510774)
  );
#867 = ORIENTED_EDGE('',*,*,#868,.F.);
#868 = EDGE_CURVE('',#869,#850,#871,.T.);
#869 = VERTEX_POINT('',#870);
#870 = CARTESIAN_POINT('',(10.593800424628,2.095770852773,5.758083094345
    ));
#871 = B_SPLINE_CURVE_WITH_KNOTS('',6,(#872,#873,#874,#875,#876,#877,
    #878,#879,#880,#881,#882,#883),.UNSPECIFIED.,.F.,.F.,(7,5,7),(0.,
    0.613584810489,1.),.UNSPECIFIED.);
#872 = CARTESIAN_POINT('',(10.593800424628,2.095770852773,5.758083094345
    ));
#873 = CARTESIAN_POINT('',(10.593800424628,2.153046954822,5.915447891399
    ));
#874 = CARTESIAN_POINT('',(10.587779780296,2.209639800483,6.070935456956
    ));
#875 = CARTESIAN_POINT('',(10.574742120835,2.265432655553,6.224225066426
    ));
#876 = CARTESIAN_POINT('',(10.553323290155,2.320068957627,6.374337072657
    ));
#877 = CARTESIAN_POINT('',(10.521781233102,2.372951117948,6.519629614031
    ));
#878 = CARTESIAN_POINT('',(10.450278307409,2.454887538562,6.744748079501
    ));
#879 = CARTESIAN_POINT('',(10.417773929713,2.485496878794,6.828846550611
    ));
#880 = CARTESIAN_POINT('',(10.379874685826,2.514816955003,6.909402797933
    ));
#881 = CARTESIAN_POINT('',(10.336069829699,2.542524970799,6.985529945671
    ));
#882 = CARTESIAN_POINT('',(10.285938054437,2.568234881008,7.056167343425
    ));
#883 = CARTESIAN_POINT('',(10.229469214437,2.591591136983,7.120338129319
    ));
#884 = ORIENTED_EDGE('',*,*,#885,.F.);
#885 = EDGE_CURVE('',#886,#869,#888,.T.);
#886 = VERTEX_POINT('',#887);
#887 = CARTESIAN_POINT('',(10.214182590234,1.589087253608,4.36598134683)
  );
#888 = B_SPLINE_CURVE_WITH_KNOTS('',6,(#889,#890,#891,#892,#893,#894,
    #895,#896,#897,#898,#899,#900),.UNSPECIFIED.,.F.,.F.,(7,5,7),(0.,
    0.392954247955,1.),.UNSPECIFIED.);
#889 = CARTESIAN_POINT('',(10.214182590234,1.589087253608,4.36598134683)
  );
#890 = CARTESIAN_POINT('',(10.27376211541,1.613494543876,4.433039825713)
  );
#891 = CARTESIAN_POINT('',(10.326634158594,1.640344244607,4.50680877219)
  );
#892 = CARTESIAN_POINT('',(10.372776104416,1.66926763507,4.586275134382)
  );
#893 = CARTESIAN_POINT('',(10.412622586947,1.699860593467,4.670328596772
    ));
#894 = CARTESIAN_POINT('',(10.446712971748,1.731783439946,4.758035896636
    ));
#895 = CARTESIAN_POINT('',(10.520228210843,1.815768248257,4.98878226105)
  );
#896 = CARTESIAN_POINT('',(10.552405640879,1.869287485912,5.135825158013
    ));
#897 = CARTESIAN_POINT('',(10.574291342406,1.924515209892,5.287562082577
    ));
#898 = CARTESIAN_POINT('',(10.587634168393,1.980865179314,5.442382351149
    ));
#899 = CARTESIAN_POINT('',(10.593800424628,2.037988795152,5.59932819578)
  );
#900 = CARTESIAN_POINT('',(10.593800424628,2.095770852773,5.758083094345
    ));
#901 = ORIENTED_EDGE('',*,*,#902,.F.);
#902 = EDGE_CURVE('',#903,#886,#905,.T.);
#903 = VERTEX_POINT('',#904);
#904 = CARTESIAN_POINT('',(9.225647558386,1.43357338122,3.938710494033)
  );
#905 = B_SPLINE_CURVE_WITH_KNOTS('',5,(#906,#907,#908,#909,#910,#911,
    #912,#913,#914,#915,#916,#917,#918,#919),.UNSPECIFIED.,.F.,.F.,(6,4,
    4,6),(0.,0.178790459044,0.539448579199,1.),.UNSPECIFIED.);
#906 = CARTESIAN_POINT('',(9.225647558386,1.43357338122,3.938710494033)
  );
#907 = CARTESIAN_POINT('',(9.267279600351,1.43357338122,3.938710494033)
  );
#908 = CARTESIAN_POINT('',(9.308642086739,1.434027627179,3.93995852455)
  );
#909 = CARTESIAN_POINT('',(9.349686813342,1.434953993917,3.942503696242)
  );
#910 = CARTESIAN_POINT('',(9.390361236996,1.436367782294,3.946388047885)
  );
#911 = CARTESIAN_POINT('',(9.511795656869,1.442142534264,3.962254048525)
  );
#912 = CARTESIAN_POINT('',(9.591257721642,1.448038711099,3.97845366124)
  );
#913 = CARTESIAN_POINT('',(9.668498906013,1.456071023823,4.000522259076)
  );
#914 = CARTESIAN_POINT('',(9.743040241686,1.466277243531,4.028563617262)
  );
#915 = CARTESIAN_POINT('',(9.905691164309,1.494303834864,4.105566044094)
  );
#916 = CARTESIAN_POINT('',(9.991874499852,1.513456148443,4.158186593181)
  );
#917 = CARTESIAN_POINT('',(10.072141875247,1.535894853129,4.219836427628
    ));
#918 = CARTESIAN_POINT('',(10.146229056337,1.561249475081,4.289497678921
    ));
#919 = CARTESIAN_POINT('',(10.214182590234,1.589087253608,4.36598134683)
  );
#920 = ORIENTED_EDGE('',*,*,#921,.F.);
#921 = EDGE_CURVE('',#922,#903,#924,.T.);
#922 = VERTEX_POINT('',#923);
#923 = CARTESIAN_POINT('',(8.517367303609,1.513741160038,4.158969656102)
  );
#924 = B_SPLINE_CURVE_WITH_KNOTS('',6,(#925,#926,#927,#928,#929,#930,
    #931,#932,#933,#934,#935,#936),.UNSPECIFIED.,.F.,.F.,(7,5,7),(0.,
    0.11127926769,1.),.UNSPECIFIED.);
#925 = CARTESIAN_POINT('',(8.517367303609,1.513741160038,4.158969656102)
  );
#926 = CARTESIAN_POINT('',(8.527619861655,1.510697712054,4.150607851491)
  );
#927 = CARTESIAN_POINT('',(8.538023718917,1.507721838839,4.142431707027)
  );
#928 = CARTESIAN_POINT('',(8.548577736611,1.504814121748,4.134442819979)
  );
#929 = CARTESIAN_POINT('',(8.559280627693,1.501975078548,4.126642612894)
  );
#930 = CARTESIAN_POINT('',(8.57013095686,1.499205163412,4.119032333604)
  );
#931 = CARTESIAN_POINT('',(8.668947060886,1.474938320654,4.052359731086)
  );
#932 = CARTESIAN_POINT('',(8.766105324422,1.457797161756,4.00526478407)
  );
#933 = CARTESIAN_POINT('',(8.87169427536,1.445315498909,3.97097169724));
#934 = CARTESIAN_POINT('',(8.984406429783,1.437351579231,3.949091007754)
  );
#935 = CARTESIAN_POINT('',(9.102832065959,1.43357338122,3.938710494033)
  );
#936 = CARTESIAN_POINT('',(9.225647558386,1.43357338122,3.938710494033)
  );
#937 = ORIENTED_EDGE('',*,*,#938,.F.);
#938 = EDGE_CURVE('',#698,#922,#939,.T.);
#939 = B_SPLINE_CURVE_WITH_KNOTS('',5,(#940,#941,#942,#943,#944,#945,
    #946,#947,#948,#949),.UNSPECIFIED.,.F.,.F.,(6,4,6),(0.,
    0.514466379414,1.),.UNSPECIFIED.);
#940 = CARTESIAN_POINT('',(8.170870488323,1.753315014997,4.817193412896)
  );
#941 = CARTESIAN_POINT('',(8.185509407682,1.722784628917,4.733311866532)
  );
#942 = CARTESIAN_POINT('',(8.204933513813,1.693350497626,4.65244225545)
  );
#943 = CARTESIAN_POINT('',(8.229548310039,1.665205464982,4.575114413789)
  );
#944 = CARTESIAN_POINT('',(8.259745751444,1.638585679032,4.501977152981)
  );
#945 = CARTESIAN_POINT('',(8.329654112125,1.590249836613,4.369175517385)
  );
#946 = CARTESIAN_POINT('',(8.36873806081,1.568339342873,4.308976930585)
  );
#947 = CARTESIAN_POINT('',(8.413107412984,1.548185761985,4.253605422176)
  );
#948 = CARTESIAN_POINT('',(8.462746721415,1.529955152682,4.203517234771)
  );
#949 = CARTESIAN_POINT('',(8.517367303609,1.513741160038,4.158969656102)
  );
#950 = FACE_BOUND('',#951,.T.);
#951 = EDGE_LOOP('',(#952,#962,#970,#978));
#952 = ORIENTED_EDGE('',*,*,#953,.F.);
#953 = EDGE_CURVE('',#954,#956,#958,.T.);
#954 = VERTEX_POINT('',#955);
#955 = CARTESIAN_POINT('',(11.753545647558,2.753437102045,7.565006263758
    ));
#956 = VERTEX_POINT('',#957);
#957 = CARTESIAN_POINT('',(10.828704883227,1.43357338122,3.938710494033)
  );
#958 = LINE('',#959,#960);
#959 = CARTESIAN_POINT('',(10.032484210938,0.297266657234,0.816733428307
    ));
#960 = VECTOR('',#961,1.);
#961 = DIRECTION('',(-0.233057266823,-0.332601938861,-0.913816316689));
#962 = ORIENTED_EDGE('',*,*,#963,.F.);
#963 = EDGE_CURVE('',#964,#954,#966,.T.);
#964 = VERTEX_POINT('',#965);
#965 = CARTESIAN_POINT('',(12.291125265393,2.753437102045,7.565006263758
    ));
#966 = LINE('',#967,#968);
#967 = CARTESIAN_POINT('',(5.376772823779,2.753437102045,7.565006263758)
  );
#968 = VECTOR('',#969,1.);
#969 = DIRECTION('',(-1.,0.,0.));
#970 = ORIENTED_EDGE('',*,*,#971,.F.);
#971 = EDGE_CURVE('',#972,#964,#974,.T.);
#972 = VERTEX_POINT('',#973);
#973 = CARTESIAN_POINT('',(11.356093418259,1.43357338122,3.938710494033)
  );
#974 = LINE('',#975,#976);
#975 = CARTESIAN_POINT('',(11.001385552957,0.932878090103,2.563061487662
    ));
#976 = VECTOR('',#977,1.);
#977 = DIRECTION('',(0.235483715343,0.332401953666,0.913266861879));
#978 = ORIENTED_EDGE('',*,*,#979,.F.);
#979 = EDGE_CURVE('',#956,#972,#980,.T.);
#980 = LINE('',#981,#982);
#981 = CARTESIAN_POINT('',(5.17804670913,1.43357338122,3.938710494033));
#982 = VECTOR('',#983,1.);
#983 = DIRECTION('',(1.,0.,0.));
#984 = PLANE('',#985);
#985 = AXIS2_PLACEMENT_3D('',#986,#987,#988);
#986 = CARTESIAN_POINT('',(-1.,0.,0.));
#987 = DIRECTION('',(0.,-0.939692620786,0.342020143326));
#988 = DIRECTION('',(0.,0.342020143326,0.939692620786));
#989 = ADVANCED_FACE('',(#990),#1001,.T.);
#990 = FACE_BOUND('',#991,.T.);
#991 = EDGE_LOOP('',(#992,#993,#994,#995));
#992 = ORIENTED_EDGE('',*,*,#323,.T.);
#993 = ORIENTED_EDGE('',*,*,#236,.T.);
#994 = ORIENTED_EDGE('',*,*,#134,.F.);
#995 = ORIENTED_EDGE('',*,*,#996,.F.);
#996 = EDGE_CURVE('',#316,#127,#997,.T.);
#997 = LINE('',#998,#999);
#998 = CARTESIAN_POINT('',(4.,12.75,-1.));
#999 = VECTOR('',#1000,1.);
#1000 = DIRECTION('',(0.,0.,1.));
#1001 = PLANE('',#1002);
#1002 = AXIS2_PLACEMENT_3D('',#1003,#1004,#1005);
#1003 = CARTESIAN_POINT('',(4.,6.45,-1.));
#1004 = DIRECTION('',(-1.,0.,0.));
#1005 = DIRECTION('',(0.,1.,0.));
#1006 = ADVANCED_FACE('',(#1007),#1018,.T.);
#1007 = FACE_BOUND('',#1008,.T.);
#1008 = EDGE_LOOP('',(#1009,#1010,#1011,#1012));
#1009 = ORIENTED_EDGE('',*,*,#315,.T.);
#1010 = ORIENTED_EDGE('',*,*,#996,.T.);
#1011 = ORIENTED_EDGE('',*,*,#126,.F.);
#1012 = ORIENTED_EDGE('',*,*,#1013,.F.);
#1013 = EDGE_CURVE('',#308,#119,#1014,.T.);
#1014 = LINE('',#1015,#1016);
#1015 = CARTESIAN_POINT('',(0.,11.75,-1.));
#1016 = VECTOR('',#1017,1.);
#1017 = DIRECTION('',(0.,0.,1.));
#1018 = PLANE('',#1019);
#1019 = AXIS2_PLACEMENT_3D('',#1020,#1021,#1022);
#1020 = CARTESIAN_POINT('',(4.,12.75,-1.));
#1021 = DIRECTION('',(0.242535625036,-0.970142500145,0.));
#1022 = DIRECTION('',(-0.970142500145,-0.242535625036,0.));
#1023 = ADVANCED_FACE('',(#1024),#1035,.F.);
#1024 = FACE_BOUND('',#1025,.F.);
#1025 = EDGE_LOOP('',(#1026,#1027,#1028,#1029));
#1026 = ORIENTED_EDGE('',*,*,#118,.F.);
#1027 = ORIENTED_EDGE('',*,*,#1013,.F.);
#1028 = ORIENTED_EDGE('',*,*,#307,.T.);
#1029 = ORIENTED_EDGE('',*,*,#1030,.T.);
#1030 = EDGE_CURVE('',#300,#111,#1031,.T.);
#1031 = LINE('',#1032,#1033);
#1032 = CARTESIAN_POINT('',(0.,32.,0.));
#1033 = VECTOR('',#1034,1.);
#1034 = DIRECTION('',(0.,0.,1.));
#1035 = PLANE('',#1036);
#1036 = AXIS2_PLACEMENT_3D('',#1037,#1038,#1039);
#1037 = CARTESIAN_POINT('',(0.,0.,0.));
#1038 = DIRECTION('',(1.,0.,0.));
#1039 = DIRECTION('',(0.,0.,1.));
#1040 = ADVANCED_FACE('',(#1041),#1052,.T.);
#1041 = FACE_BOUND('',#1042,.T.);
#1042 = EDGE_LOOP('',(#1043,#1044,#1045,#1046));
#1043 = ORIENTED_EDGE('',*,*,#299,.F.);
#1044 = ORIENTED_EDGE('',*,*,#1030,.T.);
#1045 = ORIENTED_EDGE('',*,*,#110,.T.);
#1046 = ORIENTED_EDGE('',*,*,#1047,.F.);
#1047 = EDGE_CURVE('',#292,#103,#1048,.T.);
#1048 = LINE('',#1049,#1050);
#1049 = CARTESIAN_POINT('',(26.,32.,0.));
#1050 = VECTOR('',#1051,1.);
#1051 = DIRECTION('',(0.,0.,1.));
#1052 = PLANE('',#1053);
#1053 = AXIS2_PLACEMENT_3D('',#1054,#1055,#1056);
#1054 = CARTESIAN_POINT('',(0.,32.,0.));
#1055 = DIRECTION('',(0.,1.,0.));
#1056 = DIRECTION('',(0.,0.,1.));
#1057 = ADVANCED_FACE('',(#1058),#1069,.T.);
#1058 = FACE_BOUND('',#1059,.T.);
#1059 = EDGE_LOOP('',(#1060,#1061,#1067,#1068));
#1060 = ORIENTED_EDGE('',*,*,#102,.F.);
#1061 = ORIENTED_EDGE('',*,*,#1062,.T.);
#1062 = EDGE_CURVE('',#95,#284,#1063,.T.);
#1063 = LINE('',#1064,#1065);
#1064 = CARTESIAN_POINT('',(26.,11.624390243902,0.));
#1065 = VECTOR('',#1066,1.);
#1066 = DIRECTION('',(0.,0.,-1.));
#1067 = ORIENTED_EDGE('',*,*,#291,.T.);
#1068 = ORIENTED_EDGE('',*,*,#1047,.T.);
#1069 = PLANE('',#1070);
#1070 = AXIS2_PLACEMENT_3D('',#1071,#1072,#1073);
#1071 = CARTESIAN_POINT('',(26.,0.,0.));
#1072 = DIRECTION('',(1.,0.,0.));
#1073 = DIRECTION('',(0.,0.,1.));
#1074 = ADVANCED_FACE('',(#1075),#1086,.T.);
#1075 = FACE_BOUND('',#1076,.T.);
#1076 = EDGE_LOOP('',(#1077,#1078,#1084,#1085));
#1077 = ORIENTED_EDGE('',*,*,#78,.T.);
#1078 = ORIENTED_EDGE('',*,*,#1079,.T.);
#1079 = EDGE_CURVE('',#71,#95,#1080,.T.);
#1080 = LINE('',#1081,#1082);
#1081 = CARTESIAN_POINT('',(26.,0.,10.));
#1082 = VECTOR('',#1083,1.);
#1083 = DIRECTION('',(0.,1.,0.));
#1084 = ORIENTED_EDGE('',*,*,#94,.T.);
#1085 = ORIENTED_EDGE('',*,*,#86,.T.);
#1086 = PLANE('',#1087);
#1087 = AXIS2_PLACEMENT_3D('',#1088,#1089,#1090);
#1088 = CARTESIAN_POINT('',(0.,0.,10.));
#1089 = DIRECTION('',(0.,0.,1.));
#1090 = DIRECTION('',(1.,0.,0.));
#1091 = ADVANCED_FACE('',(#1092),#1103,.T.);
#1092 = FACE_BOUND('',#1093,.T.);
#1093 = EDGE_LOOP('',(#1094,#1095,#1096,#1097));
#1094 = ORIENTED_EDGE('',*,*,#70,.F.);
#1095 = ORIENTED_EDGE('',*,*,#340,.T.);
#1096 = ORIENTED_EDGE('',*,*,#259,.T.);
#1097 = ORIENTED_EDGE('',*,*,#1098,.T.);
#1098 = EDGE_CURVE('',#260,#71,#1099,.T.);
#1099 = LINE('',#1100,#1101);
#1100 = CARTESIAN_POINT('',(26.,7.575609756098,0.));
#1101 = VECTOR('',#1102,1.);
#1102 = DIRECTION('',(0.,0.,1.));
#1103 = PLANE('',#1104);
#1104 = AXIS2_PLACEMENT_3D('',#1105,#1106,#1107);
#1105 = CARTESIAN_POINT('',(26.,0.,0.));
#1106 = DIRECTION('',(1.,0.,0.));
#1107 = DIRECTION('',(0.,0.,1.));
#1108 = ADVANCED_FACE('',(#1109),#1135,.T.);
#1109 = FACE_BOUND('',#1110,.T.);
#1110 = EDGE_LOOP('',(#1111,#1119,#1120,#1128));
#1111 = ORIENTED_EDGE('',*,*,#1112,.F.);
#1112 = EDGE_CURVE('',#151,#1113,#1115,.T.);
#1113 = VERTEX_POINT('',#1114);
#1114 = CARTESIAN_POINT('',(8.1,25.34,20.5));
#1115 = LINE('',#1116,#1117);
#1116 = CARTESIAN_POINT('',(8.1,25.34,9.9));
#1117 = VECTOR('',#1118,1.);
#1118 = DIRECTION('',(0.,0.,1.));
#1119 = ORIENTED_EDGE('',*,*,#150,.T.);
#1120 = ORIENTED_EDGE('',*,*,#1121,.T.);
#1121 = EDGE_CURVE('',#153,#1122,#1124,.T.);
#1122 = VERTEX_POINT('',#1123);
#1123 = CARTESIAN_POINT('',(7.5,24.74,20.5));
#1124 = LINE('',#1125,#1126);
#1125 = CARTESIAN_POINT('',(7.5,24.74,9.9));
#1126 = VECTOR('',#1127,1.);
#1127 = DIRECTION('',(0.,0.,1.));
#1128 = ORIENTED_EDGE('',*,*,#1129,.F.);
#1129 = EDGE_CURVE('',#1113,#1122,#1130,.T.);
#1130 = CIRCLE('',#1131,0.6);
#1131 = AXIS2_PLACEMENT_3D('',#1132,#1133,#1134);
#1132 = CARTESIAN_POINT('',(8.1,24.74,20.5));
#1133 = DIRECTION('',(0.,-0.,1.));
#1134 = DIRECTION('',(0.,1.,0.));
#1135 = CYLINDRICAL_SURFACE('',#1136,0.6);
#1136 = AXIS2_PLACEMENT_3D('',#1137,#1138,#1139);
#1137 = CARTESIAN_POINT('',(8.1,24.74,9.9));
#1138 = DIRECTION('',(0.,0.,1.));
#1139 = DIRECTION('',(0.,1.,0.));
#1140 = ADVANCED_FACE('',(#1141),#1159,.F.);
#1141 = FACE_BOUND('',#1142,.F.);
#1142 = EDGE_LOOP('',(#1143,#1144,#1152,#1158));
#1143 = ORIENTED_EDGE('',*,*,#161,.T.);
#1144 = ORIENTED_EDGE('',*,*,#1145,.T.);
#1145 = EDGE_CURVE('',#162,#1146,#1148,.T.);
#1146 = VERTEX_POINT('',#1147);
#1147 = CARTESIAN_POINT('',(17.9,25.34,20.5));
#1148 = LINE('',#1149,#1150);
#1149 = CARTESIAN_POINT('',(17.9,25.34,9.9));
#1150 = VECTOR('',#1151,1.);
#1151 = DIRECTION('',(0.,0.,1.));
#1152 = ORIENTED_EDGE('',*,*,#1153,.T.);
#1153 = EDGE_CURVE('',#1146,#1113,#1154,.T.);
#1154 = LINE('',#1155,#1156);
#1155 = CARTESIAN_POINT('',(17.9,25.34,20.5));
#1156 = VECTOR('',#1157,1.);
#1157 = DIRECTION('',(-1.,0.,0.));
#1158 = ORIENTED_EDGE('',*,*,#1112,.F.);
#1159 = PLANE('',#1160);
#1160 = AXIS2_PLACEMENT_3D('',#1161,#1162,#1163);
#1161 = CARTESIAN_POINT('',(18.5,25.34,9.9));
#1162 = DIRECTION('',(0.,-1.,0.));
#1163 = DIRECTION('',(-1.,0.,0.));
#1164 = ADVANCED_FACE('',(#1165),#1183,.F.);
#1165 = FACE_BOUND('',#1166,.F.);
#1166 = EDGE_LOOP('',(#1167,#1168,#1169,#1177));
#1167 = ORIENTED_EDGE('',*,*,#212,.T.);
#1168 = ORIENTED_EDGE('',*,*,#1121,.T.);
#1169 = ORIENTED_EDGE('',*,*,#1170,.T.);
#1170 = EDGE_CURVE('',#1122,#1171,#1173,.T.);
#1171 = VERTEX_POINT('',#1172);
#1172 = CARTESIAN_POINT('',(7.5,14.94,20.5));
#1173 = LINE('',#1174,#1175);
#1174 = CARTESIAN_POINT('',(7.5,24.74,20.5));
#1175 = VECTOR('',#1176,1.);
#1176 = DIRECTION('',(0.,-1.,0.));
#1177 = ORIENTED_EDGE('',*,*,#1178,.F.);
#1178 = EDGE_CURVE('',#204,#1171,#1179,.T.);
#1179 = LINE('',#1180,#1181);
#1180 = CARTESIAN_POINT('',(7.5,14.94,9.9));
#1181 = VECTOR('',#1182,1.);
#1182 = DIRECTION('',(0.,0.,1.));
#1183 = PLANE('',#1184);
#1184 = AXIS2_PLACEMENT_3D('',#1185,#1186,#1187);
#1185 = CARTESIAN_POINT('',(7.5,25.34,9.9));
#1186 = DIRECTION('',(1.,0.,0.));
#1187 = DIRECTION('',(0.,-1.,0.));
#1188 = ADVANCED_FACE('',(#1189),#1208,.T.);
#1189 = FACE_BOUND('',#1190,.F.);
#1190 = EDGE_LOOP('',(#1191,#1192,#1193,#1201));
#1191 = ORIENTED_EDGE('',*,*,#1145,.F.);
#1192 = ORIENTED_EDGE('',*,*,#169,.F.);
#1193 = ORIENTED_EDGE('',*,*,#1194,.T.);
#1194 = EDGE_CURVE('',#170,#1195,#1197,.T.);
#1195 = VERTEX_POINT('',#1196);
#1196 = CARTESIAN_POINT('',(18.5,24.74,20.5));
#1197 = LINE('',#1198,#1199);
#1198 = CARTESIAN_POINT('',(18.5,24.74,9.9));
#1199 = VECTOR('',#1200,1.);
#1200 = DIRECTION('',(0.,0.,1.));
#1201 = ORIENTED_EDGE('',*,*,#1202,.T.);
#1202 = EDGE_CURVE('',#1195,#1146,#1203,.T.);
#1203 = CIRCLE('',#1204,0.6);
#1204 = AXIS2_PLACEMENT_3D('',#1205,#1206,#1207);
#1205 = CARTESIAN_POINT('',(17.9,24.74,20.5));
#1206 = DIRECTION('',(0.,0.,1.));
#1207 = DIRECTION('',(1.,0.,0.));
#1208 = CYLINDRICAL_SURFACE('',#1209,0.6);
#1209 = AXIS2_PLACEMENT_3D('',#1210,#1211,#1212);
#1210 = CARTESIAN_POINT('',(17.9,24.74,9.9));
#1211 = DIRECTION('',(0.,0.,1.));
#1212 = DIRECTION('',(0.,1.,0.));
#1213 = ADVANCED_FACE('',(#1214),#1233,.T.);
#1214 = FACE_BOUND('',#1215,.T.);
#1215 = EDGE_LOOP('',(#1216,#1217,#1218,#1226));
#1216 = ORIENTED_EDGE('',*,*,#1178,.F.);
#1217 = ORIENTED_EDGE('',*,*,#203,.T.);
#1218 = ORIENTED_EDGE('',*,*,#1219,.T.);
#1219 = EDGE_CURVE('',#196,#1220,#1222,.T.);
#1220 = VERTEX_POINT('',#1221);
#1221 = CARTESIAN_POINT('',(8.1,14.34,20.5));
#1222 = LINE('',#1223,#1224);
#1223 = CARTESIAN_POINT('',(8.1,14.34,9.9));
#1224 = VECTOR('',#1225,1.);
#1225 = DIRECTION('',(0.,0.,1.));
#1226 = ORIENTED_EDGE('',*,*,#1227,.F.);
#1227 = EDGE_CURVE('',#1171,#1220,#1228,.T.);
#1228 = CIRCLE('',#1229,0.6);
#1229 = AXIS2_PLACEMENT_3D('',#1230,#1231,#1232);
#1230 = CARTESIAN_POINT('',(8.1,14.94,20.5));
#1231 = DIRECTION('',(0.,0.,1.));
#1232 = DIRECTION('',(-1.,0.,0.));
#1233 = CYLINDRICAL_SURFACE('',#1234,0.6);
#1234 = AXIS2_PLACEMENT_3D('',#1235,#1236,#1237);
#1235 = CARTESIAN_POINT('',(8.1,14.94,9.9));
#1236 = DIRECTION('',(0.,0.,1.));
#1237 = DIRECTION('',(-1.,0.,0.));
#1238 = ADVANCED_FACE('',(#1239),#1257,.F.);
#1239 = FACE_BOUND('',#1240,.F.);
#1240 = EDGE_LOOP('',(#1241,#1242,#1250,#1256));
#1241 = ORIENTED_EDGE('',*,*,#178,.T.);
#1242 = ORIENTED_EDGE('',*,*,#1243,.T.);
#1243 = EDGE_CURVE('',#179,#1244,#1246,.T.);
#1244 = VERTEX_POINT('',#1245);
#1245 = CARTESIAN_POINT('',(18.5,14.94,20.5));
#1246 = LINE('',#1247,#1248);
#1247 = CARTESIAN_POINT('',(18.5,14.94,9.9));
#1248 = VECTOR('',#1249,1.);
#1249 = DIRECTION('',(0.,0.,1.));
#1250 = ORIENTED_EDGE('',*,*,#1251,.T.);
#1251 = EDGE_CURVE('',#1244,#1195,#1252,.T.);
#1252 = LINE('',#1253,#1254);
#1253 = CARTESIAN_POINT('',(18.5,14.94,20.5));
#1254 = VECTOR('',#1255,1.);
#1255 = DIRECTION('',(0.,1.,0.));
#1256 = ORIENTED_EDGE('',*,*,#1194,.F.);
#1257 = PLANE('',#1258);
#1258 = AXIS2_PLACEMENT_3D('',#1259,#1260,#1261);
#1259 = CARTESIAN_POINT('',(18.5,14.34,9.9));
#1260 = DIRECTION('',(-1.,0.,0.));
#1261 = DIRECTION('',(0.,1.,0.));
#1262 = ADVANCED_FACE('',(#1263),#1281,.F.);
#1263 = FACE_BOUND('',#1264,.F.);
#1264 = EDGE_LOOP('',(#1265,#1266,#1267,#1275));
#1265 = ORIENTED_EDGE('',*,*,#195,.T.);
#1266 = ORIENTED_EDGE('',*,*,#1219,.T.);
#1267 = ORIENTED_EDGE('',*,*,#1268,.T.);
#1268 = EDGE_CURVE('',#1220,#1269,#1271,.T.);
#1269 = VERTEX_POINT('',#1270);
#1270 = CARTESIAN_POINT('',(17.9,14.34,20.5));
#1271 = LINE('',#1272,#1273);
#1272 = CARTESIAN_POINT('',(8.1,14.34,20.5));
#1273 = VECTOR('',#1274,1.);
#1274 = DIRECTION('',(1.,0.,0.));
#1275 = ORIENTED_EDGE('',*,*,#1276,.F.);
#1276 = EDGE_CURVE('',#187,#1269,#1277,.T.);
#1277 = LINE('',#1278,#1279);
#1278 = CARTESIAN_POINT('',(17.9,14.34,9.9));
#1279 = VECTOR('',#1280,1.);
#1280 = DIRECTION('',(0.,0.,1.));
#1281 = PLANE('',#1282);
#1282 = AXIS2_PLACEMENT_3D('',#1283,#1284,#1285);
#1283 = CARTESIAN_POINT('',(7.5,14.34,9.9));
#1284 = DIRECTION('',(0.,1.,0.));
#1285 = DIRECTION('',(1.,0.,0.));
#1286 = ADVANCED_FACE('',(#1287),#1299,.T.);
#1287 = FACE_BOUND('',#1288,.T.);
#1288 = EDGE_LOOP('',(#1289,#1290,#1291,#1292));
#1289 = ORIENTED_EDGE('',*,*,#1276,.F.);
#1290 = ORIENTED_EDGE('',*,*,#186,.T.);
#1291 = ORIENTED_EDGE('',*,*,#1243,.T.);
#1292 = ORIENTED_EDGE('',*,*,#1293,.F.);
#1293 = EDGE_CURVE('',#1269,#1244,#1294,.T.);
#1294 = CIRCLE('',#1295,0.6);
#1295 = AXIS2_PLACEMENT_3D('',#1296,#1297,#1298);
#1296 = CARTESIAN_POINT('',(17.9,14.94,20.5));
#1297 = DIRECTION('',(-0.,0.,1.));
#1298 = DIRECTION('',(0.,-1.,0.));
#1299 = CYLINDRICAL_SURFACE('',#1300,0.6);
#1300 = AXIS2_PLACEMENT_3D('',#1301,#1302,#1303);
#1301 = CARTESIAN_POINT('',(17.9,14.94,9.9));
#1302 = DIRECTION('',(0.,0.,1.));
#1303 = DIRECTION('',(0.,-1.,0.));
#1304 = ADVANCED_FACE('',(#1305),#1316,.F.);
#1305 = FACE_BOUND('',#1306,.F.);
#1306 = EDGE_LOOP('',(#1307,#1308,#1314,#1315));
#1307 = ORIENTED_EDGE('',*,*,#267,.T.);
#1308 = ORIENTED_EDGE('',*,*,#1309,.T.);
#1309 = EDGE_CURVE('',#260,#284,#1310,.T.);
#1310 = LINE('',#1311,#1312);
#1311 = CARTESIAN_POINT('',(26.,0.,0.));
#1312 = VECTOR('',#1313,1.);
#1313 = DIRECTION('',(0.,1.,0.));
#1314 = ORIENTED_EDGE('',*,*,#283,.T.);
#1315 = ORIENTED_EDGE('',*,*,#275,.T.);
#1316 = PLANE('',#1317);
#1317 = AXIS2_PLACEMENT_3D('',#1318,#1319,#1320);
#1318 = CARTESIAN_POINT('',(0.,0.,0.));
#1319 = DIRECTION('',(0.,0.,1.));
#1320 = DIRECTION('',(1.,0.,0.));
#1321 = ADVANCED_FACE('',(#1322),#1347,.T.);
#1322 = FACE_BOUND('',#1323,.T.);
#1323 = EDGE_LOOP('',(#1324,#1325,#1333,#1341));
#1324 = ORIENTED_EDGE('',*,*,#349,.T.);
#1325 = ORIENTED_EDGE('',*,*,#1326,.T.);
#1326 = EDGE_CURVE('',#352,#1327,#1329,.T.);
#1327 = VERTEX_POINT('',#1328);
#1328 = CARTESIAN_POINT('',(17.831677282378,1.858551840094,
    6.860611853641));
#1329 = LINE('',#1330,#1331);
#1330 = CARTESIAN_POINT('',(17.831677282378,2.610305936722,
    6.586995738981));
#1331 = VECTOR('',#1332,1.);
#1332 = DIRECTION('',(0.,-0.939692620786,0.342020143326));
#1333 = ORIENTED_EDGE('',*,*,#1334,.T.);
#1334 = EDGE_CURVE('',#1327,#1335,#1337,.T.);
#1335 = VERTEX_POINT('',#1336);
#1336 = CARTESIAN_POINT('',(17.138683651805,1.832700636055,
    6.789586254278));
#1337 = LINE('',#1338,#1339);
#1338 = CARTESIAN_POINT('',(17.831677282378,1.858551840094,
    6.860611853641));
#1339 = VECTOR('',#1340,1.);
#1340 = DIRECTION('',(-0.994104564342,-3.708374622103E-02,
    -0.101886755371));
#1341 = ORIENTED_EDGE('',*,*,#1342,.F.);
#1342 = EDGE_CURVE('',#350,#1335,#1343,.T.);
#1343 = LINE('',#1344,#1345);
#1344 = CARTESIAN_POINT('',(17.138683651805,2.584454732683,
    6.515970139618));
#1345 = VECTOR('',#1346,1.);
#1346 = DIRECTION('',(0.,-0.939692620786,0.342020143326));
#1347 = PLANE('',#1348);
#1348 = AXIS2_PLACEMENT_3D('',#1349,#1350,#1351);
#1349 = CARTESIAN_POINT('',(17.831677282378,2.610305936722,
    6.586995738981));
#1350 = DIRECTION('',(0.108425620376,-0.340003785577,-0.934152723402));
#1351 = DIRECTION('',(-0.994104564342,-3.708374622103E-02,
    -0.101886755371));
#1352 = ADVANCED_FACE('',(#1353),#1371,.T.);
#1353 = FACE_BOUND('',#1354,.T.);
#1354 = EDGE_LOOP('',(#1355,#1356,#1364,#1370));
#1355 = ORIENTED_EDGE('',*,*,#592,.T.);
#1356 = ORIENTED_EDGE('',*,*,#1357,.T.);
#1357 = EDGE_CURVE('',#576,#1358,#1360,.T.);
#1358 = VERTEX_POINT('',#1359);
#1359 = CARTESIAN_POINT('',(17.476178343949,2.09649910244,7.514366583958
    ));
#1360 = LINE('',#1361,#1362);
#1361 = CARTESIAN_POINT('',(17.476178343949,2.848253199068,
    7.240750469297));
#1362 = VECTOR('',#1363,1.);
#1363 = DIRECTION('',(0.,-0.939692620786,0.342020143326));
#1364 = ORIENTED_EDGE('',*,*,#1365,.T.);
#1365 = EDGE_CURVE('',#1358,#1327,#1366,.T.);
#1366 = B_SPLINE_CURVE_WITH_KNOTS('',2,(#1367,#1368,#1369),
  .UNSPECIFIED.,.F.,.F.,(3,3),(0.,1.),.PIECEWISE_BEZIER_KNOTS.);
#1367 = CARTESIAN_POINT('',(17.476178343949,2.09649910244,7.514366583958
    ));
#1368 = CARTESIAN_POINT('',(17.755244161359,2.014588545822,
    7.289319179235));
#1369 = CARTESIAN_POINT('',(17.831677282378,1.858551840094,
    6.860611853641));
#1370 = ORIENTED_EDGE('',*,*,#1326,.F.);
#1371 = SURFACE_OF_LINEAR_EXTRUSION('',#1372,#1376);
#1372 = B_SPLINE_CURVE_WITH_KNOTS('',2,(#1373,#1374,#1375),
  .UNSPECIFIED.,.F.,.F.,(3,3),(0.,1.),.PIECEWISE_BEZIER_KNOTS.);
#1373 = CARTESIAN_POINT('',(17.476178343949,2.848253199068,
    7.240750469297));
#1374 = CARTESIAN_POINT('',(17.755244161359,2.76634264245,7.015703064574
    ));
#1375 = CARTESIAN_POINT('',(17.831677282378,2.610305936722,
    6.586995738981));
#1376 = VECTOR('',#1377,1.);
#1377 = DIRECTION('',(-0.,0.939692620786,-0.342020143326));
#1378 = ADVANCED_FACE('',(#1379),#1397,.T.);
#1379 = FACE_BOUND('',#1380,.T.);
#1380 = EDGE_LOOP('',(#1381,#1382,#1390,#1396));
#1381 = ORIENTED_EDGE('',*,*,#575,.T.);
#1382 = ORIENTED_EDGE('',*,*,#1383,.T.);
#1383 = EDGE_CURVE('',#557,#1384,#1386,.T.);
#1384 = VERTEX_POINT('',#1385);
#1385 = CARTESIAN_POINT('',(16.771804670913,2.178467751651,7.73957359677
    ));
#1386 = LINE('',#1387,#1388);
#1387 = CARTESIAN_POINT('',(16.771804670913,2.93022184828,7.465957482109
    ));
#1388 = VECTOR('',#1389,1.);
#1389 = DIRECTION('',(0.,-0.939692620786,0.342020143326));
#1390 = ORIENTED_EDGE('',*,*,#1391,.T.);
#1391 = EDGE_CURVE('',#1384,#1358,#1392,.T.);
#1392 = B_SPLINE_CURVE_WITH_KNOTS('',2,(#1393,#1394,#1395),
  .UNSPECIFIED.,.F.,.F.,(3,3),(0.,1.),.PIECEWISE_BEZIER_KNOTS.);
#1393 = CARTESIAN_POINT('',(16.771804670913,2.178467751651,7.73957359677
    ));
#1394 = CARTESIAN_POINT('',(17.197282377919,2.178467751651,7.73957359677
    ));
#1395 = CARTESIAN_POINT('',(17.476178343949,2.09649910244,7.514366583958
    ));
#1396 = ORIENTED_EDGE('',*,*,#1357,.F.);
#1397 = SURFACE_OF_LINEAR_EXTRUSION('',#1398,#1402);
#1398 = B_SPLINE_CURVE_WITH_KNOTS('',2,(#1399,#1400,#1401),
  .UNSPECIFIED.,.F.,.F.,(3,3),(0.,1.),.PIECEWISE_BEZIER_KNOTS.);
#1399 = CARTESIAN_POINT('',(16.771804670913,2.93022184828,7.465957482109
    ));
#1400 = CARTESIAN_POINT('',(17.197282377919,2.93022184828,7.465957482109
    ));
#1401 = CARTESIAN_POINT('',(17.476178343949,2.848253199068,
    7.240750469297));
#1402 = VECTOR('',#1403,1.);
#1403 = DIRECTION('',(-0.,0.939692620786,-0.342020143326));
#1404 = ADVANCED_FACE('',(#1405),#1423,.T.);
#1405 = FACE_BOUND('',#1406,.T.);
#1406 = EDGE_LOOP('',(#1407,#1408,#1416,#1422));
#1407 = ORIENTED_EDGE('',*,*,#556,.T.);
#1408 = ORIENTED_EDGE('',*,*,#1409,.T.);
#1409 = EDGE_CURVE('',#540,#1410,#1412,.T.);
#1410 = VERTEX_POINT('',#1411);
#1411 = CARTESIAN_POINT('',(15.785817409766,2.022837694077,
    7.311983527795));
#1412 = LINE('',#1413,#1414);
#1413 = CARTESIAN_POINT('',(15.785817409766,2.774591790705,
    7.038367413135));
#1414 = VECTOR('',#1415,1.);
#1415 = DIRECTION('',(0.,-0.939692620786,0.342020143326));
#1416 = ORIENTED_EDGE('',*,*,#1417,.T.);
#1417 = EDGE_CURVE('',#1410,#1384,#1418,.T.);
#1418 = B_SPLINE_CURVE_WITH_KNOTS('',2,(#1419,#1420,#1421),
  .UNSPECIFIED.,.F.,.F.,(3,3),(0.,1.),.PIECEWISE_BEZIER_KNOTS.);
#1419 = CARTESIAN_POINT('',(15.785817409766,2.022837694077,
    7.311983527795));
#1420 = CARTESIAN_POINT('',(16.165435244161,2.178467751651,7.73957359677
    ));
#1421 = CARTESIAN_POINT('',(16.771804670913,2.178467751651,7.73957359677
    ));
#1422 = ORIENTED_EDGE('',*,*,#1383,.F.);
#1423 = SURFACE_OF_LINEAR_EXTRUSION('',#1424,#1428);
#1424 = B_SPLINE_CURVE_WITH_KNOTS('',2,(#1425,#1426,#1427),
  .UNSPECIFIED.,.F.,.F.,(3,3),(0.,1.),.PIECEWISE_BEZIER_KNOTS.);
#1425 = CARTESIAN_POINT('',(15.785817409766,2.774591790705,
    7.038367413135));
#1426 = CARTESIAN_POINT('',(16.165435244161,2.93022184828,7.465957482109
    ));
#1427 = CARTESIAN_POINT('',(16.771804670913,2.93022184828,7.465957482109
    ));
#1428 = VECTOR('',#1429,1.);
#1429 = DIRECTION('',(-0.,0.939692620786,-0.342020143326));
#1430 = ADVANCED_FACE('',(#1431),#1449,.T.);
#1431 = FACE_BOUND('',#1432,.T.);
#1432 = EDGE_LOOP('',(#1433,#1434,#1442,#1448));
#1433 = ORIENTED_EDGE('',*,*,#539,.T.);
#1434 = ORIENTED_EDGE('',*,*,#1435,.T.);
#1435 = EDGE_CURVE('',#523,#1436,#1438,.T.);
#1436 = VERTEX_POINT('',#1437);
#1437 = CARTESIAN_POINT('',(15.406199575372,1.514934150451,
    5.916530010423));
#1438 = LINE('',#1439,#1440);
#1439 = CARTESIAN_POINT('',(15.406199575372,2.26668824708,5.642913895762
    ));
#1440 = VECTOR('',#1441,1.);
#1441 = DIRECTION('',(0.,-0.939692620786,0.342020143326));
#1442 = ORIENTED_EDGE('',*,*,#1443,.T.);
#1443 = EDGE_CURVE('',#1436,#1410,#1444,.T.);
#1444 = B_SPLINE_CURVE_WITH_KNOTS('',2,(#1445,#1446,#1447),
  .UNSPECIFIED.,.F.,.F.,(3,3),(0.,1.),.PIECEWISE_BEZIER_KNOTS.);
#1445 = CARTESIAN_POINT('',(15.406199575372,1.514934150451,
    5.916530010423));
#1446 = CARTESIAN_POINT('',(15.406199575372,1.867265729096,6.88455306691
    ));
#1447 = CARTESIAN_POINT('',(15.785817409766,2.022837694077,
    7.311983527795));
#1448 = ORIENTED_EDGE('',*,*,#1409,.F.);
#1449 = SURFACE_OF_LINEAR_EXTRUSION('',#1450,#1454);
#1450 = B_SPLINE_CURVE_WITH_KNOTS('',2,(#1451,#1452,#1453),
  .UNSPECIFIED.,.F.,.F.,(3,3),(0.,1.),.PIECEWISE_BEZIER_KNOTS.);
#1451 = CARTESIAN_POINT('',(15.406199575372,2.26668824708,5.642913895762
    ));
#1452 = CARTESIAN_POINT('',(15.406199575372,2.619019825724,
    6.610936952249));
#1453 = CARTESIAN_POINT('',(15.785817409766,2.774591790705,
    7.038367413135));
#1454 = VECTOR('',#1455,1.);
#1455 = DIRECTION('',(-0.,0.939692620786,-0.342020143326));
#1456 = ADVANCED_FACE('',(#1457),#1475,.T.);
#1457 = FACE_BOUND('',#1458,.T.);
#1458 = EDGE_LOOP('',(#1459,#1460,#1468,#1474));
#1459 = ORIENTED_EDGE('',*,*,#522,.T.);
#1460 = ORIENTED_EDGE('',*,*,#1461,.T.);
#1461 = EDGE_CURVE('',#504,#1462,#1464,.T.);
#1462 = VERTEX_POINT('',#1463);
#1463 = CARTESIAN_POINT('',(15.770530785563,1.020566181075,
    4.558265177661));
#1464 = LINE('',#1465,#1466);
#1465 = CARTESIAN_POINT('',(15.770530785563,1.772320277704,4.284649063)
  );
#1466 = VECTOR('',#1467,1.);
#1467 = DIRECTION('',(0.,-0.939692620786,0.342020143326));
#1468 = ORIENTED_EDGE('',*,*,#1469,.T.);
#1469 = EDGE_CURVE('',#1462,#1436,#1470,.T.);
#1470 = B_SPLINE_CURVE_WITH_KNOTS('',2,(#1471,#1472,#1473),
  .UNSPECIFIED.,.F.,.F.,(3,3),(0.,1.),.PIECEWISE_BEZIER_KNOTS.);
#1471 = CARTESIAN_POINT('',(15.770530785563,1.020566181075,
    4.558265177661));
#1472 = CARTESIAN_POINT('',(15.406199575372,1.171374553402,
    4.972607775293));
#1473 = CARTESIAN_POINT('',(15.406199575372,1.514934150451,
    5.916530010423));
#1474 = ORIENTED_EDGE('',*,*,#1435,.F.);
#1475 = SURFACE_OF_LINEAR_EXTRUSION('',#1476,#1480);
#1476 = B_SPLINE_CURVE_WITH_KNOTS('',2,(#1477,#1478,#1479),
  .UNSPECIFIED.,.F.,.F.,(3,3),(0.,1.),.PIECEWISE_BEZIER_KNOTS.);
#1477 = CARTESIAN_POINT('',(15.770530785563,1.772320277704,4.284649063)
  );
#1478 = CARTESIAN_POINT('',(15.406199575372,1.92312865003,4.698991660632
    ));
#1479 = CARTESIAN_POINT('',(15.406199575372,2.26668824708,5.642913895762
    ));
#1480 = VECTOR('',#1481,1.);
#1481 = DIRECTION('',(-0.,0.939692620786,-0.342020143326));
#1482 = ADVANCED_FACE('',(#1483),#1501,.T.);
#1483 = FACE_BOUND('',#1484,.T.);
#1484 = EDGE_LOOP('',(#1485,#1486,#1494,#1500));
#1485 = ORIENTED_EDGE('',*,*,#503,.T.);
#1486 = ORIENTED_EDGE('',*,*,#1487,.T.);
#1487 = EDGE_CURVE('',#487,#1488,#1490,.T.);
#1488 = VERTEX_POINT('',#1489);
#1489 = CARTESIAN_POINT('',(16.700467091295,0.869757808748,
    4.143922580028));
#1490 = LINE('',#1491,#1492);
#1491 = CARTESIAN_POINT('',(16.700467091295,1.621511905377,
    3.870306465368));
#1492 = VECTOR('',#1493,1.);
#1493 = DIRECTION('',(0.,-0.939692620786,0.342020143326));
#1494 = ORIENTED_EDGE('',*,*,#1495,.T.);
#1495 = EDGE_CURVE('',#1488,#1462,#1496,.T.);
#1496 = B_SPLINE_CURVE_WITH_KNOTS('',2,(#1497,#1498,#1499),
  .UNSPECIFIED.,.F.,.F.,(3,3),(0.,1.),.PIECEWISE_BEZIER_KNOTS.);
#1497 = CARTESIAN_POINT('',(16.700467091295,0.869757808748,
    4.143922580028));
#1498 = CARTESIAN_POINT('',(16.134861995754,0.869757808748,
    4.143922580028));
#1499 = CARTESIAN_POINT('',(15.770530785563,1.020566181075,
    4.558265177661));
#1500 = ORIENTED_EDGE('',*,*,#1461,.F.);
#1501 = SURFACE_OF_LINEAR_EXTRUSION('',#1502,#1506);
#1502 = B_SPLINE_CURVE_WITH_KNOTS('',2,(#1503,#1504,#1505),
  .UNSPECIFIED.,.F.,.F.,(3,3),(0.,1.),.PIECEWISE_BEZIER_KNOTS.);
#1503 = CARTESIAN_POINT('',(16.700467091295,1.621511905377,
    3.870306465368));
#1504 = CARTESIAN_POINT('',(16.134861995754,1.621511905377,
    3.870306465368));
#1505 = CARTESIAN_POINT('',(15.770530785563,1.772320277704,4.284649063)
  );
#1506 = VECTOR('',#1507,1.);
#1507 = DIRECTION('',(-0.,0.939692620786,-0.342020143326));
#1508 = ADVANCED_FACE('',(#1509),#1527,.T.);
#1509 = FACE_BOUND('',#1510,.T.);
#1510 = EDGE_LOOP('',(#1511,#1512,#1520,#1526));
#1511 = ORIENTED_EDGE('',*,*,#486,.T.);
#1512 = ORIENTED_EDGE('',*,*,#1513,.T.);
#1513 = EDGE_CURVE('',#470,#1514,#1516,.T.);
#1514 = VERTEX_POINT('',#1515);
#1515 = CARTESIAN_POINT('',(17.564161358811,0.988266699175,
    4.469523080479));
#1516 = LINE('',#1517,#1518);
#1517 = CARTESIAN_POINT('',(17.564161358811,1.740020795803,
    4.195906965818));
#1518 = VECTOR('',#1519,1.);
#1519 = DIRECTION('',(0.,-0.939692620786,0.342020143326));
#1520 = ORIENTED_EDGE('',*,*,#1521,.T.);
#1521 = EDGE_CURVE('',#1514,#1488,#1522,.T.);
#1522 = B_SPLINE_CURVE_WITH_KNOTS('',2,(#1523,#1524,#1525),
  .UNSPECIFIED.,.F.,.F.,(3,3),(0.,1.),.PIECEWISE_BEZIER_KNOTS.);
#1523 = CARTESIAN_POINT('',(17.564161358811,0.988266699175,
    4.469523080479));
#1524 = CARTESIAN_POINT('',(17.227855626327,0.869757808748,
    4.143922580028));
#1525 = CARTESIAN_POINT('',(16.700467091295,0.869757808748,
    4.143922580028));
#1526 = ORIENTED_EDGE('',*,*,#1487,.F.);
#1527 = SURFACE_OF_LINEAR_EXTRUSION('',#1528,#1532);
#1528 = B_SPLINE_CURVE_WITH_KNOTS('',2,(#1529,#1530,#1531),
  .UNSPECIFIED.,.F.,.F.,(3,3),(0.,1.),.PIECEWISE_BEZIER_KNOTS.);
#1529 = CARTESIAN_POINT('',(17.564161358811,1.740020795803,
    4.195906965818));
#1530 = CARTESIAN_POINT('',(17.227855626327,1.621511905377,
    3.870306465368));
#1531 = CARTESIAN_POINT('',(16.700467091295,1.621511905377,
    3.870306465368));
#1532 = VECTOR('',#1533,1.);
#1533 = DIRECTION('',(-0.,0.939692620786,-0.342020143326));
#1534 = ADVANCED_FACE('',(#1535),#1553,.T.);
#1535 = FACE_BOUND('',#1536,.T.);
#1536 = EDGE_LOOP('',(#1537,#1538,#1546,#1552));
#1537 = ORIENTED_EDGE('',*,*,#469,.T.);
#1538 = ORIENTED_EDGE('',*,*,#1539,.T.);
#1539 = EDGE_CURVE('',#453,#1540,#1542,.T.);
#1540 = VERTEX_POINT('',#1541);
#1541 = CARTESIAN_POINT('',(17.900467091295,1.302896184737,
    5.333960487558));
#1542 = LINE('',#1543,#1544);
#1543 = CARTESIAN_POINT('',(17.900467091295,2.054650281366,
    5.060344372897));
#1544 = VECTOR('',#1545,1.);
#1545 = DIRECTION('',(0.,-0.939692620786,0.342020143326));
#1546 = ORIENTED_EDGE('',*,*,#1547,.T.);
#1547 = EDGE_CURVE('',#1540,#1514,#1548,.T.);
#1548 = B_SPLINE_CURVE_WITH_KNOTS('',2,(#1549,#1550,#1551),
  .UNSPECIFIED.,.F.,.F.,(3,3),(0.,1.),.PIECEWISE_BEZIER_KNOTS.);
#1549 = CARTESIAN_POINT('',(17.900467091295,1.302896184737,
    5.333960487558));
#1550 = CARTESIAN_POINT('',(17.900467091295,1.106775589601,4.79512358093
    ));
#1551 = CARTESIAN_POINT('',(17.564161358811,0.988266699175,
    4.469523080479));
#1552 = ORIENTED_EDGE('',*,*,#1513,.F.);
#1553 = SURFACE_OF_LINEAR_EXTRUSION('',#1554,#1558);
#1554 = B_SPLINE_CURVE_WITH_KNOTS('',2,(#1555,#1556,#1557),
  .UNSPECIFIED.,.F.,.F.,(3,3),(0.,1.),.PIECEWISE_BEZIER_KNOTS.);
#1555 = CARTESIAN_POINT('',(17.900467091295,2.054650281366,
    5.060344372897));
#1556 = CARTESIAN_POINT('',(17.900467091295,1.858529686229,
    4.521507466269));
#1557 = CARTESIAN_POINT('',(17.564161358811,1.740020795803,
    4.195906965818));
#1558 = VECTOR('',#1559,1.);
#1559 = DIRECTION('',(-0.,0.939692620786,-0.342020143326));
#1560 = ADVANCED_FACE('',(#1561),#1579,.T.);
#1561 = FACE_BOUND('',#1562,.T.);
#1562 = EDGE_LOOP('',(#1563,#1564,#1572,#1578));
#1563 = ORIENTED_EDGE('',*,*,#452,.T.);
#1564 = ORIENTED_EDGE('',*,*,#1565,.T.);
#1565 = EDGE_CURVE('',#438,#1566,#1568,.T.);
#1566 = VERTEX_POINT('',#1567);
#1567 = CARTESIAN_POINT('',(17.580636942675,1.604396744204,
    6.162326466645));
#1568 = LINE('',#1569,#1570);
#1569 = CARTESIAN_POINT('',(17.580636942675,2.356150840833,
    5.888710351985));
#1570 = VECTOR('',#1571,1.);
#1571 = DIRECTION('',(0.,-0.939692620786,0.342020143326));
#1572 = ORIENTED_EDGE('',*,*,#1573,.T.);
#1573 = EDGE_CURVE('',#1566,#1540,#1574,.T.);
#1574 = B_SPLINE_CURVE_WITH_KNOTS('',2,(#1575,#1576,#1577),
  .UNSPECIFIED.,.F.,.F.,(3,3),(0.,1.),.PIECEWISE_BEZIER_KNOTS.);
#1575 = CARTESIAN_POINT('',(17.580636942675,1.604396744204,
    6.162326466645));
#1576 = CARTESIAN_POINT('',(17.900467091295,1.487630631578,
    5.841514208848));
#1577 = CARTESIAN_POINT('',(17.900467091295,1.302896184737,
    5.333960487558));
#1578 = ORIENTED_EDGE('',*,*,#1539,.F.);
#1579 = SURFACE_OF_LINEAR_EXTRUSION('',#1580,#1584);
#1580 = B_SPLINE_CURVE_WITH_KNOTS('',2,(#1581,#1582,#1583),
  .UNSPECIFIED.,.F.,.F.,(3,3),(0.,1.),.PIECEWISE_BEZIER_KNOTS.);
#1581 = CARTESIAN_POINT('',(17.580636942675,2.356150840833,
    5.888710351985));
#1582 = CARTESIAN_POINT('',(17.900467091295,2.239384728207,
    5.567898094188));
#1583 = CARTESIAN_POINT('',(17.900467091295,2.054650281366,
    5.060344372897));
#1584 = VECTOR('',#1585,1.);
#1585 = DIRECTION('',(-0.,0.939692620786,-0.342020143326));
#1586 = ADVANCED_FACE('',(#1587),#1605,.T.);
#1587 = FACE_BOUND('',#1588,.T.);
#1588 = EDGE_LOOP('',(#1589,#1590,#1598,#1604));
#1589 = ORIENTED_EDGE('',*,*,#437,.T.);
#1590 = ORIENTED_EDGE('',*,*,#1591,.T.);
#1591 = EDGE_CURVE('',#423,#1592,#1594,.T.);
#1592 = VERTEX_POINT('',#1593);
#1593 = CARTESIAN_POINT('',(16.812569002123,1.72116285683,6.483138724442
    ));
#1594 = LINE('',#1595,#1596);
#1595 = CARTESIAN_POINT('',(16.812569002123,2.472916953459,
    6.209522609782));
#1596 = VECTOR('',#1597,1.);
#1597 = DIRECTION('',(0.,-0.939692620786,0.342020143326));
#1598 = ORIENTED_EDGE('',*,*,#1599,.T.);
#1599 = EDGE_CURVE('',#1592,#1566,#1600,.T.);
#1600 = B_SPLINE_CURVE_WITH_KNOTS('',2,(#1601,#1602,#1603),
  .UNSPECIFIED.,.F.,.F.,(3,3),(0.,1.),.PIECEWISE_BEZIER_KNOTS.);
#1601 = CARTESIAN_POINT('',(16.812569002123,1.72116285683,6.483138724442
    ));
#1602 = CARTESIAN_POINT('',(17.260976645435,1.72116285683,6.483138724442
    ));
#1603 = CARTESIAN_POINT('',(17.580636942675,1.604396744204,
    6.162326466645));
#1604 = ORIENTED_EDGE('',*,*,#1565,.F.);
#1605 = SURFACE_OF_LINEAR_EXTRUSION('',#1606,#1610);
#1606 = B_SPLINE_CURVE_WITH_KNOTS('',2,(#1607,#1608,#1609),
  .UNSPECIFIED.,.F.,.F.,(3,3),(0.,1.),.PIECEWISE_BEZIER_KNOTS.);
#1607 = CARTESIAN_POINT('',(16.812569002123,2.472916953459,
    6.209522609782));
#1608 = CARTESIAN_POINT('',(17.260976645435,2.472916953459,
    6.209522609782));
#1609 = CARTESIAN_POINT('',(17.580636942675,2.356150840833,
    5.888710351985));
#1610 = VECTOR('',#1611,1.);
#1611 = DIRECTION('',(-0.,0.939692620786,-0.342020143326));
#1612 = ADVANCED_FACE('',(#1613),#1631,.T.);
#1613 = FACE_BOUND('',#1614,.T.);
#1614 = EDGE_LOOP('',(#1615,#1616,#1624,#1630));
#1615 = ORIENTED_EDGE('',*,*,#422,.T.);
#1616 = ORIENTED_EDGE('',*,*,#1617,.T.);
#1617 = EDGE_CURVE('',#401,#1618,#1620,.T.);
#1618 = VERTEX_POINT('',#1619);
#1619 = CARTESIAN_POINT('',(16.147600849257,1.613110633206,
    6.186267679914));
#1620 = LINE('',#1621,#1622);
#1621 = CARTESIAN_POINT('',(16.147600849257,2.364864729835,
    5.912651565253));
#1622 = VECTOR('',#1623,1.);
#1623 = DIRECTION('',(0.,-0.939692620786,0.342020143326));
#1624 = ORIENTED_EDGE('',*,*,#1625,.T.);
#1625 = EDGE_CURVE('',#1618,#1592,#1626,.T.);
#1626 = B_SPLINE_CURVE_WITH_KNOTS('',2,(#1627,#1628,#1629),
  .UNSPECIFIED.,.F.,.F.,(3,3),(0.,1.),.PIECEWISE_BEZIER_KNOTS.);
#1627 = CARTESIAN_POINT('',(16.147600849257,1.613110633206,
    6.186267679914));
#1628 = CARTESIAN_POINT('',(16.415116772824,1.72116285683,6.483138724442
    ));
#1629 = CARTESIAN_POINT('',(16.812569002123,1.72116285683,6.483138724442
    ));
#1630 = ORIENTED_EDGE('',*,*,#1591,.F.);
#1631 = SURFACE_OF_LINEAR_EXTRUSION('',#1632,#1636);
#1632 = B_SPLINE_CURVE_WITH_KNOTS('',2,(#1633,#1634,#1635),
  .UNSPECIFIED.,.F.,.F.,(3,3),(0.,1.),.PIECEWISE_BEZIER_KNOTS.);
#1633 = CARTESIAN_POINT('',(16.147600849257,2.364864729835,
    5.912651565253));
#1634 = CARTESIAN_POINT('',(16.415116772824,2.472916953459,
    6.209522609782));
#1635 = CARTESIAN_POINT('',(16.812569002123,2.472916953459,
    6.209522609782));
#1636 = VECTOR('',#1637,1.);
#1637 = DIRECTION('',(-0.,0.939692620786,-0.342020143326));
#1638 = ADVANCED_FACE('',(#1639),#1657,.T.);
#1639 = FACE_BOUND('',#1640,.T.);
#1640 = EDGE_LOOP('',(#1641,#1642,#1650,#1656));
#1641 = ORIENTED_EDGE('',*,*,#400,.T.);
#1642 = ORIENTED_EDGE('',*,*,#1643,.T.);
#1643 = EDGE_CURVE('',#386,#1644,#1646,.T.);
#1644 = VERTEX_POINT('',#1645);
#1645 = CARTESIAN_POINT('',(16.344968152866,1.90398024809,6.985425378814
    ));
#1646 = LINE('',#1647,#1648);
#1647 = CARTESIAN_POINT('',(16.344968152866,2.655734344719,
    6.711809264154));
#1648 = VECTOR('',#1649,1.);
#1649 = DIRECTION('',(0.,-0.939692620786,0.342020143326));
#1650 = ORIENTED_EDGE('',*,*,#1651,.T.);
#1651 = EDGE_CURVE('',#1644,#1618,#1652,.T.);
#1652 = B_SPLINE_CURVE_WITH_KNOTS('',2,(#1653,#1654,#1655),
  .UNSPECIFIED.,.F.,.F.,(3,3),(0.,1.),.PIECEWISE_BEZIER_KNOTS.);
#1653 = CARTESIAN_POINT('',(16.344968152866,1.90398024809,6.985425378814
    ));
#1654 = CARTESIAN_POINT('',(16.188365180467,1.834036765702,
    6.793257240313));
#1655 = CARTESIAN_POINT('',(16.147600849257,1.613110633206,
    6.186267679914));
#1656 = ORIENTED_EDGE('',*,*,#1617,.F.);
#1657 = SURFACE_OF_LINEAR_EXTRUSION('',#1658,#1662);
#1658 = B_SPLINE_CURVE_WITH_KNOTS('',2,(#1659,#1660,#1661),
  .UNSPECIFIED.,.F.,.F.,(3,3),(0.,1.),.PIECEWISE_BEZIER_KNOTS.);
#1659 = CARTESIAN_POINT('',(16.344968152866,2.655734344719,
    6.711809264154));
#1660 = CARTESIAN_POINT('',(16.188365180467,2.58579086233,6.519641125652
    ));
#1661 = CARTESIAN_POINT('',(16.147600849257,2.364864729835,
    5.912651565253));
#1662 = VECTOR('',#1663,1.);
#1663 = DIRECTION('',(-0.,0.939692620786,-0.342020143326));
#1664 = ADVANCED_FACE('',(#1665),#1683,.T.);
#1665 = FACE_BOUND('',#1666,.T.);
#1666 = EDGE_LOOP('',(#1667,#1668,#1676,#1682));
#1667 = ORIENTED_EDGE('',*,*,#385,.T.);
#1668 = ORIENTED_EDGE('',*,*,#1669,.T.);
#1669 = EDGE_CURVE('',#371,#1670,#1672,.T.);
#1670 = VERTEX_POINT('',#1671);
#1671 = CARTESIAN_POINT('',(16.728492569002,1.973981823073,
    7.177753125404));
#1672 = LINE('',#1673,#1674);
#1673 = CARTESIAN_POINT('',(16.728492569002,2.725735919701,
    6.904137010743));
#1674 = VECTOR('',#1675,1.);
#1675 = DIRECTION('',(0.,-0.939692620786,0.342020143326));
#1676 = ORIENTED_EDGE('',*,*,#1677,.T.);
#1677 = EDGE_CURVE('',#1670,#1644,#1678,.T.);
#1678 = B_SPLINE_CURVE_WITH_KNOTS('',2,(#1679,#1680,#1681),
  .UNSPECIFIED.,.F.,.F.,(3,3),(0.,1.),.PIECEWISE_BEZIER_KNOTS.);
#1679 = CARTESIAN_POINT('',(16.728492569002,1.973981823073,
    7.177753125404));
#1680 = CARTESIAN_POINT('',(16.501740976645,1.973981823073,
    7.177753125404));
#1681 = CARTESIAN_POINT('',(16.344968152866,1.90398024809,6.985425378814
    ));
#1682 = ORIENTED_EDGE('',*,*,#1643,.F.);
#1683 = SURFACE_OF_LINEAR_EXTRUSION('',#1684,#1688);
#1684 = B_SPLINE_CURVE_WITH_KNOTS('',2,(#1685,#1686,#1687),
  .UNSPECIFIED.,.F.,.F.,(3,3),(0.,1.),.PIECEWISE_BEZIER_KNOTS.);
#1685 = CARTESIAN_POINT('',(16.728492569002,2.725735919701,
    6.904137010743));
#1686 = CARTESIAN_POINT('',(16.501740976645,2.725735919701,
    6.904137010743));
#1687 = CARTESIAN_POINT('',(16.344968152866,2.655734344719,
    6.711809264154));
#1688 = VECTOR('',#1689,1.);
#1689 = DIRECTION('',(-0.,0.939692620786,-0.342020143326));
#1690 = ADVANCED_FACE('',(#1691),#1709,.T.);
#1691 = FACE_BOUND('',#1692,.T.);
#1692 = EDGE_LOOP('',(#1693,#1694,#1702,#1708));
#1693 = ORIENTED_EDGE('',*,*,#370,.T.);
#1694 = ORIENTED_EDGE('',*,*,#1695,.T.);
#1695 = EDGE_CURVE('',#360,#1696,#1698,.T.);
#1696 = VERTEX_POINT('',#1697);
#1697 = CARTESIAN_POINT('',(17.006199575372,1.939532915218,
    7.083105528949));
#1698 = LINE('',#1699,#1700);
#1699 = CARTESIAN_POINT('',(17.006199575372,2.691287011847,
    6.809489414289));
#1700 = VECTOR('',#1701,1.);
#1701 = DIRECTION('',(0.,-0.939692620786,0.342020143326));
#1702 = ORIENTED_EDGE('',*,*,#1703,.T.);
#1703 = EDGE_CURVE('',#1696,#1670,#1704,.T.);
#1704 = B_SPLINE_CURVE_WITH_KNOTS('',2,(#1705,#1706,#1707),
  .UNSPECIFIED.,.F.,.F.,(3,3),(0.,1.),.PIECEWISE_BEZIER_KNOTS.);
#1705 = CARTESIAN_POINT('',(17.006199575372,1.939532915218,
    7.083105528949));
#1706 = CARTESIAN_POINT('',(16.899193205945,1.973981823073,
    7.177753125404));
#1707 = CARTESIAN_POINT('',(16.728492569002,1.973981823073,
    7.177753125404));
#1708 = ORIENTED_EDGE('',*,*,#1669,.F.);
#1709 = SURFACE_OF_LINEAR_EXTRUSION('',#1710,#1714);
#1710 = B_SPLINE_CURVE_WITH_KNOTS('',2,(#1711,#1712,#1713),
  .UNSPECIFIED.,.F.,.F.,(3,3),(0.,1.),.PIECEWISE_BEZIER_KNOTS.);
#1711 = CARTESIAN_POINT('',(17.006199575372,2.691287011847,
    6.809489414289));
#1712 = CARTESIAN_POINT('',(16.899193205945,2.725735919701,
    6.904137010743));
#1713 = CARTESIAN_POINT('',(16.728492569002,2.725735919701,
    6.904137010743));
#1714 = VECTOR('',#1715,1.);
#1715 = DIRECTION('',(-0.,0.939692620786,-0.342020143326));
#1716 = ADVANCED_FACE('',(#1717),#1728,.T.);
#1717 = FACE_BOUND('',#1718,.T.);
#1718 = EDGE_LOOP('',(#1719,#1720,#1721,#1727));
#1719 = ORIENTED_EDGE('',*,*,#359,.T.);
#1720 = ORIENTED_EDGE('',*,*,#1342,.T.);
#1721 = ORIENTED_EDGE('',*,*,#1722,.T.);
#1722 = EDGE_CURVE('',#1335,#1696,#1723,.T.);
#1723 = B_SPLINE_CURVE_WITH_KNOTS('',2,(#1724,#1725,#1726),
  .UNSPECIFIED.,.F.,.F.,(3,3),(0.,1.),.PIECEWISE_BEZIER_KNOTS.);
#1724 = CARTESIAN_POINT('',(17.138683651805,1.832700636055,
    6.789586254278));
#1725 = CARTESIAN_POINT('',(17.113205944798,1.905084007364,
    6.988457932495));
#1726 = CARTESIAN_POINT('',(17.006199575372,1.939532915218,
    7.083105528949));
#1727 = ORIENTED_EDGE('',*,*,#1695,.F.);
#1728 = SURFACE_OF_LINEAR_EXTRUSION('',#1729,#1733);
#1729 = B_SPLINE_CURVE_WITH_KNOTS('',2,(#1730,#1731,#1732),
  .UNSPECIFIED.,.F.,.F.,(3,3),(0.,1.),.PIECEWISE_BEZIER_KNOTS.);
#1730 = CARTESIAN_POINT('',(17.138683651805,2.584454732683,
    6.515970139618));
#1731 = CARTESIAN_POINT('',(17.113205944798,2.656838103993,
    6.714841817834));
#1732 = CARTESIAN_POINT('',(17.006199575372,2.691287011847,
    6.809489414289));
#1733 = VECTOR('',#1734,1.);
#1734 = DIRECTION('',(-0.,0.939692620786,-0.342020143326));
#1735 = ADVANCED_FACE('',(#1736),#1761,.T.);
#1736 = FACE_BOUND('',#1737,.T.);
#1737 = EDGE_LOOP('',(#1738,#1739,#1747,#1755));
#1738 = ORIENTED_EDGE('',*,*,#607,.T.);
#1739 = ORIENTED_EDGE('',*,*,#1740,.T.);
#1740 = EDGE_CURVE('',#610,#1741,#1743,.T.);
#1741 = VERTEX_POINT('',#1742);
#1742 = CARTESIAN_POINT('',(14.335626326964,0.892065364593,
    4.205212085995));
#1743 = LINE('',#1744,#1745);
#1744 = CARTESIAN_POINT('',(14.335626326964,1.643819461222,
    3.931595971335));
#1745 = VECTOR('',#1746,1.);
#1746 = DIRECTION('',(0.,-0.939692620786,0.342020143326));
#1747 = ORIENTED_EDGE('',*,*,#1748,.T.);
#1748 = EDGE_CURVE('',#1741,#1749,#1751,.T.);
#1749 = VERTEX_POINT('',#1750);
#1750 = CARTESIAN_POINT('',(13.619702760085,0.892065364593,
    4.205212085995));
#1751 = LINE('',#1752,#1753);
#1752 = CARTESIAN_POINT('',(14.335626326964,0.892065364593,
    4.205212085995));
#1753 = VECTOR('',#1754,1.);
#1754 = DIRECTION('',(-1.,0.,0.));
#1755 = ORIENTED_EDGE('',*,*,#1756,.F.);
#1756 = EDGE_CURVE('',#608,#1749,#1757,.T.);
#1757 = LINE('',#1758,#1759);
#1758 = CARTESIAN_POINT('',(13.619702760085,1.643819461222,
    3.931595971335));
#1759 = VECTOR('',#1760,1.);
#1760 = DIRECTION('',(0.,-0.939692620786,0.342020143326));
#1761 = PLANE('',#1762);
#1762 = AXIS2_PLACEMENT_3D('',#1763,#1764,#1765);
#1763 = CARTESIAN_POINT('',(14.335626326964,1.643819461222,
    3.931595971335));
#1764 = DIRECTION('',(0.,-0.342020143326,-0.939692620786));
#1765 = DIRECTION('',(-1.,0.,0.));
#1766 = ADVANCED_FACE('',(#1767),#1785,.T.);
#1767 = FACE_BOUND('',#1768,.T.);
#1768 = EDGE_LOOP('',(#1769,#1770,#1778,#1784));
#1769 = ORIENTED_EDGE('',*,*,#687,.T.);
#1770 = ORIENTED_EDGE('',*,*,#1771,.T.);
#1771 = EDGE_CURVE('',#680,#1772,#1774,.T.);
#1772 = VERTEX_POINT('',#1773);
#1773 = CARTESIAN_POINT('',(14.335626326964,2.178467751651,7.73957359677
    ));
#1774 = LINE('',#1775,#1776);
#1775 = CARTESIAN_POINT('',(14.335626326964,2.93022184828,7.465957482109
    ));
#1776 = VECTOR('',#1777,1.);
#1777 = DIRECTION('',(0.,-0.939692620786,0.342020143326));
#1778 = ORIENTED_EDGE('',*,*,#1779,.T.);
#1779 = EDGE_CURVE('',#1772,#1741,#1780,.T.);
#1780 = LINE('',#1781,#1782);
#1781 = CARTESIAN_POINT('',(14.335626326964,2.178467751651,7.73957359677
    ));
#1782 = VECTOR('',#1783,1.);
#1783 = DIRECTION('',(0.,-0.342020143326,-0.939692620786));
#1784 = ORIENTED_EDGE('',*,*,#1740,.F.);
#1785 = PLANE('',#1786);
#1786 = AXIS2_PLACEMENT_3D('',#1787,#1788,#1789);
#1787 = CARTESIAN_POINT('',(14.335626326964,2.93022184828,7.465957482109
    ));
#1788 = DIRECTION('',(1.,0.,0.));
#1789 = DIRECTION('',(0.,-0.342020143326,-0.939692620786));
#1790 = ADVANCED_FACE('',(#1791),#1809,.T.);
#1791 = FACE_BOUND('',#1792,.T.);
#1792 = EDGE_LOOP('',(#1793,#1794,#1802,#1808));
#1793 = ORIENTED_EDGE('',*,*,#679,.T.);
#1794 = ORIENTED_EDGE('',*,*,#1795,.T.);
#1795 = EDGE_CURVE('',#661,#1796,#1798,.T.);
#1796 = VERTEX_POINT('',#1797);
#1797 = CARTESIAN_POINT('',(13.754734607219,2.178467751651,7.73957359677
    ));
#1798 = LINE('',#1799,#1800);
#1799 = CARTESIAN_POINT('',(13.754734607219,2.93022184828,7.465957482109
    ));
#1800 = VECTOR('',#1801,1.);
#1801 = DIRECTION('',(0.,-0.939692620786,0.342020143326));
#1802 = ORIENTED_EDGE('',*,*,#1803,.T.);
#1803 = EDGE_CURVE('',#1796,#1772,#1804,.T.);
#1804 = LINE('',#1805,#1806);
#1805 = CARTESIAN_POINT('',(13.754734607219,2.178467751651,7.73957359677
    ));
#1806 = VECTOR('',#1807,1.);
#1807 = DIRECTION('',(1.,0.,0.));
#1808 = ORIENTED_EDGE('',*,*,#1771,.F.);
#1809 = PLANE('',#1810);
#1810 = AXIS2_PLACEMENT_3D('',#1811,#1812,#1813);
#1811 = CARTESIAN_POINT('',(13.754734607219,2.93022184828,7.465957482109
    ));
#1812 = DIRECTION('',(0.,0.342020143326,0.939692620786));
#1813 = DIRECTION('',(1.,0.,0.));
#1814 = ADVANCED_FACE('',(#1815),#1833,.T.);
#1815 = FACE_BOUND('',#1816,.T.);
#1816 = EDGE_LOOP('',(#1817,#1818,#1826,#1832));
#1817 = ORIENTED_EDGE('',*,*,#660,.T.);
#1818 = ORIENTED_EDGE('',*,*,#1819,.T.);
#1819 = EDGE_CURVE('',#649,#1820,#1822,.T.);
#1820 = VERTEX_POINT('',#1821);
#1821 = CARTESIAN_POINT('',(13.303779193206,1.973981823073,
    7.177753125404));
#1822 = LINE('',#1823,#1824);
#1823 = CARTESIAN_POINT('',(13.303779193206,2.725735919701,
    6.904137010743));
#1824 = VECTOR('',#1825,1.);
#1825 = DIRECTION('',(0.,-0.939692620786,0.342020143326));
#1826 = ORIENTED_EDGE('',*,*,#1827,.T.);
#1827 = EDGE_CURVE('',#1820,#1796,#1828,.T.);
#1828 = B_SPLINE_CURVE_WITH_KNOTS('',2,(#1829,#1830,#1831),
  .UNSPECIFIED.,.F.,.F.,(3,3),(0.,1.),.PIECEWISE_BEZIER_KNOTS.);
#1829 = CARTESIAN_POINT('',(13.303779193206,1.973981823073,
    7.177753125404));
#1830 = CARTESIAN_POINT('',(13.632441613588,2.061643546432,
    7.418601730884));
#1831 = CARTESIAN_POINT('',(13.754734607219,2.178467751651,7.73957359677
    ));
#1832 = ORIENTED_EDGE('',*,*,#1795,.F.);
#1833 = SURFACE_OF_LINEAR_EXTRUSION('',#1834,#1838);
#1834 = B_SPLINE_CURVE_WITH_KNOTS('',2,(#1835,#1836,#1837),
  .UNSPECIFIED.,.F.,.F.,(3,3),(0.,1.),.PIECEWISE_BEZIER_KNOTS.);
#1835 = CARTESIAN_POINT('',(13.303779193206,2.725735919701,
    6.904137010743));
#1836 = CARTESIAN_POINT('',(13.632441613588,2.813397643061,
    7.144985616224));
#1837 = CARTESIAN_POINT('',(13.754734607219,2.93022184828,7.465957482109
    ));
#1838 = VECTOR('',#1839,1.);
#1839 = DIRECTION('',(-0.,0.939692620786,-0.342020143326));
#1840 = ADVANCED_FACE('',(#1841),#1859,.T.);
#1841 = FACE_BOUND('',#1842,.T.);
#1842 = EDGE_LOOP('',(#1843,#1844,#1852,#1858));
#1843 = ORIENTED_EDGE('',*,*,#648,.T.);
#1844 = ORIENTED_EDGE('',*,*,#1845,.T.);
#1845 = EDGE_CURVE('',#641,#1846,#1848,.T.);
#1846 = VERTEX_POINT('',#1847);
#1847 = CARTESIAN_POINT('',(12.694861995754,1.8550081919,6.850875760245)
  );
#1848 = LINE('',#1849,#1850);
#1849 = CARTESIAN_POINT('',(12.694861995754,2.606762288528,
    6.577259645585));
#1850 = VECTOR('',#1851,1.);
#1851 = DIRECTION('',(0.,-0.939692620786,0.342020143326));
#1852 = ORIENTED_EDGE('',*,*,#1853,.T.);
#1853 = EDGE_CURVE('',#1846,#1820,#1854,.T.);
#1854 = B_SPLINE_CURVE_WITH_KNOTS('',2,(#1855,#1856,#1857),
  .UNSPECIFIED.,.F.,.F.,(3,3),(0.,1.),.PIECEWISE_BEZIER_KNOTS.);
#1855 = CARTESIAN_POINT('',(12.694861995754,1.8550081919,6.850875760245)
  );
#1856 = CARTESIAN_POINT('',(12.975116772824,1.886378192307,
    6.937064128012));
#1857 = CARTESIAN_POINT('',(13.303779193206,1.973981823073,
    7.177753125404));
#1858 = ORIENTED_EDGE('',*,*,#1819,.F.);
#1859 = SURFACE_OF_LINEAR_EXTRUSION('',#1860,#1864);
#1860 = B_SPLINE_CURVE_WITH_KNOTS('',2,(#1861,#1862,#1863),
  .UNSPECIFIED.,.F.,.F.,(3,3),(0.,1.),.PIECEWISE_BEZIER_KNOTS.);
#1861 = CARTESIAN_POINT('',(12.694861995754,2.606762288528,
    6.577259645585));
#1862 = CARTESIAN_POINT('',(12.975116772824,2.638132288935,
    6.663448013351));
#1863 = CARTESIAN_POINT('',(13.303779193206,2.725735919701,
    6.904137010743));
#1864 = VECTOR('',#1865,1.);
#1865 = DIRECTION('',(-0.,0.939692620786,-0.342020143326));
#1866 = ADVANCED_FACE('',(#1867),#1885,.T.);
#1867 = FACE_BOUND('',#1868,.T.);
#1868 = EDGE_LOOP('',(#1869,#1870,#1878,#1884));
#1869 = ORIENTED_EDGE('',*,*,#640,.T.);
#1870 = ORIENTED_EDGE('',*,*,#1871,.T.);
#1871 = EDGE_CURVE('',#626,#1872,#1874,.T.);
#1872 = VERTEX_POINT('',#1873);
#1873 = CARTESIAN_POINT('',(12.694861995754,1.63193263345,6.237980700574
    ));
#1874 = LINE('',#1875,#1876);
#1875 = CARTESIAN_POINT('',(12.694861995754,2.383686730079,
    5.964364585913));
#1876 = VECTOR('',#1877,1.);
#1877 = DIRECTION('',(0.,-0.939692620786,0.342020143326));
#1878 = ORIENTED_EDGE('',*,*,#1879,.T.);
#1879 = EDGE_CURVE('',#1872,#1846,#1880,.T.);
#1880 = LINE('',#1881,#1882);
#1881 = CARTESIAN_POINT('',(12.694861995754,1.63193263345,6.237980700574
    ));
#1882 = VECTOR('',#1883,1.);
#1883 = DIRECTION('',(0.,0.342020143326,0.939692620786));
#1884 = ORIENTED_EDGE('',*,*,#1845,.F.);
#1885 = PLANE('',#1886);
#1886 = AXIS2_PLACEMENT_3D('',#1887,#1888,#1889);
#1887 = CARTESIAN_POINT('',(12.694861995754,2.383686730079,
    5.964364585913));
#1888 = DIRECTION('',(-1.,0.,0.));
#1889 = DIRECTION('',(0.,0.342020143326,0.939692620786));
#1890 = ADVANCED_FACE('',(#1891),#1909,.T.);
#1891 = FACE_BOUND('',#1892,.T.);
#1892 = EDGE_LOOP('',(#1893,#1894,#1902,#1908));
#1893 = ORIENTED_EDGE('',*,*,#625,.T.);
#1894 = ORIENTED_EDGE('',*,*,#1895,.T.);
#1895 = EDGE_CURVE('',#618,#1896,#1898,.T.);
#1896 = VERTEX_POINT('',#1897);
#1897 = CARTESIAN_POINT('',(13.619702760085,1.818293672905,
    6.750003448341));
#1898 = LINE('',#1899,#1900);
#1899 = CARTESIAN_POINT('',(13.619702760085,2.570047769534,
    6.476387333681));
#1900 = VECTOR('',#1901,1.);
#1901 = DIRECTION('',(0.,-0.939692620786,0.342020143326));
#1902 = ORIENTED_EDGE('',*,*,#1903,.T.);
#1903 = EDGE_CURVE('',#1896,#1872,#1904,.T.);
#1904 = B_SPLINE_CURVE_WITH_KNOTS('',2,(#1905,#1906,#1907),
  .UNSPECIFIED.,.F.,.F.,(3,3),(0.,1.),.PIECEWISE_BEZIER_KNOTS.);
#1905 = CARTESIAN_POINT('',(13.619702760085,1.818293672905,
    6.750003448341));
#1906 = CARTESIAN_POINT('',(13.227346072187,1.692290837937,6.40381350448
    ));
#1907 = CARTESIAN_POINT('',(12.694861995754,1.63193263345,6.237980700574
    ));
#1908 = ORIENTED_EDGE('',*,*,#1871,.F.);
#1909 = SURFACE_OF_LINEAR_EXTRUSION('',#1910,#1914);
#1910 = B_SPLINE_CURVE_WITH_KNOTS('',2,(#1911,#1912,#1913),
  .UNSPECIFIED.,.F.,.F.,(3,3),(0.,1.),.PIECEWISE_BEZIER_KNOTS.);
#1911 = CARTESIAN_POINT('',(13.619702760085,2.570047769534,
    6.476387333681));
#1912 = CARTESIAN_POINT('',(13.227346072187,2.444044934566,
    6.130197389819));
#1913 = CARTESIAN_POINT('',(12.694861995754,2.383686730079,
    5.964364585913));
#1914 = VECTOR('',#1915,1.);
#1915 = DIRECTION('',(-0.,0.939692620786,-0.342020143326));
#1916 = ADVANCED_FACE('',(#1917),#1928,.T.);
#1917 = FACE_BOUND('',#1918,.T.);
#1918 = EDGE_LOOP('',(#1919,#1920,#1921,#1927));
#1919 = ORIENTED_EDGE('',*,*,#617,.T.);
#1920 = ORIENTED_EDGE('',*,*,#1756,.T.);
#1921 = ORIENTED_EDGE('',*,*,#1922,.T.);
#1922 = EDGE_CURVE('',#1749,#1896,#1923,.T.);
#1923 = LINE('',#1924,#1925);
#1924 = CARTESIAN_POINT('',(13.619702760085,0.892065364593,
    4.205212085995));
#1925 = VECTOR('',#1926,1.);
#1926 = DIRECTION('',(0.,0.342020143326,0.939692620786));
#1927 = ORIENTED_EDGE('',*,*,#1895,.F.);
#1928 = PLANE('',#1929);
#1929 = AXIS2_PLACEMENT_3D('',#1930,#1931,#1932);
#1930 = CARTESIAN_POINT('',(13.619702760085,1.643819461222,
    3.931595971335));
#1931 = DIRECTION('',(-1.,0.,0.));
#1932 = DIRECTION('',(0.,0.342020143326,0.939692620786));
#1933 = ADVANCED_FACE('',(#1934),#1959,.T.);
#1934 = FACE_BOUND('',#1935,.T.);
#1935 = EDGE_LOOP('',(#1936,#1937,#1945,#1953));
#1936 = ORIENTED_EDGE('',*,*,#695,.T.);
#1937 = ORIENTED_EDGE('',*,*,#1938,.T.);
#1938 = EDGE_CURVE('',#698,#1939,#1941,.T.);
#1939 = VERTEX_POINT('',#1940);
#1940 = CARTESIAN_POINT('',(8.170870488323,1.189499442526,5.022405498891
    ));
#1941 = LINE('',#1942,#1943);
#1942 = CARTESIAN_POINT('',(8.170870488323,1.941253539154,4.748789384231
    ));
#1943 = VECTOR('',#1944,1.);
#1944 = DIRECTION('',(0.,-0.939692620786,0.342020143326));
#1945 = ORIENTED_EDGE('',*,*,#1946,.T.);
#1946 = EDGE_CURVE('',#1939,#1947,#1949,.T.);
#1947 = VERTEX_POINT('',#1948);
#1948 = CARTESIAN_POINT('',(8.863864118896,1.215524924345,5.09390992252)
  );
#1949 = LINE('',#1950,#1951);
#1950 = CARTESIAN_POINT('',(8.170870488323,1.189499442526,5.022405498891
    ));
#1951 = VECTOR('',#1952,1.);
#1952 = DIRECTION('',(0.994025520727,3.733078050948E-02,0.1025654765));
#1953 = ORIENTED_EDGE('',*,*,#1954,.F.);
#1954 = EDGE_CURVE('',#696,#1947,#1955,.T.);
#1955 = LINE('',#1956,#1957);
#1956 = CARTESIAN_POINT('',(8.863864118896,1.967279020974,4.820293807859
    ));
#1957 = VECTOR('',#1958,1.);
#1958 = DIRECTION('',(0.,-0.939692620786,0.342020143326));
#1959 = PLANE('',#1960);
#1960 = AXIS2_PLACEMENT_3D('',#1961,#1962,#1963);
#1961 = CARTESIAN_POINT('',(8.170870488323,1.941253539154,4.748789384231
    ));
#1962 = DIRECTION('',(-0.109147900315,0.339976751068,0.9340784467));
#1963 = DIRECTION('',(0.994025520727,3.733078050948E-02,0.1025654765));
#1964 = ADVANCED_FACE('',(#1965),#1983,.T.);
#1965 = FACE_BOUND('',#1966,.T.);
#1966 = EDGE_LOOP('',(#1967,#1968,#1976,#1982));
#1967 = ORIENTED_EDGE('',*,*,#938,.T.);
#1968 = ORIENTED_EDGE('',*,*,#1969,.T.);
#1969 = EDGE_CURVE('',#922,#1970,#1972,.T.);
#1970 = VERTEX_POINT('',#1971);
#1971 = CARTESIAN_POINT('',(8.517367303609,0.949925587566,4.364181742098
    ));
#1972 = LINE('',#1973,#1974);
#1973 = CARTESIAN_POINT('',(8.517367303609,1.701679684195,4.090565627437
    ));
#1974 = VECTOR('',#1975,1.);
#1975 = DIRECTION('',(0.,-0.939692620786,0.342020143326));
#1976 = ORIENTED_EDGE('',*,*,#1977,.T.);
#1977 = EDGE_CURVE('',#1970,#1939,#1978,.T.);
#1978 = B_SPLINE_CURVE_WITH_KNOTS('',2,(#1979,#1980,#1981),
  .UNSPECIFIED.,.F.,.F.,(3,3),(0.,1.),.PIECEWISE_BEZIER_KNOTS.);
#1979 = CARTESIAN_POINT('',(8.517367303609,0.949925587566,4.364181742098
    ));
#1980 = CARTESIAN_POINT('',(8.247303609342,1.030093366384,4.584440904167
    ));
#1981 = CARTESIAN_POINT('',(8.170870488323,1.189499442526,5.022405498891
    ));
#1982 = ORIENTED_EDGE('',*,*,#1938,.F.);
#1983 = SURFACE_OF_LINEAR_EXTRUSION('',#1984,#1988);
#1984 = B_SPLINE_CURVE_WITH_KNOTS('',2,(#1985,#1986,#1987),
  .UNSPECIFIED.,.F.,.F.,(3,3),(0.,1.),.PIECEWISE_BEZIER_KNOTS.);
#1985 = CARTESIAN_POINT('',(8.517367303609,1.701679684195,4.090565627437
    ));
#1986 = CARTESIAN_POINT('',(8.247303609342,1.781847463013,4.310824789507
    ));
#1987 = CARTESIAN_POINT('',(8.170870488323,1.941253539154,4.748789384231
    ));
#1988 = VECTOR('',#1989,1.);
#1989 = DIRECTION('',(-0.,0.939692620786,-0.342020143326));
#1990 = ADVANCED_FACE('',(#1991),#2009,.T.);
#1991 = FACE_BOUND('',#1992,.T.);
#1992 = EDGE_LOOP('',(#1993,#1994,#2002,#2008));
#1993 = ORIENTED_EDGE('',*,*,#921,.T.);
#1994 = ORIENTED_EDGE('',*,*,#1995,.T.);
#1995 = EDGE_CURVE('',#903,#1996,#1998,.T.);
#1996 = VERTEX_POINT('',#1997);
#1997 = CARTESIAN_POINT('',(9.225647558386,0.869757808748,4.143922580028
    ));
#1998 = LINE('',#1999,#2000);
#1999 = CARTESIAN_POINT('',(9.225647558386,1.621511905377,3.870306465368
    ));
#2000 = VECTOR('',#2001,1.);
#2001 = DIRECTION('',(0.,-0.939692620786,0.342020143326));
#2002 = ORIENTED_EDGE('',*,*,#2003,.T.);
#2003 = EDGE_CURVE('',#1996,#1970,#2004,.T.);
#2004 = B_SPLINE_CURVE_WITH_KNOTS('',2,(#2005,#2006,#2007),
  .UNSPECIFIED.,.F.,.F.,(3,3),(0.,1.),.PIECEWISE_BEZIER_KNOTS.);
#2005 = CARTESIAN_POINT('',(9.225647558386,0.869757808748,4.143922580028
    ));
#2006 = CARTESIAN_POINT('',(8.787430997877,0.869757808748,4.143922580028
    ));
#2007 = CARTESIAN_POINT('',(8.517367303609,0.949925587566,4.364181742098
    ));
#2008 = ORIENTED_EDGE('',*,*,#1969,.F.);
#2009 = SURFACE_OF_LINEAR_EXTRUSION('',#2010,#2014);
#2010 = B_SPLINE_CURVE_WITH_KNOTS('',2,(#2011,#2012,#2013),
  .UNSPECIFIED.,.F.,.F.,(3,3),(0.,1.),.PIECEWISE_BEZIER_KNOTS.);
#2011 = CARTESIAN_POINT('',(9.225647558386,1.621511905377,3.870306465368
    ));
#2012 = CARTESIAN_POINT('',(8.787430997877,1.621511905377,3.870306465368
    ));
#2013 = CARTESIAN_POINT('',(8.517367303609,1.701679684195,4.090565627437
    ));
#2014 = VECTOR('',#2015,1.);
#2015 = DIRECTION('',(-0.,0.939692620786,-0.342020143326));
#2016 = ADVANCED_FACE('',(#2017),#2035,.T.);
#2017 = FACE_BOUND('',#2018,.T.);
#2018 = EDGE_LOOP('',(#2019,#2020,#2028,#2034));
#2019 = ORIENTED_EDGE('',*,*,#902,.T.);
#2020 = ORIENTED_EDGE('',*,*,#2021,.T.);
#2021 = EDGE_CURVE('',#886,#2022,#2024,.T.);
#2022 = VERTEX_POINT('',#2023);
#2023 = CARTESIAN_POINT('',(10.214182590234,1.025271681136,
    4.571193432825));
#2024 = LINE('',#2025,#2026);
#2025 = CARTESIAN_POINT('',(10.214182590234,1.777025777765,
    4.297577318165));
#2026 = VECTOR('',#2027,1.);
#2027 = DIRECTION('',(0.,-0.939692620786,0.342020143326));
#2028 = ORIENTED_EDGE('',*,*,#2029,.T.);
#2029 = EDGE_CURVE('',#2022,#1996,#2030,.T.);
#2030 = B_SPLINE_CURVE_WITH_KNOTS('',2,(#2031,#2032,#2033),
  .UNSPECIFIED.,.F.,.F.,(3,3),(0.,1.),.PIECEWISE_BEZIER_KNOTS.);
#2031 = CARTESIAN_POINT('',(10.214182590234,1.025271681136,
    4.571193432825));
#2032 = CARTESIAN_POINT('',(9.834564755839,0.869757808748,4.143922580028
    ));
#2033 = CARTESIAN_POINT('',(9.225647558386,0.869757808748,4.143922580028
    ));
#2034 = ORIENTED_EDGE('',*,*,#1995,.F.);
#2035 = SURFACE_OF_LINEAR_EXTRUSION('',#2036,#2040);
#2036 = B_SPLINE_CURVE_WITH_KNOTS('',2,(#2037,#2038,#2039),
  .UNSPECIFIED.,.F.,.F.,(3,3),(0.,1.),.PIECEWISE_BEZIER_KNOTS.);
#2037 = CARTESIAN_POINT('',(10.214182590234,1.777025777765,
    4.297577318165));
#2038 = CARTESIAN_POINT('',(9.834564755839,1.621511905377,3.870306465368
    ));
#2039 = CARTESIAN_POINT('',(9.225647558386,1.621511905377,3.870306465368
    ));
#2040 = VECTOR('',#2041,1.);
#2041 = DIRECTION('',(-0.,0.939692620786,-0.342020143326));
#2042 = ADVANCED_FACE('',(#2043),#2061,.T.);
#2043 = FACE_BOUND('',#2044,.T.);
#2044 = EDGE_LOOP('',(#2045,#2046,#2054,#2060));
#2045 = ORIENTED_EDGE('',*,*,#885,.T.);
#2046 = ORIENTED_EDGE('',*,*,#2047,.T.);
#2047 = EDGE_CURVE('',#869,#2048,#2050,.T.);
#2048 = VERTEX_POINT('',#2049);
#2049 = CARTESIAN_POINT('',(10.593800424628,1.531955280302,
    5.963295180341));
#2050 = LINE('',#2051,#2052);
#2051 = CARTESIAN_POINT('',(10.593800424628,2.28370937693,5.68967906568)
  );
#2052 = VECTOR('',#2053,1.);
#2053 = DIRECTION('',(0.,-0.939692620786,0.342020143326));
#2054 = ORIENTED_EDGE('',*,*,#2055,.T.);
#2055 = EDGE_CURVE('',#2048,#2022,#2056,.T.);
#2056 = B_SPLINE_CURVE_WITH_KNOTS('',2,(#2057,#2058,#2059),
  .UNSPECIFIED.,.F.,.F.,(3,3),(0.,1.),.PIECEWISE_BEZIER_KNOTS.);
#2057 = CARTESIAN_POINT('',(10.593800424628,1.531955280302,
    5.963295180341));
#2058 = CARTESIAN_POINT('',(10.593800424628,1.180785553524,
    4.998464285623));
#2059 = CARTESIAN_POINT('',(10.214182590234,1.025271681136,
    4.571193432825));
#2060 = ORIENTED_EDGE('',*,*,#2021,.F.);
#2061 = SURFACE_OF_LINEAR_EXTRUSION('',#2062,#2066);
#2062 = B_SPLINE_CURVE_WITH_KNOTS('',2,(#2063,#2064,#2065),
  .UNSPECIFIED.,.F.,.F.,(3,3),(0.,1.),.PIECEWISE_BEZIER_KNOTS.);
#2063 = CARTESIAN_POINT('',(10.593800424628,2.28370937693,5.68967906568)
  );
#2064 = CARTESIAN_POINT('',(10.593800424628,1.932539650153,
    4.724848170962));
#2065 = CARTESIAN_POINT('',(10.214182590234,1.777025777765,
    4.297577318165));
#2066 = VECTOR('',#2067,1.);
#2067 = DIRECTION('',(-0.,0.939692620786,-0.342020143326));
#2068 = ADVANCED_FACE('',(#2069),#2087,.T.);
#2069 = FACE_BOUND('',#2070,.T.);
#2070 = EDGE_LOOP('',(#2071,#2072,#2080,#2086));
#2071 = ORIENTED_EDGE('',*,*,#868,.T.);
#2072 = ORIENTED_EDGE('',*,*,#2073,.T.);
#2073 = EDGE_CURVE('',#850,#2074,#2076,.T.);
#2074 = VERTEX_POINT('',#2075);
#2075 = CARTESIAN_POINT('',(10.229469214437,2.027775564511,
    7.325550215314));
#2076 = LINE('',#2077,#2078);
#2077 = CARTESIAN_POINT('',(10.229469214437,2.77952966114,7.051934100654
    ));
#2078 = VECTOR('',#2079,1.);
#2079 = DIRECTION('',(0.,-0.939692620786,0.342020143326));
#2080 = ORIENTED_EDGE('',*,*,#2081,.T.);
#2081 = EDGE_CURVE('',#2074,#2048,#2082,.T.);
#2082 = B_SPLINE_CURVE_WITH_KNOTS('',2,(#2083,#2084,#2085),
  .UNSPECIFIED.,.F.,.F.,(3,3),(0.,1.),.PIECEWISE_BEZIER_KNOTS.);
#2083 = CARTESIAN_POINT('',(10.229469214437,2.027775564511,
    7.325550215314));
#2084 = CARTESIAN_POINT('',(10.593800424628,1.877083377371,
    6.911526833859));
#2085 = CARTESIAN_POINT('',(10.593800424628,1.531955280302,
    5.963295180341));
#2086 = ORIENTED_EDGE('',*,*,#2047,.F.);
#2087 = SURFACE_OF_LINEAR_EXTRUSION('',#2088,#2092);
#2088 = B_SPLINE_CURVE_WITH_KNOTS('',2,(#2089,#2090,#2091),
  .UNSPECIFIED.,.F.,.F.,(3,3),(0.,1.),.PIECEWISE_BEZIER_KNOTS.);
#2089 = CARTESIAN_POINT('',(10.229469214437,2.77952966114,7.051934100654
    ));
#2090 = CARTESIAN_POINT('',(10.593800424628,2.628837474,6.637910719198)
  );
#2091 = CARTESIAN_POINT('',(10.593800424628,2.28370937693,5.68967906568)
  );
#2092 = VECTOR('',#2093,1.);
#2093 = DIRECTION('',(-0.,0.939692620786,-0.342020143326));
#2094 = ADVANCED_FACE('',(#2095),#2113,.T.);
#2095 = FACE_BOUND('',#2096,.T.);
#2096 = EDGE_LOOP('',(#2097,#2098,#2106,#2112));
#2097 = ORIENTED_EDGE('',*,*,#849,.T.);
#2098 = ORIENTED_EDGE('',*,*,#2099,.T.);
#2099 = EDGE_CURVE('',#833,#2100,#2102,.T.);
#2100 = VERTEX_POINT('',#2101);
#2101 = CARTESIAN_POINT('',(9.296985138004,2.178467751651,7.73957359677)
  );
#2102 = LINE('',#2103,#2104);
#2103 = CARTESIAN_POINT('',(9.296985138004,2.93022184828,7.465957482109)
  );
#2104 = VECTOR('',#2105,1.);
#2105 = DIRECTION('',(0.,-0.939692620786,0.342020143326));
#2106 = ORIENTED_EDGE('',*,*,#2107,.T.);
#2107 = EDGE_CURVE('',#2100,#2074,#2108,.T.);
#2108 = B_SPLINE_CURVE_WITH_KNOTS('',2,(#2109,#2110,#2111),
  .UNSPECIFIED.,.F.,.F.,(3,3),(0.,1.),.PIECEWISE_BEZIER_KNOTS.);
#2109 = CARTESIAN_POINT('',(9.296985138004,2.178467751651,7.73957359677)
  );
#2110 = CARTESIAN_POINT('',(9.865138004246,2.178467751651,7.73957359677)
  );
#2111 = CARTESIAN_POINT('',(10.229469214437,2.027775564511,
    7.325550215314));
#2112 = ORIENTED_EDGE('',*,*,#2073,.F.);
#2113 = SURFACE_OF_LINEAR_EXTRUSION('',#2114,#2118);
#2114 = B_SPLINE_CURVE_WITH_KNOTS('',2,(#2115,#2116,#2117),
  .UNSPECIFIED.,.F.,.F.,(3,3),(0.,1.),.PIECEWISE_BEZIER_KNOTS.);
#2115 = CARTESIAN_POINT('',(9.296985138004,2.93022184828,7.465957482109)
  );
#2116 = CARTESIAN_POINT('',(9.865138004246,2.93022184828,7.465957482109)
  );
#2117 = CARTESIAN_POINT('',(10.229469214437,2.77952966114,7.051934100654
    ));
#2118 = VECTOR('',#2119,1.);
#2119 = DIRECTION('',(-0.,0.939692620786,-0.342020143326));
#2120 = ADVANCED_FACE('',(#2121),#2139,.T.);
#2121 = FACE_BOUND('',#2122,.T.);
#2122 = EDGE_LOOP('',(#2123,#2124,#2132,#2138));
#2123 = ORIENTED_EDGE('',*,*,#832,.T.);
#2124 = ORIENTED_EDGE('',*,*,#2125,.T.);
#2125 = EDGE_CURVE('',#816,#2126,#2128,.T.);
#2126 = VERTEX_POINT('',#2127);
#2127 = CARTESIAN_POINT('',(8.437027600849,2.059494120478,7.412696231611
    ));
#2128 = LINE('',#2129,#2130);
#2129 = CARTESIAN_POINT('',(8.437027600849,2.811248217107,7.139080116951
    ));
#2130 = VECTOR('',#2131,1.);
#2131 = DIRECTION('',(0.,-0.939692620786,0.342020143326));
#2132 = ORIENTED_EDGE('',*,*,#2133,.T.);
#2133 = EDGE_CURVE('',#2126,#2100,#2134,.T.);
#2134 = B_SPLINE_CURVE_WITH_KNOTS('',2,(#2135,#2136,#2137),
  .UNSPECIFIED.,.F.,.F.,(3,3),(0.,1.),.PIECEWISE_BEZIER_KNOTS.);
#2135 = CARTESIAN_POINT('',(8.437027600849,2.059494120478,7.412696231611
    ));
#2136 = CARTESIAN_POINT('',(8.774692144374,2.178467751651,7.73957359677)
  );
#2137 = CARTESIAN_POINT('',(9.296985138004,2.178467751651,7.73957359677)
  );
#2138 = ORIENTED_EDGE('',*,*,#2099,.F.);
#2139 = SURFACE_OF_LINEAR_EXTRUSION('',#2140,#2144);
#2140 = B_SPLINE_CURVE_WITH_KNOTS('',2,(#2141,#2142,#2143),
  .UNSPECIFIED.,.F.,.F.,(3,3),(0.,1.),.PIECEWISE_BEZIER_KNOTS.);
#2141 = CARTESIAN_POINT('',(8.437027600849,2.811248217107,7.139080116951
    ));
#2142 = CARTESIAN_POINT('',(8.774692144374,2.93022184828,7.465957482109)
  );
#2143 = CARTESIAN_POINT('',(9.296985138004,2.93022184828,7.465957482109)
  );
#2144 = VECTOR('',#2145,1.);
#2145 = DIRECTION('',(-0.,0.939692620786,-0.342020143326));
#2146 = ADVANCED_FACE('',(#2147),#2165,.T.);
#2147 = FACE_BOUND('',#2148,.T.);
#2148 = EDGE_LOOP('',(#2149,#2150,#2158,#2164));
#2149 = ORIENTED_EDGE('',*,*,#815,.T.);
#2150 = ORIENTED_EDGE('',*,*,#2151,.T.);
#2151 = EDGE_CURVE('',#799,#2152,#2154,.T.);
#2152 = VERTEX_POINT('',#2153);
#2153 = CARTESIAN_POINT('',(8.099532908705,1.746200764562,6.551929810567
    ));
#2154 = LINE('',#2155,#2156);
#2155 = CARTESIAN_POINT('',(8.099532908705,2.497954861191,6.278313695906
    ));
#2156 = VECTOR('',#2157,1.);
#2157 = DIRECTION('',(0.,-0.939692620786,0.342020143326));
#2158 = ORIENTED_EDGE('',*,*,#2159,.T.);
#2159 = EDGE_CURVE('',#2152,#2126,#2160,.T.);
#2160 = B_SPLINE_CURVE_WITH_KNOTS('',2,(#2161,#2162,#2163),
  .UNSPECIFIED.,.F.,.F.,(3,3),(0.,1.),.PIECEWISE_BEZIER_KNOTS.);
#2161 = CARTESIAN_POINT('',(8.099532908705,1.746200764562,6.551929810567
    ));
#2162 = CARTESIAN_POINT('',(8.099532908705,1.940578581899,7.085978474541
    ));
#2163 = CARTESIAN_POINT('',(8.437027600849,2.059494120478,7.412696231611
    ));
#2164 = ORIENTED_EDGE('',*,*,#2125,.F.);
#2165 = SURFACE_OF_LINEAR_EXTRUSION('',#2166,#2170);
#2166 = B_SPLINE_CURVE_WITH_KNOTS('',2,(#2167,#2168,#2169),
  .UNSPECIFIED.,.F.,.F.,(3,3),(0.,1.),.PIECEWISE_BEZIER_KNOTS.);
#2167 = CARTESIAN_POINT('',(8.099532908705,2.497954861191,6.278313695906
    ));
#2168 = CARTESIAN_POINT('',(8.099532908705,2.692332678527,6.812362359881
    ));
#2169 = CARTESIAN_POINT('',(8.437027600849,2.811248217107,7.139080116951
    ));
#2170 = VECTOR('',#2171,1.);
#2171 = DIRECTION('',(-0.,0.939692620786,-0.342020143326));
#2172 = ADVANCED_FACE('',(#2173),#2191,.T.);
#2173 = FACE_BOUND('',#2174,.T.);
#2174 = EDGE_LOOP('',(#2175,#2176,#2184,#2190));
#2175 = ORIENTED_EDGE('',*,*,#798,.T.);
#2176 = ORIENTED_EDGE('',*,*,#2177,.T.);
#2177 = EDGE_CURVE('',#784,#2178,#2180,.T.);
#2178 = VERTEX_POINT('',#2179);
#2179 = CARTESIAN_POINT('',(8.419193205945,1.443364075449,5.719892845445
    ));
#2180 = LINE('',#2181,#2182);
#2181 = CARTESIAN_POINT('',(8.419193205945,2.195118172077,5.446276730784
    ));
#2182 = VECTOR('',#2183,1.);
#2183 = DIRECTION('',(0.,-0.939692620786,0.342020143326));
#2184 = ORIENTED_EDGE('',*,*,#2185,.T.);
#2185 = EDGE_CURVE('',#2178,#2152,#2186,.T.);
#2186 = B_SPLINE_CURVE_WITH_KNOTS('',2,(#2187,#2188,#2189),
  .UNSPECIFIED.,.F.,.F.,(3,3),(0.,1.),.PIECEWISE_BEZIER_KNOTS.);
#2187 = CARTESIAN_POINT('',(8.419193205945,1.443364075449,5.719892845445
    ));
#2188 = CARTESIAN_POINT('',(8.099532908705,1.559723539921,6.039587846623
    ));
#2189 = CARTESIAN_POINT('',(8.099532908705,1.746200764562,6.551929810567
    ));
#2190 = ORIENTED_EDGE('',*,*,#2151,.F.);
#2191 = SURFACE_OF_LINEAR_EXTRUSION('',#2192,#2196);
#2192 = B_SPLINE_CURVE_WITH_KNOTS('',2,(#2193,#2194,#2195),
  .UNSPECIFIED.,.F.,.F.,(3,3),(0.,1.),.PIECEWISE_BEZIER_KNOTS.);
#2193 = CARTESIAN_POINT('',(8.419193205945,2.195118172077,5.446276730784
    ));
#2194 = CARTESIAN_POINT('',(8.099532908705,2.31147763655,5.765971731962)
  );
#2195 = CARTESIAN_POINT('',(8.099532908705,2.497954861191,6.278313695906
    ));
#2196 = VECTOR('',#2197,1.);
#2197 = DIRECTION('',(-0.,0.939692620786,-0.342020143326));
#2198 = ADVANCED_FACE('',(#2199),#2217,.T.);
#2199 = FACE_BOUND('',#2200,.T.);
#2200 = EDGE_LOOP('',(#2201,#2202,#2210,#2216));
#2201 = ORIENTED_EDGE('',*,*,#783,.T.);
#2202 = ORIENTED_EDGE('',*,*,#2203,.T.);
#2203 = EDGE_CURVE('',#769,#2204,#2206,.T.);
#2204 = VERTEX_POINT('',#2205);
#2205 = CARTESIAN_POINT('',(9.179787685775,1.32706270357,5.400357452355)
  );
#2206 = LINE('',#2207,#2208);
#2207 = CARTESIAN_POINT('',(9.179787685775,2.078816800198,5.126741337695
    ));
#2208 = VECTOR('',#2209,1.);
#2209 = DIRECTION('',(0.,-0.939692620786,0.342020143326));
#2210 = ORIENTED_EDGE('',*,*,#2211,.T.);
#2211 = EDGE_CURVE('',#2204,#2178,#2212,.T.);
#2212 = B_SPLINE_CURVE_WITH_KNOTS('',2,(#2213,#2214,#2215),
  .UNSPECIFIED.,.F.,.F.,(3,3),(0.,1.),.PIECEWISE_BEZIER_KNOTS.);
#2213 = CARTESIAN_POINT('',(9.179787685775,1.32706270357,5.400357452355)
  );
#2214 = CARTESIAN_POINT('',(8.739023354565,1.32706270357,5.400357452355)
  );
#2215 = CARTESIAN_POINT('',(8.419193205945,1.443364075449,5.719892845445
    ));
#2216 = ORIENTED_EDGE('',*,*,#2177,.F.);
#2217 = SURFACE_OF_LINEAR_EXTRUSION('',#2218,#2222);
#2218 = B_SPLINE_CURVE_WITH_KNOTS('',2,(#2219,#2220,#2221),
  .UNSPECIFIED.,.F.,.F.,(3,3),(0.,1.),.PIECEWISE_BEZIER_KNOTS.);
#2219 = CARTESIAN_POINT('',(9.179787685775,2.078816800198,5.126741337695
    ));
#2220 = CARTESIAN_POINT('',(8.739023354565,2.078816800198,5.126741337695
    ));
#2221 = CARTESIAN_POINT('',(8.419193205945,2.195118172077,5.446276730784
    ));
#2222 = VECTOR('',#2223,1.);
#2223 = DIRECTION('',(-0.,0.939692620786,-0.342020143326));
#2224 = ADVANCED_FACE('',(#2225),#2243,.T.);
#2225 = FACE_BOUND('',#2226,.T.);
#2226 = EDGE_LOOP('',(#2227,#2228,#2236,#2242));
#2227 = ORIENTED_EDGE('',*,*,#768,.T.);
#2228 = ORIENTED_EDGE('',*,*,#2229,.T.);
#2229 = EDGE_CURVE('',#747,#2230,#2232,.T.);
#2230 = VERTEX_POINT('',#2231);
#2231 = CARTESIAN_POINT('',(9.854946921444,1.434243538293,5.694834375557
    ));
#2232 = LINE('',#2233,#2234);
#2233 = CARTESIAN_POINT('',(9.854946921444,2.185997634922,5.421218260897
    ));
#2234 = VECTOR('',#2235,1.);
#2235 = DIRECTION('',(0.,-0.939692620786,0.342020143326));
#2236 = ORIENTED_EDGE('',*,*,#2237,.T.);
#2237 = EDGE_CURVE('',#2230,#2204,#2238,.T.);
#2238 = B_SPLINE_CURVE_WITH_KNOTS('',2,(#2239,#2240,#2241),
  .UNSPECIFIED.,.F.,.F.,(3,3),(0.,1.),.PIECEWISE_BEZIER_KNOTS.);
#2239 = CARTESIAN_POINT('',(9.854946921444,1.434243538293,5.694834375557
    ));
#2240 = CARTESIAN_POINT('',(9.584883227176,1.32706270357,5.400357452355)
  );
#2241 = CARTESIAN_POINT('',(9.179787685775,1.32706270357,5.400357452355)
  );
#2242 = ORIENTED_EDGE('',*,*,#2203,.F.);
#2243 = SURFACE_OF_LINEAR_EXTRUSION('',#2244,#2248);
#2244 = B_SPLINE_CURVE_WITH_KNOTS('',2,(#2245,#2246,#2247),
  .UNSPECIFIED.,.F.,.F.,(3,3),(0.,1.),.PIECEWISE_BEZIER_KNOTS.);
#2245 = CARTESIAN_POINT('',(9.854946921444,2.185997634922,5.421218260897
    ));
#2246 = CARTESIAN_POINT('',(9.584883227176,2.078816800198,5.126741337695
    ));
#2247 = CARTESIAN_POINT('',(9.179787685775,2.078816800198,5.126741337695
    ));
#2248 = VECTOR('',#2249,1.);
#2249 = DIRECTION('',(-0.,0.939692620786,-0.342020143326));
#2250 = ADVANCED_FACE('',(#2251),#2269,.T.);
#2251 = FACE_BOUND('',#2252,.T.);
#2252 = EDGE_LOOP('',(#2253,#2254,#2262,#2268));
#2253 = ORIENTED_EDGE('',*,*,#746,.T.);
#2254 = ORIENTED_EDGE('',*,*,#2255,.T.);
#2255 = EDGE_CURVE('',#732,#2256,#2258,.T.);
#2256 = VERTEX_POINT('',#2257);
#2257 = CARTESIAN_POINT('',(9.656220806794,1.144187219716,4.897911189895
    ));
#2258 = LINE('',#2259,#2260);
#2259 = CARTESIAN_POINT('',(9.656220806794,1.895941316344,4.624295075235
    ));
#2260 = VECTOR('',#2261,1.);
#2261 = DIRECTION('',(0.,-0.939692620786,0.342020143326));
#2262 = ORIENTED_EDGE('',*,*,#2263,.T.);
#2263 = EDGE_CURVE('',#2256,#2230,#2264,.T.);
#2264 = B_SPLINE_CURVE_WITH_KNOTS('',2,(#2265,#2266,#2267),
  .UNSPECIFIED.,.F.,.F.,(3,3),(0.,1.),.PIECEWISE_BEZIER_KNOTS.);
#2265 = CARTESIAN_POINT('',(9.656220806794,1.144187219716,4.897911189895
    ));
#2266 = CARTESIAN_POINT('',(9.811634819533,1.214188794698,5.090238936485
    ));
#2267 = CARTESIAN_POINT('',(9.854946921444,1.434243538293,5.694834375557
    ));
#2268 = ORIENTED_EDGE('',*,*,#2229,.F.);
#2269 = SURFACE_OF_LINEAR_EXTRUSION('',#2270,#2274);
#2270 = B_SPLINE_CURVE_WITH_KNOTS('',2,(#2271,#2272,#2273),
  .UNSPECIFIED.,.F.,.F.,(3,3),(0.,1.),.PIECEWISE_BEZIER_KNOTS.);
#2271 = CARTESIAN_POINT('',(9.656220806794,1.895941316344,4.624295075235
    ));
#2272 = CARTESIAN_POINT('',(9.811634819533,1.965942891327,4.816622821825
    ));
#2273 = CARTESIAN_POINT('',(9.854946921444,2.185997634922,5.421218260897
    ));
#2274 = VECTOR('',#2275,1.);
#2275 = DIRECTION('',(-0.,0.939692620786,-0.342020143326));
#2276 = ADVANCED_FACE('',(#2277),#2295,.T.);
#2277 = FACE_BOUND('',#2278,.T.);
#2278 = EDGE_LOOP('',(#2279,#2280,#2288,#2294));
#2279 = ORIENTED_EDGE('',*,*,#731,.T.);
#2280 = ORIENTED_EDGE('',*,*,#2281,.T.);
#2281 = EDGE_CURVE('',#717,#2282,#2284,.T.);
#2282 = VERTEX_POINT('',#2283);
#2283 = CARTESIAN_POINT('',(9.2791507431,1.074243737327,4.705743051394)
  );
#2284 = LINE('',#2285,#2286);
#2285 = CARTESIAN_POINT('',(9.2791507431,1.825997833956,4.432126936734)
  );
#2286 = VECTOR('',#2287,1.);
#2287 = DIRECTION('',(0.,-0.939692620786,0.342020143326));
#2288 = ORIENTED_EDGE('',*,*,#2289,.T.);
#2289 = EDGE_CURVE('',#2282,#2256,#2290,.T.);
#2290 = B_SPLINE_CURVE_WITH_KNOTS('',2,(#2291,#2292,#2293),
  .UNSPECIFIED.,.F.,.F.,(3,3),(0.,1.),.PIECEWISE_BEZIER_KNOTS.);
#2291 = CARTESIAN_POINT('',(9.2791507431,1.074243737327,4.705743051394)
  );
#2292 = CARTESIAN_POINT('',(9.500806794055,1.074243737327,4.705743051394
    ));
#2293 = CARTESIAN_POINT('',(9.656220806794,1.144187219716,4.897911189895
    ));
#2294 = ORIENTED_EDGE('',*,*,#2255,.F.);
#2295 = SURFACE_OF_LINEAR_EXTRUSION('',#2296,#2300);
#2296 = B_SPLINE_CURVE_WITH_KNOTS('',2,(#2297,#2298,#2299),
  .UNSPECIFIED.,.F.,.F.,(3,3),(0.,1.),.PIECEWISE_BEZIER_KNOTS.);
#2297 = CARTESIAN_POINT('',(9.2791507431,1.825997833956,4.432126936734)
  );
#2298 = CARTESIAN_POINT('',(9.500806794055,1.825997833956,4.432126936734
    ));
#2299 = CARTESIAN_POINT('',(9.656220806794,1.895941316344,4.624295075235
    ));
#2300 = VECTOR('',#2301,1.);
#2301 = DIRECTION('',(-0.,0.939692620786,-0.342020143326));
#2302 = ADVANCED_FACE('',(#2303),#2321,.T.);
#2303 = FACE_BOUND('',#2304,.T.);
#2304 = EDGE_LOOP('',(#2305,#2306,#2314,#2320));
#2305 = ORIENTED_EDGE('',*,*,#716,.T.);
#2306 = ORIENTED_EDGE('',*,*,#2307,.T.);
#2307 = EDGE_CURVE('',#706,#2308,#2310,.T.);
#2308 = VERTEX_POINT('',#2309);
#2309 = CARTESIAN_POINT('',(8.996348195329,1.108925015555,4.801029080202
    ));
#2310 = LINE('',#2311,#2312);
#2311 = CARTESIAN_POINT('',(8.996348195329,1.860679112183,4.527412965542
    ));
#2312 = VECTOR('',#2313,1.);
#2313 = DIRECTION('',(0.,-0.939692620786,0.342020143326));
#2314 = ORIENTED_EDGE('',*,*,#2315,.T.);
#2315 = EDGE_CURVE('',#2308,#2282,#2316,.T.);
#2316 = B_SPLINE_CURVE_WITH_KNOTS('',2,(#2317,#2318,#2319),
  .UNSPECIFIED.,.F.,.F.,(3,3),(0.,1.),.PIECEWISE_BEZIER_KNOTS.);
#2317 = CARTESIAN_POINT('',(8.996348195329,1.108925015555,4.801029080202
    ));
#2318 = CARTESIAN_POINT('',(9.103354564756,1.074243737327,4.705743051394
    ));
#2319 = CARTESIAN_POINT('',(9.2791507431,1.074243737327,4.705743051394)
  );
#2320 = ORIENTED_EDGE('',*,*,#2281,.F.);
#2321 = SURFACE_OF_LINEAR_EXTRUSION('',#2322,#2326);
#2322 = B_SPLINE_CURVE_WITH_KNOTS('',2,(#2323,#2324,#2325),
  .UNSPECIFIED.,.F.,.F.,(3,3),(0.,1.),.PIECEWISE_BEZIER_KNOTS.);
#2323 = CARTESIAN_POINT('',(8.996348195329,1.860679112183,4.527412965542
    ));
#2324 = CARTESIAN_POINT('',(9.103354564756,1.825997833956,4.432126936734
    ));
#2325 = CARTESIAN_POINT('',(9.2791507431,1.825997833956,4.432126936734)
  );
#2326 = VECTOR('',#2327,1.);
#2327 = DIRECTION('',(-0.,0.939692620786,-0.342020143326));
#2328 = ADVANCED_FACE('',(#2329),#2340,.T.);
#2329 = FACE_BOUND('',#2330,.T.);
#2330 = EDGE_LOOP('',(#2331,#2332,#2333,#2339));
#2331 = ORIENTED_EDGE('',*,*,#705,.T.);
#2332 = ORIENTED_EDGE('',*,*,#1954,.T.);
#2333 = ORIENTED_EDGE('',*,*,#2334,.T.);
#2334 = EDGE_CURVE('',#1947,#2308,#2335,.T.);
#2335 = B_SPLINE_CURVE_WITH_KNOTS('',2,(#2336,#2337,#2338),
  .UNSPECIFIED.,.F.,.F.,(3,3),(0.,1.),.PIECEWISE_BEZIER_KNOTS.);
#2336 = CARTESIAN_POINT('',(8.863864118896,1.215524924345,5.09390992252)
  );
#2337 = CARTESIAN_POINT('',(8.889341825902,1.143606293782,4.896315109011
    ));
#2338 = CARTESIAN_POINT('',(8.996348195329,1.108925015555,4.801029080202
    ));
#2339 = ORIENTED_EDGE('',*,*,#2307,.F.);
#2340 = SURFACE_OF_LINEAR_EXTRUSION('',#2341,#2345);
#2341 = B_SPLINE_CURVE_WITH_KNOTS('',2,(#2342,#2343,#2344),
  .UNSPECIFIED.,.F.,.F.,(3,3),(0.,1.),.PIECEWISE_BEZIER_KNOTS.);
#2342 = CARTESIAN_POINT('',(8.863864118896,1.967279020974,4.820293807859
    ));
#2343 = CARTESIAN_POINT('',(8.889341825902,1.895360390411,4.62269899435)
  );
#2344 = CARTESIAN_POINT('',(8.996348195329,1.860679112183,4.527412965542
    ));
#2345 = VECTOR('',#2346,1.);
#2346 = DIRECTION('',(-0.,0.939692620786,-0.342020143326));
#2347 = ADVANCED_FACE('',(#2348),#2373,.T.);
#2348 = FACE_BOUND('',#2349,.T.);
#2349 = EDGE_LOOP('',(#2350,#2351,#2359,#2367));
#2350 = ORIENTED_EDGE('',*,*,#953,.T.);
#2351 = ORIENTED_EDGE('',*,*,#2352,.T.);
#2352 = EDGE_CURVE('',#956,#2353,#2355,.T.);
#2353 = VERTEX_POINT('',#2354);
#2354 = CARTESIAN_POINT('',(10.828704883227,0.869757808748,
    4.143922580028));
#2355 = LINE('',#2356,#2357);
#2356 = CARTESIAN_POINT('',(10.828704883227,1.621511905377,
    3.870306465368));
#2357 = VECTOR('',#2358,1.);
#2358 = DIRECTION('',(0.,-0.939692620786,0.342020143326));
#2359 = ORIENTED_EDGE('',*,*,#2360,.T.);
#2360 = EDGE_CURVE('',#2353,#2361,#2363,.T.);
#2361 = VERTEX_POINT('',#2362);
#2362 = CARTESIAN_POINT('',(11.753545647558,2.189621529574,
    7.770218349753));
#2363 = LINE('',#2364,#2365);
#2364 = CARTESIAN_POINT('',(10.828704883227,0.869757808748,
    4.143922580028));
#2365 = VECTOR('',#2366,1.);
#2366 = DIRECTION('',(0.233057266823,0.332601938861,0.913816316689));
#2367 = ORIENTED_EDGE('',*,*,#2368,.F.);
#2368 = EDGE_CURVE('',#954,#2361,#2369,.T.);
#2369 = LINE('',#2370,#2371);
#2370 = CARTESIAN_POINT('',(11.753545647558,2.941375626202,
    7.496602235093));
#2371 = VECTOR('',#2372,1.);
#2372 = DIRECTION('',(0.,-0.939692620786,0.342020143326));
#2373 = PLANE('',#2374);
#2374 = AXIS2_PLACEMENT_3D('',#2375,#2376,#2377);
#2375 = CARTESIAN_POINT('',(10.828704883227,1.621511905377,
    3.870306465368));
#2376 = DIRECTION('',(-0.972463012346,7.971027980197E-02,0.219002193854)
  );
#2377 = DIRECTION('',(0.233057266823,0.332601938861,0.913816316689));
#2378 = ADVANCED_FACE('',(#2379),#2397,.T.);
#2379 = FACE_BOUND('',#2380,.T.);
#2380 = EDGE_LOOP('',(#2381,#2382,#2390,#2396));
#2381 = ORIENTED_EDGE('',*,*,#979,.T.);
#2382 = ORIENTED_EDGE('',*,*,#2383,.T.);
#2383 = EDGE_CURVE('',#972,#2384,#2386,.T.);
#2384 = VERTEX_POINT('',#2385);
#2385 = CARTESIAN_POINT('',(11.356093418259,0.869757808748,
    4.143922580028));
#2386 = LINE('',#2387,#2388);
#2387 = CARTESIAN_POINT('',(11.356093418259,1.621511905377,
    3.870306465368));
#2388 = VECTOR('',#2389,1.);
#2389 = DIRECTION('',(0.,-0.939692620786,0.342020143326));
#2390 = ORIENTED_EDGE('',*,*,#2391,.T.);
#2391 = EDGE_CURVE('',#2384,#2353,#2392,.T.);
#2392 = LINE('',#2393,#2394);
#2393 = CARTESIAN_POINT('',(11.356093418259,0.869757808748,
    4.143922580028));
#2394 = VECTOR('',#2395,1.);
#2395 = DIRECTION('',(-1.,0.,0.));
#2396 = ORIENTED_EDGE('',*,*,#2352,.F.);
#2397 = PLANE('',#2398);
#2398 = AXIS2_PLACEMENT_3D('',#2399,#2400,#2401);
#2399 = CARTESIAN_POINT('',(11.356093418259,1.621511905377,
    3.870306465368));
#2400 = DIRECTION('',(0.,-0.342020143326,-0.939692620786));
#2401 = DIRECTION('',(-1.,0.,0.));
#2402 = ADVANCED_FACE('',(#2403),#2421,.T.);
#2403 = FACE_BOUND('',#2404,.T.);
#2404 = EDGE_LOOP('',(#2405,#2406,#2414,#2420));
#2405 = ORIENTED_EDGE('',*,*,#971,.T.);
#2406 = ORIENTED_EDGE('',*,*,#2407,.T.);
#2407 = EDGE_CURVE('',#964,#2408,#2410,.T.);
#2408 = VERTEX_POINT('',#2409);
#2409 = CARTESIAN_POINT('',(12.291125265393,2.189621529574,
    7.770218349753));
#2410 = LINE('',#2411,#2412);
#2411 = CARTESIAN_POINT('',(12.291125265393,2.941375626202,
    7.496602235093));
#2412 = VECTOR('',#2413,1.);
#2413 = DIRECTION('',(0.,-0.939692620786,0.342020143326));
#2414 = ORIENTED_EDGE('',*,*,#2415,.T.);
#2415 = EDGE_CURVE('',#2408,#2384,#2416,.T.);
#2416 = LINE('',#2417,#2418);
#2417 = CARTESIAN_POINT('',(12.291125265393,2.189621529574,
    7.770218349753));
#2418 = VECTOR('',#2419,1.);
#2419 = DIRECTION('',(-0.235483715343,-0.332401953666,-0.913266861879));
#2420 = ORIENTED_EDGE('',*,*,#2383,.F.);
#2421 = PLANE('',#2422);
#2422 = AXIS2_PLACEMENT_3D('',#2423,#2424,#2425);
#2423 = CARTESIAN_POINT('',(12.291125265393,2.941375626202,
    7.496602235093));
#2424 = DIRECTION('',(0.971878294751,-8.054017407264E-02,-0.221282309624
    ));
#2425 = DIRECTION('',(-0.235483715343,-0.332401953666,-0.913266861879));
#2426 = ADVANCED_FACE('',(#2427),#2438,.T.);
#2427 = FACE_BOUND('',#2428,.T.);
#2428 = EDGE_LOOP('',(#2429,#2430,#2431,#2437));
#2429 = ORIENTED_EDGE('',*,*,#963,.T.);
#2430 = ORIENTED_EDGE('',*,*,#2368,.T.);
#2431 = ORIENTED_EDGE('',*,*,#2432,.T.);
#2432 = EDGE_CURVE('',#2361,#2408,#2433,.T.);
#2433 = LINE('',#2434,#2435);
#2434 = CARTESIAN_POINT('',(11.753545647558,2.189621529574,
    7.770218349753));
#2435 = VECTOR('',#2436,1.);
#2436 = DIRECTION('',(1.,0.,0.));
#2437 = ORIENTED_EDGE('',*,*,#2407,.F.);
#2438 = PLANE('',#2439);
#2439 = AXIS2_PLACEMENT_3D('',#2440,#2441,#2442);
#2440 = CARTESIAN_POINT('',(11.753545647558,2.941375626202,
    7.496602235093));
#2441 = DIRECTION('',(0.,0.342020143326,0.939692620786));
#2442 = DIRECTION('',(1.,0.,0.));
#2443 = ADVANCED_FACE('',(#2444),#2469,.F.);
#2444 = FACE_BOUND('',#2445,.F.);
#2445 = EDGE_LOOP('',(#2446,#2454,#2462,#2468));
#2446 = ORIENTED_EDGE('',*,*,#2447,.F.);
#2447 = EDGE_CURVE('',#2448,#284,#2450,.T.);
#2448 = VERTEX_POINT('',#2449);
#2449 = CARTESIAN_POINT('',(30.,12.6,0.));
#2450 = LINE('',#2451,#2452);
#2451 = CARTESIAN_POINT('',(30.,12.6,0.));
#2452 = VECTOR('',#2453,1.);
#2453 = DIRECTION('',(-0.971520338783,-0.236956180191,0.));
#2454 = ORIENTED_EDGE('',*,*,#2455,.T.);
#2455 = EDGE_CURVE('',#2448,#2456,#2458,.T.);
#2456 = VERTEX_POINT('',#2457);
#2457 = CARTESIAN_POINT('',(30.,12.6,10.));
#2458 = LINE('',#2459,#2460);
#2459 = CARTESIAN_POINT('',(30.,12.6,0.));
#2460 = VECTOR('',#2461,1.);
#2461 = DIRECTION('',(0.,0.,1.));
#2462 = ORIENTED_EDGE('',*,*,#2463,.T.);
#2463 = EDGE_CURVE('',#2456,#95,#2464,.T.);
#2464 = LINE('',#2465,#2466);
#2465 = CARTESIAN_POINT('',(30.,12.6,10.));
#2466 = VECTOR('',#2467,1.);
#2467 = DIRECTION('',(-0.971520338783,-0.236956180191,0.));
#2468 = ORIENTED_EDGE('',*,*,#1062,.T.);
#2469 = PLANE('',#2470);
#2470 = AXIS2_PLACEMENT_3D('',#2471,#2472,#2473);
#2471 = CARTESIAN_POINT('',(30.,12.6,0.));
#2472 = DIRECTION('',(0.236956180191,-0.971520338783,0.));
#2473 = DIRECTION('',(-0.971520338783,-0.236956180191,0.));
#2474 = ADVANCED_FACE('',(#2475),#2493,.T.);
#2475 = FACE_BOUND('',#2476,.T.);
#2476 = EDGE_LOOP('',(#2477,#2478,#2486,#2492));
#2477 = ORIENTED_EDGE('',*,*,#1079,.F.);
#2478 = ORIENTED_EDGE('',*,*,#2479,.T.);
#2479 = EDGE_CURVE('',#71,#2480,#2482,.T.);
#2480 = VERTEX_POINT('',#2481);
#2481 = CARTESIAN_POINT('',(30.,6.6,10.));
#2482 = LINE('',#2483,#2484);
#2483 = CARTESIAN_POINT('',(25.9,7.6,10.));
#2484 = VECTOR('',#2485,1.);
#2485 = DIRECTION('',(0.971520338783,-0.236956180191,0.));
#2486 = ORIENTED_EDGE('',*,*,#2487,.T.);
#2487 = EDGE_CURVE('',#2480,#2456,#2488,.T.);
#2488 = LINE('',#2489,#2490);
#2489 = CARTESIAN_POINT('',(30.,6.6,10.));
#2490 = VECTOR('',#2491,1.);
#2491 = DIRECTION('',(0.,1.,0.));
#2492 = ORIENTED_EDGE('',*,*,#2463,.T.);
#2493 = PLANE('',#2494);
#2494 = AXIS2_PLACEMENT_3D('',#2495,#2496,#2497);
#2495 = CARTESIAN_POINT('',(28.172338161771,9.6,10.));
#2496 = DIRECTION('',(0.,0.,1.));
#2497 = DIRECTION('',(1.,0.,0.));
#2498 = ADVANCED_FACE('',(#2499),#2517,.F.);
#2499 = FACE_BOUND('',#2500,.F.);
#2500 = EDGE_LOOP('',(#2501,#2509,#2510,#2511));
#2501 = ORIENTED_EDGE('',*,*,#2502,.F.);
#2502 = EDGE_CURVE('',#260,#2503,#2505,.T.);
#2503 = VERTEX_POINT('',#2504);
#2504 = CARTESIAN_POINT('',(30.,6.6,0.));
#2505 = LINE('',#2506,#2507);
#2506 = CARTESIAN_POINT('',(25.9,7.6,0.));
#2507 = VECTOR('',#2508,1.);
#2508 = DIRECTION('',(0.971520338783,-0.236956180191,0.));
#2509 = ORIENTED_EDGE('',*,*,#1098,.T.);
#2510 = ORIENTED_EDGE('',*,*,#2479,.T.);
#2511 = ORIENTED_EDGE('',*,*,#2512,.F.);
#2512 = EDGE_CURVE('',#2503,#2480,#2513,.T.);
#2513 = LINE('',#2514,#2515);
#2514 = CARTESIAN_POINT('',(30.,6.6,0.));
#2515 = VECTOR('',#2516,1.);
#2516 = DIRECTION('',(0.,0.,1.));
#2517 = PLANE('',#2518);
#2518 = AXIS2_PLACEMENT_3D('',#2519,#2520,#2521);
#2519 = CARTESIAN_POINT('',(25.9,7.6,0.));
#2520 = DIRECTION('',(0.236956180191,0.971520338783,0.));
#2521 = DIRECTION('',(0.971520338783,-0.236956180191,0.));
#2522 = ADVANCED_FACE('',(#2523),#2549,.T.);
#2523 = FACE_BOUND('',#2524,.T.);
#2524 = EDGE_LOOP('',(#2525,#2533,#2534,#2542));
#2525 = ORIENTED_EDGE('',*,*,#2526,.F.);
#2526 = EDGE_CURVE('',#1113,#2527,#2529,.T.);
#2527 = VERTEX_POINT('',#2528);
#2528 = CARTESIAN_POINT('',(8.1,24.84,21.));
#2529 = LINE('',#2530,#2531);
#2530 = CARTESIAN_POINT('',(8.1,25.09,20.75));
#2531 = VECTOR('',#2532,1.);
#2532 = DIRECTION('',(-2.90882763039E-35,-0.707106781187,0.707106781187)
  );
#2533 = ORIENTED_EDGE('',*,*,#1129,.T.);
#2534 = ORIENTED_EDGE('',*,*,#2535,.T.);
#2535 = EDGE_CURVE('',#1122,#2536,#2538,.T.);
#2536 = VERTEX_POINT('',#2537);
#2537 = CARTESIAN_POINT('',(8.,24.74,21.));
#2538 = LINE('',#2539,#2540);
#2539 = CARTESIAN_POINT('',(7.5,24.74,20.5));
#2540 = VECTOR('',#2541,1.);
#2541 = DIRECTION('',(0.707106781187,-4.329780281177E-17,0.707106781187)
  );
#2542 = ORIENTED_EDGE('',*,*,#2543,.F.);
#2543 = EDGE_CURVE('',#2527,#2536,#2544,.T.);
#2544 = CIRCLE('',#2545,1.E-01);
#2545 = AXIS2_PLACEMENT_3D('',#2546,#2547,#2548);
#2546 = CARTESIAN_POINT('',(8.1,24.74,21.));
#2547 = DIRECTION('',(0.,-0.,1.));
#2548 = DIRECTION('',(0.,1.,0.));
#2549 = CONICAL_SURFACE('',#2550,0.6,0.785398163397);
#2550 = AXIS2_PLACEMENT_3D('',#2551,#2552,#2553);
#2551 = CARTESIAN_POINT('',(8.1,24.74,20.5));
#2552 = DIRECTION('',(-0.,-0.,-1.));
#2553 = DIRECTION('',(0.,1.,0.));
#2554 = ADVANCED_FACE('',(#2555),#2573,.F.);
#2555 = FACE_BOUND('',#2556,.T.);
#2556 = EDGE_LOOP('',(#2557,#2565,#2566,#2567));
#2557 = ORIENTED_EDGE('',*,*,#2558,.F.);
#2558 = EDGE_CURVE('',#1146,#2559,#2561,.T.);
#2559 = VERTEX_POINT('',#2560);
#2560 = CARTESIAN_POINT('',(17.9,24.84,21.));
#2561 = LINE('',#2562,#2563);
#2562 = CARTESIAN_POINT('',(17.9,25.09,20.75));
#2563 = VECTOR('',#2564,1.);
#2564 = DIRECTION('',(-2.90882763039E-35,-0.707106781187,0.707106781187)
  );
#2565 = ORIENTED_EDGE('',*,*,#1153,.T.);
#2566 = ORIENTED_EDGE('',*,*,#2526,.T.);
#2567 = ORIENTED_EDGE('',*,*,#2568,.F.);
#2568 = EDGE_CURVE('',#2559,#2527,#2569,.T.);
#2569 = LINE('',#2570,#2571);
#2570 = CARTESIAN_POINT('',(17.9,24.84,21.));
#2571 = VECTOR('',#2572,1.);
#2572 = DIRECTION('',(-1.,0.,0.));
#2573 = PLANE('',#2574);
#2574 = AXIS2_PLACEMENT_3D('',#2575,#2576,#2577);
#2575 = CARTESIAN_POINT('',(17.9,25.09,20.75));
#2576 = DIRECTION('',(-1.889513820523E-18,-0.707106781187,
    -0.707106781187));
#2577 = DIRECTION('',(1.,-1.336088035637E-18,-1.336088035637E-18));
#2578 = ADVANCED_FACE('',(#2579),#2597,.F.);
#2579 = FACE_BOUND('',#2580,.T.);
#2580 = EDGE_LOOP('',(#2581,#2582,#2583,#2591));
#2581 = ORIENTED_EDGE('',*,*,#2535,.F.);
#2582 = ORIENTED_EDGE('',*,*,#1170,.T.);
#2583 = ORIENTED_EDGE('',*,*,#2584,.T.);
#2584 = EDGE_CURVE('',#1171,#2585,#2587,.T.);
#2585 = VERTEX_POINT('',#2586);
#2586 = CARTESIAN_POINT('',(8.,14.94,21.));
#2587 = LINE('',#2588,#2589);
#2588 = CARTESIAN_POINT('',(7.75,14.94,20.75));
#2589 = VECTOR('',#2590,1.);
#2590 = DIRECTION('',(0.707106781187,-2.90882763039E-35,0.707106781187)
  );
#2591 = ORIENTED_EDGE('',*,*,#2592,.F.);
#2592 = EDGE_CURVE('',#2536,#2585,#2593,.T.);
#2593 = LINE('',#2594,#2595);
#2594 = CARTESIAN_POINT('',(8.,24.74,21.));
#2595 = VECTOR('',#2596,1.);
#2596 = DIRECTION('',(0.,-1.,0.));
#2597 = PLANE('',#2598);
#2598 = AXIS2_PLACEMENT_3D('',#2599,#2600,#2601);
#2599 = CARTESIAN_POINT('',(7.75,24.74,20.75));
#2600 = DIRECTION('',(0.707106781187,1.889513820523E-18,-0.707106781187)
  );
#2601 = DIRECTION('',(-1.336088035637E-18,1.,1.336088035637E-18));
#2602 = ADVANCED_FACE('',(#2603),#2622,.T.);
#2603 = FACE_BOUND('',#2604,.T.);
#2604 = EDGE_LOOP('',(#2605,#2613,#2614,#2615));
#2605 = ORIENTED_EDGE('',*,*,#2606,.F.);
#2606 = EDGE_CURVE('',#1195,#2607,#2609,.T.);
#2607 = VERTEX_POINT('',#2608);
#2608 = CARTESIAN_POINT('',(18.,24.74,21.));
#2609 = LINE('',#2610,#2611);
#2610 = CARTESIAN_POINT('',(18.25,24.74,20.75));
#2611 = VECTOR('',#2612,1.);
#2612 = DIRECTION('',(-0.707106781187,5.615430530155E-36,0.707106781187)
  );
#2613 = ORIENTED_EDGE('',*,*,#1202,.T.);
#2614 = ORIENTED_EDGE('',*,*,#2558,.T.);
#2615 = ORIENTED_EDGE('',*,*,#2616,.F.);
#2616 = EDGE_CURVE('',#2607,#2559,#2617,.T.);
#2617 = CIRCLE('',#2618,1.E-01);
#2618 = AXIS2_PLACEMENT_3D('',#2619,#2620,#2621);
#2619 = CARTESIAN_POINT('',(17.9,24.74,21.));
#2620 = DIRECTION('',(0.,0.,1.));
#2621 = DIRECTION('',(1.,0.,0.));
#2622 = CONICAL_SURFACE('',#2623,0.6,0.785398163397);
#2623 = AXIS2_PLACEMENT_3D('',#2624,#2625,#2626);
#2624 = CARTESIAN_POINT('',(17.9,24.74,20.5));
#2625 = DIRECTION('',(-0.,-0.,-1.));
#2626 = DIRECTION('',(1.,0.,0.));
#2627 = ADVANCED_FACE('',(#2628),#2647,.T.);
#2628 = FACE_BOUND('',#2629,.T.);
#2629 = EDGE_LOOP('',(#2630,#2631,#2632,#2640));
#2630 = ORIENTED_EDGE('',*,*,#2584,.F.);
#2631 = ORIENTED_EDGE('',*,*,#1227,.T.);
#2632 = ORIENTED_EDGE('',*,*,#2633,.T.);
#2633 = EDGE_CURVE('',#1220,#2634,#2636,.T.);
#2634 = VERTEX_POINT('',#2635);
#2635 = CARTESIAN_POINT('',(8.1,14.84,21.));
#2636 = LINE('',#2637,#2638);
#2637 = CARTESIAN_POINT('',(8.1,14.34,20.5));
#2638 = VECTOR('',#2639,1.);
#2639 = DIRECTION('',(4.329780281177E-17,0.707106781187,0.707106781187)
  );
#2640 = ORIENTED_EDGE('',*,*,#2641,.F.);
#2641 = EDGE_CURVE('',#2585,#2634,#2642,.T.);
#2642 = CIRCLE('',#2643,1.E-01);
#2643 = AXIS2_PLACEMENT_3D('',#2644,#2645,#2646);
#2644 = CARTESIAN_POINT('',(8.1,14.94,21.));
#2645 = DIRECTION('',(0.,0.,1.));
#2646 = DIRECTION('',(-1.,0.,0.));
#2647 = CONICAL_SURFACE('',#2648,0.6,0.785398163397);
#2648 = AXIS2_PLACEMENT_3D('',#2649,#2650,#2651);
#2649 = CARTESIAN_POINT('',(8.1,14.94,20.5));
#2650 = DIRECTION('',(-0.,-0.,-1.));
#2651 = DIRECTION('',(-1.,0.,0.));
#2652 = ADVANCED_FACE('',(#2653),#2671,.F.);
#2653 = FACE_BOUND('',#2654,.T.);
#2654 = EDGE_LOOP('',(#2655,#2663,#2664,#2665));
#2655 = ORIENTED_EDGE('',*,*,#2656,.F.);
#2656 = EDGE_CURVE('',#1244,#2657,#2659,.T.);
#2657 = VERTEX_POINT('',#2658);
#2658 = CARTESIAN_POINT('',(18.,14.94,21.));
#2659 = LINE('',#2660,#2661);
#2660 = CARTESIAN_POINT('',(18.5,14.94,20.5));
#2661 = VECTOR('',#2662,1.);
#2662 = DIRECTION('',(-0.707106781187,4.329780281177E-17,0.707106781187)
  );
#2663 = ORIENTED_EDGE('',*,*,#1251,.T.);
#2664 = ORIENTED_EDGE('',*,*,#2606,.T.);
#2665 = ORIENTED_EDGE('',*,*,#2666,.F.);
#2666 = EDGE_CURVE('',#2657,#2607,#2667,.T.);
#2667 = LINE('',#2668,#2669);
#2668 = CARTESIAN_POINT('',(18.,14.94,21.));
#2669 = VECTOR('',#2670,1.);
#2670 = DIRECTION('',(0.,1.,0.));
#2671 = PLANE('',#2672);
#2672 = AXIS2_PLACEMENT_3D('',#2673,#2674,#2675);
#2673 = CARTESIAN_POINT('',(18.25,14.94,20.75));
#2674 = DIRECTION('',(-0.707106781187,1.479157021432E-19,-0.707106781187
    ));
#2675 = DIRECTION('',(-1.045921960294E-19,-1.,-1.045921960294E-19));
#2676 = ADVANCED_FACE('',(#2677),#2695,.F.);
#2677 = FACE_BOUND('',#2678,.T.);
#2678 = EDGE_LOOP('',(#2679,#2680,#2681,#2689));
#2679 = ORIENTED_EDGE('',*,*,#2633,.F.);
#2680 = ORIENTED_EDGE('',*,*,#1268,.T.);
#2681 = ORIENTED_EDGE('',*,*,#2682,.T.);
#2682 = EDGE_CURVE('',#1269,#2683,#2685,.T.);
#2683 = VERTEX_POINT('',#2684);
#2684 = CARTESIAN_POINT('',(17.9,14.84,21.));
#2685 = LINE('',#2686,#2687);
#2686 = CARTESIAN_POINT('',(17.9,14.59,20.75));
#2687 = VECTOR('',#2688,1.);
#2688 = DIRECTION('',(2.26130160805E-35,0.707106781187,0.707106781187));
#2689 = ORIENTED_EDGE('',*,*,#2690,.F.);
#2690 = EDGE_CURVE('',#2634,#2683,#2691,.T.);
#2691 = LINE('',#2692,#2693);
#2692 = CARTESIAN_POINT('',(8.1,14.84,21.));
#2693 = VECTOR('',#2694,1.);
#2694 = DIRECTION('',(1.,0.,0.));
#2695 = PLANE('',#2696);
#2696 = AXIS2_PLACEMENT_3D('',#2697,#2698,#2699);
#2697 = CARTESIAN_POINT('',(8.1,14.59,20.75));
#2698 = DIRECTION('',(-3.029276165476E-18,0.707106781187,-0.707106781187
    ));
#2699 = DIRECTION('',(-1.,-2.142021718695E-18,2.142021718695E-18));
#2700 = ADVANCED_FACE('',(#2701),#2713,.T.);
#2701 = FACE_BOUND('',#2702,.T.);
#2702 = EDGE_LOOP('',(#2703,#2704,#2705,#2706));
#2703 = ORIENTED_EDGE('',*,*,#2682,.F.);
#2704 = ORIENTED_EDGE('',*,*,#1293,.T.);
#2705 = ORIENTED_EDGE('',*,*,#2656,.T.);
#2706 = ORIENTED_EDGE('',*,*,#2707,.F.);
#2707 = EDGE_CURVE('',#2683,#2657,#2708,.T.);
#2708 = CIRCLE('',#2709,1.E-01);
#2709 = AXIS2_PLACEMENT_3D('',#2710,#2711,#2712);
#2710 = CARTESIAN_POINT('',(17.9,14.94,21.));
#2711 = DIRECTION('',(-0.,0.,1.));
#2712 = DIRECTION('',(0.,-1.,0.));
#2713 = CONICAL_SURFACE('',#2714,0.6,0.785398163397);
#2714 = AXIS2_PLACEMENT_3D('',#2715,#2716,#2717);
#2715 = CARTESIAN_POINT('',(17.9,14.94,20.5));
#2716 = DIRECTION('',(-0.,-0.,-1.));
#2717 = DIRECTION('',(0.,-1.,0.));
#2718 = ADVANCED_FACE('',(#2719),#2730,.F.);
#2719 = FACE_BOUND('',#2720,.F.);
#2720 = EDGE_LOOP('',(#2721,#2722,#2723,#2729));
#2721 = ORIENTED_EDGE('',*,*,#1309,.F.);
#2722 = ORIENTED_EDGE('',*,*,#2502,.T.);
#2723 = ORIENTED_EDGE('',*,*,#2724,.T.);
#2724 = EDGE_CURVE('',#2503,#2448,#2725,.T.);
#2725 = LINE('',#2726,#2727);
#2726 = CARTESIAN_POINT('',(30.,6.6,0.));
#2727 = VECTOR('',#2728,1.);
#2728 = DIRECTION('',(0.,1.,0.));
#2729 = ORIENTED_EDGE('',*,*,#2447,.T.);
#2730 = PLANE('',#2731);
#2731 = AXIS2_PLACEMENT_3D('',#2732,#2733,#2734);
#2732 = CARTESIAN_POINT('',(28.172338161771,9.6,0.));
#2733 = DIRECTION('',(0.,0.,1.));
#2734 = DIRECTION('',(1.,0.,0.));
#2735 = ADVANCED_FACE('',(#2736,#2754),#2820,.T.);
#2736 = FACE_BOUND('',#2737,.T.);
#2737 = EDGE_LOOP('',(#2738,#2739,#2740,#2741,#2742,#2743,#2744,#2745,
    #2746,#2747,#2748,#2749,#2750,#2751,#2752,#2753));
#2738 = ORIENTED_EDGE('',*,*,#1334,.F.);
#2739 = ORIENTED_EDGE('',*,*,#1365,.F.);
#2740 = ORIENTED_EDGE('',*,*,#1391,.F.);
#2741 = ORIENTED_EDGE('',*,*,#1417,.F.);
#2742 = ORIENTED_EDGE('',*,*,#1443,.F.);
#2743 = ORIENTED_EDGE('',*,*,#1469,.F.);
#2744 = ORIENTED_EDGE('',*,*,#1495,.F.);
#2745 = ORIENTED_EDGE('',*,*,#1521,.F.);
#2746 = ORIENTED_EDGE('',*,*,#1547,.F.);
#2747 = ORIENTED_EDGE('',*,*,#1573,.F.);
#2748 = ORIENTED_EDGE('',*,*,#1599,.F.);
#2749 = ORIENTED_EDGE('',*,*,#1625,.F.);
#2750 = ORIENTED_EDGE('',*,*,#1651,.F.);
#2751 = ORIENTED_EDGE('',*,*,#1677,.F.);
#2752 = ORIENTED_EDGE('',*,*,#1703,.F.);
#2753 = ORIENTED_EDGE('',*,*,#1722,.F.);
#2754 = FACE_BOUND('',#2755,.T.);
#2755 = EDGE_LOOP('',(#2756,#2766,#2774,#2782,#2790,#2798,#2806,#2814));
#2756 = ORIENTED_EDGE('',*,*,#2757,.F.);
#2757 = EDGE_CURVE('',#2758,#2760,#2762,.T.);
#2758 = VERTEX_POINT('',#2759);
#2759 = CARTESIAN_POINT('',(16.208747346072,1.321776277575,
    5.385833116306));
#2760 = VERTEX_POINT('',#2761);
#2761 = CARTESIAN_POINT('',(16.369256900212,1.138726515941,4.88290802958
    ));
#2762 = B_SPLINE_CURVE_WITH_KNOTS('',2,(#2763,#2764,#2765),
  .UNSPECIFIED.,.F.,.F.,(3,3),(0.,1.),.PIECEWISE_BEZIER_KNOTS.);
#2763 = CARTESIAN_POINT('',(16.208747346072,1.321776277575,
    5.385833116306));
#2764 = CARTESIAN_POINT('',(16.208747346072,1.203209294555,
    5.060073007767));
#2765 = CARTESIAN_POINT('',(16.369256900212,1.138726515941,4.88290802958
    ));
#2766 = ORIENTED_EDGE('',*,*,#2767,.F.);
#2767 = EDGE_CURVE('',#2768,#2758,#2770,.T.);
#2768 = VERTEX_POINT('',#2769);
#2769 = CARTESIAN_POINT('',(16.351422505308,1.484028890791,
    5.831618507364));
#2770 = B_SPLINE_CURVE_WITH_KNOTS('',2,(#2771,#2772,#2773),
  .UNSPECIFIED.,.F.,.F.,(3,3),(0.,1.),.PIECEWISE_BEZIER_KNOTS.);
#2771 = CARTESIAN_POINT('',(16.351422505308,1.484028890791,
    5.831618507364));
#2772 = CARTESIAN_POINT('',(16.208747346072,1.429073297485,
    5.680629255685));
#2773 = CARTESIAN_POINT('',(16.208747346072,1.321776277575,
    5.385833116306));
#2774 = ORIENTED_EDGE('',*,*,#2775,.F.);
#2775 = EDGE_CURVE('',#2776,#2768,#2778,.T.);
#2776 = VERTEX_POINT('',#2777);
#2777 = CARTESIAN_POINT('',(16.700467091295,1.538984484096,
    5.982607759044));
#2778 = B_SPLINE_CURVE_WITH_KNOTS('',2,(#2779,#2780,#2781),
  .UNSPECIFIED.,.F.,.F.,(3,3),(0.,1.),.PIECEWISE_BEZIER_KNOTS.);
#2779 = CARTESIAN_POINT('',(16.700467091295,1.538984484096,
    5.982607759044));
#2780 = CARTESIAN_POINT('',(16.494097664544,1.538984484096,
    5.982607759044));
#2781 = CARTESIAN_POINT('',(16.351422505308,1.484028890791,
    5.831618507364));
#2782 = ORIENTED_EDGE('',*,*,#2783,.F.);
#2783 = EDGE_CURVE('',#2784,#2776,#2786,.T.);
#2784 = VERTEX_POINT('',#2785);
#2785 = CARTESIAN_POINT('',(17.057154989384,1.48141472409,5.824436143384
    ));
#2786 = B_SPLINE_CURVE_WITH_KNOTS('',2,(#2787,#2788,#2789),
  .UNSPECIFIED.,.F.,.F.,(3,3),(0.,1.),.PIECEWISE_BEZIER_KNOTS.);
#2787 = CARTESIAN_POINT('',(17.057154989384,1.48141472409,5.824436143384
    ));
#2788 = CARTESIAN_POINT('',(16.914479830149,1.538984484096,
    5.982607759044));
#2789 = CARTESIAN_POINT('',(16.700467091295,1.538984484096,
    5.982607759044));
#2790 = ORIENTED_EDGE('',*,*,#2791,.F.);
#2791 = EDGE_CURVE('',#2792,#2784,#2794,.T.);
#2792 = VERTEX_POINT('',#2793);
#2793 = CARTESIAN_POINT('',(17.19983014862,1.300107740257,5.326299299312
    ));
#2794 = B_SPLINE_CURVE_WITH_KNOTS('',2,(#2795,#2796,#2797),
  .UNSPECIFIED.,.F.,.F.,(3,3),(0.,1.),.PIECEWISE_BEZIER_KNOTS.);
#2795 = CARTESIAN_POINT('',(17.19983014862,1.300107740257,5.326299299312
    ));
#2796 = CARTESIAN_POINT('',(17.19983014862,1.423903056678,5.666424135812
    ));
#2797 = CARTESIAN_POINT('',(17.057154989384,1.48141472409,5.824436143384
    ));
#2798 = ORIENTED_EDGE('',*,*,#2799,.F.);
#2799 = EDGE_CURVE('',#2800,#2792,#2802,.T.);
#2800 = VERTEX_POINT('',#2801);
#2801 = CARTESIAN_POINT('',(17.067346072187,1.127049904679,
    4.850826803801));
#2802 = B_SPLINE_CURVE_WITH_KNOTS('',2,(#2803,#2804,#2805),
  .UNSPECIFIED.,.F.,.F.,(3,3),(0.,1.),.PIECEWISE_BEZIER_KNOTS.);
#2803 = CARTESIAN_POINT('',(17.067346072187,1.127049904679,
    4.850826803801));
#2804 = CARTESIAN_POINT('',(17.19983014862,1.17985607203,4.995910556207)
  );
#2805 = CARTESIAN_POINT('',(17.19983014862,1.300107740257,5.326299299312
    ));
#2806 = ORIENTED_EDGE('',*,*,#2807,.F.);
#2807 = EDGE_CURVE('',#2808,#2800,#2810,.T.);
#2808 = VERTEX_POINT('',#2809);
#2809 = CARTESIAN_POINT('',(16.736135881104,1.074243737327,
    4.705743051394));
#2810 = B_SPLINE_CURVE_WITH_KNOTS('',2,(#2811,#2812,#2813),
  .UNSPECIFIED.,.F.,.F.,(3,3),(0.,1.),.PIECEWISE_BEZIER_KNOTS.);
#2811 = CARTESIAN_POINT('',(16.736135881104,1.074243737327,
    4.705743051394));
#2812 = CARTESIAN_POINT('',(16.934861995754,1.074243737327,
    4.705743051394));
#2813 = CARTESIAN_POINT('',(17.067346072187,1.127049904679,
    4.850826803801));
#2814 = ORIENTED_EDGE('',*,*,#2815,.F.);
#2815 = EDGE_CURVE('',#2760,#2808,#2816,.T.);
#2816 = B_SPLINE_CURVE_WITH_KNOTS('',2,(#2817,#2818,#2819),
  .UNSPECIFIED.,.F.,.F.,(3,3),(0.,1.),.PIECEWISE_BEZIER_KNOTS.);
#2817 = CARTESIAN_POINT('',(16.369256900212,1.138726515941,4.88290802958
    ));
#2818 = CARTESIAN_POINT('',(16.529766454352,1.074243737327,
    4.705743051394));
#2819 = CARTESIAN_POINT('',(16.736135881104,1.074243737327,
    4.705743051394));
#2820 = PLANE('',#2821);
#2821 = AXIS2_PLACEMENT_3D('',#2822,#2823,#2824);
#2822 = CARTESIAN_POINT('',(16.667732452513,1.593129623921,
    6.131370308085));
#2823 = DIRECTION('',(0.,-0.939692620786,0.342020143326));
#2824 = DIRECTION('',(1.,0.,0.));
#2825 = ADVANCED_FACE('',(#2826),#2836,.T.);
#2826 = FACE_BOUND('',#2827,.F.);
#2827 = EDGE_LOOP('',(#2828,#2829,#2830,#2831,#2832,#2833,#2834,#2835));
#2828 = ORIENTED_EDGE('',*,*,#1748,.T.);
#2829 = ORIENTED_EDGE('',*,*,#1922,.T.);
#2830 = ORIENTED_EDGE('',*,*,#1903,.T.);
#2831 = ORIENTED_EDGE('',*,*,#1879,.T.);
#2832 = ORIENTED_EDGE('',*,*,#1853,.T.);
#2833 = ORIENTED_EDGE('',*,*,#1827,.T.);
#2834 = ORIENTED_EDGE('',*,*,#1803,.T.);
#2835 = ORIENTED_EDGE('',*,*,#1779,.T.);
#2836 = PLANE('',#2837);
#2837 = AXIS2_PLACEMENT_3D('',#2838,#2839,#2840);
#2838 = CARTESIAN_POINT('',(13.768100428275,1.574120018213,6.07914184565
    ));
#2839 = DIRECTION('',(0.,-0.939692620786,0.342020143326));
#2840 = DIRECTION('',(1.,0.,0.));
#2841 = ADVANCED_FACE('',(#2842,#2860),#2926,.T.);
#2842 = FACE_BOUND('',#2843,.T.);
#2843 = EDGE_LOOP('',(#2844,#2845,#2846,#2847,#2848,#2849,#2850,#2851,
    #2852,#2853,#2854,#2855,#2856,#2857,#2858,#2859));
#2844 = ORIENTED_EDGE('',*,*,#1946,.F.);
#2845 = ORIENTED_EDGE('',*,*,#1977,.F.);
#2846 = ORIENTED_EDGE('',*,*,#2003,.F.);
#2847 = ORIENTED_EDGE('',*,*,#2029,.F.);
#2848 = ORIENTED_EDGE('',*,*,#2055,.F.);
#2849 = ORIENTED_EDGE('',*,*,#2081,.F.);
#2850 = ORIENTED_EDGE('',*,*,#2107,.F.);
#2851 = ORIENTED_EDGE('',*,*,#2133,.F.);
#2852 = ORIENTED_EDGE('',*,*,#2159,.F.);
#2853 = ORIENTED_EDGE('',*,*,#2185,.F.);
#2854 = ORIENTED_EDGE('',*,*,#2211,.F.);
#2855 = ORIENTED_EDGE('',*,*,#2237,.F.);
#2856 = ORIENTED_EDGE('',*,*,#2263,.F.);
#2857 = ORIENTED_EDGE('',*,*,#2289,.F.);
#2858 = ORIENTED_EDGE('',*,*,#2315,.F.);
#2859 = ORIENTED_EDGE('',*,*,#2334,.F.);
#2860 = FACE_BOUND('',#2861,.T.);
#2861 = EDGE_LOOP('',(#2862,#2872,#2880,#2888,#2896,#2904,#2912,#2920));
#2862 = ORIENTED_EDGE('',*,*,#2863,.F.);
#2863 = EDGE_CURVE('',#2864,#2866,#2868,.T.);
#2864 = VERTEX_POINT('',#2865);
#2865 = CARTESIAN_POINT('',(9.791252653928,1.724938875398,6.493513250192
    ));
#2866 = VERTEX_POINT('',#2867);
#2867 = CARTESIAN_POINT('',(9.631932059448,1.908685748152,6.998353633979
    ));
#2868 = B_SPLINE_CURVE_WITH_KNOTS('',2,(#2869,#2870,#2871),
  .UNSPECIFIED.,.F.,.F.,(3,3),(0.,1.),.PIECEWISE_BEZIER_KNOTS.);
#2869 = CARTESIAN_POINT('',(9.791252653928,1.724938875398,6.493513250192
    ));
#2870 = CARTESIAN_POINT('',(9.791252653928,1.84338967323,6.818954142554)
  );
#2871 = CARTESIAN_POINT('',(9.631932059448,1.908685748152,6.998353633979
    ));
#2872 = ORIENTED_EDGE('',*,*,#2873,.F.);
#2873 = EDGE_CURVE('',#2874,#2864,#2876,.T.);
#2874 = VERTEX_POINT('',#2875);
#2875 = CARTESIAN_POINT('',(9.649766454352,1.561233947348,6.043737656922
    ));
#2876 = B_SPLINE_CURVE_WITH_KNOTS('',2,(#2877,#2878,#2879),
  .UNSPECIFIED.,.F.,.F.,(3,3),(0.,1.),.PIECEWISE_BEZIER_KNOTS.);
#2877 = CARTESIAN_POINT('',(9.649766454352,1.561233947348,6.043737656922
    ));
#2878 = CARTESIAN_POINT('',(9.791252653928,1.61700283696,6.19696142184)
  );
#2879 = CARTESIAN_POINT('',(9.791252653928,1.724938875398,6.493513250192
    ));
#2880 = ORIENTED_EDGE('',*,*,#2881,.F.);
#2881 = EDGE_CURVE('',#2882,#2874,#2884,.T.);
#2882 = VERTEX_POINT('',#2883);
#2883 = CARTESIAN_POINT('',(9.302080679406,1.505523150329,5.890673500093
    ));
#2884 = B_SPLINE_CURVE_WITH_KNOTS('',2,(#2885,#2886,#2887),
  .UNSPECIFIED.,.F.,.F.,(3,3),(0.,1.),.PIECEWISE_BEZIER_KNOTS.);
#2885 = CARTESIAN_POINT('',(9.302080679406,1.505523150329,5.890673500093
    ));
#2886 = CARTESIAN_POINT('',(9.508450106157,1.505523150329,5.890673500093
    ));
#2887 = CARTESIAN_POINT('',(9.649766454352,1.561233947348,6.043737656922
    ));
#2888 = ORIENTED_EDGE('',*,*,#2889,.F.);
#2889 = EDGE_CURVE('',#2890,#2882,#2892,.T.);
#2890 = VERTEX_POINT('',#2891);
#2891 = CARTESIAN_POINT('',(8.945392781316,1.563441465895,6.049802764284
    ));
#2892 = B_SPLINE_CURVE_WITH_KNOTS('',2,(#2893,#2894,#2895),
  .UNSPECIFIED.,.F.,.F.,(3,3),(0.,1.),.PIECEWISE_BEZIER_KNOTS.);
#2893 = CARTESIAN_POINT('',(8.945392781316,1.563441465895,6.049802764284
    ));
#2894 = CARTESIAN_POINT('',(9.088067940552,1.505523150329,5.890673500093
    ));
#2895 = CARTESIAN_POINT('',(9.302080679406,1.505523150329,5.890673500093
    ));
#2896 = ORIENTED_EDGE('',*,*,#2897,.F.);
#2897 = EDGE_CURVE('',#2898,#2890,#2900,.T.);
#2898 = VERTEX_POINT('',#2899);
#2899 = CARTESIAN_POINT('',(8.802717622081,1.744980820102,6.548578040709
    ));
#2900 = B_SPLINE_CURVE_WITH_KNOTS('',2,(#2901,#2902,#2903),
  .UNSPECIFIED.,.F.,.F.,(3,3),(0.,1.),.PIECEWISE_BEZIER_KNOTS.);
#2901 = CARTESIAN_POINT('',(8.802717622081,1.744980820102,6.548578040709
    ));
#2902 = CARTESIAN_POINT('',(8.802717622081,1.621359781461,6.208932028475
    ));
#2903 = CARTESIAN_POINT('',(8.945392781316,1.563441465895,6.049802764284
    ));
#2904 = ORIENTED_EDGE('',*,*,#2905,.F.);
#2905 = EDGE_CURVE('',#2906,#2898,#2908,.T.);
#2906 = VERTEX_POINT('',#2907);
#2907 = CARTESIAN_POINT('',(8.933842887473,1.920420452007,7.030594467847
    ));
#2908 = B_SPLINE_CURVE_WITH_KNOTS('',2,(#2909,#2910,#2911),
  .UNSPECIFIED.,.F.,.F.,(3,3),(0.,1.),.PIECEWISE_BEZIER_KNOTS.);
#2909 = CARTESIAN_POINT('',(8.933842887473,1.920420452007,7.030594467847
    ));
#2910 = CARTESIAN_POINT('',(8.802717622081,1.866859080942,6.883435810291
    ));
#2911 = CARTESIAN_POINT('',(8.802717622081,1.744980820102,6.548578040709
    ));
#2912 = ORIENTED_EDGE('',*,*,#2913,.F.);
#2913 = EDGE_CURVE('',#2914,#2906,#2916,.T.);
#2914 = VERTEX_POINT('',#2915);
#2915 = CARTESIAN_POINT('',(9.263864118896,1.973981823073,7.177753125404
    ));
#2916 = B_SPLINE_CURVE_WITH_KNOTS('',2,(#2917,#2918,#2919),
  .UNSPECIFIED.,.F.,.F.,(3,3),(0.,1.),.PIECEWISE_BEZIER_KNOTS.);
#2917 = CARTESIAN_POINT('',(9.263864118896,1.973981823073,7.177753125404
    ));
#2918 = CARTESIAN_POINT('',(9.065138004246,1.973981823073,7.177753125404
    ));
#2919 = CARTESIAN_POINT('',(8.933842887473,1.920420452007,7.030594467847
    ));
#2920 = ORIENTED_EDGE('',*,*,#2921,.F.);
#2921 = EDGE_CURVE('',#2866,#2914,#2922,.T.);
#2922 = B_SPLINE_CURVE_WITH_KNOTS('',2,(#2923,#2924,#2925),
  .UNSPECIFIED.,.F.,.F.,(3,3),(0.,1.),.PIECEWISE_BEZIER_KNOTS.);
#2923 = CARTESIAN_POINT('',(9.631932059448,1.908685748152,6.998353633979
    ));
#2924 = CARTESIAN_POINT('',(9.472781316348,1.973981823073,7.177753125404
    ));
#2925 = CARTESIAN_POINT('',(9.263864118896,1.973981823073,7.177753125404
    ));
#2926 = PLANE('',#2927);
#2927 = AXIS2_PLACEMENT_3D('',#2928,#2929,#2930);
#2928 = CARTESIAN_POINT('',(9.332280346208,1.45471607553,5.751082209333)
  );
#2929 = DIRECTION('',(0.,-0.939692620786,0.342020143326));
#2930 = DIRECTION('',(1.,0.,0.));
#2931 = ADVANCED_FACE('',(#2932),#2938,.T.);
#2932 = FACE_BOUND('',#2933,.F.);
#2933 = EDGE_LOOP('',(#2934,#2935,#2936,#2937));
#2934 = ORIENTED_EDGE('',*,*,#2360,.T.);
#2935 = ORIENTED_EDGE('',*,*,#2432,.T.);
#2936 = ORIENTED_EDGE('',*,*,#2415,.T.);
#2937 = ORIENTED_EDGE('',*,*,#2391,.T.);
#2938 = PLANE('',#2939);
#2939 = AXIS2_PLACEMENT_3D('',#2940,#2941,#2942);
#2940 = CARTESIAN_POINT('',(11.557964172032,1.530436610061,
    5.959122668147));
#2941 = DIRECTION('',(0.,-0.939692620786,0.342020143326));
#2942 = DIRECTION('',(1.,0.,0.));
#2943 = ADVANCED_FACE('',(#2944),#2950,.F.);
#2944 = FACE_BOUND('',#2945,.F.);
#2945 = EDGE_LOOP('',(#2946,#2947,#2948,#2949));
#2946 = ORIENTED_EDGE('',*,*,#2512,.T.);
#2947 = ORIENTED_EDGE('',*,*,#2487,.T.);
#2948 = ORIENTED_EDGE('',*,*,#2455,.F.);
#2949 = ORIENTED_EDGE('',*,*,#2724,.F.);
#2950 = PLANE('',#2951);
#2951 = AXIS2_PLACEMENT_3D('',#2952,#2953,#2954);
#2952 = CARTESIAN_POINT('',(30.,6.6,0.));
#2953 = DIRECTION('',(-1.,0.,0.));
#2954 = DIRECTION('',(0.,1.,0.));
#2955 = ADVANCED_FACE('',(#2956),#2966,.T.);
#2956 = FACE_BOUND('',#2957,.T.);
#2957 = EDGE_LOOP('',(#2958,#2959,#2960,#2961,#2962,#2963,#2964,#2965));
#2958 = ORIENTED_EDGE('',*,*,#2568,.T.);
#2959 = ORIENTED_EDGE('',*,*,#2543,.T.);
#2960 = ORIENTED_EDGE('',*,*,#2592,.T.);
#2961 = ORIENTED_EDGE('',*,*,#2641,.T.);
#2962 = ORIENTED_EDGE('',*,*,#2690,.T.);
#2963 = ORIENTED_EDGE('',*,*,#2707,.T.);
#2964 = ORIENTED_EDGE('',*,*,#2666,.T.);
#2965 = ORIENTED_EDGE('',*,*,#2616,.T.);
#2966 = PLANE('',#2967);
#2967 = AXIS2_PLACEMENT_3D('',#2968,#2969,#2970);
#2968 = CARTESIAN_POINT('',(13.,19.84,21.));
#2969 = DIRECTION('',(0.,0.,1.));
#2970 = DIRECTION('',(1.,0.,0.));
#2971 = ADVANCED_FACE('',(#2972),#2982,.T.);
#2972 = FACE_BOUND('',#2973,.T.);
#2973 = EDGE_LOOP('',(#2974,#2975,#2976,#2977,#2978,#2979,#2980,#2981));
#2974 = ORIENTED_EDGE('',*,*,#2767,.T.);
#2975 = ORIENTED_EDGE('',*,*,#2757,.T.);
#2976 = ORIENTED_EDGE('',*,*,#2815,.T.);
#2977 = ORIENTED_EDGE('',*,*,#2807,.T.);
#2978 = ORIENTED_EDGE('',*,*,#2799,.T.);
#2979 = ORIENTED_EDGE('',*,*,#2791,.T.);
#2980 = ORIENTED_EDGE('',*,*,#2783,.T.);
#2981 = ORIENTED_EDGE('',*,*,#2775,.T.);
#2982 = PLANE('',#2983);
#2983 = AXIS2_PLACEMENT_3D('',#2984,#2985,#2986);
#2984 = CARTESIAN_POINT('',(16.667732452513,1.593129623921,
    6.131370308085));
#2985 = DIRECTION('',(0.,-0.939692620786,0.342020143326));
#2986 = DIRECTION('',(1.,0.,0.));
#2987 = ADVANCED_FACE('',(#2988),#2998,.T.);
#2988 = FACE_BOUND('',#2989,.T.);
#2989 = EDGE_LOOP('',(#2990,#2991,#2992,#2993,#2994,#2995,#2996,#2997));
#2990 = ORIENTED_EDGE('',*,*,#2873,.T.);
#2991 = ORIENTED_EDGE('',*,*,#2863,.T.);
#2992 = ORIENTED_EDGE('',*,*,#2921,.T.);
#2993 = ORIENTED_EDGE('',*,*,#2913,.T.);
#2994 = ORIENTED_EDGE('',*,*,#2905,.T.);
#2995 = ORIENTED_EDGE('',*,*,#2897,.T.);
#2996 = ORIENTED_EDGE('',*,*,#2889,.T.);
#2997 = ORIENTED_EDGE('',*,*,#2881,.T.);
#2998 = PLANE('',#2999);
#2999 = AXIS2_PLACEMENT_3D('',#3000,#3001,#3002);
#3000 = CARTESIAN_POINT('',(9.332280346208,1.45471607553,5.751082209333)
  );
#3001 = DIRECTION('',(0.,-0.939692620786,0.342020143326));
#3002 = DIRECTION('',(1.,0.,0.));
#3003 = ( GEOMETRIC_REPRESENTATION_CONTEXT(3) 
GLOBAL_UNCERTAINTY_ASSIGNED_CONTEXT((#3007)) 
GLOBAL_UNIT_ASSIGNED_CONTEXT((#3004,#3005,#3006)) REPRESENTATION_CONTEXT
('Context #1','3D Context with UNIT and UNCERTAINTY') );
#3004 = ( LENGTH_UNIT() NAMED_UNIT(*) SI_UNIT(.MILLI.,.METRE.) );
#3005 = ( NAMED_UNIT(*) PLANE_ANGLE_UNIT() SI_UNIT($,.RADIAN.) );
#3006 = ( NAMED_UNIT(*) SI_UNIT($,.STERADIAN.) SOLID_ANGLE_UNIT() );
#3007 = UNCERTAINTY_MEASURE_WITH_UNIT(LENGTH_MEASURE(1.E-06),#3004,
  'distance_accuracy_value','confusion accuracy');
#3008 = PRODUCT_RELATED_PRODUCT_CATEGORY('part',$,(#7));
ENDSEC;
END-ISO-10303-21;
