ISO-10303-21;
HEADER;
FILE_DESCRIPTION(('FreeCAD Model'),'2;1');
FILE_NAME('Open CASCADE Shape Model','2026-08-29T20:41:46',('FreeCAD'),(
    'FreeCAD'),'Open CASCADE STEP processor 7.8','FreeCAD','Unknown');
FILE_SCHEMA(('AUTOMOTIVE_DESIGN { 1 0 10303 214 1 1 1 1 }'));
ENDSEC;
DATA;
#1 = APPLICATION_PROTOCOL_DEFINITION('international standard',
  'automotive_design',2000,#2);
#2 = APPLICATION_CONTEXT(
  'core data for automotive mechanical design processes');
#3 = SHAPE_DEFINITION_REPRESENTATION(#4,#10);
#4 = PRODUCT_DEFINITION_SHAPE('','',#5);
#5 = PRODUCT_DEFINITION('design','',#6,#9);
#6 = PRODUCT_DEFINITION_FORMATION('','',#7);
#7 = PRODUCT('Open CASCADE STEP translator 7.8 110',
  'Open CASCADE STEP translator 7.8 110','',(#8));
#8 = PRODUCT_CONTEXT('',#2,'mechanical');
#9 = PRODUCT_DEFINITION_CONTEXT('part definition',#2,'design');
#10 = SHAPE_REPRESENTATION('',(#11,#15,#754,#904,#1192,#1768),#2066);
#11 = AXIS2_PLACEMENT_3D('',#12,#13,#14);
#12 = CARTESIAN_POINT('',(0.,0.,0.));
#13 = DIRECTION('',(0.,0.,1.));
#14 = DIRECTION('',(1.,0.,-0.));
#15 = MANIFOLD_SOLID_BREP('',#16);
#16 = CLOSED_SHELL('',(#17,#57,#90,#123,#156,#189,#222,#255,#288,#319,
    #350,#381,#412,#443,#474,#507,#540,#573,#606,#639,#672,#696,#725));
#17 = ADVANCED_FACE('',(#18),#52,.T.);
#18 = FACE_BOUND('',#19,.T.);
#19 = EDGE_LOOP('',(#20,#30,#38,#46));
#20 = ORIENTED_EDGE('',*,*,#21,.T.);
#21 = EDGE_CURVE('',#22,#24,#26,.T.);
#22 = VERTEX_POINT('',#23);
#23 = CARTESIAN_POINT('',(5.69898089172,1.953994794918,4.783795696736));
#24 = VERTEX_POINT('',#25);
#25 = CARTESIAN_POINT('',(5.69898089172,1.202240698289,5.057411811396));
#26 = LINE('',#27,#28);
#27 = CARTESIAN_POINT('',(5.69898089172,1.953994794918,4.783795696736));
#28 = VECTOR('',#29,1.);
#29 = DIRECTION('',(0.,-0.939692620786,0.342020143326));
#30 = ORIENTED_EDGE('',*,*,#31,.T.);
#31 = EDGE_CURVE('',#24,#32,#34,.T.);
#32 = VERTEX_POINT('',#33);
#33 = CARTESIAN_POINT('',(6.769044585987,1.239884698777,5.160837852716)
  );
#34 = LINE('',#35,#36);
#35 = CARTESIAN_POINT('',(5.69898089172,1.202240698289,5.057411811396));
#36 = VECTOR('',#37,1.);
#37 = DIRECTION('',(0.994751810339,3.499458755099E-02,9.614683909947E-02
    ));
#38 = ORIENTED_EDGE('',*,*,#39,.F.);
#39 = EDGE_CURVE('',#40,#32,#42,.T.);
#40 = VERTEX_POINT('',#41);
#41 = CARTESIAN_POINT('',(6.769044585987,1.991638795406,4.887221738055)
  );
#42 = LINE('',#43,#44);
#43 = CARTESIAN_POINT('',(6.769044585987,1.991638795406,4.887221738055)
  );
#44 = VECTOR('',#45,1.);
#45 = DIRECTION('',(0.,-0.939692620786,0.342020143326));
#46 = ORIENTED_EDGE('',*,*,#47,.F.);
#47 = EDGE_CURVE('',#22,#40,#48,.T.);
#48 = LINE('',#49,#50);
#49 = CARTESIAN_POINT('',(5.69898089172,1.953994794918,4.783795696736));
#50 = VECTOR('',#51,1.);
#51 = DIRECTION('',(0.994751810339,3.499458755099E-02,9.614683909947E-02
    ));
#52 = PLANE('',#53);
#53 = AXIS2_PLACEMENT_3D('',#54,#55,#56);
#54 = CARTESIAN_POINT('',(5.69898089172,1.953994794918,4.783795696736));
#55 = DIRECTION('',(-0.102317329063,0.340225156746,0.934760935689));
#56 = DIRECTION('',(0.994751810339,3.499458755099E-02,9.614683909947E-02
    ));
#57 = ADVANCED_FACE('',(#58),#83,.T.);
#58 = FACE_BOUND('',#59,.T.);
#59 = EDGE_LOOP('',(#60,#61,#69,#77));
#60 = ORIENTED_EDGE('',*,*,#39,.T.);
#61 = ORIENTED_EDGE('',*,*,#62,.T.);
#62 = EDGE_CURVE('',#32,#63,#65,.T.);
#63 = VERTEX_POINT('',#64);
#64 = CARTESIAN_POINT('',(7.040382165605,1.044257890684,4.62335761484));
#65 = B_SPLINE_CURVE_WITH_KNOTS('',2,(#66,#67,#68),.UNSPECIFIED.,.F.,.F.
  ,(3,3),(0.,1.),.PIECEWISE_BEZIER_KNOTS.);
#66 = CARTESIAN_POINT('',(6.769044585987,1.239884698777,5.160837852716)
  );
#67 = CARTESIAN_POINT('',(6.814904458599,1.11640889162,4.821590860702));
#68 = CARTESIAN_POINT('',(7.040382165605,1.044257890684,4.62335761484));
#69 = ORIENTED_EDGE('',*,*,#70,.F.);
#70 = EDGE_CURVE('',#71,#63,#73,.T.);
#71 = VERTEX_POINT('',#72);
#72 = CARTESIAN_POINT('',(7.040382165605,1.796011987313,4.349741500179)
  );
#73 = LINE('',#74,#75);
#74 = CARTESIAN_POINT('',(7.040382165605,1.796011987313,4.349741500179)
  );
#75 = VECTOR('',#76,1.);
#76 = DIRECTION('',(0.,-0.939692620786,0.342020143326));
#77 = ORIENTED_EDGE('',*,*,#78,.F.);
#78 = EDGE_CURVE('',#40,#71,#79,.T.);
#79 = B_SPLINE_CURVE_WITH_KNOTS('',2,(#80,#81,#82),.UNSPECIFIED.,.F.,.F.
  ,(3,3),(0.,1.),.PIECEWISE_BEZIER_KNOTS.);
#80 = CARTESIAN_POINT('',(6.769044585987,1.991638795406,4.887221738055)
  );
#81 = CARTESIAN_POINT('',(6.814904458599,1.868162988249,4.547974746042)
  );
#82 = CARTESIAN_POINT('',(7.040382165605,1.796011987313,4.349741500179)
  );
#83 = SURFACE_OF_LINEAR_EXTRUSION('',#84,#88);
#84 = B_SPLINE_CURVE_WITH_KNOTS('',2,(#85,#86,#87),.UNSPECIFIED.,.F.,.F.
  ,(3,3),(0.,1.),.PIECEWISE_BEZIER_KNOTS.);
#85 = CARTESIAN_POINT('',(6.769044585987,1.991638795406,4.887221738055)
  );
#86 = CARTESIAN_POINT('',(6.814904458599,1.868162988249,4.547974746042)
  );
#87 = CARTESIAN_POINT('',(7.040382165605,1.796011987313,4.349741500179)
  );
#88 = VECTOR('',#89,1.);
#89 = DIRECTION('',(-0.,0.939692620786,-0.342020143326));
#90 = ADVANCED_FACE('',(#91),#116,.T.);
#91 = FACE_BOUND('',#92,.T.);
#92 = EDGE_LOOP('',(#93,#94,#102,#110));
#93 = ORIENTED_EDGE('',*,*,#70,.T.);
#94 = ORIENTED_EDGE('',*,*,#95,.T.);
#95 = EDGE_CURVE('',#63,#96,#98,.T.);
#96 = VERTEX_POINT('',#97);
#97 = CARTESIAN_POINT('',(7.560127388535,0.972194028638,4.42536378111));
#98 = B_SPLINE_CURVE_WITH_KNOTS('',2,(#99,#100,#101),.UNSPECIFIED.,.F.,
  .F.,(3,3),(0.,1.),.PIECEWISE_BEZIER_KNOTS.);
#99 = CARTESIAN_POINT('',(7.040382165605,1.044257890684,4.62335761484));
#100 = CARTESIAN_POINT('',(7.265859872611,0.972194028638,4.42536378111)
  );
#101 = CARTESIAN_POINT('',(7.560127388535,0.972194028638,4.42536378111)
  );
#102 = ORIENTED_EDGE('',*,*,#103,.F.);
#103 = EDGE_CURVE('',#104,#96,#106,.T.);
#104 = VERTEX_POINT('',#105);
#105 = CARTESIAN_POINT('',(7.560127388535,1.723948125267,4.151747666449)
  );
#106 = LINE('',#107,#108);
#107 = CARTESIAN_POINT('',(7.560127388535,1.723948125267,4.151747666449)
  );
#108 = VECTOR('',#109,1.);
#109 = DIRECTION('',(0.,-0.939692620786,0.342020143326));
#110 = ORIENTED_EDGE('',*,*,#111,.F.);
#111 = EDGE_CURVE('',#71,#104,#112,.T.);
#112 = B_SPLINE_CURVE_WITH_KNOTS('',2,(#113,#114,#115),.UNSPECIFIED.,.F.
  ,.F.,(3,3),(0.,1.),.PIECEWISE_BEZIER_KNOTS.);
#113 = CARTESIAN_POINT('',(7.040382165605,1.796011987313,4.349741500179)
  );
#114 = CARTESIAN_POINT('',(7.265859872611,1.723948125267,4.151747666449)
  );
#115 = CARTESIAN_POINT('',(7.560127388535,1.723948125267,4.151747666449)
  );
#116 = SURFACE_OF_LINEAR_EXTRUSION('',#117,#121);
#117 = B_SPLINE_CURVE_WITH_KNOTS('',2,(#118,#119,#120),.UNSPECIFIED.,.F.
  ,.F.,(3,3),(0.,1.),.PIECEWISE_BEZIER_KNOTS.);
#118 = CARTESIAN_POINT('',(7.040382165605,1.796011987313,4.349741500179)
  );
#119 = CARTESIAN_POINT('',(7.265859872611,1.723948125267,4.151747666449)
  );
#120 = CARTESIAN_POINT('',(7.560127388535,1.723948125267,4.151747666449)
  );
#121 = VECTOR('',#122,1.);
#122 = DIRECTION('',(-0.,0.939692620786,-0.342020143326));
#123 = ADVANCED_FACE('',(#124),#149,.T.);
#124 = FACE_BOUND('',#125,.T.);
#125 = EDGE_LOOP('',(#126,#127,#135,#143));
#126 = ORIENTED_EDGE('',*,*,#103,.T.);
#127 = ORIENTED_EDGE('',*,*,#128,.T.);
#128 = EDGE_CURVE('',#96,#129,#131,.T.);
#129 = VERTEX_POINT('',#130);
#130 = CARTESIAN_POINT('',(8.129554140127,1.065955474299,4.682971235878)
  );
#131 = B_SPLINE_CURVE_WITH_KNOTS('',2,(#132,#133,#134),.UNSPECIFIED.,.F.
  ,.F.,(3,3),(0.,1.),.PIECEWISE_BEZIER_KNOTS.);
#132 = CARTESIAN_POINT('',(7.560127388535,0.972194028638,4.42536378111)
  );
#133 = CARTESIAN_POINT('',(7.896433121019,0.972194028638,4.42536378111)
  );
#134 = CARTESIAN_POINT('',(8.129554140127,1.065955474299,4.682971235878)
  );
#135 = ORIENTED_EDGE('',*,*,#136,.F.);
#136 = EDGE_CURVE('',#137,#129,#139,.T.);
#137 = VERTEX_POINT('',#138);
#138 = CARTESIAN_POINT('',(8.129554140127,1.817709570928,4.409355121218)
  );
#139 = LINE('',#140,#141);
#140 = CARTESIAN_POINT('',(8.129554140127,1.817709570928,4.409355121218)
  );
#141 = VECTOR('',#142,1.);
#142 = DIRECTION('',(0.,-0.939692620786,0.342020143326));
#143 = ORIENTED_EDGE('',*,*,#144,.F.);
#144 = EDGE_CURVE('',#104,#137,#145,.T.);
#145 = B_SPLINE_CURVE_WITH_KNOTS('',2,(#146,#147,#148),.UNSPECIFIED.,.F.
  ,.F.,(3,3),(0.,1.),.PIECEWISE_BEZIER_KNOTS.);
#146 = CARTESIAN_POINT('',(7.560127388535,1.723948125267,4.151747666449)
  );
#147 = CARTESIAN_POINT('',(7.896433121019,1.723948125267,4.151747666449)
  );
#148 = CARTESIAN_POINT('',(8.129554140127,1.817709570928,4.409355121218)
  );
#149 = SURFACE_OF_LINEAR_EXTRUSION('',#150,#154);
#150 = B_SPLINE_CURVE_WITH_KNOTS('',2,(#151,#152,#153),.UNSPECIFIED.,.F.
  ,.F.,(3,3),(0.,1.),.PIECEWISE_BEZIER_KNOTS.);
#151 = CARTESIAN_POINT('',(7.560127388535,1.723948125267,4.151747666449)
  );
#152 = CARTESIAN_POINT('',(7.896433121019,1.723948125267,4.151747666449)
  );
#153 = CARTESIAN_POINT('',(8.129554140127,1.817709570928,4.409355121218)
  );
#154 = VECTOR('',#155,1.);
#155 = DIRECTION('',(-0.,0.939692620786,-0.342020143326));
#156 = ADVANCED_FACE('',(#157),#182,.T.);
#157 = FACE_BOUND('',#158,.T.);
#158 = EDGE_LOOP('',(#159,#160,#168,#176));
#159 = ORIENTED_EDGE('',*,*,#136,.T.);
#160 = ORIENTED_EDGE('',*,*,#161,.T.);
#161 = EDGE_CURVE('',#129,#162,#164,.T.);
#162 = VERTEX_POINT('',#163);
#163 = CARTESIAN_POINT('',(8.362675159236,1.348634033521,5.459624194306)
  );
#164 = B_SPLINE_CURVE_WITH_KNOTS('',2,(#165,#166,#167),.UNSPECIFIED.,.F.
  ,.F.,(3,3),(0.,1.),.PIECEWISE_BEZIER_KNOTS.);
#165 = CARTESIAN_POINT('',(8.129554140127,1.065955474299,4.682971235878)
  );
#166 = CARTESIAN_POINT('',(8.362675159236,1.15971691996,4.940578690646)
  );
#167 = CARTESIAN_POINT('',(8.362675159236,1.348634033521,5.459624194306)
  );
#168 = ORIENTED_EDGE('',*,*,#169,.F.);
#169 = EDGE_CURVE('',#170,#162,#172,.T.);
#170 = VERTEX_POINT('',#171);
#171 = CARTESIAN_POINT('',(8.362675159236,2.10038813015,5.186008079645)
  );
#172 = LINE('',#173,#174);
#173 = CARTESIAN_POINT('',(8.362675159236,2.10038813015,5.186008079645)
  );
#174 = VECTOR('',#175,1.);
#175 = DIRECTION('',(0.,-0.939692620786,0.342020143326));
#176 = ORIENTED_EDGE('',*,*,#177,.F.);
#177 = EDGE_CURVE('',#137,#170,#178,.T.);
#178 = B_SPLINE_CURVE_WITH_KNOTS('',2,(#179,#180,#181),.UNSPECIFIED.,.F.
  ,.F.,(3,3),(0.,1.),.PIECEWISE_BEZIER_KNOTS.);
#179 = CARTESIAN_POINT('',(8.129554140127,1.817709570928,4.409355121218)
  );
#180 = CARTESIAN_POINT('',(8.362675159236,1.911471016588,4.666962575986)
  );
#181 = CARTESIAN_POINT('',(8.362675159236,2.10038813015,5.186008079645)
  );
#182 = SURFACE_OF_LINEAR_EXTRUSION('',#183,#187);
#183 = B_SPLINE_CURVE_WITH_KNOTS('',2,(#184,#185,#186),.UNSPECIFIED.,.F.
  ,.F.,(3,3),(0.,1.),.PIECEWISE_BEZIER_KNOTS.);
#184 = CARTESIAN_POINT('',(8.129554140127,1.817709570928,4.409355121218)
  );
#185 = CARTESIAN_POINT('',(8.362675159236,1.911471016588,4.666962575986)
  );
#186 = CARTESIAN_POINT('',(8.362675159236,2.10038813015,5.186008079645)
  );
#187 = VECTOR('',#188,1.);
#188 = DIRECTION('',(-0.,0.939692620786,-0.342020143326));
#189 = ADVANCED_FACE('',(#190),#215,.T.);
#190 = FACE_BOUND('',#191,.T.);
#191 = EDGE_LOOP('',(#192,#193,#201,#209));
#192 = ORIENTED_EDGE('',*,*,#169,.T.);
#193 = ORIENTED_EDGE('',*,*,#194,.T.);
#194 = EDGE_CURVE('',#162,#195,#197,.T.);
#195 = VERTEX_POINT('',#196);
#196 = CARTESIAN_POINT('',(8.131337579618,1.6142333703,6.189352374728));
#197 = B_SPLINE_CURVE_WITH_KNOTS('',2,(#198,#199,#200),.UNSPECIFIED.,.F.
  ,.F.,(3,3),(0.,1.),.PIECEWISE_BEZIER_KNOTS.);
#198 = CARTESIAN_POINT('',(8.362675159236,1.348634033521,5.459624194306)
  );
#199 = CARTESIAN_POINT('',(8.362675159236,1.525700258041,5.946109647921)
  );
#200 = CARTESIAN_POINT('',(8.131337579618,1.6142333703,6.189352374728));
#201 = ORIENTED_EDGE('',*,*,#202,.F.);
#202 = EDGE_CURVE('',#203,#195,#205,.T.);
#203 = VERTEX_POINT('',#204);
#204 = CARTESIAN_POINT('',(8.131337579618,2.365987466929,5.915736260067)
  );
#205 = LINE('',#206,#207);
#206 = CARTESIAN_POINT('',(8.131337579618,2.365987466929,5.915736260067)
  );
#207 = VECTOR('',#208,1.);
#208 = DIRECTION('',(0.,-0.939692620786,0.342020143326));
#209 = ORIENTED_EDGE('',*,*,#210,.F.);
#210 = EDGE_CURVE('',#170,#203,#211,.T.);
#211 = B_SPLINE_CURVE_WITH_KNOTS('',2,(#212,#213,#214),.UNSPECIFIED.,.F.
  ,.F.,(3,3),(0.,1.),.PIECEWISE_BEZIER_KNOTS.);
#212 = CARTESIAN_POINT('',(8.362675159236,2.10038813015,5.186008079645)
  );
#213 = CARTESIAN_POINT('',(8.362675159236,2.277454354669,5.67249353326)
  );
#214 = CARTESIAN_POINT('',(8.131337579618,2.365987466929,5.915736260067)
  );
#215 = SURFACE_OF_LINEAR_EXTRUSION('',#216,#220);
#216 = B_SPLINE_CURVE_WITH_KNOTS('',2,(#217,#218,#219),.UNSPECIFIED.,.F.
  ,.F.,(3,3),(0.,1.),.PIECEWISE_BEZIER_KNOTS.);
#217 = CARTESIAN_POINT('',(8.362675159236,2.10038813015,5.186008079645)
  );
#218 = CARTESIAN_POINT('',(8.362675159236,2.277454354669,5.67249353326)
  );
#219 = CARTESIAN_POINT('',(8.131337579618,2.365987466929,5.915736260067)
  );
#220 = VECTOR('',#221,1.);
#221 = DIRECTION('',(-0.,0.939692620786,-0.342020143326));
#222 = ADVANCED_FACE('',(#223),#248,.T.);
#223 = FACE_BOUND('',#224,.T.);
#224 = EDGE_LOOP('',(#225,#226,#234,#242));
#225 = ORIENTED_EDGE('',*,*,#202,.T.);
#226 = ORIENTED_EDGE('',*,*,#227,.T.);
#227 = EDGE_CURVE('',#195,#228,#230,.T.);
#228 = VERTEX_POINT('',#229);
#229 = CARTESIAN_POINT('',(7.529554140127,1.70276648256,6.432595101535)
  );
#230 = B_SPLINE_CURVE_WITH_KNOTS('',2,(#231,#232,#233),.UNSPECIFIED.,.F.
  ,.F.,(3,3),(0.,1.),.PIECEWISE_BEZIER_KNOTS.);
#231 = CARTESIAN_POINT('',(8.131337579618,1.6142333703,6.189352374728));
#232 = CARTESIAN_POINT('',(7.90025477707,1.70276648256,6.432595101535));
#233 = CARTESIAN_POINT('',(7.529554140127,1.70276648256,6.432595101535)
  );
#234 = ORIENTED_EDGE('',*,*,#235,.F.);
#235 = EDGE_CURVE('',#236,#228,#238,.T.);
#236 = VERTEX_POINT('',#237);
#237 = CARTESIAN_POINT('',(7.529554140127,2.454520579189,6.158978986875)
  );
#238 = LINE('',#239,#240);
#239 = CARTESIAN_POINT('',(7.529554140127,2.454520579189,6.158978986875)
  );
#240 = VECTOR('',#241,1.);
#241 = DIRECTION('',(0.,-0.939692620786,0.342020143326));
#242 = ORIENTED_EDGE('',*,*,#243,.F.);
#243 = EDGE_CURVE('',#203,#236,#244,.T.);
#244 = B_SPLINE_CURVE_WITH_KNOTS('',2,(#245,#246,#247),.UNSPECIFIED.,.F.
  ,.F.,(3,3),(0.,1.),.PIECEWISE_BEZIER_KNOTS.);
#245 = CARTESIAN_POINT('',(8.131337579618,2.365987466929,5.915736260067)
  );
#246 = CARTESIAN_POINT('',(7.90025477707,2.454520579189,6.158978986875)
  );
#247 = CARTESIAN_POINT('',(7.529554140127,2.454520579189,6.158978986875)
  );
#248 = SURFACE_OF_LINEAR_EXTRUSION('',#249,#253);
#249 = B_SPLINE_CURVE_WITH_KNOTS('',2,(#250,#251,#252),.UNSPECIFIED.,.F.
  ,.F.,(3,3),(0.,1.),.PIECEWISE_BEZIER_KNOTS.);
#250 = CARTESIAN_POINT('',(8.131337579618,2.365987466929,5.915736260067)
  );
#251 = CARTESIAN_POINT('',(7.90025477707,2.454520579189,6.158978986875)
  );
#252 = CARTESIAN_POINT('',(7.529554140127,2.454520579189,6.158978986875)
  );
#253 = VECTOR('',#254,1.);
#254 = DIRECTION('',(-0.,0.939692620786,-0.342020143326));
#255 = ADVANCED_FACE('',(#256),#281,.T.);
#256 = FACE_BOUND('',#257,.T.);
#257 = EDGE_LOOP('',(#258,#259,#267,#275));
#258 = ORIENTED_EDGE('',*,*,#235,.T.);
#259 = ORIENTED_EDGE('',*,*,#260,.T.);
#260 = EDGE_CURVE('',#228,#261,#263,.T.);
#261 = VERTEX_POINT('',#262);
#262 = CARTESIAN_POINT('',(6.70025477707,1.563344258529,6.04953568924));
#263 = B_SPLINE_CURVE_WITH_KNOTS('',2,(#264,#265,#266),.UNSPECIFIED.,.F.
  ,.F.,(3,3),(0.,1.),.PIECEWISE_BEZIER_KNOTS.);
#264 = CARTESIAN_POINT('',(7.529554140127,1.70276648256,6.432595101535)
  );
#265 = CARTESIAN_POINT('',(7.067133757962,1.70276648256,6.432595101535)
  );
#266 = CARTESIAN_POINT('',(6.70025477707,1.563344258529,6.04953568924));
#267 = ORIENTED_EDGE('',*,*,#268,.F.);
#268 = EDGE_CURVE('',#269,#261,#271,.T.);
#269 = VERTEX_POINT('',#270);
#270 = CARTESIAN_POINT('',(6.70025477707,2.315098355158,5.77591957458));
#271 = LINE('',#272,#273);
#272 = CARTESIAN_POINT('',(6.70025477707,2.315098355158,5.77591957458));
#273 = VECTOR('',#274,1.);
#274 = DIRECTION('',(0.,-0.939692620786,0.342020143326));
#275 = ORIENTED_EDGE('',*,*,#276,.F.);
#276 = EDGE_CURVE('',#236,#269,#277,.T.);
#277 = B_SPLINE_CURVE_WITH_KNOTS('',2,(#278,#279,#280),.UNSPECIFIED.,.F.
  ,.F.,(3,3),(0.,1.),.PIECEWISE_BEZIER_KNOTS.);
#278 = CARTESIAN_POINT('',(7.529554140127,2.454520579189,6.158978986875)
  );
#279 = CARTESIAN_POINT('',(7.067133757962,2.454520579189,6.158978986875)
  );
#280 = CARTESIAN_POINT('',(6.70025477707,2.315098355158,5.77591957458));
#281 = SURFACE_OF_LINEAR_EXTRUSION('',#282,#286);
#282 = B_SPLINE_CURVE_WITH_KNOTS('',2,(#283,#284,#285),.UNSPECIFIED.,.F.
  ,.F.,(3,3),(0.,1.),.PIECEWISE_BEZIER_KNOTS.);
#283 = CARTESIAN_POINT('',(7.529554140127,2.454520579189,6.158978986875)
  );
#284 = CARTESIAN_POINT('',(7.067133757962,2.454520579189,6.158978986875)
  );
#285 = CARTESIAN_POINT('',(6.70025477707,2.315098355158,5.77591957458));
#286 = VECTOR('',#287,1.);
#287 = DIRECTION('',(-0.,0.939692620786,-0.342020143326));
#288 = ADVANCED_FACE('',(#289),#314,.T.);
#289 = FACE_BOUND('',#290,.T.);
#290 = EDGE_LOOP('',(#291,#292,#300,#308));
#291 = ORIENTED_EDGE('',*,*,#268,.T.);
#292 = ORIENTED_EDGE('',*,*,#293,.T.);
#293 = EDGE_CURVE('',#261,#294,#296,.T.);
#294 = VERTEX_POINT('',#295);
#295 = CARTESIAN_POINT('',(5.828917197452,1.606303731308,6.167565870654)
  );
#296 = LINE('',#297,#298);
#297 = CARTESIAN_POINT('',(6.70025477707,1.563344258529,6.04953568924));
#298 = VECTOR('',#299,1.);
#299 = DIRECTION('',(-0.989769265001,4.879849875915E-02,0.134072773444)
  );
#300 = ORIENTED_EDGE('',*,*,#301,.F.);
#301 = EDGE_CURVE('',#302,#294,#304,.T.);
#302 = VERTEX_POINT('',#303);
#303 = CARTESIAN_POINT('',(5.828917197452,2.358057827937,5.893949755993)
  );
#304 = LINE('',#305,#306);
#305 = CARTESIAN_POINT('',(5.828917197452,2.358057827937,5.893949755993)
  );
#306 = VECTOR('',#307,1.);
#307 = DIRECTION('',(0.,-0.939692620786,0.342020143326));
#308 = ORIENTED_EDGE('',*,*,#309,.F.);
#309 = EDGE_CURVE('',#269,#302,#310,.T.);
#310 = LINE('',#311,#312);
#311 = CARTESIAN_POINT('',(6.70025477707,2.315098355158,5.77591957458));
#312 = VECTOR('',#313,1.);
#313 = DIRECTION('',(-0.989769265001,4.879849875915E-02,0.134072773444)
  );
#314 = PLANE('',#315);
#315 = AXIS2_PLACEMENT_3D('',#316,#317,#318);
#316 = CARTESIAN_POINT('',(6.70025477707,2.315098355158,5.77591957458));
#317 = DIRECTION('',(-0.142677265393,-0.338521025875,-0.930078874602));
#318 = DIRECTION('',(-0.989769265001,4.879849875915E-02,0.134072773444)
  );
#319 = ADVANCED_FACE('',(#320),#345,.T.);
#320 = FACE_BOUND('',#321,.T.);
#321 = EDGE_LOOP('',(#322,#323,#331,#339));
#322 = ORIENTED_EDGE('',*,*,#301,.T.);
#323 = ORIENTED_EDGE('',*,*,#324,.T.);
#324 = EDGE_CURVE('',#294,#325,#327,.T.);
#325 = VERTEX_POINT('',#326);
#326 = CARTESIAN_POINT('',(6.37923566879,2.60622249428,8.914820093206));
#327 = LINE('',#328,#329);
#328 = CARTESIAN_POINT('',(5.828917197452,1.606303731308,6.167565870654)
  );
#329 = VECTOR('',#330,1.);
#330 = DIRECTION('',(0.184986551027,0.336117235571,0.92347451502));
#331 = ORIENTED_EDGE('',*,*,#332,.F.);
#332 = EDGE_CURVE('',#333,#325,#335,.T.);
#333 = VERTEX_POINT('',#334);
#334 = CARTESIAN_POINT('',(6.37923566879,3.357976590908,8.641203978545)
  );
#335 = LINE('',#336,#337);
#336 = CARTESIAN_POINT('',(6.37923566879,3.357976590908,8.641203978545)
  );
#337 = VECTOR('',#338,1.);
#338 = DIRECTION('',(0.,-0.939692620786,0.342020143326));
#339 = ORIENTED_EDGE('',*,*,#340,.F.);
#340 = EDGE_CURVE('',#302,#333,#341,.T.);
#341 = LINE('',#342,#343);
#342 = CARTESIAN_POINT('',(5.828917197452,2.358057827937,5.893949755993)
  );
#343 = VECTOR('',#344,1.);
#344 = DIRECTION('',(0.184986551027,0.336117235571,0.92347451502));
#345 = PLANE('',#346);
#346 = AXIS2_PLACEMENT_3D('',#347,#348,#349);
#347 = CARTESIAN_POINT('',(5.828917197452,2.358057827937,5.893949755993)
  );
#348 = DIRECTION('',(-0.982741052332,6.326912669566E-02,0.173830496945)
  );
#349 = DIRECTION('',(0.184986551027,0.336117235571,0.92347451502));
#350 = ADVANCED_FACE('',(#351),#376,.T.);
#351 = FACE_BOUND('',#352,.T.);
#352 = EDGE_LOOP('',(#353,#354,#362,#370));
#353 = ORIENTED_EDGE('',*,*,#332,.T.);
#354 = ORIENTED_EDGE('',*,*,#355,.T.);
#355 = EDGE_CURVE('',#325,#356,#358,.T.);
#356 = VERTEX_POINT('',#357);
#357 = CARTESIAN_POINT('',(9.21872611465,2.60622249428,8.914820093206));
#358 = LINE('',#359,#360);
#359 = CARTESIAN_POINT('',(6.37923566879,2.60622249428,8.914820093206));
#360 = VECTOR('',#361,1.);
#361 = DIRECTION('',(1.,0.,0.));
#362 = ORIENTED_EDGE('',*,*,#363,.F.);
#363 = EDGE_CURVE('',#364,#356,#366,.T.);
#364 = VERTEX_POINT('',#365);
#365 = CARTESIAN_POINT('',(9.21872611465,3.357976590908,8.641203978545)
  );
#366 = LINE('',#367,#368);
#367 = CARTESIAN_POINT('',(9.21872611465,3.357976590908,8.641203978545)
  );
#368 = VECTOR('',#369,1.);
#369 = DIRECTION('',(0.,-0.939692620786,0.342020143326));
#370 = ORIENTED_EDGE('',*,*,#371,.F.);
#371 = EDGE_CURVE('',#333,#364,#372,.T.);
#372 = LINE('',#373,#374);
#373 = CARTESIAN_POINT('',(6.37923566879,3.357976590908,8.641203978545)
  );
#374 = VECTOR('',#375,1.);
#375 = DIRECTION('',(1.,0.,0.));
#376 = PLANE('',#377);
#377 = AXIS2_PLACEMENT_3D('',#378,#379,#380);
#378 = CARTESIAN_POINT('',(6.37923566879,3.357976590908,8.641203978545)
  );
#379 = DIRECTION('',(0.,0.342020143326,0.939692620786));
#380 = DIRECTION('',(1.,0.,0.));
#381 = ADVANCED_FACE('',(#382),#407,.T.);
#382 = FACE_BOUND('',#383,.T.);
#383 = EDGE_LOOP('',(#384,#385,#393,#401));
#384 = ORIENTED_EDGE('',*,*,#363,.T.);
#385 = ORIENTED_EDGE('',*,*,#386,.T.);
#386 = EDGE_CURVE('',#356,#387,#389,.T.);
#387 = VERTEX_POINT('',#388);
#388 = CARTESIAN_POINT('',(9.21872611465,2.260455378683,7.964832750715)
  );
#389 = LINE('',#390,#391);
#390 = CARTESIAN_POINT('',(9.21872611465,2.60622249428,8.914820093206));
#391 = VECTOR('',#392,1.);
#392 = DIRECTION('',(0.,-0.342020143326,-0.939692620786));
#393 = ORIENTED_EDGE('',*,*,#394,.F.);
#394 = EDGE_CURVE('',#395,#387,#397,.T.);
#395 = VERTEX_POINT('',#396);
#396 = CARTESIAN_POINT('',(9.21872611465,3.012209475312,7.691216636054)
  );
#397 = LINE('',#398,#399);
#398 = CARTESIAN_POINT('',(9.21872611465,3.012209475312,7.691216636054)
  );
#399 = VECTOR('',#400,1.);
#400 = DIRECTION('',(0.,-0.939692620786,0.342020143326));
#401 = ORIENTED_EDGE('',*,*,#402,.F.);
#402 = EDGE_CURVE('',#364,#395,#403,.T.);
#403 = LINE('',#404,#405);
#404 = CARTESIAN_POINT('',(9.21872611465,3.357976590908,8.641203978545)
  );
#405 = VECTOR('',#406,1.);
#406 = DIRECTION('',(0.,-0.342020143326,-0.939692620786));
#407 = PLANE('',#408);
#408 = AXIS2_PLACEMENT_3D('',#409,#410,#411);
#409 = CARTESIAN_POINT('',(9.21872611465,3.357976590908,8.641203978545)
  );
#410 = DIRECTION('',(1.,0.,0.));
#411 = DIRECTION('',(0.,-0.342020143326,-0.939692620786));
#412 = ADVANCED_FACE('',(#413),#438,.T.);
#413 = FACE_BOUND('',#414,.T.);
#414 = EDGE_LOOP('',(#415,#416,#424,#432));
#415 = ORIENTED_EDGE('',*,*,#394,.T.);
#416 = ORIENTED_EDGE('',*,*,#417,.T.);
#417 = EDGE_CURVE('',#387,#418,#420,.T.);
#418 = VERTEX_POINT('',#419);
#419 = CARTESIAN_POINT('',(7.193248407643,2.260455378683,7.964832750715)
  );
#420 = LINE('',#421,#422);
#421 = CARTESIAN_POINT('',(9.21872611465,2.260455378683,7.964832750715)
  );
#422 = VECTOR('',#423,1.);
#423 = DIRECTION('',(-1.,0.,0.));
#424 = ORIENTED_EDGE('',*,*,#425,.F.);
#425 = EDGE_CURVE('',#426,#418,#428,.T.);
#426 = VERTEX_POINT('',#427);
#427 = CARTESIAN_POINT('',(7.193248407643,3.012209475312,7.691216636054)
  );
#428 = LINE('',#429,#430);
#429 = CARTESIAN_POINT('',(7.193248407643,3.012209475312,7.691216636054)
  );
#430 = VECTOR('',#431,1.);
#431 = DIRECTION('',(0.,-0.939692620786,0.342020143326));
#432 = ORIENTED_EDGE('',*,*,#433,.F.);
#433 = EDGE_CURVE('',#395,#426,#434,.T.);
#434 = LINE('',#435,#436);
#435 = CARTESIAN_POINT('',(9.21872611465,3.012209475312,7.691216636054)
  );
#436 = VECTOR('',#437,1.);
#437 = DIRECTION('',(-1.,0.,0.));
#438 = PLANE('',#439);
#439 = AXIS2_PLACEMENT_3D('',#440,#441,#442);
#440 = CARTESIAN_POINT('',(9.21872611465,3.012209475312,7.691216636054)
  );
#441 = DIRECTION('',(0.,-0.342020143326,-0.939692620786));
#442 = DIRECTION('',(-1.,0.,0.));
#443 = ADVANCED_FACE('',(#444),#469,.T.);
#444 = FACE_BOUND('',#445,.T.);
#445 = EDGE_LOOP('',(#446,#447,#455,#463));
#446 = ORIENTED_EDGE('',*,*,#425,.T.);
#447 = ORIENTED_EDGE('',*,*,#448,.T.);
#448 = EDGE_CURVE('',#418,#449,#451,.T.);
#449 = VERTEX_POINT('',#450);
#450 = CARTESIAN_POINT('',(7.025095541401,1.936908680042,7.075895502058)
  );
#451 = LINE('',#452,#453);
#452 = CARTESIAN_POINT('',(7.193248407643,2.260455378683,7.964832750715)
  );
#453 = VECTOR('',#454,1.);
#454 = DIRECTION('',(-0.175010486354,-0.336741599195,-0.925189939979));
#455 = ORIENTED_EDGE('',*,*,#456,.F.);
#456 = EDGE_CURVE('',#457,#449,#459,.T.);
#457 = VERTEX_POINT('',#458);
#458 = CARTESIAN_POINT('',(7.025095541401,2.68866277667,6.802279387397)
  );
#459 = LINE('',#460,#461);
#460 = CARTESIAN_POINT('',(7.025095541401,2.68866277667,6.802279387397)
  );
#461 = VECTOR('',#462,1.);
#462 = DIRECTION('',(0.,-0.939692620786,0.342020143326));
#463 = ORIENTED_EDGE('',*,*,#464,.F.);
#464 = EDGE_CURVE('',#426,#457,#465,.T.);
#465 = LINE('',#466,#467);
#466 = CARTESIAN_POINT('',(7.193248407643,3.012209475312,7.691216636054)
  );
#467 = VECTOR('',#468,1.);
#468 = DIRECTION('',(-0.175010486354,-0.336741599195,-0.925189939979));
#469 = PLANE('',#470);
#470 = AXIS2_PLACEMENT_3D('',#471,#472,#473);
#471 = CARTESIAN_POINT('',(7.193248407643,3.012209475312,7.691216636054)
  );
#472 = DIRECTION('',(0.984566569444,-5.985711162633E-02,-0.164456062587)
  );
#473 = DIRECTION('',(-0.175010486354,-0.336741599195,-0.925189939979));
#474 = ADVANCED_FACE('',(#475),#500,.T.);
#475 = FACE_BOUND('',#476,.T.);
#476 = EDGE_LOOP('',(#477,#478,#486,#494));
#477 = ORIENTED_EDGE('',*,*,#456,.T.);
#478 = ORIENTED_EDGE('',*,*,#479,.T.);
#479 = EDGE_CURVE('',#449,#480,#482,.T.);
#480 = VERTEX_POINT('',#481);
#481 = CARTESIAN_POINT('',(7.758853503185,1.998341597505,7.2446810556));
#482 = B_SPLINE_CURVE_WITH_KNOTS('',2,(#483,#484,#485),.UNSPECIFIED.,.F.
  ,.F.,(3,3),(0.,1.),.PIECEWISE_BEZIER_KNOTS.);
#483 = CARTESIAN_POINT('',(7.025095541401,1.936908680042,7.075895502058)
  );
#484 = CARTESIAN_POINT('',(7.384331210191,1.998341597505,7.2446810556));
#485 = CARTESIAN_POINT('',(7.758853503185,1.998341597505,7.2446810556));
#486 = ORIENTED_EDGE('',*,*,#487,.F.);
#487 = EDGE_CURVE('',#488,#480,#490,.T.);
#488 = VERTEX_POINT('',#489);
#489 = CARTESIAN_POINT('',(7.758853503185,2.750095694134,6.97106494094)
  );
#490 = LINE('',#491,#492);
#491 = CARTESIAN_POINT('',(7.758853503185,2.750095694134,6.97106494094)
  );
#492 = VECTOR('',#493,1.);
#493 = DIRECTION('',(0.,-0.939692620786,0.342020143326));
#494 = ORIENTED_EDGE('',*,*,#495,.F.);
#495 = EDGE_CURVE('',#457,#488,#496,.T.);
#496 = B_SPLINE_CURVE_WITH_KNOTS('',2,(#497,#498,#499),.UNSPECIFIED.,.F.
  ,.F.,(3,3),(0.,1.),.PIECEWISE_BEZIER_KNOTS.);
#497 = CARTESIAN_POINT('',(7.025095541401,2.68866277667,6.802279387397)
  );
#498 = CARTESIAN_POINT('',(7.384331210191,2.750095694134,6.97106494094)
  );
#499 = CARTESIAN_POINT('',(7.758853503185,2.750095694134,6.97106494094)
  );
#500 = SURFACE_OF_LINEAR_EXTRUSION('',#501,#505);
#501 = B_SPLINE_CURVE_WITH_KNOTS('',2,(#502,#503,#504),.UNSPECIFIED.,.F.
  ,.F.,(3,3),(0.,1.),.PIECEWISE_BEZIER_KNOTS.);
#502 = CARTESIAN_POINT('',(7.025095541401,2.68866277667,6.802279387397)
  );
#503 = CARTESIAN_POINT('',(7.384331210191,2.750095694134,6.97106494094)
  );
#504 = CARTESIAN_POINT('',(7.758853503185,2.750095694134,6.97106494094)
  );
#505 = VECTOR('',#506,1.);
#506 = DIRECTION('',(-0.,0.939692620786,-0.342020143326));
#507 = ADVANCED_FACE('',(#508),#533,.T.);
#508 = FACE_BOUND('',#509,.T.);
#509 = EDGE_LOOP('',(#510,#511,#519,#527));
#510 = ORIENTED_EDGE('',*,*,#487,.T.);
#511 = ORIENTED_EDGE('',*,*,#512,.T.);
#512 = EDGE_CURVE('',#480,#513,#515,.T.);
#513 = VERTEX_POINT('',#514);
#514 = CARTESIAN_POINT('',(8.970318471338,1.819619734076,6.753646771465)
  );
#515 = B_SPLINE_CURVE_WITH_KNOTS('',2,(#516,#517,#518),.UNSPECIFIED.,.F.
  ,.F.,(3,3),(0.,1.),.PIECEWISE_BEZIER_KNOTS.);
#516 = CARTESIAN_POINT('',(7.758853503185,1.998341597505,7.2446810556));
#517 = CARTESIAN_POINT('',(8.473503184713,1.998341597505,7.2446810556));
#518 = CARTESIAN_POINT('',(8.970318471338,1.819619734076,6.753646771465)
  );
#519 = ORIENTED_EDGE('',*,*,#520,.F.);
#520 = EDGE_CURVE('',#521,#513,#523,.T.);
#521 = VERTEX_POINT('',#522);
#522 = CARTESIAN_POINT('',(8.970318471338,2.571373830704,6.480030656804)
  );
#523 = LINE('',#524,#525);
#524 = CARTESIAN_POINT('',(8.970318471338,2.571373830704,6.480030656804)
  );
#525 = VECTOR('',#526,1.);
#526 = DIRECTION('',(0.,-0.939692620786,0.342020143326));
#527 = ORIENTED_EDGE('',*,*,#528,.F.);
#528 = EDGE_CURVE('',#488,#521,#529,.T.);
#529 = B_SPLINE_CURVE_WITH_KNOTS('',2,(#530,#531,#532),.UNSPECIFIED.,.F.
  ,.F.,(3,3),(0.,1.),.PIECEWISE_BEZIER_KNOTS.);
#530 = CARTESIAN_POINT('',(7.758853503185,2.750095694134,6.97106494094)
  );
#531 = CARTESIAN_POINT('',(8.473503184713,2.750095694134,6.97106494094)
  );
#532 = CARTESIAN_POINT('',(8.970318471338,2.571373830704,6.480030656804)
  );
#533 = SURFACE_OF_LINEAR_EXTRUSION('',#534,#538);
#534 = B_SPLINE_CURVE_WITH_KNOTS('',2,(#535,#536,#537),.UNSPECIFIED.,.F.
  ,.F.,(3,3),(0.,1.),.PIECEWISE_BEZIER_KNOTS.);
#535 = CARTESIAN_POINT('',(7.758853503185,2.750095694134,6.97106494094)
  );
#536 = CARTESIAN_POINT('',(8.473503184713,2.750095694134,6.97106494094)
  );
#537 = CARTESIAN_POINT('',(8.970318471338,2.571373830704,6.480030656804)
  );
#538 = VECTOR('',#539,1.);
#539 = DIRECTION('',(-0.,0.939692620786,-0.342020143326));
#540 = ADVANCED_FACE('',(#541),#566,.T.);
#541 = FACE_BOUND('',#542,.T.);
#542 = EDGE_LOOP('',(#543,#544,#552,#560));
#543 = ORIENTED_EDGE('',*,*,#520,.T.);
#544 = ORIENTED_EDGE('',*,*,#545,.T.);
#545 = EDGE_CURVE('',#513,#546,#548,.T.);
#546 = VERTEX_POINT('',#547);
#547 = CARTESIAN_POINT('',(9.467133757962,1.355866561393,5.479495401319)
  );
#548 = B_SPLINE_CURVE_WITH_KNOTS('',2,(#549,#550,#551),.UNSPECIFIED.,.F.
  ,.F.,(3,3),(0.,1.),.PIECEWISE_BEZIER_KNOTS.);
#549 = CARTESIAN_POINT('',(8.970318471338,1.819619734076,6.753646771465)
  );
#550 = CARTESIAN_POINT('',(9.467133757962,1.640985009536,6.262851899462)
  );
#551 = CARTESIAN_POINT('',(9.467133757962,1.355866561393,5.479495401319)
  );
#552 = ORIENTED_EDGE('',*,*,#553,.F.);
#553 = EDGE_CURVE('',#554,#546,#556,.T.);
#554 = VERTEX_POINT('',#555);
#555 = CARTESIAN_POINT('',(9.467133757962,2.107620658022,5.205879286658)
  );
#556 = LINE('',#557,#558);
#557 = CARTESIAN_POINT('',(9.467133757962,2.107620658022,5.205879286658)
  );
#558 = VECTOR('',#559,1.);
#559 = DIRECTION('',(0.,-0.939692620786,0.342020143326));
#560 = ORIENTED_EDGE('',*,*,#561,.F.);
#561 = EDGE_CURVE('',#521,#554,#562,.T.);
#562 = B_SPLINE_CURVE_WITH_KNOTS('',2,(#563,#564,#565),.UNSPECIFIED.,.F.
  ,.F.,(3,3),(0.,1.),.PIECEWISE_BEZIER_KNOTS.);
#563 = CARTESIAN_POINT('',(8.970318471338,2.571373830704,6.480030656804)
  );
#564 = CARTESIAN_POINT('',(9.467133757962,2.392739106165,5.989235784801)
  );
#565 = CARTESIAN_POINT('',(9.467133757962,2.107620658022,5.205879286658)
  );
#566 = SURFACE_OF_LINEAR_EXTRUSION('',#567,#571);
#567 = B_SPLINE_CURVE_WITH_KNOTS('',2,(#568,#569,#570),.UNSPECIFIED.,.F.
  ,.F.,(3,3),(0.,1.),.PIECEWISE_BEZIER_KNOTS.);
#568 = CARTESIAN_POINT('',(8.970318471338,2.571373830704,6.480030656804)
  );
#569 = CARTESIAN_POINT('',(9.467133757962,2.392739106165,5.989235784801)
  );
#570 = CARTESIAN_POINT('',(9.467133757962,2.107620658022,5.205879286658)
  );
#571 = VECTOR('',#572,1.);
#572 = DIRECTION('',(-0.,0.939692620786,-0.342020143326));
#573 = ADVANCED_FACE('',(#574),#599,.T.);
#574 = FACE_BOUND('',#575,.T.);
#575 = EDGE_LOOP('',(#576,#577,#585,#593));
#576 = ORIENTED_EDGE('',*,*,#553,.T.);
#577 = ORIENTED_EDGE('',*,*,#578,.T.);
#578 = EDGE_CURVE('',#546,#579,#581,.T.);
#579 = VERTEX_POINT('',#580);
#580 = CARTESIAN_POINT('',(9.065859872611,0.931500166999,4.313558315146)
  );
#581 = B_SPLINE_CURVE_WITH_KNOTS('',2,(#582,#583,#584),.UNSPECIFIED.,.F.
  ,.F.,(3,3),(0.,1.),.PIECEWISE_BEZIER_KNOTS.);
#582 = CARTESIAN_POINT('',(9.467133757962,1.355866561393,5.479495401319)
  );
#583 = CARTESIAN_POINT('',(9.467133757962,1.11806453053,4.826139691223)
  );
#584 = CARTESIAN_POINT('',(9.065859872611,0.931500166999,4.313558315146)
  );
#585 = ORIENTED_EDGE('',*,*,#586,.F.);
#586 = EDGE_CURVE('',#587,#579,#589,.T.);
#587 = VERTEX_POINT('',#588);
#588 = CARTESIAN_POINT('',(9.065859872611,1.683254263628,4.039942200486)
  );
#589 = LINE('',#590,#591);
#590 = CARTESIAN_POINT('',(9.065859872611,1.683254263628,4.039942200486)
  );
#591 = VECTOR('',#592,1.);
#592 = DIRECTION('',(0.,-0.939692620786,0.342020143326));
#593 = ORIENTED_EDGE('',*,*,#594,.F.);
#594 = EDGE_CURVE('',#554,#587,#595,.T.);
#595 = B_SPLINE_CURVE_WITH_KNOTS('',2,(#596,#597,#598),.UNSPECIFIED.,.F.
  ,.F.,(3,3),(0.,1.),.PIECEWISE_BEZIER_KNOTS.);
#596 = CARTESIAN_POINT('',(9.467133757962,2.107620658022,5.205879286658)
  );
#597 = CARTESIAN_POINT('',(9.467133757962,1.869818627159,4.552523576563)
  );
#598 = CARTESIAN_POINT('',(9.065859872611,1.683254263628,4.039942200486)
  );
#599 = SURFACE_OF_LINEAR_EXTRUSION('',#600,#604);
#600 = B_SPLINE_CURVE_WITH_KNOTS('',2,(#601,#602,#603),.UNSPECIFIED.,.F.
  ,.F.,(3,3),(0.,1.),.PIECEWISE_BEZIER_KNOTS.);
#601 = CARTESIAN_POINT('',(9.467133757962,2.107620658022,5.205879286658)
  );
#602 = CARTESIAN_POINT('',(9.467133757962,1.869818627159,4.552523576563)
  );
#603 = CARTESIAN_POINT('',(9.065859872611,1.683254263628,4.039942200486)
  );
#604 = VECTOR('',#605,1.);
#605 = DIRECTION('',(-0.,0.939692620786,-0.342020143326));
#606 = ADVANCED_FACE('',(#607),#632,.T.);
#607 = FACE_BOUND('',#608,.T.);
#608 = EDGE_LOOP('',(#609,#610,#618,#626));
#609 = ORIENTED_EDGE('',*,*,#586,.T.);
#610 = ORIENTED_EDGE('',*,*,#611,.T.);
#611 = EDGE_CURVE('',#579,#612,#614,.T.);
#612 = VERTEX_POINT('',#613);
#613 = CARTESIAN_POINT('',(7.548662420382,0.676618913693,3.613277827045)
  );
#614 = B_SPLINE_CURVE_WITH_KNOTS('',2,(#615,#616,#617),.UNSPECIFIED.,.F.
  ,.F.,(3,3),(0.,1.),.PIECEWISE_BEZIER_KNOTS.);
#615 = CARTESIAN_POINT('',(9.065859872611,0.931500166999,4.313558315146)
  );
#616 = CARTESIAN_POINT('',(8.519363057325,0.676618913693,3.613277827045)
  );
#617 = CARTESIAN_POINT('',(7.548662420382,0.676618913693,3.613277827045)
  );
#618 = ORIENTED_EDGE('',*,*,#619,.F.);
#619 = EDGE_CURVE('',#620,#612,#622,.T.);
#620 = VERTEX_POINT('',#621);
#621 = CARTESIAN_POINT('',(7.548662420382,1.428373010321,3.339661712384)
  );
#622 = LINE('',#623,#624);
#623 = CARTESIAN_POINT('',(7.548662420382,1.428373010321,3.339661712384)
  );
#624 = VECTOR('',#625,1.);
#625 = DIRECTION('',(0.,-0.939692620786,0.342020143326));
#626 = ORIENTED_EDGE('',*,*,#627,.F.);
#627 = EDGE_CURVE('',#587,#620,#628,.T.);
#628 = B_SPLINE_CURVE_WITH_KNOTS('',2,(#629,#630,#631),.UNSPECIFIED.,.F.
  ,.F.,(3,3),(0.,1.),.PIECEWISE_BEZIER_KNOTS.);
#629 = CARTESIAN_POINT('',(9.065859872611,1.683254263628,4.039942200486)
  );
#630 = CARTESIAN_POINT('',(8.519363057325,1.428373010321,3.339661712384)
  );
#631 = CARTESIAN_POINT('',(7.548662420382,1.428373010321,3.339661712384)
  );
#632 = SURFACE_OF_LINEAR_EXTRUSION('',#633,#637);
#633 = B_SPLINE_CURVE_WITH_KNOTS('',2,(#634,#635,#636),.UNSPECIFIED.,.F.
  ,.F.,(3,3),(0.,1.),.PIECEWISE_BEZIER_KNOTS.);
#634 = CARTESIAN_POINT('',(9.065859872611,1.683254263628,4.039942200486)
  );
#635 = CARTESIAN_POINT('',(8.519363057325,1.428373010321,3.339661712384)
  );
#636 = CARTESIAN_POINT('',(7.548662420382,1.428373010321,3.339661712384)
  );
#637 = VECTOR('',#638,1.);
#638 = DIRECTION('',(-0.,0.939692620786,-0.342020143326));
#639 = ADVANCED_FACE('',(#640),#665,.T.);
#640 = FACE_BOUND('',#641,.T.);
#641 = EDGE_LOOP('',(#642,#643,#651,#659));
#642 = ORIENTED_EDGE('',*,*,#619,.T.);
#643 = ORIENTED_EDGE('',*,*,#644,.T.);
#644 = EDGE_CURVE('',#612,#645,#647,.T.);
#645 = VERTEX_POINT('',#646);
#646 = CARTESIAN_POINT('',(6.283694267516,0.819090998874,4.004716663983)
  );
#647 = B_SPLINE_CURVE_WITH_KNOTS('',2,(#648,#649,#650),.UNSPECIFIED.,.F.
  ,.F.,(3,3),(0.,1.),.PIECEWISE_BEZIER_KNOTS.);
#648 = CARTESIAN_POINT('',(7.548662420382,0.676618913693,3.613277827045)
  );
#649 = CARTESIAN_POINT('',(6.772866242038,0.676618913693,3.613277827045)
  );
#650 = CARTESIAN_POINT('',(6.283694267516,0.819090998874,4.004716663983)
  );
#651 = ORIENTED_EDGE('',*,*,#652,.F.);
#652 = EDGE_CURVE('',#653,#645,#655,.T.);
#653 = VERTEX_POINT('',#654);
#654 = CARTESIAN_POINT('',(6.283694267516,1.570845095503,3.731100549323)
  );
#655 = LINE('',#656,#657);
#656 = CARTESIAN_POINT('',(6.283694267516,1.570845095503,3.731100549323)
  );
#657 = VECTOR('',#658,1.);
#658 = DIRECTION('',(0.,-0.939692620786,0.342020143326));
#659 = ORIENTED_EDGE('',*,*,#660,.F.);
#660 = EDGE_CURVE('',#620,#653,#661,.T.);
#661 = B_SPLINE_CURVE_WITH_KNOTS('',2,(#662,#663,#664),.UNSPECIFIED.,.F.
  ,.F.,(3,3),(0.,1.),.PIECEWISE_BEZIER_KNOTS.);
#662 = CARTESIAN_POINT('',(7.548662420382,1.428373010321,3.339661712384)
  );
#663 = CARTESIAN_POINT('',(6.772866242038,1.428373010321,3.339661712384)
  );
#664 = CARTESIAN_POINT('',(6.283694267516,1.570845095503,3.731100549323)
  );
#665 = SURFACE_OF_LINEAR_EXTRUSION('',#666,#670);
#666 = B_SPLINE_CURVE_WITH_KNOTS('',2,(#667,#668,#669),.UNSPECIFIED.,.F.
  ,.F.,(3,3),(0.,1.),.PIECEWISE_BEZIER_KNOTS.);
#667 = CARTESIAN_POINT('',(7.548662420382,1.428373010321,3.339661712384)
  );
#668 = CARTESIAN_POINT('',(6.772866242038,1.428373010321,3.339661712384)
  );
#669 = CARTESIAN_POINT('',(6.283694267516,1.570845095503,3.731100549323)
  );
#670 = VECTOR('',#671,1.);
#671 = DIRECTION('',(-0.,0.939692620786,-0.342020143326));
#672 = ADVANCED_FACE('',(#673),#689,.T.);
#673 = FACE_BOUND('',#674,.T.);
#674 = EDGE_LOOP('',(#675,#676,#682,#683));
#675 = ORIENTED_EDGE('',*,*,#652,.T.);
#676 = ORIENTED_EDGE('',*,*,#677,.T.);
#677 = EDGE_CURVE('',#645,#24,#678,.T.);
#678 = B_SPLINE_CURVE_WITH_KNOTS('',2,(#679,#680,#681),.UNSPECIFIED.,.F.
  ,.F.,(3,3),(0.,1.),.PIECEWISE_BEZIER_KNOTS.);
#679 = CARTESIAN_POINT('',(6.283694267516,0.819090998874,4.004716663983)
  );
#680 = CARTESIAN_POINT('',(5.794522292994,0.961650222946,4.396394913055)
  );
#681 = CARTESIAN_POINT('',(5.69898089172,1.202240698289,5.057411811396)
  );
#682 = ORIENTED_EDGE('',*,*,#21,.F.);
#683 = ORIENTED_EDGE('',*,*,#684,.F.);
#684 = EDGE_CURVE('',#653,#22,#685,.T.);
#685 = B_SPLINE_CURVE_WITH_KNOTS('',2,(#686,#687,#688),.UNSPECIFIED.,.F.
  ,.F.,(3,3),(0.,1.),.PIECEWISE_BEZIER_KNOTS.);
#686 = CARTESIAN_POINT('',(6.283694267516,1.570845095503,3.731100549323)
  );
#687 = CARTESIAN_POINT('',(5.794522292994,1.713404319575,4.122778798394)
  );
#688 = CARTESIAN_POINT('',(5.69898089172,1.953994794918,4.783795696736)
  );
#689 = SURFACE_OF_LINEAR_EXTRUSION('',#690,#694);
#690 = B_SPLINE_CURVE_WITH_KNOTS('',2,(#691,#692,#693),.UNSPECIFIED.,.F.
  ,.F.,(3,3),(0.,1.),.PIECEWISE_BEZIER_KNOTS.);
#691 = CARTESIAN_POINT('',(6.283694267516,1.570845095503,3.731100549323)
  );
#692 = CARTESIAN_POINT('',(5.794522292994,1.713404319575,4.122778798394)
  );
#693 = CARTESIAN_POINT('',(5.69898089172,1.953994794918,4.783795696736)
  );
#694 = VECTOR('',#695,1.);
#695 = DIRECTION('',(-0.,0.939692620786,-0.342020143326));
#696 = ADVANCED_FACE('',(#697),#720,.F.);
#697 = FACE_BOUND('',#698,.T.);
#698 = EDGE_LOOP('',(#699,#700,#701,#702,#703,#704,#705,#706,#707,#708,
    #709,#710,#711,#712,#713,#714,#715,#716,#717,#718,#719));
#699 = ORIENTED_EDGE('',*,*,#47,.T.);
#700 = ORIENTED_EDGE('',*,*,#78,.T.);
#701 = ORIENTED_EDGE('',*,*,#111,.T.);
#702 = ORIENTED_EDGE('',*,*,#144,.T.);
#703 = ORIENTED_EDGE('',*,*,#177,.T.);
#704 = ORIENTED_EDGE('',*,*,#210,.T.);
#705 = ORIENTED_EDGE('',*,*,#243,.T.);
#706 = ORIENTED_EDGE('',*,*,#276,.T.);
#707 = ORIENTED_EDGE('',*,*,#309,.T.);
#708 = ORIENTED_EDGE('',*,*,#340,.T.);
#709 = ORIENTED_EDGE('',*,*,#371,.T.);
#710 = ORIENTED_EDGE('',*,*,#402,.T.);
#711 = ORIENTED_EDGE('',*,*,#433,.T.);
#712 = ORIENTED_EDGE('',*,*,#464,.T.);
#713 = ORIENTED_EDGE('',*,*,#495,.T.);
#714 = ORIENTED_EDGE('',*,*,#528,.T.);
#715 = ORIENTED_EDGE('',*,*,#561,.T.);
#716 = ORIENTED_EDGE('',*,*,#594,.T.);
#717 = ORIENTED_EDGE('',*,*,#627,.T.);
#718 = ORIENTED_EDGE('',*,*,#660,.T.);
#719 = ORIENTED_EDGE('',*,*,#684,.T.);
#720 = PLANE('',#721);
#721 = AXIS2_PLACEMENT_3D('',#722,#723,#724);
#722 = CARTESIAN_POINT('',(7.604434124385,2.426112564577,6.080928608198)
  );
#723 = DIRECTION('',(0.,-0.939692620786,0.342020143326));
#724 = DIRECTION('',(1.,0.,0.));
#725 = ADVANCED_FACE('',(#726),#749,.T.);
#726 = FACE_BOUND('',#727,.F.);
#727 = EDGE_LOOP('',(#728,#729,#730,#731,#732,#733,#734,#735,#736,#737,
    #738,#739,#740,#741,#742,#743,#744,#745,#746,#747,#748));
#728 = ORIENTED_EDGE('',*,*,#31,.T.);
#729 = ORIENTED_EDGE('',*,*,#62,.T.);
#730 = ORIENTED_EDGE('',*,*,#95,.T.);
#731 = ORIENTED_EDGE('',*,*,#128,.T.);
#732 = ORIENTED_EDGE('',*,*,#161,.T.);
#733 = ORIENTED_EDGE('',*,*,#194,.T.);
#734 = ORIENTED_EDGE('',*,*,#227,.T.);
#735 = ORIENTED_EDGE('',*,*,#260,.T.);
#736 = ORIENTED_EDGE('',*,*,#293,.T.);
#737 = ORIENTED_EDGE('',*,*,#324,.T.);
#738 = ORIENTED_EDGE('',*,*,#355,.T.);
#739 = ORIENTED_EDGE('',*,*,#386,.T.);
#740 = ORIENTED_EDGE('',*,*,#417,.T.);
#741 = ORIENTED_EDGE('',*,*,#448,.T.);
#742 = ORIENTED_EDGE('',*,*,#479,.T.);
#743 = ORIENTED_EDGE('',*,*,#512,.T.);
#744 = ORIENTED_EDGE('',*,*,#545,.T.);
#745 = ORIENTED_EDGE('',*,*,#578,.T.);
#746 = ORIENTED_EDGE('',*,*,#611,.T.);
#747 = ORIENTED_EDGE('',*,*,#644,.T.);
#748 = ORIENTED_EDGE('',*,*,#677,.T.);
#749 = PLANE('',#750);
#750 = AXIS2_PLACEMENT_3D('',#751,#752,#753);
#751 = CARTESIAN_POINT('',(7.604434124385,1.674358467948,6.354544722858)
  );
#752 = DIRECTION('',(0.,-0.939692620786,0.342020143326));
#753 = DIRECTION('',(1.,0.,0.));
#754 = MANIFOLD_SOLID_BREP('',#755);
#755 = CLOSED_SHELL('',(#756,#796,#827,#858,#880,#892));
#756 = ADVANCED_FACE('',(#757),#791,.T.);
#757 = FACE_BOUND('',#758,.T.);
#758 = EDGE_LOOP('',(#759,#769,#777,#785));
#759 = ORIENTED_EDGE('',*,*,#760,.T.);
#760 = EDGE_CURVE('',#761,#763,#765,.T.);
#761 = VERTEX_POINT('',#762);
#762 = CARTESIAN_POINT('',(9.693375796178,1.428373010321,3.339661712384)
  );
#763 = VERTEX_POINT('',#764);
#764 = CARTESIAN_POINT('',(9.693375796178,0.676618913693,3.613277827045)
  );
#765 = LINE('',#766,#767);
#766 = CARTESIAN_POINT('',(9.693375796178,1.428373010321,3.339661712384)
  );
#767 = VECTOR('',#768,1.);
#768 = DIRECTION('',(0.,-0.939692620786,0.342020143326));
#769 = ORIENTED_EDGE('',*,*,#770,.T.);
#770 = EDGE_CURVE('',#763,#771,#773,.T.);
#771 = VERTEX_POINT('',#772);
#772 = CARTESIAN_POINT('',(11.080636942675,2.656414494931,9.052721481632
    ));
#773 = LINE('',#774,#775);
#774 = CARTESIAN_POINT('',(9.693375796178,0.676618913693,3.613277827045)
  );
#775 = VECTOR('',#776,1.);
#776 = DIRECTION('',(0.233057266823,0.332601938861,0.913816316689));
#777 = ORIENTED_EDGE('',*,*,#778,.F.);
#778 = EDGE_CURVE('',#779,#771,#781,.T.);
#779 = VERTEX_POINT('',#780);
#780 = CARTESIAN_POINT('',(11.080636942675,3.408168591559,8.779105366972
    ));
#781 = LINE('',#782,#783);
#782 = CARTESIAN_POINT('',(11.080636942675,3.408168591559,8.779105366972
    ));
#783 = VECTOR('',#784,1.);
#784 = DIRECTION('',(0.,-0.939692620786,0.342020143326));
#785 = ORIENTED_EDGE('',*,*,#786,.F.);
#786 = EDGE_CURVE('',#761,#779,#787,.T.);
#787 = LINE('',#788,#789);
#788 = CARTESIAN_POINT('',(9.693375796178,1.428373010321,3.339661712384)
  );
#789 = VECTOR('',#790,1.);
#790 = DIRECTION('',(0.233057266823,0.332601938861,0.913816316689));
#791 = PLANE('',#792);
#792 = AXIS2_PLACEMENT_3D('',#793,#794,#795);
#793 = CARTESIAN_POINT('',(9.693375796178,1.428373010321,3.339661712384)
  );
#794 = DIRECTION('',(-0.972463012346,7.971027980197E-02,0.219002193854)
  );
#795 = DIRECTION('',(0.233057266823,0.332601938861,0.913816316689));
#796 = ADVANCED_FACE('',(#797),#822,.T.);
#797 = FACE_BOUND('',#798,.T.);
#798 = EDGE_LOOP('',(#799,#800,#808,#816));
#799 = ORIENTED_EDGE('',*,*,#778,.T.);
#800 = ORIENTED_EDGE('',*,*,#801,.T.);
#801 = EDGE_CURVE('',#771,#802,#804,.T.);
#802 = VERTEX_POINT('',#803);
#803 = CARTESIAN_POINT('',(11.887006369427,2.656414494931,9.052721481632
    ));
#804 = LINE('',#805,#806);
#805 = CARTESIAN_POINT('',(11.080636942675,2.656414494931,9.052721481632
    ));
#806 = VECTOR('',#807,1.);
#807 = DIRECTION('',(1.,0.,0.));
#808 = ORIENTED_EDGE('',*,*,#809,.F.);
#809 = EDGE_CURVE('',#810,#802,#812,.T.);
#810 = VERTEX_POINT('',#811);
#811 = CARTESIAN_POINT('',(11.887006369427,3.408168591559,8.779105366972
    ));
#812 = LINE('',#813,#814);
#813 = CARTESIAN_POINT('',(11.887006369427,3.408168591559,8.779105366972
    ));
#814 = VECTOR('',#815,1.);
#815 = DIRECTION('',(0.,-0.939692620786,0.342020143326));
#816 = ORIENTED_EDGE('',*,*,#817,.F.);
#817 = EDGE_CURVE('',#779,#810,#818,.T.);
#818 = LINE('',#819,#820);
#819 = CARTESIAN_POINT('',(11.080636942675,3.408168591559,8.779105366972
    ));
#820 = VECTOR('',#821,1.);
#821 = DIRECTION('',(1.,0.,0.));
#822 = PLANE('',#823);
#823 = AXIS2_PLACEMENT_3D('',#824,#825,#826);
#824 = CARTESIAN_POINT('',(11.080636942675,3.408168591559,8.779105366972
    ));
#825 = DIRECTION('',(0.,0.342020143326,0.939692620786));
#826 = DIRECTION('',(1.,0.,0.));
#827 = ADVANCED_FACE('',(#828),#853,.T.);
#828 = FACE_BOUND('',#829,.T.);
#829 = EDGE_LOOP('',(#830,#831,#839,#847));
#830 = ORIENTED_EDGE('',*,*,#809,.T.);
#831 = ORIENTED_EDGE('',*,*,#832,.T.);
#832 = EDGE_CURVE('',#802,#833,#835,.T.);
#833 = VERTEX_POINT('',#834);
#834 = CARTESIAN_POINT('',(10.484458598726,0.676618913693,3.613277827045
    ));
#835 = LINE('',#836,#837);
#836 = CARTESIAN_POINT('',(11.887006369427,2.656414494931,9.052721481632
    ));
#837 = VECTOR('',#838,1.);
#838 = DIRECTION('',(-0.235483715343,-0.332401953666,-0.913266861879));
#839 = ORIENTED_EDGE('',*,*,#840,.F.);
#840 = EDGE_CURVE('',#841,#833,#843,.T.);
#841 = VERTEX_POINT('',#842);
#842 = CARTESIAN_POINT('',(10.484458598726,1.428373010321,3.339661712384
    ));
#843 = LINE('',#844,#845);
#844 = CARTESIAN_POINT('',(10.484458598726,1.428373010321,3.339661712384
    ));
#845 = VECTOR('',#846,1.);
#846 = DIRECTION('',(0.,-0.939692620786,0.342020143326));
#847 = ORIENTED_EDGE('',*,*,#848,.F.);
#848 = EDGE_CURVE('',#810,#841,#849,.T.);
#849 = LINE('',#850,#851);
#850 = CARTESIAN_POINT('',(11.887006369427,3.408168591559,8.779105366972
    ));
#851 = VECTOR('',#852,1.);
#852 = DIRECTION('',(-0.235483715343,-0.332401953666,-0.913266861879));
#853 = PLANE('',#854);
#854 = AXIS2_PLACEMENT_3D('',#855,#856,#857);
#855 = CARTESIAN_POINT('',(11.887006369427,3.408168591559,8.779105366972
    ));
#856 = DIRECTION('',(0.971878294751,-8.054017407264E-02,-0.221282309624)
  );
#857 = DIRECTION('',(-0.235483715343,-0.332401953666,-0.913266861879));
#858 = ADVANCED_FACE('',(#859),#875,.T.);
#859 = FACE_BOUND('',#860,.T.);
#860 = EDGE_LOOP('',(#861,#862,#868,#869));
#861 = ORIENTED_EDGE('',*,*,#840,.T.);
#862 = ORIENTED_EDGE('',*,*,#863,.T.);
#863 = EDGE_CURVE('',#833,#763,#864,.T.);
#864 = LINE('',#865,#866);
#865 = CARTESIAN_POINT('',(10.484458598726,0.676618913693,3.613277827045
    ));
#866 = VECTOR('',#867,1.);
#867 = DIRECTION('',(-1.,0.,0.));
#868 = ORIENTED_EDGE('',*,*,#760,.F.);
#869 = ORIENTED_EDGE('',*,*,#870,.F.);
#870 = EDGE_CURVE('',#841,#761,#871,.T.);
#871 = LINE('',#872,#873);
#872 = CARTESIAN_POINT('',(10.484458598726,1.428373010321,3.339661712384
    ));
#873 = VECTOR('',#874,1.);
#874 = DIRECTION('',(-1.,0.,0.));
#875 = PLANE('',#876);
#876 = AXIS2_PLACEMENT_3D('',#877,#878,#879);
#877 = CARTESIAN_POINT('',(10.484458598726,1.428373010321,3.339661712384
    ));
#878 = DIRECTION('',(0.,-0.342020143326,-0.939692620786));
#879 = DIRECTION('',(-1.,0.,0.));
#880 = ADVANCED_FACE('',(#881),#887,.F.);
#881 = FACE_BOUND('',#882,.T.);
#882 = EDGE_LOOP('',(#883,#884,#885,#886));
#883 = ORIENTED_EDGE('',*,*,#786,.T.);
#884 = ORIENTED_EDGE('',*,*,#817,.T.);
#885 = ORIENTED_EDGE('',*,*,#848,.T.);
#886 = ORIENTED_EDGE('',*,*,#870,.T.);
#887 = PLANE('',#888);
#888 = AXIS2_PLACEMENT_3D('',#889,#890,#891);
#889 = CARTESIAN_POINT('',(10.787264729386,2.41939121229,6.062461844562)
  );
#890 = DIRECTION('',(0.,-0.939692620786,0.342020143326));
#891 = DIRECTION('',(1.,0.,0.));
#892 = ADVANCED_FACE('',(#893),#899,.T.);
#893 = FACE_BOUND('',#894,.F.);
#894 = EDGE_LOOP('',(#895,#896,#897,#898));
#895 = ORIENTED_EDGE('',*,*,#770,.T.);
#896 = ORIENTED_EDGE('',*,*,#801,.T.);
#897 = ORIENTED_EDGE('',*,*,#832,.T.);
#898 = ORIENTED_EDGE('',*,*,#863,.T.);
#899 = PLANE('',#900);
#900 = AXIS2_PLACEMENT_3D('',#901,#902,#903);
#901 = CARTESIAN_POINT('',(10.787264729386,1.667637115662,6.336077959222
    ));
#902 = DIRECTION('',(0.,-0.939692620786,0.342020143326));
#903 = DIRECTION('',(1.,0.,0.));
#904 = MANIFOLD_SOLID_BREP('',#905);
#905 = CLOSED_SHELL('',(#906,#946,#977,#1010,#1041,#1074,#1107,#1138,
    #1160,#1176));
#906 = ADVANCED_FACE('',(#907),#941,.T.);
#907 = FACE_BOUND('',#908,.T.);
#908 = EDGE_LOOP('',(#909,#919,#927,#935));
#909 = ORIENTED_EDGE('',*,*,#910,.T.);
#910 = EDGE_CURVE('',#911,#913,#915,.T.);
#911 = VERTEX_POINT('',#912);
#912 = CARTESIAN_POINT('',(14.953757961783,1.461834344089,3.431595971335
    ));
#913 = VERTEX_POINT('',#914);
#914 = CARTESIAN_POINT('',(14.953757961783,0.71008024746,3.705212085995)
  );
#915 = LINE('',#916,#917);
#916 = CARTESIAN_POINT('',(14.953757961783,1.461834344089,3.431595971335
    ));
#917 = VECTOR('',#918,1.);
#918 = DIRECTION('',(0.,-0.939692620786,0.342020143326));
#919 = ORIENTED_EDGE('',*,*,#920,.T.);
#920 = EDGE_CURVE('',#913,#921,#923,.T.);
#921 = VERTEX_POINT('',#922);
#922 = CARTESIAN_POINT('',(13.879872611465,0.71008024746,3.705212085995)
  );
#923 = LINE('',#924,#925);
#924 = CARTESIAN_POINT('',(14.953757961783,0.71008024746,3.705212085995)
  );
#925 = VECTOR('',#926,1.);
#926 = DIRECTION('',(-1.,0.,0.));
#927 = ORIENTED_EDGE('',*,*,#928,.F.);
#928 = EDGE_CURVE('',#929,#921,#931,.T.);
#929 = VERTEX_POINT('',#930);
#930 = CARTESIAN_POINT('',(13.879872611465,1.461834344089,3.431595971335
    ));
#931 = LINE('',#932,#933);
#932 = CARTESIAN_POINT('',(13.879872611465,1.461834344089,3.431595971335
    ));
#933 = VECTOR('',#934,1.);
#934 = DIRECTION('',(0.,-0.939692620786,0.342020143326));
#935 = ORIENTED_EDGE('',*,*,#936,.F.);
#936 = EDGE_CURVE('',#911,#929,#937,.T.);
#937 = LINE('',#938,#939);
#938 = CARTESIAN_POINT('',(14.953757961783,1.461834344089,3.431595971335
    ));
#939 = VECTOR('',#940,1.);
#940 = DIRECTION('',(-1.,0.,0.));
#941 = PLANE('',#942);
#942 = AXIS2_PLACEMENT_3D('',#943,#944,#945);
#943 = CARTESIAN_POINT('',(14.953757961783,1.461834344089,3.431595971335
    ));
#944 = DIRECTION('',(0.,-0.342020143326,-0.939692620786));
#945 = DIRECTION('',(-1.,0.,0.));
#946 = ADVANCED_FACE('',(#947),#972,.T.);
#947 = FACE_BOUND('',#948,.T.);
#948 = EDGE_LOOP('',(#949,#950,#958,#966));
#949 = ORIENTED_EDGE('',*,*,#928,.T.);
#950 = ORIENTED_EDGE('',*,*,#951,.T.);
#951 = EDGE_CURVE('',#921,#952,#954,.T.);
#952 = VERTEX_POINT('',#953);
#953 = CARTESIAN_POINT('',(13.879872611465,2.099422709928,7.522399129514
    ));
#954 = LINE('',#955,#956);
#955 = CARTESIAN_POINT('',(13.879872611465,0.71008024746,3.705212085995)
  );
#956 = VECTOR('',#957,1.);
#957 = DIRECTION('',(0.,0.342020143326,0.939692620786));
#958 = ORIENTED_EDGE('',*,*,#959,.F.);
#959 = EDGE_CURVE('',#960,#952,#962,.T.);
#960 = VERTEX_POINT('',#961);
#961 = CARTESIAN_POINT('',(13.879872611465,2.851176806556,7.248783014853
    ));
#962 = LINE('',#963,#964);
#963 = CARTESIAN_POINT('',(13.879872611465,2.851176806556,7.248783014853
    ));
#964 = VECTOR('',#965,1.);
#965 = DIRECTION('',(0.,-0.939692620786,0.342020143326));
#966 = ORIENTED_EDGE('',*,*,#967,.F.);
#967 = EDGE_CURVE('',#929,#960,#968,.T.);
#968 = LINE('',#969,#970);
#969 = CARTESIAN_POINT('',(13.879872611465,1.461834344089,3.431595971335
    ));
#970 = VECTOR('',#971,1.);
#971 = DIRECTION('',(0.,0.342020143326,0.939692620786));
#972 = PLANE('',#973);
#973 = AXIS2_PLACEMENT_3D('',#974,#975,#976);
#974 = CARTESIAN_POINT('',(13.879872611465,1.461834344089,3.431595971335
    ));
#975 = DIRECTION('',(-1.,0.,0.));
#976 = DIRECTION('',(0.,0.342020143326,0.939692620786));
#977 = ADVANCED_FACE('',(#978),#1003,.T.);
#978 = FACE_BOUND('',#979,.T.);
#979 = EDGE_LOOP('',(#980,#981,#989,#997));
#980 = ORIENTED_EDGE('',*,*,#959,.T.);
#981 = ORIENTED_EDGE('',*,*,#982,.T.);
#982 = EDGE_CURVE('',#952,#983,#985,.T.);
#983 = VERTEX_POINT('',#984);
#984 = CARTESIAN_POINT('',(12.492611464968,1.819881150746,6.754365007863
    ));
#985 = B_SPLINE_CURVE_WITH_KNOTS('',2,(#986,#987,#988),.UNSPECIFIED.,.F.
  ,.F.,(3,3),(0.,1.),.PIECEWISE_BEZIER_KNOTS.);
#986 = CARTESIAN_POINT('',(13.879872611465,2.099422709928,7.522399129514
    ));
#987 = CARTESIAN_POINT('',(13.291337579618,1.910418457476,7.003114213722
    ));
#988 = CARTESIAN_POINT('',(12.492611464968,1.819881150746,6.754365007863
    ));
#989 = ORIENTED_EDGE('',*,*,#990,.F.);
#990 = EDGE_CURVE('',#991,#983,#993,.T.);
#991 = VERTEX_POINT('',#992);
#992 = CARTESIAN_POINT('',(12.492611464968,2.571635247374,6.480748893202
    ));
#993 = LINE('',#994,#995);
#994 = CARTESIAN_POINT('',(12.492611464968,2.571635247374,6.480748893202
    ));
#995 = VECTOR('',#996,1.);
#996 = DIRECTION('',(0.,-0.939692620786,0.342020143326));
#997 = ORIENTED_EDGE('',*,*,#998,.F.);
#998 = EDGE_CURVE('',#960,#991,#999,.T.);
#999 = B_SPLINE_CURVE_WITH_KNOTS('',2,(#1000,#1001,#1002),
  .UNSPECIFIED.,.F.,.F.,(3,3),(0.,1.),.PIECEWISE_BEZIER_KNOTS.);
#1000 = CARTESIAN_POINT('',(13.879872611465,2.851176806556,
    7.248783014853));
#1001 = CARTESIAN_POINT('',(13.291337579618,2.662172554104,
    6.729498099061));
#1002 = CARTESIAN_POINT('',(12.492611464968,2.571635247374,
    6.480748893202));
#1003 = SURFACE_OF_LINEAR_EXTRUSION('',#1004,#1008);
#1004 = B_SPLINE_CURVE_WITH_KNOTS('',2,(#1005,#1006,#1007),
  .UNSPECIFIED.,.F.,.F.,(3,3),(0.,1.),.PIECEWISE_BEZIER_KNOTS.);
#1005 = CARTESIAN_POINT('',(13.879872611465,2.851176806556,
    7.248783014853));
#1006 = CARTESIAN_POINT('',(13.291337579618,2.662172554104,
    6.729498099061));
#1007 = CARTESIAN_POINT('',(12.492611464968,2.571635247374,
    6.480748893202));
#1008 = VECTOR('',#1009,1.);
#1009 = DIRECTION('',(-0.,0.939692620786,-0.342020143326));
#1010 = ADVANCED_FACE('',(#1011),#1036,.T.);
#1011 = FACE_BOUND('',#1012,.T.);
#1012 = EDGE_LOOP('',(#1013,#1014,#1022,#1030));
#1013 = ORIENTED_EDGE('',*,*,#990,.T.);
#1014 = ORIENTED_EDGE('',*,*,#1015,.T.);
#1015 = EDGE_CURVE('',#983,#1016,#1018,.T.);
#1016 = VERTEX_POINT('',#1017);
#1017 = CARTESIAN_POINT('',(12.492611464968,2.15449448842,7.67370759737)
  );
#1018 = LINE('',#1019,#1020);
#1019 = CARTESIAN_POINT('',(12.492611464968,1.819881150746,
    6.754365007863));
#1020 = VECTOR('',#1021,1.);
#1021 = DIRECTION('',(0.,0.342020143326,0.939692620786));
#1022 = ORIENTED_EDGE('',*,*,#1023,.F.);
#1023 = EDGE_CURVE('',#1024,#1016,#1026,.T.);
#1024 = VERTEX_POINT('',#1025);
#1025 = CARTESIAN_POINT('',(12.492611464968,2.906248585048,7.40009148271
    ));
#1026 = LINE('',#1027,#1028);
#1027 = CARTESIAN_POINT('',(12.492611464968,2.906248585048,7.40009148271
    ));
#1028 = VECTOR('',#1029,1.);
#1029 = DIRECTION('',(0.,-0.939692620786,0.342020143326));
#1030 = ORIENTED_EDGE('',*,*,#1031,.F.);
#1031 = EDGE_CURVE('',#991,#1024,#1032,.T.);
#1032 = LINE('',#1033,#1034);
#1033 = CARTESIAN_POINT('',(12.492611464968,2.571635247374,
    6.480748893202));
#1034 = VECTOR('',#1035,1.);
#1035 = DIRECTION('',(0.,0.342020143326,0.939692620786));
#1036 = PLANE('',#1037);
#1037 = AXIS2_PLACEMENT_3D('',#1038,#1039,#1040);
#1038 = CARTESIAN_POINT('',(12.492611464968,2.571635247374,
    6.480748893202));
#1039 = DIRECTION('',(-1.,0.,0.));
#1040 = DIRECTION('',(0.,0.342020143326,0.939692620786));
#1041 = ADVANCED_FACE('',(#1042),#1067,.T.);
#1042 = FACE_BOUND('',#1043,.T.);
#1043 = EDGE_LOOP('',(#1044,#1045,#1053,#1061));
#1044 = ORIENTED_EDGE('',*,*,#1023,.T.);
#1045 = ORIENTED_EDGE('',*,*,#1046,.T.);
#1046 = EDGE_CURVE('',#1016,#1047,#1049,.T.);
#1047 = VERTEX_POINT('',#1048);
#1048 = CARTESIAN_POINT('',(13.405987261146,2.332954935179,
    8.164023645108));
#1049 = B_SPLINE_CURVE_WITH_KNOTS('',2,(#1050,#1051,#1052),
  .UNSPECIFIED.,.F.,.F.,(3,3),(0.,1.),.PIECEWISE_BEZIER_KNOTS.);
#1050 = CARTESIAN_POINT('',(12.492611464968,2.15449448842,7.67370759737)
  );
#1051 = CARTESIAN_POINT('',(12.912993630573,2.20154948903,7.80299014902)
  );
#1052 = CARTESIAN_POINT('',(13.405987261146,2.332954935179,
    8.164023645108));
#1053 = ORIENTED_EDGE('',*,*,#1054,.F.);
#1054 = EDGE_CURVE('',#1055,#1047,#1057,.T.);
#1055 = VERTEX_POINT('',#1056);
#1056 = CARTESIAN_POINT('',(13.405987261146,3.084709031808,
    7.890407530447));
#1057 = LINE('',#1058,#1059);
#1058 = CARTESIAN_POINT('',(13.405987261146,3.084709031808,
    7.890407530447));
#1059 = VECTOR('',#1060,1.);
#1060 = DIRECTION('',(0.,-0.939692620786,0.342020143326));
#1061 = ORIENTED_EDGE('',*,*,#1062,.F.);
#1062 = EDGE_CURVE('',#1024,#1055,#1063,.T.);
#1063 = B_SPLINE_CURVE_WITH_KNOTS('',2,(#1064,#1065,#1066),
  .UNSPECIFIED.,.F.,.F.,(3,3),(0.,1.),.PIECEWISE_BEZIER_KNOTS.);
#1064 = CARTESIAN_POINT('',(12.492611464968,2.906248585048,7.40009148271
    ));
#1065 = CARTESIAN_POINT('',(12.912993630573,2.953303585659,
    7.529374034359));
#1066 = CARTESIAN_POINT('',(13.405987261146,3.084709031808,
    7.890407530447));
#1067 = SURFACE_OF_LINEAR_EXTRUSION('',#1068,#1072);
#1068 = B_SPLINE_CURVE_WITH_KNOTS('',2,(#1069,#1070,#1071),
  .UNSPECIFIED.,.F.,.F.,(3,3),(0.,1.),.PIECEWISE_BEZIER_KNOTS.);
#1069 = CARTESIAN_POINT('',(12.492611464968,2.906248585048,7.40009148271
    ));
#1070 = CARTESIAN_POINT('',(12.912993630573,2.953303585659,
    7.529374034359));
#1071 = CARTESIAN_POINT('',(13.405987261146,3.084709031808,
    7.890407530447));
#1072 = VECTOR('',#1073,1.);
#1073 = DIRECTION('',(-0.,0.939692620786,-0.342020143326));
#1074 = ADVANCED_FACE('',(#1075),#1100,.T.);
#1075 = FACE_BOUND('',#1076,.T.);
#1076 = EDGE_LOOP('',(#1077,#1078,#1086,#1094));
#1077 = ORIENTED_EDGE('',*,*,#1054,.T.);
#1078 = ORIENTED_EDGE('',*,*,#1079,.T.);
#1079 = EDGE_CURVE('',#1047,#1080,#1082,.T.);
#1080 = VERTEX_POINT('',#1081);
#1081 = CARTESIAN_POINT('',(14.082420382166,2.639683828047,
    9.006754352157));
#1082 = B_SPLINE_CURVE_WITH_KNOTS('',2,(#1083,#1084,#1085),
  .UNSPECIFIED.,.F.,.F.,(3,3),(0.,1.),.PIECEWISE_BEZIER_KNOTS.);
#1083 = CARTESIAN_POINT('',(13.405987261146,2.332954935179,
    8.164023645108));
#1084 = CARTESIAN_POINT('',(13.89898089172,2.464447520218,8.525296553329
    ));
#1085 = CARTESIAN_POINT('',(14.082420382166,2.639683828047,
    9.006754352157));
#1086 = ORIENTED_EDGE('',*,*,#1087,.F.);
#1087 = EDGE_CURVE('',#1088,#1080,#1090,.T.);
#1088 = VERTEX_POINT('',#1089);
#1089 = CARTESIAN_POINT('',(14.082420382166,3.391437924676,
    8.733138237496));
#1090 = LINE('',#1091,#1092);
#1091 = CARTESIAN_POINT('',(14.082420382166,3.391437924676,
    8.733138237496));
#1092 = VECTOR('',#1093,1.);
#1093 = DIRECTION('',(0.,-0.939692620786,0.342020143326));
#1094 = ORIENTED_EDGE('',*,*,#1095,.F.);
#1095 = EDGE_CURVE('',#1055,#1088,#1096,.T.);
#1096 = B_SPLINE_CURVE_WITH_KNOTS('',2,(#1097,#1098,#1099),
  .UNSPECIFIED.,.F.,.F.,(3,3),(0.,1.),.PIECEWISE_BEZIER_KNOTS.);
#1097 = CARTESIAN_POINT('',(13.405987261146,3.084709031808,
    7.890407530447));
#1098 = CARTESIAN_POINT('',(13.89898089172,3.216201616847,8.251680438668
    ));
#1099 = CARTESIAN_POINT('',(14.082420382166,3.391437924676,
    8.733138237496));
#1100 = SURFACE_OF_LINEAR_EXTRUSION('',#1101,#1105);
#1101 = B_SPLINE_CURVE_WITH_KNOTS('',2,(#1102,#1103,#1104),
  .UNSPECIFIED.,.F.,.F.,(3,3),(0.,1.),.PIECEWISE_BEZIER_KNOTS.);
#1102 = CARTESIAN_POINT('',(13.405987261146,3.084709031808,
    7.890407530447));
#1103 = CARTESIAN_POINT('',(13.89898089172,3.216201616847,8.251680438668
    ));
#1104 = CARTESIAN_POINT('',(14.082420382166,3.391437924676,
    8.733138237496));
#1105 = VECTOR('',#1106,1.);
#1106 = DIRECTION('',(-0.,0.939692620786,-0.342020143326));
#1107 = ADVANCED_FACE('',(#1108),#1133,.T.);
#1108 = FACE_BOUND('',#1109,.T.);
#1109 = EDGE_LOOP('',(#1110,#1111,#1119,#1127));
#1110 = ORIENTED_EDGE('',*,*,#1087,.T.);
#1111 = ORIENTED_EDGE('',*,*,#1112,.T.);
#1112 = EDGE_CURVE('',#1080,#1113,#1115,.T.);
#1113 = VERTEX_POINT('',#1114);
#1114 = CARTESIAN_POINT('',(14.953757961783,2.639683828047,
    9.006754352157));
#1115 = LINE('',#1116,#1117);
#1116 = CARTESIAN_POINT('',(14.082420382166,2.639683828047,
    9.006754352157));
#1117 = VECTOR('',#1118,1.);
#1118 = DIRECTION('',(1.,0.,0.));
#1119 = ORIENTED_EDGE('',*,*,#1120,.F.);
#1120 = EDGE_CURVE('',#1121,#1113,#1123,.T.);
#1121 = VERTEX_POINT('',#1122);
#1122 = CARTESIAN_POINT('',(14.953757961783,3.391437924676,
    8.733138237496));
#1123 = LINE('',#1124,#1125);
#1124 = CARTESIAN_POINT('',(14.953757961783,3.391437924676,
    8.733138237496));
#1125 = VECTOR('',#1126,1.);
#1126 = DIRECTION('',(0.,-0.939692620786,0.342020143326));
#1127 = ORIENTED_EDGE('',*,*,#1128,.F.);
#1128 = EDGE_CURVE('',#1088,#1121,#1129,.T.);
#1129 = LINE('',#1130,#1131);
#1130 = CARTESIAN_POINT('',(14.082420382166,3.391437924676,
    8.733138237496));
#1131 = VECTOR('',#1132,1.);
#1132 = DIRECTION('',(1.,0.,0.));
#1133 = PLANE('',#1134);
#1134 = AXIS2_PLACEMENT_3D('',#1135,#1136,#1137);
#1135 = CARTESIAN_POINT('',(14.082420382166,3.391437924676,
    8.733138237496));
#1136 = DIRECTION('',(0.,0.342020143326,0.939692620786));
#1137 = DIRECTION('',(1.,0.,0.));
#1138 = ADVANCED_FACE('',(#1139),#1155,.T.);
#1139 = FACE_BOUND('',#1140,.T.);
#1140 = EDGE_LOOP('',(#1141,#1142,#1148,#1149));
#1141 = ORIENTED_EDGE('',*,*,#1120,.T.);
#1142 = ORIENTED_EDGE('',*,*,#1143,.T.);
#1143 = EDGE_CURVE('',#1113,#913,#1144,.T.);
#1144 = LINE('',#1145,#1146);
#1145 = CARTESIAN_POINT('',(14.953757961783,2.639683828047,
    9.006754352157));
#1146 = VECTOR('',#1147,1.);
#1147 = DIRECTION('',(0.,-0.342020143326,-0.939692620786));
#1148 = ORIENTED_EDGE('',*,*,#910,.F.);
#1149 = ORIENTED_EDGE('',*,*,#1150,.F.);
#1150 = EDGE_CURVE('',#1121,#911,#1151,.T.);
#1151 = LINE('',#1152,#1153);
#1152 = CARTESIAN_POINT('',(14.953757961783,3.391437924676,
    8.733138237496));
#1153 = VECTOR('',#1154,1.);
#1154 = DIRECTION('',(0.,-0.342020143326,-0.939692620786));
#1155 = PLANE('',#1156);
#1156 = AXIS2_PLACEMENT_3D('',#1157,#1158,#1159);
#1157 = CARTESIAN_POINT('',(14.953757961783,3.391437924676,
    8.733138237496));
#1158 = DIRECTION('',(1.,0.,0.));
#1159 = DIRECTION('',(0.,-0.342020143326,-0.939692620786));
#1160 = ADVANCED_FACE('',(#1161),#1171,.F.);
#1161 = FACE_BOUND('',#1162,.T.);
#1162 = EDGE_LOOP('',(#1163,#1164,#1165,#1166,#1167,#1168,#1169,#1170));
#1163 = ORIENTED_EDGE('',*,*,#936,.T.);
#1164 = ORIENTED_EDGE('',*,*,#967,.T.);
#1165 = ORIENTED_EDGE('',*,*,#998,.T.);
#1166 = ORIENTED_EDGE('',*,*,#1031,.T.);
#1167 = ORIENTED_EDGE('',*,*,#1062,.T.);
#1168 = ORIENTED_EDGE('',*,*,#1095,.T.);
#1169 = ORIENTED_EDGE('',*,*,#1128,.T.);
#1170 = ORIENTED_EDGE('',*,*,#1150,.T.);
#1171 = PLANE('',#1172);
#1172 = AXIS2_PLACEMENT_3D('',#1173,#1174,#1175);
#1173 = CARTESIAN_POINT('',(14.102469113749,2.484916324519,
    6.242490610816));
#1174 = DIRECTION('',(0.,-0.939692620786,0.342020143326));
#1175 = DIRECTION('',(1.,0.,0.));
#1176 = ADVANCED_FACE('',(#1177),#1187,.T.);
#1177 = FACE_BOUND('',#1178,.F.);
#1178 = EDGE_LOOP('',(#1179,#1180,#1181,#1182,#1183,#1184,#1185,#1186));
#1179 = ORIENTED_EDGE('',*,*,#920,.T.);
#1180 = ORIENTED_EDGE('',*,*,#951,.T.);
#1181 = ORIENTED_EDGE('',*,*,#982,.T.);
#1182 = ORIENTED_EDGE('',*,*,#1015,.T.);
#1183 = ORIENTED_EDGE('',*,*,#1046,.T.);
#1184 = ORIENTED_EDGE('',*,*,#1079,.T.);
#1185 = ORIENTED_EDGE('',*,*,#1112,.T.);
#1186 = ORIENTED_EDGE('',*,*,#1143,.T.);
#1187 = PLANE('',#1188);
#1188 = AXIS2_PLACEMENT_3D('',#1189,#1190,#1191);
#1189 = CARTESIAN_POINT('',(14.102469113749,1.73316222789,6.516106725477
    ));
#1190 = DIRECTION('',(0.,-0.939692620786,0.342020143326));
#1191 = DIRECTION('',(1.,0.,0.));
#1192 = MANIFOLD_SOLID_BREP('',#1193);
#1193 = CLOSED_SHELL('',(#1194,#1234,#1267,#1300,#1333,#1366,#1399,#1432
    ,#1465,#1498,#1531,#1564,#1597,#1630,#1663,#1696,#1720,#1744));
#1194 = ADVANCED_FACE('',(#1195),#1229,.T.);
#1195 = FACE_BOUND('',#1196,.T.);
#1196 = EDGE_LOOP('',(#1197,#1207,#1215,#1223));
#1197 = ORIENTED_EDGE('',*,*,#1198,.T.);
#1198 = EDGE_CURVE('',#1199,#1201,#1203,.T.);
#1199 = VERTEX_POINT('',#1200);
#1200 = CARTESIAN_POINT('',(20.197834394904,2.91156405734,7.414695622804
    ));
#1201 = VERTEX_POINT('',#1202);
#1202 = CARTESIAN_POINT('',(20.197834394904,2.159809960711,
    7.688311737464));
#1203 = LINE('',#1204,#1205);
#1204 = CARTESIAN_POINT('',(20.197834394904,2.91156405734,7.414695622804
    ));
#1205 = VECTOR('',#1206,1.);
#1206 = DIRECTION('',(0.,-0.939692620786,0.342020143326));
#1207 = ORIENTED_EDGE('',*,*,#1208,.T.);
#1208 = EDGE_CURVE('',#1201,#1209,#1211,.T.);
#1209 = VERTEX_POINT('',#1210);
#1210 = CARTESIAN_POINT('',(19.158343949045,2.121033154652,7.58177333842
    ));
#1211 = LINE('',#1212,#1213);
#1212 = CARTESIAN_POINT('',(20.197834394904,2.159809960711,
    7.688311737464));
#1213 = VECTOR('',#1214,1.);
#1214 = DIRECTION('',(-0.994104564342,-3.708374622103E-02,
    -0.101886755371));
#1215 = ORIENTED_EDGE('',*,*,#1216,.F.);
#1216 = EDGE_CURVE('',#1217,#1209,#1219,.T.);
#1217 = VERTEX_POINT('',#1218);
#1218 = CARTESIAN_POINT('',(19.158343949045,2.872787251281,
    7.308157223759));
#1219 = LINE('',#1220,#1221);
#1220 = CARTESIAN_POINT('',(19.158343949045,2.872787251281,
    7.308157223759));
#1221 = VECTOR('',#1222,1.);
#1222 = DIRECTION('',(0.,-0.939692620786,0.342020143326));
#1223 = ORIENTED_EDGE('',*,*,#1224,.F.);
#1224 = EDGE_CURVE('',#1199,#1217,#1225,.T.);
#1225 = LINE('',#1226,#1227);
#1226 = CARTESIAN_POINT('',(20.197834394904,2.91156405734,7.414695622804
    ));
#1227 = VECTOR('',#1228,1.);
#1228 = DIRECTION('',(-0.994104564342,-3.708374622103E-02,
    -0.101886755371));
#1229 = PLANE('',#1230);
#1230 = AXIS2_PLACEMENT_3D('',#1231,#1232,#1233);
#1231 = CARTESIAN_POINT('',(20.197834394904,2.91156405734,7.414695622804
    ));
#1232 = DIRECTION('',(0.108425620376,-0.340003785577,-0.934152723402));
#1233 = DIRECTION('',(-0.994104564342,-3.708374622103E-02,
    -0.101886755371));
#1234 = ADVANCED_FACE('',(#1235),#1260,.T.);
#1235 = FACE_BOUND('',#1236,.T.);
#1236 = EDGE_LOOP('',(#1237,#1238,#1246,#1254));
#1237 = ORIENTED_EDGE('',*,*,#1216,.T.);
#1238 = ORIENTED_EDGE('',*,*,#1239,.T.);
#1239 = EDGE_CURVE('',#1209,#1240,#1242,.T.);
#1240 = VERTEX_POINT('',#1241);
#1241 = CARTESIAN_POINT('',(18.959617834395,2.281281573398,
    8.022052250426));
#1242 = B_SPLINE_CURVE_WITH_KNOTS('',2,(#1243,#1244,#1245),
  .UNSPECIFIED.,.F.,.F.,(3,3),(0.,1.),.PIECEWISE_BEZIER_KNOTS.);
#1243 = CARTESIAN_POINT('',(19.158343949045,2.121033154652,7.58177333842
    ));
#1244 = CARTESIAN_POINT('',(19.120127388535,2.229608211616,
    7.880080855744));
#1245 = CARTESIAN_POINT('',(18.959617834395,2.281281573398,
    8.022052250426));
#1246 = ORIENTED_EDGE('',*,*,#1247,.F.);
#1247 = EDGE_CURVE('',#1248,#1240,#1250,.T.);
#1248 = VERTEX_POINT('',#1249);
#1249 = CARTESIAN_POINT('',(18.959617834395,3.033035670027,
    7.748436135766));
#1250 = LINE('',#1251,#1252);
#1251 = CARTESIAN_POINT('',(18.959617834395,3.033035670027,
    7.748436135766));
#1252 = VECTOR('',#1253,1.);
#1253 = DIRECTION('',(0.,-0.939692620786,0.342020143326));
#1254 = ORIENTED_EDGE('',*,*,#1255,.F.);
#1255 = EDGE_CURVE('',#1217,#1248,#1256,.T.);
#1256 = B_SPLINE_CURVE_WITH_KNOTS('',2,(#1257,#1258,#1259),
  .UNSPECIFIED.,.F.,.F.,(3,3),(0.,1.),.PIECEWISE_BEZIER_KNOTS.);
#1257 = CARTESIAN_POINT('',(19.158343949045,2.872787251281,
    7.308157223759));
#1258 = CARTESIAN_POINT('',(19.120127388535,2.981362308245,
    7.606464741084));
#1259 = CARTESIAN_POINT('',(18.959617834395,3.033035670027,
    7.748436135766));
#1260 = SURFACE_OF_LINEAR_EXTRUSION('',#1261,#1265);
#1261 = B_SPLINE_CURVE_WITH_KNOTS('',2,(#1262,#1263,#1264),
  .UNSPECIFIED.,.F.,.F.,(3,3),(0.,1.),.PIECEWISE_BEZIER_KNOTS.);
#1262 = CARTESIAN_POINT('',(19.158343949045,2.872787251281,
    7.308157223759));
#1263 = CARTESIAN_POINT('',(19.120127388535,2.981362308245,
    7.606464741084));
#1264 = CARTESIAN_POINT('',(18.959617834395,3.033035670027,
    7.748436135766));
#1265 = VECTOR('',#1266,1.);
#1266 = DIRECTION('',(-0.,0.939692620786,-0.342020143326));
#1267 = ADVANCED_FACE('',(#1268),#1293,.T.);
#1268 = FACE_BOUND('',#1269,.T.);
#1269 = EDGE_LOOP('',(#1270,#1271,#1279,#1287));
#1270 = ORIENTED_EDGE('',*,*,#1247,.T.);
#1271 = ORIENTED_EDGE('',*,*,#1272,.T.);
#1272 = EDGE_CURVE('',#1240,#1273,#1275,.T.);
#1273 = VERTEX_POINT('',#1274);
#1274 = CARTESIAN_POINT('',(18.543057324841,2.332954935179,
    8.164023645108));
#1275 = B_SPLINE_CURVE_WITH_KNOTS('',2,(#1276,#1277,#1278),
  .UNSPECIFIED.,.F.,.F.,(3,3),(0.,1.),.PIECEWISE_BEZIER_KNOTS.);
#1276 = CARTESIAN_POINT('',(18.959617834395,2.281281573398,
    8.022052250426));
#1277 = CARTESIAN_POINT('',(18.799108280255,2.332954935179,
    8.164023645108));
#1278 = CARTESIAN_POINT('',(18.543057324841,2.332954935179,
    8.164023645108));
#1279 = ORIENTED_EDGE('',*,*,#1280,.F.);
#1280 = EDGE_CURVE('',#1281,#1273,#1283,.T.);
#1281 = VERTEX_POINT('',#1282);
#1282 = CARTESIAN_POINT('',(18.543057324841,3.084709031808,
    7.890407530447));
#1283 = LINE('',#1284,#1285);
#1284 = CARTESIAN_POINT('',(18.543057324841,3.084709031808,
    7.890407530447));
#1285 = VECTOR('',#1286,1.);
#1286 = DIRECTION('',(0.,-0.939692620786,0.342020143326));
#1287 = ORIENTED_EDGE('',*,*,#1288,.F.);
#1288 = EDGE_CURVE('',#1248,#1281,#1289,.T.);
#1289 = B_SPLINE_CURVE_WITH_KNOTS('',2,(#1290,#1291,#1292),
  .UNSPECIFIED.,.F.,.F.,(3,3),(0.,1.),.PIECEWISE_BEZIER_KNOTS.);
#1290 = CARTESIAN_POINT('',(18.959617834395,3.033035670027,
    7.748436135766));
#1291 = CARTESIAN_POINT('',(18.799108280255,3.084709031808,
    7.890407530447));
#1292 = CARTESIAN_POINT('',(18.543057324841,3.084709031808,
    7.890407530447));
#1293 = SURFACE_OF_LINEAR_EXTRUSION('',#1294,#1298);
#1294 = B_SPLINE_CURVE_WITH_KNOTS('',2,(#1295,#1296,#1297),
  .UNSPECIFIED.,.F.,.F.,(3,3),(0.,1.),.PIECEWISE_BEZIER_KNOTS.);
#1295 = CARTESIAN_POINT('',(18.959617834395,3.033035670027,
    7.748436135766));
#1296 = CARTESIAN_POINT('',(18.799108280255,3.084709031808,
    7.890407530447));
#1297 = CARTESIAN_POINT('',(18.543057324841,3.084709031808,
    7.890407530447));
#1298 = VECTOR('',#1299,1.);
#1299 = DIRECTION('',(-0.,0.939692620786,-0.342020143326));
#1300 = ADVANCED_FACE('',(#1301),#1326,.T.);
#1301 = FACE_BOUND('',#1302,.T.);
#1302 = EDGE_LOOP('',(#1303,#1304,#1312,#1320));
#1303 = ORIENTED_EDGE('',*,*,#1280,.T.);
#1304 = ORIENTED_EDGE('',*,*,#1305,.T.);
#1305 = EDGE_CURVE('',#1273,#1306,#1308,.T.);
#1306 = VERTEX_POINT('',#1307);
#1307 = CARTESIAN_POINT('',(17.967770700637,2.227952572706,
    7.875532025223));
#1308 = B_SPLINE_CURVE_WITH_KNOTS('',2,(#1309,#1310,#1311),
  .UNSPECIFIED.,.F.,.F.,(3,3),(0.,1.),.PIECEWISE_BEZIER_KNOTS.);
#1309 = CARTESIAN_POINT('',(18.543057324841,2.332954935179,
    8.164023645108));
#1310 = CARTESIAN_POINT('',(18.202929936306,2.332954935179,
    8.164023645108));
#1311 = CARTESIAN_POINT('',(17.967770700637,2.227952572706,
    7.875532025223));
#1312 = ORIENTED_EDGE('',*,*,#1313,.F.);
#1313 = EDGE_CURVE('',#1314,#1306,#1316,.T.);
#1314 = VERTEX_POINT('',#1315);
#1315 = CARTESIAN_POINT('',(17.967770700637,2.979706669335,
    7.601915910563));
#1316 = LINE('',#1317,#1318);
#1317 = CARTESIAN_POINT('',(17.967770700637,2.979706669335,
    7.601915910563));
#1318 = VECTOR('',#1319,1.);
#1319 = DIRECTION('',(0.,-0.939692620786,0.342020143326));
#1320 = ORIENTED_EDGE('',*,*,#1321,.F.);
#1321 = EDGE_CURVE('',#1281,#1314,#1322,.T.);
#1322 = B_SPLINE_CURVE_WITH_KNOTS('',2,(#1323,#1324,#1325),
  .UNSPECIFIED.,.F.,.F.,(3,3),(0.,1.),.PIECEWISE_BEZIER_KNOTS.);
#1323 = CARTESIAN_POINT('',(18.543057324841,3.084709031808,
    7.890407530447));
#1324 = CARTESIAN_POINT('',(18.202929936306,3.084709031808,
    7.890407530447));
#1325 = CARTESIAN_POINT('',(17.967770700637,2.979706669335,
    7.601915910563));
#1326 = SURFACE_OF_LINEAR_EXTRUSION('',#1327,#1331);
#1327 = B_SPLINE_CURVE_WITH_KNOTS('',2,(#1328,#1329,#1330),
  .UNSPECIFIED.,.F.,.F.,(3,3),(0.,1.),.PIECEWISE_BEZIER_KNOTS.);
#1328 = CARTESIAN_POINT('',(18.543057324841,3.084709031808,
    7.890407530447));
#1329 = CARTESIAN_POINT('',(18.202929936306,3.084709031808,
    7.890407530447));
#1330 = CARTESIAN_POINT('',(17.967770700637,2.979706669335,
    7.601915910563));
#1331 = VECTOR('',#1332,1.);
#1332 = DIRECTION('',(-0.,0.939692620786,-0.342020143326));
#1333 = ADVANCED_FACE('',(#1334),#1359,.T.);
#1334 = FACE_BOUND('',#1335,.T.);
#1335 = EDGE_LOOP('',(#1336,#1337,#1345,#1353));
#1336 = ORIENTED_EDGE('',*,*,#1313,.T.);
#1337 = ORIENTED_EDGE('',*,*,#1338,.T.);
#1338 = EDGE_CURVE('',#1306,#1339,#1341,.T.);
#1339 = VERTEX_POINT('',#1340);
#1340 = CARTESIAN_POINT('',(17.671719745223,1.791648150379,
    6.676795476873));
#1341 = B_SPLINE_CURVE_WITH_KNOTS('',2,(#1342,#1343,#1344),
  .UNSPECIFIED.,.F.,.F.,(3,3),(0.,1.),.PIECEWISE_BEZIER_KNOTS.);
#1342 = CARTESIAN_POINT('',(17.967770700637,2.227952572706,
    7.875532025223));
#1343 = CARTESIAN_POINT('',(17.732866242038,2.123037349123,
    7.587279817471));
#1344 = CARTESIAN_POINT('',(17.671719745223,1.791648150379,
    6.676795476873));
#1345 = ORIENTED_EDGE('',*,*,#1346,.F.);
#1346 = EDGE_CURVE('',#1347,#1339,#1349,.T.);
#1347 = VERTEX_POINT('',#1348);
#1348 = CARTESIAN_POINT('',(17.671719745223,2.543402247008,
    6.403179362212));
#1349 = LINE('',#1350,#1351);
#1350 = CARTESIAN_POINT('',(17.671719745223,2.543402247008,
    6.403179362212));
#1351 = VECTOR('',#1352,1.);
#1352 = DIRECTION('',(0.,-0.939692620786,0.342020143326));
#1353 = ORIENTED_EDGE('',*,*,#1354,.F.);
#1354 = EDGE_CURVE('',#1314,#1347,#1355,.T.);
#1355 = B_SPLINE_CURVE_WITH_KNOTS('',2,(#1356,#1357,#1358),
  .UNSPECIFIED.,.F.,.F.,(3,3),(0.,1.),.PIECEWISE_BEZIER_KNOTS.);
#1356 = CARTESIAN_POINT('',(17.967770700637,2.979706669335,
    7.601915910563));
#1357 = CARTESIAN_POINT('',(17.732866242038,2.874791445751,
    7.313663702811));
#1358 = CARTESIAN_POINT('',(17.671719745223,2.543402247008,
    6.403179362212));
#1359 = SURFACE_OF_LINEAR_EXTRUSION('',#1360,#1364);
#1360 = B_SPLINE_CURVE_WITH_KNOTS('',2,(#1361,#1362,#1363),
  .UNSPECIFIED.,.F.,.F.,(3,3),(0.,1.),.PIECEWISE_BEZIER_KNOTS.);
#1361 = CARTESIAN_POINT('',(17.967770700637,2.979706669335,
    7.601915910563));
#1362 = CARTESIAN_POINT('',(17.732866242038,2.874791445751,
    7.313663702811));
#1363 = CARTESIAN_POINT('',(17.671719745223,2.543402247008,
    6.403179362212));
#1364 = VECTOR('',#1365,1.);
#1365 = DIRECTION('',(-0.,0.939692620786,-0.342020143326));
#1366 = ADVANCED_FACE('',(#1367),#1392,.T.);
#1367 = FACE_BOUND('',#1368,.T.);
#1368 = EDGE_LOOP('',(#1369,#1370,#1378,#1386));
#1369 = ORIENTED_EDGE('',*,*,#1346,.T.);
#1370 = ORIENTED_EDGE('',*,*,#1371,.T.);
#1371 = EDGE_CURVE('',#1339,#1372,#1374,.T.);
#1372 = VERTEX_POINT('',#1373);
#1373 = CARTESIAN_POINT('',(18.669171974522,1.953726485815,
    7.122102043666));
#1374 = B_SPLINE_CURVE_WITH_KNOTS('',2,(#1375,#1376,#1377),
  .UNSPECIFIED.,.F.,.F.,(3,3),(0.,1.),.PIECEWISE_BEZIER_KNOTS.);
#1375 = CARTESIAN_POINT('',(17.671719745223,1.791648150379,
    6.676795476873));
#1376 = CARTESIAN_POINT('',(18.072993630573,1.953726485815,
    7.122102043666));
#1377 = CARTESIAN_POINT('',(18.669171974522,1.953726485815,
    7.122102043666));
#1378 = ORIENTED_EDGE('',*,*,#1379,.F.);
#1379 = EDGE_CURVE('',#1380,#1372,#1382,.T.);
#1380 = VERTEX_POINT('',#1381);
#1381 = CARTESIAN_POINT('',(18.669171974522,2.705480582444,
    6.848485929005));
#1382 = LINE('',#1383,#1384);
#1383 = CARTESIAN_POINT('',(18.669171974522,2.705480582444,
    6.848485929005));
#1384 = VECTOR('',#1385,1.);
#1385 = DIRECTION('',(0.,-0.939692620786,0.342020143326));
#1386 = ORIENTED_EDGE('',*,*,#1387,.F.);
#1387 = EDGE_CURVE('',#1347,#1380,#1388,.T.);
#1388 = B_SPLINE_CURVE_WITH_KNOTS('',2,(#1389,#1390,#1391),
  .UNSPECIFIED.,.F.,.F.,(3,3),(0.,1.),.PIECEWISE_BEZIER_KNOTS.);
#1389 = CARTESIAN_POINT('',(17.671719745223,2.543402247008,
    6.403179362212));
#1390 = CARTESIAN_POINT('',(18.072993630573,2.705480582444,
    6.848485929005));
#1391 = CARTESIAN_POINT('',(18.669171974522,2.705480582444,
    6.848485929005));
#1392 = SURFACE_OF_LINEAR_EXTRUSION('',#1393,#1397);
#1393 = B_SPLINE_CURVE_WITH_KNOTS('',2,(#1394,#1395,#1396),
  .UNSPECIFIED.,.F.,.F.,(3,3),(0.,1.),.PIECEWISE_BEZIER_KNOTS.);
#1394 = CARTESIAN_POINT('',(17.671719745223,2.543402247008,
    6.403179362212));
#1395 = CARTESIAN_POINT('',(18.072993630573,2.705480582444,
    6.848485929005));
#1396 = CARTESIAN_POINT('',(18.669171974522,2.705480582444,
    6.848485929005));
#1397 = VECTOR('',#1398,1.);
#1398 = DIRECTION('',(-0.,0.939692620786,-0.342020143326));
#1399 = ADVANCED_FACE('',(#1400),#1425,.T.);
#1400 = FACE_BOUND('',#1401,.T.);
#1401 = EDGE_LOOP('',(#1402,#1403,#1411,#1419));
#1402 = ORIENTED_EDGE('',*,*,#1379,.T.);
#1403 = ORIENTED_EDGE('',*,*,#1404,.T.);
#1404 = EDGE_CURVE('',#1372,#1405,#1407,.T.);
#1405 = VERTEX_POINT('',#1406);
#1406 = CARTESIAN_POINT('',(19.82127388535,1.778577316877,6.64088365697)
  );
#1407 = B_SPLINE_CURVE_WITH_KNOTS('',2,(#1408,#1409,#1410),
  .UNSPECIFIED.,.F.,.F.,(3,3),(0.,1.),.PIECEWISE_BEZIER_KNOTS.);
#1408 = CARTESIAN_POINT('',(18.669171974522,1.953726485815,
    7.122102043666));
#1409 = CARTESIAN_POINT('',(19.34178343949,1.953726485815,7.122102043666
    ));
#1410 = CARTESIAN_POINT('',(19.82127388535,1.778577316877,6.64088365697)
  );
#1411 = ORIENTED_EDGE('',*,*,#1412,.F.);
#1412 = EDGE_CURVE('',#1413,#1405,#1415,.T.);
#1413 = VERTEX_POINT('',#1414);
#1414 = CARTESIAN_POINT('',(19.82127388535,2.530331413505,6.36726754231)
  );
#1415 = LINE('',#1416,#1417);
#1416 = CARTESIAN_POINT('',(19.82127388535,2.530331413505,6.36726754231)
  );
#1417 = VECTOR('',#1418,1.);
#1418 = DIRECTION('',(0.,-0.939692620786,0.342020143326));
#1419 = ORIENTED_EDGE('',*,*,#1420,.F.);
#1420 = EDGE_CURVE('',#1380,#1413,#1421,.T.);
#1421 = B_SPLINE_CURVE_WITH_KNOTS('',2,(#1422,#1423,#1424),
  .UNSPECIFIED.,.F.,.F.,(3,3),(0.,1.),.PIECEWISE_BEZIER_KNOTS.);
#1422 = CARTESIAN_POINT('',(18.669171974522,2.705480582444,
    6.848485929005));
#1423 = CARTESIAN_POINT('',(19.34178343949,2.705480582444,6.848485929005
    ));
#1424 = CARTESIAN_POINT('',(19.82127388535,2.530331413505,6.36726754231)
  );
#1425 = SURFACE_OF_LINEAR_EXTRUSION('',#1426,#1430);
#1426 = B_SPLINE_CURVE_WITH_KNOTS('',2,(#1427,#1428,#1429),
  .UNSPECIFIED.,.F.,.F.,(3,3),(0.,1.),.PIECEWISE_BEZIER_KNOTS.);
#1427 = CARTESIAN_POINT('',(18.669171974522,2.705480582444,
    6.848485929005));
#1428 = CARTESIAN_POINT('',(19.34178343949,2.705480582444,6.848485929005
    ));
#1429 = CARTESIAN_POINT('',(19.82127388535,2.530331413505,6.36726754231)
  );
#1430 = VECTOR('',#1431,1.);
#1431 = DIRECTION('',(-0.,0.939692620786,-0.342020143326));
#1432 = ADVANCED_FACE('',(#1433),#1458,.T.);
#1433 = FACE_BOUND('',#1434,.T.);
#1434 = EDGE_LOOP('',(#1435,#1436,#1444,#1452));
#1435 = ORIENTED_EDGE('',*,*,#1412,.T.);
#1436 = ORIENTED_EDGE('',*,*,#1437,.T.);
#1437 = EDGE_CURVE('',#1405,#1438,#1440,.T.);
#1438 = VERTEX_POINT('',#1439);
#1439 = CARTESIAN_POINT('',(20.30101910828,1.326326477677,5.398334688339
    ));
#1440 = B_SPLINE_CURVE_WITH_KNOTS('',2,(#1441,#1442,#1443),
  .UNSPECIFIED.,.F.,.F.,(3,3),(0.,1.),.PIECEWISE_BEZIER_KNOTS.);
#1441 = CARTESIAN_POINT('',(19.82127388535,1.778577316877,6.64088365697)
  );
#1442 = CARTESIAN_POINT('',(20.30101910828,1.603428147938,6.159665270275
    ));
#1443 = CARTESIAN_POINT('',(20.30101910828,1.326326477677,5.398334688339
    ));
#1444 = ORIENTED_EDGE('',*,*,#1445,.F.);
#1445 = EDGE_CURVE('',#1446,#1438,#1448,.T.);
#1446 = VERTEX_POINT('',#1447);
#1447 = CARTESIAN_POINT('',(20.30101910828,2.078080574305,5.124718573678
    ));
#1448 = LINE('',#1449,#1450);
#1449 = CARTESIAN_POINT('',(20.30101910828,2.078080574305,5.124718573678
    ));
#1450 = VECTOR('',#1451,1.);
#1451 = DIRECTION('',(0.,-0.939692620786,0.342020143326));
#1452 = ORIENTED_EDGE('',*,*,#1453,.F.);
#1453 = EDGE_CURVE('',#1413,#1446,#1454,.T.);
#1454 = B_SPLINE_CURVE_WITH_KNOTS('',2,(#1455,#1456,#1457),
  .UNSPECIFIED.,.F.,.F.,(3,3),(0.,1.),.PIECEWISE_BEZIER_KNOTS.);
#1455 = CARTESIAN_POINT('',(19.82127388535,2.530331413505,6.36726754231)
  );
#1456 = CARTESIAN_POINT('',(20.30101910828,2.355182244567,5.886049155614
    ));
#1457 = CARTESIAN_POINT('',(20.30101910828,2.078080574305,5.124718573678
    ));
#1458 = SURFACE_OF_LINEAR_EXTRUSION('',#1459,#1463);
#1459 = B_SPLINE_CURVE_WITH_KNOTS('',2,(#1460,#1461,#1462),
  .UNSPECIFIED.,.F.,.F.,(3,3),(0.,1.),.PIECEWISE_BEZIER_KNOTS.);
#1460 = CARTESIAN_POINT('',(19.82127388535,2.530331413505,6.36726754231)
  );
#1461 = CARTESIAN_POINT('',(20.30101910828,2.355182244567,5.886049155614
    ));
#1462 = CARTESIAN_POINT('',(20.30101910828,2.078080574305,5.124718573678
    ));
#1463 = VECTOR('',#1464,1.);
#1464 = DIRECTION('',(-0.,0.939692620786,-0.342020143326));
#1465 = ADVANCED_FACE('',(#1466),#1491,.T.);
#1466 = FACE_BOUND('',#1467,.T.);
#1467 = EDGE_LOOP('',(#1468,#1469,#1477,#1485));
#1468 = ORIENTED_EDGE('',*,*,#1445,.T.);
#1469 = ORIENTED_EDGE('',*,*,#1470,.T.);
#1470 = EDGE_CURVE('',#1438,#1471,#1473,.T.);
#1471 = VERTEX_POINT('',#1472);
#1472 = CARTESIAN_POINT('',(19.796560509554,0.854382249332,
    4.101678577721));
#1473 = B_SPLINE_CURVE_WITH_KNOTS('',2,(#1474,#1475,#1476),
  .UNSPECIFIED.,.F.,.F.,(3,3),(0.,1.),.PIECEWISE_BEZIER_KNOTS.);
#1474 = CARTESIAN_POINT('',(20.30101910828,1.326326477677,5.398334688339
    ));
#1475 = CARTESIAN_POINT('',(20.30101910828,1.032145584971,4.590079328397
    ));
#1476 = CARTESIAN_POINT('',(19.796560509554,0.854382249332,
    4.101678577721));
#1477 = ORIENTED_EDGE('',*,*,#1478,.F.);
#1478 = EDGE_CURVE('',#1479,#1471,#1481,.T.);
#1479 = VERTEX_POINT('',#1480);
#1480 = CARTESIAN_POINT('',(19.796560509554,1.606136345961,3.82806246306
    ));
#1481 = LINE('',#1482,#1483);
#1482 = CARTESIAN_POINT('',(19.796560509554,1.606136345961,3.82806246306
    ));
#1483 = VECTOR('',#1484,1.);
#1484 = DIRECTION('',(0.,-0.939692620786,0.342020143326));
#1485 = ORIENTED_EDGE('',*,*,#1486,.F.);
#1486 = EDGE_CURVE('',#1446,#1479,#1487,.T.);
#1487 = B_SPLINE_CURVE_WITH_KNOTS('',2,(#1488,#1489,#1490),
  .UNSPECIFIED.,.F.,.F.,(3,3),(0.,1.),.PIECEWISE_BEZIER_KNOTS.);
#1488 = CARTESIAN_POINT('',(20.30101910828,2.078080574305,5.124718573678
    ));
#1489 = CARTESIAN_POINT('',(20.30101910828,1.7838996816,4.316463213736)
  );
#1490 = CARTESIAN_POINT('',(19.796560509554,1.606136345961,3.82806246306
    ));
#1491 = SURFACE_OF_LINEAR_EXTRUSION('',#1492,#1496);
#1492 = B_SPLINE_CURVE_WITH_KNOTS('',2,(#1493,#1494,#1495),
  .UNSPECIFIED.,.F.,.F.,(3,3),(0.,1.),.PIECEWISE_BEZIER_KNOTS.);
#1493 = CARTESIAN_POINT('',(20.30101910828,2.078080574305,5.124718573678
    ));
#1494 = CARTESIAN_POINT('',(20.30101910828,1.7838996816,4.316463213736)
  );
#1495 = CARTESIAN_POINT('',(19.796560509554,1.606136345961,3.82806246306
    ));
#1496 = VECTOR('',#1497,1.);
#1497 = DIRECTION('',(-0.,0.939692620786,-0.342020143326));
#1498 = ADVANCED_FACE('',(#1499),#1524,.T.);
#1499 = FACE_BOUND('',#1500,.T.);
#1500 = EDGE_LOOP('',(#1501,#1502,#1510,#1518));
#1501 = ORIENTED_EDGE('',*,*,#1478,.T.);
#1502 = ORIENTED_EDGE('',*,*,#1503,.T.);
#1503 = EDGE_CURVE('',#1471,#1504,#1506,.T.);
#1504 = VERTEX_POINT('',#1505);
#1505 = CARTESIAN_POINT('',(18.50101910828,0.676618913693,3.613277827045
    ));
#1506 = B_SPLINE_CURVE_WITH_KNOTS('',2,(#1507,#1508,#1509),
  .UNSPECIFIED.,.F.,.F.,(3,3),(0.,1.),.PIECEWISE_BEZIER_KNOTS.);
#1507 = CARTESIAN_POINT('',(19.796560509554,0.854382249332,
    4.101678577721));
#1508 = CARTESIAN_POINT('',(19.292101910828,0.676618913693,
    3.613277827045));
#1509 = CARTESIAN_POINT('',(18.50101910828,0.676618913693,3.613277827045
    ));
#1510 = ORIENTED_EDGE('',*,*,#1511,.F.);
#1511 = EDGE_CURVE('',#1512,#1504,#1514,.T.);
#1512 = VERTEX_POINT('',#1513);
#1513 = CARTESIAN_POINT('',(18.50101910828,1.428373010321,3.339661712384
    ));
#1514 = LINE('',#1515,#1516);
#1515 = CARTESIAN_POINT('',(18.50101910828,1.428373010321,3.339661712384
    ));
#1516 = VECTOR('',#1517,1.);
#1517 = DIRECTION('',(0.,-0.939692620786,0.342020143326));
#1518 = ORIENTED_EDGE('',*,*,#1519,.F.);
#1519 = EDGE_CURVE('',#1479,#1512,#1520,.T.);
#1520 = B_SPLINE_CURVE_WITH_KNOTS('',2,(#1521,#1522,#1523),
  .UNSPECIFIED.,.F.,.F.,(3,3),(0.,1.),.PIECEWISE_BEZIER_KNOTS.);
#1521 = CARTESIAN_POINT('',(19.796560509554,1.606136345961,3.82806246306
    ));
#1522 = CARTESIAN_POINT('',(19.292101910828,1.428373010321,
    3.339661712384));
#1523 = CARTESIAN_POINT('',(18.50101910828,1.428373010321,3.339661712384
    ));
#1524 = SURFACE_OF_LINEAR_EXTRUSION('',#1525,#1529);
#1525 = B_SPLINE_CURVE_WITH_KNOTS('',2,(#1526,#1527,#1528),
  .UNSPECIFIED.,.F.,.F.,(3,3),(0.,1.),.PIECEWISE_BEZIER_KNOTS.);
#1526 = CARTESIAN_POINT('',(19.796560509554,1.606136345961,3.82806246306
    ));
#1527 = CARTESIAN_POINT('',(19.292101910828,1.428373010321,
    3.339661712384));
#1528 = CARTESIAN_POINT('',(18.50101910828,1.428373010321,3.339661712384
    ));
#1529 = VECTOR('',#1530,1.);
#1530 = DIRECTION('',(-0.,0.939692620786,-0.342020143326));
#1531 = ADVANCED_FACE('',(#1532),#1557,.T.);
#1532 = FACE_BOUND('',#1533,.T.);
#1533 = EDGE_LOOP('',(#1534,#1535,#1543,#1551));
#1534 = ORIENTED_EDGE('',*,*,#1511,.T.);
#1535 = ORIENTED_EDGE('',*,*,#1536,.T.);
#1536 = EDGE_CURVE('',#1504,#1537,#1539,.T.);
#1537 = VERTEX_POINT('',#1538);
#1538 = CARTESIAN_POINT('',(17.106114649682,0.902831472183,
    4.234791723493));
#1539 = B_SPLINE_CURVE_WITH_KNOTS('',2,(#1540,#1541,#1542),
  .UNSPECIFIED.,.F.,.F.,(3,3),(0.,1.),.PIECEWISE_BEZIER_KNOTS.);
#1540 = CARTESIAN_POINT('',(18.50101910828,0.676618913693,3.613277827045
    ));
#1541 = CARTESIAN_POINT('',(17.652611464968,0.676618913693,
    3.613277827045));
#1542 = CARTESIAN_POINT('',(17.106114649682,0.902831472183,
    4.234791723493));
#1543 = ORIENTED_EDGE('',*,*,#1544,.F.);
#1544 = EDGE_CURVE('',#1545,#1537,#1547,.T.);
#1545 = VERTEX_POINT('',#1546);
#1546 = CARTESIAN_POINT('',(17.106114649682,1.654585568812,
    3.961175608833));
#1547 = LINE('',#1548,#1549);
#1548 = CARTESIAN_POINT('',(17.106114649682,1.654585568812,
    3.961175608833));
#1549 = VECTOR('',#1550,1.);
#1550 = DIRECTION('',(0.,-0.939692620786,0.342020143326));
#1551 = ORIENTED_EDGE('',*,*,#1552,.F.);
#1552 = EDGE_CURVE('',#1512,#1545,#1553,.T.);
#1553 = B_SPLINE_CURVE_WITH_KNOTS('',2,(#1554,#1555,#1556),
  .UNSPECIFIED.,.F.,.F.,(3,3),(0.,1.),.PIECEWISE_BEZIER_KNOTS.);
#1554 = CARTESIAN_POINT('',(18.50101910828,1.428373010321,3.339661712384
    ));
#1555 = CARTESIAN_POINT('',(17.652611464968,1.428373010321,
    3.339661712384));
#1556 = CARTESIAN_POINT('',(17.106114649682,1.654585568812,
    3.961175608833));
#1557 = SURFACE_OF_LINEAR_EXTRUSION('',#1558,#1562);
#1558 = B_SPLINE_CURVE_WITH_KNOTS('',2,(#1559,#1560,#1561),
  .UNSPECIFIED.,.F.,.F.,(3,3),(0.,1.),.PIECEWISE_BEZIER_KNOTS.);
#1559 = CARTESIAN_POINT('',(18.50101910828,1.428373010321,3.339661712384
    ));
#1560 = CARTESIAN_POINT('',(17.652611464968,1.428373010321,
    3.339661712384));
#1561 = CARTESIAN_POINT('',(17.106114649682,1.654585568812,
    3.961175608833));
#1562 = VECTOR('',#1563,1.);
#1563 = DIRECTION('',(-0.,0.939692620786,-0.342020143326));
#1564 = ADVANCED_FACE('',(#1565),#1590,.T.);
#1565 = FACE_BOUND('',#1566,.T.);
#1566 = EDGE_LOOP('',(#1567,#1568,#1576,#1584));
#1567 = ORIENTED_EDGE('',*,*,#1544,.T.);
#1568 = ORIENTED_EDGE('',*,*,#1569,.T.);
#1569 = EDGE_CURVE('',#1537,#1570,#1572,.T.);
#1570 = VERTEX_POINT('',#1571);
#1571 = CARTESIAN_POINT('',(16.559617834395,1.644383426247,
    6.272188972637));
#1572 = B_SPLINE_CURVE_WITH_KNOTS('',2,(#1573,#1574,#1575),
  .UNSPECIFIED.,.F.,.F.,(3,3),(0.,1.),.PIECEWISE_BEZIER_KNOTS.);
#1573 = CARTESIAN_POINT('',(17.106114649682,0.902831472183,
    4.234791723493));
#1574 = CARTESIAN_POINT('',(16.559617834395,1.129044030673,
    4.856305619942));
#1575 = CARTESIAN_POINT('',(16.559617834395,1.644383426247,
    6.272188972637));
#1576 = ORIENTED_EDGE('',*,*,#1577,.F.);
#1577 = EDGE_CURVE('',#1578,#1570,#1580,.T.);
#1578 = VERTEX_POINT('',#1579);
#1579 = CARTESIAN_POINT('',(16.559617834395,2.396137522876,
    5.998572857976));
#1580 = LINE('',#1581,#1582);
#1581 = CARTESIAN_POINT('',(16.559617834395,2.396137522876,
    5.998572857976));
#1582 = VECTOR('',#1583,1.);
#1583 = DIRECTION('',(0.,-0.939692620786,0.342020143326));
#1584 = ORIENTED_EDGE('',*,*,#1585,.F.);
#1585 = EDGE_CURVE('',#1545,#1578,#1586,.T.);
#1586 = B_SPLINE_CURVE_WITH_KNOTS('',2,(#1587,#1588,#1589),
  .UNSPECIFIED.,.F.,.F.,(3,3),(0.,1.),.PIECEWISE_BEZIER_KNOTS.);
#1587 = CARTESIAN_POINT('',(17.106114649682,1.654585568812,
    3.961175608833));
#1588 = CARTESIAN_POINT('',(16.559617834395,1.880798127302,
    4.582689505281));
#1589 = CARTESIAN_POINT('',(16.559617834395,2.396137522876,
    5.998572857976));
#1590 = SURFACE_OF_LINEAR_EXTRUSION('',#1591,#1595);
#1591 = B_SPLINE_CURVE_WITH_KNOTS('',2,(#1592,#1593,#1594),
  .UNSPECIFIED.,.F.,.F.,(3,3),(0.,1.),.PIECEWISE_BEZIER_KNOTS.);
#1592 = CARTESIAN_POINT('',(17.106114649682,1.654585568812,
    3.961175608833));
#1593 = CARTESIAN_POINT('',(16.559617834395,1.880798127302,
    4.582689505281));
#1594 = CARTESIAN_POINT('',(16.559617834395,2.396137522876,
    5.998572857976));
#1595 = VECTOR('',#1596,1.);
#1596 = DIRECTION('',(-0.,0.939692620786,-0.342020143326));
#1597 = ADVANCED_FACE('',(#1598),#1623,.T.);
#1598 = FACE_BOUND('',#1599,.T.);
#1599 = EDGE_LOOP('',(#1600,#1601,#1609,#1617));
#1600 = ORIENTED_EDGE('',*,*,#1577,.T.);
#1601 = ORIENTED_EDGE('',*,*,#1602,.T.);
#1602 = EDGE_CURVE('',#1570,#1603,#1605,.T.);
#1603 = VERTEX_POINT('',#1604);
#1604 = CARTESIAN_POINT('',(17.129044585987,2.406238741685,
    8.365369248695));
#1605 = B_SPLINE_CURVE_WITH_KNOTS('',2,(#1606,#1607,#1608),
  .UNSPECIFIED.,.F.,.F.,(3,3),(0.,1.),.PIECEWISE_BEZIER_KNOTS.);
#1606 = CARTESIAN_POINT('',(16.559617834395,1.644383426247,
    6.272188972637));
#1607 = CARTESIAN_POINT('',(16.559617834395,2.172880794214,
    7.724223557367));
#1608 = CARTESIAN_POINT('',(17.129044585987,2.406238741685,
    8.365369248695));
#1609 = ORIENTED_EDGE('',*,*,#1610,.F.);
#1610 = EDGE_CURVE('',#1611,#1603,#1613,.T.);
#1611 = VERTEX_POINT('',#1612);
#1612 = CARTESIAN_POINT('',(17.129044585987,3.157992838314,
    8.091753134035));
#1613 = LINE('',#1614,#1615);
#1614 = CARTESIAN_POINT('',(17.129044585987,3.157992838314,
    8.091753134035));
#1615 = VECTOR('',#1616,1.);
#1616 = DIRECTION('',(0.,-0.939692620786,0.342020143326));
#1617 = ORIENTED_EDGE('',*,*,#1618,.F.);
#1618 = EDGE_CURVE('',#1578,#1611,#1619,.T.);
#1619 = B_SPLINE_CURVE_WITH_KNOTS('',2,(#1620,#1621,#1622),
  .UNSPECIFIED.,.F.,.F.,(3,3),(0.,1.),.PIECEWISE_BEZIER_KNOTS.);
#1620 = CARTESIAN_POINT('',(16.559617834395,2.396137522876,
    5.998572857976));
#1621 = CARTESIAN_POINT('',(16.559617834395,2.924634890843,
    7.450607442706));
#1622 = CARTESIAN_POINT('',(17.129044585987,3.157992838314,
    8.091753134035));
#1623 = SURFACE_OF_LINEAR_EXTRUSION('',#1624,#1628);
#1624 = B_SPLINE_CURVE_WITH_KNOTS('',2,(#1625,#1626,#1627),
  .UNSPECIFIED.,.F.,.F.,(3,3),(0.,1.),.PIECEWISE_BEZIER_KNOTS.);
#1625 = CARTESIAN_POINT('',(16.559617834395,2.396137522876,
    5.998572857976));
#1626 = CARTESIAN_POINT('',(16.559617834395,2.924634890843,
    7.450607442706));
#1627 = CARTESIAN_POINT('',(17.129044585987,3.157992838314,
    8.091753134035));
#1628 = VECTOR('',#1629,1.);
#1629 = DIRECTION('',(-0.,0.939692620786,-0.342020143326));
#1630 = ADVANCED_FACE('',(#1631),#1656,.T.);
#1631 = FACE_BOUND('',#1632,.T.);
#1632 = EDGE_LOOP('',(#1633,#1634,#1642,#1650));
#1633 = ORIENTED_EDGE('',*,*,#1610,.T.);
#1634 = ORIENTED_EDGE('',*,*,#1635,.T.);
#1635 = EDGE_CURVE('',#1603,#1636,#1638,.T.);
#1636 = VERTEX_POINT('',#1637);
#1637 = CARTESIAN_POINT('',(18.608025477707,2.639683828047,
    9.006754352157));
#1638 = B_SPLINE_CURVE_WITH_KNOTS('',2,(#1639,#1640,#1641),
  .UNSPECIFIED.,.F.,.F.,(3,3),(0.,1.),.PIECEWISE_BEZIER_KNOTS.);
#1639 = CARTESIAN_POINT('',(17.129044585987,2.406238741685,
    8.365369248695));
#1640 = CARTESIAN_POINT('',(17.69847133758,2.639683828047,9.006754352157
    ));
#1641 = CARTESIAN_POINT('',(18.608025477707,2.639683828047,
    9.006754352157));
#1642 = ORIENTED_EDGE('',*,*,#1643,.F.);
#1643 = EDGE_CURVE('',#1644,#1636,#1646,.T.);
#1644 = VERTEX_POINT('',#1645);
#1645 = CARTESIAN_POINT('',(18.608025477707,3.391437924676,
    8.733138237496));
#1646 = LINE('',#1647,#1648);
#1647 = CARTESIAN_POINT('',(18.608025477707,3.391437924676,
    8.733138237496));
#1648 = VECTOR('',#1649,1.);
#1649 = DIRECTION('',(0.,-0.939692620786,0.342020143326));
#1650 = ORIENTED_EDGE('',*,*,#1651,.F.);
#1651 = EDGE_CURVE('',#1611,#1644,#1652,.T.);
#1652 = B_SPLINE_CURVE_WITH_KNOTS('',2,(#1653,#1654,#1655),
  .UNSPECIFIED.,.F.,.F.,(3,3),(0.,1.),.PIECEWISE_BEZIER_KNOTS.);
#1653 = CARTESIAN_POINT('',(17.129044585987,3.157992838314,
    8.091753134035));
#1654 = CARTESIAN_POINT('',(17.69847133758,3.391437924676,8.733138237496
    ));
#1655 = CARTESIAN_POINT('',(18.608025477707,3.391437924676,
    8.733138237496));
#1656 = SURFACE_OF_LINEAR_EXTRUSION('',#1657,#1661);
#1657 = B_SPLINE_CURVE_WITH_KNOTS('',2,(#1658,#1659,#1660),
  .UNSPECIFIED.,.F.,.F.,(3,3),(0.,1.),.PIECEWISE_BEZIER_KNOTS.);
#1658 = CARTESIAN_POINT('',(17.129044585987,3.157992838314,
    8.091753134035));
#1659 = CARTESIAN_POINT('',(17.69847133758,3.391437924676,8.733138237496
    ));
#1660 = CARTESIAN_POINT('',(18.608025477707,3.391437924676,
    8.733138237496));
#1661 = VECTOR('',#1662,1.);
#1662 = DIRECTION('',(-0.,0.939692620786,-0.342020143326));
#1663 = ADVANCED_FACE('',(#1664),#1689,.T.);
#1664 = FACE_BOUND('',#1665,.T.);
#1665 = EDGE_LOOP('',(#1666,#1667,#1675,#1683));
#1666 = ORIENTED_EDGE('',*,*,#1643,.T.);
#1667 = ORIENTED_EDGE('',*,*,#1668,.T.);
#1668 = EDGE_CURVE('',#1636,#1669,#1671,.T.);
#1669 = VERTEX_POINT('',#1670);
#1670 = CARTESIAN_POINT('',(19.664585987261,2.51673085423,8.668943832939
    ));
#1671 = B_SPLINE_CURVE_WITH_KNOTS('',2,(#1672,#1673,#1674),
  .UNSPECIFIED.,.F.,.F.,(3,3),(0.,1.),.PIECEWISE_BEZIER_KNOTS.);
#1672 = CARTESIAN_POINT('',(18.608025477707,2.639683828047,
    9.006754352157));
#1673 = CARTESIAN_POINT('',(19.246242038217,2.639683828047,
    9.006754352157));
#1674 = CARTESIAN_POINT('',(19.664585987261,2.51673085423,8.668943832939
    ));
#1675 = ORIENTED_EDGE('',*,*,#1676,.F.);
#1676 = EDGE_CURVE('',#1677,#1669,#1679,.T.);
#1677 = VERTEX_POINT('',#1678);
#1678 = CARTESIAN_POINT('',(19.664585987261,3.268484950859,
    8.395327718279));
#1679 = LINE('',#1680,#1681);
#1680 = CARTESIAN_POINT('',(19.664585987261,3.268484950859,
    8.395327718279));
#1681 = VECTOR('',#1682,1.);
#1682 = DIRECTION('',(0.,-0.939692620786,0.342020143326));
#1683 = ORIENTED_EDGE('',*,*,#1684,.F.);
#1684 = EDGE_CURVE('',#1644,#1677,#1685,.T.);
#1685 = B_SPLINE_CURVE_WITH_KNOTS('',2,(#1686,#1687,#1688),
  .UNSPECIFIED.,.F.,.F.,(3,3),(0.,1.),.PIECEWISE_BEZIER_KNOTS.);
#1686 = CARTESIAN_POINT('',(18.608025477707,3.391437924676,
    8.733138237496));
#1687 = CARTESIAN_POINT('',(19.246242038217,3.391437924676,
    8.733138237496));
#1688 = CARTESIAN_POINT('',(19.664585987261,3.268484950859,
    8.395327718279));
#1689 = SURFACE_OF_LINEAR_EXTRUSION('',#1690,#1694);
#1690 = B_SPLINE_CURVE_WITH_KNOTS('',2,(#1691,#1692,#1693),
  .UNSPECIFIED.,.F.,.F.,(3,3),(0.,1.),.PIECEWISE_BEZIER_KNOTS.);
#1691 = CARTESIAN_POINT('',(18.608025477707,3.391437924676,
    8.733138237496));
#1692 = CARTESIAN_POINT('',(19.246242038217,3.391437924676,
    8.733138237496));
#1693 = CARTESIAN_POINT('',(19.664585987261,3.268484950859,
    8.395327718279));
#1694 = VECTOR('',#1695,1.);
#1695 = DIRECTION('',(-0.,0.939692620786,-0.342020143326));
#1696 = ADVANCED_FACE('',(#1697),#1713,.T.);
#1697 = FACE_BOUND('',#1698,.T.);
#1698 = EDGE_LOOP('',(#1699,#1700,#1706,#1707));
#1699 = ORIENTED_EDGE('',*,*,#1676,.T.);
#1700 = ORIENTED_EDGE('',*,*,#1701,.T.);
#1701 = EDGE_CURVE('',#1669,#1201,#1702,.T.);
#1702 = B_SPLINE_CURVE_WITH_KNOTS('',2,(#1703,#1704,#1705),
  .UNSPECIFIED.,.F.,.F.,(3,3),(0.,1.),.PIECEWISE_BEZIER_KNOTS.);
#1703 = CARTESIAN_POINT('',(19.664585987261,2.51673085423,8.668943832939
    ));
#1704 = CARTESIAN_POINT('',(20.083184713376,2.393865019303,
    8.331372725854));
#1705 = CARTESIAN_POINT('',(20.197834394904,2.159809960711,
    7.688311737464));
#1706 = ORIENTED_EDGE('',*,*,#1198,.F.);
#1707 = ORIENTED_EDGE('',*,*,#1708,.F.);
#1708 = EDGE_CURVE('',#1677,#1199,#1709,.T.);
#1709 = B_SPLINE_CURVE_WITH_KNOTS('',2,(#1710,#1711,#1712),
  .UNSPECIFIED.,.F.,.F.,(3,3),(0.,1.),.PIECEWISE_BEZIER_KNOTS.);
#1710 = CARTESIAN_POINT('',(19.664585987261,3.268484950859,
    8.395327718279));
#1711 = CARTESIAN_POINT('',(20.083184713376,3.145619115931,
    8.057756611194));
#1712 = CARTESIAN_POINT('',(20.197834394904,2.91156405734,7.414695622804
    ));
#1713 = SURFACE_OF_LINEAR_EXTRUSION('',#1714,#1718);
#1714 = B_SPLINE_CURVE_WITH_KNOTS('',2,(#1715,#1716,#1717),
  .UNSPECIFIED.,.F.,.F.,(3,3),(0.,1.),.PIECEWISE_BEZIER_KNOTS.);
#1715 = CARTESIAN_POINT('',(19.664585987261,3.268484950859,
    8.395327718279));
#1716 = CARTESIAN_POINT('',(20.083184713376,3.145619115931,
    8.057756611194));
#1717 = CARTESIAN_POINT('',(20.197834394904,2.91156405734,7.414695622804
    ));
#1718 = VECTOR('',#1719,1.);
#1719 = DIRECTION('',(-0.,0.939692620786,-0.342020143326));
#1720 = ADVANCED_FACE('',(#1721),#1739,.F.);
#1721 = FACE_BOUND('',#1722,.T.);
#1722 = EDGE_LOOP('',(#1723,#1724,#1725,#1726,#1727,#1728,#1729,#1730,
    #1731,#1732,#1733,#1734,#1735,#1736,#1737,#1738));
#1723 = ORIENTED_EDGE('',*,*,#1224,.T.);
#1724 = ORIENTED_EDGE('',*,*,#1255,.T.);
#1725 = ORIENTED_EDGE('',*,*,#1288,.T.);
#1726 = ORIENTED_EDGE('',*,*,#1321,.T.);
#1727 = ORIENTED_EDGE('',*,*,#1354,.T.);
#1728 = ORIENTED_EDGE('',*,*,#1387,.T.);
#1729 = ORIENTED_EDGE('',*,*,#1420,.T.);
#1730 = ORIENTED_EDGE('',*,*,#1453,.T.);
#1731 = ORIENTED_EDGE('',*,*,#1486,.T.);
#1732 = ORIENTED_EDGE('',*,*,#1519,.T.);
#1733 = ORIENTED_EDGE('',*,*,#1552,.T.);
#1734 = ORIENTED_EDGE('',*,*,#1585,.T.);
#1735 = ORIENTED_EDGE('',*,*,#1618,.T.);
#1736 = ORIENTED_EDGE('',*,*,#1651,.T.);
#1737 = ORIENTED_EDGE('',*,*,#1684,.T.);
#1738 = ORIENTED_EDGE('',*,*,#1708,.T.);
#1739 = PLANE('',#1740);
#1740 = AXIS2_PLACEMENT_3D('',#1741,#1742,#1743);
#1741 = CARTESIAN_POINT('',(18.451917150107,2.51343073308,6.320833304469
    ));
#1742 = DIRECTION('',(0.,-0.939692620786,0.342020143326));
#1743 = DIRECTION('',(1.,0.,0.));
#1744 = ADVANCED_FACE('',(#1745),#1763,.T.);
#1745 = FACE_BOUND('',#1746,.F.);
#1746 = EDGE_LOOP('',(#1747,#1748,#1749,#1750,#1751,#1752,#1753,#1754,
    #1755,#1756,#1757,#1758,#1759,#1760,#1761,#1762));
#1747 = ORIENTED_EDGE('',*,*,#1208,.T.);
#1748 = ORIENTED_EDGE('',*,*,#1239,.T.);
#1749 = ORIENTED_EDGE('',*,*,#1272,.T.);
#1750 = ORIENTED_EDGE('',*,*,#1305,.T.);
#1751 = ORIENTED_EDGE('',*,*,#1338,.T.);
#1752 = ORIENTED_EDGE('',*,*,#1371,.T.);
#1753 = ORIENTED_EDGE('',*,*,#1404,.T.);
#1754 = ORIENTED_EDGE('',*,*,#1437,.T.);
#1755 = ORIENTED_EDGE('',*,*,#1470,.T.);
#1756 = ORIENTED_EDGE('',*,*,#1503,.T.);
#1757 = ORIENTED_EDGE('',*,*,#1536,.T.);
#1758 = ORIENTED_EDGE('',*,*,#1569,.T.);
#1759 = ORIENTED_EDGE('',*,*,#1602,.T.);
#1760 = ORIENTED_EDGE('',*,*,#1635,.T.);
#1761 = ORIENTED_EDGE('',*,*,#1668,.T.);
#1762 = ORIENTED_EDGE('',*,*,#1701,.T.);
#1763 = PLANE('',#1764);
#1764 = AXIS2_PLACEMENT_3D('',#1765,#1766,#1767);
#1765 = CARTESIAN_POINT('',(18.451917150107,1.761676636452,
    6.594449419129));
#1766 = DIRECTION('',(0.,-0.939692620786,0.342020143326));
#1767 = DIRECTION('',(1.,0.,0.));
#1768 = MANIFOLD_SOLID_BREP('',#1769);
#1769 = CLOSED_SHELL('',(#1770,#1812,#1845,#1878,#1911,#1944,#1977,#2010
    ,#2034,#2050));
#1770 = ADVANCED_FACE('',(#1771),#1805,.F.);
#1771 = FACE_BOUND('',#1772,.F.);
#1772 = EDGE_LOOP('',(#1773,#1783,#1791,#1799));
#1773 = ORIENTED_EDGE('',*,*,#1774,.T.);
#1774 = EDGE_CURVE('',#1775,#1777,#1779,.T.);
#1775 = VERTEX_POINT('',#1776);
#1776 = CARTESIAN_POINT('',(17.763439490446,2.106400713561,
    5.202527516801));
#1777 = VERTEX_POINT('',#1778);
#1778 = CARTESIAN_POINT('',(17.763439490446,1.354646616933,
    5.476143631461));
#1779 = LINE('',#1780,#1781);
#1780 = CARTESIAN_POINT('',(17.763439490446,2.106400713561,
    5.202527516801));
#1781 = VECTOR('',#1782,1.);
#1782 = DIRECTION('',(0.,-0.939692620786,0.342020143326));
#1783 = ORIENTED_EDGE('',*,*,#1784,.T.);
#1784 = EDGE_CURVE('',#1777,#1785,#1787,.T.);
#1785 = VERTEX_POINT('',#1786);
#1786 = CARTESIAN_POINT('',(18.004203821656,1.080071974482,
    4.721756001373));
#1787 = B_SPLINE_CURVE_WITH_KNOTS('',2,(#1788,#1789,#1790),
  .UNSPECIFIED.,.F.,.F.,(3,3),(0.,1.),.PIECEWISE_BEZIER_KNOTS.);
#1788 = CARTESIAN_POINT('',(17.763439490446,1.354646616933,
    5.476143631461));
#1789 = CARTESIAN_POINT('',(17.763439490446,1.176796142403,
    4.987503468653));
#1790 = CARTESIAN_POINT('',(18.004203821656,1.080071974482,
    4.721756001373));
#1791 = ORIENTED_EDGE('',*,*,#1792,.F.);
#1792 = EDGE_CURVE('',#1793,#1785,#1795,.T.);
#1793 = VERTEX_POINT('',#1794);
#1794 = CARTESIAN_POINT('',(18.004203821656,1.831826071111,
    4.448139886712));
#1795 = LINE('',#1796,#1797);
#1796 = CARTESIAN_POINT('',(18.004203821656,1.831826071111,
    4.448139886712));
#1797 = VECTOR('',#1798,1.);
#1798 = DIRECTION('',(0.,-0.939692620786,0.342020143326));
#1799 = ORIENTED_EDGE('',*,*,#1800,.F.);
#1800 = EDGE_CURVE('',#1775,#1793,#1801,.T.);
#1801 = B_SPLINE_CURVE_WITH_KNOTS('',2,(#1802,#1803,#1804),
  .UNSPECIFIED.,.F.,.F.,(3,3),(0.,1.),.PIECEWISE_BEZIER_KNOTS.);
#1802 = CARTESIAN_POINT('',(17.763439490446,2.106400713561,
    5.202527516801));
#1803 = CARTESIAN_POINT('',(17.763439490446,1.928550239032,
    4.713887353992));
#1804 = CARTESIAN_POINT('',(18.004203821656,1.831826071111,
    4.448139886712));
#1805 = SURFACE_OF_LINEAR_EXTRUSION('',#1806,#1810);
#1806 = B_SPLINE_CURVE_WITH_KNOTS('',2,(#1807,#1808,#1809),
  .UNSPECIFIED.,.F.,.F.,(3,3),(0.,1.),.PIECEWISE_BEZIER_KNOTS.);
#1807 = CARTESIAN_POINT('',(17.763439490446,2.106400713561,
    5.202527516801));
#1808 = CARTESIAN_POINT('',(17.763439490446,1.928550239032,
    4.713887353992));
#1809 = CARTESIAN_POINT('',(18.004203821656,1.831826071111,
    4.448139886712));
#1810 = VECTOR('',#1811,1.);
#1811 = DIRECTION('',(-0.,0.939692620786,-0.342020143326));
#1812 = ADVANCED_FACE('',(#1813),#1838,.F.);
#1813 = FACE_BOUND('',#1814,.F.);
#1814 = EDGE_LOOP('',(#1815,#1816,#1824,#1832));
#1815 = ORIENTED_EDGE('',*,*,#1792,.T.);
#1816 = ORIENTED_EDGE('',*,*,#1817,.T.);
#1817 = EDGE_CURVE('',#1785,#1818,#1820,.T.);
#1818 = VERTEX_POINT('',#1819);
#1819 = CARTESIAN_POINT('',(18.554522292994,0.983347806561,
    4.456008534093));
#1820 = B_SPLINE_CURVE_WITH_KNOTS('',2,(#1821,#1822,#1823),
  .UNSPECIFIED.,.F.,.F.,(3,3),(0.,1.),.PIECEWISE_BEZIER_KNOTS.);
#1821 = CARTESIAN_POINT('',(18.004203821656,1.080071974482,
    4.721756001373));
#1822 = CARTESIAN_POINT('',(18.244968152866,0.983347806561,
    4.456008534093));
#1823 = CARTESIAN_POINT('',(18.554522292994,0.983347806561,
    4.456008534093));
#1824 = ORIENTED_EDGE('',*,*,#1825,.F.);
#1825 = EDGE_CURVE('',#1826,#1818,#1828,.T.);
#1826 = VERTEX_POINT('',#1827);
#1827 = CARTESIAN_POINT('',(18.554522292994,1.735101903189,
    4.182392419433));
#1828 = LINE('',#1829,#1830);
#1829 = CARTESIAN_POINT('',(18.554522292994,1.735101903189,
    4.182392419433));
#1830 = VECTOR('',#1831,1.);
#1831 = DIRECTION('',(0.,-0.939692620786,0.342020143326));
#1832 = ORIENTED_EDGE('',*,*,#1833,.F.);
#1833 = EDGE_CURVE('',#1793,#1826,#1834,.T.);
#1834 = B_SPLINE_CURVE_WITH_KNOTS('',2,(#1835,#1836,#1837),
  .UNSPECIFIED.,.F.,.F.,(3,3),(0.,1.),.PIECEWISE_BEZIER_KNOTS.);
#1835 = CARTESIAN_POINT('',(18.004203821656,1.831826071111,
    4.448139886712));
#1836 = CARTESIAN_POINT('',(18.244968152866,1.735101903189,
    4.182392419433));
#1837 = CARTESIAN_POINT('',(18.554522292994,1.735101903189,
    4.182392419433));
#1838 = SURFACE_OF_LINEAR_EXTRUSION('',#1839,#1843);
#1839 = B_SPLINE_CURVE_WITH_KNOTS('',2,(#1840,#1841,#1842),
  .UNSPECIFIED.,.F.,.F.,(3,3),(0.,1.),.PIECEWISE_BEZIER_KNOTS.);
#1840 = CARTESIAN_POINT('',(18.004203821656,1.831826071111,
    4.448139886712));
#1841 = CARTESIAN_POINT('',(18.244968152866,1.735101903189,
    4.182392419433));
#1842 = CARTESIAN_POINT('',(18.554522292994,1.735101903189,
    4.182392419433));
#1843 = VECTOR('',#1844,1.);
#1844 = DIRECTION('',(-0.,0.939692620786,-0.342020143326));
#1845 = ADVANCED_FACE('',(#1846),#1871,.F.);
#1846 = FACE_BOUND('',#1847,.F.);
#1847 = EDGE_LOOP('',(#1848,#1849,#1857,#1865));
#1848 = ORIENTED_EDGE('',*,*,#1825,.T.);
#1849 = ORIENTED_EDGE('',*,*,#1850,.T.);
#1850 = EDGE_CURVE('',#1818,#1851,#1853,.T.);
#1851 = VERTEX_POINT('',#1852);
#1852 = CARTESIAN_POINT('',(19.051337579618,1.062557057588,
    4.673634162703));
#1853 = B_SPLINE_CURVE_WITH_KNOTS('',2,(#1854,#1855,#1856),
  .UNSPECIFIED.,.F.,.F.,(3,3),(0.,1.),.PIECEWISE_BEZIER_KNOTS.);
#1854 = CARTESIAN_POINT('',(18.554522292994,0.983347806561,
    4.456008534093));
#1855 = CARTESIAN_POINT('',(18.852611464968,0.983347806561,
    4.456008534093));
#1856 = CARTESIAN_POINT('',(19.051337579618,1.062557057588,
    4.673634162703));
#1857 = ORIENTED_EDGE('',*,*,#1858,.F.);
#1858 = EDGE_CURVE('',#1859,#1851,#1861,.T.);
#1859 = VERTEX_POINT('',#1860);
#1860 = CARTESIAN_POINT('',(19.051337579618,1.814311154217,
    4.400018048043));
#1861 = LINE('',#1862,#1863);
#1862 = CARTESIAN_POINT('',(19.051337579618,1.814311154217,
    4.400018048043));
#1863 = VECTOR('',#1864,1.);
#1864 = DIRECTION('',(0.,-0.939692620786,0.342020143326));
#1865 = ORIENTED_EDGE('',*,*,#1866,.F.);
#1866 = EDGE_CURVE('',#1826,#1859,#1867,.T.);
#1867 = B_SPLINE_CURVE_WITH_KNOTS('',2,(#1868,#1869,#1870),
  .UNSPECIFIED.,.F.,.F.,(3,3),(0.,1.),.PIECEWISE_BEZIER_KNOTS.);
#1868 = CARTESIAN_POINT('',(18.554522292994,1.735101903189,
    4.182392419433));
#1869 = CARTESIAN_POINT('',(18.852611464968,1.735101903189,
    4.182392419433));
#1870 = CARTESIAN_POINT('',(19.051337579618,1.814311154217,
    4.400018048043));
#1871 = SURFACE_OF_LINEAR_EXTRUSION('',#1872,#1876);
#1872 = B_SPLINE_CURVE_WITH_KNOTS('',2,(#1873,#1874,#1875),
  .UNSPECIFIED.,.F.,.F.,(3,3),(0.,1.),.PIECEWISE_BEZIER_KNOTS.);
#1873 = CARTESIAN_POINT('',(18.554522292994,1.735101903189,
    4.182392419433));
#1874 = CARTESIAN_POINT('',(18.852611464968,1.735101903189,
    4.182392419433));
#1875 = CARTESIAN_POINT('',(19.051337579618,1.814311154217,
    4.400018048043));
#1876 = VECTOR('',#1877,1.);
#1877 = DIRECTION('',(-0.,0.939692620786,-0.342020143326));
#1878 = ADVANCED_FACE('',(#1879),#1904,.F.);
#1879 = FACE_BOUND('',#1880,.F.);
#1880 = EDGE_LOOP('',(#1881,#1882,#1890,#1898));
#1881 = ORIENTED_EDGE('',*,*,#1858,.T.);
#1882 = ORIENTED_EDGE('',*,*,#1883,.T.);
#1883 = EDGE_CURVE('',#1851,#1884,#1886,.T.);
#1884 = VERTEX_POINT('',#1885);
#1885 = CARTESIAN_POINT('',(19.250063694268,1.322143810956,5.38684290597
    ));
#1886 = B_SPLINE_CURVE_WITH_KNOTS('',2,(#1887,#1888,#1889),
  .UNSPECIFIED.,.F.,.F.,(3,3),(0.,1.),.PIECEWISE_BEZIER_KNOTS.);
#1887 = CARTESIAN_POINT('',(19.051337579618,1.062557057588,
    4.673634162703));
#1888 = CARTESIAN_POINT('',(19.250063694268,1.141766308616,
    4.891259791313));
#1889 = CARTESIAN_POINT('',(19.250063694268,1.322143810956,5.38684290597
    ));
#1890 = ORIENTED_EDGE('',*,*,#1891,.F.);
#1891 = EDGE_CURVE('',#1892,#1884,#1894,.T.);
#1892 = VERTEX_POINT('',#1893);
#1893 = CARTESIAN_POINT('',(19.250063694268,2.073897907584,
    5.113226791309));
#1894 = LINE('',#1895,#1896);
#1895 = CARTESIAN_POINT('',(19.250063694268,2.073897907584,
    5.113226791309));
#1896 = VECTOR('',#1897,1.);
#1897 = DIRECTION('',(0.,-0.939692620786,0.342020143326));
#1898 = ORIENTED_EDGE('',*,*,#1899,.F.);
#1899 = EDGE_CURVE('',#1859,#1892,#1900,.T.);
#1900 = B_SPLINE_CURVE_WITH_KNOTS('',2,(#1901,#1902,#1903),
  .UNSPECIFIED.,.F.,.F.,(3,3),(0.,1.),.PIECEWISE_BEZIER_KNOTS.);
#1901 = CARTESIAN_POINT('',(19.051337579618,1.814311154217,
    4.400018048043));
#1902 = CARTESIAN_POINT('',(19.250063694268,1.893520405244,
    4.617643676653));
#1903 = CARTESIAN_POINT('',(19.250063694268,2.073897907584,
    5.113226791309));
#1904 = SURFACE_OF_LINEAR_EXTRUSION('',#1905,#1909);
#1905 = B_SPLINE_CURVE_WITH_KNOTS('',2,(#1906,#1907,#1908),
  .UNSPECIFIED.,.F.,.F.,(3,3),(0.,1.),.PIECEWISE_BEZIER_KNOTS.);
#1906 = CARTESIAN_POINT('',(19.051337579618,1.814311154217,
    4.400018048043));
#1907 = CARTESIAN_POINT('',(19.250063694268,1.893520405244,
    4.617643676653));
#1908 = CARTESIAN_POINT('',(19.250063694268,2.073897907584,
    5.113226791309));
#1909 = VECTOR('',#1910,1.);
#1910 = DIRECTION('',(-0.,0.939692620786,-0.342020143326));
#1911 = ADVANCED_FACE('',(#1912),#1937,.F.);
#1912 = FACE_BOUND('',#1913,.F.);
#1913 = EDGE_LOOP('',(#1914,#1915,#1923,#1931));
#1914 = ORIENTED_EDGE('',*,*,#1891,.T.);
#1915 = ORIENTED_EDGE('',*,*,#1916,.T.);
#1916 = EDGE_CURVE('',#1884,#1917,#1919,.T.);
#1917 = VERTEX_POINT('',#1918);
#1918 = CARTESIAN_POINT('',(19.036050955414,1.594104286706,
    6.134048172078));
#1919 = B_SPLINE_CURVE_WITH_KNOTS('',2,(#1920,#1921,#1922),
  .UNSPECIFIED.,.F.,.F.,(3,3),(0.,1.),.PIECEWISE_BEZIER_KNOTS.);
#1920 = CARTESIAN_POINT('',(19.250063694268,1.322143810956,5.38684290597
    ));
#1921 = CARTESIAN_POINT('',(19.250063694268,1.507836785587,5.89703016072
    ));
#1922 = CARTESIAN_POINT('',(19.036050955414,1.594104286706,
    6.134048172078));
#1923 = ORIENTED_EDGE('',*,*,#1924,.F.);
#1924 = EDGE_CURVE('',#1925,#1917,#1927,.T.);
#1925 = VERTEX_POINT('',#1926);
#1926 = CARTESIAN_POINT('',(19.036050955414,2.345858383334,
    5.860432057417));
#1927 = LINE('',#1928,#1929);
#1928 = CARTESIAN_POINT('',(19.036050955414,2.345858383334,
    5.860432057417));
#1929 = VECTOR('',#1930,1.);
#1930 = DIRECTION('',(0.,-0.939692620786,0.342020143326));
#1931 = ORIENTED_EDGE('',*,*,#1932,.F.);
#1932 = EDGE_CURVE('',#1892,#1925,#1933,.T.);
#1933 = B_SPLINE_CURVE_WITH_KNOTS('',2,(#1934,#1935,#1936),
  .UNSPECIFIED.,.F.,.F.,(3,3),(0.,1.),.PIECEWISE_BEZIER_KNOTS.);
#1934 = CARTESIAN_POINT('',(19.250063694268,2.073897907584,
    5.113226791309));
#1935 = CARTESIAN_POINT('',(19.250063694268,2.259590882215,5.62341404606
    ));
#1936 = CARTESIAN_POINT('',(19.036050955414,2.345858383334,
    5.860432057417));
#1937 = SURFACE_OF_LINEAR_EXTRUSION('',#1938,#1942);
#1938 = B_SPLINE_CURVE_WITH_KNOTS('',2,(#1939,#1940,#1941),
  .UNSPECIFIED.,.F.,.F.,(3,3),(0.,1.),.PIECEWISE_BEZIER_KNOTS.);
#1939 = CARTESIAN_POINT('',(19.250063694268,2.073897907584,
    5.113226791309));
#1940 = CARTESIAN_POINT('',(19.250063694268,2.259590882215,5.62341404606
    ));
#1941 = CARTESIAN_POINT('',(19.036050955414,2.345858383334,
    5.860432057417));
#1942 = VECTOR('',#1943,1.);
#1943 = DIRECTION('',(-0.,0.939692620786,-0.342020143326));
#1944 = ADVANCED_FACE('',(#1945),#1970,.F.);
#1945 = FACE_BOUND('',#1946,.F.);
#1946 = EDGE_LOOP('',(#1947,#1948,#1956,#1964));
#1947 = ORIENTED_EDGE('',*,*,#1924,.T.);
#1948 = ORIENTED_EDGE('',*,*,#1949,.T.);
#1949 = EDGE_CURVE('',#1917,#1950,#1952,.T.);
#1950 = VERTEX_POINT('',#1951);
#1951 = CARTESIAN_POINT('',(18.50101910828,1.680458926715,6.371305595568
    ));
#1952 = B_SPLINE_CURVE_WITH_KNOTS('',2,(#1953,#1954,#1955),
  .UNSPECIFIED.,.F.,.F.,(3,3),(0.,1.),.PIECEWISE_BEZIER_KNOTS.);
#1953 = CARTESIAN_POINT('',(19.036050955414,1.594104286706,
    6.134048172078));
#1954 = CARTESIAN_POINT('',(18.822038216561,1.680458926715,
    6.371305595568));
#1955 = CARTESIAN_POINT('',(18.50101910828,1.680458926715,6.371305595568
    ));
#1956 = ORIENTED_EDGE('',*,*,#1957,.F.);
#1957 = EDGE_CURVE('',#1958,#1950,#1960,.T.);
#1958 = VERTEX_POINT('',#1959);
#1959 = CARTESIAN_POINT('',(18.50101910828,2.432213023344,6.097689480907
    ));
#1960 = LINE('',#1961,#1962);
#1961 = CARTESIAN_POINT('',(18.50101910828,2.432213023344,6.097689480907
    ));
#1962 = VECTOR('',#1963,1.);
#1963 = DIRECTION('',(0.,-0.939692620786,0.342020143326));
#1964 = ORIENTED_EDGE('',*,*,#1965,.F.);
#1965 = EDGE_CURVE('',#1925,#1958,#1966,.T.);
#1966 = B_SPLINE_CURVE_WITH_KNOTS('',2,(#1967,#1968,#1969),
  .UNSPECIFIED.,.F.,.F.,(3,3),(0.,1.),.PIECEWISE_BEZIER_KNOTS.);
#1967 = CARTESIAN_POINT('',(19.036050955414,2.345858383334,
    5.860432057417));
#1968 = CARTESIAN_POINT('',(18.822038216561,2.432213023344,
    6.097689480907));
#1969 = CARTESIAN_POINT('',(18.50101910828,2.432213023344,6.097689480907
    ));
#1970 = SURFACE_OF_LINEAR_EXTRUSION('',#1971,#1975);
#1971 = B_SPLINE_CURVE_WITH_KNOTS('',2,(#1972,#1973,#1974),
  .UNSPECIFIED.,.F.,.F.,(3,3),(0.,1.),.PIECEWISE_BEZIER_KNOTS.);
#1972 = CARTESIAN_POINT('',(19.036050955414,2.345858383334,
    5.860432057417));
#1973 = CARTESIAN_POINT('',(18.822038216561,2.432213023344,
    6.097689480907));
#1974 = CARTESIAN_POINT('',(18.50101910828,2.432213023344,6.097689480907
    ));
#1975 = VECTOR('',#1976,1.);
#1976 = DIRECTION('',(-0.,0.939692620786,-0.342020143326));
#1977 = ADVANCED_FACE('',(#1978),#2003,.F.);
#1978 = FACE_BOUND('',#1979,.F.);
#1979 = EDGE_LOOP('',(#1980,#1981,#1989,#1997));
#1980 = ORIENTED_EDGE('',*,*,#1957,.T.);
#1981 = ORIENTED_EDGE('',*,*,#1982,.T.);
#1982 = EDGE_CURVE('',#1950,#1983,#1985,.T.);
#1983 = VERTEX_POINT('',#1984);
#1984 = CARTESIAN_POINT('',(17.977452229299,1.598025536757,
    6.144821718048));
#1985 = B_SPLINE_CURVE_WITH_KNOTS('',2,(#1986,#1987,#1988),
  .UNSPECIFIED.,.F.,.F.,(3,3),(0.,1.),.PIECEWISE_BEZIER_KNOTS.);
#1986 = CARTESIAN_POINT('',(18.50101910828,1.680458926715,6.371305595568
    ));
#1987 = CARTESIAN_POINT('',(18.191464968153,1.680458926715,
    6.371305595568));
#1988 = CARTESIAN_POINT('',(17.977452229299,1.598025536757,
    6.144821718048));
#1989 = ORIENTED_EDGE('',*,*,#1990,.F.);
#1990 = EDGE_CURVE('',#1991,#1983,#1993,.T.);
#1991 = VERTEX_POINT('',#1992);
#1992 = CARTESIAN_POINT('',(17.977452229299,2.349779633385,
    5.871205603388));
#1993 = LINE('',#1994,#1995);
#1994 = CARTESIAN_POINT('',(17.977452229299,2.349779633385,
    5.871205603388));
#1995 = VECTOR('',#1996,1.);
#1996 = DIRECTION('',(0.,-0.939692620786,0.342020143326));
#1997 = ORIENTED_EDGE('',*,*,#1998,.F.);
#1998 = EDGE_CURVE('',#1958,#1991,#1999,.T.);
#1999 = B_SPLINE_CURVE_WITH_KNOTS('',2,(#2000,#2001,#2002),
  .UNSPECIFIED.,.F.,.F.,(3,3),(0.,1.),.PIECEWISE_BEZIER_KNOTS.);
#2000 = CARTESIAN_POINT('',(18.50101910828,2.432213023344,6.097689480907
    ));
#2001 = CARTESIAN_POINT('',(18.191464968153,2.432213023344,
    6.097689480907));
#2002 = CARTESIAN_POINT('',(17.977452229299,2.349779633385,
    5.871205603388));
#2003 = SURFACE_OF_LINEAR_EXTRUSION('',#2004,#2008);
#2004 = B_SPLINE_CURVE_WITH_KNOTS('',2,(#2005,#2006,#2007),
  .UNSPECIFIED.,.F.,.F.,(3,3),(0.,1.),.PIECEWISE_BEZIER_KNOTS.);
#2005 = CARTESIAN_POINT('',(18.50101910828,2.432213023344,6.097689480907
    ));
#2006 = CARTESIAN_POINT('',(18.191464968153,2.432213023344,
    6.097689480907));
#2007 = CARTESIAN_POINT('',(17.977452229299,2.349779633385,
    5.871205603388));
#2008 = VECTOR('',#2009,1.);
#2009 = DIRECTION('',(-0.,0.939692620786,-0.342020143326));
#2010 = ADVANCED_FACE('',(#2011),#2027,.F.);
#2011 = FACE_BOUND('',#2012,.F.);
#2012 = EDGE_LOOP('',(#2013,#2014,#2020,#2021));
#2013 = ORIENTED_EDGE('',*,*,#1990,.T.);
#2014 = ORIENTED_EDGE('',*,*,#2015,.T.);
#2015 = EDGE_CURVE('',#1983,#1777,#2016,.T.);
#2016 = B_SPLINE_CURVE_WITH_KNOTS('',2,(#2017,#2018,#2019),
  .UNSPECIFIED.,.F.,.F.,(3,3),(0.,1.),.PIECEWISE_BEZIER_KNOTS.);
#2017 = CARTESIAN_POINT('',(17.977452229299,1.598025536757,
    6.144821718048));
#2018 = CARTESIAN_POINT('',(17.763439490446,1.515592146798,
    5.918337840529));
#2019 = CARTESIAN_POINT('',(17.763439490446,1.354646616933,
    5.476143631461));
#2020 = ORIENTED_EDGE('',*,*,#1774,.F.);
#2021 = ORIENTED_EDGE('',*,*,#2022,.F.);
#2022 = EDGE_CURVE('',#1991,#1775,#2023,.T.);
#2023 = B_SPLINE_CURVE_WITH_KNOTS('',2,(#2024,#2025,#2026),
  .UNSPECIFIED.,.F.,.F.,(3,3),(0.,1.),.PIECEWISE_BEZIER_KNOTS.);
#2024 = CARTESIAN_POINT('',(17.977452229299,2.349779633385,
    5.871205603388));
#2025 = CARTESIAN_POINT('',(17.763439490446,2.267346243427,
    5.644721725869));
#2026 = CARTESIAN_POINT('',(17.763439490446,2.106400713561,
    5.202527516801));
#2027 = SURFACE_OF_LINEAR_EXTRUSION('',#2028,#2032);
#2028 = B_SPLINE_CURVE_WITH_KNOTS('',2,(#2029,#2030,#2031),
  .UNSPECIFIED.,.F.,.F.,(3,3),(0.,1.),.PIECEWISE_BEZIER_KNOTS.);
#2029 = CARTESIAN_POINT('',(17.977452229299,2.349779633385,
    5.871205603388));
#2030 = CARTESIAN_POINT('',(17.763439490446,2.267346243427,
    5.644721725869));
#2031 = CARTESIAN_POINT('',(17.763439490446,2.106400713561,
    5.202527516801));
#2032 = VECTOR('',#2033,1.);
#2033 = DIRECTION('',(-0.,0.939692620786,-0.342020143326));
#2034 = ADVANCED_FACE('',(#2035),#2045,.T.);
#2035 = FACE_BOUND('',#2036,.F.);
#2036 = EDGE_LOOP('',(#2037,#2038,#2039,#2040,#2041,#2042,#2043,#2044));
#2037 = ORIENTED_EDGE('',*,*,#1800,.T.);
#2038 = ORIENTED_EDGE('',*,*,#1833,.T.);
#2039 = ORIENTED_EDGE('',*,*,#1866,.T.);
#2040 = ORIENTED_EDGE('',*,*,#1899,.T.);
#2041 = ORIENTED_EDGE('',*,*,#1932,.T.);
#2042 = ORIENTED_EDGE('',*,*,#1965,.T.);
#2043 = ORIENTED_EDGE('',*,*,#1998,.T.);
#2044 = ORIENTED_EDGE('',*,*,#2022,.T.);
#2045 = PLANE('',#2046);
#2046 = AXIS2_PLACEMENT_3D('',#2047,#2048,#2049);
#2047 = CARTESIAN_POINT('',(18.516330155539,2.085146071037,
    5.144130866405));
#2048 = DIRECTION('',(-0.,0.939692620786,-0.342020143326));
#2049 = DIRECTION('',(-1.,0.,0.));
#2050 = ADVANCED_FACE('',(#2051),#2061,.F.);
#2051 = FACE_BOUND('',#2052,.T.);
#2052 = EDGE_LOOP('',(#2053,#2054,#2055,#2056,#2057,#2058,#2059,#2060));
#2053 = ORIENTED_EDGE('',*,*,#1784,.T.);
#2054 = ORIENTED_EDGE('',*,*,#1817,.T.);
#2055 = ORIENTED_EDGE('',*,*,#1850,.T.);
#2056 = ORIENTED_EDGE('',*,*,#1883,.T.);
#2057 = ORIENTED_EDGE('',*,*,#1916,.T.);
#2058 = ORIENTED_EDGE('',*,*,#1949,.T.);
#2059 = ORIENTED_EDGE('',*,*,#1982,.T.);
#2060 = ORIENTED_EDGE('',*,*,#2015,.T.);
#2061 = PLANE('',#2062);
#2062 = AXIS2_PLACEMENT_3D('',#2063,#2064,#2065);
#2063 = CARTESIAN_POINT('',(18.516330155539,1.333391974408,
    5.417746981066));
#2064 = DIRECTION('',(-0.,0.939692620786,-0.342020143326));
#2065 = DIRECTION('',(-1.,0.,0.));
#2066 = ( GEOMETRIC_REPRESENTATION_CONTEXT(3) 
GLOBAL_UNCERTAINTY_ASSIGNED_CONTEXT((#2070)) 
GLOBAL_UNIT_ASSIGNED_CONTEXT((#2067,#2068,#2069)) REPRESENTATION_CONTEXT
('Context #1','3D Context with UNIT and UNCERTAINTY') );
#2067 = ( LENGTH_UNIT() NAMED_UNIT(*) SI_UNIT(.MILLI.,.METRE.) );
#2068 = ( NAMED_UNIT(*) PLANE_ANGLE_UNIT() SI_UNIT($,.RADIAN.) );
#2069 = ( NAMED_UNIT(*) SI_UNIT($,.STERADIAN.) SOLID_ANGLE_UNIT() );
#2070 = UNCERTAINTY_MEASURE_WITH_UNIT(LENGTH_MEASURE(1.E-07),#2067,
  'distance_accuracy_value','confusion accuracy');
#2071 = PRODUCT_RELATED_PRODUCT_CATEGORY('part',$,(#7));
ENDSEC;
END-ISO-10303-21;
