ISO-10303-21;
HEADER;
FILE_DESCRIPTION(('FreeCAD Model'),'2;1');
FILE_NAME('Open CASCADE Shape Model','2026-09-27T12:54:19',('Author'),(
    ''),'Open CASCADE STEP processor 7.8','FreeCAD','Unknown');
FILE_SCHEMA(('AUTOMOTIVE_DESIGN { 1 0 10303 214 1 1 1 1 }'));
ENDSEC;
DATA;
#1 = APPLICATION_PROTOCOL_DEFINITION('international standard',
  'automotive_design',2000,#2);
#2 = APPLICATION_CONTEXT(
  'core data for automotive mechanical design processes');
#3 = SHAPE_DEFINITION_REPRESENTATION(#4,#10);
#4 = PRODUCT_DEFINITION_SHAPE('','',#5);
#5 = PRODUCT_DEFINITION('design','',#6,#9);
#6 = PRODUCT_DEFINITION_FORMATION('','',#7);
#7 = PRODUCT('Rail','Rail','',(#8));
#8 = PRODUCT_CONTEXT('',#2,'mechanical');
#9 = PRODUCT_DEFINITION_CONTEXT('part definition',#2,'design');
#10 = ADVANCED_BREP_SHAPE_REPRESENTATION('',(#11,#15),#2734);
#11 = AXIS2_PLACEMENT_3D('',#12,#13,#14);
#12 = CARTESIAN_POINT('',(0.,0.,0.));
#13 = DIRECTION('',(0.,0.,1.));
#14 = DIRECTION('',(1.,0.,-0.));
#15 = MANIFOLD_SOLID_BREP('',#16);
#16 = CLOSED_SHELL('',(#17,#57,#88,#119,#144,#169,#186,#462,#491,#514,
    #537,#560,#583,#606,#629,#646,#675,#698,#721,#744,#767,#790,#813,
    #830,#859,#882,#905,#928,#951,#974,#997,#1014,#1043,#1066,#1089,
    #1112,#1135,#1158,#1181,#1198,#1227,#1250,#1273,#1296,#1319,#1342,
    #1365,#1382,#1411,#1434,#1457,#1480,#1503,#1526,#1549,#1566,#1595,
    #1618,#1641,#1664,#1687,#1710,#1733,#1750,#1779,#1802,#1825,#1848,
    #1871,#1894,#1917,#1934,#1963,#1986,#2009,#2032,#2055,#2078,#2101,
    #2118,#2147,#2170,#2193,#2216,#2239,#2262,#2285,#2302,#2331,#2354,
    #2377,#2400,#2423,#2446,#2469,#2486,#2515,#2538,#2561,#2584,#2607,
    #2630,#2653,#2670,#2686,#2702,#2718));
#17 = ADVANCED_FACE('',(#18),#52,.F.);
#18 = FACE_BOUND('',#19,.F.);
#19 = EDGE_LOOP('',(#20,#30,#38,#46));
#20 = ORIENTED_EDGE('',*,*,#21,.T.);
#21 = EDGE_CURVE('',#22,#24,#26,.T.);
#22 = VERTEX_POINT('',#23);
#23 = CARTESIAN_POINT('',(-87.5,0.,42.8));
#24 = VERTEX_POINT('',#25);
#25 = CARTESIAN_POINT('',(87.5,0.,42.8));
#26 = LINE('',#27,#28);
#27 = CARTESIAN_POINT('',(-87.5,0.,42.8));
#28 = VECTOR('',#29,1.);
#29 = DIRECTION('',(1.,0.,0.));
#30 = ORIENTED_EDGE('',*,*,#31,.T.);
#31 = EDGE_CURVE('',#24,#32,#34,.T.);
#32 = VERTEX_POINT('',#33);
#33 = CARTESIAN_POINT('',(87.5,-1.818900152513,42.8));
#34 = LINE('',#35,#36);
#35 = CARTESIAN_POINT('',(87.5,0.,42.8));
#36 = VECTOR('',#37,1.);
#37 = DIRECTION('',(0.,-1.,0.));
#38 = ORIENTED_EDGE('',*,*,#39,.F.);
#39 = EDGE_CURVE('',#40,#32,#42,.T.);
#40 = VERTEX_POINT('',#41);
#41 = CARTESIAN_POINT('',(-87.5,-1.818900152513,42.8));
#42 = LINE('',#43,#44);
#43 = CARTESIAN_POINT('',(-87.5,-1.818900152513,42.8));
#44 = VECTOR('',#45,1.);
#45 = DIRECTION('',(1.,0.,0.));
#46 = ORIENTED_EDGE('',*,*,#47,.F.);
#47 = EDGE_CURVE('',#22,#40,#48,.T.);
#48 = LINE('',#49,#50);
#49 = CARTESIAN_POINT('',(-87.5,0.,42.8));
#50 = VECTOR('',#51,1.);
#51 = DIRECTION('',(0.,-1.,0.));
#52 = PLANE('',#53);
#53 = AXIS2_PLACEMENT_3D('',#54,#55,#56);
#54 = CARTESIAN_POINT('',(-87.5,0.,42.8));
#55 = DIRECTION('',(0.,0.,-1.));
#56 = DIRECTION('',(0.,-1.,0.));
#57 = ADVANCED_FACE('',(#58),#83,.F.);
#58 = FACE_BOUND('',#59,.F.);
#59 = EDGE_LOOP('',(#60,#70,#76,#77));
#60 = ORIENTED_EDGE('',*,*,#61,.T.);
#61 = EDGE_CURVE('',#62,#64,#66,.T.);
#62 = VERTEX_POINT('',#63);
#63 = CARTESIAN_POINT('',(-87.5,0.,0.));
#64 = VERTEX_POINT('',#65);
#65 = CARTESIAN_POINT('',(87.5,0.,0.));
#66 = LINE('',#67,#68);
#67 = CARTESIAN_POINT('',(-87.5,0.,0.));
#68 = VECTOR('',#69,1.);
#69 = DIRECTION('',(1.,0.,0.));
#70 = ORIENTED_EDGE('',*,*,#71,.T.);
#71 = EDGE_CURVE('',#64,#24,#72,.T.);
#72 = LINE('',#73,#74);
#73 = CARTESIAN_POINT('',(87.5,0.,0.));
#74 = VECTOR('',#75,1.);
#75 = DIRECTION('',(0.,0.,1.));
#76 = ORIENTED_EDGE('',*,*,#21,.F.);
#77 = ORIENTED_EDGE('',*,*,#78,.F.);
#78 = EDGE_CURVE('',#62,#22,#79,.T.);
#79 = LINE('',#80,#81);
#80 = CARTESIAN_POINT('',(-87.5,0.,0.));
#81 = VECTOR('',#82,1.);
#82 = DIRECTION('',(0.,0.,1.));
#83 = PLANE('',#84);
#84 = AXIS2_PLACEMENT_3D('',#85,#86,#87);
#85 = CARTESIAN_POINT('',(-87.5,0.,0.));
#86 = DIRECTION('',(0.,-1.,0.));
#87 = DIRECTION('',(0.,0.,1.));
#88 = ADVANCED_FACE('',(#89),#114,.F.);
#89 = FACE_BOUND('',#90,.F.);
#90 = EDGE_LOOP('',(#91,#92,#100,#108));
#91 = ORIENTED_EDGE('',*,*,#39,.T.);
#92 = ORIENTED_EDGE('',*,*,#93,.T.);
#93 = EDGE_CURVE('',#32,#94,#96,.T.);
#94 = VERTEX_POINT('',#95);
#95 = CARTESIAN_POINT('',(87.5,-5.,34.06));
#96 = LINE('',#97,#98);
#97 = CARTESIAN_POINT('',(87.5,-1.818900152513,42.8));
#98 = VECTOR('',#99,1.);
#99 = DIRECTION('',(0.,-0.342020143326,-0.939692620786));
#100 = ORIENTED_EDGE('',*,*,#101,.F.);
#101 = EDGE_CURVE('',#102,#94,#104,.T.);
#102 = VERTEX_POINT('',#103);
#103 = CARTESIAN_POINT('',(-87.5,-5.,34.06));
#104 = LINE('',#105,#106);
#105 = CARTESIAN_POINT('',(-87.5,-5.,34.06));
#106 = VECTOR('',#107,1.);
#107 = DIRECTION('',(1.,0.,0.));
#108 = ORIENTED_EDGE('',*,*,#109,.F.);
#109 = EDGE_CURVE('',#40,#102,#110,.T.);
#110 = LINE('',#111,#112);
#111 = CARTESIAN_POINT('',(-87.5,-1.818900152513,42.8));
#112 = VECTOR('',#113,1.);
#113 = DIRECTION('',(0.,-0.342020143326,-0.939692620786));
#114 = PLANE('',#115);
#115 = AXIS2_PLACEMENT_3D('',#116,#117,#118);
#116 = CARTESIAN_POINT('',(-87.5,-1.818900152513,42.8));
#117 = DIRECTION('',(0.,0.939692620786,-0.342020143326));
#118 = DIRECTION('',(0.,-0.342020143326,-0.939692620786));
#119 = ADVANCED_FACE('',(#120),#139,.F.);
#120 = FACE_BOUND('',#121,.F.);
#121 = EDGE_LOOP('',(#122,#123,#124,#132,#138));
#122 = ORIENTED_EDGE('',*,*,#47,.T.);
#123 = ORIENTED_EDGE('',*,*,#109,.T.);
#124 = ORIENTED_EDGE('',*,*,#125,.T.);
#125 = EDGE_CURVE('',#102,#126,#128,.T.);
#126 = VERTEX_POINT('',#127);
#127 = CARTESIAN_POINT('',(-87.5,-5.,0.));
#128 = LINE('',#129,#130);
#129 = CARTESIAN_POINT('',(-87.5,-5.,34.06));
#130 = VECTOR('',#131,1.);
#131 = DIRECTION('',(0.,0.,-1.));
#132 = ORIENTED_EDGE('',*,*,#133,.T.);
#133 = EDGE_CURVE('',#126,#62,#134,.T.);
#134 = LINE('',#135,#136);
#135 = CARTESIAN_POINT('',(-87.5,-5.,0.));
#136 = VECTOR('',#137,1.);
#137 = DIRECTION('',(0.,1.,0.));
#138 = ORIENTED_EDGE('',*,*,#78,.T.);
#139 = PLANE('',#140);
#140 = AXIS2_PLACEMENT_3D('',#141,#142,#143);
#141 = CARTESIAN_POINT('',(-87.5,-2.324861611178,20.770581920471));
#142 = DIRECTION('',(1.,0.,0.));
#143 = DIRECTION('',(-0.,0.,1.));
#144 = ADVANCED_FACE('',(#145),#164,.T.);
#145 = FACE_BOUND('',#146,.T.);
#146 = EDGE_LOOP('',(#147,#148,#149,#157,#163));
#147 = ORIENTED_EDGE('',*,*,#31,.T.);
#148 = ORIENTED_EDGE('',*,*,#93,.T.);
#149 = ORIENTED_EDGE('',*,*,#150,.T.);
#150 = EDGE_CURVE('',#94,#151,#153,.T.);
#151 = VERTEX_POINT('',#152);
#152 = CARTESIAN_POINT('',(87.5,-5.,0.));
#153 = LINE('',#154,#155);
#154 = CARTESIAN_POINT('',(87.5,-5.,34.06));
#155 = VECTOR('',#156,1.);
#156 = DIRECTION('',(0.,0.,-1.));
#157 = ORIENTED_EDGE('',*,*,#158,.T.);
#158 = EDGE_CURVE('',#151,#64,#159,.T.);
#159 = LINE('',#160,#161);
#160 = CARTESIAN_POINT('',(87.5,-5.,0.));
#161 = VECTOR('',#162,1.);
#162 = DIRECTION('',(0.,1.,0.));
#163 = ORIENTED_EDGE('',*,*,#71,.T.);
#164 = PLANE('',#165);
#165 = AXIS2_PLACEMENT_3D('',#166,#167,#168);
#166 = CARTESIAN_POINT('',(87.5,-2.324861611178,20.770581920471));
#167 = DIRECTION('',(1.,0.,0.));
#168 = DIRECTION('',(-0.,0.,1.));
#169 = ADVANCED_FACE('',(#170),#181,.F.);
#170 = FACE_BOUND('',#171,.F.);
#171 = EDGE_LOOP('',(#172,#178,#179,#180));
#172 = ORIENTED_EDGE('',*,*,#173,.T.);
#173 = EDGE_CURVE('',#126,#151,#174,.T.);
#174 = LINE('',#175,#176);
#175 = CARTESIAN_POINT('',(-87.5,-5.,0.));
#176 = VECTOR('',#177,1.);
#177 = DIRECTION('',(1.,0.,0.));
#178 = ORIENTED_EDGE('',*,*,#158,.T.);
#179 = ORIENTED_EDGE('',*,*,#61,.F.);
#180 = ORIENTED_EDGE('',*,*,#133,.F.);
#181 = PLANE('',#182);
#182 = AXIS2_PLACEMENT_3D('',#183,#184,#185);
#183 = CARTESIAN_POINT('',(-87.5,-5.,0.));
#184 = DIRECTION('',(0.,0.,1.));
#185 = DIRECTION('',(0.,1.,0.));
#186 = ADVANCED_FACE('',(#187,#193,#259,#325,#391),#457,.F.);
#187 = FACE_BOUND('',#188,.F.);
#188 = EDGE_LOOP('',(#189,#190,#191,#192));
#189 = ORIENTED_EDGE('',*,*,#101,.T.);
#190 = ORIENTED_EDGE('',*,*,#150,.T.);
#191 = ORIENTED_EDGE('',*,*,#173,.F.);
#192 = ORIENTED_EDGE('',*,*,#125,.F.);
#193 = FACE_BOUND('',#194,.F.);
#194 = EDGE_LOOP('',(#195,#205,#213,#221,#229,#237,#245,#253));
#195 = ORIENTED_EDGE('',*,*,#196,.F.);
#196 = EDGE_CURVE('',#197,#199,#201,.T.);
#197 = VERTEX_POINT('',#198);
#198 = CARTESIAN_POINT('',(77.795941546018,-5.,19.25));
#199 = VERTEX_POINT('',#200);
#200 = CARTESIAN_POINT('',(81.75,-5.,15.295941546018));
#201 = LINE('',#202,#203);
#202 = CARTESIAN_POINT('',(34.746485386505,-5.,62.299456159514));
#203 = VECTOR('',#204,1.);
#204 = DIRECTION('',(0.707106781187,0.,-0.707106781187));
#205 = ORIENTED_EDGE('',*,*,#206,.F.);
#206 = EDGE_CURVE('',#207,#197,#209,.T.);
#207 = VERTEX_POINT('',#208);
#208 = CARTESIAN_POINT('',(72.204058453982,-5.,19.25));
#209 = LINE('',#210,#211);
#210 = CARTESIAN_POINT('',(-4.852029226991,-5.,19.25));
#211 = VECTOR('',#212,1.);
#212 = DIRECTION('',(1.,0.,-0.));
#213 = ORIENTED_EDGE('',*,*,#214,.F.);
#214 = EDGE_CURVE('',#215,#207,#217,.T.);
#215 = VERTEX_POINT('',#216);
#216 = CARTESIAN_POINT('',(68.25,-5.,15.295941546018));
#217 = LINE('',#218,#219);
#218 = CARTESIAN_POINT('',(35.980543840486,-5.,-16.97351461349));
#219 = VECTOR('',#220,1.);
#220 = DIRECTION('',(0.707106781187,0.,0.707106781187));
#221 = ORIENTED_EDGE('',*,*,#222,.F.);
#222 = EDGE_CURVE('',#223,#215,#225,.T.);
#223 = VERTEX_POINT('',#224);
#224 = CARTESIAN_POINT('',(68.25,-5.,9.704058453982));
#225 = LINE('',#226,#227);
#226 = CARTESIAN_POINT('',(68.25,-5.,24.677970773009));
#227 = VECTOR('',#228,1.);
#228 = DIRECTION('',(0.,-0.,1.));
#229 = ORIENTED_EDGE('',*,*,#230,.F.);
#230 = EDGE_CURVE('',#231,#223,#233,.T.);
#231 = VERTEX_POINT('',#232);
#232 = CARTESIAN_POINT('',(72.204058453982,-5.,5.75));
#233 = LINE('',#234,#235);
#234 = CARTESIAN_POINT('',(23.223514613495,-5.,54.730543840486));
#235 = VECTOR('',#236,1.);
#236 = DIRECTION('',(-0.707106781187,-0.,0.707106781187));
#237 = ORIENTED_EDGE('',*,*,#238,.F.);
#238 = EDGE_CURVE('',#239,#231,#241,.T.);
#239 = VERTEX_POINT('',#240);
#240 = CARTESIAN_POINT('',(77.795941546018,-5.,5.75));
#241 = LINE('',#242,#243);
#242 = CARTESIAN_POINT('',(-7.647970773009,-5.,5.75));
#243 = VECTOR('',#244,1.);
#244 = DIRECTION('',(-1.,0.,-0.));
#245 = ORIENTED_EDGE('',*,*,#246,.F.);
#246 = EDGE_CURVE('',#247,#239,#249,.T.);
#247 = VERTEX_POINT('',#248);
#248 = CARTESIAN_POINT('',(81.75,-5.,9.704058453982));
#249 = LINE('',#250,#251);
#250 = CARTESIAN_POINT('',(43.549456159514,-5.,-28.4964853865));
#251 = VECTOR('',#252,1.);
#252 = DIRECTION('',(-0.707106781187,0.,-0.707106781187));
#253 = ORIENTED_EDGE('',*,*,#254,.F.);
#254 = EDGE_CURVE('',#199,#247,#255,.T.);
#255 = LINE('',#256,#257);
#256 = CARTESIAN_POINT('',(81.75,-5.,21.882029226991));
#257 = VECTOR('',#258,1.);
#258 = DIRECTION('',(-0.,0.,-1.));
#259 = FACE_BOUND('',#260,.F.);
#260 = EDGE_LOOP('',(#261,#271,#279,#287,#295,#303,#311,#319));
#261 = ORIENTED_EDGE('',*,*,#262,.F.);
#262 = EDGE_CURVE('',#263,#265,#267,.T.);
#263 = VERTEX_POINT('',#264);
#264 = CARTESIAN_POINT('',(27.795941546018,-5.,19.25));
#265 = VERTEX_POINT('',#266);
#266 = CARTESIAN_POINT('',(31.75,-5.,15.295941546018));
#267 = LINE('',#268,#269);
#268 = CARTESIAN_POINT('',(-2.753514613495,-5.,49.799456159514));
#269 = VECTOR('',#270,1.);
#270 = DIRECTION('',(0.707106781187,0.,-0.707106781187));
#271 = ORIENTED_EDGE('',*,*,#272,.F.);
#272 = EDGE_CURVE('',#273,#263,#275,.T.);
#273 = VERTEX_POINT('',#274);
#274 = CARTESIAN_POINT('',(22.204058453982,-5.,19.25));
#275 = LINE('',#276,#277);
#276 = CARTESIAN_POINT('',(-29.85202922699,-5.,19.25));
#277 = VECTOR('',#278,1.);
#278 = DIRECTION('',(1.,0.,-0.));
#279 = ORIENTED_EDGE('',*,*,#280,.F.);
#280 = EDGE_CURVE('',#281,#273,#283,.T.);
#281 = VERTEX_POINT('',#282);
#282 = CARTESIAN_POINT('',(18.25,-5.,15.295941546018));
#283 = LINE('',#284,#285);
#284 = CARTESIAN_POINT('',(-1.519456159514,-5.,-4.473514613495));
#285 = VECTOR('',#286,1.);
#286 = DIRECTION('',(0.707106781187,0.,0.707106781187));
#287 = ORIENTED_EDGE('',*,*,#288,.F.);
#288 = EDGE_CURVE('',#289,#281,#291,.T.);
#289 = VERTEX_POINT('',#290);
#290 = CARTESIAN_POINT('',(18.25,-5.,9.704058453982));
#291 = LINE('',#292,#293);
#292 = CARTESIAN_POINT('',(18.25,-5.,24.677970773009));
#293 = VECTOR('',#294,1.);
#294 = DIRECTION('',(0.,-0.,1.));
#295 = ORIENTED_EDGE('',*,*,#296,.F.);
#296 = EDGE_CURVE('',#297,#289,#299,.T.);
#297 = VERTEX_POINT('',#298);
#298 = CARTESIAN_POINT('',(22.204058453982,-5.,5.75));
#299 = LINE('',#300,#301);
#300 = CARTESIAN_POINT('',(-14.2764853865,-5.,42.230543840486));
#301 = VECTOR('',#302,1.);
#302 = DIRECTION('',(-0.707106781187,-0.,0.707106781187));
#303 = ORIENTED_EDGE('',*,*,#304,.F.);
#304 = EDGE_CURVE('',#305,#297,#307,.T.);
#305 = VERTEX_POINT('',#306);
#306 = CARTESIAN_POINT('',(27.795941546018,-5.,5.75));
#307 = LINE('',#308,#309);
#308 = CARTESIAN_POINT('',(-32.647970773,-5.,5.75));
#309 = VECTOR('',#310,1.);
#310 = DIRECTION('',(-1.,0.,-0.));
#311 = ORIENTED_EDGE('',*,*,#312,.F.);
#312 = EDGE_CURVE('',#313,#305,#315,.T.);
#313 = VERTEX_POINT('',#314);
#314 = CARTESIAN_POINT('',(31.75,-5.,9.704058453982));
#315 = LINE('',#316,#317);
#316 = CARTESIAN_POINT('',(6.049456159514,-5.,-15.9964853865));
#317 = VECTOR('',#318,1.);
#318 = DIRECTION('',(-0.707106781187,0.,-0.707106781187));
#319 = ORIENTED_EDGE('',*,*,#320,.F.);
#320 = EDGE_CURVE('',#265,#313,#321,.T.);
#321 = LINE('',#322,#323);
#322 = CARTESIAN_POINT('',(31.75,-5.,21.882029226991));
#323 = VECTOR('',#324,1.);
#324 = DIRECTION('',(-0.,0.,-1.));
#325 = FACE_BOUND('',#326,.F.);
#326 = EDGE_LOOP('',(#327,#337,#345,#353,#361,#369,#377,#385));
#327 = ORIENTED_EDGE('',*,*,#328,.F.);
#328 = EDGE_CURVE('',#329,#331,#333,.T.);
#329 = VERTEX_POINT('',#330);
#330 = CARTESIAN_POINT('',(-22.20405845398,-5.,19.25));
#331 = VERTEX_POINT('',#332);
#332 = CARTESIAN_POINT('',(-18.25,-5.,15.295941546018));
#333 = LINE('',#334,#335);
#334 = CARTESIAN_POINT('',(-40.25351461349,-5.,37.299456159514));
#335 = VECTOR('',#336,1.);
#336 = DIRECTION('',(0.707106781187,0.,-0.707106781187));
#337 = ORIENTED_EDGE('',*,*,#338,.F.);
#338 = EDGE_CURVE('',#339,#329,#341,.T.);
#339 = VERTEX_POINT('',#340);
#340 = CARTESIAN_POINT('',(-27.79594154601,-5.,19.25));
#341 = LINE('',#342,#343);
#342 = CARTESIAN_POINT('',(-54.85202922699,-5.,19.25));
#343 = VECTOR('',#344,1.);
#344 = DIRECTION('',(1.,0.,-0.));
#345 = ORIENTED_EDGE('',*,*,#346,.F.);
#346 = EDGE_CURVE('',#347,#339,#349,.T.);
#347 = VERTEX_POINT('',#348);
#348 = CARTESIAN_POINT('',(-31.75,-5.,15.295941546018));
#349 = LINE('',#350,#351);
#350 = CARTESIAN_POINT('',(-39.01945615951,-5.,8.026485386505));
#351 = VECTOR('',#352,1.);
#352 = DIRECTION('',(0.707106781187,0.,0.707106781187));
#353 = ORIENTED_EDGE('',*,*,#354,.F.);
#354 = EDGE_CURVE('',#355,#347,#357,.T.);
#355 = VERTEX_POINT('',#356);
#356 = CARTESIAN_POINT('',(-31.75,-5.,9.704058453982));
#357 = LINE('',#358,#359);
#358 = CARTESIAN_POINT('',(-31.75,-5.,24.677970773009));
#359 = VECTOR('',#360,1.);
#360 = DIRECTION('',(0.,-0.,1.));
#361 = ORIENTED_EDGE('',*,*,#362,.F.);
#362 = EDGE_CURVE('',#363,#355,#365,.T.);
#363 = VERTEX_POINT('',#364);
#364 = CARTESIAN_POINT('',(-27.79594154601,-5.,5.75));
#365 = LINE('',#366,#367);
#366 = CARTESIAN_POINT('',(-51.7764853865,-5.,29.730543840486));
#367 = VECTOR('',#368,1.);
#368 = DIRECTION('',(-0.707106781187,-0.,0.707106781187));
#369 = ORIENTED_EDGE('',*,*,#370,.F.);
#370 = EDGE_CURVE('',#371,#363,#373,.T.);
#371 = VERTEX_POINT('',#372);
#372 = CARTESIAN_POINT('',(-22.20405845398,-5.,5.75));
#373 = LINE('',#374,#375);
#374 = CARTESIAN_POINT('',(-57.647970773,-5.,5.75));
#375 = VECTOR('',#376,1.);
#376 = DIRECTION('',(-1.,0.,-0.));
#377 = ORIENTED_EDGE('',*,*,#378,.F.);
#378 = EDGE_CURVE('',#379,#371,#381,.T.);
#379 = VERTEX_POINT('',#380);
#380 = CARTESIAN_POINT('',(-18.25,-5.,9.704058453982));
#381 = LINE('',#382,#383);
#382 = CARTESIAN_POINT('',(-31.45054384048,-5.,-3.496485386505));
#383 = VECTOR('',#384,1.);
#384 = DIRECTION('',(-0.707106781187,0.,-0.707106781187));
#385 = ORIENTED_EDGE('',*,*,#386,.F.);
#386 = EDGE_CURVE('',#331,#379,#387,.T.);
#387 = LINE('',#388,#389);
#388 = CARTESIAN_POINT('',(-18.25,-5.,21.882029226991));
#389 = VECTOR('',#390,1.);
#390 = DIRECTION('',(-0.,0.,-1.));
#391 = FACE_BOUND('',#392,.F.);
#392 = EDGE_LOOP('',(#393,#403,#411,#419,#427,#435,#443,#451));
#393 = ORIENTED_EDGE('',*,*,#394,.F.);
#394 = EDGE_CURVE('',#395,#397,#399,.T.);
#395 = VERTEX_POINT('',#396);
#396 = CARTESIAN_POINT('',(-72.20405845398,-5.,19.25));
#397 = VERTEX_POINT('',#398);
#398 = CARTESIAN_POINT('',(-68.25,-5.,15.295941546018));
#399 = LINE('',#400,#401);
#400 = CARTESIAN_POINT('',(-77.75351461349,-5.,24.799456159514));
#401 = VECTOR('',#402,1.);
#402 = DIRECTION('',(0.707106781187,0.,-0.707106781187));
#403 = ORIENTED_EDGE('',*,*,#404,.F.);
#404 = EDGE_CURVE('',#405,#395,#407,.T.);
#405 = VERTEX_POINT('',#406);
#406 = CARTESIAN_POINT('',(-77.79594154601,-5.,19.25));
#407 = LINE('',#408,#409);
#408 = CARTESIAN_POINT('',(-79.85202922699,-5.,19.25));
#409 = VECTOR('',#410,1.);
#410 = DIRECTION('',(1.,0.,-0.));
#411 = ORIENTED_EDGE('',*,*,#412,.F.);
#412 = EDGE_CURVE('',#413,#405,#415,.T.);
#413 = VERTEX_POINT('',#414);
#414 = CARTESIAN_POINT('',(-81.75,-5.,15.295941546018));
#415 = LINE('',#416,#417);
#416 = CARTESIAN_POINT('',(-76.51945615951,-5.,20.526485386505));
#417 = VECTOR('',#418,1.);
#418 = DIRECTION('',(0.707106781187,0.,0.707106781187));
#419 = ORIENTED_EDGE('',*,*,#420,.F.);
#420 = EDGE_CURVE('',#421,#413,#423,.T.);
#421 = VERTEX_POINT('',#422);
#422 = CARTESIAN_POINT('',(-81.75,-5.,9.704058453982));
#423 = LINE('',#424,#425);
#424 = CARTESIAN_POINT('',(-81.75,-5.,24.677970773009));
#425 = VECTOR('',#426,1.);
#426 = DIRECTION('',(0.,-0.,1.));
#427 = ORIENTED_EDGE('',*,*,#428,.F.);
#428 = EDGE_CURVE('',#429,#421,#431,.T.);
#429 = VERTEX_POINT('',#430);
#430 = CARTESIAN_POINT('',(-77.79594154601,-5.,5.75));
#431 = LINE('',#432,#433);
#432 = CARTESIAN_POINT('',(-89.2764853865,-5.,17.230543840486));
#433 = VECTOR('',#434,1.);
#434 = DIRECTION('',(-0.707106781187,-0.,0.707106781187));
#435 = ORIENTED_EDGE('',*,*,#436,.F.);
#436 = EDGE_CURVE('',#437,#429,#439,.T.);
#437 = VERTEX_POINT('',#438);
#438 = CARTESIAN_POINT('',(-72.20405845398,-5.,5.75));
#439 = LINE('',#440,#441);
#440 = CARTESIAN_POINT('',(-82.647970773,-5.,5.75));
#441 = VECTOR('',#442,1.);
#442 = DIRECTION('',(-1.,0.,-0.));
#443 = ORIENTED_EDGE('',*,*,#444,.F.);
#444 = EDGE_CURVE('',#445,#437,#447,.T.);
#445 = VERTEX_POINT('',#446);
#446 = CARTESIAN_POINT('',(-68.25,-5.,9.704058453982));
#447 = LINE('',#448,#449);
#448 = CARTESIAN_POINT('',(-68.95054384048,-5.,9.003514613495));
#449 = VECTOR('',#450,1.);
#450 = DIRECTION('',(-0.707106781187,0.,-0.707106781187));
#451 = ORIENTED_EDGE('',*,*,#452,.F.);
#452 = EDGE_CURVE('',#397,#445,#453,.T.);
#453 = LINE('',#454,#455);
#454 = CARTESIAN_POINT('',(-68.25,-5.,21.882029226991));
#455 = VECTOR('',#456,1.);
#456 = DIRECTION('',(-0.,0.,-1.));
#457 = PLANE('',#458);
#458 = AXIS2_PLACEMENT_3D('',#459,#460,#461);
#459 = CARTESIAN_POINT('',(-87.5,-5.,34.06));
#460 = DIRECTION('',(-0.,1.,0.));
#461 = DIRECTION('',(0.,0.,-1.));
#462 = ADVANCED_FACE('',(#463),#486,.T.);
#463 = FACE_BOUND('',#464,.T.);
#464 = EDGE_LOOP('',(#465,#472,#473,#480));
#465 = ORIENTED_EDGE('',*,*,#466,.F.);
#466 = EDGE_CURVE('',#199,#467,#469,.T.);
#467 = VERTEX_POINT('',#468);
#468 = CARTESIAN_POINT('',(81.75,-6.,15.295941546018));
#469 = B_SPLINE_CURVE_WITH_KNOTS('',1,(#470,#471),.UNSPECIFIED.,.F.,.F.,
  (2,2),(0.,1.),.PIECEWISE_BEZIER_KNOTS.);
#470 = CARTESIAN_POINT('',(81.75,-4.,15.295941546018));
#471 = CARTESIAN_POINT('',(81.75,-6.,15.295941546018));
#472 = ORIENTED_EDGE('',*,*,#196,.F.);
#473 = ORIENTED_EDGE('',*,*,#474,.T.);
#474 = EDGE_CURVE('',#197,#475,#477,.T.);
#475 = VERTEX_POINT('',#476);
#476 = CARTESIAN_POINT('',(77.795941546018,-6.,19.25));
#477 = B_SPLINE_CURVE_WITH_KNOTS('',1,(#478,#479),.UNSPECIFIED.,.F.,.F.,
  (2,2),(0.,1.),.PIECEWISE_BEZIER_KNOTS.);
#478 = CARTESIAN_POINT('',(77.795941546018,-4.,19.25));
#479 = CARTESIAN_POINT('',(77.795941546018,-6.,19.25));
#480 = ORIENTED_EDGE('',*,*,#481,.F.);
#481 = EDGE_CURVE('',#467,#475,#482,.T.);
#482 = LINE('',#483,#484);
#483 = CARTESIAN_POINT('',(81.75,-6.,15.295941546018));
#484 = VECTOR('',#485,1.);
#485 = DIRECTION('',(-0.707106781187,0.,0.707106781187));
#486 = PLANE('',#487);
#487 = AXIS2_PLACEMENT_3D('',#488,#489,#490);
#488 = CARTESIAN_POINT('',(81.75,-6.,15.295941546018));
#489 = DIRECTION('',(0.707106781187,0.,0.707106781187));
#490 = DIRECTION('',(-0.707106781187,0.,0.707106781187));
#491 = ADVANCED_FACE('',(#492),#509,.T.);
#492 = FACE_BOUND('',#493,.T.);
#493 = EDGE_LOOP('',(#494,#501,#502,#503));
#494 = ORIENTED_EDGE('',*,*,#495,.F.);
#495 = EDGE_CURVE('',#247,#496,#498,.T.);
#496 = VERTEX_POINT('',#497);
#497 = CARTESIAN_POINT('',(81.75,-6.,9.704058453982));
#498 = B_SPLINE_CURVE_WITH_KNOTS('',1,(#499,#500),.UNSPECIFIED.,.F.,.F.,
  (2,2),(0.,1.),.PIECEWISE_BEZIER_KNOTS.);
#499 = CARTESIAN_POINT('',(81.75,-4.,9.704058453982));
#500 = CARTESIAN_POINT('',(81.75,-6.,9.704058453982));
#501 = ORIENTED_EDGE('',*,*,#254,.F.);
#502 = ORIENTED_EDGE('',*,*,#466,.T.);
#503 = ORIENTED_EDGE('',*,*,#504,.F.);
#504 = EDGE_CURVE('',#496,#467,#505,.T.);
#505 = LINE('',#506,#507);
#506 = CARTESIAN_POINT('',(81.75,-6.,9.704058453982));
#507 = VECTOR('',#508,1.);
#508 = DIRECTION('',(0.,0.,1.));
#509 = PLANE('',#510);
#510 = AXIS2_PLACEMENT_3D('',#511,#512,#513);
#511 = CARTESIAN_POINT('',(81.75,-6.,9.704058453982));
#512 = DIRECTION('',(1.,0.,-0.));
#513 = DIRECTION('',(0.,0.,1.));
#514 = ADVANCED_FACE('',(#515),#532,.T.);
#515 = FACE_BOUND('',#516,.T.);
#516 = EDGE_LOOP('',(#517,#524,#525,#526));
#517 = ORIENTED_EDGE('',*,*,#518,.F.);
#518 = EDGE_CURVE('',#239,#519,#521,.T.);
#519 = VERTEX_POINT('',#520);
#520 = CARTESIAN_POINT('',(77.795941546018,-6.,5.75));
#521 = B_SPLINE_CURVE_WITH_KNOTS('',1,(#522,#523),.UNSPECIFIED.,.F.,.F.,
  (2,2),(0.,1.),.PIECEWISE_BEZIER_KNOTS.);
#522 = CARTESIAN_POINT('',(77.795941546018,-4.,5.75));
#523 = CARTESIAN_POINT('',(77.795941546018,-6.,5.75));
#524 = ORIENTED_EDGE('',*,*,#246,.F.);
#525 = ORIENTED_EDGE('',*,*,#495,.T.);
#526 = ORIENTED_EDGE('',*,*,#527,.F.);
#527 = EDGE_CURVE('',#519,#496,#528,.T.);
#528 = LINE('',#529,#530);
#529 = CARTESIAN_POINT('',(77.795941546018,-6.,5.75));
#530 = VECTOR('',#531,1.);
#531 = DIRECTION('',(0.707106781187,0.,0.707106781187));
#532 = PLANE('',#533);
#533 = AXIS2_PLACEMENT_3D('',#534,#535,#536);
#534 = CARTESIAN_POINT('',(77.795941546018,-6.,5.75));
#535 = DIRECTION('',(0.707106781187,0.,-0.707106781187));
#536 = DIRECTION('',(0.707106781187,0.,0.707106781187));
#537 = ADVANCED_FACE('',(#538),#555,.T.);
#538 = FACE_BOUND('',#539,.T.);
#539 = EDGE_LOOP('',(#540,#547,#548,#549));
#540 = ORIENTED_EDGE('',*,*,#541,.F.);
#541 = EDGE_CURVE('',#231,#542,#544,.T.);
#542 = VERTEX_POINT('',#543);
#543 = CARTESIAN_POINT('',(72.204058453982,-6.,5.75));
#544 = B_SPLINE_CURVE_WITH_KNOTS('',1,(#545,#546),.UNSPECIFIED.,.F.,.F.,
  (2,2),(0.,1.),.PIECEWISE_BEZIER_KNOTS.);
#545 = CARTESIAN_POINT('',(72.204058453982,-4.,5.75));
#546 = CARTESIAN_POINT('',(72.204058453982,-6.,5.75));
#547 = ORIENTED_EDGE('',*,*,#238,.F.);
#548 = ORIENTED_EDGE('',*,*,#518,.T.);
#549 = ORIENTED_EDGE('',*,*,#550,.F.);
#550 = EDGE_CURVE('',#542,#519,#551,.T.);
#551 = LINE('',#552,#553);
#552 = CARTESIAN_POINT('',(72.204058453982,-6.,5.75));
#553 = VECTOR('',#554,1.);
#554 = DIRECTION('',(1.,0.,0.));
#555 = PLANE('',#556);
#556 = AXIS2_PLACEMENT_3D('',#557,#558,#559);
#557 = CARTESIAN_POINT('',(72.204058453982,-6.,5.75));
#558 = DIRECTION('',(0.,0.,-1.));
#559 = DIRECTION('',(1.,0.,0.));
#560 = ADVANCED_FACE('',(#561),#578,.T.);
#561 = FACE_BOUND('',#562,.T.);
#562 = EDGE_LOOP('',(#563,#570,#571,#572));
#563 = ORIENTED_EDGE('',*,*,#564,.F.);
#564 = EDGE_CURVE('',#223,#565,#567,.T.);
#565 = VERTEX_POINT('',#566);
#566 = CARTESIAN_POINT('',(68.25,-6.,9.704058453982));
#567 = B_SPLINE_CURVE_WITH_KNOTS('',1,(#568,#569),.UNSPECIFIED.,.F.,.F.,
  (2,2),(0.,1.),.PIECEWISE_BEZIER_KNOTS.);
#568 = CARTESIAN_POINT('',(68.25,-4.,9.704058453982));
#569 = CARTESIAN_POINT('',(68.25,-6.,9.704058453982));
#570 = ORIENTED_EDGE('',*,*,#230,.F.);
#571 = ORIENTED_EDGE('',*,*,#541,.T.);
#572 = ORIENTED_EDGE('',*,*,#573,.F.);
#573 = EDGE_CURVE('',#565,#542,#574,.T.);
#574 = LINE('',#575,#576);
#575 = CARTESIAN_POINT('',(68.25,-6.,9.704058453982));
#576 = VECTOR('',#577,1.);
#577 = DIRECTION('',(0.707106781187,0.,-0.707106781187));
#578 = PLANE('',#579);
#579 = AXIS2_PLACEMENT_3D('',#580,#581,#582);
#580 = CARTESIAN_POINT('',(68.25,-6.,9.704058453982));
#581 = DIRECTION('',(-0.707106781187,-0.,-0.707106781187));
#582 = DIRECTION('',(0.707106781187,0.,-0.707106781187));
#583 = ADVANCED_FACE('',(#584),#601,.T.);
#584 = FACE_BOUND('',#585,.T.);
#585 = EDGE_LOOP('',(#586,#593,#594,#595));
#586 = ORIENTED_EDGE('',*,*,#587,.F.);
#587 = EDGE_CURVE('',#215,#588,#590,.T.);
#588 = VERTEX_POINT('',#589);
#589 = CARTESIAN_POINT('',(68.25,-6.,15.295941546018));
#590 = B_SPLINE_CURVE_WITH_KNOTS('',1,(#591,#592),.UNSPECIFIED.,.F.,.F.,
  (2,2),(0.,1.),.PIECEWISE_BEZIER_KNOTS.);
#591 = CARTESIAN_POINT('',(68.25,-4.,15.295941546018));
#592 = CARTESIAN_POINT('',(68.25,-6.,15.295941546018));
#593 = ORIENTED_EDGE('',*,*,#222,.F.);
#594 = ORIENTED_EDGE('',*,*,#564,.T.);
#595 = ORIENTED_EDGE('',*,*,#596,.F.);
#596 = EDGE_CURVE('',#588,#565,#597,.T.);
#597 = LINE('',#598,#599);
#598 = CARTESIAN_POINT('',(68.25,-6.,15.295941546018));
#599 = VECTOR('',#600,1.);
#600 = DIRECTION('',(0.,0.,-1.));
#601 = PLANE('',#602);
#602 = AXIS2_PLACEMENT_3D('',#603,#604,#605);
#603 = CARTESIAN_POINT('',(68.25,-6.,15.295941546018));
#604 = DIRECTION('',(-1.,-0.,-0.));
#605 = DIRECTION('',(0.,0.,-1.));
#606 = ADVANCED_FACE('',(#607),#624,.T.);
#607 = FACE_BOUND('',#608,.T.);
#608 = EDGE_LOOP('',(#609,#616,#617,#618));
#609 = ORIENTED_EDGE('',*,*,#610,.F.);
#610 = EDGE_CURVE('',#207,#611,#613,.T.);
#611 = VERTEX_POINT('',#612);
#612 = CARTESIAN_POINT('',(72.204058453982,-6.,19.25));
#613 = B_SPLINE_CURVE_WITH_KNOTS('',1,(#614,#615),.UNSPECIFIED.,.F.,.F.,
  (2,2),(0.,1.),.PIECEWISE_BEZIER_KNOTS.);
#614 = CARTESIAN_POINT('',(72.204058453982,-4.,19.25));
#615 = CARTESIAN_POINT('',(72.204058453982,-6.,19.25));
#616 = ORIENTED_EDGE('',*,*,#214,.F.);
#617 = ORIENTED_EDGE('',*,*,#587,.T.);
#618 = ORIENTED_EDGE('',*,*,#619,.F.);
#619 = EDGE_CURVE('',#611,#588,#620,.T.);
#620 = LINE('',#621,#622);
#621 = CARTESIAN_POINT('',(72.204058453982,-6.,19.25));
#622 = VECTOR('',#623,1.);
#623 = DIRECTION('',(-0.707106781187,0.,-0.707106781187));
#624 = PLANE('',#625);
#625 = AXIS2_PLACEMENT_3D('',#626,#627,#628);
#626 = CARTESIAN_POINT('',(72.204058453982,-6.,19.25));
#627 = DIRECTION('',(-0.707106781187,0.,0.707106781187));
#628 = DIRECTION('',(-0.707106781187,0.,-0.707106781187));
#629 = ADVANCED_FACE('',(#630),#641,.T.);
#630 = FACE_BOUND('',#631,.T.);
#631 = EDGE_LOOP('',(#632,#633,#634,#635));
#632 = ORIENTED_EDGE('',*,*,#474,.F.);
#633 = ORIENTED_EDGE('',*,*,#206,.F.);
#634 = ORIENTED_EDGE('',*,*,#610,.T.);
#635 = ORIENTED_EDGE('',*,*,#636,.F.);
#636 = EDGE_CURVE('',#475,#611,#637,.T.);
#637 = LINE('',#638,#639);
#638 = CARTESIAN_POINT('',(77.795941546018,-6.,19.25));
#639 = VECTOR('',#640,1.);
#640 = DIRECTION('',(-1.,0.,0.));
#641 = PLANE('',#642);
#642 = AXIS2_PLACEMENT_3D('',#643,#644,#645);
#643 = CARTESIAN_POINT('',(77.795941546018,-6.,19.25));
#644 = DIRECTION('',(0.,0.,1.));
#645 = DIRECTION('',(-1.,0.,0.));
#646 = ADVANCED_FACE('',(#647),#670,.T.);
#647 = FACE_BOUND('',#648,.T.);
#648 = EDGE_LOOP('',(#649,#656,#657,#664));
#649 = ORIENTED_EDGE('',*,*,#650,.F.);
#650 = EDGE_CURVE('',#265,#651,#653,.T.);
#651 = VERTEX_POINT('',#652);
#652 = CARTESIAN_POINT('',(31.75,-6.,15.295941546018));
#653 = B_SPLINE_CURVE_WITH_KNOTS('',1,(#654,#655),.UNSPECIFIED.,.F.,.F.,
  (2,2),(0.,1.),.PIECEWISE_BEZIER_KNOTS.);
#654 = CARTESIAN_POINT('',(31.75,-4.,15.295941546018));
#655 = CARTESIAN_POINT('',(31.75,-6.,15.295941546018));
#656 = ORIENTED_EDGE('',*,*,#262,.F.);
#657 = ORIENTED_EDGE('',*,*,#658,.T.);
#658 = EDGE_CURVE('',#263,#659,#661,.T.);
#659 = VERTEX_POINT('',#660);
#660 = CARTESIAN_POINT('',(27.795941546018,-6.,19.25));
#661 = B_SPLINE_CURVE_WITH_KNOTS('',1,(#662,#663),.UNSPECIFIED.,.F.,.F.,
  (2,2),(0.,1.),.PIECEWISE_BEZIER_KNOTS.);
#662 = CARTESIAN_POINT('',(27.795941546018,-4.,19.25));
#663 = CARTESIAN_POINT('',(27.795941546018,-6.,19.25));
#664 = ORIENTED_EDGE('',*,*,#665,.F.);
#665 = EDGE_CURVE('',#651,#659,#666,.T.);
#666 = LINE('',#667,#668);
#667 = CARTESIAN_POINT('',(31.75,-6.,15.295941546018));
#668 = VECTOR('',#669,1.);
#669 = DIRECTION('',(-0.707106781187,0.,0.707106781187));
#670 = PLANE('',#671);
#671 = AXIS2_PLACEMENT_3D('',#672,#673,#674);
#672 = CARTESIAN_POINT('',(31.75,-6.,15.295941546018));
#673 = DIRECTION('',(0.707106781187,0.,0.707106781187));
#674 = DIRECTION('',(-0.707106781187,0.,0.707106781187));
#675 = ADVANCED_FACE('',(#676),#693,.T.);
#676 = FACE_BOUND('',#677,.T.);
#677 = EDGE_LOOP('',(#678,#679,#680,#687));
#678 = ORIENTED_EDGE('',*,*,#658,.F.);
#679 = ORIENTED_EDGE('',*,*,#272,.F.);
#680 = ORIENTED_EDGE('',*,*,#681,.T.);
#681 = EDGE_CURVE('',#273,#682,#684,.T.);
#682 = VERTEX_POINT('',#683);
#683 = CARTESIAN_POINT('',(22.204058453982,-6.,19.25));
#684 = B_SPLINE_CURVE_WITH_KNOTS('',1,(#685,#686),.UNSPECIFIED.,.F.,.F.,
  (2,2),(0.,1.),.PIECEWISE_BEZIER_KNOTS.);
#685 = CARTESIAN_POINT('',(22.204058453982,-4.,19.25));
#686 = CARTESIAN_POINT('',(22.204058453982,-6.,19.25));
#687 = ORIENTED_EDGE('',*,*,#688,.F.);
#688 = EDGE_CURVE('',#659,#682,#689,.T.);
#689 = LINE('',#690,#691);
#690 = CARTESIAN_POINT('',(27.795941546018,-6.,19.25));
#691 = VECTOR('',#692,1.);
#692 = DIRECTION('',(-1.,0.,0.));
#693 = PLANE('',#694);
#694 = AXIS2_PLACEMENT_3D('',#695,#696,#697);
#695 = CARTESIAN_POINT('',(27.795941546018,-6.,19.25));
#696 = DIRECTION('',(0.,0.,1.));
#697 = DIRECTION('',(-1.,0.,0.));
#698 = ADVANCED_FACE('',(#699),#716,.T.);
#699 = FACE_BOUND('',#700,.T.);
#700 = EDGE_LOOP('',(#701,#708,#709,#710));
#701 = ORIENTED_EDGE('',*,*,#702,.F.);
#702 = EDGE_CURVE('',#313,#703,#705,.T.);
#703 = VERTEX_POINT('',#704);
#704 = CARTESIAN_POINT('',(31.75,-6.,9.704058453982));
#705 = B_SPLINE_CURVE_WITH_KNOTS('',1,(#706,#707),.UNSPECIFIED.,.F.,.F.,
  (2,2),(0.,1.),.PIECEWISE_BEZIER_KNOTS.);
#706 = CARTESIAN_POINT('',(31.75,-4.,9.704058453982));
#707 = CARTESIAN_POINT('',(31.75,-6.,9.704058453982));
#708 = ORIENTED_EDGE('',*,*,#320,.F.);
#709 = ORIENTED_EDGE('',*,*,#650,.T.);
#710 = ORIENTED_EDGE('',*,*,#711,.F.);
#711 = EDGE_CURVE('',#703,#651,#712,.T.);
#712 = LINE('',#713,#714);
#713 = CARTESIAN_POINT('',(31.75,-6.,9.704058453982));
#714 = VECTOR('',#715,1.);
#715 = DIRECTION('',(0.,0.,1.));
#716 = PLANE('',#717);
#717 = AXIS2_PLACEMENT_3D('',#718,#719,#720);
#718 = CARTESIAN_POINT('',(31.75,-6.,9.704058453982));
#719 = DIRECTION('',(1.,0.,-0.));
#720 = DIRECTION('',(0.,0.,1.));
#721 = ADVANCED_FACE('',(#722),#739,.T.);
#722 = FACE_BOUND('',#723,.T.);
#723 = EDGE_LOOP('',(#724,#725,#726,#733));
#724 = ORIENTED_EDGE('',*,*,#681,.F.);
#725 = ORIENTED_EDGE('',*,*,#280,.F.);
#726 = ORIENTED_EDGE('',*,*,#727,.T.);
#727 = EDGE_CURVE('',#281,#728,#730,.T.);
#728 = VERTEX_POINT('',#729);
#729 = CARTESIAN_POINT('',(18.25,-6.,15.295941546018));
#730 = B_SPLINE_CURVE_WITH_KNOTS('',1,(#731,#732),.UNSPECIFIED.,.F.,.F.,
  (2,2),(0.,1.),.PIECEWISE_BEZIER_KNOTS.);
#731 = CARTESIAN_POINT('',(18.25,-4.,15.295941546018));
#732 = CARTESIAN_POINT('',(18.25,-6.,15.295941546018));
#733 = ORIENTED_EDGE('',*,*,#734,.F.);
#734 = EDGE_CURVE('',#682,#728,#735,.T.);
#735 = LINE('',#736,#737);
#736 = CARTESIAN_POINT('',(22.204058453982,-6.,19.25));
#737 = VECTOR('',#738,1.);
#738 = DIRECTION('',(-0.707106781187,0.,-0.707106781187));
#739 = PLANE('',#740);
#740 = AXIS2_PLACEMENT_3D('',#741,#742,#743);
#741 = CARTESIAN_POINT('',(22.204058453982,-6.,19.25));
#742 = DIRECTION('',(-0.707106781187,0.,0.707106781187));
#743 = DIRECTION('',(-0.707106781187,0.,-0.707106781187));
#744 = ADVANCED_FACE('',(#745),#762,.T.);
#745 = FACE_BOUND('',#746,.T.);
#746 = EDGE_LOOP('',(#747,#754,#755,#756));
#747 = ORIENTED_EDGE('',*,*,#748,.F.);
#748 = EDGE_CURVE('',#305,#749,#751,.T.);
#749 = VERTEX_POINT('',#750);
#750 = CARTESIAN_POINT('',(27.795941546018,-6.,5.75));
#751 = B_SPLINE_CURVE_WITH_KNOTS('',1,(#752,#753),.UNSPECIFIED.,.F.,.F.,
  (2,2),(0.,1.),.PIECEWISE_BEZIER_KNOTS.);
#752 = CARTESIAN_POINT('',(27.795941546018,-4.,5.75));
#753 = CARTESIAN_POINT('',(27.795941546018,-6.,5.75));
#754 = ORIENTED_EDGE('',*,*,#312,.F.);
#755 = ORIENTED_EDGE('',*,*,#702,.T.);
#756 = ORIENTED_EDGE('',*,*,#757,.F.);
#757 = EDGE_CURVE('',#749,#703,#758,.T.);
#758 = LINE('',#759,#760);
#759 = CARTESIAN_POINT('',(27.795941546018,-6.,5.75));
#760 = VECTOR('',#761,1.);
#761 = DIRECTION('',(0.707106781187,0.,0.707106781187));
#762 = PLANE('',#763);
#763 = AXIS2_PLACEMENT_3D('',#764,#765,#766);
#764 = CARTESIAN_POINT('',(27.795941546018,-6.,5.75));
#765 = DIRECTION('',(0.707106781187,0.,-0.707106781187));
#766 = DIRECTION('',(0.707106781187,0.,0.707106781187));
#767 = ADVANCED_FACE('',(#768),#785,.T.);
#768 = FACE_BOUND('',#769,.T.);
#769 = EDGE_LOOP('',(#770,#771,#772,#779));
#770 = ORIENTED_EDGE('',*,*,#727,.F.);
#771 = ORIENTED_EDGE('',*,*,#288,.F.);
#772 = ORIENTED_EDGE('',*,*,#773,.T.);
#773 = EDGE_CURVE('',#289,#774,#776,.T.);
#774 = VERTEX_POINT('',#775);
#775 = CARTESIAN_POINT('',(18.25,-6.,9.704058453982));
#776 = B_SPLINE_CURVE_WITH_KNOTS('',1,(#777,#778),.UNSPECIFIED.,.F.,.F.,
  (2,2),(0.,1.),.PIECEWISE_BEZIER_KNOTS.);
#777 = CARTESIAN_POINT('',(18.25,-4.,9.704058453982));
#778 = CARTESIAN_POINT('',(18.25,-6.,9.704058453982));
#779 = ORIENTED_EDGE('',*,*,#780,.F.);
#780 = EDGE_CURVE('',#728,#774,#781,.T.);
#781 = LINE('',#782,#783);
#782 = CARTESIAN_POINT('',(18.25,-6.,15.295941546018));
#783 = VECTOR('',#784,1.);
#784 = DIRECTION('',(0.,0.,-1.));
#785 = PLANE('',#786);
#786 = AXIS2_PLACEMENT_3D('',#787,#788,#789);
#787 = CARTESIAN_POINT('',(18.25,-6.,15.295941546018));
#788 = DIRECTION('',(-1.,-0.,-0.));
#789 = DIRECTION('',(0.,0.,-1.));
#790 = ADVANCED_FACE('',(#791),#808,.T.);
#791 = FACE_BOUND('',#792,.T.);
#792 = EDGE_LOOP('',(#793,#800,#801,#802));
#793 = ORIENTED_EDGE('',*,*,#794,.F.);
#794 = EDGE_CURVE('',#297,#795,#797,.T.);
#795 = VERTEX_POINT('',#796);
#796 = CARTESIAN_POINT('',(22.204058453982,-6.,5.75));
#797 = B_SPLINE_CURVE_WITH_KNOTS('',1,(#798,#799),.UNSPECIFIED.,.F.,.F.,
  (2,2),(0.,1.),.PIECEWISE_BEZIER_KNOTS.);
#798 = CARTESIAN_POINT('',(22.204058453982,-4.,5.75));
#799 = CARTESIAN_POINT('',(22.204058453982,-6.,5.75));
#800 = ORIENTED_EDGE('',*,*,#304,.F.);
#801 = ORIENTED_EDGE('',*,*,#748,.T.);
#802 = ORIENTED_EDGE('',*,*,#803,.F.);
#803 = EDGE_CURVE('',#795,#749,#804,.T.);
#804 = LINE('',#805,#806);
#805 = CARTESIAN_POINT('',(22.204058453982,-6.,5.75));
#806 = VECTOR('',#807,1.);
#807 = DIRECTION('',(1.,0.,0.));
#808 = PLANE('',#809);
#809 = AXIS2_PLACEMENT_3D('',#810,#811,#812);
#810 = CARTESIAN_POINT('',(22.204058453982,-6.,5.75));
#811 = DIRECTION('',(0.,0.,-1.));
#812 = DIRECTION('',(1.,0.,0.));
#813 = ADVANCED_FACE('',(#814),#825,.T.);
#814 = FACE_BOUND('',#815,.T.);
#815 = EDGE_LOOP('',(#816,#817,#818,#819));
#816 = ORIENTED_EDGE('',*,*,#773,.F.);
#817 = ORIENTED_EDGE('',*,*,#296,.F.);
#818 = ORIENTED_EDGE('',*,*,#794,.T.);
#819 = ORIENTED_EDGE('',*,*,#820,.F.);
#820 = EDGE_CURVE('',#774,#795,#821,.T.);
#821 = LINE('',#822,#823);
#822 = CARTESIAN_POINT('',(18.25,-6.,9.704058453982));
#823 = VECTOR('',#824,1.);
#824 = DIRECTION('',(0.707106781187,0.,-0.707106781187));
#825 = PLANE('',#826);
#826 = AXIS2_PLACEMENT_3D('',#827,#828,#829);
#827 = CARTESIAN_POINT('',(18.25,-6.,9.704058453982));
#828 = DIRECTION('',(-0.707106781187,-0.,-0.707106781187));
#829 = DIRECTION('',(0.707106781187,0.,-0.707106781187));
#830 = ADVANCED_FACE('',(#831),#854,.T.);
#831 = FACE_BOUND('',#832,.T.);
#832 = EDGE_LOOP('',(#833,#840,#841,#848));
#833 = ORIENTED_EDGE('',*,*,#834,.F.);
#834 = EDGE_CURVE('',#331,#835,#837,.T.);
#835 = VERTEX_POINT('',#836);
#836 = CARTESIAN_POINT('',(-18.25,-6.,15.295941546018));
#837 = B_SPLINE_CURVE_WITH_KNOTS('',1,(#838,#839),.UNSPECIFIED.,.F.,.F.,
  (2,2),(0.,1.),.PIECEWISE_BEZIER_KNOTS.);
#838 = CARTESIAN_POINT('',(-18.25,-4.,15.295941546018));
#839 = CARTESIAN_POINT('',(-18.25,-6.,15.295941546018));
#840 = ORIENTED_EDGE('',*,*,#328,.F.);
#841 = ORIENTED_EDGE('',*,*,#842,.T.);
#842 = EDGE_CURVE('',#329,#843,#845,.T.);
#843 = VERTEX_POINT('',#844);
#844 = CARTESIAN_POINT('',(-22.20405845398,-6.,19.25));
#845 = B_SPLINE_CURVE_WITH_KNOTS('',1,(#846,#847),.UNSPECIFIED.,.F.,.F.,
  (2,2),(0.,1.),.PIECEWISE_BEZIER_KNOTS.);
#846 = CARTESIAN_POINT('',(-22.20405845398,-4.,19.25));
#847 = CARTESIAN_POINT('',(-22.20405845398,-6.,19.25));
#848 = ORIENTED_EDGE('',*,*,#849,.F.);
#849 = EDGE_CURVE('',#835,#843,#850,.T.);
#850 = LINE('',#851,#852);
#851 = CARTESIAN_POINT('',(-18.25,-6.,15.295941546018));
#852 = VECTOR('',#853,1.);
#853 = DIRECTION('',(-0.707106781187,0.,0.707106781187));
#854 = PLANE('',#855);
#855 = AXIS2_PLACEMENT_3D('',#856,#857,#858);
#856 = CARTESIAN_POINT('',(-18.25,-6.,15.295941546018));
#857 = DIRECTION('',(0.707106781187,0.,0.707106781187));
#858 = DIRECTION('',(-0.707106781187,0.,0.707106781187));
#859 = ADVANCED_FACE('',(#860),#877,.T.);
#860 = FACE_BOUND('',#861,.T.);
#861 = EDGE_LOOP('',(#862,#863,#864,#871));
#862 = ORIENTED_EDGE('',*,*,#842,.F.);
#863 = ORIENTED_EDGE('',*,*,#338,.F.);
#864 = ORIENTED_EDGE('',*,*,#865,.T.);
#865 = EDGE_CURVE('',#339,#866,#868,.T.);
#866 = VERTEX_POINT('',#867);
#867 = CARTESIAN_POINT('',(-27.79594154601,-6.,19.25));
#868 = B_SPLINE_CURVE_WITH_KNOTS('',1,(#869,#870),.UNSPECIFIED.,.F.,.F.,
  (2,2),(0.,1.),.PIECEWISE_BEZIER_KNOTS.);
#869 = CARTESIAN_POINT('',(-27.79594154601,-4.,19.25));
#870 = CARTESIAN_POINT('',(-27.79594154601,-6.,19.25));
#871 = ORIENTED_EDGE('',*,*,#872,.F.);
#872 = EDGE_CURVE('',#843,#866,#873,.T.);
#873 = LINE('',#874,#875);
#874 = CARTESIAN_POINT('',(-22.20405845398,-6.,19.25));
#875 = VECTOR('',#876,1.);
#876 = DIRECTION('',(-1.,0.,0.));
#877 = PLANE('',#878);
#878 = AXIS2_PLACEMENT_3D('',#879,#880,#881);
#879 = CARTESIAN_POINT('',(-22.20405845398,-6.,19.25));
#880 = DIRECTION('',(0.,0.,1.));
#881 = DIRECTION('',(-1.,0.,0.));
#882 = ADVANCED_FACE('',(#883),#900,.T.);
#883 = FACE_BOUND('',#884,.T.);
#884 = EDGE_LOOP('',(#885,#892,#893,#894));
#885 = ORIENTED_EDGE('',*,*,#886,.F.);
#886 = EDGE_CURVE('',#379,#887,#889,.T.);
#887 = VERTEX_POINT('',#888);
#888 = CARTESIAN_POINT('',(-18.25,-6.,9.704058453982));
#889 = B_SPLINE_CURVE_WITH_KNOTS('',1,(#890,#891),.UNSPECIFIED.,.F.,.F.,
  (2,2),(0.,1.),.PIECEWISE_BEZIER_KNOTS.);
#890 = CARTESIAN_POINT('',(-18.25,-4.,9.704058453982));
#891 = CARTESIAN_POINT('',(-18.25,-6.,9.704058453982));
#892 = ORIENTED_EDGE('',*,*,#386,.F.);
#893 = ORIENTED_EDGE('',*,*,#834,.T.);
#894 = ORIENTED_EDGE('',*,*,#895,.F.);
#895 = EDGE_CURVE('',#887,#835,#896,.T.);
#896 = LINE('',#897,#898);
#897 = CARTESIAN_POINT('',(-18.25,-6.,9.704058453982));
#898 = VECTOR('',#899,1.);
#899 = DIRECTION('',(0.,0.,1.));
#900 = PLANE('',#901);
#901 = AXIS2_PLACEMENT_3D('',#902,#903,#904);
#902 = CARTESIAN_POINT('',(-18.25,-6.,9.704058453982));
#903 = DIRECTION('',(1.,0.,-0.));
#904 = DIRECTION('',(0.,0.,1.));
#905 = ADVANCED_FACE('',(#906),#923,.T.);
#906 = FACE_BOUND('',#907,.T.);
#907 = EDGE_LOOP('',(#908,#909,#910,#917));
#908 = ORIENTED_EDGE('',*,*,#865,.F.);
#909 = ORIENTED_EDGE('',*,*,#346,.F.);
#910 = ORIENTED_EDGE('',*,*,#911,.T.);
#911 = EDGE_CURVE('',#347,#912,#914,.T.);
#912 = VERTEX_POINT('',#913);
#913 = CARTESIAN_POINT('',(-31.75,-6.,15.295941546018));
#914 = B_SPLINE_CURVE_WITH_KNOTS('',1,(#915,#916),.UNSPECIFIED.,.F.,.F.,
  (2,2),(0.,1.),.PIECEWISE_BEZIER_KNOTS.);
#915 = CARTESIAN_POINT('',(-31.75,-4.,15.295941546018));
#916 = CARTESIAN_POINT('',(-31.75,-6.,15.295941546018));
#917 = ORIENTED_EDGE('',*,*,#918,.F.);
#918 = EDGE_CURVE('',#866,#912,#919,.T.);
#919 = LINE('',#920,#921);
#920 = CARTESIAN_POINT('',(-27.79594154601,-6.,19.25));
#921 = VECTOR('',#922,1.);
#922 = DIRECTION('',(-0.707106781187,0.,-0.707106781187));
#923 = PLANE('',#924);
#924 = AXIS2_PLACEMENT_3D('',#925,#926,#927);
#925 = CARTESIAN_POINT('',(-27.79594154601,-6.,19.25));
#926 = DIRECTION('',(-0.707106781187,0.,0.707106781187));
#927 = DIRECTION('',(-0.707106781187,0.,-0.707106781187));
#928 = ADVANCED_FACE('',(#929),#946,.T.);
#929 = FACE_BOUND('',#930,.T.);
#930 = EDGE_LOOP('',(#931,#938,#939,#940));
#931 = ORIENTED_EDGE('',*,*,#932,.F.);
#932 = EDGE_CURVE('',#371,#933,#935,.T.);
#933 = VERTEX_POINT('',#934);
#934 = CARTESIAN_POINT('',(-22.20405845398,-6.,5.75));
#935 = B_SPLINE_CURVE_WITH_KNOTS('',1,(#936,#937),.UNSPECIFIED.,.F.,.F.,
  (2,2),(0.,1.),.PIECEWISE_BEZIER_KNOTS.);
#936 = CARTESIAN_POINT('',(-22.20405845398,-4.,5.75));
#937 = CARTESIAN_POINT('',(-22.20405845398,-6.,5.75));
#938 = ORIENTED_EDGE('',*,*,#378,.F.);
#939 = ORIENTED_EDGE('',*,*,#886,.T.);
#940 = ORIENTED_EDGE('',*,*,#941,.F.);
#941 = EDGE_CURVE('',#933,#887,#942,.T.);
#942 = LINE('',#943,#944);
#943 = CARTESIAN_POINT('',(-22.20405845398,-6.,5.75));
#944 = VECTOR('',#945,1.);
#945 = DIRECTION('',(0.707106781187,0.,0.707106781187));
#946 = PLANE('',#947);
#947 = AXIS2_PLACEMENT_3D('',#948,#949,#950);
#948 = CARTESIAN_POINT('',(-22.20405845398,-6.,5.75));
#949 = DIRECTION('',(0.707106781187,0.,-0.707106781187));
#950 = DIRECTION('',(0.707106781187,0.,0.707106781187));
#951 = ADVANCED_FACE('',(#952),#969,.T.);
#952 = FACE_BOUND('',#953,.T.);
#953 = EDGE_LOOP('',(#954,#955,#956,#963));
#954 = ORIENTED_EDGE('',*,*,#911,.F.);
#955 = ORIENTED_EDGE('',*,*,#354,.F.);
#956 = ORIENTED_EDGE('',*,*,#957,.T.);
#957 = EDGE_CURVE('',#355,#958,#960,.T.);
#958 = VERTEX_POINT('',#959);
#959 = CARTESIAN_POINT('',(-31.75,-6.,9.704058453982));
#960 = B_SPLINE_CURVE_WITH_KNOTS('',1,(#961,#962),.UNSPECIFIED.,.F.,.F.,
  (2,2),(0.,1.),.PIECEWISE_BEZIER_KNOTS.);
#961 = CARTESIAN_POINT('',(-31.75,-4.,9.704058453982));
#962 = CARTESIAN_POINT('',(-31.75,-6.,9.704058453982));
#963 = ORIENTED_EDGE('',*,*,#964,.F.);
#964 = EDGE_CURVE('',#912,#958,#965,.T.);
#965 = LINE('',#966,#967);
#966 = CARTESIAN_POINT('',(-31.75,-6.,15.295941546018));
#967 = VECTOR('',#968,1.);
#968 = DIRECTION('',(0.,0.,-1.));
#969 = PLANE('',#970);
#970 = AXIS2_PLACEMENT_3D('',#971,#972,#973);
#971 = CARTESIAN_POINT('',(-31.75,-6.,15.295941546018));
#972 = DIRECTION('',(-1.,-0.,-0.));
#973 = DIRECTION('',(0.,0.,-1.));
#974 = ADVANCED_FACE('',(#975),#992,.T.);
#975 = FACE_BOUND('',#976,.T.);
#976 = EDGE_LOOP('',(#977,#984,#985,#986));
#977 = ORIENTED_EDGE('',*,*,#978,.F.);
#978 = EDGE_CURVE('',#363,#979,#981,.T.);
#979 = VERTEX_POINT('',#980);
#980 = CARTESIAN_POINT('',(-27.79594154601,-6.,5.75));
#981 = B_SPLINE_CURVE_WITH_KNOTS('',1,(#982,#983),.UNSPECIFIED.,.F.,.F.,
  (2,2),(0.,1.),.PIECEWISE_BEZIER_KNOTS.);
#982 = CARTESIAN_POINT('',(-27.79594154601,-4.,5.75));
#983 = CARTESIAN_POINT('',(-27.79594154601,-6.,5.75));
#984 = ORIENTED_EDGE('',*,*,#370,.F.);
#985 = ORIENTED_EDGE('',*,*,#932,.T.);
#986 = ORIENTED_EDGE('',*,*,#987,.F.);
#987 = EDGE_CURVE('',#979,#933,#988,.T.);
#988 = LINE('',#989,#990);
#989 = CARTESIAN_POINT('',(-27.79594154601,-6.,5.75));
#990 = VECTOR('',#991,1.);
#991 = DIRECTION('',(1.,0.,0.));
#992 = PLANE('',#993);
#993 = AXIS2_PLACEMENT_3D('',#994,#995,#996);
#994 = CARTESIAN_POINT('',(-27.79594154601,-6.,5.75));
#995 = DIRECTION('',(0.,0.,-1.));
#996 = DIRECTION('',(1.,0.,0.));
#997 = ADVANCED_FACE('',(#998),#1009,.T.);
#998 = FACE_BOUND('',#999,.T.);
#999 = EDGE_LOOP('',(#1000,#1001,#1002,#1003));
#1000 = ORIENTED_EDGE('',*,*,#957,.F.);
#1001 = ORIENTED_EDGE('',*,*,#362,.F.);
#1002 = ORIENTED_EDGE('',*,*,#978,.T.);
#1003 = ORIENTED_EDGE('',*,*,#1004,.F.);
#1004 = EDGE_CURVE('',#958,#979,#1005,.T.);
#1005 = LINE('',#1006,#1007);
#1006 = CARTESIAN_POINT('',(-31.75,-6.,9.704058453982));
#1007 = VECTOR('',#1008,1.);
#1008 = DIRECTION('',(0.707106781187,0.,-0.707106781187));
#1009 = PLANE('',#1010);
#1010 = AXIS2_PLACEMENT_3D('',#1011,#1012,#1013);
#1011 = CARTESIAN_POINT('',(-31.75,-6.,9.704058453982));
#1012 = DIRECTION('',(-0.707106781187,-0.,-0.707106781187));
#1013 = DIRECTION('',(0.707106781187,0.,-0.707106781187));
#1014 = ADVANCED_FACE('',(#1015),#1038,.T.);
#1015 = FACE_BOUND('',#1016,.T.);
#1016 = EDGE_LOOP('',(#1017,#1024,#1025,#1032));
#1017 = ORIENTED_EDGE('',*,*,#1018,.F.);
#1018 = EDGE_CURVE('',#397,#1019,#1021,.T.);
#1019 = VERTEX_POINT('',#1020);
#1020 = CARTESIAN_POINT('',(-68.25,-6.,15.295941546018));
#1021 = B_SPLINE_CURVE_WITH_KNOTS('',1,(#1022,#1023),.UNSPECIFIED.,.F.,
  .F.,(2,2),(0.,1.),.PIECEWISE_BEZIER_KNOTS.);
#1022 = CARTESIAN_POINT('',(-68.25,-4.,15.295941546018));
#1023 = CARTESIAN_POINT('',(-68.25,-6.,15.295941546018));
#1024 = ORIENTED_EDGE('',*,*,#394,.F.);
#1025 = ORIENTED_EDGE('',*,*,#1026,.T.);
#1026 = EDGE_CURVE('',#395,#1027,#1029,.T.);
#1027 = VERTEX_POINT('',#1028);
#1028 = CARTESIAN_POINT('',(-72.20405845398,-6.,19.25));
#1029 = B_SPLINE_CURVE_WITH_KNOTS('',1,(#1030,#1031),.UNSPECIFIED.,.F.,
  .F.,(2,2),(0.,1.),.PIECEWISE_BEZIER_KNOTS.);
#1030 = CARTESIAN_POINT('',(-72.20405845398,-4.,19.25));
#1031 = CARTESIAN_POINT('',(-72.20405845398,-6.,19.25));
#1032 = ORIENTED_EDGE('',*,*,#1033,.F.);
#1033 = EDGE_CURVE('',#1019,#1027,#1034,.T.);
#1034 = LINE('',#1035,#1036);
#1035 = CARTESIAN_POINT('',(-68.25,-6.,15.295941546018));
#1036 = VECTOR('',#1037,1.);
#1037 = DIRECTION('',(-0.707106781187,0.,0.707106781187));
#1038 = PLANE('',#1039);
#1039 = AXIS2_PLACEMENT_3D('',#1040,#1041,#1042);
#1040 = CARTESIAN_POINT('',(-68.25,-6.,15.295941546018));
#1041 = DIRECTION('',(0.707106781187,0.,0.707106781187));
#1042 = DIRECTION('',(-0.707106781187,0.,0.707106781187));
#1043 = ADVANCED_FACE('',(#1044),#1061,.T.);
#1044 = FACE_BOUND('',#1045,.T.);
#1045 = EDGE_LOOP('',(#1046,#1047,#1048,#1055));
#1046 = ORIENTED_EDGE('',*,*,#1026,.F.);
#1047 = ORIENTED_EDGE('',*,*,#404,.F.);
#1048 = ORIENTED_EDGE('',*,*,#1049,.T.);
#1049 = EDGE_CURVE('',#405,#1050,#1052,.T.);
#1050 = VERTEX_POINT('',#1051);
#1051 = CARTESIAN_POINT('',(-77.79594154601,-6.,19.25));
#1052 = B_SPLINE_CURVE_WITH_KNOTS('',1,(#1053,#1054),.UNSPECIFIED.,.F.,
  .F.,(2,2),(0.,1.),.PIECEWISE_BEZIER_KNOTS.);
#1053 = CARTESIAN_POINT('',(-77.79594154601,-4.,19.25));
#1054 = CARTESIAN_POINT('',(-77.79594154601,-6.,19.25));
#1055 = ORIENTED_EDGE('',*,*,#1056,.F.);
#1056 = EDGE_CURVE('',#1027,#1050,#1057,.T.);
#1057 = LINE('',#1058,#1059);
#1058 = CARTESIAN_POINT('',(-72.20405845398,-6.,19.25));
#1059 = VECTOR('',#1060,1.);
#1060 = DIRECTION('',(-1.,0.,0.));
#1061 = PLANE('',#1062);
#1062 = AXIS2_PLACEMENT_3D('',#1063,#1064,#1065);
#1063 = CARTESIAN_POINT('',(-72.20405845398,-6.,19.25));
#1064 = DIRECTION('',(0.,0.,1.));
#1065 = DIRECTION('',(-1.,0.,0.));
#1066 = ADVANCED_FACE('',(#1067),#1084,.T.);
#1067 = FACE_BOUND('',#1068,.T.);
#1068 = EDGE_LOOP('',(#1069,#1076,#1077,#1078));
#1069 = ORIENTED_EDGE('',*,*,#1070,.F.);
#1070 = EDGE_CURVE('',#445,#1071,#1073,.T.);
#1071 = VERTEX_POINT('',#1072);
#1072 = CARTESIAN_POINT('',(-68.25,-6.,9.704058453982));
#1073 = B_SPLINE_CURVE_WITH_KNOTS('',1,(#1074,#1075),.UNSPECIFIED.,.F.,
  .F.,(2,2),(0.,1.),.PIECEWISE_BEZIER_KNOTS.);
#1074 = CARTESIAN_POINT('',(-68.25,-4.,9.704058453982));
#1075 = CARTESIAN_POINT('',(-68.25,-6.,9.704058453982));
#1076 = ORIENTED_EDGE('',*,*,#452,.F.);
#1077 = ORIENTED_EDGE('',*,*,#1018,.T.);
#1078 = ORIENTED_EDGE('',*,*,#1079,.F.);
#1079 = EDGE_CURVE('',#1071,#1019,#1080,.T.);
#1080 = LINE('',#1081,#1082);
#1081 = CARTESIAN_POINT('',(-68.25,-6.,9.704058453982));
#1082 = VECTOR('',#1083,1.);
#1083 = DIRECTION('',(0.,0.,1.));
#1084 = PLANE('',#1085);
#1085 = AXIS2_PLACEMENT_3D('',#1086,#1087,#1088);
#1086 = CARTESIAN_POINT('',(-68.25,-6.,9.704058453982));
#1087 = DIRECTION('',(1.,0.,-0.));
#1088 = DIRECTION('',(0.,0.,1.));
#1089 = ADVANCED_FACE('',(#1090),#1107,.T.);
#1090 = FACE_BOUND('',#1091,.T.);
#1091 = EDGE_LOOP('',(#1092,#1093,#1094,#1101));
#1092 = ORIENTED_EDGE('',*,*,#1049,.F.);
#1093 = ORIENTED_EDGE('',*,*,#412,.F.);
#1094 = ORIENTED_EDGE('',*,*,#1095,.T.);
#1095 = EDGE_CURVE('',#413,#1096,#1098,.T.);
#1096 = VERTEX_POINT('',#1097);
#1097 = CARTESIAN_POINT('',(-81.75,-6.,15.295941546018));
#1098 = B_SPLINE_CURVE_WITH_KNOTS('',1,(#1099,#1100),.UNSPECIFIED.,.F.,
  .F.,(2,2),(0.,1.),.PIECEWISE_BEZIER_KNOTS.);
#1099 = CARTESIAN_POINT('',(-81.75,-4.,15.295941546018));
#1100 = CARTESIAN_POINT('',(-81.75,-6.,15.295941546018));
#1101 = ORIENTED_EDGE('',*,*,#1102,.F.);
#1102 = EDGE_CURVE('',#1050,#1096,#1103,.T.);
#1103 = LINE('',#1104,#1105);
#1104 = CARTESIAN_POINT('',(-77.79594154601,-6.,19.25));
#1105 = VECTOR('',#1106,1.);
#1106 = DIRECTION('',(-0.707106781187,0.,-0.707106781187));
#1107 = PLANE('',#1108);
#1108 = AXIS2_PLACEMENT_3D('',#1109,#1110,#1111);
#1109 = CARTESIAN_POINT('',(-77.79594154601,-6.,19.25));
#1110 = DIRECTION('',(-0.707106781187,0.,0.707106781187));
#1111 = DIRECTION('',(-0.707106781187,0.,-0.707106781187));
#1112 = ADVANCED_FACE('',(#1113),#1130,.T.);
#1113 = FACE_BOUND('',#1114,.T.);
#1114 = EDGE_LOOP('',(#1115,#1122,#1123,#1124));
#1115 = ORIENTED_EDGE('',*,*,#1116,.F.);
#1116 = EDGE_CURVE('',#437,#1117,#1119,.T.);
#1117 = VERTEX_POINT('',#1118);
#1118 = CARTESIAN_POINT('',(-72.20405845398,-6.,5.75));
#1119 = B_SPLINE_CURVE_WITH_KNOTS('',1,(#1120,#1121),.UNSPECIFIED.,.F.,
  .F.,(2,2),(0.,1.),.PIECEWISE_BEZIER_KNOTS.);
#1120 = CARTESIAN_POINT('',(-72.20405845398,-4.,5.75));
#1121 = CARTESIAN_POINT('',(-72.20405845398,-6.,5.75));
#1122 = ORIENTED_EDGE('',*,*,#444,.F.);
#1123 = ORIENTED_EDGE('',*,*,#1070,.T.);
#1124 = ORIENTED_EDGE('',*,*,#1125,.F.);
#1125 = EDGE_CURVE('',#1117,#1071,#1126,.T.);
#1126 = LINE('',#1127,#1128);
#1127 = CARTESIAN_POINT('',(-72.20405845398,-6.,5.75));
#1128 = VECTOR('',#1129,1.);
#1129 = DIRECTION('',(0.707106781187,0.,0.707106781187));
#1130 = PLANE('',#1131);
#1131 = AXIS2_PLACEMENT_3D('',#1132,#1133,#1134);
#1132 = CARTESIAN_POINT('',(-72.20405845398,-6.,5.75));
#1133 = DIRECTION('',(0.707106781187,0.,-0.707106781187));
#1134 = DIRECTION('',(0.707106781187,0.,0.707106781187));
#1135 = ADVANCED_FACE('',(#1136),#1153,.T.);
#1136 = FACE_BOUND('',#1137,.T.);
#1137 = EDGE_LOOP('',(#1138,#1139,#1140,#1147));
#1138 = ORIENTED_EDGE('',*,*,#1095,.F.);
#1139 = ORIENTED_EDGE('',*,*,#420,.F.);
#1140 = ORIENTED_EDGE('',*,*,#1141,.T.);
#1141 = EDGE_CURVE('',#421,#1142,#1144,.T.);
#1142 = VERTEX_POINT('',#1143);
#1143 = CARTESIAN_POINT('',(-81.75,-6.,9.704058453982));
#1144 = B_SPLINE_CURVE_WITH_KNOTS('',1,(#1145,#1146),.UNSPECIFIED.,.F.,
  .F.,(2,2),(0.,1.),.PIECEWISE_BEZIER_KNOTS.);
#1145 = CARTESIAN_POINT('',(-81.75,-4.,9.704058453982));
#1146 = CARTESIAN_POINT('',(-81.75,-6.,9.704058453982));
#1147 = ORIENTED_EDGE('',*,*,#1148,.F.);
#1148 = EDGE_CURVE('',#1096,#1142,#1149,.T.);
#1149 = LINE('',#1150,#1151);
#1150 = CARTESIAN_POINT('',(-81.75,-6.,15.295941546018));
#1151 = VECTOR('',#1152,1.);
#1152 = DIRECTION('',(0.,0.,-1.));
#1153 = PLANE('',#1154);
#1154 = AXIS2_PLACEMENT_3D('',#1155,#1156,#1157);
#1155 = CARTESIAN_POINT('',(-81.75,-6.,15.295941546018));
#1156 = DIRECTION('',(-1.,-0.,-0.));
#1157 = DIRECTION('',(0.,0.,-1.));
#1158 = ADVANCED_FACE('',(#1159),#1176,.T.);
#1159 = FACE_BOUND('',#1160,.T.);
#1160 = EDGE_LOOP('',(#1161,#1168,#1169,#1170));
#1161 = ORIENTED_EDGE('',*,*,#1162,.F.);
#1162 = EDGE_CURVE('',#429,#1163,#1165,.T.);
#1163 = VERTEX_POINT('',#1164);
#1164 = CARTESIAN_POINT('',(-77.79594154601,-6.,5.75));
#1165 = B_SPLINE_CURVE_WITH_KNOTS('',1,(#1166,#1167),.UNSPECIFIED.,.F.,
  .F.,(2,2),(0.,1.),.PIECEWISE_BEZIER_KNOTS.);
#1166 = CARTESIAN_POINT('',(-77.79594154601,-4.,5.75));
#1167 = CARTESIAN_POINT('',(-77.79594154601,-6.,5.75));
#1168 = ORIENTED_EDGE('',*,*,#436,.F.);
#1169 = ORIENTED_EDGE('',*,*,#1116,.T.);
#1170 = ORIENTED_EDGE('',*,*,#1171,.F.);
#1171 = EDGE_CURVE('',#1163,#1117,#1172,.T.);
#1172 = LINE('',#1173,#1174);
#1173 = CARTESIAN_POINT('',(-77.79594154601,-6.,5.75));
#1174 = VECTOR('',#1175,1.);
#1175 = DIRECTION('',(1.,0.,0.));
#1176 = PLANE('',#1177);
#1177 = AXIS2_PLACEMENT_3D('',#1178,#1179,#1180);
#1178 = CARTESIAN_POINT('',(-77.79594154601,-6.,5.75));
#1179 = DIRECTION('',(0.,0.,-1.));
#1180 = DIRECTION('',(1.,0.,0.));
#1181 = ADVANCED_FACE('',(#1182),#1193,.T.);
#1182 = FACE_BOUND('',#1183,.T.);
#1183 = EDGE_LOOP('',(#1184,#1185,#1186,#1187));
#1184 = ORIENTED_EDGE('',*,*,#1141,.F.);
#1185 = ORIENTED_EDGE('',*,*,#428,.F.);
#1186 = ORIENTED_EDGE('',*,*,#1162,.T.);
#1187 = ORIENTED_EDGE('',*,*,#1188,.F.);
#1188 = EDGE_CURVE('',#1142,#1163,#1189,.T.);
#1189 = LINE('',#1190,#1191);
#1190 = CARTESIAN_POINT('',(-81.75,-6.,9.704058453982));
#1191 = VECTOR('',#1192,1.);
#1192 = DIRECTION('',(0.707106781187,0.,-0.707106781187));
#1193 = PLANE('',#1194);
#1194 = AXIS2_PLACEMENT_3D('',#1195,#1196,#1197);
#1195 = CARTESIAN_POINT('',(-81.75,-6.,9.704058453982));
#1196 = DIRECTION('',(-0.707106781187,-0.,-0.707106781187));
#1197 = DIRECTION('',(0.707106781187,0.,-0.707106781187));
#1198 = ADVANCED_FACE('',(#1199),#1222,.T.);
#1199 = FACE_BOUND('',#1200,.T.);
#1200 = EDGE_LOOP('',(#1201,#1202,#1209,#1217));
#1201 = ORIENTED_EDGE('',*,*,#481,.T.);
#1202 = ORIENTED_EDGE('',*,*,#1203,.T.);
#1203 = EDGE_CURVE('',#475,#1204,#1206,.T.);
#1204 = VERTEX_POINT('',#1205);
#1205 = CARTESIAN_POINT('',(77.737951647286,-12.9,19.11));
#1206 = B_SPLINE_CURVE_WITH_KNOTS('',1,(#1207,#1208),.UNSPECIFIED.,.F.,
  .F.,(2,2),(0.,1.),.PIECEWISE_BEZIER_KNOTS.);
#1207 = CARTESIAN_POINT('',(77.795941546018,-6.,19.25));
#1208 = CARTESIAN_POINT('',(77.737951647286,-12.9,19.11));
#1209 = ORIENTED_EDGE('',*,*,#1210,.F.);
#1210 = EDGE_CURVE('',#1211,#1204,#1213,.T.);
#1211 = VERTEX_POINT('',#1212);
#1212 = CARTESIAN_POINT('',(81.61,-12.9,15.237951647286));
#1213 = LINE('',#1214,#1215);
#1214 = CARTESIAN_POINT('',(81.61,-12.9,15.237951647286));
#1215 = VECTOR('',#1216,1.);
#1216 = DIRECTION('',(-0.707106781187,0.,0.707106781187));
#1217 = ORIENTED_EDGE('',*,*,#1218,.F.);
#1218 = EDGE_CURVE('',#467,#1211,#1219,.T.);
#1219 = B_SPLINE_CURVE_WITH_KNOTS('',1,(#1220,#1221),.UNSPECIFIED.,.F.,
  .F.,(2,2),(0.,1.),.PIECEWISE_BEZIER_KNOTS.);
#1220 = CARTESIAN_POINT('',(81.75,-6.,15.295941546018));
#1221 = CARTESIAN_POINT('',(81.61,-12.9,15.237951647286));
#1222 = B_SPLINE_SURFACE_WITH_KNOTS('',1,1,(
    (#1223,#1224)
    ,(#1225,#1226
    )),.UNSPECIFIED.,.F.,.F.,.F.,(2,2),(2,2),(0.,5.591883092037),(0.,1.)
  ,.PIECEWISE_BEZIER_KNOTS.);
#1223 = CARTESIAN_POINT('',(81.75,-6.,15.295941546018));
#1224 = CARTESIAN_POINT('',(81.61,-12.9,15.237951647286));
#1225 = CARTESIAN_POINT('',(77.795941546018,-6.,19.25));
#1226 = CARTESIAN_POINT('',(77.737951647286,-12.9,19.11));
#1227 = ADVANCED_FACE('',(#1228),#1245,.T.);
#1228 = FACE_BOUND('',#1229,.T.);
#1229 = EDGE_LOOP('',(#1230,#1231,#1232,#1240));
#1230 = ORIENTED_EDGE('',*,*,#504,.T.);
#1231 = ORIENTED_EDGE('',*,*,#1218,.T.);
#1232 = ORIENTED_EDGE('',*,*,#1233,.F.);
#1233 = EDGE_CURVE('',#1234,#1211,#1236,.T.);
#1234 = VERTEX_POINT('',#1235);
#1235 = CARTESIAN_POINT('',(81.61,-12.9,9.762048352714));
#1236 = LINE('',#1237,#1238);
#1237 = CARTESIAN_POINT('',(81.61,-12.9,9.762048352714));
#1238 = VECTOR('',#1239,1.);
#1239 = DIRECTION('',(0.,0.,1.));
#1240 = ORIENTED_EDGE('',*,*,#1241,.F.);
#1241 = EDGE_CURVE('',#496,#1234,#1242,.T.);
#1242 = B_SPLINE_CURVE_WITH_KNOTS('',1,(#1243,#1244),.UNSPECIFIED.,.F.,
  .F.,(2,2),(0.,1.),.PIECEWISE_BEZIER_KNOTS.);
#1243 = CARTESIAN_POINT('',(81.75,-6.,9.704058453982));
#1244 = CARTESIAN_POINT('',(81.61,-12.9,9.762048352714));
#1245 = B_SPLINE_SURFACE_WITH_KNOTS('',1,1,(
    (#1246,#1247)
    ,(#1248,#1249
    )),.UNSPECIFIED.,.F.,.F.,.F.,(2,2),(2,2),(0.,5.591883092037),(0.,1.)
  ,.PIECEWISE_BEZIER_KNOTS.);
#1246 = CARTESIAN_POINT('',(81.75,-6.,9.704058453982));
#1247 = CARTESIAN_POINT('',(81.61,-12.9,9.762048352714));
#1248 = CARTESIAN_POINT('',(81.75,-6.,15.295941546018));
#1249 = CARTESIAN_POINT('',(81.61,-12.9,15.237951647286));
#1250 = ADVANCED_FACE('',(#1251),#1268,.T.);
#1251 = FACE_BOUND('',#1252,.T.);
#1252 = EDGE_LOOP('',(#1253,#1254,#1255,#1263));
#1253 = ORIENTED_EDGE('',*,*,#527,.T.);
#1254 = ORIENTED_EDGE('',*,*,#1241,.T.);
#1255 = ORIENTED_EDGE('',*,*,#1256,.F.);
#1256 = EDGE_CURVE('',#1257,#1234,#1259,.T.);
#1257 = VERTEX_POINT('',#1258);
#1258 = CARTESIAN_POINT('',(77.737951647286,-12.9,5.89));
#1259 = LINE('',#1260,#1261);
#1260 = CARTESIAN_POINT('',(77.737951647286,-12.9,5.89));
#1261 = VECTOR('',#1262,1.);
#1262 = DIRECTION('',(0.707106781187,0.,0.707106781187));
#1263 = ORIENTED_EDGE('',*,*,#1264,.F.);
#1264 = EDGE_CURVE('',#519,#1257,#1265,.T.);
#1265 = B_SPLINE_CURVE_WITH_KNOTS('',1,(#1266,#1267),.UNSPECIFIED.,.F.,
  .F.,(2,2),(0.,1.),.PIECEWISE_BEZIER_KNOTS.);
#1266 = CARTESIAN_POINT('',(77.795941546018,-6.,5.75));
#1267 = CARTESIAN_POINT('',(77.737951647286,-12.9,5.89));
#1268 = B_SPLINE_SURFACE_WITH_KNOTS('',1,1,(
    (#1269,#1270)
    ,(#1271,#1272
    )),.UNSPECIFIED.,.F.,.F.,.F.,(2,2),(2,2),(0.,5.591883092037),(0.,1.)
  ,.PIECEWISE_BEZIER_KNOTS.);
#1269 = CARTESIAN_POINT('',(77.795941546018,-6.,5.75));
#1270 = CARTESIAN_POINT('',(77.737951647286,-12.9,5.89));
#1271 = CARTESIAN_POINT('',(81.75,-6.,9.704058453982));
#1272 = CARTESIAN_POINT('',(81.61,-12.9,9.762048352714));
#1273 = ADVANCED_FACE('',(#1274),#1291,.T.);
#1274 = FACE_BOUND('',#1275,.T.);
#1275 = EDGE_LOOP('',(#1276,#1277,#1278,#1286));
#1276 = ORIENTED_EDGE('',*,*,#550,.T.);
#1277 = ORIENTED_EDGE('',*,*,#1264,.T.);
#1278 = ORIENTED_EDGE('',*,*,#1279,.F.);
#1279 = EDGE_CURVE('',#1280,#1257,#1282,.T.);
#1280 = VERTEX_POINT('',#1281);
#1281 = CARTESIAN_POINT('',(72.262048352714,-12.9,5.89));
#1282 = LINE('',#1283,#1284);
#1283 = CARTESIAN_POINT('',(72.262048352714,-12.9,5.89));
#1284 = VECTOR('',#1285,1.);
#1285 = DIRECTION('',(1.,0.,0.));
#1286 = ORIENTED_EDGE('',*,*,#1287,.F.);
#1287 = EDGE_CURVE('',#542,#1280,#1288,.T.);
#1288 = B_SPLINE_CURVE_WITH_KNOTS('',1,(#1289,#1290),.UNSPECIFIED.,.F.,
  .F.,(2,2),(0.,1.),.PIECEWISE_BEZIER_KNOTS.);
#1289 = CARTESIAN_POINT('',(72.204058453982,-6.,5.75));
#1290 = CARTESIAN_POINT('',(72.262048352714,-12.9,5.89));
#1291 = B_SPLINE_SURFACE_WITH_KNOTS('',1,1,(
    (#1292,#1293)
    ,(#1294,#1295
    )),.UNSPECIFIED.,.F.,.F.,.F.,(2,2),(2,2),(0.,5.591883092037),(0.,1.)
  ,.PIECEWISE_BEZIER_KNOTS.);
#1292 = CARTESIAN_POINT('',(72.204058453982,-6.,5.75));
#1293 = CARTESIAN_POINT('',(72.262048352714,-12.9,5.89));
#1294 = CARTESIAN_POINT('',(77.795941546018,-6.,5.75));
#1295 = CARTESIAN_POINT('',(77.737951647286,-12.9,5.89));
#1296 = ADVANCED_FACE('',(#1297),#1314,.T.);
#1297 = FACE_BOUND('',#1298,.T.);
#1298 = EDGE_LOOP('',(#1299,#1300,#1301,#1309));
#1299 = ORIENTED_EDGE('',*,*,#573,.T.);
#1300 = ORIENTED_EDGE('',*,*,#1287,.T.);
#1301 = ORIENTED_EDGE('',*,*,#1302,.F.);
#1302 = EDGE_CURVE('',#1303,#1280,#1305,.T.);
#1303 = VERTEX_POINT('',#1304);
#1304 = CARTESIAN_POINT('',(68.39,-12.9,9.762048352714));
#1305 = LINE('',#1306,#1307);
#1306 = CARTESIAN_POINT('',(68.39,-12.9,9.762048352714));
#1307 = VECTOR('',#1308,1.);
#1308 = DIRECTION('',(0.707106781187,0.,-0.707106781187));
#1309 = ORIENTED_EDGE('',*,*,#1310,.F.);
#1310 = EDGE_CURVE('',#565,#1303,#1311,.T.);
#1311 = B_SPLINE_CURVE_WITH_KNOTS('',1,(#1312,#1313),.UNSPECIFIED.,.F.,
  .F.,(2,2),(0.,1.),.PIECEWISE_BEZIER_KNOTS.);
#1312 = CARTESIAN_POINT('',(68.25,-6.,9.704058453982));
#1313 = CARTESIAN_POINT('',(68.39,-12.9,9.762048352714));
#1314 = B_SPLINE_SURFACE_WITH_KNOTS('',1,1,(
    (#1315,#1316)
    ,(#1317,#1318
    )),.UNSPECIFIED.,.F.,.F.,.F.,(2,2),(2,2),(0.,5.591883092037),(0.,1.)
  ,.PIECEWISE_BEZIER_KNOTS.);
#1315 = CARTESIAN_POINT('',(68.25,-6.,9.704058453982));
#1316 = CARTESIAN_POINT('',(68.39,-12.9,9.762048352714));
#1317 = CARTESIAN_POINT('',(72.204058453982,-6.,5.75));
#1318 = CARTESIAN_POINT('',(72.262048352714,-12.9,5.89));
#1319 = ADVANCED_FACE('',(#1320),#1337,.T.);
#1320 = FACE_BOUND('',#1321,.T.);
#1321 = EDGE_LOOP('',(#1322,#1323,#1324,#1332));
#1322 = ORIENTED_EDGE('',*,*,#596,.T.);
#1323 = ORIENTED_EDGE('',*,*,#1310,.T.);
#1324 = ORIENTED_EDGE('',*,*,#1325,.F.);
#1325 = EDGE_CURVE('',#1326,#1303,#1328,.T.);
#1326 = VERTEX_POINT('',#1327);
#1327 = CARTESIAN_POINT('',(68.39,-12.9,15.237951647286));
#1328 = LINE('',#1329,#1330);
#1329 = CARTESIAN_POINT('',(68.39,-12.9,15.237951647286));
#1330 = VECTOR('',#1331,1.);
#1331 = DIRECTION('',(0.,0.,-1.));
#1332 = ORIENTED_EDGE('',*,*,#1333,.F.);
#1333 = EDGE_CURVE('',#588,#1326,#1334,.T.);
#1334 = B_SPLINE_CURVE_WITH_KNOTS('',1,(#1335,#1336),.UNSPECIFIED.,.F.,
  .F.,(2,2),(0.,1.),.PIECEWISE_BEZIER_KNOTS.);
#1335 = CARTESIAN_POINT('',(68.25,-6.,15.295941546018));
#1336 = CARTESIAN_POINT('',(68.39,-12.9,15.237951647286));
#1337 = B_SPLINE_SURFACE_WITH_KNOTS('',1,1,(
    (#1338,#1339)
    ,(#1340,#1341
    )),.UNSPECIFIED.,.F.,.F.,.F.,(2,2),(2,2),(0.,5.591883092037),(0.,1.)
  ,.PIECEWISE_BEZIER_KNOTS.);
#1338 = CARTESIAN_POINT('',(68.25,-6.,15.295941546018));
#1339 = CARTESIAN_POINT('',(68.39,-12.9,15.237951647286));
#1340 = CARTESIAN_POINT('',(68.25,-6.,9.704058453982));
#1341 = CARTESIAN_POINT('',(68.39,-12.9,9.762048352714));
#1342 = ADVANCED_FACE('',(#1343),#1360,.T.);
#1343 = FACE_BOUND('',#1344,.T.);
#1344 = EDGE_LOOP('',(#1345,#1346,#1347,#1355));
#1345 = ORIENTED_EDGE('',*,*,#619,.T.);
#1346 = ORIENTED_EDGE('',*,*,#1333,.T.);
#1347 = ORIENTED_EDGE('',*,*,#1348,.F.);
#1348 = EDGE_CURVE('',#1349,#1326,#1351,.T.);
#1349 = VERTEX_POINT('',#1350);
#1350 = CARTESIAN_POINT('',(72.262048352714,-12.9,19.11));
#1351 = LINE('',#1352,#1353);
#1352 = CARTESIAN_POINT('',(72.262048352714,-12.9,19.11));
#1353 = VECTOR('',#1354,1.);
#1354 = DIRECTION('',(-0.707106781187,0.,-0.707106781187));
#1355 = ORIENTED_EDGE('',*,*,#1356,.F.);
#1356 = EDGE_CURVE('',#611,#1349,#1357,.T.);
#1357 = B_SPLINE_CURVE_WITH_KNOTS('',1,(#1358,#1359),.UNSPECIFIED.,.F.,
  .F.,(2,2),(0.,1.),.PIECEWISE_BEZIER_KNOTS.);
#1358 = CARTESIAN_POINT('',(72.204058453982,-6.,19.25));
#1359 = CARTESIAN_POINT('',(72.262048352714,-12.9,19.11));
#1360 = B_SPLINE_SURFACE_WITH_KNOTS('',1,1,(
    (#1361,#1362)
    ,(#1363,#1364
    )),.UNSPECIFIED.,.F.,.F.,.F.,(2,2),(2,2),(0.,5.591883092037),(0.,1.)
  ,.PIECEWISE_BEZIER_KNOTS.);
#1361 = CARTESIAN_POINT('',(72.204058453982,-6.,19.25));
#1362 = CARTESIAN_POINT('',(72.262048352714,-12.9,19.11));
#1363 = CARTESIAN_POINT('',(68.25,-6.,15.295941546018));
#1364 = CARTESIAN_POINT('',(68.39,-12.9,15.237951647286));
#1365 = ADVANCED_FACE('',(#1366),#1377,.T.);
#1366 = FACE_BOUND('',#1367,.T.);
#1367 = EDGE_LOOP('',(#1368,#1369,#1370,#1376));
#1368 = ORIENTED_EDGE('',*,*,#636,.T.);
#1369 = ORIENTED_EDGE('',*,*,#1356,.T.);
#1370 = ORIENTED_EDGE('',*,*,#1371,.F.);
#1371 = EDGE_CURVE('',#1204,#1349,#1372,.T.);
#1372 = LINE('',#1373,#1374);
#1373 = CARTESIAN_POINT('',(77.737951647286,-12.9,19.11));
#1374 = VECTOR('',#1375,1.);
#1375 = DIRECTION('',(-1.,0.,0.));
#1376 = ORIENTED_EDGE('',*,*,#1203,.F.);
#1377 = B_SPLINE_SURFACE_WITH_KNOTS('',1,1,(
    (#1378,#1379)
    ,(#1380,#1381
    )),.UNSPECIFIED.,.F.,.F.,.F.,(2,2),(2,2),(0.,5.591883092037),(0.,1.)
  ,.PIECEWISE_BEZIER_KNOTS.);
#1378 = CARTESIAN_POINT('',(77.795941546018,-6.,19.25));
#1379 = CARTESIAN_POINT('',(77.737951647286,-12.9,19.11));
#1380 = CARTESIAN_POINT('',(72.204058453982,-6.,19.25));
#1381 = CARTESIAN_POINT('',(72.262048352714,-12.9,19.11));
#1382 = ADVANCED_FACE('',(#1383),#1406,.T.);
#1383 = FACE_BOUND('',#1384,.T.);
#1384 = EDGE_LOOP('',(#1385,#1386,#1393,#1401));
#1385 = ORIENTED_EDGE('',*,*,#665,.T.);
#1386 = ORIENTED_EDGE('',*,*,#1387,.T.);
#1387 = EDGE_CURVE('',#659,#1388,#1390,.T.);
#1388 = VERTEX_POINT('',#1389);
#1389 = CARTESIAN_POINT('',(27.737951647286,-12.9,19.11));
#1390 = B_SPLINE_CURVE_WITH_KNOTS('',1,(#1391,#1392),.UNSPECIFIED.,.F.,
  .F.,(2,2),(0.,1.),.PIECEWISE_BEZIER_KNOTS.);
#1391 = CARTESIAN_POINT('',(27.795941546018,-6.,19.25));
#1392 = CARTESIAN_POINT('',(27.737951647286,-12.9,19.11));
#1393 = ORIENTED_EDGE('',*,*,#1394,.F.);
#1394 = EDGE_CURVE('',#1395,#1388,#1397,.T.);
#1395 = VERTEX_POINT('',#1396);
#1396 = CARTESIAN_POINT('',(31.61,-12.9,15.237951647286));
#1397 = LINE('',#1398,#1399);
#1398 = CARTESIAN_POINT('',(31.61,-12.9,15.237951647286));
#1399 = VECTOR('',#1400,1.);
#1400 = DIRECTION('',(-0.707106781187,0.,0.707106781187));
#1401 = ORIENTED_EDGE('',*,*,#1402,.F.);
#1402 = EDGE_CURVE('',#651,#1395,#1403,.T.);
#1403 = B_SPLINE_CURVE_WITH_KNOTS('',1,(#1404,#1405),.UNSPECIFIED.,.F.,
  .F.,(2,2),(0.,1.),.PIECEWISE_BEZIER_KNOTS.);
#1404 = CARTESIAN_POINT('',(31.75,-6.,15.295941546018));
#1405 = CARTESIAN_POINT('',(31.61,-12.9,15.237951647286));
#1406 = B_SPLINE_SURFACE_WITH_KNOTS('',1,1,(
    (#1407,#1408)
    ,(#1409,#1410
    )),.UNSPECIFIED.,.F.,.F.,.F.,(2,2),(2,2),(0.,5.591883092037),(0.,1.)
  ,.PIECEWISE_BEZIER_KNOTS.);
#1407 = CARTESIAN_POINT('',(31.75,-6.,15.295941546018));
#1408 = CARTESIAN_POINT('',(31.61,-12.9,15.237951647286));
#1409 = CARTESIAN_POINT('',(27.795941546018,-6.,19.25));
#1410 = CARTESIAN_POINT('',(27.737951647286,-12.9,19.11));
#1411 = ADVANCED_FACE('',(#1412),#1429,.T.);
#1412 = FACE_BOUND('',#1413,.T.);
#1413 = EDGE_LOOP('',(#1414,#1415,#1422,#1428));
#1414 = ORIENTED_EDGE('',*,*,#688,.T.);
#1415 = ORIENTED_EDGE('',*,*,#1416,.T.);
#1416 = EDGE_CURVE('',#682,#1417,#1419,.T.);
#1417 = VERTEX_POINT('',#1418);
#1418 = CARTESIAN_POINT('',(22.262048352714,-12.9,19.11));
#1419 = B_SPLINE_CURVE_WITH_KNOTS('',1,(#1420,#1421),.UNSPECIFIED.,.F.,
  .F.,(2,2),(0.,1.),.PIECEWISE_BEZIER_KNOTS.);
#1420 = CARTESIAN_POINT('',(22.204058453982,-6.,19.25));
#1421 = CARTESIAN_POINT('',(22.262048352714,-12.9,19.11));
#1422 = ORIENTED_EDGE('',*,*,#1423,.F.);
#1423 = EDGE_CURVE('',#1388,#1417,#1424,.T.);
#1424 = LINE('',#1425,#1426);
#1425 = CARTESIAN_POINT('',(27.737951647286,-12.9,19.11));
#1426 = VECTOR('',#1427,1.);
#1427 = DIRECTION('',(-1.,0.,0.));
#1428 = ORIENTED_EDGE('',*,*,#1387,.F.);
#1429 = B_SPLINE_SURFACE_WITH_KNOTS('',1,1,(
    (#1430,#1431)
    ,(#1432,#1433
    )),.UNSPECIFIED.,.F.,.F.,.F.,(2,2),(2,2),(0.,5.591883092037),(0.,1.)
  ,.PIECEWISE_BEZIER_KNOTS.);
#1430 = CARTESIAN_POINT('',(27.795941546018,-6.,19.25));
#1431 = CARTESIAN_POINT('',(27.737951647286,-12.9,19.11));
#1432 = CARTESIAN_POINT('',(22.204058453982,-6.,19.25));
#1433 = CARTESIAN_POINT('',(22.262048352714,-12.9,19.11));
#1434 = ADVANCED_FACE('',(#1435),#1452,.T.);
#1435 = FACE_BOUND('',#1436,.T.);
#1436 = EDGE_LOOP('',(#1437,#1438,#1439,#1447));
#1437 = ORIENTED_EDGE('',*,*,#711,.T.);
#1438 = ORIENTED_EDGE('',*,*,#1402,.T.);
#1439 = ORIENTED_EDGE('',*,*,#1440,.F.);
#1440 = EDGE_CURVE('',#1441,#1395,#1443,.T.);
#1441 = VERTEX_POINT('',#1442);
#1442 = CARTESIAN_POINT('',(31.61,-12.9,9.762048352714));
#1443 = LINE('',#1444,#1445);
#1444 = CARTESIAN_POINT('',(31.61,-12.9,9.762048352714));
#1445 = VECTOR('',#1446,1.);
#1446 = DIRECTION('',(0.,0.,1.));
#1447 = ORIENTED_EDGE('',*,*,#1448,.F.);
#1448 = EDGE_CURVE('',#703,#1441,#1449,.T.);
#1449 = B_SPLINE_CURVE_WITH_KNOTS('',1,(#1450,#1451),.UNSPECIFIED.,.F.,
  .F.,(2,2),(0.,1.),.PIECEWISE_BEZIER_KNOTS.);
#1450 = CARTESIAN_POINT('',(31.75,-6.,9.704058453982));
#1451 = CARTESIAN_POINT('',(31.61,-12.9,9.762048352714));
#1452 = B_SPLINE_SURFACE_WITH_KNOTS('',1,1,(
    (#1453,#1454)
    ,(#1455,#1456
    )),.UNSPECIFIED.,.F.,.F.,.F.,(2,2),(2,2),(0.,5.591883092037),(0.,1.)
  ,.PIECEWISE_BEZIER_KNOTS.);
#1453 = CARTESIAN_POINT('',(31.75,-6.,9.704058453982));
#1454 = CARTESIAN_POINT('',(31.61,-12.9,9.762048352714));
#1455 = CARTESIAN_POINT('',(31.75,-6.,15.295941546018));
#1456 = CARTESIAN_POINT('',(31.61,-12.9,15.237951647286));
#1457 = ADVANCED_FACE('',(#1458),#1475,.T.);
#1458 = FACE_BOUND('',#1459,.T.);
#1459 = EDGE_LOOP('',(#1460,#1461,#1468,#1474));
#1460 = ORIENTED_EDGE('',*,*,#734,.T.);
#1461 = ORIENTED_EDGE('',*,*,#1462,.T.);
#1462 = EDGE_CURVE('',#728,#1463,#1465,.T.);
#1463 = VERTEX_POINT('',#1464);
#1464 = CARTESIAN_POINT('',(18.39,-12.9,15.237951647286));
#1465 = B_SPLINE_CURVE_WITH_KNOTS('',1,(#1466,#1467),.UNSPECIFIED.,.F.,
  .F.,(2,2),(0.,1.),.PIECEWISE_BEZIER_KNOTS.);
#1466 = CARTESIAN_POINT('',(18.25,-6.,15.295941546018));
#1467 = CARTESIAN_POINT('',(18.39,-12.9,15.237951647286));
#1468 = ORIENTED_EDGE('',*,*,#1469,.F.);
#1469 = EDGE_CURVE('',#1417,#1463,#1470,.T.);
#1470 = LINE('',#1471,#1472);
#1471 = CARTESIAN_POINT('',(22.262048352714,-12.9,19.11));
#1472 = VECTOR('',#1473,1.);
#1473 = DIRECTION('',(-0.707106781187,0.,-0.707106781187));
#1474 = ORIENTED_EDGE('',*,*,#1416,.F.);
#1475 = B_SPLINE_SURFACE_WITH_KNOTS('',1,1,(
    (#1476,#1477)
    ,(#1478,#1479
    )),.UNSPECIFIED.,.F.,.F.,.F.,(2,2),(2,2),(0.,5.591883092037),(0.,1.)
  ,.PIECEWISE_BEZIER_KNOTS.);
#1476 = CARTESIAN_POINT('',(22.204058453982,-6.,19.25));
#1477 = CARTESIAN_POINT('',(22.262048352714,-12.9,19.11));
#1478 = CARTESIAN_POINT('',(18.25,-6.,15.295941546018));
#1479 = CARTESIAN_POINT('',(18.39,-12.9,15.237951647286));
#1480 = ADVANCED_FACE('',(#1481),#1498,.T.);
#1481 = FACE_BOUND('',#1482,.T.);
#1482 = EDGE_LOOP('',(#1483,#1484,#1485,#1493));
#1483 = ORIENTED_EDGE('',*,*,#757,.T.);
#1484 = ORIENTED_EDGE('',*,*,#1448,.T.);
#1485 = ORIENTED_EDGE('',*,*,#1486,.F.);
#1486 = EDGE_CURVE('',#1487,#1441,#1489,.T.);
#1487 = VERTEX_POINT('',#1488);
#1488 = CARTESIAN_POINT('',(27.737951647286,-12.9,5.89));
#1489 = LINE('',#1490,#1491);
#1490 = CARTESIAN_POINT('',(27.737951647286,-12.9,5.89));
#1491 = VECTOR('',#1492,1.);
#1492 = DIRECTION('',(0.707106781187,0.,0.707106781187));
#1493 = ORIENTED_EDGE('',*,*,#1494,.F.);
#1494 = EDGE_CURVE('',#749,#1487,#1495,.T.);
#1495 = B_SPLINE_CURVE_WITH_KNOTS('',1,(#1496,#1497),.UNSPECIFIED.,.F.,
  .F.,(2,2),(0.,1.),.PIECEWISE_BEZIER_KNOTS.);
#1496 = CARTESIAN_POINT('',(27.795941546018,-6.,5.75));
#1497 = CARTESIAN_POINT('',(27.737951647286,-12.9,5.89));
#1498 = B_SPLINE_SURFACE_WITH_KNOTS('',1,1,(
    (#1499,#1500)
    ,(#1501,#1502
    )),.UNSPECIFIED.,.F.,.F.,.F.,(2,2),(2,2),(0.,5.591883092037),(0.,1.)
  ,.PIECEWISE_BEZIER_KNOTS.);
#1499 = CARTESIAN_POINT('',(27.795941546018,-6.,5.75));
#1500 = CARTESIAN_POINT('',(27.737951647286,-12.9,5.89));
#1501 = CARTESIAN_POINT('',(31.75,-6.,9.704058453982));
#1502 = CARTESIAN_POINT('',(31.61,-12.9,9.762048352714));
#1503 = ADVANCED_FACE('',(#1504),#1521,.T.);
#1504 = FACE_BOUND('',#1505,.T.);
#1505 = EDGE_LOOP('',(#1506,#1507,#1514,#1520));
#1506 = ORIENTED_EDGE('',*,*,#780,.T.);
#1507 = ORIENTED_EDGE('',*,*,#1508,.T.);
#1508 = EDGE_CURVE('',#774,#1509,#1511,.T.);
#1509 = VERTEX_POINT('',#1510);
#1510 = CARTESIAN_POINT('',(18.39,-12.9,9.762048352714));
#1511 = B_SPLINE_CURVE_WITH_KNOTS('',1,(#1512,#1513),.UNSPECIFIED.,.F.,
  .F.,(2,2),(0.,1.),.PIECEWISE_BEZIER_KNOTS.);
#1512 = CARTESIAN_POINT('',(18.25,-6.,9.704058453982));
#1513 = CARTESIAN_POINT('',(18.39,-12.9,9.762048352714));
#1514 = ORIENTED_EDGE('',*,*,#1515,.F.);
#1515 = EDGE_CURVE('',#1463,#1509,#1516,.T.);
#1516 = LINE('',#1517,#1518);
#1517 = CARTESIAN_POINT('',(18.39,-12.9,15.237951647286));
#1518 = VECTOR('',#1519,1.);
#1519 = DIRECTION('',(0.,0.,-1.));
#1520 = ORIENTED_EDGE('',*,*,#1462,.F.);
#1521 = B_SPLINE_SURFACE_WITH_KNOTS('',1,1,(
    (#1522,#1523)
    ,(#1524,#1525
    )),.UNSPECIFIED.,.F.,.F.,.F.,(2,2),(2,2),(0.,5.591883092037),(0.,1.)
  ,.PIECEWISE_BEZIER_KNOTS.);
#1522 = CARTESIAN_POINT('',(18.25,-6.,15.295941546018));
#1523 = CARTESIAN_POINT('',(18.39,-12.9,15.237951647286));
#1524 = CARTESIAN_POINT('',(18.25,-6.,9.704058453982));
#1525 = CARTESIAN_POINT('',(18.39,-12.9,9.762048352714));
#1526 = ADVANCED_FACE('',(#1527),#1544,.T.);
#1527 = FACE_BOUND('',#1528,.T.);
#1528 = EDGE_LOOP('',(#1529,#1530,#1531,#1539));
#1529 = ORIENTED_EDGE('',*,*,#803,.T.);
#1530 = ORIENTED_EDGE('',*,*,#1494,.T.);
#1531 = ORIENTED_EDGE('',*,*,#1532,.F.);
#1532 = EDGE_CURVE('',#1533,#1487,#1535,.T.);
#1533 = VERTEX_POINT('',#1534);
#1534 = CARTESIAN_POINT('',(22.262048352714,-12.9,5.89));
#1535 = LINE('',#1536,#1537);
#1536 = CARTESIAN_POINT('',(22.262048352714,-12.9,5.89));
#1537 = VECTOR('',#1538,1.);
#1538 = DIRECTION('',(1.,0.,0.));
#1539 = ORIENTED_EDGE('',*,*,#1540,.F.);
#1540 = EDGE_CURVE('',#795,#1533,#1541,.T.);
#1541 = B_SPLINE_CURVE_WITH_KNOTS('',1,(#1542,#1543),.UNSPECIFIED.,.F.,
  .F.,(2,2),(0.,1.),.PIECEWISE_BEZIER_KNOTS.);
#1542 = CARTESIAN_POINT('',(22.204058453982,-6.,5.75));
#1543 = CARTESIAN_POINT('',(22.262048352714,-12.9,5.89));
#1544 = B_SPLINE_SURFACE_WITH_KNOTS('',1,1,(
    (#1545,#1546)
    ,(#1547,#1548
    )),.UNSPECIFIED.,.F.,.F.,.F.,(2,2),(2,2),(0.,5.591883092037),(0.,1.)
  ,.PIECEWISE_BEZIER_KNOTS.);
#1545 = CARTESIAN_POINT('',(22.204058453982,-6.,5.75));
#1546 = CARTESIAN_POINT('',(22.262048352714,-12.9,5.89));
#1547 = CARTESIAN_POINT('',(27.795941546018,-6.,5.75));
#1548 = CARTESIAN_POINT('',(27.737951647286,-12.9,5.89));
#1549 = ADVANCED_FACE('',(#1550),#1561,.T.);
#1550 = FACE_BOUND('',#1551,.T.);
#1551 = EDGE_LOOP('',(#1552,#1553,#1554,#1560));
#1552 = ORIENTED_EDGE('',*,*,#820,.T.);
#1553 = ORIENTED_EDGE('',*,*,#1540,.T.);
#1554 = ORIENTED_EDGE('',*,*,#1555,.F.);
#1555 = EDGE_CURVE('',#1509,#1533,#1556,.T.);
#1556 = LINE('',#1557,#1558);
#1557 = CARTESIAN_POINT('',(18.39,-12.9,9.762048352714));
#1558 = VECTOR('',#1559,1.);
#1559 = DIRECTION('',(0.707106781187,0.,-0.707106781187));
#1560 = ORIENTED_EDGE('',*,*,#1508,.F.);
#1561 = B_SPLINE_SURFACE_WITH_KNOTS('',1,1,(
    (#1562,#1563)
    ,(#1564,#1565
    )),.UNSPECIFIED.,.F.,.F.,.F.,(2,2),(2,2),(0.,5.591883092037),(0.,1.)
  ,.PIECEWISE_BEZIER_KNOTS.);
#1562 = CARTESIAN_POINT('',(18.25,-6.,9.704058453982));
#1563 = CARTESIAN_POINT('',(18.39,-12.9,9.762048352714));
#1564 = CARTESIAN_POINT('',(22.204058453982,-6.,5.75));
#1565 = CARTESIAN_POINT('',(22.262048352714,-12.9,5.89));
#1566 = ADVANCED_FACE('',(#1567),#1590,.T.);
#1567 = FACE_BOUND('',#1568,.T.);
#1568 = EDGE_LOOP('',(#1569,#1570,#1577,#1585));
#1569 = ORIENTED_EDGE('',*,*,#849,.T.);
#1570 = ORIENTED_EDGE('',*,*,#1571,.T.);
#1571 = EDGE_CURVE('',#843,#1572,#1574,.T.);
#1572 = VERTEX_POINT('',#1573);
#1573 = CARTESIAN_POINT('',(-22.26204835271,-12.9,19.11));
#1574 = B_SPLINE_CURVE_WITH_KNOTS('',1,(#1575,#1576),.UNSPECIFIED.,.F.,
  .F.,(2,2),(0.,1.),.PIECEWISE_BEZIER_KNOTS.);
#1575 = CARTESIAN_POINT('',(-22.20405845398,-6.,19.25));
#1576 = CARTESIAN_POINT('',(-22.26204835271,-12.9,19.11));
#1577 = ORIENTED_EDGE('',*,*,#1578,.F.);
#1578 = EDGE_CURVE('',#1579,#1572,#1581,.T.);
#1579 = VERTEX_POINT('',#1580);
#1580 = CARTESIAN_POINT('',(-18.39,-12.9,15.237951647286));
#1581 = LINE('',#1582,#1583);
#1582 = CARTESIAN_POINT('',(-18.39,-12.9,15.237951647286));
#1583 = VECTOR('',#1584,1.);
#1584 = DIRECTION('',(-0.707106781187,0.,0.707106781187));
#1585 = ORIENTED_EDGE('',*,*,#1586,.F.);
#1586 = EDGE_CURVE('',#835,#1579,#1587,.T.);
#1587 = B_SPLINE_CURVE_WITH_KNOTS('',1,(#1588,#1589),.UNSPECIFIED.,.F.,
  .F.,(2,2),(0.,1.),.PIECEWISE_BEZIER_KNOTS.);
#1588 = CARTESIAN_POINT('',(-18.25,-6.,15.295941546018));
#1589 = CARTESIAN_POINT('',(-18.39,-12.9,15.237951647286));
#1590 = B_SPLINE_SURFACE_WITH_KNOTS('',1,1,(
    (#1591,#1592)
    ,(#1593,#1594
    )),.UNSPECIFIED.,.F.,.F.,.F.,(2,2),(2,2),(0.,5.591883092037),(0.,1.)
  ,.PIECEWISE_BEZIER_KNOTS.);
#1591 = CARTESIAN_POINT('',(-18.25,-6.,15.295941546018));
#1592 = CARTESIAN_POINT('',(-18.39,-12.9,15.237951647286));
#1593 = CARTESIAN_POINT('',(-22.20405845398,-6.,19.25));
#1594 = CARTESIAN_POINT('',(-22.26204835271,-12.9,19.11));
#1595 = ADVANCED_FACE('',(#1596),#1613,.T.);
#1596 = FACE_BOUND('',#1597,.T.);
#1597 = EDGE_LOOP('',(#1598,#1599,#1606,#1612));
#1598 = ORIENTED_EDGE('',*,*,#872,.T.);
#1599 = ORIENTED_EDGE('',*,*,#1600,.T.);
#1600 = EDGE_CURVE('',#866,#1601,#1603,.T.);
#1601 = VERTEX_POINT('',#1602);
#1602 = CARTESIAN_POINT('',(-27.73795164728,-12.9,19.11));
#1603 = B_SPLINE_CURVE_WITH_KNOTS('',1,(#1604,#1605),.UNSPECIFIED.,.F.,
  .F.,(2,2),(0.,1.),.PIECEWISE_BEZIER_KNOTS.);
#1604 = CARTESIAN_POINT('',(-27.79594154601,-6.,19.25));
#1605 = CARTESIAN_POINT('',(-27.73795164728,-12.9,19.11));
#1606 = ORIENTED_EDGE('',*,*,#1607,.F.);
#1607 = EDGE_CURVE('',#1572,#1601,#1608,.T.);
#1608 = LINE('',#1609,#1610);
#1609 = CARTESIAN_POINT('',(-22.26204835271,-12.9,19.11));
#1610 = VECTOR('',#1611,1.);
#1611 = DIRECTION('',(-1.,0.,0.));
#1612 = ORIENTED_EDGE('',*,*,#1571,.F.);
#1613 = B_SPLINE_SURFACE_WITH_KNOTS('',1,1,(
    (#1614,#1615)
    ,(#1616,#1617
    )),.UNSPECIFIED.,.F.,.F.,.F.,(2,2),(2,2),(0.,5.591883092037),(0.,1.)
  ,.PIECEWISE_BEZIER_KNOTS.);
#1614 = CARTESIAN_POINT('',(-22.20405845398,-6.,19.25));
#1615 = CARTESIAN_POINT('',(-22.26204835271,-12.9,19.11));
#1616 = CARTESIAN_POINT('',(-27.79594154601,-6.,19.25));
#1617 = CARTESIAN_POINT('',(-27.73795164728,-12.9,19.11));
#1618 = ADVANCED_FACE('',(#1619),#1636,.T.);
#1619 = FACE_BOUND('',#1620,.T.);
#1620 = EDGE_LOOP('',(#1621,#1622,#1623,#1631));
#1621 = ORIENTED_EDGE('',*,*,#895,.T.);
#1622 = ORIENTED_EDGE('',*,*,#1586,.T.);
#1623 = ORIENTED_EDGE('',*,*,#1624,.F.);
#1624 = EDGE_CURVE('',#1625,#1579,#1627,.T.);
#1625 = VERTEX_POINT('',#1626);
#1626 = CARTESIAN_POINT('',(-18.39,-12.9,9.762048352714));
#1627 = LINE('',#1628,#1629);
#1628 = CARTESIAN_POINT('',(-18.39,-12.9,9.762048352714));
#1629 = VECTOR('',#1630,1.);
#1630 = DIRECTION('',(0.,0.,1.));
#1631 = ORIENTED_EDGE('',*,*,#1632,.F.);
#1632 = EDGE_CURVE('',#887,#1625,#1633,.T.);
#1633 = B_SPLINE_CURVE_WITH_KNOTS('',1,(#1634,#1635),.UNSPECIFIED.,.F.,
  .F.,(2,2),(0.,1.),.PIECEWISE_BEZIER_KNOTS.);
#1634 = CARTESIAN_POINT('',(-18.25,-6.,9.704058453982));
#1635 = CARTESIAN_POINT('',(-18.39,-12.9,9.762048352714));
#1636 = B_SPLINE_SURFACE_WITH_KNOTS('',1,1,(
    (#1637,#1638)
    ,(#1639,#1640
    )),.UNSPECIFIED.,.F.,.F.,.F.,(2,2),(2,2),(0.,5.591883092037),(0.,1.)
  ,.PIECEWISE_BEZIER_KNOTS.);
#1637 = CARTESIAN_POINT('',(-18.25,-6.,9.704058453982));
#1638 = CARTESIAN_POINT('',(-18.39,-12.9,9.762048352714));
#1639 = CARTESIAN_POINT('',(-18.25,-6.,15.295941546018));
#1640 = CARTESIAN_POINT('',(-18.39,-12.9,15.237951647286));
#1641 = ADVANCED_FACE('',(#1642),#1659,.T.);
#1642 = FACE_BOUND('',#1643,.T.);
#1643 = EDGE_LOOP('',(#1644,#1645,#1652,#1658));
#1644 = ORIENTED_EDGE('',*,*,#918,.T.);
#1645 = ORIENTED_EDGE('',*,*,#1646,.T.);
#1646 = EDGE_CURVE('',#912,#1647,#1649,.T.);
#1647 = VERTEX_POINT('',#1648);
#1648 = CARTESIAN_POINT('',(-31.61,-12.9,15.237951647286));
#1649 = B_SPLINE_CURVE_WITH_KNOTS('',1,(#1650,#1651),.UNSPECIFIED.,.F.,
  .F.,(2,2),(0.,1.),.PIECEWISE_BEZIER_KNOTS.);
#1650 = CARTESIAN_POINT('',(-31.75,-6.,15.295941546018));
#1651 = CARTESIAN_POINT('',(-31.61,-12.9,15.237951647286));
#1652 = ORIENTED_EDGE('',*,*,#1653,.F.);
#1653 = EDGE_CURVE('',#1601,#1647,#1654,.T.);
#1654 = LINE('',#1655,#1656);
#1655 = CARTESIAN_POINT('',(-27.73795164728,-12.9,19.11));
#1656 = VECTOR('',#1657,1.);
#1657 = DIRECTION('',(-0.707106781187,0.,-0.707106781187));
#1658 = ORIENTED_EDGE('',*,*,#1600,.F.);
#1659 = B_SPLINE_SURFACE_WITH_KNOTS('',1,1,(
    (#1660,#1661)
    ,(#1662,#1663
    )),.UNSPECIFIED.,.F.,.F.,.F.,(2,2),(2,2),(0.,5.591883092037),(0.,1.)
  ,.PIECEWISE_BEZIER_KNOTS.);
#1660 = CARTESIAN_POINT('',(-27.79594154601,-6.,19.25));
#1661 = CARTESIAN_POINT('',(-27.73795164728,-12.9,19.11));
#1662 = CARTESIAN_POINT('',(-31.75,-6.,15.295941546018));
#1663 = CARTESIAN_POINT('',(-31.61,-12.9,15.237951647286));
#1664 = ADVANCED_FACE('',(#1665),#1682,.T.);
#1665 = FACE_BOUND('',#1666,.T.);
#1666 = EDGE_LOOP('',(#1667,#1668,#1669,#1677));
#1667 = ORIENTED_EDGE('',*,*,#941,.T.);
#1668 = ORIENTED_EDGE('',*,*,#1632,.T.);
#1669 = ORIENTED_EDGE('',*,*,#1670,.F.);
#1670 = EDGE_CURVE('',#1671,#1625,#1673,.T.);
#1671 = VERTEX_POINT('',#1672);
#1672 = CARTESIAN_POINT('',(-22.26204835271,-12.9,5.89));
#1673 = LINE('',#1674,#1675);
#1674 = CARTESIAN_POINT('',(-22.26204835271,-12.9,5.89));
#1675 = VECTOR('',#1676,1.);
#1676 = DIRECTION('',(0.707106781187,0.,0.707106781187));
#1677 = ORIENTED_EDGE('',*,*,#1678,.F.);
#1678 = EDGE_CURVE('',#933,#1671,#1679,.T.);
#1679 = B_SPLINE_CURVE_WITH_KNOTS('',1,(#1680,#1681),.UNSPECIFIED.,.F.,
  .F.,(2,2),(0.,1.),.PIECEWISE_BEZIER_KNOTS.);
#1680 = CARTESIAN_POINT('',(-22.20405845398,-6.,5.75));
#1681 = CARTESIAN_POINT('',(-22.26204835271,-12.9,5.89));
#1682 = B_SPLINE_SURFACE_WITH_KNOTS('',1,1,(
    (#1683,#1684)
    ,(#1685,#1686
    )),.UNSPECIFIED.,.F.,.F.,.F.,(2,2),(2,2),(0.,5.591883092037),(0.,1.)
  ,.PIECEWISE_BEZIER_KNOTS.);
#1683 = CARTESIAN_POINT('',(-22.20405845398,-6.,5.75));
#1684 = CARTESIAN_POINT('',(-22.26204835271,-12.9,5.89));
#1685 = CARTESIAN_POINT('',(-18.25,-6.,9.704058453982));
#1686 = CARTESIAN_POINT('',(-18.39,-12.9,9.762048352714));
#1687 = ADVANCED_FACE('',(#1688),#1705,.T.);
#1688 = FACE_BOUND('',#1689,.T.);
#1689 = EDGE_LOOP('',(#1690,#1691,#1698,#1704));
#1690 = ORIENTED_EDGE('',*,*,#964,.T.);
#1691 = ORIENTED_EDGE('',*,*,#1692,.T.);
#1692 = EDGE_CURVE('',#958,#1693,#1695,.T.);
#1693 = VERTEX_POINT('',#1694);
#1694 = CARTESIAN_POINT('',(-31.61,-12.9,9.762048352714));
#1695 = B_SPLINE_CURVE_WITH_KNOTS('',1,(#1696,#1697),.UNSPECIFIED.,.F.,
  .F.,(2,2),(0.,1.),.PIECEWISE_BEZIER_KNOTS.);
#1696 = CARTESIAN_POINT('',(-31.75,-6.,9.704058453982));
#1697 = CARTESIAN_POINT('',(-31.61,-12.9,9.762048352714));
#1698 = ORIENTED_EDGE('',*,*,#1699,.F.);
#1699 = EDGE_CURVE('',#1647,#1693,#1700,.T.);
#1700 = LINE('',#1701,#1702);
#1701 = CARTESIAN_POINT('',(-31.61,-12.9,15.237951647286));
#1702 = VECTOR('',#1703,1.);
#1703 = DIRECTION('',(0.,0.,-1.));
#1704 = ORIENTED_EDGE('',*,*,#1646,.F.);
#1705 = B_SPLINE_SURFACE_WITH_KNOTS('',1,1,(
    (#1706,#1707)
    ,(#1708,#1709
    )),.UNSPECIFIED.,.F.,.F.,.F.,(2,2),(2,2),(0.,5.591883092037),(0.,1.)
  ,.PIECEWISE_BEZIER_KNOTS.);
#1706 = CARTESIAN_POINT('',(-31.75,-6.,15.295941546018));
#1707 = CARTESIAN_POINT('',(-31.61,-12.9,15.237951647286));
#1708 = CARTESIAN_POINT('',(-31.75,-6.,9.704058453982));
#1709 = CARTESIAN_POINT('',(-31.61,-12.9,9.762048352714));
#1710 = ADVANCED_FACE('',(#1711),#1728,.T.);
#1711 = FACE_BOUND('',#1712,.T.);
#1712 = EDGE_LOOP('',(#1713,#1714,#1715,#1723));
#1713 = ORIENTED_EDGE('',*,*,#987,.T.);
#1714 = ORIENTED_EDGE('',*,*,#1678,.T.);
#1715 = ORIENTED_EDGE('',*,*,#1716,.F.);
#1716 = EDGE_CURVE('',#1717,#1671,#1719,.T.);
#1717 = VERTEX_POINT('',#1718);
#1718 = CARTESIAN_POINT('',(-27.73795164728,-12.9,5.89));
#1719 = LINE('',#1720,#1721);
#1720 = CARTESIAN_POINT('',(-27.73795164728,-12.9,5.89));
#1721 = VECTOR('',#1722,1.);
#1722 = DIRECTION('',(1.,0.,0.));
#1723 = ORIENTED_EDGE('',*,*,#1724,.F.);
#1724 = EDGE_CURVE('',#979,#1717,#1725,.T.);
#1725 = B_SPLINE_CURVE_WITH_KNOTS('',1,(#1726,#1727),.UNSPECIFIED.,.F.,
  .F.,(2,2),(0.,1.),.PIECEWISE_BEZIER_KNOTS.);
#1726 = CARTESIAN_POINT('',(-27.79594154601,-6.,5.75));
#1727 = CARTESIAN_POINT('',(-27.73795164728,-12.9,5.89));
#1728 = B_SPLINE_SURFACE_WITH_KNOTS('',1,1,(
    (#1729,#1730)
    ,(#1731,#1732
    )),.UNSPECIFIED.,.F.,.F.,.F.,(2,2),(2,2),(0.,5.591883092037),(0.,1.)
  ,.PIECEWISE_BEZIER_KNOTS.);
#1729 = CARTESIAN_POINT('',(-27.79594154601,-6.,5.75));
#1730 = CARTESIAN_POINT('',(-27.73795164728,-12.9,5.89));
#1731 = CARTESIAN_POINT('',(-22.20405845398,-6.,5.75));
#1732 = CARTESIAN_POINT('',(-22.26204835271,-12.9,5.89));
#1733 = ADVANCED_FACE('',(#1734),#1745,.T.);
#1734 = FACE_BOUND('',#1735,.T.);
#1735 = EDGE_LOOP('',(#1736,#1737,#1738,#1744));
#1736 = ORIENTED_EDGE('',*,*,#1004,.T.);
#1737 = ORIENTED_EDGE('',*,*,#1724,.T.);
#1738 = ORIENTED_EDGE('',*,*,#1739,.F.);
#1739 = EDGE_CURVE('',#1693,#1717,#1740,.T.);
#1740 = LINE('',#1741,#1742);
#1741 = CARTESIAN_POINT('',(-31.61,-12.9,9.762048352714));
#1742 = VECTOR('',#1743,1.);
#1743 = DIRECTION('',(0.707106781187,0.,-0.707106781187));
#1744 = ORIENTED_EDGE('',*,*,#1692,.F.);
#1745 = B_SPLINE_SURFACE_WITH_KNOTS('',1,1,(
    (#1746,#1747)
    ,(#1748,#1749
    )),.UNSPECIFIED.,.F.,.F.,.F.,(2,2),(2,2),(0.,5.591883092037),(0.,1.)
  ,.PIECEWISE_BEZIER_KNOTS.);
#1746 = CARTESIAN_POINT('',(-31.75,-6.,9.704058453982));
#1747 = CARTESIAN_POINT('',(-31.61,-12.9,9.762048352714));
#1748 = CARTESIAN_POINT('',(-27.79594154601,-6.,5.75));
#1749 = CARTESIAN_POINT('',(-27.73795164728,-12.9,5.89));
#1750 = ADVANCED_FACE('',(#1751),#1774,.T.);
#1751 = FACE_BOUND('',#1752,.T.);
#1752 = EDGE_LOOP('',(#1753,#1754,#1761,#1769));
#1753 = ORIENTED_EDGE('',*,*,#1033,.T.);
#1754 = ORIENTED_EDGE('',*,*,#1755,.T.);
#1755 = EDGE_CURVE('',#1027,#1756,#1758,.T.);
#1756 = VERTEX_POINT('',#1757);
#1757 = CARTESIAN_POINT('',(-72.26204835271,-12.9,19.11));
#1758 = B_SPLINE_CURVE_WITH_KNOTS('',1,(#1759,#1760),.UNSPECIFIED.,.F.,
  .F.,(2,2),(0.,1.),.PIECEWISE_BEZIER_KNOTS.);
#1759 = CARTESIAN_POINT('',(-72.20405845398,-6.,19.25));
#1760 = CARTESIAN_POINT('',(-72.26204835271,-12.9,19.11));
#1761 = ORIENTED_EDGE('',*,*,#1762,.F.);
#1762 = EDGE_CURVE('',#1763,#1756,#1765,.T.);
#1763 = VERTEX_POINT('',#1764);
#1764 = CARTESIAN_POINT('',(-68.39,-12.9,15.237951647286));
#1765 = LINE('',#1766,#1767);
#1766 = CARTESIAN_POINT('',(-68.39,-12.9,15.237951647286));
#1767 = VECTOR('',#1768,1.);
#1768 = DIRECTION('',(-0.707106781187,0.,0.707106781187));
#1769 = ORIENTED_EDGE('',*,*,#1770,.F.);
#1770 = EDGE_CURVE('',#1019,#1763,#1771,.T.);
#1771 = B_SPLINE_CURVE_WITH_KNOTS('',1,(#1772,#1773),.UNSPECIFIED.,.F.,
  .F.,(2,2),(0.,1.),.PIECEWISE_BEZIER_KNOTS.);
#1772 = CARTESIAN_POINT('',(-68.25,-6.,15.295941546018));
#1773 = CARTESIAN_POINT('',(-68.39,-12.9,15.237951647286));
#1774 = B_SPLINE_SURFACE_WITH_KNOTS('',1,1,(
    (#1775,#1776)
    ,(#1777,#1778
    )),.UNSPECIFIED.,.F.,.F.,.F.,(2,2),(2,2),(0.,5.591883092037),(0.,1.)
  ,.PIECEWISE_BEZIER_KNOTS.);
#1775 = CARTESIAN_POINT('',(-68.25,-6.,15.295941546018));
#1776 = CARTESIAN_POINT('',(-68.39,-12.9,15.237951647286));
#1777 = CARTESIAN_POINT('',(-72.20405845398,-6.,19.25));
#1778 = CARTESIAN_POINT('',(-72.26204835271,-12.9,19.11));
#1779 = ADVANCED_FACE('',(#1780),#1797,.T.);
#1780 = FACE_BOUND('',#1781,.T.);
#1781 = EDGE_LOOP('',(#1782,#1783,#1790,#1796));
#1782 = ORIENTED_EDGE('',*,*,#1056,.T.);
#1783 = ORIENTED_EDGE('',*,*,#1784,.T.);
#1784 = EDGE_CURVE('',#1050,#1785,#1787,.T.);
#1785 = VERTEX_POINT('',#1786);
#1786 = CARTESIAN_POINT('',(-77.73795164728,-12.9,19.11));
#1787 = B_SPLINE_CURVE_WITH_KNOTS('',1,(#1788,#1789),.UNSPECIFIED.,.F.,
  .F.,(2,2),(0.,1.),.PIECEWISE_BEZIER_KNOTS.);
#1788 = CARTESIAN_POINT('',(-77.79594154601,-6.,19.25));
#1789 = CARTESIAN_POINT('',(-77.73795164728,-12.9,19.11));
#1790 = ORIENTED_EDGE('',*,*,#1791,.F.);
#1791 = EDGE_CURVE('',#1756,#1785,#1792,.T.);
#1792 = LINE('',#1793,#1794);
#1793 = CARTESIAN_POINT('',(-72.26204835271,-12.9,19.11));
#1794 = VECTOR('',#1795,1.);
#1795 = DIRECTION('',(-1.,0.,0.));
#1796 = ORIENTED_EDGE('',*,*,#1755,.F.);
#1797 = B_SPLINE_SURFACE_WITH_KNOTS('',1,1,(
    (#1798,#1799)
    ,(#1800,#1801
    )),.UNSPECIFIED.,.F.,.F.,.F.,(2,2),(2,2),(0.,5.591883092037),(0.,1.)
  ,.PIECEWISE_BEZIER_KNOTS.);
#1798 = CARTESIAN_POINT('',(-72.20405845398,-6.,19.25));
#1799 = CARTESIAN_POINT('',(-72.26204835271,-12.9,19.11));
#1800 = CARTESIAN_POINT('',(-77.79594154601,-6.,19.25));
#1801 = CARTESIAN_POINT('',(-77.73795164728,-12.9,19.11));
#1802 = ADVANCED_FACE('',(#1803),#1820,.T.);
#1803 = FACE_BOUND('',#1804,.T.);
#1804 = EDGE_LOOP('',(#1805,#1806,#1807,#1815));
#1805 = ORIENTED_EDGE('',*,*,#1079,.T.);
#1806 = ORIENTED_EDGE('',*,*,#1770,.T.);
#1807 = ORIENTED_EDGE('',*,*,#1808,.F.);
#1808 = EDGE_CURVE('',#1809,#1763,#1811,.T.);
#1809 = VERTEX_POINT('',#1810);
#1810 = CARTESIAN_POINT('',(-68.39,-12.9,9.762048352714));
#1811 = LINE('',#1812,#1813);
#1812 = CARTESIAN_POINT('',(-68.39,-12.9,9.762048352714));
#1813 = VECTOR('',#1814,1.);
#1814 = DIRECTION('',(0.,0.,1.));
#1815 = ORIENTED_EDGE('',*,*,#1816,.F.);
#1816 = EDGE_CURVE('',#1071,#1809,#1817,.T.);
#1817 = B_SPLINE_CURVE_WITH_KNOTS('',1,(#1818,#1819),.UNSPECIFIED.,.F.,
  .F.,(2,2),(0.,1.),.PIECEWISE_BEZIER_KNOTS.);
#1818 = CARTESIAN_POINT('',(-68.25,-6.,9.704058453982));
#1819 = CARTESIAN_POINT('',(-68.39,-12.9,9.762048352714));
#1820 = B_SPLINE_SURFACE_WITH_KNOTS('',1,1,(
    (#1821,#1822)
    ,(#1823,#1824
    )),.UNSPECIFIED.,.F.,.F.,.F.,(2,2),(2,2),(0.,5.591883092037),(0.,1.)
  ,.PIECEWISE_BEZIER_KNOTS.);
#1821 = CARTESIAN_POINT('',(-68.25,-6.,9.704058453982));
#1822 = CARTESIAN_POINT('',(-68.39,-12.9,9.762048352714));
#1823 = CARTESIAN_POINT('',(-68.25,-6.,15.295941546018));
#1824 = CARTESIAN_POINT('',(-68.39,-12.9,15.237951647286));
#1825 = ADVANCED_FACE('',(#1826),#1843,.T.);
#1826 = FACE_BOUND('',#1827,.T.);
#1827 = EDGE_LOOP('',(#1828,#1829,#1836,#1842));
#1828 = ORIENTED_EDGE('',*,*,#1102,.T.);
#1829 = ORIENTED_EDGE('',*,*,#1830,.T.);
#1830 = EDGE_CURVE('',#1096,#1831,#1833,.T.);
#1831 = VERTEX_POINT('',#1832);
#1832 = CARTESIAN_POINT('',(-81.61,-12.9,15.237951647286));
#1833 = B_SPLINE_CURVE_WITH_KNOTS('',1,(#1834,#1835),.UNSPECIFIED.,.F.,
  .F.,(2,2),(0.,1.),.PIECEWISE_BEZIER_KNOTS.);
#1834 = CARTESIAN_POINT('',(-81.75,-6.,15.295941546018));
#1835 = CARTESIAN_POINT('',(-81.61,-12.9,15.237951647286));
#1836 = ORIENTED_EDGE('',*,*,#1837,.F.);
#1837 = EDGE_CURVE('',#1785,#1831,#1838,.T.);
#1838 = LINE('',#1839,#1840);
#1839 = CARTESIAN_POINT('',(-77.73795164728,-12.9,19.11));
#1840 = VECTOR('',#1841,1.);
#1841 = DIRECTION('',(-0.707106781187,0.,-0.707106781187));
#1842 = ORIENTED_EDGE('',*,*,#1784,.F.);
#1843 = B_SPLINE_SURFACE_WITH_KNOTS('',1,1,(
    (#1844,#1845)
    ,(#1846,#1847
    )),.UNSPECIFIED.,.F.,.F.,.F.,(2,2),(2,2),(0.,5.591883092037),(0.,1.)
  ,.PIECEWISE_BEZIER_KNOTS.);
#1844 = CARTESIAN_POINT('',(-77.79594154601,-6.,19.25));
#1845 = CARTESIAN_POINT('',(-77.73795164728,-12.9,19.11));
#1846 = CARTESIAN_POINT('',(-81.75,-6.,15.295941546018));
#1847 = CARTESIAN_POINT('',(-81.61,-12.9,15.237951647286));
#1848 = ADVANCED_FACE('',(#1849),#1866,.T.);
#1849 = FACE_BOUND('',#1850,.T.);
#1850 = EDGE_LOOP('',(#1851,#1852,#1853,#1861));
#1851 = ORIENTED_EDGE('',*,*,#1125,.T.);
#1852 = ORIENTED_EDGE('',*,*,#1816,.T.);
#1853 = ORIENTED_EDGE('',*,*,#1854,.F.);
#1854 = EDGE_CURVE('',#1855,#1809,#1857,.T.);
#1855 = VERTEX_POINT('',#1856);
#1856 = CARTESIAN_POINT('',(-72.26204835271,-12.9,5.89));
#1857 = LINE('',#1858,#1859);
#1858 = CARTESIAN_POINT('',(-72.26204835271,-12.9,5.89));
#1859 = VECTOR('',#1860,1.);
#1860 = DIRECTION('',(0.707106781187,0.,0.707106781187));
#1861 = ORIENTED_EDGE('',*,*,#1862,.F.);
#1862 = EDGE_CURVE('',#1117,#1855,#1863,.T.);
#1863 = B_SPLINE_CURVE_WITH_KNOTS('',1,(#1864,#1865),.UNSPECIFIED.,.F.,
  .F.,(2,2),(0.,1.),.PIECEWISE_BEZIER_KNOTS.);
#1864 = CARTESIAN_POINT('',(-72.20405845398,-6.,5.75));
#1865 = CARTESIAN_POINT('',(-72.26204835271,-12.9,5.89));
#1866 = B_SPLINE_SURFACE_WITH_KNOTS('',1,1,(
    (#1867,#1868)
    ,(#1869,#1870
    )),.UNSPECIFIED.,.F.,.F.,.F.,(2,2),(2,2),(0.,5.591883092037),(0.,1.)
  ,.PIECEWISE_BEZIER_KNOTS.);
#1867 = CARTESIAN_POINT('',(-72.20405845398,-6.,5.75));
#1868 = CARTESIAN_POINT('',(-72.26204835271,-12.9,5.89));
#1869 = CARTESIAN_POINT('',(-68.25,-6.,9.704058453982));
#1870 = CARTESIAN_POINT('',(-68.39,-12.9,9.762048352714));
#1871 = ADVANCED_FACE('',(#1872),#1889,.T.);
#1872 = FACE_BOUND('',#1873,.T.);
#1873 = EDGE_LOOP('',(#1874,#1875,#1882,#1888));
#1874 = ORIENTED_EDGE('',*,*,#1148,.T.);
#1875 = ORIENTED_EDGE('',*,*,#1876,.T.);
#1876 = EDGE_CURVE('',#1142,#1877,#1879,.T.);
#1877 = VERTEX_POINT('',#1878);
#1878 = CARTESIAN_POINT('',(-81.61,-12.9,9.762048352714));
#1879 = B_SPLINE_CURVE_WITH_KNOTS('',1,(#1880,#1881),.UNSPECIFIED.,.F.,
  .F.,(2,2),(0.,1.),.PIECEWISE_BEZIER_KNOTS.);
#1880 = CARTESIAN_POINT('',(-81.75,-6.,9.704058453982));
#1881 = CARTESIAN_POINT('',(-81.61,-12.9,9.762048352714));
#1882 = ORIENTED_EDGE('',*,*,#1883,.F.);
#1883 = EDGE_CURVE('',#1831,#1877,#1884,.T.);
#1884 = LINE('',#1885,#1886);
#1885 = CARTESIAN_POINT('',(-81.61,-12.9,15.237951647286));
#1886 = VECTOR('',#1887,1.);
#1887 = DIRECTION('',(0.,0.,-1.));
#1888 = ORIENTED_EDGE('',*,*,#1830,.F.);
#1889 = B_SPLINE_SURFACE_WITH_KNOTS('',1,1,(
    (#1890,#1891)
    ,(#1892,#1893
    )),.UNSPECIFIED.,.F.,.F.,.F.,(2,2),(2,2),(0.,5.591883092037),(0.,1.)
  ,.PIECEWISE_BEZIER_KNOTS.);
#1890 = CARTESIAN_POINT('',(-81.75,-6.,15.295941546018));
#1891 = CARTESIAN_POINT('',(-81.61,-12.9,15.237951647286));
#1892 = CARTESIAN_POINT('',(-81.75,-6.,9.704058453982));
#1893 = CARTESIAN_POINT('',(-81.61,-12.9,9.762048352714));
#1894 = ADVANCED_FACE('',(#1895),#1912,.T.);
#1895 = FACE_BOUND('',#1896,.T.);
#1896 = EDGE_LOOP('',(#1897,#1898,#1899,#1907));
#1897 = ORIENTED_EDGE('',*,*,#1171,.T.);
#1898 = ORIENTED_EDGE('',*,*,#1862,.T.);
#1899 = ORIENTED_EDGE('',*,*,#1900,.F.);
#1900 = EDGE_CURVE('',#1901,#1855,#1903,.T.);
#1901 = VERTEX_POINT('',#1902);
#1902 = CARTESIAN_POINT('',(-77.73795164728,-12.9,5.89));
#1903 = LINE('',#1904,#1905);
#1904 = CARTESIAN_POINT('',(-77.73795164728,-12.9,5.89));
#1905 = VECTOR('',#1906,1.);
#1906 = DIRECTION('',(1.,0.,0.));
#1907 = ORIENTED_EDGE('',*,*,#1908,.F.);
#1908 = EDGE_CURVE('',#1163,#1901,#1909,.T.);
#1909 = B_SPLINE_CURVE_WITH_KNOTS('',1,(#1910,#1911),.UNSPECIFIED.,.F.,
  .F.,(2,2),(0.,1.),.PIECEWISE_BEZIER_KNOTS.);
#1910 = CARTESIAN_POINT('',(-77.79594154601,-6.,5.75));
#1911 = CARTESIAN_POINT('',(-77.73795164728,-12.9,5.89));
#1912 = B_SPLINE_SURFACE_WITH_KNOTS('',1,1,(
    (#1913,#1914)
    ,(#1915,#1916
    )),.UNSPECIFIED.,.F.,.F.,.F.,(2,2),(2,2),(0.,5.591883092037),(0.,1.)
  ,.PIECEWISE_BEZIER_KNOTS.);
#1913 = CARTESIAN_POINT('',(-77.79594154601,-6.,5.75));
#1914 = CARTESIAN_POINT('',(-77.73795164728,-12.9,5.89));
#1915 = CARTESIAN_POINT('',(-72.20405845398,-6.,5.75));
#1916 = CARTESIAN_POINT('',(-72.26204835271,-12.9,5.89));
#1917 = ADVANCED_FACE('',(#1918),#1929,.T.);
#1918 = FACE_BOUND('',#1919,.T.);
#1919 = EDGE_LOOP('',(#1920,#1921,#1922,#1928));
#1920 = ORIENTED_EDGE('',*,*,#1188,.T.);
#1921 = ORIENTED_EDGE('',*,*,#1908,.T.);
#1922 = ORIENTED_EDGE('',*,*,#1923,.F.);
#1923 = EDGE_CURVE('',#1877,#1901,#1924,.T.);
#1924 = LINE('',#1925,#1926);
#1925 = CARTESIAN_POINT('',(-81.61,-12.9,9.762048352714));
#1926 = VECTOR('',#1927,1.);
#1927 = DIRECTION('',(0.707106781187,0.,-0.707106781187));
#1928 = ORIENTED_EDGE('',*,*,#1876,.F.);
#1929 = B_SPLINE_SURFACE_WITH_KNOTS('',1,1,(
    (#1930,#1931)
    ,(#1932,#1933
    )),.UNSPECIFIED.,.F.,.F.,.F.,(2,2),(2,2),(0.,5.591883092037),(0.,1.)
  ,.PIECEWISE_BEZIER_KNOTS.);
#1930 = CARTESIAN_POINT('',(-81.75,-6.,9.704058453982));
#1931 = CARTESIAN_POINT('',(-81.61,-12.9,9.762048352714));
#1932 = CARTESIAN_POINT('',(-77.79594154601,-6.,5.75));
#1933 = CARTESIAN_POINT('',(-77.73795164728,-12.9,5.89));
#1934 = ADVANCED_FACE('',(#1935),#1958,.T.);
#1935 = FACE_BOUND('',#1936,.T.);
#1936 = EDGE_LOOP('',(#1937,#1938,#1945,#1953));
#1937 = ORIENTED_EDGE('',*,*,#1210,.T.);
#1938 = ORIENTED_EDGE('',*,*,#1939,.T.);
#1939 = EDGE_CURVE('',#1204,#1940,#1942,.T.);
#1940 = VERTEX_POINT('',#1941);
#1941 = CARTESIAN_POINT('',(77.526702730476,-13.4,18.6));
#1942 = B_SPLINE_CURVE_WITH_KNOTS('',1,(#1943,#1944),.UNSPECIFIED.,.F.,
  .F.,(2,2),(0.,1.),.PIECEWISE_BEZIER_KNOTS.);
#1943 = CARTESIAN_POINT('',(77.737951647286,-12.9,19.11));
#1944 = CARTESIAN_POINT('',(77.526702730476,-13.4,18.6));
#1945 = ORIENTED_EDGE('',*,*,#1946,.F.);
#1946 = EDGE_CURVE('',#1947,#1940,#1949,.T.);
#1947 = VERTEX_POINT('',#1948);
#1948 = CARTESIAN_POINT('',(81.1,-13.4,15.026702730476));
#1949 = LINE('',#1950,#1951);
#1950 = CARTESIAN_POINT('',(81.1,-13.4,15.026702730476));
#1951 = VECTOR('',#1952,1.);
#1952 = DIRECTION('',(-0.707106781187,0.,0.707106781187));
#1953 = ORIENTED_EDGE('',*,*,#1954,.F.);
#1954 = EDGE_CURVE('',#1211,#1947,#1955,.T.);
#1955 = B_SPLINE_CURVE_WITH_KNOTS('',1,(#1956,#1957),.UNSPECIFIED.,.F.,
  .F.,(2,2),(0.,1.),.PIECEWISE_BEZIER_KNOTS.);
#1956 = CARTESIAN_POINT('',(81.61,-12.9,15.237951647286));
#1957 = CARTESIAN_POINT('',(81.1,-13.4,15.026702730476));
#1958 = B_SPLINE_SURFACE_WITH_KNOTS('',1,1,(
    (#1959,#1960)
    ,(#1961,#1962
    )),.UNSPECIFIED.,.F.,.F.,.F.,(2,2),(2,2),(0.,5.475903294572),(0.,1.)
  ,.PIECEWISE_BEZIER_KNOTS.);
#1959 = CARTESIAN_POINT('',(81.61,-12.9,15.237951647286));
#1960 = CARTESIAN_POINT('',(81.1,-13.4,15.026702730476));
#1961 = CARTESIAN_POINT('',(77.737951647286,-12.9,19.11));
#1962 = CARTESIAN_POINT('',(77.526702730476,-13.4,18.6));
#1963 = ADVANCED_FACE('',(#1964),#1981,.T.);
#1964 = FACE_BOUND('',#1965,.T.);
#1965 = EDGE_LOOP('',(#1966,#1967,#1968,#1976));
#1966 = ORIENTED_EDGE('',*,*,#1233,.T.);
#1967 = ORIENTED_EDGE('',*,*,#1954,.T.);
#1968 = ORIENTED_EDGE('',*,*,#1969,.F.);
#1969 = EDGE_CURVE('',#1970,#1947,#1972,.T.);
#1970 = VERTEX_POINT('',#1971);
#1971 = CARTESIAN_POINT('',(81.1,-13.4,9.973297269524));
#1972 = LINE('',#1973,#1974);
#1973 = CARTESIAN_POINT('',(81.1,-13.4,9.973297269524));
#1974 = VECTOR('',#1975,1.);
#1975 = DIRECTION('',(0.,0.,1.));
#1976 = ORIENTED_EDGE('',*,*,#1977,.F.);
#1977 = EDGE_CURVE('',#1234,#1970,#1978,.T.);
#1978 = B_SPLINE_CURVE_WITH_KNOTS('',1,(#1979,#1980),.UNSPECIFIED.,.F.,
  .F.,(2,2),(0.,1.),.PIECEWISE_BEZIER_KNOTS.);
#1979 = CARTESIAN_POINT('',(81.61,-12.9,9.762048352714));
#1980 = CARTESIAN_POINT('',(81.1,-13.4,9.973297269524));
#1981 = B_SPLINE_SURFACE_WITH_KNOTS('',1,1,(
    (#1982,#1983)
    ,(#1984,#1985
    )),.UNSPECIFIED.,.F.,.F.,.F.,(2,2),(2,2),(0.,5.475903294572),(0.,1.)
  ,.PIECEWISE_BEZIER_KNOTS.);
#1982 = CARTESIAN_POINT('',(81.61,-12.9,9.762048352714));
#1983 = CARTESIAN_POINT('',(81.1,-13.4,9.973297269524));
#1984 = CARTESIAN_POINT('',(81.61,-12.9,15.237951647286));
#1985 = CARTESIAN_POINT('',(81.1,-13.4,15.026702730476));
#1986 = ADVANCED_FACE('',(#1987),#2004,.T.);
#1987 = FACE_BOUND('',#1988,.T.);
#1988 = EDGE_LOOP('',(#1989,#1990,#1991,#1999));
#1989 = ORIENTED_EDGE('',*,*,#1256,.T.);
#1990 = ORIENTED_EDGE('',*,*,#1977,.T.);
#1991 = ORIENTED_EDGE('',*,*,#1992,.F.);
#1992 = EDGE_CURVE('',#1993,#1970,#1995,.T.);
#1993 = VERTEX_POINT('',#1994);
#1994 = CARTESIAN_POINT('',(77.526702730476,-13.4,6.4));
#1995 = LINE('',#1996,#1997);
#1996 = CARTESIAN_POINT('',(77.526702730476,-13.4,6.4));
#1997 = VECTOR('',#1998,1.);
#1998 = DIRECTION('',(0.707106781187,0.,0.707106781187));
#1999 = ORIENTED_EDGE('',*,*,#2000,.F.);
#2000 = EDGE_CURVE('',#1257,#1993,#2001,.T.);
#2001 = B_SPLINE_CURVE_WITH_KNOTS('',1,(#2002,#2003),.UNSPECIFIED.,.F.,
  .F.,(2,2),(0.,1.),.PIECEWISE_BEZIER_KNOTS.);
#2002 = CARTESIAN_POINT('',(77.737951647286,-12.9,5.89));
#2003 = CARTESIAN_POINT('',(77.526702730476,-13.4,6.4));
#2004 = B_SPLINE_SURFACE_WITH_KNOTS('',1,1,(
    (#2005,#2006)
    ,(#2007,#2008
    )),.UNSPECIFIED.,.F.,.F.,.F.,(2,2),(2,2),(0.,5.475903294572),(0.,1.)
  ,.PIECEWISE_BEZIER_KNOTS.);
#2005 = CARTESIAN_POINT('',(77.737951647286,-12.9,5.89));
#2006 = CARTESIAN_POINT('',(77.526702730476,-13.4,6.4));
#2007 = CARTESIAN_POINT('',(81.61,-12.9,9.762048352714));
#2008 = CARTESIAN_POINT('',(81.1,-13.4,9.973297269524));
#2009 = ADVANCED_FACE('',(#2010),#2027,.T.);
#2010 = FACE_BOUND('',#2011,.T.);
#2011 = EDGE_LOOP('',(#2012,#2013,#2014,#2022));
#2012 = ORIENTED_EDGE('',*,*,#1279,.T.);
#2013 = ORIENTED_EDGE('',*,*,#2000,.T.);
#2014 = ORIENTED_EDGE('',*,*,#2015,.F.);
#2015 = EDGE_CURVE('',#2016,#1993,#2018,.T.);
#2016 = VERTEX_POINT('',#2017);
#2017 = CARTESIAN_POINT('',(72.473297269524,-13.4,6.4));
#2018 = LINE('',#2019,#2020);
#2019 = CARTESIAN_POINT('',(72.473297269524,-13.4,6.4));
#2020 = VECTOR('',#2021,1.);
#2021 = DIRECTION('',(1.,0.,0.));
#2022 = ORIENTED_EDGE('',*,*,#2023,.F.);
#2023 = EDGE_CURVE('',#1280,#2016,#2024,.T.);
#2024 = B_SPLINE_CURVE_WITH_KNOTS('',1,(#2025,#2026),.UNSPECIFIED.,.F.,
  .F.,(2,2),(0.,1.),.PIECEWISE_BEZIER_KNOTS.);
#2025 = CARTESIAN_POINT('',(72.262048352714,-12.9,5.89));
#2026 = CARTESIAN_POINT('',(72.473297269524,-13.4,6.4));
#2027 = B_SPLINE_SURFACE_WITH_KNOTS('',1,1,(
    (#2028,#2029)
    ,(#2030,#2031
    )),.UNSPECIFIED.,.F.,.F.,.F.,(2,2),(2,2),(0.,5.475903294572),(0.,1.)
  ,.PIECEWISE_BEZIER_KNOTS.);
#2028 = CARTESIAN_POINT('',(72.262048352714,-12.9,5.89));
#2029 = CARTESIAN_POINT('',(72.473297269524,-13.4,6.4));
#2030 = CARTESIAN_POINT('',(77.737951647286,-12.9,5.89));
#2031 = CARTESIAN_POINT('',(77.526702730476,-13.4,6.4));
#2032 = ADVANCED_FACE('',(#2033),#2050,.T.);
#2033 = FACE_BOUND('',#2034,.T.);
#2034 = EDGE_LOOP('',(#2035,#2036,#2037,#2045));
#2035 = ORIENTED_EDGE('',*,*,#1302,.T.);
#2036 = ORIENTED_EDGE('',*,*,#2023,.T.);
#2037 = ORIENTED_EDGE('',*,*,#2038,.F.);
#2038 = EDGE_CURVE('',#2039,#2016,#2041,.T.);
#2039 = VERTEX_POINT('',#2040);
#2040 = CARTESIAN_POINT('',(68.9,-13.4,9.973297269524));
#2041 = LINE('',#2042,#2043);
#2042 = CARTESIAN_POINT('',(68.9,-13.4,9.973297269524));
#2043 = VECTOR('',#2044,1.);
#2044 = DIRECTION('',(0.707106781187,0.,-0.707106781187));
#2045 = ORIENTED_EDGE('',*,*,#2046,.F.);
#2046 = EDGE_CURVE('',#1303,#2039,#2047,.T.);
#2047 = B_SPLINE_CURVE_WITH_KNOTS('',1,(#2048,#2049),.UNSPECIFIED.,.F.,
  .F.,(2,2),(0.,1.),.PIECEWISE_BEZIER_KNOTS.);
#2048 = CARTESIAN_POINT('',(68.39,-12.9,9.762048352714));
#2049 = CARTESIAN_POINT('',(68.9,-13.4,9.973297269524));
#2050 = B_SPLINE_SURFACE_WITH_KNOTS('',1,1,(
    (#2051,#2052)
    ,(#2053,#2054
    )),.UNSPECIFIED.,.F.,.F.,.F.,(2,2),(2,2),(0.,5.475903294572),(0.,1.)
  ,.PIECEWISE_BEZIER_KNOTS.);
#2051 = CARTESIAN_POINT('',(68.39,-12.9,9.762048352714));
#2052 = CARTESIAN_POINT('',(68.9,-13.4,9.973297269524));
#2053 = CARTESIAN_POINT('',(72.262048352714,-12.9,5.89));
#2054 = CARTESIAN_POINT('',(72.473297269524,-13.4,6.4));
#2055 = ADVANCED_FACE('',(#2056),#2073,.T.);
#2056 = FACE_BOUND('',#2057,.T.);
#2057 = EDGE_LOOP('',(#2058,#2059,#2060,#2068));
#2058 = ORIENTED_EDGE('',*,*,#1325,.T.);
#2059 = ORIENTED_EDGE('',*,*,#2046,.T.);
#2060 = ORIENTED_EDGE('',*,*,#2061,.F.);
#2061 = EDGE_CURVE('',#2062,#2039,#2064,.T.);
#2062 = VERTEX_POINT('',#2063);
#2063 = CARTESIAN_POINT('',(68.9,-13.4,15.026702730476));
#2064 = LINE('',#2065,#2066);
#2065 = CARTESIAN_POINT('',(68.9,-13.4,15.026702730476));
#2066 = VECTOR('',#2067,1.);
#2067 = DIRECTION('',(0.,0.,-1.));
#2068 = ORIENTED_EDGE('',*,*,#2069,.F.);
#2069 = EDGE_CURVE('',#1326,#2062,#2070,.T.);
#2070 = B_SPLINE_CURVE_WITH_KNOTS('',1,(#2071,#2072),.UNSPECIFIED.,.F.,
  .F.,(2,2),(0.,1.),.PIECEWISE_BEZIER_KNOTS.);
#2071 = CARTESIAN_POINT('',(68.39,-12.9,15.237951647286));
#2072 = CARTESIAN_POINT('',(68.9,-13.4,15.026702730476));
#2073 = B_SPLINE_SURFACE_WITH_KNOTS('',1,1,(
    (#2074,#2075)
    ,(#2076,#2077
    )),.UNSPECIFIED.,.F.,.F.,.F.,(2,2),(2,2),(0.,5.475903294572),(0.,1.)
  ,.PIECEWISE_BEZIER_KNOTS.);
#2074 = CARTESIAN_POINT('',(68.39,-12.9,15.237951647286));
#2075 = CARTESIAN_POINT('',(68.9,-13.4,15.026702730476));
#2076 = CARTESIAN_POINT('',(68.39,-12.9,9.762048352714));
#2077 = CARTESIAN_POINT('',(68.9,-13.4,9.973297269524));
#2078 = ADVANCED_FACE('',(#2079),#2096,.T.);
#2079 = FACE_BOUND('',#2080,.T.);
#2080 = EDGE_LOOP('',(#2081,#2082,#2083,#2091));
#2081 = ORIENTED_EDGE('',*,*,#1348,.T.);
#2082 = ORIENTED_EDGE('',*,*,#2069,.T.);
#2083 = ORIENTED_EDGE('',*,*,#2084,.F.);
#2084 = EDGE_CURVE('',#2085,#2062,#2087,.T.);
#2085 = VERTEX_POINT('',#2086);
#2086 = CARTESIAN_POINT('',(72.473297269524,-13.4,18.6));
#2087 = LINE('',#2088,#2089);
#2088 = CARTESIAN_POINT('',(72.473297269524,-13.4,18.6));
#2089 = VECTOR('',#2090,1.);
#2090 = DIRECTION('',(-0.707106781187,0.,-0.707106781187));
#2091 = ORIENTED_EDGE('',*,*,#2092,.F.);
#2092 = EDGE_CURVE('',#1349,#2085,#2093,.T.);
#2093 = B_SPLINE_CURVE_WITH_KNOTS('',1,(#2094,#2095),.UNSPECIFIED.,.F.,
  .F.,(2,2),(0.,1.),.PIECEWISE_BEZIER_KNOTS.);
#2094 = CARTESIAN_POINT('',(72.262048352714,-12.9,19.11));
#2095 = CARTESIAN_POINT('',(72.473297269524,-13.4,18.6));
#2096 = B_SPLINE_SURFACE_WITH_KNOTS('',1,1,(
    (#2097,#2098)
    ,(#2099,#2100
    )),.UNSPECIFIED.,.F.,.F.,.F.,(2,2),(2,2),(0.,5.475903294572),(0.,1.)
  ,.PIECEWISE_BEZIER_KNOTS.);
#2097 = CARTESIAN_POINT('',(72.262048352714,-12.9,19.11));
#2098 = CARTESIAN_POINT('',(72.473297269524,-13.4,18.6));
#2099 = CARTESIAN_POINT('',(68.39,-12.9,15.237951647286));
#2100 = CARTESIAN_POINT('',(68.9,-13.4,15.026702730476));
#2101 = ADVANCED_FACE('',(#2102),#2113,.T.);
#2102 = FACE_BOUND('',#2103,.T.);
#2103 = EDGE_LOOP('',(#2104,#2105,#2106,#2112));
#2104 = ORIENTED_EDGE('',*,*,#1371,.T.);
#2105 = ORIENTED_EDGE('',*,*,#2092,.T.);
#2106 = ORIENTED_EDGE('',*,*,#2107,.F.);
#2107 = EDGE_CURVE('',#1940,#2085,#2108,.T.);
#2108 = LINE('',#2109,#2110);
#2109 = CARTESIAN_POINT('',(77.526702730476,-13.4,18.6));
#2110 = VECTOR('',#2111,1.);
#2111 = DIRECTION('',(-1.,0.,0.));
#2112 = ORIENTED_EDGE('',*,*,#1939,.F.);
#2113 = B_SPLINE_SURFACE_WITH_KNOTS('',1,1,(
    (#2114,#2115)
    ,(#2116,#2117
    )),.UNSPECIFIED.,.F.,.F.,.F.,(2,2),(2,2),(0.,5.475903294572),(0.,1.)
  ,.PIECEWISE_BEZIER_KNOTS.);
#2114 = CARTESIAN_POINT('',(77.737951647286,-12.9,19.11));
#2115 = CARTESIAN_POINT('',(77.526702730476,-13.4,18.6));
#2116 = CARTESIAN_POINT('',(72.262048352714,-12.9,19.11));
#2117 = CARTESIAN_POINT('',(72.473297269524,-13.4,18.6));
#2118 = ADVANCED_FACE('',(#2119),#2142,.T.);
#2119 = FACE_BOUND('',#2120,.T.);
#2120 = EDGE_LOOP('',(#2121,#2122,#2129,#2137));
#2121 = ORIENTED_EDGE('',*,*,#1394,.T.);
#2122 = ORIENTED_EDGE('',*,*,#2123,.T.);
#2123 = EDGE_CURVE('',#1388,#2124,#2126,.T.);
#2124 = VERTEX_POINT('',#2125);
#2125 = CARTESIAN_POINT('',(27.526702730476,-13.4,18.6));
#2126 = B_SPLINE_CURVE_WITH_KNOTS('',1,(#2127,#2128),.UNSPECIFIED.,.F.,
  .F.,(2,2),(0.,1.),.PIECEWISE_BEZIER_KNOTS.);
#2127 = CARTESIAN_POINT('',(27.737951647286,-12.9,19.11));
#2128 = CARTESIAN_POINT('',(27.526702730476,-13.4,18.6));
#2129 = ORIENTED_EDGE('',*,*,#2130,.F.);
#2130 = EDGE_CURVE('',#2131,#2124,#2133,.T.);
#2131 = VERTEX_POINT('',#2132);
#2132 = CARTESIAN_POINT('',(31.1,-13.4,15.026702730476));
#2133 = LINE('',#2134,#2135);
#2134 = CARTESIAN_POINT('',(31.1,-13.4,15.026702730476));
#2135 = VECTOR('',#2136,1.);
#2136 = DIRECTION('',(-0.707106781187,0.,0.707106781187));
#2137 = ORIENTED_EDGE('',*,*,#2138,.F.);
#2138 = EDGE_CURVE('',#1395,#2131,#2139,.T.);
#2139 = B_SPLINE_CURVE_WITH_KNOTS('',1,(#2140,#2141),.UNSPECIFIED.,.F.,
  .F.,(2,2),(0.,1.),.PIECEWISE_BEZIER_KNOTS.);
#2140 = CARTESIAN_POINT('',(31.61,-12.9,15.237951647286));
#2141 = CARTESIAN_POINT('',(31.1,-13.4,15.026702730476));
#2142 = B_SPLINE_SURFACE_WITH_KNOTS('',1,1,(
    (#2143,#2144)
    ,(#2145,#2146
    )),.UNSPECIFIED.,.F.,.F.,.F.,(2,2),(2,2),(0.,5.475903294572),(0.,1.)
  ,.PIECEWISE_BEZIER_KNOTS.);
#2143 = CARTESIAN_POINT('',(31.61,-12.9,15.237951647286));
#2144 = CARTESIAN_POINT('',(31.1,-13.4,15.026702730476));
#2145 = CARTESIAN_POINT('',(27.737951647286,-12.9,19.11));
#2146 = CARTESIAN_POINT('',(27.526702730476,-13.4,18.6));
#2147 = ADVANCED_FACE('',(#2148),#2165,.T.);
#2148 = FACE_BOUND('',#2149,.T.);
#2149 = EDGE_LOOP('',(#2150,#2151,#2158,#2164));
#2150 = ORIENTED_EDGE('',*,*,#1423,.T.);
#2151 = ORIENTED_EDGE('',*,*,#2152,.T.);
#2152 = EDGE_CURVE('',#1417,#2153,#2155,.T.);
#2153 = VERTEX_POINT('',#2154);
#2154 = CARTESIAN_POINT('',(22.473297269524,-13.4,18.6));
#2155 = B_SPLINE_CURVE_WITH_KNOTS('',1,(#2156,#2157),.UNSPECIFIED.,.F.,
  .F.,(2,2),(0.,1.),.PIECEWISE_BEZIER_KNOTS.);
#2156 = CARTESIAN_POINT('',(22.262048352714,-12.9,19.11));
#2157 = CARTESIAN_POINT('',(22.473297269524,-13.4,18.6));
#2158 = ORIENTED_EDGE('',*,*,#2159,.F.);
#2159 = EDGE_CURVE('',#2124,#2153,#2160,.T.);
#2160 = LINE('',#2161,#2162);
#2161 = CARTESIAN_POINT('',(27.526702730476,-13.4,18.6));
#2162 = VECTOR('',#2163,1.);
#2163 = DIRECTION('',(-1.,0.,0.));
#2164 = ORIENTED_EDGE('',*,*,#2123,.F.);
#2165 = B_SPLINE_SURFACE_WITH_KNOTS('',1,1,(
    (#2166,#2167)
    ,(#2168,#2169
    )),.UNSPECIFIED.,.F.,.F.,.F.,(2,2),(2,2),(0.,5.475903294572),(0.,1.)
  ,.PIECEWISE_BEZIER_KNOTS.);
#2166 = CARTESIAN_POINT('',(27.737951647286,-12.9,19.11));
#2167 = CARTESIAN_POINT('',(27.526702730476,-13.4,18.6));
#2168 = CARTESIAN_POINT('',(22.262048352714,-12.9,19.11));
#2169 = CARTESIAN_POINT('',(22.473297269524,-13.4,18.6));
#2170 = ADVANCED_FACE('',(#2171),#2188,.T.);
#2171 = FACE_BOUND('',#2172,.T.);
#2172 = EDGE_LOOP('',(#2173,#2174,#2175,#2183));
#2173 = ORIENTED_EDGE('',*,*,#1440,.T.);
#2174 = ORIENTED_EDGE('',*,*,#2138,.T.);
#2175 = ORIENTED_EDGE('',*,*,#2176,.F.);
#2176 = EDGE_CURVE('',#2177,#2131,#2179,.T.);
#2177 = VERTEX_POINT('',#2178);
#2178 = CARTESIAN_POINT('',(31.1,-13.4,9.973297269524));
#2179 = LINE('',#2180,#2181);
#2180 = CARTESIAN_POINT('',(31.1,-13.4,9.973297269524));
#2181 = VECTOR('',#2182,1.);
#2182 = DIRECTION('',(0.,0.,1.));
#2183 = ORIENTED_EDGE('',*,*,#2184,.F.);
#2184 = EDGE_CURVE('',#1441,#2177,#2185,.T.);
#2185 = B_SPLINE_CURVE_WITH_KNOTS('',1,(#2186,#2187),.UNSPECIFIED.,.F.,
  .F.,(2,2),(0.,1.),.PIECEWISE_BEZIER_KNOTS.);
#2186 = CARTESIAN_POINT('',(31.61,-12.9,9.762048352714));
#2187 = CARTESIAN_POINT('',(31.1,-13.4,9.973297269524));
#2188 = B_SPLINE_SURFACE_WITH_KNOTS('',1,1,(
    (#2189,#2190)
    ,(#2191,#2192
    )),.UNSPECIFIED.,.F.,.F.,.F.,(2,2),(2,2),(0.,5.475903294572),(0.,1.)
  ,.PIECEWISE_BEZIER_KNOTS.);
#2189 = CARTESIAN_POINT('',(31.61,-12.9,9.762048352714));
#2190 = CARTESIAN_POINT('',(31.1,-13.4,9.973297269524));
#2191 = CARTESIAN_POINT('',(31.61,-12.9,15.237951647286));
#2192 = CARTESIAN_POINT('',(31.1,-13.4,15.026702730476));
#2193 = ADVANCED_FACE('',(#2194),#2211,.T.);
#2194 = FACE_BOUND('',#2195,.T.);
#2195 = EDGE_LOOP('',(#2196,#2197,#2204,#2210));
#2196 = ORIENTED_EDGE('',*,*,#1469,.T.);
#2197 = ORIENTED_EDGE('',*,*,#2198,.T.);
#2198 = EDGE_CURVE('',#1463,#2199,#2201,.T.);
#2199 = VERTEX_POINT('',#2200);
#2200 = CARTESIAN_POINT('',(18.9,-13.4,15.026702730476));
#2201 = B_SPLINE_CURVE_WITH_KNOTS('',1,(#2202,#2203),.UNSPECIFIED.,.F.,
  .F.,(2,2),(0.,1.),.PIECEWISE_BEZIER_KNOTS.);
#2202 = CARTESIAN_POINT('',(18.39,-12.9,15.237951647286));
#2203 = CARTESIAN_POINT('',(18.9,-13.4,15.026702730476));
#2204 = ORIENTED_EDGE('',*,*,#2205,.F.);
#2205 = EDGE_CURVE('',#2153,#2199,#2206,.T.);
#2206 = LINE('',#2207,#2208);
#2207 = CARTESIAN_POINT('',(22.473297269524,-13.4,18.6));
#2208 = VECTOR('',#2209,1.);
#2209 = DIRECTION('',(-0.707106781187,0.,-0.707106781187));
#2210 = ORIENTED_EDGE('',*,*,#2152,.F.);
#2211 = B_SPLINE_SURFACE_WITH_KNOTS('',1,1,(
    (#2212,#2213)
    ,(#2214,#2215
    )),.UNSPECIFIED.,.F.,.F.,.F.,(2,2),(2,2),(0.,5.475903294572),(0.,1.)
  ,.PIECEWISE_BEZIER_KNOTS.);
#2212 = CARTESIAN_POINT('',(22.262048352714,-12.9,19.11));
#2213 = CARTESIAN_POINT('',(22.473297269524,-13.4,18.6));
#2214 = CARTESIAN_POINT('',(18.39,-12.9,15.237951647286));
#2215 = CARTESIAN_POINT('',(18.9,-13.4,15.026702730476));
#2216 = ADVANCED_FACE('',(#2217),#2234,.T.);
#2217 = FACE_BOUND('',#2218,.T.);
#2218 = EDGE_LOOP('',(#2219,#2220,#2221,#2229));
#2219 = ORIENTED_EDGE('',*,*,#1486,.T.);
#2220 = ORIENTED_EDGE('',*,*,#2184,.T.);
#2221 = ORIENTED_EDGE('',*,*,#2222,.F.);
#2222 = EDGE_CURVE('',#2223,#2177,#2225,.T.);
#2223 = VERTEX_POINT('',#2224);
#2224 = CARTESIAN_POINT('',(27.526702730476,-13.4,6.4));
#2225 = LINE('',#2226,#2227);
#2226 = CARTESIAN_POINT('',(27.526702730476,-13.4,6.4));
#2227 = VECTOR('',#2228,1.);
#2228 = DIRECTION('',(0.707106781187,0.,0.707106781187));
#2229 = ORIENTED_EDGE('',*,*,#2230,.F.);
#2230 = EDGE_CURVE('',#1487,#2223,#2231,.T.);
#2231 = B_SPLINE_CURVE_WITH_KNOTS('',1,(#2232,#2233),.UNSPECIFIED.,.F.,
  .F.,(2,2),(0.,1.),.PIECEWISE_BEZIER_KNOTS.);
#2232 = CARTESIAN_POINT('',(27.737951647286,-12.9,5.89));
#2233 = CARTESIAN_POINT('',(27.526702730476,-13.4,6.4));
#2234 = B_SPLINE_SURFACE_WITH_KNOTS('',1,1,(
    (#2235,#2236)
    ,(#2237,#2238
    )),.UNSPECIFIED.,.F.,.F.,.F.,(2,2),(2,2),(0.,5.475903294572),(0.,1.)
  ,.PIECEWISE_BEZIER_KNOTS.);
#2235 = CARTESIAN_POINT('',(27.737951647286,-12.9,5.89));
#2236 = CARTESIAN_POINT('',(27.526702730476,-13.4,6.4));
#2237 = CARTESIAN_POINT('',(31.61,-12.9,9.762048352714));
#2238 = CARTESIAN_POINT('',(31.1,-13.4,9.973297269524));
#2239 = ADVANCED_FACE('',(#2240),#2257,.T.);
#2240 = FACE_BOUND('',#2241,.T.);
#2241 = EDGE_LOOP('',(#2242,#2243,#2250,#2256));
#2242 = ORIENTED_EDGE('',*,*,#1515,.T.);
#2243 = ORIENTED_EDGE('',*,*,#2244,.T.);
#2244 = EDGE_CURVE('',#1509,#2245,#2247,.T.);
#2245 = VERTEX_POINT('',#2246);
#2246 = CARTESIAN_POINT('',(18.9,-13.4,9.973297269524));
#2247 = B_SPLINE_CURVE_WITH_KNOTS('',1,(#2248,#2249),.UNSPECIFIED.,.F.,
  .F.,(2,2),(0.,1.),.PIECEWISE_BEZIER_KNOTS.);
#2248 = CARTESIAN_POINT('',(18.39,-12.9,9.762048352714));
#2249 = CARTESIAN_POINT('',(18.9,-13.4,9.973297269524));
#2250 = ORIENTED_EDGE('',*,*,#2251,.F.);
#2251 = EDGE_CURVE('',#2199,#2245,#2252,.T.);
#2252 = LINE('',#2253,#2254);
#2253 = CARTESIAN_POINT('',(18.9,-13.4,15.026702730476));
#2254 = VECTOR('',#2255,1.);
#2255 = DIRECTION('',(0.,0.,-1.));
#2256 = ORIENTED_EDGE('',*,*,#2198,.F.);
#2257 = B_SPLINE_SURFACE_WITH_KNOTS('',1,1,(
    (#2258,#2259)
    ,(#2260,#2261
    )),.UNSPECIFIED.,.F.,.F.,.F.,(2,2),(2,2),(0.,5.475903294572),(0.,1.)
  ,.PIECEWISE_BEZIER_KNOTS.);
#2258 = CARTESIAN_POINT('',(18.39,-12.9,15.237951647286));
#2259 = CARTESIAN_POINT('',(18.9,-13.4,15.026702730476));
#2260 = CARTESIAN_POINT('',(18.39,-12.9,9.762048352714));
#2261 = CARTESIAN_POINT('',(18.9,-13.4,9.973297269524));
#2262 = ADVANCED_FACE('',(#2263),#2280,.T.);
#2263 = FACE_BOUND('',#2264,.T.);
#2264 = EDGE_LOOP('',(#2265,#2266,#2267,#2275));
#2265 = ORIENTED_EDGE('',*,*,#1532,.T.);
#2266 = ORIENTED_EDGE('',*,*,#2230,.T.);
#2267 = ORIENTED_EDGE('',*,*,#2268,.F.);
#2268 = EDGE_CURVE('',#2269,#2223,#2271,.T.);
#2269 = VERTEX_POINT('',#2270);
#2270 = CARTESIAN_POINT('',(22.473297269524,-13.4,6.4));
#2271 = LINE('',#2272,#2273);
#2272 = CARTESIAN_POINT('',(22.473297269524,-13.4,6.4));
#2273 = VECTOR('',#2274,1.);
#2274 = DIRECTION('',(1.,0.,0.));
#2275 = ORIENTED_EDGE('',*,*,#2276,.F.);
#2276 = EDGE_CURVE('',#1533,#2269,#2277,.T.);
#2277 = B_SPLINE_CURVE_WITH_KNOTS('',1,(#2278,#2279),.UNSPECIFIED.,.F.,
  .F.,(2,2),(0.,1.),.PIECEWISE_BEZIER_KNOTS.);
#2278 = CARTESIAN_POINT('',(22.262048352714,-12.9,5.89));
#2279 = CARTESIAN_POINT('',(22.473297269524,-13.4,6.4));
#2280 = B_SPLINE_SURFACE_WITH_KNOTS('',1,1,(
    (#2281,#2282)
    ,(#2283,#2284
    )),.UNSPECIFIED.,.F.,.F.,.F.,(2,2),(2,2),(0.,5.475903294572),(0.,1.)
  ,.PIECEWISE_BEZIER_KNOTS.);
#2281 = CARTESIAN_POINT('',(22.262048352714,-12.9,5.89));
#2282 = CARTESIAN_POINT('',(22.473297269524,-13.4,6.4));
#2283 = CARTESIAN_POINT('',(27.737951647286,-12.9,5.89));
#2284 = CARTESIAN_POINT('',(27.526702730476,-13.4,6.4));
#2285 = ADVANCED_FACE('',(#2286),#2297,.T.);
#2286 = FACE_BOUND('',#2287,.T.);
#2287 = EDGE_LOOP('',(#2288,#2289,#2290,#2296));
#2288 = ORIENTED_EDGE('',*,*,#1555,.T.);
#2289 = ORIENTED_EDGE('',*,*,#2276,.T.);
#2290 = ORIENTED_EDGE('',*,*,#2291,.F.);
#2291 = EDGE_CURVE('',#2245,#2269,#2292,.T.);
#2292 = LINE('',#2293,#2294);
#2293 = CARTESIAN_POINT('',(18.9,-13.4,9.973297269524));
#2294 = VECTOR('',#2295,1.);
#2295 = DIRECTION('',(0.707106781187,0.,-0.707106781187));
#2296 = ORIENTED_EDGE('',*,*,#2244,.F.);
#2297 = B_SPLINE_SURFACE_WITH_KNOTS('',1,1,(
    (#2298,#2299)
    ,(#2300,#2301
    )),.UNSPECIFIED.,.F.,.F.,.F.,(2,2),(2,2),(0.,5.475903294572),(0.,1.)
  ,.PIECEWISE_BEZIER_KNOTS.);
#2298 = CARTESIAN_POINT('',(18.39,-12.9,9.762048352714));
#2299 = CARTESIAN_POINT('',(18.9,-13.4,9.973297269524));
#2300 = CARTESIAN_POINT('',(22.262048352714,-12.9,5.89));
#2301 = CARTESIAN_POINT('',(22.473297269524,-13.4,6.4));
#2302 = ADVANCED_FACE('',(#2303),#2326,.T.);
#2303 = FACE_BOUND('',#2304,.T.);
#2304 = EDGE_LOOP('',(#2305,#2306,#2313,#2321));
#2305 = ORIENTED_EDGE('',*,*,#1578,.T.);
#2306 = ORIENTED_EDGE('',*,*,#2307,.T.);
#2307 = EDGE_CURVE('',#1572,#2308,#2310,.T.);
#2308 = VERTEX_POINT('',#2309);
#2309 = CARTESIAN_POINT('',(-22.47329726952,-13.4,18.6));
#2310 = B_SPLINE_CURVE_WITH_KNOTS('',1,(#2311,#2312),.UNSPECIFIED.,.F.,
  .F.,(2,2),(0.,1.),.PIECEWISE_BEZIER_KNOTS.);
#2311 = CARTESIAN_POINT('',(-22.26204835271,-12.9,19.11));
#2312 = CARTESIAN_POINT('',(-22.47329726952,-13.4,18.6));
#2313 = ORIENTED_EDGE('',*,*,#2314,.F.);
#2314 = EDGE_CURVE('',#2315,#2308,#2317,.T.);
#2315 = VERTEX_POINT('',#2316);
#2316 = CARTESIAN_POINT('',(-18.9,-13.4,15.026702730476));
#2317 = LINE('',#2318,#2319);
#2318 = CARTESIAN_POINT('',(-18.9,-13.4,15.026702730476));
#2319 = VECTOR('',#2320,1.);
#2320 = DIRECTION('',(-0.707106781187,0.,0.707106781187));
#2321 = ORIENTED_EDGE('',*,*,#2322,.F.);
#2322 = EDGE_CURVE('',#1579,#2315,#2323,.T.);
#2323 = B_SPLINE_CURVE_WITH_KNOTS('',1,(#2324,#2325),.UNSPECIFIED.,.F.,
  .F.,(2,2),(0.,1.),.PIECEWISE_BEZIER_KNOTS.);
#2324 = CARTESIAN_POINT('',(-18.39,-12.9,15.237951647286));
#2325 = CARTESIAN_POINT('',(-18.9,-13.4,15.026702730476));
#2326 = B_SPLINE_SURFACE_WITH_KNOTS('',1,1,(
    (#2327,#2328)
    ,(#2329,#2330
    )),.UNSPECIFIED.,.F.,.F.,.F.,(2,2),(2,2),(0.,5.475903294572),(0.,1.)
  ,.PIECEWISE_BEZIER_KNOTS.);
#2327 = CARTESIAN_POINT('',(-18.39,-12.9,15.237951647286));
#2328 = CARTESIAN_POINT('',(-18.9,-13.4,15.026702730476));
#2329 = CARTESIAN_POINT('',(-22.26204835271,-12.9,19.11));
#2330 = CARTESIAN_POINT('',(-22.47329726952,-13.4,18.6));
#2331 = ADVANCED_FACE('',(#2332),#2349,.T.);
#2332 = FACE_BOUND('',#2333,.T.);
#2333 = EDGE_LOOP('',(#2334,#2335,#2342,#2348));
#2334 = ORIENTED_EDGE('',*,*,#1607,.T.);
#2335 = ORIENTED_EDGE('',*,*,#2336,.T.);
#2336 = EDGE_CURVE('',#1601,#2337,#2339,.T.);
#2337 = VERTEX_POINT('',#2338);
#2338 = CARTESIAN_POINT('',(-27.52670273047,-13.4,18.6));
#2339 = B_SPLINE_CURVE_WITH_KNOTS('',1,(#2340,#2341),.UNSPECIFIED.,.F.,
  .F.,(2,2),(0.,1.),.PIECEWISE_BEZIER_KNOTS.);
#2340 = CARTESIAN_POINT('',(-27.73795164728,-12.9,19.11));
#2341 = CARTESIAN_POINT('',(-27.52670273047,-13.4,18.6));
#2342 = ORIENTED_EDGE('',*,*,#2343,.F.);
#2343 = EDGE_CURVE('',#2308,#2337,#2344,.T.);
#2344 = LINE('',#2345,#2346);
#2345 = CARTESIAN_POINT('',(-22.47329726952,-13.4,18.6));
#2346 = VECTOR('',#2347,1.);
#2347 = DIRECTION('',(-1.,0.,0.));
#2348 = ORIENTED_EDGE('',*,*,#2307,.F.);
#2349 = B_SPLINE_SURFACE_WITH_KNOTS('',1,1,(
    (#2350,#2351)
    ,(#2352,#2353
    )),.UNSPECIFIED.,.F.,.F.,.F.,(2,2),(2,2),(0.,5.475903294572),(0.,1.)
  ,.PIECEWISE_BEZIER_KNOTS.);
#2350 = CARTESIAN_POINT('',(-22.26204835271,-12.9,19.11));
#2351 = CARTESIAN_POINT('',(-22.47329726952,-13.4,18.6));
#2352 = CARTESIAN_POINT('',(-27.73795164728,-12.9,19.11));
#2353 = CARTESIAN_POINT('',(-27.52670273047,-13.4,18.6));
#2354 = ADVANCED_FACE('',(#2355),#2372,.T.);
#2355 = FACE_BOUND('',#2356,.T.);
#2356 = EDGE_LOOP('',(#2357,#2358,#2359,#2367));
#2357 = ORIENTED_EDGE('',*,*,#1624,.T.);
#2358 = ORIENTED_EDGE('',*,*,#2322,.T.);
#2359 = ORIENTED_EDGE('',*,*,#2360,.F.);
#2360 = EDGE_CURVE('',#2361,#2315,#2363,.T.);
#2361 = VERTEX_POINT('',#2362);
#2362 = CARTESIAN_POINT('',(-18.9,-13.4,9.973297269524));
#2363 = LINE('',#2364,#2365);
#2364 = CARTESIAN_POINT('',(-18.9,-13.4,9.973297269524));
#2365 = VECTOR('',#2366,1.);
#2366 = DIRECTION('',(0.,0.,1.));
#2367 = ORIENTED_EDGE('',*,*,#2368,.F.);
#2368 = EDGE_CURVE('',#1625,#2361,#2369,.T.);
#2369 = B_SPLINE_CURVE_WITH_KNOTS('',1,(#2370,#2371),.UNSPECIFIED.,.F.,
  .F.,(2,2),(0.,1.),.PIECEWISE_BEZIER_KNOTS.);
#2370 = CARTESIAN_POINT('',(-18.39,-12.9,9.762048352714));
#2371 = CARTESIAN_POINT('',(-18.9,-13.4,9.973297269524));
#2372 = B_SPLINE_SURFACE_WITH_KNOTS('',1,1,(
    (#2373,#2374)
    ,(#2375,#2376
    )),.UNSPECIFIED.,.F.,.F.,.F.,(2,2),(2,2),(0.,5.475903294572),(0.,1.)
  ,.PIECEWISE_BEZIER_KNOTS.);
#2373 = CARTESIAN_POINT('',(-18.39,-12.9,9.762048352714));
#2374 = CARTESIAN_POINT('',(-18.9,-13.4,9.973297269524));
#2375 = CARTESIAN_POINT('',(-18.39,-12.9,15.237951647286));
#2376 = CARTESIAN_POINT('',(-18.9,-13.4,15.026702730476));
#2377 = ADVANCED_FACE('',(#2378),#2395,.T.);
#2378 = FACE_BOUND('',#2379,.T.);
#2379 = EDGE_LOOP('',(#2380,#2381,#2388,#2394));
#2380 = ORIENTED_EDGE('',*,*,#1653,.T.);
#2381 = ORIENTED_EDGE('',*,*,#2382,.T.);
#2382 = EDGE_CURVE('',#1647,#2383,#2385,.T.);
#2383 = VERTEX_POINT('',#2384);
#2384 = CARTESIAN_POINT('',(-31.1,-13.4,15.026702730476));
#2385 = B_SPLINE_CURVE_WITH_KNOTS('',1,(#2386,#2387),.UNSPECIFIED.,.F.,
  .F.,(2,2),(0.,1.),.PIECEWISE_BEZIER_KNOTS.);
#2386 = CARTESIAN_POINT('',(-31.61,-12.9,15.237951647286));
#2387 = CARTESIAN_POINT('',(-31.1,-13.4,15.026702730476));
#2388 = ORIENTED_EDGE('',*,*,#2389,.F.);
#2389 = EDGE_CURVE('',#2337,#2383,#2390,.T.);
#2390 = LINE('',#2391,#2392);
#2391 = CARTESIAN_POINT('',(-27.52670273047,-13.4,18.6));
#2392 = VECTOR('',#2393,1.);
#2393 = DIRECTION('',(-0.707106781187,0.,-0.707106781187));
#2394 = ORIENTED_EDGE('',*,*,#2336,.F.);
#2395 = B_SPLINE_SURFACE_WITH_KNOTS('',1,1,(
    (#2396,#2397)
    ,(#2398,#2399
    )),.UNSPECIFIED.,.F.,.F.,.F.,(2,2),(2,2),(0.,5.475903294572),(0.,1.)
  ,.PIECEWISE_BEZIER_KNOTS.);
#2396 = CARTESIAN_POINT('',(-27.73795164728,-12.9,19.11));
#2397 = CARTESIAN_POINT('',(-27.52670273047,-13.4,18.6));
#2398 = CARTESIAN_POINT('',(-31.61,-12.9,15.237951647286));
#2399 = CARTESIAN_POINT('',(-31.1,-13.4,15.026702730476));
#2400 = ADVANCED_FACE('',(#2401),#2418,.T.);
#2401 = FACE_BOUND('',#2402,.T.);
#2402 = EDGE_LOOP('',(#2403,#2404,#2405,#2413));
#2403 = ORIENTED_EDGE('',*,*,#1670,.T.);
#2404 = ORIENTED_EDGE('',*,*,#2368,.T.);
#2405 = ORIENTED_EDGE('',*,*,#2406,.F.);
#2406 = EDGE_CURVE('',#2407,#2361,#2409,.T.);
#2407 = VERTEX_POINT('',#2408);
#2408 = CARTESIAN_POINT('',(-22.47329726952,-13.4,6.4));
#2409 = LINE('',#2410,#2411);
#2410 = CARTESIAN_POINT('',(-22.47329726952,-13.4,6.4));
#2411 = VECTOR('',#2412,1.);
#2412 = DIRECTION('',(0.707106781187,0.,0.707106781187));
#2413 = ORIENTED_EDGE('',*,*,#2414,.F.);
#2414 = EDGE_CURVE('',#1671,#2407,#2415,.T.);
#2415 = B_SPLINE_CURVE_WITH_KNOTS('',1,(#2416,#2417),.UNSPECIFIED.,.F.,
  .F.,(2,2),(0.,1.),.PIECEWISE_BEZIER_KNOTS.);
#2416 = CARTESIAN_POINT('',(-22.26204835271,-12.9,5.89));
#2417 = CARTESIAN_POINT('',(-22.47329726952,-13.4,6.4));
#2418 = B_SPLINE_SURFACE_WITH_KNOTS('',1,1,(
    (#2419,#2420)
    ,(#2421,#2422
    )),.UNSPECIFIED.,.F.,.F.,.F.,(2,2),(2,2),(0.,5.475903294572),(0.,1.)
  ,.PIECEWISE_BEZIER_KNOTS.);
#2419 = CARTESIAN_POINT('',(-22.26204835271,-12.9,5.89));
#2420 = CARTESIAN_POINT('',(-22.47329726952,-13.4,6.4));
#2421 = CARTESIAN_POINT('',(-18.39,-12.9,9.762048352714));
#2422 = CARTESIAN_POINT('',(-18.9,-13.4,9.973297269524));
#2423 = ADVANCED_FACE('',(#2424),#2441,.T.);
#2424 = FACE_BOUND('',#2425,.T.);
#2425 = EDGE_LOOP('',(#2426,#2427,#2434,#2440));
#2426 = ORIENTED_EDGE('',*,*,#1699,.T.);
#2427 = ORIENTED_EDGE('',*,*,#2428,.T.);
#2428 = EDGE_CURVE('',#1693,#2429,#2431,.T.);
#2429 = VERTEX_POINT('',#2430);
#2430 = CARTESIAN_POINT('',(-31.1,-13.4,9.973297269524));
#2431 = B_SPLINE_CURVE_WITH_KNOTS('',1,(#2432,#2433),.UNSPECIFIED.,.F.,
  .F.,(2,2),(0.,1.),.PIECEWISE_BEZIER_KNOTS.);
#2432 = CARTESIAN_POINT('',(-31.61,-12.9,9.762048352714));
#2433 = CARTESIAN_POINT('',(-31.1,-13.4,9.973297269524));
#2434 = ORIENTED_EDGE('',*,*,#2435,.F.);
#2435 = EDGE_CURVE('',#2383,#2429,#2436,.T.);
#2436 = LINE('',#2437,#2438);
#2437 = CARTESIAN_POINT('',(-31.1,-13.4,15.026702730476));
#2438 = VECTOR('',#2439,1.);
#2439 = DIRECTION('',(0.,0.,-1.));
#2440 = ORIENTED_EDGE('',*,*,#2382,.F.);
#2441 = B_SPLINE_SURFACE_WITH_KNOTS('',1,1,(
    (#2442,#2443)
    ,(#2444,#2445
    )),.UNSPECIFIED.,.F.,.F.,.F.,(2,2),(2,2),(0.,5.475903294572),(0.,1.)
  ,.PIECEWISE_BEZIER_KNOTS.);
#2442 = CARTESIAN_POINT('',(-31.61,-12.9,15.237951647286));
#2443 = CARTESIAN_POINT('',(-31.1,-13.4,15.026702730476));
#2444 = CARTESIAN_POINT('',(-31.61,-12.9,9.762048352714));
#2445 = CARTESIAN_POINT('',(-31.1,-13.4,9.973297269524));
#2446 = ADVANCED_FACE('',(#2447),#2464,.T.);
#2447 = FACE_BOUND('',#2448,.T.);
#2448 = EDGE_LOOP('',(#2449,#2450,#2451,#2459));
#2449 = ORIENTED_EDGE('',*,*,#1716,.T.);
#2450 = ORIENTED_EDGE('',*,*,#2414,.T.);
#2451 = ORIENTED_EDGE('',*,*,#2452,.F.);
#2452 = EDGE_CURVE('',#2453,#2407,#2455,.T.);
#2453 = VERTEX_POINT('',#2454);
#2454 = CARTESIAN_POINT('',(-27.52670273047,-13.4,6.4));
#2455 = LINE('',#2456,#2457);
#2456 = CARTESIAN_POINT('',(-27.52670273047,-13.4,6.4));
#2457 = VECTOR('',#2458,1.);
#2458 = DIRECTION('',(1.,0.,0.));
#2459 = ORIENTED_EDGE('',*,*,#2460,.F.);
#2460 = EDGE_CURVE('',#1717,#2453,#2461,.T.);
#2461 = B_SPLINE_CURVE_WITH_KNOTS('',1,(#2462,#2463),.UNSPECIFIED.,.F.,
  .F.,(2,2),(0.,1.),.PIECEWISE_BEZIER_KNOTS.);
#2462 = CARTESIAN_POINT('',(-27.73795164728,-12.9,5.89));
#2463 = CARTESIAN_POINT('',(-27.52670273047,-13.4,6.4));
#2464 = B_SPLINE_SURFACE_WITH_KNOTS('',1,1,(
    (#2465,#2466)
    ,(#2467,#2468
    )),.UNSPECIFIED.,.F.,.F.,.F.,(2,2),(2,2),(0.,5.475903294572),(0.,1.)
  ,.PIECEWISE_BEZIER_KNOTS.);
#2465 = CARTESIAN_POINT('',(-27.73795164728,-12.9,5.89));
#2466 = CARTESIAN_POINT('',(-27.52670273047,-13.4,6.4));
#2467 = CARTESIAN_POINT('',(-22.26204835271,-12.9,5.89));
#2468 = CARTESIAN_POINT('',(-22.47329726952,-13.4,6.4));
#2469 = ADVANCED_FACE('',(#2470),#2481,.T.);
#2470 = FACE_BOUND('',#2471,.T.);
#2471 = EDGE_LOOP('',(#2472,#2473,#2474,#2480));
#2472 = ORIENTED_EDGE('',*,*,#1739,.T.);
#2473 = ORIENTED_EDGE('',*,*,#2460,.T.);
#2474 = ORIENTED_EDGE('',*,*,#2475,.F.);
#2475 = EDGE_CURVE('',#2429,#2453,#2476,.T.);
#2476 = LINE('',#2477,#2478);
#2477 = CARTESIAN_POINT('',(-31.1,-13.4,9.973297269524));
#2478 = VECTOR('',#2479,1.);
#2479 = DIRECTION('',(0.707106781187,0.,-0.707106781187));
#2480 = ORIENTED_EDGE('',*,*,#2428,.F.);
#2481 = B_SPLINE_SURFACE_WITH_KNOTS('',1,1,(
    (#2482,#2483)
    ,(#2484,#2485
    )),.UNSPECIFIED.,.F.,.F.,.F.,(2,2),(2,2),(0.,5.475903294572),(0.,1.)
  ,.PIECEWISE_BEZIER_KNOTS.);
#2482 = CARTESIAN_POINT('',(-31.61,-12.9,9.762048352714));
#2483 = CARTESIAN_POINT('',(-31.1,-13.4,9.973297269524));
#2484 = CARTESIAN_POINT('',(-27.73795164728,-12.9,5.89));
#2485 = CARTESIAN_POINT('',(-27.52670273047,-13.4,6.4));
#2486 = ADVANCED_FACE('',(#2487),#2510,.T.);
#2487 = FACE_BOUND('',#2488,.T.);
#2488 = EDGE_LOOP('',(#2489,#2490,#2497,#2505));
#2489 = ORIENTED_EDGE('',*,*,#1762,.T.);
#2490 = ORIENTED_EDGE('',*,*,#2491,.T.);
#2491 = EDGE_CURVE('',#1756,#2492,#2494,.T.);
#2492 = VERTEX_POINT('',#2493);
#2493 = CARTESIAN_POINT('',(-72.47329726952,-13.4,18.6));
#2494 = B_SPLINE_CURVE_WITH_KNOTS('',1,(#2495,#2496),.UNSPECIFIED.,.F.,
  .F.,(2,2),(0.,1.),.PIECEWISE_BEZIER_KNOTS.);
#2495 = CARTESIAN_POINT('',(-72.26204835271,-12.9,19.11));
#2496 = CARTESIAN_POINT('',(-72.47329726952,-13.4,18.6));
#2497 = ORIENTED_EDGE('',*,*,#2498,.F.);
#2498 = EDGE_CURVE('',#2499,#2492,#2501,.T.);
#2499 = VERTEX_POINT('',#2500);
#2500 = CARTESIAN_POINT('',(-68.9,-13.4,15.026702730476));
#2501 = LINE('',#2502,#2503);
#2502 = CARTESIAN_POINT('',(-68.9,-13.4,15.026702730476));
#2503 = VECTOR('',#2504,1.);
#2504 = DIRECTION('',(-0.707106781187,0.,0.707106781187));
#2505 = ORIENTED_EDGE('',*,*,#2506,.F.);
#2506 = EDGE_CURVE('',#1763,#2499,#2507,.T.);
#2507 = B_SPLINE_CURVE_WITH_KNOTS('',1,(#2508,#2509),.UNSPECIFIED.,.F.,
  .F.,(2,2),(0.,1.),.PIECEWISE_BEZIER_KNOTS.);
#2508 = CARTESIAN_POINT('',(-68.39,-12.9,15.237951647286));
#2509 = CARTESIAN_POINT('',(-68.9,-13.4,15.026702730476));
#2510 = B_SPLINE_SURFACE_WITH_KNOTS('',1,1,(
    (#2511,#2512)
    ,(#2513,#2514
    )),.UNSPECIFIED.,.F.,.F.,.F.,(2,2),(2,2),(0.,5.475903294572),(0.,1.)
  ,.PIECEWISE_BEZIER_KNOTS.);
#2511 = CARTESIAN_POINT('',(-68.39,-12.9,15.237951647286));
#2512 = CARTESIAN_POINT('',(-68.9,-13.4,15.026702730476));
#2513 = CARTESIAN_POINT('',(-72.26204835271,-12.9,19.11));
#2514 = CARTESIAN_POINT('',(-72.47329726952,-13.4,18.6));
#2515 = ADVANCED_FACE('',(#2516),#2533,.T.);
#2516 = FACE_BOUND('',#2517,.T.);
#2517 = EDGE_LOOP('',(#2518,#2519,#2526,#2532));
#2518 = ORIENTED_EDGE('',*,*,#1791,.T.);
#2519 = ORIENTED_EDGE('',*,*,#2520,.T.);
#2520 = EDGE_CURVE('',#1785,#2521,#2523,.T.);
#2521 = VERTEX_POINT('',#2522);
#2522 = CARTESIAN_POINT('',(-77.52670273047,-13.4,18.6));
#2523 = B_SPLINE_CURVE_WITH_KNOTS('',1,(#2524,#2525),.UNSPECIFIED.,.F.,
  .F.,(2,2),(0.,1.),.PIECEWISE_BEZIER_KNOTS.);
#2524 = CARTESIAN_POINT('',(-77.73795164728,-12.9,19.11));
#2525 = CARTESIAN_POINT('',(-77.52670273047,-13.4,18.6));
#2526 = ORIENTED_EDGE('',*,*,#2527,.F.);
#2527 = EDGE_CURVE('',#2492,#2521,#2528,.T.);
#2528 = LINE('',#2529,#2530);
#2529 = CARTESIAN_POINT('',(-72.47329726952,-13.4,18.6));
#2530 = VECTOR('',#2531,1.);
#2531 = DIRECTION('',(-1.,0.,0.));
#2532 = ORIENTED_EDGE('',*,*,#2491,.F.);
#2533 = B_SPLINE_SURFACE_WITH_KNOTS('',1,1,(
    (#2534,#2535)
    ,(#2536,#2537
    )),.UNSPECIFIED.,.F.,.F.,.F.,(2,2),(2,2),(0.,5.475903294572),(0.,1.)
  ,.PIECEWISE_BEZIER_KNOTS.);
#2534 = CARTESIAN_POINT('',(-72.26204835271,-12.9,19.11));
#2535 = CARTESIAN_POINT('',(-72.47329726952,-13.4,18.6));
#2536 = CARTESIAN_POINT('',(-77.73795164728,-12.9,19.11));
#2537 = CARTESIAN_POINT('',(-77.52670273047,-13.4,18.6));
#2538 = ADVANCED_FACE('',(#2539),#2556,.T.);
#2539 = FACE_BOUND('',#2540,.T.);
#2540 = EDGE_LOOP('',(#2541,#2542,#2543,#2551));
#2541 = ORIENTED_EDGE('',*,*,#1808,.T.);
#2542 = ORIENTED_EDGE('',*,*,#2506,.T.);
#2543 = ORIENTED_EDGE('',*,*,#2544,.F.);
#2544 = EDGE_CURVE('',#2545,#2499,#2547,.T.);
#2545 = VERTEX_POINT('',#2546);
#2546 = CARTESIAN_POINT('',(-68.9,-13.4,9.973297269524));
#2547 = LINE('',#2548,#2549);
#2548 = CARTESIAN_POINT('',(-68.9,-13.4,9.973297269524));
#2549 = VECTOR('',#2550,1.);
#2550 = DIRECTION('',(0.,0.,1.));
#2551 = ORIENTED_EDGE('',*,*,#2552,.F.);
#2552 = EDGE_CURVE('',#1809,#2545,#2553,.T.);
#2553 = B_SPLINE_CURVE_WITH_KNOTS('',1,(#2554,#2555),.UNSPECIFIED.,.F.,
  .F.,(2,2),(0.,1.),.PIECEWISE_BEZIER_KNOTS.);
#2554 = CARTESIAN_POINT('',(-68.39,-12.9,9.762048352714));
#2555 = CARTESIAN_POINT('',(-68.9,-13.4,9.973297269524));
#2556 = B_SPLINE_SURFACE_WITH_KNOTS('',1,1,(
    (#2557,#2558)
    ,(#2559,#2560
    )),.UNSPECIFIED.,.F.,.F.,.F.,(2,2),(2,2),(0.,5.475903294572),(0.,1.)
  ,.PIECEWISE_BEZIER_KNOTS.);
#2557 = CARTESIAN_POINT('',(-68.39,-12.9,9.762048352714));
#2558 = CARTESIAN_POINT('',(-68.9,-13.4,9.973297269524));
#2559 = CARTESIAN_POINT('',(-68.39,-12.9,15.237951647286));
#2560 = CARTESIAN_POINT('',(-68.9,-13.4,15.026702730476));
#2561 = ADVANCED_FACE('',(#2562),#2579,.T.);
#2562 = FACE_BOUND('',#2563,.T.);
#2563 = EDGE_LOOP('',(#2564,#2565,#2572,#2578));
#2564 = ORIENTED_EDGE('',*,*,#1837,.T.);
#2565 = ORIENTED_EDGE('',*,*,#2566,.T.);
#2566 = EDGE_CURVE('',#1831,#2567,#2569,.T.);
#2567 = VERTEX_POINT('',#2568);
#2568 = CARTESIAN_POINT('',(-81.1,-13.4,15.026702730476));
#2569 = B_SPLINE_CURVE_WITH_KNOTS('',1,(#2570,#2571),.UNSPECIFIED.,.F.,
  .F.,(2,2),(0.,1.),.PIECEWISE_BEZIER_KNOTS.);
#2570 = CARTESIAN_POINT('',(-81.61,-12.9,15.237951647286));
#2571 = CARTESIAN_POINT('',(-81.1,-13.4,15.026702730476));
#2572 = ORIENTED_EDGE('',*,*,#2573,.F.);
#2573 = EDGE_CURVE('',#2521,#2567,#2574,.T.);
#2574 = LINE('',#2575,#2576);
#2575 = CARTESIAN_POINT('',(-77.52670273047,-13.4,18.6));
#2576 = VECTOR('',#2577,1.);
#2577 = DIRECTION('',(-0.707106781187,0.,-0.707106781187));
#2578 = ORIENTED_EDGE('',*,*,#2520,.F.);
#2579 = B_SPLINE_SURFACE_WITH_KNOTS('',1,1,(
    (#2580,#2581)
    ,(#2582,#2583
    )),.UNSPECIFIED.,.F.,.F.,.F.,(2,2),(2,2),(0.,5.475903294572),(0.,1.)
  ,.PIECEWISE_BEZIER_KNOTS.);
#2580 = CARTESIAN_POINT('',(-77.73795164728,-12.9,19.11));
#2581 = CARTESIAN_POINT('',(-77.52670273047,-13.4,18.6));
#2582 = CARTESIAN_POINT('',(-81.61,-12.9,15.237951647286));
#2583 = CARTESIAN_POINT('',(-81.1,-13.4,15.026702730476));
#2584 = ADVANCED_FACE('',(#2585),#2602,.T.);
#2585 = FACE_BOUND('',#2586,.T.);
#2586 = EDGE_LOOP('',(#2587,#2588,#2589,#2597));
#2587 = ORIENTED_EDGE('',*,*,#1854,.T.);
#2588 = ORIENTED_EDGE('',*,*,#2552,.T.);
#2589 = ORIENTED_EDGE('',*,*,#2590,.F.);
#2590 = EDGE_CURVE('',#2591,#2545,#2593,.T.);
#2591 = VERTEX_POINT('',#2592);
#2592 = CARTESIAN_POINT('',(-72.47329726952,-13.4,6.4));
#2593 = LINE('',#2594,#2595);
#2594 = CARTESIAN_POINT('',(-72.47329726952,-13.4,6.4));
#2595 = VECTOR('',#2596,1.);
#2596 = DIRECTION('',(0.707106781187,0.,0.707106781187));
#2597 = ORIENTED_EDGE('',*,*,#2598,.F.);
#2598 = EDGE_CURVE('',#1855,#2591,#2599,.T.);
#2599 = B_SPLINE_CURVE_WITH_KNOTS('',1,(#2600,#2601),.UNSPECIFIED.,.F.,
  .F.,(2,2),(0.,1.),.PIECEWISE_BEZIER_KNOTS.);
#2600 = CARTESIAN_POINT('',(-72.26204835271,-12.9,5.89));
#2601 = CARTESIAN_POINT('',(-72.47329726952,-13.4,6.4));
#2602 = B_SPLINE_SURFACE_WITH_KNOTS('',1,1,(
    (#2603,#2604)
    ,(#2605,#2606
    )),.UNSPECIFIED.,.F.,.F.,.F.,(2,2),(2,2),(0.,5.475903294572),(0.,1.)
  ,.PIECEWISE_BEZIER_KNOTS.);
#2603 = CARTESIAN_POINT('',(-72.26204835271,-12.9,5.89));
#2604 = CARTESIAN_POINT('',(-72.47329726952,-13.4,6.4));
#2605 = CARTESIAN_POINT('',(-68.39,-12.9,9.762048352714));
#2606 = CARTESIAN_POINT('',(-68.9,-13.4,9.973297269524));
#2607 = ADVANCED_FACE('',(#2608),#2625,.T.);
#2608 = FACE_BOUND('',#2609,.T.);
#2609 = EDGE_LOOP('',(#2610,#2611,#2618,#2624));
#2610 = ORIENTED_EDGE('',*,*,#1883,.T.);
#2611 = ORIENTED_EDGE('',*,*,#2612,.T.);
#2612 = EDGE_CURVE('',#1877,#2613,#2615,.T.);
#2613 = VERTEX_POINT('',#2614);
#2614 = CARTESIAN_POINT('',(-81.1,-13.4,9.973297269524));
#2615 = B_SPLINE_CURVE_WITH_KNOTS('',1,(#2616,#2617),.UNSPECIFIED.,.F.,
  .F.,(2,2),(0.,1.),.PIECEWISE_BEZIER_KNOTS.);
#2616 = CARTESIAN_POINT('',(-81.61,-12.9,9.762048352714));
#2617 = CARTESIAN_POINT('',(-81.1,-13.4,9.973297269524));
#2618 = ORIENTED_EDGE('',*,*,#2619,.F.);
#2619 = EDGE_CURVE('',#2567,#2613,#2620,.T.);
#2620 = LINE('',#2621,#2622);
#2621 = CARTESIAN_POINT('',(-81.1,-13.4,15.026702730476));
#2622 = VECTOR('',#2623,1.);
#2623 = DIRECTION('',(0.,0.,-1.));
#2624 = ORIENTED_EDGE('',*,*,#2566,.F.);
#2625 = B_SPLINE_SURFACE_WITH_KNOTS('',1,1,(
    (#2626,#2627)
    ,(#2628,#2629
    )),.UNSPECIFIED.,.F.,.F.,.F.,(2,2),(2,2),(0.,5.475903294572),(0.,1.)
  ,.PIECEWISE_BEZIER_KNOTS.);
#2626 = CARTESIAN_POINT('',(-81.61,-12.9,15.237951647286));
#2627 = CARTESIAN_POINT('',(-81.1,-13.4,15.026702730476));
#2628 = CARTESIAN_POINT('',(-81.61,-12.9,9.762048352714));
#2629 = CARTESIAN_POINT('',(-81.1,-13.4,9.973297269524));
#2630 = ADVANCED_FACE('',(#2631),#2648,.T.);
#2631 = FACE_BOUND('',#2632,.T.);
#2632 = EDGE_LOOP('',(#2633,#2634,#2635,#2643));
#2633 = ORIENTED_EDGE('',*,*,#1900,.T.);
#2634 = ORIENTED_EDGE('',*,*,#2598,.T.);
#2635 = ORIENTED_EDGE('',*,*,#2636,.F.);
#2636 = EDGE_CURVE('',#2637,#2591,#2639,.T.);
#2637 = VERTEX_POINT('',#2638);
#2638 = CARTESIAN_POINT('',(-77.52670273047,-13.4,6.4));
#2639 = LINE('',#2640,#2641);
#2640 = CARTESIAN_POINT('',(-77.52670273047,-13.4,6.4));
#2641 = VECTOR('',#2642,1.);
#2642 = DIRECTION('',(1.,0.,0.));
#2643 = ORIENTED_EDGE('',*,*,#2644,.F.);
#2644 = EDGE_CURVE('',#1901,#2637,#2645,.T.);
#2645 = B_SPLINE_CURVE_WITH_KNOTS('',1,(#2646,#2647),.UNSPECIFIED.,.F.,
  .F.,(2,2),(0.,1.),.PIECEWISE_BEZIER_KNOTS.);
#2646 = CARTESIAN_POINT('',(-77.73795164728,-12.9,5.89));
#2647 = CARTESIAN_POINT('',(-77.52670273047,-13.4,6.4));
#2648 = B_SPLINE_SURFACE_WITH_KNOTS('',1,1,(
    (#2649,#2650)
    ,(#2651,#2652
    )),.UNSPECIFIED.,.F.,.F.,.F.,(2,2),(2,2),(0.,5.475903294572),(0.,1.)
  ,.PIECEWISE_BEZIER_KNOTS.);
#2649 = CARTESIAN_POINT('',(-77.73795164728,-12.9,5.89));
#2650 = CARTESIAN_POINT('',(-77.52670273047,-13.4,6.4));
#2651 = CARTESIAN_POINT('',(-72.26204835271,-12.9,5.89));
#2652 = CARTESIAN_POINT('',(-72.47329726952,-13.4,6.4));
#2653 = ADVANCED_FACE('',(#2654),#2665,.T.);
#2654 = FACE_BOUND('',#2655,.T.);
#2655 = EDGE_LOOP('',(#2656,#2657,#2658,#2664));
#2656 = ORIENTED_EDGE('',*,*,#1923,.T.);
#2657 = ORIENTED_EDGE('',*,*,#2644,.T.);
#2658 = ORIENTED_EDGE('',*,*,#2659,.F.);
#2659 = EDGE_CURVE('',#2613,#2637,#2660,.T.);
#2660 = LINE('',#2661,#2662);
#2661 = CARTESIAN_POINT('',(-81.1,-13.4,9.973297269524));
#2662 = VECTOR('',#2663,1.);
#2663 = DIRECTION('',(0.707106781187,0.,-0.707106781187));
#2664 = ORIENTED_EDGE('',*,*,#2612,.F.);
#2665 = B_SPLINE_SURFACE_WITH_KNOTS('',1,1,(
    (#2666,#2667)
    ,(#2668,#2669
    )),.UNSPECIFIED.,.F.,.F.,.F.,(2,2),(2,2),(0.,5.475903294572),(0.,1.)
  ,.PIECEWISE_BEZIER_KNOTS.);
#2666 = CARTESIAN_POINT('',(-81.61,-12.9,9.762048352714));
#2667 = CARTESIAN_POINT('',(-81.1,-13.4,9.973297269524));
#2668 = CARTESIAN_POINT('',(-77.73795164728,-12.9,5.89));
#2669 = CARTESIAN_POINT('',(-77.52670273047,-13.4,6.4));
#2670 = ADVANCED_FACE('',(#2671),#2681,.F.);
#2671 = FACE_BOUND('',#2672,.T.);
#2672 = EDGE_LOOP('',(#2673,#2674,#2675,#2676,#2677,#2678,#2679,#2680));
#2673 = ORIENTED_EDGE('',*,*,#1946,.T.);
#2674 = ORIENTED_EDGE('',*,*,#2107,.T.);
#2675 = ORIENTED_EDGE('',*,*,#2084,.T.);
#2676 = ORIENTED_EDGE('',*,*,#2061,.T.);
#2677 = ORIENTED_EDGE('',*,*,#2038,.T.);
#2678 = ORIENTED_EDGE('',*,*,#2015,.T.);
#2679 = ORIENTED_EDGE('',*,*,#1992,.T.);
#2680 = ORIENTED_EDGE('',*,*,#1969,.T.);
#2681 = PLANE('',#2682);
#2682 = AXIS2_PLACEMENT_3D('',#2683,#2684,#2685);
#2683 = CARTESIAN_POINT('',(81.1,-13.4,15.026702730476));
#2684 = DIRECTION('',(0.,1.,0.));
#2685 = DIRECTION('',(-0.923879532511,0.,-0.382683432365));
#2686 = ADVANCED_FACE('',(#2687),#2697,.F.);
#2687 = FACE_BOUND('',#2688,.T.);
#2688 = EDGE_LOOP('',(#2689,#2690,#2691,#2692,#2693,#2694,#2695,#2696));
#2689 = ORIENTED_EDGE('',*,*,#2130,.T.);
#2690 = ORIENTED_EDGE('',*,*,#2159,.T.);
#2691 = ORIENTED_EDGE('',*,*,#2205,.T.);
#2692 = ORIENTED_EDGE('',*,*,#2251,.T.);
#2693 = ORIENTED_EDGE('',*,*,#2291,.T.);
#2694 = ORIENTED_EDGE('',*,*,#2268,.T.);
#2695 = ORIENTED_EDGE('',*,*,#2222,.T.);
#2696 = ORIENTED_EDGE('',*,*,#2176,.T.);
#2697 = PLANE('',#2698);
#2698 = AXIS2_PLACEMENT_3D('',#2699,#2700,#2701);
#2699 = CARTESIAN_POINT('',(31.1,-13.4,15.026702730476));
#2700 = DIRECTION('',(0.,1.,0.));
#2701 = DIRECTION('',(-0.923879532511,0.,-0.382683432365));
#2702 = ADVANCED_FACE('',(#2703),#2713,.F.);
#2703 = FACE_BOUND('',#2704,.T.);
#2704 = EDGE_LOOP('',(#2705,#2706,#2707,#2708,#2709,#2710,#2711,#2712));
#2705 = ORIENTED_EDGE('',*,*,#2314,.T.);
#2706 = ORIENTED_EDGE('',*,*,#2343,.T.);
#2707 = ORIENTED_EDGE('',*,*,#2389,.T.);
#2708 = ORIENTED_EDGE('',*,*,#2435,.T.);
#2709 = ORIENTED_EDGE('',*,*,#2475,.T.);
#2710 = ORIENTED_EDGE('',*,*,#2452,.T.);
#2711 = ORIENTED_EDGE('',*,*,#2406,.T.);
#2712 = ORIENTED_EDGE('',*,*,#2360,.T.);
#2713 = PLANE('',#2714);
#2714 = AXIS2_PLACEMENT_3D('',#2715,#2716,#2717);
#2715 = CARTESIAN_POINT('',(-18.9,-13.4,15.026702730476));
#2716 = DIRECTION('',(0.,1.,0.));
#2717 = DIRECTION('',(-0.923879532511,0.,-0.382683432365));
#2718 = ADVANCED_FACE('',(#2719),#2729,.F.);
#2719 = FACE_BOUND('',#2720,.T.);
#2720 = EDGE_LOOP('',(#2721,#2722,#2723,#2724,#2725,#2726,#2727,#2728));
#2721 = ORIENTED_EDGE('',*,*,#2498,.T.);
#2722 = ORIENTED_EDGE('',*,*,#2527,.T.);
#2723 = ORIENTED_EDGE('',*,*,#2573,.T.);
#2724 = ORIENTED_EDGE('',*,*,#2619,.T.);
#2725 = ORIENTED_EDGE('',*,*,#2659,.T.);
#2726 = ORIENTED_EDGE('',*,*,#2636,.T.);
#2727 = ORIENTED_EDGE('',*,*,#2590,.T.);
#2728 = ORIENTED_EDGE('',*,*,#2544,.T.);
#2729 = PLANE('',#2730);
#2730 = AXIS2_PLACEMENT_3D('',#2731,#2732,#2733);
#2731 = CARTESIAN_POINT('',(-68.9,-13.4,15.026702730476));
#2732 = DIRECTION('',(0.,1.,0.));
#2733 = DIRECTION('',(-0.923879532511,0.,-0.382683432365));
#2734 = ( GEOMETRIC_REPRESENTATION_CONTEXT(3) 
GLOBAL_UNCERTAINTY_ASSIGNED_CONTEXT((#2738)) 
GLOBAL_UNIT_ASSIGNED_CONTEXT((#2735,#2736,#2737)) REPRESENTATION_CONTEXT
('Context #1','3D Context with UNIT and UNCERTAINTY') );
#2735 = ( LENGTH_UNIT() NAMED_UNIT(*) SI_UNIT(.MILLI.,.METRE.) );
#2736 = ( NAMED_UNIT(*) PLANE_ANGLE_UNIT() SI_UNIT($,.RADIAN.) );
#2737 = ( NAMED_UNIT(*) SI_UNIT($,.STERADIAN.) SOLID_ANGLE_UNIT() );
#2738 = UNCERTAINTY_MEASURE_WITH_UNIT(LENGTH_MEASURE(1.E-07),#2735,
  'distance_accuracy_value','confusion accuracy');
#2739 = PRODUCT_RELATED_PRODUCT_CATEGORY('part',$,(#7));
ENDSEC;
END-ISO-10303-21;
